CURVENO,SUBMU,FU,SI,AC10,PW,PR,PJ,SB,SW,BF,CE,OC,HE,PO,PB,BW,MH,QR,YB,OH
1,3e,PR1,Prsnt,5,0.00,0.00,0.00,0.00,0.00,0.00,0.00,0.00,0.00,0.00,0.00,0.00,0.00,0.00,0.00,0.00
1,3e,PR1,Prsnt,15,1.36,16.30,0.92,0.22,0.00,0.19,0.00,0.00,0.00,0.94,0.00,0.55,0.00,0.00,0.00,0.00
1,3e,PR1,Prsnt,25,3.45,40.86,1.97,0.61,0.00,0.51,0.00,0.00,0.00,2.46,0.00,1.41,0.00,0.00,0.00,0.00
1,3e,PR1,Prsnt,35,6.18,73.08,3.13,0.98,0.00,0.80,0.00,0.00,0.00,4.38,0.00,2.53,0.00,0.00,0.00,0.00
1,3e,PR1,Prsnt,45,9.29,110.15,4.27,1.21,0.00,0.97,0.00,0.00,0.00,6.40,0.00,3.79,0.00,0.00,0.00,0.00
1,3e,PR1,Prsnt,55,12.48,148.76,5.29,1.33,0.00,1.04,0.00,0.00,0.00,8.22,0.00,5.03,0.00,0.00,0.00,0.00
1,3e,PR1,Prsnt,65,15.42,185.47,6.09,1.37,0.00,1.06,0.00,0.00,0.00,9.63,0.00,6.14,0.00,0.00,0.00,0.00
1,3e,PR1,Prsnt,75,17.85,217.10,6.60,1.36,0.00,1.04,0.00,0.00,0.00,10.50,0.00,7.01,0.00,0.00,0.00,0.00
1,3e,PR1,Prsnt,85,19.57,241.06,6.80,1.32,0.00,0.99,0.00,0.00,0.00,10.78,0.00,7.56,0.00,0.00,0.00,0.00
1,3e,PR1,Prsnt,95,20.44,255.66,6.69,1.25,0.00,0.92,0.00,0.00,0.00,10.54,0.00,7.76,0.00,0.00,0.00,0.00
1,3e,PR1,Prsnt,105,20.45,260.16,6.31,1.16,0.00,0.84,0.00,0.00,0.00,9.87,0.00,7.64,0.00,0.00,0.00,0.00
1,3e,PR1,Prsnt,115,19.66,254.87,5.71,1.05,0.00,0.74,0.00,0.00,0.00,8.89,0.00,7.23,0.00,0.00,0.00,0.00
1,3e,PR1,Prsnt,125,18.22,240.95,4.98,0.93,0.00,0.65,0.00,0.00,0.00,7.73,0.00,6.59,0.00,0.00,0.00,0.00
1,3e,PR1,Prsnt,135,16.30,220.24,4.18,0.80,0.00,0.55,0.00,0.00,0.00,6.52,0.00,5.81,0.00,0.00,0.00,0.00
1,3e,PR1,Prsnt,145,14.10,194.90,3.38,0.67,0.00,0.45,0.00,0.00,0.00,5.33,0.00,4.95,0.00,0.00,0.00,0.00
1,3e,PR1,Prsnt,155,11.81,167.17,2.65,0.55,0.00,0.36,0.00,0.00,0.00,4.23,0.00,4.09,0.00,0.00,0.00,0.00
1,3e,PR1,Prsnt,165,9.59,139.11,2.00,0.44,0.00,0.28,0.00,0.00,0.00,3.27,0.00,3.28,0.00,0.00,0.00,0.00
1,3e,PR1,Prsnt,175,7.55,112.39,1.47,0.35,0.00,0.22,0.00,0.00,0.00,2.46,0.00,2.56,0.00,0.00,0.00,0.00
1,3e,PR1,Prsnt,185,5.77,88.20,1.04,0.26,0.00,0.16,0.00,0.00,0.00,1.80,0.00,1.93,0.00,0.00,0.00,0.00
1,3e,PR1,Prsnt,195,4.28,67.28,0.71,0.19,0.00,0.12,0.00,0.00,0.00,1.29,0.00,1.42,0.00,0.00,0.00,0.00
1,3e,PR1,Prsnt,205,3.09,49.90,0.48,0.14,0.00,0.08,0.00,0.00,0.00,0.89,0.00,1.02,0.00,0.00,0.00,0.00
1,3e,PR1,Prsnt,215,2.16,36.00,0.31,0.10,0.00,0.05,0.00,0.00,0.00,0.61,0.00,0.71,0.00,0.00,0.00,0.00
1,3e,PR1,Prsnt,225,1.47,25.26,0.19,0.07,0.00,0.04,0.00,0.00,0.00,0.40,0.00,0.48,0.00,0.00,0.00,0.00
1,3e,PR1,Prsnt,235,0.98,17.25,0.12,0.04,0.00,0.02,0.00,0.00,0.00,0.26,0.00,0.32,0.00,0.00,0.00,0.00
1,3e,PR1,Prsnt,245,0.63,11.47,0.07,0.03,0.00,0.01,0.00,0.00,0.00,0.16,0.00,0.20,0.00,0.00,0.00,0.00
1,3e,PR1,Prsnt,255,0.39,7.42,0.04,0.02,0.00,0.01,0.00,0.00,0.00,0.10,0.00,0.12,0.00,0.00,0.00,0.00
2,patnt,PR1,Prsnt,5,0.00,0.00,0.00,0.00,0.00,0.00,0.00,0.00,0.00,0.00,0.00,0.00,0.00,0.00,0.00,0.00
2,patnt,PR1,Prsnt,15,0.94,28.45,3.63,0.33,0.00,0.00,0.00,0.00,0.00,2.09,0.00,0.24,0.00,0.00,0.00,0.00
2,patnt,PR1,Prsnt,25,2.03,60.81,6.63,0.79,0.00,0.00,0.00,0.00,0.00,4.66,0.00,0.53,0.00,0.00,0.00,0.00
2,patnt,PR1,Prsnt,35,3.18,94.89,9.19,1.11,0.00,0.00,0.00,0.00,0.00,7.24,0.00,0.84,0.00,0.00,0.00,0.00
2,patnt,PR1,Prsnt,45,4.28,128.22,11.24,1.24,0.00,0.00,0.00,0.00,0.00,9.49,0.00,1.12,0.00,0.00,0.00,0.00
2,patnt,PR1,Prsnt,55,5.30,159.65,12.83,1.25,0.00,0.00,0.00,0.00,0.00,11.24,0.00,1.38,0.00,0.00,0.00,0.00
2,patnt,PR1,Prsnt,65,6.21,188.65,13.99,1.22,0.00,0.00,0.00,0.00,0.00,12.48,0.00,1.60,0.00,0.00,0.00,0.00
2,patnt,PR1,Prsnt,75,7.00,215.04,14.78,1.18,0.00,0.00,0.00,0.00,0.00,13.24,0.00,1.77,0.00,0.00,0.00,0.00
2,patnt,PR1,Prsnt,85,7.67,238.84,15.23,1.15,0.00,0.00,0.00,0.00,0.00,13.61,0.00,1.91,0.00,0.00,0.00,0.00
2,patnt,PR1,Prsnt,95,8.23,260.16,15.39,1.12,0.00,0.00,0.00,0.00,0.00,13.66,0.00,2.02,0.00,0.00,0.00,0.00
2,patnt,PR1,Prsnt,105,8.68,279.15,15.30,1.09,0.00,0.00,0.00,0.00,0.00,13.49,0.00,2.09,0.00,0.00,0.00,0.00
2,patnt,PR1,Prsnt,115,9.04,295.98,14.99,1.07,0.00,0.00,0.00,0.00,0.00,13.15,0.00,2.14,0.00,0.00,0.00,0.00
2,patnt,PR1,Prsnt,125,9.30,310.84,14.51,1.05,0.00,0.00,0.00,0.00,0.00,12.71,0.00,2.17,0.00,0.00,0.00,0.00
2,patnt,PR1,Prsnt,135,9.49,323.91,13.88,1.03,0.00,0.00,0.00,0.00,0.00,12.21,0.00,2.18,0.00,0.00,0.00,0.00
2,patnt,PR1,Prsnt,145,9.61,335.37,13.16,1.02,0.00,0.00,0.00,0.00,0.00,11.68,0.00,2.18,0.00,0.00,0.00,0.00
2,patnt,PR1,Prsnt,155,9.66,345.38,12.37,1.00,0.00,0.00,0.00,0.00,0.00,11.14,0.00,2.16,0.00,0.00,0.00,0.00
2,patnt,PR1,Prsnt,165,9.67,354.10,11.54,0.99,0.00,0.00,0.00,0.00,0.00,10.61,0.00,2.14,0.00,0.00,0.00,0.00
2,patnt,PR1,Prsnt,175,9.62,361.68,10.69,0.98,0.00,0.00,0.00,0.00,0.00,10.10,0.00,2.10,0.00,0.00,0.00,0.00
2,patnt,PR1,Prsnt,185,9.54,368.25,9.85,0.97,0.00,0.00,0.00,0.00,0.00,9.61,0.00,2.07,0.00,0.00,0.00,0.00
2,patnt,PR1,Prsnt,195,9.43,373.93,9.03,0.97,0.00,0.00,0.00,0.00,0.00,9.14,0.00,2.03,0.00,0.00,0.00,0.00
2,patnt,PR1,Prsnt,205,9.29,378.82,8.24,0.96,0.00,0.00,0.00,0.00,0.00,8.69,0.00,1.98,0.00,0.00,0.00,0.00
2,patnt,PR1,Prsnt,215,9.13,383.03,7.49,0.96,0.00,0.00,0.00,0.00,0.00,8.27,0.00,1.94,0.00,0.00,0.00,0.00
2,patnt,PR1,Prsnt,225,8.96,386.63,6.79,0.95,0.00,0.00,0.00,0.00,0.00,7.87,0.00,1.89,0.00,0.00,0.00,0.00
2,patnt,PR1,Prsnt,235,8.76,389.71,6.13,0.95,0.00,0.00,0.00,0.00,0.00,7.49,0.00,1.85,0.00,0.00,0.00,0.00
2,patnt,PR1,Prsnt,245,8.56,392.34,5.52,0.94,0.00,0.00,0.00,0.00,0.00,7.13,0.00,1.80,0.00,0.00,0.00,0.00
2,patnt,PR1,Prsnt,255,8.35,394.56,4.96,0.94,0.00,0.00,0.00,0.00,0.00,6.79,0.00,1.75,0.00,0.00,0.00,0.00
3,3e,PR1,Intn1,5,0.00,0.00,0.00,0.00,0.00,0.00,0.00,0.00,0.00,0.00,0.00,0.00,0.00,0.00,0.00,0.00
3,3e,PR1,Intn1,15,0.00,21.55,3.67,0.00,0.00,0.00,0.00,0.00,0.00,1.51,0.00,0.00,0.00,0.00,0.00,0.00
3,3e,PR1,Intn1,25,0.00,53.83,7.84,0.00,0.00,0.00,0.00,0.00,0.00,3.94,0.00,0.00,0.00,0.00,0.00,0.00
3,3e,PR1,Intn1,35,0.00,95.30,12.32,0.00,0.00,0.00,0.00,0.00,0.00,6.94,0.00,0.00,0.00,0.00,0.00,0.00
3,3e,PR1,Intn1,45,0.00,142.18,16.65,0.00,0.00,0.00,0.00,0.00,0.00,10.03,0.00,0.00,0.00,0.00,0.00,0.00
3,3e,PR1,Intn1,55,0.00,190.40,20.43,0.00,0.00,0.00,0.00,0.00,0.00,12.78,0.00,0.00,0.00,0.00,0.00,0.00
3,3e,PR1,Intn1,65,0.00,235.84,23.35,0.00,0.00,0.00,0.00,0.00,0.00,14.87,0.00,0.00,0.00,0.00,0.00,0.00
3,3e,PR1,Intn1,75,0.00,274.67,25.20,0.00,0.00,0.00,0.00,0.00,0.00,16.13,0.00,0.00,0.00,0.00,0.00,0.00
3,3e,PR1,Intn1,85,0.00,303.78,25.86,0.00,0.00,0.00,0.00,0.00,0.00,16.50,0.00,0.00,0.00,0.00,0.00,0.00
3,3e,PR1,Intn1,95,0.00,321.12,25.37,0.00,0.00,0.00,0.00,0.00,0.00,16.08,0.00,0.00,0.00,0.00,0.00,0.00
3,3e,PR1,Intn1,105,0.00,325.89,23.85,0.00,0.00,0.00,0.00,0.00,0.00,15.01,0.00,0.00,0.00,0.00,0.00,0.00
3,3e,PR1,Intn1,115,0.00,318.52,21.54,0.00,0.00,0.00,0.00,0.00,0.00,13.49,0.00,0.00,0.00,0.00,0.00,0.00
3,3e,PR1,Intn1,125,0.00,300.52,18.72,0.00,0.00,0.00,0.00,0.00,0.00,11.72,0.00,0.00,0.00,0.00,0.00,0.00
3,3e,PR1,Intn1,135,0.00,274.18,15.69,0.00,0.00,0.00,0.00,0.00,0.00,9.85,0.00,0.00,0.00,0.00,0.00,0.00
3,3e,PR1,Intn1,145,0.00,242.24,12.69,0.00,0.00,0.00,0.00,0.00,0.00,8.04,0.00,0.00,0.00,0.00,0.00,0.00
3,3e,PR1,Intn1,155,0.00,207.48,9.92,0.00,0.00,0.00,0.00,0.00,0.00,6.38,0.00,0.00,0.00,0.00,0.00,0.00
3,3e,PR1,Intn1,165,0.00,172.42,7.50,0.00,0.00,0.00,0.00,0.00,0.00,4.92,0.00,0.00,0.00,0.00,0.00,0.00
3,3e,PR1,Intn1,175,0.00,139.13,5.49,0.00,0.00,0.00,0.00,0.00,0.00,3.70,0.00,0.00,0.00,0.00,0.00,0.00
3,3e,PR1,Intn1,185,0.00,109.06,3.89,0.00,0.00,0.00,0.00,0.00,0.00,2.71,0.00,0.00,0.00,0.00,0.00,0.00
3,3e,PR1,Intn1,195,0.00,83.10,2.68,0.00,0.00,0.00,0.00,0.00,0.00,1.93,0.00,0.00,0.00,0.00,0.00,0.00
3,3e,PR1,Intn1,205,0.00,61.58,1.78,0.00,0.00,0.00,0.00,0.00,0.00,1.34,0.00,0.00,0.00,0.00,0.00,0.00
3,3e,PR1,Intn1,215,0.00,44.38,1.15,0.00,0.00,0.00,0.00,0.00,0.00,0.91,0.00,0.00,0.00,0.00,0.00,0.00
3,3e,PR1,Intn1,225,0.00,31.12,0.73,0.00,0.00,0.00,0.00,0.00,0.00,0.60,0.00,0.00,0.00,0.00,0.00,0.00
3,3e,PR1,Intn1,235,0.00,21.24,0.44,0.00,0.00,0.00,0.00,0.00,0.00,0.38,0.00,0.00,0.00,0.00,0.00,0.00
3,3e,PR1,Intn1,245,0.00,14.11,0.26,0.00,0.00,0.00,0.00,0.00,0.00,0.24,0.00,0.00,0.00,0.00,0.00,0.00
3,3e,PR1,Intn1,255,0.00,9.13,0.15,0.00,0.00,0.00,0.00,0.00,0.00,0.14,0.00,0.00,0.00,0.00,0.00,0.00
4,patnt,PR1,Intn1,5,0.00,0.00,0.00,0.00,0.00,0.00,0.00,0.00,0.00,0.00,0.00,0.00,0.00,0.00,0.00,0.00
4,patnt,PR1,Intn1,15,0.94,28.45,3.63,0.33,0.00,0.00,0.00,0.00,0.00,2.09,0.00,0.24,0.00,0.00,0.00,0.00
4,patnt,PR1,Intn1,25,2.03,60.81,6.63,0.79,0.00,0.00,0.00,0.00,0.00,4.66,0.00,0.53,0.00,0.00,0.00,0.00
4,patnt,PR1,Intn1,35,3.18,94.89,9.19,1.11,0.00,0.00,0.00,0.00,0.00,7.24,0.00,0.84,0.00,0.00,0.00,0.00
4,patnt,PR1,Intn1,45,4.28,128.22,11.24,1.24,0.00,0.00,0.00,0.00,0.00,9.49,0.00,1.12,0.00,0.00,0.00,0.00
4,patnt,PR1,Intn1,55,5.30,159.65,12.83,1.25,0.00,0.00,0.00,0.00,0.00,11.24,0.00,1.38,0.00,0.00,0.00,0.00
4,patnt,PR1,Intn1,65,6.21,188.65,13.99,1.22,0.00,0.00,0.00,0.00,0.00,12.48,0.00,1.60,0.00,0.00,0.00,0.00
4,patnt,PR1,Intn1,75,7.00,215.04,14.78,1.18,0.00,0.00,0.00,0.00,0.00,13.24,0.00,1.77,0.00,0.00,0.00,0.00
4,patnt,PR1,Intn1,85,7.67,238.84,15.23,1.15,0.00,0.00,0.00,0.00,0.00,13.61,0.00,1.91,0.00,0.00,0.00,0.00
4,patnt,PR1,Intn1,95,8.23,260.16,15.39,1.12,0.00,0.00,0.00,0.00,0.00,13.66,0.00,2.02,0.00,0.00,0.00,0.00
4,patnt,PR1,Intn1,105,8.68,279.15,15.30,1.09,0.00,0.00,0.00,0.00,0.00,13.49,0.00,2.09,0.00,0.00,0.00,0.00
4,patnt,PR1,Intn1,115,9.04,295.98,14.99,1.07,0.00,0.00,0.00,0.00,0.00,13.15,0.00,2.14,0.00,0.00,0.00,0.00
4,patnt,PR1,Intn1,125,9.30,310.84,14.51,1.05,0.00,0.00,0.00,0.00,0.00,12.71,0.00,2.17,0.00,0.00,0.00,0.00
4,patnt,PR1,Intn1,135,9.49,323.91,13.88,1.03,0.00,0.00,0.00,0.00,0.00,12.21,0.00,2.18,0.00,0.00,0.00,0.00
4,patnt,PR1,Intn1,145,9.61,335.37,13.16,1.02,0.00,0.00,0.00,0.00,0.00,11.68,0.00,2.18,0.00,0.00,0.00,0.00
4,patnt,PR1,Intn1,155,9.66,345.38,12.37,1.00,0.00,0.00,0.00,0.00,0.00,11.14,0.00,2.16,0.00,0.00,0.00,0.00
4,patnt,PR1,Intn1,165,9.67,354.10,11.54,0.99,0.00,0.00,0.00,0.00,0.00,10.61,0.00,2.14,0.00,0.00,0.00,0.00
4,patnt,PR1,Intn1,175,9.62,361.68,10.69,0.98,0.00,0.00,0.00,0.00,0.00,10.10,0.00,2.10,0.00,0.00,0.00,0.00
4,patnt,PR1,Intn1,185,9.54,368.25,9.85,0.97,0.00,0.00,0.00,0.00,0.00,9.61,0.00,2.07,0.00,0.00,0.00,0.00
4,patnt,PR1,Intn1,195,9.43,373.93,9.03,0.97,0.00,0.00,0.00,0.00,0.00,9.14,0.00,2.03,0.00,0.00,0.00,0.00
4,patnt,PR1,Intn1,205,9.29,378.82,8.24,0.96,0.00,0.00,0.00,0.00,0.00,8.69,0.00,1.98,0.00,0.00,0.00,0.00
4,patnt,PR1,Intn1,215,9.13,383.03,7.49,0.96,0.00,0.00,0.00,0.00,0.00,8.27,0.00,1.94,0.00,0.00,0.00,0.00
4,patnt,PR1,Intn1,225,8.96,386.63,6.79,0.95,0.00,0.00,0.00,0.00,0.00,7.87,0.00,1.89,0.00,0.00,0.00,0.00
4,patnt,PR1,Intn1,235,8.76,389.71,6.13,0.95,0.00,0.00,0.00,0.00,0.00,7.49,0.00,1.85,0.00,0.00,0.00,0.00
4,patnt,PR1,Intn1,245,8.56,392.34,5.52,0.94,0.00,0.00,0.00,0.00,0.00,7.13,0.00,1.80,0.00,0.00,0.00,0.00
4,patnt,PR1,Intn1,255,8.35,394.56,4.96,0.94,0.00,0.00,0.00,0.00,0.00,6.79,0.00,1.75,0.00,0.00,0.00,0.00
7,3e,PW1,Prsnt,5,0.00,0.00,0.00,0.00,0.00,0.00,0.00,0.00,0.00,0.00,0.00,0.00,0.00,0.00,0.00,0.00
7,3e,PW1,Prsnt,15,2.61,0.14,0.32,0.33,1.34,0.28,0.38,0.00,0.00,0.46,0.00,0.82,0.00,0.00,0.00,0.02
7,3e,PW1,Prsnt,25,8.67,0.46,0.92,1.21,3.61,1.00,0.61,0.00,0.00,1.60,0.00,2.79,0.00,0.00,0.00,0.06
7,3e,PW1,Prsnt,35,17.91,0.95,1.69,2.24,5.97,1.81,0.80,0.00,0.00,3.28,0.00,5.78,0.00,0.00,0.00,0.13
7,3e,PW1,Prsnt,45,29.45,1.57,2.53,3.04,7.94,2.39,0.95,0.00,0.00,5.24,0.00,9.45,0.00,0.00,0.00,0.21
7,3e,PW1,Prsnt,55,42.23,2.27,3.34,3.55,9.40,2.73,1.06,0.00,0.00,7.20,0.00,13.41,0.00,0.00,0.00,0.30
7,3e,PW1,Prsnt,65,55.31,3.00,4.08,3.87,10.41,2.93,1.14,0.00,0.00,8.93,0.00,17.34,0.00,0.00,0.00,0.38
7,3e,PW1,Prsnt,75,68.03,3.73,4.70,4.10,11.13,3.06,1.19,0.00,0.00,10.34,0.00,21.02,0.00,0.00,0.00,0.47
7,3e,PW1,Prsnt,85,80.00,4.45,5.20,4.27,11.65,3.14,1.22,0.00,0.00,11.40,0.00,24.33,0.00,0.00,0.00,0.55
7,3e,PW1,Prsnt,95,91.01,5.14,5.57,4.42,12.05,3.19,1.23,0.00,0.00,12.14,0.00,27.22,0.00,0.00,0.00,0.62
7,3e,PW1,Prsnt,105,100.94,5.79,5.82,4.54,12.39,3.21,1.23,0.00,0.00,12.60,0.00,29.69,0.00,0.00,0.00,0.68
7,3e,PW1,Prsnt,115,109.74,6.42,5.96,4.64,12.68,3.23,1.22,0.00,0.00,12.83,0.00,31.75,0.00,0.00,0.00,0.74
7,3e,PW1,Prsnt,125,117.41,7.01,6.00,4.73,12.94,3.23,1.21,0.00,0.00,12.89,0.00,33.43,0.00,0.00,0.00,0.79
7,3e,PW1,Prsnt,135,123.98,7.56,5.94,4.82,13.18,3.23,1.18,0.00,0.00,12.82,0.00,34.76,0.00,0.00,0.00,0.84
7,3e,PW1,Prsnt,145,129.47,8.07,5.81,4.90,13.41,3.22,1.16,0.00,0.00,12.65,0.00,35.79,0.00,0.00,0.00,0.88
7,3e,PW1,Prsnt,155,133.95,8.55,5.62,4.98,13.63,3.20,1.12,0.00,0.00,12.42,0.00,36.54,0.00,0.00,0.00,0.91
7,3e,PW1,Prsnt,165,137.48,9.00,5.37,5.06,13.83,3.18,1.08,0.00,0.00,12.14,0.00,37.06,0.00,0.00,0.00,0.94
7,3e,PW1,Prsnt,175,140.13,9.41,5.10,5.13,14.03,3.16,1.04,0.00,0.00,11.82,0.00,37.37,0.00,0.00,0.00,0.96
7,3e,PW1,Prsnt,185,141.96,9.79,4.80,5.19,14.22,3.13,1.00,0.00,0.00,11.49,0.00,37.51,0.00,0.00,0.00,0.98
7,3e,PW1,Prsnt,195,143.06,10.13,4.49,5.26,14.39,3.10,0.96,0.00,0.00,11.14,0.00,37.50,0.00,0.00,0.00,0.99
7,3e,PW1,Prsnt,205,143.49,10.45,4.17,5.32,14.56,3.07,0.91,0.00,0.00,10.79,0.00,37.36,0.00,0.00,0.00,1.00
7,3e,PW1,Prsnt,215,143.32,10.74,3.85,5.38,14.72,3.03,0.87,0.00,0.00,10.43,0.00,37.12,0.00,0.00,0.00,1.00
7,3e,PW1,Prsnt,225,142.61,11.00,3.54,5.43,14.87,2.99,0.82,0.00,0.00,10.08,0.00,36.78,0.00,0.00,0.00,1.00
7,3e,PW1,Prsnt,235,141.45,11.24,3.24,5.48,15.01,2.95,0.77,0.00,0.00,9.72,0.00,36.37,0.00,0.00,0.00,1.00
7,3e,PW1,Prsnt,245,139.87,11.45,2.95,5.52,15.14,2.91,0.73,0.00,0.00,9.37,0.00,35.90,0.00,0.00,0.00,0.99
7,3e,PW1,Prsnt,255,137.95,11.64,2.68,5.57,15.26,2.86,0.69,0.00,0.00,9.02,0.00,35.37,0.00,0.00,0.00,0.98
8,patnt,PW1,Prsnt,5,0.00,0.00,0.00,0.00,0.00,0.00,0.00,0.00,0.00,0.00,0.00,0.00,0.00,0.00,0.00,0.00
8,patnt,PW1,Prsnt,15,2.92,0.13,0.15,0.32,1.16,0.27,0.37,0.00,0.00,0.45,0.00,0.72,0.00,0.00,0.00,0.01
8,patnt,PW1,Prsnt,25,9.67,0.44,0.44,1.16,3.10,0.96,0.59,0.00,0.00,1.54,0.00,2.42,0.00,0.00,0.00,0.03
8,patnt,PW1,Prsnt,35,19.90,0.92,0.81,2.16,5.11,1.74,0.77,0.00,0.00,3.16,0.00,4.99,0.00,0.00,0.00,0.06
8,patnt,PW1,Prsnt,45,32.63,1.51,1.21,2.92,6.78,2.30,0.91,0.00,0.00,5.03,0.00,8.13,0.00,0.00,0.00,0.10
8,patnt,PW1,Prsnt,55,46.70,2.17,1.60,3.40,8.00,2.62,1.01,0.00,0.00,6.90,0.00,11.53,0.00,0.00,0.00,0.14
8,patnt,PW1,Prsnt,65,61.07,2.87,1.95,3.71,8.86,2.81,1.09,0.00,0.00,8.55,0.00,14.88,0.00,0.00,0.00,0.18
8,patnt,PW1,Prsnt,75,75.06,3.57,2.25,3.92,9.46,2.92,1.13,0.00,0.00,9.89,0.00,18.02,0.00,0.00,0.00,0.22
8,patnt,PW1,Prsnt,85,88.24,4.25,2.48,4.09,9.90,3.00,1.16,0.00,0.00,10.90,0.00,20.85,0.00,0.00,0.00,0.26
8,patnt,PW1,Prsnt,95,100.39,4.91,2.66,4.22,10.24,3.04,1.18,0.00,0.00,11.61,0.00,23.33,0.00,0.00,0.00,0.29
8,patnt,PW1,Prsnt,105,111.37,5.54,2.78,4.34,10.53,3.07,1.18,0.00,0.00,12.05,0.00,25.45,0.00,0.00,0.00,0.32
8,patnt,PW1,Prsnt,115,121.14,6.14,2.85,4.44,10.78,3.09,1.17,0.00,0.00,12.28,0.00,27.23,0.00,0.00,0.00,0.35
8,patnt,PW1,Prsnt,125,129.70,6.71,2.87,4.53,11.01,3.09,1.16,0.00,0.00,12.34,0.00,28.69,0.00,0.00,0.00,0.38
8,patnt,PW1,Prsnt,135,137.07,7.24,2.84,4.62,11.23,3.09,1.14,0.00,0.00,12.28,0.00,29.86,0.00,0.00,0.00,0.40
8,patnt,PW1,Prsnt,145,143.28,7.74,2.78,4.70,11.43,3.09,1.11,0.00,0.00,12.13,0.00,30.77,0.00,0.00,0.00,0.42
8,patnt,PW1,Prsnt,155,148.40,8.21,2.69,4.78,11.63,3.08,1.08,0.00,0.00,11.92,0.00,31.46,0.00,0.00,0.00,0.44
8,patnt,PW1,Prsnt,165,152.50,8.65,2.58,4.86,11.82,3.06,1.04,0.00,0.00,11.67,0.00,31.94,0.00,0.00,0.00,0.45
8,patnt,PW1,Prsnt,175,155.63,9.06,2.45,4.94,12.00,3.04,1.01,0.00,0.00,11.38,0.00,32.25,0.00,0.00,0.00,0.46
8,patnt,PW1,Prsnt,185,157.89,9.43,2.31,5.01,12.18,3.02,0.97,0.00,0.00,11.07,0.00,32.42,0.00,0.00,0.00,0.47
8,patnt,PW1,Prsnt,195,159.33,9.78,2.16,5.08,12.35,3.00,0.92,0.00,0.00,10.76,0.00,32.45,0.00,0.00,0.00,0.48
8,patnt,PW1,Prsnt,205,160.05,10.10,2.01,5.14,12.51,2.97,0.88,0.00,0.00,10.43,0.00,32.38,0.00,0.00,0.00,0.48
8,patnt,PW1,Prsnt,215,160.11,10.40,1.86,5.21,12.67,2.94,0.84,0.00,0.00,10.10,0.00,32.22,0.00,0.00,0.00,0.48
8,patnt,PW1,Prsnt,225,159.59,10.67,1.71,5.27,12.82,2.90,0.80,0.00,0.00,9.77,0.00,31.98,0.00,0.00,0.00,0.48
8,patnt,PW1,Prsnt,235,158.54,10.91,1.57,5.32,12.96,2.87,0.75,0.00,0.00,9.44,0.00,31.67,0.00,0.00,0.00,0.48
8,patnt,PW1,Prsnt,245,157.04,11.14,1.43,5.38,13.09,2.83,0.71,0.00,0.00,9.11,0.00,31.31,0.00,0.00,0.00,0.48
8,patnt,PW1,Prsnt,255,155.15,11.35,1.31,5.43,13.22,2.79,0.67,0.00,0.00,8.79,0.00,30.91,0.00,0.00,0.00,0.48
9,3e,PW1,Exten,5,0.00,0.00,0.00,0.00,0.00,0.00,0.00,0.00,0.00,0.00,0.00,0.00,0.00,0.00,0.00,0.00
9,3e,PW1,Exten,15,2.61,0.14,0.32,0.33,1.34,0.28,0.38,0.00,0.00,0.46,0.00,0.82,0.00,0.00,0.00,0.02
9,3e,PW1,Exten,25,8.67,0.46,0.92,1.21,3.61,1.00,0.61,0.00,0.00,1.60,0.00,2.79,0.00,0.00,0.00,0.06
9,3e,PW1,Exten,35,17.91,0.95,1.69,2.24,5.97,1.81,0.80,0.00,0.00,3.28,0.00,5.78,0.00,0.00,0.00,0.13
9,3e,PW1,Exten,45,29.45,1.57,2.53,3.04,7.94,2.39,0.95,0.00,0.00,5.24,0.00,9.45,0.00,0.00,0.00,0.21
9,3e,PW1,Exten,55,42.23,2.27,3.34,3.55,9.40,2.73,1.06,0.00,0.00,7.20,0.00,13.41,0.00,0.00,0.00,0.30
9,3e,PW1,Exten,65,55.31,3.00,4.08,3.87,10.41,2.93,1.14,0.00,0.00,8.93,0.00,17.34,0.00,0.00,0.00,0.38
9,3e,PW1,Exten,75,68.03,3.73,4.70,4.10,11.13,3.06,1.19,0.00,0.00,10.34,0.00,21.02,0.00,0.00,0.00,0.47
9,3e,PW1,Exten,85,80.00,4.45,5.20,4.27,11.65,3.14,1.22,0.00,0.00,11.40,0.00,24.33,0.00,0.00,0.00,0.55
9,3e,PW1,Exten,95,91.01,5.14,5.57,4.42,12.05,3.19,1.23,0.00,0.00,12.14,0.00,27.22,0.00,0.00,0.00,0.62
9,3e,PW1,Exten,105,100.94,5.79,5.82,4.54,12.39,3.21,1.23,0.00,0.00,12.60,0.00,29.69,0.00,0.00,0.00,0.68
9,3e,PW1,Exten,115,109.74,6.42,5.96,4.64,12.68,3.23,1.22,0.00,0.00,12.83,0.00,31.75,0.00,0.00,0.00,0.74
9,3e,PW1,Exten,125,117.41,7.01,6.00,4.73,12.94,3.23,1.21,0.00,0.00,12.89,0.00,33.43,0.00,0.00,0.00,0.79
9,3e,PW1,Exten,135,123.98,7.56,5.94,4.82,13.18,3.23,1.18,0.00,0.00,12.82,0.00,34.76,0.00,0.00,0.00,0.84
9,3e,PW1,Exten,145,129.47,8.07,5.81,4.90,13.41,3.22,1.16,0.00,0.00,12.65,0.00,35.79,0.00,0.00,0.00,0.88
9,3e,PW1,Exten,155,133.95,8.55,5.62,4.98,13.63,3.20,1.12,0.00,0.00,12.42,0.00,36.54,0.00,0.00,0.00,0.91
9,3e,PW1,Exten,165,137.48,9.00,5.37,5.06,13.83,3.18,1.08,0.00,0.00,12.14,0.00,37.06,0.00,0.00,0.00,0.94
9,3e,PW1,Exten,175,140.13,9.41,5.10,5.13,14.03,3.16,1.04,0.00,0.00,11.82,0.00,37.37,0.00,0.00,0.00,0.96
9,3e,PW1,Exten,185,141.96,9.79,4.80,5.19,14.22,3.13,1.00,0.00,0.00,11.49,0.00,37.51,0.00,0.00,0.00,0.98
9,3e,PW1,Exten,195,143.06,10.13,4.49,5.26,14.39,3.10,0.96,0.00,0.00,11.14,0.00,37.50,0.00,0.00,0.00,0.99
9,3e,PW1,Exten,205,143.49,10.45,4.17,5.32,14.56,3.07,0.91,0.00,0.00,10.79,0.00,37.36,0.00,0.00,0.00,1.00
9,3e,PW1,Exten,215,143.32,10.74,3.85,5.38,14.72,3.03,0.87,0.00,0.00,10.43,0.00,37.12,0.00,0.00,0.00,1.00
9,3e,PW1,Exten,225,142.61,11.00,3.54,5.43,14.87,2.99,0.82,0.00,0.00,10.08,0.00,36.78,0.00,0.00,0.00,1.00
9,3e,PW1,Exten,235,141.45,11.24,3.24,5.48,15.01,2.95,0.77,0.00,0.00,9.72,0.00,36.37,0.00,0.00,0.00,1.00
9,3e,PW1,Exten,245,139.87,11.45,2.95,5.52,15.14,2.91,0.73,0.00,0.00,9.37,0.00,35.90,0.00,0.00,0.00,0.99
9,3e,PW1,Exten,255,137.95,11.64,2.68,5.57,15.26,2.86,0.69,0.00,0.00,9.02,0.00,35.37,0.00,0.00,0.00,0.98
10,patnt,PW1,Exten,5,0.00,0.00,0.00,0.00,0.00,0.00,0.00,0.00,0.00,0.00,0.00,0.00,0.00,0.00,0.00,0.00
10,patnt,PW1,Exten,15,2.92,0.13,0.15,0.32,1.16,0.27,0.37,0.00,0.00,0.45,0.00,0.72,0.00,0.00,0.00,0.01
10,patnt,PW1,Exten,25,9.67,0.44,0.44,1.16,3.10,0.96,0.59,0.00,0.00,1.54,0.00,2.42,0.00,0.00,0.00,0.03
10,patnt,PW1,Exten,35,19.90,0.92,0.81,2.16,5.11,1.74,0.77,0.00,0.00,3.16,0.00,4.99,0.00,0.00,0.00,0.06
10,patnt,PW1,Exten,45,32.63,1.51,1.21,2.92,6.78,2.30,0.91,0.00,0.00,5.03,0.00,8.13,0.00,0.00,0.00,0.10
10,patnt,PW1,Exten,55,46.70,2.17,1.60,3.40,8.00,2.62,1.01,0.00,0.00,6.90,0.00,11.53,0.00,0.00,0.00,0.14
10,patnt,PW1,Exten,65,61.07,2.87,1.95,3.71,8.86,2.81,1.09,0.00,0.00,8.55,0.00,14.88,0.00,0.00,0.00,0.18
10,patnt,PW1,Exten,75,75.06,3.57,2.25,3.92,9.46,2.92,1.13,0.00,0.00,9.89,0.00,18.02,0.00,0.00,0.00,0.22
10,patnt,PW1,Exten,85,88.24,4.25,2.48,4.09,9.90,3.00,1.16,0.00,0.00,10.90,0.00,20.85,0.00,0.00,0.00,0.26
10,patnt,PW1,Exten,95,100.39,4.91,2.66,4.22,10.24,3.04,1.18,0.00,0.00,11.61,0.00,23.33,0.00,0.00,0.00,0.29
10,patnt,PW1,Exten,105,111.37,5.54,2.78,4.34,10.53,3.07,1.18,0.00,0.00,12.05,0.00,25.45,0.00,0.00,0.00,0.32
10,patnt,PW1,Exten,115,121.14,6.14,2.85,4.44,10.78,3.09,1.17,0.00,0.00,12.28,0.00,27.23,0.00,0.00,0.00,0.35
10,patnt,PW1,Exten,125,129.70,6.71,2.87,4.53,11.01,3.09,1.16,0.00,0.00,12.34,0.00,28.69,0.00,0.00,0.00,0.38
10,patnt,PW1,Exten,135,137.07,7.24,2.84,4.62,11.23,3.09,1.14,0.00,0.00,12.28,0.00,29.86,0.00,0.00,0.00,0.40
10,patnt,PW1,Exten,145,143.28,7.74,2.78,4.70,11.43,3.09,1.11,0.00,0.00,12.13,0.00,30.77,0.00,0.00,0.00,0.42
10,patnt,PW1,Exten,155,148.40,8.21,2.69,4.78,11.63,3.08,1.08,0.00,0.00,11.92,0.00,31.46,0.00,0.00,0.00,0.44
10,patnt,PW1,Exten,165,152.50,8.65,2.58,4.86,11.82,3.06,1.04,0.00,0.00,11.67,0.00,31.94,0.00,0.00,0.00,0.45
10,patnt,PW1,Exten,175,155.63,9.06,2.45,4.94,12.00,3.04,1.01,0.00,0.00,11.38,0.00,32.25,0.00,0.00,0.00,0.46
10,patnt,PW1,Exten,185,157.89,9.43,2.31,5.01,12.18,3.02,0.97,0.00,0.00,11.07,0.00,32.42,0.00,0.00,0.00,0.47
10,patnt,PW1,Exten,195,159.33,9.78,2.16,5.08,12.35,3.00,0.92,0.00,0.00,10.76,0.00,32.45,0.00,0.00,0.00,0.48
10,patnt,PW1,Exten,205,160.05,10.10,2.01,5.14,12.51,2.97,0.88,0.00,0.00,10.43,0.00,32.38,0.00,0.00,0.00,0.48
10,patnt,PW1,Exten,215,160.11,10.40,1.86,5.21,12.67,2.94,0.84,0.00,0.00,10.10,0.00,32.22,0.00,0.00,0.00,0.48
10,patnt,PW1,Exten,225,159.59,10.67,1.71,5.27,12.82,2.90,0.80,0.00,0.00,9.77,0.00,31.98,0.00,0.00,0.00,0.48
10,patnt,PW1,Exten,235,158.54,10.91,1.57,5.32,12.96,2.87,0.75,0.00,0.00,9.44,0.00,31.67,0.00,0.00,0.00,0.48
10,patnt,PW1,Exten,245,157.04,11.14,1.43,5.38,13.09,2.83,0.71,0.00,0.00,9.11,0.00,31.31,0.00,0.00,0.00,0.48
10,patnt,PW1,Exten,255,155.15,11.35,1.31,5.43,13.22,2.79,0.67,0.00,0.00,8.79,0.00,30.91,0.00,0.00,0.00,0.48
11,3e,PW1,Basc2,5,0.00,0.00,0.00,0.00,0.00,0.00,0.00,0.00,0.00,0.00,0.00,0.00,0.00,0.00,0.00,0.00
11,3e,PW1,Basc2,15,2.61,0.14,0.32,0.33,1.34,0.28,0.38,0.00,0.00,0.46,0.00,0.82,0.00,0.00,0.00,0.02
11,3e,PW1,Basc2,25,8.67,0.46,0.92,1.21,3.61,1.00,0.61,0.00,0.00,1.60,0.00,2.79,0.00,0.00,0.00,0.06
11,3e,PW1,Basc2,35,17.91,0.95,1.69,2.24,5.97,1.81,0.80,0.00,0.00,3.28,0.00,5.78,0.00,0.00,0.00,0.13
11,3e,PW1,Basc2,45,29.45,1.57,2.53,3.04,7.94,2.39,0.95,0.00,0.00,5.24,0.00,9.45,0.00,0.00,0.00,0.21
11,3e,PW1,Basc2,55,42.23,2.27,3.34,3.55,9.40,2.73,1.06,0.00,0.00,7.20,0.00,13.41,0.00,0.00,0.00,0.30
11,3e,PW1,Basc2,65,55.31,3.00,4.08,3.87,10.41,2.93,1.14,0.00,0.00,8.93,0.00,17.34,0.00,0.00,0.00,0.38
11,3e,PW1,Basc2,75,68.03,3.73,4.70,4.10,11.13,3.06,1.19,0.00,0.00,10.34,0.00,21.02,0.00,0.00,0.00,0.47
11,3e,PW1,Basc2,85,80.00,4.45,5.20,4.27,11.65,3.14,1.22,0.00,0.00,11.40,0.00,24.33,0.00,0.00,0.00,0.55
11,3e,PW1,Basc2,95,91.01,5.14,5.57,4.42,12.05,3.19,1.23,0.00,0.00,12.14,0.00,27.22,0.00,0.00,0.00,0.62
11,3e,PW1,Basc2,105,100.94,5.79,5.82,4.54,12.39,3.21,1.23,0.00,0.00,12.60,0.00,29.69,0.00,0.00,0.00,0.68
11,3e,PW1,Basc2,115,109.74,6.42,5.96,4.64,12.68,3.23,1.22,0.00,0.00,12.83,0.00,31.75,0.00,0.00,0.00,0.74
11,3e,PW1,Basc2,125,117.41,7.01,6.00,4.73,12.94,3.23,1.21,0.00,0.00,12.89,0.00,33.43,0.00,0.00,0.00,0.79
11,3e,PW1,Basc2,135,123.98,7.56,5.94,4.82,13.18,3.23,1.18,0.00,0.00,12.82,0.00,34.76,0.00,0.00,0.00,0.84
11,3e,PW1,Basc2,145,129.47,8.07,5.81,4.90,13.41,3.22,1.16,0.00,0.00,12.65,0.00,35.79,0.00,0.00,0.00,0.88
11,3e,PW1,Basc2,155,133.95,8.55,5.62,4.98,13.63,3.20,1.12,0.00,0.00,12.42,0.00,36.54,0.00,0.00,0.00,0.91
11,3e,PW1,Basc2,165,137.48,9.00,5.37,5.06,13.83,3.18,1.08,0.00,0.00,12.14,0.00,37.06,0.00,0.00,0.00,0.94
11,3e,PW1,Basc2,175,140.13,9.41,5.10,5.13,14.03,3.16,1.04,0.00,0.00,11.82,0.00,37.37,0.00,0.00,0.00,0.96
11,3e,PW1,Basc2,185,141.96,9.79,4.80,5.19,14.22,3.13,1.00,0.00,0.00,11.49,0.00,37.51,0.00,0.00,0.00,0.98
11,3e,PW1,Basc2,195,143.06,10.13,4.49,5.26,14.39,3.10,0.96,0.00,0.00,11.14,0.00,37.50,0.00,0.00,0.00,0.99
11,3e,PW1,Basc2,205,143.49,10.45,4.17,5.32,14.56,3.07,0.91,0.00,0.00,10.79,0.00,37.36,0.00,0.00,0.00,1.00
11,3e,PW1,Basc2,215,143.32,10.74,3.85,5.38,14.72,3.03,0.87,0.00,0.00,10.43,0.00,37.12,0.00,0.00,0.00,1.00
11,3e,PW1,Basc2,225,142.61,11.00,3.54,5.43,14.87,2.99,0.82,0.00,0.00,10.08,0.00,36.78,0.00,0.00,0.00,1.00
11,3e,PW1,Basc2,235,141.45,11.24,3.24,5.48,15.01,2.95,0.77,0.00,0.00,9.72,0.00,36.37,0.00,0.00,0.00,1.00
11,3e,PW1,Basc2,245,139.87,11.45,2.95,5.52,15.14,2.91,0.73,0.00,0.00,9.37,0.00,35.90,0.00,0.00,0.00,0.99
11,3e,PW1,Basc2,255,137.95,11.64,2.68,5.57,15.26,2.86,0.69,0.00,0.00,9.02,0.00,35.37,0.00,0.00,0.00,0.98
12,patnt,PW1,Basc2,5,0.00,0.00,0.00,0.00,0.00,0.00,0.00,0.00,0.00,0.00,0.00,0.00,0.00,0.00,0.00,0.00
12,patnt,PW1,Basc2,15,2.92,0.13,0.15,0.32,1.16,0.27,0.37,0.00,0.00,0.45,0.00,0.72,0.00,0.00,0.00,0.01
12,patnt,PW1,Basc2,25,9.67,0.44,0.44,1.16,3.10,0.96,0.59,0.00,0.00,1.54,0.00,2.42,0.00,0.00,0.00,0.03
12,patnt,PW1,Basc2,35,19.90,0.92,0.81,2.16,5.11,1.74,0.77,0.00,0.00,3.16,0.00,4.99,0.00,0.00,0.00,0.06
12,patnt,PW1,Basc2,45,32.63,1.51,1.21,2.92,6.78,2.30,0.91,0.00,0.00,5.03,0.00,8.13,0.00,0.00,0.00,0.10
12,patnt,PW1,Basc2,55,46.70,2.17,1.60,3.40,8.00,2.62,1.01,0.00,0.00,6.90,0.00,11.53,0.00,0.00,0.00,0.14
12,patnt,PW1,Basc2,65,61.07,2.87,1.95,3.71,8.86,2.81,1.09,0.00,0.00,8.55,0.00,14.88,0.00,0.00,0.00,0.18
12,patnt,PW1,Basc2,75,75.06,3.57,2.25,3.92,9.46,2.92,1.13,0.00,0.00,9.89,0.00,18.02,0.00,0.00,0.00,0.22
12,patnt,PW1,Basc2,85,88.24,4.25,2.48,4.09,9.90,3.00,1.16,0.00,0.00,10.90,0.00,20.85,0.00,0.00,0.00,0.26
12,patnt,PW1,Basc2,95,100.39,4.91,2.66,4.22,10.24,3.04,1.18,0.00,0.00,11.61,0.00,23.33,0.00,0.00,0.00,0.29
12,patnt,PW1,Basc2,105,111.37,5.54,2.78,4.34,10.53,3.07,1.18,0.00,0.00,12.05,0.00,25.45,0.00,0.00,0.00,0.32
12,patnt,PW1,Basc2,115,121.14,6.14,2.85,4.44,10.78,3.09,1.17,0.00,0.00,12.28,0.00,27.23,0.00,0.00,0.00,0.35
12,patnt,PW1,Basc2,125,129.70,6.71,2.87,4.53,11.01,3.09,1.16,0.00,0.00,12.34,0.00,28.69,0.00,0.00,0.00,0.38
12,patnt,PW1,Basc2,135,137.07,7.24,2.84,4.62,11.23,3.09,1.14,0.00,0.00,12.28,0.00,29.86,0.00,0.00,0.00,0.40
12,patnt,PW1,Basc2,145,143.28,7.74,2.78,4.70,11.43,3.09,1.11,0.00,0.00,12.13,0.00,30.77,0.00,0.00,0.00,0.42
12,patnt,PW1,Basc2,155,148.40,8.21,2.69,4.78,11.63,3.08,1.08,0.00,0.00,11.92,0.00,31.46,0.00,0.00,0.00,0.44
12,patnt,PW1,Basc2,165,152.50,8.65,2.58,4.86,11.82,3.06,1.04,0.00,0.00,11.67,0.00,31.94,0.00,0.00,0.00,0.45
12,patnt,PW1,Basc2,175,155.63,9.06,2.45,4.94,12.00,3.04,1.01,0.00,0.00,11.38,0.00,32.25,0.00,0.00,0.00,0.46
12,patnt,PW1,Basc2,185,157.89,9.43,2.31,5.01,12.18,3.02,0.97,0.00,0.00,11.07,0.00,32.42,0.00,0.00,0.00,0.47
12,patnt,PW1,Basc2,195,159.33,9.78,2.16,5.08,12.35,3.00,0.92,0.00,0.00,10.76,0.00,32.45,0.00,0.00,0.00,0.48
12,patnt,PW1,Basc2,205,160.05,10.10,2.01,5.14,12.51,2.97,0.88,0.00,0.00,10.43,0.00,32.38,0.00,0.00,0.00,0.48
12,patnt,PW1,Basc2,215,160.11,10.40,1.86,5.21,12.67,2.94,0.84,0.00,0.00,10.10,0.00,32.22,0.00,0.00,0.00,0.48
12,patnt,PW1,Basc2,225,159.59,10.67,1.71,5.27,12.82,2.90,0.80,0.00,0.00,9.77,0.00,31.98,0.00,0.00,0.00,0.48
12,patnt,PW1,Basc2,235,158.54,10.91,1.57,5.32,12.96,2.87,0.75,0.00,0.00,9.44,0.00,31.67,0.00,0.00,0.00,0.48
12,patnt,PW1,Basc2,245,157.04,11.14,1.43,5.38,13.09,2.83,0.71,0.00,0.00,9.11,0.00,31.31,0.00,0.00,0.00,0.48
12,patnt,PW1,Basc2,255,155.15,11.35,1.31,5.43,13.22,2.79,0.67,0.00,0.00,8.79,0.00,30.91,0.00,0.00,0.00,0.48
13,3e,PW1,Intn1,5,0.00,0.00,0.00,0.00,0.00,0.00,0.00,0.00,0.00,0.00,0.00,0.00,0.00,0.00,0.00,0.00
13,3e,PW1,Intn1,15,2.61,0.14,0.32,0.33,1.34,0.28,0.38,0.00,0.00,0.46,0.00,0.82,0.00,0.00,0.00,0.02
13,3e,PW1,Intn1,25,8.67,0.46,0.92,1.21,3.61,1.00,0.61,0.00,0.00,1.60,0.00,2.79,0.00,0.00,0.00,0.06
13,3e,PW1,Intn1,35,17.91,0.95,1.69,2.24,5.97,1.81,0.80,0.00,0.00,3.28,0.00,5.78,0.00,0.00,0.00,0.13
13,3e,PW1,Intn1,45,29.45,1.57,2.53,3.04,7.94,2.39,0.95,0.00,0.00,5.24,0.00,9.45,0.00,0.00,0.00,0.21
13,3e,PW1,Intn1,55,42.23,2.27,3.34,3.55,9.40,2.73,1.06,0.00,0.00,7.20,0.00,13.41,0.00,0.00,0.00,0.30
13,3e,PW1,Intn1,65,55.31,3.00,4.08,3.87,10.41,2.93,1.14,0.00,0.00,8.93,0.00,17.34,0.00,0.00,0.00,0.38
13,3e,PW1,Intn1,75,68.03,3.73,4.70,4.10,11.13,3.06,1.19,0.00,0.00,10.34,0.00,21.02,0.00,0.00,0.00,0.47
13,3e,PW1,Intn1,85,80.00,4.45,5.20,4.27,11.65,3.14,1.22,0.00,0.00,11.40,0.00,24.33,0.00,0.00,0.00,0.55
13,3e,PW1,Intn1,95,91.01,5.14,5.57,4.42,12.05,3.19,1.23,0.00,0.00,12.14,0.00,27.22,0.00,0.00,0.00,0.62
13,3e,PW1,Intn1,105,100.94,5.79,5.82,4.54,12.39,3.21,1.23,0.00,0.00,12.60,0.00,29.69,0.00,0.00,0.00,0.68
13,3e,PW1,Intn1,115,109.74,6.42,5.96,4.64,12.68,3.23,1.22,0.00,0.00,12.83,0.00,31.75,0.00,0.00,0.00,0.74
13,3e,PW1,Intn1,125,117.41,7.01,6.00,4.73,12.94,3.23,1.21,0.00,0.00,12.89,0.00,33.43,0.00,0.00,0.00,0.79
13,3e,PW1,Intn1,135,123.98,7.56,5.94,4.82,13.18,3.23,1.18,0.00,0.00,12.82,0.00,34.76,0.00,0.00,0.00,0.84
13,3e,PW1,Intn1,145,129.47,8.07,5.81,4.90,13.41,3.22,1.16,0.00,0.00,12.65,0.00,35.79,0.00,0.00,0.00,0.88
13,3e,PW1,Intn1,155,133.95,8.55,5.62,4.98,13.63,3.20,1.12,0.00,0.00,12.42,0.00,36.54,0.00,0.00,0.00,0.91
13,3e,PW1,Intn1,165,137.48,9.00,5.37,5.06,13.83,3.18,1.08,0.00,0.00,12.14,0.00,37.06,0.00,0.00,0.00,0.94
13,3e,PW1,Intn1,175,140.13,9.41,5.10,5.13,14.03,3.16,1.04,0.00,0.00,11.82,0.00,37.37,0.00,0.00,0.00,0.96
13,3e,PW1,Intn1,185,141.96,9.79,4.80,5.19,14.22,3.13,1.00,0.00,0.00,11.49,0.00,37.51,0.00,0.00,0.00,0.98
13,3e,PW1,Intn1,195,143.06,10.13,4.49,5.26,14.39,3.10,0.96,0.00,0.00,11.14,0.00,37.50,0.00,0.00,0.00,0.99
13,3e,PW1,Intn1,205,143.49,10.45,4.17,5.32,14.56,3.07,0.91,0.00,0.00,10.79,0.00,37.36,0.00,0.00,0.00,1.00
13,3e,PW1,Intn1,215,143.32,10.74,3.85,5.38,14.72,3.03,0.87,0.00,0.00,10.43,0.00,37.12,0.00,0.00,0.00,1.00
13,3e,PW1,Intn1,225,142.61,11.00,3.54,5.43,14.87,2.99,0.82,0.00,0.00,10.08,0.00,36.78,0.00,0.00,0.00,1.00
13,3e,PW1,Intn1,235,141.45,11.24,3.24,5.48,15.01,2.95,0.77,0.00,0.00,9.72,0.00,36.37,0.00,0.00,0.00,1.00
13,3e,PW1,Intn1,245,139.87,11.45,2.95,5.52,15.14,2.91,0.73,0.00,0.00,9.37,0.00,35.90,0.00,0.00,0.00,0.99
13,3e,PW1,Intn1,255,137.95,11.64,2.68,5.57,15.26,2.86,0.69,0.00,0.00,9.02,0.00,35.37,0.00,0.00,0.00,0.98
14,patnt,PW1,Intn1,5,0.00,0.00,0.00,0.00,0.00,0.00,0.00,0.00,0.00,0.00,0.00,0.00,0.00,0.00,0.00,0.00
14,patnt,PW1,Intn1,15,2.92,0.13,0.15,0.32,1.16,0.27,0.37,0.00,0.00,0.45,0.00,0.72,0.00,0.00,0.00,0.01
14,patnt,PW1,Intn1,25,9.67,0.44,0.44,1.16,3.10,0.96,0.59,0.00,0.00,1.54,0.00,2.42,0.00,0.00,0.00,0.03
14,patnt,PW1,Intn1,35,19.90,0.92,0.81,2.16,5.11,1.74,0.77,0.00,0.00,3.16,0.00,4.99,0.00,0.00,0.00,0.06
14,patnt,PW1,Intn1,45,32.63,1.51,1.21,2.92,6.78,2.30,0.91,0.00,0.00,5.03,0.00,8.13,0.00,0.00,0.00,0.10
14,patnt,PW1,Intn1,55,46.70,2.17,1.60,3.40,8.00,2.62,1.01,0.00,0.00,6.90,0.00,11.53,0.00,0.00,0.00,0.14
14,patnt,PW1,Intn1,65,61.07,2.87,1.95,3.71,8.86,2.81,1.09,0.00,0.00,8.55,0.00,14.88,0.00,0.00,0.00,0.18
14,patnt,PW1,Intn1,75,75.06,3.57,2.25,3.92,9.46,2.92,1.13,0.00,0.00,9.89,0.00,18.02,0.00,0.00,0.00,0.22
14,patnt,PW1,Intn1,85,88.24,4.25,2.48,4.09,9.90,3.00,1.16,0.00,0.00,10.90,0.00,20.85,0.00,0.00,0.00,0.26
14,patnt,PW1,Intn1,95,100.39,4.91,2.66,4.22,10.24,3.04,1.18,0.00,0.00,11.61,0.00,23.33,0.00,0.00,0.00,0.29
14,patnt,PW1,Intn1,105,111.37,5.54,2.78,4.34,10.53,3.07,1.18,0.00,0.00,12.05,0.00,25.45,0.00,0.00,0.00,0.32
14,patnt,PW1,Intn1,115,121.14,6.14,2.85,4.44,10.78,3.09,1.17,0.00,0.00,12.28,0.00,27.23,0.00,0.00,0.00,0.35
14,patnt,PW1,Intn1,125,129.70,6.71,2.87,4.53,11.01,3.09,1.16,0.00,0.00,12.34,0.00,28.69,0.00,0.00,0.00,0.38
14,patnt,PW1,Intn1,135,137.07,7.24,2.84,4.62,11.23,3.09,1.14,0.00,0.00,12.28,0.00,29.86,0.00,0.00,0.00,0.40
14,patnt,PW1,Intn1,145,143.28,7.74,2.78,4.70,11.43,3.09,1.11,0.00,0.00,12.13,0.00,30.77,0.00,0.00,0.00,0.42
14,patnt,PW1,Intn1,155,148.40,8.21,2.69,4.78,11.63,3.08,1.08,0.00,0.00,11.92,0.00,31.46,0.00,0.00,0.00,0.44
14,patnt,PW1,Intn1,165,152.50,8.65,2.58,4.86,11.82,3.06,1.04,0.00,0.00,11.67,0.00,31.94,0.00,0.00,0.00,0.45
14,patnt,PW1,Intn1,175,155.63,9.06,2.45,4.94,12.00,3.04,1.01,0.00,0.00,11.38,0.00,32.25,0.00,0.00,0.00,0.46
14,patnt,PW1,Intn1,185,157.89,9.43,2.31,5.01,12.18,3.02,0.97,0.00,0.00,11.07,0.00,32.42,0.00,0.00,0.00,0.47
14,patnt,PW1,Intn1,195,159.33,9.78,2.16,5.08,12.35,3.00,0.92,0.00,0.00,10.76,0.00,32.45,0.00,0.00,0.00,0.48
14,patnt,PW1,Intn1,205,160.05,10.10,2.01,5.14,12.51,2.97,0.88,0.00,0.00,10.43,0.00,32.38,0.00,0.00,0.00,0.48
14,patnt,PW1,Intn1,215,160.11,10.40,1.86,5.21,12.67,2.94,0.84,0.00,0.00,10.10,0.00,32.22,0.00,0.00,0.00,0.48
14,patnt,PW1,Intn1,225,159.59,10.67,1.71,5.27,12.82,2.90,0.80,0.00,0.00,9.77,0.00,31.98,0.00,0.00,0.00,0.48
14,patnt,PW1,Intn1,235,158.54,10.91,1.57,5.32,12.96,2.87,0.75,0.00,0.00,9.44,0.00,31.67,0.00,0.00,0.00,0.48
14,patnt,PW1,Intn1,245,157.04,11.14,1.43,5.38,13.09,2.83,0.71,0.00,0.00,9.11,0.00,31.31,0.00,0.00,0.00,0.48
14,patnt,PW1,Intn1,255,155.15,11.35,1.31,5.43,13.22,2.79,0.67,0.00,0.00,8.79,0.00,30.91,0.00,0.00,0.00,0.48
17,3e,PRW,Prsnt,5,0.00,0.00,0.00,0.00,0.00,0.00,0.00,0.00,0.00,0.00,0.00,0.00,0.00,0.00,0.00,0.00
17,3e,PRW,Prsnt,15,0.14,1.59,3.77,0.03,0.14,0.00,0.00,0.00,0.00,0.13,0.00,0.04,0.00,0.00,0.00,0.00
17,3e,PRW,Prsnt,25,0.78,8.60,17.38,0.23,0.64,0.00,0.00,0.00,0.00,0.77,0.00,0.23,0.00,0.00,0.00,0.00
17,3e,PRW,Prsnt,35,1.86,20.34,36.49,0.49,1.21,0.00,0.00,0.00,0.00,1.82,0.00,0.55,0.00,0.00,0.00,0.00
17,3e,PRW,Prsnt,45,2.98,32.58,52.94,0.65,1.57,0.00,0.00,0.00,0.00,2.83,0.00,0.88,0.00,0.00,0.00,0.00
17,3e,PRW,Prsnt,55,3.84,42.31,62.98,0.68,1.67,0.00,0.00,0.00,0.00,3.50,0.00,1.13,0.00,0.00,0.00,0.00
17,3e,PRW,Prsnt,65,4.40,48.85,67.10,0.65,1.62,0.00,0.00,0.00,0.00,3.79,0.00,1.28,0.00,0.00,0.00,0.00
17,3e,PRW,Prsnt,75,4.69,52.66,67.03,0.59,1.50,0.00,0.00,0.00,0.00,3.81,0.00,1.34,0.00,0.00,0.00,0.00
17,3e,PRW,Prsnt,85,4.78,54.35,64.21,0.54,1.36,0.00,0.00,0.00,0.00,3.64,0.00,1.34,0.00,0.00,0.00,0.00
17,3e,PRW,Prsnt,95,4.71,54.41,59.64,0.48,1.22,0.00,0.00,0.00,0.00,3.35,0.00,1.30,0.00,0.00,0.00,0.00
17,3e,PRW,Prsnt,105,4.53,53.21,54.03,0.43,1.08,0.00,0.00,0.00,0.00,3.02,0.00,1.23,0.00,0.00,0.00,0.00
17,3e,PRW,Prsnt,115,4.27,51.07,47.92,0.38,0.96,0.00,0.00,0.00,0.00,2.66,0.00,1.14,0.00,0.00,0.00,0.00
17,3e,PRW,Prsnt,125,3.95,48.25,41.72,0.33,0.85,0.00,0.00,0.00,0.00,2.31,0.00,1.04,0.00,0.00,0.00,0.00
17,3e,PRW,Prsnt,135,3.61,44.99,35.72,0.29,0.75,0.00,0.00,0.00,0.00,1.99,0.00,0.93,0.00,0.00,0.00,0.00
17,3e,PRW,Prsnt,145,3.25,41.47,30.15,0.26,0.65,0.00,0.00,0.00,0.00,1.69,0.00,0.83,0.00,0.00,0.00,0.00
17,3e,PRW,Prsnt,155,2.89,37.84,25.10,0.22,0.57,0.00,0.00,0.00,0.00,1.43,0.00,0.73,0.00,0.00,0.00,0.00
17,3e,PRW,Prsnt,165,2.55,34.21,20.65,0.19,0.50,0.00,0.00,0.00,0.00,1.20,0.00,0.63,0.00,0.00,0.00,0.00
17,3e,PRW,Prsnt,175,2.23,30.68,16.80,0.17,0.43,0.00,0.00,0.00,0.00,1.00,0.00,0.55,0.00,0.00,0.00,0.00
17,3e,PRW,Prsnt,185,1.93,27.30,13.53,0.14,0.38,0.00,0.00,0.00,0.00,0.83,0.00,0.47,0.00,0.00,0.00,0.00
17,3e,PRW,Prsnt,195,1.66,24.13,10.79,0.12,0.32,0.00,0.00,0.00,0.00,0.69,0.00,0.40,0.00,0.00,0.00,0.00
17,3e,PRW,Prsnt,205,1.42,21.18,8.53,0.11,0.28,0.00,0.00,0.00,0.00,0.57,0.00,0.34,0.00,0.00,0.00,0.00
17,3e,PRW,Prsnt,215,1.20,18.47,6.69,0.09,0.24,0.00,0.00,0.00,0.00,0.46,0.00,0.28,0.00,0.00,0.00,0.00
17,3e,PRW,Prsnt,225,1.01,16.01,5.21,0.08,0.20,0.00,0.00,0.00,0.00,0.38,0.00,0.24,0.00,0.00,0.00,0.00
17,3e,PRW,Prsnt,235,0.85,13.80,4.02,0.06,0.17,0.00,0.00,0.00,0.00,0.31,0.00,0.20,0.00,0.00,0.00,0.00
17,3e,PRW,Prsnt,245,0.70,11.83,3.08,0.05,0.14,0.00,0.00,0.00,0.00,0.25,0.00,0.16,0.00,0.00,0.00,0.00
17,3e,PRW,Prsnt,255,0.58,10.08,2.35,0.04,0.12,0.00,0.00,0.00,0.00,0.20,0.00,0.13,0.00,0.00,0.00,0.00
18,patnt,PRW,Prsnt,5,0.00,0.00,0.00,0.00,0.00,0.00,0.00,0.00,0.00,0.00,0.00,0.00,0.00,0.00,0.00,0.00
18,patnt,PRW,Prsnt,15,0.07,1.19,2.31,0.11,0.05,0.02,0.00,0.12,0.00,0.20,0.00,0.03,0.00,0.00,0.00,0.00
18,patnt,PRW,Prsnt,25,0.47,7.04,11.69,0.73,0.25,0.15,0.00,0.36,0.00,1.23,0.00,0.18,0.00,0.00,0.00,0.00
18,patnt,PRW,Prsnt,35,1.23,18.45,27.18,1.73,0.53,0.36,0.00,0.59,0.00,3.22,0.00,0.49,0.00,0.00,0.00,0.00
18,patnt,PRW,Prsnt,45,2.19,32.91,43.89,2.55,0.77,0.51,0.00,0.76,0.00,5.56,0.00,0.86,0.00,0.00,0.00,0.00
18,patnt,PRW,Prsnt,55,3.16,47.69,58.26,2.98,0.91,0.59,0.00,0.85,0.00,7.67,0.00,1.24,0.00,0.00,0.00,0.00
18,patnt,PRW,Prsnt,65,4.05,61.51,69.36,3.18,0.99,0.62,0.00,0.90,0.00,9.30,0.00,1.56,0.00,0.00,0.00,0.00
18,patnt,PRW,Prsnt,75,4.83,74.18,77.50,3.26,1.02,0.63,0.00,0.91,0.00,10.44,0.00,1.83,0.00,0.00,0.00,0.00
18,patnt,PRW,Prsnt,85,5.51,85.79,83.18,3.30,1.04,0.62,0.00,0.90,0.00,11.17,0.00,2.06,0.00,0.00,0.00,0.00
18,patnt,PRW,Prsnt,95,6.10,96.40,86.72,3.32,1.05,0.62,0.00,0.89,0.00,11.57,0.00,2.24,0.00,0.00,0.00,0.00
18,patnt,PRW,Prsnt,105,6.60,106.02,88.35,3.32,1.05,0.61,0.00,0.87,0.00,11.71,0.00,2.39,0.00,0.00,0.00,0.00
18,patnt,PRW,Prsnt,115,7.00,114.68,88.32,3.32,1.05,0.59,0.00,0.84,0.00,11.65,0.00,2.49,0.00,0.00,0.00,0.00
18,patnt,PRW,Prsnt,125,7.33,122.42,86.87,3.31,1.05,0.58,0.00,0.81,0.00,11.44,0.00,2.57,0.00,0.00,0.00,0.00
18,patnt,PRW,Prsnt,135,7.58,129.29,84.26,3.30,1.04,0.57,0.00,0.78,0.00,11.14,0.00,2.61,0.00,0.00,0.00,0.00
18,patnt,PRW,Prsnt,145,7.75,135.34,80.75,3.29,1.04,0.55,0.00,0.74,0.00,10.77,0.00,2.64,0.00,0.00,0.00,0.00
18,patnt,PRW,Prsnt,155,7.87,140.65,76.58,3.28,1.04,0.54,0.00,0.71,0.00,10.37,0.00,2.64,0.00,0.00,0.00,0.00
18,patnt,PRW,Prsnt,165,7.93,145.29,71.98,3.27,1.03,0.53,0.00,0.67,0.00,9.95,0.00,2.63,0.00,0.00,0.00,0.00
18,patnt,PRW,Prsnt,175,7.94,149.31,67.12,3.26,1.03,0.52,0.00,0.64,0.00,9.53,0.00,2.61,0.00,0.00,0.00,0.00
18,patnt,PRW,Prsnt,185,7.92,152.79,62.15,3.25,1.03,0.50,0.00,0.60,0.00,9.11,0.00,2.57,0.00,0.00,0.00,0.00
18,patnt,PRW,Prsnt,195,7.86,155.79,57.22,3.24,1.02,0.49,0.00,0.56,0.00,8.70,0.00,2.53,0.00,0.00,0.00,0.00
18,patnt,PRW,Prsnt,205,7.77,158.36,52.40,3.23,1.02,0.48,0.00,0.53,0.00,8.31,0.00,2.49,0.00,0.00,0.00,0.00
18,patnt,PRW,Prsnt,215,7.66,160.55,47.77,3.22,1.02,0.47,0.00,0.50,0.00,7.92,0.00,2.44,0.00,0.00,0.00,0.00
18,patnt,PRW,Prsnt,225,7.52,162.41,43.37,3.21,1.02,0.45,0.00,0.46,0.00,7.56,0.00,2.39,0.00,0.00,0.00,0.00
18,patnt,PRW,Prsnt,235,7.38,163.99,39.24,3.20,1.01,0.44,0.00,0.43,0.00,7.21,0.00,2.33,0.00,0.00,0.00,0.00
18,patnt,PRW,Prsnt,245,7.22,165.31,35.40,3.19,1.01,0.43,0.00,0.40,0.00,6.87,0.00,2.28,0.00,0.00,0.00,0.00
18,patnt,PRW,Prsnt,255,7.05,166.42,31.85,3.19,1.01,0.42,0.00,0.38,0.00,6.55,0.00,2.22,0.00,0.00,0.00,0.00
19,3e,PRW,Exten,5,0.00,0.00,0.00,0.00,0.00,0.00,0.00,0.00,0.00,0.00,0.00,0.00,0.00,0.00,0.00,0.00
19,3e,PRW,Exten,15,0.00,1.54,2.51,0.00,0.00,0.00,0.00,0.00,0.00,0.29,0.00,0.12,0.00,0.00,0.00,0.00
19,3e,PRW,Exten,25,0.00,8.51,11.84,0.00,0.00,0.00,0.00,0.00,0.00,1.70,0.00,0.68,0.00,0.00,0.00,0.00
19,3e,PRW,Exten,35,0.00,20.76,25.66,0.00,0.00,0.00,0.00,0.00,0.00,4.13,0.00,1.68,0.00,0.00,0.00,0.00
19,3e,PRW,Exten,45,0.00,34.36,38.45,0.00,0.00,0.00,0.00,0.00,0.00,6.62,0.00,2.75,0.00,0.00,0.00,0.00
19,3e,PRW,Exten,55,0.00,46.07,47.23,0.00,0.00,0.00,0.00,0.00,0.00,8.44,0.00,3.63,0.00,0.00,0.00,0.00
19,3e,PRW,Exten,65,0.00,54.86,51.90,0.00,0.00,0.00,0.00,0.00,0.00,9.44,0.00,4.23,0.00,0.00,0.00,0.00
19,3e,PRW,Exten,75,0.00,60.90,53.40,0.00,0.00,0.00,0.00,0.00,0.00,9.76,0.00,4.58,0.00,0.00,0.00,0.00
19,3e,PRW,Exten,85,0.00,64.63,52.58,0.00,0.00,0.00,0.00,0.00,0.00,9.58,0.00,4.72,0.00,0.00,0.00,0.00
19,3e,PRW,Exten,95,0.00,66.37,50.11,0.00,0.00,0.00,0.00,0.00,0.00,9.07,0.00,4.70,0.00,0.00,0.00,0.00
19,3e,PRW,Exten,105,0.00,66.46,46.48,0.00,0.00,0.00,0.00,0.00,0.00,8.36,0.00,4.55,0.00,0.00,0.00,0.00
19,3e,PRW,Exten,115,0.00,65.16,42.11,0.00,0.00,0.00,0.00,0.00,0.00,7.54,0.00,4.31,0.00,0.00,0.00,0.00
19,3e,PRW,Exten,125,0.00,62.78,37.38,0.00,0.00,0.00,0.00,0.00,0.00,6.68,0.00,4.00,0.00,0.00,0.00,0.00
19,3e,PRW,Exten,135,0.00,59.57,32.58,0.00,0.00,0.00,0.00,0.00,0.00,5.84,0.00,3.66,0.00,0.00,0.00,0.00
19,3e,PRW,Exten,145,0.00,55.78,27.93,0.00,0.00,0.00,0.00,0.00,0.00,5.05,0.00,3.30,0.00,0.00,0.00,0.00
19,3e,PRW,Exten,155,0.00,51.61,23.58,0.00,0.00,0.00,0.00,0.00,0.00,4.33,0.00,2.94,0.00,0.00,0.00,0.00
19,3e,PRW,Exten,165,0.00,47.25,19.64,0.00,0.00,0.00,0.00,0.00,0.00,3.68,0.00,2.60,0.00,0.00,0.00,0.00
19,3e,PRW,Exten,175,0.00,42.84,16.16,0.00,0.00,0.00,0.00,0.00,0.00,3.11,0.00,2.27,0.00,0.00,0.00,0.00
19,3e,PRW,Exten,185,0.00,38.50,13.14,0.00,0.00,0.00,0.00,0.00,0.00,2.61,0.00,1.97,0.00,0.00,0.00,0.00
19,3e,PRW,Exten,195,0.00,34.31,10.57,0.00,0.00,0.00,0.00,0.00,0.00,2.18,0.00,1.69,0.00,0.00,0.00,0.00
19,3e,PRW,Exten,205,0.00,30.35,8.42,0.00,0.00,0.00,0.00,0.00,0.00,1.81,0.00,1.45,0.00,0.00,0.00,0.00
19,3e,PRW,Exten,215,0.00,26.64,6.65,0.00,0.00,0.00,0.00,0.00,0.00,1.49,0.00,1.23,0.00,0.00,0.00,0.00
19,3e,PRW,Exten,225,0.00,23.23,5.20,0.00,0.00,0.00,0.00,0.00,0.00,1.23,0.00,1.03,0.00,0.00,0.00,0.00
19,3e,PRW,Exten,235,0.00,20.13,4.04,0.00,0.00,0.00,0.00,0.00,0.00,1.00,0.00,0.87,0.00,0.00,0.00,0.00
19,3e,PRW,Exten,245,0.00,17.33,3.11,0.00,0.00,0.00,0.00,0.00,0.00,0.82,0.00,0.72,0.00,0.00,0.00,0.00
19,3e,PRW,Exten,255,0.00,14.83,2.38,0.00,0.00,0.00,0.00,0.00,0.00,0.66,0.00,0.60,0.00,0.00,0.00,0.00
20,patnt,PRW,Exten,5,0.00,0.00,0.00,0.00,0.00,0.00,0.00,0.00,0.00,0.00,0.00,0.00,0.00,0.00,0.00,0.00
20,patnt,PRW,Exten,15,0.07,1.19,2.31,0.11,0.05,0.02,0.00,0.12,0.00,0.20,0.00,0.03,0.00,0.00,0.00,0.00
20,patnt,PRW,Exten,25,0.47,7.04,11.69,0.73,0.25,0.15,0.00,0.36,0.00,1.23,0.00,0.18,0.00,0.00,0.00,0.00
20,patnt,PRW,Exten,35,1.23,18.45,27.18,1.73,0.53,0.36,0.00,0.59,0.00,3.22,0.00,0.49,0.00,0.00,0.00,0.00
20,patnt,PRW,Exten,45,2.19,32.91,43.89,2.55,0.77,0.51,0.00,0.76,0.00,5.56,0.00,0.86,0.00,0.00,0.00,0.00
20,patnt,PRW,Exten,55,3.16,47.69,58.26,2.98,0.91,0.59,0.00,0.85,0.00,7.67,0.00,1.24,0.00,0.00,0.00,0.00
20,patnt,PRW,Exten,65,4.05,61.51,69.36,3.18,0.99,0.62,0.00,0.90,0.00,9.30,0.00,1.56,0.00,0.00,0.00,0.00
20,patnt,PRW,Exten,75,4.83,74.18,77.50,3.26,1.02,0.63,0.00,0.91,0.00,10.44,0.00,1.83,0.00,0.00,0.00,0.00
20,patnt,PRW,Exten,85,5.51,85.79,83.18,3.30,1.04,0.62,0.00,0.90,0.00,11.17,0.00,2.06,0.00,0.00,0.00,0.00
20,patnt,PRW,Exten,95,6.10,96.40,86.72,3.32,1.05,0.62,0.00,0.89,0.00,11.57,0.00,2.24,0.00,0.00,0.00,0.00
20,patnt,PRW,Exten,105,6.60,106.02,88.35,3.32,1.05,0.61,0.00,0.87,0.00,11.71,0.00,2.39,0.00,0.00,0.00,0.00
20,patnt,PRW,Exten,115,7.00,114.68,88.32,3.32,1.05,0.59,0.00,0.84,0.00,11.65,0.00,2.49,0.00,0.00,0.00,0.00
20,patnt,PRW,Exten,125,7.33,122.42,86.87,3.31,1.05,0.58,0.00,0.81,0.00,11.44,0.00,2.57,0.00,0.00,0.00,0.00
20,patnt,PRW,Exten,135,7.58,129.29,84.26,3.30,1.04,0.57,0.00,0.78,0.00,11.14,0.00,2.61,0.00,0.00,0.00,0.00
20,patnt,PRW,Exten,145,7.75,135.34,80.75,3.29,1.04,0.55,0.00,0.74,0.00,10.77,0.00,2.64,0.00,0.00,0.00,0.00
20,patnt,PRW,Exten,155,7.87,140.65,76.58,3.28,1.04,0.54,0.00,0.71,0.00,10.37,0.00,2.64,0.00,0.00,0.00,0.00
20,patnt,PRW,Exten,165,7.93,145.29,71.98,3.27,1.03,0.53,0.00,0.67,0.00,9.95,0.00,2.63,0.00,0.00,0.00,0.00
20,patnt,PRW,Exten,175,7.94,149.31,67.12,3.26,1.03,0.52,0.00,0.64,0.00,9.53,0.00,2.61,0.00,0.00,0.00,0.00
20,patnt,PRW,Exten,185,7.92,152.79,62.15,3.25,1.03,0.50,0.00,0.60,0.00,9.11,0.00,2.57,0.00,0.00,0.00,0.00
20,patnt,PRW,Exten,195,7.86,155.79,57.22,3.24,1.02,0.49,0.00,0.56,0.00,8.70,0.00,2.53,0.00,0.00,0.00,0.00
20,patnt,PRW,Exten,205,7.77,158.36,52.40,3.23,1.02,0.48,0.00,0.53,0.00,8.31,0.00,2.49,0.00,0.00,0.00,0.00
20,patnt,PRW,Exten,215,7.66,160.55,47.77,3.22,1.02,0.47,0.00,0.50,0.00,7.92,0.00,2.44,0.00,0.00,0.00,0.00
20,patnt,PRW,Exten,225,7.52,162.41,43.37,3.21,1.02,0.45,0.00,0.46,0.00,7.56,0.00,2.39,0.00,0.00,0.00,0.00
20,patnt,PRW,Exten,235,7.38,163.99,39.24,3.20,1.01,0.44,0.00,0.43,0.00,7.21,0.00,2.33,0.00,0.00,0.00,0.00
20,patnt,PRW,Exten,245,7.22,165.31,35.40,3.19,1.01,0.43,0.00,0.40,0.00,6.87,0.00,2.28,0.00,0.00,0.00,0.00
20,patnt,PRW,Exten,255,7.05,166.42,31.85,3.19,1.01,0.42,0.00,0.38,0.00,6.55,0.00,2.22,0.00,0.00,0.00,0.00
21,3e,PRW,Basc1,5,0.00,0.00,0.00,0.00,0.00,0.00,0.00,0.00,0.00,0.00,0.00,0.00,0.00,0.00,0.00,0.00
21,3e,PRW,Basc1,15,0.14,1.59,3.77,0.03,0.14,0.00,0.00,0.00,0.00,0.13,0.00,0.04,0.00,0.00,0.00,0.00
21,3e,PRW,Basc1,25,0.78,8.60,17.38,0.23,0.64,0.00,0.00,0.00,0.00,0.77,0.00,0.23,0.00,0.00,0.00,0.00
21,3e,PRW,Basc1,35,1.86,20.34,36.49,0.49,1.21,0.00,0.00,0.00,0.00,1.82,0.00,0.55,0.00,0.00,0.00,0.00
21,3e,PRW,Basc1,45,2.98,32.58,52.94,0.65,1.57,0.00,0.00,0.00,0.00,2.83,0.00,0.88,0.00,0.00,0.00,0.00
21,3e,PRW,Basc1,55,3.84,42.31,62.98,0.68,1.67,0.00,0.00,0.00,0.00,3.50,0.00,1.13,0.00,0.00,0.00,0.00
21,3e,PRW,Basc1,65,4.40,48.85,67.10,0.65,1.62,0.00,0.00,0.00,0.00,3.79,0.00,1.28,0.00,0.00,0.00,0.00
21,3e,PRW,Basc1,75,4.69,52.66,67.03,0.59,1.50,0.00,0.00,0.00,0.00,3.81,0.00,1.34,0.00,0.00,0.00,0.00
21,3e,PRW,Basc1,85,4.78,54.35,64.21,0.54,1.36,0.00,0.00,0.00,0.00,3.64,0.00,1.34,0.00,0.00,0.00,0.00
21,3e,PRW,Basc1,95,4.71,54.41,59.64,0.48,1.22,0.00,0.00,0.00,0.00,3.35,0.00,1.30,0.00,0.00,0.00,0.00
21,3e,PRW,Basc1,105,4.53,53.21,54.03,0.43,1.08,0.00,0.00,0.00,0.00,3.02,0.00,1.23,0.00,0.00,0.00,0.00
21,3e,PRW,Basc1,115,4.27,51.07,47.92,0.38,0.96,0.00,0.00,0.00,0.00,2.66,0.00,1.14,0.00,0.00,0.00,0.00
21,3e,PRW,Basc1,125,3.95,48.25,41.72,0.33,0.85,0.00,0.00,0.00,0.00,2.31,0.00,1.04,0.00,0.00,0.00,0.00
21,3e,PRW,Basc1,135,3.61,44.99,35.72,0.29,0.75,0.00,0.00,0.00,0.00,1.99,0.00,0.93,0.00,0.00,0.00,0.00
21,3e,PRW,Basc1,145,3.25,41.47,30.15,0.26,0.65,0.00,0.00,0.00,0.00,1.69,0.00,0.83,0.00,0.00,0.00,0.00
21,3e,PRW,Basc1,155,2.89,37.84,25.10,0.22,0.57,0.00,0.00,0.00,0.00,1.43,0.00,0.73,0.00,0.00,0.00,0.00
21,3e,PRW,Basc1,165,2.55,34.21,20.65,0.19,0.50,0.00,0.00,0.00,0.00,1.20,0.00,0.63,0.00,0.00,0.00,0.00
21,3e,PRW,Basc1,175,2.23,30.68,16.80,0.17,0.43,0.00,0.00,0.00,0.00,1.00,0.00,0.55,0.00,0.00,0.00,0.00
21,3e,PRW,Basc1,185,1.93,27.30,13.53,0.14,0.38,0.00,0.00,0.00,0.00,0.83,0.00,0.47,0.00,0.00,0.00,0.00
21,3e,PRW,Basc1,195,1.66,24.13,10.79,0.12,0.32,0.00,0.00,0.00,0.00,0.69,0.00,0.40,0.00,0.00,0.00,0.00
21,3e,PRW,Basc1,205,1.42,21.18,8.53,0.11,0.28,0.00,0.00,0.00,0.00,0.57,0.00,0.34,0.00,0.00,0.00,0.00
21,3e,PRW,Basc1,215,1.20,18.47,6.69,0.09,0.24,0.00,0.00,0.00,0.00,0.46,0.00,0.28,0.00,0.00,0.00,0.00
21,3e,PRW,Basc1,225,1.01,16.01,5.21,0.08,0.20,0.00,0.00,0.00,0.00,0.38,0.00,0.24,0.00,0.00,0.00,0.00
21,3e,PRW,Basc1,235,0.85,13.80,4.02,0.06,0.17,0.00,0.00,0.00,0.00,0.31,0.00,0.20,0.00,0.00,0.00,0.00
21,3e,PRW,Basc1,245,0.70,11.83,3.08,0.05,0.14,0.00,0.00,0.00,0.00,0.25,0.00,0.16,0.00,0.00,0.00,0.00
21,3e,PRW,Basc1,255,0.58,10.08,2.35,0.04,0.12,0.00,0.00,0.00,0.00,0.20,0.00,0.13,0.00,0.00,0.00,0.00
22,patnt,PRW,Basc1,5,0.00,0.00,0.00,0.00,0.00,0.00,0.00,0.00,0.00,0.00,0.00,0.00,0.00,0.00,0.00,0.00
22,patnt,PRW,Basc1,15,0.07,1.19,2.31,0.11,0.05,0.02,0.00,0.12,0.00,0.20,0.00,0.03,0.00,0.00,0.00,0.00
22,patnt,PRW,Basc1,25,0.47,7.04,11.69,0.73,0.25,0.15,0.00,0.36,0.00,1.23,0.00,0.18,0.00,0.00,0.00,0.00
22,patnt,PRW,Basc1,35,1.23,18.45,27.18,1.73,0.53,0.36,0.00,0.59,0.00,3.22,0.00,0.49,0.00,0.00,0.00,0.00
22,patnt,PRW,Basc1,45,2.19,32.91,43.89,2.55,0.77,0.51,0.00,0.76,0.00,5.56,0.00,0.86,0.00,0.00,0.00,0.00
22,patnt,PRW,Basc1,55,3.16,47.69,58.26,2.98,0.91,0.59,0.00,0.85,0.00,7.67,0.00,1.24,0.00,0.00,0.00,0.00
22,patnt,PRW,Basc1,65,4.05,61.51,69.36,3.18,0.99,0.62,0.00,0.90,0.00,9.30,0.00,1.56,0.00,0.00,0.00,0.00
22,patnt,PRW,Basc1,75,4.83,74.18,77.50,3.26,1.02,0.63,0.00,0.91,0.00,10.44,0.00,1.83,0.00,0.00,0.00,0.00
22,patnt,PRW,Basc1,85,5.51,85.79,83.18,3.30,1.04,0.62,0.00,0.90,0.00,11.17,0.00,2.06,0.00,0.00,0.00,0.00
22,patnt,PRW,Basc1,95,6.10,96.40,86.72,3.32,1.05,0.62,0.00,0.89,0.00,11.57,0.00,2.24,0.00,0.00,0.00,0.00
22,patnt,PRW,Basc1,105,6.60,106.02,88.35,3.32,1.05,0.61,0.00,0.87,0.00,11.71,0.00,2.39,0.00,0.00,0.00,0.00
22,patnt,PRW,Basc1,115,7.00,114.68,88.32,3.32,1.05,0.59,0.00,0.84,0.00,11.65,0.00,2.49,0.00,0.00,0.00,0.00
22,patnt,PRW,Basc1,125,7.33,122.42,86.87,3.31,1.05,0.58,0.00,0.81,0.00,11.44,0.00,2.57,0.00,0.00,0.00,0.00
22,patnt,PRW,Basc1,135,7.58,129.29,84.26,3.30,1.04,0.57,0.00,0.78,0.00,11.14,0.00,2.61,0.00,0.00,0.00,0.00
22,patnt,PRW,Basc1,145,7.75,135.34,80.75,3.29,1.04,0.55,0.00,0.74,0.00,10.77,0.00,2.64,0.00,0.00,0.00,0.00
22,patnt,PRW,Basc1,155,7.87,140.65,76.58,3.28,1.04,0.54,0.00,0.71,0.00,10.37,0.00,2.64,0.00,0.00,0.00,0.00
22,patnt,PRW,Basc1,165,7.93,145.29,71.98,3.27,1.03,0.53,0.00,0.67,0.00,9.95,0.00,2.63,0.00,0.00,0.00,0.00
22,patnt,PRW,Basc1,175,7.94,149.31,67.12,3.26,1.03,0.52,0.00,0.64,0.00,9.53,0.00,2.61,0.00,0.00,0.00,0.00
22,patnt,PRW,Basc1,185,7.92,152.79,62.15,3.25,1.03,0.50,0.00,0.60,0.00,9.11,0.00,2.57,0.00,0.00,0.00,0.00
22,patnt,PRW,Basc1,195,7.86,155.79,57.22,3.24,1.02,0.49,0.00,0.56,0.00,8.70,0.00,2.53,0.00,0.00,0.00,0.00
22,patnt,PRW,Basc1,205,7.77,158.36,52.40,3.23,1.02,0.48,0.00,0.53,0.00,8.31,0.00,2.49,0.00,0.00,0.00,0.00
22,patnt,PRW,Basc1,215,7.66,160.55,47.77,3.22,1.02,0.47,0.00,0.50,0.00,7.92,0.00,2.44,0.00,0.00,0.00,0.00
22,patnt,PRW,Basc1,225,7.52,162.41,43.37,3.21,1.02,0.45,0.00,0.46,0.00,7.56,0.00,2.39,0.00,0.00,0.00,0.00
22,patnt,PRW,Basc1,235,7.38,163.99,39.24,3.20,1.01,0.44,0.00,0.43,0.00,7.21,0.00,2.33,0.00,0.00,0.00,0.00
22,patnt,PRW,Basc1,245,7.22,165.31,35.40,3.19,1.01,0.43,0.00,0.40,0.00,6.87,0.00,2.28,0.00,0.00,0.00,0.00
22,patnt,PRW,Basc1,255,7.05,166.42,31.85,3.19,1.01,0.42,0.00,0.38,0.00,6.55,0.00,2.22,0.00,0.00,0.00,0.00
23,3e,PRW,Basc2,5,0.00,0.00,0.00,0.00,0.00,0.00,0.00,0.00,0.00,0.00,0.00,0.00,0.00,0.00,0.00,0.00
23,3e,PRW,Basc2,15,0.00,2.42,4.68,0.00,0.00,0.00,0.00,0.00,0.00,0.82,0.00,0.00,0.00,0.00,0.00,0.00
23,3e,PRW,Basc2,25,0.00,13.02,21.46,0.00,0.00,0.00,0.00,0.00,0.00,4.61,0.00,0.00,0.00,0.00,0.00,0.00
23,3e,PRW,Basc2,35,0.00,31.05,45.43,0.00,0.00,0.00,0.00,0.00,0.00,10.94,0.00,0.00,0.00,0.00,0.00,0.00
23,3e,PRW,Basc2,45,0.00,50.43,66.81,0.00,0.00,0.00,0.00,0.00,0.00,17.21,0.00,0.00,0.00,0.00,0.00,0.00
23,3e,PRW,Basc2,55,0.00,66.63,80.86,0.00,0.00,0.00,0.00,0.00,0.00,21.63,0.00,0.00,0.00,0.00,0.00,0.00
23,3e,PRW,Basc2,65,0.00,78.43,87.84,0.00,0.00,0.00,0.00,0.00,0.00,23.92,0.00,0.00,0.00,0.00,0.00,0.00
23,3e,PRW,Basc2,75,0.00,86.29,89.55,0.00,0.00,0.00,0.00,0.00,0.00,24.51,0.00,0.00,0.00,0.00,0.00,0.00
23,3e,PRW,Basc2,85,0.00,90.93,87.58,0.00,0.00,0.00,0.00,0.00,0.00,23.90,0.00,0.00,0.00,0.00,0.00,0.00
23,3e,PRW,Basc2,95,0.00,92.90,83.01,0.00,0.00,0.00,0.00,0.00,0.00,22.50,0.00,0.00,0.00,0.00,0.00,0.00
23,3e,PRW,Basc2,105,0.00,92.65,76.69,0.00,0.00,0.00,0.00,0.00,0.00,20.64,0.00,0.00,0.00,0.00,0.00,0.00
23,3e,PRW,Basc2,115,0.00,90.58,69.29,0.00,0.00,0.00,0.00,0.00,0.00,18.56,0.00,0.00,0.00,0.00,0.00,0.00
23,3e,PRW,Basc2,125,0.00,87.07,61.37,0.00,0.00,0.00,0.00,0.00,0.00,16.42,0.00,0.00,0.00,0.00,0.00,0.00
23,3e,PRW,Basc2,135,0.00,82.49,53.40,0.00,0.00,0.00,0.00,0.00,0.00,14.34,0.00,0.00,0.00,0.00,0.00,0.00
23,3e,PRW,Basc2,145,0.00,77.15,45.72,0.00,0.00,0.00,0.00,0.00,0.00,12.39,0.00,0.00,0.00,0.00,0.00,0.00
23,3e,PRW,Basc2,155,0.00,71.33,38.58,0.00,0.00,0.00,0.00,0.00,0.00,10.61,0.00,0.00,0.00,0.00,0.00,0.00
23,3e,PRW,Basc2,165,0.00,65.27,32.11,0.00,0.00,0.00,0.00,0.00,0.00,9.02,0.00,0.00,0.00,0.00,0.00,0.00
23,3e,PRW,Basc2,175,0.00,59.15,26.41,0.00,0.00,0.00,0.00,0.00,0.00,7.62,0.00,0.00,0.00,0.00,0.00,0.00
23,3e,PRW,Basc2,185,0.00,53.14,21.47,0.00,0.00,0.00,0.00,0.00,0.00,6.39,0.00,0.00,0.00,0.00,0.00,0.00
23,3e,PRW,Basc2,195,0.00,47.35,17.27,0.00,0.00,0.00,0.00,0.00,0.00,5.33,0.00,0.00,0.00,0.00,0.00,0.00
23,3e,PRW,Basc2,205,0.00,41.87,13.76,0.00,0.00,0.00,0.00,0.00,0.00,4.43,0.00,0.00,0.00,0.00,0.00,0.00
23,3e,PRW,Basc2,215,0.00,36.76,10.86,0.00,0.00,0.00,0.00,0.00,0.00,3.66,0.00,0.00,0.00,0.00,0.00,0.00
23,3e,PRW,Basc2,225,0.00,32.05,8.50,0.00,0.00,0.00,0.00,0.00,0.00,3.01,0.00,0.00,0.00,0.00,0.00,0.00
23,3e,PRW,Basc2,235,0.00,27.77,6.60,0.00,0.00,0.00,0.00,0.00,0.00,2.46,0.00,0.00,0.00,0.00,0.00,0.00
23,3e,PRW,Basc2,245,0.00,23.90,5.08,0.00,0.00,0.00,0.00,0.00,0.00,2.00,0.00,0.00,0.00,0.00,0.00,0.00
23,3e,PRW,Basc2,255,0.00,20.45,3.88,0.00,0.00,0.00,0.00,0.00,0.00,1.62,0.00,0.00,0.00,0.00,0.00,0.00
24,patnt,PRW,Basc2,5,0.00,0.00,0.00,0.00,0.00,0.00,0.00,0.00,0.00,0.00,0.00,0.00,0.00,0.00,0.00,0.00
24,patnt,PRW,Basc2,15,0.07,1.19,2.31,0.11,0.05,0.02,0.00,0.12,0.00,0.20,0.00,0.03,0.00,0.00,0.00,0.00
24,patnt,PRW,Basc2,25,0.47,7.04,11.69,0.73,0.25,0.15,0.00,0.36,0.00,1.23,0.00,0.18,0.00,0.00,0.00,0.00
24,patnt,PRW,Basc2,35,1.23,18.45,27.18,1.73,0.53,0.36,0.00,0.59,0.00,3.22,0.00,0.49,0.00,0.00,0.00,0.00
24,patnt,PRW,Basc2,45,2.19,32.91,43.89,2.55,0.77,0.51,0.00,0.76,0.00,5.56,0.00,0.86,0.00,0.00,0.00,0.00
24,patnt,PRW,Basc2,55,3.16,47.69,58.26,2.98,0.91,0.59,0.00,0.85,0.00,7.67,0.00,1.24,0.00,0.00,0.00,0.00
24,patnt,PRW,Basc2,65,4.05,61.51,69.36,3.18,0.99,0.62,0.00,0.90,0.00,9.30,0.00,1.56,0.00,0.00,0.00,0.00
24,patnt,PRW,Basc2,75,4.83,74.18,77.50,3.26,1.02,0.63,0.00,0.91,0.00,10.44,0.00,1.83,0.00,0.00,0.00,0.00
24,patnt,PRW,Basc2,85,5.51,85.79,83.18,3.30,1.04,0.62,0.00,0.90,0.00,11.17,0.00,2.06,0.00,0.00,0.00,0.00
24,patnt,PRW,Basc2,95,6.10,96.40,86.72,3.32,1.05,0.62,0.00,0.89,0.00,11.57,0.00,2.24,0.00,0.00,0.00,0.00
24,patnt,PRW,Basc2,105,6.60,106.02,88.35,3.32,1.05,0.61,0.00,0.87,0.00,11.71,0.00,2.39,0.00,0.00,0.00,0.00
24,patnt,PRW,Basc2,115,7.00,114.68,88.32,3.32,1.05,0.59,0.00,0.84,0.00,11.65,0.00,2.49,0.00,0.00,0.00,0.00
24,patnt,PRW,Basc2,125,7.33,122.42,86.87,3.31,1.05,0.58,0.00,0.81,0.00,11.44,0.00,2.57,0.00,0.00,0.00,0.00
24,patnt,PRW,Basc2,135,7.58,129.29,84.26,3.30,1.04,0.57,0.00,0.78,0.00,11.14,0.00,2.61,0.00,0.00,0.00,0.00
24,patnt,PRW,Basc2,145,7.75,135.34,80.75,3.29,1.04,0.55,0.00,0.74,0.00,10.77,0.00,2.64,0.00,0.00,0.00,0.00
24,patnt,PRW,Basc2,155,7.87,140.65,76.58,3.28,1.04,0.54,0.00,0.71,0.00,10.37,0.00,2.64,0.00,0.00,0.00,0.00
24,patnt,PRW,Basc2,165,7.93,145.29,71.98,3.27,1.03,0.53,0.00,0.67,0.00,9.95,0.00,2.63,0.00,0.00,0.00,0.00
24,patnt,PRW,Basc2,175,7.94,149.31,67.12,3.26,1.03,0.52,0.00,0.64,0.00,9.53,0.00,2.61,0.00,0.00,0.00,0.00
24,patnt,PRW,Basc2,185,7.92,152.79,62.15,3.25,1.03,0.50,0.00,0.60,0.00,9.11,0.00,2.57,0.00,0.00,0.00,0.00
24,patnt,PRW,Basc2,195,7.86,155.79,57.22,3.24,1.02,0.49,0.00,0.56,0.00,8.70,0.00,2.53,0.00,0.00,0.00,0.00
24,patnt,PRW,Basc2,205,7.77,158.36,52.40,3.23,1.02,0.48,0.00,0.53,0.00,8.31,0.00,2.49,0.00,0.00,0.00,0.00
24,patnt,PRW,Basc2,215,7.66,160.55,47.77,3.22,1.02,0.47,0.00,0.50,0.00,7.92,0.00,2.44,0.00,0.00,0.00,0.00
24,patnt,PRW,Basc2,225,7.52,162.41,43.37,3.21,1.02,0.45,0.00,0.46,0.00,7.56,0.00,2.39,0.00,0.00,0.00,0.00
24,patnt,PRW,Basc2,235,7.38,163.99,39.24,3.20,1.01,0.44,0.00,0.43,0.00,7.21,0.00,2.33,0.00,0.00,0.00,0.00
24,patnt,PRW,Basc2,245,7.22,165.31,35.40,3.19,1.01,0.43,0.00,0.40,0.00,6.87,0.00,2.28,0.00,0.00,0.00,0.00
24,patnt,PRW,Basc2,255,7.05,166.42,31.85,3.19,1.01,0.42,0.00,0.38,0.00,6.55,0.00,2.22,0.00,0.00,0.00,0.00
25,3e,PRW,Intn1,5,0.00,0.00,0.00,0.00,0.00,0.00,0.00,0.00,0.00,0.00,0.00,0.00,0.00,0.00,0.00,0.00
25,3e,PRW,Intn1,15,0.00,1.78,0.74,1.00,0.00,0.30,0.00,1.54,0.00,0.46,0.00,0.03,0.00,0.00,0.00,0.00
25,3e,PRW,Intn1,25,0.00,10.34,3.70,6.38,0.00,1.89,0.00,4.36,0.00,2.79,0.00,0.18,0.00,0.00,0.00,0.00
25,3e,PRW,Intn1,35,0.00,26.15,8.31,14.52,0.00,4.21,0.00,6.96,0.00,7.02,0.00,0.47,0.00,0.00,0.00,0.00
25,3e,PRW,Intn1,45,0.00,45.13,12.98,20.61,0.00,5.83,0.00,8.62,0.00,11.74,0.00,0.81,0.00,0.00,0.00,0.00
25,3e,PRW,Intn1,55,0.00,62.74,16.54,23.17,0.00,6.42,0.00,9.26,0.00,15.52,0.00,1.11,0.00,0.00,0.00,0.00
25,3e,PRW,Intn1,65,0.00,76.61,18.64,23.36,0.00,6.37,0.00,9.19,0.00,17.81,0.00,1.33,0.00,0.00,0.00,0.00
25,3e,PRW,Intn1,75,0.00,86.42,19.48,22.43,0.00,6.02,0.00,8.71,0.00,18.70,0.00,1.46,0.00,0.00,0.00,0.00
25,3e,PRW,Intn1,85,0.00,92.60,19.37,21.03,0.00,5.55,0.00,8.03,0.00,18.54,0.00,1.52,0.00,0.00,0.00,0.00
25,3e,PRW,Intn1,95,0.00,95.67,18.57,19.43,0.00,5.04,0.00,7.27,0.00,17.66,0.00,1.52,0.00,0.00,0.00,0.00
25,3e,PRW,Intn1,105,0.00,96.11,17.28,17.77,0.00,4.53,0.00,6.48,0.00,16.32,0.00,1.48,0.00,0.00,0.00,0.00
25,3e,PRW,Intn1,115,0.00,94.42,15.69,16.13,0.00,4.04,0.00,5.71,0.00,14.74,0.00,1.40,0.00,0.00,0.00,0.00
25,3e,PRW,Intn1,125,0.00,91.04,13.94,14.53,0.00,3.57,0.00,4.97,0.00,13.08,0.00,1.30,0.00,0.00,0.00,0.00
25,3e,PRW,Intn1,135,0.00,86.40,12.15,13.02,0.00,3.14,0.00,4.29,0.00,11.44,0.00,1.19,0.00,0.00,0.00,0.00
25,3e,PRW,Intn1,145,0.00,80.88,10.41,11.61,0.00,2.74,0.00,3.67,0.00,9.90,0.00,1.07,0.00,0.00,0.00,0.00
25,3e,PRW,Intn1,155,0.00,74.80,8.78,10.29,0.00,2.38,0.00,3.11,0.00,8.48,0.00,0.96,0.00,0.00,0.00,0.00
25,3e,PRW,Intn1,165,0.00,68.43,7.31,9.08,0.00,2.06,0.00,2.61,0.00,7.21,0.00,0.84,0.00,0.00,0.00,0.00
25,3e,PRW,Intn1,175,0.00,62.00,6.01,7.98,0.00,1.77,0.00,2.18,0.00,6.08,0.00,0.74,0.00,0.00,0.00,0.00
25,3e,PRW,Intn1,185,0.00,55.67,4.88,6.98,0.00,1.51,0.00,1.80,0.00,5.10,0.00,0.64,0.00,0.00,0.00,0.00
25,3e,PRW,Intn1,195,0.00,49.58,3.92,6.08,0.00,1.29,0.00,1.48,0.00,4.26,0.00,0.55,0.00,0.00,0.00,0.00
25,3e,PRW,Intn1,205,0.00,43.81,3.12,5.27,0.00,1.09,0.00,1.21,0.00,3.53,0.00,0.47,0.00,0.00,0.00,0.00
25,3e,PRW,Intn1,215,0.00,38.44,2.46,4.54,0.00,0.92,0.00,0.98,0.00,2.91,0.00,0.39,0.00,0.00,0.00,0.00
25,3e,PRW,Intn1,225,0.00,33.50,1.93,3.90,0.00,0.77,0.00,0.79,0.00,2.39,0.00,0.33,0.00,0.00,0.00,0.00
25,3e,PRW,Intn1,235,0.00,29.01,1.49,3.34,0.00,0.64,0.00,0.63,0.00,1.96,0.00,0.28,0.00,0.00,0.00,0.00
25,3e,PRW,Intn1,245,0.00,24.96,1.15,2.84,0.00,0.53,0.00,0.50,0.00,1.59,0.00,0.23,0.00,0.00,0.00,0.00
25,3e,PRW,Intn1,255,0.00,21.35,0.88,2.41,0.00,0.44,0.00,0.40,0.00,1.29,0.00,0.19,0.00,0.00,0.00,0.00
26,patnt,PRW,Intn1,5,0.00,0.00,0.00,0.00,0.00,0.00,0.00,0.00,0.00,0.00,0.00,0.00,0.00,0.00,0.00,0.00
26,patnt,PRW,Intn1,15,0.07,1.19,2.31,0.11,0.05,0.02,0.00,0.12,0.00,0.20,0.00,0.03,0.00,0.00,0.00,0.00
26,patnt,PRW,Intn1,25,0.47,7.04,11.69,0.73,0.25,0.15,0.00,0.36,0.00,1.23,0.00,0.18,0.00,0.00,0.00,0.00
26,patnt,PRW,Intn1,35,1.23,18.45,27.18,1.73,0.53,0.36,0.00,0.59,0.00,3.22,0.00,0.49,0.00,0.00,0.00,0.00
26,patnt,PRW,Intn1,45,2.19,32.91,43.89,2.55,0.77,0.51,0.00,0.76,0.00,5.56,0.00,0.86,0.00,0.00,0.00,0.00
26,patnt,PRW,Intn1,55,3.16,47.69,58.26,2.98,0.91,0.59,0.00,0.85,0.00,7.67,0.00,1.24,0.00,0.00,0.00,0.00
26,patnt,PRW,Intn1,65,4.05,61.51,69.36,3.18,0.99,0.62,0.00,0.90,0.00,9.30,0.00,1.56,0.00,0.00,0.00,0.00
26,patnt,PRW,Intn1,75,4.83,74.18,77.50,3.26,1.02,0.63,0.00,0.91,0.00,10.44,0.00,1.83,0.00,0.00,0.00,0.00
26,patnt,PRW,Intn1,85,5.51,85.79,83.18,3.30,1.04,0.62,0.00,0.90,0.00,11.17,0.00,2.06,0.00,0.00,0.00,0.00
26,patnt,PRW,Intn1,95,6.10,96.40,86.72,3.32,1.05,0.62,0.00,0.89,0.00,11.57,0.00,2.24,0.00,0.00,0.00,0.00
26,patnt,PRW,Intn1,105,6.60,106.02,88.35,3.32,1.05,0.61,0.00,0.87,0.00,11.71,0.00,2.39,0.00,0.00,0.00,0.00
26,patnt,PRW,Intn1,115,7.00,114.68,88.32,3.32,1.05,0.59,0.00,0.84,0.00,11.65,0.00,2.49,0.00,0.00,0.00,0.00
26,patnt,PRW,Intn1,125,7.33,122.42,86.87,3.31,1.05,0.58,0.00,0.81,0.00,11.44,0.00,2.57,0.00,0.00,0.00,0.00
26,patnt,PRW,Intn1,135,7.58,129.29,84.26,3.30,1.04,0.57,0.00,0.78,0.00,11.14,0.00,2.61,0.00,0.00,0.00,0.00
26,patnt,PRW,Intn1,145,7.75,135.34,80.75,3.29,1.04,0.55,0.00,0.74,0.00,10.77,0.00,2.64,0.00,0.00,0.00,0.00
26,patnt,PRW,Intn1,155,7.87,140.65,76.58,3.28,1.04,0.54,0.00,0.71,0.00,10.37,0.00,2.64,0.00,0.00,0.00,0.00
26,patnt,PRW,Intn1,165,7.93,145.29,71.98,3.27,1.03,0.53,0.00,0.67,0.00,9.95,0.00,2.63,0.00,0.00,0.00,0.00
26,patnt,PRW,Intn1,175,7.94,149.31,67.12,3.26,1.03,0.52,0.00,0.64,0.00,9.53,0.00,2.61,0.00,0.00,0.00,0.00
26,patnt,PRW,Intn1,185,7.92,152.79,62.15,3.25,1.03,0.50,0.00,0.60,0.00,9.11,0.00,2.57,0.00,0.00,0.00,0.00
26,patnt,PRW,Intn1,195,7.86,155.79,57.22,3.24,1.02,0.49,0.00,0.56,0.00,8.70,0.00,2.53,0.00,0.00,0.00,0.00
26,patnt,PRW,Intn1,205,7.77,158.36,52.40,3.23,1.02,0.48,0.00,0.53,0.00,8.31,0.00,2.49,0.00,0.00,0.00,0.00
26,patnt,PRW,Intn1,215,7.66,160.55,47.77,3.22,1.02,0.47,0.00,0.50,0.00,7.92,0.00,2.44,0.00,0.00,0.00,0.00
26,patnt,PRW,Intn1,225,7.52,162.41,43.37,3.21,1.02,0.45,0.00,0.46,0.00,7.56,0.00,2.39,0.00,0.00,0.00,0.00
26,patnt,PRW,Intn1,235,7.38,163.99,39.24,3.20,1.01,0.44,0.00,0.43,0.00,7.21,0.00,2.33,0.00,0.00,0.00,0.00
26,patnt,PRW,Intn1,245,7.22,165.31,35.40,3.19,1.01,0.43,0.00,0.40,0.00,6.87,0.00,2.28,0.00,0.00,0.00,0.00
26,patnt,PRW,Intn1,255,7.05,166.42,31.85,3.19,1.01,0.42,0.00,0.38,0.00,6.55,0.00,2.22,0.00,0.00,0.00,0.00
29,3e,LH1,Prsnt,5,0.00,0.00,0.00,0.00,0.00,0.00,0.00,0.00,0.00,0.00,0.00,0.00,0.00,0.00,0.00,0.00
29,3e,LH1,Prsnt,15,0.01,0.00,0.01,0.04,0.10,0.03,0.04,0.00,0.00,0.03,0.00,0.08,5.70206147061742e-03,0.00,6.73722269441541e-03,0.05
29,3e,LH1,Prsnt,25,0.08,0.00,0.08,0.29,0.46,0.19,0.12,0.00,0.00,0.21,0.00,0.50,0.03,0.00,0.03,0.28
29,3e,LH1,Prsnt,35,0.27,0.00,0.25,0.87,1.22,0.55,0.25,0.00,0.00,0.70,0.00,1.64,0.10,0.00,0.08,0.88
29,3e,LH1,Prsnt,45,0.63,0.00,0.54,1.68,2.31,1.05,0.42,0.00,0.00,1.60,0.00,3.83,0.23,0.00,0.18,2.01
29,3e,LH1,Prsnt,55,1.16,0.00,0.92,2.51,3.50,1.53,0.60,0.00,0.00,2.81,0.00,6.94,0.42,0.00,0.30,3.62
29,3e,LH1,Prsnt,65,1.75,0.00,1.29,3.15,4.45,1.89,0.75,0.00,0.00,4.01,0.00,10.31,0.63,0.00,0.43,5.36
29,3e,LH1,Prsnt,75,2.24,0.00,1.54,3.46,4.94,2.04,0.81,0.00,0.00,4.82,0.00,12.96,0.81,0.00,0.52,6.76
29,3e,LH1,Prsnt,85,2.47,0.00,1.60,3.39,4.86,1.97,0.78,0.00,0.00,5.00,0.00,14.10,0.89,0.00,0.56,7.41
29,3e,LH1,Prsnt,95,2.41,0.00,1.47,3.00,4.30,1.71,0.67,0.00,0.00,4.55,0.00,13.50,0.86,0.00,0.53,7.17
29,3e,LH1,Prsnt,105,2.08,0.00,1.20,2.40,3.45,1.34,0.53,0.00,0.00,3.68,0.00,11.48,0.75,0.00,0.44,6.18
29,3e,LH1,Prsnt,115,1.61,0.00,0.87,1.75,2.51,0.96,0.37,0.00,0.00,2.67,0.00,8.74,0.58,0.00,0.34,4.78
29,3e,LH1,Prsnt,125,1.12,0.00,0.57,1.16,1.67,0.62,0.24,0.00,0.00,1.74,0.00,5.99,0.40,0.00,0.23,3.32
29,3e,LH1,Prsnt,135,0.70,0.00,0.33,0.70,1.01,0.37,0.14,0.00,0.00,1.03,0.00,3.71,0.25,0.00,0.14,2.09
29,3e,LH1,Prsnt,145,0.40,0.00,0.18,0.39,0.56,0.20,0.07,0.00,0.00,0.55,0.00,2.08,0.14,0.00,0.08,1.19
29,3e,LH1,Prsnt,155,0.20,0.00,0.08,0.19,0.28,0.10,0.03,0.00,0.00,0.27,0.00,1.06,0.07,0.00,0.04,0.62
29,3e,LH1,Prsnt,165,0.09,0.00,0.03,0.09,0.13,0.04,0.01,0.00,0.00,0.12,0.00,0.49,0.03,0.00,0.02,0.29
29,3e,LH1,Prsnt,175,0.04,0.00,0.01,0.03,0.05,0.01,6.50024642373788e-03,0.00,0.00,0.05,0.00,0.20,0.01,0.00,8.76169537451392e-03,0.12
29,3e,LH1,Prsnt,185,0.01,0.00,5.50580781548608e-03,0.01,0.02,7.31722033412712e-03,2.3988503732465e-03,0.00,0.00,0.01,0.00,0.08,6.24848223806059e-03,0.00,3.43798659342948e-03,0.04
29,3e,LH1,Prsnt,195,5.80021478524657e-03,0.00,1.81515785340241e-03,5.46561671071651e-03,7.86796219875771e-03,2.55569288406119e-03,8.08837946492446e-04,0.00,0.00,6.39638759107789e-03,0.00,0.02,2.25225681890699e-03,0.00,1.2320196846599e-03,0.01
29,3e,LH1,Prsnt,205,1.88123195727074e-03,0.00,5.45330554142737e-04,1.78776802932266e-03,2.57417155223346e-03,8.17549531081069e-04,2.49252847829439e-04,0.00,0.00,2.00294125465045e-03,0.00,9.16882604868385e-03,7.41777014689887e-04,0.00,4.03380755408917e-04,5.72034643278392e-03
29,3e,LH1,Prsnt,215,5.57172498710032e-04,0.00,1.49409287023346e-04,5.35790385684352e-04,7.71657631990077e-04,2.39552823195726e-04,7.021892371589e-05,0.00,0.00,5.74311750330771e-04,0.00,2.70093970470534e-03,2.23343904783044e-04,0.00,1.20711507510504e-04,1.70213361764524e-03
29,3e,LH1,Prsnt,225,1.50766045274646e-04,0.00,3.73544579852012e-05,1.47133191792807e-04,2.11955159798235e-04,6.4298177771284e-05,1.80885350269671e-05,0.00,0.00,1.5081966656709e-04,0.00,7.27807070632949e-04,6.15052859186539e-05,0.00,3.30250712886628e-05,4.62702789492469e-04
29,3e,LH1,Prsnt,235,3.72878742135065e-05,0.00,8.5268935572546e-06,3.70230386598067e-05,5.33468966565989e-05,1.58098327434663e-05,4.26162684489215e-06,0.00,0.00,3.62790688676904e-05,0.00,1.79462073963827e-04,1.54969977082294e-05,0.00,8.26239322177489e-06,1.14949567825105e-04
29,3e,LH1,Prsnt,245,8.43213677622872e-06,0.00,1.77798003913515e-06,8.53666867419247e-06,1.23035217702949e-05,3.56125621272777e-06,9.18434170591245e-07,0.00,0.00,7.99430751187359e-06,0.00,4.05048691898237e-05,3.57364534955705e-06,0.00,1.89070863873947e-06,2.61064076208424e-05
29,3e,LH1,Prsnt,255,1.74399800496448e-06,0.00,3.38787284940586e-07,1.8037076090472e-06,2.60022669788915e-06,7.34918424317433e-07,1.81088510980681e-07,0.00,0.00,1.61383346685958e-06,0.00,8.36984649535847e-06,7.54420507268387e-07,0.00,3.95801246057083e-07,5.42177331030081e-06
30,patnt,LH1,Prsnt,5,0.00,0.00,0.00,0.00,0.00,0.00,0.00,0.00,0.00,0.00,0.00,0.00,0.00,0.00,0.00,0.00
30,patnt,LH1,Prsnt,15,0.05,0.00,0.06,0.18,0.38,0.11,0.16,0.00,0.00,0.13,0.00,0.32,0.02,0.00,0.02,0.19
30,patnt,LH1,Prsnt,25,0.20,0.00,0.21,0.72,1.13,0.47,0.29,0.00,0.00,0.52,0.00,1.22,0.07,0.00,0.07,0.68
30,patnt,LH1,Prsnt,35,0.46,0.00,0.43,1.48,2.07,0.94,0.42,0.00,0.00,1.19,0.00,2.78,0.17,0.00,0.14,1.49
30,patnt,LH1,Prsnt,45,0.82,0.00,0.70,2.17,2.98,1.35,0.54,0.00,0.00,2.06,0.00,4.92,0.30,0.00,0.23,2.59
30,patnt,LH1,Prsnt,55,1.24,0.00,0.98,2.68,3.73,1.63,0.65,0.00,0.00,3.00,0.00,7.41,0.45,0.00,0.32,3.86
30,patnt,LH1,Prsnt,65,1.69,0.00,1.24,3.04,4.31,1.82,0.72,0.00,0.00,3.88,0.00,9.96,0.61,0.00,0.41,5.18
30,patnt,LH1,Prsnt,75,2.14,0.00,1.47,3.30,4.71,1.95,0.77,0.00,0.00,4.60,0.00,12.37,0.77,0.00,0.50,6.46
30,patnt,LH1,Prsnt,85,2.55,0.00,1.65,3.49,5.00,2.03,0.80,0.00,0.00,5.15,0.00,14.52,0.91,0.00,0.57,7.63
30,patnt,LH1,Prsnt,95,2.92,0.00,1.78,3.63,5.21,2.07,0.82,0.00,0.00,5.51,0.00,16.35,1.05,0.00,0.64,8.69
30,patnt,LH1,Prsnt,105,3.24,0.00,1.86,3.73,5.36,2.09,0.82,0.00,0.00,5.73,0.00,17.85,1.16,0.00,0.69,9.61
30,patnt,LH1,Prsnt,115,3.51,0.00,1.90,3.81,5.47,2.10,0.81,0.00,0.00,5.82,0.00,19.04,1.26,0.00,0.74,10.40
30,patnt,LH1,Prsnt,125,3.74,0.00,1.90,3.86,5.56,2.09,0.80,0.00,0.00,5.81,0.00,19.95,1.35,0.00,0.78,11.07
30,patnt,LH1,Prsnt,135,3.92,0.00,1.87,3.91,5.62,2.07,0.78,0.00,0.00,5.74,0.00,20.60,1.42,0.00,0.81,11.62
30,patnt,LH1,Prsnt,145,4.06,0.00,1.82,3.95,5.68,2.05,0.75,0.00,0.00,5.62,0.00,21.05,1.49,0.00,0.84,12.07
30,patnt,LH1,Prsnt,155,4.17,0.00,1.74,3.98,5.72,2.02,0.72,0.00,0.00,5.47,0.00,21.31,1.54,0.00,0.86,12.42
30,patnt,LH1,Prsnt,165,4.24,0.00,1.65,4.00,5.76,1.99,0.69,0.00,0.00,5.30,0.00,21.43,1.58,0.00,0.88,12.69
30,patnt,LH1,Prsnt,175,4.29,0.00,1.55,4.02,5.79,1.96,0.66,0.00,0.00,5.12,0.00,21.43,1.62,0.00,0.89,12.88
30,patnt,LH1,Prsnt,185,4.31,0.00,1.45,4.04,5.82,1.93,0.63,0.00,0.00,4.94,0.00,21.34,1.65,0.00,0.90,13.00
30,patnt,LH1,Prsnt,195,4.31,0.00,1.35,4.06,5.85,1.90,0.60,0.00,0.00,4.75,0.00,21.17,1.67,0.00,0.91,13.05
30,patnt,LH1,Prsnt,205,4.29,0.00,1.24,4.08,5.87,1.86,0.56,0.00,0.00,4.57,0.00,20.93,1.69,0.00,0.92,13.06
30,patnt,LH1,Prsnt,215,4.26,0.00,1.14,4.09,5.90,1.83,0.53,0.00,0.00,4.39,0.00,20.66,1.70,0.00,0.92,13.02
30,patnt,LH1,Prsnt,225,4.21,0.00,1.04,4.11,5.92,1.79,0.50,0.00,0.00,4.21,0.00,20.35,1.71,0.00,0.92,12.93
30,patnt,LH1,Prsnt,235,4.15,0.00,0.95,4.12,5.94,1.76,0.47,0.00,0.00,4.04,0.00,20.01,1.72,0.00,0.92,12.81
30,patnt,LH1,Prsnt,245,4.09,0.00,0.86,4.14,5.97,1.72,0.44,0.00,0.00,3.87,0.00,19.65,1.73,0.00,0.91,12.66
30,patnt,LH1,Prsnt,255,4.01,0.00,0.78,4.15,5.99,1.69,0.41,0.00,0.00,3.71,0.00,19.28,1.73,0.00,0.91,12.49
31,3e,LH1,Exten,5,0.00,0.00,0.00,0.00,0.00,0.00,0.00,0.00,0.00,0.00,0.00,0.00,0.00,0.00,0.00,0.00
31,3e,LH1,Exten,15,0.01,0.00,0.01,0.04,0.10,0.03,0.04,0.00,0.00,0.03,0.00,0.08,5.70206147061742e-03,0.00,6.73722269441541e-03,0.05
31,3e,LH1,Exten,25,0.08,0.00,0.08,0.29,0.46,0.19,0.12,0.00,0.00,0.21,0.00,0.50,0.03,0.00,0.03,0.28
31,3e,LH1,Exten,35,0.27,0.00,0.25,0.87,1.22,0.55,0.25,0.00,0.00,0.70,0.00,1.64,0.10,0.00,0.08,0.88
31,3e,LH1,Exten,45,0.63,0.00,0.54,1.68,2.31,1.05,0.42,0.00,0.00,1.60,0.00,3.83,0.23,0.00,0.18,2.01
31,3e,LH1,Exten,55,1.16,0.00,0.92,2.51,3.50,1.53,0.60,0.00,0.00,2.81,0.00,6.94,0.42,0.00,0.30,3.62
31,3e,LH1,Exten,65,1.75,0.00,1.29,3.15,4.45,1.89,0.75,0.00,0.00,4.01,0.00,10.31,0.63,0.00,0.43,5.36
31,3e,LH1,Exten,75,2.24,0.00,1.54,3.46,4.94,2.04,0.81,0.00,0.00,4.82,0.00,12.96,0.81,0.00,0.52,6.76
31,3e,LH1,Exten,85,2.47,0.00,1.60,3.39,4.86,1.97,0.78,0.00,0.00,5.00,0.00,14.10,0.89,0.00,0.56,7.41
31,3e,LH1,Exten,95,2.41,0.00,1.47,3.00,4.30,1.71,0.67,0.00,0.00,4.55,0.00,13.50,0.86,0.00,0.53,7.17
31,3e,LH1,Exten,105,2.08,0.00,1.20,2.40,3.45,1.34,0.53,0.00,0.00,3.68,0.00,11.48,0.75,0.00,0.44,6.18
31,3e,LH1,Exten,115,1.61,0.00,0.87,1.75,2.51,0.96,0.37,0.00,0.00,2.67,0.00,8.74,0.58,0.00,0.34,4.78
31,3e,LH1,Exten,125,1.12,0.00,0.57,1.16,1.67,0.62,0.24,0.00,0.00,1.74,0.00,5.99,0.40,0.00,0.23,3.32
31,3e,LH1,Exten,135,0.70,0.00,0.33,0.70,1.01,0.37,0.14,0.00,0.00,1.03,0.00,3.71,0.25,0.00,0.14,2.09
31,3e,LH1,Exten,145,0.40,0.00,0.18,0.39,0.56,0.20,0.07,0.00,0.00,0.55,0.00,2.08,0.14,0.00,0.08,1.19
31,3e,LH1,Exten,155,0.20,0.00,0.08,0.19,0.28,0.10,0.03,0.00,0.00,0.27,0.00,1.06,0.07,0.00,0.04,0.62
31,3e,LH1,Exten,165,0.09,0.00,0.03,0.09,0.13,0.04,0.01,0.00,0.00,0.12,0.00,0.49,0.03,0.00,0.02,0.29
31,3e,LH1,Exten,175,0.04,0.00,0.01,0.03,0.05,0.01,6.50024642373788e-03,0.00,0.00,0.05,0.00,0.20,0.01,0.00,8.76169537451392e-03,0.12
31,3e,LH1,Exten,185,0.01,0.00,5.50580781548608e-03,0.01,0.02,7.31722033412712e-03,2.3988503732465e-03,0.00,0.00,0.01,0.00,0.08,6.24848223806059e-03,0.00,3.43798659342948e-03,0.04
31,3e,LH1,Exten,195,5.80021478524657e-03,0.00,1.81515785340241e-03,5.46561671071651e-03,7.86796219875771e-03,2.55569288406119e-03,8.08837946492446e-04,0.00,0.00,6.39638759107789e-03,0.00,0.02,2.25225681890699e-03,0.00,1.2320196846599e-03,0.01
31,3e,LH1,Exten,205,1.88123195727074e-03,0.00,5.45330554142737e-04,1.78776802932266e-03,2.57417155223346e-03,8.17549531081069e-04,2.49252847829439e-04,0.00,0.00,2.00294125465045e-03,0.00,9.16882604868385e-03,7.41777014689887e-04,0.00,4.03380755408917e-04,5.72034643278392e-03
31,3e,LH1,Exten,215,5.57172498710032e-04,0.00,1.49409287023346e-04,5.35790385684352e-04,7.71657631990077e-04,2.39552823195726e-04,7.021892371589e-05,0.00,0.00,5.74311750330771e-04,0.00,2.70093970470534e-03,2.23343904783044e-04,0.00,1.20711507510504e-04,1.70213361764524e-03
31,3e,LH1,Exten,225,1.50766045274646e-04,0.00,3.73544579852012e-05,1.47133191792807e-04,2.11955159798235e-04,6.4298177771284e-05,1.80885350269671e-05,0.00,0.00,1.5081966656709e-04,0.00,7.27807070632949e-04,6.15052859186539e-05,0.00,3.30250712886628e-05,4.62702789492469e-04
31,3e,LH1,Exten,235,3.72878742135065e-05,0.00,8.5268935572546e-06,3.70230386598067e-05,5.33468966565989e-05,1.58098327434663e-05,4.26162684489215e-06,0.00,0.00,3.62790688676904e-05,0.00,1.79462073963827e-04,1.54969977082294e-05,0.00,8.26239322177489e-06,1.14949567825105e-04
31,3e,LH1,Exten,245,8.43213677622872e-06,0.00,1.77798003913515e-06,8.53666867419247e-06,1.23035217702949e-05,3.56125621272777e-06,9.18434170591245e-07,0.00,0.00,7.99430751187359e-06,0.00,4.05048691898237e-05,3.57364534955705e-06,0.00,1.89070863873947e-06,2.61064076208424e-05
31,3e,LH1,Exten,255,1.74399800496448e-06,0.00,3.38787284940586e-07,1.8037076090472e-06,2.60022669788915e-06,7.34918424317433e-07,1.81088510980681e-07,0.00,0.00,1.61383346685958e-06,0.00,8.36984649535847e-06,7.54420507268387e-07,0.00,3.95801246057083e-07,5.42177331030081e-06
32,patnt,LH1,Exten,5,0.00,0.00,0.00,0.00,0.00,0.00,0.00,0.00,0.00,0.00,0.00,0.00,0.00,0.00,0.00,0.00
32,patnt,LH1,Exten,15,0.05,0.00,0.06,0.18,0.38,0.11,0.16,0.00,0.00,0.13,0.00,0.32,0.02,0.00,0.02,0.19
32,patnt,LH1,Exten,25,0.20,0.00,0.21,0.72,1.13,0.47,0.29,0.00,0.00,0.52,0.00,1.22,0.07,0.00,0.07,0.68
32,patnt,LH1,Exten,35,0.46,0.00,0.43,1.48,2.07,0.94,0.42,0.00,0.00,1.19,0.00,2.78,0.17,0.00,0.14,1.49
32,patnt,LH1,Exten,45,0.82,0.00,0.70,2.17,2.98,1.35,0.54,0.00,0.00,2.06,0.00,4.92,0.30,0.00,0.23,2.59
32,patnt,LH1,Exten,55,1.24,0.00,0.98,2.68,3.73,1.63,0.65,0.00,0.00,3.00,0.00,7.41,0.45,0.00,0.32,3.86
32,patnt,LH1,Exten,65,1.69,0.00,1.24,3.04,4.31,1.82,0.72,0.00,0.00,3.88,0.00,9.96,0.61,0.00,0.41,5.18
32,patnt,LH1,Exten,75,2.14,0.00,1.47,3.30,4.71,1.95,0.77,0.00,0.00,4.60,0.00,12.37,0.77,0.00,0.50,6.46
32,patnt,LH1,Exten,85,2.55,0.00,1.65,3.49,5.00,2.03,0.80,0.00,0.00,5.15,0.00,14.52,0.91,0.00,0.57,7.63
32,patnt,LH1,Exten,95,2.92,0.00,1.78,3.63,5.21,2.07,0.82,0.00,0.00,5.51,0.00,16.35,1.05,0.00,0.64,8.69
32,patnt,LH1,Exten,105,3.24,0.00,1.86,3.73,5.36,2.09,0.82,0.00,0.00,5.73,0.00,17.85,1.16,0.00,0.69,9.61
32,patnt,LH1,Exten,115,3.51,0.00,1.90,3.81,5.47,2.10,0.81,0.00,0.00,5.82,0.00,19.04,1.26,0.00,0.74,10.40
32,patnt,LH1,Exten,125,3.74,0.00,1.90,3.86,5.56,2.09,0.80,0.00,0.00,5.81,0.00,19.95,1.35,0.00,0.78,11.07
32,patnt,LH1,Exten,135,3.92,0.00,1.87,3.91,5.62,2.07,0.78,0.00,0.00,5.74,0.00,20.60,1.42,0.00,0.81,11.62
32,patnt,LH1,Exten,145,4.06,0.00,1.82,3.95,5.68,2.05,0.75,0.00,0.00,5.62,0.00,21.05,1.49,0.00,0.84,12.07
32,patnt,LH1,Exten,155,4.17,0.00,1.74,3.98,5.72,2.02,0.72,0.00,0.00,5.47,0.00,21.31,1.54,0.00,0.86,12.42
32,patnt,LH1,Exten,165,4.24,0.00,1.65,4.00,5.76,1.99,0.69,0.00,0.00,5.30,0.00,21.43,1.58,0.00,0.88,12.69
32,patnt,LH1,Exten,175,4.29,0.00,1.55,4.02,5.79,1.96,0.66,0.00,0.00,5.12,0.00,21.43,1.62,0.00,0.89,12.88
32,patnt,LH1,Exten,185,4.31,0.00,1.45,4.04,5.82,1.93,0.63,0.00,0.00,4.94,0.00,21.34,1.65,0.00,0.90,13.00
32,patnt,LH1,Exten,195,4.31,0.00,1.35,4.06,5.85,1.90,0.60,0.00,0.00,4.75,0.00,21.17,1.67,0.00,0.91,13.05
32,patnt,LH1,Exten,205,4.29,0.00,1.24,4.08,5.87,1.86,0.56,0.00,0.00,4.57,0.00,20.93,1.69,0.00,0.92,13.06
32,patnt,LH1,Exten,215,4.26,0.00,1.14,4.09,5.90,1.83,0.53,0.00,0.00,4.39,0.00,20.66,1.70,0.00,0.92,13.02
32,patnt,LH1,Exten,225,4.21,0.00,1.04,4.11,5.92,1.79,0.50,0.00,0.00,4.21,0.00,20.35,1.71,0.00,0.92,12.93
32,patnt,LH1,Exten,235,4.15,0.00,0.95,4.12,5.94,1.76,0.47,0.00,0.00,4.04,0.00,20.01,1.72,0.00,0.92,12.81
32,patnt,LH1,Exten,245,4.09,0.00,0.86,4.14,5.97,1.72,0.44,0.00,0.00,3.87,0.00,19.65,1.73,0.00,0.91,12.66
32,patnt,LH1,Exten,255,4.01,0.00,0.78,4.15,5.99,1.69,0.41,0.00,0.00,3.71,0.00,19.28,1.73,0.00,0.91,12.49
35,3e,TH1,Prsnt,5,0.00,0.00,0.00,0.00,0.00,0.00,0.00,0.00,0.00,0.00,0.00,0.00,0.00,0.00,0.00,0.00
35,3e,TH1,Prsnt,15,0.07,0.00,0.08,0.12,0.60,0.14,0.56,0.00,0.00,0.13,0.00,0.43,0.33,0.00,0.37,0.05
35,3e,TH1,Prsnt,25,0.36,0.00,0.36,0.69,2.50,0.77,1.40,0.00,0.00,0.72,0.00,2.26,1.66,0.00,1.51,0.25
35,3e,TH1,Prsnt,35,0.86,0.00,0.77,1.50,4.80,1.63,2.12,0.00,0.00,1.73,0.00,5.44,3.92,0.00,3.12,0.58
35,3e,TH1,Prsnt,45,1.43,0.00,1.17,2.06,6.47,2.18,2.54,0.00,0.00,2.80,0.00,9.01,6.43,0.00,4.67,0.94
35,3e,TH1,Prsnt,55,1.95,0.00,1.48,2.28,7.27,2.37,2.69,0.00,0.00,3.66,0.00,12.16,8.67,0.00,5.87,1.26
35,3e,TH1,Prsnt,65,2.39,0.00,1.68,2.32,7.51,2.37,2.69,0.00,0.00,4.23,0.00,14.64,10.49,0.00,6.72,1.52
35,3e,TH1,Prsnt,75,2.73,0.00,1.80,2.29,7.47,2.30,2.62,0.00,0.00,4.56,0.00,16.53,11.94,0.00,7.33,1.72
35,3e,TH1,Prsnt,85,3.01,0.00,1.86,2.23,7.33,2.21,2.52,0.00,0.00,4.71,0.00,17.92,13.11,0.00,7.77,1.88
35,3e,TH1,Prsnt,95,3.23,0.00,1.88,2.17,7.13,2.11,2.40,0.00,0.00,4.72,0.00,18.87,14.01,0.00,8.08,2.00
35,3e,TH1,Prsnt,105,3.38,0.00,1.86,2.10,6.92,2.01,2.27,0.00,0.00,4.62,0.00,19.43,14.67,0.00,8.27,2.08
35,3e,TH1,Prsnt,115,3.47,0.00,1.79,2.04,6.70,1.91,2.13,0.00,0.00,4.45,0.00,19.64,15.11,0.00,8.37,2.14
35,3e,TH1,Prsnt,125,3.51,0.00,1.71,1.96,6.47,1.81,1.99,0.00,0.00,4.23,0.00,19.57,15.35,0.00,8.38,2.16
35,3e,TH1,Prsnt,135,3.51,0.00,1.60,1.89,6.23,1.71,1.84,0.00,0.00,3.98,0.00,19.25,15.41,0.00,8.32,2.16
35,3e,TH1,Prsnt,145,3.46,0.00,1.48,1.82,5.99,1.61,1.70,0.00,0.00,3.71,0.00,18.73,15.33,0.00,8.19,2.14
35,3e,TH1,Prsnt,155,3.38,0.00,1.35,1.75,5.75,1.51,1.56,0.00,0.00,3.44,0.00,18.06,15.10,0.00,8.00,2.10
35,3e,TH1,Prsnt,165,3.28,0.00,1.22,1.67,5.50,1.42,1.42,0.00,0.00,3.17,0.00,17.28,14.77,0.00,7.77,2.04
35,3e,TH1,Prsnt,175,3.14,0.00,1.09,1.59,5.26,1.33,1.29,0.00,0.00,2.91,0.00,16.41,14.34,0.00,7.50,1.96
35,3e,TH1,Prsnt,185,3.00,0.00,0.96,1.52,5.01,1.24,1.16,0.00,0.00,2.66,0.00,15.49,13.84,0.00,7.19,1.88
35,3e,TH1,Prsnt,195,2.83,0.00,0.84,1.44,4.76,1.15,1.04,0.00,0.00,2.42,0.00,14.54,13.28,0.00,6.86,1.78
35,3e,TH1,Prsnt,205,2.66,0.00,0.73,1.37,4.52,1.07,0.93,0.00,0.00,2.20,0.00,13.57,12.68,0.00,6.51,1.69
35,3e,TH1,Prsnt,215,2.49,0.00,0.63,1.29,4.27,0.98,0.83,0.00,0.00,1.99,0.00,12.61,12.04,0.00,6.15,1.58
35,3e,TH1,Prsnt,225,2.31,0.00,0.54,1.22,4.03,0.91,0.73,0.00,0.00,1.79,0.00,11.67,11.39,0.00,5.77,1.48
35,3e,TH1,Prsnt,235,2.14,0.00,0.46,1.15,3.79,0.83,0.64,0.00,0.00,1.61,0.00,10.75,10.72,0.00,5.40,1.37
35,3e,TH1,Prsnt,245,1.96,0.00,0.39,1.08,3.55,0.76,0.56,0.00,0.00,1.44,0.00,9.87,10.06,0.00,5.02,1.27
35,3e,TH1,Prsnt,255,1.80,0.00,0.33,1.01,3.32,0.70,0.49,0.00,0.00,1.29,0.00,9.03,9.40,0.00,4.65,1.16
36,patnt,TH1,Prsnt,5,0.00,0.00,0.00,0.00,0.00,0.00,0.00,0.00,0.00,0.00,0.00,0.00,0.00,0.00,0.00,0.00
36,patnt,TH1,Prsnt,15,0.06,0.00,0.07,0.11,0.56,0.13,0.52,0.00,0.00,0.12,0.00,0.40,0.30,0.00,0.34,0.04
36,patnt,TH1,Prsnt,25,0.33,0.00,0.34,0.64,2.32,0.72,1.30,0.00,0.00,0.67,0.00,2.10,1.54,0.00,1.40,0.23
36,patnt,TH1,Prsnt,35,0.80,0.00,0.72,1.40,4.48,1.52,1.98,0.00,0.00,1.62,0.00,5.08,3.66,0.00,2.92,0.54
36,patnt,TH1,Prsnt,45,1.35,0.00,1.11,1.94,6.09,2.06,2.39,0.00,0.00,2.64,0.00,8.49,6.06,0.00,4.40,0.89
36,patnt,TH1,Prsnt,55,1.86,0.00,1.41,2.17,6.93,2.26,2.57,0.00,0.00,3.48,0.00,11.58,8.26,0.00,5.59,1.20
36,patnt,TH1,Prsnt,65,2.31,0.00,1.62,2.24,7.26,2.29,2.60,0.00,0.00,4.09,0.00,14.15,10.13,0.00,6.49,1.46
36,patnt,TH1,Prsnt,75,2.69,0.00,1.77,2.25,7.35,2.26,2.58,0.00,0.00,4.48,0.00,16.25,11.74,0.00,7.20,1.69
36,patnt,TH1,Prsnt,85,3.02,0.00,1.87,2.24,7.34,2.22,2.52,0.00,0.00,4.72,0.00,17.97,13.14,0.00,7.79,1.88
36,patnt,TH1,Prsnt,95,3.31,0.00,1.93,2.23,7.31,2.17,2.46,0.00,0.00,4.84,0.00,19.34,14.36,0.00,8.28,2.05
36,patnt,TH1,Prsnt,105,3.55,0.00,1.95,2.21,7.28,2.12,2.38,0.00,0.00,4.86,0.00,20.42,15.41,0.00,8.69,2.19
36,patnt,TH1,Prsnt,115,3.75,0.00,1.94,2.20,7.24,2.07,2.30,0.00,0.00,4.81,0.00,21.23,16.32,0.00,9.04,2.31
36,patnt,TH1,Prsnt,125,3.91,0.00,1.90,2.19,7.20,2.02,2.21,0.00,0.00,4.71,0.00,21.80,17.10,0.00,9.34,2.41
36,patnt,TH1,Prsnt,135,4.04,0.00,1.84,2.18,7.18,1.97,2.12,0.00,0.00,4.58,0.00,22.17,17.76,0.00,9.58,2.49
36,patnt,TH1,Prsnt,145,4.14,0.00,1.77,2.17,7.15,1.92,2.03,0.00,0.00,4.43,0.00,22.37,18.30,0.00,9.78,2.56
36,patnt,TH1,Prsnt,155,4.20,0.00,1.68,2.17,7.14,1.88,1.93,0.00,0.00,4.27,0.00,22.42,18.75,0.00,9.93,2.60
36,patnt,TH1,Prsnt,165,4.24,0.00,1.58,2.16,7.12,1.84,1.84,0.00,0.00,4.10,0.00,22.35,19.11,0.00,10.05,2.64
36,patnt,TH1,Prsnt,175,4.25,0.00,1.47,2.16,7.11,1.80,1.74,0.00,0.00,3.93,0.00,22.19,19.40,0.00,10.14,2.66
36,patnt,TH1,Prsnt,185,4.25,0.00,1.37,2.16,7.10,1.75,1.65,0.00,0.00,3.77,0.00,21.95,19.62,0.00,10.19,2.66
36,patnt,TH1,Prsnt,195,4.22,0.00,1.26,2.15,7.10,1.71,1.55,0.00,0.00,3.61,0.00,21.65,19.79,0.00,10.22,2.66
36,patnt,TH1,Prsnt,205,4.18,0.00,1.16,2.15,7.09,1.67,1.46,0.00,0.00,3.45,0.00,21.30,19.90,0.00,10.22,2.65
36,patnt,TH1,Prsnt,215,4.13,0.00,1.05,2.15,7.09,1.64,1.37,0.00,0.00,3.30,0.00,20.92,19.98,0.00,10.19,2.63
36,patnt,TH1,Prsnt,225,4.07,0.00,0.96,2.15,7.08,1.60,1.29,0.00,0.00,3.15,0.00,20.51,20.01,0.00,10.15,2.60
36,patnt,TH1,Prsnt,235,3.99,0.00,0.87,2.14,7.08,1.56,1.20,0.00,0.00,3.01,0.00,20.08,20.02,0.00,10.08,2.56
36,patnt,TH1,Prsnt,245,3.91,0.00,0.78,2.14,7.07,1.52,1.12,0.00,0.00,2.87,0.00,19.64,20.01,0.00,10.00,2.52
36,patnt,TH1,Prsnt,255,3.83,0.00,0.71,2.14,7.07,1.49,1.05,0.00,0.00,2.74,0.00,19.19,19.97,0.00,9.90,2.48
37,3e,TH1,Exten,5,0.00,0.00,0.00,0.00,0.00,0.00,0.00,0.00,0.00,0.00,0.00,0.00,0.00,0.00,0.00,0.00
37,3e,TH1,Exten,15,0.07,0.00,0.08,0.12,0.60,0.14,0.56,0.00,0.00,0.13,0.00,0.43,0.33,0.00,0.37,0.05
37,3e,TH1,Exten,25,0.36,0.00,0.36,0.69,2.50,0.77,1.40,0.00,0.00,0.72,0.00,2.26,1.66,0.00,1.51,0.25
37,3e,TH1,Exten,35,0.86,0.00,0.77,1.50,4.80,1.63,2.12,0.00,0.00,1.73,0.00,5.44,3.92,0.00,3.12,0.58
37,3e,TH1,Exten,45,1.43,0.00,1.17,2.06,6.47,2.18,2.54,0.00,0.00,2.80,0.00,9.01,6.43,0.00,4.67,0.94
37,3e,TH1,Exten,55,1.95,0.00,1.48,2.28,7.27,2.37,2.69,0.00,0.00,3.66,0.00,12.16,8.67,0.00,5.87,1.26
37,3e,TH1,Exten,65,2.39,0.00,1.68,2.32,7.51,2.37,2.69,0.00,0.00,4.23,0.00,14.64,10.49,0.00,6.72,1.52
37,3e,TH1,Exten,75,2.73,0.00,1.80,2.29,7.47,2.30,2.62,0.00,0.00,4.56,0.00,16.53,11.94,0.00,7.33,1.72
37,3e,TH1,Exten,85,3.01,0.00,1.86,2.23,7.33,2.21,2.52,0.00,0.00,4.71,0.00,17.92,13.11,0.00,7.77,1.88
37,3e,TH1,Exten,95,3.23,0.00,1.88,2.17,7.13,2.11,2.40,0.00,0.00,4.72,0.00,18.87,14.01,0.00,8.08,2.00
37,3e,TH1,Exten,105,3.38,0.00,1.86,2.10,6.92,2.01,2.27,0.00,0.00,4.62,0.00,19.43,14.67,0.00,8.27,2.08
37,3e,TH1,Exten,115,3.47,0.00,1.79,2.04,6.70,1.91,2.13,0.00,0.00,4.45,0.00,19.64,15.11,0.00,8.37,2.14
37,3e,TH1,Exten,125,3.51,0.00,1.71,1.96,6.47,1.81,1.99,0.00,0.00,4.23,0.00,19.57,15.35,0.00,8.38,2.16
37,3e,TH1,Exten,135,3.51,0.00,1.60,1.89,6.23,1.71,1.84,0.00,0.00,3.98,0.00,19.25,15.41,0.00,8.32,2.16
37,3e,TH1,Exten,145,3.46,0.00,1.48,1.82,5.99,1.61,1.70,0.00,0.00,3.71,0.00,18.73,15.33,0.00,8.19,2.14
37,3e,TH1,Exten,155,3.38,0.00,1.35,1.75,5.75,1.51,1.56,0.00,0.00,3.44,0.00,18.06,15.10,0.00,8.00,2.10
37,3e,TH1,Exten,165,3.28,0.00,1.22,1.67,5.50,1.42,1.42,0.00,0.00,3.17,0.00,17.28,14.77,0.00,7.77,2.04
37,3e,TH1,Exten,175,3.14,0.00,1.09,1.59,5.26,1.33,1.29,0.00,0.00,2.91,0.00,16.41,14.34,0.00,7.50,1.96
37,3e,TH1,Exten,185,3.00,0.00,0.96,1.52,5.01,1.24,1.16,0.00,0.00,2.66,0.00,15.49,13.84,0.00,7.19,1.88
37,3e,TH1,Exten,195,2.83,0.00,0.84,1.44,4.76,1.15,1.04,0.00,0.00,2.42,0.00,14.54,13.28,0.00,6.86,1.78
37,3e,TH1,Exten,205,2.66,0.00,0.73,1.37,4.52,1.07,0.93,0.00,0.00,2.20,0.00,13.57,12.68,0.00,6.51,1.69
37,3e,TH1,Exten,215,2.49,0.00,0.63,1.29,4.27,0.98,0.83,0.00,0.00,1.99,0.00,12.61,12.04,0.00,6.15,1.58
37,3e,TH1,Exten,225,2.31,0.00,0.54,1.22,4.03,0.91,0.73,0.00,0.00,1.79,0.00,11.67,11.39,0.00,5.77,1.48
37,3e,TH1,Exten,235,2.14,0.00,0.46,1.15,3.79,0.83,0.64,0.00,0.00,1.61,0.00,10.75,10.72,0.00,5.40,1.37
37,3e,TH1,Exten,245,1.96,0.00,0.39,1.08,3.55,0.76,0.56,0.00,0.00,1.44,0.00,9.87,10.06,0.00,5.02,1.27
37,3e,TH1,Exten,255,1.80,0.00,0.33,1.01,3.32,0.70,0.49,0.00,0.00,1.29,0.00,9.03,9.40,0.00,4.65,1.16
38,patnt,TH1,Exten,5,0.00,0.00,0.00,0.00,0.00,0.00,0.00,0.00,0.00,0.00,0.00,0.00,0.00,0.00,0.00,0.00
38,patnt,TH1,Exten,15,0.06,0.00,0.07,0.11,0.56,0.13,0.52,0.00,0.00,0.12,0.00,0.40,0.30,0.00,0.34,0.04
38,patnt,TH1,Exten,25,0.33,0.00,0.34,0.64,2.32,0.72,1.30,0.00,0.00,0.67,0.00,2.10,1.54,0.00,1.40,0.23
38,patnt,TH1,Exten,35,0.80,0.00,0.72,1.40,4.48,1.52,1.98,0.00,0.00,1.62,0.00,5.08,3.66,0.00,2.92,0.54
38,patnt,TH1,Exten,45,1.35,0.00,1.11,1.94,6.09,2.06,2.39,0.00,0.00,2.64,0.00,8.49,6.06,0.00,4.40,0.89
38,patnt,TH1,Exten,55,1.86,0.00,1.41,2.17,6.93,2.26,2.57,0.00,0.00,3.48,0.00,11.58,8.26,0.00,5.59,1.20
38,patnt,TH1,Exten,65,2.31,0.00,1.62,2.24,7.26,2.29,2.60,0.00,0.00,4.09,0.00,14.15,10.13,0.00,6.49,1.46
38,patnt,TH1,Exten,75,2.69,0.00,1.77,2.25,7.35,2.26,2.58,0.00,0.00,4.48,0.00,16.25,11.74,0.00,7.20,1.69
38,patnt,TH1,Exten,85,3.02,0.00,1.87,2.24,7.34,2.22,2.52,0.00,0.00,4.72,0.00,17.97,13.14,0.00,7.79,1.88
38,patnt,TH1,Exten,95,3.31,0.00,1.93,2.23,7.31,2.17,2.46,0.00,0.00,4.84,0.00,19.34,14.36,0.00,8.28,2.05
38,patnt,TH1,Exten,105,3.55,0.00,1.95,2.21,7.28,2.12,2.38,0.00,0.00,4.86,0.00,20.42,15.41,0.00,8.69,2.19
38,patnt,TH1,Exten,115,3.75,0.00,1.94,2.20,7.24,2.07,2.30,0.00,0.00,4.81,0.00,21.23,16.32,0.00,9.04,2.31
38,patnt,TH1,Exten,125,3.91,0.00,1.90,2.19,7.20,2.02,2.21,0.00,0.00,4.71,0.00,21.80,17.10,0.00,9.34,2.41
38,patnt,TH1,Exten,135,4.04,0.00,1.84,2.18,7.18,1.97,2.12,0.00,0.00,4.58,0.00,22.17,17.76,0.00,9.58,2.49
38,patnt,TH1,Exten,145,4.14,0.00,1.77,2.17,7.15,1.92,2.03,0.00,0.00,4.43,0.00,22.37,18.30,0.00,9.78,2.56
38,patnt,TH1,Exten,155,4.20,0.00,1.68,2.17,7.14,1.88,1.93,0.00,0.00,4.27,0.00,22.42,18.75,0.00,9.93,2.60
38,patnt,TH1,Exten,165,4.24,0.00,1.58,2.16,7.12,1.84,1.84,0.00,0.00,4.10,0.00,22.35,19.11,0.00,10.05,2.64
38,patnt,TH1,Exten,175,4.25,0.00,1.47,2.16,7.11,1.80,1.74,0.00,0.00,3.93,0.00,22.19,19.40,0.00,10.14,2.66
38,patnt,TH1,Exten,185,4.25,0.00,1.37,2.16,7.10,1.75,1.65,0.00,0.00,3.77,0.00,21.95,19.62,0.00,10.19,2.66
38,patnt,TH1,Exten,195,4.22,0.00,1.26,2.15,7.10,1.71,1.55,0.00,0.00,3.61,0.00,21.65,19.79,0.00,10.22,2.66
38,patnt,TH1,Exten,205,4.18,0.00,1.16,2.15,7.09,1.67,1.46,0.00,0.00,3.45,0.00,21.30,19.90,0.00,10.22,2.65
38,patnt,TH1,Exten,215,4.13,0.00,1.05,2.15,7.09,1.64,1.37,0.00,0.00,3.30,0.00,20.92,19.98,0.00,10.19,2.63
38,patnt,TH1,Exten,225,4.07,0.00,0.96,2.15,7.08,1.60,1.29,0.00,0.00,3.15,0.00,20.51,20.01,0.00,10.15,2.60
38,patnt,TH1,Exten,235,3.99,0.00,0.87,2.14,7.08,1.56,1.20,0.00,0.00,3.01,0.00,20.08,20.02,0.00,10.08,2.56
38,patnt,TH1,Exten,245,3.91,0.00,0.78,2.14,7.07,1.52,1.12,0.00,0.00,2.87,0.00,19.64,20.01,0.00,10.00,2.52
38,patnt,TH1,Exten,255,3.83,0.00,0.71,2.14,7.07,1.49,1.05,0.00,0.00,2.74,0.00,19.19,19.97,0.00,9.90,2.48
41,3e,BOG,Prsnt,5,0.00,0.00,0.00,0.00,0.00,0.00,0.00,0.00,0.00,0.00,0.00,0.00,0.00,0.00,0.00,0.00
41,3e,BOG,Prsnt,15,0.00,0.00,0.00,0.30,0.00,0.00,0.01,0.25,0.00,0.00,0.00,0.00,0.00,0.00,0.00,0.00
41,3e,BOG,Prsnt,25,0.00,0.00,0.00,1.36,0.00,0.00,0.03,0.51,0.00,0.00,0.00,0.00,0.00,0.00,0.00,0.00
41,3e,BOG,Prsnt,35,0.00,0.00,0.00,2.94,0.00,0.00,0.05,0.77,0.00,0.00,0.00,0.00,0.00,0.00,0.00,0.00
41,3e,BOG,Prsnt,45,0.00,0.00,0.00,4.62,0.00,0.00,0.07,1.06,0.00,0.00,0.00,0.00,0.00,0.00,0.00,0.00
41,3e,BOG,Prsnt,55,0.00,0.00,0.00,6.10,0.00,0.00,0.09,1.34,0.00,0.00,0.00,0.00,0.00,0.00,0.00,0.00
41,3e,BOG,Prsnt,65,0.00,0.00,0.00,7.32,0.00,0.00,0.11,1.58,0.00,0.00,0.00,0.00,0.00,0.00,0.00,0.00
41,3e,BOG,Prsnt,75,0.00,0.00,0.00,8.34,0.00,0.00,0.12,1.77,0.00,0.00,0.00,0.00,0.00,0.00,0.00,0.00
41,3e,BOG,Prsnt,85,0.00,0.00,0.00,9.24,0.00,0.00,0.13,1.93,0.00,0.00,0.00,0.00,0.00,0.00,0.00,0.00
41,3e,BOG,Prsnt,95,0.00,0.00,0.00,10.07,0.00,0.00,0.14,2.07,0.00,0.00,0.00,0.00,0.00,0.00,0.00,0.00
41,3e,BOG,Prsnt,105,0.00,0.00,0.00,10.87,0.00,0.00,0.15,2.17,0.00,0.00,0.00,0.00,0.00,0.00,0.00,0.00
41,3e,BOG,Prsnt,115,0.00,0.00,0.00,11.64,0.00,0.00,0.16,2.26,0.00,0.00,0.00,0.00,0.00,0.00,0.00,0.00
41,3e,BOG,Prsnt,125,0.00,0.00,0.00,12.39,0.00,0.00,0.16,2.33,0.00,0.00,0.00,0.00,0.00,0.00,0.00,0.00
41,3e,BOG,Prsnt,135,0.00,0.00,0.00,13.12,0.00,0.00,0.16,2.37,0.00,0.00,0.00,0.00,0.00,0.00,0.00,0.00
41,3e,BOG,Prsnt,145,0.00,0.00,0.00,13.84,0.00,0.00,0.17,2.40,0.00,0.00,0.00,0.00,0.00,0.00,0.00,0.00
41,3e,BOG,Prsnt,155,0.00,0.00,0.00,14.54,0.00,0.00,0.17,2.41,0.00,0.00,0.00,0.00,0.00,0.00,0.00,0.00
41,3e,BOG,Prsnt,165,0.00,0.00,0.00,15.22,0.00,0.00,0.17,2.40,0.00,0.00,0.00,0.00,0.00,0.00,0.00,0.00
41,3e,BOG,Prsnt,175,0.00,0.00,0.00,15.89,0.00,0.00,0.17,2.38,0.00,0.00,0.00,0.00,0.00,0.00,0.00,0.00
41,3e,BOG,Prsnt,185,0.00,0.00,0.00,16.55,0.00,0.00,0.16,2.35,0.00,0.00,0.00,0.00,0.00,0.00,0.00,0.00
41,3e,BOG,Prsnt,195,0.00,0.00,0.00,17.19,0.00,0.00,0.16,2.30,0.00,0.00,0.00,0.00,0.00,0.00,0.00,0.00
41,3e,BOG,Prsnt,205,0.00,0.00,0.00,17.82,0.00,0.00,0.16,2.25,0.00,0.00,0.00,0.00,0.00,0.00,0.00,0.00
41,3e,BOG,Prsnt,215,0.00,0.00,0.00,18.43,0.00,0.00,0.15,2.19,0.00,0.00,0.00,0.00,0.00,0.00,0.00,0.00
41,3e,BOG,Prsnt,225,0.00,0.00,0.00,19.03,0.00,0.00,0.15,2.12,0.00,0.00,0.00,0.00,0.00,0.00,0.00,0.00
41,3e,BOG,Prsnt,235,0.00,0.00,0.00,19.62,0.00,0.00,0.14,2.04,0.00,0.00,0.00,0.00,0.00,0.00,0.00,0.00
41,3e,BOG,Prsnt,245,0.00,0.00,0.00,20.20,0.00,0.00,0.14,1.97,0.00,0.00,0.00,0.00,0.00,0.00,0.00,0.00
41,3e,BOG,Prsnt,255,0.00,0.00,0.00,20.76,0.00,0.00,0.13,1.89,0.00,0.00,0.00,0.00,0.00,0.00,0.00,0.00
42,patnt,BOG,Prsnt,5,0.00,0.00,0.00,0.00,0.00,0.00,0.00,0.00,0.00,0.00,0.00,0.00,0.00,0.00,0.00,0.00
42,patnt,BOG,Prsnt,15,0.00,0.00,0.00,0.30,0.00,0.00,0.01,0.25,0.00,0.00,0.00,0.00,0.00,0.00,0.00,0.00
42,patnt,BOG,Prsnt,25,0.00,0.00,0.00,1.36,0.00,0.00,0.03,0.51,0.00,0.00,0.00,0.00,0.00,0.00,0.00,0.00
42,patnt,BOG,Prsnt,35,0.00,0.00,0.00,2.94,0.00,0.00,0.05,0.77,0.00,0.00,0.00,0.00,0.00,0.00,0.00,0.00
42,patnt,BOG,Prsnt,45,0.00,0.00,0.00,4.62,0.00,0.00,0.07,1.06,0.00,0.00,0.00,0.00,0.00,0.00,0.00,0.00
42,patnt,BOG,Prsnt,55,0.00,0.00,0.00,6.10,0.00,0.00,0.09,1.34,0.00,0.00,0.00,0.00,0.00,0.00,0.00,0.00
42,patnt,BOG,Prsnt,65,0.00,0.00,0.00,7.32,0.00,0.00,0.11,1.58,0.00,0.00,0.00,0.00,0.00,0.00,0.00,0.00
42,patnt,BOG,Prsnt,75,0.00,0.00,0.00,8.34,0.00,0.00,0.12,1.77,0.00,0.00,0.00,0.00,0.00,0.00,0.00,0.00
42,patnt,BOG,Prsnt,85,0.00,0.00,0.00,9.24,0.00,0.00,0.13,1.93,0.00,0.00,0.00,0.00,0.00,0.00,0.00,0.00
42,patnt,BOG,Prsnt,95,0.00,0.00,0.00,10.07,0.00,0.00,0.14,2.07,0.00,0.00,0.00,0.00,0.00,0.00,0.00,0.00
42,patnt,BOG,Prsnt,105,0.00,0.00,0.00,10.87,0.00,0.00,0.15,2.17,0.00,0.00,0.00,0.00,0.00,0.00,0.00,0.00
42,patnt,BOG,Prsnt,115,0.00,0.00,0.00,11.64,0.00,0.00,0.16,2.26,0.00,0.00,0.00,0.00,0.00,0.00,0.00,0.00
42,patnt,BOG,Prsnt,125,0.00,0.00,0.00,12.39,0.00,0.00,0.16,2.33,0.00,0.00,0.00,0.00,0.00,0.00,0.00,0.00
42,patnt,BOG,Prsnt,135,0.00,0.00,0.00,13.12,0.00,0.00,0.16,2.37,0.00,0.00,0.00,0.00,0.00,0.00,0.00,0.00
42,patnt,BOG,Prsnt,145,0.00,0.00,0.00,13.84,0.00,0.00,0.17,2.40,0.00,0.00,0.00,0.00,0.00,0.00,0.00,0.00
42,patnt,BOG,Prsnt,155,0.00,0.00,0.00,14.54,0.00,0.00,0.17,2.41,0.00,0.00,0.00,0.00,0.00,0.00,0.00,0.00
42,patnt,BOG,Prsnt,165,0.00,0.00,0.00,15.22,0.00,0.00,0.17,2.40,0.00,0.00,0.00,0.00,0.00,0.00,0.00,0.00
42,patnt,BOG,Prsnt,175,0.00,0.00,0.00,15.89,0.00,0.00,0.17,2.38,0.00,0.00,0.00,0.00,0.00,0.00,0.00,0.00
42,patnt,BOG,Prsnt,185,0.00,0.00,0.00,16.55,0.00,0.00,0.16,2.35,0.00,0.00,0.00,0.00,0.00,0.00,0.00,0.00
42,patnt,BOG,Prsnt,195,0.00,0.00,0.00,17.19,0.00,0.00,0.16,2.30,0.00,0.00,0.00,0.00,0.00,0.00,0.00,0.00
42,patnt,BOG,Prsnt,205,0.00,0.00,0.00,17.82,0.00,0.00,0.16,2.25,0.00,0.00,0.00,0.00,0.00,0.00,0.00,0.00
42,patnt,BOG,Prsnt,215,0.00,0.00,0.00,18.43,0.00,0.00,0.15,2.19,0.00,0.00,0.00,0.00,0.00,0.00,0.00,0.00
42,patnt,BOG,Prsnt,225,0.00,0.00,0.00,19.03,0.00,0.00,0.15,2.12,0.00,0.00,0.00,0.00,0.00,0.00,0.00,0.00
42,patnt,BOG,Prsnt,235,0.00,0.00,0.00,19.62,0.00,0.00,0.14,2.04,0.00,0.00,0.00,0.00,0.00,0.00,0.00,0.00
42,patnt,BOG,Prsnt,245,0.00,0.00,0.00,20.20,0.00,0.00,0.14,1.97,0.00,0.00,0.00,0.00,0.00,0.00,0.00,0.00
42,patnt,BOG,Prsnt,255,0.00,0.00,0.00,20.76,0.00,0.00,0.13,1.89,0.00,0.00,0.00,0.00,0.00,0.00,0.00,0.00
43,3e,BOG,Exten,5,0.00,0.00,0.00,0.00,0.00,0.00,0.00,0.00,0.00,0.00,0.00,0.00,0.00,0.00,0.00,0.00
43,3e,BOG,Exten,15,0.00,0.00,0.00,0.30,0.00,0.00,0.01,0.25,0.00,0.00,0.00,0.00,0.00,0.00,0.00,0.00
43,3e,BOG,Exten,25,0.00,0.00,0.00,1.36,0.00,0.00,0.03,0.51,0.00,0.00,0.00,0.00,0.00,0.00,0.00,0.00
43,3e,BOG,Exten,35,0.00,0.00,0.00,2.94,0.00,0.00,0.05,0.77,0.00,0.00,0.00,0.00,0.00,0.00,0.00,0.00
43,3e,BOG,Exten,45,0.00,0.00,0.00,4.62,0.00,0.00,0.07,1.06,0.00,0.00,0.00,0.00,0.00,0.00,0.00,0.00
43,3e,BOG,Exten,55,0.00,0.00,0.00,6.10,0.00,0.00,0.09,1.34,0.00,0.00,0.00,0.00,0.00,0.00,0.00,0.00
43,3e,BOG,Exten,65,0.00,0.00,0.00,7.32,0.00,0.00,0.11,1.58,0.00,0.00,0.00,0.00,0.00,0.00,0.00,0.00
43,3e,BOG,Exten,75,0.00,0.00,0.00,8.34,0.00,0.00,0.12,1.77,0.00,0.00,0.00,0.00,0.00,0.00,0.00,0.00
43,3e,BOG,Exten,85,0.00,0.00,0.00,9.24,0.00,0.00,0.13,1.93,0.00,0.00,0.00,0.00,0.00,0.00,0.00,0.00
43,3e,BOG,Exten,95,0.00,0.00,0.00,10.07,0.00,0.00,0.14,2.07,0.00,0.00,0.00,0.00,0.00,0.00,0.00,0.00
43,3e,BOG,Exten,105,0.00,0.00,0.00,10.87,0.00,0.00,0.15,2.17,0.00,0.00,0.00,0.00,0.00,0.00,0.00,0.00
43,3e,BOG,Exten,115,0.00,0.00,0.00,11.64,0.00,0.00,0.16,2.26,0.00,0.00,0.00,0.00,0.00,0.00,0.00,0.00
43,3e,BOG,Exten,125,0.00,0.00,0.00,12.39,0.00,0.00,0.16,2.33,0.00,0.00,0.00,0.00,0.00,0.00,0.00,0.00
43,3e,BOG,Exten,135,0.00,0.00,0.00,13.12,0.00,0.00,0.16,2.37,0.00,0.00,0.00,0.00,0.00,0.00,0.00,0.00
43,3e,BOG,Exten,145,0.00,0.00,0.00,13.84,0.00,0.00,0.17,2.40,0.00,0.00,0.00,0.00,0.00,0.00,0.00,0.00
43,3e,BOG,Exten,155,0.00,0.00,0.00,14.54,0.00,0.00,0.17,2.41,0.00,0.00,0.00,0.00,0.00,0.00,0.00,0.00
43,3e,BOG,Exten,165,0.00,0.00,0.00,15.22,0.00,0.00,0.17,2.40,0.00,0.00,0.00,0.00,0.00,0.00,0.00,0.00
43,3e,BOG,Exten,175,0.00,0.00,0.00,15.89,0.00,0.00,0.17,2.38,0.00,0.00,0.00,0.00,0.00,0.00,0.00,0.00
43,3e,BOG,Exten,185,0.00,0.00,0.00,16.55,0.00,0.00,0.16,2.35,0.00,0.00,0.00,0.00,0.00,0.00,0.00,0.00
43,3e,BOG,Exten,195,0.00,0.00,0.00,17.19,0.00,0.00,0.16,2.30,0.00,0.00,0.00,0.00,0.00,0.00,0.00,0.00
43,3e,BOG,Exten,205,0.00,0.00,0.00,17.82,0.00,0.00,0.16,2.25,0.00,0.00,0.00,0.00,0.00,0.00,0.00,0.00
43,3e,BOG,Exten,215,0.00,0.00,0.00,18.43,0.00,0.00,0.15,2.19,0.00,0.00,0.00,0.00,0.00,0.00,0.00,0.00
43,3e,BOG,Exten,225,0.00,0.00,0.00,19.03,0.00,0.00,0.15,2.12,0.00,0.00,0.00,0.00,0.00,0.00,0.00,0.00
43,3e,BOG,Exten,235,0.00,0.00,0.00,19.62,0.00,0.00,0.14,2.04,0.00,0.00,0.00,0.00,0.00,0.00,0.00,0.00
43,3e,BOG,Exten,245,0.00,0.00,0.00,20.20,0.00,0.00,0.14,1.97,0.00,0.00,0.00,0.00,0.00,0.00,0.00,0.00
43,3e,BOG,Exten,255,0.00,0.00,0.00,20.76,0.00,0.00,0.13,1.89,0.00,0.00,0.00,0.00,0.00,0.00,0.00,0.00
44,patnt,BOG,Exten,5,0.00,0.00,0.00,0.00,0.00,0.00,0.00,0.00,0.00,0.00,0.00,0.00,0.00,0.00,0.00,0.00
44,patnt,BOG,Exten,15,0.00,0.00,0.00,0.30,0.00,0.00,0.01,0.25,0.00,0.00,0.00,0.00,0.00,0.00,0.00,0.00
44,patnt,BOG,Exten,25,0.00,0.00,0.00,1.36,0.00,0.00,0.03,0.51,0.00,0.00,0.00,0.00,0.00,0.00,0.00,0.00
44,patnt,BOG,Exten,35,0.00,0.00,0.00,2.94,0.00,0.00,0.05,0.77,0.00,0.00,0.00,0.00,0.00,0.00,0.00,0.00
44,patnt,BOG,Exten,45,0.00,0.00,0.00,4.62,0.00,0.00,0.07,1.06,0.00,0.00,0.00,0.00,0.00,0.00,0.00,0.00
44,patnt,BOG,Exten,55,0.00,0.00,0.00,6.10,0.00,0.00,0.09,1.34,0.00,0.00,0.00,0.00,0.00,0.00,0.00,0.00
44,patnt,BOG,Exten,65,0.00,0.00,0.00,7.32,0.00,0.00,0.11,1.58,0.00,0.00,0.00,0.00,0.00,0.00,0.00,0.00
44,patnt,BOG,Exten,75,0.00,0.00,0.00,8.34,0.00,0.00,0.12,1.77,0.00,0.00,0.00,0.00,0.00,0.00,0.00,0.00
44,patnt,BOG,Exten,85,0.00,0.00,0.00,9.24,0.00,0.00,0.13,1.93,0.00,0.00,0.00,0.00,0.00,0.00,0.00,0.00
44,patnt,BOG,Exten,95,0.00,0.00,0.00,10.07,0.00,0.00,0.14,2.07,0.00,0.00,0.00,0.00,0.00,0.00,0.00,0.00
44,patnt,BOG,Exten,105,0.00,0.00,0.00,10.87,0.00,0.00,0.15,2.17,0.00,0.00,0.00,0.00,0.00,0.00,0.00,0.00
44,patnt,BOG,Exten,115,0.00,0.00,0.00,11.64,0.00,0.00,0.16,2.26,0.00,0.00,0.00,0.00,0.00,0.00,0.00,0.00
44,patnt,BOG,Exten,125,0.00,0.00,0.00,12.39,0.00,0.00,0.16,2.33,0.00,0.00,0.00,0.00,0.00,0.00,0.00,0.00
44,patnt,BOG,Exten,135,0.00,0.00,0.00,13.12,0.00,0.00,0.16,2.37,0.00,0.00,0.00,0.00,0.00,0.00,0.00,0.00
44,patnt,BOG,Exten,145,0.00,0.00,0.00,13.84,0.00,0.00,0.17,2.40,0.00,0.00,0.00,0.00,0.00,0.00,0.00,0.00
44,patnt,BOG,Exten,155,0.00,0.00,0.00,14.54,0.00,0.00,0.17,2.41,0.00,0.00,0.00,0.00,0.00,0.00,0.00,0.00
44,patnt,BOG,Exten,165,0.00,0.00,0.00,15.22,0.00,0.00,0.17,2.40,0.00,0.00,0.00,0.00,0.00,0.00,0.00,0.00
44,patnt,BOG,Exten,175,0.00,0.00,0.00,15.89,0.00,0.00,0.17,2.38,0.00,0.00,0.00,0.00,0.00,0.00,0.00,0.00
44,patnt,BOG,Exten,185,0.00,0.00,0.00,16.55,0.00,0.00,0.16,2.35,0.00,0.00,0.00,0.00,0.00,0.00,0.00,0.00
44,patnt,BOG,Exten,195,0.00,0.00,0.00,17.19,0.00,0.00,0.16,2.30,0.00,0.00,0.00,0.00,0.00,0.00,0.00,0.00
44,patnt,BOG,Exten,205,0.00,0.00,0.00,17.82,0.00,0.00,0.16,2.25,0.00,0.00,0.00,0.00,0.00,0.00,0.00,0.00
44,patnt,BOG,Exten,215,0.00,0.00,0.00,18.43,0.00,0.00,0.15,2.19,0.00,0.00,0.00,0.00,0.00,0.00,0.00,0.00
44,patnt,BOG,Exten,225,0.00,0.00,0.00,19.03,0.00,0.00,0.15,2.12,0.00,0.00,0.00,0.00,0.00,0.00,0.00,0.00
44,patnt,BOG,Exten,235,0.00,0.00,0.00,19.62,0.00,0.00,0.14,2.04,0.00,0.00,0.00,0.00,0.00,0.00,0.00,0.00
44,patnt,BOG,Exten,245,0.00,0.00,0.00,20.20,0.00,0.00,0.14,1.97,0.00,0.00,0.00,0.00,0.00,0.00,0.00,0.00
44,patnt,BOG,Exten,255,0.00,0.00,0.00,20.76,0.00,0.00,0.13,1.89,0.00,0.00,0.00,0.00,0.00,0.00,0.00,0.00
45,3e,BOG,Basc1,5,0.00,0.00,0.00,0.00,0.00,0.00,0.00,0.00,0.00,0.00,0.00,0.00,0.00,0.00,0.00,0.00
45,3e,BOG,Basc1,15,0.00,0.00,0.00,0.30,0.00,0.00,0.01,0.25,0.00,0.00,0.00,0.00,0.00,0.00,0.00,0.00
45,3e,BOG,Basc1,25,0.00,0.00,0.00,1.36,0.00,0.00,0.03,0.51,0.00,0.00,0.00,0.00,0.00,0.00,0.00,0.00
45,3e,BOG,Basc1,35,0.00,0.00,0.00,2.94,0.00,0.00,0.05,0.77,0.00,0.00,0.00,0.00,0.00,0.00,0.00,0.00
45,3e,BOG,Basc1,45,0.00,0.00,0.00,4.62,0.00,0.00,0.07,1.06,0.00,0.00,0.00,0.00,0.00,0.00,0.00,0.00
45,3e,BOG,Basc1,55,0.00,0.00,0.00,6.10,0.00,0.00,0.09,1.34,0.00,0.00,0.00,0.00,0.00,0.00,0.00,0.00
45,3e,BOG,Basc1,65,0.00,0.00,0.00,7.32,0.00,0.00,0.11,1.58,0.00,0.00,0.00,0.00,0.00,0.00,0.00,0.00
45,3e,BOG,Basc1,75,0.00,0.00,0.00,8.34,0.00,0.00,0.12,1.77,0.00,0.00,0.00,0.00,0.00,0.00,0.00,0.00
45,3e,BOG,Basc1,85,0.00,0.00,0.00,9.24,0.00,0.00,0.13,1.93,0.00,0.00,0.00,0.00,0.00,0.00,0.00,0.00
45,3e,BOG,Basc1,95,0.00,0.00,0.00,10.07,0.00,0.00,0.14,2.07,0.00,0.00,0.00,0.00,0.00,0.00,0.00,0.00
45,3e,BOG,Basc1,105,0.00,0.00,0.00,10.87,0.00,0.00,0.15,2.17,0.00,0.00,0.00,0.00,0.00,0.00,0.00,0.00
45,3e,BOG,Basc1,115,0.00,0.00,0.00,11.64,0.00,0.00,0.16,2.26,0.00,0.00,0.00,0.00,0.00,0.00,0.00,0.00
45,3e,BOG,Basc1,125,0.00,0.00,0.00,12.39,0.00,0.00,0.16,2.33,0.00,0.00,0.00,0.00,0.00,0.00,0.00,0.00
45,3e,BOG,Basc1,135,0.00,0.00,0.00,13.12,0.00,0.00,0.16,2.37,0.00,0.00,0.00,0.00,0.00,0.00,0.00,0.00
45,3e,BOG,Basc1,145,0.00,0.00,0.00,13.84,0.00,0.00,0.17,2.40,0.00,0.00,0.00,0.00,0.00,0.00,0.00,0.00
45,3e,BOG,Basc1,155,0.00,0.00,0.00,14.54,0.00,0.00,0.17,2.41,0.00,0.00,0.00,0.00,0.00,0.00,0.00,0.00
45,3e,BOG,Basc1,165,0.00,0.00,0.00,15.22,0.00,0.00,0.17,2.40,0.00,0.00,0.00,0.00,0.00,0.00,0.00,0.00
45,3e,BOG,Basc1,175,0.00,0.00,0.00,15.89,0.00,0.00,0.17,2.38,0.00,0.00,0.00,0.00,0.00,0.00,0.00,0.00
45,3e,BOG,Basc1,185,0.00,0.00,0.00,16.55,0.00,0.00,0.16,2.35,0.00,0.00,0.00,0.00,0.00,0.00,0.00,0.00
45,3e,BOG,Basc1,195,0.00,0.00,0.00,17.19,0.00,0.00,0.16,2.30,0.00,0.00,0.00,0.00,0.00,0.00,0.00,0.00
45,3e,BOG,Basc1,205,0.00,0.00,0.00,17.82,0.00,0.00,0.16,2.25,0.00,0.00,0.00,0.00,0.00,0.00,0.00,0.00
45,3e,BOG,Basc1,215,0.00,0.00,0.00,18.43,0.00,0.00,0.15,2.19,0.00,0.00,0.00,0.00,0.00,0.00,0.00,0.00
45,3e,BOG,Basc1,225,0.00,0.00,0.00,19.03,0.00,0.00,0.15,2.12,0.00,0.00,0.00,0.00,0.00,0.00,0.00,0.00
45,3e,BOG,Basc1,235,0.00,0.00,0.00,19.62,0.00,0.00,0.14,2.04,0.00,0.00,0.00,0.00,0.00,0.00,0.00,0.00
45,3e,BOG,Basc1,245,0.00,0.00,0.00,20.20,0.00,0.00,0.14,1.97,0.00,0.00,0.00,0.00,0.00,0.00,0.00,0.00
45,3e,BOG,Basc1,255,0.00,0.00,0.00,20.76,0.00,0.00,0.13,1.89,0.00,0.00,0.00,0.00,0.00,0.00,0.00,0.00
46,patnt,BOG,Basc1,5,0.00,0.00,0.00,0.00,0.00,0.00,0.00,0.00,0.00,0.00,0.00,0.00,0.00,0.00,0.00,0.00
46,patnt,BOG,Basc1,15,0.00,0.00,0.00,0.30,0.00,0.00,0.01,0.25,0.00,0.00,0.00,0.00,0.00,0.00,0.00,0.00
46,patnt,BOG,Basc1,25,0.00,0.00,0.00,1.36,0.00,0.00,0.03,0.51,0.00,0.00,0.00,0.00,0.00,0.00,0.00,0.00
46,patnt,BOG,Basc1,35,0.00,0.00,0.00,2.94,0.00,0.00,0.05,0.77,0.00,0.00,0.00,0.00,0.00,0.00,0.00,0.00
46,patnt,BOG,Basc1,45,0.00,0.00,0.00,4.62,0.00,0.00,0.07,1.06,0.00,0.00,0.00,0.00,0.00,0.00,0.00,0.00
46,patnt,BOG,Basc1,55,0.00,0.00,0.00,6.10,0.00,0.00,0.09,1.34,0.00,0.00,0.00,0.00,0.00,0.00,0.00,0.00
46,patnt,BOG,Basc1,65,0.00,0.00,0.00,7.32,0.00,0.00,0.11,1.58,0.00,0.00,0.00,0.00,0.00,0.00,0.00,0.00
46,patnt,BOG,Basc1,75,0.00,0.00,0.00,8.34,0.00,0.00,0.12,1.77,0.00,0.00,0.00,0.00,0.00,0.00,0.00,0.00
46,patnt,BOG,Basc1,85,0.00,0.00,0.00,9.24,0.00,0.00,0.13,1.93,0.00,0.00,0.00,0.00,0.00,0.00,0.00,0.00
46,patnt,BOG,Basc1,95,0.00,0.00,0.00,10.07,0.00,0.00,0.14,2.07,0.00,0.00,0.00,0.00,0.00,0.00,0.00,0.00
46,patnt,BOG,Basc1,105,0.00,0.00,0.00,10.87,0.00,0.00,0.15,2.17,0.00,0.00,0.00,0.00,0.00,0.00,0.00,0.00
46,patnt,BOG,Basc1,115,0.00,0.00,0.00,11.64,0.00,0.00,0.16,2.26,0.00,0.00,0.00,0.00,0.00,0.00,0.00,0.00
46,patnt,BOG,Basc1,125,0.00,0.00,0.00,12.39,0.00,0.00,0.16,2.33,0.00,0.00,0.00,0.00,0.00,0.00,0.00,0.00
46,patnt,BOG,Basc1,135,0.00,0.00,0.00,13.12,0.00,0.00,0.16,2.37,0.00,0.00,0.00,0.00,0.00,0.00,0.00,0.00
46,patnt,BOG,Basc1,145,0.00,0.00,0.00,13.84,0.00,0.00,0.17,2.40,0.00,0.00,0.00,0.00,0.00,0.00,0.00,0.00
46,patnt,BOG,Basc1,155,0.00,0.00,0.00,14.54,0.00,0.00,0.17,2.41,0.00,0.00,0.00,0.00,0.00,0.00,0.00,0.00
46,patnt,BOG,Basc1,165,0.00,0.00,0.00,15.22,0.00,0.00,0.17,2.40,0.00,0.00,0.00,0.00,0.00,0.00,0.00,0.00
46,patnt,BOG,Basc1,175,0.00,0.00,0.00,15.89,0.00,0.00,0.17,2.38,0.00,0.00,0.00,0.00,0.00,0.00,0.00,0.00
46,patnt,BOG,Basc1,185,0.00,0.00,0.00,16.55,0.00,0.00,0.16,2.35,0.00,0.00,0.00,0.00,0.00,0.00,0.00,0.00
46,patnt,BOG,Basc1,195,0.00,0.00,0.00,17.19,0.00,0.00,0.16,2.30,0.00,0.00,0.00,0.00,0.00,0.00,0.00,0.00
46,patnt,BOG,Basc1,205,0.00,0.00,0.00,17.82,0.00,0.00,0.16,2.25,0.00,0.00,0.00,0.00,0.00,0.00,0.00,0.00
46,patnt,BOG,Basc1,215,0.00,0.00,0.00,18.43,0.00,0.00,0.15,2.19,0.00,0.00,0.00,0.00,0.00,0.00,0.00,0.00
46,patnt,BOG,Basc1,225,0.00,0.00,0.00,19.03,0.00,0.00,0.15,2.12,0.00,0.00,0.00,0.00,0.00,0.00,0.00,0.00
46,patnt,BOG,Basc1,235,0.00,0.00,0.00,19.62,0.00,0.00,0.14,2.04,0.00,0.00,0.00,0.00,0.00,0.00,0.00,0.00
46,patnt,BOG,Basc1,245,0.00,0.00,0.00,20.20,0.00,0.00,0.14,1.97,0.00,0.00,0.00,0.00,0.00,0.00,0.00,0.00
46,patnt,BOG,Basc1,255,0.00,0.00,0.00,20.76,0.00,0.00,0.13,1.89,0.00,0.00,0.00,0.00,0.00,0.00,0.00,0.00
49,3e,SB1,Prsnt,5,0.00,0.00,0.00,0.00,0.00,0.00,0.00,0.00,0.00,0.00,0.00,0.00,0.00,0.00,0.00,0.00
49,3e,SB1,Prsnt,15,0.00,0.00,0.02,1.46,0.00,0.01,0.00,0.23,0.00,0.02,0.00,5.03164616770862e-03,0.00,0.00,0.00,0.00
49,3e,SB1,Prsnt,25,0.00,0.00,0.09,6.68,0.00,0.05,0.00,0.46,0.00,0.09,0.00,0.02,0.00,0.00,0.00,0.00
49,3e,SB1,Prsnt,35,0.00,0.00,0.23,16.25,0.00,0.13,0.00,0.79,0.00,0.25,0.00,0.05,0.00,0.00,0.00,0.00
49,3e,SB1,Prsnt,45,0.00,0.00,0.46,28.98,0.00,0.23,0.00,1.23,0.00,0.53,0.00,0.12,0.00,0.00,0.00,0.00
49,3e,SB1,Prsnt,55,0.00,0.00,0.78,43.03,0.00,0.34,0.00,1.75,0.00,0.93,0.00,0.22,0.00,0.00,0.00,0.00
49,3e,SB1,Prsnt,65,0.00,0.00,1.16,56.83,0.00,0.44,0.00,2.28,0.00,1.41,0.00,0.35,0.00,0.00,0.00,0.00
49,3e,SB1,Prsnt,75,0.00,0.00,1.54,69.47,0.00,0.53,0.00,2.75,0.00,1.88,0.00,0.49,0.00,0.00,0.00,0.00
49,3e,SB1,Prsnt,85,0.00,0.00,1.90,80.51,0.00,0.61,0.00,3.13,0.00,2.31,0.00,0.63,0.00,0.00,0.00,0.00
49,3e,SB1,Prsnt,95,0.00,0.00,2.19,89.82,0.00,0.67,0.00,3.43,0.00,2.66,0.00,0.76,0.00,0.00,0.00,0.00
49,3e,SB1,Prsnt,105,0.00,0.00,2.42,97.34,0.00,0.71,0.00,3.62,0.00,2.91,0.00,0.88,0.00,0.00,0.00,0.00
49,3e,SB1,Prsnt,115,0.00,0.00,2.56,103.06,0.00,0.74,0.00,3.72,0.00,3.07,0.00,0.97,0.00,0.00,0.00,0.00
49,3e,SB1,Prsnt,125,0.00,0.00,2.62,106.96,0.00,0.76,0.00,3.73,0.00,3.13,0.00,1.04,0.00,0.00,0.00,0.00
49,3e,SB1,Prsnt,135,0.00,0.00,2.60,109.06,0.00,0.76,0.00,3.67,0.00,3.12,0.00,1.08,0.00,0.00,0.00,0.00
49,3e,SB1,Prsnt,145,0.00,0.00,2.51,109.41,0.00,0.74,0.00,3.53,0.00,3.04,0.00,1.10,0.00,0.00,0.00,0.00
49,3e,SB1,Prsnt,155,0.00,0.00,2.36,108.09,0.00,0.72,0.00,3.33,0.00,2.90,0.00,1.09,0.00,0.00,0.00,0.00
49,3e,SB1,Prsnt,165,0.00,0.00,2.17,105.26,0.00,0.69,0.00,3.09,0.00,2.72,0.00,1.06,0.00,0.00,0.00,0.00
49,3e,SB1,Prsnt,175,0.00,0.00,1.95,101.10,0.00,0.64,0.00,2.82,0.00,2.51,0.00,1.02,0.00,0.00,0.00,0.00
49,3e,SB1,Prsnt,185,0.00,0.00,1.71,95.82,0.00,0.60,0.00,2.53,0.00,2.28,0.00,0.95,0.00,0.00,0.00,0.00
49,3e,SB1,Prsnt,195,0.00,0.00,1.48,89.66,0.00,0.55,0.00,2.23,0.00,2.04,0.00,0.88,0.00,0.00,0.00,0.00
49,3e,SB1,Prsnt,205,0.00,0.00,1.25,82.86,0.00,0.49,0.00,1.94,0.00,1.81,0.00,0.80,0.00,0.00,0.00,0.00
49,3e,SB1,Prsnt,215,0.00,0.00,1.05,75.65,0.00,0.44,0.00,1.67,0.00,1.58,0.00,0.72,0.00,0.00,0.00,0.00
49,3e,SB1,Prsnt,225,0.00,0.00,0.86,68.25,0.00,0.39,0.00,1.41,0.00,1.36,0.00,0.64,0.00,0.00,0.00,0.00
49,3e,SB1,Prsnt,235,0.00,0.00,0.69,60.86,0.00,0.34,0.00,1.18,0.00,1.16,0.00,0.55,0.00,0.00,0.00,0.00
49,3e,SB1,Prsnt,245,0.00,0.00,0.55,53.66,0.00,0.29,0.00,0.97,0.00,0.98,0.00,0.48,0.00,0.00,0.00,0.00
49,3e,SB1,Prsnt,255,0.00,0.00,0.43,46.78,0.00,0.25,0.00,0.79,0.00,0.81,0.00,0.41,0.00,0.00,0.00,0.00
50,patnt,SB1,Prsnt,5,0.00,0.00,0.00,0.00,0.00,0.00,0.00,0.00,0.00,0.00,0.00,0.00,0.00,0.00,0.00,0.00
50,patnt,SB1,Prsnt,15,0.00,0.00,0.00,1.67,0.00,0.02,0.00,0.26,0.00,0.02,0.00,5.73505759601089e-03,0.00,0.00,0.00,0.00
50,patnt,SB1,Prsnt,25,0.00,0.00,0.00,7.30,0.00,0.12,0.00,0.50,0.00,0.10,0.00,0.02,0.00,0.00,0.00,0.00
50,patnt,SB1,Prsnt,35,0.00,0.00,0.00,17.22,0.00,0.28,0.00,0.84,0.00,0.27,0.00,0.06,0.00,0.00,0.00,0.00
50,patnt,SB1,Prsnt,45,0.00,0.00,0.00,29.98,0.00,0.49,0.00,1.28,0.00,0.55,0.00,0.12,0.00,0.00,0.00,0.00
50,patnt,SB1,Prsnt,55,0.00,0.00,0.00,43.74,0.00,0.70,0.00,1.78,0.00,0.95,0.00,0.22,0.00,0.00,0.00,0.00
50,patnt,SB1,Prsnt,65,0.00,0.00,0.00,57.14,0.00,0.90,0.00,2.29,0.00,1.41,0.00,0.35,0.00,0.00,0.00,0.00
50,patnt,SB1,Prsnt,75,0.00,0.00,0.00,69.50,0.00,1.07,0.00,2.75,0.00,1.88,0.00,0.49,0.00,0.00,0.00,0.00
50,patnt,SB1,Prsnt,85,0.00,0.00,0.00,80.63,0.00,1.23,0.00,3.14,0.00,2.31,0.00,0.63,0.00,0.00,0.00,0.00
50,patnt,SB1,Prsnt,95,0.00,0.00,0.00,90.58,0.00,1.36,0.00,3.45,0.00,2.68,0.00,0.77,0.00,0.00,0.00,0.00
50,patnt,SB1,Prsnt,105,0.00,0.00,0.00,99.47,0.00,1.46,0.00,3.70,0.00,2.97,0.00,0.90,0.00,0.00,0.00,0.00
50,patnt,SB1,Prsnt,115,0.00,0.00,0.00,107.36,0.00,1.55,0.00,3.88,0.00,3.19,0.00,1.01,0.00,0.00,0.00,0.00
50,patnt,SB1,Prsnt,125,0.00,0.00,0.00,114.30,0.00,1.62,0.00,3.99,0.00,3.35,0.00,1.11,0.00,0.00,0.00,0.00
50,patnt,SB1,Prsnt,135,0.00,0.00,0.00,120.29,0.00,1.67,0.00,4.04,0.00,3.44,0.00,1.20,0.00,0.00,0.00,0.00
50,patnt,SB1,Prsnt,145,0.00,0.00,0.00,125.32,0.00,1.71,0.00,4.04,0.00,3.48,0.00,1.26,0.00,0.00,0.00,0.00
50,patnt,SB1,Prsnt,155,0.00,0.00,0.00,129.39,0.00,1.73,0.00,3.99,0.00,3.47,0.00,1.31,0.00,0.00,0.00,0.00
50,patnt,SB1,Prsnt,165,0.00,0.00,0.00,132.50,0.00,1.73,0.00,3.89,0.00,3.42,0.00,1.34,0.00,0.00,0.00,0.00
50,patnt,SB1,Prsnt,175,0.00,0.00,0.00,134.66,0.00,1.73,0.00,3.75,0.00,3.34,0.00,1.35,0.00,0.00,0.00,0.00
50,patnt,SB1,Prsnt,185,0.00,0.00,0.00,135.90,0.00,1.70,0.00,3.59,0.00,3.23,0.00,1.35,0.00,0.00,0.00,0.00
50,patnt,SB1,Prsnt,195,0.00,0.00,0.00,136.25,0.00,1.67,0.00,3.40,0.00,3.11,0.00,1.34,0.00,0.00,0.00,0.00
50,patnt,SB1,Prsnt,205,0.00,0.00,0.00,135.77,0.00,1.63,0.00,3.19,0.00,2.96,0.00,1.32,0.00,0.00,0.00,0.00
50,patnt,SB1,Prsnt,215,0.00,0.00,0.00,134.49,0.00,1.58,0.00,2.97,0.00,2.81,0.00,1.28,0.00,0.00,0.00,0.00
50,patnt,SB1,Prsnt,225,0.00,0.00,0.00,132.49,0.00,1.52,0.00,2.74,0.00,2.64,0.00,1.24,0.00,0.00,0.00,0.00
50,patnt,SB1,Prsnt,235,0.00,0.00,0.00,129.82,0.00,1.45,0.00,2.52,0.00,2.48,0.00,1.19,0.00,0.00,0.00,0.00
50,patnt,SB1,Prsnt,245,0.00,0.00,0.00,126.56,0.00,1.38,0.00,2.29,0.00,2.31,0.00,1.13,0.00,0.00,0.00,0.00
50,patnt,SB1,Prsnt,255,0.00,0.00,0.00,122.77,0.00,1.31,0.00,2.07,0.00,2.14,0.00,1.08,0.00,0.00,0.00,0.00
51,3e,SB1,Exten,5,0.00,0.00,0.00,0.00,0.00,0.00,0.00,0.00,0.00,0.00,0.00,0.00,0.00,0.00,0.00,0.00
51,3e,SB1,Exten,15,0.00,0.00,0.00,1.47,0.00,0.03,0.00,0.23,0.00,0.03,0.00,0.00,0.00,0.00,0.00,0.00
51,3e,SB1,Exten,25,0.00,0.00,0.00,6.97,0.00,0.18,0.00,0.48,0.00,0.15,0.00,0.00,0.00,0.00,0.00,0.00
51,3e,SB1,Exten,35,0.00,0.00,0.00,17.23,0.00,0.44,0.00,0.84,0.00,0.43,0.00,0.00,0.00,0.00,0.00,0.00
51,3e,SB1,Exten,45,0.00,0.00,0.00,30.92,0.00,0.77,0.00,1.31,0.00,0.91,0.00,0.00,0.00,0.00,0.00,0.00
51,3e,SB1,Exten,55,0.00,0.00,0.00,45.93,0.00,1.13,0.00,1.86,0.00,1.59,0.00,0.00,0.00,0.00,0.00,0.00
51,3e,SB1,Exten,65,0.00,0.00,0.00,60.53,0.00,1.47,0.00,2.42,0.00,2.39,0.00,0.00,0.00,0.00,0.00,0.00
51,3e,SB1,Exten,75,0.00,0.00,0.00,73.67,0.00,1.76,0.00,2.90,0.00,3.19,0.00,0.00,0.00,0.00,0.00,0.00
51,3e,SB1,Exten,85,0.00,0.00,0.00,84.92,0.00,1.99,0.00,3.29,0.00,3.89,0.00,0.00,0.00,0.00,0.00,0.00
51,3e,SB1,Exten,95,0.00,0.00,0.00,94.17,0.00,2.17,0.00,3.58,0.00,4.44,0.00,0.00,0.00,0.00,0.00,0.00
51,3e,SB1,Exten,105,0.00,0.00,0.00,101.41,0.00,2.30,0.00,3.76,0.00,4.83,0.00,0.00,0.00,0.00,0.00,0.00
51,3e,SB1,Exten,115,0.00,0.00,0.00,106.68,0.00,2.38,0.00,3.84,0.00,5.06,0.00,0.00,0.00,0.00,0.00,0.00
51,3e,SB1,Exten,125,0.00,0.00,0.00,110.01,0.00,2.40,0.00,3.82,0.00,5.14,0.00,0.00,0.00,0.00,0.00,0.00
51,3e,SB1,Exten,135,0.00,0.00,0.00,111.45,0.00,2.39,0.00,3.73,0.00,5.08,0.00,0.00,0.00,0.00,0.00,0.00
51,3e,SB1,Exten,145,0.00,0.00,0.00,111.11,0.00,2.33,0.00,3.57,0.00,4.92,0.00,0.00,0.00,0.00,0.00,0.00
51,3e,SB1,Exten,155,0.00,0.00,0.00,109.10,0.00,2.25,0.00,3.35,0.00,4.66,0.00,0.00,0.00,0.00,0.00,0.00
51,3e,SB1,Exten,165,0.00,0.00,0.00,105.63,0.00,2.13,0.00,3.09,0.00,4.35,0.00,0.00,0.00,0.00,0.00,0.00
51,3e,SB1,Exten,175,0.00,0.00,0.00,100.88,0.00,1.99,0.00,2.80,0.00,3.99,0.00,0.00,0.00,0.00,0.00,0.00
51,3e,SB1,Exten,185,0.00,0.00,0.00,95.10,0.00,1.84,0.00,2.50,0.00,3.61,0.00,0.00,0.00,0.00,0.00,0.00
51,3e,SB1,Exten,195,0.00,0.00,0.00,88.53,0.00,1.67,0.00,2.20,0.00,3.22,0.00,0.00,0.00,0.00,0.00,0.00
51,3e,SB1,Exten,205,0.00,0.00,0.00,81.41,0.00,1.50,0.00,1.90,0.00,2.83,0.00,0.00,0.00,0.00,0.00,0.00
51,3e,SB1,Exten,215,0.00,0.00,0.00,73.98,0.00,1.33,0.00,1.62,0.00,2.46,0.00,0.00,0.00,0.00,0.00,0.00
51,3e,SB1,Exten,225,0.00,0.00,0.00,66.46,0.00,1.17,0.00,1.37,0.00,2.11,0.00,0.00,0.00,0.00,0.00,0.00
51,3e,SB1,Exten,235,0.00,0.00,0.00,59.02,0.00,1.02,0.00,1.14,0.00,1.79,0.00,0.00,0.00,0.00,0.00,0.00
51,3e,SB1,Exten,245,0.00,0.00,0.00,51.84,0.00,0.87,0.00,0.93,0.00,1.50,0.00,0.00,0.00,0.00,0.00,0.00
51,3e,SB1,Exten,255,0.00,0.00,0.00,45.03,0.00,0.74,0.00,0.75,0.00,1.25,0.00,0.00,0.00,0.00,0.00,0.00
52,patnt,SB1,Exten,5,0.00,0.00,0.00,0.00,0.00,0.00,0.00,0.00,0.00,0.00,0.00,0.00,0.00,0.00,0.00,0.00
52,patnt,SB1,Exten,15,0.00,0.00,0.00,1.67,0.00,0.02,0.00,0.26,0.00,0.02,0.00,5.73505759601089e-03,0.00,0.00,0.00,0.00
52,patnt,SB1,Exten,25,0.00,0.00,0.00,7.30,0.00,0.12,0.00,0.50,0.00,0.10,0.00,0.02,0.00,0.00,0.00,0.00
52,patnt,SB1,Exten,35,0.00,0.00,0.00,17.22,0.00,0.28,0.00,0.84,0.00,0.27,0.00,0.06,0.00,0.00,0.00,0.00
52,patnt,SB1,Exten,45,0.00,0.00,0.00,29.98,0.00,0.49,0.00,1.28,0.00,0.55,0.00,0.12,0.00,0.00,0.00,0.00
52,patnt,SB1,Exten,55,0.00,0.00,0.00,43.74,0.00,0.70,0.00,1.78,0.00,0.95,0.00,0.22,0.00,0.00,0.00,0.00
52,patnt,SB1,Exten,65,0.00,0.00,0.00,57.14,0.00,0.90,0.00,2.29,0.00,1.41,0.00,0.35,0.00,0.00,0.00,0.00
52,patnt,SB1,Exten,75,0.00,0.00,0.00,69.50,0.00,1.07,0.00,2.75,0.00,1.88,0.00,0.49,0.00,0.00,0.00,0.00
52,patnt,SB1,Exten,85,0.00,0.00,0.00,80.63,0.00,1.23,0.00,3.14,0.00,2.31,0.00,0.63,0.00,0.00,0.00,0.00
52,patnt,SB1,Exten,95,0.00,0.00,0.00,90.58,0.00,1.36,0.00,3.45,0.00,2.68,0.00,0.77,0.00,0.00,0.00,0.00
52,patnt,SB1,Exten,105,0.00,0.00,0.00,99.47,0.00,1.46,0.00,3.70,0.00,2.97,0.00,0.90,0.00,0.00,0.00,0.00
52,patnt,SB1,Exten,115,0.00,0.00,0.00,107.36,0.00,1.55,0.00,3.88,0.00,3.19,0.00,1.01,0.00,0.00,0.00,0.00
52,patnt,SB1,Exten,125,0.00,0.00,0.00,114.30,0.00,1.62,0.00,3.99,0.00,3.35,0.00,1.11,0.00,0.00,0.00,0.00
52,patnt,SB1,Exten,135,0.00,0.00,0.00,120.29,0.00,1.67,0.00,4.04,0.00,3.44,0.00,1.20,0.00,0.00,0.00,0.00
52,patnt,SB1,Exten,145,0.00,0.00,0.00,125.32,0.00,1.71,0.00,4.04,0.00,3.48,0.00,1.26,0.00,0.00,0.00,0.00
52,patnt,SB1,Exten,155,0.00,0.00,0.00,129.39,0.00,1.73,0.00,3.99,0.00,3.47,0.00,1.31,0.00,0.00,0.00,0.00
52,patnt,SB1,Exten,165,0.00,0.00,0.00,132.50,0.00,1.73,0.00,3.89,0.00,3.42,0.00,1.34,0.00,0.00,0.00,0.00
52,patnt,SB1,Exten,175,0.00,0.00,0.00,134.66,0.00,1.73,0.00,3.75,0.00,3.34,0.00,1.35,0.00,0.00,0.00,0.00
52,patnt,SB1,Exten,185,0.00,0.00,0.00,135.90,0.00,1.70,0.00,3.59,0.00,3.23,0.00,1.35,0.00,0.00,0.00,0.00
52,patnt,SB1,Exten,195,0.00,0.00,0.00,136.25,0.00,1.67,0.00,3.40,0.00,3.11,0.00,1.34,0.00,0.00,0.00,0.00
52,patnt,SB1,Exten,205,0.00,0.00,0.00,135.77,0.00,1.63,0.00,3.19,0.00,2.96,0.00,1.32,0.00,0.00,0.00,0.00
52,patnt,SB1,Exten,215,0.00,0.00,0.00,134.49,0.00,1.58,0.00,2.97,0.00,2.81,0.00,1.28,0.00,0.00,0.00,0.00
52,patnt,SB1,Exten,225,0.00,0.00,0.00,132.49,0.00,1.52,0.00,2.74,0.00,2.64,0.00,1.24,0.00,0.00,0.00,0.00
52,patnt,SB1,Exten,235,0.00,0.00,0.00,129.82,0.00,1.45,0.00,2.52,0.00,2.48,0.00,1.19,0.00,0.00,0.00,0.00
52,patnt,SB1,Exten,245,0.00,0.00,0.00,126.56,0.00,1.38,0.00,2.29,0.00,2.31,0.00,1.13,0.00,0.00,0.00,0.00
52,patnt,SB1,Exten,255,0.00,0.00,0.00,122.77,0.00,1.31,0.00,2.07,0.00,2.14,0.00,1.08,0.00,0.00,0.00,0.00
53,3e,SB1,Basc1,5,0.00,0.00,0.00,0.00,0.00,0.00,0.00,0.00,0.00,0.00,0.00,0.00,0.00,0.00,0.00,0.00
53,3e,SB1,Basc1,15,0.00,0.00,0.02,1.46,0.00,0.01,0.00,0.23,0.00,0.02,0.00,5.03164616770862e-03,0.00,0.00,0.00,0.00
53,3e,SB1,Basc1,25,0.00,0.00,0.09,6.68,0.00,0.05,0.00,0.46,0.00,0.09,0.00,0.02,0.00,0.00,0.00,0.00
53,3e,SB1,Basc1,35,0.00,0.00,0.23,16.25,0.00,0.13,0.00,0.79,0.00,0.25,0.00,0.05,0.00,0.00,0.00,0.00
53,3e,SB1,Basc1,45,0.00,0.00,0.46,28.98,0.00,0.23,0.00,1.23,0.00,0.53,0.00,0.12,0.00,0.00,0.00,0.00
53,3e,SB1,Basc1,55,0.00,0.00,0.78,43.03,0.00,0.34,0.00,1.75,0.00,0.93,0.00,0.22,0.00,0.00,0.00,0.00
53,3e,SB1,Basc1,65,0.00,0.00,1.16,56.83,0.00,0.44,0.00,2.28,0.00,1.41,0.00,0.35,0.00,0.00,0.00,0.00
53,3e,SB1,Basc1,75,0.00,0.00,1.54,69.47,0.00,0.53,0.00,2.75,0.00,1.88,0.00,0.49,0.00,0.00,0.00,0.00
53,3e,SB1,Basc1,85,0.00,0.00,1.90,80.51,0.00,0.61,0.00,3.13,0.00,2.31,0.00,0.63,0.00,0.00,0.00,0.00
53,3e,SB1,Basc1,95,0.00,0.00,2.19,89.82,0.00,0.67,0.00,3.43,0.00,2.66,0.00,0.76,0.00,0.00,0.00,0.00
53,3e,SB1,Basc1,105,0.00,0.00,2.42,97.34,0.00,0.71,0.00,3.62,0.00,2.91,0.00,0.88,0.00,0.00,0.00,0.00
53,3e,SB1,Basc1,115,0.00,0.00,2.56,103.06,0.00,0.74,0.00,3.72,0.00,3.07,0.00,0.97,0.00,0.00,0.00,0.00
53,3e,SB1,Basc1,125,0.00,0.00,2.62,106.96,0.00,0.76,0.00,3.73,0.00,3.13,0.00,1.04,0.00,0.00,0.00,0.00
53,3e,SB1,Basc1,135,0.00,0.00,2.60,109.06,0.00,0.76,0.00,3.67,0.00,3.12,0.00,1.08,0.00,0.00,0.00,0.00
53,3e,SB1,Basc1,145,0.00,0.00,2.51,109.41,0.00,0.74,0.00,3.53,0.00,3.04,0.00,1.10,0.00,0.00,0.00,0.00
53,3e,SB1,Basc1,155,0.00,0.00,2.36,108.09,0.00,0.72,0.00,3.33,0.00,2.90,0.00,1.09,0.00,0.00,0.00,0.00
53,3e,SB1,Basc1,165,0.00,0.00,2.17,105.26,0.00,0.69,0.00,3.09,0.00,2.72,0.00,1.06,0.00,0.00,0.00,0.00
53,3e,SB1,Basc1,175,0.00,0.00,1.95,101.10,0.00,0.64,0.00,2.82,0.00,2.51,0.00,1.02,0.00,0.00,0.00,0.00
53,3e,SB1,Basc1,185,0.00,0.00,1.71,95.82,0.00,0.60,0.00,2.53,0.00,2.28,0.00,0.95,0.00,0.00,0.00,0.00
53,3e,SB1,Basc1,195,0.00,0.00,1.48,89.66,0.00,0.55,0.00,2.23,0.00,2.04,0.00,0.88,0.00,0.00,0.00,0.00
53,3e,SB1,Basc1,205,0.00,0.00,1.25,82.86,0.00,0.49,0.00,1.94,0.00,1.81,0.00,0.80,0.00,0.00,0.00,0.00
53,3e,SB1,Basc1,215,0.00,0.00,1.05,75.65,0.00,0.44,0.00,1.67,0.00,1.58,0.00,0.72,0.00,0.00,0.00,0.00
53,3e,SB1,Basc1,225,0.00,0.00,0.86,68.25,0.00,0.39,0.00,1.41,0.00,1.36,0.00,0.64,0.00,0.00,0.00,0.00
53,3e,SB1,Basc1,235,0.00,0.00,0.69,60.86,0.00,0.34,0.00,1.18,0.00,1.16,0.00,0.55,0.00,0.00,0.00,0.00
53,3e,SB1,Basc1,245,0.00,0.00,0.55,53.66,0.00,0.29,0.00,0.97,0.00,0.98,0.00,0.48,0.00,0.00,0.00,0.00
53,3e,SB1,Basc1,255,0.00,0.00,0.43,46.78,0.00,0.25,0.00,0.79,0.00,0.81,0.00,0.41,0.00,0.00,0.00,0.00
54,patnt,SB1,Basc1,5,0.00,0.00,0.00,0.00,0.00,0.00,0.00,0.00,0.00,0.00,0.00,0.00,0.00,0.00,0.00,0.00
54,patnt,SB1,Basc1,15,0.00,0.00,0.00,1.67,0.00,0.02,0.00,0.26,0.00,0.02,0.00,5.73505759601089e-03,0.00,0.00,0.00,0.00
54,patnt,SB1,Basc1,25,0.00,0.00,0.00,7.30,0.00,0.12,0.00,0.50,0.00,0.10,0.00,0.02,0.00,0.00,0.00,0.00
54,patnt,SB1,Basc1,35,0.00,0.00,0.00,17.22,0.00,0.28,0.00,0.84,0.00,0.27,0.00,0.06,0.00,0.00,0.00,0.00
54,patnt,SB1,Basc1,45,0.00,0.00,0.00,29.98,0.00,0.49,0.00,1.28,0.00,0.55,0.00,0.12,0.00,0.00,0.00,0.00
54,patnt,SB1,Basc1,55,0.00,0.00,0.00,43.74,0.00,0.70,0.00,1.78,0.00,0.95,0.00,0.22,0.00,0.00,0.00,0.00
54,patnt,SB1,Basc1,65,0.00,0.00,0.00,57.14,0.00,0.90,0.00,2.29,0.00,1.41,0.00,0.35,0.00,0.00,0.00,0.00
54,patnt,SB1,Basc1,75,0.00,0.00,0.00,69.50,0.00,1.07,0.00,2.75,0.00,1.88,0.00,0.49,0.00,0.00,0.00,0.00
54,patnt,SB1,Basc1,85,0.00,0.00,0.00,80.63,0.00,1.23,0.00,3.14,0.00,2.31,0.00,0.63,0.00,0.00,0.00,0.00
54,patnt,SB1,Basc1,95,0.00,0.00,0.00,90.58,0.00,1.36,0.00,3.45,0.00,2.68,0.00,0.77,0.00,0.00,0.00,0.00
54,patnt,SB1,Basc1,105,0.00,0.00,0.00,99.47,0.00,1.46,0.00,3.70,0.00,2.97,0.00,0.90,0.00,0.00,0.00,0.00
54,patnt,SB1,Basc1,115,0.00,0.00,0.00,107.36,0.00,1.55,0.00,3.88,0.00,3.19,0.00,1.01,0.00,0.00,0.00,0.00
54,patnt,SB1,Basc1,125,0.00,0.00,0.00,114.30,0.00,1.62,0.00,3.99,0.00,3.35,0.00,1.11,0.00,0.00,0.00,0.00
54,patnt,SB1,Basc1,135,0.00,0.00,0.00,120.29,0.00,1.67,0.00,4.04,0.00,3.44,0.00,1.20,0.00,0.00,0.00,0.00
54,patnt,SB1,Basc1,145,0.00,0.00,0.00,125.32,0.00,1.71,0.00,4.04,0.00,3.48,0.00,1.26,0.00,0.00,0.00,0.00
54,patnt,SB1,Basc1,155,0.00,0.00,0.00,129.39,0.00,1.73,0.00,3.99,0.00,3.47,0.00,1.31,0.00,0.00,0.00,0.00
54,patnt,SB1,Basc1,165,0.00,0.00,0.00,132.50,0.00,1.73,0.00,3.89,0.00,3.42,0.00,1.34,0.00,0.00,0.00,0.00
54,patnt,SB1,Basc1,175,0.00,0.00,0.00,134.66,0.00,1.73,0.00,3.75,0.00,3.34,0.00,1.35,0.00,0.00,0.00,0.00
54,patnt,SB1,Basc1,185,0.00,0.00,0.00,135.90,0.00,1.70,0.00,3.59,0.00,3.23,0.00,1.35,0.00,0.00,0.00,0.00
54,patnt,SB1,Basc1,195,0.00,0.00,0.00,136.25,0.00,1.67,0.00,3.40,0.00,3.11,0.00,1.34,0.00,0.00,0.00,0.00
54,patnt,SB1,Basc1,205,0.00,0.00,0.00,135.77,0.00,1.63,0.00,3.19,0.00,2.96,0.00,1.32,0.00,0.00,0.00,0.00
54,patnt,SB1,Basc1,215,0.00,0.00,0.00,134.49,0.00,1.58,0.00,2.97,0.00,2.81,0.00,1.28,0.00,0.00,0.00,0.00
54,patnt,SB1,Basc1,225,0.00,0.00,0.00,132.49,0.00,1.52,0.00,2.74,0.00,2.64,0.00,1.24,0.00,0.00,0.00,0.00
54,patnt,SB1,Basc1,235,0.00,0.00,0.00,129.82,0.00,1.45,0.00,2.52,0.00,2.48,0.00,1.19,0.00,0.00,0.00,0.00
54,patnt,SB1,Basc1,245,0.00,0.00,0.00,126.56,0.00,1.38,0.00,2.29,0.00,2.31,0.00,1.13,0.00,0.00,0.00,0.00
54,patnt,SB1,Basc1,255,0.00,0.00,0.00,122.77,0.00,1.31,0.00,2.07,0.00,2.14,0.00,1.08,0.00,0.00,0.00,0.00
55,3e,SB1,Basc2,5,0.00,0.00,0.00,0.00,0.00,0.00,0.00,0.00,0.00,0.00,0.00,0.00,0.00,0.00,0.00,0.00
55,3e,SB1,Basc2,15,0.00,0.00,0.02,1.46,0.00,0.01,0.00,0.23,0.00,0.02,0.00,5.03164616770862e-03,0.00,0.00,0.00,0.00
55,3e,SB1,Basc2,25,0.00,0.00,0.09,6.68,0.00,0.05,0.00,0.46,0.00,0.09,0.00,0.02,0.00,0.00,0.00,0.00
55,3e,SB1,Basc2,35,0.00,0.00,0.23,16.25,0.00,0.13,0.00,0.79,0.00,0.25,0.00,0.05,0.00,0.00,0.00,0.00
55,3e,SB1,Basc2,45,0.00,0.00,0.46,28.98,0.00,0.23,0.00,1.23,0.00,0.53,0.00,0.12,0.00,0.00,0.00,0.00
55,3e,SB1,Basc2,55,0.00,0.00,0.78,43.03,0.00,0.34,0.00,1.75,0.00,0.93,0.00,0.22,0.00,0.00,0.00,0.00
55,3e,SB1,Basc2,65,0.00,0.00,1.16,56.83,0.00,0.44,0.00,2.28,0.00,1.41,0.00,0.35,0.00,0.00,0.00,0.00
55,3e,SB1,Basc2,75,0.00,0.00,1.54,69.47,0.00,0.53,0.00,2.75,0.00,1.88,0.00,0.49,0.00,0.00,0.00,0.00
55,3e,SB1,Basc2,85,0.00,0.00,1.90,80.51,0.00,0.61,0.00,3.13,0.00,2.31,0.00,0.63,0.00,0.00,0.00,0.00
55,3e,SB1,Basc2,95,0.00,0.00,2.19,89.82,0.00,0.67,0.00,3.43,0.00,2.66,0.00,0.76,0.00,0.00,0.00,0.00
55,3e,SB1,Basc2,105,0.00,0.00,2.42,97.34,0.00,0.71,0.00,3.62,0.00,2.91,0.00,0.88,0.00,0.00,0.00,0.00
55,3e,SB1,Basc2,115,0.00,0.00,2.56,103.06,0.00,0.74,0.00,3.72,0.00,3.07,0.00,0.97,0.00,0.00,0.00,0.00
55,3e,SB1,Basc2,125,0.00,0.00,2.62,106.96,0.00,0.76,0.00,3.73,0.00,3.13,0.00,1.04,0.00,0.00,0.00,0.00
55,3e,SB1,Basc2,135,0.00,0.00,2.60,109.06,0.00,0.76,0.00,3.67,0.00,3.12,0.00,1.08,0.00,0.00,0.00,0.00
55,3e,SB1,Basc2,145,0.00,0.00,2.51,109.41,0.00,0.74,0.00,3.53,0.00,3.04,0.00,1.10,0.00,0.00,0.00,0.00
55,3e,SB1,Basc2,155,0.00,0.00,2.36,108.09,0.00,0.72,0.00,3.33,0.00,2.90,0.00,1.09,0.00,0.00,0.00,0.00
55,3e,SB1,Basc2,165,0.00,0.00,2.17,105.26,0.00,0.69,0.00,3.09,0.00,2.72,0.00,1.06,0.00,0.00,0.00,0.00
55,3e,SB1,Basc2,175,0.00,0.00,1.95,101.10,0.00,0.64,0.00,2.82,0.00,2.51,0.00,1.02,0.00,0.00,0.00,0.00
55,3e,SB1,Basc2,185,0.00,0.00,1.71,95.82,0.00,0.60,0.00,2.53,0.00,2.28,0.00,0.95,0.00,0.00,0.00,0.00
55,3e,SB1,Basc2,195,0.00,0.00,1.48,89.66,0.00,0.55,0.00,2.23,0.00,2.04,0.00,0.88,0.00,0.00,0.00,0.00
55,3e,SB1,Basc2,205,0.00,0.00,1.25,82.86,0.00,0.49,0.00,1.94,0.00,1.81,0.00,0.80,0.00,0.00,0.00,0.00
55,3e,SB1,Basc2,215,0.00,0.00,1.05,75.65,0.00,0.44,0.00,1.67,0.00,1.58,0.00,0.72,0.00,0.00,0.00,0.00
55,3e,SB1,Basc2,225,0.00,0.00,0.86,68.25,0.00,0.39,0.00,1.41,0.00,1.36,0.00,0.64,0.00,0.00,0.00,0.00
55,3e,SB1,Basc2,235,0.00,0.00,0.69,60.86,0.00,0.34,0.00,1.18,0.00,1.16,0.00,0.55,0.00,0.00,0.00,0.00
55,3e,SB1,Basc2,245,0.00,0.00,0.55,53.66,0.00,0.29,0.00,0.97,0.00,0.98,0.00,0.48,0.00,0.00,0.00,0.00
55,3e,SB1,Basc2,255,0.00,0.00,0.43,46.78,0.00,0.25,0.00,0.79,0.00,0.81,0.00,0.41,0.00,0.00,0.00,0.00
56,patnt,SB1,Basc2,5,0.00,0.00,0.00,0.00,0.00,0.00,0.00,0.00,0.00,0.00,0.00,0.00,0.00,0.00,0.00,0.00
56,patnt,SB1,Basc2,15,0.00,0.00,0.00,1.67,0.00,0.02,0.00,0.26,0.00,0.02,0.00,5.73505759601089e-03,0.00,0.00,0.00,0.00
56,patnt,SB1,Basc2,25,0.00,0.00,0.00,7.30,0.00,0.12,0.00,0.50,0.00,0.10,0.00,0.02,0.00,0.00,0.00,0.00
56,patnt,SB1,Basc2,35,0.00,0.00,0.00,17.22,0.00,0.28,0.00,0.84,0.00,0.27,0.00,0.06,0.00,0.00,0.00,0.00
56,patnt,SB1,Basc2,45,0.00,0.00,0.00,29.98,0.00,0.49,0.00,1.28,0.00,0.55,0.00,0.12,0.00,0.00,0.00,0.00
56,patnt,SB1,Basc2,55,0.00,0.00,0.00,43.74,0.00,0.70,0.00,1.78,0.00,0.95,0.00,0.22,0.00,0.00,0.00,0.00
56,patnt,SB1,Basc2,65,0.00,0.00,0.00,57.14,0.00,0.90,0.00,2.29,0.00,1.41,0.00,0.35,0.00,0.00,0.00,0.00
56,patnt,SB1,Basc2,75,0.00,0.00,0.00,69.50,0.00,1.07,0.00,2.75,0.00,1.88,0.00,0.49,0.00,0.00,0.00,0.00
56,patnt,SB1,Basc2,85,0.00,0.00,0.00,80.63,0.00,1.23,0.00,3.14,0.00,2.31,0.00,0.63,0.00,0.00,0.00,0.00
56,patnt,SB1,Basc2,95,0.00,0.00,0.00,90.58,0.00,1.36,0.00,3.45,0.00,2.68,0.00,0.77,0.00,0.00,0.00,0.00
56,patnt,SB1,Basc2,105,0.00,0.00,0.00,99.47,0.00,1.46,0.00,3.70,0.00,2.97,0.00,0.90,0.00,0.00,0.00,0.00
56,patnt,SB1,Basc2,115,0.00,0.00,0.00,107.36,0.00,1.55,0.00,3.88,0.00,3.19,0.00,1.01,0.00,0.00,0.00,0.00
56,patnt,SB1,Basc2,125,0.00,0.00,0.00,114.30,0.00,1.62,0.00,3.99,0.00,3.35,0.00,1.11,0.00,0.00,0.00,0.00
56,patnt,SB1,Basc2,135,0.00,0.00,0.00,120.29,0.00,1.67,0.00,4.04,0.00,3.44,0.00,1.20,0.00,0.00,0.00,0.00
56,patnt,SB1,Basc2,145,0.00,0.00,0.00,125.32,0.00,1.71,0.00,4.04,0.00,3.48,0.00,1.26,0.00,0.00,0.00,0.00
56,patnt,SB1,Basc2,155,0.00,0.00,0.00,129.39,0.00,1.73,0.00,3.99,0.00,3.47,0.00,1.31,0.00,0.00,0.00,0.00
56,patnt,SB1,Basc2,165,0.00,0.00,0.00,132.50,0.00,1.73,0.00,3.89,0.00,3.42,0.00,1.34,0.00,0.00,0.00,0.00
56,patnt,SB1,Basc2,175,0.00,0.00,0.00,134.66,0.00,1.73,0.00,3.75,0.00,3.34,0.00,1.35,0.00,0.00,0.00,0.00
56,patnt,SB1,Basc2,185,0.00,0.00,0.00,135.90,0.00,1.70,0.00,3.59,0.00,3.23,0.00,1.35,0.00,0.00,0.00,0.00
56,patnt,SB1,Basc2,195,0.00,0.00,0.00,136.25,0.00,1.67,0.00,3.40,0.00,3.11,0.00,1.34,0.00,0.00,0.00,0.00
56,patnt,SB1,Basc2,205,0.00,0.00,0.00,135.77,0.00,1.63,0.00,3.19,0.00,2.96,0.00,1.32,0.00,0.00,0.00,0.00
56,patnt,SB1,Basc2,215,0.00,0.00,0.00,134.49,0.00,1.58,0.00,2.97,0.00,2.81,0.00,1.28,0.00,0.00,0.00,0.00
56,patnt,SB1,Basc2,225,0.00,0.00,0.00,132.49,0.00,1.52,0.00,2.74,0.00,2.64,0.00,1.24,0.00,0.00,0.00,0.00
56,patnt,SB1,Basc2,235,0.00,0.00,0.00,129.82,0.00,1.45,0.00,2.52,0.00,2.48,0.00,1.19,0.00,0.00,0.00,0.00
56,patnt,SB1,Basc2,245,0.00,0.00,0.00,126.56,0.00,1.38,0.00,2.29,0.00,2.31,0.00,1.13,0.00,0.00,0.00,0.00
56,patnt,SB1,Basc2,255,0.00,0.00,0.00,122.77,0.00,1.31,0.00,2.07,0.00,2.14,0.00,1.08,0.00,0.00,0.00,0.00
57,3e,SB1,Intn1,5,0.00,0.00,0.00,0.00,0.00,0.00,0.00,0.00,0.00,0.00,0.00,0.00,0.00,0.00,0.00,0.00
57,3e,SB1,Intn1,15,0.00,0.00,0.02,1.46,0.00,0.01,0.00,0.23,0.00,0.02,0.00,5.03164616770862e-03,0.00,0.00,0.00,0.00
57,3e,SB1,Intn1,25,0.00,0.00,0.09,6.68,0.00,0.05,0.00,0.46,0.00,0.09,0.00,0.02,0.00,0.00,0.00,0.00
57,3e,SB1,Intn1,35,0.00,0.00,0.23,16.25,0.00,0.13,0.00,0.79,0.00,0.25,0.00,0.05,0.00,0.00,0.00,0.00
57,3e,SB1,Intn1,45,0.00,0.00,0.46,28.98,0.00,0.23,0.00,1.23,0.00,0.53,0.00,0.12,0.00,0.00,0.00,0.00
57,3e,SB1,Intn1,55,0.00,0.00,0.78,43.03,0.00,0.34,0.00,1.75,0.00,0.93,0.00,0.22,0.00,0.00,0.00,0.00
57,3e,SB1,Intn1,65,0.00,0.00,1.16,56.83,0.00,0.44,0.00,2.28,0.00,1.41,0.00,0.35,0.00,0.00,0.00,0.00
57,3e,SB1,Intn1,75,0.00,0.00,1.54,69.47,0.00,0.53,0.00,2.75,0.00,1.88,0.00,0.49,0.00,0.00,0.00,0.00
57,3e,SB1,Intn1,85,0.00,0.00,1.90,80.51,0.00,0.61,0.00,3.13,0.00,2.31,0.00,0.63,0.00,0.00,0.00,0.00
57,3e,SB1,Intn1,95,0.00,0.00,2.19,89.82,0.00,0.67,0.00,3.43,0.00,2.66,0.00,0.76,0.00,0.00,0.00,0.00
57,3e,SB1,Intn1,105,0.00,0.00,2.42,97.34,0.00,0.71,0.00,3.62,0.00,2.91,0.00,0.88,0.00,0.00,0.00,0.00
57,3e,SB1,Intn1,115,0.00,0.00,2.56,103.06,0.00,0.74,0.00,3.72,0.00,3.07,0.00,0.97,0.00,0.00,0.00,0.00
57,3e,SB1,Intn1,125,0.00,0.00,2.62,106.96,0.00,0.76,0.00,3.73,0.00,3.13,0.00,1.04,0.00,0.00,0.00,0.00
57,3e,SB1,Intn1,135,0.00,0.00,2.60,109.06,0.00,0.76,0.00,3.67,0.00,3.12,0.00,1.08,0.00,0.00,0.00,0.00
57,3e,SB1,Intn1,145,0.00,0.00,2.51,109.41,0.00,0.74,0.00,3.53,0.00,3.04,0.00,1.10,0.00,0.00,0.00,0.00
57,3e,SB1,Intn1,155,0.00,0.00,2.36,108.09,0.00,0.72,0.00,3.33,0.00,2.90,0.00,1.09,0.00,0.00,0.00,0.00
57,3e,SB1,Intn1,165,0.00,0.00,2.17,105.26,0.00,0.69,0.00,3.09,0.00,2.72,0.00,1.06,0.00,0.00,0.00,0.00
57,3e,SB1,Intn1,175,0.00,0.00,1.95,101.10,0.00,0.64,0.00,2.82,0.00,2.51,0.00,1.02,0.00,0.00,0.00,0.00
57,3e,SB1,Intn1,185,0.00,0.00,1.71,95.82,0.00,0.60,0.00,2.53,0.00,2.28,0.00,0.95,0.00,0.00,0.00,0.00
57,3e,SB1,Intn1,195,0.00,0.00,1.48,89.66,0.00,0.55,0.00,2.23,0.00,2.04,0.00,0.88,0.00,0.00,0.00,0.00
57,3e,SB1,Intn1,205,0.00,0.00,1.25,82.86,0.00,0.49,0.00,1.94,0.00,1.81,0.00,0.80,0.00,0.00,0.00,0.00
57,3e,SB1,Intn1,215,0.00,0.00,1.05,75.65,0.00,0.44,0.00,1.67,0.00,1.58,0.00,0.72,0.00,0.00,0.00,0.00
57,3e,SB1,Intn1,225,0.00,0.00,0.86,68.25,0.00,0.39,0.00,1.41,0.00,1.36,0.00,0.64,0.00,0.00,0.00,0.00
57,3e,SB1,Intn1,235,0.00,0.00,0.69,60.86,0.00,0.34,0.00,1.18,0.00,1.16,0.00,0.55,0.00,0.00,0.00,0.00
57,3e,SB1,Intn1,245,0.00,0.00,0.55,53.66,0.00,0.29,0.00,0.97,0.00,0.98,0.00,0.48,0.00,0.00,0.00,0.00
57,3e,SB1,Intn1,255,0.00,0.00,0.43,46.78,0.00,0.25,0.00,0.79,0.00,0.81,0.00,0.41,0.00,0.00,0.00,0.00
58,patnt,SB1,Intn1,5,0.00,0.00,0.00,0.00,0.00,0.00,0.00,0.00,0.00,0.00,0.00,0.00,0.00,0.00,0.00,0.00
58,patnt,SB1,Intn1,15,0.00,0.00,0.00,1.67,0.00,0.02,0.00,0.26,0.00,0.02,0.00,5.73505759601089e-03,0.00,0.00,0.00,0.00
58,patnt,SB1,Intn1,25,0.00,0.00,0.00,7.30,0.00,0.12,0.00,0.50,0.00,0.10,0.00,0.02,0.00,0.00,0.00,0.00
58,patnt,SB1,Intn1,35,0.00,0.00,0.00,17.22,0.00,0.28,0.00,0.84,0.00,0.27,0.00,0.06,0.00,0.00,0.00,0.00
58,patnt,SB1,Intn1,45,0.00,0.00,0.00,29.98,0.00,0.49,0.00,1.28,0.00,0.55,0.00,0.12,0.00,0.00,0.00,0.00
58,patnt,SB1,Intn1,55,0.00,0.00,0.00,43.74,0.00,0.70,0.00,1.78,0.00,0.95,0.00,0.22,0.00,0.00,0.00,0.00
58,patnt,SB1,Intn1,65,0.00,0.00,0.00,57.14,0.00,0.90,0.00,2.29,0.00,1.41,0.00,0.35,0.00,0.00,0.00,0.00
58,patnt,SB1,Intn1,75,0.00,0.00,0.00,69.50,0.00,1.07,0.00,2.75,0.00,1.88,0.00,0.49,0.00,0.00,0.00,0.00
58,patnt,SB1,Intn1,85,0.00,0.00,0.00,80.63,0.00,1.23,0.00,3.14,0.00,2.31,0.00,0.63,0.00,0.00,0.00,0.00
58,patnt,SB1,Intn1,95,0.00,0.00,0.00,90.58,0.00,1.36,0.00,3.45,0.00,2.68,0.00,0.77,0.00,0.00,0.00,0.00
58,patnt,SB1,Intn1,105,0.00,0.00,0.00,99.47,0.00,1.46,0.00,3.70,0.00,2.97,0.00,0.90,0.00,0.00,0.00,0.00
58,patnt,SB1,Intn1,115,0.00,0.00,0.00,107.36,0.00,1.55,0.00,3.88,0.00,3.19,0.00,1.01,0.00,0.00,0.00,0.00
58,patnt,SB1,Intn1,125,0.00,0.00,0.00,114.30,0.00,1.62,0.00,3.99,0.00,3.35,0.00,1.11,0.00,0.00,0.00,0.00
58,patnt,SB1,Intn1,135,0.00,0.00,0.00,120.29,0.00,1.67,0.00,4.04,0.00,3.44,0.00,1.20,0.00,0.00,0.00,0.00
58,patnt,SB1,Intn1,145,0.00,0.00,0.00,125.32,0.00,1.71,0.00,4.04,0.00,3.48,0.00,1.26,0.00,0.00,0.00,0.00
58,patnt,SB1,Intn1,155,0.00,0.00,0.00,129.39,0.00,1.73,0.00,3.99,0.00,3.47,0.00,1.31,0.00,0.00,0.00,0.00
58,patnt,SB1,Intn1,165,0.00,0.00,0.00,132.50,0.00,1.73,0.00,3.89,0.00,3.42,0.00,1.34,0.00,0.00,0.00,0.00
58,patnt,SB1,Intn1,175,0.00,0.00,0.00,134.66,0.00,1.73,0.00,3.75,0.00,3.34,0.00,1.35,0.00,0.00,0.00,0.00
58,patnt,SB1,Intn1,185,0.00,0.00,0.00,135.90,0.00,1.70,0.00,3.59,0.00,3.23,0.00,1.35,0.00,0.00,0.00,0.00
58,patnt,SB1,Intn1,195,0.00,0.00,0.00,136.25,0.00,1.67,0.00,3.40,0.00,3.11,0.00,1.34,0.00,0.00,0.00,0.00
58,patnt,SB1,Intn1,205,0.00,0.00,0.00,135.77,0.00,1.63,0.00,3.19,0.00,2.96,0.00,1.32,0.00,0.00,0.00,0.00
58,patnt,SB1,Intn1,215,0.00,0.00,0.00,134.49,0.00,1.58,0.00,2.97,0.00,2.81,0.00,1.28,0.00,0.00,0.00,0.00
58,patnt,SB1,Intn1,225,0.00,0.00,0.00,132.49,0.00,1.52,0.00,2.74,0.00,2.64,0.00,1.24,0.00,0.00,0.00,0.00
58,patnt,SB1,Intn1,235,0.00,0.00,0.00,129.82,0.00,1.45,0.00,2.52,0.00,2.48,0.00,1.19,0.00,0.00,0.00,0.00
58,patnt,SB1,Intn1,245,0.00,0.00,0.00,126.56,0.00,1.38,0.00,2.29,0.00,2.31,0.00,1.13,0.00,0.00,0.00,0.00
58,patnt,SB1,Intn1,255,0.00,0.00,0.00,122.77,0.00,1.31,0.00,2.07,0.00,2.14,0.00,1.08,0.00,0.00,0.00,0.00
61,3e,PJ1,Prsnt,5,0.00,0.00,0.00,0.00,0.00,0.00,0.00,0.00,0.00,0.00,0.00,0.00,0.00,0.00,0.00,0.00
61,3e,PJ1,Prsnt,15,0.00,0.00,0.89,0.04,0.00,0.00,0.00,0.00,0.00,0.02,0.00,3.62443116624823e-03,0.00,0.00,0.00,0.00
61,3e,PJ1,Prsnt,25,0.00,0.00,9.47,0.55,0.00,0.00,0.00,0.00,0.00,0.27,0.00,0.04,0.00,0.00,0.00,0.00
61,3e,PJ1,Prsnt,35,0.00,0.00,35.03,2.06,0.00,0.00,0.00,0.00,0.00,1.15,0.00,0.19,0.00,0.00,0.00,0.00
61,3e,PJ1,Prsnt,45,0.00,0.00,73.30,3.93,0.00,0.00,0.00,0.00,0.00,2.58,0.00,0.43,0.00,0.00,0.00,0.00
61,3e,PJ1,Prsnt,55,0.00,0.00,107.69,5.10,0.00,0.00,0.00,0.00,0.00,3.93,0.00,0.68,0.00,0.00,0.00,0.00
61,3e,PJ1,Prsnt,65,0.00,0.00,129.98,5.50,0.00,0.00,0.00,0.00,0.00,4.83,0.00,0.88,0.00,0.00,0.00,0.00
61,3e,PJ1,Prsnt,75,0.00,0.00,142.95,5.56,0.00,0.00,0.00,0.00,0.00,5.34,0.00,1.02,0.00,0.00,0.00,0.00
61,3e,PJ1,Prsnt,85,0.00,0.00,149.48,5.48,0.00,0.00,0.00,0.00,0.00,5.57,0.00,1.11,0.00,0.00,0.00,0.00
61,3e,PJ1,Prsnt,95,0.00,0.00,150.35,5.32,0.00,0.00,0.00,0.00,0.00,5.56,0.00,1.17,0.00,0.00,0.00,0.00
61,3e,PJ1,Prsnt,105,0.00,0.00,146.05,5.07,0.00,0.00,0.00,0.00,0.00,5.37,0.00,1.18,0.00,0.00,0.00,0.00
61,3e,PJ1,Prsnt,115,0.00,0.00,137.35,4.77,0.00,0.00,0.00,0.00,0.00,5.02,0.00,1.16,0.00,0.00,0.00,0.00
61,3e,PJ1,Prsnt,125,0.00,0.00,125.26,4.41,0.00,0.00,0.00,0.00,0.00,4.57,0.00,1.11,0.00,0.00,0.00,0.00
61,3e,PJ1,Prsnt,135,0.00,0.00,110.95,4.02,0.00,0.00,0.00,0.00,0.00,4.07,0.00,1.03,0.00,0.00,0.00,0.00
61,3e,PJ1,Prsnt,145,0.00,0.00,95.57,3.60,0.00,0.00,0.00,0.00,0.00,3.53,0.00,0.94,0.00,0.00,0.00,0.00
61,3e,PJ1,Prsnt,155,0.00,0.00,80.14,3.17,0.00,0.00,0.00,0.00,0.00,3.01,0.00,0.83,0.00,0.00,0.00,0.00
61,3e,PJ1,Prsnt,165,0.00,0.00,65.48,2.75,0.00,0.00,0.00,0.00,0.00,2.51,0.00,0.72,0.00,0.00,0.00,0.00
61,3e,PJ1,Prsnt,175,0.00,0.00,52.18,2.34,0.00,0.00,0.00,0.00,0.00,2.05,0.00,0.61,0.00,0.00,0.00,0.00
61,3e,PJ1,Prsnt,185,0.00,0.00,40.59,1.96,0.00,0.00,0.00,0.00,0.00,1.65,0.00,0.50,0.00,0.00,0.00,0.00
61,3e,PJ1,Prsnt,195,0.00,0.00,30.85,1.61,0.00,0.00,0.00,0.00,0.00,1.30,0.00,0.41,0.00,0.00,0.00,0.00
61,3e,PJ1,Prsnt,205,0.00,0.00,22.91,1.30,0.00,0.00,0.00,0.00,0.00,1.00,0.00,0.32,0.00,0.00,0.00,0.00
61,3e,PJ1,Prsnt,215,0.00,0.00,16.65,1.03,0.00,0.00,0.00,0.00,0.00,0.76,0.00,0.25,0.00,0.00,0.00,0.00
61,3e,PJ1,Prsnt,225,0.00,0.00,11.83,0.81,0.00,0.00,0.00,0.00,0.00,0.57,0.00,0.19,0.00,0.00,0.00,0.00
61,3e,PJ1,Prsnt,235,0.00,0.00,8.23,0.62,0.00,0.00,0.00,0.00,0.00,0.42,0.00,0.14,0.00,0.00,0.00,0.00
61,3e,PJ1,Prsnt,245,0.00,0.00,5.61,0.46,0.00,0.00,0.00,0.00,0.00,0.30,0.00,0.10,0.00,0.00,0.00,0.00
61,3e,PJ1,Prsnt,255,0.00,0.00,3.75,0.34,0.00,0.00,0.00,0.00,0.00,0.21,0.00,0.07,0.00,0.00,0.00,0.00
62,patnt,PJ1,Prsnt,5,0.00,0.00,0.00,0.00,0.00,0.00,0.00,0.00,0.00,0.00,0.00,0.00,0.00,0.00,0.00,0.00
62,patnt,PJ1,Prsnt,15,0.00,0.00,1.43,0.06,0.00,0.00,0.00,0.00,0.00,0.03,0.00,5.72370169761517e-03,0.00,0.00,0.00,0.00
62,patnt,PJ1,Prsnt,25,0.00,0.00,14.04,0.79,0.00,0.00,0.00,0.00,0.00,0.41,0.00,0.06,0.00,0.00,0.00,0.00
62,patnt,PJ1,Prsnt,35,0.00,0.00,47.71,2.73,0.00,0.00,0.00,0.00,0.00,1.57,0.00,0.25,0.00,0.00,0.00,0.00
62,patnt,PJ1,Prsnt,45,0.00,0.00,91.69,4.77,0.00,0.00,0.00,0.00,0.00,3.24,0.00,0.54,0.00,0.00,0.00,0.00
62,patnt,PJ1,Prsnt,55,0.00,0.00,126.25,5.80,0.00,0.00,0.00,0.00,0.00,4.64,0.00,0.80,0.00,0.00,0.00,0.00
62,patnt,PJ1,Prsnt,65,0.00,0.00,147.79,6.08,0.00,0.00,0.00,0.00,0.00,5.53,0.00,0.99,0.00,0.00,0.00,0.00
62,patnt,PJ1,Prsnt,75,0.00,0.00,161.97,6.12,0.00,0.00,0.00,0.00,0.00,6.09,0.00,1.14,0.00,0.00,0.00,0.00
62,patnt,PJ1,Prsnt,85,0.00,0.00,171.51,6.11,0.00,0.00,0.00,0.00,0.00,6.43,0.00,1.27,0.00,0.00,0.00,0.00
62,patnt,PJ1,Prsnt,95,0.00,0.00,176.93,6.08,0.00,0.00,0.00,0.00,0.00,6.59,0.00,1.36,0.00,0.00,0.00,0.00
62,patnt,PJ1,Prsnt,105,0.00,0.00,178.46,6.02,0.00,0.00,0.00,0.00,0.00,6.60,0.00,1.44,0.00,0.00,0.00,0.00
62,patnt,PJ1,Prsnt,115,0.00,0.00,176.42,5.95,0.00,0.00,0.00,0.00,0.00,6.49,0.00,1.48,0.00,0.00,0.00,0.00
62,patnt,PJ1,Prsnt,125,0.00,0.00,171.22,5.86,0.00,0.00,0.00,0.00,0.00,6.29,0.00,1.51,0.00,0.00,0.00,0.00
62,patnt,PJ1,Prsnt,135,0.00,0.00,163.37,5.75,0.00,0.00,0.00,0.00,0.00,6.03,0.00,1.51,0.00,0.00,0.00,0.00
62,patnt,PJ1,Prsnt,145,0.00,0.00,153.44,5.61,0.00,0.00,0.00,0.00,0.00,5.71,0.00,1.49,0.00,0.00,0.00,0.00
62,patnt,PJ1,Prsnt,155,0.00,0.00,142.01,5.46,0.00,0.00,0.00,0.00,0.00,5.37,0.00,1.46,0.00,0.00,0.00,0.00
62,patnt,PJ1,Prsnt,165,0.00,0.00,129.64,5.28,0.00,0.00,0.00,0.00,0.00,5.00,0.00,1.41,0.00,0.00,0.00,0.00
62,patnt,PJ1,Prsnt,175,0.00,0.00,116.82,5.09,0.00,0.00,0.00,0.00,0.00,4.63,0.00,1.35,0.00,0.00,0.00,0.00
62,patnt,PJ1,Prsnt,185,0.00,0.00,104.01,4.88,0.00,0.00,0.00,0.00,0.00,4.25,0.00,1.28,0.00,0.00,0.00,0.00
62,patnt,PJ1,Prsnt,195,0.00,0.00,91.55,4.65,0.00,0.00,0.00,0.00,0.00,3.89,0.00,1.21,0.00,0.00,0.00,0.00
62,patnt,PJ1,Prsnt,205,0.00,0.00,79.73,4.41,0.00,0.00,0.00,0.00,0.00,3.53,0.00,1.13,0.00,0.00,0.00,0.00
62,patnt,PJ1,Prsnt,215,0.00,0.00,68.72,4.15,0.00,0.00,0.00,0.00,0.00,3.18,0.00,1.04,0.00,0.00,0.00,0.00
62,patnt,PJ1,Prsnt,225,0.00,0.00,58.67,3.90,0.00,0.00,0.00,0.00,0.00,2.85,0.00,0.96,0.00,0.00,0.00,0.00
62,patnt,PJ1,Prsnt,235,0.00,0.00,49.63,3.63,0.00,0.00,0.00,0.00,0.00,2.54,0.00,0.88,0.00,0.00,0.00,0.00
62,patnt,PJ1,Prsnt,245,0.00,0.00,41.61,3.37,0.00,0.00,0.00,0.00,0.00,2.25,0.00,0.80,0.00,0.00,0.00,0.00
62,patnt,PJ1,Prsnt,255,0.00,0.00,34.60,3.10,0.00,0.00,0.00,0.00,0.00,1.98,0.00,0.72,0.00,0.00,0.00,0.00
63,3e,PJ1,Exten,5,0.00,0.00,0.00,0.00,0.00,0.00,0.00,0.00,0.00,0.00,0.00,0.00,0.00,0.00,0.00,0.00
63,3e,PJ1,Exten,15,0.00,0.00,0.56,0.03,0.00,0.00,0.00,0.00,0.00,0.01,0.00,4.76287805406109e-03,0.00,0.00,0.00,0.00
63,3e,PJ1,Exten,25,0.00,0.00,6.02,0.42,0.00,0.00,0.00,0.00,0.00,0.18,0.00,0.06,0.00,0.00,0.00,0.00
63,3e,PJ1,Exten,35,0.00,0.00,23.25,1.65,0.00,0.00,0.00,0.00,0.00,0.78,0.00,0.26,0.00,0.00,0.00,0.00
63,3e,PJ1,Exten,45,0.00,0.00,51.70,3.33,0.00,0.00,0.00,0.00,0.00,1.87,0.00,0.64,0.00,0.00,0.00,0.00
63,3e,PJ1,Exten,55,0.00,0.00,80.57,4.59,0.00,0.00,0.00,0.00,0.00,3.03,0.00,1.07,0.00,0.00,0.00,0.00
63,3e,PJ1,Exten,65,0.00,0.00,100.89,5.14,0.00,0.00,0.00,0.00,0.00,3.86,0.00,1.43,0.00,0.00,0.00,0.00
63,3e,PJ1,Exten,75,0.00,0.00,112.58,5.27,0.00,0.00,0.00,0.00,0.00,4.33,0.00,1.68,0.00,0.00,0.00,0.00
63,3e,PJ1,Exten,85,0.00,0.00,118.34,5.22,0.00,0.00,0.00,0.00,0.00,4.54,0.00,1.84,0.00,0.00,0.00,0.00
63,3e,PJ1,Exten,95,0.00,0.00,119.43,5.08,0.00,0.00,0.00,0.00,0.00,4.55,0.00,1.94,0.00,0.00,0.00,0.00
63,3e,PJ1,Exten,105,0.00,0.00,116.35,4.86,0.00,0.00,0.00,0.00,0.00,4.40,0.00,1.98,0.00,0.00,0.00,0.00
63,3e,PJ1,Exten,115,0.00,0.00,109.68,4.58,0.00,0.00,0.00,0.00,0.00,4.13,0.00,1.95,0.00,0.00,0.00,0.00
63,3e,PJ1,Exten,125,0.00,0.00,100.24,4.25,0.00,0.00,0.00,0.00,0.00,3.77,0.00,1.86,0.00,0.00,0.00,0.00
63,3e,PJ1,Exten,135,0.00,0.00,88.95,3.87,0.00,0.00,0.00,0.00,0.00,3.36,0.00,1.73,0.00,0.00,0.00,0.00
63,3e,PJ1,Exten,145,0.00,0.00,76.74,3.48,0.00,0.00,0.00,0.00,0.00,2.92,0.00,1.57,0.00,0.00,0.00,0.00
63,3e,PJ1,Exten,155,0.00,0.00,64.43,3.07,0.00,0.00,0.00,0.00,0.00,2.49,0.00,1.40,0.00,0.00,0.00,0.00
63,3e,PJ1,Exten,165,0.00,0.00,52.71,2.66,0.00,0.00,0.00,0.00,0.00,2.08,0.00,1.21,0.00,0.00,0.00,0.00
63,3e,PJ1,Exten,175,0.00,0.00,42.04,2.27,0.00,0.00,0.00,0.00,0.00,1.70,0.00,1.02,0.00,0.00,0.00,0.00
63,3e,PJ1,Exten,185,0.00,0.00,32.73,1.90,0.00,0.00,0.00,0.00,0.00,1.37,0.00,0.85,0.00,0.00,0.00,0.00
63,3e,PJ1,Exten,195,0.00,0.00,24.89,1.56,0.00,0.00,0.00,0.00,0.00,1.08,0.00,0.69,0.00,0.00,0.00,0.00
63,3e,PJ1,Exten,205,0.00,0.00,18.50,1.26,0.00,0.00,0.00,0.00,0.00,0.83,0.00,0.55,0.00,0.00,0.00,0.00
63,3e,PJ1,Exten,215,0.00,0.00,13.45,1.00,0.00,0.00,0.00,0.00,0.00,0.63,0.00,0.43,0.00,0.00,0.00,0.00
63,3e,PJ1,Exten,225,0.00,0.00,9.56,0.78,0.00,0.00,0.00,0.00,0.00,0.47,0.00,0.33,0.00,0.00,0.00,0.00
63,3e,PJ1,Exten,235,0.00,0.00,6.66,0.60,0.00,0.00,0.00,0.00,0.00,0.34,0.00,0.24,0.00,0.00,0.00,0.00
63,3e,PJ1,Exten,245,0.00,0.00,4.54,0.45,0.00,0.00,0.00,0.00,0.00,0.25,0.00,0.18,0.00,0.00,0.00,0.00
63,3e,PJ1,Exten,255,0.00,0.00,3.03,0.33,0.00,0.00,0.00,0.00,0.00,0.17,0.00,0.13,0.00,0.00,0.00,0.00
64,patnt,PJ1,Exten,5,0.00,0.00,0.00,0.00,0.00,0.00,0.00,0.00,0.00,0.00,0.00,0.00,0.00,0.00,0.00,0.00
64,patnt,PJ1,Exten,15,0.00,0.00,1.43,0.06,0.00,0.00,0.00,0.00,0.00,0.03,0.00,5.72370169761517e-03,0.00,0.00,0.00,0.00
64,patnt,PJ1,Exten,25,0.00,0.00,14.04,0.79,0.00,0.00,0.00,0.00,0.00,0.41,0.00,0.06,0.00,0.00,0.00,0.00
64,patnt,PJ1,Exten,35,0.00,0.00,47.71,2.73,0.00,0.00,0.00,0.00,0.00,1.57,0.00,0.25,0.00,0.00,0.00,0.00
64,patnt,PJ1,Exten,45,0.00,0.00,91.69,4.77,0.00,0.00,0.00,0.00,0.00,3.24,0.00,0.54,0.00,0.00,0.00,0.00
64,patnt,PJ1,Exten,55,0.00,0.00,126.25,5.80,0.00,0.00,0.00,0.00,0.00,4.64,0.00,0.80,0.00,0.00,0.00,0.00
64,patnt,PJ1,Exten,65,0.00,0.00,147.79,6.08,0.00,0.00,0.00,0.00,0.00,5.53,0.00,0.99,0.00,0.00,0.00,0.00
64,patnt,PJ1,Exten,75,0.00,0.00,161.97,6.12,0.00,0.00,0.00,0.00,0.00,6.09,0.00,1.14,0.00,0.00,0.00,0.00
64,patnt,PJ1,Exten,85,0.00,0.00,171.51,6.11,0.00,0.00,0.00,0.00,0.00,6.43,0.00,1.27,0.00,0.00,0.00,0.00
64,patnt,PJ1,Exten,95,0.00,0.00,176.93,6.08,0.00,0.00,0.00,0.00,0.00,6.59,0.00,1.36,0.00,0.00,0.00,0.00
64,patnt,PJ1,Exten,105,0.00,0.00,178.46,6.02,0.00,0.00,0.00,0.00,0.00,6.60,0.00,1.44,0.00,0.00,0.00,0.00
64,patnt,PJ1,Exten,115,0.00,0.00,176.42,5.95,0.00,0.00,0.00,0.00,0.00,6.49,0.00,1.48,0.00,0.00,0.00,0.00
64,patnt,PJ1,Exten,125,0.00,0.00,171.22,5.86,0.00,0.00,0.00,0.00,0.00,6.29,0.00,1.51,0.00,0.00,0.00,0.00
64,patnt,PJ1,Exten,135,0.00,0.00,163.37,5.75,0.00,0.00,0.00,0.00,0.00,6.03,0.00,1.51,0.00,0.00,0.00,0.00
64,patnt,PJ1,Exten,145,0.00,0.00,153.44,5.61,0.00,0.00,0.00,0.00,0.00,5.71,0.00,1.49,0.00,0.00,0.00,0.00
64,patnt,PJ1,Exten,155,0.00,0.00,142.01,5.46,0.00,0.00,0.00,0.00,0.00,5.37,0.00,1.46,0.00,0.00,0.00,0.00
64,patnt,PJ1,Exten,165,0.00,0.00,129.64,5.28,0.00,0.00,0.00,0.00,0.00,5.00,0.00,1.41,0.00,0.00,0.00,0.00
64,patnt,PJ1,Exten,175,0.00,0.00,116.82,5.09,0.00,0.00,0.00,0.00,0.00,4.63,0.00,1.35,0.00,0.00,0.00,0.00
64,patnt,PJ1,Exten,185,0.00,0.00,104.01,4.88,0.00,0.00,0.00,0.00,0.00,4.25,0.00,1.28,0.00,0.00,0.00,0.00
64,patnt,PJ1,Exten,195,0.00,0.00,91.55,4.65,0.00,0.00,0.00,0.00,0.00,3.89,0.00,1.21,0.00,0.00,0.00,0.00
64,patnt,PJ1,Exten,205,0.00,0.00,79.73,4.41,0.00,0.00,0.00,0.00,0.00,3.53,0.00,1.13,0.00,0.00,0.00,0.00
64,patnt,PJ1,Exten,215,0.00,0.00,68.72,4.15,0.00,0.00,0.00,0.00,0.00,3.18,0.00,1.04,0.00,0.00,0.00,0.00
64,patnt,PJ1,Exten,225,0.00,0.00,58.67,3.90,0.00,0.00,0.00,0.00,0.00,2.85,0.00,0.96,0.00,0.00,0.00,0.00
64,patnt,PJ1,Exten,235,0.00,0.00,49.63,3.63,0.00,0.00,0.00,0.00,0.00,2.54,0.00,0.88,0.00,0.00,0.00,0.00
64,patnt,PJ1,Exten,245,0.00,0.00,41.61,3.37,0.00,0.00,0.00,0.00,0.00,2.25,0.00,0.80,0.00,0.00,0.00,0.00
64,patnt,PJ1,Exten,255,0.00,0.00,34.60,3.10,0.00,0.00,0.00,0.00,0.00,1.98,0.00,0.72,0.00,0.00,0.00,0.00
65,3e,PJ1,Basc1,5,0.00,0.00,0.00,0.00,0.00,0.00,0.00,0.00,0.00,0.00,0.00,0.00,0.00,0.00,0.00,0.00
65,3e,PJ1,Basc1,15,0.00,0.00,0.89,0.04,0.00,0.00,0.00,0.00,0.00,0.02,0.00,3.62443116624823e-03,0.00,0.00,0.00,0.00
65,3e,PJ1,Basc1,25,0.00,0.00,9.47,0.55,0.00,0.00,0.00,0.00,0.00,0.27,0.00,0.04,0.00,0.00,0.00,0.00
65,3e,PJ1,Basc1,35,0.00,0.00,35.03,2.06,0.00,0.00,0.00,0.00,0.00,1.15,0.00,0.19,0.00,0.00,0.00,0.00
65,3e,PJ1,Basc1,45,0.00,0.00,73.30,3.93,0.00,0.00,0.00,0.00,0.00,2.58,0.00,0.43,0.00,0.00,0.00,0.00
65,3e,PJ1,Basc1,55,0.00,0.00,107.69,5.10,0.00,0.00,0.00,0.00,0.00,3.93,0.00,0.68,0.00,0.00,0.00,0.00
65,3e,PJ1,Basc1,65,0.00,0.00,129.98,5.50,0.00,0.00,0.00,0.00,0.00,4.83,0.00,0.88,0.00,0.00,0.00,0.00
65,3e,PJ1,Basc1,75,0.00,0.00,142.95,5.56,0.00,0.00,0.00,0.00,0.00,5.34,0.00,1.02,0.00,0.00,0.00,0.00
65,3e,PJ1,Basc1,85,0.00,0.00,149.48,5.48,0.00,0.00,0.00,0.00,0.00,5.57,0.00,1.11,0.00,0.00,0.00,0.00
65,3e,PJ1,Basc1,95,0.00,0.00,150.35,5.32,0.00,0.00,0.00,0.00,0.00,5.56,0.00,1.17,0.00,0.00,0.00,0.00
65,3e,PJ1,Basc1,105,0.00,0.00,146.05,5.07,0.00,0.00,0.00,0.00,0.00,5.37,0.00,1.18,0.00,0.00,0.00,0.00
65,3e,PJ1,Basc1,115,0.00,0.00,137.35,4.77,0.00,0.00,0.00,0.00,0.00,5.02,0.00,1.16,0.00,0.00,0.00,0.00
65,3e,PJ1,Basc1,125,0.00,0.00,125.26,4.41,0.00,0.00,0.00,0.00,0.00,4.57,0.00,1.11,0.00,0.00,0.00,0.00
65,3e,PJ1,Basc1,135,0.00,0.00,110.95,4.02,0.00,0.00,0.00,0.00,0.00,4.07,0.00,1.03,0.00,0.00,0.00,0.00
65,3e,PJ1,Basc1,145,0.00,0.00,95.57,3.60,0.00,0.00,0.00,0.00,0.00,3.53,0.00,0.94,0.00,0.00,0.00,0.00
65,3e,PJ1,Basc1,155,0.00,0.00,80.14,3.17,0.00,0.00,0.00,0.00,0.00,3.01,0.00,0.83,0.00,0.00,0.00,0.00
65,3e,PJ1,Basc1,165,0.00,0.00,65.48,2.75,0.00,0.00,0.00,0.00,0.00,2.51,0.00,0.72,0.00,0.00,0.00,0.00
65,3e,PJ1,Basc1,175,0.00,0.00,52.18,2.34,0.00,0.00,0.00,0.00,0.00,2.05,0.00,0.61,0.00,0.00,0.00,0.00
65,3e,PJ1,Basc1,185,0.00,0.00,40.59,1.96,0.00,0.00,0.00,0.00,0.00,1.65,0.00,0.50,0.00,0.00,0.00,0.00
65,3e,PJ1,Basc1,195,0.00,0.00,30.85,1.61,0.00,0.00,0.00,0.00,0.00,1.30,0.00,0.41,0.00,0.00,0.00,0.00
65,3e,PJ1,Basc1,205,0.00,0.00,22.91,1.30,0.00,0.00,0.00,0.00,0.00,1.00,0.00,0.32,0.00,0.00,0.00,0.00
65,3e,PJ1,Basc1,215,0.00,0.00,16.65,1.03,0.00,0.00,0.00,0.00,0.00,0.76,0.00,0.25,0.00,0.00,0.00,0.00
65,3e,PJ1,Basc1,225,0.00,0.00,11.83,0.81,0.00,0.00,0.00,0.00,0.00,0.57,0.00,0.19,0.00,0.00,0.00,0.00
65,3e,PJ1,Basc1,235,0.00,0.00,8.23,0.62,0.00,0.00,0.00,0.00,0.00,0.42,0.00,0.14,0.00,0.00,0.00,0.00
65,3e,PJ1,Basc1,245,0.00,0.00,5.61,0.46,0.00,0.00,0.00,0.00,0.00,0.30,0.00,0.10,0.00,0.00,0.00,0.00
65,3e,PJ1,Basc1,255,0.00,0.00,3.75,0.34,0.00,0.00,0.00,0.00,0.00,0.21,0.00,0.07,0.00,0.00,0.00,0.00
66,patnt,PJ1,Basc1,5,0.00,0.00,0.00,0.00,0.00,0.00,0.00,0.00,0.00,0.00,0.00,0.00,0.00,0.00,0.00,0.00
66,patnt,PJ1,Basc1,15,0.00,0.00,1.43,0.06,0.00,0.00,0.00,0.00,0.00,0.03,0.00,5.72370169761517e-03,0.00,0.00,0.00,0.00
66,patnt,PJ1,Basc1,25,0.00,0.00,14.04,0.79,0.00,0.00,0.00,0.00,0.00,0.41,0.00,0.06,0.00,0.00,0.00,0.00
66,patnt,PJ1,Basc1,35,0.00,0.00,47.71,2.73,0.00,0.00,0.00,0.00,0.00,1.57,0.00,0.25,0.00,0.00,0.00,0.00
66,patnt,PJ1,Basc1,45,0.00,0.00,91.69,4.77,0.00,0.00,0.00,0.00,0.00,3.24,0.00,0.54,0.00,0.00,0.00,0.00
66,patnt,PJ1,Basc1,55,0.00,0.00,126.25,5.80,0.00,0.00,0.00,0.00,0.00,4.64,0.00,0.80,0.00,0.00,0.00,0.00
66,patnt,PJ1,Basc1,65,0.00,0.00,147.79,6.08,0.00,0.00,0.00,0.00,0.00,5.53,0.00,0.99,0.00,0.00,0.00,0.00
66,patnt,PJ1,Basc1,75,0.00,0.00,161.97,6.12,0.00,0.00,0.00,0.00,0.00,6.09,0.00,1.14,0.00,0.00,0.00,0.00
66,patnt,PJ1,Basc1,85,0.00,0.00,171.51,6.11,0.00,0.00,0.00,0.00,0.00,6.43,0.00,1.27,0.00,0.00,0.00,0.00
66,patnt,PJ1,Basc1,95,0.00,0.00,176.93,6.08,0.00,0.00,0.00,0.00,0.00,6.59,0.00,1.36,0.00,0.00,0.00,0.00
66,patnt,PJ1,Basc1,105,0.00,0.00,178.46,6.02,0.00,0.00,0.00,0.00,0.00,6.60,0.00,1.44,0.00,0.00,0.00,0.00
66,patnt,PJ1,Basc1,115,0.00,0.00,176.42,5.95,0.00,0.00,0.00,0.00,0.00,6.49,0.00,1.48,0.00,0.00,0.00,0.00
66,patnt,PJ1,Basc1,125,0.00,0.00,171.22,5.86,0.00,0.00,0.00,0.00,0.00,6.29,0.00,1.51,0.00,0.00,0.00,0.00
66,patnt,PJ1,Basc1,135,0.00,0.00,163.37,5.75,0.00,0.00,0.00,0.00,0.00,6.03,0.00,1.51,0.00,0.00,0.00,0.00
66,patnt,PJ1,Basc1,145,0.00,0.00,153.44,5.61,0.00,0.00,0.00,0.00,0.00,5.71,0.00,1.49,0.00,0.00,0.00,0.00
66,patnt,PJ1,Basc1,155,0.00,0.00,142.01,5.46,0.00,0.00,0.00,0.00,0.00,5.37,0.00,1.46,0.00,0.00,0.00,0.00
66,patnt,PJ1,Basc1,165,0.00,0.00,129.64,5.28,0.00,0.00,0.00,0.00,0.00,5.00,0.00,1.41,0.00,0.00,0.00,0.00
66,patnt,PJ1,Basc1,175,0.00,0.00,116.82,5.09,0.00,0.00,0.00,0.00,0.00,4.63,0.00,1.35,0.00,0.00,0.00,0.00
66,patnt,PJ1,Basc1,185,0.00,0.00,104.01,4.88,0.00,0.00,0.00,0.00,0.00,4.25,0.00,1.28,0.00,0.00,0.00,0.00
66,patnt,PJ1,Basc1,195,0.00,0.00,91.55,4.65,0.00,0.00,0.00,0.00,0.00,3.89,0.00,1.21,0.00,0.00,0.00,0.00
66,patnt,PJ1,Basc1,205,0.00,0.00,79.73,4.41,0.00,0.00,0.00,0.00,0.00,3.53,0.00,1.13,0.00,0.00,0.00,0.00
66,patnt,PJ1,Basc1,215,0.00,0.00,68.72,4.15,0.00,0.00,0.00,0.00,0.00,3.18,0.00,1.04,0.00,0.00,0.00,0.00
66,patnt,PJ1,Basc1,225,0.00,0.00,58.67,3.90,0.00,0.00,0.00,0.00,0.00,2.85,0.00,0.96,0.00,0.00,0.00,0.00
66,patnt,PJ1,Basc1,235,0.00,0.00,49.63,3.63,0.00,0.00,0.00,0.00,0.00,2.54,0.00,0.88,0.00,0.00,0.00,0.00
66,patnt,PJ1,Basc1,245,0.00,0.00,41.61,3.37,0.00,0.00,0.00,0.00,0.00,2.25,0.00,0.80,0.00,0.00,0.00,0.00
66,patnt,PJ1,Basc1,255,0.00,0.00,34.60,3.10,0.00,0.00,0.00,0.00,0.00,1.98,0.00,0.72,0.00,0.00,0.00,0.00
67,3e,PJ1,Basc2,5,0.00,0.00,0.00,0.00,0.00,0.00,0.00,0.00,0.00,0.00,0.00,0.00,0.00,0.00,0.00,0.00
67,3e,PJ1,Basc2,15,0.00,0.00,0.89,0.04,0.00,0.00,0.00,0.00,0.00,0.02,0.00,3.62443116624823e-03,0.00,0.00,0.00,0.00
67,3e,PJ1,Basc2,25,0.00,0.00,9.47,0.55,0.00,0.00,0.00,0.00,0.00,0.27,0.00,0.04,0.00,0.00,0.00,0.00
67,3e,PJ1,Basc2,35,0.00,0.00,35.03,2.06,0.00,0.00,0.00,0.00,0.00,1.15,0.00,0.19,0.00,0.00,0.00,0.00
67,3e,PJ1,Basc2,45,0.00,0.00,73.30,3.93,0.00,0.00,0.00,0.00,0.00,2.58,0.00,0.43,0.00,0.00,0.00,0.00
67,3e,PJ1,Basc2,55,0.00,0.00,107.69,5.10,0.00,0.00,0.00,0.00,0.00,3.93,0.00,0.68,0.00,0.00,0.00,0.00
67,3e,PJ1,Basc2,65,0.00,0.00,129.98,5.50,0.00,0.00,0.00,0.00,0.00,4.83,0.00,0.88,0.00,0.00,0.00,0.00
67,3e,PJ1,Basc2,75,0.00,0.00,142.95,5.56,0.00,0.00,0.00,0.00,0.00,5.34,0.00,1.02,0.00,0.00,0.00,0.00
67,3e,PJ1,Basc2,85,0.00,0.00,149.48,5.48,0.00,0.00,0.00,0.00,0.00,5.57,0.00,1.11,0.00,0.00,0.00,0.00
67,3e,PJ1,Basc2,95,0.00,0.00,150.35,5.32,0.00,0.00,0.00,0.00,0.00,5.56,0.00,1.17,0.00,0.00,0.00,0.00
67,3e,PJ1,Basc2,105,0.00,0.00,146.05,5.07,0.00,0.00,0.00,0.00,0.00,5.37,0.00,1.18,0.00,0.00,0.00,0.00
67,3e,PJ1,Basc2,115,0.00,0.00,137.35,4.77,0.00,0.00,0.00,0.00,0.00,5.02,0.00,1.16,0.00,0.00,0.00,0.00
67,3e,PJ1,Basc2,125,0.00,0.00,125.26,4.41,0.00,0.00,0.00,0.00,0.00,4.57,0.00,1.11,0.00,0.00,0.00,0.00
67,3e,PJ1,Basc2,135,0.00,0.00,110.95,4.02,0.00,0.00,0.00,0.00,0.00,4.07,0.00,1.03,0.00,0.00,0.00,0.00
67,3e,PJ1,Basc2,145,0.00,0.00,95.57,3.60,0.00,0.00,0.00,0.00,0.00,3.53,0.00,0.94,0.00,0.00,0.00,0.00
67,3e,PJ1,Basc2,155,0.00,0.00,80.14,3.17,0.00,0.00,0.00,0.00,0.00,3.01,0.00,0.83,0.00,0.00,0.00,0.00
67,3e,PJ1,Basc2,165,0.00,0.00,65.48,2.75,0.00,0.00,0.00,0.00,0.00,2.51,0.00,0.72,0.00,0.00,0.00,0.00
67,3e,PJ1,Basc2,175,0.00,0.00,52.18,2.34,0.00,0.00,0.00,0.00,0.00,2.05,0.00,0.61,0.00,0.00,0.00,0.00
67,3e,PJ1,Basc2,185,0.00,0.00,40.59,1.96,0.00,0.00,0.00,0.00,0.00,1.65,0.00,0.50,0.00,0.00,0.00,0.00
67,3e,PJ1,Basc2,195,0.00,0.00,30.85,1.61,0.00,0.00,0.00,0.00,0.00,1.30,0.00,0.41,0.00,0.00,0.00,0.00
67,3e,PJ1,Basc2,205,0.00,0.00,22.91,1.30,0.00,0.00,0.00,0.00,0.00,1.00,0.00,0.32,0.00,0.00,0.00,0.00
67,3e,PJ1,Basc2,215,0.00,0.00,16.65,1.03,0.00,0.00,0.00,0.00,0.00,0.76,0.00,0.25,0.00,0.00,0.00,0.00
67,3e,PJ1,Basc2,225,0.00,0.00,11.83,0.81,0.00,0.00,0.00,0.00,0.00,0.57,0.00,0.19,0.00,0.00,0.00,0.00
67,3e,PJ1,Basc2,235,0.00,0.00,8.23,0.62,0.00,0.00,0.00,0.00,0.00,0.42,0.00,0.14,0.00,0.00,0.00,0.00
67,3e,PJ1,Basc2,245,0.00,0.00,5.61,0.46,0.00,0.00,0.00,0.00,0.00,0.30,0.00,0.10,0.00,0.00,0.00,0.00
67,3e,PJ1,Basc2,255,0.00,0.00,3.75,0.34,0.00,0.00,0.00,0.00,0.00,0.21,0.00,0.07,0.00,0.00,0.00,0.00
68,patnt,PJ1,Basc2,5,0.00,0.00,0.00,0.00,0.00,0.00,0.00,0.00,0.00,0.00,0.00,0.00,0.00,0.00,0.00,0.00
68,patnt,PJ1,Basc2,15,0.00,0.00,1.43,0.06,0.00,0.00,0.00,0.00,0.00,0.03,0.00,5.72370169761517e-03,0.00,0.00,0.00,0.00
68,patnt,PJ1,Basc2,25,0.00,0.00,14.04,0.79,0.00,0.00,0.00,0.00,0.00,0.41,0.00,0.06,0.00,0.00,0.00,0.00
68,patnt,PJ1,Basc2,35,0.00,0.00,47.71,2.73,0.00,0.00,0.00,0.00,0.00,1.57,0.00,0.25,0.00,0.00,0.00,0.00
68,patnt,PJ1,Basc2,45,0.00,0.00,91.69,4.77,0.00,0.00,0.00,0.00,0.00,3.24,0.00,0.54,0.00,0.00,0.00,0.00
68,patnt,PJ1,Basc2,55,0.00,0.00,126.25,5.80,0.00,0.00,0.00,0.00,0.00,4.64,0.00,0.80,0.00,0.00,0.00,0.00
68,patnt,PJ1,Basc2,65,0.00,0.00,147.79,6.08,0.00,0.00,0.00,0.00,0.00,5.53,0.00,0.99,0.00,0.00,0.00,0.00
68,patnt,PJ1,Basc2,75,0.00,0.00,161.97,6.12,0.00,0.00,0.00,0.00,0.00,6.09,0.00,1.14,0.00,0.00,0.00,0.00
68,patnt,PJ1,Basc2,85,0.00,0.00,171.51,6.11,0.00,0.00,0.00,0.00,0.00,6.43,0.00,1.27,0.00,0.00,0.00,0.00
68,patnt,PJ1,Basc2,95,0.00,0.00,176.93,6.08,0.00,0.00,0.00,0.00,0.00,6.59,0.00,1.36,0.00,0.00,0.00,0.00
68,patnt,PJ1,Basc2,105,0.00,0.00,178.46,6.02,0.00,0.00,0.00,0.00,0.00,6.60,0.00,1.44,0.00,0.00,0.00,0.00
68,patnt,PJ1,Basc2,115,0.00,0.00,176.42,5.95,0.00,0.00,0.00,0.00,0.00,6.49,0.00,1.48,0.00,0.00,0.00,0.00
68,patnt,PJ1,Basc2,125,0.00,0.00,171.22,5.86,0.00,0.00,0.00,0.00,0.00,6.29,0.00,1.51,0.00,0.00,0.00,0.00
68,patnt,PJ1,Basc2,135,0.00,0.00,163.37,5.75,0.00,0.00,0.00,0.00,0.00,6.03,0.00,1.51,0.00,0.00,0.00,0.00
68,patnt,PJ1,Basc2,145,0.00,0.00,153.44,5.61,0.00,0.00,0.00,0.00,0.00,5.71,0.00,1.49,0.00,0.00,0.00,0.00
68,patnt,PJ1,Basc2,155,0.00,0.00,142.01,5.46,0.00,0.00,0.00,0.00,0.00,5.37,0.00,1.46,0.00,0.00,0.00,0.00
68,patnt,PJ1,Basc2,165,0.00,0.00,129.64,5.28,0.00,0.00,0.00,0.00,0.00,5.00,0.00,1.41,0.00,0.00,0.00,0.00
68,patnt,PJ1,Basc2,175,0.00,0.00,116.82,5.09,0.00,0.00,0.00,0.00,0.00,4.63,0.00,1.35,0.00,0.00,0.00,0.00
68,patnt,PJ1,Basc2,185,0.00,0.00,104.01,4.88,0.00,0.00,0.00,0.00,0.00,4.25,0.00,1.28,0.00,0.00,0.00,0.00
68,patnt,PJ1,Basc2,195,0.00,0.00,91.55,4.65,0.00,0.00,0.00,0.00,0.00,3.89,0.00,1.21,0.00,0.00,0.00,0.00
68,patnt,PJ1,Basc2,205,0.00,0.00,79.73,4.41,0.00,0.00,0.00,0.00,0.00,3.53,0.00,1.13,0.00,0.00,0.00,0.00
68,patnt,PJ1,Basc2,215,0.00,0.00,68.72,4.15,0.00,0.00,0.00,0.00,0.00,3.18,0.00,1.04,0.00,0.00,0.00,0.00
68,patnt,PJ1,Basc2,225,0.00,0.00,58.67,3.90,0.00,0.00,0.00,0.00,0.00,2.85,0.00,0.96,0.00,0.00,0.00,0.00
68,patnt,PJ1,Basc2,235,0.00,0.00,49.63,3.63,0.00,0.00,0.00,0.00,0.00,2.54,0.00,0.88,0.00,0.00,0.00,0.00
68,patnt,PJ1,Basc2,245,0.00,0.00,41.61,3.37,0.00,0.00,0.00,0.00,0.00,2.25,0.00,0.80,0.00,0.00,0.00,0.00
68,patnt,PJ1,Basc2,255,0.00,0.00,34.60,3.10,0.00,0.00,0.00,0.00,0.00,1.98,0.00,0.72,0.00,0.00,0.00,0.00
69,3e,PJ1,Intn1,5,0.00,0.00,0.00,0.00,0.00,0.00,0.00,0.00,0.00,0.00,0.00,0.00,0.00,0.00,0.00,0.00
69,3e,PJ1,Intn1,15,0.00,0.00,1.09,0.02,0.00,5.14681356538204e-03,0.00,0.00,0.00,0.03,0.00,4.3045568766747e-03,0.00,0.00,0.00,0.00
69,3e,PJ1,Intn1,25,0.00,0.00,11.35,0.31,0.00,0.06,0.00,0.00,0.00,0.46,0.00,0.05,0.00,0.00,0.00,0.00
69,3e,PJ1,Intn1,35,0.00,0.00,40.51,1.14,0.00,0.23,0.00,0.00,0.00,1.85,0.00,0.21,0.00,0.00,0.00,0.00
69,3e,PJ1,Intn1,45,0.00,0.00,80.78,2.08,0.00,0.42,0.00,0.00,0.00,3.95,0.00,0.47,0.00,0.00,0.00,0.00
69,3e,PJ1,Intn1,55,0.00,0.00,113.80,2.58,0.00,0.51,0.00,0.00,0.00,5.79,0.00,0.71,0.00,0.00,0.00,0.00
69,3e,PJ1,Intn1,65,0.00,0.00,134.24,2.73,0.00,0.53,0.00,0.00,0.00,6.95,0.00,0.89,0.00,0.00,0.00,0.00
69,3e,PJ1,Intn1,75,0.00,0.00,146.24,2.73,0.00,0.52,0.00,0.00,0.00,7.61,0.00,1.02,0.00,0.00,0.00,0.00
69,3e,PJ1,Intn1,85,0.00,0.00,152.12,2.68,0.00,0.50,0.00,0.00,0.00,7.89,0.00,1.11,0.00,0.00,0.00,0.00
69,3e,PJ1,Intn1,95,0.00,0.00,152.38,2.58,0.00,0.48,0.00,0.00,0.00,7.85,0.00,1.16,0.00,0.00,0.00,0.00
69,3e,PJ1,Intn1,105,0.00,0.00,147.52,2.46,0.00,0.45,0.00,0.00,0.00,7.55,0.00,1.17,0.00,0.00,0.00,0.00
69,3e,PJ1,Intn1,115,0.00,0.00,138.34,2.30,0.00,0.41,0.00,0.00,0.00,7.05,0.00,1.15,0.00,0.00,0.00,0.00
69,3e,PJ1,Intn1,125,0.00,0.00,125.88,2.13,0.00,0.37,0.00,0.00,0.00,6.40,0.00,1.09,0.00,0.00,0.00,0.00
69,3e,PJ1,Intn1,135,0.00,0.00,111.29,1.93,0.00,0.33,0.00,0.00,0.00,5.68,0.00,1.01,0.00,0.00,0.00,0.00
69,3e,PJ1,Intn1,145,0.00,0.00,95.71,1.73,0.00,0.29,0.00,0.00,0.00,4.93,0.00,0.92,0.00,0.00,0.00,0.00
69,3e,PJ1,Intn1,155,0.00,0.00,80.15,1.52,0.00,0.25,0.00,0.00,0.00,4.19,0.00,0.81,0.00,0.00,0.00,0.00
69,3e,PJ1,Intn1,165,0.00,0.00,65.42,1.31,0.00,0.21,0.00,0.00,0.00,3.49,0.00,0.70,0.00,0.00,0.00,0.00
69,3e,PJ1,Intn1,175,0.00,0.00,52.09,1.12,0.00,0.17,0.00,0.00,0.00,2.85,0.00,0.59,0.00,0.00,0.00,0.00
69,3e,PJ1,Intn1,185,0.00,0.00,40.49,0.93,0.00,0.14,0.00,0.00,0.00,2.29,0.00,0.49,0.00,0.00,0.00,0.00
69,3e,PJ1,Intn1,195,0.00,0.00,30.75,0.77,0.00,0.11,0.00,0.00,0.00,1.80,0.00,0.40,0.00,0.00,0.00,0.00
69,3e,PJ1,Intn1,205,0.00,0.00,22.83,0.62,0.00,0.09,0.00,0.00,0.00,1.39,0.00,0.32,0.00,0.00,0.00,0.00
69,3e,PJ1,Intn1,215,0.00,0.00,16.58,0.49,0.00,0.07,0.00,0.00,0.00,1.06,0.00,0.25,0.00,0.00,0.00,0.00
69,3e,PJ1,Intn1,225,0.00,0.00,11.78,0.38,0.00,0.05,0.00,0.00,0.00,0.79,0.00,0.19,0.00,0.00,0.00,0.00
69,3e,PJ1,Intn1,235,0.00,0.00,8.20,0.29,0.00,0.04,0.00,0.00,0.00,0.58,0.00,0.14,0.00,0.00,0.00,0.00
69,3e,PJ1,Intn1,245,0.00,0.00,5.59,0.22,0.00,0.03,0.00,0.00,0.00,0.41,0.00,0.10,0.00,0.00,0.00,0.00
69,3e,PJ1,Intn1,255,0.00,0.00,3.73,0.16,0.00,0.02,0.00,0.00,0.00,0.29,0.00,0.07,0.00,0.00,0.00,0.00
70,patnt,PJ1,Intn1,5,0.00,0.00,0.00,0.00,0.00,0.00,0.00,0.00,0.00,0.00,0.00,0.00,0.00,0.00,0.00,0.00
70,patnt,PJ1,Intn1,15,0.00,0.00,1.43,0.06,0.00,0.00,0.00,0.00,0.00,0.03,0.00,5.72370169761517e-03,0.00,0.00,0.00,0.00
70,patnt,PJ1,Intn1,25,0.00,0.00,14.04,0.79,0.00,0.00,0.00,0.00,0.00,0.41,0.00,0.06,0.00,0.00,0.00,0.00
70,patnt,PJ1,Intn1,35,0.00,0.00,47.71,2.73,0.00,0.00,0.00,0.00,0.00,1.57,0.00,0.25,0.00,0.00,0.00,0.00
70,patnt,PJ1,Intn1,45,0.00,0.00,91.69,4.77,0.00,0.00,0.00,0.00,0.00,3.24,0.00,0.54,0.00,0.00,0.00,0.00
70,patnt,PJ1,Intn1,55,0.00,0.00,126.25,5.80,0.00,0.00,0.00,0.00,0.00,4.64,0.00,0.80,0.00,0.00,0.00,0.00
70,patnt,PJ1,Intn1,65,0.00,0.00,147.79,6.08,0.00,0.00,0.00,0.00,0.00,5.53,0.00,0.99,0.00,0.00,0.00,0.00
70,patnt,PJ1,Intn1,75,0.00,0.00,161.97,6.12,0.00,0.00,0.00,0.00,0.00,6.09,0.00,1.14,0.00,0.00,0.00,0.00
70,patnt,PJ1,Intn1,85,0.00,0.00,171.51,6.11,0.00,0.00,0.00,0.00,0.00,6.43,0.00,1.27,0.00,0.00,0.00,0.00
70,patnt,PJ1,Intn1,95,0.00,0.00,176.93,6.08,0.00,0.00,0.00,0.00,0.00,6.59,0.00,1.36,0.00,0.00,0.00,0.00
70,patnt,PJ1,Intn1,105,0.00,0.00,178.46,6.02,0.00,0.00,0.00,0.00,0.00,6.60,0.00,1.44,0.00,0.00,0.00,0.00
70,patnt,PJ1,Intn1,115,0.00,0.00,176.42,5.95,0.00,0.00,0.00,0.00,0.00,6.49,0.00,1.48,0.00,0.00,0.00,0.00
70,patnt,PJ1,Intn1,125,0.00,0.00,171.22,5.86,0.00,0.00,0.00,0.00,0.00,6.29,0.00,1.51,0.00,0.00,0.00,0.00
70,patnt,PJ1,Intn1,135,0.00,0.00,163.37,5.75,0.00,0.00,0.00,0.00,0.00,6.03,0.00,1.51,0.00,0.00,0.00,0.00
70,patnt,PJ1,Intn1,145,0.00,0.00,153.44,5.61,0.00,0.00,0.00,0.00,0.00,5.71,0.00,1.49,0.00,0.00,0.00,0.00
70,patnt,PJ1,Intn1,155,0.00,0.00,142.01,5.46,0.00,0.00,0.00,0.00,0.00,5.37,0.00,1.46,0.00,0.00,0.00,0.00
70,patnt,PJ1,Intn1,165,0.00,0.00,129.64,5.28,0.00,0.00,0.00,0.00,0.00,5.00,0.00,1.41,0.00,0.00,0.00,0.00
70,patnt,PJ1,Intn1,175,0.00,0.00,116.82,5.09,0.00,0.00,0.00,0.00,0.00,4.63,0.00,1.35,0.00,0.00,0.00,0.00
70,patnt,PJ1,Intn1,185,0.00,0.00,104.01,4.88,0.00,0.00,0.00,0.00,0.00,4.25,0.00,1.28,0.00,0.00,0.00,0.00
70,patnt,PJ1,Intn1,195,0.00,0.00,91.55,4.65,0.00,0.00,0.00,0.00,0.00,3.89,0.00,1.21,0.00,0.00,0.00,0.00
70,patnt,PJ1,Intn1,205,0.00,0.00,79.73,4.41,0.00,0.00,0.00,0.00,0.00,3.53,0.00,1.13,0.00,0.00,0.00,0.00
70,patnt,PJ1,Intn1,215,0.00,0.00,68.72,4.15,0.00,0.00,0.00,0.00,0.00,3.18,0.00,1.04,0.00,0.00,0.00,0.00
70,patnt,PJ1,Intn1,225,0.00,0.00,58.67,3.90,0.00,0.00,0.00,0.00,0.00,2.85,0.00,0.96,0.00,0.00,0.00,0.00
70,patnt,PJ1,Intn1,235,0.00,0.00,49.63,3.63,0.00,0.00,0.00,0.00,0.00,2.54,0.00,0.88,0.00,0.00,0.00,0.00
70,patnt,PJ1,Intn1,245,0.00,0.00,41.61,3.37,0.00,0.00,0.00,0.00,0.00,2.25,0.00,0.80,0.00,0.00,0.00,0.00
70,patnt,PJ1,Intn1,255,0.00,0.00,34.60,3.10,0.00,0.00,0.00,0.00,0.00,1.98,0.00,0.72,0.00,0.00,0.00,0.00
73,3e,LC1,Prsnt,5,0.00,0.00,0.00,0.00,0.00,0.00,0.00,0.00,0.00,0.00,0.00,0.00,0.00,0.00,0.00,0.00
73,3e,LC1,Prsnt,15,0.00,0.00,0.00,0.31,0.00,0.01,0.47,0.61,0.00,3.96379461324664e-03,0.00,3.63447253323066e-03,0.00,0.00,0.00,0.00
73,3e,LC1,Prsnt,25,0.00,0.00,0.00,2.49,0.00,0.14,1.67,2.17,0.00,0.03,0.00,0.02,0.00,0.00,0.00,0.00
73,3e,LC1,Prsnt,35,0.00,0.00,0.00,7.46,0.00,0.42,3.52,4.56,0.00,0.10,0.00,0.09,0.00,0.00,0.00,0.00
73,3e,LC1,Prsnt,45,0.00,0.00,0.00,14.16,0.00,0.79,5.83,7.55,0.00,0.22,0.00,0.20,0.00,0.00,0.00,0.00
73,3e,LC1,Prsnt,55,0.00,0.00,0.00,21.12,0.00,1.15,8.32,10.77,0.00,0.39,0.00,0.37,0.00,0.00,0.00,0.00
73,3e,LC1,Prsnt,65,0.00,0.00,0.00,27.58,0.00,1.48,10.69,13.84,0.00,0.58,0.00,0.58,0.00,0.00,0.00,0.00
73,3e,LC1,Prsnt,75,0.00,0.00,0.00,33.40,0.00,1.76,12.78,16.54,0.00,0.77,0.00,0.80,0.00,0.00,0.00,0.00
73,3e,LC1,Prsnt,85,0.00,0.00,0.00,38.65,0.00,2.01,14.54,18.82,0.00,0.94,0.00,1.03,0.00,0.00,0.00,0.00
73,3e,LC1,Prsnt,95,0.00,0.00,0.00,43.39,0.00,2.22,16.00,20.70,0.00,1.09,0.00,1.26,0.00,0.00,0.00,0.00
73,3e,LC1,Prsnt,105,0.00,0.00,0.00,47.66,0.00,2.39,17.13,22.17,0.00,1.21,0.00,1.47,0.00,0.00,0.00,0.00
73,3e,LC1,Prsnt,115,0.00,0.00,0.00,51.41,0.00,2.54,17.94,23.22,0.00,1.30,0.00,1.65,0.00,0.00,0.00,0.00
73,3e,LC1,Prsnt,125,0.00,0.00,0.00,54.61,0.00,2.64,18.43,23.85,0.00,1.36,0.00,1.81,0.00,0.00,0.00,0.00
73,3e,LC1,Prsnt,135,0.00,0.00,0.00,57.23,0.00,2.72,18.59,24.06,0.00,1.39,0.00,1.94,0.00,0.00,0.00,0.00
73,3e,LC1,Prsnt,145,0.00,0.00,0.00,59.23,0.00,2.76,18.46,23.89,0.00,1.40,0.00,2.03,0.00,0.00,0.00,0.00
73,3e,LC1,Prsnt,155,0.00,0.00,0.00,60.62,0.00,2.76,18.06,23.37,0.00,1.38,0.00,2.09,0.00,0.00,0.00,0.00
73,3e,LC1,Prsnt,165,0.00,0.00,0.00,61.39,0.00,2.74,17.42,22.54,0.00,1.35,0.00,2.12,0.00,0.00,0.00,0.00
73,3e,LC1,Prsnt,175,0.00,0.00,0.00,61.56,0.00,2.69,16.59,21.47,0.00,1.30,0.00,2.11,0.00,0.00,0.00,0.00
73,3e,LC1,Prsnt,185,0.00,0.00,0.00,61.16,0.00,2.62,15.61,20.20,0.00,1.24,0.00,2.08,0.00,0.00,0.00,0.00
73,3e,LC1,Prsnt,195,0.00,0.00,0.00,60.23,0.00,2.52,14.51,18.78,0.00,1.17,0.00,2.02,0.00,0.00,0.00,0.00
73,3e,LC1,Prsnt,205,0.00,0.00,0.00,58.82,0.00,2.41,13.35,17.28,0.00,1.09,0.00,1.94,0.00,0.00,0.00,0.00
73,3e,LC1,Prsnt,215,0.00,0.00,0.00,56.98,0.00,2.28,12.16,15.74,0.00,1.01,0.00,1.85,0.00,0.00,0.00,0.00
73,3e,LC1,Prsnt,225,0.00,0.00,0.00,54.77,0.00,2.14,10.96,14.19,0.00,0.93,0.00,1.75,0.00,0.00,0.00,0.00
73,3e,LC1,Prsnt,235,0.00,0.00,0.00,52.24,0.00,2.00,9.79,12.67,0.00,0.85,0.00,1.63,0.00,0.00,0.00,0.00
73,3e,LC1,Prsnt,245,0.00,0.00,0.00,49.47,0.00,1.85,8.66,11.21,0.00,0.76,0.00,1.51,0.00,0.00,0.00,0.00
73,3e,LC1,Prsnt,255,0.00,0.00,0.00,46.51,0.00,1.69,7.60,9.84,0.00,0.69,0.00,1.39,0.00,0.00,0.00,0.00
74,patnt,LC1,Prsnt,5,0.00,0.00,0.00,0.00,0.00,0.00,0.00,0.00,0.00,0.00,0.00,0.00,0.00,0.00,0.00,0.00
74,patnt,LC1,Prsnt,15,0.00,0.00,0.00,0.42,0.00,0.05,0.37,0.98,0.00,0.01,0.00,0.00,0.00,0.00,0.00,0.00
74,patnt,LC1,Prsnt,25,0.00,0.00,0.00,3.15,0.00,0.36,1.24,3.24,0.00,0.07,0.00,0.00,0.00,0.00,0.00,0.00
74,patnt,LC1,Prsnt,35,0.00,0.00,0.00,8.85,0.00,1.01,2.46,6.39,0.00,0.23,0.00,0.00,0.00,0.00,0.00,0.00
74,patnt,LC1,Prsnt,45,0.00,0.00,0.00,15.98,0.00,1.78,3.87,10.07,0.00,0.50,0.00,0.00,0.00,0.00,0.00,0.00
74,patnt,LC1,Prsnt,55,0.00,0.00,0.00,22.87,0.00,2.50,5.30,13.79,0.00,0.85,0.00,0.00,0.00,0.00,0.00,0.00
74,patnt,LC1,Prsnt,65,0.00,0.00,0.00,28.86,0.00,3.10,6.58,17.11,0.00,1.22,0.00,0.00,0.00,0.00,0.00,0.00
74,patnt,LC1,Prsnt,75,0.00,0.00,0.00,33.97,0.00,3.59,7.64,19.88,0.00,1.57,0.00,0.00,0.00,0.00,0.00,0.00
74,patnt,LC1,Prsnt,85,0.00,0.00,0.00,38.43,0.00,4.00,8.51,22.12,0.00,1.88,0.00,0.00,0.00,0.00,0.00,0.00
74,patnt,LC1,Prsnt,95,0.00,0.00,0.00,42.44,0.00,4.34,9.20,23.93,0.00,2.14,0.00,0.00,0.00,0.00,0.00,0.00
74,patnt,LC1,Prsnt,105,0.00,0.00,0.00,46.09,0.00,4.63,9.74,25.34,0.00,2.35,0.00,0.00,0.00,0.00,0.00,0.00
74,patnt,LC1,Prsnt,115,0.00,0.00,0.00,49.46,0.00,4.88,10.15,26.40,0.00,2.51,0.00,0.00,0.00,0.00,0.00,0.00
74,patnt,LC1,Prsnt,125,0.00,0.00,0.00,52.56,0.00,5.09,10.43,27.13,0.00,2.62,0.00,0.00,0.00,0.00,0.00,0.00
74,patnt,LC1,Prsnt,135,0.00,0.00,0.00,55.41,0.00,5.27,10.59,27.54,0.00,2.70,0.00,0.00,0.00,0.00,0.00,0.00
74,patnt,LC1,Prsnt,145,0.00,0.00,0.00,58.03,0.00,5.40,10.63,27.66,0.00,2.74,0.00,0.00,0.00,0.00,0.00,0.00
74,patnt,LC1,Prsnt,155,0.00,0.00,0.00,60.42,0.00,5.51,10.58,27.53,0.00,2.76,0.00,0.00,0.00,0.00,0.00,0.00
74,patnt,LC1,Prsnt,165,0.00,0.00,0.00,62.60,0.00,5.60,10.45,27.17,0.00,2.75,0.00,0.00,0.00,0.00,0.00,0.00
74,patnt,LC1,Prsnt,175,0.00,0.00,0.00,64.59,0.00,5.65,10.24,26.62,0.00,2.73,0.00,0.00,0.00,0.00,0.00,0.00
74,patnt,LC1,Prsnt,185,0.00,0.00,0.00,66.40,0.00,5.69,9.96,25.91,0.00,2.69,0.00,0.00,0.00,0.00,0.00,0.00
74,patnt,LC1,Prsnt,195,0.00,0.00,0.00,68.04,0.00,5.70,9.64,25.08,0.00,2.64,0.00,0.00,0.00,0.00,0.00,0.00
74,patnt,LC1,Prsnt,205,0.00,0.00,0.00,69.53,0.00,5.70,9.28,24.14,0.00,2.58,0.00,0.00,0.00,0.00,0.00,0.00
74,patnt,LC1,Prsnt,215,0.00,0.00,0.00,70.87,0.00,5.68,8.89,23.13,0.00,2.52,0.00,0.00,0.00,0.00,0.00,0.00
74,patnt,LC1,Prsnt,225,0.00,0.00,0.00,72.09,0.00,5.64,8.49,22.07,0.00,2.45,0.00,0.00,0.00,0.00,0.00,0.00
74,patnt,LC1,Prsnt,235,0.00,0.00,0.00,73.18,0.00,5.60,8.07,20.98,0.00,2.38,0.00,0.00,0.00,0.00,0.00,0.00
74,patnt,LC1,Prsnt,245,0.00,0.00,0.00,74.16,0.00,5.54,7.64,19.87,0.00,2.30,0.00,0.00,0.00,0.00,0.00,0.00
74,patnt,LC1,Prsnt,255,0.00,0.00,0.00,75.05,0.00,5.48,7.21,18.76,0.00,2.23,0.00,0.00,0.00,0.00,0.00,0.00
75,3e,LC1,Exten,5,0.00,0.00,0.00,0.00,0.00,0.00,0.00,0.00,0.00,0.00,0.00,0.00,0.00,0.00,0.00,0.00
75,3e,LC1,Exten,15,0.00,0.00,0.00,0.31,0.00,0.01,0.18,0.75,0.00,0.01,0.00,3.5321325174882e-03,0.00,0.00,0.00,0.00
75,3e,LC1,Exten,25,0.00,0.00,0.00,2.48,0.00,0.10,0.65,2.60,0.00,0.08,0.00,0.02,0.00,0.00,0.00,0.00
75,3e,LC1,Exten,35,0.00,0.00,0.00,7.31,0.00,0.29,1.34,5.39,0.00,0.27,0.00,0.08,0.00,0.00,0.00,0.00
75,3e,LC1,Exten,45,0.00,0.00,0.00,13.75,0.00,0.54,2.21,8.84,0.00,0.61,0.00,0.19,0.00,0.00,0.00,0.00
75,3e,LC1,Exten,55,0.00,0.00,0.00,20.39,0.00,0.79,3.13,12.54,0.00,1.07,0.00,0.34,0.00,0.00,0.00,0.00
75,3e,LC1,Exten,65,0.00,0.00,0.00,26.52,0.00,1.01,4.01,16.04,0.00,1.59,0.00,0.53,0.00,0.00,0.00,0.00
75,3e,LC1,Exten,75,0.00,0.00,0.00,32.00,0.00,1.20,4.77,19.10,0.00,2.10,0.00,0.73,0.00,0.00,0.00,0.00
75,3e,LC1,Exten,85,0.00,0.00,0.00,36.92,0.00,1.36,5.42,21.68,0.00,2.56,0.00,0.93,0.00,0.00,0.00,0.00
75,3e,LC1,Exten,95,0.00,0.00,0.00,41.37,0.00,1.50,5.95,23.80,0.00,2.96,0.00,1.13,0.00,0.00,0.00,0.00
75,3e,LC1,Exten,105,0.00,0.00,0.00,45.36,0.00,1.62,6.36,25.44,0.00,3.28,0.00,1.32,0.00,0.00,0.00,0.00
75,3e,LC1,Exten,115,0.00,0.00,0.00,48.87,0.00,1.71,6.65,26.62,0.00,3.52,0.00,1.49,0.00,0.00,0.00,0.00
75,3e,LC1,Exten,125,0.00,0.00,0.00,51.87,0.00,1.78,6.82,27.31,0.00,3.68,0.00,1.63,0.00,0.00,0.00,0.00
75,3e,LC1,Exten,135,0.00,0.00,0.00,54.32,0.00,1.83,6.88,27.54,0.00,3.76,0.00,1.75,0.00,0.00,0.00,0.00
75,3e,LC1,Exten,145,0.00,0.00,0.00,56.20,0.00,1.86,6.83,27.33,0.00,3.78,0.00,1.83,0.00,0.00,0.00,0.00
75,3e,LC1,Exten,155,0.00,0.00,0.00,57.50,0.00,1.86,6.68,26.73,0.00,3.73,0.00,1.88,0.00,0.00,0.00,0.00
75,3e,LC1,Exten,165,0.00,0.00,0.00,58.23,0.00,1.85,6.44,25.78,0.00,3.64,0.00,1.90,0.00,0.00,0.00,0.00
75,3e,LC1,Exten,175,0.00,0.00,0.00,58.38,0.00,1.81,6.13,24.55,0.00,3.51,0.00,1.90,0.00,0.00,0.00,0.00
75,3e,LC1,Exten,185,0.00,0.00,0.00,58.00,0.00,1.76,5.77,23.10,0.00,3.34,0.00,1.87,0.00,0.00,0.00,0.00
75,3e,LC1,Exten,195,0.00,0.00,0.00,57.12,0.00,1.70,5.37,21.48,0.00,3.15,0.00,1.82,0.00,0.00,0.00,0.00
75,3e,LC1,Exten,205,0.00,0.00,0.00,55.78,0.00,1.62,4.94,19.76,0.00,2.95,0.00,1.75,0.00,0.00,0.00,0.00
75,3e,LC1,Exten,215,0.00,0.00,0.00,54.04,0.00,1.53,4.49,17.99,0.00,2.73,0.00,1.66,0.00,0.00,0.00,0.00
75,3e,LC1,Exten,225,0.00,0.00,0.00,51.94,0.00,1.44,4.05,16.22,0.00,2.51,0.00,1.57,0.00,0.00,0.00,0.00
75,3e,LC1,Exten,235,0.00,0.00,0.00,49.54,0.00,1.34,3.62,14.49,0.00,2.29,0.00,1.47,0.00,0.00,0.00,0.00
75,3e,LC1,Exten,245,0.00,0.00,0.00,46.92,0.00,1.24,3.20,12.82,0.00,2.07,0.00,1.36,0.00,0.00,0.00,0.00
75,3e,LC1,Exten,255,0.00,0.00,0.00,44.11,0.00,1.14,2.81,11.25,0.00,1.86,0.00,1.25,0.00,0.00,0.00,0.00
76,patnt,LC1,Exten,5,0.00,0.00,0.00,0.00,0.00,0.00,0.00,0.00,0.00,0.00,0.00,0.00,0.00,0.00,0.00,0.00
76,patnt,LC1,Exten,15,0.00,0.00,0.00,0.42,0.00,0.05,0.37,0.98,0.00,0.01,0.00,0.00,0.00,0.00,0.00,0.00
76,patnt,LC1,Exten,25,0.00,0.00,0.00,3.15,0.00,0.36,1.24,3.24,0.00,0.07,0.00,0.00,0.00,0.00,0.00,0.00
76,patnt,LC1,Exten,35,0.00,0.00,0.00,8.85,0.00,1.01,2.46,6.39,0.00,0.23,0.00,0.00,0.00,0.00,0.00,0.00
76,patnt,LC1,Exten,45,0.00,0.00,0.00,15.98,0.00,1.78,3.87,10.07,0.00,0.50,0.00,0.00,0.00,0.00,0.00,0.00
76,patnt,LC1,Exten,55,0.00,0.00,0.00,22.87,0.00,2.50,5.30,13.79,0.00,0.85,0.00,0.00,0.00,0.00,0.00,0.00
76,patnt,LC1,Exten,65,0.00,0.00,0.00,28.86,0.00,3.10,6.58,17.11,0.00,1.22,0.00,0.00,0.00,0.00,0.00,0.00
76,patnt,LC1,Exten,75,0.00,0.00,0.00,33.97,0.00,3.59,7.64,19.88,0.00,1.57,0.00,0.00,0.00,0.00,0.00,0.00
76,patnt,LC1,Exten,85,0.00,0.00,0.00,38.43,0.00,4.00,8.51,22.12,0.00,1.88,0.00,0.00,0.00,0.00,0.00,0.00
76,patnt,LC1,Exten,95,0.00,0.00,0.00,42.44,0.00,4.34,9.20,23.93,0.00,2.14,0.00,0.00,0.00,0.00,0.00,0.00
76,patnt,LC1,Exten,105,0.00,0.00,0.00,46.09,0.00,4.63,9.74,25.34,0.00,2.35,0.00,0.00,0.00,0.00,0.00,0.00
76,patnt,LC1,Exten,115,0.00,0.00,0.00,49.46,0.00,4.88,10.15,26.40,0.00,2.51,0.00,0.00,0.00,0.00,0.00,0.00
76,patnt,LC1,Exten,125,0.00,0.00,0.00,52.56,0.00,5.09,10.43,27.13,0.00,2.62,0.00,0.00,0.00,0.00,0.00,0.00
76,patnt,LC1,Exten,135,0.00,0.00,0.00,55.41,0.00,5.27,10.59,27.54,0.00,2.70,0.00,0.00,0.00,0.00,0.00,0.00
76,patnt,LC1,Exten,145,0.00,0.00,0.00,58.03,0.00,5.40,10.63,27.66,0.00,2.74,0.00,0.00,0.00,0.00,0.00,0.00
76,patnt,LC1,Exten,155,0.00,0.00,0.00,60.42,0.00,5.51,10.58,27.53,0.00,2.76,0.00,0.00,0.00,0.00,0.00,0.00
76,patnt,LC1,Exten,165,0.00,0.00,0.00,62.60,0.00,5.60,10.45,27.17,0.00,2.75,0.00,0.00,0.00,0.00,0.00,0.00
76,patnt,LC1,Exten,175,0.00,0.00,0.00,64.59,0.00,5.65,10.24,26.62,0.00,2.73,0.00,0.00,0.00,0.00,0.00,0.00
76,patnt,LC1,Exten,185,0.00,0.00,0.00,66.40,0.00,5.69,9.96,25.91,0.00,2.69,0.00,0.00,0.00,0.00,0.00,0.00
76,patnt,LC1,Exten,195,0.00,0.00,0.00,68.04,0.00,5.70,9.64,25.08,0.00,2.64,0.00,0.00,0.00,0.00,0.00,0.00
76,patnt,LC1,Exten,205,0.00,0.00,0.00,69.53,0.00,5.70,9.28,24.14,0.00,2.58,0.00,0.00,0.00,0.00,0.00,0.00
76,patnt,LC1,Exten,215,0.00,0.00,0.00,70.87,0.00,5.68,8.89,23.13,0.00,2.52,0.00,0.00,0.00,0.00,0.00,0.00
76,patnt,LC1,Exten,225,0.00,0.00,0.00,72.09,0.00,5.64,8.49,22.07,0.00,2.45,0.00,0.00,0.00,0.00,0.00,0.00
76,patnt,LC1,Exten,235,0.00,0.00,0.00,73.18,0.00,5.60,8.07,20.98,0.00,2.38,0.00,0.00,0.00,0.00,0.00,0.00
76,patnt,LC1,Exten,245,0.00,0.00,0.00,74.16,0.00,5.54,7.64,19.87,0.00,2.30,0.00,0.00,0.00,0.00,0.00,0.00
76,patnt,LC1,Exten,255,0.00,0.00,0.00,75.05,0.00,5.48,7.21,18.76,0.00,2.23,0.00,0.00,0.00,0.00,0.00,0.00
77,3e,LC1,Basc1,5,0.00,0.00,0.00,0.00,0.00,0.00,0.00,0.00,0.00,0.00,0.00,0.00,0.00,0.00,0.00,0.00
77,3e,LC1,Basc1,15,0.00,0.00,0.00,0.31,0.00,0.01,0.47,0.61,0.00,3.96379461324664e-03,0.00,3.63447253323066e-03,0.00,0.00,0.00,0.00
77,3e,LC1,Basc1,25,0.00,0.00,0.00,2.49,0.00,0.14,1.67,2.17,0.00,0.03,0.00,0.02,0.00,0.00,0.00,0.00
77,3e,LC1,Basc1,35,0.00,0.00,0.00,7.46,0.00,0.42,3.52,4.56,0.00,0.10,0.00,0.09,0.00,0.00,0.00,0.00
77,3e,LC1,Basc1,45,0.00,0.00,0.00,14.16,0.00,0.79,5.83,7.55,0.00,0.22,0.00,0.20,0.00,0.00,0.00,0.00
77,3e,LC1,Basc1,55,0.00,0.00,0.00,21.12,0.00,1.15,8.32,10.77,0.00,0.39,0.00,0.37,0.00,0.00,0.00,0.00
77,3e,LC1,Basc1,65,0.00,0.00,0.00,27.58,0.00,1.48,10.69,13.84,0.00,0.58,0.00,0.58,0.00,0.00,0.00,0.00
77,3e,LC1,Basc1,75,0.00,0.00,0.00,33.40,0.00,1.76,12.78,16.54,0.00,0.77,0.00,0.80,0.00,0.00,0.00,0.00
77,3e,LC1,Basc1,85,0.00,0.00,0.00,38.65,0.00,2.01,14.54,18.82,0.00,0.94,0.00,1.03,0.00,0.00,0.00,0.00
77,3e,LC1,Basc1,95,0.00,0.00,0.00,43.39,0.00,2.22,16.00,20.70,0.00,1.09,0.00,1.26,0.00,0.00,0.00,0.00
77,3e,LC1,Basc1,105,0.00,0.00,0.00,47.66,0.00,2.39,17.13,22.17,0.00,1.21,0.00,1.47,0.00,0.00,0.00,0.00
77,3e,LC1,Basc1,115,0.00,0.00,0.00,51.41,0.00,2.54,17.94,23.22,0.00,1.30,0.00,1.65,0.00,0.00,0.00,0.00
77,3e,LC1,Basc1,125,0.00,0.00,0.00,54.61,0.00,2.64,18.43,23.85,0.00,1.36,0.00,1.81,0.00,0.00,0.00,0.00
77,3e,LC1,Basc1,135,0.00,0.00,0.00,57.23,0.00,2.72,18.59,24.06,0.00,1.39,0.00,1.94,0.00,0.00,0.00,0.00
77,3e,LC1,Basc1,145,0.00,0.00,0.00,59.23,0.00,2.76,18.46,23.89,0.00,1.40,0.00,2.03,0.00,0.00,0.00,0.00
77,3e,LC1,Basc1,155,0.00,0.00,0.00,60.62,0.00,2.76,18.06,23.37,0.00,1.38,0.00,2.09,0.00,0.00,0.00,0.00
77,3e,LC1,Basc1,165,0.00,0.00,0.00,61.39,0.00,2.74,17.42,22.54,0.00,1.35,0.00,2.12,0.00,0.00,0.00,0.00
77,3e,LC1,Basc1,175,0.00,0.00,0.00,61.56,0.00,2.69,16.59,21.47,0.00,1.30,0.00,2.11,0.00,0.00,0.00,0.00
77,3e,LC1,Basc1,185,0.00,0.00,0.00,61.16,0.00,2.62,15.61,20.20,0.00,1.24,0.00,2.08,0.00,0.00,0.00,0.00
77,3e,LC1,Basc1,195,0.00,0.00,0.00,60.23,0.00,2.52,14.51,18.78,0.00,1.17,0.00,2.02,0.00,0.00,0.00,0.00
77,3e,LC1,Basc1,205,0.00,0.00,0.00,58.82,0.00,2.41,13.35,17.28,0.00,1.09,0.00,1.94,0.00,0.00,0.00,0.00
77,3e,LC1,Basc1,215,0.00,0.00,0.00,56.98,0.00,2.28,12.16,15.74,0.00,1.01,0.00,1.85,0.00,0.00,0.00,0.00
77,3e,LC1,Basc1,225,0.00,0.00,0.00,54.77,0.00,2.14,10.96,14.19,0.00,0.93,0.00,1.75,0.00,0.00,0.00,0.00
77,3e,LC1,Basc1,235,0.00,0.00,0.00,52.24,0.00,2.00,9.79,12.67,0.00,0.85,0.00,1.63,0.00,0.00,0.00,0.00
77,3e,LC1,Basc1,245,0.00,0.00,0.00,49.47,0.00,1.85,8.66,11.21,0.00,0.76,0.00,1.51,0.00,0.00,0.00,0.00
77,3e,LC1,Basc1,255,0.00,0.00,0.00,46.51,0.00,1.69,7.60,9.84,0.00,0.69,0.00,1.39,0.00,0.00,0.00,0.00
78,patnt,LC1,Basc1,5,0.00,0.00,0.00,0.00,0.00,0.00,0.00,0.00,0.00,0.00,0.00,0.00,0.00,0.00,0.00,0.00
78,patnt,LC1,Basc1,15,0.00,0.00,0.00,0.42,0.00,0.05,0.37,0.98,0.00,0.01,0.00,0.00,0.00,0.00,0.00,0.00
78,patnt,LC1,Basc1,25,0.00,0.00,0.00,3.15,0.00,0.36,1.24,3.24,0.00,0.07,0.00,0.00,0.00,0.00,0.00,0.00
78,patnt,LC1,Basc1,35,0.00,0.00,0.00,8.85,0.00,1.01,2.46,6.39,0.00,0.23,0.00,0.00,0.00,0.00,0.00,0.00
78,patnt,LC1,Basc1,45,0.00,0.00,0.00,15.98,0.00,1.78,3.87,10.07,0.00,0.50,0.00,0.00,0.00,0.00,0.00,0.00
78,patnt,LC1,Basc1,55,0.00,0.00,0.00,22.87,0.00,2.50,5.30,13.79,0.00,0.85,0.00,0.00,0.00,0.00,0.00,0.00
78,patnt,LC1,Basc1,65,0.00,0.00,0.00,28.86,0.00,3.10,6.58,17.11,0.00,1.22,0.00,0.00,0.00,0.00,0.00,0.00
78,patnt,LC1,Basc1,75,0.00,0.00,0.00,33.97,0.00,3.59,7.64,19.88,0.00,1.57,0.00,0.00,0.00,0.00,0.00,0.00
78,patnt,LC1,Basc1,85,0.00,0.00,0.00,38.43,0.00,4.00,8.51,22.12,0.00,1.88,0.00,0.00,0.00,0.00,0.00,0.00
78,patnt,LC1,Basc1,95,0.00,0.00,0.00,42.44,0.00,4.34,9.20,23.93,0.00,2.14,0.00,0.00,0.00,0.00,0.00,0.00
78,patnt,LC1,Basc1,105,0.00,0.00,0.00,46.09,0.00,4.63,9.74,25.34,0.00,2.35,0.00,0.00,0.00,0.00,0.00,0.00
78,patnt,LC1,Basc1,115,0.00,0.00,0.00,49.46,0.00,4.88,10.15,26.40,0.00,2.51,0.00,0.00,0.00,0.00,0.00,0.00
78,patnt,LC1,Basc1,125,0.00,0.00,0.00,52.56,0.00,5.09,10.43,27.13,0.00,2.62,0.00,0.00,0.00,0.00,0.00,0.00
78,patnt,LC1,Basc1,135,0.00,0.00,0.00,55.41,0.00,5.27,10.59,27.54,0.00,2.70,0.00,0.00,0.00,0.00,0.00,0.00
78,patnt,LC1,Basc1,145,0.00,0.00,0.00,58.03,0.00,5.40,10.63,27.66,0.00,2.74,0.00,0.00,0.00,0.00,0.00,0.00
78,patnt,LC1,Basc1,155,0.00,0.00,0.00,60.42,0.00,5.51,10.58,27.53,0.00,2.76,0.00,0.00,0.00,0.00,0.00,0.00
78,patnt,LC1,Basc1,165,0.00,0.00,0.00,62.60,0.00,5.60,10.45,27.17,0.00,2.75,0.00,0.00,0.00,0.00,0.00,0.00
78,patnt,LC1,Basc1,175,0.00,0.00,0.00,64.59,0.00,5.65,10.24,26.62,0.00,2.73,0.00,0.00,0.00,0.00,0.00,0.00
78,patnt,LC1,Basc1,185,0.00,0.00,0.00,66.40,0.00,5.69,9.96,25.91,0.00,2.69,0.00,0.00,0.00,0.00,0.00,0.00
78,patnt,LC1,Basc1,195,0.00,0.00,0.00,68.04,0.00,5.70,9.64,25.08,0.00,2.64,0.00,0.00,0.00,0.00,0.00,0.00
78,patnt,LC1,Basc1,205,0.00,0.00,0.00,69.53,0.00,5.70,9.28,24.14,0.00,2.58,0.00,0.00,0.00,0.00,0.00,0.00
78,patnt,LC1,Basc1,215,0.00,0.00,0.00,70.87,0.00,5.68,8.89,23.13,0.00,2.52,0.00,0.00,0.00,0.00,0.00,0.00
78,patnt,LC1,Basc1,225,0.00,0.00,0.00,72.09,0.00,5.64,8.49,22.07,0.00,2.45,0.00,0.00,0.00,0.00,0.00,0.00
78,patnt,LC1,Basc1,235,0.00,0.00,0.00,73.18,0.00,5.60,8.07,20.98,0.00,2.38,0.00,0.00,0.00,0.00,0.00,0.00
78,patnt,LC1,Basc1,245,0.00,0.00,0.00,74.16,0.00,5.54,7.64,19.87,0.00,2.30,0.00,0.00,0.00,0.00,0.00,0.00
78,patnt,LC1,Basc1,255,0.00,0.00,0.00,75.05,0.00,5.48,7.21,18.76,0.00,2.23,0.00,0.00,0.00,0.00,0.00,0.00
79,3e,LC1,Basc2,5,0.00,0.00,0.00,0.00,0.00,0.00,0.00,0.00,0.00,0.00,0.00,0.00,0.00,0.00,0.00,0.00
79,3e,LC1,Basc2,15,0.00,0.00,0.00,0.31,0.00,0.01,0.47,0.61,0.00,3.96379461324664e-03,0.00,3.63447253323066e-03,0.00,0.00,0.00,0.00
79,3e,LC1,Basc2,25,0.00,0.00,0.00,2.49,0.00,0.14,1.67,2.17,0.00,0.03,0.00,0.02,0.00,0.00,0.00,0.00
79,3e,LC1,Basc2,35,0.00,0.00,0.00,7.46,0.00,0.42,3.52,4.56,0.00,0.10,0.00,0.09,0.00,0.00,0.00,0.00
79,3e,LC1,Basc2,45,0.00,0.00,0.00,14.16,0.00,0.79,5.83,7.55,0.00,0.22,0.00,0.20,0.00,0.00,0.00,0.00
79,3e,LC1,Basc2,55,0.00,0.00,0.00,21.12,0.00,1.15,8.32,10.77,0.00,0.39,0.00,0.37,0.00,0.00,0.00,0.00
79,3e,LC1,Basc2,65,0.00,0.00,0.00,27.58,0.00,1.48,10.69,13.84,0.00,0.58,0.00,0.58,0.00,0.00,0.00,0.00
79,3e,LC1,Basc2,75,0.00,0.00,0.00,33.40,0.00,1.76,12.78,16.54,0.00,0.77,0.00,0.80,0.00,0.00,0.00,0.00
79,3e,LC1,Basc2,85,0.00,0.00,0.00,38.65,0.00,2.01,14.54,18.82,0.00,0.94,0.00,1.03,0.00,0.00,0.00,0.00
79,3e,LC1,Basc2,95,0.00,0.00,0.00,43.39,0.00,2.22,16.00,20.70,0.00,1.09,0.00,1.26,0.00,0.00,0.00,0.00
79,3e,LC1,Basc2,105,0.00,0.00,0.00,47.66,0.00,2.39,17.13,22.17,0.00,1.21,0.00,1.47,0.00,0.00,0.00,0.00
79,3e,LC1,Basc2,115,0.00,0.00,0.00,51.41,0.00,2.54,17.94,23.22,0.00,1.30,0.00,1.65,0.00,0.00,0.00,0.00
79,3e,LC1,Basc2,125,0.00,0.00,0.00,54.61,0.00,2.64,18.43,23.85,0.00,1.36,0.00,1.81,0.00,0.00,0.00,0.00
79,3e,LC1,Basc2,135,0.00,0.00,0.00,57.23,0.00,2.72,18.59,24.06,0.00,1.39,0.00,1.94,0.00,0.00,0.00,0.00
79,3e,LC1,Basc2,145,0.00,0.00,0.00,59.23,0.00,2.76,18.46,23.89,0.00,1.40,0.00,2.03,0.00,0.00,0.00,0.00
79,3e,LC1,Basc2,155,0.00,0.00,0.00,60.62,0.00,2.76,18.06,23.37,0.00,1.38,0.00,2.09,0.00,0.00,0.00,0.00
79,3e,LC1,Basc2,165,0.00,0.00,0.00,61.39,0.00,2.74,17.42,22.54,0.00,1.35,0.00,2.12,0.00,0.00,0.00,0.00
79,3e,LC1,Basc2,175,0.00,0.00,0.00,61.56,0.00,2.69,16.59,21.47,0.00,1.30,0.00,2.11,0.00,0.00,0.00,0.00
79,3e,LC1,Basc2,185,0.00,0.00,0.00,61.16,0.00,2.62,15.61,20.20,0.00,1.24,0.00,2.08,0.00,0.00,0.00,0.00
79,3e,LC1,Basc2,195,0.00,0.00,0.00,60.23,0.00,2.52,14.51,18.78,0.00,1.17,0.00,2.02,0.00,0.00,0.00,0.00
79,3e,LC1,Basc2,205,0.00,0.00,0.00,58.82,0.00,2.41,13.35,17.28,0.00,1.09,0.00,1.94,0.00,0.00,0.00,0.00
79,3e,LC1,Basc2,215,0.00,0.00,0.00,56.98,0.00,2.28,12.16,15.74,0.00,1.01,0.00,1.85,0.00,0.00,0.00,0.00
79,3e,LC1,Basc2,225,0.00,0.00,0.00,54.77,0.00,2.14,10.96,14.19,0.00,0.93,0.00,1.75,0.00,0.00,0.00,0.00
79,3e,LC1,Basc2,235,0.00,0.00,0.00,52.24,0.00,2.00,9.79,12.67,0.00,0.85,0.00,1.63,0.00,0.00,0.00,0.00
79,3e,LC1,Basc2,245,0.00,0.00,0.00,49.47,0.00,1.85,8.66,11.21,0.00,0.76,0.00,1.51,0.00,0.00,0.00,0.00
79,3e,LC1,Basc2,255,0.00,0.00,0.00,46.51,0.00,1.69,7.60,9.84,0.00,0.69,0.00,1.39,0.00,0.00,0.00,0.00
80,patnt,LC1,Basc2,5,0.00,0.00,0.00,0.00,0.00,0.00,0.00,0.00,0.00,0.00,0.00,0.00,0.00,0.00,0.00,0.00
80,patnt,LC1,Basc2,15,0.00,0.00,0.00,0.42,0.00,0.05,0.37,0.98,0.00,0.01,0.00,0.00,0.00,0.00,0.00,0.00
80,patnt,LC1,Basc2,25,0.00,0.00,0.00,3.15,0.00,0.36,1.24,3.24,0.00,0.07,0.00,0.00,0.00,0.00,0.00,0.00
80,patnt,LC1,Basc2,35,0.00,0.00,0.00,8.85,0.00,1.01,2.46,6.39,0.00,0.23,0.00,0.00,0.00,0.00,0.00,0.00
80,patnt,LC1,Basc2,45,0.00,0.00,0.00,15.98,0.00,1.78,3.87,10.07,0.00,0.50,0.00,0.00,0.00,0.00,0.00,0.00
80,patnt,LC1,Basc2,55,0.00,0.00,0.00,22.87,0.00,2.50,5.30,13.79,0.00,0.85,0.00,0.00,0.00,0.00,0.00,0.00
80,patnt,LC1,Basc2,65,0.00,0.00,0.00,28.86,0.00,3.10,6.58,17.11,0.00,1.22,0.00,0.00,0.00,0.00,0.00,0.00
80,patnt,LC1,Basc2,75,0.00,0.00,0.00,33.97,0.00,3.59,7.64,19.88,0.00,1.57,0.00,0.00,0.00,0.00,0.00,0.00
80,patnt,LC1,Basc2,85,0.00,0.00,0.00,38.43,0.00,4.00,8.51,22.12,0.00,1.88,0.00,0.00,0.00,0.00,0.00,0.00
80,patnt,LC1,Basc2,95,0.00,0.00,0.00,42.44,0.00,4.34,9.20,23.93,0.00,2.14,0.00,0.00,0.00,0.00,0.00,0.00
80,patnt,LC1,Basc2,105,0.00,0.00,0.00,46.09,0.00,4.63,9.74,25.34,0.00,2.35,0.00,0.00,0.00,0.00,0.00,0.00
80,patnt,LC1,Basc2,115,0.00,0.00,0.00,49.46,0.00,4.88,10.15,26.40,0.00,2.51,0.00,0.00,0.00,0.00,0.00,0.00
80,patnt,LC1,Basc2,125,0.00,0.00,0.00,52.56,0.00,5.09,10.43,27.13,0.00,2.62,0.00,0.00,0.00,0.00,0.00,0.00
80,patnt,LC1,Basc2,135,0.00,0.00,0.00,55.41,0.00,5.27,10.59,27.54,0.00,2.70,0.00,0.00,0.00,0.00,0.00,0.00
80,patnt,LC1,Basc2,145,0.00,0.00,0.00,58.03,0.00,5.40,10.63,27.66,0.00,2.74,0.00,0.00,0.00,0.00,0.00,0.00
80,patnt,LC1,Basc2,155,0.00,0.00,0.00,60.42,0.00,5.51,10.58,27.53,0.00,2.76,0.00,0.00,0.00,0.00,0.00,0.00
80,patnt,LC1,Basc2,165,0.00,0.00,0.00,62.60,0.00,5.60,10.45,27.17,0.00,2.75,0.00,0.00,0.00,0.00,0.00,0.00
80,patnt,LC1,Basc2,175,0.00,0.00,0.00,64.59,0.00,5.65,10.24,26.62,0.00,2.73,0.00,0.00,0.00,0.00,0.00,0.00
80,patnt,LC1,Basc2,185,0.00,0.00,0.00,66.40,0.00,5.69,9.96,25.91,0.00,2.69,0.00,0.00,0.00,0.00,0.00,0.00
80,patnt,LC1,Basc2,195,0.00,0.00,0.00,68.04,0.00,5.70,9.64,25.08,0.00,2.64,0.00,0.00,0.00,0.00,0.00,0.00
80,patnt,LC1,Basc2,205,0.00,0.00,0.00,69.53,0.00,5.70,9.28,24.14,0.00,2.58,0.00,0.00,0.00,0.00,0.00,0.00
80,patnt,LC1,Basc2,215,0.00,0.00,0.00,70.87,0.00,5.68,8.89,23.13,0.00,2.52,0.00,0.00,0.00,0.00,0.00,0.00
80,patnt,LC1,Basc2,225,0.00,0.00,0.00,72.09,0.00,5.64,8.49,22.07,0.00,2.45,0.00,0.00,0.00,0.00,0.00,0.00
80,patnt,LC1,Basc2,235,0.00,0.00,0.00,73.18,0.00,5.60,8.07,20.98,0.00,2.38,0.00,0.00,0.00,0.00,0.00,0.00
80,patnt,LC1,Basc2,245,0.00,0.00,0.00,74.16,0.00,5.54,7.64,19.87,0.00,2.30,0.00,0.00,0.00,0.00,0.00,0.00
80,patnt,LC1,Basc2,255,0.00,0.00,0.00,75.05,0.00,5.48,7.21,18.76,0.00,2.23,0.00,0.00,0.00,0.00,0.00,0.00
81,3e,LC1,Intn1,5,0.00,0.00,0.00,0.00,0.00,0.00,0.00,0.00,0.00,0.00,0.00,0.00,0.00,0.00,0.00,0.00
81,3e,LC1,Intn1,15,0.00,0.00,0.00,0.31,0.00,0.01,0.47,0.61,0.00,3.96379461324664e-03,0.00,3.63447253323066e-03,0.00,0.00,0.00,0.00
81,3e,LC1,Intn1,25,0.00,0.00,0.00,2.49,0.00,0.14,1.67,2.17,0.00,0.03,0.00,0.02,0.00,0.00,0.00,0.00
81,3e,LC1,Intn1,35,0.00,0.00,0.00,7.46,0.00,0.42,3.52,4.56,0.00,0.10,0.00,0.09,0.00,0.00,0.00,0.00
81,3e,LC1,Intn1,45,0.00,0.00,0.00,14.16,0.00,0.79,5.83,7.55,0.00,0.22,0.00,0.20,0.00,0.00,0.00,0.00
81,3e,LC1,Intn1,55,0.00,0.00,0.00,21.12,0.00,1.15,8.32,10.77,0.00,0.39,0.00,0.37,0.00,0.00,0.00,0.00
81,3e,LC1,Intn1,65,0.00,0.00,0.00,27.58,0.00,1.48,10.69,13.84,0.00,0.58,0.00,0.58,0.00,0.00,0.00,0.00
81,3e,LC1,Intn1,75,0.00,0.00,0.00,33.40,0.00,1.76,12.78,16.54,0.00,0.77,0.00,0.80,0.00,0.00,0.00,0.00
81,3e,LC1,Intn1,85,0.00,0.00,0.00,38.65,0.00,2.01,14.54,18.82,0.00,0.94,0.00,1.03,0.00,0.00,0.00,0.00
81,3e,LC1,Intn1,95,0.00,0.00,0.00,43.39,0.00,2.22,16.00,20.70,0.00,1.09,0.00,1.26,0.00,0.00,0.00,0.00
81,3e,LC1,Intn1,105,0.00,0.00,0.00,47.66,0.00,2.39,17.13,22.17,0.00,1.21,0.00,1.47,0.00,0.00,0.00,0.00
81,3e,LC1,Intn1,115,0.00,0.00,0.00,51.41,0.00,2.54,17.94,23.22,0.00,1.30,0.00,1.65,0.00,0.00,0.00,0.00
81,3e,LC1,Intn1,125,0.00,0.00,0.00,54.61,0.00,2.64,18.43,23.85,0.00,1.36,0.00,1.81,0.00,0.00,0.00,0.00
81,3e,LC1,Intn1,135,0.00,0.00,0.00,57.23,0.00,2.72,18.59,24.06,0.00,1.39,0.00,1.94,0.00,0.00,0.00,0.00
81,3e,LC1,Intn1,145,0.00,0.00,0.00,59.23,0.00,2.76,18.46,23.89,0.00,1.40,0.00,2.03,0.00,0.00,0.00,0.00
81,3e,LC1,Intn1,155,0.00,0.00,0.00,60.62,0.00,2.76,18.06,23.37,0.00,1.38,0.00,2.09,0.00,0.00,0.00,0.00
81,3e,LC1,Intn1,165,0.00,0.00,0.00,61.39,0.00,2.74,17.42,22.54,0.00,1.35,0.00,2.12,0.00,0.00,0.00,0.00
81,3e,LC1,Intn1,175,0.00,0.00,0.00,61.56,0.00,2.69,16.59,21.47,0.00,1.30,0.00,2.11,0.00,0.00,0.00,0.00
81,3e,LC1,Intn1,185,0.00,0.00,0.00,61.16,0.00,2.62,15.61,20.20,0.00,1.24,0.00,2.08,0.00,0.00,0.00,0.00
81,3e,LC1,Intn1,195,0.00,0.00,0.00,60.23,0.00,2.52,14.51,18.78,0.00,1.17,0.00,2.02,0.00,0.00,0.00,0.00
81,3e,LC1,Intn1,205,0.00,0.00,0.00,58.82,0.00,2.41,13.35,17.28,0.00,1.09,0.00,1.94,0.00,0.00,0.00,0.00
81,3e,LC1,Intn1,215,0.00,0.00,0.00,56.98,0.00,2.28,12.16,15.74,0.00,1.01,0.00,1.85,0.00,0.00,0.00,0.00
81,3e,LC1,Intn1,225,0.00,0.00,0.00,54.77,0.00,2.14,10.96,14.19,0.00,0.93,0.00,1.75,0.00,0.00,0.00,0.00
81,3e,LC1,Intn1,235,0.00,0.00,0.00,52.24,0.00,2.00,9.79,12.67,0.00,0.85,0.00,1.63,0.00,0.00,0.00,0.00
81,3e,LC1,Intn1,245,0.00,0.00,0.00,49.47,0.00,1.85,8.66,11.21,0.00,0.76,0.00,1.51,0.00,0.00,0.00,0.00
81,3e,LC1,Intn1,255,0.00,0.00,0.00,46.51,0.00,1.69,7.60,9.84,0.00,0.69,0.00,1.39,0.00,0.00,0.00,0.00
82,patnt,LC1,Intn1,5,0.00,0.00,0.00,0.00,0.00,0.00,0.00,0.00,0.00,0.00,0.00,0.00,0.00,0.00,0.00,0.00
82,patnt,LC1,Intn1,15,0.00,0.00,0.00,0.42,0.00,0.05,0.37,0.98,0.00,0.01,0.00,0.00,0.00,0.00,0.00,0.00
82,patnt,LC1,Intn1,25,0.00,0.00,0.00,3.15,0.00,0.36,1.24,3.24,0.00,0.07,0.00,0.00,0.00,0.00,0.00,0.00
82,patnt,LC1,Intn1,35,0.00,0.00,0.00,8.85,0.00,1.01,2.46,6.39,0.00,0.23,0.00,0.00,0.00,0.00,0.00,0.00
82,patnt,LC1,Intn1,45,0.00,0.00,0.00,15.98,0.00,1.78,3.87,10.07,0.00,0.50,0.00,0.00,0.00,0.00,0.00,0.00
82,patnt,LC1,Intn1,55,0.00,0.00,0.00,22.87,0.00,2.50,5.30,13.79,0.00,0.85,0.00,0.00,0.00,0.00,0.00,0.00
82,patnt,LC1,Intn1,65,0.00,0.00,0.00,28.86,0.00,3.10,6.58,17.11,0.00,1.22,0.00,0.00,0.00,0.00,0.00,0.00
82,patnt,LC1,Intn1,75,0.00,0.00,0.00,33.97,0.00,3.59,7.64,19.88,0.00,1.57,0.00,0.00,0.00,0.00,0.00,0.00
82,patnt,LC1,Intn1,85,0.00,0.00,0.00,38.43,0.00,4.00,8.51,22.12,0.00,1.88,0.00,0.00,0.00,0.00,0.00,0.00
82,patnt,LC1,Intn1,95,0.00,0.00,0.00,42.44,0.00,4.34,9.20,23.93,0.00,2.14,0.00,0.00,0.00,0.00,0.00,0.00
82,patnt,LC1,Intn1,105,0.00,0.00,0.00,46.09,0.00,4.63,9.74,25.34,0.00,2.35,0.00,0.00,0.00,0.00,0.00,0.00
82,patnt,LC1,Intn1,115,0.00,0.00,0.00,49.46,0.00,4.88,10.15,26.40,0.00,2.51,0.00,0.00,0.00,0.00,0.00,0.00
82,patnt,LC1,Intn1,125,0.00,0.00,0.00,52.56,0.00,5.09,10.43,27.13,0.00,2.62,0.00,0.00,0.00,0.00,0.00,0.00
82,patnt,LC1,Intn1,135,0.00,0.00,0.00,55.41,0.00,5.27,10.59,27.54,0.00,2.70,0.00,0.00,0.00,0.00,0.00,0.00
82,patnt,LC1,Intn1,145,0.00,0.00,0.00,58.03,0.00,5.40,10.63,27.66,0.00,2.74,0.00,0.00,0.00,0.00,0.00,0.00
82,patnt,LC1,Intn1,155,0.00,0.00,0.00,60.42,0.00,5.51,10.58,27.53,0.00,2.76,0.00,0.00,0.00,0.00,0.00,0.00
82,patnt,LC1,Intn1,165,0.00,0.00,0.00,62.60,0.00,5.60,10.45,27.17,0.00,2.75,0.00,0.00,0.00,0.00,0.00,0.00
82,patnt,LC1,Intn1,175,0.00,0.00,0.00,64.59,0.00,5.65,10.24,26.62,0.00,2.73,0.00,0.00,0.00,0.00,0.00,0.00
82,patnt,LC1,Intn1,185,0.00,0.00,0.00,66.40,0.00,5.69,9.96,25.91,0.00,2.69,0.00,0.00,0.00,0.00,0.00,0.00
82,patnt,LC1,Intn1,195,0.00,0.00,0.00,68.04,0.00,5.70,9.64,25.08,0.00,2.64,0.00,0.00,0.00,0.00,0.00,0.00
82,patnt,LC1,Intn1,205,0.00,0.00,0.00,69.53,0.00,5.70,9.28,24.14,0.00,2.58,0.00,0.00,0.00,0.00,0.00,0.00
82,patnt,LC1,Intn1,215,0.00,0.00,0.00,70.87,0.00,5.68,8.89,23.13,0.00,2.52,0.00,0.00,0.00,0.00,0.00,0.00
82,patnt,LC1,Intn1,225,0.00,0.00,0.00,72.09,0.00,5.64,8.49,22.07,0.00,2.45,0.00,0.00,0.00,0.00,0.00,0.00
82,patnt,LC1,Intn1,235,0.00,0.00,0.00,73.18,0.00,5.60,8.07,20.98,0.00,2.38,0.00,0.00,0.00,0.00,0.00,0.00
82,patnt,LC1,Intn1,245,0.00,0.00,0.00,74.16,0.00,5.54,7.64,19.87,0.00,2.30,0.00,0.00,0.00,0.00,0.00,0.00
82,patnt,LC1,Intn1,255,0.00,0.00,0.00,75.05,0.00,5.48,7.21,18.76,0.00,2.23,0.00,0.00,0.00,0.00,0.00,0.00
85,3e,PJ2,Prsnt,5,0.00,0.00,0.00,0.00,0.00,0.00,0.00,0.00,0.00,0.00,0.00,0.00,0.00,0.00,0.00,0.00
85,3e,PJ2,Prsnt,15,0.00,0.00,5.72,1.15,0.09,0.04,0.00,0.00,0.00,0.55,0.00,0.12,0.00,0.00,0.00,0.00
85,3e,PJ2,Prsnt,25,0.00,0.00,16.96,4.39,0.26,0.16,0.00,0.00,0.00,2.00,0.00,0.44,0.00,0.00,0.00,0.00
85,3e,PJ2,Prsnt,35,0.00,0.00,31.68,8.31,0.43,0.29,0.00,0.00,0.00,4.18,0.00,0.93,0.00,0.00,0.00,0.00
85,3e,PJ2,Prsnt,45,0.00,0.00,47.99,11.44,0.59,0.39,0.00,0.00,0.00,6.78,0.00,1.54,0.00,0.00,0.00,0.00
85,3e,PJ2,Prsnt,55,0.00,0.00,63.94,13.45,0.70,0.46,0.00,0.00,0.00,9.39,0.00,2.21,0.00,0.00,0.00,0.00
85,3e,PJ2,Prsnt,65,0.00,0.00,77.77,14.64,0.78,0.49,0.00,0.00,0.00,11.63,0.00,2.85,0.00,0.00,0.00,0.00
85,3e,PJ2,Prsnt,75,0.00,0.00,88.28,15.27,0.82,0.50,0.00,0.00,0.00,13.26,0.00,3.40,0.00,0.00,0.00,0.00
85,3e,PJ2,Prsnt,85,0.00,0.00,94.82,15.46,0.83,0.50,0.00,0.00,0.00,14.20,0.00,3.83,0.00,0.00,0.00,0.00
85,3e,PJ2,Prsnt,95,0.00,0.00,97.19,15.28,0.82,0.48,0.00,0.00,0.00,14.46,0.00,4.10,0.00,0.00,0.00,0.00
85,3e,PJ2,Prsnt,105,0.00,0.00,95.58,14.77,0.79,0.46,0.00,0.00,0.00,14.12,0.00,4.20,0.00,0.00,0.00,0.00
85,3e,PJ2,Prsnt,115,0.00,0.00,90.54,13.98,0.75,0.43,0.00,0.00,0.00,13.31,0.00,4.16,0.00,0.00,0.00,0.00
85,3e,PJ2,Prsnt,125,0.00,0.00,82.83,12.98,0.70,0.39,0.00,0.00,0.00,12.16,0.00,3.98,0.00,0.00,0.00,0.00
85,3e,PJ2,Prsnt,135,0.00,0.00,73.36,11.81,0.64,0.35,0.00,0.00,0.00,10.81,0.00,3.70,0.00,0.00,0.00,0.00
85,3e,PJ2,Prsnt,145,0.00,0.00,62.99,10.55,0.57,0.30,0.00,0.00,0.00,9.37,0.00,3.35,0.00,0.00,0.00,0.00
85,3e,PJ2,Prsnt,155,0.00,0.00,52.53,9.24,0.50,0.26,0.00,0.00,0.00,7.93,0.00,2.95,0.00,0.00,0.00,0.00
85,3e,PJ2,Prsnt,165,0.00,0.00,42.60,7.95,0.43,0.22,0.00,0.00,0.00,6.57,0.00,2.53,0.00,0.00,0.00,0.00
85,3e,PJ2,Prsnt,175,0.00,0.00,33.63,6.71,0.36,0.18,0.00,0.00,0.00,5.32,0.00,2.12,0.00,0.00,0.00,0.00
85,3e,PJ2,Prsnt,185,0.00,0.00,25.88,5.55,0.30,0.14,0.00,0.00,0.00,4.23,0.00,1.74,0.00,0.00,0.00,0.00
85,3e,PJ2,Prsnt,195,0.00,0.00,19.42,4.51,0.24,0.11,0.00,0.00,0.00,3.29,0.00,1.40,0.00,0.00,0.00,0.00
85,3e,PJ2,Prsnt,205,0.00,0.00,14.22,3.60,0.19,0.09,0.00,0.00,0.00,2.51,0.00,1.10,0.00,0.00,0.00,0.00
85,3e,PJ2,Prsnt,215,0.00,0.00,10.18,2.81,0.15,0.07,0.00,0.00,0.00,1.88,0.00,0.84,0.00,0.00,0.00,0.00
85,3e,PJ2,Prsnt,225,0.00,0.00,7.12,2.16,0.11,0.05,0.00,0.00,0.00,1.38,0.00,0.63,0.00,0.00,0.00,0.00
85,3e,PJ2,Prsnt,235,0.00,0.00,4.87,1.63,0.08,0.03,0.00,0.00,0.00,0.99,0.00,0.47,0.00,0.00,0.00,0.00
85,3e,PJ2,Prsnt,245,0.00,0.00,3.25,1.20,0.06,0.02,0.00,0.00,0.00,0.70,0.00,0.34,0.00,0.00,0.00,0.00
85,3e,PJ2,Prsnt,255,0.00,0.00,2.13,0.87,0.04,0.02,0.00,0.00,0.00,0.48,0.00,0.24,0.00,0.00,0.00,0.00
86,patnt,PJ2,Prsnt,5,0.00,0.00,0.00,0.00,0.00,0.00,0.00,0.00,0.00,0.00,0.00,0.00,0.00,0.00,0.00,0.00
86,patnt,PJ2,Prsnt,15,0.00,0.00,7.88,1.49,0.12,0.05,0.00,0.00,0.00,0.74,0.00,0.16,0.00,0.00,0.00,0.00
86,patnt,PJ2,Prsnt,25,0.00,0.00,21.16,5.15,0.31,0.19,0.00,0.00,0.00,2.45,0.00,0.54,0.00,0.00,0.00,0.00
86,patnt,PJ2,Prsnt,35,0.00,0.00,36.24,8.93,0.49,0.33,0.00,0.00,0.00,4.70,0.00,1.04,0.00,0.00,0.00,0.00
86,patnt,PJ2,Prsnt,45,0.00,0.00,51.02,11.42,0.61,0.41,0.00,0.00,0.00,7.08,0.00,1.61,0.00,0.00,0.00,0.00
86,patnt,PJ2,Prsnt,55,0.00,0.00,64.09,12.67,0.69,0.45,0.00,0.00,0.00,9.24,0.00,2.17,0.00,0.00,0.00,0.00
86,patnt,PJ2,Prsnt,65,0.00,0.00,74.61,13.20,0.73,0.46,0.00,0.00,0.00,10.95,0.00,2.69,0.00,0.00,0.00,0.00
86,patnt,PJ2,Prsnt,75,0.00,0.00,82.28,13.37,0.75,0.46,0.00,0.00,0.00,12.14,0.00,3.12,0.00,0.00,0.00,0.00
86,patnt,PJ2,Prsnt,85,0.00,0.00,87.13,13.35,0.75,0.45,0.00,0.00,0.00,12.81,0.00,3.45,0.00,0.00,0.00,0.00
86,patnt,PJ2,Prsnt,95,0.00,0.00,89.34,13.19,0.74,0.44,0.00,0.00,0.00,13.06,0.00,3.70,0.00,0.00,0.00,0.00
86,patnt,PJ2,Prsnt,105,0.00,0.00,89.22,12.95,0.73,0.42,0.00,0.00,0.00,12.95,0.00,3.85,0.00,0.00,0.00,0.00
86,patnt,PJ2,Prsnt,115,0.00,0.00,87.08,12.63,0.71,0.40,0.00,0.00,0.00,12.57,0.00,3.93,0.00,0.00,0.00,0.00
86,patnt,PJ2,Prsnt,125,0.00,0.00,83.30,12.26,0.69,0.38,0.00,0.00,0.00,12.01,0.00,3.94,0.00,0.00,0.00,0.00
86,patnt,PJ2,Prsnt,135,0.00,0.00,78.27,11.84,0.67,0.36,0.00,0.00,0.00,11.33,0.00,3.88,0.00,0.00,0.00,0.00
86,patnt,PJ2,Prsnt,145,0.00,0.00,72.37,11.39,0.64,0.34,0.00,0.00,0.00,10.57,0.00,3.78,0.00,0.00,0.00,0.00
86,patnt,PJ2,Prsnt,155,0.00,0.00,65.94,10.90,0.61,0.32,0.00,0.00,0.00,9.78,0.00,3.64,0.00,0.00,0.00,0.00
86,patnt,PJ2,Prsnt,165,0.00,0.00,59.29,10.39,0.58,0.30,0.00,0.00,0.00,8.98,0.00,3.46,0.00,0.00,0.00,0.00
86,patnt,PJ2,Prsnt,175,0.00,0.00,52.67,9.87,0.55,0.28,0.00,0.00,0.00,8.19,0.00,3.27,0.00,0.00,0.00,0.00
86,patnt,PJ2,Prsnt,185,0.00,0.00,46.27,9.33,0.52,0.26,0.00,0.00,0.00,7.43,0.00,3.06,0.00,0.00,0.00,0.00
86,patnt,PJ2,Prsnt,195,0.00,0.00,40.22,8.78,0.49,0.24,0.00,0.00,0.00,6.70,0.00,2.85,0.00,0.00,0.00,0.00
86,patnt,PJ2,Prsnt,205,0.00,0.00,34.64,8.24,0.46,0.22,0.00,0.00,0.00,6.01,0.00,2.63,0.00,0.00,0.00,0.00
86,patnt,PJ2,Prsnt,215,0.00,0.00,29.57,7.69,0.43,0.20,0.00,0.00,0.00,5.37,0.00,2.41,0.00,0.00,0.00,0.00
86,patnt,PJ2,Prsnt,225,0.00,0.00,25.04,7.15,0.40,0.18,0.00,0.00,0.00,4.78,0.00,2.20,0.00,0.00,0.00,0.00
86,patnt,PJ2,Prsnt,235,0.00,0.00,21.03,6.62,0.37,0.16,0.00,0.00,0.00,4.23,0.00,2.00,0.00,0.00,0.00,0.00
86,patnt,PJ2,Prsnt,245,0.00,0.00,17.54,6.11,0.34,0.14,0.00,0.00,0.00,3.73,0.00,1.80,0.00,0.00,0.00,0.00
86,patnt,PJ2,Prsnt,255,0.00,0.00,14.53,5.61,0.31,0.13,0.00,0.00,0.00,3.27,0.00,1.62,0.00,0.00,0.00,0.00
87,3e,PJ2,Exten,5,0.00,0.00,0.00,0.00,0.00,0.00,0.00,0.00,0.00,0.00,0.00,0.00,0.00,0.00,0.00,0.00
87,3e,PJ2,Exten,15,0.00,0.00,4.13,0.97,0.00,0.03,0.00,0.00,0.00,0.30,0.00,0.10,0.00,0.00,0.00,0.00
87,3e,PJ2,Exten,25,0.00,0.00,12.30,3.72,0.00,0.11,0.00,0.00,0.00,1.10,0.00,0.36,0.00,0.00,0.00,0.00
87,3e,PJ2,Exten,35,0.00,0.00,23.35,7.14,0.00,0.22,0.00,0.00,0.00,2.35,0.00,0.79,0.00,0.00,0.00,0.00
87,3e,PJ2,Exten,45,0.00,0.00,36.03,10.01,0.00,0.30,0.00,0.00,0.00,3.89,0.00,1.33,0.00,0.00,0.00,0.00
87,3e,PJ2,Exten,55,0.00,0.00,48.84,11.98,0.00,0.35,0.00,0.00,0.00,5.48,0.00,1.95,0.00,0.00,0.00,0.00
87,3e,PJ2,Exten,65,0.00,0.00,60.31,13.24,0.00,0.38,0.00,0.00,0.00,6.89,0.00,2.55,0.00,0.00,0.00,0.00
87,3e,PJ2,Exten,75,0.00,0.00,69.35,13.99,0.00,0.40,0.00,0.00,0.00,7.96,0.00,3.08,0.00,0.00,0.00,0.00
87,3e,PJ2,Exten,85,0.00,0.00,75.30,14.32,0.00,0.40,0.00,0.00,0.00,8.61,0.00,3.50,0.00,0.00,0.00,0.00
87,3e,PJ2,Exten,95,0.00,0.00,77.88,14.28,0.00,0.39,0.00,0.00,0.00,8.85,0.00,3.78,0.00,0.00,0.00,0.00
87,3e,PJ2,Exten,105,0.00,0.00,77.18,13.90,0.00,0.38,0.00,0.00,0.00,8.71,0.00,3.91,0.00,0.00,0.00,0.00
87,3e,PJ2,Exten,115,0.00,0.00,73.58,13.25,0.00,0.35,0.00,0.00,0.00,8.26,0.00,3.90,0.00,0.00,0.00,0.00
87,3e,PJ2,Exten,125,0.00,0.00,67.68,12.36,0.00,0.32,0.00,0.00,0.00,7.59,0.00,3.75,0.00,0.00,0.00,0.00
87,3e,PJ2,Exten,135,0.00,0.00,60.21,11.31,0.00,0.29,0.00,0.00,0.00,6.78,0.00,3.51,0.00,0.00,0.00,0.00
87,3e,PJ2,Exten,145,0.00,0.00,51.90,10.14,0.00,0.25,0.00,0.00,0.00,5.89,0.00,3.18,0.00,0.00,0.00,0.00
87,3e,PJ2,Exten,155,0.00,0.00,43.42,8.91,0.00,0.22,0.00,0.00,0.00,5.01,0.00,2.81,0.00,0.00,0.00,0.00
87,3e,PJ2,Exten,165,0.00,0.00,35.31,7.68,0.00,0.18,0.00,0.00,0.00,4.16,0.00,2.42,0.00,0.00,0.00,0.00
87,3e,PJ2,Exten,175,0.00,0.00,27.94,6.50,0.00,0.15,0.00,0.00,0.00,3.38,0.00,2.04,0.00,0.00,0.00,0.00
87,3e,PJ2,Exten,185,0.00,0.00,21.53,5.39,0.00,0.12,0.00,0.00,0.00,2.69,0.00,1.67,0.00,0.00,0.00,0.00
87,3e,PJ2,Exten,195,0.00,0.00,16.19,4.39,0.00,0.10,0.00,0.00,0.00,2.09,0.00,1.34,0.00,0.00,0.00,0.00
87,3e,PJ2,Exten,205,0.00,0.00,11.87,3.50,0.00,0.07,0.00,0.00,0.00,1.60,0.00,1.06,0.00,0.00,0.00,0.00
87,3e,PJ2,Exten,215,0.00,0.00,8.50,2.74,0.00,0.06,0.00,0.00,0.00,1.20,0.00,0.81,0.00,0.00,0.00,0.00
87,3e,PJ2,Exten,225,0.00,0.00,5.95,2.11,0.00,0.04,0.00,0.00,0.00,0.88,0.00,0.61,0.00,0.00,0.00,0.00
87,3e,PJ2,Exten,235,0.00,0.00,4.07,1.59,0.00,0.03,0.00,0.00,0.00,0.63,0.00,0.45,0.00,0.00,0.00,0.00
87,3e,PJ2,Exten,245,0.00,0.00,2.72,1.18,0.00,0.02,0.00,0.00,0.00,0.45,0.00,0.33,0.00,0.00,0.00,0.00
87,3e,PJ2,Exten,255,0.00,0.00,1.78,0.85,0.00,0.01,0.00,0.00,0.00,0.31,0.00,0.23,0.00,0.00,0.00,0.00
88,patnt,PJ2,Exten,5,0.00,0.00,0.00,0.00,0.00,0.00,0.00,0.00,0.00,0.00,0.00,0.00,0.00,0.00,0.00,0.00
88,patnt,PJ2,Exten,15,0.00,0.00,7.88,1.49,0.12,0.05,0.00,0.00,0.00,0.74,0.00,0.16,0.00,0.00,0.00,0.00
88,patnt,PJ2,Exten,25,0.00,0.00,21.16,5.15,0.31,0.19,0.00,0.00,0.00,2.45,0.00,0.54,0.00,0.00,0.00,0.00
88,patnt,PJ2,Exten,35,0.00,0.00,36.24,8.93,0.49,0.33,0.00,0.00,0.00,4.70,0.00,1.04,0.00,0.00,0.00,0.00
88,patnt,PJ2,Exten,45,0.00,0.00,51.02,11.42,0.61,0.41,0.00,0.00,0.00,7.08,0.00,1.61,0.00,0.00,0.00,0.00
88,patnt,PJ2,Exten,55,0.00,0.00,64.09,12.67,0.69,0.45,0.00,0.00,0.00,9.24,0.00,2.17,0.00,0.00,0.00,0.00
88,patnt,PJ2,Exten,65,0.00,0.00,74.61,13.20,0.73,0.46,0.00,0.00,0.00,10.95,0.00,2.69,0.00,0.00,0.00,0.00
88,patnt,PJ2,Exten,75,0.00,0.00,82.28,13.37,0.75,0.46,0.00,0.00,0.00,12.14,0.00,3.12,0.00,0.00,0.00,0.00
88,patnt,PJ2,Exten,85,0.00,0.00,87.13,13.35,0.75,0.45,0.00,0.00,0.00,12.81,0.00,3.45,0.00,0.00,0.00,0.00
88,patnt,PJ2,Exten,95,0.00,0.00,89.34,13.19,0.74,0.44,0.00,0.00,0.00,13.06,0.00,3.70,0.00,0.00,0.00,0.00
88,patnt,PJ2,Exten,105,0.00,0.00,89.22,12.95,0.73,0.42,0.00,0.00,0.00,12.95,0.00,3.85,0.00,0.00,0.00,0.00
88,patnt,PJ2,Exten,115,0.00,0.00,87.08,12.63,0.71,0.40,0.00,0.00,0.00,12.57,0.00,3.93,0.00,0.00,0.00,0.00
88,patnt,PJ2,Exten,125,0.00,0.00,83.30,12.26,0.69,0.38,0.00,0.00,0.00,12.01,0.00,3.94,0.00,0.00,0.00,0.00
88,patnt,PJ2,Exten,135,0.00,0.00,78.27,11.84,0.67,0.36,0.00,0.00,0.00,11.33,0.00,3.88,0.00,0.00,0.00,0.00
88,patnt,PJ2,Exten,145,0.00,0.00,72.37,11.39,0.64,0.34,0.00,0.00,0.00,10.57,0.00,3.78,0.00,0.00,0.00,0.00
88,patnt,PJ2,Exten,155,0.00,0.00,65.94,10.90,0.61,0.32,0.00,0.00,0.00,9.78,0.00,3.64,0.00,0.00,0.00,0.00
88,patnt,PJ2,Exten,165,0.00,0.00,59.29,10.39,0.58,0.30,0.00,0.00,0.00,8.98,0.00,3.46,0.00,0.00,0.00,0.00
88,patnt,PJ2,Exten,175,0.00,0.00,52.67,9.87,0.55,0.28,0.00,0.00,0.00,8.19,0.00,3.27,0.00,0.00,0.00,0.00
88,patnt,PJ2,Exten,185,0.00,0.00,46.27,9.33,0.52,0.26,0.00,0.00,0.00,7.43,0.00,3.06,0.00,0.00,0.00,0.00
88,patnt,PJ2,Exten,195,0.00,0.00,40.22,8.78,0.49,0.24,0.00,0.00,0.00,6.70,0.00,2.85,0.00,0.00,0.00,0.00
88,patnt,PJ2,Exten,205,0.00,0.00,34.64,8.24,0.46,0.22,0.00,0.00,0.00,6.01,0.00,2.63,0.00,0.00,0.00,0.00
88,patnt,PJ2,Exten,215,0.00,0.00,29.57,7.69,0.43,0.20,0.00,0.00,0.00,5.37,0.00,2.41,0.00,0.00,0.00,0.00
88,patnt,PJ2,Exten,225,0.00,0.00,25.04,7.15,0.40,0.18,0.00,0.00,0.00,4.78,0.00,2.20,0.00,0.00,0.00,0.00
88,patnt,PJ2,Exten,235,0.00,0.00,21.03,6.62,0.37,0.16,0.00,0.00,0.00,4.23,0.00,2.00,0.00,0.00,0.00,0.00
88,patnt,PJ2,Exten,245,0.00,0.00,17.54,6.11,0.34,0.14,0.00,0.00,0.00,3.73,0.00,1.80,0.00,0.00,0.00,0.00
88,patnt,PJ2,Exten,255,0.00,0.00,14.53,5.61,0.31,0.13,0.00,0.00,0.00,3.27,0.00,1.62,0.00,0.00,0.00,0.00
89,3e,PJ2,Basc1,5,0.00,0.00,0.00,0.00,0.00,0.00,0.00,0.00,0.00,0.00,0.00,0.00,0.00,0.00,0.00,0.00
89,3e,PJ2,Basc1,15,0.00,0.00,5.44,0.99,0.08,0.16,0.00,0.20,0.00,0.53,0.00,0.10,0.00,0.00,0.00,0.00
89,3e,PJ2,Basc1,25,0.00,0.00,16.16,3.78,0.24,0.61,0.00,0.35,0.00,1.95,0.00,0.36,0.00,0.00,0.00,0.00
89,3e,PJ2,Basc1,35,0.00,0.00,29.88,7.08,0.41,1.12,0.00,0.46,0.00,4.04,0.00,0.76,0.00,0.00,0.00,0.00
89,3e,PJ2,Basc1,45,0.00,0.00,44.72,9.63,0.55,1.49,0.00,0.55,0.00,6.48,0.00,1.24,0.00,0.00,0.00,0.00
89,3e,PJ2,Basc1,55,0.00,0.00,58.91,11.19,0.65,1.69,0.00,0.61,0.00,8.87,0.00,1.76,0.00,0.00,0.00,0.00
89,3e,PJ2,Basc1,65,0.00,0.00,70.93,12.06,0.71,1.79,0.00,0.65,0.00,10.87,0.00,2.25,0.00,0.00,0.00,0.00
89,3e,PJ2,Basc1,75,0.00,0.00,79.80,12.47,0.74,1.83,0.00,0.66,0.00,12.28,0.00,2.66,0.00,0.00,0.00,0.00
89,3e,PJ2,Basc1,85,0.00,0.00,85.04,12.52,0.75,1.80,0.00,0.65,0.00,13.05,0.00,2.97,0.00,0.00,0.00,0.00
89,3e,PJ2,Basc1,95,0.00,0.00,86.57,12.29,0.73,1.74,0.00,0.63,0.00,13.20,0.00,3.16,0.00,0.00,0.00,0.00
89,3e,PJ2,Basc1,105,0.00,0.00,84.65,11.81,0.71,1.64,0.00,0.59,0.00,12.82,0.00,3.22,0.00,0.00,0.00,0.00
89,3e,PJ2,Basc1,115,0.00,0.00,79.79,11.12,0.67,1.52,0.00,0.54,0.00,12.02,0.00,3.17,0.00,0.00,0.00,0.00
89,3e,PJ2,Basc1,125,0.00,0.00,72.70,10.28,0.61,1.38,0.00,0.48,0.00,10.94,0.00,3.03,0.00,0.00,0.00,0.00
89,3e,PJ2,Basc1,135,0.00,0.00,64.15,9.33,0.56,1.23,0.00,0.42,0.00,9.69,0.00,2.80,0.00,0.00,0.00,0.00
89,3e,PJ2,Basc1,145,0.00,0.00,54.93,8.31,0.50,1.07,0.00,0.36,0.00,8.37,0.00,2.53,0.00,0.00,0.00,0.00
89,3e,PJ2,Basc1,155,0.00,0.00,45.70,7.26,0.43,0.92,0.00,0.30,0.00,7.07,0.00,2.22,0.00,0.00,0.00,0.00
89,3e,PJ2,Basc1,165,0.00,0.00,36.98,6.23,0.37,0.77,0.00,0.24,0.00,5.84,0.00,1.90,0.00,0.00,0.00,0.00
89,3e,PJ2,Basc1,175,0.00,0.00,29.15,5.25,0.31,0.63,0.00,0.19,0.00,4.73,0.00,1.59,0.00,0.00,0.00,0.00
89,3e,PJ2,Basc1,185,0.00,0.00,22.39,4.34,0.26,0.51,0.00,0.15,0.00,3.75,0.00,1.30,0.00,0.00,0.00,0.00
89,3e,PJ2,Basc1,195,0.00,0.00,16.78,3.52,0.21,0.40,0.00,0.11,0.00,2.91,0.00,1.04,0.00,0.00,0.00,0.00
89,3e,PJ2,Basc1,205,0.00,0.00,12.28,2.80,0.16,0.31,0.00,0.08,0.00,2.22,0.00,0.82,0.00,0.00,0.00,0.00
89,3e,PJ2,Basc1,215,0.00,0.00,8.78,2.19,0.13,0.24,0.00,0.06,0.00,1.66,0.00,0.63,0.00,0.00,0.00,0.00
89,3e,PJ2,Basc1,225,0.00,0.00,6.14,1.68,0.10,0.18,0.00,0.04,0.00,1.22,0.00,0.47,0.00,0.00,0.00,0.00
89,3e,PJ2,Basc1,235,0.00,0.00,4.19,1.27,0.07,0.13,0.00,0.03,0.00,0.88,0.00,0.35,0.00,0.00,0.00,0.00
89,3e,PJ2,Basc1,245,0.00,0.00,2.80,0.94,0.05,0.09,0.00,0.02,0.00,0.62,0.00,0.25,0.00,0.00,0.00,0.00
89,3e,PJ2,Basc1,255,0.00,0.00,1.83,0.68,0.04,0.06,0.00,0.01,0.00,0.43,0.00,0.18,0.00,0.00,0.00,0.00
90,patnt,PJ2,Basc1,5,0.00,0.00,0.00,0.00,0.00,0.00,0.00,0.00,0.00,0.00,0.00,0.00,0.00,0.00,0.00,0.00
90,patnt,PJ2,Basc1,15,0.00,0.00,7.88,1.49,0.12,0.05,0.00,0.00,0.00,0.74,0.00,0.16,0.00,0.00,0.00,0.00
90,patnt,PJ2,Basc1,25,0.00,0.00,21.16,5.15,0.31,0.19,0.00,0.00,0.00,2.45,0.00,0.54,0.00,0.00,0.00,0.00
90,patnt,PJ2,Basc1,35,0.00,0.00,36.24,8.93,0.49,0.33,0.00,0.00,0.00,4.70,0.00,1.04,0.00,0.00,0.00,0.00
90,patnt,PJ2,Basc1,45,0.00,0.00,51.02,11.42,0.61,0.41,0.00,0.00,0.00,7.08,0.00,1.61,0.00,0.00,0.00,0.00
90,patnt,PJ2,Basc1,55,0.00,0.00,64.09,12.67,0.69,0.45,0.00,0.00,0.00,9.24,0.00,2.17,0.00,0.00,0.00,0.00
90,patnt,PJ2,Basc1,65,0.00,0.00,74.61,13.20,0.73,0.46,0.00,0.00,0.00,10.95,0.00,2.69,0.00,0.00,0.00,0.00
90,patnt,PJ2,Basc1,75,0.00,0.00,82.28,13.37,0.75,0.46,0.00,0.00,0.00,12.14,0.00,3.12,0.00,0.00,0.00,0.00
90,patnt,PJ2,Basc1,85,0.00,0.00,87.13,13.35,0.75,0.45,0.00,0.00,0.00,12.81,0.00,3.45,0.00,0.00,0.00,0.00
90,patnt,PJ2,Basc1,95,0.00,0.00,89.34,13.19,0.74,0.44,0.00,0.00,0.00,13.06,0.00,3.70,0.00,0.00,0.00,0.00
90,patnt,PJ2,Basc1,105,0.00,0.00,89.22,12.95,0.73,0.42,0.00,0.00,0.00,12.95,0.00,3.85,0.00,0.00,0.00,0.00
90,patnt,PJ2,Basc1,115,0.00,0.00,87.08,12.63,0.71,0.40,0.00,0.00,0.00,12.57,0.00,3.93,0.00,0.00,0.00,0.00
90,patnt,PJ2,Basc1,125,0.00,0.00,83.30,12.26,0.69,0.38,0.00,0.00,0.00,12.01,0.00,3.94,0.00,0.00,0.00,0.00
90,patnt,PJ2,Basc1,135,0.00,0.00,78.27,11.84,0.67,0.36,0.00,0.00,0.00,11.33,0.00,3.88,0.00,0.00,0.00,0.00
90,patnt,PJ2,Basc1,145,0.00,0.00,72.37,11.39,0.64,0.34,0.00,0.00,0.00,10.57,0.00,3.78,0.00,0.00,0.00,0.00
90,patnt,PJ2,Basc1,155,0.00,0.00,65.94,10.90,0.61,0.32,0.00,0.00,0.00,9.78,0.00,3.64,0.00,0.00,0.00,0.00
90,patnt,PJ2,Basc1,165,0.00,0.00,59.29,10.39,0.58,0.30,0.00,0.00,0.00,8.98,0.00,3.46,0.00,0.00,0.00,0.00
90,patnt,PJ2,Basc1,175,0.00,0.00,52.67,9.87,0.55,0.28,0.00,0.00,0.00,8.19,0.00,3.27,0.00,0.00,0.00,0.00
90,patnt,PJ2,Basc1,185,0.00,0.00,46.27,9.33,0.52,0.26,0.00,0.00,0.00,7.43,0.00,3.06,0.00,0.00,0.00,0.00
90,patnt,PJ2,Basc1,195,0.00,0.00,40.22,8.78,0.49,0.24,0.00,0.00,0.00,6.70,0.00,2.85,0.00,0.00,0.00,0.00
90,patnt,PJ2,Basc1,205,0.00,0.00,34.64,8.24,0.46,0.22,0.00,0.00,0.00,6.01,0.00,2.63,0.00,0.00,0.00,0.00
90,patnt,PJ2,Basc1,215,0.00,0.00,29.57,7.69,0.43,0.20,0.00,0.00,0.00,5.37,0.00,2.41,0.00,0.00,0.00,0.00
90,patnt,PJ2,Basc1,225,0.00,0.00,25.04,7.15,0.40,0.18,0.00,0.00,0.00,4.78,0.00,2.20,0.00,0.00,0.00,0.00
90,patnt,PJ2,Basc1,235,0.00,0.00,21.03,6.62,0.37,0.16,0.00,0.00,0.00,4.23,0.00,2.00,0.00,0.00,0.00,0.00
90,patnt,PJ2,Basc1,245,0.00,0.00,17.54,6.11,0.34,0.14,0.00,0.00,0.00,3.73,0.00,1.80,0.00,0.00,0.00,0.00
90,patnt,PJ2,Basc1,255,0.00,0.00,14.53,5.61,0.31,0.13,0.00,0.00,0.00,3.27,0.00,1.62,0.00,0.00,0.00,0.00
91,3e,PJ2,Basc2,5,0.00,0.00,0.00,0.00,0.00,0.00,0.00,0.00,0.00,0.00,0.00,0.00,0.00,0.00,0.00,0.00
91,3e,PJ2,Basc2,15,0.00,0.00,5.72,1.15,0.09,0.04,0.00,0.00,0.00,0.55,0.00,0.12,0.00,0.00,0.00,0.00
91,3e,PJ2,Basc2,25,0.00,0.00,16.96,4.39,0.26,0.16,0.00,0.00,0.00,2.00,0.00,0.44,0.00,0.00,0.00,0.00
91,3e,PJ2,Basc2,35,0.00,0.00,31.68,8.31,0.43,0.29,0.00,0.00,0.00,4.18,0.00,0.93,0.00,0.00,0.00,0.00
91,3e,PJ2,Basc2,45,0.00,0.00,47.99,11.44,0.59,0.39,0.00,0.00,0.00,6.78,0.00,1.54,0.00,0.00,0.00,0.00
91,3e,PJ2,Basc2,55,0.00,0.00,63.94,13.45,0.70,0.46,0.00,0.00,0.00,9.39,0.00,2.21,0.00,0.00,0.00,0.00
91,3e,PJ2,Basc2,65,0.00,0.00,77.77,14.64,0.78,0.49,0.00,0.00,0.00,11.63,0.00,2.85,0.00,0.00,0.00,0.00
91,3e,PJ2,Basc2,75,0.00,0.00,88.28,15.27,0.82,0.50,0.00,0.00,0.00,13.26,0.00,3.40,0.00,0.00,0.00,0.00
91,3e,PJ2,Basc2,85,0.00,0.00,94.82,15.46,0.83,0.50,0.00,0.00,0.00,14.20,0.00,3.83,0.00,0.00,0.00,0.00
91,3e,PJ2,Basc2,95,0.00,0.00,97.19,15.28,0.82,0.48,0.00,0.00,0.00,14.46,0.00,4.10,0.00,0.00,0.00,0.00
91,3e,PJ2,Basc2,105,0.00,0.00,95.58,14.77,0.79,0.46,0.00,0.00,0.00,14.12,0.00,4.20,0.00,0.00,0.00,0.00
91,3e,PJ2,Basc2,115,0.00,0.00,90.54,13.98,0.75,0.43,0.00,0.00,0.00,13.31,0.00,4.16,0.00,0.00,0.00,0.00
91,3e,PJ2,Basc2,125,0.00,0.00,82.83,12.98,0.70,0.39,0.00,0.00,0.00,12.16,0.00,3.98,0.00,0.00,0.00,0.00
91,3e,PJ2,Basc2,135,0.00,0.00,73.36,11.81,0.64,0.35,0.00,0.00,0.00,10.81,0.00,3.70,0.00,0.00,0.00,0.00
91,3e,PJ2,Basc2,145,0.00,0.00,62.99,10.55,0.57,0.30,0.00,0.00,0.00,9.37,0.00,3.35,0.00,0.00,0.00,0.00
91,3e,PJ2,Basc2,155,0.00,0.00,52.53,9.24,0.50,0.26,0.00,0.00,0.00,7.93,0.00,2.95,0.00,0.00,0.00,0.00
91,3e,PJ2,Basc2,165,0.00,0.00,42.60,7.95,0.43,0.22,0.00,0.00,0.00,6.57,0.00,2.53,0.00,0.00,0.00,0.00
91,3e,PJ2,Basc2,175,0.00,0.00,33.63,6.71,0.36,0.18,0.00,0.00,0.00,5.32,0.00,2.12,0.00,0.00,0.00,0.00
91,3e,PJ2,Basc2,185,0.00,0.00,25.88,5.55,0.30,0.14,0.00,0.00,0.00,4.23,0.00,1.74,0.00,0.00,0.00,0.00
91,3e,PJ2,Basc2,195,0.00,0.00,19.42,4.51,0.24,0.11,0.00,0.00,0.00,3.29,0.00,1.40,0.00,0.00,0.00,0.00
91,3e,PJ2,Basc2,205,0.00,0.00,14.22,3.60,0.19,0.09,0.00,0.00,0.00,2.51,0.00,1.10,0.00,0.00,0.00,0.00
91,3e,PJ2,Basc2,215,0.00,0.00,10.18,2.81,0.15,0.07,0.00,0.00,0.00,1.88,0.00,0.84,0.00,0.00,0.00,0.00
91,3e,PJ2,Basc2,225,0.00,0.00,7.12,2.16,0.11,0.05,0.00,0.00,0.00,1.38,0.00,0.63,0.00,0.00,0.00,0.00
91,3e,PJ2,Basc2,235,0.00,0.00,4.87,1.63,0.08,0.03,0.00,0.00,0.00,0.99,0.00,0.47,0.00,0.00,0.00,0.00
91,3e,PJ2,Basc2,245,0.00,0.00,3.25,1.20,0.06,0.02,0.00,0.00,0.00,0.70,0.00,0.34,0.00,0.00,0.00,0.00
91,3e,PJ2,Basc2,255,0.00,0.00,2.13,0.87,0.04,0.02,0.00,0.00,0.00,0.48,0.00,0.24,0.00,0.00,0.00,0.00
92,patnt,PJ2,Basc2,5,0.00,0.00,0.00,0.00,0.00,0.00,0.00,0.00,0.00,0.00,0.00,0.00,0.00,0.00,0.00,0.00
92,patnt,PJ2,Basc2,15,0.00,0.00,7.88,1.49,0.12,0.05,0.00,0.00,0.00,0.74,0.00,0.16,0.00,0.00,0.00,0.00
92,patnt,PJ2,Basc2,25,0.00,0.00,21.16,5.15,0.31,0.19,0.00,0.00,0.00,2.45,0.00,0.54,0.00,0.00,0.00,0.00
92,patnt,PJ2,Basc2,35,0.00,0.00,36.24,8.93,0.49,0.33,0.00,0.00,0.00,4.70,0.00,1.04,0.00,0.00,0.00,0.00
92,patnt,PJ2,Basc2,45,0.00,0.00,51.02,11.42,0.61,0.41,0.00,0.00,0.00,7.08,0.00,1.61,0.00,0.00,0.00,0.00
92,patnt,PJ2,Basc2,55,0.00,0.00,64.09,12.67,0.69,0.45,0.00,0.00,0.00,9.24,0.00,2.17,0.00,0.00,0.00,0.00
92,patnt,PJ2,Basc2,65,0.00,0.00,74.61,13.20,0.73,0.46,0.00,0.00,0.00,10.95,0.00,2.69,0.00,0.00,0.00,0.00
92,patnt,PJ2,Basc2,75,0.00,0.00,82.28,13.37,0.75,0.46,0.00,0.00,0.00,12.14,0.00,3.12,0.00,0.00,0.00,0.00
92,patnt,PJ2,Basc2,85,0.00,0.00,87.13,13.35,0.75,0.45,0.00,0.00,0.00,12.81,0.00,3.45,0.00,0.00,0.00,0.00
92,patnt,PJ2,Basc2,95,0.00,0.00,89.34,13.19,0.74,0.44,0.00,0.00,0.00,13.06,0.00,3.70,0.00,0.00,0.00,0.00
92,patnt,PJ2,Basc2,105,0.00,0.00,89.22,12.95,0.73,0.42,0.00,0.00,0.00,12.95,0.00,3.85,0.00,0.00,0.00,0.00
92,patnt,PJ2,Basc2,115,0.00,0.00,87.08,12.63,0.71,0.40,0.00,0.00,0.00,12.57,0.00,3.93,0.00,0.00,0.00,0.00
92,patnt,PJ2,Basc2,125,0.00,0.00,83.30,12.26,0.69,0.38,0.00,0.00,0.00,12.01,0.00,3.94,0.00,0.00,0.00,0.00
92,patnt,PJ2,Basc2,135,0.00,0.00,78.27,11.84,0.67,0.36,0.00,0.00,0.00,11.33,0.00,3.88,0.00,0.00,0.00,0.00
92,patnt,PJ2,Basc2,145,0.00,0.00,72.37,11.39,0.64,0.34,0.00,0.00,0.00,10.57,0.00,3.78,0.00,0.00,0.00,0.00
92,patnt,PJ2,Basc2,155,0.00,0.00,65.94,10.90,0.61,0.32,0.00,0.00,0.00,9.78,0.00,3.64,0.00,0.00,0.00,0.00
92,patnt,PJ2,Basc2,165,0.00,0.00,59.29,10.39,0.58,0.30,0.00,0.00,0.00,8.98,0.00,3.46,0.00,0.00,0.00,0.00
92,patnt,PJ2,Basc2,175,0.00,0.00,52.67,9.87,0.55,0.28,0.00,0.00,0.00,8.19,0.00,3.27,0.00,0.00,0.00,0.00
92,patnt,PJ2,Basc2,185,0.00,0.00,46.27,9.33,0.52,0.26,0.00,0.00,0.00,7.43,0.00,3.06,0.00,0.00,0.00,0.00
92,patnt,PJ2,Basc2,195,0.00,0.00,40.22,8.78,0.49,0.24,0.00,0.00,0.00,6.70,0.00,2.85,0.00,0.00,0.00,0.00
92,patnt,PJ2,Basc2,205,0.00,0.00,34.64,8.24,0.46,0.22,0.00,0.00,0.00,6.01,0.00,2.63,0.00,0.00,0.00,0.00
92,patnt,PJ2,Basc2,215,0.00,0.00,29.57,7.69,0.43,0.20,0.00,0.00,0.00,5.37,0.00,2.41,0.00,0.00,0.00,0.00
92,patnt,PJ2,Basc2,225,0.00,0.00,25.04,7.15,0.40,0.18,0.00,0.00,0.00,4.78,0.00,2.20,0.00,0.00,0.00,0.00
92,patnt,PJ2,Basc2,235,0.00,0.00,21.03,6.62,0.37,0.16,0.00,0.00,0.00,4.23,0.00,2.00,0.00,0.00,0.00,0.00
92,patnt,PJ2,Basc2,245,0.00,0.00,17.54,6.11,0.34,0.14,0.00,0.00,0.00,3.73,0.00,1.80,0.00,0.00,0.00,0.00
92,patnt,PJ2,Basc2,255,0.00,0.00,14.53,5.61,0.31,0.13,0.00,0.00,0.00,3.27,0.00,1.62,0.00,0.00,0.00,0.00
93,3e,PJ2,Intn1,5,0.00,0.00,0.00,0.00,0.00,0.00,0.00,0.00,0.00,0.00,0.00,0.00,0.00,0.00,0.00,0.00
93,3e,PJ2,Intn1,15,0.00,0.00,6.91,0.54,0.10,0.14,0.00,0.00,0.00,0.85,0.00,0.15,0.00,0.00,0.00,0.00
93,3e,PJ2,Intn1,25,0.00,0.00,20.56,2.06,0.28,0.52,0.00,0.00,0.00,3.09,0.00,0.55,0.00,0.00,0.00,0.00
93,3e,PJ2,Intn1,35,0.00,0.00,37.67,3.82,0.47,0.95,0.00,0.00,0.00,6.36,0.00,1.15,0.00,0.00,0.00,0.00
93,3e,PJ2,Intn1,45,0.00,0.00,55.55,5.12,0.61,1.24,0.00,0.00,0.00,10.03,0.00,1.86,0.00,0.00,0.00,0.00
93,3e,PJ2,Intn1,55,0.00,0.00,72.11,5.87,0.71,1.40,0.00,0.00,0.00,13.52,0.00,2.59,0.00,0.00,0.00,0.00
93,3e,PJ2,Intn1,65,0.00,0.00,85.80,6.25,0.77,1.46,0.00,0.00,0.00,16.38,0.00,3.27,0.00,0.00,0.00,0.00
93,3e,PJ2,Intn1,75,0.00,0.00,95.70,6.40,0.80,1.48,0.00,0.00,0.00,18.36,0.00,3.83,0.00,0.00,0.00,0.00
93,3e,PJ2,Intn1,85,0.00,0.00,101.35,6.39,0.80,1.45,0.00,0.00,0.00,19.39,0.00,4.25,0.00,0.00,0.00,0.00
93,3e,PJ2,Intn1,95,0.00,0.00,102.72,6.25,0.78,1.39,0.00,0.00,0.00,19.52,0.00,4.50,0.00,0.00,0.00,0.00
93,3e,PJ2,Intn1,105,0.00,0.00,100.12,5.98,0.75,1.31,0.00,0.00,0.00,18.90,0.00,4.58,0.00,0.00,0.00,0.00
93,3e,PJ2,Intn1,115,0.00,0.00,94.15,5.62,0.71,1.21,0.00,0.00,0.00,17.68,0.00,4.50,0.00,0.00,0.00,0.00
93,3e,PJ2,Intn1,125,0.00,0.00,85.64,5.19,0.65,1.09,0.00,0.00,0.00,16.06,0.00,4.28,0.00,0.00,0.00,0.00
93,3e,PJ2,Intn1,135,0.00,0.00,75.48,4.70,0.59,0.97,0.00,0.00,0.00,14.21,0.00,3.96,0.00,0.00,0.00,0.00
93,3e,PJ2,Intn1,145,0.00,0.00,64.57,4.18,0.53,0.85,0.00,0.00,0.00,12.27,0.00,3.57,0.00,0.00,0.00,0.00
93,3e,PJ2,Intn1,155,0.00,0.00,53.68,3.65,0.46,0.72,0.00,0.00,0.00,10.35,0.00,3.13,0.00,0.00,0.00,0.00
93,3e,PJ2,Intn1,165,0.00,0.00,43.43,3.13,0.39,0.61,0.00,0.00,0.00,8.55,0.00,2.68,0.00,0.00,0.00,0.00
93,3e,PJ2,Intn1,175,0.00,0.00,34.21,2.64,0.33,0.50,0.00,0.00,0.00,6.92,0.00,2.25,0.00,0.00,0.00,0.00
93,3e,PJ2,Intn1,185,0.00,0.00,26.28,2.18,0.27,0.40,0.00,0.00,0.00,5.48,0.00,1.84,0.00,0.00,0.00,0.00
93,3e,PJ2,Intn1,195,0.00,0.00,19.69,1.77,0.22,0.32,0.00,0.00,0.00,4.26,0.00,1.47,0.00,0.00,0.00,0.00
93,3e,PJ2,Intn1,205,0.00,0.00,14.41,1.41,0.17,0.25,0.00,0.00,0.00,3.25,0.00,1.15,0.00,0.00,0.00,0.00
93,3e,PJ2,Intn1,215,0.00,0.00,10.30,1.10,0.14,0.19,0.00,0.00,0.00,2.43,0.00,0.89,0.00,0.00,0.00,0.00
93,3e,PJ2,Intn1,225,0.00,0.00,7.20,0.84,0.10,0.14,0.00,0.00,0.00,1.78,0.00,0.67,0.00,0.00,0.00,0.00
93,3e,PJ2,Intn1,235,0.00,0.00,4.92,0.63,0.08,0.10,0.00,0.00,0.00,1.28,0.00,0.49,0.00,0.00,0.00,0.00
93,3e,PJ2,Intn1,245,0.00,0.00,3.29,0.47,0.05,0.07,0.00,0.00,0.00,0.91,0.00,0.35,0.00,0.00,0.00,0.00
93,3e,PJ2,Intn1,255,0.00,0.00,2.15,0.34,0.04,0.05,0.00,0.00,0.00,0.63,0.00,0.25,0.00,0.00,0.00,0.00
94,patnt,PJ2,Intn1,5,0.00,0.00,0.00,0.00,0.00,0.00,0.00,0.00,0.00,0.00,0.00,0.00,0.00,0.00,0.00,0.00
94,patnt,PJ2,Intn1,15,0.00,0.00,7.88,1.49,0.12,0.05,0.00,0.00,0.00,0.74,0.00,0.16,0.00,0.00,0.00,0.00
94,patnt,PJ2,Intn1,25,0.00,0.00,21.16,5.15,0.31,0.19,0.00,0.00,0.00,2.45,0.00,0.54,0.00,0.00,0.00,0.00
94,patnt,PJ2,Intn1,35,0.00,0.00,36.24,8.93,0.49,0.33,0.00,0.00,0.00,4.70,0.00,1.04,0.00,0.00,0.00,0.00
94,patnt,PJ2,Intn1,45,0.00,0.00,51.02,11.42,0.61,0.41,0.00,0.00,0.00,7.08,0.00,1.61,0.00,0.00,0.00,0.00
94,patnt,PJ2,Intn1,55,0.00,0.00,64.09,12.67,0.69,0.45,0.00,0.00,0.00,9.24,0.00,2.17,0.00,0.00,0.00,0.00
94,patnt,PJ2,Intn1,65,0.00,0.00,74.61,13.20,0.73,0.46,0.00,0.00,0.00,10.95,0.00,2.69,0.00,0.00,0.00,0.00
94,patnt,PJ2,Intn1,75,0.00,0.00,82.28,13.37,0.75,0.46,0.00,0.00,0.00,12.14,0.00,3.12,0.00,0.00,0.00,0.00
94,patnt,PJ2,Intn1,85,0.00,0.00,87.13,13.35,0.75,0.45,0.00,0.00,0.00,12.81,0.00,3.45,0.00,0.00,0.00,0.00
94,patnt,PJ2,Intn1,95,0.00,0.00,89.34,13.19,0.74,0.44,0.00,0.00,0.00,13.06,0.00,3.70,0.00,0.00,0.00,0.00
94,patnt,PJ2,Intn1,105,0.00,0.00,89.22,12.95,0.73,0.42,0.00,0.00,0.00,12.95,0.00,3.85,0.00,0.00,0.00,0.00
94,patnt,PJ2,Intn1,115,0.00,0.00,87.08,12.63,0.71,0.40,0.00,0.00,0.00,12.57,0.00,3.93,0.00,0.00,0.00,0.00
94,patnt,PJ2,Intn1,125,0.00,0.00,83.30,12.26,0.69,0.38,0.00,0.00,0.00,12.01,0.00,3.94,0.00,0.00,0.00,0.00
94,patnt,PJ2,Intn1,135,0.00,0.00,78.27,11.84,0.67,0.36,0.00,0.00,0.00,11.33,0.00,3.88,0.00,0.00,0.00,0.00
94,patnt,PJ2,Intn1,145,0.00,0.00,72.37,11.39,0.64,0.34,0.00,0.00,0.00,10.57,0.00,3.78,0.00,0.00,0.00,0.00
94,patnt,PJ2,Intn1,155,0.00,0.00,65.94,10.90,0.61,0.32,0.00,0.00,0.00,9.78,0.00,3.64,0.00,0.00,0.00,0.00
94,patnt,PJ2,Intn1,165,0.00,0.00,59.29,10.39,0.58,0.30,0.00,0.00,0.00,8.98,0.00,3.46,0.00,0.00,0.00,0.00
94,patnt,PJ2,Intn1,175,0.00,0.00,52.67,9.87,0.55,0.28,0.00,0.00,0.00,8.19,0.00,3.27,0.00,0.00,0.00,0.00
94,patnt,PJ2,Intn1,185,0.00,0.00,46.27,9.33,0.52,0.26,0.00,0.00,0.00,7.43,0.00,3.06,0.00,0.00,0.00,0.00
94,patnt,PJ2,Intn1,195,0.00,0.00,40.22,8.78,0.49,0.24,0.00,0.00,0.00,6.70,0.00,2.85,0.00,0.00,0.00,0.00
94,patnt,PJ2,Intn1,205,0.00,0.00,34.64,8.24,0.46,0.22,0.00,0.00,0.00,6.01,0.00,2.63,0.00,0.00,0.00,0.00
94,patnt,PJ2,Intn1,215,0.00,0.00,29.57,7.69,0.43,0.20,0.00,0.00,0.00,5.37,0.00,2.41,0.00,0.00,0.00,0.00
94,patnt,PJ2,Intn1,225,0.00,0.00,25.04,7.15,0.40,0.18,0.00,0.00,0.00,4.78,0.00,2.20,0.00,0.00,0.00,0.00
94,patnt,PJ2,Intn1,235,0.00,0.00,21.03,6.62,0.37,0.16,0.00,0.00,0.00,4.23,0.00,2.00,0.00,0.00,0.00,0.00
94,patnt,PJ2,Intn1,245,0.00,0.00,17.54,6.11,0.34,0.14,0.00,0.00,0.00,3.73,0.00,1.80,0.00,0.00,0.00,0.00
94,patnt,PJ2,Intn1,255,0.00,0.00,14.53,5.61,0.31,0.13,0.00,0.00,0.00,3.27,0.00,1.62,0.00,0.00,0.00,0.00
97,3e,SP1,Prsnt,5,0.00,0.00,0.00,0.00,0.00,0.00,0.00,0.00,0.00,0.00,0.00,0.00,0.00,0.00,0.00,0.00
97,3e,SP1,Prsnt,15,0.00,0.00,0.22,0.62,0.03,0.05,0.04,0.04,0.00,0.08,0.00,0.02,0.00,0.00,0.00,0.00
97,3e,SP1,Prsnt,25,0.00,0.00,1.15,4.05,0.17,0.32,0.14,0.14,0.00,0.51,0.00,0.14,0.00,0.00,0.00,0.00
97,3e,SP1,Prsnt,35,0.00,0.00,3.26,11.63,0.44,0.91,0.28,0.28,0.00,1.62,0.00,0.45,0.00,0.00,0.00,0.00
97,3e,SP1,Prsnt,45,0.00,0.00,6.82,22.07,0.82,1.68,0.47,0.47,0.00,3.63,0.00,1.04,0.00,0.00,0.00,0.00
97,3e,SP1,Prsnt,55,0.00,0.00,11.54,32.98,1.24,2.47,0.67,0.67,0.00,6.38,0.00,1.90,0.00,0.00,0.00,0.00
97,3e,SP1,Prsnt,65,0.00,0.00,16.69,42.66,1.63,3.14,0.86,0.86,0.00,9.39,0.00,2.91,0.00,0.00,0.00,0.00
97,3e,SP1,Prsnt,75,0.00,0.00,21.50,50.50,1.95,3.66,1.00,1.00,0.00,12.16,0.00,3.95,0.00,0.00,0.00,0.00
97,3e,SP1,Prsnt,85,0.00,0.00,25.51,56.47,2.19,4.02,1.10,1.10,0.00,14.38,0.00,4.90,0.00,0.00,0.00,0.00
97,3e,SP1,Prsnt,95,0.00,0.00,28.47,60.75,2.36,4.26,1.16,1.16,0.00,15.95,0.00,5.71,0.00,0.00,0.00,0.00
97,3e,SP1,Prsnt,105,0.00,0.00,30.30,63.54,2.47,4.38,1.19,1.19,0.00,16.85,0.00,6.35,0.00,0.00,0.00,0.00
97,3e,SP1,Prsnt,115,0.00,0.00,31.01,64.99,2.53,4.39,1.18,1.18,0.00,17.16,0.00,6.79,0.00,0.00,0.00,0.00
97,3e,SP1,Prsnt,125,0.00,0.00,30.66,65.21,2.54,4.33,1.14,1.14,0.00,16.95,0.00,7.03,0.00,0.00,0.00,0.00
97,3e,SP1,Prsnt,135,0.00,0.00,29.41,64.30,2.51,4.18,1.08,1.08,0.00,16.32,0.00,7.07,0.00,0.00,0.00,0.00
97,3e,SP1,Prsnt,145,0.00,0.00,27.44,62.40,2.43,3.98,1.01,1.01,0.00,15.37,0.00,6.95,0.00,0.00,0.00,0.00
97,3e,SP1,Prsnt,155,0.00,0.00,24.96,59.64,2.32,3.73,0.92,0.92,0.00,14.19,0.00,6.68,0.00,0.00,0.00,0.00
97,3e,SP1,Prsnt,165,0.00,0.00,22.17,56.18,2.19,3.44,0.83,0.83,0.00,12.87,0.00,6.28,0.00,0.00,0.00,0.00
97,3e,SP1,Prsnt,175,0.00,0.00,19.27,52.19,2.03,3.13,0.73,0.73,0.00,11.49,0.00,5.80,0.00,0.00,0.00,0.00
97,3e,SP1,Prsnt,185,0.00,0.00,16.41,47.83,1.86,2.80,0.63,0.63,0.00,10.10,0.00,5.27,0.00,0.00,0.00,0.00
97,3e,SP1,Prsnt,195,0.00,0.00,13.70,43.26,1.69,2.48,0.54,0.54,0.00,8.75,0.00,4.71,0.00,0.00,0.00,0.00
97,3e,SP1,Prsnt,205,0.00,0.00,11.24,38.63,1.51,2.16,0.45,0.45,0.00,7.48,0.00,4.14,0.00,0.00,0.00,0.00
97,3e,SP1,Prsnt,215,0.00,0.00,9.06,34.07,1.33,1.87,0.37,0.37,0.00,6.31,0.00,3.59,0.00,0.00,0.00,0.00
97,3e,SP1,Prsnt,225,0.00,0.00,7.19,29.68,1.16,1.59,0.31,0.31,0.00,5.26,0.00,3.07,0.00,0.00,0.00,0.00
97,3e,SP1,Prsnt,235,0.00,0.00,5.61,25.55,0.99,1.34,0.24,0.24,0.00,4.33,0.00,2.59,0.00,0.00,0.00,0.00
97,3e,SP1,Prsnt,245,0.00,0.00,4.32,21.74,0.85,1.11,0.19,0.19,0.00,3.52,0.00,2.15,0.00,0.00,0.00,0.00
97,3e,SP1,Prsnt,255,0.00,0.00,3.27,18.28,0.71,0.91,0.15,0.15,0.00,2.82,0.00,1.77,0.00,0.00,0.00,0.00
98,patnt,SP1,Prsnt,5,0.00,0.00,0.00,0.00,0.00,0.00,0.00,0.00,0.00,0.00,0.00,0.00,0.00,0.00,0.00,0.00
98,patnt,SP1,Prsnt,15,0.00,0.00,0.28,0.76,0.04,0.07,0.06,0.06,0.00,0.11,0.00,0.03,0.00,0.00,0.00,0.00
98,patnt,SP1,Prsnt,25,0.00,0.00,1.38,4.71,0.20,0.45,0.17,0.17,0.00,0.67,0.00,0.17,0.00,0.00,0.00,0.00
98,patnt,SP1,Prsnt,35,0.00,0.00,3.71,12.80,0.50,1.21,0.32,0.32,0.00,2.01,0.00,0.52,0.00,0.00,0.00,0.00
98,patnt,SP1,Prsnt,45,0.00,0.00,7.38,23.08,0.89,2.13,0.51,0.51,0.00,4.28,0.00,1.13,0.00,0.00,0.00,0.00
98,patnt,SP1,Prsnt,55,0.00,0.00,11.91,32.88,1.28,2.97,0.69,0.69,0.00,7.18,0.00,1.96,0.00,0.00,0.00,0.00
98,patnt,SP1,Prsnt,65,0.00,0.00,16.48,40.72,1.61,3.62,0.85,0.85,0.00,10.12,0.00,2.88,0.00,0.00,0.00,0.00
98,patnt,SP1,Prsnt,75,0.00,0.00,20.42,46.35,1.85,4.05,0.95,0.95,0.00,12.59,0.00,3.75,0.00,0.00,0.00,0.00
98,patnt,SP1,Prsnt,85,0.00,0.00,23.39,50.05,2.01,4.31,1.01,1.01,0.00,14.39,0.00,4.49,0.00,0.00,0.00,0.00
98,patnt,SP1,Prsnt,95,0.00,0.00,25.32,52.22,2.10,4.42,1.03,1.03,0.00,15.47,0.00,5.08,0.00,0.00,0.00,0.00
98,patnt,SP1,Prsnt,105,0.00,0.00,26.24,53.20,2.14,4.42,1.03,1.03,0.00,15.92,0.00,5.50,0.00,0.00,0.00,0.00
98,patnt,SP1,Prsnt,115,0.00,0.00,26.26,53.21,2.14,4.34,1.00,1.00,0.00,15.86,0.00,5.75,0.00,0.00,0.00,0.00
98,patnt,SP1,Prsnt,125,0.00,0.00,25.50,52.43,2.11,4.20,0.95,0.95,0.00,15.38,0.00,5.84,0.00,0.00,0.00,0.00
98,patnt,SP1,Prsnt,135,0.00,0.00,24.12,50.97,2.05,4.00,0.89,0.89,0.00,14.60,0.00,5.80,0.00,0.00,0.00,0.00
98,patnt,SP1,Prsnt,145,0.00,0.00,22.28,48.97,1.97,3.77,0.82,0.82,0.00,13.61,0.00,5.64,0.00,0.00,0.00,0.00
98,patnt,SP1,Prsnt,155,0.00,0.00,20.14,46.52,1.87,3.51,0.74,0.74,0.00,12.49,0.00,5.39,0.00,0.00,0.00,0.00
98,patnt,SP1,Prsnt,165,0.00,0.00,17.85,43.72,1.76,3.23,0.66,0.66,0.00,11.30,0.00,5.06,0.00,0.00,0.00,0.00
98,patnt,SP1,Prsnt,175,0.00,0.00,15.54,40.69,1.64,2.94,0.59,0.59,0.00,10.11,0.00,4.68,0.00,0.00,0.00,0.00
98,patnt,SP1,Prsnt,185,0.00,0.00,13.31,37.51,1.51,2.65,0.51,0.51,0.00,8.94,0.00,4.27,0.00,0.00,0.00,0.00
98,patnt,SP1,Prsnt,195,0.00,0.00,11.23,34.26,1.38,2.37,0.44,0.44,0.00,7.82,0.00,3.86,0.00,0.00,0.00,0.00
98,patnt,SP1,Prsnt,205,0.00,0.00,9.34,31.02,1.25,2.10,0.38,0.38,0.00,6.78,0.00,3.44,0.00,0.00,0.00,0.00
98,patnt,SP1,Prsnt,215,0.00,0.00,7.66,27.85,1.12,1.84,0.32,0.32,0.00,5.82,0.00,3.03,0.00,0.00,0.00,0.00
98,patnt,SP1,Prsnt,225,0.00,0.00,6.21,24.79,1.00,1.60,0.26,0.26,0.00,4.96,0.00,2.65,0.00,0.00,0.00,0.00
98,patnt,SP1,Prsnt,235,0.00,0.00,4.97,21.90,0.88,1.38,0.22,0.22,0.00,4.18,0.00,2.29,0.00,0.00,0.00,0.00
98,patnt,SP1,Prsnt,245,0.00,0.00,3.94,19.19,0.77,1.18,0.18,0.18,0.00,3.50,0.00,1.97,0.00,0.00,0.00,0.00
98,patnt,SP1,Prsnt,255,0.00,0.00,3.09,16.69,0.67,1.00,0.14,0.14,0.00,2.91,0.00,1.67,0.00,0.00,0.00,0.00
99,3e,SP1,Exten,5,0.00,0.00,0.00,0.00,0.00,0.00,0.00,0.00,0.00,0.00,0.00,0.00,0.00,0.00,0.00,0.00
99,3e,SP1,Exten,15,0.00,0.00,0.22,0.62,0.01,0.05,0.00,0.04,0.00,0.09,0.00,0.02,0.00,0.00,0.00,0.00
99,3e,SP1,Exten,25,0.00,0.00,1.12,3.95,0.08,0.37,0.00,0.13,0.00,0.58,0.00,0.11,0.00,0.00,0.00,0.00
99,3e,SP1,Exten,35,0.00,0.00,3.14,11.21,0.21,1.02,0.00,0.27,0.00,1.85,0.00,0.37,0.00,0.00,0.00,0.00
99,3e,SP1,Exten,45,0.00,0.00,6.54,21.19,0.39,1.89,0.00,0.45,0.00,4.12,0.00,0.86,0.00,0.00,0.00,0.00
99,3e,SP1,Exten,55,0.00,0.00,11.04,31.55,0.59,2.75,0.00,0.64,0.00,7.21,0.00,1.56,0.00,0.00,0.00,0.00
99,3e,SP1,Exten,65,0.00,0.00,15.92,40.71,0.78,3.49,0.00,0.82,0.00,10.59,0.00,2.38,0.00,0.00,0.00,0.00
99,3e,SP1,Exten,75,0.00,0.00,20.48,48.09,0.93,4.06,0.00,0.95,0.00,13.68,0.00,3.22,0.00,0.00,0.00,0.00
99,3e,SP1,Exten,85,0.00,0.00,24.25,53.69,1.04,4.47,0.00,1.05,0.00,16.16,0.00,3.99,0.00,0.00,0.00,0.00
99,3e,SP1,Exten,95,0.00,0.00,27.04,57.70,1.12,4.72,0.00,1.10,0.00,17.90,0.00,4.65,0.00,0.00,0.00,0.00
99,3e,SP1,Exten,105,0.00,0.00,28.76,60.32,1.17,4.85,0.00,1.13,0.00,18.91,0.00,5.16,0.00,0.00,0.00,0.00
99,3e,SP1,Exten,115,0.00,0.00,29.42,61.66,1.20,4.86,0.00,1.12,0.00,19.24,0.00,5.52,0.00,0.00,0.00,0.00
99,3e,SP1,Exten,125,0.00,0.00,29.09,61.86,1.20,4.79,0.00,1.08,0.00,19.00,0.00,5.71,0.00,0.00,0.00,0.00
99,3e,SP1,Exten,135,0.00,0.00,27.90,60.99,1.19,4.63,0.00,1.03,0.00,18.30,0.00,5.75,0.00,0.00,0.00,0.00
99,3e,SP1,Exten,145,0.00,0.00,26.03,59.19,1.15,4.40,0.00,0.96,0.00,17.23,0.00,5.65,0.00,0.00,0.00,0.00
99,3e,SP1,Exten,155,0.00,0.00,23.68,56.57,1.10,4.12,0.00,0.87,0.00,15.91,0.00,5.43,0.00,0.00,0.00,0.00
99,3e,SP1,Exten,165,0.00,0.00,21.04,53.29,1.04,3.80,0.00,0.78,0.00,14.43,0.00,5.11,0.00,0.00,0.00,0.00
99,3e,SP1,Exten,175,0.00,0.00,18.28,49.51,0.96,3.46,0.00,0.69,0.00,12.88,0.00,4.72,0.00,0.00,0.00,0.00
99,3e,SP1,Exten,185,0.00,0.00,15.57,45.38,0.88,3.10,0.00,0.60,0.00,11.32,0.00,4.28,0.00,0.00,0.00,0.00
99,3e,SP1,Exten,195,0.00,0.00,13.00,41.05,0.80,2.75,0.00,0.51,0.00,9.81,0.00,3.83,0.00,0.00,0.00,0.00
99,3e,SP1,Exten,205,0.00,0.00,10.67,36.66,0.71,2.40,0.00,0.43,0.00,8.39,0.00,3.37,0.00,0.00,0.00,0.00
99,3e,SP1,Exten,215,0.00,0.00,8.60,32.33,0.63,2.07,0.00,0.35,0.00,7.08,0.00,2.92,0.00,0.00,0.00,0.00
99,3e,SP1,Exten,225,0.00,0.00,6.82,28.17,0.55,1.76,0.00,0.29,0.00,5.90,0.00,2.49,0.00,0.00,0.00,0.00
99,3e,SP1,Exten,235,0.00,0.00,5.33,24.25,0.47,1.48,0.00,0.23,0.00,4.85,0.00,2.10,0.00,0.00,0.00,0.00
99,3e,SP1,Exten,245,0.00,0.00,4.10,20.63,0.40,1.23,0.00,0.18,0.00,3.94,0.00,1.75,0.00,0.00,0.00,0.00
99,3e,SP1,Exten,255,0.00,0.00,3.11,17.35,0.33,1.01,0.00,0.14,0.00,3.17,0.00,1.44,0.00,0.00,0.00,0.00
100,patnt,SP1,Exten,5,0.00,0.00,0.00,0.00,0.00,0.00,0.00,0.00,0.00,0.00,0.00,0.00,0.00,0.00,0.00,0.00
100,patnt,SP1,Exten,15,0.00,0.00,0.28,0.76,0.04,0.07,0.06,0.06,0.00,0.11,0.00,0.03,0.00,0.00,0.00,0.00
100,patnt,SP1,Exten,25,0.00,0.00,1.38,4.71,0.20,0.45,0.17,0.17,0.00,0.67,0.00,0.17,0.00,0.00,0.00,0.00
100,patnt,SP1,Exten,35,0.00,0.00,3.71,12.80,0.50,1.21,0.32,0.32,0.00,2.01,0.00,0.52,0.00,0.00,0.00,0.00
100,patnt,SP1,Exten,45,0.00,0.00,7.38,23.08,0.89,2.13,0.51,0.51,0.00,4.28,0.00,1.13,0.00,0.00,0.00,0.00
100,patnt,SP1,Exten,55,0.00,0.00,11.91,32.88,1.28,2.97,0.69,0.69,0.00,7.18,0.00,1.96,0.00,0.00,0.00,0.00
100,patnt,SP1,Exten,65,0.00,0.00,16.48,40.72,1.61,3.62,0.85,0.85,0.00,10.12,0.00,2.88,0.00,0.00,0.00,0.00
100,patnt,SP1,Exten,75,0.00,0.00,20.42,46.35,1.85,4.05,0.95,0.95,0.00,12.59,0.00,3.75,0.00,0.00,0.00,0.00
100,patnt,SP1,Exten,85,0.00,0.00,23.39,50.05,2.01,4.31,1.01,1.01,0.00,14.39,0.00,4.49,0.00,0.00,0.00,0.00
100,patnt,SP1,Exten,95,0.00,0.00,25.32,52.22,2.10,4.42,1.03,1.03,0.00,15.47,0.00,5.08,0.00,0.00,0.00,0.00
100,patnt,SP1,Exten,105,0.00,0.00,26.24,53.20,2.14,4.42,1.03,1.03,0.00,15.92,0.00,5.50,0.00,0.00,0.00,0.00
100,patnt,SP1,Exten,115,0.00,0.00,26.26,53.21,2.14,4.34,1.00,1.00,0.00,15.86,0.00,5.75,0.00,0.00,0.00,0.00
100,patnt,SP1,Exten,125,0.00,0.00,25.50,52.43,2.11,4.20,0.95,0.95,0.00,15.38,0.00,5.84,0.00,0.00,0.00,0.00
100,patnt,SP1,Exten,135,0.00,0.00,24.12,50.97,2.05,4.00,0.89,0.89,0.00,14.60,0.00,5.80,0.00,0.00,0.00,0.00
100,patnt,SP1,Exten,145,0.00,0.00,22.28,48.97,1.97,3.77,0.82,0.82,0.00,13.61,0.00,5.64,0.00,0.00,0.00,0.00
100,patnt,SP1,Exten,155,0.00,0.00,20.14,46.52,1.87,3.51,0.74,0.74,0.00,12.49,0.00,5.39,0.00,0.00,0.00,0.00
100,patnt,SP1,Exten,165,0.00,0.00,17.85,43.72,1.76,3.23,0.66,0.66,0.00,11.30,0.00,5.06,0.00,0.00,0.00,0.00
100,patnt,SP1,Exten,175,0.00,0.00,15.54,40.69,1.64,2.94,0.59,0.59,0.00,10.11,0.00,4.68,0.00,0.00,0.00,0.00
100,patnt,SP1,Exten,185,0.00,0.00,13.31,37.51,1.51,2.65,0.51,0.51,0.00,8.94,0.00,4.27,0.00,0.00,0.00,0.00
100,patnt,SP1,Exten,195,0.00,0.00,11.23,34.26,1.38,2.37,0.44,0.44,0.00,7.82,0.00,3.86,0.00,0.00,0.00,0.00
100,patnt,SP1,Exten,205,0.00,0.00,9.34,31.02,1.25,2.10,0.38,0.38,0.00,6.78,0.00,3.44,0.00,0.00,0.00,0.00
100,patnt,SP1,Exten,215,0.00,0.00,7.66,27.85,1.12,1.84,0.32,0.32,0.00,5.82,0.00,3.03,0.00,0.00,0.00,0.00
100,patnt,SP1,Exten,225,0.00,0.00,6.21,24.79,1.00,1.60,0.26,0.26,0.00,4.96,0.00,2.65,0.00,0.00,0.00,0.00
100,patnt,SP1,Exten,235,0.00,0.00,4.97,21.90,0.88,1.38,0.22,0.22,0.00,4.18,0.00,2.29,0.00,0.00,0.00,0.00
100,patnt,SP1,Exten,245,0.00,0.00,3.94,19.19,0.77,1.18,0.18,0.18,0.00,3.50,0.00,1.97,0.00,0.00,0.00,0.00
100,patnt,SP1,Exten,255,0.00,0.00,3.09,16.69,0.67,1.00,0.14,0.14,0.00,2.91,0.00,1.67,0.00,0.00,0.00,0.00
101,3e,SP1,Basc1,5,0.00,0.00,0.00,0.00,0.00,0.00,0.00,0.00,0.00,0.00,0.00,0.00,0.00,0.00,0.00,0.00
101,3e,SP1,Basc1,15,0.00,0.00,0.22,0.62,0.03,0.05,0.04,0.04,0.00,0.08,0.00,0.02,0.00,0.00,0.00,0.00
101,3e,SP1,Basc1,25,0.00,0.00,1.15,4.05,0.17,0.32,0.14,0.14,0.00,0.51,0.00,0.14,0.00,0.00,0.00,0.00
101,3e,SP1,Basc1,35,0.00,0.00,3.26,11.63,0.44,0.91,0.28,0.28,0.00,1.62,0.00,0.45,0.00,0.00,0.00,0.00
101,3e,SP1,Basc1,45,0.00,0.00,6.82,22.07,0.82,1.68,0.47,0.47,0.00,3.63,0.00,1.04,0.00,0.00,0.00,0.00
101,3e,SP1,Basc1,55,0.00,0.00,11.54,32.98,1.24,2.47,0.67,0.67,0.00,6.38,0.00,1.90,0.00,0.00,0.00,0.00
101,3e,SP1,Basc1,65,0.00,0.00,16.69,42.66,1.63,3.14,0.86,0.86,0.00,9.39,0.00,2.91,0.00,0.00,0.00,0.00
101,3e,SP1,Basc1,75,0.00,0.00,21.50,50.50,1.95,3.66,1.00,1.00,0.00,12.16,0.00,3.95,0.00,0.00,0.00,0.00
101,3e,SP1,Basc1,85,0.00,0.00,25.51,56.47,2.19,4.02,1.10,1.10,0.00,14.38,0.00,4.90,0.00,0.00,0.00,0.00
101,3e,SP1,Basc1,95,0.00,0.00,28.47,60.75,2.36,4.26,1.16,1.16,0.00,15.95,0.00,5.71,0.00,0.00,0.00,0.00
101,3e,SP1,Basc1,105,0.00,0.00,30.30,63.54,2.47,4.38,1.19,1.19,0.00,16.85,0.00,6.35,0.00,0.00,0.00,0.00
101,3e,SP1,Basc1,115,0.00,0.00,31.01,64.99,2.53,4.39,1.18,1.18,0.00,17.16,0.00,6.79,0.00,0.00,0.00,0.00
101,3e,SP1,Basc1,125,0.00,0.00,30.66,65.21,2.54,4.33,1.14,1.14,0.00,16.95,0.00,7.03,0.00,0.00,0.00,0.00
101,3e,SP1,Basc1,135,0.00,0.00,29.41,64.30,2.51,4.18,1.08,1.08,0.00,16.32,0.00,7.07,0.00,0.00,0.00,0.00
101,3e,SP1,Basc1,145,0.00,0.00,27.44,62.40,2.43,3.98,1.01,1.01,0.00,15.37,0.00,6.95,0.00,0.00,0.00,0.00
101,3e,SP1,Basc1,155,0.00,0.00,24.96,59.64,2.32,3.73,0.92,0.92,0.00,14.19,0.00,6.68,0.00,0.00,0.00,0.00
101,3e,SP1,Basc1,165,0.00,0.00,22.17,56.18,2.19,3.44,0.83,0.83,0.00,12.87,0.00,6.28,0.00,0.00,0.00,0.00
101,3e,SP1,Basc1,175,0.00,0.00,19.27,52.19,2.03,3.13,0.73,0.73,0.00,11.49,0.00,5.80,0.00,0.00,0.00,0.00
101,3e,SP1,Basc1,185,0.00,0.00,16.41,47.83,1.86,2.80,0.63,0.63,0.00,10.10,0.00,5.27,0.00,0.00,0.00,0.00
101,3e,SP1,Basc1,195,0.00,0.00,13.70,43.26,1.69,2.48,0.54,0.54,0.00,8.75,0.00,4.71,0.00,0.00,0.00,0.00
101,3e,SP1,Basc1,205,0.00,0.00,11.24,38.63,1.51,2.16,0.45,0.45,0.00,7.48,0.00,4.14,0.00,0.00,0.00,0.00
101,3e,SP1,Basc1,215,0.00,0.00,9.06,34.07,1.33,1.87,0.37,0.37,0.00,6.31,0.00,3.59,0.00,0.00,0.00,0.00
101,3e,SP1,Basc1,225,0.00,0.00,7.19,29.68,1.16,1.59,0.31,0.31,0.00,5.26,0.00,3.07,0.00,0.00,0.00,0.00
101,3e,SP1,Basc1,235,0.00,0.00,5.61,25.55,0.99,1.34,0.24,0.24,0.00,4.33,0.00,2.59,0.00,0.00,0.00,0.00
101,3e,SP1,Basc1,245,0.00,0.00,4.32,21.74,0.85,1.11,0.19,0.19,0.00,3.52,0.00,2.15,0.00,0.00,0.00,0.00
101,3e,SP1,Basc1,255,0.00,0.00,3.27,18.28,0.71,0.91,0.15,0.15,0.00,2.82,0.00,1.77,0.00,0.00,0.00,0.00
102,patnt,SP1,Basc1,5,0.00,0.00,0.00,0.00,0.00,0.00,0.00,0.00,0.00,0.00,0.00,0.00,0.00,0.00,0.00,0.00
102,patnt,SP1,Basc1,15,0.00,0.00,0.28,0.76,0.04,0.07,0.06,0.06,0.00,0.11,0.00,0.03,0.00,0.00,0.00,0.00
102,patnt,SP1,Basc1,25,0.00,0.00,1.38,4.71,0.20,0.45,0.17,0.17,0.00,0.67,0.00,0.17,0.00,0.00,0.00,0.00
102,patnt,SP1,Basc1,35,0.00,0.00,3.71,12.80,0.50,1.21,0.32,0.32,0.00,2.01,0.00,0.52,0.00,0.00,0.00,0.00
102,patnt,SP1,Basc1,45,0.00,0.00,7.38,23.08,0.89,2.13,0.51,0.51,0.00,4.28,0.00,1.13,0.00,0.00,0.00,0.00
102,patnt,SP1,Basc1,55,0.00,0.00,11.91,32.88,1.28,2.97,0.69,0.69,0.00,7.18,0.00,1.96,0.00,0.00,0.00,0.00
102,patnt,SP1,Basc1,65,0.00,0.00,16.48,40.72,1.61,3.62,0.85,0.85,0.00,10.12,0.00,2.88,0.00,0.00,0.00,0.00
102,patnt,SP1,Basc1,75,0.00,0.00,20.42,46.35,1.85,4.05,0.95,0.95,0.00,12.59,0.00,3.75,0.00,0.00,0.00,0.00
102,patnt,SP1,Basc1,85,0.00,0.00,23.39,50.05,2.01,4.31,1.01,1.01,0.00,14.39,0.00,4.49,0.00,0.00,0.00,0.00
102,patnt,SP1,Basc1,95,0.00,0.00,25.32,52.22,2.10,4.42,1.03,1.03,0.00,15.47,0.00,5.08,0.00,0.00,0.00,0.00
102,patnt,SP1,Basc1,105,0.00,0.00,26.24,53.20,2.14,4.42,1.03,1.03,0.00,15.92,0.00,5.50,0.00,0.00,0.00,0.00
102,patnt,SP1,Basc1,115,0.00,0.00,26.26,53.21,2.14,4.34,1.00,1.00,0.00,15.86,0.00,5.75,0.00,0.00,0.00,0.00
102,patnt,SP1,Basc1,125,0.00,0.00,25.50,52.43,2.11,4.20,0.95,0.95,0.00,15.38,0.00,5.84,0.00,0.00,0.00,0.00
102,patnt,SP1,Basc1,135,0.00,0.00,24.12,50.97,2.05,4.00,0.89,0.89,0.00,14.60,0.00,5.80,0.00,0.00,0.00,0.00
102,patnt,SP1,Basc1,145,0.00,0.00,22.28,48.97,1.97,3.77,0.82,0.82,0.00,13.61,0.00,5.64,0.00,0.00,0.00,0.00
102,patnt,SP1,Basc1,155,0.00,0.00,20.14,46.52,1.87,3.51,0.74,0.74,0.00,12.49,0.00,5.39,0.00,0.00,0.00,0.00
102,patnt,SP1,Basc1,165,0.00,0.00,17.85,43.72,1.76,3.23,0.66,0.66,0.00,11.30,0.00,5.06,0.00,0.00,0.00,0.00
102,patnt,SP1,Basc1,175,0.00,0.00,15.54,40.69,1.64,2.94,0.59,0.59,0.00,10.11,0.00,4.68,0.00,0.00,0.00,0.00
102,patnt,SP1,Basc1,185,0.00,0.00,13.31,37.51,1.51,2.65,0.51,0.51,0.00,8.94,0.00,4.27,0.00,0.00,0.00,0.00
102,patnt,SP1,Basc1,195,0.00,0.00,11.23,34.26,1.38,2.37,0.44,0.44,0.00,7.82,0.00,3.86,0.00,0.00,0.00,0.00
102,patnt,SP1,Basc1,205,0.00,0.00,9.34,31.02,1.25,2.10,0.38,0.38,0.00,6.78,0.00,3.44,0.00,0.00,0.00,0.00
102,patnt,SP1,Basc1,215,0.00,0.00,7.66,27.85,1.12,1.84,0.32,0.32,0.00,5.82,0.00,3.03,0.00,0.00,0.00,0.00
102,patnt,SP1,Basc1,225,0.00,0.00,6.21,24.79,1.00,1.60,0.26,0.26,0.00,4.96,0.00,2.65,0.00,0.00,0.00,0.00
102,patnt,SP1,Basc1,235,0.00,0.00,4.97,21.90,0.88,1.38,0.22,0.22,0.00,4.18,0.00,2.29,0.00,0.00,0.00,0.00
102,patnt,SP1,Basc1,245,0.00,0.00,3.94,19.19,0.77,1.18,0.18,0.18,0.00,3.50,0.00,1.97,0.00,0.00,0.00,0.00
102,patnt,SP1,Basc1,255,0.00,0.00,3.09,16.69,0.67,1.00,0.14,0.14,0.00,2.91,0.00,1.67,0.00,0.00,0.00,0.00
103,3e,SP1,Basc2,5,0.00,0.00,0.00,0.00,0.00,0.00,0.00,0.00,0.00,0.00,0.00,0.00,0.00,0.00,0.00,0.00
103,3e,SP1,Basc2,15,0.00,0.00,0.22,0.62,0.03,0.05,0.04,0.04,0.00,0.08,0.00,0.02,0.00,0.00,0.00,0.00
103,3e,SP1,Basc2,25,0.00,0.00,1.15,4.05,0.17,0.32,0.14,0.14,0.00,0.51,0.00,0.14,0.00,0.00,0.00,0.00
103,3e,SP1,Basc2,35,0.00,0.00,3.26,11.63,0.44,0.91,0.28,0.28,0.00,1.62,0.00,0.45,0.00,0.00,0.00,0.00
103,3e,SP1,Basc2,45,0.00,0.00,6.82,22.07,0.82,1.68,0.47,0.47,0.00,3.63,0.00,1.04,0.00,0.00,0.00,0.00
103,3e,SP1,Basc2,55,0.00,0.00,11.54,32.98,1.24,2.47,0.67,0.67,0.00,6.38,0.00,1.90,0.00,0.00,0.00,0.00
103,3e,SP1,Basc2,65,0.00,0.00,16.69,42.66,1.63,3.14,0.86,0.86,0.00,9.39,0.00,2.91,0.00,0.00,0.00,0.00
103,3e,SP1,Basc2,75,0.00,0.00,21.50,50.50,1.95,3.66,1.00,1.00,0.00,12.16,0.00,3.95,0.00,0.00,0.00,0.00
103,3e,SP1,Basc2,85,0.00,0.00,25.51,56.47,2.19,4.02,1.10,1.10,0.00,14.38,0.00,4.90,0.00,0.00,0.00,0.00
103,3e,SP1,Basc2,95,0.00,0.00,28.47,60.75,2.36,4.26,1.16,1.16,0.00,15.95,0.00,5.71,0.00,0.00,0.00,0.00
103,3e,SP1,Basc2,105,0.00,0.00,30.30,63.54,2.47,4.38,1.19,1.19,0.00,16.85,0.00,6.35,0.00,0.00,0.00,0.00
103,3e,SP1,Basc2,115,0.00,0.00,31.01,64.99,2.53,4.39,1.18,1.18,0.00,17.16,0.00,6.79,0.00,0.00,0.00,0.00
103,3e,SP1,Basc2,125,0.00,0.00,30.66,65.21,2.54,4.33,1.14,1.14,0.00,16.95,0.00,7.03,0.00,0.00,0.00,0.00
103,3e,SP1,Basc2,135,0.00,0.00,29.41,64.30,2.51,4.18,1.08,1.08,0.00,16.32,0.00,7.07,0.00,0.00,0.00,0.00
103,3e,SP1,Basc2,145,0.00,0.00,27.44,62.40,2.43,3.98,1.01,1.01,0.00,15.37,0.00,6.95,0.00,0.00,0.00,0.00
103,3e,SP1,Basc2,155,0.00,0.00,24.96,59.64,2.32,3.73,0.92,0.92,0.00,14.19,0.00,6.68,0.00,0.00,0.00,0.00
103,3e,SP1,Basc2,165,0.00,0.00,22.17,56.18,2.19,3.44,0.83,0.83,0.00,12.87,0.00,6.28,0.00,0.00,0.00,0.00
103,3e,SP1,Basc2,175,0.00,0.00,19.27,52.19,2.03,3.13,0.73,0.73,0.00,11.49,0.00,5.80,0.00,0.00,0.00,0.00
103,3e,SP1,Basc2,185,0.00,0.00,16.41,47.83,1.86,2.80,0.63,0.63,0.00,10.10,0.00,5.27,0.00,0.00,0.00,0.00
103,3e,SP1,Basc2,195,0.00,0.00,13.70,43.26,1.69,2.48,0.54,0.54,0.00,8.75,0.00,4.71,0.00,0.00,0.00,0.00
103,3e,SP1,Basc2,205,0.00,0.00,11.24,38.63,1.51,2.16,0.45,0.45,0.00,7.48,0.00,4.14,0.00,0.00,0.00,0.00
103,3e,SP1,Basc2,215,0.00,0.00,9.06,34.07,1.33,1.87,0.37,0.37,0.00,6.31,0.00,3.59,0.00,0.00,0.00,0.00
103,3e,SP1,Basc2,225,0.00,0.00,7.19,29.68,1.16,1.59,0.31,0.31,0.00,5.26,0.00,3.07,0.00,0.00,0.00,0.00
103,3e,SP1,Basc2,235,0.00,0.00,5.61,25.55,0.99,1.34,0.24,0.24,0.00,4.33,0.00,2.59,0.00,0.00,0.00,0.00
103,3e,SP1,Basc2,245,0.00,0.00,4.32,21.74,0.85,1.11,0.19,0.19,0.00,3.52,0.00,2.15,0.00,0.00,0.00,0.00
103,3e,SP1,Basc2,255,0.00,0.00,3.27,18.28,0.71,0.91,0.15,0.15,0.00,2.82,0.00,1.77,0.00,0.00,0.00,0.00
104,patnt,SP1,Basc2,5,0.00,0.00,0.00,0.00,0.00,0.00,0.00,0.00,0.00,0.00,0.00,0.00,0.00,0.00,0.00,0.00
104,patnt,SP1,Basc2,15,0.00,0.00,0.28,0.76,0.04,0.07,0.06,0.06,0.00,0.11,0.00,0.03,0.00,0.00,0.00,0.00
104,patnt,SP1,Basc2,25,0.00,0.00,1.38,4.71,0.20,0.45,0.17,0.17,0.00,0.67,0.00,0.17,0.00,0.00,0.00,0.00
104,patnt,SP1,Basc2,35,0.00,0.00,3.71,12.80,0.50,1.21,0.32,0.32,0.00,2.01,0.00,0.52,0.00,0.00,0.00,0.00
104,patnt,SP1,Basc2,45,0.00,0.00,7.38,23.08,0.89,2.13,0.51,0.51,0.00,4.28,0.00,1.13,0.00,0.00,0.00,0.00
104,patnt,SP1,Basc2,55,0.00,0.00,11.91,32.88,1.28,2.97,0.69,0.69,0.00,7.18,0.00,1.96,0.00,0.00,0.00,0.00
104,patnt,SP1,Basc2,65,0.00,0.00,16.48,40.72,1.61,3.62,0.85,0.85,0.00,10.12,0.00,2.88,0.00,0.00,0.00,0.00
104,patnt,SP1,Basc2,75,0.00,0.00,20.42,46.35,1.85,4.05,0.95,0.95,0.00,12.59,0.00,3.75,0.00,0.00,0.00,0.00
104,patnt,SP1,Basc2,85,0.00,0.00,23.39,50.05,2.01,4.31,1.01,1.01,0.00,14.39,0.00,4.49,0.00,0.00,0.00,0.00
104,patnt,SP1,Basc2,95,0.00,0.00,25.32,52.22,2.10,4.42,1.03,1.03,0.00,15.47,0.00,5.08,0.00,0.00,0.00,0.00
104,patnt,SP1,Basc2,105,0.00,0.00,26.24,53.20,2.14,4.42,1.03,1.03,0.00,15.92,0.00,5.50,0.00,0.00,0.00,0.00
104,patnt,SP1,Basc2,115,0.00,0.00,26.26,53.21,2.14,4.34,1.00,1.00,0.00,15.86,0.00,5.75,0.00,0.00,0.00,0.00
104,patnt,SP1,Basc2,125,0.00,0.00,25.50,52.43,2.11,4.20,0.95,0.95,0.00,15.38,0.00,5.84,0.00,0.00,0.00,0.00
104,patnt,SP1,Basc2,135,0.00,0.00,24.12,50.97,2.05,4.00,0.89,0.89,0.00,14.60,0.00,5.80,0.00,0.00,0.00,0.00
104,patnt,SP1,Basc2,145,0.00,0.00,22.28,48.97,1.97,3.77,0.82,0.82,0.00,13.61,0.00,5.64,0.00,0.00,0.00,0.00
104,patnt,SP1,Basc2,155,0.00,0.00,20.14,46.52,1.87,3.51,0.74,0.74,0.00,12.49,0.00,5.39,0.00,0.00,0.00,0.00
104,patnt,SP1,Basc2,165,0.00,0.00,17.85,43.72,1.76,3.23,0.66,0.66,0.00,11.30,0.00,5.06,0.00,0.00,0.00,0.00
104,patnt,SP1,Basc2,175,0.00,0.00,15.54,40.69,1.64,2.94,0.59,0.59,0.00,10.11,0.00,4.68,0.00,0.00,0.00,0.00
104,patnt,SP1,Basc2,185,0.00,0.00,13.31,37.51,1.51,2.65,0.51,0.51,0.00,8.94,0.00,4.27,0.00,0.00,0.00,0.00
104,patnt,SP1,Basc2,195,0.00,0.00,11.23,34.26,1.38,2.37,0.44,0.44,0.00,7.82,0.00,3.86,0.00,0.00,0.00,0.00
104,patnt,SP1,Basc2,205,0.00,0.00,9.34,31.02,1.25,2.10,0.38,0.38,0.00,6.78,0.00,3.44,0.00,0.00,0.00,0.00
104,patnt,SP1,Basc2,215,0.00,0.00,7.66,27.85,1.12,1.84,0.32,0.32,0.00,5.82,0.00,3.03,0.00,0.00,0.00,0.00
104,patnt,SP1,Basc2,225,0.00,0.00,6.21,24.79,1.00,1.60,0.26,0.26,0.00,4.96,0.00,2.65,0.00,0.00,0.00,0.00
104,patnt,SP1,Basc2,235,0.00,0.00,4.97,21.90,0.88,1.38,0.22,0.22,0.00,4.18,0.00,2.29,0.00,0.00,0.00,0.00
104,patnt,SP1,Basc2,245,0.00,0.00,3.94,19.19,0.77,1.18,0.18,0.18,0.00,3.50,0.00,1.97,0.00,0.00,0.00,0.00
104,patnt,SP1,Basc2,255,0.00,0.00,3.09,16.69,0.67,1.00,0.14,0.14,0.00,2.91,0.00,1.67,0.00,0.00,0.00,0.00
105,3e,SP1,Intn1,5,0.00,0.00,0.00,0.00,0.00,0.00,0.00,0.00,0.00,0.00,0.00,0.00,0.00,0.00,0.00,0.00
105,3e,SP1,Intn1,15,0.00,0.00,0.30,0.66,0.02,0.09,0.00,0.00,0.00,0.12,0.00,0.02,0.00,0.00,0.00,0.00
105,3e,SP1,Intn1,25,0.00,0.00,1.49,4.12,0.09,0.60,0.00,0.00,0.00,0.72,0.00,0.13,0.00,0.00,0.00,0.00
105,3e,SP1,Intn1,35,0.00,0.00,4.15,11.63,0.24,1.65,0.00,0.00,0.00,2.25,0.00,0.42,0.00,0.00,0.00,0.00
105,3e,SP1,Intn1,45,0.00,0.00,8.59,21.84,0.44,3.03,0.00,0.00,0.00,4.99,0.00,0.96,0.00,0.00,0.00,0.00
105,3e,SP1,Intn1,55,0.00,0.00,14.40,32.33,0.66,4.40,0.00,0.00,0.00,8.69,0.00,1.74,0.00,0.00,0.00,0.00
105,3e,SP1,Intn1,65,0.00,0.00,20.66,41.49,0.86,5.55,0.00,0.00,0.00,12.68,0.00,2.65,0.00,0.00,0.00,0.00
105,3e,SP1,Intn1,75,0.00,0.00,26.45,48.81,1.03,6.43,0.00,0.00,0.00,16.32,0.00,3.57,0.00,0.00,0.00,0.00
105,3e,SP1,Intn1,85,0.00,0.00,31.23,54.32,1.15,7.04,0.00,0.00,0.00,19.21,0.00,4.41,0.00,0.00,0.00,0.00
105,3e,SP1,Intn1,95,0.00,0.00,34.73,58.23,1.23,7.42,0.00,0.00,0.00,21.22,0.00,5.12,0.00,0.00,0.00,0.00
105,3e,SP1,Intn1,105,0.00,0.00,36.87,60.76,1.29,7.61,0.00,0.00,0.00,22.38,0.00,5.67,0.00,0.00,0.00,0.00
105,3e,SP1,Intn1,115,0.00,0.00,37.66,62.03,1.31,7.63,0.00,0.00,0.00,22.74,0.00,6.06,0.00,0.00,0.00,0.00
105,3e,SP1,Intn1,125,0.00,0.00,37.20,62.15,1.32,7.50,0.00,0.00,0.00,22.43,0.00,6.26,0.00,0.00,0.00,0.00
105,3e,SP1,Intn1,135,0.00,0.00,35.65,61.23,1.30,7.25,0.00,0.00,0.00,21.58,0.00,6.30,0.00,0.00,0.00,0.00
105,3e,SP1,Intn1,145,0.00,0.00,33.24,59.38,1.26,6.89,0.00,0.00,0.00,20.31,0.00,6.18,0.00,0.00,0.00,0.00
105,3e,SP1,Intn1,155,0.00,0.00,30.22,56.73,1.20,6.45,0.00,0.00,0.00,18.74,0.00,5.94,0.00,0.00,0.00,0.00
105,3e,SP1,Intn1,165,0.00,0.00,26.84,53.43,1.13,5.95,0.00,0.00,0.00,17.00,0.00,5.59,0.00,0.00,0.00,0.00
105,3e,SP1,Intn1,175,0.00,0.00,23.32,49.62,1.05,5.41,0.00,0.00,0.00,15.16,0.00,5.16,0.00,0.00,0.00,0.00
105,3e,SP1,Intn1,185,0.00,0.00,19.86,45.47,0.96,4.85,0.00,0.00,0.00,13.33,0.00,4.68,0.00,0.00,0.00,0.00
105,3e,SP1,Intn1,195,0.00,0.00,16.58,41.12,0.87,4.29,0.00,0.00,0.00,11.55,0.00,4.18,0.00,0.00,0.00,0.00
105,3e,SP1,Intn1,205,0.00,0.00,13.60,36.72,0.78,3.75,0.00,0.00,0.00,9.87,0.00,3.68,0.00,0.00,0.00,0.00
105,3e,SP1,Intn1,215,0.00,0.00,10.96,32.38,0.69,3.23,0.00,0.00,0.00,8.33,0.00,3.19,0.00,0.00,0.00,0.00
105,3e,SP1,Intn1,225,0.00,0.00,8.70,28.21,0.60,2.75,0.00,0.00,0.00,6.94,0.00,2.72,0.00,0.00,0.00,0.00
105,3e,SP1,Intn1,235,0.00,0.00,6.79,24.29,0.51,2.31,0.00,0.00,0.00,5.71,0.00,2.30,0.00,0.00,0.00,0.00
105,3e,SP1,Intn1,245,0.00,0.00,5.22,20.66,0.44,1.92,0.00,0.00,0.00,4.64,0.00,1.91,0.00,0.00,0.00,0.00
105,3e,SP1,Intn1,255,0.00,0.00,3.96,17.37,0.37,1.58,0.00,0.00,0.00,3.73,0.00,1.57,0.00,0.00,0.00,0.00
106,patnt,SP1,Intn1,5,0.00,0.00,0.00,0.00,0.00,0.00,0.00,0.00,0.00,0.00,0.00,0.00,0.00,0.00,0.00,0.00
106,patnt,SP1,Intn1,15,0.00,0.00,0.28,0.76,0.04,0.07,0.06,0.06,0.00,0.11,0.00,0.03,0.00,0.00,0.00,0.00
106,patnt,SP1,Intn1,25,0.00,0.00,1.38,4.71,0.20,0.45,0.17,0.17,0.00,0.67,0.00,0.17,0.00,0.00,0.00,0.00
106,patnt,SP1,Intn1,35,0.00,0.00,3.71,12.80,0.50,1.21,0.32,0.32,0.00,2.01,0.00,0.52,0.00,0.00,0.00,0.00
106,patnt,SP1,Intn1,45,0.00,0.00,7.38,23.08,0.89,2.13,0.51,0.51,0.00,4.28,0.00,1.13,0.00,0.00,0.00,0.00
106,patnt,SP1,Intn1,55,0.00,0.00,11.91,32.88,1.28,2.97,0.69,0.69,0.00,7.18,0.00,1.96,0.00,0.00,0.00,0.00
106,patnt,SP1,Intn1,65,0.00,0.00,16.48,40.72,1.61,3.62,0.85,0.85,0.00,10.12,0.00,2.88,0.00,0.00,0.00,0.00
106,patnt,SP1,Intn1,75,0.00,0.00,20.42,46.35,1.85,4.05,0.95,0.95,0.00,12.59,0.00,3.75,0.00,0.00,0.00,0.00
106,patnt,SP1,Intn1,85,0.00,0.00,23.39,50.05,2.01,4.31,1.01,1.01,0.00,14.39,0.00,4.49,0.00,0.00,0.00,0.00
106,patnt,SP1,Intn1,95,0.00,0.00,25.32,52.22,2.10,4.42,1.03,1.03,0.00,15.47,0.00,5.08,0.00,0.00,0.00,0.00
106,patnt,SP1,Intn1,105,0.00,0.00,26.24,53.20,2.14,4.42,1.03,1.03,0.00,15.92,0.00,5.50,0.00,0.00,0.00,0.00
106,patnt,SP1,Intn1,115,0.00,0.00,26.26,53.21,2.14,4.34,1.00,1.00,0.00,15.86,0.00,5.75,0.00,0.00,0.00,0.00
106,patnt,SP1,Intn1,125,0.00,0.00,25.50,52.43,2.11,4.20,0.95,0.95,0.00,15.38,0.00,5.84,0.00,0.00,0.00,0.00
106,patnt,SP1,Intn1,135,0.00,0.00,24.12,50.97,2.05,4.00,0.89,0.89,0.00,14.60,0.00,5.80,0.00,0.00,0.00,0.00
106,patnt,SP1,Intn1,145,0.00,0.00,22.28,48.97,1.97,3.77,0.82,0.82,0.00,13.61,0.00,5.64,0.00,0.00,0.00,0.00
106,patnt,SP1,Intn1,155,0.00,0.00,20.14,46.52,1.87,3.51,0.74,0.74,0.00,12.49,0.00,5.39,0.00,0.00,0.00,0.00
106,patnt,SP1,Intn1,165,0.00,0.00,17.85,43.72,1.76,3.23,0.66,0.66,0.00,11.30,0.00,5.06,0.00,0.00,0.00,0.00
106,patnt,SP1,Intn1,175,0.00,0.00,15.54,40.69,1.64,2.94,0.59,0.59,0.00,10.11,0.00,4.68,0.00,0.00,0.00,0.00
106,patnt,SP1,Intn1,185,0.00,0.00,13.31,37.51,1.51,2.65,0.51,0.51,0.00,8.94,0.00,4.27,0.00,0.00,0.00,0.00
106,patnt,SP1,Intn1,195,0.00,0.00,11.23,34.26,1.38,2.37,0.44,0.44,0.00,7.82,0.00,3.86,0.00,0.00,0.00,0.00
106,patnt,SP1,Intn1,205,0.00,0.00,9.34,31.02,1.25,2.10,0.38,0.38,0.00,6.78,0.00,3.44,0.00,0.00,0.00,0.00
106,patnt,SP1,Intn1,215,0.00,0.00,7.66,27.85,1.12,1.84,0.32,0.32,0.00,5.82,0.00,3.03,0.00,0.00,0.00,0.00
106,patnt,SP1,Intn1,225,0.00,0.00,6.21,24.79,1.00,1.60,0.26,0.26,0.00,4.96,0.00,2.65,0.00,0.00,0.00,0.00
106,patnt,SP1,Intn1,235,0.00,0.00,4.97,21.90,0.88,1.38,0.22,0.22,0.00,4.18,0.00,2.29,0.00,0.00,0.00,0.00
106,patnt,SP1,Intn1,245,0.00,0.00,3.94,19.19,0.77,1.18,0.18,0.18,0.00,3.50,0.00,1.97,0.00,0.00,0.00,0.00
106,patnt,SP1,Intn1,255,0.00,0.00,3.09,16.69,0.67,1.00,0.14,0.14,0.00,2.91,0.00,1.67,0.00,0.00,0.00,0.00
109,3e,SF1,Prsnt,5,0.00,0.00,0.00,0.00,0.00,0.00,0.00,0.00,0.00,0.00,0.00,0.00,0.00,0.00,0.00,0.00
109,3e,SF1,Prsnt,15,0.00,0.00,4.96464579602221e-03,0.10,0.04,0.06,0.06,0.02,0.00,0.01,0.00,6.1796681335636e-03,0.00,0.00,0.00,0.00
109,3e,SF1,Prsnt,25,0.00,0.00,0.05,1.46,0.45,0.95,0.41,0.16,0.00,0.24,0.00,0.08,0.00,0.00,0.00,0.00
109,3e,SF1,Prsnt,35,0.00,0.00,0.22,6.04,1.67,3.84,1.20,0.48,0.00,1.12,0.00,0.38,0.00,0.00,0.00,0.00
109,3e,SF1,Prsnt,45,0.00,0.00,0.55,13.18,3.58,8.17,2.29,0.91,0.00,2.87,0.00,1.01,0.00,0.00,0.00,0.00
109,3e,SF1,Prsnt,55,0.00,0.00,0.94,20.06,5.53,12.18,3.34,1.33,0.00,5.15,0.00,1.87,0.00,0.00,0.00,0.00
109,3e,SF1,Prsnt,65,0.00,0.00,1.32,25.00,7.00,14.93,4.09,1.63,0.00,7.30,0.00,2.77,0.00,0.00,0.00,0.00
109,3e,SF1,Prsnt,75,0.00,0.00,1.61,28.09,7.94,16.51,4.54,1.81,0.00,8.97,0.00,3.56,0.00,0.00,0.00,0.00
109,3e,SF1,Prsnt,85,0.00,0.00,1.82,29.97,8.50,17.34,4.76,1.90,0.00,10.12,0.00,4.22,0.00,0.00,0.00,0.00
109,3e,SF1,Prsnt,95,0.00,0.00,1.97,31.10,8.84,17.69,4.84,1.93,0.00,10.83,0.00,4.74,0.00,0.00,0.00,0.00
109,3e,SF1,Prsnt,105,0.00,0.00,2.04,31.72,9.02,17.73,4.82,1.92,0.00,11.16,0.00,5.14,0.00,0.00,0.00,0.00
109,3e,SF1,Prsnt,115,0.00,0.00,2.05,31.91,9.08,17.51,4.71,1.88,0.00,11.18,0.00,5.40,0.00,0.00,0.00,0.00
109,3e,SF1,Prsnt,125,0.00,0.00,2.01,31.72,9.03,17.08,4.52,1.81,0.00,10.94,0.00,5.54,0.00,0.00,0.00,0.00
109,3e,SF1,Prsnt,135,0.00,0.00,1.92,31.18,8.88,16.46,4.28,1.71,0.00,10.50,0.00,5.56,0.00,0.00,0.00,0.00
109,3e,SF1,Prsnt,145,0.00,0.00,1.80,30.33,8.64,15.70,3.99,1.59,0.00,9.91,0.00,5.48,0.00,0.00,0.00,0.00
109,3e,SF1,Prsnt,155,0.00,0.00,1.65,29.23,8.32,14.82,3.68,1.47,0.00,9.22,0.00,5.30,0.00,0.00,0.00,0.00
109,3e,SF1,Prsnt,165,0.00,0.00,1.48,27.89,7.95,13.85,3.34,1.33,0.00,8.48,0.00,5.06,0.00,0.00,0.00,0.00
109,3e,SF1,Prsnt,175,0.00,0.00,1.31,26.38,7.52,12.83,3.00,1.20,0.00,7.70,0.00,4.76,0.00,0.00,0.00,0.00
109,3e,SF1,Prsnt,185,0.00,0.00,1.14,24.73,7.05,11.77,2.66,1.06,0.00,6.93,0.00,4.42,0.00,0.00,0.00,0.00
109,3e,SF1,Prsnt,195,0.00,0.00,0.98,22.99,6.55,10.70,2.34,0.93,0.00,6.17,0.00,4.06,0.00,0.00,0.00,0.00
109,3e,SF1,Prsnt,205,0.00,0.00,0.83,21.20,6.04,9.65,2.03,0.81,0.00,5.44,0.00,3.68,0.00,0.00,0.00,0.00
109,3e,SF1,Prsnt,215,0.00,0.00,0.69,19.38,5.53,8.63,1.74,0.69,0.00,4.76,0.00,3.31,0.00,0.00,0.00,0.00
109,3e,SF1,Prsnt,225,0.00,0.00,0.57,17.59,5.02,7.65,1.48,0.59,0.00,4.13,0.00,2.95,0.00,0.00,0.00,0.00
109,3e,SF1,Prsnt,235,0.00,0.00,0.47,15.83,4.52,6.73,1.25,0.50,0.00,3.55,0.00,2.60,0.00,0.00,0.00,0.00
109,3e,SF1,Prsnt,245,0.00,0.00,0.37,14.14,4.04,5.87,1.04,0.41,0.00,3.03,0.00,2.27,0.00,0.00,0.00,0.00
109,3e,SF1,Prsnt,255,0.00,0.00,0.30,12.54,3.58,5.08,0.86,0.34,0.00,2.57,0.00,1.97,0.00,0.00,0.00,0.00
110,patnt,SF1,Prsnt,5,0.00,0.00,0.00,0.00,0.00,0.00,0.00,0.00,0.00,0.00,0.00,0.00,0.00,0.00,0.00,0.00
110,patnt,SF1,Prsnt,15,0.00,0.00,0.00,0.13,0.03,0.07,0.07,0.05,0.00,0.01,0.00,4.00742355660075e-03,0.00,0.00,0.00,0.00
110,patnt,SF1,Prsnt,25,0.00,0.00,0.00,1.87,0.33,1.04,0.45,0.36,0.00,0.23,0.00,0.05,0.00,0.00,0.00,0.00
110,patnt,SF1,Prsnt,35,0.00,0.00,0.00,7.41,1.17,4.05,1.27,1.01,0.00,1.05,0.00,0.23,0.00,0.00,0.00,0.00
110,patnt,SF1,Prsnt,45,0.00,0.00,0.00,15.61,2.43,8.33,2.34,1.87,0.00,2.60,0.00,0.59,0.00,0.00,0.00,0.00
110,patnt,SF1,Prsnt,55,0.00,0.00,0.00,23.04,3.64,12.04,3.30,2.64,0.00,4.52,0.00,1.06,0.00,0.00,0.00,0.00
110,patnt,SF1,Prsnt,65,0.00,0.00,0.00,27.93,4.48,14.35,3.94,3.15,0.00,6.24,0.00,1.52,0.00,0.00,0.00,0.00
110,patnt,SF1,Prsnt,75,0.00,0.00,0.00,30.60,4.96,15.48,4.26,3.40,0.00,7.47,0.00,1.91,0.00,0.00,0.00,0.00
110,patnt,SF1,Prsnt,85,0.00,0.00,0.00,31.91,5.19,15.88,4.37,3.49,0.00,8.25,0.00,2.21,0.00,0.00,0.00,0.00
110,patnt,SF1,Prsnt,95,0.00,0.00,0.00,32.47,5.29,15.89,4.35,3.48,0.00,8.65,0.00,2.43,0.00,0.00,0.00,0.00
110,patnt,SF1,Prsnt,105,0.00,0.00,0.00,32.57,5.31,15.66,4.26,3.40,0.00,8.77,0.00,2.59,0.00,0.00,0.00,0.00
110,patnt,SF1,Prsnt,115,0.00,0.00,0.00,32.35,5.28,15.27,4.10,3.28,0.00,8.67,0.00,2.69,0.00,0.00,0.00,0.00
110,patnt,SF1,Prsnt,125,0.00,0.00,0.00,31.85,5.20,14.76,3.91,3.12,0.00,8.40,0.00,2.73,0.00,0.00,0.00,0.00
110,patnt,SF1,Prsnt,135,0.00,0.00,0.00,31.15,5.08,14.15,3.68,2.94,0.00,8.02,0.00,2.73,0.00,0.00,0.00,0.00
110,patnt,SF1,Prsnt,145,0.00,0.00,0.00,30.26,4.94,13.48,3.43,2.74,0.00,7.56,0.00,2.68,0.00,0.00,0.00,0.00
110,patnt,SF1,Prsnt,155,0.00,0.00,0.00,29.22,4.77,12.75,3.16,2.53,0.00,7.05,0.00,2.61,0.00,0.00,0.00,0.00
110,patnt,SF1,Prsnt,165,0.00,0.00,0.00,28.08,4.59,12.00,2.89,2.31,0.00,6.53,0.00,2.50,0.00,0.00,0.00,0.00
110,patnt,SF1,Prsnt,175,0.00,0.00,0.00,26.84,4.39,11.23,2.63,2.10,0.00,5.99,0.00,2.38,0.00,0.00,0.00,0.00
110,patnt,SF1,Prsnt,185,0.00,0.00,0.00,25.54,4.17,10.46,2.37,1.89,0.00,5.47,0.00,2.24,0.00,0.00,0.00,0.00
110,patnt,SF1,Prsnt,195,0.00,0.00,0.00,24.20,3.95,9.69,2.12,1.69,0.00,4.96,0.00,2.10,0.00,0.00,0.00,0.00
110,patnt,SF1,Prsnt,205,0.00,0.00,0.00,22.83,3.73,8.94,1.88,1.50,0.00,4.48,0.00,1.95,0.00,0.00,0.00,0.00
110,patnt,SF1,Prsnt,215,0.00,0.00,0.00,21.46,3.51,8.22,1.66,1.33,0.00,4.03,0.00,1.80,0.00,0.00,0.00,0.00
110,patnt,SF1,Prsnt,225,0.00,0.00,0.00,20.10,3.29,7.52,1.46,1.17,0.00,3.61,0.00,1.65,0.00,0.00,0.00,0.00
110,patnt,SF1,Prsnt,235,0.00,0.00,0.00,18.75,3.07,6.86,1.27,1.02,0.00,3.22,0.00,1.51,0.00,0.00,0.00,0.00
110,patnt,SF1,Prsnt,245,0.00,0.00,0.00,17.44,2.85,6.23,1.11,0.88,0.00,2.86,0.00,1.38,0.00,0.00,0.00,0.00
110,patnt,SF1,Prsnt,255,0.00,0.00,0.00,16.17,2.65,5.64,0.96,0.76,0.00,2.53,0.00,1.25,0.00,0.00,0.00,0.00
111,3e,SF1,Exten,5,0.00,0.00,0.00,0.00,0.00,0.00,0.00,0.00,0.00,0.00,0.00,0.00,0.00,0.00,0.00,0.00
111,3e,SF1,Exten,15,0.00,0.00,7.83383821575137e-03,0.07,0.06,0.04,0.02,0.03,0.00,0.01,0.00,3.4825186481696e-03,0.00,0.00,0.00,0.00
111,3e,SF1,Exten,25,0.00,0.00,0.08,1.02,0.67,0.70,0.13,0.19,0.00,0.21,0.00,0.04,0.00,0.00,0.00,0.00
111,3e,SF1,Exten,35,0.00,0.00,0.36,4.28,2.51,2.85,0.38,0.57,0.00,0.99,0.00,0.21,0.00,0.00,0.00,0.00
111,3e,SF1,Exten,45,0.00,0.00,0.88,9.49,5.47,6.16,0.74,1.11,0.00,2.58,0.00,0.58,0.00,0.00,0.00,0.00
111,3e,SF1,Exten,55,0.00,0.00,1.55,14.66,8.56,9.32,1.09,1.64,0.00,4.69,0.00,1.09,0.00,0.00,0.00,0.00
111,3e,SF1,Exten,65,0.00,0.00,2.19,18.51,10.98,11.57,1.36,2.04,0.00,6.73,0.00,1.64,0.00,0.00,0.00,0.00
111,3e,SF1,Exten,75,0.00,0.00,2.70,20.97,12.55,12.90,1.52,2.28,0.00,8.34,0.00,2.13,0.00,0.00,0.00,0.00
111,3e,SF1,Exten,85,0.00,0.00,3.07,22.47,13.50,13.60,1.60,2.40,0.00,9.46,0.00,2.53,0.00,0.00,0.00,0.00
111,3e,SF1,Exten,95,0.00,0.00,3.31,23.35,14.06,13.90,1.63,2.44,0.00,10.13,0.00,2.85,0.00,0.00,0.00,0.00
111,3e,SF1,Exten,105,0.00,0.00,3.44,23.83,14.36,13.94,1.62,2.43,0.00,10.45,0.00,3.09,0.00,0.00,0.00,0.00
111,3e,SF1,Exten,115,0.00,0.00,3.46,23.98,14.45,13.77,1.58,2.38,0.00,10.46,0.00,3.25,0.00,0.00,0.00,0.00
111,3e,SF1,Exten,125,0.00,0.00,3.39,23.84,14.37,13.43,1.52,2.28,0.00,10.24,0.00,3.33,0.00,0.00,0.00,0.00
111,3e,SF1,Exten,135,0.00,0.00,3.24,23.44,14.14,12.95,1.44,2.16,0.00,9.83,0.00,3.35,0.00,0.00,0.00,0.00
111,3e,SF1,Exten,145,0.00,0.00,3.04,22.81,13.76,12.35,1.34,2.02,0.00,9.28,0.00,3.30,0.00,0.00,0.00,0.00
111,3e,SF1,Exten,155,0.00,0.00,2.78,21.98,13.26,11.66,1.24,1.86,0.00,8.64,0.00,3.19,0.00,0.00,0.00,0.00
111,3e,SF1,Exten,165,0.00,0.00,2.51,20.98,12.66,10.90,1.12,1.69,0.00,7.94,0.00,3.05,0.00,0.00,0.00,0.00
111,3e,SF1,Exten,175,0.00,0.00,2.22,19.85,11.98,10.10,1.01,1.52,0.00,7.22,0.00,2.87,0.00,0.00,0.00,0.00
111,3e,SF1,Exten,185,0.00,0.00,1.93,18.61,11.24,9.27,0.90,1.35,0.00,6.49,0.00,2.66,0.00,0.00,0.00,0.00
111,3e,SF1,Exten,195,0.00,0.00,1.66,17.30,10.45,8.43,0.79,1.18,0.00,5.78,0.00,2.44,0.00,0.00,0.00,0.00
111,3e,SF1,Exten,205,0.00,0.00,1.40,15.95,9.64,7.60,0.68,1.03,0.00,5.10,0.00,2.22,0.00,0.00,0.00,0.00
111,3e,SF1,Exten,215,0.00,0.00,1.17,14.59,8.82,6.79,0.59,0.88,0.00,4.47,0.00,1.99,0.00,0.00,0.00,0.00
111,3e,SF1,Exten,225,0.00,0.00,0.97,13.24,8.00,6.02,0.50,0.75,0.00,3.87,0.00,1.77,0.00,0.00,0.00,0.00
111,3e,SF1,Exten,235,0.00,0.00,0.79,11.92,7.20,5.30,0.42,0.63,0.00,3.33,0.00,1.56,0.00,0.00,0.00,0.00
111,3e,SF1,Exten,245,0.00,0.00,0.64,10.64,6.44,4.62,0.35,0.53,0.00,2.85,0.00,1.37,0.00,0.00,0.00,0.00
111,3e,SF1,Exten,255,0.00,0.00,0.51,9.44,5.71,4.00,0.29,0.43,0.00,2.41,0.00,1.19,0.00,0.00,0.00,0.00
112,patnt,SF1,Exten,5,0.00,0.00,0.00,0.00,0.00,0.00,0.00,0.00,0.00,0.00,0.00,0.00,0.00,0.00,0.00,0.00
112,patnt,SF1,Exten,15,0.00,0.00,0.00,0.13,0.03,0.07,0.07,0.05,0.00,0.01,0.00,4.00742355660075e-03,0.00,0.00,0.00,0.00
112,patnt,SF1,Exten,25,0.00,0.00,0.00,1.87,0.33,1.04,0.45,0.36,0.00,0.23,0.00,0.05,0.00,0.00,0.00,0.00
112,patnt,SF1,Exten,35,0.00,0.00,0.00,7.41,1.17,4.05,1.27,1.01,0.00,1.05,0.00,0.23,0.00,0.00,0.00,0.00
112,patnt,SF1,Exten,45,0.00,0.00,0.00,15.61,2.43,8.33,2.34,1.87,0.00,2.60,0.00,0.59,0.00,0.00,0.00,0.00
112,patnt,SF1,Exten,55,0.00,0.00,0.00,23.04,3.64,12.04,3.30,2.64,0.00,4.52,0.00,1.06,0.00,0.00,0.00,0.00
112,patnt,SF1,Exten,65,0.00,0.00,0.00,27.93,4.48,14.35,3.94,3.15,0.00,6.24,0.00,1.52,0.00,0.00,0.00,0.00
112,patnt,SF1,Exten,75,0.00,0.00,0.00,30.60,4.96,15.48,4.26,3.40,0.00,7.47,0.00,1.91,0.00,0.00,0.00,0.00
112,patnt,SF1,Exten,85,0.00,0.00,0.00,31.91,5.19,15.88,4.37,3.49,0.00,8.25,0.00,2.21,0.00,0.00,0.00,0.00
112,patnt,SF1,Exten,95,0.00,0.00,0.00,32.47,5.29,15.89,4.35,3.48,0.00,8.65,0.00,2.43,0.00,0.00,0.00,0.00
112,patnt,SF1,Exten,105,0.00,0.00,0.00,32.57,5.31,15.66,4.26,3.40,0.00,8.77,0.00,2.59,0.00,0.00,0.00,0.00
112,patnt,SF1,Exten,115,0.00,0.00,0.00,32.35,5.28,15.27,4.10,3.28,0.00,8.67,0.00,2.69,0.00,0.00,0.00,0.00
112,patnt,SF1,Exten,125,0.00,0.00,0.00,31.85,5.20,14.76,3.91,3.12,0.00,8.40,0.00,2.73,0.00,0.00,0.00,0.00
112,patnt,SF1,Exten,135,0.00,0.00,0.00,31.15,5.08,14.15,3.68,2.94,0.00,8.02,0.00,2.73,0.00,0.00,0.00,0.00
112,patnt,SF1,Exten,145,0.00,0.00,0.00,30.26,4.94,13.48,3.43,2.74,0.00,7.56,0.00,2.68,0.00,0.00,0.00,0.00
112,patnt,SF1,Exten,155,0.00,0.00,0.00,29.22,4.77,12.75,3.16,2.53,0.00,7.05,0.00,2.61,0.00,0.00,0.00,0.00
112,patnt,SF1,Exten,165,0.00,0.00,0.00,28.08,4.59,12.00,2.89,2.31,0.00,6.53,0.00,2.50,0.00,0.00,0.00,0.00
112,patnt,SF1,Exten,175,0.00,0.00,0.00,26.84,4.39,11.23,2.63,2.10,0.00,5.99,0.00,2.38,0.00,0.00,0.00,0.00
112,patnt,SF1,Exten,185,0.00,0.00,0.00,25.54,4.17,10.46,2.37,1.89,0.00,5.47,0.00,2.24,0.00,0.00,0.00,0.00
112,patnt,SF1,Exten,195,0.00,0.00,0.00,24.20,3.95,9.69,2.12,1.69,0.00,4.96,0.00,2.10,0.00,0.00,0.00,0.00
112,patnt,SF1,Exten,205,0.00,0.00,0.00,22.83,3.73,8.94,1.88,1.50,0.00,4.48,0.00,1.95,0.00,0.00,0.00,0.00
112,patnt,SF1,Exten,215,0.00,0.00,0.00,21.46,3.51,8.22,1.66,1.33,0.00,4.03,0.00,1.80,0.00,0.00,0.00,0.00
112,patnt,SF1,Exten,225,0.00,0.00,0.00,20.10,3.29,7.52,1.46,1.17,0.00,3.61,0.00,1.65,0.00,0.00,0.00,0.00
112,patnt,SF1,Exten,235,0.00,0.00,0.00,18.75,3.07,6.86,1.27,1.02,0.00,3.22,0.00,1.51,0.00,0.00,0.00,0.00
112,patnt,SF1,Exten,245,0.00,0.00,0.00,17.44,2.85,6.23,1.11,0.88,0.00,2.86,0.00,1.38,0.00,0.00,0.00,0.00
112,patnt,SF1,Exten,255,0.00,0.00,0.00,16.17,2.65,5.64,0.96,0.76,0.00,2.53,0.00,1.25,0.00,0.00,0.00,0.00
113,3e,SF1,Basc1,5,0.00,0.00,0.00,0.00,0.00,0.00,0.00,0.00,0.00,0.00,0.00,0.00,0.00,0.00,0.00,0.00
113,3e,SF1,Basc1,15,0.00,0.00,4.96464579602221e-03,0.10,0.04,0.06,0.06,0.02,0.00,0.01,0.00,6.1796681335636e-03,0.00,0.00,0.00,0.00
113,3e,SF1,Basc1,25,0.00,0.00,0.05,1.46,0.45,0.95,0.41,0.16,0.00,0.24,0.00,0.08,0.00,0.00,0.00,0.00
113,3e,SF1,Basc1,35,0.00,0.00,0.22,6.04,1.67,3.84,1.20,0.48,0.00,1.12,0.00,0.38,0.00,0.00,0.00,0.00
113,3e,SF1,Basc1,45,0.00,0.00,0.55,13.18,3.58,8.17,2.29,0.91,0.00,2.87,0.00,1.01,0.00,0.00,0.00,0.00
113,3e,SF1,Basc1,55,0.00,0.00,0.94,20.06,5.53,12.18,3.34,1.33,0.00,5.15,0.00,1.87,0.00,0.00,0.00,0.00
113,3e,SF1,Basc1,65,0.00,0.00,1.32,25.00,7.00,14.93,4.09,1.63,0.00,7.30,0.00,2.77,0.00,0.00,0.00,0.00
113,3e,SF1,Basc1,75,0.00,0.00,1.61,28.09,7.94,16.51,4.54,1.81,0.00,8.97,0.00,3.56,0.00,0.00,0.00,0.00
113,3e,SF1,Basc1,85,0.00,0.00,1.82,29.97,8.50,17.34,4.76,1.90,0.00,10.12,0.00,4.22,0.00,0.00,0.00,0.00
113,3e,SF1,Basc1,95,0.00,0.00,1.97,31.10,8.84,17.69,4.84,1.93,0.00,10.83,0.00,4.74,0.00,0.00,0.00,0.00
113,3e,SF1,Basc1,105,0.00,0.00,2.04,31.72,9.02,17.73,4.82,1.92,0.00,11.16,0.00,5.14,0.00,0.00,0.00,0.00
113,3e,SF1,Basc1,115,0.00,0.00,2.05,31.91,9.08,17.51,4.71,1.88,0.00,11.18,0.00,5.40,0.00,0.00,0.00,0.00
113,3e,SF1,Basc1,125,0.00,0.00,2.01,31.72,9.03,17.08,4.52,1.81,0.00,10.94,0.00,5.54,0.00,0.00,0.00,0.00
113,3e,SF1,Basc1,135,0.00,0.00,1.92,31.18,8.88,16.46,4.28,1.71,0.00,10.50,0.00,5.56,0.00,0.00,0.00,0.00
113,3e,SF1,Basc1,145,0.00,0.00,1.80,30.33,8.64,15.70,3.99,1.59,0.00,9.91,0.00,5.48,0.00,0.00,0.00,0.00
113,3e,SF1,Basc1,155,0.00,0.00,1.65,29.23,8.32,14.82,3.68,1.47,0.00,9.22,0.00,5.30,0.00,0.00,0.00,0.00
113,3e,SF1,Basc1,165,0.00,0.00,1.48,27.89,7.95,13.85,3.34,1.33,0.00,8.48,0.00,5.06,0.00,0.00,0.00,0.00
113,3e,SF1,Basc1,175,0.00,0.00,1.31,26.38,7.52,12.83,3.00,1.20,0.00,7.70,0.00,4.76,0.00,0.00,0.00,0.00
113,3e,SF1,Basc1,185,0.00,0.00,1.14,24.73,7.05,11.77,2.66,1.06,0.00,6.93,0.00,4.42,0.00,0.00,0.00,0.00
113,3e,SF1,Basc1,195,0.00,0.00,0.98,22.99,6.55,10.70,2.34,0.93,0.00,6.17,0.00,4.06,0.00,0.00,0.00,0.00
113,3e,SF1,Basc1,205,0.00,0.00,0.83,21.20,6.04,9.65,2.03,0.81,0.00,5.44,0.00,3.68,0.00,0.00,0.00,0.00
113,3e,SF1,Basc1,215,0.00,0.00,0.69,19.38,5.53,8.63,1.74,0.69,0.00,4.76,0.00,3.31,0.00,0.00,0.00,0.00
113,3e,SF1,Basc1,225,0.00,0.00,0.57,17.59,5.02,7.65,1.48,0.59,0.00,4.13,0.00,2.95,0.00,0.00,0.00,0.00
113,3e,SF1,Basc1,235,0.00,0.00,0.47,15.83,4.52,6.73,1.25,0.50,0.00,3.55,0.00,2.60,0.00,0.00,0.00,0.00
113,3e,SF1,Basc1,245,0.00,0.00,0.37,14.14,4.04,5.87,1.04,0.41,0.00,3.03,0.00,2.27,0.00,0.00,0.00,0.00
113,3e,SF1,Basc1,255,0.00,0.00,0.30,12.54,3.58,5.08,0.86,0.34,0.00,2.57,0.00,1.97,0.00,0.00,0.00,0.00
114,patnt,SF1,Basc1,5,0.00,0.00,0.00,0.00,0.00,0.00,0.00,0.00,0.00,0.00,0.00,0.00,0.00,0.00,0.00,0.00
114,patnt,SF1,Basc1,15,0.00,0.00,0.00,0.13,0.03,0.07,0.07,0.05,0.00,0.01,0.00,4.00742355660075e-03,0.00,0.00,0.00,0.00
114,patnt,SF1,Basc1,25,0.00,0.00,0.00,1.87,0.33,1.04,0.45,0.36,0.00,0.23,0.00,0.05,0.00,0.00,0.00,0.00
114,patnt,SF1,Basc1,35,0.00,0.00,0.00,7.41,1.17,4.05,1.27,1.01,0.00,1.05,0.00,0.23,0.00,0.00,0.00,0.00
114,patnt,SF1,Basc1,45,0.00,0.00,0.00,15.61,2.43,8.33,2.34,1.87,0.00,2.60,0.00,0.59,0.00,0.00,0.00,0.00
114,patnt,SF1,Basc1,55,0.00,0.00,0.00,23.04,3.64,12.04,3.30,2.64,0.00,4.52,0.00,1.06,0.00,0.00,0.00,0.00
114,patnt,SF1,Basc1,65,0.00,0.00,0.00,27.93,4.48,14.35,3.94,3.15,0.00,6.24,0.00,1.52,0.00,0.00,0.00,0.00
114,patnt,SF1,Basc1,75,0.00,0.00,0.00,30.60,4.96,15.48,4.26,3.40,0.00,7.47,0.00,1.91,0.00,0.00,0.00,0.00
114,patnt,SF1,Basc1,85,0.00,0.00,0.00,31.91,5.19,15.88,4.37,3.49,0.00,8.25,0.00,2.21,0.00,0.00,0.00,0.00
114,patnt,SF1,Basc1,95,0.00,0.00,0.00,32.47,5.29,15.89,4.35,3.48,0.00,8.65,0.00,2.43,0.00,0.00,0.00,0.00
114,patnt,SF1,Basc1,105,0.00,0.00,0.00,32.57,5.31,15.66,4.26,3.40,0.00,8.77,0.00,2.59,0.00,0.00,0.00,0.00
114,patnt,SF1,Basc1,115,0.00,0.00,0.00,32.35,5.28,15.27,4.10,3.28,0.00,8.67,0.00,2.69,0.00,0.00,0.00,0.00
114,patnt,SF1,Basc1,125,0.00,0.00,0.00,31.85,5.20,14.76,3.91,3.12,0.00,8.40,0.00,2.73,0.00,0.00,0.00,0.00
114,patnt,SF1,Basc1,135,0.00,0.00,0.00,31.15,5.08,14.15,3.68,2.94,0.00,8.02,0.00,2.73,0.00,0.00,0.00,0.00
114,patnt,SF1,Basc1,145,0.00,0.00,0.00,30.26,4.94,13.48,3.43,2.74,0.00,7.56,0.00,2.68,0.00,0.00,0.00,0.00
114,patnt,SF1,Basc1,155,0.00,0.00,0.00,29.22,4.77,12.75,3.16,2.53,0.00,7.05,0.00,2.61,0.00,0.00,0.00,0.00
114,patnt,SF1,Basc1,165,0.00,0.00,0.00,28.08,4.59,12.00,2.89,2.31,0.00,6.53,0.00,2.50,0.00,0.00,0.00,0.00
114,patnt,SF1,Basc1,175,0.00,0.00,0.00,26.84,4.39,11.23,2.63,2.10,0.00,5.99,0.00,2.38,0.00,0.00,0.00,0.00
114,patnt,SF1,Basc1,185,0.00,0.00,0.00,25.54,4.17,10.46,2.37,1.89,0.00,5.47,0.00,2.24,0.00,0.00,0.00,0.00
114,patnt,SF1,Basc1,195,0.00,0.00,0.00,24.20,3.95,9.69,2.12,1.69,0.00,4.96,0.00,2.10,0.00,0.00,0.00,0.00
114,patnt,SF1,Basc1,205,0.00,0.00,0.00,22.83,3.73,8.94,1.88,1.50,0.00,4.48,0.00,1.95,0.00,0.00,0.00,0.00
114,patnt,SF1,Basc1,215,0.00,0.00,0.00,21.46,3.51,8.22,1.66,1.33,0.00,4.03,0.00,1.80,0.00,0.00,0.00,0.00
114,patnt,SF1,Basc1,225,0.00,0.00,0.00,20.10,3.29,7.52,1.46,1.17,0.00,3.61,0.00,1.65,0.00,0.00,0.00,0.00
114,patnt,SF1,Basc1,235,0.00,0.00,0.00,18.75,3.07,6.86,1.27,1.02,0.00,3.22,0.00,1.51,0.00,0.00,0.00,0.00
114,patnt,SF1,Basc1,245,0.00,0.00,0.00,17.44,2.85,6.23,1.11,0.88,0.00,2.86,0.00,1.38,0.00,0.00,0.00,0.00
114,patnt,SF1,Basc1,255,0.00,0.00,0.00,16.17,2.65,5.64,0.96,0.76,0.00,2.53,0.00,1.25,0.00,0.00,0.00,0.00
115,3e,SF1,Basc2,5,0.00,0.00,0.00,0.00,0.00,0.00,0.00,0.00,0.00,0.00,0.00,0.00,0.00,0.00,0.00,0.00
115,3e,SF1,Basc2,15,0.00,0.00,4.96464579602221e-03,0.10,0.04,0.06,0.06,0.02,0.00,0.01,0.00,6.1796681335636e-03,0.00,0.00,0.00,0.00
115,3e,SF1,Basc2,25,0.00,0.00,0.05,1.46,0.45,0.95,0.41,0.16,0.00,0.24,0.00,0.08,0.00,0.00,0.00,0.00
115,3e,SF1,Basc2,35,0.00,0.00,0.22,6.04,1.67,3.84,1.20,0.48,0.00,1.12,0.00,0.38,0.00,0.00,0.00,0.00
115,3e,SF1,Basc2,45,0.00,0.00,0.55,13.18,3.58,8.17,2.29,0.91,0.00,2.87,0.00,1.01,0.00,0.00,0.00,0.00
115,3e,SF1,Basc2,55,0.00,0.00,0.94,20.06,5.53,12.18,3.34,1.33,0.00,5.15,0.00,1.87,0.00,0.00,0.00,0.00
115,3e,SF1,Basc2,65,0.00,0.00,1.32,25.00,7.00,14.93,4.09,1.63,0.00,7.30,0.00,2.77,0.00,0.00,0.00,0.00
115,3e,SF1,Basc2,75,0.00,0.00,1.61,28.09,7.94,16.51,4.54,1.81,0.00,8.97,0.00,3.56,0.00,0.00,0.00,0.00
115,3e,SF1,Basc2,85,0.00,0.00,1.82,29.97,8.50,17.34,4.76,1.90,0.00,10.12,0.00,4.22,0.00,0.00,0.00,0.00
115,3e,SF1,Basc2,95,0.00,0.00,1.97,31.10,8.84,17.69,4.84,1.93,0.00,10.83,0.00,4.74,0.00,0.00,0.00,0.00
115,3e,SF1,Basc2,105,0.00,0.00,2.04,31.72,9.02,17.73,4.82,1.92,0.00,11.16,0.00,5.14,0.00,0.00,0.00,0.00
115,3e,SF1,Basc2,115,0.00,0.00,2.05,31.91,9.08,17.51,4.71,1.88,0.00,11.18,0.00,5.40,0.00,0.00,0.00,0.00
115,3e,SF1,Basc2,125,0.00,0.00,2.01,31.72,9.03,17.08,4.52,1.81,0.00,10.94,0.00,5.54,0.00,0.00,0.00,0.00
115,3e,SF1,Basc2,135,0.00,0.00,1.92,31.18,8.88,16.46,4.28,1.71,0.00,10.50,0.00,5.56,0.00,0.00,0.00,0.00
115,3e,SF1,Basc2,145,0.00,0.00,1.80,30.33,8.64,15.70,3.99,1.59,0.00,9.91,0.00,5.48,0.00,0.00,0.00,0.00
115,3e,SF1,Basc2,155,0.00,0.00,1.65,29.23,8.32,14.82,3.68,1.47,0.00,9.22,0.00,5.30,0.00,0.00,0.00,0.00
115,3e,SF1,Basc2,165,0.00,0.00,1.48,27.89,7.95,13.85,3.34,1.33,0.00,8.48,0.00,5.06,0.00,0.00,0.00,0.00
115,3e,SF1,Basc2,175,0.00,0.00,1.31,26.38,7.52,12.83,3.00,1.20,0.00,7.70,0.00,4.76,0.00,0.00,0.00,0.00
115,3e,SF1,Basc2,185,0.00,0.00,1.14,24.73,7.05,11.77,2.66,1.06,0.00,6.93,0.00,4.42,0.00,0.00,0.00,0.00
115,3e,SF1,Basc2,195,0.00,0.00,0.98,22.99,6.55,10.70,2.34,0.93,0.00,6.17,0.00,4.06,0.00,0.00,0.00,0.00
115,3e,SF1,Basc2,205,0.00,0.00,0.83,21.20,6.04,9.65,2.03,0.81,0.00,5.44,0.00,3.68,0.00,0.00,0.00,0.00
115,3e,SF1,Basc2,215,0.00,0.00,0.69,19.38,5.53,8.63,1.74,0.69,0.00,4.76,0.00,3.31,0.00,0.00,0.00,0.00
115,3e,SF1,Basc2,225,0.00,0.00,0.57,17.59,5.02,7.65,1.48,0.59,0.00,4.13,0.00,2.95,0.00,0.00,0.00,0.00
115,3e,SF1,Basc2,235,0.00,0.00,0.47,15.83,4.52,6.73,1.25,0.50,0.00,3.55,0.00,2.60,0.00,0.00,0.00,0.00
115,3e,SF1,Basc2,245,0.00,0.00,0.37,14.14,4.04,5.87,1.04,0.41,0.00,3.03,0.00,2.27,0.00,0.00,0.00,0.00
115,3e,SF1,Basc2,255,0.00,0.00,0.30,12.54,3.58,5.08,0.86,0.34,0.00,2.57,0.00,1.97,0.00,0.00,0.00,0.00
116,patnt,SF1,Basc2,5,0.00,0.00,0.00,0.00,0.00,0.00,0.00,0.00,0.00,0.00,0.00,0.00,0.00,0.00,0.00,0.00
116,patnt,SF1,Basc2,15,0.00,0.00,0.00,0.13,0.03,0.07,0.07,0.05,0.00,0.01,0.00,4.00742355660075e-03,0.00,0.00,0.00,0.00
116,patnt,SF1,Basc2,25,0.00,0.00,0.00,1.87,0.33,1.04,0.45,0.36,0.00,0.23,0.00,0.05,0.00,0.00,0.00,0.00
116,patnt,SF1,Basc2,35,0.00,0.00,0.00,7.41,1.17,4.05,1.27,1.01,0.00,1.05,0.00,0.23,0.00,0.00,0.00,0.00
116,patnt,SF1,Basc2,45,0.00,0.00,0.00,15.61,2.43,8.33,2.34,1.87,0.00,2.60,0.00,0.59,0.00,0.00,0.00,0.00
116,patnt,SF1,Basc2,55,0.00,0.00,0.00,23.04,3.64,12.04,3.30,2.64,0.00,4.52,0.00,1.06,0.00,0.00,0.00,0.00
116,patnt,SF1,Basc2,65,0.00,0.00,0.00,27.93,4.48,14.35,3.94,3.15,0.00,6.24,0.00,1.52,0.00,0.00,0.00,0.00
116,patnt,SF1,Basc2,75,0.00,0.00,0.00,30.60,4.96,15.48,4.26,3.40,0.00,7.47,0.00,1.91,0.00,0.00,0.00,0.00
116,patnt,SF1,Basc2,85,0.00,0.00,0.00,31.91,5.19,15.88,4.37,3.49,0.00,8.25,0.00,2.21,0.00,0.00,0.00,0.00
116,patnt,SF1,Basc2,95,0.00,0.00,0.00,32.47,5.29,15.89,4.35,3.48,0.00,8.65,0.00,2.43,0.00,0.00,0.00,0.00
116,patnt,SF1,Basc2,105,0.00,0.00,0.00,32.57,5.31,15.66,4.26,3.40,0.00,8.77,0.00,2.59,0.00,0.00,0.00,0.00
116,patnt,SF1,Basc2,115,0.00,0.00,0.00,32.35,5.28,15.27,4.10,3.28,0.00,8.67,0.00,2.69,0.00,0.00,0.00,0.00
116,patnt,SF1,Basc2,125,0.00,0.00,0.00,31.85,5.20,14.76,3.91,3.12,0.00,8.40,0.00,2.73,0.00,0.00,0.00,0.00
116,patnt,SF1,Basc2,135,0.00,0.00,0.00,31.15,5.08,14.15,3.68,2.94,0.00,8.02,0.00,2.73,0.00,0.00,0.00,0.00
116,patnt,SF1,Basc2,145,0.00,0.00,0.00,30.26,4.94,13.48,3.43,2.74,0.00,7.56,0.00,2.68,0.00,0.00,0.00,0.00
116,patnt,SF1,Basc2,155,0.00,0.00,0.00,29.22,4.77,12.75,3.16,2.53,0.00,7.05,0.00,2.61,0.00,0.00,0.00,0.00
116,patnt,SF1,Basc2,165,0.00,0.00,0.00,28.08,4.59,12.00,2.89,2.31,0.00,6.53,0.00,2.50,0.00,0.00,0.00,0.00
116,patnt,SF1,Basc2,175,0.00,0.00,0.00,26.84,4.39,11.23,2.63,2.10,0.00,5.99,0.00,2.38,0.00,0.00,0.00,0.00
116,patnt,SF1,Basc2,185,0.00,0.00,0.00,25.54,4.17,10.46,2.37,1.89,0.00,5.47,0.00,2.24,0.00,0.00,0.00,0.00
116,patnt,SF1,Basc2,195,0.00,0.00,0.00,24.20,3.95,9.69,2.12,1.69,0.00,4.96,0.00,2.10,0.00,0.00,0.00,0.00
116,patnt,SF1,Basc2,205,0.00,0.00,0.00,22.83,3.73,8.94,1.88,1.50,0.00,4.48,0.00,1.95,0.00,0.00,0.00,0.00
116,patnt,SF1,Basc2,215,0.00,0.00,0.00,21.46,3.51,8.22,1.66,1.33,0.00,4.03,0.00,1.80,0.00,0.00,0.00,0.00
116,patnt,SF1,Basc2,225,0.00,0.00,0.00,20.10,3.29,7.52,1.46,1.17,0.00,3.61,0.00,1.65,0.00,0.00,0.00,0.00
116,patnt,SF1,Basc2,235,0.00,0.00,0.00,18.75,3.07,6.86,1.27,1.02,0.00,3.22,0.00,1.51,0.00,0.00,0.00,0.00
116,patnt,SF1,Basc2,245,0.00,0.00,0.00,17.44,2.85,6.23,1.11,0.88,0.00,2.86,0.00,1.38,0.00,0.00,0.00,0.00
116,patnt,SF1,Basc2,255,0.00,0.00,0.00,16.17,2.65,5.64,0.96,0.76,0.00,2.53,0.00,1.25,0.00,0.00,0.00,0.00
117,3e,SF1,Intn1,5,0.00,0.00,0.00,0.00,0.00,0.00,0.00,0.00,0.00,0.00,0.00,0.00,0.00,0.00,0.00,0.00
117,3e,SF1,Intn1,15,0.00,0.00,4.4404913401534e-03,0.07,0.14,0.02,0.01,0.02,0.00,0.02,0.00,2.3688148986319e-03,0.00,0.00,0.00,0.00
117,3e,SF1,Intn1,25,0.00,0.00,0.05,1.19,1.66,0.38,0.07,0.15,0.00,0.33,0.00,0.03,0.00,0.00,0.00,0.00
117,3e,SF1,Intn1,35,0.00,0.00,0.23,5.26,6.56,1.67,0.24,0.48,0.00,1.62,0.00,0.16,0.00,0.00,0.00,0.00
117,3e,SF1,Intn1,45,0.00,0.00,0.57,11.94,14.61,3.71,0.48,0.96,0.00,4.35,0.00,0.45,0.00,0.00,0.00,0.00
117,3e,SF1,Intn1,55,0.00,0.00,1.01,18.62,23.09,5.66,0.71,1.43,0.00,7.98,0.00,0.86,0.00,0.00,0.00,0.00
117,3e,SF1,Intn1,65,0.00,0.00,1.44,23.67,29.83,7.08,0.89,1.79,0.00,11.55,0.00,1.30,0.00,0.00,0.00,0.00
117,3e,SF1,Intn1,75,0.00,0.00,1.80,27.16,34.53,8.00,1.01,2.03,0.00,14.49,0.00,1.70,0.00,0.00,0.00,0.00
117,3e,SF1,Intn1,85,0.00,0.00,2.09,29.60,37.79,8.58,1.08,2.17,0.00,16.71,0.00,2.06,0.00,0.00,0.00,0.00
117,3e,SF1,Intn1,95,0.00,0.00,2.29,31.35,40.08,8.93,1.13,2.26,0.00,18.24,0.00,2.37,0.00,0.00,0.00,0.00
117,3e,SF1,Intn1,105,0.00,0.00,2.42,32.54,41.64,9.11,1.14,2.28,0.00,19.13,0.00,2.61,0.00,0.00,0.00,0.00
117,3e,SF1,Intn1,115,0.00,0.00,2.47,33.24,42.55,9.13,1.13,2.26,0.00,19.45,0.00,2.79,0.00,0.00,0.00,0.00
117,3e,SF1,Intn1,125,0.00,0.00,2.45,33.46,42.85,9.02,1.10,2.20,0.00,19.28,0.00,2.89,0.00,0.00,0.00,0.00
117,3e,SF1,Intn1,135,0.00,0.00,2.37,33.26,42.60,8.80,1.05,2.11,0.00,18.71,0.00,2.94,0.00,0.00,0.00,0.00
117,3e,SF1,Intn1,145,0.00,0.00,2.24,32.66,41.84,8.47,0.99,1.99,0.00,17.83,0.00,2.92,0.00,0.00,0.00,0.00
117,3e,SF1,Intn1,155,0.00,0.00,2.07,31.72,40.64,8.06,0.92,1.84,0.00,16.72,0.00,2.85,0.00,0.00,0.00,0.00
117,3e,SF1,Intn1,165,0.00,0.00,1.88,30.47,39.06,7.58,0.84,1.69,0.00,15.47,0.00,2.74,0.00,0.00,0.00,0.00
117,3e,SF1,Intn1,175,0.00,0.00,1.67,28.99,37.16,7.06,0.76,1.52,0.00,14.14,0.00,2.59,0.00,0.00,0.00,0.00
117,3e,SF1,Intn1,185,0.00,0.00,1.46,27.31,35.02,6.51,0.68,1.36,0.00,12.78,0.00,2.42,0.00,0.00,0.00,0.00
117,3e,SF1,Intn1,195,0.00,0.00,1.26,25.49,32.69,5.94,0.60,1.20,0.00,11.43,0.00,2.23,0.00,0.00,0.00,0.00
117,3e,SF1,Intn1,205,0.00,0.00,1.07,23.58,30.25,5.38,0.52,1.04,0.00,10.12,0.00,2.03,0.00,0.00,0.00,0.00
117,3e,SF1,Intn1,215,0.00,0.00,0.89,21.62,27.75,4.82,0.45,0.90,0.00,8.88,0.00,1.83,0.00,0.00,0.00,0.00
117,3e,SF1,Intn1,225,0.00,0.00,0.74,19.66,25.24,4.28,0.38,0.77,0.00,7.72,0.00,1.63,0.00,0.00,0.00,0.00
117,3e,SF1,Intn1,235,0.00,0.00,0.60,17.74,22.77,3.78,0.32,0.65,0.00,6.66,0.00,1.44,0.00,0.00,0.00,0.00
117,3e,SF1,Intn1,245,0.00,0.00,0.49,15.87,20.39,3.30,0.27,0.54,0.00,5.69,0.00,1.26,0.00,0.00,0.00,0.00
117,3e,SF1,Intn1,255,0.00,0.00,0.39,14.10,18.11,2.86,0.22,0.45,0.00,4.83,0.00,1.09,0.00,0.00,0.00,0.00
118,patnt,SF1,Intn1,5,0.00,0.00,0.00,0.00,0.00,0.00,0.00,0.00,0.00,0.00,0.00,0.00,0.00,0.00,0.00,0.00
118,patnt,SF1,Intn1,15,0.00,0.00,0.00,0.13,0.03,0.07,0.07,0.05,0.00,0.01,0.00,4.00742355660075e-03,0.00,0.00,0.00,0.00
118,patnt,SF1,Intn1,25,0.00,0.00,0.00,1.87,0.33,1.04,0.45,0.36,0.00,0.23,0.00,0.05,0.00,0.00,0.00,0.00
118,patnt,SF1,Intn1,35,0.00,0.00,0.00,7.41,1.17,4.05,1.27,1.01,0.00,1.05,0.00,0.23,0.00,0.00,0.00,0.00
118,patnt,SF1,Intn1,45,0.00,0.00,0.00,15.61,2.43,8.33,2.34,1.87,0.00,2.60,0.00,0.59,0.00,0.00,0.00,0.00
118,patnt,SF1,Intn1,55,0.00,0.00,0.00,23.04,3.64,12.04,3.30,2.64,0.00,4.52,0.00,1.06,0.00,0.00,0.00,0.00
118,patnt,SF1,Intn1,65,0.00,0.00,0.00,27.93,4.48,14.35,3.94,3.15,0.00,6.24,0.00,1.52,0.00,0.00,0.00,0.00
118,patnt,SF1,Intn1,75,0.00,0.00,0.00,30.60,4.96,15.48,4.26,3.40,0.00,7.47,0.00,1.91,0.00,0.00,0.00,0.00
118,patnt,SF1,Intn1,85,0.00,0.00,0.00,31.91,5.19,15.88,4.37,3.49,0.00,8.25,0.00,2.21,0.00,0.00,0.00,0.00
118,patnt,SF1,Intn1,95,0.00,0.00,0.00,32.47,5.29,15.89,4.35,3.48,0.00,8.65,0.00,2.43,0.00,0.00,0.00,0.00
118,patnt,SF1,Intn1,105,0.00,0.00,0.00,32.57,5.31,15.66,4.26,3.40,0.00,8.77,0.00,2.59,0.00,0.00,0.00,0.00
118,patnt,SF1,Intn1,115,0.00,0.00,0.00,32.35,5.28,15.27,4.10,3.28,0.00,8.67,0.00,2.69,0.00,0.00,0.00,0.00
118,patnt,SF1,Intn1,125,0.00,0.00,0.00,31.85,5.20,14.76,3.91,3.12,0.00,8.40,0.00,2.73,0.00,0.00,0.00,0.00
118,patnt,SF1,Intn1,135,0.00,0.00,0.00,31.15,5.08,14.15,3.68,2.94,0.00,8.02,0.00,2.73,0.00,0.00,0.00,0.00
118,patnt,SF1,Intn1,145,0.00,0.00,0.00,30.26,4.94,13.48,3.43,2.74,0.00,7.56,0.00,2.68,0.00,0.00,0.00,0.00
118,patnt,SF1,Intn1,155,0.00,0.00,0.00,29.22,4.77,12.75,3.16,2.53,0.00,7.05,0.00,2.61,0.00,0.00,0.00,0.00
118,patnt,SF1,Intn1,165,0.00,0.00,0.00,28.08,4.59,12.00,2.89,2.31,0.00,6.53,0.00,2.50,0.00,0.00,0.00,0.00
118,patnt,SF1,Intn1,175,0.00,0.00,0.00,26.84,4.39,11.23,2.63,2.10,0.00,5.99,0.00,2.38,0.00,0.00,0.00,0.00
118,patnt,SF1,Intn1,185,0.00,0.00,0.00,25.54,4.17,10.46,2.37,1.89,0.00,5.47,0.00,2.24,0.00,0.00,0.00,0.00
118,patnt,SF1,Intn1,195,0.00,0.00,0.00,24.20,3.95,9.69,2.12,1.69,0.00,4.96,0.00,2.10,0.00,0.00,0.00,0.00
118,patnt,SF1,Intn1,205,0.00,0.00,0.00,22.83,3.73,8.94,1.88,1.50,0.00,4.48,0.00,1.95,0.00,0.00,0.00,0.00
118,patnt,SF1,Intn1,215,0.00,0.00,0.00,21.46,3.51,8.22,1.66,1.33,0.00,4.03,0.00,1.80,0.00,0.00,0.00,0.00
118,patnt,SF1,Intn1,225,0.00,0.00,0.00,20.10,3.29,7.52,1.46,1.17,0.00,3.61,0.00,1.65,0.00,0.00,0.00,0.00
118,patnt,SF1,Intn1,235,0.00,0.00,0.00,18.75,3.07,6.86,1.27,1.02,0.00,3.22,0.00,1.51,0.00,0.00,0.00,0.00
118,patnt,SF1,Intn1,245,0.00,0.00,0.00,17.44,2.85,6.23,1.11,0.88,0.00,2.86,0.00,1.38,0.00,0.00,0.00,0.00
118,patnt,SF1,Intn1,255,0.00,0.00,0.00,16.17,2.65,5.64,0.96,0.76,0.00,2.53,0.00,1.25,0.00,0.00,0.00,0.00
121,3e,PO1,Prsnt,5,0.00,0.00,0.00,0.00,0.00,0.00,0.00,0.00,0.00,0.00,0.00,0.00,0.00,0.00,0.00,0.00
121,3e,PO1,Prsnt,15,0.00,0.00,0.49,0.58,0.42,0.26,0.00,0.00,0.00,4.89,0.00,0.30,0.00,0.00,0.00,0.00
121,3e,PO1,Prsnt,25,0.00,0.00,1.64,2.49,1.33,1.09,0.00,0.00,0.00,19.80,0.00,1.20,0.00,0.00,0.00,0.00
121,3e,PO1,Prsnt,35,0.00,0.00,3.27,5.02,2.39,2.14,0.00,0.00,0.00,44.09,0.00,2.70,0.00,0.00,0.00,0.00
121,3e,PO1,Prsnt,45,0.00,0.00,5.07,7.07,3.30,2.94,0.00,0.00,0.00,73.12,0.00,4.60,0.00,0.00,0.00,0.00
121,3e,PO1,Prsnt,55,0.00,0.00,6.75,8.32,3.94,3.39,0.00,0.00,0.00,101.19,0.00,6.58,0.00,0.00,0.00,0.00
121,3e,PO1,Prsnt,65,0.00,0.00,8.13,8.96,4.31,3.59,0.00,0.00,0.00,123.99,0.00,8.40,0.00,0.00,0.00,0.00
121,3e,PO1,Prsnt,75,0.00,0.00,9.10,9.22,4.47,3.63,0.00,0.00,0.00,139.46,0.00,9.89,0.00,0.00,0.00,0.00
121,3e,PO1,Prsnt,85,0.00,0.00,9.64,9.20,4.48,3.57,0.00,0.00,0.00,147.27,0.00,10.96,0.00,0.00,0.00,0.00
121,3e,PO1,Prsnt,95,0.00,0.00,9.76,8.98,4.38,3.42,0.00,0.00,0.00,148.09,0.00,11.58,0.00,0.00,0.00,0.00
121,3e,PO1,Prsnt,105,0.00,0.00,9.49,8.58,4.19,3.22,0.00,0.00,0.00,143.05,0.00,11.76,0.00,0.00,0.00,0.00
121,3e,PO1,Prsnt,115,0.00,0.00,8.90,8.04,3.93,2.96,0.00,0.00,0.00,133.46,0.00,11.52,0.00,0.00,0.00,0.00
121,3e,PO1,Prsnt,125,0.00,0.00,8.06,7.39,3.61,2.67,0.00,0.00,0.00,120.70,0.00,10.92,0.00,0.00,0.00,0.00
121,3e,PO1,Prsnt,135,0.00,0.00,7.05,6.65,3.25,2.35,0.00,0.00,0.00,106.06,0.00,10.03,0.00,0.00,0.00,0.00
121,3e,PO1,Prsnt,145,0.00,0.00,5.98,5.86,2.86,2.03,0.00,0.00,0.00,90.70,0.00,8.95,0.00,0.00,0.00,0.00
121,3e,PO1,Prsnt,155,0.00,0.00,4.90,5.05,2.47,1.72,0.00,0.00,0.00,75.57,0.00,7.76,0.00,0.00,0.00,0.00
121,3e,PO1,Prsnt,165,0.00,0.00,3.90,4.26,2.08,1.42,0.00,0.00,0.00,61.41,0.00,6.54,0.00,0.00,0.00,0.00
121,3e,PO1,Prsnt,175,0.00,0.00,3.01,3.52,1.72,1.14,0.00,0.00,0.00,48.69,0.00,5.37,0.00,0.00,0.00,0.00
121,3e,PO1,Prsnt,185,0.00,0.00,2.26,2.84,1.39,0.90,0.00,0.00,0.00,37.70,0.00,4.29,0.00,0.00,0.00,0.00
121,3e,PO1,Prsnt,195,0.00,0.00,1.64,2.24,1.09,0.70,0.00,0.00,0.00,28.51,0.00,3.34,0.00,0.00,0.00,0.00
121,3e,PO1,Prsnt,205,0.00,0.00,1.16,1.73,0.84,0.52,0.00,0.00,0.00,21.07,0.00,2.54,0.00,0.00,0.00,0.00
121,3e,PO1,Prsnt,215,0.00,0.00,0.80,1.30,0.64,0.39,0.00,0.00,0.00,15.21,0.00,1.88,0.00,0.00,0.00,0.00
121,3e,PO1,Prsnt,225,0.00,0.00,0.54,0.96,0.47,0.28,0.00,0.00,0.00,10.74,0.00,1.36,0.00,0.00,0.00,0.00
121,3e,PO1,Prsnt,235,0.00,0.00,0.35,0.69,0.34,0.19,0.00,0.00,0.00,7.41,0.00,0.96,0.00,0.00,0.00,0.00
121,3e,PO1,Prsnt,245,0.00,0.00,0.22,0.49,0.24,0.13,0.00,0.00,0.00,5.00,0.00,0.66,0.00,0.00,0.00,0.00
121,3e,PO1,Prsnt,255,0.00,0.00,0.14,0.34,0.16,0.09,0.00,0.00,0.00,3.30,0.00,0.45,0.00,0.00,0.00,0.00
122,patnt,PO1,Prsnt,5,0.00,0.00,0.00,0.00,0.00,0.00,0.00,0.00,0.00,0.00,0.00,0.00,0.00,0.00,0.00,0.00
122,patnt,PO1,Prsnt,15,0.00,0.00,0.00,0.41,0.53,0.48,0.00,0.00,0.00,4.79,0.00,0.18,0.00,0.00,0.00,0.00
122,patnt,PO1,Prsnt,25,0.00,0.00,0.00,1.70,1.61,1.98,0.00,0.00,0.00,18.74,0.00,0.69,0.00,0.00,0.00,0.00
122,patnt,PO1,Prsnt,35,0.00,0.00,0.00,3.35,2.84,3.81,0.00,0.00,0.00,40.91,0.00,1.53,0.00,0.00,0.00,0.00
122,patnt,PO1,Prsnt,45,0.00,0.00,0.00,4.67,3.87,5.18,0.00,0.00,0.00,67.05,0.00,2.57,0.00,0.00,0.00,0.00
122,patnt,PO1,Prsnt,55,0.00,0.00,0.00,5.46,4.59,5.93,0.00,0.00,0.00,92.24,0.00,3.66,0.00,0.00,0.00,0.00
122,patnt,PO1,Prsnt,65,0.00,0.00,0.00,5.87,5.02,6.28,0.00,0.00,0.00,112.95,0.00,4.67,0.00,0.00,0.00,0.00
122,patnt,PO1,Prsnt,75,0.00,0.00,0.00,6.07,5.24,6.39,0.00,0.00,0.00,127.65,0.00,5.52,0.00,0.00,0.00,0.00
122,patnt,PO1,Prsnt,85,0.00,0.00,0.00,6.12,5.30,6.34,0.00,0.00,0.00,136.20,0.00,6.19,0.00,0.00,0.00,0.00
122,patnt,PO1,Prsnt,95,0.00,0.00,0.00,6.07,5.27,6.18,0.00,0.00,0.00,139.14,0.00,6.64,0.00,0.00,0.00,0.00
122,patnt,PO1,Prsnt,105,0.00,0.00,0.00,5.93,5.15,5.93,0.00,0.00,0.00,137.30,0.00,6.89,0.00,0.00,0.00,0.00
122,patnt,PO1,Prsnt,115,0.00,0.00,0.00,5.71,4.96,5.60,0.00,0.00,0.00,131.60,0.00,6.93,0.00,0.00,0.00,0.00
122,patnt,PO1,Prsnt,125,0.00,0.00,0.00,5.41,4.70,5.22,0.00,0.00,0.00,122.93,0.00,6.79,0.00,0.00,0.00,0.00
122,patnt,PO1,Prsnt,135,0.00,0.00,0.00,5.06,4.40,4.78,0.00,0.00,0.00,112.20,0.00,6.48,0.00,0.00,0.00,0.00
122,patnt,PO1,Prsnt,145,0.00,0.00,0.00,4.66,4.05,4.31,0.00,0.00,0.00,100.20,0.00,6.04,0.00,0.00,0.00,0.00
122,patnt,PO1,Prsnt,155,0.00,0.00,0.00,4.22,3.67,3.83,0.00,0.00,0.00,87.67,0.00,5.49,0.00,0.00,0.00,0.00
122,patnt,PO1,Prsnt,165,0.00,0.00,0.00,3.76,3.27,3.34,0.00,0.00,0.00,75.22,0.00,4.89,0.00,0.00,0.00,0.00
122,patnt,PO1,Prsnt,175,0.00,0.00,0.00,3.29,2.86,2.86,0.00,0.00,0.00,63.32,0.00,4.26,0.00,0.00,0.00,0.00
122,patnt,PO1,Prsnt,185,0.00,0.00,0.00,2.84,2.47,2.41,0.00,0.00,0.00,52.33,0.00,3.64,0.00,0.00,0.00,0.00
122,patnt,PO1,Prsnt,195,0.00,0.00,0.00,2.40,2.09,2.00,0.00,0.00,0.00,42.48,0.00,3.04,0.00,0.00,0.00,0.00
122,patnt,PO1,Prsnt,205,0.00,0.00,0.00,2.00,1.74,1.63,0.00,0.00,0.00,33.87,0.00,2.49,0.00,0.00,0.00,0.00
122,patnt,PO1,Prsnt,215,0.00,0.00,0.00,1.64,1.42,1.30,0.00,0.00,0.00,26.54,0.00,2.01,0.00,0.00,0.00,0.00
122,patnt,PO1,Prsnt,225,0.00,0.00,0.00,1.32,1.15,1.02,0.00,0.00,0.00,20.45,0.00,1.59,0.00,0.00,0.00,0.00
122,patnt,PO1,Prsnt,235,0.00,0.00,0.00,1.04,0.91,0.79,0.00,0.00,0.00,15.48,0.00,1.23,0.00,0.00,0.00,0.00
122,patnt,PO1,Prsnt,245,0.00,0.00,0.00,0.81,0.71,0.60,0.00,0.00,0.00,11.53,0.00,0.94,0.00,0.00,0.00,0.00
122,patnt,PO1,Prsnt,255,0.00,0.00,0.00,0.62,0.54,0.45,0.00,0.00,0.00,8.44,0.00,0.70,0.00,0.00,0.00,0.00
123,3e,PO1,Exten,5,0.00,0.00,0.00,0.00,0.00,0.00,0.00,0.00,0.00,0.00,0.00,0.00,0.00,0.00,0.00,0.00
123,3e,PO1,Exten,15,0.00,0.00,0.48,0.50,0.27,0.25,0.00,0.00,0.00,4.91,0.00,0.29,0.00,0.00,0.00,0.00
123,3e,PO1,Exten,25,0.00,0.00,1.60,2.12,0.86,1.06,0.00,0.00,0.00,19.78,0.00,1.17,0.00,0.00,0.00,0.00
123,3e,PO1,Exten,35,0.00,0.00,3.16,4.25,1.54,2.07,0.00,0.00,0.00,43.83,0.00,2.62,0.00,0.00,0.00,0.00
123,3e,PO1,Exten,45,0.00,0.00,4.88,5.96,2.12,2.83,0.00,0.00,0.00,72.39,0.00,4.42,0.00,0.00,0.00,0.00
123,3e,PO1,Exten,55,0.00,0.00,6.48,6.99,2.52,3.25,0.00,0.00,0.00,99.84,0.00,6.31,0.00,0.00,0.00,0.00
123,3e,PO1,Exten,65,0.00,0.00,7.78,7.51,2.75,3.44,0.00,0.00,0.00,122.04,0.00,8.04,0.00,0.00,0.00,0.00
123,3e,PO1,Exten,75,0.00,0.00,8.70,7.71,2.85,3.47,0.00,0.00,0.00,137.03,0.00,9.45,0.00,0.00,0.00,0.00
123,3e,PO1,Exten,85,0.00,0.00,9.20,7.69,2.85,3.41,0.00,0.00,0.00,144.54,0.00,10.46,0.00,0.00,0.00,0.00
123,3e,PO1,Exten,95,0.00,0.00,9.31,7.49,2.78,3.27,0.00,0.00,0.00,145.23,0.00,11.05,0.00,0.00,0.00,0.00
123,3e,PO1,Exten,105,0.00,0.00,9.05,7.16,2.66,3.06,0.00,0.00,0.00,140.21,0.00,11.21,0.00,0.00,0.00,0.00
123,3e,PO1,Exten,115,0.00,0.00,8.48,6.71,2.49,2.82,0.00,0.00,0.00,130.76,0.00,10.98,0.00,0.00,0.00,0.00
123,3e,PO1,Exten,125,0.00,0.00,7.68,6.16,2.29,2.54,0.00,0.00,0.00,118.23,0.00,10.40,0.00,0.00,0.00,0.00
123,3e,PO1,Exten,135,0.00,0.00,6.72,5.54,2.06,2.24,0.00,0.00,0.00,103.87,0.00,9.56,0.00,0.00,0.00,0.00
123,3e,PO1,Exten,145,0.00,0.00,5.69,4.88,1.82,1.93,0.00,0.00,0.00,88.82,0.00,8.53,0.00,0.00,0.00,0.00
123,3e,PO1,Exten,155,0.00,0.00,4.67,4.21,1.57,1.63,0.00,0.00,0.00,74.00,0.00,7.39,0.00,0.00,0.00,0.00
123,3e,PO1,Exten,165,0.00,0.00,3.72,3.55,1.32,1.35,0.00,0.00,0.00,60.13,0.00,6.23,0.00,0.00,0.00,0.00
123,3e,PO1,Exten,175,0.00,0.00,2.87,2.93,1.09,1.09,0.00,0.00,0.00,47.68,0.00,5.11,0.00,0.00,0.00,0.00
123,3e,PO1,Exten,185,0.00,0.00,2.15,2.36,0.88,0.86,0.00,0.00,0.00,36.91,0.00,4.09,0.00,0.00,0.00,0.00
123,3e,PO1,Exten,195,0.00,0.00,1.57,1.87,0.69,0.66,0.00,0.00,0.00,27.92,0.00,3.18,0.00,0.00,0.00,0.00
123,3e,PO1,Exten,205,0.00,0.00,1.11,1.44,0.53,0.50,0.00,0.00,0.00,20.63,0.00,2.42,0.00,0.00,0.00,0.00
123,3e,PO1,Exten,215,0.00,0.00,0.76,1.08,0.40,0.37,0.00,0.00,0.00,14.90,0.00,1.79,0.00,0.00,0.00,0.00
123,3e,PO1,Exten,225,0.00,0.00,0.51,0.80,0.30,0.26,0.00,0.00,0.00,10.51,0.00,1.30,0.00,0.00,0.00,0.00
123,3e,PO1,Exten,235,0.00,0.00,0.33,0.58,0.21,0.18,0.00,0.00,0.00,7.26,0.00,0.92,0.00,0.00,0.00,0.00
123,3e,PO1,Exten,245,0.00,0.00,0.21,0.41,0.15,0.13,0.00,0.00,0.00,4.90,0.00,0.63,0.00,0.00,0.00,0.00
123,3e,PO1,Exten,255,0.00,0.00,0.13,0.28,0.10,0.08,0.00,0.00,0.00,3.23,0.00,0.43,0.00,0.00,0.00,0.00
124,patnt,PO1,Exten,5,0.00,0.00,0.00,0.00,0.00,0.00,0.00,0.00,0.00,0.00,0.00,0.00,0.00,0.00,0.00,0.00
124,patnt,PO1,Exten,15,0.00,0.00,0.00,0.41,0.53,0.48,0.00,0.00,0.00,4.79,0.00,0.18,0.00,0.00,0.00,0.00
124,patnt,PO1,Exten,25,0.00,0.00,0.00,1.70,1.61,1.98,0.00,0.00,0.00,18.74,0.00,0.69,0.00,0.00,0.00,0.00
124,patnt,PO1,Exten,35,0.00,0.00,0.00,3.35,2.84,3.81,0.00,0.00,0.00,40.91,0.00,1.53,0.00,0.00,0.00,0.00
124,patnt,PO1,Exten,45,0.00,0.00,0.00,4.67,3.87,5.18,0.00,0.00,0.00,67.05,0.00,2.57,0.00,0.00,0.00,0.00
124,patnt,PO1,Exten,55,0.00,0.00,0.00,5.46,4.59,5.93,0.00,0.00,0.00,92.24,0.00,3.66,0.00,0.00,0.00,0.00
124,patnt,PO1,Exten,65,0.00,0.00,0.00,5.87,5.02,6.28,0.00,0.00,0.00,112.95,0.00,4.67,0.00,0.00,0.00,0.00
124,patnt,PO1,Exten,75,0.00,0.00,0.00,6.07,5.24,6.39,0.00,0.00,0.00,127.65,0.00,5.52,0.00,0.00,0.00,0.00
124,patnt,PO1,Exten,85,0.00,0.00,0.00,6.12,5.30,6.34,0.00,0.00,0.00,136.20,0.00,6.19,0.00,0.00,0.00,0.00
124,patnt,PO1,Exten,95,0.00,0.00,0.00,6.07,5.27,6.18,0.00,0.00,0.00,139.14,0.00,6.64,0.00,0.00,0.00,0.00
124,patnt,PO1,Exten,105,0.00,0.00,0.00,5.93,5.15,5.93,0.00,0.00,0.00,137.30,0.00,6.89,0.00,0.00,0.00,0.00
124,patnt,PO1,Exten,115,0.00,0.00,0.00,5.71,4.96,5.60,0.00,0.00,0.00,131.60,0.00,6.93,0.00,0.00,0.00,0.00
124,patnt,PO1,Exten,125,0.00,0.00,0.00,5.41,4.70,5.22,0.00,0.00,0.00,122.93,0.00,6.79,0.00,0.00,0.00,0.00
124,patnt,PO1,Exten,135,0.00,0.00,0.00,5.06,4.40,4.78,0.00,0.00,0.00,112.20,0.00,6.48,0.00,0.00,0.00,0.00
124,patnt,PO1,Exten,145,0.00,0.00,0.00,4.66,4.05,4.31,0.00,0.00,0.00,100.20,0.00,6.04,0.00,0.00,0.00,0.00
124,patnt,PO1,Exten,155,0.00,0.00,0.00,4.22,3.67,3.83,0.00,0.00,0.00,87.67,0.00,5.49,0.00,0.00,0.00,0.00
124,patnt,PO1,Exten,165,0.00,0.00,0.00,3.76,3.27,3.34,0.00,0.00,0.00,75.22,0.00,4.89,0.00,0.00,0.00,0.00
124,patnt,PO1,Exten,175,0.00,0.00,0.00,3.29,2.86,2.86,0.00,0.00,0.00,63.32,0.00,4.26,0.00,0.00,0.00,0.00
124,patnt,PO1,Exten,185,0.00,0.00,0.00,2.84,2.47,2.41,0.00,0.00,0.00,52.33,0.00,3.64,0.00,0.00,0.00,0.00
124,patnt,PO1,Exten,195,0.00,0.00,0.00,2.40,2.09,2.00,0.00,0.00,0.00,42.48,0.00,3.04,0.00,0.00,0.00,0.00
124,patnt,PO1,Exten,205,0.00,0.00,0.00,2.00,1.74,1.63,0.00,0.00,0.00,33.87,0.00,2.49,0.00,0.00,0.00,0.00
124,patnt,PO1,Exten,215,0.00,0.00,0.00,1.64,1.42,1.30,0.00,0.00,0.00,26.54,0.00,2.01,0.00,0.00,0.00,0.00
124,patnt,PO1,Exten,225,0.00,0.00,0.00,1.32,1.15,1.02,0.00,0.00,0.00,20.45,0.00,1.59,0.00,0.00,0.00,0.00
124,patnt,PO1,Exten,235,0.00,0.00,0.00,1.04,0.91,0.79,0.00,0.00,0.00,15.48,0.00,1.23,0.00,0.00,0.00,0.00
124,patnt,PO1,Exten,245,0.00,0.00,0.00,0.81,0.71,0.60,0.00,0.00,0.00,11.53,0.00,0.94,0.00,0.00,0.00,0.00
124,patnt,PO1,Exten,255,0.00,0.00,0.00,0.62,0.54,0.45,0.00,0.00,0.00,8.44,0.00,0.70,0.00,0.00,0.00,0.00
125,3e,PO1,Intn1,5,0.00,0.00,0.00,0.00,0.00,0.00,0.00,0.00,0.00,0.00,0.00,0.00,0.00,0.00,0.00,0.00
125,3e,PO1,Intn1,15,0.00,0.00,0.49,0.58,0.42,0.26,0.00,0.00,0.00,4.89,0.00,0.30,0.00,0.00,0.00,0.00
125,3e,PO1,Intn1,25,0.00,0.00,1.64,2.49,1.33,1.09,0.00,0.00,0.00,19.80,0.00,1.20,0.00,0.00,0.00,0.00
125,3e,PO1,Intn1,35,0.00,0.00,3.27,5.02,2.39,2.14,0.00,0.00,0.00,44.09,0.00,2.70,0.00,0.00,0.00,0.00
125,3e,PO1,Intn1,45,0.00,0.00,5.07,7.07,3.30,2.94,0.00,0.00,0.00,73.12,0.00,4.60,0.00,0.00,0.00,0.00
125,3e,PO1,Intn1,55,0.00,0.00,6.75,8.32,3.94,3.39,0.00,0.00,0.00,101.19,0.00,6.58,0.00,0.00,0.00,0.00
125,3e,PO1,Intn1,65,0.00,0.00,8.13,8.96,4.31,3.59,0.00,0.00,0.00,123.99,0.00,8.40,0.00,0.00,0.00,0.00
125,3e,PO1,Intn1,75,0.00,0.00,9.10,9.22,4.47,3.63,0.00,0.00,0.00,139.46,0.00,9.89,0.00,0.00,0.00,0.00
125,3e,PO1,Intn1,85,0.00,0.00,9.64,9.20,4.48,3.57,0.00,0.00,0.00,147.27,0.00,10.96,0.00,0.00,0.00,0.00
125,3e,PO1,Intn1,95,0.00,0.00,9.76,8.98,4.38,3.42,0.00,0.00,0.00,148.09,0.00,11.58,0.00,0.00,0.00,0.00
125,3e,PO1,Intn1,105,0.00,0.00,9.49,8.58,4.19,3.22,0.00,0.00,0.00,143.05,0.00,11.76,0.00,0.00,0.00,0.00
125,3e,PO1,Intn1,115,0.00,0.00,8.90,8.04,3.93,2.96,0.00,0.00,0.00,133.46,0.00,11.52,0.00,0.00,0.00,0.00
125,3e,PO1,Intn1,125,0.00,0.00,8.06,7.39,3.61,2.67,0.00,0.00,0.00,120.70,0.00,10.92,0.00,0.00,0.00,0.00
125,3e,PO1,Intn1,135,0.00,0.00,7.05,6.65,3.25,2.35,0.00,0.00,0.00,106.06,0.00,10.03,0.00,0.00,0.00,0.00
125,3e,PO1,Intn1,145,0.00,0.00,5.98,5.86,2.86,2.03,0.00,0.00,0.00,90.70,0.00,8.95,0.00,0.00,0.00,0.00
125,3e,PO1,Intn1,155,0.00,0.00,4.90,5.05,2.47,1.72,0.00,0.00,0.00,75.57,0.00,7.76,0.00,0.00,0.00,0.00
125,3e,PO1,Intn1,165,0.00,0.00,3.90,4.26,2.08,1.42,0.00,0.00,0.00,61.41,0.00,6.54,0.00,0.00,0.00,0.00
125,3e,PO1,Intn1,175,0.00,0.00,3.01,3.52,1.72,1.14,0.00,0.00,0.00,48.69,0.00,5.37,0.00,0.00,0.00,0.00
125,3e,PO1,Intn1,185,0.00,0.00,2.26,2.84,1.39,0.90,0.00,0.00,0.00,37.70,0.00,4.29,0.00,0.00,0.00,0.00
125,3e,PO1,Intn1,195,0.00,0.00,1.64,2.24,1.09,0.70,0.00,0.00,0.00,28.51,0.00,3.34,0.00,0.00,0.00,0.00
125,3e,PO1,Intn1,205,0.00,0.00,1.16,1.73,0.84,0.52,0.00,0.00,0.00,21.07,0.00,2.54,0.00,0.00,0.00,0.00
125,3e,PO1,Intn1,215,0.00,0.00,0.80,1.30,0.64,0.39,0.00,0.00,0.00,15.21,0.00,1.88,0.00,0.00,0.00,0.00
125,3e,PO1,Intn1,225,0.00,0.00,0.54,0.96,0.47,0.28,0.00,0.00,0.00,10.74,0.00,1.36,0.00,0.00,0.00,0.00
125,3e,PO1,Intn1,235,0.00,0.00,0.35,0.69,0.34,0.19,0.00,0.00,0.00,7.41,0.00,0.96,0.00,0.00,0.00,0.00
125,3e,PO1,Intn1,245,0.00,0.00,0.22,0.49,0.24,0.13,0.00,0.00,0.00,5.00,0.00,0.66,0.00,0.00,0.00,0.00
125,3e,PO1,Intn1,255,0.00,0.00,0.14,0.34,0.16,0.09,0.00,0.00,0.00,3.30,0.00,0.45,0.00,0.00,0.00,0.00
126,patnt,PO1,Intn1,5,0.00,0.00,0.00,0.00,0.00,0.00,0.00,0.00,0.00,0.00,0.00,0.00,0.00,0.00,0.00,0.00
126,patnt,PO1,Intn1,15,0.00,0.00,0.00,0.41,0.53,0.48,0.00,0.00,0.00,4.79,0.00,0.18,0.00,0.00,0.00,0.00
126,patnt,PO1,Intn1,25,0.00,0.00,0.00,1.70,1.61,1.98,0.00,0.00,0.00,18.74,0.00,0.69,0.00,0.00,0.00,0.00
126,patnt,PO1,Intn1,35,0.00,0.00,0.00,3.35,2.84,3.81,0.00,0.00,0.00,40.91,0.00,1.53,0.00,0.00,0.00,0.00
126,patnt,PO1,Intn1,45,0.00,0.00,0.00,4.67,3.87,5.18,0.00,0.00,0.00,67.05,0.00,2.57,0.00,0.00,0.00,0.00
126,patnt,PO1,Intn1,55,0.00,0.00,0.00,5.46,4.59,5.93,0.00,0.00,0.00,92.24,0.00,3.66,0.00,0.00,0.00,0.00
126,patnt,PO1,Intn1,65,0.00,0.00,0.00,5.87,5.02,6.28,0.00,0.00,0.00,112.95,0.00,4.67,0.00,0.00,0.00,0.00
126,patnt,PO1,Intn1,75,0.00,0.00,0.00,6.07,5.24,6.39,0.00,0.00,0.00,127.65,0.00,5.52,0.00,0.00,0.00,0.00
126,patnt,PO1,Intn1,85,0.00,0.00,0.00,6.12,5.30,6.34,0.00,0.00,0.00,136.20,0.00,6.19,0.00,0.00,0.00,0.00
126,patnt,PO1,Intn1,95,0.00,0.00,0.00,6.07,5.27,6.18,0.00,0.00,0.00,139.14,0.00,6.64,0.00,0.00,0.00,0.00
126,patnt,PO1,Intn1,105,0.00,0.00,0.00,5.93,5.15,5.93,0.00,0.00,0.00,137.30,0.00,6.89,0.00,0.00,0.00,0.00
126,patnt,PO1,Intn1,115,0.00,0.00,0.00,5.71,4.96,5.60,0.00,0.00,0.00,131.60,0.00,6.93,0.00,0.00,0.00,0.00
126,patnt,PO1,Intn1,125,0.00,0.00,0.00,5.41,4.70,5.22,0.00,0.00,0.00,122.93,0.00,6.79,0.00,0.00,0.00,0.00
126,patnt,PO1,Intn1,135,0.00,0.00,0.00,5.06,4.40,4.78,0.00,0.00,0.00,112.20,0.00,6.48,0.00,0.00,0.00,0.00
126,patnt,PO1,Intn1,145,0.00,0.00,0.00,4.66,4.05,4.31,0.00,0.00,0.00,100.20,0.00,6.04,0.00,0.00,0.00,0.00
126,patnt,PO1,Intn1,155,0.00,0.00,0.00,4.22,3.67,3.83,0.00,0.00,0.00,87.67,0.00,5.49,0.00,0.00,0.00,0.00
126,patnt,PO1,Intn1,165,0.00,0.00,0.00,3.76,3.27,3.34,0.00,0.00,0.00,75.22,0.00,4.89,0.00,0.00,0.00,0.00
126,patnt,PO1,Intn1,175,0.00,0.00,0.00,3.29,2.86,2.86,0.00,0.00,0.00,63.32,0.00,4.26,0.00,0.00,0.00,0.00
126,patnt,PO1,Intn1,185,0.00,0.00,0.00,2.84,2.47,2.41,0.00,0.00,0.00,52.33,0.00,3.64,0.00,0.00,0.00,0.00
126,patnt,PO1,Intn1,195,0.00,0.00,0.00,2.40,2.09,2.00,0.00,0.00,0.00,42.48,0.00,3.04,0.00,0.00,0.00,0.00
126,patnt,PO1,Intn1,205,0.00,0.00,0.00,2.00,1.74,1.63,0.00,0.00,0.00,33.87,0.00,2.49,0.00,0.00,0.00,0.00
126,patnt,PO1,Intn1,215,0.00,0.00,0.00,1.64,1.42,1.30,0.00,0.00,0.00,26.54,0.00,2.01,0.00,0.00,0.00,0.00
126,patnt,PO1,Intn1,225,0.00,0.00,0.00,1.32,1.15,1.02,0.00,0.00,0.00,20.45,0.00,1.59,0.00,0.00,0.00,0.00
126,patnt,PO1,Intn1,235,0.00,0.00,0.00,1.04,0.91,0.79,0.00,0.00,0.00,15.48,0.00,1.23,0.00,0.00,0.00,0.00
126,patnt,PO1,Intn1,245,0.00,0.00,0.00,0.81,0.71,0.60,0.00,0.00,0.00,11.53,0.00,0.94,0.00,0.00,0.00,0.00
126,patnt,PO1,Intn1,255,0.00,0.00,0.00,0.62,0.54,0.45,0.00,0.00,0.00,8.44,0.00,0.70,0.00,0.00,0.00,0.00
129,3e,BW1,Prsnt,5,0.00,0.00,0.00,0.00,0.00,0.00,0.00,0.00,0.00,0.00,0.00,0.00,0.00,0.00,0.00,0.00
129,3e,BW1,Prsnt,15,0.01,0.00,0.07,0.10,0.11,0.05,0.05,0.00,0.00,0.20,0.00,0.24,4.05633125000369e-03,0.00,0.00,1.75814751907979e-03
129,3e,BW1,Prsnt,25,0.07,0.00,0.46,0.77,0.65,0.40,0.19,0.00,0.00,1.52,0.00,1.74,0.02,0.00,0.00,0.01
129,3e,BW1,Prsnt,35,0.23,0.00,1.25,2.15,1.61,1.09,0.38,0.00,0.00,4.66,0.00,5.36,0.08,0.00,0.00,0.03
129,3e,BW1,Prsnt,45,0.46,0.00,2.30,3.58,2.63,1.78,0.55,0.00,0.00,9.14,0.00,10.76,0.16,0.00,0.00,0.06
129,3e,BW1,Prsnt,55,0.73,0.00,3.32,4.56,3.40,2.22,0.67,0.00,0.00,13.70,0.00,16.69,0.25,0.00,0.00,0.10
129,3e,BW1,Prsnt,65,0.97,0.00,4.13,5.07,3.84,2.43,0.73,0.00,0.00,17.33,0.00,21.99,0.34,0.00,0.00,0.13
129,3e,BW1,Prsnt,75,1.17,0.00,4.65,5.25,4.01,2.48,0.75,0.00,0.00,19.63,0.00,26.07,0.41,0.00,0.00,0.16
129,3e,BW1,Prsnt,85,1.31,0.00,4.90,5.21,4.00,2.42,0.73,0.00,0.00,20.62,0.00,28.73,0.45,0.00,0.00,0.18
129,3e,BW1,Prsnt,95,1.39,0.00,4.89,5.02,3.86,2.29,0.69,0.00,0.00,20.44,0.00,29.94,0.48,0.00,0.00,0.19
129,3e,BW1,Prsnt,105,1.41,0.00,4.66,4.70,3.61,2.10,0.63,0.00,0.00,19.35,0.00,29.79,0.49,0.00,0.00,0.19
129,3e,BW1,Prsnt,115,1.37,0.00,4.26,4.29,3.30,1.89,0.56,0.00,0.00,17.60,0.00,28.45,0.47,0.00,0.00,0.18
129,3e,BW1,Prsnt,125,1.28,0.00,3.75,3.83,2.95,1.65,0.48,0.00,0.00,15.47,0.00,26.20,0.44,0.00,0.00,0.17
129,3e,BW1,Prsnt,135,1.16,0.00,3.18,3.34,2.57,1.41,0.40,0.00,0.00,13.17,0.00,23.34,0.40,0.00,0.00,0.15
129,3e,BW1,Prsnt,145,1.01,0.00,2.61,2.85,2.19,1.18,0.33,0.00,0.00,10.90,0.00,20.15,0.35,0.00,0.00,0.13
129,3e,BW1,Prsnt,155,0.86,0.00,2.07,2.38,1.83,0.96,0.26,0.00,0.00,8.79,0.00,16.90,0.30,0.00,0.00,0.11
129,3e,BW1,Prsnt,165,0.71,0.00,1.59,1.94,1.49,0.77,0.20,0.00,0.00,6.91,0.00,13.78,0.25,0.00,0.00,0.09
129,3e,BW1,Prsnt,175,0.57,0.00,1.19,1.55,1.19,0.60,0.15,0.00,0.00,5.30,0.00,10.95,0.20,0.00,0.00,0.07
129,3e,BW1,Prsnt,185,0.44,0.00,0.86,1.21,0.93,0.46,0.11,0.00,0.00,3.97,0.00,8.48,0.16,0.00,0.00,0.06
129,3e,BW1,Prsnt,195,0.34,0.00,0.61,0.93,0.71,0.34,0.08,0.00,0.00,2.91,0.00,6.41,0.12,0.00,0.00,0.04
129,3e,BW1,Prsnt,205,0.25,0.00,0.42,0.69,0.53,0.25,0.05,0.00,0.00,2.09,0.00,4.73,0.09,0.00,0.00,0.03
129,3e,BW1,Prsnt,215,0.18,0.00,0.28,0.51,0.39,0.18,0.04,0.00,0.00,1.47,0.00,3.41,0.07,0.00,0.00,0.02
129,3e,BW1,Prsnt,225,0.13,0.00,0.18,0.36,0.28,0.12,0.02,0.00,0.00,1.01,0.00,2.41,0.05,0.00,0.00,0.01
129,3e,BW1,Prsnt,235,0.09,0.00,0.11,0.25,0.19,0.08,0.01,0.00,0.00,0.68,0.00,1.66,0.03,0.00,0.00,0.01
129,3e,BW1,Prsnt,245,0.06,0.00,0.07,0.17,0.13,0.05,0.01,0.00,0.00,0.44,0.00,1.12,0.02,0.00,0.00,8.74726999628583e-03
129,3e,BW1,Prsnt,255,0.04,0.00,0.04,0.12,0.09,0.03,7.37844455448811e-03,0.00,0.00,0.28,0.00,0.74,0.01,0.00,0.00,5.80630120110849e-03
130,patnt,BW1,Prsnt,5,0.00,0.00,0.00,0.00,0.00,0.00,0.00,0.00,0.00,0.00,0.00,0.00,0.00,0.00,0.00,0.00
130,patnt,BW1,Prsnt,15,0.00,0.00,0.10,0.14,0.16,0.07,0.08,0.00,0.00,0.29,0.00,0.34,0.00,0.00,0.00,2.47767885851659e-03
130,patnt,BW1,Prsnt,25,0.00,0.00,0.62,1.06,0.89,0.55,0.26,0.00,0.00,2.07,0.00,2.41,0.00,0.00,0.00,0.01
130,patnt,BW1,Prsnt,35,0.00,0.00,1.65,2.83,2.12,1.44,0.50,0.00,0.00,6.13,0.00,7.18,0.00,0.00,0.00,0.04
130,patnt,BW1,Prsnt,45,0.00,0.00,2.92,4.55,3.35,2.26,0.70,0.00,0.00,11.62,0.00,13.94,0.00,0.00,0.00,0.08
130,patnt,BW1,Prsnt,55,0.00,0.00,4.08,5.61,4.18,2.73,0.82,0.00,0.00,16.84,0.00,20.89,0.00,0.00,0.00,0.12
130,patnt,BW1,Prsnt,65,0.00,0.00,4.90,6.02,4.56,2.88,0.87,0.00,0.00,20.58,0.00,26.58,0.00,0.00,0.00,0.16
130,patnt,BW1,Prsnt,75,0.00,0.00,5.34,6.03,4.61,2.84,0.86,0.00,0.00,22.52,0.00,30.45,0.00,0.00,0.00,0.18
130,patnt,BW1,Prsnt,85,0.00,0.00,5.43,5.78,4.43,2.68,0.81,0.00,0.00,22.84,0.00,32.41,0.00,0.00,0.00,0.20
130,patnt,BW1,Prsnt,95,0.00,0.00,5.23,5.37,4.13,2.45,0.74,0.00,0.00,21.87,0.00,32.61,0.00,0.00,0.00,0.20
130,patnt,BW1,Prsnt,105,0.00,0.00,4.81,4.85,3.73,2.17,0.65,0.00,0.00,19.98,0.00,31.32,0.00,0.00,0.00,0.20
130,patnt,BW1,Prsnt,115,0.00,0.00,4.25,4.28,3.29,1.88,0.55,0.00,0.00,17.55,0.00,28.88,0.00,0.00,0.00,0.18
130,patnt,BW1,Prsnt,125,0.00,0.00,3.61,3.69,2.84,1.59,0.46,0.00,0.00,14.88,0.00,25.67,0.00,0.00,0.00,0.16
130,patnt,BW1,Prsnt,135,0.00,0.00,2.95,3.10,2.39,1.31,0.37,0.00,0.00,12.23,0.00,22.06,0.00,0.00,0.00,0.14
130,patnt,BW1,Prsnt,145,0.00,0.00,2.33,2.55,1.97,1.06,0.29,0.00,0.00,9.76,0.00,18.38,0.00,0.00,0.00,0.12
130,patnt,BW1,Prsnt,155,0.00,0.00,1.79,2.05,1.58,0.83,0.22,0.00,0.00,7.59,0.00,14.87,0.00,0.00,0.00,0.10
130,patnt,BW1,Prsnt,165,0.00,0.00,1.33,1.62,1.24,0.64,0.17,0.00,0.00,5.75,0.00,11.70,0.00,0.00,0.00,0.08
130,patnt,BW1,Prsnt,175,0.00,0.00,0.95,1.24,0.96,0.48,0.12,0.00,0.00,4.26,0.00,8.96,0.00,0.00,0.00,0.06
130,patnt,BW1,Prsnt,185,0.00,0.00,0.67,0.94,0.72,0.35,0.08,0.00,0.00,3.08,0.00,6.69,0.00,0.00,0.00,0.04
130,patnt,BW1,Prsnt,195,0.00,0.00,0.45,0.69,0.53,0.25,0.06,0.00,0.00,2.18,0.00,4.88,0.00,0.00,0.00,0.03
130,patnt,BW1,Prsnt,205,0.00,0.00,0.30,0.50,0.38,0.18,0.04,0.00,0.00,1.50,0.00,3.47,0.00,0.00,0.00,0.02
130,patnt,BW1,Prsnt,215,0.00,0.00,0.19,0.35,0.27,0.12,0.02,0.00,0.00,1.02,0.00,2.41,0.00,0.00,0.00,0.01
130,patnt,BW1,Prsnt,225,0.00,0.00,0.12,0.24,0.18,0.08,0.01,0.00,0.00,0.67,0.00,1.64,0.00,0.00,0.00,0.01
130,patnt,BW1,Prsnt,235,0.00,0.00,0.07,0.16,0.12,0.05,0.01,0.00,0.00,0.43,0.00,1.08,0.00,0.00,0.00,8.29209527265927e-03
130,patnt,BW1,Prsnt,245,0.00,0.00,0.04,0.11,0.08,0.03,7.25923492370793e-03,0.00,0.00,0.27,0.00,0.70,0.00,0.00,0.00,5.42343223309891e-03
130,patnt,BW1,Prsnt,255,0.00,0.00,0.02,0.07,0.05,0.02,4.40531942950166e-03,0.00,0.00,0.17,0.00,0.45,0.00,0.00,0.00,3.46666716892564e-03
131,3e,BW1,Exten,5,0.00,0.00,0.00,0.00,0.00,0.00,0.00,0.00,0.00,0.00,0.00,0.00,0.00,0.00,0.00,0.00
131,3e,BW1,Exten,15,0.00,0.00,0.08,0.12,0.04,0.04,0.06,0.00,0.00,0.23,0.00,0.28,0.00,0.00,0.00,0.00
131,3e,BW1,Exten,25,0.00,0.00,0.48,0.92,0.27,0.34,0.20,0.00,0.00,1.69,0.00,2.01,0.00,0.00,0.00,0.00
131,3e,BW1,Exten,35,0.00,0.00,1.31,2.52,0.67,0.91,0.39,0.00,0.00,5.11,0.00,6.11,0.00,0.00,0.00,0.00
131,3e,BW1,Exten,45,0.00,0.00,2.38,4.17,1.09,1.47,0.57,0.00,0.00,9.93,0.00,12.15,0.00,0.00,0.00,0.00
131,3e,BW1,Exten,55,0.00,0.00,3.41,5.27,1.39,1.82,0.69,0.00,0.00,14.78,0.00,18.70,0.00,0.00,0.00,0.00
131,3e,BW1,Exten,65,0.00,0.00,4.22,5.83,1.57,1.98,0.75,0.00,0.00,18.59,0.00,24.51,0.00,0.00,0.00,0.00
131,3e,BW1,Exten,75,0.00,0.00,4.74,6.02,1.63,2.01,0.76,0.00,0.00,20.98,0.00,28.95,0.00,0.00,0.00,0.00
131,3e,BW1,Exten,85,0.00,0.00,4.97,5.96,1.62,1.96,0.74,0.00,0.00,21.97,0.00,31.82,0.00,0.00,0.00,0.00
131,3e,BW1,Exten,95,0.00,0.00,4.96,5.72,1.56,1.85,0.70,0.00,0.00,21.75,0.00,33.10,0.00,0.00,0.00,0.00
131,3e,BW1,Exten,105,0.00,0.00,4.72,5.35,1.46,1.70,0.64,0.00,0.00,20.56,0.00,32.89,0.00,0.00,0.00,0.00
131,3e,BW1,Exten,115,0.00,0.00,4.31,4.89,1.33,1.53,0.56,0.00,0.00,18.69,0.00,31.39,0.00,0.00,0.00,0.00
131,3e,BW1,Exten,125,0.00,0.00,3.79,4.36,1.19,1.34,0.48,0.00,0.00,16.41,0.00,28.90,0.00,0.00,0.00,0.00
131,3e,BW1,Exten,135,0.00,0.00,3.21,3.80,1.04,1.14,0.41,0.00,0.00,13.98,0.00,25.73,0.00,0.00,0.00,0.00
131,3e,BW1,Exten,145,0.00,0.00,2.63,3.24,0.88,0.95,0.33,0.00,0.00,11.57,0.00,22.22,0.00,0.00,0.00,0.00
131,3e,BW1,Exten,155,0.00,0.00,2.09,2.70,0.74,0.78,0.26,0.00,0.00,9.32,0.00,18.63,0.00,0.00,0.00,0.00
131,3e,BW1,Exten,165,0.00,0.00,1.61,2.21,0.60,0.62,0.20,0.00,0.00,7.33,0.00,15.20,0.00,0.00,0.00,0.00
131,3e,BW1,Exten,175,0.00,0.00,1.20,1.76,0.48,0.49,0.15,0.00,0.00,5.63,0.00,12.08,0.00,0.00,0.00,0.00
131,3e,BW1,Exten,185,0.00,0.00,0.87,1.38,0.37,0.37,0.11,0.00,0.00,4.22,0.00,9.36,0.00,0.00,0.00,0.00
131,3e,BW1,Exten,195,0.00,0.00,0.62,1.05,0.29,0.28,0.08,0.00,0.00,3.10,0.00,7.08,0.00,0.00,0.00,0.00
131,3e,BW1,Exten,205,0.00,0.00,0.42,0.79,0.21,0.20,0.05,0.00,0.00,2.22,0.00,5.22,0.00,0.00,0.00,0.00
131,3e,BW1,Exten,215,0.00,0.00,0.28,0.58,0.15,0.14,0.04,0.00,0.00,1.56,0.00,3.77,0.00,0.00,0.00,0.00
131,3e,BW1,Exten,225,0.00,0.00,0.18,0.41,0.11,0.10,0.02,0.00,0.00,1.07,0.00,2.66,0.00,0.00,0.00,0.00
131,3e,BW1,Exten,235,0.00,0.00,0.11,0.29,0.08,0.07,0.01,0.00,0.00,0.72,0.00,1.83,0.00,0.00,0.00,0.00
131,3e,BW1,Exten,245,0.00,0.00,0.07,0.20,0.05,0.04,0.01,0.00,0.00,0.47,0.00,1.23,0.00,0.00,0.00,0.00
131,3e,BW1,Exten,255,0.00,0.00,0.04,0.13,0.03,0.03,7.47288053715671e-03,0.00,0.00,0.30,0.00,0.81,0.00,0.00,0.00,0.00
132,patnt,BW1,Exten,5,0.00,0.00,0.00,0.00,0.00,0.00,0.00,0.00,0.00,0.00,0.00,0.00,0.00,0.00,0.00,0.00
132,patnt,BW1,Exten,15,0.00,0.00,0.10,0.14,0.16,0.07,0.08,0.00,0.00,0.29,0.00,0.34,0.00,0.00,0.00,2.47767885851659e-03
132,patnt,BW1,Exten,25,0.00,0.00,0.62,1.06,0.89,0.55,0.26,0.00,0.00,2.07,0.00,2.41,0.00,0.00,0.00,0.01
132,patnt,BW1,Exten,35,0.00,0.00,1.65,2.83,2.12,1.44,0.50,0.00,0.00,6.13,0.00,7.18,0.00,0.00,0.00,0.04
132,patnt,BW1,Exten,45,0.00,0.00,2.92,4.55,3.35,2.26,0.70,0.00,0.00,11.62,0.00,13.94,0.00,0.00,0.00,0.08
132,patnt,BW1,Exten,55,0.00,0.00,4.08,5.61,4.18,2.73,0.82,0.00,0.00,16.84,0.00,20.89,0.00,0.00,0.00,0.12
132,patnt,BW1,Exten,65,0.00,0.00,4.90,6.02,4.56,2.88,0.87,0.00,0.00,20.58,0.00,26.58,0.00,0.00,0.00,0.16
132,patnt,BW1,Exten,75,0.00,0.00,5.34,6.03,4.61,2.84,0.86,0.00,0.00,22.52,0.00,30.45,0.00,0.00,0.00,0.18
132,patnt,BW1,Exten,85,0.00,0.00,5.43,5.78,4.43,2.68,0.81,0.00,0.00,22.84,0.00,32.41,0.00,0.00,0.00,0.20
132,patnt,BW1,Exten,95,0.00,0.00,5.23,5.37,4.13,2.45,0.74,0.00,0.00,21.87,0.00,32.61,0.00,0.00,0.00,0.20
132,patnt,BW1,Exten,105,0.00,0.00,4.81,4.85,3.73,2.17,0.65,0.00,0.00,19.98,0.00,31.32,0.00,0.00,0.00,0.20
132,patnt,BW1,Exten,115,0.00,0.00,4.25,4.28,3.29,1.88,0.55,0.00,0.00,17.55,0.00,28.88,0.00,0.00,0.00,0.18
132,patnt,BW1,Exten,125,0.00,0.00,3.61,3.69,2.84,1.59,0.46,0.00,0.00,14.88,0.00,25.67,0.00,0.00,0.00,0.16
132,patnt,BW1,Exten,135,0.00,0.00,2.95,3.10,2.39,1.31,0.37,0.00,0.00,12.23,0.00,22.06,0.00,0.00,0.00,0.14
132,patnt,BW1,Exten,145,0.00,0.00,2.33,2.55,1.97,1.06,0.29,0.00,0.00,9.76,0.00,18.38,0.00,0.00,0.00,0.12
132,patnt,BW1,Exten,155,0.00,0.00,1.79,2.05,1.58,0.83,0.22,0.00,0.00,7.59,0.00,14.87,0.00,0.00,0.00,0.10
132,patnt,BW1,Exten,165,0.00,0.00,1.33,1.62,1.24,0.64,0.17,0.00,0.00,5.75,0.00,11.70,0.00,0.00,0.00,0.08
132,patnt,BW1,Exten,175,0.00,0.00,0.95,1.24,0.96,0.48,0.12,0.00,0.00,4.26,0.00,8.96,0.00,0.00,0.00,0.06
132,patnt,BW1,Exten,185,0.00,0.00,0.67,0.94,0.72,0.35,0.08,0.00,0.00,3.08,0.00,6.69,0.00,0.00,0.00,0.04
132,patnt,BW1,Exten,195,0.00,0.00,0.45,0.69,0.53,0.25,0.06,0.00,0.00,2.18,0.00,4.88,0.00,0.00,0.00,0.03
132,patnt,BW1,Exten,205,0.00,0.00,0.30,0.50,0.38,0.18,0.04,0.00,0.00,1.50,0.00,3.47,0.00,0.00,0.00,0.02
132,patnt,BW1,Exten,215,0.00,0.00,0.19,0.35,0.27,0.12,0.02,0.00,0.00,1.02,0.00,2.41,0.00,0.00,0.00,0.01
132,patnt,BW1,Exten,225,0.00,0.00,0.12,0.24,0.18,0.08,0.01,0.00,0.00,0.67,0.00,1.64,0.00,0.00,0.00,0.01
132,patnt,BW1,Exten,235,0.00,0.00,0.07,0.16,0.12,0.05,0.01,0.00,0.00,0.43,0.00,1.08,0.00,0.00,0.00,8.29209527265927e-03
132,patnt,BW1,Exten,245,0.00,0.00,0.04,0.11,0.08,0.03,7.25923492370793e-03,0.00,0.00,0.27,0.00,0.70,0.00,0.00,0.00,5.42343223309891e-03
132,patnt,BW1,Exten,255,0.00,0.00,0.02,0.07,0.05,0.02,4.40531942950166e-03,0.00,0.00,0.17,0.00,0.45,0.00,0.00,0.00,3.46666716892564e-03
133,3e,BW1,Basc1,5,0.00,0.00,0.00,0.00,0.00,0.00,0.00,0.00,0.00,0.00,0.00,0.00,0.00,0.00,0.00,0.00
133,3e,BW1,Basc1,15,0.01,0.00,0.07,0.10,0.11,0.05,0.05,0.00,0.00,0.20,0.00,0.24,4.05633125000369e-03,0.00,0.00,1.75814751907979e-03
133,3e,BW1,Basc1,25,0.07,0.00,0.46,0.77,0.65,0.40,0.19,0.00,0.00,1.52,0.00,1.74,0.02,0.00,0.00,0.01
133,3e,BW1,Basc1,35,0.23,0.00,1.25,2.15,1.61,1.09,0.38,0.00,0.00,4.66,0.00,5.36,0.08,0.00,0.00,0.03
133,3e,BW1,Basc1,45,0.46,0.00,2.30,3.58,2.63,1.78,0.55,0.00,0.00,9.14,0.00,10.76,0.16,0.00,0.00,0.06
133,3e,BW1,Basc1,55,0.73,0.00,3.32,4.56,3.40,2.22,0.67,0.00,0.00,13.70,0.00,16.69,0.25,0.00,0.00,0.10
133,3e,BW1,Basc1,65,0.97,0.00,4.13,5.07,3.84,2.43,0.73,0.00,0.00,17.33,0.00,21.99,0.34,0.00,0.00,0.13
133,3e,BW1,Basc1,75,1.17,0.00,4.65,5.25,4.01,2.48,0.75,0.00,0.00,19.63,0.00,26.07,0.41,0.00,0.00,0.16
133,3e,BW1,Basc1,85,1.31,0.00,4.90,5.21,4.00,2.42,0.73,0.00,0.00,20.62,0.00,28.73,0.45,0.00,0.00,0.18
133,3e,BW1,Basc1,95,1.39,0.00,4.89,5.02,3.86,2.29,0.69,0.00,0.00,20.44,0.00,29.94,0.48,0.00,0.00,0.19
133,3e,BW1,Basc1,105,1.41,0.00,4.66,4.70,3.61,2.10,0.63,0.00,0.00,19.35,0.00,29.79,0.49,0.00,0.00,0.19
133,3e,BW1,Basc1,115,1.37,0.00,4.26,4.29,3.30,1.89,0.56,0.00,0.00,17.60,0.00,28.45,0.47,0.00,0.00,0.18
133,3e,BW1,Basc1,125,1.28,0.00,3.75,3.83,2.95,1.65,0.48,0.00,0.00,15.47,0.00,26.20,0.44,0.00,0.00,0.17
133,3e,BW1,Basc1,135,1.16,0.00,3.18,3.34,2.57,1.41,0.40,0.00,0.00,13.17,0.00,23.34,0.40,0.00,0.00,0.15
133,3e,BW1,Basc1,145,1.01,0.00,2.61,2.85,2.19,1.18,0.33,0.00,0.00,10.90,0.00,20.15,0.35,0.00,0.00,0.13
133,3e,BW1,Basc1,155,0.86,0.00,2.07,2.38,1.83,0.96,0.26,0.00,0.00,8.79,0.00,16.90,0.30,0.00,0.00,0.11
133,3e,BW1,Basc1,165,0.71,0.00,1.59,1.94,1.49,0.77,0.20,0.00,0.00,6.91,0.00,13.78,0.25,0.00,0.00,0.09
133,3e,BW1,Basc1,175,0.57,0.00,1.19,1.55,1.19,0.60,0.15,0.00,0.00,5.30,0.00,10.95,0.20,0.00,0.00,0.07
133,3e,BW1,Basc1,185,0.44,0.00,0.86,1.21,0.93,0.46,0.11,0.00,0.00,3.97,0.00,8.48,0.16,0.00,0.00,0.06
133,3e,BW1,Basc1,195,0.34,0.00,0.61,0.93,0.71,0.34,0.08,0.00,0.00,2.91,0.00,6.41,0.12,0.00,0.00,0.04
133,3e,BW1,Basc1,205,0.25,0.00,0.42,0.69,0.53,0.25,0.05,0.00,0.00,2.09,0.00,4.73,0.09,0.00,0.00,0.03
133,3e,BW1,Basc1,215,0.18,0.00,0.28,0.51,0.39,0.18,0.04,0.00,0.00,1.47,0.00,3.41,0.07,0.00,0.00,0.02
133,3e,BW1,Basc1,225,0.13,0.00,0.18,0.36,0.28,0.12,0.02,0.00,0.00,1.01,0.00,2.41,0.05,0.00,0.00,0.01
133,3e,BW1,Basc1,235,0.09,0.00,0.11,0.25,0.19,0.08,0.01,0.00,0.00,0.68,0.00,1.66,0.03,0.00,0.00,0.01
133,3e,BW1,Basc1,245,0.06,0.00,0.07,0.17,0.13,0.05,0.01,0.00,0.00,0.44,0.00,1.12,0.02,0.00,0.00,8.74726999628583e-03
133,3e,BW1,Basc1,255,0.04,0.00,0.04,0.12,0.09,0.03,7.37844455448811e-03,0.00,0.00,0.28,0.00,0.74,0.01,0.00,0.00,5.80630120110849e-03
134,patnt,BW1,Basc1,5,0.00,0.00,0.00,0.00,0.00,0.00,0.00,0.00,0.00,0.00,0.00,0.00,0.00,0.00,0.00,0.00
134,patnt,BW1,Basc1,15,0.00,0.00,0.10,0.14,0.16,0.07,0.08,0.00,0.00,0.29,0.00,0.34,0.00,0.00,0.00,2.47767885851659e-03
134,patnt,BW1,Basc1,25,0.00,0.00,0.62,1.06,0.89,0.55,0.26,0.00,0.00,2.07,0.00,2.41,0.00,0.00,0.00,0.01
134,patnt,BW1,Basc1,35,0.00,0.00,1.65,2.83,2.12,1.44,0.50,0.00,0.00,6.13,0.00,7.18,0.00,0.00,0.00,0.04
134,patnt,BW1,Basc1,45,0.00,0.00,2.92,4.55,3.35,2.26,0.70,0.00,0.00,11.62,0.00,13.94,0.00,0.00,0.00,0.08
134,patnt,BW1,Basc1,55,0.00,0.00,4.08,5.61,4.18,2.73,0.82,0.00,0.00,16.84,0.00,20.89,0.00,0.00,0.00,0.12
134,patnt,BW1,Basc1,65,0.00,0.00,4.90,6.02,4.56,2.88,0.87,0.00,0.00,20.58,0.00,26.58,0.00,0.00,0.00,0.16
134,patnt,BW1,Basc1,75,0.00,0.00,5.34,6.03,4.61,2.84,0.86,0.00,0.00,22.52,0.00,30.45,0.00,0.00,0.00,0.18
134,patnt,BW1,Basc1,85,0.00,0.00,5.43,5.78,4.43,2.68,0.81,0.00,0.00,22.84,0.00,32.41,0.00,0.00,0.00,0.20
134,patnt,BW1,Basc1,95,0.00,0.00,5.23,5.37,4.13,2.45,0.74,0.00,0.00,21.87,0.00,32.61,0.00,0.00,0.00,0.20
134,patnt,BW1,Basc1,105,0.00,0.00,4.81,4.85,3.73,2.17,0.65,0.00,0.00,19.98,0.00,31.32,0.00,0.00,0.00,0.20
134,patnt,BW1,Basc1,115,0.00,0.00,4.25,4.28,3.29,1.88,0.55,0.00,0.00,17.55,0.00,28.88,0.00,0.00,0.00,0.18
134,patnt,BW1,Basc1,125,0.00,0.00,3.61,3.69,2.84,1.59,0.46,0.00,0.00,14.88,0.00,25.67,0.00,0.00,0.00,0.16
134,patnt,BW1,Basc1,135,0.00,0.00,2.95,3.10,2.39,1.31,0.37,0.00,0.00,12.23,0.00,22.06,0.00,0.00,0.00,0.14
134,patnt,BW1,Basc1,145,0.00,0.00,2.33,2.55,1.97,1.06,0.29,0.00,0.00,9.76,0.00,18.38,0.00,0.00,0.00,0.12
134,patnt,BW1,Basc1,155,0.00,0.00,1.79,2.05,1.58,0.83,0.22,0.00,0.00,7.59,0.00,14.87,0.00,0.00,0.00,0.10
134,patnt,BW1,Basc1,165,0.00,0.00,1.33,1.62,1.24,0.64,0.17,0.00,0.00,5.75,0.00,11.70,0.00,0.00,0.00,0.08
134,patnt,BW1,Basc1,175,0.00,0.00,0.95,1.24,0.96,0.48,0.12,0.00,0.00,4.26,0.00,8.96,0.00,0.00,0.00,0.06
134,patnt,BW1,Basc1,185,0.00,0.00,0.67,0.94,0.72,0.35,0.08,0.00,0.00,3.08,0.00,6.69,0.00,0.00,0.00,0.04
134,patnt,BW1,Basc1,195,0.00,0.00,0.45,0.69,0.53,0.25,0.06,0.00,0.00,2.18,0.00,4.88,0.00,0.00,0.00,0.03
134,patnt,BW1,Basc1,205,0.00,0.00,0.30,0.50,0.38,0.18,0.04,0.00,0.00,1.50,0.00,3.47,0.00,0.00,0.00,0.02
134,patnt,BW1,Basc1,215,0.00,0.00,0.19,0.35,0.27,0.12,0.02,0.00,0.00,1.02,0.00,2.41,0.00,0.00,0.00,0.01
134,patnt,BW1,Basc1,225,0.00,0.00,0.12,0.24,0.18,0.08,0.01,0.00,0.00,0.67,0.00,1.64,0.00,0.00,0.00,0.01
134,patnt,BW1,Basc1,235,0.00,0.00,0.07,0.16,0.12,0.05,0.01,0.00,0.00,0.43,0.00,1.08,0.00,0.00,0.00,8.29209527265927e-03
134,patnt,BW1,Basc1,245,0.00,0.00,0.04,0.11,0.08,0.03,7.25923492370793e-03,0.00,0.00,0.27,0.00,0.70,0.00,0.00,0.00,5.42343223309891e-03
134,patnt,BW1,Basc1,255,0.00,0.00,0.02,0.07,0.05,0.02,4.40531942950166e-03,0.00,0.00,0.17,0.00,0.45,0.00,0.00,0.00,3.46666716892564e-03
135,3e,BW1,Intn1,5,0.00,0.00,0.00,0.00,0.00,0.00,0.00,0.00,0.00,0.00,0.00,0.00,0.00,0.00,0.00,0.00
135,3e,BW1,Intn1,15,0.01,0.00,0.07,0.10,0.11,0.05,0.05,0.00,0.00,0.20,0.00,0.24,4.05633125000369e-03,0.00,0.00,1.75814751907979e-03
135,3e,BW1,Intn1,25,0.07,0.00,0.46,0.77,0.65,0.40,0.19,0.00,0.00,1.52,0.00,1.74,0.02,0.00,0.00,0.01
135,3e,BW1,Intn1,35,0.23,0.00,1.25,2.15,1.61,1.09,0.38,0.00,0.00,4.66,0.00,5.36,0.08,0.00,0.00,0.03
135,3e,BW1,Intn1,45,0.46,0.00,2.30,3.58,2.63,1.78,0.55,0.00,0.00,9.14,0.00,10.76,0.16,0.00,0.00,0.06
135,3e,BW1,Intn1,55,0.73,0.00,3.32,4.56,3.40,2.22,0.67,0.00,0.00,13.70,0.00,16.69,0.25,0.00,0.00,0.10
135,3e,BW1,Intn1,65,0.97,0.00,4.13,5.07,3.84,2.43,0.73,0.00,0.00,17.33,0.00,21.99,0.34,0.00,0.00,0.13
135,3e,BW1,Intn1,75,1.17,0.00,4.65,5.25,4.01,2.48,0.75,0.00,0.00,19.63,0.00,26.07,0.41,0.00,0.00,0.16
135,3e,BW1,Intn1,85,1.31,0.00,4.90,5.21,4.00,2.42,0.73,0.00,0.00,20.62,0.00,28.73,0.45,0.00,0.00,0.18
135,3e,BW1,Intn1,95,1.39,0.00,4.89,5.02,3.86,2.29,0.69,0.00,0.00,20.44,0.00,29.94,0.48,0.00,0.00,0.19
135,3e,BW1,Intn1,105,1.41,0.00,4.66,4.70,3.61,2.10,0.63,0.00,0.00,19.35,0.00,29.79,0.49,0.00,0.00,0.19
135,3e,BW1,Intn1,115,1.37,0.00,4.26,4.29,3.30,1.89,0.56,0.00,0.00,17.60,0.00,28.45,0.47,0.00,0.00,0.18
135,3e,BW1,Intn1,125,1.28,0.00,3.75,3.83,2.95,1.65,0.48,0.00,0.00,15.47,0.00,26.20,0.44,0.00,0.00,0.17
135,3e,BW1,Intn1,135,1.16,0.00,3.18,3.34,2.57,1.41,0.40,0.00,0.00,13.17,0.00,23.34,0.40,0.00,0.00,0.15
135,3e,BW1,Intn1,145,1.01,0.00,2.61,2.85,2.19,1.18,0.33,0.00,0.00,10.90,0.00,20.15,0.35,0.00,0.00,0.13
135,3e,BW1,Intn1,155,0.86,0.00,2.07,2.38,1.83,0.96,0.26,0.00,0.00,8.79,0.00,16.90,0.30,0.00,0.00,0.11
135,3e,BW1,Intn1,165,0.71,0.00,1.59,1.94,1.49,0.77,0.20,0.00,0.00,6.91,0.00,13.78,0.25,0.00,0.00,0.09
135,3e,BW1,Intn1,175,0.57,0.00,1.19,1.55,1.19,0.60,0.15,0.00,0.00,5.30,0.00,10.95,0.20,0.00,0.00,0.07
135,3e,BW1,Intn1,185,0.44,0.00,0.86,1.21,0.93,0.46,0.11,0.00,0.00,3.97,0.00,8.48,0.16,0.00,0.00,0.06
135,3e,BW1,Intn1,195,0.34,0.00,0.61,0.93,0.71,0.34,0.08,0.00,0.00,2.91,0.00,6.41,0.12,0.00,0.00,0.04
135,3e,BW1,Intn1,205,0.25,0.00,0.42,0.69,0.53,0.25,0.05,0.00,0.00,2.09,0.00,4.73,0.09,0.00,0.00,0.03
135,3e,BW1,Intn1,215,0.18,0.00,0.28,0.51,0.39,0.18,0.04,0.00,0.00,1.47,0.00,3.41,0.07,0.00,0.00,0.02
135,3e,BW1,Intn1,225,0.13,0.00,0.18,0.36,0.28,0.12,0.02,0.00,0.00,1.01,0.00,2.41,0.05,0.00,0.00,0.01
135,3e,BW1,Intn1,235,0.09,0.00,0.11,0.25,0.19,0.08,0.01,0.00,0.00,0.68,0.00,1.66,0.03,0.00,0.00,0.01
135,3e,BW1,Intn1,245,0.06,0.00,0.07,0.17,0.13,0.05,0.01,0.00,0.00,0.44,0.00,1.12,0.02,0.00,0.00,8.74726999628583e-03
135,3e,BW1,Intn1,255,0.04,0.00,0.04,0.12,0.09,0.03,7.37844455448811e-03,0.00,0.00,0.28,0.00,0.74,0.01,0.00,0.00,5.80630120110849e-03
136,patnt,BW1,Intn1,5,0.00,0.00,0.00,0.00,0.00,0.00,0.00,0.00,0.00,0.00,0.00,0.00,0.00,0.00,0.00,0.00
136,patnt,BW1,Intn1,15,0.00,0.00,0.10,0.14,0.16,0.07,0.08,0.00,0.00,0.29,0.00,0.34,0.00,0.00,0.00,2.47767885851659e-03
136,patnt,BW1,Intn1,25,0.00,0.00,0.62,1.06,0.89,0.55,0.26,0.00,0.00,2.07,0.00,2.41,0.00,0.00,0.00,0.01
136,patnt,BW1,Intn1,35,0.00,0.00,1.65,2.83,2.12,1.44,0.50,0.00,0.00,6.13,0.00,7.18,0.00,0.00,0.00,0.04
136,patnt,BW1,Intn1,45,0.00,0.00,2.92,4.55,3.35,2.26,0.70,0.00,0.00,11.62,0.00,13.94,0.00,0.00,0.00,0.08
136,patnt,BW1,Intn1,55,0.00,0.00,4.08,5.61,4.18,2.73,0.82,0.00,0.00,16.84,0.00,20.89,0.00,0.00,0.00,0.12
136,patnt,BW1,Intn1,65,0.00,0.00,4.90,6.02,4.56,2.88,0.87,0.00,0.00,20.58,0.00,26.58,0.00,0.00,0.00,0.16
136,patnt,BW1,Intn1,75,0.00,0.00,5.34,6.03,4.61,2.84,0.86,0.00,0.00,22.52,0.00,30.45,0.00,0.00,0.00,0.18
136,patnt,BW1,Intn1,85,0.00,0.00,5.43,5.78,4.43,2.68,0.81,0.00,0.00,22.84,0.00,32.41,0.00,0.00,0.00,0.20
136,patnt,BW1,Intn1,95,0.00,0.00,5.23,5.37,4.13,2.45,0.74,0.00,0.00,21.87,0.00,32.61,0.00,0.00,0.00,0.20
136,patnt,BW1,Intn1,105,0.00,0.00,4.81,4.85,3.73,2.17,0.65,0.00,0.00,19.98,0.00,31.32,0.00,0.00,0.00,0.20
136,patnt,BW1,Intn1,115,0.00,0.00,4.25,4.28,3.29,1.88,0.55,0.00,0.00,17.55,0.00,28.88,0.00,0.00,0.00,0.18
136,patnt,BW1,Intn1,125,0.00,0.00,3.61,3.69,2.84,1.59,0.46,0.00,0.00,14.88,0.00,25.67,0.00,0.00,0.00,0.16
136,patnt,BW1,Intn1,135,0.00,0.00,2.95,3.10,2.39,1.31,0.37,0.00,0.00,12.23,0.00,22.06,0.00,0.00,0.00,0.14
136,patnt,BW1,Intn1,145,0.00,0.00,2.33,2.55,1.97,1.06,0.29,0.00,0.00,9.76,0.00,18.38,0.00,0.00,0.00,0.12
136,patnt,BW1,Intn1,155,0.00,0.00,1.79,2.05,1.58,0.83,0.22,0.00,0.00,7.59,0.00,14.87,0.00,0.00,0.00,0.10
136,patnt,BW1,Intn1,165,0.00,0.00,1.33,1.62,1.24,0.64,0.17,0.00,0.00,5.75,0.00,11.70,0.00,0.00,0.00,0.08
136,patnt,BW1,Intn1,175,0.00,0.00,0.95,1.24,0.96,0.48,0.12,0.00,0.00,4.26,0.00,8.96,0.00,0.00,0.00,0.06
136,patnt,BW1,Intn1,185,0.00,0.00,0.67,0.94,0.72,0.35,0.08,0.00,0.00,3.08,0.00,6.69,0.00,0.00,0.00,0.04
136,patnt,BW1,Intn1,195,0.00,0.00,0.45,0.69,0.53,0.25,0.06,0.00,0.00,2.18,0.00,4.88,0.00,0.00,0.00,0.03
136,patnt,BW1,Intn1,205,0.00,0.00,0.30,0.50,0.38,0.18,0.04,0.00,0.00,1.50,0.00,3.47,0.00,0.00,0.00,0.02
136,patnt,BW1,Intn1,215,0.00,0.00,0.19,0.35,0.27,0.12,0.02,0.00,0.00,1.02,0.00,2.41,0.00,0.00,0.00,0.01
136,patnt,BW1,Intn1,225,0.00,0.00,0.12,0.24,0.18,0.08,0.01,0.00,0.00,0.67,0.00,1.64,0.00,0.00,0.00,0.01
136,patnt,BW1,Intn1,235,0.00,0.00,0.07,0.16,0.12,0.05,0.01,0.00,0.00,0.43,0.00,1.08,0.00,0.00,0.00,8.29209527265927e-03
136,patnt,BW1,Intn1,245,0.00,0.00,0.04,0.11,0.08,0.03,7.25923492370793e-03,0.00,0.00,0.27,0.00,0.70,0.00,0.00,0.00,5.42343223309891e-03
136,patnt,BW1,Intn1,255,0.00,0.00,0.02,0.07,0.05,0.02,4.40531942950166e-03,0.00,0.00,0.17,0.00,0.45,0.00,0.00,0.00,3.46666716892564e-03
139,3e,MW1,Prsnt,5,0.00,0.00,0.00,0.00,0.00,0.00,0.00,0.00,0.00,0.00,0.00,0.00,0.00,0.00,0.00,0.00
139,3e,MW1,Prsnt,15,0.00,0.00,0.39,0.07,0.03,0.01,0.00,0.00,0.00,0.15,0.00,0.03,0.00,0.00,0.00,0.00
139,3e,MW1,Prsnt,25,0.00,0.00,3.96,0.99,0.31,0.12,0.00,0.00,0.00,1.91,0.00,0.45,0.00,0.00,0.00,0.00
139,3e,MW1,Prsnt,35,0.00,0.00,14.78,3.76,1.05,0.47,0.00,0.00,0.00,8.00,0.00,1.92,0.00,0.00,0.00,0.00
139,3e,MW1,Prsnt,45,0.00,0.00,32.40,7.50,2.06,0.92,0.00,0.00,0.00,18.78,0.00,4.61,0.00,0.00,0.00,0.00
139,3e,MW1,Prsnt,55,0.00,0.00,50.10,10.24,2.85,1.24,0.00,0.00,0.00,30.16,0.00,7.66,0.00,0.00,0.00,0.00
139,3e,MW1,Prsnt,65,0.00,0.00,61.81,11.31,3.20,1.34,0.00,0.00,0.00,37.88,0.00,10.03,0.00,0.00,0.00,0.00
139,3e,MW1,Prsnt,75,0.00,0.00,67.20,11.29,3.22,1.32,0.00,0.00,0.00,41.38,0.00,11.46,0.00,0.00,0.00,0.00
139,3e,MW1,Prsnt,85,0.00,0.00,68.48,10.85,3.11,1.25,0.00,0.00,0.00,42.04,0.00,12.23,0.00,0.00,0.00,0.00
139,3e,MW1,Prsnt,95,0.00,0.00,67.03,10.23,2.94,1.16,0.00,0.00,0.00,40.88,0.00,12.49,0.00,0.00,0.00,0.00
139,3e,MW1,Prsnt,105,0.00,0.00,63.43,9.52,2.73,1.06,0.00,0.00,0.00,38.42,0.00,12.34,0.00,0.00,0.00,0.00
139,3e,MW1,Prsnt,115,0.00,0.00,58.16,8.72,2.50,0.95,0.00,0.00,0.00,35.06,0.00,11.82,0.00,0.00,0.00,0.00
139,3e,MW1,Prsnt,125,0.00,0.00,51.73,7.87,2.26,0.84,0.00,0.00,0.00,31.15,0.00,11.01,0.00,0.00,0.00,0.00
139,3e,MW1,Prsnt,135,0.00,0.00,44.69,6.99,2.01,0.73,0.00,0.00,0.00,27.01,0.00,9.98,0.00,0.00,0.00,0.00
139,3e,MW1,Prsnt,145,0.00,0.00,37.54,6.10,1.75,0.63,0.00,0.00,0.00,22.89,0.00,8.83,0.00,0.00,0.00,0.00
139,3e,MW1,Prsnt,155,0.00,0.00,30.67,5.24,1.51,0.53,0.00,0.00,0.00,18.99,0.00,7.62,0.00,0.00,0.00,0.00
139,3e,MW1,Prsnt,165,0.00,0.00,24.41,4.42,1.27,0.43,0.00,0.00,0.00,15.43,0.00,6.42,0.00,0.00,0.00,0.00
139,3e,MW1,Prsnt,175,0.00,0.00,18.93,3.67,1.05,0.35,0.00,0.00,0.00,12.29,0.00,5.29,0.00,0.00,0.00,0.00
139,3e,MW1,Prsnt,185,0.00,0.00,14.32,2.98,0.86,0.28,0.00,0.00,0.00,9.60,0.00,4.27,0.00,0.00,0.00,0.00
139,3e,MW1,Prsnt,195,0.00,0.00,10.58,2.39,0.68,0.22,0.00,0.00,0.00,7.35,0.00,3.37,0.00,0.00,0.00,0.00
139,3e,MW1,Prsnt,205,0.00,0.00,7.63,1.87,0.54,0.17,0.00,0.00,0.00,5.53,0.00,2.61,0.00,0.00,0.00,0.00
139,3e,MW1,Prsnt,215,0.00,0.00,5.37,1.44,0.41,0.12,0.00,0.00,0.00,4.08,0.00,1.97,0.00,0.00,0.00,0.00
139,3e,MW1,Prsnt,225,0.00,0.00,3.70,1.09,0.31,0.09,0.00,0.00,0.00,2.95,0.00,1.47,0.00,0.00,0.00,0.00
139,3e,MW1,Prsnt,235,0.00,0.00,2.49,0.81,0.23,0.06,0.00,0.00,0.00,2.09,0.00,1.07,0.00,0.00,0.00,0.00
139,3e,MW1,Prsnt,245,0.00,0.00,1.64,0.59,0.17,0.04,0.00,0.00,0.00,1.46,0.00,0.76,0.00,0.00,0.00,0.00
139,3e,MW1,Prsnt,255,0.00,0.00,1.06,0.42,0.12,0.03,0.00,0.00,0.00,1.00,0.00,0.53,0.00,0.00,0.00,0.00
140,patnt,MW1,Prsnt,5,0.00,0.00,0.00,0.00,0.00,0.00,0.00,0.00,0.00,0.00,0.00,0.00,0.00,0.00,0.00,0.00
140,patnt,MW1,Prsnt,15,0.00,0.00,0.45,0.08,0.02,0.01,0.00,0.00,0.00,0.18,0.00,0.04,0.00,0.00,0.00,0.00
140,patnt,MW1,Prsnt,25,0.00,0.00,4.30,1.08,0.22,0.14,0.00,0.00,0.00,2.15,0.00,0.49,0.00,0.00,0.00,0.00
140,patnt,MW1,Prsnt,35,0.00,0.00,15.27,3.89,0.72,0.49,0.00,0.00,0.00,8.54,0.00,1.98,0.00,0.00,0.00,0.00
140,patnt,MW1,Prsnt,45,0.00,0.00,32.23,7.46,1.36,0.92,0.00,0.00,0.00,19.28,0.00,4.59,0.00,0.00,0.00,0.00
140,patnt,MW1,Prsnt,55,0.00,0.00,48.55,9.92,1.84,1.20,0.00,0.00,0.00,30.17,0.00,7.43,0.00,0.00,0.00,0.00
140,patnt,MW1,Prsnt,65,0.00,0.00,59.05,10.80,2.03,1.28,0.00,0.00,0.00,37.35,0.00,9.58,0.00,0.00,0.00,0.00
140,patnt,MW1,Prsnt,75,0.00,0.00,64.01,10.76,2.04,1.26,0.00,0.00,0.00,40.69,0.00,10.92,0.00,0.00,0.00,0.00
140,patnt,MW1,Prsnt,85,0.00,0.00,65.82,10.43,1.99,1.20,0.00,0.00,0.00,41.72,0.00,11.75,0.00,0.00,0.00,0.00
140,patnt,MW1,Prsnt,95,0.00,0.00,65.77,10.04,1.92,1.13,0.00,0.00,0.00,41.41,0.00,12.26,0.00,0.00,0.00,0.00
140,patnt,MW1,Prsnt,105,0.00,0.00,64.29,9.65,1.84,1.07,0.00,0.00,0.00,40.20,0.00,12.51,0.00,0.00,0.00,0.00
140,patnt,MW1,Prsnt,115,0.00,0.00,61.61,9.24,1.77,1.01,0.00,0.00,0.00,38.34,0.00,12.52,0.00,0.00,0.00,0.00
140,patnt,MW1,Prsnt,125,0.00,0.00,57.95,8.82,1.69,0.94,0.00,0.00,0.00,36.02,0.00,12.33,0.00,0.00,0.00,0.00
140,patnt,MW1,Prsnt,135,0.00,0.00,53.56,8.38,1.60,0.88,0.00,0.00,0.00,33.41,0.00,11.96,0.00,0.00,0.00,0.00
140,patnt,MW1,Prsnt,145,0.00,0.00,48.69,7.92,1.52,0.81,0.00,0.00,0.00,30.65,0.00,11.45,0.00,0.00,0.00,0.00
140,patnt,MW1,Prsnt,155,0.00,0.00,43.57,7.45,1.43,0.75,0.00,0.00,0.00,27.84,0.00,10.82,0.00,0.00,0.00,0.00
140,patnt,MW1,Prsnt,165,0.00,0.00,38.42,6.96,1.33,0.68,0.00,0.00,0.00,25.06,0.00,10.11,0.00,0.00,0.00,0.00
140,patnt,MW1,Prsnt,175,0.00,0.00,33.40,6.47,1.24,0.62,0.00,0.00,0.00,22.38,0.00,9.34,0.00,0.00,0.00,0.00
140,patnt,MW1,Prsnt,185,0.00,0.00,28.65,5.97,1.14,0.56,0.00,0.00,0.00,19.82,0.00,8.54,0.00,0.00,0.00,0.00
140,patnt,MW1,Prsnt,195,0.00,0.00,24.27,5.48,1.05,0.50,0.00,0.00,0.00,17.42,0.00,7.74,0.00,0.00,0.00,0.00
140,patnt,MW1,Prsnt,205,0.00,0.00,20.31,4.99,0.95,0.45,0.00,0.00,0.00,15.19,0.00,6.95,0.00,0.00,0.00,0.00
140,patnt,MW1,Prsnt,215,0.00,0.00,16.81,4.52,0.86,0.40,0.00,0.00,0.00,13.16,0.00,6.18,0.00,0.00,0.00,0.00
140,patnt,MW1,Prsnt,225,0.00,0.00,13.76,4.06,0.78,0.35,0.00,0.00,0.00,11.31,0.00,5.45,0.00,0.00,0.00,0.00
140,patnt,MW1,Prsnt,235,0.00,0.00,11.14,3.63,0.69,0.30,0.00,0.00,0.00,9.66,0.00,4.77,0.00,0.00,0.00,0.00
140,patnt,MW1,Prsnt,245,0.00,0.00,8.94,3.22,0.61,0.26,0.00,0.00,0.00,8.18,0.00,4.14,0.00,0.00,0.00,0.00
140,patnt,MW1,Prsnt,255,0.00,0.00,7.10,2.83,0.54,0.22,0.00,0.00,0.00,6.89,0.00,3.57,0.00,0.00,0.00,0.00
141,3e,MW1,Exten,5,0.00,0.00,0.00,0.00,0.00,0.00,0.00,0.00,0.00,0.00,0.00,0.00,0.00,0.00,0.00,0.00
141,3e,MW1,Exten,15,0.00,0.00,0.35,0.07,9.18139541582697e-03,8.54130626291138e-03,0.00,0.00,0.00,0.13,0.00,0.02,0.00,0.00,0.00,0.00
141,3e,MW1,Exten,25,0.00,0.00,3.52,1.02,0.08,0.10,0.00,0.00,0.00,1.70,0.00,0.29,0.00,0.00,0.00,0.00
141,3e,MW1,Exten,35,0.00,0.00,13.19,3.89,0.29,0.40,0.00,0.00,0.00,7.16,0.00,1.25,0.00,0.00,0.00,0.00
141,3e,MW1,Exten,45,0.00,0.00,29.14,7.82,0.58,0.78,0.00,0.00,0.00,16.93,0.00,3.04,0.00,0.00,0.00,0.00
141,3e,MW1,Exten,55,0.00,0.00,45.48,10.77,0.81,1.05,0.00,0.00,0.00,27.43,0.00,5.09,0.00,0.00,0.00,0.00
141,3e,MW1,Exten,65,0.00,0.00,56.52,11.97,0.91,1.15,0.00,0.00,0.00,34.70,0.00,6.71,0.00,0.00,0.00,0.00
141,3e,MW1,Exten,75,0.00,0.00,61.68,12.01,0.92,1.14,0.00,0.00,0.00,38.05,0.00,7.70,0.00,0.00,0.00,0.00
141,3e,MW1,Exten,85,0.00,0.00,62.95,11.55,0.89,1.08,0.00,0.00,0.00,38.73,0.00,8.23,0.00,0.00,0.00,0.00
141,3e,MW1,Exten,95,0.00,0.00,61.68,10.91,0.84,1.00,0.00,0.00,0.00,37.69,0.00,8.41,0.00,0.00,0.00,0.00
141,3e,MW1,Exten,105,0.00,0.00,58.41,10.15,0.79,0.91,0.00,0.00,0.00,35.45,0.00,8.32,0.00,0.00,0.00,0.00
141,3e,MW1,Exten,115,0.00,0.00,53.59,9.31,0.72,0.82,0.00,0.00,0.00,32.36,0.00,7.97,0.00,0.00,0.00,0.00
141,3e,MW1,Exten,125,0.00,0.00,47.70,8.41,0.65,0.73,0.00,0.00,0.00,28.77,0.00,7.43,0.00,0.00,0.00,0.00
141,3e,MW1,Exten,135,0.00,0.00,41.23,7.47,0.58,0.63,0.00,0.00,0.00,24.96,0.00,6.74,0.00,0.00,0.00,0.00
141,3e,MW1,Exten,145,0.00,0.00,34.64,6.53,0.50,0.54,0.00,0.00,0.00,21.16,0.00,5.96,0.00,0.00,0.00,0.00
141,3e,MW1,Exten,155,0.00,0.00,28.32,5.61,0.43,0.46,0.00,0.00,0.00,17.56,0.00,5.15,0.00,0.00,0.00,0.00
141,3e,MW1,Exten,165,0.00,0.00,22.55,4.73,0.36,0.38,0.00,0.00,0.00,14.28,0.00,4.34,0.00,0.00,0.00,0.00
141,3e,MW1,Exten,175,0.00,0.00,17.49,3.92,0.30,0.30,0.00,0.00,0.00,11.37,0.00,3.58,0.00,0.00,0.00,0.00
141,3e,MW1,Exten,185,0.00,0.00,13.24,3.19,0.24,0.24,0.00,0.00,0.00,8.89,0.00,2.89,0.00,0.00,0.00,0.00
141,3e,MW1,Exten,195,0.00,0.00,9.77,2.55,0.19,0.19,0.00,0.00,0.00,6.81,0.00,2.28,0.00,0.00,0.00,0.00
141,3e,MW1,Exten,205,0.00,0.00,7.05,2.00,0.15,0.14,0.00,0.00,0.00,5.12,0.00,1.76,0.00,0.00,0.00,0.00
141,3e,MW1,Exten,215,0.00,0.00,4.97,1.54,0.12,0.11,0.00,0.00,0.00,3.77,0.00,1.33,0.00,0.00,0.00,0.00
141,3e,MW1,Exten,225,0.00,0.00,3.42,1.17,0.09,0.08,0.00,0.00,0.00,2.73,0.00,0.99,0.00,0.00,0.00,0.00
141,3e,MW1,Exten,235,0.00,0.00,2.31,0.87,0.06,0.06,0.00,0.00,0.00,1.94,0.00,0.72,0.00,0.00,0.00,0.00
141,3e,MW1,Exten,245,0.00,0.00,1.52,0.63,0.04,0.04,0.00,0.00,0.00,1.35,0.00,0.51,0.00,0.00,0.00,0.00
141,3e,MW1,Exten,255,0.00,0.00,0.98,0.45,0.03,0.02,0.00,0.00,0.00,0.92,0.00,0.36,0.00,0.00,0.00,0.00
142,patnt,MW1,Exten,5,0.00,0.00,0.00,0.00,0.00,0.00,0.00,0.00,0.00,0.00,0.00,0.00,0.00,0.00,0.00,0.00
142,patnt,MW1,Exten,15,0.00,0.00,0.45,0.08,0.02,0.01,0.00,0.00,0.00,0.18,0.00,0.04,0.00,0.00,0.00,0.00
142,patnt,MW1,Exten,25,0.00,0.00,4.30,1.08,0.22,0.14,0.00,0.00,0.00,2.15,0.00,0.49,0.00,0.00,0.00,0.00
142,patnt,MW1,Exten,35,0.00,0.00,15.27,3.89,0.72,0.49,0.00,0.00,0.00,8.54,0.00,1.98,0.00,0.00,0.00,0.00
142,patnt,MW1,Exten,45,0.00,0.00,32.23,7.46,1.36,0.92,0.00,0.00,0.00,19.28,0.00,4.59,0.00,0.00,0.00,0.00
142,patnt,MW1,Exten,55,0.00,0.00,48.55,9.92,1.84,1.20,0.00,0.00,0.00,30.17,0.00,7.43,0.00,0.00,0.00,0.00
142,patnt,MW1,Exten,65,0.00,0.00,59.05,10.80,2.03,1.28,0.00,0.00,0.00,37.35,0.00,9.58,0.00,0.00,0.00,0.00
142,patnt,MW1,Exten,75,0.00,0.00,64.01,10.76,2.04,1.26,0.00,0.00,0.00,40.69,0.00,10.92,0.00,0.00,0.00,0.00
142,patnt,MW1,Exten,85,0.00,0.00,65.82,10.43,1.99,1.20,0.00,0.00,0.00,41.72,0.00,11.75,0.00,0.00,0.00,0.00
142,patnt,MW1,Exten,95,0.00,0.00,65.77,10.04,1.92,1.13,0.00,0.00,0.00,41.41,0.00,12.26,0.00,0.00,0.00,0.00
142,patnt,MW1,Exten,105,0.00,0.00,64.29,9.65,1.84,1.07,0.00,0.00,0.00,40.20,0.00,12.51,0.00,0.00,0.00,0.00
142,patnt,MW1,Exten,115,0.00,0.00,61.61,9.24,1.77,1.01,0.00,0.00,0.00,38.34,0.00,12.52,0.00,0.00,0.00,0.00
142,patnt,MW1,Exten,125,0.00,0.00,57.95,8.82,1.69,0.94,0.00,0.00,0.00,36.02,0.00,12.33,0.00,0.00,0.00,0.00
142,patnt,MW1,Exten,135,0.00,0.00,53.56,8.38,1.60,0.88,0.00,0.00,0.00,33.41,0.00,11.96,0.00,0.00,0.00,0.00
142,patnt,MW1,Exten,145,0.00,0.00,48.69,7.92,1.52,0.81,0.00,0.00,0.00,30.65,0.00,11.45,0.00,0.00,0.00,0.00
142,patnt,MW1,Exten,155,0.00,0.00,43.57,7.45,1.43,0.75,0.00,0.00,0.00,27.84,0.00,10.82,0.00,0.00,0.00,0.00
142,patnt,MW1,Exten,165,0.00,0.00,38.42,6.96,1.33,0.68,0.00,0.00,0.00,25.06,0.00,10.11,0.00,0.00,0.00,0.00
142,patnt,MW1,Exten,175,0.00,0.00,33.40,6.47,1.24,0.62,0.00,0.00,0.00,22.38,0.00,9.34,0.00,0.00,0.00,0.00
142,patnt,MW1,Exten,185,0.00,0.00,28.65,5.97,1.14,0.56,0.00,0.00,0.00,19.82,0.00,8.54,0.00,0.00,0.00,0.00
142,patnt,MW1,Exten,195,0.00,0.00,24.27,5.48,1.05,0.50,0.00,0.00,0.00,17.42,0.00,7.74,0.00,0.00,0.00,0.00
142,patnt,MW1,Exten,205,0.00,0.00,20.31,4.99,0.95,0.45,0.00,0.00,0.00,15.19,0.00,6.95,0.00,0.00,0.00,0.00
142,patnt,MW1,Exten,215,0.00,0.00,16.81,4.52,0.86,0.40,0.00,0.00,0.00,13.16,0.00,6.18,0.00,0.00,0.00,0.00
142,patnt,MW1,Exten,225,0.00,0.00,13.76,4.06,0.78,0.35,0.00,0.00,0.00,11.31,0.00,5.45,0.00,0.00,0.00,0.00
142,patnt,MW1,Exten,235,0.00,0.00,11.14,3.63,0.69,0.30,0.00,0.00,0.00,9.66,0.00,4.77,0.00,0.00,0.00,0.00
142,patnt,MW1,Exten,245,0.00,0.00,8.94,3.22,0.61,0.26,0.00,0.00,0.00,8.18,0.00,4.14,0.00,0.00,0.00,0.00
142,patnt,MW1,Exten,255,0.00,0.00,7.10,2.83,0.54,0.22,0.00,0.00,0.00,6.89,0.00,3.57,0.00,0.00,0.00,0.00
143,3e,MW1,Basc1,5,0.00,0.00,0.00,0.00,0.00,0.00,0.00,0.00,0.00,0.00,0.00,0.00,0.00,0.00,0.00,0.00
143,3e,MW1,Basc1,15,0.00,0.00,0.39,0.07,0.03,0.01,0.00,0.00,0.00,0.15,0.00,0.03,0.00,0.00,0.00,0.00
143,3e,MW1,Basc1,25,0.00,0.00,3.96,0.99,0.31,0.12,0.00,0.00,0.00,1.91,0.00,0.45,0.00,0.00,0.00,0.00
143,3e,MW1,Basc1,35,0.00,0.00,14.78,3.76,1.05,0.47,0.00,0.00,0.00,8.00,0.00,1.92,0.00,0.00,0.00,0.00
143,3e,MW1,Basc1,45,0.00,0.00,32.40,7.50,2.06,0.92,0.00,0.00,0.00,18.78,0.00,4.61,0.00,0.00,0.00,0.00
143,3e,MW1,Basc1,55,0.00,0.00,50.10,10.24,2.85,1.24,0.00,0.00,0.00,30.16,0.00,7.66,0.00,0.00,0.00,0.00
143,3e,MW1,Basc1,65,0.00,0.00,61.81,11.31,3.20,1.34,0.00,0.00,0.00,37.88,0.00,10.03,0.00,0.00,0.00,0.00
143,3e,MW1,Basc1,75,0.00,0.00,67.20,11.29,3.22,1.32,0.00,0.00,0.00,41.38,0.00,11.46,0.00,0.00,0.00,0.00
143,3e,MW1,Basc1,85,0.00,0.00,68.48,10.85,3.11,1.25,0.00,0.00,0.00,42.04,0.00,12.23,0.00,0.00,0.00,0.00
143,3e,MW1,Basc1,95,0.00,0.00,67.03,10.23,2.94,1.16,0.00,0.00,0.00,40.88,0.00,12.49,0.00,0.00,0.00,0.00
143,3e,MW1,Basc1,105,0.00,0.00,63.43,9.52,2.73,1.06,0.00,0.00,0.00,38.42,0.00,12.34,0.00,0.00,0.00,0.00
143,3e,MW1,Basc1,115,0.00,0.00,58.16,8.72,2.50,0.95,0.00,0.00,0.00,35.06,0.00,11.82,0.00,0.00,0.00,0.00
143,3e,MW1,Basc1,125,0.00,0.00,51.73,7.87,2.26,0.84,0.00,0.00,0.00,31.15,0.00,11.01,0.00,0.00,0.00,0.00
143,3e,MW1,Basc1,135,0.00,0.00,44.69,6.99,2.01,0.73,0.00,0.00,0.00,27.01,0.00,9.98,0.00,0.00,0.00,0.00
143,3e,MW1,Basc1,145,0.00,0.00,37.54,6.10,1.75,0.63,0.00,0.00,0.00,22.89,0.00,8.83,0.00,0.00,0.00,0.00
143,3e,MW1,Basc1,155,0.00,0.00,30.67,5.24,1.51,0.53,0.00,0.00,0.00,18.99,0.00,7.62,0.00,0.00,0.00,0.00
143,3e,MW1,Basc1,165,0.00,0.00,24.41,4.42,1.27,0.43,0.00,0.00,0.00,15.43,0.00,6.42,0.00,0.00,0.00,0.00
143,3e,MW1,Basc1,175,0.00,0.00,18.93,3.67,1.05,0.35,0.00,0.00,0.00,12.29,0.00,5.29,0.00,0.00,0.00,0.00
143,3e,MW1,Basc1,185,0.00,0.00,14.32,2.98,0.86,0.28,0.00,0.00,0.00,9.60,0.00,4.27,0.00,0.00,0.00,0.00
143,3e,MW1,Basc1,195,0.00,0.00,10.58,2.39,0.68,0.22,0.00,0.00,0.00,7.35,0.00,3.37,0.00,0.00,0.00,0.00
143,3e,MW1,Basc1,205,0.00,0.00,7.63,1.87,0.54,0.17,0.00,0.00,0.00,5.53,0.00,2.61,0.00,0.00,0.00,0.00
143,3e,MW1,Basc1,215,0.00,0.00,5.37,1.44,0.41,0.12,0.00,0.00,0.00,4.08,0.00,1.97,0.00,0.00,0.00,0.00
143,3e,MW1,Basc1,225,0.00,0.00,3.70,1.09,0.31,0.09,0.00,0.00,0.00,2.95,0.00,1.47,0.00,0.00,0.00,0.00
143,3e,MW1,Basc1,235,0.00,0.00,2.49,0.81,0.23,0.06,0.00,0.00,0.00,2.09,0.00,1.07,0.00,0.00,0.00,0.00
143,3e,MW1,Basc1,245,0.00,0.00,1.64,0.59,0.17,0.04,0.00,0.00,0.00,1.46,0.00,0.76,0.00,0.00,0.00,0.00
143,3e,MW1,Basc1,255,0.00,0.00,1.06,0.42,0.12,0.03,0.00,0.00,0.00,1.00,0.00,0.53,0.00,0.00,0.00,0.00
144,patnt,MW1,Basc1,5,0.00,0.00,0.00,0.00,0.00,0.00,0.00,0.00,0.00,0.00,0.00,0.00,0.00,0.00,0.00,0.00
144,patnt,MW1,Basc1,15,0.00,0.00,0.45,0.08,0.02,0.01,0.00,0.00,0.00,0.18,0.00,0.04,0.00,0.00,0.00,0.00
144,patnt,MW1,Basc1,25,0.00,0.00,4.30,1.08,0.22,0.14,0.00,0.00,0.00,2.15,0.00,0.49,0.00,0.00,0.00,0.00
144,patnt,MW1,Basc1,35,0.00,0.00,15.27,3.89,0.72,0.49,0.00,0.00,0.00,8.54,0.00,1.98,0.00,0.00,0.00,0.00
144,patnt,MW1,Basc1,45,0.00,0.00,32.23,7.46,1.36,0.92,0.00,0.00,0.00,19.28,0.00,4.59,0.00,0.00,0.00,0.00
144,patnt,MW1,Basc1,55,0.00,0.00,48.55,9.92,1.84,1.20,0.00,0.00,0.00,30.17,0.00,7.43,0.00,0.00,0.00,0.00
144,patnt,MW1,Basc1,65,0.00,0.00,59.05,10.80,2.03,1.28,0.00,0.00,0.00,37.35,0.00,9.58,0.00,0.00,0.00,0.00
144,patnt,MW1,Basc1,75,0.00,0.00,64.01,10.76,2.04,1.26,0.00,0.00,0.00,40.69,0.00,10.92,0.00,0.00,0.00,0.00
144,patnt,MW1,Basc1,85,0.00,0.00,65.82,10.43,1.99,1.20,0.00,0.00,0.00,41.72,0.00,11.75,0.00,0.00,0.00,0.00
144,patnt,MW1,Basc1,95,0.00,0.00,65.77,10.04,1.92,1.13,0.00,0.00,0.00,41.41,0.00,12.26,0.00,0.00,0.00,0.00
144,patnt,MW1,Basc1,105,0.00,0.00,64.29,9.65,1.84,1.07,0.00,0.00,0.00,40.20,0.00,12.51,0.00,0.00,0.00,0.00
144,patnt,MW1,Basc1,115,0.00,0.00,61.61,9.24,1.77,1.01,0.00,0.00,0.00,38.34,0.00,12.52,0.00,0.00,0.00,0.00
144,patnt,MW1,Basc1,125,0.00,0.00,57.95,8.82,1.69,0.94,0.00,0.00,0.00,36.02,0.00,12.33,0.00,0.00,0.00,0.00
144,patnt,MW1,Basc1,135,0.00,0.00,53.56,8.38,1.60,0.88,0.00,0.00,0.00,33.41,0.00,11.96,0.00,0.00,0.00,0.00
144,patnt,MW1,Basc1,145,0.00,0.00,48.69,7.92,1.52,0.81,0.00,0.00,0.00,30.65,0.00,11.45,0.00,0.00,0.00,0.00
144,patnt,MW1,Basc1,155,0.00,0.00,43.57,7.45,1.43,0.75,0.00,0.00,0.00,27.84,0.00,10.82,0.00,0.00,0.00,0.00
144,patnt,MW1,Basc1,165,0.00,0.00,38.42,6.96,1.33,0.68,0.00,0.00,0.00,25.06,0.00,10.11,0.00,0.00,0.00,0.00
144,patnt,MW1,Basc1,175,0.00,0.00,33.40,6.47,1.24,0.62,0.00,0.00,0.00,22.38,0.00,9.34,0.00,0.00,0.00,0.00
144,patnt,MW1,Basc1,185,0.00,0.00,28.65,5.97,1.14,0.56,0.00,0.00,0.00,19.82,0.00,8.54,0.00,0.00,0.00,0.00
144,patnt,MW1,Basc1,195,0.00,0.00,24.27,5.48,1.05,0.50,0.00,0.00,0.00,17.42,0.00,7.74,0.00,0.00,0.00,0.00
144,patnt,MW1,Basc1,205,0.00,0.00,20.31,4.99,0.95,0.45,0.00,0.00,0.00,15.19,0.00,6.95,0.00,0.00,0.00,0.00
144,patnt,MW1,Basc1,215,0.00,0.00,16.81,4.52,0.86,0.40,0.00,0.00,0.00,13.16,0.00,6.18,0.00,0.00,0.00,0.00
144,patnt,MW1,Basc1,225,0.00,0.00,13.76,4.06,0.78,0.35,0.00,0.00,0.00,11.31,0.00,5.45,0.00,0.00,0.00,0.00
144,patnt,MW1,Basc1,235,0.00,0.00,11.14,3.63,0.69,0.30,0.00,0.00,0.00,9.66,0.00,4.77,0.00,0.00,0.00,0.00
144,patnt,MW1,Basc1,245,0.00,0.00,8.94,3.22,0.61,0.26,0.00,0.00,0.00,8.18,0.00,4.14,0.00,0.00,0.00,0.00
144,patnt,MW1,Basc1,255,0.00,0.00,7.10,2.83,0.54,0.22,0.00,0.00,0.00,6.89,0.00,3.57,0.00,0.00,0.00,0.00
145,3e,MW1,Basc2,5,0.00,0.00,0.00,0.00,0.00,0.00,0.00,0.00,0.00,0.00,0.00,0.00,0.00,0.00,0.00,0.00
145,3e,MW1,Basc2,15,0.00,0.00,0.39,0.07,0.03,0.01,0.00,0.00,0.00,0.15,0.00,0.03,0.00,0.00,0.00,0.00
145,3e,MW1,Basc2,25,0.00,0.00,3.96,0.99,0.31,0.12,0.00,0.00,0.00,1.91,0.00,0.45,0.00,0.00,0.00,0.00
145,3e,MW1,Basc2,35,0.00,0.00,14.78,3.76,1.05,0.47,0.00,0.00,0.00,8.00,0.00,1.92,0.00,0.00,0.00,0.00
145,3e,MW1,Basc2,45,0.00,0.00,32.40,7.50,2.06,0.92,0.00,0.00,0.00,18.78,0.00,4.61,0.00,0.00,0.00,0.00
145,3e,MW1,Basc2,55,0.00,0.00,50.10,10.24,2.85,1.24,0.00,0.00,0.00,30.16,0.00,7.66,0.00,0.00,0.00,0.00
145,3e,MW1,Basc2,65,0.00,0.00,61.81,11.31,3.20,1.34,0.00,0.00,0.00,37.88,0.00,10.03,0.00,0.00,0.00,0.00
145,3e,MW1,Basc2,75,0.00,0.00,67.20,11.29,3.22,1.32,0.00,0.00,0.00,41.38,0.00,11.46,0.00,0.00,0.00,0.00
145,3e,MW1,Basc2,85,0.00,0.00,68.48,10.85,3.11,1.25,0.00,0.00,0.00,42.04,0.00,12.23,0.00,0.00,0.00,0.00
145,3e,MW1,Basc2,95,0.00,0.00,67.03,10.23,2.94,1.16,0.00,0.00,0.00,40.88,0.00,12.49,0.00,0.00,0.00,0.00
145,3e,MW1,Basc2,105,0.00,0.00,63.43,9.52,2.73,1.06,0.00,0.00,0.00,38.42,0.00,12.34,0.00,0.00,0.00,0.00
145,3e,MW1,Basc2,115,0.00,0.00,58.16,8.72,2.50,0.95,0.00,0.00,0.00,35.06,0.00,11.82,0.00,0.00,0.00,0.00
145,3e,MW1,Basc2,125,0.00,0.00,51.73,7.87,2.26,0.84,0.00,0.00,0.00,31.15,0.00,11.01,0.00,0.00,0.00,0.00
145,3e,MW1,Basc2,135,0.00,0.00,44.69,6.99,2.01,0.73,0.00,0.00,0.00,27.01,0.00,9.98,0.00,0.00,0.00,0.00
145,3e,MW1,Basc2,145,0.00,0.00,37.54,6.10,1.75,0.63,0.00,0.00,0.00,22.89,0.00,8.83,0.00,0.00,0.00,0.00
145,3e,MW1,Basc2,155,0.00,0.00,30.67,5.24,1.51,0.53,0.00,0.00,0.00,18.99,0.00,7.62,0.00,0.00,0.00,0.00
145,3e,MW1,Basc2,165,0.00,0.00,24.41,4.42,1.27,0.43,0.00,0.00,0.00,15.43,0.00,6.42,0.00,0.00,0.00,0.00
145,3e,MW1,Basc2,175,0.00,0.00,18.93,3.67,1.05,0.35,0.00,0.00,0.00,12.29,0.00,5.29,0.00,0.00,0.00,0.00
145,3e,MW1,Basc2,185,0.00,0.00,14.32,2.98,0.86,0.28,0.00,0.00,0.00,9.60,0.00,4.27,0.00,0.00,0.00,0.00
145,3e,MW1,Basc2,195,0.00,0.00,10.58,2.39,0.68,0.22,0.00,0.00,0.00,7.35,0.00,3.37,0.00,0.00,0.00,0.00
145,3e,MW1,Basc2,205,0.00,0.00,7.63,1.87,0.54,0.17,0.00,0.00,0.00,5.53,0.00,2.61,0.00,0.00,0.00,0.00
145,3e,MW1,Basc2,215,0.00,0.00,5.37,1.44,0.41,0.12,0.00,0.00,0.00,4.08,0.00,1.97,0.00,0.00,0.00,0.00
145,3e,MW1,Basc2,225,0.00,0.00,3.70,1.09,0.31,0.09,0.00,0.00,0.00,2.95,0.00,1.47,0.00,0.00,0.00,0.00
145,3e,MW1,Basc2,235,0.00,0.00,2.49,0.81,0.23,0.06,0.00,0.00,0.00,2.09,0.00,1.07,0.00,0.00,0.00,0.00
145,3e,MW1,Basc2,245,0.00,0.00,1.64,0.59,0.17,0.04,0.00,0.00,0.00,1.46,0.00,0.76,0.00,0.00,0.00,0.00
145,3e,MW1,Basc2,255,0.00,0.00,1.06,0.42,0.12,0.03,0.00,0.00,0.00,1.00,0.00,0.53,0.00,0.00,0.00,0.00
146,patnt,MW1,Basc2,5,0.00,0.00,0.00,0.00,0.00,0.00,0.00,0.00,0.00,0.00,0.00,0.00,0.00,0.00,0.00,0.00
146,patnt,MW1,Basc2,15,0.00,0.00,0.45,0.08,0.02,0.01,0.00,0.00,0.00,0.18,0.00,0.04,0.00,0.00,0.00,0.00
146,patnt,MW1,Basc2,25,0.00,0.00,4.30,1.08,0.22,0.14,0.00,0.00,0.00,2.15,0.00,0.49,0.00,0.00,0.00,0.00
146,patnt,MW1,Basc2,35,0.00,0.00,15.27,3.89,0.72,0.49,0.00,0.00,0.00,8.54,0.00,1.98,0.00,0.00,0.00,0.00
146,patnt,MW1,Basc2,45,0.00,0.00,32.23,7.46,1.36,0.92,0.00,0.00,0.00,19.28,0.00,4.59,0.00,0.00,0.00,0.00
146,patnt,MW1,Basc2,55,0.00,0.00,48.55,9.92,1.84,1.20,0.00,0.00,0.00,30.17,0.00,7.43,0.00,0.00,0.00,0.00
146,patnt,MW1,Basc2,65,0.00,0.00,59.05,10.80,2.03,1.28,0.00,0.00,0.00,37.35,0.00,9.58,0.00,0.00,0.00,0.00
146,patnt,MW1,Basc2,75,0.00,0.00,64.01,10.76,2.04,1.26,0.00,0.00,0.00,40.69,0.00,10.92,0.00,0.00,0.00,0.00
146,patnt,MW1,Basc2,85,0.00,0.00,65.82,10.43,1.99,1.20,0.00,0.00,0.00,41.72,0.00,11.75,0.00,0.00,0.00,0.00
146,patnt,MW1,Basc2,95,0.00,0.00,65.77,10.04,1.92,1.13,0.00,0.00,0.00,41.41,0.00,12.26,0.00,0.00,0.00,0.00
146,patnt,MW1,Basc2,105,0.00,0.00,64.29,9.65,1.84,1.07,0.00,0.00,0.00,40.20,0.00,12.51,0.00,0.00,0.00,0.00
146,patnt,MW1,Basc2,115,0.00,0.00,61.61,9.24,1.77,1.01,0.00,0.00,0.00,38.34,0.00,12.52,0.00,0.00,0.00,0.00
146,patnt,MW1,Basc2,125,0.00,0.00,57.95,8.82,1.69,0.94,0.00,0.00,0.00,36.02,0.00,12.33,0.00,0.00,0.00,0.00
146,patnt,MW1,Basc2,135,0.00,0.00,53.56,8.38,1.60,0.88,0.00,0.00,0.00,33.41,0.00,11.96,0.00,0.00,0.00,0.00
146,patnt,MW1,Basc2,145,0.00,0.00,48.69,7.92,1.52,0.81,0.00,0.00,0.00,30.65,0.00,11.45,0.00,0.00,0.00,0.00
146,patnt,MW1,Basc2,155,0.00,0.00,43.57,7.45,1.43,0.75,0.00,0.00,0.00,27.84,0.00,10.82,0.00,0.00,0.00,0.00
146,patnt,MW1,Basc2,165,0.00,0.00,38.42,6.96,1.33,0.68,0.00,0.00,0.00,25.06,0.00,10.11,0.00,0.00,0.00,0.00
146,patnt,MW1,Basc2,175,0.00,0.00,33.40,6.47,1.24,0.62,0.00,0.00,0.00,22.38,0.00,9.34,0.00,0.00,0.00,0.00
146,patnt,MW1,Basc2,185,0.00,0.00,28.65,5.97,1.14,0.56,0.00,0.00,0.00,19.82,0.00,8.54,0.00,0.00,0.00,0.00
146,patnt,MW1,Basc2,195,0.00,0.00,24.27,5.48,1.05,0.50,0.00,0.00,0.00,17.42,0.00,7.74,0.00,0.00,0.00,0.00
146,patnt,MW1,Basc2,205,0.00,0.00,20.31,4.99,0.95,0.45,0.00,0.00,0.00,15.19,0.00,6.95,0.00,0.00,0.00,0.00
146,patnt,MW1,Basc2,215,0.00,0.00,16.81,4.52,0.86,0.40,0.00,0.00,0.00,13.16,0.00,6.18,0.00,0.00,0.00,0.00
146,patnt,MW1,Basc2,225,0.00,0.00,13.76,4.06,0.78,0.35,0.00,0.00,0.00,11.31,0.00,5.45,0.00,0.00,0.00,0.00
146,patnt,MW1,Basc2,235,0.00,0.00,11.14,3.63,0.69,0.30,0.00,0.00,0.00,9.66,0.00,4.77,0.00,0.00,0.00,0.00
146,patnt,MW1,Basc2,245,0.00,0.00,8.94,3.22,0.61,0.26,0.00,0.00,0.00,8.18,0.00,4.14,0.00,0.00,0.00,0.00
146,patnt,MW1,Basc2,255,0.00,0.00,7.10,2.83,0.54,0.22,0.00,0.00,0.00,6.89,0.00,3.57,0.00,0.00,0.00,0.00
147,3e,MW1,Intn1,5,0.00,0.00,0.00,0.00,0.00,0.00,0.00,0.00,0.00,0.00,0.00,0.00,0.00,0.00,0.00,0.00
147,3e,MW1,Intn1,15,0.00,0.00,0.63,0.03,0.01,0.01,0.00,0.00,0.00,0.16,0.00,0.02,0.00,0.00,0.00,0.00
147,3e,MW1,Intn1,25,0.00,0.00,6.52,0.40,0.11,0.13,0.00,0.00,0.00,2.07,0.00,0.32,0.00,0.00,0.00,0.00
147,3e,MW1,Intn1,35,0.00,0.00,23.76,1.47,0.36,0.49,0.00,0.00,0.00,8.46,0.00,1.33,0.00,0.00,0.00,0.00
147,3e,MW1,Intn1,45,0.00,0.00,49.69,2.80,0.67,0.91,0.00,0.00,0.00,18.93,0.00,3.05,0.00,0.00,0.00,0.00
147,3e,MW1,Intn1,55,0.00,0.00,73.00,3.64,0.89,1.15,0.00,0.00,0.00,28.88,0.00,4.82,0.00,0.00,0.00,0.00
147,3e,MW1,Intn1,65,0.00,0.00,86.72,3.87,0.96,1.21,0.00,0.00,0.00,34.93,0.00,6.07,0.00,0.00,0.00,0.00
147,3e,MW1,Intn1,75,0.00,0.00,92.50,3.79,0.95,1.16,0.00,0.00,0.00,37.43,0.00,6.81,0.00,0.00,0.00,0.00
147,3e,MW1,Intn1,85,0.00,0.00,93.52,3.61,0.91,1.09,0.00,0.00,0.00,37.74,0.00,7.21,0.00,0.00,0.00,0.00
147,3e,MW1,Intn1,95,0.00,0.00,91.13,3.39,0.85,1.01,0.00,0.00,0.00,36.53,0.00,7.33,0.00,0.00,0.00,0.00
147,3e,MW1,Intn1,105,0.00,0.00,85.95,3.14,0.79,0.92,0.00,0.00,0.00,34.21,0.00,7.22,0.00,0.00,0.00,0.00
147,3e,MW1,Intn1,115,0.00,0.00,78.58,2.87,0.72,0.82,0.00,0.00,0.00,31.13,0.00,6.89,0.00,0.00,0.00,0.00
147,3e,MW1,Intn1,125,0.00,0.00,69.73,2.58,0.65,0.73,0.00,0.00,0.00,27.59,0.00,6.40,0.00,0.00,0.00,0.00
147,3e,MW1,Intn1,135,0.00,0.00,60.12,2.29,0.58,0.63,0.00,0.00,0.00,23.87,0.00,5.80,0.00,0.00,0.00,0.00
147,3e,MW1,Intn1,145,0.00,0.00,50.41,2.00,0.50,0.54,0.00,0.00,0.00,20.20,0.00,5.12,0.00,0.00,0.00,0.00
147,3e,MW1,Intn1,155,0.00,0.00,41.14,1.71,0.43,0.45,0.00,0.00,0.00,16.73,0.00,4.41,0.00,0.00,0.00,0.00
147,3e,MW1,Intn1,165,0.00,0.00,32.70,1.44,0.36,0.37,0.00,0.00,0.00,13.58,0.00,3.71,0.00,0.00,0.00,0.00
147,3e,MW1,Intn1,175,0.00,0.00,25.34,1.19,0.30,0.30,0.00,0.00,0.00,10.80,0.00,3.06,0.00,0.00,0.00,0.00
147,3e,MW1,Intn1,185,0.00,0.00,19.15,0.97,0.24,0.24,0.00,0.00,0.00,8.43,0.00,2.46,0.00,0.00,0.00,0.00
147,3e,MW1,Intn1,195,0.00,0.00,14.13,0.77,0.19,0.19,0.00,0.00,0.00,6.45,0.00,1.94,0.00,0.00,0.00,0.00
147,3e,MW1,Intn1,205,0.00,0.00,10.18,0.61,0.15,0.14,0.00,0.00,0.00,4.85,0.00,1.50,0.00,0.00,0.00,0.00
147,3e,MW1,Intn1,215,0.00,0.00,7.17,0.47,0.11,0.10,0.00,0.00,0.00,3.57,0.00,1.14,0.00,0.00,0.00,0.00
147,3e,MW1,Intn1,225,0.00,0.00,4.94,0.35,0.09,0.08,0.00,0.00,0.00,2.58,0.00,0.84,0.00,0.00,0.00,0.00
147,3e,MW1,Intn1,235,0.00,0.00,3.33,0.26,0.06,0.05,0.00,0.00,0.00,1.83,0.00,0.61,0.00,0.00,0.00,0.00
147,3e,MW1,Intn1,245,0.00,0.00,2.19,0.19,0.04,0.04,0.00,0.00,0.00,1.28,0.00,0.44,0.00,0.00,0.00,0.00
147,3e,MW1,Intn1,255,0.00,0.00,1.42,0.13,0.03,0.02,0.00,0.00,0.00,0.87,0.00,0.30,0.00,0.00,0.00,0.00
148,patnt,MW1,Intn1,5,0.00,0.00,0.00,0.00,0.00,0.00,0.00,0.00,0.00,0.00,0.00,0.00,0.00,0.00,0.00,0.00
148,patnt,MW1,Intn1,15,0.00,0.00,0.45,0.08,0.02,0.01,0.00,0.00,0.00,0.18,0.00,0.04,0.00,0.00,0.00,0.00
148,patnt,MW1,Intn1,25,0.00,0.00,4.30,1.08,0.22,0.14,0.00,0.00,0.00,2.15,0.00,0.49,0.00,0.00,0.00,0.00
148,patnt,MW1,Intn1,35,0.00,0.00,15.27,3.89,0.72,0.49,0.00,0.00,0.00,8.54,0.00,1.98,0.00,0.00,0.00,0.00
148,patnt,MW1,Intn1,45,0.00,0.00,32.23,7.46,1.36,0.92,0.00,0.00,0.00,19.28,0.00,4.59,0.00,0.00,0.00,0.00
148,patnt,MW1,Intn1,55,0.00,0.00,48.55,9.92,1.84,1.20,0.00,0.00,0.00,30.17,0.00,7.43,0.00,0.00,0.00,0.00
148,patnt,MW1,Intn1,65,0.00,0.00,59.05,10.80,2.03,1.28,0.00,0.00,0.00,37.35,0.00,9.58,0.00,0.00,0.00,0.00
148,patnt,MW1,Intn1,75,0.00,0.00,64.01,10.76,2.04,1.26,0.00,0.00,0.00,40.69,0.00,10.92,0.00,0.00,0.00,0.00
148,patnt,MW1,Intn1,85,0.00,0.00,65.82,10.43,1.99,1.20,0.00,0.00,0.00,41.72,0.00,11.75,0.00,0.00,0.00,0.00
148,patnt,MW1,Intn1,95,0.00,0.00,65.77,10.04,1.92,1.13,0.00,0.00,0.00,41.41,0.00,12.26,0.00,0.00,0.00,0.00
148,patnt,MW1,Intn1,105,0.00,0.00,64.29,9.65,1.84,1.07,0.00,0.00,0.00,40.20,0.00,12.51,0.00,0.00,0.00,0.00
148,patnt,MW1,Intn1,115,0.00,0.00,61.61,9.24,1.77,1.01,0.00,0.00,0.00,38.34,0.00,12.52,0.00,0.00,0.00,0.00
148,patnt,MW1,Intn1,125,0.00,0.00,57.95,8.82,1.69,0.94,0.00,0.00,0.00,36.02,0.00,12.33,0.00,0.00,0.00,0.00
148,patnt,MW1,Intn1,135,0.00,0.00,53.56,8.38,1.60,0.88,0.00,0.00,0.00,33.41,0.00,11.96,0.00,0.00,0.00,0.00
148,patnt,MW1,Intn1,145,0.00,0.00,48.69,7.92,1.52,0.81,0.00,0.00,0.00,30.65,0.00,11.45,0.00,0.00,0.00,0.00
148,patnt,MW1,Intn1,155,0.00,0.00,43.57,7.45,1.43,0.75,0.00,0.00,0.00,27.84,0.00,10.82,0.00,0.00,0.00,0.00
148,patnt,MW1,Intn1,165,0.00,0.00,38.42,6.96,1.33,0.68,0.00,0.00,0.00,25.06,0.00,10.11,0.00,0.00,0.00,0.00
148,patnt,MW1,Intn1,175,0.00,0.00,33.40,6.47,1.24,0.62,0.00,0.00,0.00,22.38,0.00,9.34,0.00,0.00,0.00,0.00
148,patnt,MW1,Intn1,185,0.00,0.00,28.65,5.97,1.14,0.56,0.00,0.00,0.00,19.82,0.00,8.54,0.00,0.00,0.00,0.00
148,patnt,MW1,Intn1,195,0.00,0.00,24.27,5.48,1.05,0.50,0.00,0.00,0.00,17.42,0.00,7.74,0.00,0.00,0.00,0.00
148,patnt,MW1,Intn1,205,0.00,0.00,20.31,4.99,0.95,0.45,0.00,0.00,0.00,15.19,0.00,6.95,0.00,0.00,0.00,0.00
148,patnt,MW1,Intn1,215,0.00,0.00,16.81,4.52,0.86,0.40,0.00,0.00,0.00,13.16,0.00,6.18,0.00,0.00,0.00,0.00
148,patnt,MW1,Intn1,225,0.00,0.00,13.76,4.06,0.78,0.35,0.00,0.00,0.00,11.31,0.00,5.45,0.00,0.00,0.00,0.00
148,patnt,MW1,Intn1,235,0.00,0.00,11.14,3.63,0.69,0.30,0.00,0.00,0.00,9.66,0.00,4.77,0.00,0.00,0.00,0.00
148,patnt,MW1,Intn1,245,0.00,0.00,8.94,3.22,0.61,0.26,0.00,0.00,0.00,8.18,0.00,4.14,0.00,0.00,0.00,0.00
148,patnt,MW1,Intn1,255,0.00,0.00,7.10,2.83,0.54,0.22,0.00,0.00,0.00,6.89,0.00,3.57,0.00,0.00,0.00,0.00
151,3e,MW2,Prsnt,5,0.00,0.00,0.00,0.00,0.00,0.00,0.00,0.00,0.00,0.00,0.00,0.00,0.00,0.00,0.00,0.00
151,3e,MW2,Prsnt,15,0.02,0.00,0.06,0.63,0.38,0.33,0.37,0.00,0.00,0.72,0.00,0.28,0.00,0.00,0.00,0.00
151,3e,MW2,Prsnt,25,0.18,0.00,0.35,4.38,1.98,2.26,1.14,0.00,0.00,4.80,0.00,1.82,0.00,0.00,0.00,0.00
151,3e,MW2,Prsnt,35,0.53,0.00,0.89,11.37,4.59,5.73,2.08,0.00,0.00,13.79,0.00,5.26,0.00,0.00,0.00,0.00
151,3e,MW2,Prsnt,45,1.05,0.00,1.60,18.46,7.31,9.07,2.94,0.00,0.00,26.37,0.00,10.31,0.00,0.00,0.00,0.00
151,3e,MW2,Prsnt,55,1.64,0.00,2.30,23.39,9.39,11.26,3.56,0.00,0.00,39.32,0.00,15.90,0.00,0.00,0.00,0.00
151,3e,MW2,Prsnt,65,2.19,0.00,2.86,26.07,10.64,12.34,3.91,0.00,0.00,49.85,0.00,21.00,0.00,0.00,0.00,0.00
151,3e,MW2,Prsnt,75,2.66,0.00,3.25,27.20,11.20,12.68,4.02,0.00,0.00,56.87,0.00,25.07,0.00,0.00,0.00,0.00
151,3e,MW2,Prsnt,85,3.01,0.00,3.47,27.34,11.30,12.54,3.98,0.00,0.00,60.46,0.00,27.98,0.00,0.00,0.00,0.00
151,3e,MW2,Prsnt,95,3.26,0.00,3.53,26.80,11.10,12.09,3.82,0.00,0.00,61.10,0.00,29.71,0.00,0.00,0.00,0.00
151,3e,MW2,Prsnt,105,3.38,0.00,3.45,25.79,10.68,11.42,3.58,0.00,0.00,59.40,0.00,30.36,0.00,0.00,0.00,0.00
151,3e,MW2,Prsnt,115,3.40,0.00,3.27,24.40,10.11,10.61,3.29,0.00,0.00,55.96,0.00,30.03,0.00,0.00,0.00,0.00
151,3e,MW2,Prsnt,125,3.32,0.00,3.00,22.74,9.43,9.71,2.97,0.00,0.00,51.34,0.00,28.88,0.00,0.00,0.00,0.00
151,3e,MW2,Prsnt,135,3.17,0.00,2.68,20.89,8.66,8.74,2.62,0.00,0.00,46.04,0.00,27.08,0.00,0.00,0.00,0.00
151,3e,MW2,Prsnt,145,2.94,0.00,2.33,18.91,7.84,7.76,2.28,0.00,0.00,40.46,0.00,24.83,0.00,0.00,0.00,0.00
151,3e,MW2,Prsnt,155,2.68,0.00,1.98,16.89,7.01,6.79,1.94,0.00,0.00,34.90,0.00,22.28,0.00,0.00,0.00,0.00
151,3e,MW2,Prsnt,165,2.38,0.00,1.65,14.87,6.17,5.85,1.63,0.00,0.00,29.60,0.00,19.61,0.00,0.00,0.00,0.00
151,3e,MW2,Prsnt,175,2.08,0.00,1.34,12.92,5.36,4.98,1.34,0.00,0.00,24.70,0.00,16.94,0.00,0.00,0.00,0.00
151,3e,MW2,Prsnt,185,1.78,0.00,1.06,11.07,4.59,4.17,1.09,0.00,0.00,20.30,0.00,14.38,0.00,0.00,0.00,0.00
151,3e,MW2,Prsnt,195,1.50,0.00,0.83,9.35,3.88,3.45,0.87,0.00,0.00,16.44,0.00,12.00,0.00,0.00,0.00,0.00
151,3e,MW2,Prsnt,205,1.24,0.00,0.63,7.80,3.24,2.81,0.68,0.00,0.00,13.12,0.00,9.85,0.00,0.00,0.00,0.00
151,3e,MW2,Prsnt,215,1.00,0.00,0.47,6.41,2.66,2.26,0.53,0.00,0.00,10.32,0.00,7.96,0.00,0.00,0.00,0.00
151,3e,MW2,Prsnt,225,0.80,0.00,0.35,5.20,2.16,1.79,0.40,0.00,0.00,8.01,0.00,6.34,0.00,0.00,0.00,0.00
151,3e,MW2,Prsnt,235,0.63,0.00,0.25,4.16,1.73,1.40,0.30,0.00,0.00,6.13,0.00,4.97,0.00,0.00,0.00,0.00
151,3e,MW2,Prsnt,245,0.49,0.00,0.18,3.29,1.36,1.08,0.22,0.00,0.00,4.62,0.00,3.84,0.00,0.00,0.00,0.00
151,3e,MW2,Prsnt,255,0.37,0.00,0.12,2.56,1.06,0.82,0.16,0.00,0.00,3.44,0.00,2.93,0.00,0.00,0.00,0.00
152,patnt,MW2,Prsnt,5,0.00,0.00,0.00,0.00,0.00,0.00,0.00,0.00,0.00,0.00,0.00,0.00,0.00,0.00,0.00,0.00
152,patnt,MW2,Prsnt,15,0.00,0.00,0.06,0.57,0.40,0.42,0.25,0.12,0.00,1.21,0.00,0.11,0.00,0.00,0.00,0.00
152,patnt,MW2,Prsnt,25,0.00,0.00,0.34,3.68,1.93,2.70,0.74,0.37,0.00,7.43,0.00,0.68,0.00,0.00,0.00,0.00
152,patnt,MW2,Prsnt,35,0.00,0.00,0.81,8.96,4.19,6.44,1.26,0.63,0.00,20.05,0.00,1.85,0.00,0.00,0.00,0.00
152,patnt,MW2,Prsnt,45,0.00,0.00,1.38,13.81,6.33,9.67,1.70,0.85,0.00,36.38,0.00,3.43,0.00,0.00,0.00,0.00
152,patnt,MW2,Prsnt,55,0.00,0.00,1.91,16.79,7.81,11.52,1.97,0.98,0.00,52.04,0.00,5.08,0.00,0.00,0.00,0.00
152,patnt,MW2,Prsnt,65,0.00,0.00,2.31,18.18,8.59,12.27,2.10,1.05,0.00,64.11,0.00,6.52,0.00,0.00,0.00,0.00
152,patnt,MW2,Prsnt,75,0.00,0.00,2.58,18.66,8.89,12.40,2.13,1.06,0.00,71.97,0.00,7.66,0.00,0.00,0.00,0.00
152,patnt,MW2,Prsnt,85,0.00,0.00,2.74,18.67,8.94,12.21,2.10,1.05,0.00,76.17,0.00,8.51,0.00,0.00,0.00,0.00
152,patnt,MW2,Prsnt,95,0.00,0.00,2.81,18.44,8.84,11.85,2.03,1.01,0.00,77.50,0.00,9.10,0.00,0.00,0.00,0.00
152,patnt,MW2,Prsnt,105,0.00,0.00,2.80,18.05,8.66,11.39,1.93,0.96,0.00,76.66,0.00,9.46,0.00,0.00,0.00,0.00
152,patnt,MW2,Prsnt,115,0.00,0.00,2.72,17.55,8.42,10.88,1.83,0.91,0.00,74.23,0.00,9.62,0.00,0.00,0.00,0.00
152,patnt,MW2,Prsnt,125,0.00,0.00,2.59,16.98,8.15,10.33,1.71,0.85,0.00,70.70,0.00,9.60,0.00,0.00,0.00,0.00
152,patnt,MW2,Prsnt,135,0.00,0.00,2.43,16.35,7.85,9.75,1.58,0.79,0.00,66.44,0.00,9.44,0.00,0.00,0.00,0.00
152,patnt,MW2,Prsnt,145,0.00,0.00,2.24,15.66,7.52,9.16,1.45,0.72,0.00,61.77,0.00,9.15,0.00,0.00,0.00,0.00
152,patnt,MW2,Prsnt,155,0.00,0.00,2.03,14.93,7.17,8.55,1.32,0.66,0.00,56.90,0.00,8.77,0.00,0.00,0.00,0.00
152,patnt,MW2,Prsnt,165,0.00,0.00,1.82,14.17,6.81,7.95,1.20,0.60,0.00,52.01,0.00,8.32,0.00,0.00,0.00,0.00
152,patnt,MW2,Prsnt,175,0.00,0.00,1.61,13.39,6.43,7.36,1.07,0.53,0.00,47.21,0.00,7.82,0.00,0.00,0.00,0.00
152,patnt,MW2,Prsnt,185,0.00,0.00,1.40,12.60,6.05,6.77,0.96,0.48,0.00,42.60,0.00,7.28,0.00,0.00,0.00,0.00
152,patnt,MW2,Prsnt,195,0.00,0.00,1.21,11.80,5.67,6.20,0.84,0.42,0.00,38.23,0.00,6.74,0.00,0.00,0.00,0.00
152,patnt,MW2,Prsnt,205,0.00,0.00,1.04,11.00,5.29,5.66,0.74,0.37,0.00,34.12,0.00,6.19,0.00,0.00,0.00,0.00
152,patnt,MW2,Prsnt,215,0.00,0.00,0.88,10.21,4.91,5.14,0.65,0.32,0.00,30.32,0.00,5.65,0.00,0.00,0.00,0.00
152,patnt,MW2,Prsnt,225,0.00,0.00,0.74,9.44,4.54,4.64,0.56,0.28,0.00,26.81,0.00,5.12,0.00,0.00,0.00,0.00
152,patnt,MW2,Prsnt,235,0.00,0.00,0.62,8.70,4.18,4.18,0.48,0.24,0.00,23.60,0.00,4.62,0.00,0.00,0.00,0.00
152,patnt,MW2,Prsnt,245,0.00,0.00,0.51,7.98,3.84,3.74,0.41,0.20,0.00,20.69,0.00,4.15,0.00,0.00,0.00,0.00
152,patnt,MW2,Prsnt,255,0.00,0.00,0.42,7.29,3.51,3.34,0.35,0.17,0.00,18.06,0.00,3.71,0.00,0.00,0.00,0.00
153,3e,MW2,Exten,5,0.00,0.00,0.00,0.00,0.00,0.00,0.00,0.00,0.00,0.00,0.00,0.00,0.00,0.00,0.00,0.00
153,3e,MW2,Exten,15,0.00,0.00,0.16,0.83,0.40,0.46,0.14,0.14,0.00,1.01,0.03,0.26,0.00,0.00,0.00,0.00
153,3e,MW2,Exten,25,0.00,0.00,0.84,5.57,2.01,3.08,0.43,0.43,0.00,6.45,0.21,1.67,0.00,0.00,0.00,0.00
153,3e,MW2,Exten,35,0.00,0.00,2.11,14.14,4.56,7.64,0.77,0.77,0.00,18.13,0.60,4.72,0.00,0.00,0.00,0.00
153,3e,MW2,Exten,45,0.00,0.00,3.71,22.62,7.15,11.91,1.08,1.08,0.00,34.15,1.13,9.11,0.00,0.00,0.00,0.00
153,3e,MW2,Exten,55,0.00,0.00,5.27,28.32,9.09,14.62,1.29,1.29,0.00,50.31,1.67,13.88,0.00,0.00,0.00,0.00
153,3e,MW2,Exten,65,0.00,0.00,6.50,31.27,10.19,15.87,1.41,1.41,0.00,63.19,2.10,18.17,0.00,0.00,0.00,0.00
153,3e,MW2,Exten,75,0.00,0.00,7.32,32.38,10.65,16.18,1.44,1.44,0.00,71.56,2.38,21.53,0.00,0.00,0.00,0.00
153,3e,MW2,Exten,85,0.00,0.00,7.76,32.35,10.68,15.90,1.41,1.41,0.00,75.62,2.52,23.88,0.00,0.00,0.00,0.00
153,3e,MW2,Exten,95,0.00,0.00,7.86,31.58,10.44,15.26,1.35,1.35,0.00,76.08,2.53,25.25,0.00,0.00,0.00,0.00
153,3e,MW2,Exten,105,0.00,0.00,7.67,30.28,10.02,14.38,1.26,1.26,0.00,73.71,2.45,25.71,0.00,0.00,0.00,0.00
153,3e,MW2,Exten,115,0.00,0.00,7.24,28.58,9.46,13.32,1.16,1.16,0.00,69.27,2.30,25.37,0.00,0.00,0.00,0.00
153,3e,MW2,Exten,125,0.00,0.00,6.64,26.59,8.81,12.16,1.04,1.04,0.00,63.44,2.11,24.36,0.00,0.00,0.00,0.00
153,3e,MW2,Exten,135,0.00,0.00,5.93,24.39,8.08,10.94,0.92,0.92,0.00,56.82,1.89,22.81,0.00,0.00,0.00,0.00
153,3e,MW2,Exten,145,0.00,0.00,5.16,22.07,7.31,9.71,0.80,0.80,0.00,49.89,1.66,20.90,0.00,0.00,0.00,0.00
153,3e,MW2,Exten,155,0.00,0.00,4.38,19.70,6.53,8.49,0.68,0.68,0.00,43.02,1.43,18.74,0.00,0.00,0.00,0.00
153,3e,MW2,Exten,165,0.00,0.00,3.63,17.34,5.75,7.32,0.57,0.57,0.00,36.47,1.21,16.49,0.00,0.00,0.00,0.00
153,3e,MW2,Exten,175,0.00,0.00,2.95,15.06,4.99,6.22,0.47,0.47,0.00,30.43,1.01,14.24,0.00,0.00,0.00,0.00
153,3e,MW2,Exten,185,0.00,0.00,2.35,12.90,4.28,5.21,0.38,0.38,0.00,25.00,0.83,12.08,0.00,0.00,0.00,0.00
153,3e,MW2,Exten,195,0.00,0.00,1.83,10.90,3.61,4.31,0.30,0.30,0.00,20.24,0.67,10.08,0.00,0.00,0.00,0.00
153,3e,MW2,Exten,205,0.00,0.00,1.40,9.09,3.01,3.51,0.24,0.24,0.00,16.15,0.53,8.28,0.00,0.00,0.00,0.00
153,3e,MW2,Exten,215,0.00,0.00,1.05,7.47,2.48,2.82,0.18,0.18,0.00,12.71,0.42,6.69,0.00,0.00,0.00,0.00
153,3e,MW2,Exten,225,0.00,0.00,0.78,6.06,2.01,2.24,0.14,0.14,0.00,9.86,0.32,5.33,0.00,0.00,0.00,0.00
153,3e,MW2,Exten,235,0.00,0.00,0.56,4.85,1.61,1.75,0.10,0.10,0.00,7.54,0.25,4.18,0.00,0.00,0.00,0.00
153,3e,MW2,Exten,245,0.00,0.00,0.40,3.83,1.27,1.35,0.07,0.07,0.00,5.69,0.18,3.23,0.00,0.00,0.00,0.00
153,3e,MW2,Exten,255,0.00,0.00,0.28,2.98,0.99,1.02,0.05,0.05,0.00,4.24,0.14,2.46,0.00,0.00,0.00,0.00
154,patnt,MW2,Exten,5,0.00,0.00,0.00,0.00,0.00,0.00,0.00,0.00,0.00,0.00,0.00,0.00,0.00,0.00,0.00,0.00
154,patnt,MW2,Exten,15,0.00,0.00,0.06,0.57,0.40,0.42,0.25,0.12,0.00,1.21,0.00,0.11,0.00,0.00,0.00,0.00
154,patnt,MW2,Exten,25,0.00,0.00,0.34,3.68,1.93,2.70,0.74,0.37,0.00,7.43,0.00,0.68,0.00,0.00,0.00,0.00
154,patnt,MW2,Exten,35,0.00,0.00,0.81,8.96,4.19,6.44,1.26,0.63,0.00,20.05,0.00,1.85,0.00,0.00,0.00,0.00
154,patnt,MW2,Exten,45,0.00,0.00,1.38,13.81,6.33,9.67,1.70,0.85,0.00,36.38,0.00,3.43,0.00,0.00,0.00,0.00
154,patnt,MW2,Exten,55,0.00,0.00,1.91,16.79,7.81,11.52,1.97,0.98,0.00,52.04,0.00,5.08,0.00,0.00,0.00,0.00
154,patnt,MW2,Exten,65,0.00,0.00,2.31,18.18,8.59,12.27,2.10,1.05,0.00,64.11,0.00,6.52,0.00,0.00,0.00,0.00
154,patnt,MW2,Exten,75,0.00,0.00,2.58,18.66,8.89,12.40,2.13,1.06,0.00,71.97,0.00,7.66,0.00,0.00,0.00,0.00
154,patnt,MW2,Exten,85,0.00,0.00,2.74,18.67,8.94,12.21,2.10,1.05,0.00,76.17,0.00,8.51,0.00,0.00,0.00,0.00
154,patnt,MW2,Exten,95,0.00,0.00,2.81,18.44,8.84,11.85,2.03,1.01,0.00,77.50,0.00,9.10,0.00,0.00,0.00,0.00
154,patnt,MW2,Exten,105,0.00,0.00,2.80,18.05,8.66,11.39,1.93,0.96,0.00,76.66,0.00,9.46,0.00,0.00,0.00,0.00
154,patnt,MW2,Exten,115,0.00,0.00,2.72,17.55,8.42,10.88,1.83,0.91,0.00,74.23,0.00,9.62,0.00,0.00,0.00,0.00
154,patnt,MW2,Exten,125,0.00,0.00,2.59,16.98,8.15,10.33,1.71,0.85,0.00,70.70,0.00,9.60,0.00,0.00,0.00,0.00
154,patnt,MW2,Exten,135,0.00,0.00,2.43,16.35,7.85,9.75,1.58,0.79,0.00,66.44,0.00,9.44,0.00,0.00,0.00,0.00
154,patnt,MW2,Exten,145,0.00,0.00,2.24,15.66,7.52,9.16,1.45,0.72,0.00,61.77,0.00,9.15,0.00,0.00,0.00,0.00
154,patnt,MW2,Exten,155,0.00,0.00,2.03,14.93,7.17,8.55,1.32,0.66,0.00,56.90,0.00,8.77,0.00,0.00,0.00,0.00
154,patnt,MW2,Exten,165,0.00,0.00,1.82,14.17,6.81,7.95,1.20,0.60,0.00,52.01,0.00,8.32,0.00,0.00,0.00,0.00
154,patnt,MW2,Exten,175,0.00,0.00,1.61,13.39,6.43,7.36,1.07,0.53,0.00,47.21,0.00,7.82,0.00,0.00,0.00,0.00
154,patnt,MW2,Exten,185,0.00,0.00,1.40,12.60,6.05,6.77,0.96,0.48,0.00,42.60,0.00,7.28,0.00,0.00,0.00,0.00
154,patnt,MW2,Exten,195,0.00,0.00,1.21,11.80,5.67,6.20,0.84,0.42,0.00,38.23,0.00,6.74,0.00,0.00,0.00,0.00
154,patnt,MW2,Exten,205,0.00,0.00,1.04,11.00,5.29,5.66,0.74,0.37,0.00,34.12,0.00,6.19,0.00,0.00,0.00,0.00
154,patnt,MW2,Exten,215,0.00,0.00,0.88,10.21,4.91,5.14,0.65,0.32,0.00,30.32,0.00,5.65,0.00,0.00,0.00,0.00
154,patnt,MW2,Exten,225,0.00,0.00,0.74,9.44,4.54,4.64,0.56,0.28,0.00,26.81,0.00,5.12,0.00,0.00,0.00,0.00
154,patnt,MW2,Exten,235,0.00,0.00,0.62,8.70,4.18,4.18,0.48,0.24,0.00,23.60,0.00,4.62,0.00,0.00,0.00,0.00
154,patnt,MW2,Exten,245,0.00,0.00,0.51,7.98,3.84,3.74,0.41,0.20,0.00,20.69,0.00,4.15,0.00,0.00,0.00,0.00
154,patnt,MW2,Exten,255,0.00,0.00,0.42,7.29,3.51,3.34,0.35,0.17,0.00,18.06,0.00,3.71,0.00,0.00,0.00,0.00
155,3e,MW2,Basc1,5,0.00,0.00,0.00,0.00,0.00,0.00,0.00,0.00,0.00,0.00,0.00,0.00,0.00,0.00,0.00,0.00
155,3e,MW2,Basc1,15,0.02,0.00,0.06,0.63,0.38,0.33,0.37,0.00,0.00,0.72,0.00,0.28,0.00,0.00,0.00,0.00
155,3e,MW2,Basc1,25,0.18,0.00,0.35,4.38,1.98,2.26,1.14,0.00,0.00,4.80,0.00,1.82,0.00,0.00,0.00,0.00
155,3e,MW2,Basc1,35,0.53,0.00,0.89,11.37,4.59,5.73,2.08,0.00,0.00,13.79,0.00,5.26,0.00,0.00,0.00,0.00
155,3e,MW2,Basc1,45,1.05,0.00,1.60,18.46,7.31,9.07,2.94,0.00,0.00,26.37,0.00,10.31,0.00,0.00,0.00,0.00
155,3e,MW2,Basc1,55,1.64,0.00,2.30,23.39,9.39,11.26,3.56,0.00,0.00,39.32,0.00,15.90,0.00,0.00,0.00,0.00
155,3e,MW2,Basc1,65,2.19,0.00,2.86,26.07,10.64,12.34,3.91,0.00,0.00,49.85,0.00,21.00,0.00,0.00,0.00,0.00
155,3e,MW2,Basc1,75,2.66,0.00,3.25,27.20,11.20,12.68,4.02,0.00,0.00,56.87,0.00,25.07,0.00,0.00,0.00,0.00
155,3e,MW2,Basc1,85,3.01,0.00,3.47,27.34,11.30,12.54,3.98,0.00,0.00,60.46,0.00,27.98,0.00,0.00,0.00,0.00
155,3e,MW2,Basc1,95,3.26,0.00,3.53,26.80,11.10,12.09,3.82,0.00,0.00,61.10,0.00,29.71,0.00,0.00,0.00,0.00
155,3e,MW2,Basc1,105,3.38,0.00,3.45,25.79,10.68,11.42,3.58,0.00,0.00,59.40,0.00,30.36,0.00,0.00,0.00,0.00
155,3e,MW2,Basc1,115,3.40,0.00,3.27,24.40,10.11,10.61,3.29,0.00,0.00,55.96,0.00,30.03,0.00,0.00,0.00,0.00
155,3e,MW2,Basc1,125,3.32,0.00,3.00,22.74,9.43,9.71,2.97,0.00,0.00,51.34,0.00,28.88,0.00,0.00,0.00,0.00
155,3e,MW2,Basc1,135,3.17,0.00,2.68,20.89,8.66,8.74,2.62,0.00,0.00,46.04,0.00,27.08,0.00,0.00,0.00,0.00
155,3e,MW2,Basc1,145,2.94,0.00,2.33,18.91,7.84,7.76,2.28,0.00,0.00,40.46,0.00,24.83,0.00,0.00,0.00,0.00
155,3e,MW2,Basc1,155,2.68,0.00,1.98,16.89,7.01,6.79,1.94,0.00,0.00,34.90,0.00,22.28,0.00,0.00,0.00,0.00
155,3e,MW2,Basc1,165,2.38,0.00,1.65,14.87,6.17,5.85,1.63,0.00,0.00,29.60,0.00,19.61,0.00,0.00,0.00,0.00
155,3e,MW2,Basc1,175,2.08,0.00,1.34,12.92,5.36,4.98,1.34,0.00,0.00,24.70,0.00,16.94,0.00,0.00,0.00,0.00
155,3e,MW2,Basc1,185,1.78,0.00,1.06,11.07,4.59,4.17,1.09,0.00,0.00,20.30,0.00,14.38,0.00,0.00,0.00,0.00
155,3e,MW2,Basc1,195,1.50,0.00,0.83,9.35,3.88,3.45,0.87,0.00,0.00,16.44,0.00,12.00,0.00,0.00,0.00,0.00
155,3e,MW2,Basc1,205,1.24,0.00,0.63,7.80,3.24,2.81,0.68,0.00,0.00,13.12,0.00,9.85,0.00,0.00,0.00,0.00
155,3e,MW2,Basc1,215,1.00,0.00,0.47,6.41,2.66,2.26,0.53,0.00,0.00,10.32,0.00,7.96,0.00,0.00,0.00,0.00
155,3e,MW2,Basc1,225,0.80,0.00,0.35,5.20,2.16,1.79,0.40,0.00,0.00,8.01,0.00,6.34,0.00,0.00,0.00,0.00
155,3e,MW2,Basc1,235,0.63,0.00,0.25,4.16,1.73,1.40,0.30,0.00,0.00,6.13,0.00,4.97,0.00,0.00,0.00,0.00
155,3e,MW2,Basc1,245,0.49,0.00,0.18,3.29,1.36,1.08,0.22,0.00,0.00,4.62,0.00,3.84,0.00,0.00,0.00,0.00
155,3e,MW2,Basc1,255,0.37,0.00,0.12,2.56,1.06,0.82,0.16,0.00,0.00,3.44,0.00,2.93,0.00,0.00,0.00,0.00
156,patnt,MW2,Basc1,5,0.00,0.00,0.00,0.00,0.00,0.00,0.00,0.00,0.00,0.00,0.00,0.00,0.00,0.00,0.00,0.00
156,patnt,MW2,Basc1,15,0.00,0.00,0.06,0.57,0.40,0.42,0.25,0.12,0.00,1.21,0.00,0.11,0.00,0.00,0.00,0.00
156,patnt,MW2,Basc1,25,0.00,0.00,0.34,3.68,1.93,2.70,0.74,0.37,0.00,7.43,0.00,0.68,0.00,0.00,0.00,0.00
156,patnt,MW2,Basc1,35,0.00,0.00,0.81,8.96,4.19,6.44,1.26,0.63,0.00,20.05,0.00,1.85,0.00,0.00,0.00,0.00
156,patnt,MW2,Basc1,45,0.00,0.00,1.38,13.81,6.33,9.67,1.70,0.85,0.00,36.38,0.00,3.43,0.00,0.00,0.00,0.00
156,patnt,MW2,Basc1,55,0.00,0.00,1.91,16.79,7.81,11.52,1.97,0.98,0.00,52.04,0.00,5.08,0.00,0.00,0.00,0.00
156,patnt,MW2,Basc1,65,0.00,0.00,2.31,18.18,8.59,12.27,2.10,1.05,0.00,64.11,0.00,6.52,0.00,0.00,0.00,0.00
156,patnt,MW2,Basc1,75,0.00,0.00,2.58,18.66,8.89,12.40,2.13,1.06,0.00,71.97,0.00,7.66,0.00,0.00,0.00,0.00
156,patnt,MW2,Basc1,85,0.00,0.00,2.74,18.67,8.94,12.21,2.10,1.05,0.00,76.17,0.00,8.51,0.00,0.00,0.00,0.00
156,patnt,MW2,Basc1,95,0.00,0.00,2.81,18.44,8.84,11.85,2.03,1.01,0.00,77.50,0.00,9.10,0.00,0.00,0.00,0.00
156,patnt,MW2,Basc1,105,0.00,0.00,2.80,18.05,8.66,11.39,1.93,0.96,0.00,76.66,0.00,9.46,0.00,0.00,0.00,0.00
156,patnt,MW2,Basc1,115,0.00,0.00,2.72,17.55,8.42,10.88,1.83,0.91,0.00,74.23,0.00,9.62,0.00,0.00,0.00,0.00
156,patnt,MW2,Basc1,125,0.00,0.00,2.59,16.98,8.15,10.33,1.71,0.85,0.00,70.70,0.00,9.60,0.00,0.00,0.00,0.00
156,patnt,MW2,Basc1,135,0.00,0.00,2.43,16.35,7.85,9.75,1.58,0.79,0.00,66.44,0.00,9.44,0.00,0.00,0.00,0.00
156,patnt,MW2,Basc1,145,0.00,0.00,2.24,15.66,7.52,9.16,1.45,0.72,0.00,61.77,0.00,9.15,0.00,0.00,0.00,0.00
156,patnt,MW2,Basc1,155,0.00,0.00,2.03,14.93,7.17,8.55,1.32,0.66,0.00,56.90,0.00,8.77,0.00,0.00,0.00,0.00
156,patnt,MW2,Basc1,165,0.00,0.00,1.82,14.17,6.81,7.95,1.20,0.60,0.00,52.01,0.00,8.32,0.00,0.00,0.00,0.00
156,patnt,MW2,Basc1,175,0.00,0.00,1.61,13.39,6.43,7.36,1.07,0.53,0.00,47.21,0.00,7.82,0.00,0.00,0.00,0.00
156,patnt,MW2,Basc1,185,0.00,0.00,1.40,12.60,6.05,6.77,0.96,0.48,0.00,42.60,0.00,7.28,0.00,0.00,0.00,0.00
156,patnt,MW2,Basc1,195,0.00,0.00,1.21,11.80,5.67,6.20,0.84,0.42,0.00,38.23,0.00,6.74,0.00,0.00,0.00,0.00
156,patnt,MW2,Basc1,205,0.00,0.00,1.04,11.00,5.29,5.66,0.74,0.37,0.00,34.12,0.00,6.19,0.00,0.00,0.00,0.00
156,patnt,MW2,Basc1,215,0.00,0.00,0.88,10.21,4.91,5.14,0.65,0.32,0.00,30.32,0.00,5.65,0.00,0.00,0.00,0.00
156,patnt,MW2,Basc1,225,0.00,0.00,0.74,9.44,4.54,4.64,0.56,0.28,0.00,26.81,0.00,5.12,0.00,0.00,0.00,0.00
156,patnt,MW2,Basc1,235,0.00,0.00,0.62,8.70,4.18,4.18,0.48,0.24,0.00,23.60,0.00,4.62,0.00,0.00,0.00,0.00
156,patnt,MW2,Basc1,245,0.00,0.00,0.51,7.98,3.84,3.74,0.41,0.20,0.00,20.69,0.00,4.15,0.00,0.00,0.00,0.00
156,patnt,MW2,Basc1,255,0.00,0.00,0.42,7.29,3.51,3.34,0.35,0.17,0.00,18.06,0.00,3.71,0.00,0.00,0.00,0.00
157,3e,MW2,Basc2,5,0.00,0.00,0.00,0.00,0.00,0.00,0.00,0.00,0.00,0.00,0.00,0.00,0.00,0.00,0.00,0.00
157,3e,MW2,Basc2,15,0.02,0.00,0.06,0.63,0.38,0.33,0.37,0.00,0.00,0.72,0.00,0.28,0.00,0.00,0.00,0.00
157,3e,MW2,Basc2,25,0.18,0.00,0.35,4.38,1.98,2.26,1.14,0.00,0.00,4.80,0.00,1.82,0.00,0.00,0.00,0.00
157,3e,MW2,Basc2,35,0.53,0.00,0.89,11.37,4.59,5.73,2.08,0.00,0.00,13.79,0.00,5.26,0.00,0.00,0.00,0.00
157,3e,MW2,Basc2,45,1.05,0.00,1.60,18.46,7.31,9.07,2.94,0.00,0.00,26.37,0.00,10.31,0.00,0.00,0.00,0.00
157,3e,MW2,Basc2,55,1.64,0.00,2.30,23.39,9.39,11.26,3.56,0.00,0.00,39.32,0.00,15.90,0.00,0.00,0.00,0.00
157,3e,MW2,Basc2,65,2.19,0.00,2.86,26.07,10.64,12.34,3.91,0.00,0.00,49.85,0.00,21.00,0.00,0.00,0.00,0.00
157,3e,MW2,Basc2,75,2.66,0.00,3.25,27.20,11.20,12.68,4.02,0.00,0.00,56.87,0.00,25.07,0.00,0.00,0.00,0.00
157,3e,MW2,Basc2,85,3.01,0.00,3.47,27.34,11.30,12.54,3.98,0.00,0.00,60.46,0.00,27.98,0.00,0.00,0.00,0.00
157,3e,MW2,Basc2,95,3.26,0.00,3.53,26.80,11.10,12.09,3.82,0.00,0.00,61.10,0.00,29.71,0.00,0.00,0.00,0.00
157,3e,MW2,Basc2,105,3.38,0.00,3.45,25.79,10.68,11.42,3.58,0.00,0.00,59.40,0.00,30.36,0.00,0.00,0.00,0.00
157,3e,MW2,Basc2,115,3.40,0.00,3.27,24.40,10.11,10.61,3.29,0.00,0.00,55.96,0.00,30.03,0.00,0.00,0.00,0.00
157,3e,MW2,Basc2,125,3.32,0.00,3.00,22.74,9.43,9.71,2.97,0.00,0.00,51.34,0.00,28.88,0.00,0.00,0.00,0.00
157,3e,MW2,Basc2,135,3.17,0.00,2.68,20.89,8.66,8.74,2.62,0.00,0.00,46.04,0.00,27.08,0.00,0.00,0.00,0.00
157,3e,MW2,Basc2,145,2.94,0.00,2.33,18.91,7.84,7.76,2.28,0.00,0.00,40.46,0.00,24.83,0.00,0.00,0.00,0.00
157,3e,MW2,Basc2,155,2.68,0.00,1.98,16.89,7.01,6.79,1.94,0.00,0.00,34.90,0.00,22.28,0.00,0.00,0.00,0.00
157,3e,MW2,Basc2,165,2.38,0.00,1.65,14.87,6.17,5.85,1.63,0.00,0.00,29.60,0.00,19.61,0.00,0.00,0.00,0.00
157,3e,MW2,Basc2,175,2.08,0.00,1.34,12.92,5.36,4.98,1.34,0.00,0.00,24.70,0.00,16.94,0.00,0.00,0.00,0.00
157,3e,MW2,Basc2,185,1.78,0.00,1.06,11.07,4.59,4.17,1.09,0.00,0.00,20.30,0.00,14.38,0.00,0.00,0.00,0.00
157,3e,MW2,Basc2,195,1.50,0.00,0.83,9.35,3.88,3.45,0.87,0.00,0.00,16.44,0.00,12.00,0.00,0.00,0.00,0.00
157,3e,MW2,Basc2,205,1.24,0.00,0.63,7.80,3.24,2.81,0.68,0.00,0.00,13.12,0.00,9.85,0.00,0.00,0.00,0.00
157,3e,MW2,Basc2,215,1.00,0.00,0.47,6.41,2.66,2.26,0.53,0.00,0.00,10.32,0.00,7.96,0.00,0.00,0.00,0.00
157,3e,MW2,Basc2,225,0.80,0.00,0.35,5.20,2.16,1.79,0.40,0.00,0.00,8.01,0.00,6.34,0.00,0.00,0.00,0.00
157,3e,MW2,Basc2,235,0.63,0.00,0.25,4.16,1.73,1.40,0.30,0.00,0.00,6.13,0.00,4.97,0.00,0.00,0.00,0.00
157,3e,MW2,Basc2,245,0.49,0.00,0.18,3.29,1.36,1.08,0.22,0.00,0.00,4.62,0.00,3.84,0.00,0.00,0.00,0.00
157,3e,MW2,Basc2,255,0.37,0.00,0.12,2.56,1.06,0.82,0.16,0.00,0.00,3.44,0.00,2.93,0.00,0.00,0.00,0.00
158,patnt,MW2,Basc2,5,0.00,0.00,0.00,0.00,0.00,0.00,0.00,0.00,0.00,0.00,0.00,0.00,0.00,0.00,0.00,0.00
158,patnt,MW2,Basc2,15,0.00,0.00,0.06,0.57,0.40,0.42,0.25,0.12,0.00,1.21,0.00,0.11,0.00,0.00,0.00,0.00
158,patnt,MW2,Basc2,25,0.00,0.00,0.34,3.68,1.93,2.70,0.74,0.37,0.00,7.43,0.00,0.68,0.00,0.00,0.00,0.00
158,patnt,MW2,Basc2,35,0.00,0.00,0.81,8.96,4.19,6.44,1.26,0.63,0.00,20.05,0.00,1.85,0.00,0.00,0.00,0.00
158,patnt,MW2,Basc2,45,0.00,0.00,1.38,13.81,6.33,9.67,1.70,0.85,0.00,36.38,0.00,3.43,0.00,0.00,0.00,0.00
158,patnt,MW2,Basc2,55,0.00,0.00,1.91,16.79,7.81,11.52,1.97,0.98,0.00,52.04,0.00,5.08,0.00,0.00,0.00,0.00
158,patnt,MW2,Basc2,65,0.00,0.00,2.31,18.18,8.59,12.27,2.10,1.05,0.00,64.11,0.00,6.52,0.00,0.00,0.00,0.00
158,patnt,MW2,Basc2,75,0.00,0.00,2.58,18.66,8.89,12.40,2.13,1.06,0.00,71.97,0.00,7.66,0.00,0.00,0.00,0.00
158,patnt,MW2,Basc2,85,0.00,0.00,2.74,18.67,8.94,12.21,2.10,1.05,0.00,76.17,0.00,8.51,0.00,0.00,0.00,0.00
158,patnt,MW2,Basc2,95,0.00,0.00,2.81,18.44,8.84,11.85,2.03,1.01,0.00,77.50,0.00,9.10,0.00,0.00,0.00,0.00
158,patnt,MW2,Basc2,105,0.00,0.00,2.80,18.05,8.66,11.39,1.93,0.96,0.00,76.66,0.00,9.46,0.00,0.00,0.00,0.00
158,patnt,MW2,Basc2,115,0.00,0.00,2.72,17.55,8.42,10.88,1.83,0.91,0.00,74.23,0.00,9.62,0.00,0.00,0.00,0.00
158,patnt,MW2,Basc2,125,0.00,0.00,2.59,16.98,8.15,10.33,1.71,0.85,0.00,70.70,0.00,9.60,0.00,0.00,0.00,0.00
158,patnt,MW2,Basc2,135,0.00,0.00,2.43,16.35,7.85,9.75,1.58,0.79,0.00,66.44,0.00,9.44,0.00,0.00,0.00,0.00
158,patnt,MW2,Basc2,145,0.00,0.00,2.24,15.66,7.52,9.16,1.45,0.72,0.00,61.77,0.00,9.15,0.00,0.00,0.00,0.00
158,patnt,MW2,Basc2,155,0.00,0.00,2.03,14.93,7.17,8.55,1.32,0.66,0.00,56.90,0.00,8.77,0.00,0.00,0.00,0.00
158,patnt,MW2,Basc2,165,0.00,0.00,1.82,14.17,6.81,7.95,1.20,0.60,0.00,52.01,0.00,8.32,0.00,0.00,0.00,0.00
158,patnt,MW2,Basc2,175,0.00,0.00,1.61,13.39,6.43,7.36,1.07,0.53,0.00,47.21,0.00,7.82,0.00,0.00,0.00,0.00
158,patnt,MW2,Basc2,185,0.00,0.00,1.40,12.60,6.05,6.77,0.96,0.48,0.00,42.60,0.00,7.28,0.00,0.00,0.00,0.00
158,patnt,MW2,Basc2,195,0.00,0.00,1.21,11.80,5.67,6.20,0.84,0.42,0.00,38.23,0.00,6.74,0.00,0.00,0.00,0.00
158,patnt,MW2,Basc2,205,0.00,0.00,1.04,11.00,5.29,5.66,0.74,0.37,0.00,34.12,0.00,6.19,0.00,0.00,0.00,0.00
158,patnt,MW2,Basc2,215,0.00,0.00,0.88,10.21,4.91,5.14,0.65,0.32,0.00,30.32,0.00,5.65,0.00,0.00,0.00,0.00
158,patnt,MW2,Basc2,225,0.00,0.00,0.74,9.44,4.54,4.64,0.56,0.28,0.00,26.81,0.00,5.12,0.00,0.00,0.00,0.00
158,patnt,MW2,Basc2,235,0.00,0.00,0.62,8.70,4.18,4.18,0.48,0.24,0.00,23.60,0.00,4.62,0.00,0.00,0.00,0.00
158,patnt,MW2,Basc2,245,0.00,0.00,0.51,7.98,3.84,3.74,0.41,0.20,0.00,20.69,0.00,4.15,0.00,0.00,0.00,0.00
158,patnt,MW2,Basc2,255,0.00,0.00,0.42,7.29,3.51,3.34,0.35,0.17,0.00,18.06,0.00,3.71,0.00,0.00,0.00,0.00
159,3e,MW2,Intn1,5,0.00,0.00,0.00,0.00,0.00,0.00,0.00,0.00,0.00,0.00,0.00,0.00,0.00,0.00,0.00,0.00
159,3e,MW2,Intn1,15,0.02,0.00,0.06,0.63,0.38,0.33,0.37,0.00,0.00,0.72,0.00,0.28,0.00,0.00,0.00,0.00
159,3e,MW2,Intn1,25,0.18,0.00,0.35,4.38,1.98,2.26,1.14,0.00,0.00,4.80,0.00,1.82,0.00,0.00,0.00,0.00
159,3e,MW2,Intn1,35,0.53,0.00,0.89,11.37,4.59,5.73,2.08,0.00,0.00,13.79,0.00,5.26,0.00,0.00,0.00,0.00
159,3e,MW2,Intn1,45,1.05,0.00,1.60,18.46,7.31,9.07,2.94,0.00,0.00,26.37,0.00,10.31,0.00,0.00,0.00,0.00
159,3e,MW2,Intn1,55,1.64,0.00,2.30,23.39,9.39,11.26,3.56,0.00,0.00,39.32,0.00,15.90,0.00,0.00,0.00,0.00
159,3e,MW2,Intn1,65,2.19,0.00,2.86,26.07,10.64,12.34,3.91,0.00,0.00,49.85,0.00,21.00,0.00,0.00,0.00,0.00
159,3e,MW2,Intn1,75,2.66,0.00,3.25,27.20,11.20,12.68,4.02,0.00,0.00,56.87,0.00,25.07,0.00,0.00,0.00,0.00
159,3e,MW2,Intn1,85,3.01,0.00,3.47,27.34,11.30,12.54,3.98,0.00,0.00,60.46,0.00,27.98,0.00,0.00,0.00,0.00
159,3e,MW2,Intn1,95,3.26,0.00,3.53,26.80,11.10,12.09,3.82,0.00,0.00,61.10,0.00,29.71,0.00,0.00,0.00,0.00
159,3e,MW2,Intn1,105,3.38,0.00,3.45,25.79,10.68,11.42,3.58,0.00,0.00,59.40,0.00,30.36,0.00,0.00,0.00,0.00
159,3e,MW2,Intn1,115,3.40,0.00,3.27,24.40,10.11,10.61,3.29,0.00,0.00,55.96,0.00,30.03,0.00,0.00,0.00,0.00
159,3e,MW2,Intn1,125,3.32,0.00,3.00,22.74,9.43,9.71,2.97,0.00,0.00,51.34,0.00,28.88,0.00,0.00,0.00,0.00
159,3e,MW2,Intn1,135,3.17,0.00,2.68,20.89,8.66,8.74,2.62,0.00,0.00,46.04,0.00,27.08,0.00,0.00,0.00,0.00
159,3e,MW2,Intn1,145,2.94,0.00,2.33,18.91,7.84,7.76,2.28,0.00,0.00,40.46,0.00,24.83,0.00,0.00,0.00,0.00
159,3e,MW2,Intn1,155,2.68,0.00,1.98,16.89,7.01,6.79,1.94,0.00,0.00,34.90,0.00,22.28,0.00,0.00,0.00,0.00
159,3e,MW2,Intn1,165,2.38,0.00,1.65,14.87,6.17,5.85,1.63,0.00,0.00,29.60,0.00,19.61,0.00,0.00,0.00,0.00
159,3e,MW2,Intn1,175,2.08,0.00,1.34,12.92,5.36,4.98,1.34,0.00,0.00,24.70,0.00,16.94,0.00,0.00,0.00,0.00
159,3e,MW2,Intn1,185,1.78,0.00,1.06,11.07,4.59,4.17,1.09,0.00,0.00,20.30,0.00,14.38,0.00,0.00,0.00,0.00
159,3e,MW2,Intn1,195,1.50,0.00,0.83,9.35,3.88,3.45,0.87,0.00,0.00,16.44,0.00,12.00,0.00,0.00,0.00,0.00
159,3e,MW2,Intn1,205,1.24,0.00,0.63,7.80,3.24,2.81,0.68,0.00,0.00,13.12,0.00,9.85,0.00,0.00,0.00,0.00
159,3e,MW2,Intn1,215,1.00,0.00,0.47,6.41,2.66,2.26,0.53,0.00,0.00,10.32,0.00,7.96,0.00,0.00,0.00,0.00
159,3e,MW2,Intn1,225,0.80,0.00,0.35,5.20,2.16,1.79,0.40,0.00,0.00,8.01,0.00,6.34,0.00,0.00,0.00,0.00
159,3e,MW2,Intn1,235,0.63,0.00,0.25,4.16,1.73,1.40,0.30,0.00,0.00,6.13,0.00,4.97,0.00,0.00,0.00,0.00
159,3e,MW2,Intn1,245,0.49,0.00,0.18,3.29,1.36,1.08,0.22,0.00,0.00,4.62,0.00,3.84,0.00,0.00,0.00,0.00
159,3e,MW2,Intn1,255,0.37,0.00,0.12,2.56,1.06,0.82,0.16,0.00,0.00,3.44,0.00,2.93,0.00,0.00,0.00,0.00
160,patnt,MW2,Intn1,5,0.00,0.00,0.00,0.00,0.00,0.00,0.00,0.00,0.00,0.00,0.00,0.00,0.00,0.00,0.00,0.00
160,patnt,MW2,Intn1,15,0.00,0.00,0.06,0.57,0.40,0.42,0.25,0.12,0.00,1.21,0.00,0.11,0.00,0.00,0.00,0.00
160,patnt,MW2,Intn1,25,0.00,0.00,0.34,3.68,1.93,2.70,0.74,0.37,0.00,7.43,0.00,0.68,0.00,0.00,0.00,0.00
160,patnt,MW2,Intn1,35,0.00,0.00,0.81,8.96,4.19,6.44,1.26,0.63,0.00,20.05,0.00,1.85,0.00,0.00,0.00,0.00
160,patnt,MW2,Intn1,45,0.00,0.00,1.38,13.81,6.33,9.67,1.70,0.85,0.00,36.38,0.00,3.43,0.00,0.00,0.00,0.00
160,patnt,MW2,Intn1,55,0.00,0.00,1.91,16.79,7.81,11.52,1.97,0.98,0.00,52.04,0.00,5.08,0.00,0.00,0.00,0.00
160,patnt,MW2,Intn1,65,0.00,0.00,2.31,18.18,8.59,12.27,2.10,1.05,0.00,64.11,0.00,6.52,0.00,0.00,0.00,0.00
160,patnt,MW2,Intn1,75,0.00,0.00,2.58,18.66,8.89,12.40,2.13,1.06,0.00,71.97,0.00,7.66,0.00,0.00,0.00,0.00
160,patnt,MW2,Intn1,85,0.00,0.00,2.74,18.67,8.94,12.21,2.10,1.05,0.00,76.17,0.00,8.51,0.00,0.00,0.00,0.00
160,patnt,MW2,Intn1,95,0.00,0.00,2.81,18.44,8.84,11.85,2.03,1.01,0.00,77.50,0.00,9.10,0.00,0.00,0.00,0.00
160,patnt,MW2,Intn1,105,0.00,0.00,2.80,18.05,8.66,11.39,1.93,0.96,0.00,76.66,0.00,9.46,0.00,0.00,0.00,0.00
160,patnt,MW2,Intn1,115,0.00,0.00,2.72,17.55,8.42,10.88,1.83,0.91,0.00,74.23,0.00,9.62,0.00,0.00,0.00,0.00
160,patnt,MW2,Intn1,125,0.00,0.00,2.59,16.98,8.15,10.33,1.71,0.85,0.00,70.70,0.00,9.60,0.00,0.00,0.00,0.00
160,patnt,MW2,Intn1,135,0.00,0.00,2.43,16.35,7.85,9.75,1.58,0.79,0.00,66.44,0.00,9.44,0.00,0.00,0.00,0.00
160,patnt,MW2,Intn1,145,0.00,0.00,2.24,15.66,7.52,9.16,1.45,0.72,0.00,61.77,0.00,9.15,0.00,0.00,0.00,0.00
160,patnt,MW2,Intn1,155,0.00,0.00,2.03,14.93,7.17,8.55,1.32,0.66,0.00,56.90,0.00,8.77,0.00,0.00,0.00,0.00
160,patnt,MW2,Intn1,165,0.00,0.00,1.82,14.17,6.81,7.95,1.20,0.60,0.00,52.01,0.00,8.32,0.00,0.00,0.00,0.00
160,patnt,MW2,Intn1,175,0.00,0.00,1.61,13.39,6.43,7.36,1.07,0.53,0.00,47.21,0.00,7.82,0.00,0.00,0.00,0.00
160,patnt,MW2,Intn1,185,0.00,0.00,1.40,12.60,6.05,6.77,0.96,0.48,0.00,42.60,0.00,7.28,0.00,0.00,0.00,0.00
160,patnt,MW2,Intn1,195,0.00,0.00,1.21,11.80,5.67,6.20,0.84,0.42,0.00,38.23,0.00,6.74,0.00,0.00,0.00,0.00
160,patnt,MW2,Intn1,205,0.00,0.00,1.04,11.00,5.29,5.66,0.74,0.37,0.00,34.12,0.00,6.19,0.00,0.00,0.00,0.00
160,patnt,MW2,Intn1,215,0.00,0.00,0.88,10.21,4.91,5.14,0.65,0.32,0.00,30.32,0.00,5.65,0.00,0.00,0.00,0.00
160,patnt,MW2,Intn1,225,0.00,0.00,0.74,9.44,4.54,4.64,0.56,0.28,0.00,26.81,0.00,5.12,0.00,0.00,0.00,0.00
160,patnt,MW2,Intn1,235,0.00,0.00,0.62,8.70,4.18,4.18,0.48,0.24,0.00,23.60,0.00,4.62,0.00,0.00,0.00,0.00
160,patnt,MW2,Intn1,245,0.00,0.00,0.51,7.98,3.84,3.74,0.41,0.20,0.00,20.69,0.00,4.15,0.00,0.00,0.00,0.00
160,patnt,MW2,Intn1,255,0.00,0.00,0.42,7.29,3.51,3.34,0.35,0.17,0.00,18.06,0.00,3.71,0.00,0.00,0.00,0.00
9980001,3e,PR1,Depl,0,0.00,23.00,0.00,0.00,0.00,0.00,0.00,0.00,0.00,0.00,0.00,0.00,0.00,0.00,0.00,0.00
9980001,patnt,PR1,Depl,0,0.00,23.00,0.00,0.00,0.00,0.00,0.00,0.00,0.00,0.00,0.00,0.00,0.00,0.00,0.00,0.00
9980002,3e,PW1,Depl,0,13.00,0.00,0.00,1.00,3.00,1.00,1.00,0.00,0.00,1.00,0.00,4.00,0.00,0.00,0.00,0.00
9980002,patnt,PW1,Depl,0,13.00,0.00,0.00,1.00,3.00,1.00,1.00,0.00,0.00,1.00,0.00,4.00,0.00,0.00,0.00,0.00
9980003,3e,PRW,Depl,0,1.00,11.00,6.00,2.00,1.00,0.00,0.00,0.00,0.00,2.00,0.00,2.00,0.00,0.00,0.00,0.00
9980003,patnt,PRW,Depl,0,1.00,11.00,6.00,2.00,1.00,0.00,0.00,0.00,0.00,2.00,0.00,2.00,0.00,0.00,0.00,0.00
9980004,3e,LH1,Depl,0,0.00,0.00,0.00,1.00,2.00,1.00,0.00,0.00,0.00,1.00,0.00,6.00,0.00,0.00,0.00,12.00
9980004,patnt,LH1,Depl,0,0.00,0.00,0.00,1.00,2.00,1.00,0.00,0.00,0.00,1.00,0.00,6.00,0.00,0.00,0.00,12.00
9980005,3e,TH1,Depl,0,0.00,0.00,0.00,1.00,2.00,1.00,1.00,0.00,0.00,1.00,0.00,7.00,6.00,0.00,4.00,2.00
9980005,patnt,TH1,Depl,0,0.00,0.00,0.00,1.00,2.00,1.00,1.00,0.00,0.00,1.00,0.00,7.00,6.00,0.00,4.00,2.00
9980006,3e,BOG,Depl,0,0.00,0.00,0.00,21.00,0.00,0.00,0.00,4.00,0.00,0.00,0.00,0.00,0.00,0.00,0.00,0.00
9980006,3e,PR1,Depl,5,0.00,23.00,0.00,0.00,0.00,0.00,0.00,0.00,0.00,0.00,0.00,0.00,0.00,0.00,0.00,0.00
9980006,patnt,BOG,Depl,0,0.00,0.00,0.00,21.00,0.00,0.00,0.00,4.00,0.00,0.00,0.00,0.00,0.00,0.00,0.00,0.00
9980006,patnt,PR1,Depl,5,0.00,23.00,0.00,0.00,0.00,0.00,0.00,0.00,0.00,0.00,0.00,0.00,0.00,0.00,0.00,0.00
9980007,3e,PW1,Depl,5,13.00,0.00,0.00,1.00,3.00,1.00,1.00,0.00,0.00,1.00,0.00,4.00,0.00,0.00,0.00,0.00
9980007,3e,SB1,Depl,0,0.00,0.00,0.00,24.00,0.00,0.00,0.00,0.00,0.00,0.00,0.00,0.00,0.00,0.00,0.00,0.00
9980007,patnt,PW1,Depl,5,13.00,0.00,0.00,1.00,3.00,1.00,1.00,0.00,0.00,1.00,0.00,4.00,0.00,0.00,0.00,0.00
9980007,patnt,SB1,Depl,0,0.00,0.00,0.00,24.00,0.00,0.00,0.00,0.00,0.00,0.00,0.00,0.00,0.00,0.00,0.00,0.00
9980008,3e,PJ1,Depl,0,0.00,0.00,22.00,2.00,0.00,0.00,0.00,0.00,0.00,1.00,0.00,0.00,0.00,0.00,0.00,0.00
9980008,3e,PRW,Depl,5,1.00,11.00,6.00,2.00,1.00,0.00,0.00,0.00,0.00,2.00,0.00,2.00,0.00,0.00,0.00,0.00
9980008,patnt,PJ1,Depl,0,0.00,0.00,22.00,2.00,0.00,0.00,0.00,0.00,0.00,1.00,0.00,0.00,0.00,0.00,0.00,0.00
9980008,patnt,PRW,Depl,5,1.00,11.00,6.00,2.00,1.00,0.00,0.00,0.00,0.00,2.00,0.00,2.00,0.00,0.00,0.00,0.00
9980009,3e,LC1,Depl,0,0.00,0.00,0.00,13.00,0.00,1.00,6.00,5.00,0.00,0.00,0.00,0.00,0.00,0.00,0.00,0.00
9980009,3e,LH1,Depl,5,0.00,0.00,0.00,1.00,2.00,1.00,0.00,0.00,0.00,1.00,0.00,6.00,0.00,0.00,0.00,12.00
9980009,patnt,LC1,Depl,0,0.00,0.00,0.00,13.00,0.00,1.00,6.00,5.00,0.00,0.00,0.00,0.00,0.00,0.00,0.00,0.00
9980009,patnt,LH1,Depl,5,0.00,0.00,0.00,1.00,2.00,1.00,0.00,0.00,0.00,1.00,0.00,6.00,0.00,0.00,0.00,12.00
9980010,3e,PJ2,Depl,0,0.00,0.00,14.00,6.00,0.00,0.00,0.00,0.00,0.00,3.00,0.00,2.00,0.00,0.00,0.00,0.00
9980010,3e,TH1,Depl,5,0.00,0.00,0.00,1.00,2.00,1.00,1.00,0.00,0.00,1.00,0.00,7.00,6.00,0.00,4.00,2.00
9980010,patnt,PJ2,Depl,0,0.00,0.00,14.00,6.00,0.00,0.00,0.00,0.00,0.00,3.00,0.00,2.00,0.00,0.00,0.00,0.00
9980010,patnt,TH1,Depl,5,0.00,0.00,0.00,1.00,2.00,1.00,1.00,0.00,0.00,1.00,0.00,7.00,6.00,0.00,4.00,2.00
9980011,3e,BOG,Depl,5,0.00,0.00,0.00,21.00,0.00,0.00,0.00,4.00,0.00,0.00,0.00,0.00,0.00,0.00,0.00,0.00
9980011,3e,SP1,Depl,0,0.00,0.00,3.00,14.00,1.00,2.00,0.00,0.00,0.00,3.00,0.00,2.00,0.00,0.00,0.00,0.00
9980011,patnt,BOG,Depl,5,0.00,0.00,0.00,21.00,0.00,0.00,0.00,4.00,0.00,0.00,0.00,0.00,0.00,0.00,0.00,0.00
9980011,patnt,SP1,Depl,0,0.00,0.00,3.00,14.00,1.00,2.00,0.00,0.00,0.00,3.00,0.00,2.00,0.00,0.00,0.00,0.00
9980012,3e,SB1,Depl,5,0.00,0.00,0.00,24.00,0.00,0.00,0.00,0.00,0.00,0.00,0.00,0.00,0.00,0.00,0.00,0.00
9980012,3e,SF1,Depl,0,0.00,0.00,0.00,9.00,4.00,6.00,1.00,0.00,0.00,2.00,0.00,2.00,0.00,0.00,0.00,0.00
9980012,patnt,SB1,Depl,5,0.00,0.00,0.00,24.00,0.00,0.00,0.00,0.00,0.00,0.00,0.00,0.00,0.00,0.00,0.00,0.00
9980012,patnt,SF1,Depl,0,0.00,0.00,0.00,9.00,4.00,6.00,1.00,0.00,0.00,2.00,0.00,2.00,0.00,0.00,0.00,0.00
9980013,3e,PJ1,Depl,5,0.00,0.00,22.00,2.00,0.00,0.00,0.00,0.00,0.00,1.00,0.00,0.00,0.00,0.00,0.00,0.00
9980013,3e,PO1,Depl,0,0.00,0.00,1.00,2.00,0.00,1.00,0.00,0.00,0.00,19.00,0.00,2.00,0.00,0.00,0.00,0.00
9980013,patnt,PJ1,Depl,5,0.00,0.00,22.00,2.00,0.00,0.00,0.00,0.00,0.00,1.00,0.00,0.00,0.00,0.00,0.00,0.00
9980013,patnt,PO1,Depl,0,0.00,0.00,1.00,2.00,0.00,1.00,0.00,0.00,0.00,19.00,0.00,2.00,0.00,0.00,0.00,0.00
9980014,3e,BW1,Depl,0,0.00,0.00,1.00,2.00,1.00,1.00,0.00,0.00,0.00,5.00,0.00,14.00,0.00,0.00,0.00,0.00
9980014,3e,LC1,Depl,5,0.00,0.00,0.00,13.00,0.00,1.00,6.00,5.00,0.00,0.00,0.00,0.00,0.00,0.00,0.00,0.00
9980014,patnt,BW1,Depl,0,0.00,0.00,1.00,2.00,1.00,1.00,0.00,0.00,0.00,5.00,0.00,14.00,0.00,0.00,0.00,0.00
9980014,patnt,LC1,Depl,5,0.00,0.00,0.00,13.00,0.00,1.00,6.00,5.00,0.00,0.00,0.00,0.00,0.00,0.00,0.00,0.00
9980015,3e,MW1,Depl,0,0.00,0.00,8.00,3.00,1.00,0.00,0.00,0.00,0.00,8.00,0.00,4.00,0.00,0.00,0.00,0.00
9980015,3e,PJ2,Depl,5,0.00,0.00,14.00,6.00,0.00,0.00,0.00,0.00,0.00,3.00,0.00,2.00,0.00,0.00,0.00,0.00
9980015,patnt,MW1,Depl,0,0.00,0.00,8.00,3.00,1.00,0.00,0.00,0.00,0.00,8.00,0.00,4.00,0.00,0.00,0.00,0.00
9980015,patnt,PJ2,Depl,5,0.00,0.00,14.00,6.00,0.00,0.00,0.00,0.00,0.00,3.00,0.00,2.00,0.00,0.00,0.00,0.00
9980016,3e,MW2,Depl,0,0.00,0.00,0.00,6.00,2.00,3.00,1.00,0.00,0.00,7.00,0.00,6.00,0.00,0.00,0.00,0.00
9980016,3e,PR1,Depl,15,0.00,23.00,0.00,0.00,0.00,0.00,0.00,0.00,0.00,0.00,0.00,0.00,0.00,0.00,0.00,0.00
9980016,3e,SP1,Depl,5,0.00,0.00,3.00,14.00,1.00,2.00,0.00,0.00,0.00,3.00,0.00,2.00,0.00,0.00,0.00,0.00
9980016,patnt,MW2,Depl,0,0.00,0.00,0.00,6.00,2.00,3.00,1.00,0.00,0.00,7.00,0.00,6.00,0.00,0.00,0.00,0.00
9980016,patnt,PR1,Depl,15,0.00,23.00,0.00,0.00,0.00,0.00,0.00,0.00,0.00,0.00,0.00,0.00,0.00,0.00,0.00,0.00
9980016,patnt,SP1,Depl,5,0.00,0.00,3.00,14.00,1.00,2.00,0.00,0.00,0.00,3.00,0.00,2.00,0.00,0.00,0.00,0.00
9980017,3e,PW1,Depl,15,13.00,0.00,0.00,1.00,3.00,1.00,1.00,0.00,0.00,1.00,0.00,4.00,0.00,0.00,0.00,0.00
9980017,3e,SF1,Depl,5,0.00,0.00,0.00,9.00,4.00,6.00,1.00,0.00,0.00,2.00,0.00,2.00,0.00,0.00,0.00,0.00
9980017,patnt,PW1,Depl,15,13.00,0.00,0.00,1.00,3.00,1.00,1.00,0.00,0.00,1.00,0.00,4.00,0.00,0.00,0.00,0.00
9980017,patnt,SF1,Depl,5,0.00,0.00,0.00,9.00,4.00,6.00,1.00,0.00,0.00,2.00,0.00,2.00,0.00,0.00,0.00,0.00
9980018,3e,PO1,Depl,5,0.00,0.00,1.00,2.00,0.00,1.00,0.00,0.00,0.00,19.00,0.00,2.00,0.00,0.00,0.00,0.00
9980018,3e,PRW,Depl,15,1.00,11.00,6.00,2.00,1.00,0.00,0.00,0.00,0.00,2.00,0.00,2.00,0.00,0.00,0.00,0.00
9980018,patnt,PO1,Depl,5,0.00,0.00,1.00,2.00,0.00,1.00,0.00,0.00,0.00,19.00,0.00,2.00,0.00,0.00,0.00,0.00
9980018,patnt,PRW,Depl,15,1.00,11.00,6.00,2.00,1.00,0.00,0.00,0.00,0.00,2.00,0.00,2.00,0.00,0.00,0.00,0.00
9980019,3e,BW1,Depl,5,0.00,0.00,1.00,2.00,1.00,1.00,0.00,0.00,0.00,5.00,0.00,14.00,0.00,0.00,0.00,0.00
9980019,3e,LH1,Depl,15,0.00,0.00,0.00,1.00,2.00,1.00,0.00,0.00,0.00,1.00,0.00,6.00,0.00,0.00,0.00,12.00
9980019,patnt,BW1,Depl,5,0.00,0.00,1.00,2.00,1.00,1.00,0.00,0.00,0.00,5.00,0.00,14.00,0.00,0.00,0.00,0.00
9980019,patnt,LH1,Depl,15,0.00,0.00,0.00,1.00,2.00,1.00,0.00,0.00,0.00,1.00,0.00,6.00,0.00,0.00,0.00,12.00
9980020,3e,MW1,Depl,5,0.00,0.00,8.00,3.00,1.00,0.00,0.00,0.00,0.00,8.00,0.00,4.00,0.00,0.00,0.00,0.00
9980020,3e,TH1,Depl,15,0.00,0.00,0.00,1.00,2.00,1.00,1.00,0.00,0.00,1.00,0.00,7.00,6.00,0.00,4.00,2.00
9980020,patnt,MW1,Depl,5,0.00,0.00,8.00,3.00,1.00,0.00,0.00,0.00,0.00,8.00,0.00,4.00,0.00,0.00,0.00,0.00
9980020,patnt,TH1,Depl,15,0.00,0.00,0.00,1.00,2.00,1.00,1.00,0.00,0.00,1.00,0.00,7.00,6.00,0.00,4.00,2.00
9980021,3e,BOG,Depl,15,0.00,0.00,0.00,21.00,0.00,0.00,0.00,4.00,0.00,0.00,0.00,0.00,0.00,0.00,0.00,0.00
9980021,3e,MW2,Depl,5,0.00,0.00,0.00,6.00,2.00,3.00,1.00,0.00,0.00,7.00,0.00,6.00,0.00,0.00,0.00,0.00
9980021,patnt,BOG,Depl,15,0.00,0.00,0.00,21.00,0.00,0.00,0.00,4.00,0.00,0.00,0.00,0.00,0.00,0.00,0.00,0.00
9980021,patnt,MW2,Depl,5,0.00,0.00,0.00,6.00,2.00,3.00,1.00,0.00,0.00,7.00,0.00,6.00,0.00,0.00,0.00,0.00
9980022,3e,SB1,Depl,15,0.00,0.00,0.00,24.00,0.00,0.00,0.00,0.00,0.00,0.00,0.00,0.00,0.00,0.00,0.00,0.00
9980022,patnt,SB1,Depl,15,0.00,0.00,0.00,24.00,0.00,0.00,0.00,0.00,0.00,0.00,0.00,0.00,0.00,0.00,0.00,0.00
9980023,3e,PJ1,Depl,15,0.00,0.00,22.00,2.00,0.00,0.00,0.00,0.00,0.00,1.00,0.00,0.00,0.00,0.00,0.00,0.00
9980023,patnt,PJ1,Depl,15,0.00,0.00,22.00,2.00,0.00,0.00,0.00,0.00,0.00,1.00,0.00,0.00,0.00,0.00,0.00,0.00
9980024,3e,LC1,Depl,15,0.00,0.00,0.00,13.00,0.00,1.00,6.00,5.00,0.00,0.00,0.00,0.00,0.00,0.00,0.00,0.00
9980024,patnt,LC1,Depl,15,0.00,0.00,0.00,13.00,0.00,1.00,6.00,5.00,0.00,0.00,0.00,0.00,0.00,0.00,0.00,0.00
9980025,3e,PJ2,Depl,15,0.00,0.00,14.00,6.00,0.00,0.00,0.00,0.00,0.00,3.00,0.00,2.00,0.00,0.00,0.00,0.00
9980025,patnt,PJ2,Depl,15,0.00,0.00,14.00,6.00,0.00,0.00,0.00,0.00,0.00,3.00,0.00,2.00,0.00,0.00,0.00,0.00
9980026,3e,PR1,Depl,25,0.00,23.00,0.00,0.00,0.00,0.00,0.00,0.00,0.00,0.00,0.00,0.00,0.00,0.00,0.00,0.00
9980026,3e,SP1,Depl,15,0.00,0.00,3.00,14.00,1.00,2.00,0.00,0.00,0.00,3.00,0.00,2.00,0.00,0.00,0.00,0.00
9980026,patnt,PR1,Depl,25,0.00,23.00,0.00,0.00,0.00,0.00,0.00,0.00,0.00,0.00,0.00,0.00,0.00,0.00,0.00,0.00
9980026,patnt,SP1,Depl,15,0.00,0.00,3.00,14.00,1.00,2.00,0.00,0.00,0.00,3.00,0.00,2.00,0.00,0.00,0.00,0.00
9980027,3e,PW1,Depl,25,13.00,0.00,0.00,1.00,3.00,1.00,1.00,0.00,0.00,1.00,0.00,4.00,0.00,0.00,0.00,0.00
9980027,3e,SF1,Depl,15,0.00,0.00,0.00,9.00,4.00,6.00,1.00,0.00,0.00,2.00,0.00,2.00,0.00,0.00,0.00,0.00
9980027,patnt,PW1,Depl,25,13.00,0.00,0.00,1.00,3.00,1.00,1.00,0.00,0.00,1.00,0.00,4.00,0.00,0.00,0.00,0.00
9980027,patnt,SF1,Depl,15,0.00,0.00,0.00,9.00,4.00,6.00,1.00,0.00,0.00,2.00,0.00,2.00,0.00,0.00,0.00,0.00
9980028,3e,PO1,Depl,15,0.00,0.00,1.00,2.00,0.00,1.00,0.00,0.00,0.00,19.00,0.00,2.00,0.00,0.00,0.00,0.00
9980028,3e,PRW,Depl,25,1.00,11.00,6.00,2.00,1.00,0.00,0.00,0.00,0.00,2.00,0.00,2.00,0.00,0.00,0.00,0.00
9980028,patnt,PO1,Depl,15,0.00,0.00,1.00,2.00,0.00,1.00,0.00,0.00,0.00,19.00,0.00,2.00,0.00,0.00,0.00,0.00
9980028,patnt,PRW,Depl,25,1.00,11.00,6.00,2.00,1.00,0.00,0.00,0.00,0.00,2.00,0.00,2.00,0.00,0.00,0.00,0.00
9980029,3e,BW1,Depl,15,0.00,0.00,1.00,2.00,1.00,1.00,0.00,0.00,0.00,5.00,0.00,14.00,0.00,0.00,0.00,0.00
9980029,3e,LH1,Depl,25,0.00,0.00,0.00,1.00,2.00,1.00,0.00,0.00,0.00,1.00,0.00,6.00,0.00,0.00,0.00,12.00
9980029,patnt,BW1,Depl,15,0.00,0.00,1.00,2.00,1.00,1.00,0.00,0.00,0.00,5.00,0.00,14.00,0.00,0.00,0.00,0.00
9980029,patnt,LH1,Depl,25,0.00,0.00,0.00,1.00,2.00,1.00,0.00,0.00,0.00,1.00,0.00,6.00,0.00,0.00,0.00,12.00
9980030,3e,MW1,Depl,15,0.00,0.00,8.00,3.00,1.00,0.00,0.00,0.00,0.00,8.00,0.00,4.00,0.00,0.00,0.00,0.00
9980030,3e,TH1,Depl,25,0.00,0.00,0.00,1.00,2.00,1.00,1.00,0.00,0.00,1.00,0.00,7.00,6.00,0.00,4.00,2.00
9980030,patnt,MW1,Depl,15,0.00,0.00,8.00,3.00,1.00,0.00,0.00,0.00,0.00,8.00,0.00,4.00,0.00,0.00,0.00,0.00
9980030,patnt,TH1,Depl,25,0.00,0.00,0.00,1.00,2.00,1.00,1.00,0.00,0.00,1.00,0.00,7.00,6.00,0.00,4.00,2.00
9980031,3e,BOG,Depl,25,0.00,0.00,0.00,21.00,0.00,0.00,0.00,4.00,0.00,0.00,0.00,0.00,0.00,0.00,0.00,0.00
9980031,3e,MW2,Depl,15,0.00,0.00,0.00,6.00,2.00,3.00,1.00,0.00,0.00,7.00,0.00,6.00,0.00,0.00,0.00,0.00
9980031,patnt,BOG,Depl,25,0.00,0.00,0.00,21.00,0.00,0.00,0.00,4.00,0.00,0.00,0.00,0.00,0.00,0.00,0.00,0.00
9980031,patnt,MW2,Depl,15,0.00,0.00,0.00,6.00,2.00,3.00,1.00,0.00,0.00,7.00,0.00,6.00,0.00,0.00,0.00,0.00
9980032,3e,SB1,Depl,25,0.00,0.00,0.00,24.00,0.00,0.00,0.00,0.00,0.00,0.00,0.00,0.00,0.00,0.00,0.00,0.00
9980032,patnt,SB1,Depl,25,0.00,0.00,0.00,24.00,0.00,0.00,0.00,0.00,0.00,0.00,0.00,0.00,0.00,0.00,0.00,0.00
9980033,3e,PJ1,Depl,25,0.00,0.00,22.00,2.00,0.00,0.00,0.00,0.00,0.00,1.00,0.00,0.00,0.00,0.00,0.00,0.00
9980033,patnt,PJ1,Depl,25,0.00,0.00,22.00,2.00,0.00,0.00,0.00,0.00,0.00,1.00,0.00,0.00,0.00,0.00,0.00,0.00
9980034,3e,LC1,Depl,25,0.00,0.00,0.00,13.00,0.00,1.00,6.00,5.00,0.00,0.00,0.00,0.00,0.00,0.00,0.00,0.00
9980034,patnt,LC1,Depl,25,0.00,0.00,0.00,13.00,0.00,1.00,6.00,5.00,0.00,0.00,0.00,0.00,0.00,0.00,0.00,0.00
9980035,3e,PJ2,Depl,25,0.00,0.00,14.00,6.00,0.00,0.00,0.00,0.00,0.00,3.00,0.00,2.00,0.00,0.00,0.00,0.00
9980035,patnt,PJ2,Depl,25,0.00,0.00,14.00,6.00,0.00,0.00,0.00,0.00,0.00,3.00,0.00,2.00,0.00,0.00,0.00,0.00
9980036,3e,PR1,Depl,35,0.00,23.00,0.00,0.00,0.00,0.00,0.00,0.00,0.00,0.00,0.00,0.00,0.00,0.00,0.00,0.00
9980036,3e,SP1,Depl,25,0.00,0.00,3.00,14.00,1.00,2.00,0.00,0.00,0.00,3.00,0.00,2.00,0.00,0.00,0.00,0.00
9980036,patnt,PR1,Depl,35,0.00,23.00,0.00,0.00,0.00,0.00,0.00,0.00,0.00,0.00,0.00,0.00,0.00,0.00,0.00,0.00
9980036,patnt,SP1,Depl,25,0.00,0.00,3.00,14.00,1.00,2.00,0.00,0.00,0.00,3.00,0.00,2.00,0.00,0.00,0.00,0.00
9980037,3e,PW1,Depl,35,13.00,0.00,0.00,1.00,3.00,1.00,1.00,0.00,0.00,1.00,0.00,4.00,0.00,0.00,0.00,0.00
9980037,3e,SF1,Depl,25,0.00,0.00,0.00,9.00,4.00,6.00,1.00,0.00,0.00,2.00,0.00,2.00,0.00,0.00,0.00,0.00
9980037,patnt,PW1,Depl,35,13.00,0.00,0.00,1.00,3.00,1.00,1.00,0.00,0.00,1.00,0.00,4.00,0.00,0.00,0.00,0.00
9980037,patnt,SF1,Depl,25,0.00,0.00,0.00,9.00,4.00,6.00,1.00,0.00,0.00,2.00,0.00,2.00,0.00,0.00,0.00,0.00
9980038,3e,PO1,Depl,25,0.00,0.00,1.00,2.00,0.00,1.00,0.00,0.00,0.00,19.00,0.00,2.00,0.00,0.00,0.00,0.00
9980038,3e,PRW,Depl,35,1.00,11.00,6.00,2.00,1.00,0.00,0.00,0.00,0.00,2.00,0.00,2.00,0.00,0.00,0.00,0.00
9980038,patnt,PO1,Depl,25,0.00,0.00,1.00,2.00,0.00,1.00,0.00,0.00,0.00,19.00,0.00,2.00,0.00,0.00,0.00,0.00
9980038,patnt,PRW,Depl,35,1.00,11.00,6.00,2.00,1.00,0.00,0.00,0.00,0.00,2.00,0.00,2.00,0.00,0.00,0.00,0.00
9980039,3e,BW1,Depl,25,0.00,0.00,1.00,2.00,1.00,1.00,0.00,0.00,0.00,5.00,0.00,14.00,0.00,0.00,0.00,0.00
9980039,3e,LH1,Depl,35,0.00,0.00,0.00,1.00,2.00,1.00,0.00,0.00,0.00,1.00,0.00,6.00,0.00,0.00,0.00,12.00
9980039,patnt,BW1,Depl,25,0.00,0.00,1.00,2.00,1.00,1.00,0.00,0.00,0.00,5.00,0.00,14.00,0.00,0.00,0.00,0.00
9980039,patnt,LH1,Depl,35,0.00,0.00,0.00,1.00,2.00,1.00,0.00,0.00,0.00,1.00,0.00,6.00,0.00,0.00,0.00,12.00
9980040,3e,MW1,Depl,25,0.00,0.00,8.00,3.00,1.00,0.00,0.00,0.00,0.00,8.00,0.00,4.00,0.00,0.00,0.00,0.00
9980040,3e,TH1,Depl,35,0.00,0.00,0.00,1.00,2.00,1.00,1.00,0.00,0.00,1.00,0.00,7.00,6.00,0.00,4.00,2.00
9980040,patnt,MW1,Depl,25,0.00,0.00,8.00,3.00,1.00,0.00,0.00,0.00,0.00,8.00,0.00,4.00,0.00,0.00,0.00,0.00
9980040,patnt,TH1,Depl,35,0.00,0.00,0.00,1.00,2.00,1.00,1.00,0.00,0.00,1.00,0.00,7.00,6.00,0.00,4.00,2.00
9980041,3e,BOG,Depl,35,0.00,0.00,0.00,21.00,0.00,0.00,0.00,4.00,0.00,0.00,0.00,0.00,0.00,0.00,0.00,0.00
9980041,3e,MW2,Depl,25,0.00,0.00,0.00,6.00,2.00,3.00,1.00,0.00,0.00,7.00,0.00,6.00,0.00,0.00,0.00,0.00
9980041,patnt,BOG,Depl,35,0.00,0.00,0.00,21.00,0.00,0.00,0.00,4.00,0.00,0.00,0.00,0.00,0.00,0.00,0.00,0.00
9980041,patnt,MW2,Depl,25,0.00,0.00,0.00,6.00,2.00,3.00,1.00,0.00,0.00,7.00,0.00,6.00,0.00,0.00,0.00,0.00
9980042,3e,SB1,Depl,35,0.00,0.00,0.00,24.00,0.00,0.00,0.00,0.00,0.00,0.00,0.00,0.00,0.00,0.00,0.00,0.00
9980042,patnt,SB1,Depl,35,0.00,0.00,0.00,24.00,0.00,0.00,0.00,0.00,0.00,0.00,0.00,0.00,0.00,0.00,0.00,0.00
9980043,3e,PJ1,Depl,35,0.00,0.00,22.00,2.00,0.00,0.00,0.00,0.00,0.00,1.00,0.00,0.00,0.00,0.00,0.00,0.00
9980043,patnt,PJ1,Depl,35,0.00,0.00,22.00,2.00,0.00,0.00,0.00,0.00,0.00,1.00,0.00,0.00,0.00,0.00,0.00,0.00
9980044,3e,LC1,Depl,35,0.00,0.00,0.00,13.00,0.00,1.00,6.00,5.00,0.00,0.00,0.00,0.00,0.00,0.00,0.00,0.00
9980044,patnt,LC1,Depl,35,0.00,0.00,0.00,13.00,0.00,1.00,6.00,5.00,0.00,0.00,0.00,0.00,0.00,0.00,0.00,0.00
9980045,3e,PJ2,Depl,35,0.00,0.00,14.00,6.00,0.00,0.00,0.00,0.00,0.00,3.00,0.00,2.00,0.00,0.00,0.00,0.00
9980045,patnt,PJ2,Depl,35,0.00,0.00,14.00,6.00,0.00,0.00,0.00,0.00,0.00,3.00,0.00,2.00,0.00,0.00,0.00,0.00
9980046,3e,PR1,Depl,45,0.00,23.00,0.00,0.00,0.00,0.00,0.00,0.00,0.00,0.00,0.00,0.00,0.00,0.00,0.00,0.00
9980046,3e,SP1,Depl,35,0.00,0.00,3.00,14.00,1.00,2.00,0.00,0.00,0.00,3.00,0.00,2.00,0.00,0.00,0.00,0.00
9980046,patnt,PR1,Depl,45,0.00,23.00,0.00,0.00,0.00,0.00,0.00,0.00,0.00,0.00,0.00,0.00,0.00,0.00,0.00,0.00
9980046,patnt,SP1,Depl,35,0.00,0.00,3.00,14.00,1.00,2.00,0.00,0.00,0.00,3.00,0.00,2.00,0.00,0.00,0.00,0.00
9980047,3e,PW1,Depl,45,13.00,0.00,0.00,1.00,3.00,1.00,1.00,0.00,0.00,1.00,0.00,4.00,0.00,0.00,0.00,0.00
9980047,3e,SF1,Depl,35,0.00,0.00,0.00,9.00,4.00,6.00,1.00,0.00,0.00,2.00,0.00,2.00,0.00,0.00,0.00,0.00
9980047,patnt,PW1,Depl,45,13.00,0.00,0.00,1.00,3.00,1.00,1.00,0.00,0.00,1.00,0.00,4.00,0.00,0.00,0.00,0.00
9980047,patnt,SF1,Depl,35,0.00,0.00,0.00,9.00,4.00,6.00,1.00,0.00,0.00,2.00,0.00,2.00,0.00,0.00,0.00,0.00
9980048,3e,PO1,Depl,35,0.00,0.00,1.00,2.00,0.00,1.00,0.00,0.00,0.00,19.00,0.00,2.00,0.00,0.00,0.00,0.00
9980048,3e,PRW,Depl,45,1.00,11.00,6.00,2.00,1.00,0.00,0.00,0.00,0.00,2.00,0.00,2.00,0.00,0.00,0.00,0.00
9980048,patnt,PO1,Depl,35,0.00,0.00,1.00,2.00,0.00,1.00,0.00,0.00,0.00,19.00,0.00,2.00,0.00,0.00,0.00,0.00
9980048,patnt,PRW,Depl,45,1.00,11.00,6.00,2.00,1.00,0.00,0.00,0.00,0.00,2.00,0.00,2.00,0.00,0.00,0.00,0.00
9980049,3e,BW1,Depl,35,0.00,0.00,1.00,2.00,1.00,1.00,0.00,0.00,0.00,5.00,0.00,14.00,0.00,0.00,0.00,0.00
9980049,3e,LH1,Depl,45,0.00,0.00,0.00,1.00,2.00,1.00,0.00,0.00,0.00,1.00,0.00,6.00,0.00,0.00,0.00,12.00
9980049,patnt,BW1,Depl,35,0.00,0.00,1.00,2.00,1.00,1.00,0.00,0.00,0.00,5.00,0.00,14.00,0.00,0.00,0.00,0.00
9980049,patnt,LH1,Depl,45,0.00,0.00,0.00,1.00,2.00,1.00,0.00,0.00,0.00,1.00,0.00,6.00,0.00,0.00,0.00,12.00
9980050,3e,MW1,Depl,35,0.00,0.00,8.00,3.00,1.00,0.00,0.00,0.00,0.00,8.00,0.00,4.00,0.00,0.00,0.00,0.00
9980050,3e,TH1,Depl,45,0.00,0.00,0.00,1.00,2.00,1.00,1.00,0.00,0.00,1.00,0.00,7.00,6.00,0.00,4.00,2.00
9980050,patnt,MW1,Depl,35,0.00,0.00,8.00,3.00,1.00,0.00,0.00,0.00,0.00,8.00,0.00,4.00,0.00,0.00,0.00,0.00
9980050,patnt,TH1,Depl,45,0.00,0.00,0.00,1.00,2.00,1.00,1.00,0.00,0.00,1.00,0.00,7.00,6.00,0.00,4.00,2.00
9980051,3e,BOG,Depl,45,0.00,0.00,0.00,21.00,0.00,0.00,0.00,4.00,0.00,0.00,0.00,0.00,0.00,0.00,0.00,0.00
9980051,3e,MW2,Depl,35,0.00,0.00,0.00,6.00,2.00,3.00,1.00,0.00,0.00,7.00,0.00,6.00,0.00,0.00,0.00,0.00
9980051,patnt,BOG,Depl,45,0.00,0.00,0.00,21.00,0.00,0.00,0.00,4.00,0.00,0.00,0.00,0.00,0.00,0.00,0.00,0.00
9980051,patnt,MW2,Depl,35,0.00,0.00,0.00,6.00,2.00,3.00,1.00,0.00,0.00,7.00,0.00,6.00,0.00,0.00,0.00,0.00
9980052,3e,SB1,Depl,45,0.00,0.00,0.00,24.00,0.00,0.00,0.00,0.00,0.00,0.00,0.00,0.00,0.00,0.00,0.00,0.00
9980052,patnt,SB1,Depl,45,0.00,0.00,0.00,24.00,0.00,0.00,0.00,0.00,0.00,0.00,0.00,0.00,0.00,0.00,0.00,0.00
9980053,3e,PJ1,Depl,45,0.00,0.00,22.00,2.00,0.00,0.00,0.00,0.00,0.00,1.00,0.00,0.00,0.00,0.00,0.00,0.00
9980053,patnt,PJ1,Depl,45,0.00,0.00,22.00,2.00,0.00,0.00,0.00,0.00,0.00,1.00,0.00,0.00,0.00,0.00,0.00,0.00
9980054,3e,LC1,Depl,45,0.00,0.00,0.00,13.00,0.00,1.00,6.00,5.00,0.00,0.00,0.00,0.00,0.00,0.00,0.00,0.00
9980054,patnt,LC1,Depl,45,0.00,0.00,0.00,13.00,0.00,1.00,6.00,5.00,0.00,0.00,0.00,0.00,0.00,0.00,0.00,0.00
9980055,3e,PJ2,Depl,45,0.00,0.00,14.00,6.00,0.00,0.00,0.00,0.00,0.00,3.00,0.00,2.00,0.00,0.00,0.00,0.00
9980055,patnt,PJ2,Depl,45,0.00,0.00,14.00,6.00,0.00,0.00,0.00,0.00,0.00,3.00,0.00,2.00,0.00,0.00,0.00,0.00
9980056,3e,PR1,Depl,55,0.00,23.00,0.00,0.00,0.00,0.00,0.00,0.00,0.00,0.00,0.00,0.00,0.00,0.00,0.00,0.00
9980056,3e,SP1,Depl,45,0.00,0.00,3.00,14.00,1.00,2.00,0.00,0.00,0.00,3.00,0.00,2.00,0.00,0.00,0.00,0.00
9980056,patnt,PR1,Depl,55,0.00,23.00,0.00,0.00,0.00,0.00,0.00,0.00,0.00,0.00,0.00,0.00,0.00,0.00,0.00,0.00
9980056,patnt,SP1,Depl,45,0.00,0.00,3.00,14.00,1.00,2.00,0.00,0.00,0.00,3.00,0.00,2.00,0.00,0.00,0.00,0.00
9980057,3e,PW1,Depl,55,13.00,0.00,0.00,1.00,3.00,1.00,1.00,0.00,0.00,1.00,0.00,4.00,0.00,0.00,0.00,0.00
9980057,3e,SF1,Depl,45,0.00,0.00,0.00,9.00,4.00,6.00,1.00,0.00,0.00,2.00,0.00,2.00,0.00,0.00,0.00,0.00
9980057,patnt,PW1,Depl,55,13.00,0.00,0.00,1.00,3.00,1.00,1.00,0.00,0.00,1.00,0.00,4.00,0.00,0.00,0.00,0.00
9980057,patnt,SF1,Depl,45,0.00,0.00,0.00,9.00,4.00,6.00,1.00,0.00,0.00,2.00,0.00,2.00,0.00,0.00,0.00,0.00
9980058,3e,PO1,Depl,45,0.00,0.00,1.00,2.00,0.00,1.00,0.00,0.00,0.00,19.00,0.00,2.00,0.00,0.00,0.00,0.00
9980058,3e,PRW,Depl,55,1.00,11.00,6.00,2.00,1.00,0.00,0.00,0.00,0.00,2.00,0.00,2.00,0.00,0.00,0.00,0.00
9980058,patnt,PO1,Depl,45,0.00,0.00,1.00,2.00,0.00,1.00,0.00,0.00,0.00,19.00,0.00,2.00,0.00,0.00,0.00,0.00
9980058,patnt,PRW,Depl,55,1.00,11.00,6.00,2.00,1.00,0.00,0.00,0.00,0.00,2.00,0.00,2.00,0.00,0.00,0.00,0.00
9980059,3e,BW1,Depl,45,0.00,0.00,1.00,2.00,1.00,1.00,0.00,0.00,0.00,5.00,0.00,14.00,0.00,0.00,0.00,0.00
9980059,3e,LH1,Depl,55,0.00,0.00,0.00,1.00,2.00,1.00,0.00,0.00,0.00,1.00,0.00,6.00,0.00,0.00,0.00,12.00
9980059,patnt,BW1,Depl,45,0.00,0.00,1.00,2.00,1.00,1.00,0.00,0.00,0.00,5.00,0.00,14.00,0.00,0.00,0.00,0.00
9980059,patnt,LH1,Depl,55,0.00,0.00,0.00,1.00,2.00,1.00,0.00,0.00,0.00,1.00,0.00,6.00,0.00,0.00,0.00,12.00
9980060,3e,MW1,Depl,45,0.00,0.00,8.00,3.00,1.00,0.00,0.00,0.00,0.00,8.00,0.00,4.00,0.00,0.00,0.00,0.00
9980060,3e,TH1,Depl,55,0.00,0.00,0.00,1.00,2.00,1.00,1.00,0.00,0.00,1.00,0.00,7.00,6.00,0.00,4.00,2.00
9980060,patnt,MW1,Depl,45,0.00,0.00,8.00,3.00,1.00,0.00,0.00,0.00,0.00,8.00,0.00,4.00,0.00,0.00,0.00,0.00
9980060,patnt,TH1,Depl,55,0.00,0.00,0.00,1.00,2.00,1.00,1.00,0.00,0.00,1.00,0.00,7.00,6.00,0.00,4.00,2.00
9980061,3e,BOG,Depl,55,0.00,0.00,0.00,21.00,0.00,0.00,0.00,4.00,0.00,0.00,0.00,0.00,0.00,0.00,0.00,0.00
9980061,3e,MW2,Depl,45,0.00,0.00,0.00,6.00,2.00,3.00,1.00,0.00,0.00,7.00,0.00,6.00,0.00,0.00,0.00,0.00
9980061,patnt,BOG,Depl,55,0.00,0.00,0.00,21.00,0.00,0.00,0.00,4.00,0.00,0.00,0.00,0.00,0.00,0.00,0.00,0.00
9980061,patnt,MW2,Depl,45,0.00,0.00,0.00,6.00,2.00,3.00,1.00,0.00,0.00,7.00,0.00,6.00,0.00,0.00,0.00,0.00
9980062,3e,SB1,Depl,55,0.00,0.00,0.00,24.00,0.00,0.00,0.00,0.00,0.00,0.00,0.00,0.00,0.00,0.00,0.00,0.00
9980062,patnt,SB1,Depl,55,0.00,0.00,0.00,24.00,0.00,0.00,0.00,0.00,0.00,0.00,0.00,0.00,0.00,0.00,0.00,0.00
9980063,3e,PJ1,Depl,55,0.00,0.00,22.00,2.00,0.00,0.00,0.00,0.00,0.00,1.00,0.00,0.00,0.00,0.00,0.00,0.00
9980063,patnt,PJ1,Depl,55,0.00,0.00,22.00,2.00,0.00,0.00,0.00,0.00,0.00,1.00,0.00,0.00,0.00,0.00,0.00,0.00
9980064,3e,LC1,Depl,55,0.00,0.00,0.00,13.00,0.00,1.00,6.00,5.00,0.00,0.00,0.00,0.00,0.00,0.00,0.00,0.00
9980064,patnt,LC1,Depl,55,0.00,0.00,0.00,13.00,0.00,1.00,6.00,5.00,0.00,0.00,0.00,0.00,0.00,0.00,0.00,0.00
9980065,3e,PJ2,Depl,55,0.00,0.00,14.00,6.00,0.00,0.00,0.00,0.00,0.00,3.00,0.00,2.00,0.00,0.00,0.00,0.00
9980065,patnt,PJ2,Depl,55,0.00,0.00,14.00,6.00,0.00,0.00,0.00,0.00,0.00,3.00,0.00,2.00,0.00,0.00,0.00,0.00
9980066,3e,PR1,Depl,65,0.00,23.00,0.00,0.00,0.00,0.00,0.00,0.00,0.00,0.00,0.00,0.00,0.00,0.00,0.00,0.00
9980066,3e,SP1,Depl,55,0.00,0.00,3.00,14.00,1.00,2.00,0.00,0.00,0.00,3.00,0.00,2.00,0.00,0.00,0.00,0.00
9980066,patnt,PR1,Depl,65,0.00,23.00,0.00,0.00,0.00,0.00,0.00,0.00,0.00,0.00,0.00,0.00,0.00,0.00,0.00,0.00
9980066,patnt,SP1,Depl,55,0.00,0.00,3.00,14.00,1.00,2.00,0.00,0.00,0.00,3.00,0.00,2.00,0.00,0.00,0.00,0.00
9980067,3e,PW1,Depl,65,13.00,0.00,0.00,1.00,3.00,1.00,1.00,0.00,0.00,1.00,0.00,4.00,0.00,0.00,0.00,0.00
9980067,3e,SF1,Depl,55,0.00,0.00,0.00,9.00,4.00,6.00,1.00,0.00,0.00,2.00,0.00,2.00,0.00,0.00,0.00,0.00
9980067,patnt,PW1,Depl,65,13.00,0.00,0.00,1.00,3.00,1.00,1.00,0.00,0.00,1.00,0.00,4.00,0.00,0.00,0.00,0.00
9980067,patnt,SF1,Depl,55,0.00,0.00,0.00,9.00,4.00,6.00,1.00,0.00,0.00,2.00,0.00,2.00,0.00,0.00,0.00,0.00
9980068,3e,PO1,Depl,55,0.00,0.00,1.00,2.00,0.00,1.00,0.00,0.00,0.00,19.00,0.00,2.00,0.00,0.00,0.00,0.00
9980068,3e,PRW,Depl,65,1.00,11.00,6.00,2.00,1.00,0.00,0.00,0.00,0.00,2.00,0.00,2.00,0.00,0.00,0.00,0.00
9980068,patnt,PO1,Depl,55,0.00,0.00,1.00,2.00,0.00,1.00,0.00,0.00,0.00,19.00,0.00,2.00,0.00,0.00,0.00,0.00
9980068,patnt,PRW,Depl,65,1.00,11.00,6.00,2.00,1.00,0.00,0.00,0.00,0.00,2.00,0.00,2.00,0.00,0.00,0.00,0.00
9980069,3e,BW1,Depl,55,0.00,0.00,1.00,2.00,1.00,1.00,0.00,0.00,0.00,5.00,0.00,14.00,0.00,0.00,0.00,0.00
9980069,3e,LH1,Depl,65,0.00,0.00,0.00,1.00,2.00,1.00,0.00,0.00,0.00,1.00,0.00,6.00,0.00,0.00,0.00,12.00
9980069,patnt,BW1,Depl,55,0.00,0.00,1.00,2.00,1.00,1.00,0.00,0.00,0.00,5.00,0.00,14.00,0.00,0.00,0.00,0.00
9980069,patnt,LH1,Depl,65,0.00,0.00,0.00,1.00,2.00,1.00,0.00,0.00,0.00,1.00,0.00,6.00,0.00,0.00,0.00,12.00
9980070,3e,MW1,Depl,55,0.00,0.00,8.00,3.00,1.00,0.00,0.00,0.00,0.00,8.00,0.00,4.00,0.00,0.00,0.00,0.00
9980070,3e,TH1,Depl,65,0.00,0.00,0.00,1.00,2.00,1.00,1.00,0.00,0.00,1.00,0.00,7.00,6.00,0.00,4.00,2.00
9980070,patnt,MW1,Depl,55,0.00,0.00,8.00,3.00,1.00,0.00,0.00,0.00,0.00,8.00,0.00,4.00,0.00,0.00,0.00,0.00
9980070,patnt,TH1,Depl,65,0.00,0.00,0.00,1.00,2.00,1.00,1.00,0.00,0.00,1.00,0.00,7.00,6.00,0.00,4.00,2.00
9980071,3e,BOG,Depl,65,0.00,0.00,0.00,21.00,0.00,0.00,0.00,4.00,0.00,0.00,0.00,0.00,0.00,0.00,0.00,0.00
9980071,3e,MW2,Depl,55,0.00,0.00,0.00,6.00,2.00,3.00,1.00,0.00,0.00,7.00,0.00,6.00,0.00,0.00,0.00,0.00
9980071,patnt,BOG,Depl,65,0.00,0.00,0.00,21.00,0.00,0.00,0.00,4.00,0.00,0.00,0.00,0.00,0.00,0.00,0.00,0.00
9980071,patnt,MW2,Depl,55,0.00,0.00,0.00,6.00,2.00,3.00,1.00,0.00,0.00,7.00,0.00,6.00,0.00,0.00,0.00,0.00
9980072,3e,SB1,Depl,65,0.00,0.00,0.00,24.00,0.00,0.00,0.00,0.00,0.00,0.00,0.00,0.00,0.00,0.00,0.00,0.00
9980072,patnt,SB1,Depl,65,0.00,0.00,0.00,24.00,0.00,0.00,0.00,0.00,0.00,0.00,0.00,0.00,0.00,0.00,0.00,0.00
9980073,3e,PJ1,Depl,65,0.00,0.00,22.00,2.00,0.00,0.00,0.00,0.00,0.00,1.00,0.00,0.00,0.00,0.00,0.00,0.00
9980073,patnt,PJ1,Depl,65,0.00,0.00,22.00,2.00,0.00,0.00,0.00,0.00,0.00,1.00,0.00,0.00,0.00,0.00,0.00,0.00
9980074,3e,LC1,Depl,65,0.00,0.00,0.00,13.00,0.00,1.00,6.00,5.00,0.00,0.00,0.00,0.00,0.00,0.00,0.00,0.00
9980074,patnt,LC1,Depl,65,0.00,0.00,0.00,13.00,0.00,1.00,6.00,5.00,0.00,0.00,0.00,0.00,0.00,0.00,0.00,0.00
9980075,3e,PJ2,Depl,65,0.00,0.00,14.00,6.00,0.00,0.00,0.00,0.00,0.00,3.00,0.00,2.00,0.00,0.00,0.00,0.00
9980075,patnt,PJ2,Depl,65,0.00,0.00,14.00,6.00,0.00,0.00,0.00,0.00,0.00,3.00,0.00,2.00,0.00,0.00,0.00,0.00
9980076,3e,PR1,Depl,75,0.00,23.00,0.00,0.00,0.00,0.00,0.00,0.00,0.00,0.00,0.00,0.00,0.00,0.00,0.00,0.00
9980076,3e,SP1,Depl,65,0.00,0.00,3.00,14.00,1.00,2.00,0.00,0.00,0.00,3.00,0.00,2.00,0.00,0.00,0.00,0.00
9980076,patnt,PR1,Depl,75,0.00,23.00,0.00,0.00,0.00,0.00,0.00,0.00,0.00,0.00,0.00,0.00,0.00,0.00,0.00,0.00
9980076,patnt,SP1,Depl,65,0.00,0.00,3.00,14.00,1.00,2.00,0.00,0.00,0.00,3.00,0.00,2.00,0.00,0.00,0.00,0.00
9980077,3e,PW1,Depl,75,13.00,0.00,0.00,1.00,3.00,1.00,1.00,0.00,0.00,1.00,0.00,4.00,0.00,0.00,0.00,0.00
9980077,3e,SF1,Depl,65,0.00,0.00,0.00,9.00,4.00,6.00,1.00,0.00,0.00,2.00,0.00,2.00,0.00,0.00,0.00,0.00
9980077,patnt,PW1,Depl,75,13.00,0.00,0.00,1.00,3.00,1.00,1.00,0.00,0.00,1.00,0.00,4.00,0.00,0.00,0.00,0.00
9980077,patnt,SF1,Depl,65,0.00,0.00,0.00,9.00,4.00,6.00,1.00,0.00,0.00,2.00,0.00,2.00,0.00,0.00,0.00,0.00
9980078,3e,PO1,Depl,65,0.00,0.00,1.00,2.00,0.00,1.00,0.00,0.00,0.00,19.00,0.00,2.00,0.00,0.00,0.00,0.00
9980078,3e,PRW,Depl,75,1.00,11.00,6.00,2.00,1.00,0.00,0.00,0.00,0.00,2.00,0.00,2.00,0.00,0.00,0.00,0.00
9980078,patnt,PO1,Depl,65,0.00,0.00,1.00,2.00,0.00,1.00,0.00,0.00,0.00,19.00,0.00,2.00,0.00,0.00,0.00,0.00
9980078,patnt,PRW,Depl,75,1.00,11.00,6.00,2.00,1.00,0.00,0.00,0.00,0.00,2.00,0.00,2.00,0.00,0.00,0.00,0.00
9980079,3e,BW1,Depl,65,0.00,0.00,1.00,2.00,1.00,1.00,0.00,0.00,0.00,5.00,0.00,14.00,0.00,0.00,0.00,0.00
9980079,3e,LH1,Depl,75,0.00,0.00,0.00,1.00,2.00,1.00,0.00,0.00,0.00,1.00,0.00,6.00,0.00,0.00,0.00,12.00
9980079,patnt,BW1,Depl,65,0.00,0.00,1.00,2.00,1.00,1.00,0.00,0.00,0.00,5.00,0.00,14.00,0.00,0.00,0.00,0.00
9980079,patnt,LH1,Depl,75,0.00,0.00,0.00,1.00,2.00,1.00,0.00,0.00,0.00,1.00,0.00,6.00,0.00,0.00,0.00,12.00
9980080,3e,MW1,Depl,65,0.00,0.00,8.00,3.00,1.00,0.00,0.00,0.00,0.00,8.00,0.00,4.00,0.00,0.00,0.00,0.00
9980080,3e,TH1,Depl,75,0.00,0.00,0.00,1.00,2.00,1.00,1.00,0.00,0.00,1.00,0.00,7.00,6.00,0.00,4.00,2.00
9980080,patnt,MW1,Depl,65,0.00,0.00,8.00,3.00,1.00,0.00,0.00,0.00,0.00,8.00,0.00,4.00,0.00,0.00,0.00,0.00
9980080,patnt,TH1,Depl,75,0.00,0.00,0.00,1.00,2.00,1.00,1.00,0.00,0.00,1.00,0.00,7.00,6.00,0.00,4.00,2.00
9980081,3e,BOG,Depl,75,0.00,0.00,0.00,21.00,0.00,0.00,0.00,4.00,0.00,0.00,0.00,0.00,0.00,0.00,0.00,0.00
9980081,3e,MW2,Depl,65,0.00,0.00,0.00,6.00,2.00,3.00,1.00,0.00,0.00,7.00,0.00,6.00,0.00,0.00,0.00,0.00
9980081,patnt,BOG,Depl,75,0.00,0.00,0.00,21.00,0.00,0.00,0.00,4.00,0.00,0.00,0.00,0.00,0.00,0.00,0.00,0.00
9980081,patnt,MW2,Depl,65,0.00,0.00,0.00,6.00,2.00,3.00,1.00,0.00,0.00,7.00,0.00,6.00,0.00,0.00,0.00,0.00
9980082,3e,SB1,Depl,75,0.00,0.00,0.00,24.00,0.00,0.00,0.00,0.00,0.00,0.00,0.00,0.00,0.00,0.00,0.00,0.00
9980082,patnt,SB1,Depl,75,0.00,0.00,0.00,24.00,0.00,0.00,0.00,0.00,0.00,0.00,0.00,0.00,0.00,0.00,0.00,0.00
9980083,3e,PJ1,Depl,75,0.00,0.00,22.00,2.00,0.00,0.00,0.00,0.00,0.00,1.00,0.00,0.00,0.00,0.00,0.00,0.00
9980083,patnt,PJ1,Depl,75,0.00,0.00,22.00,2.00,0.00,0.00,0.00,0.00,0.00,1.00,0.00,0.00,0.00,0.00,0.00,0.00
9980084,3e,LC1,Depl,75,0.00,0.00,0.00,13.00,0.00,1.00,6.00,5.00,0.00,0.00,0.00,0.00,0.00,0.00,0.00,0.00
9980084,patnt,LC1,Depl,75,0.00,0.00,0.00,13.00,0.00,1.00,6.00,5.00,0.00,0.00,0.00,0.00,0.00,0.00,0.00,0.00
9980085,3e,PJ2,Depl,75,0.00,0.00,14.00,6.00,0.00,0.00,0.00,0.00,0.00,3.00,0.00,2.00,0.00,0.00,0.00,0.00
9980085,patnt,PJ2,Depl,75,0.00,0.00,14.00,6.00,0.00,0.00,0.00,0.00,0.00,3.00,0.00,2.00,0.00,0.00,0.00,0.00
9980086,3e,PR1,Depl,85,0.00,23.00,0.00,0.00,0.00,0.00,0.00,0.00,0.00,0.00,0.00,0.00,0.00,0.00,0.00,0.00
9980086,3e,SP1,Depl,75,0.00,0.00,3.00,14.00,1.00,2.00,0.00,0.00,0.00,3.00,0.00,2.00,0.00,0.00,0.00,0.00
9980086,patnt,PR1,Depl,85,0.00,23.00,0.00,0.00,0.00,0.00,0.00,0.00,0.00,0.00,0.00,0.00,0.00,0.00,0.00,0.00
9980086,patnt,SP1,Depl,75,0.00,0.00,3.00,14.00,1.00,2.00,0.00,0.00,0.00,3.00,0.00,2.00,0.00,0.00,0.00,0.00
9980087,3e,PW1,Depl,85,13.00,0.00,0.00,1.00,3.00,1.00,1.00,0.00,0.00,1.00,0.00,4.00,0.00,0.00,0.00,0.00
9980087,3e,SF1,Depl,75,0.00,0.00,0.00,9.00,4.00,6.00,1.00,0.00,0.00,2.00,0.00,2.00,0.00,0.00,0.00,0.00
9980087,patnt,PW1,Depl,85,13.00,0.00,0.00,1.00,3.00,1.00,1.00,0.00,0.00,1.00,0.00,4.00,0.00,0.00,0.00,0.00
9980087,patnt,SF1,Depl,75,0.00,0.00,0.00,9.00,4.00,6.00,1.00,0.00,0.00,2.00,0.00,2.00,0.00,0.00,0.00,0.00
9980088,3e,PO1,Depl,75,0.00,0.00,1.00,2.00,0.00,1.00,0.00,0.00,0.00,19.00,0.00,2.00,0.00,0.00,0.00,0.00
9980088,3e,PRW,Depl,85,1.00,11.00,6.00,2.00,1.00,0.00,0.00,0.00,0.00,2.00,0.00,2.00,0.00,0.00,0.00,0.00
9980088,patnt,PO1,Depl,75,0.00,0.00,1.00,2.00,0.00,1.00,0.00,0.00,0.00,19.00,0.00,2.00,0.00,0.00,0.00,0.00
9980088,patnt,PRW,Depl,85,1.00,11.00,6.00,2.00,1.00,0.00,0.00,0.00,0.00,2.00,0.00,2.00,0.00,0.00,0.00,0.00
9980089,3e,BW1,Depl,75,0.00,0.00,1.00,2.00,1.00,1.00,0.00,0.00,0.00,5.00,0.00,14.00,0.00,0.00,0.00,0.00
9980089,3e,LH1,Depl,85,0.00,0.00,0.00,1.00,2.00,1.00,0.00,0.00,0.00,1.00,0.00,6.00,0.00,0.00,0.00,12.00
9980089,patnt,BW1,Depl,75,0.00,0.00,1.00,2.00,1.00,1.00,0.00,0.00,0.00,5.00,0.00,14.00,0.00,0.00,0.00,0.00
9980089,patnt,LH1,Depl,85,0.00,0.00,0.00,1.00,2.00,1.00,0.00,0.00,0.00,1.00,0.00,6.00,0.00,0.00,0.00,12.00
9980090,3e,MW1,Depl,75,0.00,0.00,8.00,3.00,1.00,0.00,0.00,0.00,0.00,8.00,0.00,4.00,0.00,0.00,0.00,0.00
9980090,3e,TH1,Depl,85,0.00,0.00,0.00,1.00,2.00,1.00,1.00,0.00,0.00,1.00,0.00,7.00,6.00,0.00,4.00,2.00
9980090,patnt,MW1,Depl,75,0.00,0.00,8.00,3.00,1.00,0.00,0.00,0.00,0.00,8.00,0.00,4.00,0.00,0.00,0.00,0.00
9980090,patnt,TH1,Depl,85,0.00,0.00,0.00,1.00,2.00,1.00,1.00,0.00,0.00,1.00,0.00,7.00,6.00,0.00,4.00,2.00
9980091,3e,BOG,Depl,85,0.00,0.00,0.00,21.00,0.00,0.00,0.00,4.00,0.00,0.00,0.00,0.00,0.00,0.00,0.00,0.00
9980091,3e,MW2,Depl,75,0.00,0.00,0.00,6.00,2.00,3.00,1.00,0.00,0.00,7.00,0.00,6.00,0.00,0.00,0.00,0.00
9980091,patnt,BOG,Depl,85,0.00,0.00,0.00,21.00,0.00,0.00,0.00,4.00,0.00,0.00,0.00,0.00,0.00,0.00,0.00,0.00
9980091,patnt,MW2,Depl,75,0.00,0.00,0.00,6.00,2.00,3.00,1.00,0.00,0.00,7.00,0.00,6.00,0.00,0.00,0.00,0.00
9980092,3e,SB1,Depl,85,0.00,0.00,0.00,24.00,0.00,0.00,0.00,0.00,0.00,0.00,0.00,0.00,0.00,0.00,0.00,0.00
9980092,patnt,SB1,Depl,85,0.00,0.00,0.00,24.00,0.00,0.00,0.00,0.00,0.00,0.00,0.00,0.00,0.00,0.00,0.00,0.00
9980093,3e,PJ1,Depl,85,0.00,0.00,22.00,2.00,0.00,0.00,0.00,0.00,0.00,1.00,0.00,0.00,0.00,0.00,0.00,0.00
9980093,patnt,PJ1,Depl,85,0.00,0.00,22.00,2.00,0.00,0.00,0.00,0.00,0.00,1.00,0.00,0.00,0.00,0.00,0.00,0.00
9980094,3e,LC1,Depl,85,0.00,0.00,0.00,13.00,0.00,1.00,6.00,5.00,0.00,0.00,0.00,0.00,0.00,0.00,0.00,0.00
9980094,patnt,LC1,Depl,85,0.00,0.00,0.00,13.00,0.00,1.00,6.00,5.00,0.00,0.00,0.00,0.00,0.00,0.00,0.00,0.00
9980095,3e,PJ2,Depl,85,0.00,0.00,14.00,6.00,0.00,0.00,0.00,0.00,0.00,3.00,0.00,2.00,0.00,0.00,0.00,0.00
9980095,patnt,PJ2,Depl,85,0.00,0.00,14.00,6.00,0.00,0.00,0.00,0.00,0.00,3.00,0.00,2.00,0.00,0.00,0.00,0.00
9980096,3e,PR1,Depl,95,0.00,23.00,0.00,0.00,0.00,0.00,0.00,0.00,0.00,0.00,0.00,0.00,0.00,0.00,0.00,0.00
9980096,3e,SP1,Depl,85,0.00,0.00,3.00,14.00,1.00,2.00,0.00,0.00,0.00,3.00,0.00,2.00,0.00,0.00,0.00,0.00
9980096,patnt,PR1,Depl,95,0.00,23.00,0.00,0.00,0.00,0.00,0.00,0.00,0.00,0.00,0.00,0.00,0.00,0.00,0.00,0.00
9980096,patnt,SP1,Depl,85,0.00,0.00,3.00,14.00,1.00,2.00,0.00,0.00,0.00,3.00,0.00,2.00,0.00,0.00,0.00,0.00
9980097,3e,PW1,Depl,95,13.00,0.00,0.00,1.00,3.00,1.00,1.00,0.00,0.00,1.00,0.00,4.00,0.00,0.00,0.00,0.00
9980097,3e,SF1,Depl,85,0.00,0.00,0.00,9.00,4.00,6.00,1.00,0.00,0.00,2.00,0.00,2.00,0.00,0.00,0.00,0.00
9980097,patnt,PW1,Depl,95,13.00,0.00,0.00,1.00,3.00,1.00,1.00,0.00,0.00,1.00,0.00,4.00,0.00,0.00,0.00,0.00
9980097,patnt,SF1,Depl,85,0.00,0.00,0.00,9.00,4.00,6.00,1.00,0.00,0.00,2.00,0.00,2.00,0.00,0.00,0.00,0.00
9980098,3e,PO1,Depl,85,0.00,0.00,1.00,2.00,0.00,1.00,0.00,0.00,0.00,19.00,0.00,2.00,0.00,0.00,0.00,0.00
9980098,3e,PRW,Depl,95,1.00,11.00,6.00,2.00,1.00,0.00,0.00,0.00,0.00,2.00,0.00,2.00,0.00,0.00,0.00,0.00
9980098,patnt,PO1,Depl,85,0.00,0.00,1.00,2.00,0.00,1.00,0.00,0.00,0.00,19.00,0.00,2.00,0.00,0.00,0.00,0.00
9980098,patnt,PRW,Depl,95,1.00,11.00,6.00,2.00,1.00,0.00,0.00,0.00,0.00,2.00,0.00,2.00,0.00,0.00,0.00,0.00
9980099,3e,BW1,Depl,85,0.00,0.00,1.00,2.00,1.00,1.00,0.00,0.00,0.00,5.00,0.00,14.00,0.00,0.00,0.00,0.00
9980099,3e,LH1,Depl,95,0.00,0.00,0.00,1.00,2.00,1.00,0.00,0.00,0.00,1.00,0.00,6.00,0.00,0.00,0.00,12.00
9980099,patnt,BW1,Depl,85,0.00,0.00,1.00,2.00,1.00,1.00,0.00,0.00,0.00,5.00,0.00,14.00,0.00,0.00,0.00,0.00
9980099,patnt,LH1,Depl,95,0.00,0.00,0.00,1.00,2.00,1.00,0.00,0.00,0.00,1.00,0.00,6.00,0.00,0.00,0.00,12.00
9980100,3e,MW1,Depl,85,0.00,0.00,8.00,3.00,1.00,0.00,0.00,0.00,0.00,8.00,0.00,4.00,0.00,0.00,0.00,0.00
9980100,3e,TH1,Depl,95,0.00,0.00,0.00,1.00,2.00,1.00,1.00,0.00,0.00,1.00,0.00,7.00,6.00,0.00,4.00,2.00
9980100,patnt,MW1,Depl,85,0.00,0.00,8.00,3.00,1.00,0.00,0.00,0.00,0.00,8.00,0.00,4.00,0.00,0.00,0.00,0.00
9980100,patnt,TH1,Depl,95,0.00,0.00,0.00,1.00,2.00,1.00,1.00,0.00,0.00,1.00,0.00,7.00,6.00,0.00,4.00,2.00
9980101,3e,BOG,Depl,95,0.00,0.00,0.00,21.00,0.00,0.00,0.00,4.00,0.00,0.00,0.00,0.00,0.00,0.00,0.00,0.00
9980101,3e,MW2,Depl,85,0.00,0.00,0.00,6.00,2.00,3.00,1.00,0.00,0.00,7.00,0.00,6.00,0.00,0.00,0.00,0.00
9980101,patnt,BOG,Depl,95,0.00,0.00,0.00,21.00,0.00,0.00,0.00,4.00,0.00,0.00,0.00,0.00,0.00,0.00,0.00,0.00
9980101,patnt,MW2,Depl,85,0.00,0.00,0.00,6.00,2.00,3.00,1.00,0.00,0.00,7.00,0.00,6.00,0.00,0.00,0.00,0.00
9980102,3e,SB1,Depl,95,0.00,0.00,0.00,24.00,0.00,0.00,0.00,0.00,0.00,0.00,0.00,0.00,0.00,0.00,0.00,0.00
9980102,patnt,SB1,Depl,95,0.00,0.00,0.00,24.00,0.00,0.00,0.00,0.00,0.00,0.00,0.00,0.00,0.00,0.00,0.00,0.00
9980103,3e,PJ1,Depl,95,0.00,0.00,22.00,2.00,0.00,0.00,0.00,0.00,0.00,1.00,0.00,0.00,0.00,0.00,0.00,0.00
9980103,patnt,PJ1,Depl,95,0.00,0.00,22.00,2.00,0.00,0.00,0.00,0.00,0.00,1.00,0.00,0.00,0.00,0.00,0.00,0.00
9980104,3e,LC1,Depl,95,0.00,0.00,0.00,13.00,0.00,1.00,6.00,5.00,0.00,0.00,0.00,0.00,0.00,0.00,0.00,0.00
9980104,patnt,LC1,Depl,95,0.00,0.00,0.00,13.00,0.00,1.00,6.00,5.00,0.00,0.00,0.00,0.00,0.00,0.00,0.00,0.00
9980105,3e,PJ2,Depl,95,0.00,0.00,14.00,6.00,0.00,0.00,0.00,0.00,0.00,3.00,0.00,2.00,0.00,0.00,0.00,0.00
9980105,patnt,PJ2,Depl,95,0.00,0.00,14.00,6.00,0.00,0.00,0.00,0.00,0.00,3.00,0.00,2.00,0.00,0.00,0.00,0.00
9980106,3e,PR1,Depl,105,0.00,23.00,0.00,0.00,0.00,0.00,0.00,0.00,0.00,0.00,0.00,0.00,0.00,0.00,0.00,0.00
9980106,3e,SP1,Depl,95,0.00,0.00,3.00,14.00,1.00,2.00,0.00,0.00,0.00,3.00,0.00,2.00,0.00,0.00,0.00,0.00
9980106,patnt,PR1,Depl,105,0.00,23.00,0.00,0.00,0.00,0.00,0.00,0.00,0.00,0.00,0.00,0.00,0.00,0.00,0.00,0.00
9980106,patnt,SP1,Depl,95,0.00,0.00,3.00,14.00,1.00,2.00,0.00,0.00,0.00,3.00,0.00,2.00,0.00,0.00,0.00,0.00
9980107,3e,PW1,Depl,105,13.00,0.00,0.00,1.00,3.00,1.00,1.00,0.00,0.00,1.00,0.00,4.00,0.00,0.00,0.00,0.00
9980107,3e,SF1,Depl,95,0.00,0.00,0.00,9.00,4.00,6.00,1.00,0.00,0.00,2.00,0.00,2.00,0.00,0.00,0.00,0.00
9980107,patnt,PW1,Depl,105,13.00,0.00,0.00,1.00,3.00,1.00,1.00,0.00,0.00,1.00,0.00,4.00,0.00,0.00,0.00,0.00
9980107,patnt,SF1,Depl,95,0.00,0.00,0.00,9.00,4.00,6.00,1.00,0.00,0.00,2.00,0.00,2.00,0.00,0.00,0.00,0.00
9980108,3e,PO1,Depl,95,0.00,0.00,1.00,2.00,0.00,1.00,0.00,0.00,0.00,19.00,0.00,2.00,0.00,0.00,0.00,0.00
9980108,3e,PRW,Depl,105,1.00,11.00,6.00,2.00,1.00,0.00,0.00,0.00,0.00,2.00,0.00,2.00,0.00,0.00,0.00,0.00
9980108,patnt,PO1,Depl,95,0.00,0.00,1.00,2.00,0.00,1.00,0.00,0.00,0.00,19.00,0.00,2.00,0.00,0.00,0.00,0.00
9980108,patnt,PRW,Depl,105,1.00,11.00,6.00,2.00,1.00,0.00,0.00,0.00,0.00,2.00,0.00,2.00,0.00,0.00,0.00,0.00
9980109,3e,BW1,Depl,95,0.00,0.00,1.00,2.00,1.00,1.00,0.00,0.00,0.00,5.00,0.00,14.00,0.00,0.00,0.00,0.00
9980109,3e,LH1,Depl,105,0.00,0.00,0.00,1.00,2.00,1.00,0.00,0.00,0.00,1.00,0.00,6.00,0.00,0.00,0.00,12.00
9980109,patnt,BW1,Depl,95,0.00,0.00,1.00,2.00,1.00,1.00,0.00,0.00,0.00,5.00,0.00,14.00,0.00,0.00,0.00,0.00
9980109,patnt,LH1,Depl,105,0.00,0.00,0.00,1.00,2.00,1.00,0.00,0.00,0.00,1.00,0.00,6.00,0.00,0.00,0.00,12.00
9980110,3e,MW1,Depl,95,0.00,0.00,8.00,3.00,1.00,0.00,0.00,0.00,0.00,8.00,0.00,4.00,0.00,0.00,0.00,0.00
9980110,3e,TH1,Depl,105,0.00,0.00,0.00,1.00,2.00,1.00,1.00,0.00,0.00,1.00,0.00,7.00,6.00,0.00,4.00,2.00
9980110,patnt,MW1,Depl,95,0.00,0.00,8.00,3.00,1.00,0.00,0.00,0.00,0.00,8.00,0.00,4.00,0.00,0.00,0.00,0.00
9980110,patnt,TH1,Depl,105,0.00,0.00,0.00,1.00,2.00,1.00,1.00,0.00,0.00,1.00,0.00,7.00,6.00,0.00,4.00,2.00
9980111,3e,BOG,Depl,105,0.00,0.00,0.00,21.00,0.00,0.00,0.00,4.00,0.00,0.00,0.00,0.00,0.00,0.00,0.00,0.00
9980111,3e,MW2,Depl,95,0.00,0.00,0.00,6.00,2.00,3.00,1.00,0.00,0.00,7.00,0.00,6.00,0.00,0.00,0.00,0.00
9980111,patnt,BOG,Depl,105,0.00,0.00,0.00,21.00,0.00,0.00,0.00,4.00,0.00,0.00,0.00,0.00,0.00,0.00,0.00,0.00
9980111,patnt,MW2,Depl,95,0.00,0.00,0.00,6.00,2.00,3.00,1.00,0.00,0.00,7.00,0.00,6.00,0.00,0.00,0.00,0.00
9980112,3e,SB1,Depl,105,0.00,0.00,0.00,24.00,0.00,0.00,0.00,0.00,0.00,0.00,0.00,0.00,0.00,0.00,0.00,0.00
9980112,patnt,SB1,Depl,105,0.00,0.00,0.00,24.00,0.00,0.00,0.00,0.00,0.00,0.00,0.00,0.00,0.00,0.00,0.00,0.00
9980113,3e,PJ1,Depl,105,0.00,0.00,22.00,2.00,0.00,0.00,0.00,0.00,0.00,1.00,0.00,0.00,0.00,0.00,0.00,0.00
9980113,patnt,PJ1,Depl,105,0.00,0.00,22.00,2.00,0.00,0.00,0.00,0.00,0.00,1.00,0.00,0.00,0.00,0.00,0.00,0.00
9980114,3e,LC1,Depl,105,0.00,0.00,0.00,13.00,0.00,1.00,6.00,5.00,0.00,0.00,0.00,0.00,0.00,0.00,0.00,0.00
9980114,patnt,LC1,Depl,105,0.00,0.00,0.00,13.00,0.00,1.00,6.00,5.00,0.00,0.00,0.00,0.00,0.00,0.00,0.00,0.00
9980115,3e,PJ2,Depl,105,0.00,0.00,14.00,6.00,0.00,0.00,0.00,0.00,0.00,3.00,0.00,2.00,0.00,0.00,0.00,0.00
9980115,patnt,PJ2,Depl,105,0.00,0.00,14.00,6.00,0.00,0.00,0.00,0.00,0.00,3.00,0.00,2.00,0.00,0.00,0.00,0.00
9980116,3e,PR1,Depl,115,0.00,23.00,0.00,0.00,0.00,0.00,0.00,0.00,0.00,0.00,0.00,0.00,0.00,0.00,0.00,0.00
9980116,3e,SP1,Depl,105,0.00,0.00,3.00,14.00,1.00,2.00,0.00,0.00,0.00,3.00,0.00,2.00,0.00,0.00,0.00,0.00
9980116,patnt,PR1,Depl,115,0.00,23.00,0.00,0.00,0.00,0.00,0.00,0.00,0.00,0.00,0.00,0.00,0.00,0.00,0.00,0.00
9980116,patnt,SP1,Depl,105,0.00,0.00,3.00,14.00,1.00,2.00,0.00,0.00,0.00,3.00,0.00,2.00,0.00,0.00,0.00,0.00
9980117,3e,PW1,Depl,115,13.00,0.00,0.00,1.00,3.00,1.00,1.00,0.00,0.00,1.00,0.00,4.00,0.00,0.00,0.00,0.00
9980117,3e,SF1,Depl,105,0.00,0.00,0.00,9.00,4.00,6.00,1.00,0.00,0.00,2.00,0.00,2.00,0.00,0.00,0.00,0.00
9980117,patnt,PW1,Depl,115,13.00,0.00,0.00,1.00,3.00,1.00,1.00,0.00,0.00,1.00,0.00,4.00,0.00,0.00,0.00,0.00
9980117,patnt,SF1,Depl,105,0.00,0.00,0.00,9.00,4.00,6.00,1.00,0.00,0.00,2.00,0.00,2.00,0.00,0.00,0.00,0.00
9980118,3e,PO1,Depl,105,0.00,0.00,1.00,2.00,0.00,1.00,0.00,0.00,0.00,19.00,0.00,2.00,0.00,0.00,0.00,0.00
9980118,3e,PRW,Depl,115,1.00,11.00,6.00,2.00,1.00,0.00,0.00,0.00,0.00,2.00,0.00,2.00,0.00,0.00,0.00,0.00
9980118,patnt,PO1,Depl,105,0.00,0.00,1.00,2.00,0.00,1.00,0.00,0.00,0.00,19.00,0.00,2.00,0.00,0.00,0.00,0.00
9980118,patnt,PRW,Depl,115,1.00,11.00,6.00,2.00,1.00,0.00,0.00,0.00,0.00,2.00,0.00,2.00,0.00,0.00,0.00,0.00
9980119,3e,BW1,Depl,105,0.00,0.00,1.00,2.00,1.00,1.00,0.00,0.00,0.00,5.00,0.00,14.00,0.00,0.00,0.00,0.00
9980119,3e,LH1,Depl,115,0.00,0.00,0.00,1.00,2.00,1.00,0.00,0.00,0.00,1.00,0.00,6.00,0.00,0.00,0.00,12.00
9980119,patnt,BW1,Depl,105,0.00,0.00,1.00,2.00,1.00,1.00,0.00,0.00,0.00,5.00,0.00,14.00,0.00,0.00,0.00,0.00
9980119,patnt,LH1,Depl,115,0.00,0.00,0.00,1.00,2.00,1.00,0.00,0.00,0.00,1.00,0.00,6.00,0.00,0.00,0.00,12.00
9980120,3e,MW1,Depl,105,0.00,0.00,8.00,3.00,1.00,0.00,0.00,0.00,0.00,8.00,0.00,4.00,0.00,0.00,0.00,0.00
9980120,3e,TH1,Depl,115,0.00,0.00,0.00,1.00,2.00,1.00,1.00,0.00,0.00,1.00,0.00,7.00,6.00,0.00,4.00,2.00
9980120,patnt,MW1,Depl,105,0.00,0.00,8.00,3.00,1.00,0.00,0.00,0.00,0.00,8.00,0.00,4.00,0.00,0.00,0.00,0.00
9980120,patnt,TH1,Depl,115,0.00,0.00,0.00,1.00,2.00,1.00,1.00,0.00,0.00,1.00,0.00,7.00,6.00,0.00,4.00,2.00
9980121,3e,BOG,Depl,115,0.00,0.00,0.00,21.00,0.00,0.00,0.00,4.00,0.00,0.00,0.00,0.00,0.00,0.00,0.00,0.00
9980121,3e,MW2,Depl,105,0.00,0.00,0.00,6.00,2.00,3.00,1.00,0.00,0.00,7.00,0.00,6.00,0.00,0.00,0.00,0.00
9980121,patnt,BOG,Depl,115,0.00,0.00,0.00,21.00,0.00,0.00,0.00,4.00,0.00,0.00,0.00,0.00,0.00,0.00,0.00,0.00
9980121,patnt,MW2,Depl,105,0.00,0.00,0.00,6.00,2.00,3.00,1.00,0.00,0.00,7.00,0.00,6.00,0.00,0.00,0.00,0.00
9980122,3e,SB1,Depl,115,0.00,0.00,0.00,24.00,0.00,0.00,0.00,0.00,0.00,0.00,0.00,0.00,0.00,0.00,0.00,0.00
9980122,patnt,SB1,Depl,115,0.00,0.00,0.00,24.00,0.00,0.00,0.00,0.00,0.00,0.00,0.00,0.00,0.00,0.00,0.00,0.00
9980123,3e,PJ1,Depl,115,0.00,0.00,22.00,2.00,0.00,0.00,0.00,0.00,0.00,1.00,0.00,0.00,0.00,0.00,0.00,0.00
9980123,patnt,PJ1,Depl,115,0.00,0.00,22.00,2.00,0.00,0.00,0.00,0.00,0.00,1.00,0.00,0.00,0.00,0.00,0.00,0.00
9980124,3e,LC1,Depl,115,0.00,0.00,0.00,13.00,0.00,1.00,6.00,5.00,0.00,0.00,0.00,0.00,0.00,0.00,0.00,0.00
9980124,patnt,LC1,Depl,115,0.00,0.00,0.00,13.00,0.00,1.00,6.00,5.00,0.00,0.00,0.00,0.00,0.00,0.00,0.00,0.00
9980125,3e,PJ2,Depl,115,0.00,0.00,14.00,6.00,0.00,0.00,0.00,0.00,0.00,3.00,0.00,2.00,0.00,0.00,0.00,0.00
9980125,patnt,PJ2,Depl,115,0.00,0.00,14.00,6.00,0.00,0.00,0.00,0.00,0.00,3.00,0.00,2.00,0.00,0.00,0.00,0.00
9980126,3e,PR1,Depl,125,0.00,23.00,0.00,0.00,0.00,0.00,0.00,0.00,0.00,0.00,0.00,0.00,0.00,0.00,0.00,0.00
9980126,3e,SP1,Depl,115,0.00,0.00,3.00,14.00,1.00,2.00,0.00,0.00,0.00,3.00,0.00,2.00,0.00,0.00,0.00,0.00
9980126,patnt,PR1,Depl,125,0.00,23.00,0.00,0.00,0.00,0.00,0.00,0.00,0.00,0.00,0.00,0.00,0.00,0.00,0.00,0.00
9980126,patnt,SP1,Depl,115,0.00,0.00,3.00,14.00,1.00,2.00,0.00,0.00,0.00,3.00,0.00,2.00,0.00,0.00,0.00,0.00
9980127,3e,PW1,Depl,125,13.00,0.00,0.00,1.00,3.00,1.00,1.00,0.00,0.00,1.00,0.00,4.00,0.00,0.00,0.00,0.00
9980127,3e,SF1,Depl,115,0.00,0.00,0.00,9.00,4.00,6.00,1.00,0.00,0.00,2.00,0.00,2.00,0.00,0.00,0.00,0.00
9980127,patnt,PW1,Depl,125,13.00,0.00,0.00,1.00,3.00,1.00,1.00,0.00,0.00,1.00,0.00,4.00,0.00,0.00,0.00,0.00
9980127,patnt,SF1,Depl,115,0.00,0.00,0.00,9.00,4.00,6.00,1.00,0.00,0.00,2.00,0.00,2.00,0.00,0.00,0.00,0.00
9980128,3e,PO1,Depl,115,0.00,0.00,1.00,2.00,0.00,1.00,0.00,0.00,0.00,19.00,0.00,2.00,0.00,0.00,0.00,0.00
9980128,3e,PRW,Depl,125,1.00,11.00,6.00,2.00,1.00,0.00,0.00,0.00,0.00,2.00,0.00,2.00,0.00,0.00,0.00,0.00
9980128,patnt,PO1,Depl,115,0.00,0.00,1.00,2.00,0.00,1.00,0.00,0.00,0.00,19.00,0.00,2.00,0.00,0.00,0.00,0.00
9980128,patnt,PRW,Depl,125,1.00,11.00,6.00,2.00,1.00,0.00,0.00,0.00,0.00,2.00,0.00,2.00,0.00,0.00,0.00,0.00
9980129,3e,BW1,Depl,115,0.00,0.00,1.00,2.00,1.00,1.00,0.00,0.00,0.00,5.00,0.00,14.00,0.00,0.00,0.00,0.00
9980129,3e,LH1,Depl,125,0.00,0.00,0.00,1.00,2.00,1.00,0.00,0.00,0.00,1.00,0.00,6.00,0.00,0.00,0.00,12.00
9980129,patnt,BW1,Depl,115,0.00,0.00,1.00,2.00,1.00,1.00,0.00,0.00,0.00,5.00,0.00,14.00,0.00,0.00,0.00,0.00
9980129,patnt,LH1,Depl,125,0.00,0.00,0.00,1.00,2.00,1.00,0.00,0.00,0.00,1.00,0.00,6.00,0.00,0.00,0.00,12.00
9980130,3e,MW1,Depl,115,0.00,0.00,8.00,3.00,1.00,0.00,0.00,0.00,0.00,8.00,0.00,4.00,0.00,0.00,0.00,0.00
9980130,3e,TH1,Depl,125,0.00,0.00,0.00,1.00,2.00,1.00,1.00,0.00,0.00,1.00,0.00,7.00,6.00,0.00,4.00,2.00
9980130,patnt,MW1,Depl,115,0.00,0.00,8.00,3.00,1.00,0.00,0.00,0.00,0.00,8.00,0.00,4.00,0.00,0.00,0.00,0.00
9980130,patnt,TH1,Depl,125,0.00,0.00,0.00,1.00,2.00,1.00,1.00,0.00,0.00,1.00,0.00,7.00,6.00,0.00,4.00,2.00
9980131,3e,BOG,Depl,125,0.00,0.00,0.00,21.00,0.00,0.00,0.00,4.00,0.00,0.00,0.00,0.00,0.00,0.00,0.00,0.00
9980131,3e,MW2,Depl,115,0.00,0.00,0.00,6.00,2.00,3.00,1.00,0.00,0.00,7.00,0.00,6.00,0.00,0.00,0.00,0.00
9980131,patnt,BOG,Depl,125,0.00,0.00,0.00,21.00,0.00,0.00,0.00,4.00,0.00,0.00,0.00,0.00,0.00,0.00,0.00,0.00
9980131,patnt,MW2,Depl,115,0.00,0.00,0.00,6.00,2.00,3.00,1.00,0.00,0.00,7.00,0.00,6.00,0.00,0.00,0.00,0.00
9980132,3e,SB1,Depl,125,0.00,0.00,0.00,24.00,0.00,0.00,0.00,0.00,0.00,0.00,0.00,0.00,0.00,0.00,0.00,0.00
9980132,patnt,SB1,Depl,125,0.00,0.00,0.00,24.00,0.00,0.00,0.00,0.00,0.00,0.00,0.00,0.00,0.00,0.00,0.00,0.00
9980133,3e,PJ1,Depl,125,0.00,0.00,22.00,2.00,0.00,0.00,0.00,0.00,0.00,1.00,0.00,0.00,0.00,0.00,0.00,0.00
9980133,patnt,PJ1,Depl,125,0.00,0.00,22.00,2.00,0.00,0.00,0.00,0.00,0.00,1.00,0.00,0.00,0.00,0.00,0.00,0.00
9980134,3e,LC1,Depl,125,0.00,0.00,0.00,13.00,0.00,1.00,6.00,5.00,0.00,0.00,0.00,0.00,0.00,0.00,0.00,0.00
9980134,patnt,LC1,Depl,125,0.00,0.00,0.00,13.00,0.00,1.00,6.00,5.00,0.00,0.00,0.00,0.00,0.00,0.00,0.00,0.00
9980135,3e,PJ2,Depl,125,0.00,0.00,14.00,6.00,0.00,0.00,0.00,0.00,0.00,3.00,0.00,2.00,0.00,0.00,0.00,0.00
9980135,patnt,PJ2,Depl,125,0.00,0.00,14.00,6.00,0.00,0.00,0.00,0.00,0.00,3.00,0.00,2.00,0.00,0.00,0.00,0.00
9980136,3e,PR1,Depl,135,0.00,23.00,0.00,0.00,0.00,0.00,0.00,0.00,0.00,0.00,0.00,0.00,0.00,0.00,0.00,0.00
9980136,3e,SP1,Depl,125,0.00,0.00,3.00,14.00,1.00,2.00,0.00,0.00,0.00,3.00,0.00,2.00,0.00,0.00,0.00,0.00
9980136,patnt,PR1,Depl,135,0.00,23.00,0.00,0.00,0.00,0.00,0.00,0.00,0.00,0.00,0.00,0.00,0.00,0.00,0.00,0.00
9980136,patnt,SP1,Depl,125,0.00,0.00,3.00,14.00,1.00,2.00,0.00,0.00,0.00,3.00,0.00,2.00,0.00,0.00,0.00,0.00
9980137,3e,PW1,Depl,135,13.00,0.00,0.00,1.00,3.00,1.00,1.00,0.00,0.00,1.00,0.00,4.00,0.00,0.00,0.00,0.00
9980137,3e,SF1,Depl,125,0.00,0.00,0.00,9.00,4.00,6.00,1.00,0.00,0.00,2.00,0.00,2.00,0.00,0.00,0.00,0.00
9980137,patnt,PW1,Depl,135,13.00,0.00,0.00,1.00,3.00,1.00,1.00,0.00,0.00,1.00,0.00,4.00,0.00,0.00,0.00,0.00
9980137,patnt,SF1,Depl,125,0.00,0.00,0.00,9.00,4.00,6.00,1.00,0.00,0.00,2.00,0.00,2.00,0.00,0.00,0.00,0.00
9980138,3e,PO1,Depl,125,0.00,0.00,1.00,2.00,0.00,1.00,0.00,0.00,0.00,19.00,0.00,2.00,0.00,0.00,0.00,0.00
9980138,3e,PRW,Depl,135,1.00,11.00,6.00,2.00,1.00,0.00,0.00,0.00,0.00,2.00,0.00,2.00,0.00,0.00,0.00,0.00
9980138,patnt,PO1,Depl,125,0.00,0.00,1.00,2.00,0.00,1.00,0.00,0.00,0.00,19.00,0.00,2.00,0.00,0.00,0.00,0.00
9980138,patnt,PRW,Depl,135,1.00,11.00,6.00,2.00,1.00,0.00,0.00,0.00,0.00,2.00,0.00,2.00,0.00,0.00,0.00,0.00
9980139,3e,BW1,Depl,125,0.00,0.00,1.00,2.00,1.00,1.00,0.00,0.00,0.00,5.00,0.00,14.00,0.00,0.00,0.00,0.00
9980139,3e,LH1,Depl,135,0.00,0.00,0.00,1.00,2.00,1.00,0.00,0.00,0.00,1.00,0.00,6.00,0.00,0.00,0.00,12.00
9980139,patnt,BW1,Depl,125,0.00,0.00,1.00,2.00,1.00,1.00,0.00,0.00,0.00,5.00,0.00,14.00,0.00,0.00,0.00,0.00
9980139,patnt,LH1,Depl,135,0.00,0.00,0.00,1.00,2.00,1.00,0.00,0.00,0.00,1.00,0.00,6.00,0.00,0.00,0.00,12.00
9980140,3e,MW1,Depl,125,0.00,0.00,8.00,3.00,1.00,0.00,0.00,0.00,0.00,8.00,0.00,4.00,0.00,0.00,0.00,0.00
9980140,3e,TH1,Depl,135,0.00,0.00,0.00,1.00,2.00,1.00,1.00,0.00,0.00,1.00,0.00,7.00,6.00,0.00,4.00,2.00
9980140,patnt,MW1,Depl,125,0.00,0.00,8.00,3.00,1.00,0.00,0.00,0.00,0.00,8.00,0.00,4.00,0.00,0.00,0.00,0.00
9980140,patnt,TH1,Depl,135,0.00,0.00,0.00,1.00,2.00,1.00,1.00,0.00,0.00,1.00,0.00,7.00,6.00,0.00,4.00,2.00
9980141,3e,BOG,Depl,135,0.00,0.00,0.00,21.00,0.00,0.00,0.00,4.00,0.00,0.00,0.00,0.00,0.00,0.00,0.00,0.00
9980141,3e,MW2,Depl,125,0.00,0.00,0.00,6.00,2.00,3.00,1.00,0.00,0.00,7.00,0.00,6.00,0.00,0.00,0.00,0.00
9980141,patnt,BOG,Depl,135,0.00,0.00,0.00,21.00,0.00,0.00,0.00,4.00,0.00,0.00,0.00,0.00,0.00,0.00,0.00,0.00
9980141,patnt,MW2,Depl,125,0.00,0.00,0.00,6.00,2.00,3.00,1.00,0.00,0.00,7.00,0.00,6.00,0.00,0.00,0.00,0.00
9980142,3e,SB1,Depl,135,0.00,0.00,0.00,24.00,0.00,0.00,0.00,0.00,0.00,0.00,0.00,0.00,0.00,0.00,0.00,0.00
9980142,patnt,SB1,Depl,135,0.00,0.00,0.00,24.00,0.00,0.00,0.00,0.00,0.00,0.00,0.00,0.00,0.00,0.00,0.00,0.00
9980143,3e,PJ1,Depl,135,0.00,0.00,22.00,2.00,0.00,0.00,0.00,0.00,0.00,1.00,0.00,0.00,0.00,0.00,0.00,0.00
9980143,patnt,PJ1,Depl,135,0.00,0.00,22.00,2.00,0.00,0.00,0.00,0.00,0.00,1.00,0.00,0.00,0.00,0.00,0.00,0.00
9980144,3e,LC1,Depl,135,0.00,0.00,0.00,13.00,0.00,1.00,6.00,5.00,0.00,0.00,0.00,0.00,0.00,0.00,0.00,0.00
9980144,patnt,LC1,Depl,135,0.00,0.00,0.00,13.00,0.00,1.00,6.00,5.00,0.00,0.00,0.00,0.00,0.00,0.00,0.00,0.00
9980145,3e,PJ2,Depl,135,0.00,0.00,14.00,6.00,0.00,0.00,0.00,0.00,0.00,3.00,0.00,2.00,0.00,0.00,0.00,0.00
9980145,patnt,PJ2,Depl,135,0.00,0.00,14.00,6.00,0.00,0.00,0.00,0.00,0.00,3.00,0.00,2.00,0.00,0.00,0.00,0.00
9980146,3e,PR1,Depl,145,0.00,23.00,0.00,0.00,0.00,0.00,0.00,0.00,0.00,0.00,0.00,0.00,0.00,0.00,0.00,0.00
9980146,3e,SP1,Depl,135,0.00,0.00,3.00,14.00,1.00,2.00,0.00,0.00,0.00,3.00,0.00,2.00,0.00,0.00,0.00,0.00
9980146,patnt,PR1,Depl,145,0.00,23.00,0.00,0.00,0.00,0.00,0.00,0.00,0.00,0.00,0.00,0.00,0.00,0.00,0.00,0.00
9980146,patnt,SP1,Depl,135,0.00,0.00,3.00,14.00,1.00,2.00,0.00,0.00,0.00,3.00,0.00,2.00,0.00,0.00,0.00,0.00
9980147,3e,PW1,Depl,145,13.00,0.00,0.00,1.00,3.00,1.00,1.00,0.00,0.00,1.00,0.00,4.00,0.00,0.00,0.00,0.00
9980147,3e,SF1,Depl,135,0.00,0.00,0.00,9.00,4.00,6.00,1.00,0.00,0.00,2.00,0.00,2.00,0.00,0.00,0.00,0.00
9980147,patnt,PW1,Depl,145,13.00,0.00,0.00,1.00,3.00,1.00,1.00,0.00,0.00,1.00,0.00,4.00,0.00,0.00,0.00,0.00
9980147,patnt,SF1,Depl,135,0.00,0.00,0.00,9.00,4.00,6.00,1.00,0.00,0.00,2.00,0.00,2.00,0.00,0.00,0.00,0.00
9980148,3e,PO1,Depl,135,0.00,0.00,1.00,2.00,0.00,1.00,0.00,0.00,0.00,19.00,0.00,2.00,0.00,0.00,0.00,0.00
9980148,3e,PRW,Depl,145,1.00,11.00,6.00,2.00,1.00,0.00,0.00,0.00,0.00,2.00,0.00,2.00,0.00,0.00,0.00,0.00
9980148,patnt,PO1,Depl,135,0.00,0.00,1.00,2.00,0.00,1.00,0.00,0.00,0.00,19.00,0.00,2.00,0.00,0.00,0.00,0.00
9980148,patnt,PRW,Depl,145,1.00,11.00,6.00,2.00,1.00,0.00,0.00,0.00,0.00,2.00,0.00,2.00,0.00,0.00,0.00,0.00
9980149,3e,BW1,Depl,135,0.00,0.00,1.00,2.00,1.00,1.00,0.00,0.00,0.00,5.00,0.00,14.00,0.00,0.00,0.00,0.00
9980149,3e,LH1,Depl,145,0.00,0.00,0.00,1.00,2.00,1.00,0.00,0.00,0.00,1.00,0.00,6.00,0.00,0.00,0.00,12.00
9980149,patnt,BW1,Depl,135,0.00,0.00,1.00,2.00,1.00,1.00,0.00,0.00,0.00,5.00,0.00,14.00,0.00,0.00,0.00,0.00
9980149,patnt,LH1,Depl,145,0.00,0.00,0.00,1.00,2.00,1.00,0.00,0.00,0.00,1.00,0.00,6.00,0.00,0.00,0.00,12.00
9980150,3e,MW1,Depl,135,0.00,0.00,8.00,3.00,1.00,0.00,0.00,0.00,0.00,8.00,0.00,4.00,0.00,0.00,0.00,0.00
9980150,3e,TH1,Depl,145,0.00,0.00,0.00,1.00,2.00,1.00,1.00,0.00,0.00,1.00,0.00,7.00,6.00,0.00,4.00,2.00
9980150,patnt,MW1,Depl,135,0.00,0.00,8.00,3.00,1.00,0.00,0.00,0.00,0.00,8.00,0.00,4.00,0.00,0.00,0.00,0.00
9980150,patnt,TH1,Depl,145,0.00,0.00,0.00,1.00,2.00,1.00,1.00,0.00,0.00,1.00,0.00,7.00,6.00,0.00,4.00,2.00
9980151,3e,BOG,Depl,145,0.00,0.00,0.00,21.00,0.00,0.00,0.00,4.00,0.00,0.00,0.00,0.00,0.00,0.00,0.00,0.00
9980151,3e,MW2,Depl,135,0.00,0.00,0.00,6.00,2.00,3.00,1.00,0.00,0.00,7.00,0.00,6.00,0.00,0.00,0.00,0.00
9980151,patnt,BOG,Depl,145,0.00,0.00,0.00,21.00,0.00,0.00,0.00,4.00,0.00,0.00,0.00,0.00,0.00,0.00,0.00,0.00
9980151,patnt,MW2,Depl,135,0.00,0.00,0.00,6.00,2.00,3.00,1.00,0.00,0.00,7.00,0.00,6.00,0.00,0.00,0.00,0.00
9980152,3e,SB1,Depl,145,0.00,0.00,0.00,24.00,0.00,0.00,0.00,0.00,0.00,0.00,0.00,0.00,0.00,0.00,0.00,0.00
9980152,patnt,SB1,Depl,145,0.00,0.00,0.00,24.00,0.00,0.00,0.00,0.00,0.00,0.00,0.00,0.00,0.00,0.00,0.00,0.00
9980153,3e,PJ1,Depl,145,0.00,0.00,22.00,2.00,0.00,0.00,0.00,0.00,0.00,1.00,0.00,0.00,0.00,0.00,0.00,0.00
9980153,patnt,PJ1,Depl,145,0.00,0.00,22.00,2.00,0.00,0.00,0.00,0.00,0.00,1.00,0.00,0.00,0.00,0.00,0.00,0.00
9980154,3e,LC1,Depl,145,0.00,0.00,0.00,13.00,0.00,1.00,6.00,5.00,0.00,0.00,0.00,0.00,0.00,0.00,0.00,0.00
9980154,patnt,LC1,Depl,145,0.00,0.00,0.00,13.00,0.00,1.00,6.00,5.00,0.00,0.00,0.00,0.00,0.00,0.00,0.00,0.00
9980155,3e,PJ2,Depl,145,0.00,0.00,14.00,6.00,0.00,0.00,0.00,0.00,0.00,3.00,0.00,2.00,0.00,0.00,0.00,0.00
9980155,patnt,PJ2,Depl,145,0.00,0.00,14.00,6.00,0.00,0.00,0.00,0.00,0.00,3.00,0.00,2.00,0.00,0.00,0.00,0.00
9980156,3e,PR1,Depl,155,0.00,23.00,0.00,0.00,0.00,0.00,0.00,0.00,0.00,0.00,0.00,0.00,0.00,0.00,0.00,0.00
9980156,3e,SP1,Depl,145,0.00,0.00,3.00,14.00,1.00,2.00,0.00,0.00,0.00,3.00,0.00,2.00,0.00,0.00,0.00,0.00
9980156,patnt,PR1,Depl,155,0.00,23.00,0.00,0.00,0.00,0.00,0.00,0.00,0.00,0.00,0.00,0.00,0.00,0.00,0.00,0.00
9980156,patnt,SP1,Depl,145,0.00,0.00,3.00,14.00,1.00,2.00,0.00,0.00,0.00,3.00,0.00,2.00,0.00,0.00,0.00,0.00
9980157,3e,PW1,Depl,155,13.00,0.00,0.00,1.00,3.00,1.00,1.00,0.00,0.00,1.00,0.00,4.00,0.00,0.00,0.00,0.00
9980157,3e,SF1,Depl,145,0.00,0.00,0.00,9.00,4.00,6.00,1.00,0.00,0.00,2.00,0.00,2.00,0.00,0.00,0.00,0.00
9980157,patnt,PW1,Depl,155,13.00,0.00,0.00,1.00,3.00,1.00,1.00,0.00,0.00,1.00,0.00,4.00,0.00,0.00,0.00,0.00
9980157,patnt,SF1,Depl,145,0.00,0.00,0.00,9.00,4.00,6.00,1.00,0.00,0.00,2.00,0.00,2.00,0.00,0.00,0.00,0.00
9980158,3e,PO1,Depl,145,0.00,0.00,1.00,2.00,0.00,1.00,0.00,0.00,0.00,19.00,0.00,2.00,0.00,0.00,0.00,0.00
9980158,3e,PRW,Depl,155,1.00,11.00,6.00,2.00,1.00,0.00,0.00,0.00,0.00,2.00,0.00,2.00,0.00,0.00,0.00,0.00
9980158,patnt,PO1,Depl,145,0.00,0.00,1.00,2.00,0.00,1.00,0.00,0.00,0.00,19.00,0.00,2.00,0.00,0.00,0.00,0.00
9980158,patnt,PRW,Depl,155,1.00,11.00,6.00,2.00,1.00,0.00,0.00,0.00,0.00,2.00,0.00,2.00,0.00,0.00,0.00,0.00
9980159,3e,BW1,Depl,145,0.00,0.00,1.00,2.00,1.00,1.00,0.00,0.00,0.00,5.00,0.00,14.00,0.00,0.00,0.00,0.00
9980159,3e,LH1,Depl,155,0.00,0.00,0.00,1.00,2.00,1.00,0.00,0.00,0.00,1.00,0.00,6.00,0.00,0.00,0.00,12.00
9980159,patnt,BW1,Depl,145,0.00,0.00,1.00,2.00,1.00,1.00,0.00,0.00,0.00,5.00,0.00,14.00,0.00,0.00,0.00,0.00
9980159,patnt,LH1,Depl,155,0.00,0.00,0.00,1.00,2.00,1.00,0.00,0.00,0.00,1.00,0.00,6.00,0.00,0.00,0.00,12.00
9980160,3e,MW1,Depl,145,0.00,0.00,8.00,3.00,1.00,0.00,0.00,0.00,0.00,8.00,0.00,4.00,0.00,0.00,0.00,0.00
9980160,3e,TH1,Depl,155,0.00,0.00,0.00,1.00,2.00,1.00,1.00,0.00,0.00,1.00,0.00,7.00,6.00,0.00,4.00,2.00
9980160,patnt,MW1,Depl,145,0.00,0.00,8.00,3.00,1.00,0.00,0.00,0.00,0.00,8.00,0.00,4.00,0.00,0.00,0.00,0.00
9980160,patnt,TH1,Depl,155,0.00,0.00,0.00,1.00,2.00,1.00,1.00,0.00,0.00,1.00,0.00,7.00,6.00,0.00,4.00,2.00
9980161,3e,BOG,Depl,155,0.00,0.00,0.00,21.00,0.00,0.00,0.00,4.00,0.00,0.00,0.00,0.00,0.00,0.00,0.00,0.00
9980161,3e,MW2,Depl,145,0.00,0.00,0.00,6.00,2.00,3.00,1.00,0.00,0.00,7.00,0.00,6.00,0.00,0.00,0.00,0.00
9980161,patnt,BOG,Depl,155,0.00,0.00,0.00,21.00,0.00,0.00,0.00,4.00,0.00,0.00,0.00,0.00,0.00,0.00,0.00,0.00
9980161,patnt,MW2,Depl,145,0.00,0.00,0.00,6.00,2.00,3.00,1.00,0.00,0.00,7.00,0.00,6.00,0.00,0.00,0.00,0.00
9980162,3e,SB1,Depl,155,0.00,0.00,0.00,24.00,0.00,0.00,0.00,0.00,0.00,0.00,0.00,0.00,0.00,0.00,0.00,0.00
9980162,patnt,SB1,Depl,155,0.00,0.00,0.00,24.00,0.00,0.00,0.00,0.00,0.00,0.00,0.00,0.00,0.00,0.00,0.00,0.00
9980163,3e,PJ1,Depl,155,0.00,0.00,22.00,2.00,0.00,0.00,0.00,0.00,0.00,1.00,0.00,0.00,0.00,0.00,0.00,0.00
9980163,patnt,PJ1,Depl,155,0.00,0.00,22.00,2.00,0.00,0.00,0.00,0.00,0.00,1.00,0.00,0.00,0.00,0.00,0.00,0.00
9980164,3e,LC1,Depl,155,0.00,0.00,0.00,13.00,0.00,1.00,6.00,5.00,0.00,0.00,0.00,0.00,0.00,0.00,0.00,0.00
9980164,patnt,LC1,Depl,155,0.00,0.00,0.00,13.00,0.00,1.00,6.00,5.00,0.00,0.00,0.00,0.00,0.00,0.00,0.00,0.00
9980165,3e,PJ2,Depl,155,0.00,0.00,14.00,6.00,0.00,0.00,0.00,0.00,0.00,3.00,0.00,2.00,0.00,0.00,0.00,0.00
9980165,patnt,PJ2,Depl,155,0.00,0.00,14.00,6.00,0.00,0.00,0.00,0.00,0.00,3.00,0.00,2.00,0.00,0.00,0.00,0.00
9980166,3e,PR1,Depl,165,0.00,23.00,0.00,0.00,0.00,0.00,0.00,0.00,0.00,0.00,0.00,0.00,0.00,0.00,0.00,0.00
9980166,3e,SP1,Depl,155,0.00,0.00,3.00,14.00,1.00,2.00,0.00,0.00,0.00,3.00,0.00,2.00,0.00,0.00,0.00,0.00
9980166,patnt,PR1,Depl,165,0.00,23.00,0.00,0.00,0.00,0.00,0.00,0.00,0.00,0.00,0.00,0.00,0.00,0.00,0.00,0.00
9980166,patnt,SP1,Depl,155,0.00,0.00,3.00,14.00,1.00,2.00,0.00,0.00,0.00,3.00,0.00,2.00,0.00,0.00,0.00,0.00
9980167,3e,PW1,Depl,165,13.00,0.00,0.00,1.00,3.00,1.00,1.00,0.00,0.00,1.00,0.00,4.00,0.00,0.00,0.00,0.00
9980167,3e,SF1,Depl,155,0.00,0.00,0.00,9.00,4.00,6.00,1.00,0.00,0.00,2.00,0.00,2.00,0.00,0.00,0.00,0.00
9980167,patnt,PW1,Depl,165,13.00,0.00,0.00,1.00,3.00,1.00,1.00,0.00,0.00,1.00,0.00,4.00,0.00,0.00,0.00,0.00
9980167,patnt,SF1,Depl,155,0.00,0.00,0.00,9.00,4.00,6.00,1.00,0.00,0.00,2.00,0.00,2.00,0.00,0.00,0.00,0.00
9980168,3e,PO1,Depl,155,0.00,0.00,1.00,2.00,0.00,1.00,0.00,0.00,0.00,19.00,0.00,2.00,0.00,0.00,0.00,0.00
9980168,3e,PRW,Depl,165,1.00,11.00,6.00,2.00,1.00,0.00,0.00,0.00,0.00,2.00,0.00,2.00,0.00,0.00,0.00,0.00
9980168,patnt,PO1,Depl,155,0.00,0.00,1.00,2.00,0.00,1.00,0.00,0.00,0.00,19.00,0.00,2.00,0.00,0.00,0.00,0.00
9980168,patnt,PRW,Depl,165,1.00,11.00,6.00,2.00,1.00,0.00,0.00,0.00,0.00,2.00,0.00,2.00,0.00,0.00,0.00,0.00
9980169,3e,BW1,Depl,155,0.00,0.00,1.00,2.00,1.00,1.00,0.00,0.00,0.00,5.00,0.00,14.00,0.00,0.00,0.00,0.00
9980169,3e,LH1,Depl,165,0.00,0.00,0.00,1.00,2.00,1.00,0.00,0.00,0.00,1.00,0.00,6.00,0.00,0.00,0.00,12.00
9980169,patnt,BW1,Depl,155,0.00,0.00,1.00,2.00,1.00,1.00,0.00,0.00,0.00,5.00,0.00,14.00,0.00,0.00,0.00,0.00
9980169,patnt,LH1,Depl,165,0.00,0.00,0.00,1.00,2.00,1.00,0.00,0.00,0.00,1.00,0.00,6.00,0.00,0.00,0.00,12.00
9980170,3e,MW1,Depl,155,0.00,0.00,8.00,3.00,1.00,0.00,0.00,0.00,0.00,8.00,0.00,4.00,0.00,0.00,0.00,0.00
9980170,3e,TH1,Depl,165,0.00,0.00,0.00,1.00,2.00,1.00,1.00,0.00,0.00,1.00,0.00,7.00,6.00,0.00,4.00,2.00
9980170,patnt,MW1,Depl,155,0.00,0.00,8.00,3.00,1.00,0.00,0.00,0.00,0.00,8.00,0.00,4.00,0.00,0.00,0.00,0.00
9980170,patnt,TH1,Depl,165,0.00,0.00,0.00,1.00,2.00,1.00,1.00,0.00,0.00,1.00,0.00,7.00,6.00,0.00,4.00,2.00
9980171,3e,BOG,Depl,165,0.00,0.00,0.00,21.00,0.00,0.00,0.00,4.00,0.00,0.00,0.00,0.00,0.00,0.00,0.00,0.00
9980171,3e,MW2,Depl,155,0.00,0.00,0.00,6.00,2.00,3.00,1.00,0.00,0.00,7.00,0.00,6.00,0.00,0.00,0.00,0.00
9980171,patnt,BOG,Depl,165,0.00,0.00,0.00,21.00,0.00,0.00,0.00,4.00,0.00,0.00,0.00,0.00,0.00,0.00,0.00,0.00
9980171,patnt,MW2,Depl,155,0.00,0.00,0.00,6.00,2.00,3.00,1.00,0.00,0.00,7.00,0.00,6.00,0.00,0.00,0.00,0.00
9980172,3e,SB1,Depl,165,0.00,0.00,0.00,24.00,0.00,0.00,0.00,0.00,0.00,0.00,0.00,0.00,0.00,0.00,0.00,0.00
9980172,patnt,SB1,Depl,165,0.00,0.00,0.00,24.00,0.00,0.00,0.00,0.00,0.00,0.00,0.00,0.00,0.00,0.00,0.00,0.00
9980173,3e,PJ1,Depl,165,0.00,0.00,22.00,2.00,0.00,0.00,0.00,0.00,0.00,1.00,0.00,0.00,0.00,0.00,0.00,0.00
9980173,patnt,PJ1,Depl,165,0.00,0.00,22.00,2.00,0.00,0.00,0.00,0.00,0.00,1.00,0.00,0.00,0.00,0.00,0.00,0.00
9980174,3e,LC1,Depl,165,0.00,0.00,0.00,13.00,0.00,1.00,6.00,5.00,0.00,0.00,0.00,0.00,0.00,0.00,0.00,0.00
9980174,patnt,LC1,Depl,165,0.00,0.00,0.00,13.00,0.00,1.00,6.00,5.00,0.00,0.00,0.00,0.00,0.00,0.00,0.00,0.00
9980175,3e,PJ2,Depl,165,0.00,0.00,14.00,6.00,0.00,0.00,0.00,0.00,0.00,3.00,0.00,2.00,0.00,0.00,0.00,0.00
9980175,patnt,PJ2,Depl,165,0.00,0.00,14.00,6.00,0.00,0.00,0.00,0.00,0.00,3.00,0.00,2.00,0.00,0.00,0.00,0.00
9980176,3e,PR1,Depl,175,0.00,23.00,0.00,0.00,0.00,0.00,0.00,0.00,0.00,0.00,0.00,0.00,0.00,0.00,0.00,0.00
9980176,3e,SP1,Depl,165,0.00,0.00,3.00,14.00,1.00,2.00,0.00,0.00,0.00,3.00,0.00,2.00,0.00,0.00,0.00,0.00
9980176,patnt,PR1,Depl,175,0.00,23.00,0.00,0.00,0.00,0.00,0.00,0.00,0.00,0.00,0.00,0.00,0.00,0.00,0.00,0.00
9980176,patnt,SP1,Depl,165,0.00,0.00,3.00,14.00,1.00,2.00,0.00,0.00,0.00,3.00,0.00,2.00,0.00,0.00,0.00,0.00
9980177,3e,PW1,Depl,175,13.00,0.00,0.00,1.00,3.00,1.00,1.00,0.00,0.00,1.00,0.00,4.00,0.00,0.00,0.00,0.00
9980177,3e,SF1,Depl,165,0.00,0.00,0.00,9.00,4.00,6.00,1.00,0.00,0.00,2.00,0.00,2.00,0.00,0.00,0.00,0.00
9980177,patnt,PW1,Depl,175,13.00,0.00,0.00,1.00,3.00,1.00,1.00,0.00,0.00,1.00,0.00,4.00,0.00,0.00,0.00,0.00
9980177,patnt,SF1,Depl,165,0.00,0.00,0.00,9.00,4.00,6.00,1.00,0.00,0.00,2.00,0.00,2.00,0.00,0.00,0.00,0.00
9980178,3e,PO1,Depl,165,0.00,0.00,1.00,2.00,0.00,1.00,0.00,0.00,0.00,19.00,0.00,2.00,0.00,0.00,0.00,0.00
9980178,3e,PRW,Depl,175,1.00,11.00,6.00,2.00,1.00,0.00,0.00,0.00,0.00,2.00,0.00,2.00,0.00,0.00,0.00,0.00
9980178,patnt,PO1,Depl,165,0.00,0.00,1.00,2.00,0.00,1.00,0.00,0.00,0.00,19.00,0.00,2.00,0.00,0.00,0.00,0.00
9980178,patnt,PRW,Depl,175,1.00,11.00,6.00,2.00,1.00,0.00,0.00,0.00,0.00,2.00,0.00,2.00,0.00,0.00,0.00,0.00
9980179,3e,BW1,Depl,165,0.00,0.00,1.00,2.00,1.00,1.00,0.00,0.00,0.00,5.00,0.00,14.00,0.00,0.00,0.00,0.00
9980179,3e,LH1,Depl,175,0.00,0.00,0.00,1.00,2.00,1.00,0.00,0.00,0.00,1.00,0.00,6.00,0.00,0.00,0.00,12.00
9980179,patnt,BW1,Depl,165,0.00,0.00,1.00,2.00,1.00,1.00,0.00,0.00,0.00,5.00,0.00,14.00,0.00,0.00,0.00,0.00
9980179,patnt,LH1,Depl,175,0.00,0.00,0.00,1.00,2.00,1.00,0.00,0.00,0.00,1.00,0.00,6.00,0.00,0.00,0.00,12.00
9980180,3e,MW1,Depl,165,0.00,0.00,8.00,3.00,1.00,0.00,0.00,0.00,0.00,8.00,0.00,4.00,0.00,0.00,0.00,0.00
9980180,3e,TH1,Depl,175,0.00,0.00,0.00,1.00,2.00,1.00,1.00,0.00,0.00,1.00,0.00,7.00,6.00,0.00,4.00,2.00
9980180,patnt,MW1,Depl,165,0.00,0.00,8.00,3.00,1.00,0.00,0.00,0.00,0.00,8.00,0.00,4.00,0.00,0.00,0.00,0.00
9980180,patnt,TH1,Depl,175,0.00,0.00,0.00,1.00,2.00,1.00,1.00,0.00,0.00,1.00,0.00,7.00,6.00,0.00,4.00,2.00
9980181,3e,BOG,Depl,175,0.00,0.00,0.00,21.00,0.00,0.00,0.00,4.00,0.00,0.00,0.00,0.00,0.00,0.00,0.00,0.00
9980181,3e,MW2,Depl,165,0.00,0.00,0.00,6.00,2.00,3.00,1.00,0.00,0.00,7.00,0.00,6.00,0.00,0.00,0.00,0.00
9980181,patnt,BOG,Depl,175,0.00,0.00,0.00,21.00,0.00,0.00,0.00,4.00,0.00,0.00,0.00,0.00,0.00,0.00,0.00,0.00
9980181,patnt,MW2,Depl,165,0.00,0.00,0.00,6.00,2.00,3.00,1.00,0.00,0.00,7.00,0.00,6.00,0.00,0.00,0.00,0.00
9980182,3e,SB1,Depl,175,0.00,0.00,0.00,24.00,0.00,0.00,0.00,0.00,0.00,0.00,0.00,0.00,0.00,0.00,0.00,0.00
9980182,patnt,SB1,Depl,175,0.00,0.00,0.00,24.00,0.00,0.00,0.00,0.00,0.00,0.00,0.00,0.00,0.00,0.00,0.00,0.00
9980183,3e,PJ1,Depl,175,0.00,0.00,22.00,2.00,0.00,0.00,0.00,0.00,0.00,1.00,0.00,0.00,0.00,0.00,0.00,0.00
9980183,patnt,PJ1,Depl,175,0.00,0.00,22.00,2.00,0.00,0.00,0.00,0.00,0.00,1.00,0.00,0.00,0.00,0.00,0.00,0.00
9980184,3e,LC1,Depl,175,0.00,0.00,0.00,13.00,0.00,1.00,6.00,5.00,0.00,0.00,0.00,0.00,0.00,0.00,0.00,0.00
9980184,patnt,LC1,Depl,175,0.00,0.00,0.00,13.00,0.00,1.00,6.00,5.00,0.00,0.00,0.00,0.00,0.00,0.00,0.00,0.00
9980185,3e,PJ2,Depl,175,0.00,0.00,14.00,6.00,0.00,0.00,0.00,0.00,0.00,3.00,0.00,2.00,0.00,0.00,0.00,0.00
9980185,patnt,PJ2,Depl,175,0.00,0.00,14.00,6.00,0.00,0.00,0.00,0.00,0.00,3.00,0.00,2.00,0.00,0.00,0.00,0.00
9980186,3e,PR1,Depl,185,0.00,23.00,0.00,0.00,0.00,0.00,0.00,0.00,0.00,0.00,0.00,0.00,0.00,0.00,0.00,0.00
9980186,3e,SP1,Depl,175,0.00,0.00,3.00,14.00,1.00,2.00,0.00,0.00,0.00,3.00,0.00,2.00,0.00,0.00,0.00,0.00
9980186,patnt,PR1,Depl,185,0.00,23.00,0.00,0.00,0.00,0.00,0.00,0.00,0.00,0.00,0.00,0.00,0.00,0.00,0.00,0.00
9980186,patnt,SP1,Depl,175,0.00,0.00,3.00,14.00,1.00,2.00,0.00,0.00,0.00,3.00,0.00,2.00,0.00,0.00,0.00,0.00
9980187,3e,PW1,Depl,185,13.00,0.00,0.00,1.00,3.00,1.00,1.00,0.00,0.00,1.00,0.00,4.00,0.00,0.00,0.00,0.00
9980187,3e,SF1,Depl,175,0.00,0.00,0.00,9.00,4.00,6.00,1.00,0.00,0.00,2.00,0.00,2.00,0.00,0.00,0.00,0.00
9980187,patnt,PW1,Depl,185,13.00,0.00,0.00,1.00,3.00,1.00,1.00,0.00,0.00,1.00,0.00,4.00,0.00,0.00,0.00,0.00
9980187,patnt,SF1,Depl,175,0.00,0.00,0.00,9.00,4.00,6.00,1.00,0.00,0.00,2.00,0.00,2.00,0.00,0.00,0.00,0.00
9980188,3e,PO1,Depl,175,0.00,0.00,1.00,2.00,0.00,1.00,0.00,0.00,0.00,19.00,0.00,2.00,0.00,0.00,0.00,0.00
9980188,3e,PRW,Depl,185,1.00,11.00,6.00,2.00,1.00,0.00,0.00,0.00,0.00,2.00,0.00,2.00,0.00,0.00,0.00,0.00
9980188,patnt,PO1,Depl,175,0.00,0.00,1.00,2.00,0.00,1.00,0.00,0.00,0.00,19.00,0.00,2.00,0.00,0.00,0.00,0.00
9980188,patnt,PRW,Depl,185,1.00,11.00,6.00,2.00,1.00,0.00,0.00,0.00,0.00,2.00,0.00,2.00,0.00,0.00,0.00,0.00
9980189,3e,BW1,Depl,175,0.00,0.00,1.00,2.00,1.00,1.00,0.00,0.00,0.00,5.00,0.00,14.00,0.00,0.00,0.00,0.00
9980189,3e,LH1,Depl,185,0.00,0.00,0.00,1.00,2.00,1.00,0.00,0.00,0.00,1.00,0.00,6.00,0.00,0.00,0.00,12.00
9980189,patnt,BW1,Depl,175,0.00,0.00,1.00,2.00,1.00,1.00,0.00,0.00,0.00,5.00,0.00,14.00,0.00,0.00,0.00,0.00
9980189,patnt,LH1,Depl,185,0.00,0.00,0.00,1.00,2.00,1.00,0.00,0.00,0.00,1.00,0.00,6.00,0.00,0.00,0.00,12.00
9980190,3e,MW1,Depl,175,0.00,0.00,8.00,3.00,1.00,0.00,0.00,0.00,0.00,8.00,0.00,4.00,0.00,0.00,0.00,0.00
9980190,3e,TH1,Depl,185,0.00,0.00,0.00,1.00,2.00,1.00,1.00,0.00,0.00,1.00,0.00,7.00,6.00,0.00,4.00,2.00
9980190,patnt,MW1,Depl,175,0.00,0.00,8.00,3.00,1.00,0.00,0.00,0.00,0.00,8.00,0.00,4.00,0.00,0.00,0.00,0.00
9980190,patnt,TH1,Depl,185,0.00,0.00,0.00,1.00,2.00,1.00,1.00,0.00,0.00,1.00,0.00,7.00,6.00,0.00,4.00,2.00
9980191,3e,BOG,Depl,185,0.00,0.00,0.00,21.00,0.00,0.00,0.00,4.00,0.00,0.00,0.00,0.00,0.00,0.00,0.00,0.00
9980191,3e,MW2,Depl,175,0.00,0.00,0.00,6.00,2.00,3.00,1.00,0.00,0.00,7.00,0.00,6.00,0.00,0.00,0.00,0.00
9980191,patnt,BOG,Depl,185,0.00,0.00,0.00,21.00,0.00,0.00,0.00,4.00,0.00,0.00,0.00,0.00,0.00,0.00,0.00,0.00
9980191,patnt,MW2,Depl,175,0.00,0.00,0.00,6.00,2.00,3.00,1.00,0.00,0.00,7.00,0.00,6.00,0.00,0.00,0.00,0.00
9980192,3e,SB1,Depl,185,0.00,0.00,0.00,24.00,0.00,0.00,0.00,0.00,0.00,0.00,0.00,0.00,0.00,0.00,0.00,0.00
9980192,patnt,SB1,Depl,185,0.00,0.00,0.00,24.00,0.00,0.00,0.00,0.00,0.00,0.00,0.00,0.00,0.00,0.00,0.00,0.00
9980193,3e,PJ1,Depl,185,0.00,0.00,22.00,2.00,0.00,0.00,0.00,0.00,0.00,1.00,0.00,0.00,0.00,0.00,0.00,0.00
9980193,patnt,PJ1,Depl,185,0.00,0.00,22.00,2.00,0.00,0.00,0.00,0.00,0.00,1.00,0.00,0.00,0.00,0.00,0.00,0.00
9980194,3e,LC1,Depl,185,0.00,0.00,0.00,13.00,0.00,1.00,6.00,5.00,0.00,0.00,0.00,0.00,0.00,0.00,0.00,0.00
9980194,patnt,LC1,Depl,185,0.00,0.00,0.00,13.00,0.00,1.00,6.00,5.00,0.00,0.00,0.00,0.00,0.00,0.00,0.00,0.00
9980195,3e,PJ2,Depl,185,0.00,0.00,14.00,6.00,0.00,0.00,0.00,0.00,0.00,3.00,0.00,2.00,0.00,0.00,0.00,0.00
9980195,patnt,PJ2,Depl,185,0.00,0.00,14.00,6.00,0.00,0.00,0.00,0.00,0.00,3.00,0.00,2.00,0.00,0.00,0.00,0.00
9980196,3e,PR1,Depl,195,0.00,23.00,0.00,0.00,0.00,0.00,0.00,0.00,0.00,0.00,0.00,0.00,0.00,0.00,0.00,0.00
9980196,3e,SP1,Depl,185,0.00,0.00,3.00,14.00,1.00,2.00,0.00,0.00,0.00,3.00,0.00,2.00,0.00,0.00,0.00,0.00
9980196,patnt,PR1,Depl,195,0.00,23.00,0.00,0.00,0.00,0.00,0.00,0.00,0.00,0.00,0.00,0.00,0.00,0.00,0.00,0.00
9980196,patnt,SP1,Depl,185,0.00,0.00,3.00,14.00,1.00,2.00,0.00,0.00,0.00,3.00,0.00,2.00,0.00,0.00,0.00,0.00
9980197,3e,PW1,Depl,195,13.00,0.00,0.00,1.00,3.00,1.00,1.00,0.00,0.00,1.00,0.00,4.00,0.00,0.00,0.00,0.00
9980197,3e,SF1,Depl,185,0.00,0.00,0.00,9.00,4.00,6.00,1.00,0.00,0.00,2.00,0.00,2.00,0.00,0.00,0.00,0.00
9980197,patnt,PW1,Depl,195,13.00,0.00,0.00,1.00,3.00,1.00,1.00,0.00,0.00,1.00,0.00,4.00,0.00,0.00,0.00,0.00
9980197,patnt,SF1,Depl,185,0.00,0.00,0.00,9.00,4.00,6.00,1.00,0.00,0.00,2.00,0.00,2.00,0.00,0.00,0.00,0.00
9980198,3e,PO1,Depl,185,0.00,0.00,1.00,2.00,0.00,1.00,0.00,0.00,0.00,19.00,0.00,2.00,0.00,0.00,0.00,0.00
9980198,3e,PRW,Depl,195,1.00,11.00,6.00,2.00,1.00,0.00,0.00,0.00,0.00,2.00,0.00,2.00,0.00,0.00,0.00,0.00
9980198,patnt,PO1,Depl,185,0.00,0.00,1.00,2.00,0.00,1.00,0.00,0.00,0.00,19.00,0.00,2.00,0.00,0.00,0.00,0.00
9980198,patnt,PRW,Depl,195,1.00,11.00,6.00,2.00,1.00,0.00,0.00,0.00,0.00,2.00,0.00,2.00,0.00,0.00,0.00,0.00
9980199,3e,BW1,Depl,185,0.00,0.00,1.00,2.00,1.00,1.00,0.00,0.00,0.00,5.00,0.00,14.00,0.00,0.00,0.00,0.00
9980199,3e,LH1,Depl,195,0.00,0.00,0.00,1.00,2.00,1.00,0.00,0.00,0.00,1.00,0.00,6.00,0.00,0.00,0.00,12.00
9980199,patnt,BW1,Depl,185,0.00,0.00,1.00,2.00,1.00,1.00,0.00,0.00,0.00,5.00,0.00,14.00,0.00,0.00,0.00,0.00
9980199,patnt,LH1,Depl,195,0.00,0.00,0.00,1.00,2.00,1.00,0.00,0.00,0.00,1.00,0.00,6.00,0.00,0.00,0.00,12.00
9980200,3e,MW1,Depl,185,0.00,0.00,8.00,3.00,1.00,0.00,0.00,0.00,0.00,8.00,0.00,4.00,0.00,0.00,0.00,0.00
9980200,3e,TH1,Depl,195,0.00,0.00,0.00,1.00,2.00,1.00,1.00,0.00,0.00,1.00,0.00,7.00,6.00,0.00,4.00,2.00
9980200,patnt,MW1,Depl,185,0.00,0.00,8.00,3.00,1.00,0.00,0.00,0.00,0.00,8.00,0.00,4.00,0.00,0.00,0.00,0.00
9980200,patnt,TH1,Depl,195,0.00,0.00,0.00,1.00,2.00,1.00,1.00,0.00,0.00,1.00,0.00,7.00,6.00,0.00,4.00,2.00
9980201,3e,BOG,Depl,195,0.00,0.00,0.00,21.00,0.00,0.00,0.00,4.00,0.00,0.00,0.00,0.00,0.00,0.00,0.00,0.00
9980201,3e,MW2,Depl,185,0.00,0.00,0.00,6.00,2.00,3.00,1.00,0.00,0.00,7.00,0.00,6.00,0.00,0.00,0.00,0.00
9980201,patnt,BOG,Depl,195,0.00,0.00,0.00,21.00,0.00,0.00,0.00,4.00,0.00,0.00,0.00,0.00,0.00,0.00,0.00,0.00
9980201,patnt,MW2,Depl,185,0.00,0.00,0.00,6.00,2.00,3.00,1.00,0.00,0.00,7.00,0.00,6.00,0.00,0.00,0.00,0.00
9980202,3e,SB1,Depl,195,0.00,0.00,0.00,24.00,0.00,0.00,0.00,0.00,0.00,0.00,0.00,0.00,0.00,0.00,0.00,0.00
9980202,patnt,SB1,Depl,195,0.00,0.00,0.00,24.00,0.00,0.00,0.00,0.00,0.00,0.00,0.00,0.00,0.00,0.00,0.00,0.00
9980203,3e,PJ1,Depl,195,0.00,0.00,22.00,2.00,0.00,0.00,0.00,0.00,0.00,1.00,0.00,0.00,0.00,0.00,0.00,0.00
9980203,patnt,PJ1,Depl,195,0.00,0.00,22.00,2.00,0.00,0.00,0.00,0.00,0.00,1.00,0.00,0.00,0.00,0.00,0.00,0.00
9980204,3e,LC1,Depl,195,0.00,0.00,0.00,13.00,0.00,1.00,6.00,5.00,0.00,0.00,0.00,0.00,0.00,0.00,0.00,0.00
9980204,patnt,LC1,Depl,195,0.00,0.00,0.00,13.00,0.00,1.00,6.00,5.00,0.00,0.00,0.00,0.00,0.00,0.00,0.00,0.00
9980205,3e,PJ2,Depl,195,0.00,0.00,14.00,6.00,0.00,0.00,0.00,0.00,0.00,3.00,0.00,2.00,0.00,0.00,0.00,0.00
9980205,patnt,PJ2,Depl,195,0.00,0.00,14.00,6.00,0.00,0.00,0.00,0.00,0.00,3.00,0.00,2.00,0.00,0.00,0.00,0.00
9980206,3e,PR1,Depl,205,0.00,23.00,0.00,0.00,0.00,0.00,0.00,0.00,0.00,0.00,0.00,0.00,0.00,0.00,0.00,0.00
9980206,3e,SP1,Depl,195,0.00,0.00,3.00,14.00,1.00,2.00,0.00,0.00,0.00,3.00,0.00,2.00,0.00,0.00,0.00,0.00
9980206,patnt,PR1,Depl,205,0.00,23.00,0.00,0.00,0.00,0.00,0.00,0.00,0.00,0.00,0.00,0.00,0.00,0.00,0.00,0.00
9980206,patnt,SP1,Depl,195,0.00,0.00,3.00,14.00,1.00,2.00,0.00,0.00,0.00,3.00,0.00,2.00,0.00,0.00,0.00,0.00
9980207,3e,PW1,Depl,205,13.00,0.00,0.00,1.00,3.00,1.00,1.00,0.00,0.00,1.00,0.00,4.00,0.00,0.00,0.00,0.00
9980207,3e,SF1,Depl,195,0.00,0.00,0.00,9.00,4.00,6.00,1.00,0.00,0.00,2.00,0.00,2.00,0.00,0.00,0.00,0.00
9980207,patnt,PW1,Depl,205,13.00,0.00,0.00,1.00,3.00,1.00,1.00,0.00,0.00,1.00,0.00,4.00,0.00,0.00,0.00,0.00
9980207,patnt,SF1,Depl,195,0.00,0.00,0.00,9.00,4.00,6.00,1.00,0.00,0.00,2.00,0.00,2.00,0.00,0.00,0.00,0.00
9980208,3e,PO1,Depl,195,0.00,0.00,1.00,2.00,0.00,1.00,0.00,0.00,0.00,19.00,0.00,2.00,0.00,0.00,0.00,0.00
9980208,3e,PRW,Depl,205,1.00,11.00,6.00,2.00,1.00,0.00,0.00,0.00,0.00,2.00,0.00,2.00,0.00,0.00,0.00,0.00
9980208,patnt,PO1,Depl,195,0.00,0.00,1.00,2.00,0.00,1.00,0.00,0.00,0.00,19.00,0.00,2.00,0.00,0.00,0.00,0.00
9980208,patnt,PRW,Depl,205,1.00,11.00,6.00,2.00,1.00,0.00,0.00,0.00,0.00,2.00,0.00,2.00,0.00,0.00,0.00,0.00
9980209,3e,BW1,Depl,195,0.00,0.00,1.00,2.00,1.00,1.00,0.00,0.00,0.00,5.00,0.00,14.00,0.00,0.00,0.00,0.00
9980209,3e,LH1,Depl,205,0.00,0.00,0.00,1.00,2.00,1.00,0.00,0.00,0.00,1.00,0.00,6.00,0.00,0.00,0.00,12.00
9980209,patnt,BW1,Depl,195,0.00,0.00,1.00,2.00,1.00,1.00,0.00,0.00,0.00,5.00,0.00,14.00,0.00,0.00,0.00,0.00
9980209,patnt,LH1,Depl,205,0.00,0.00,0.00,1.00,2.00,1.00,0.00,0.00,0.00,1.00,0.00,6.00,0.00,0.00,0.00,12.00
9980210,3e,MW1,Depl,195,0.00,0.00,8.00,3.00,1.00,0.00,0.00,0.00,0.00,8.00,0.00,4.00,0.00,0.00,0.00,0.00
9980210,3e,TH1,Depl,205,0.00,0.00,0.00,1.00,2.00,1.00,1.00,0.00,0.00,1.00,0.00,7.00,6.00,0.00,4.00,2.00
9980210,patnt,MW1,Depl,195,0.00,0.00,8.00,3.00,1.00,0.00,0.00,0.00,0.00,8.00,0.00,4.00,0.00,0.00,0.00,0.00
9980210,patnt,TH1,Depl,205,0.00,0.00,0.00,1.00,2.00,1.00,1.00,0.00,0.00,1.00,0.00,7.00,6.00,0.00,4.00,2.00
9980211,3e,BOG,Depl,205,0.00,0.00,0.00,21.00,0.00,0.00,0.00,4.00,0.00,0.00,0.00,0.00,0.00,0.00,0.00,0.00
9980211,3e,MW2,Depl,195,0.00,0.00,0.00,6.00,2.00,3.00,1.00,0.00,0.00,7.00,0.00,6.00,0.00,0.00,0.00,0.00
9980211,patnt,BOG,Depl,205,0.00,0.00,0.00,21.00,0.00,0.00,0.00,4.00,0.00,0.00,0.00,0.00,0.00,0.00,0.00,0.00
9980211,patnt,MW2,Depl,195,0.00,0.00,0.00,6.00,2.00,3.00,1.00,0.00,0.00,7.00,0.00,6.00,0.00,0.00,0.00,0.00
9980212,3e,SB1,Depl,205,0.00,0.00,0.00,24.00,0.00,0.00,0.00,0.00,0.00,0.00,0.00,0.00,0.00,0.00,0.00,0.00
9980212,patnt,SB1,Depl,205,0.00,0.00,0.00,24.00,0.00,0.00,0.00,0.00,0.00,0.00,0.00,0.00,0.00,0.00,0.00,0.00
9980213,3e,PJ1,Depl,205,0.00,0.00,22.00,2.00,0.00,0.00,0.00,0.00,0.00,1.00,0.00,0.00,0.00,0.00,0.00,0.00
9980213,patnt,PJ1,Depl,205,0.00,0.00,22.00,2.00,0.00,0.00,0.00,0.00,0.00,1.00,0.00,0.00,0.00,0.00,0.00,0.00
9980214,3e,LC1,Depl,205,0.00,0.00,0.00,13.00,0.00,1.00,6.00,5.00,0.00,0.00,0.00,0.00,0.00,0.00,0.00,0.00
9980214,patnt,LC1,Depl,205,0.00,0.00,0.00,13.00,0.00,1.00,6.00,5.00,0.00,0.00,0.00,0.00,0.00,0.00,0.00,0.00
9980215,3e,PJ2,Depl,205,0.00,0.00,14.00,6.00,0.00,0.00,0.00,0.00,0.00,3.00,0.00,2.00,0.00,0.00,0.00,0.00
9980215,patnt,PJ2,Depl,205,0.00,0.00,14.00,6.00,0.00,0.00,0.00,0.00,0.00,3.00,0.00,2.00,0.00,0.00,0.00,0.00
9980216,3e,PR1,Depl,215,0.00,23.00,0.00,0.00,0.00,0.00,0.00,0.00,0.00,0.00,0.00,0.00,0.00,0.00,0.00,0.00
9980216,3e,SP1,Depl,205,0.00,0.00,3.00,14.00,1.00,2.00,0.00,0.00,0.00,3.00,0.00,2.00,0.00,0.00,0.00,0.00
9980216,patnt,PR1,Depl,215,0.00,23.00,0.00,0.00,0.00,0.00,0.00,0.00,0.00,0.00,0.00,0.00,0.00,0.00,0.00,0.00
9980216,patnt,SP1,Depl,205,0.00,0.00,3.00,14.00,1.00,2.00,0.00,0.00,0.00,3.00,0.00,2.00,0.00,0.00,0.00,0.00
9980217,3e,PW1,Depl,215,13.00,0.00,0.00,1.00,3.00,1.00,1.00,0.00,0.00,1.00,0.00,4.00,0.00,0.00,0.00,0.00
9980217,3e,SF1,Depl,205,0.00,0.00,0.00,9.00,4.00,6.00,1.00,0.00,0.00,2.00,0.00,2.00,0.00,0.00,0.00,0.00
9980217,patnt,PW1,Depl,215,13.00,0.00,0.00,1.00,3.00,1.00,1.00,0.00,0.00,1.00,0.00,4.00,0.00,0.00,0.00,0.00
9980217,patnt,SF1,Depl,205,0.00,0.00,0.00,9.00,4.00,6.00,1.00,0.00,0.00,2.00,0.00,2.00,0.00,0.00,0.00,0.00
9980218,3e,PO1,Depl,205,0.00,0.00,1.00,2.00,0.00,1.00,0.00,0.00,0.00,19.00,0.00,2.00,0.00,0.00,0.00,0.00
9980218,3e,PRW,Depl,215,1.00,11.00,6.00,2.00,1.00,0.00,0.00,0.00,0.00,2.00,0.00,2.00,0.00,0.00,0.00,0.00
9980218,patnt,PO1,Depl,205,0.00,0.00,1.00,2.00,0.00,1.00,0.00,0.00,0.00,19.00,0.00,2.00,0.00,0.00,0.00,0.00
9980218,patnt,PRW,Depl,215,1.00,11.00,6.00,2.00,1.00,0.00,0.00,0.00,0.00,2.00,0.00,2.00,0.00,0.00,0.00,0.00
9980219,3e,BW1,Depl,205,0.00,0.00,1.00,2.00,1.00,1.00,0.00,0.00,0.00,5.00,0.00,14.00,0.00,0.00,0.00,0.00
9980219,3e,LH1,Depl,215,0.00,0.00,0.00,1.00,2.00,1.00,0.00,0.00,0.00,1.00,0.00,6.00,0.00,0.00,0.00,12.00
9980219,patnt,BW1,Depl,205,0.00,0.00,1.00,2.00,1.00,1.00,0.00,0.00,0.00,5.00,0.00,14.00,0.00,0.00,0.00,0.00
9980219,patnt,LH1,Depl,215,0.00,0.00,0.00,1.00,2.00,1.00,0.00,0.00,0.00,1.00,0.00,6.00,0.00,0.00,0.00,12.00
9980220,3e,MW1,Depl,205,0.00,0.00,8.00,3.00,1.00,0.00,0.00,0.00,0.00,8.00,0.00,4.00,0.00,0.00,0.00,0.00
9980220,3e,TH1,Depl,215,0.00,0.00,0.00,1.00,2.00,1.00,1.00,0.00,0.00,1.00,0.00,7.00,6.00,0.00,4.00,2.00
9980220,patnt,MW1,Depl,205,0.00,0.00,8.00,3.00,1.00,0.00,0.00,0.00,0.00,8.00,0.00,4.00,0.00,0.00,0.00,0.00
9980220,patnt,TH1,Depl,215,0.00,0.00,0.00,1.00,2.00,1.00,1.00,0.00,0.00,1.00,0.00,7.00,6.00,0.00,4.00,2.00
9980221,3e,BOG,Depl,215,0.00,0.00,0.00,21.00,0.00,0.00,0.00,4.00,0.00,0.00,0.00,0.00,0.00,0.00,0.00,0.00
9980221,3e,MW2,Depl,205,0.00,0.00,0.00,6.00,2.00,3.00,1.00,0.00,0.00,7.00,0.00,6.00,0.00,0.00,0.00,0.00
9980221,patnt,BOG,Depl,215,0.00,0.00,0.00,21.00,0.00,0.00,0.00,4.00,0.00,0.00,0.00,0.00,0.00,0.00,0.00,0.00
9980221,patnt,MW2,Depl,205,0.00,0.00,0.00,6.00,2.00,3.00,1.00,0.00,0.00,7.00,0.00,6.00,0.00,0.00,0.00,0.00
9980222,3e,SB1,Depl,215,0.00,0.00,0.00,24.00,0.00,0.00,0.00,0.00,0.00,0.00,0.00,0.00,0.00,0.00,0.00,0.00
9980222,patnt,SB1,Depl,215,0.00,0.00,0.00,24.00,0.00,0.00,0.00,0.00,0.00,0.00,0.00,0.00,0.00,0.00,0.00,0.00
9980223,3e,PJ1,Depl,215,0.00,0.00,22.00,2.00,0.00,0.00,0.00,0.00,0.00,1.00,0.00,0.00,0.00,0.00,0.00,0.00
9980223,patnt,PJ1,Depl,215,0.00,0.00,22.00,2.00,0.00,0.00,0.00,0.00,0.00,1.00,0.00,0.00,0.00,0.00,0.00,0.00
9980224,3e,LC1,Depl,215,0.00,0.00,0.00,13.00,0.00,1.00,6.00,5.00,0.00,0.00,0.00,0.00,0.00,0.00,0.00,0.00
9980224,patnt,LC1,Depl,215,0.00,0.00,0.00,13.00,0.00,1.00,6.00,5.00,0.00,0.00,0.00,0.00,0.00,0.00,0.00,0.00
9980225,3e,PJ2,Depl,215,0.00,0.00,14.00,6.00,0.00,0.00,0.00,0.00,0.00,3.00,0.00,2.00,0.00,0.00,0.00,0.00
9980225,patnt,PJ2,Depl,215,0.00,0.00,14.00,6.00,0.00,0.00,0.00,0.00,0.00,3.00,0.00,2.00,0.00,0.00,0.00,0.00
9980226,3e,PR1,Depl,225,0.00,23.00,0.00,0.00,0.00,0.00,0.00,0.00,0.00,0.00,0.00,0.00,0.00,0.00,0.00,0.00
9980226,3e,SP1,Depl,215,0.00,0.00,3.00,14.00,1.00,2.00,0.00,0.00,0.00,3.00,0.00,2.00,0.00,0.00,0.00,0.00
9980226,patnt,PR1,Depl,225,0.00,23.00,0.00,0.00,0.00,0.00,0.00,0.00,0.00,0.00,0.00,0.00,0.00,0.00,0.00,0.00
9980226,patnt,SP1,Depl,215,0.00,0.00,3.00,14.00,1.00,2.00,0.00,0.00,0.00,3.00,0.00,2.00,0.00,0.00,0.00,0.00
9980227,3e,PW1,Depl,225,13.00,0.00,0.00,1.00,3.00,1.00,1.00,0.00,0.00,1.00,0.00,4.00,0.00,0.00,0.00,0.00
9980227,3e,SF1,Depl,215,0.00,0.00,0.00,9.00,4.00,6.00,1.00,0.00,0.00,2.00,0.00,2.00,0.00,0.00,0.00,0.00
9980227,patnt,PW1,Depl,225,13.00,0.00,0.00,1.00,3.00,1.00,1.00,0.00,0.00,1.00,0.00,4.00,0.00,0.00,0.00,0.00
9980227,patnt,SF1,Depl,215,0.00,0.00,0.00,9.00,4.00,6.00,1.00,0.00,0.00,2.00,0.00,2.00,0.00,0.00,0.00,0.00
9980228,3e,PO1,Depl,215,0.00,0.00,1.00,2.00,0.00,1.00,0.00,0.00,0.00,19.00,0.00,2.00,0.00,0.00,0.00,0.00
9980228,3e,PRW,Depl,225,1.00,11.00,6.00,2.00,1.00,0.00,0.00,0.00,0.00,2.00,0.00,2.00,0.00,0.00,0.00,0.00
9980228,patnt,PO1,Depl,215,0.00,0.00,1.00,2.00,0.00,1.00,0.00,0.00,0.00,19.00,0.00,2.00,0.00,0.00,0.00,0.00
9980228,patnt,PRW,Depl,225,1.00,11.00,6.00,2.00,1.00,0.00,0.00,0.00,0.00,2.00,0.00,2.00,0.00,0.00,0.00,0.00
9980229,3e,BW1,Depl,215,0.00,0.00,1.00,2.00,1.00,1.00,0.00,0.00,0.00,5.00,0.00,14.00,0.00,0.00,0.00,0.00
9980229,3e,LH1,Depl,225,0.00,0.00,0.00,1.00,2.00,1.00,0.00,0.00,0.00,1.00,0.00,6.00,0.00,0.00,0.00,12.00
9980229,patnt,BW1,Depl,215,0.00,0.00,1.00,2.00,1.00,1.00,0.00,0.00,0.00,5.00,0.00,14.00,0.00,0.00,0.00,0.00
9980229,patnt,LH1,Depl,225,0.00,0.00,0.00,1.00,2.00,1.00,0.00,0.00,0.00,1.00,0.00,6.00,0.00,0.00,0.00,12.00
9980230,3e,MW1,Depl,215,0.00,0.00,8.00,3.00,1.00,0.00,0.00,0.00,0.00,8.00,0.00,4.00,0.00,0.00,0.00,0.00
9980230,3e,TH1,Depl,225,0.00,0.00,0.00,1.00,2.00,1.00,1.00,0.00,0.00,1.00,0.00,7.00,6.00,0.00,4.00,2.00
9980230,patnt,MW1,Depl,215,0.00,0.00,8.00,3.00,1.00,0.00,0.00,0.00,0.00,8.00,0.00,4.00,0.00,0.00,0.00,0.00
9980230,patnt,TH1,Depl,225,0.00,0.00,0.00,1.00,2.00,1.00,1.00,0.00,0.00,1.00,0.00,7.00,6.00,0.00,4.00,2.00
9980231,3e,BOG,Depl,225,0.00,0.00,0.00,21.00,0.00,0.00,0.00,4.00,0.00,0.00,0.00,0.00,0.00,0.00,0.00,0.00
9980231,3e,MW2,Depl,215,0.00,0.00,0.00,6.00,2.00,3.00,1.00,0.00,0.00,7.00,0.00,6.00,0.00,0.00,0.00,0.00
9980231,patnt,BOG,Depl,225,0.00,0.00,0.00,21.00,0.00,0.00,0.00,4.00,0.00,0.00,0.00,0.00,0.00,0.00,0.00,0.00
9980231,patnt,MW2,Depl,215,0.00,0.00,0.00,6.00,2.00,3.00,1.00,0.00,0.00,7.00,0.00,6.00,0.00,0.00,0.00,0.00
9980232,3e,SB1,Depl,225,0.00,0.00,0.00,24.00,0.00,0.00,0.00,0.00,0.00,0.00,0.00,0.00,0.00,0.00,0.00,0.00
9980232,patnt,SB1,Depl,225,0.00,0.00,0.00,24.00,0.00,0.00,0.00,0.00,0.00,0.00,0.00,0.00,0.00,0.00,0.00,0.00
9980233,3e,PJ1,Depl,225,0.00,0.00,22.00,2.00,0.00,0.00,0.00,0.00,0.00,1.00,0.00,0.00,0.00,0.00,0.00,0.00
9980233,patnt,PJ1,Depl,225,0.00,0.00,22.00,2.00,0.00,0.00,0.00,0.00,0.00,1.00,0.00,0.00,0.00,0.00,0.00,0.00
9980234,3e,LC1,Depl,225,0.00,0.00,0.00,13.00,0.00,1.00,6.00,5.00,0.00,0.00,0.00,0.00,0.00,0.00,0.00,0.00
9980234,patnt,LC1,Depl,225,0.00,0.00,0.00,13.00,0.00,1.00,6.00,5.00,0.00,0.00,0.00,0.00,0.00,0.00,0.00,0.00
9980235,3e,PJ2,Depl,225,0.00,0.00,14.00,6.00,0.00,0.00,0.00,0.00,0.00,3.00,0.00,2.00,0.00,0.00,0.00,0.00
9980235,patnt,PJ2,Depl,225,0.00,0.00,14.00,6.00,0.00,0.00,0.00,0.00,0.00,3.00,0.00,2.00,0.00,0.00,0.00,0.00
9980236,3e,PR1,Depl,235,0.00,23.00,0.00,0.00,0.00,0.00,0.00,0.00,0.00,0.00,0.00,0.00,0.00,0.00,0.00,0.00
9980236,3e,SP1,Depl,225,0.00,0.00,3.00,14.00,1.00,2.00,0.00,0.00,0.00,3.00,0.00,2.00,0.00,0.00,0.00,0.00
9980236,patnt,PR1,Depl,235,0.00,23.00,0.00,0.00,0.00,0.00,0.00,0.00,0.00,0.00,0.00,0.00,0.00,0.00,0.00,0.00
9980236,patnt,SP1,Depl,225,0.00,0.00,3.00,14.00,1.00,2.00,0.00,0.00,0.00,3.00,0.00,2.00,0.00,0.00,0.00,0.00
9980237,3e,PW1,Depl,235,13.00,0.00,0.00,1.00,3.00,1.00,1.00,0.00,0.00,1.00,0.00,4.00,0.00,0.00,0.00,0.00
9980237,3e,SF1,Depl,225,0.00,0.00,0.00,9.00,4.00,6.00,1.00,0.00,0.00,2.00,0.00,2.00,0.00,0.00,0.00,0.00
9980237,patnt,PW1,Depl,235,13.00,0.00,0.00,1.00,3.00,1.00,1.00,0.00,0.00,1.00,0.00,4.00,0.00,0.00,0.00,0.00
9980237,patnt,SF1,Depl,225,0.00,0.00,0.00,9.00,4.00,6.00,1.00,0.00,0.00,2.00,0.00,2.00,0.00,0.00,0.00,0.00
9980238,3e,PO1,Depl,225,0.00,0.00,1.00,2.00,0.00,1.00,0.00,0.00,0.00,19.00,0.00,2.00,0.00,0.00,0.00,0.00
9980238,3e,PRW,Depl,235,1.00,11.00,6.00,2.00,1.00,0.00,0.00,0.00,0.00,2.00,0.00,2.00,0.00,0.00,0.00,0.00
9980238,patnt,PO1,Depl,225,0.00,0.00,1.00,2.00,0.00,1.00,0.00,0.00,0.00,19.00,0.00,2.00,0.00,0.00,0.00,0.00
9980238,patnt,PRW,Depl,235,1.00,11.00,6.00,2.00,1.00,0.00,0.00,0.00,0.00,2.00,0.00,2.00,0.00,0.00,0.00,0.00
9980239,3e,BW1,Depl,225,0.00,0.00,1.00,2.00,1.00,1.00,0.00,0.00,0.00,5.00,0.00,14.00,0.00,0.00,0.00,0.00
9980239,3e,LH1,Depl,235,0.00,0.00,0.00,1.00,2.00,1.00,0.00,0.00,0.00,1.00,0.00,6.00,0.00,0.00,0.00,12.00
9980239,patnt,BW1,Depl,225,0.00,0.00,1.00,2.00,1.00,1.00,0.00,0.00,0.00,5.00,0.00,14.00,0.00,0.00,0.00,0.00
9980239,patnt,LH1,Depl,235,0.00,0.00,0.00,1.00,2.00,1.00,0.00,0.00,0.00,1.00,0.00,6.00,0.00,0.00,0.00,12.00
9980240,3e,MW1,Depl,225,0.00,0.00,8.00,3.00,1.00,0.00,0.00,0.00,0.00,8.00,0.00,4.00,0.00,0.00,0.00,0.00
9980240,3e,TH1,Depl,235,0.00,0.00,0.00,1.00,2.00,1.00,1.00,0.00,0.00,1.00,0.00,7.00,6.00,0.00,4.00,2.00
9980240,patnt,MW1,Depl,225,0.00,0.00,8.00,3.00,1.00,0.00,0.00,0.00,0.00,8.00,0.00,4.00,0.00,0.00,0.00,0.00
9980240,patnt,TH1,Depl,235,0.00,0.00,0.00,1.00,2.00,1.00,1.00,0.00,0.00,1.00,0.00,7.00,6.00,0.00,4.00,2.00
9980241,3e,BOG,Depl,235,0.00,0.00,0.00,21.00,0.00,0.00,0.00,4.00,0.00,0.00,0.00,0.00,0.00,0.00,0.00,0.00
9980241,3e,MW2,Depl,225,0.00,0.00,0.00,6.00,2.00,3.00,1.00,0.00,0.00,7.00,0.00,6.00,0.00,0.00,0.00,0.00
9980241,patnt,BOG,Depl,235,0.00,0.00,0.00,21.00,0.00,0.00,0.00,4.00,0.00,0.00,0.00,0.00,0.00,0.00,0.00,0.00
9980241,patnt,MW2,Depl,225,0.00,0.00,0.00,6.00,2.00,3.00,1.00,0.00,0.00,7.00,0.00,6.00,0.00,0.00,0.00,0.00
9980242,3e,SB1,Depl,235,0.00,0.00,0.00,24.00,0.00,0.00,0.00,0.00,0.00,0.00,0.00,0.00,0.00,0.00,0.00,0.00
9980242,patnt,SB1,Depl,235,0.00,0.00,0.00,24.00,0.00,0.00,0.00,0.00,0.00,0.00,0.00,0.00,0.00,0.00,0.00,0.00
9980243,3e,PJ1,Depl,235,0.00,0.00,22.00,2.00,0.00,0.00,0.00,0.00,0.00,1.00,0.00,0.00,0.00,0.00,0.00,0.00
9980243,patnt,PJ1,Depl,235,0.00,0.00,22.00,2.00,0.00,0.00,0.00,0.00,0.00,1.00,0.00,0.00,0.00,0.00,0.00,0.00
9980244,3e,LC1,Depl,235,0.00,0.00,0.00,13.00,0.00,1.00,6.00,5.00,0.00,0.00,0.00,0.00,0.00,0.00,0.00,0.00
9980244,patnt,LC1,Depl,235,0.00,0.00,0.00,13.00,0.00,1.00,6.00,5.00,0.00,0.00,0.00,0.00,0.00,0.00,0.00,0.00
9980245,3e,PJ2,Depl,235,0.00,0.00,14.00,6.00,0.00,0.00,0.00,0.00,0.00,3.00,0.00,2.00,0.00,0.00,0.00,0.00
9980245,patnt,PJ2,Depl,235,0.00,0.00,14.00,6.00,0.00,0.00,0.00,0.00,0.00,3.00,0.00,2.00,0.00,0.00,0.00,0.00
9980246,3e,PR1,Depl,245,0.00,23.00,0.00,0.00,0.00,0.00,0.00,0.00,0.00,0.00,0.00,0.00,0.00,0.00,0.00,0.00
9980246,3e,SP1,Depl,235,0.00,0.00,3.00,14.00,1.00,2.00,0.00,0.00,0.00,3.00,0.00,2.00,0.00,0.00,0.00,0.00
9980246,patnt,PR1,Depl,245,0.00,23.00,0.00,0.00,0.00,0.00,0.00,0.00,0.00,0.00,0.00,0.00,0.00,0.00,0.00,0.00
9980246,patnt,SP1,Depl,235,0.00,0.00,3.00,14.00,1.00,2.00,0.00,0.00,0.00,3.00,0.00,2.00,0.00,0.00,0.00,0.00
9980247,3e,PW1,Depl,245,13.00,0.00,0.00,1.00,3.00,1.00,1.00,0.00,0.00,1.00,0.00,4.00,0.00,0.00,0.00,0.00
9980247,3e,SF1,Depl,235,0.00,0.00,0.00,9.00,4.00,6.00,1.00,0.00,0.00,2.00,0.00,2.00,0.00,0.00,0.00,0.00
9980247,patnt,PW1,Depl,245,13.00,0.00,0.00,1.00,3.00,1.00,1.00,0.00,0.00,1.00,0.00,4.00,0.00,0.00,0.00,0.00
9980247,patnt,SF1,Depl,235,0.00,0.00,0.00,9.00,4.00,6.00,1.00,0.00,0.00,2.00,0.00,2.00,0.00,0.00,0.00,0.00
9980248,3e,PO1,Depl,235,0.00,0.00,1.00,2.00,0.00,1.00,0.00,0.00,0.00,19.00,0.00,2.00,0.00,0.00,0.00,0.00
9980248,3e,PRW,Depl,245,1.00,11.00,6.00,2.00,1.00,0.00,0.00,0.00,0.00,2.00,0.00,2.00,0.00,0.00,0.00,0.00
9980248,patnt,PO1,Depl,235,0.00,0.00,1.00,2.00,0.00,1.00,0.00,0.00,0.00,19.00,0.00,2.00,0.00,0.00,0.00,0.00
9980248,patnt,PRW,Depl,245,1.00,11.00,6.00,2.00,1.00,0.00,0.00,0.00,0.00,2.00,0.00,2.00,0.00,0.00,0.00,0.00
9980249,3e,BW1,Depl,235,0.00,0.00,1.00,2.00,1.00,1.00,0.00,0.00,0.00,5.00,0.00,14.00,0.00,0.00,0.00,0.00
9980249,3e,LH1,Depl,245,0.00,0.00,0.00,1.00,2.00,1.00,0.00,0.00,0.00,1.00,0.00,6.00,0.00,0.00,0.00,12.00
9980249,patnt,BW1,Depl,235,0.00,0.00,1.00,2.00,1.00,1.00,0.00,0.00,0.00,5.00,0.00,14.00,0.00,0.00,0.00,0.00
9980249,patnt,LH1,Depl,245,0.00,0.00,0.00,1.00,2.00,1.00,0.00,0.00,0.00,1.00,0.00,6.00,0.00,0.00,0.00,12.00
9980250,3e,MW1,Depl,235,0.00,0.00,8.00,3.00,1.00,0.00,0.00,0.00,0.00,8.00,0.00,4.00,0.00,0.00,0.00,0.00
9980250,3e,TH1,Depl,245,0.00,0.00,0.00,1.00,2.00,1.00,1.00,0.00,0.00,1.00,0.00,7.00,6.00,0.00,4.00,2.00
9980250,patnt,MW1,Depl,235,0.00,0.00,8.00,3.00,1.00,0.00,0.00,0.00,0.00,8.00,0.00,4.00,0.00,0.00,0.00,0.00
9980250,patnt,TH1,Depl,245,0.00,0.00,0.00,1.00,2.00,1.00,1.00,0.00,0.00,1.00,0.00,7.00,6.00,0.00,4.00,2.00
9980251,3e,BOG,Depl,245,0.00,0.00,0.00,21.00,0.00,0.00,0.00,4.00,0.00,0.00,0.00,0.00,0.00,0.00,0.00,0.00
9980251,3e,MW2,Depl,235,0.00,0.00,0.00,6.00,2.00,3.00,1.00,0.00,0.00,7.00,0.00,6.00,0.00,0.00,0.00,0.00
9980251,patnt,BOG,Depl,245,0.00,0.00,0.00,21.00,0.00,0.00,0.00,4.00,0.00,0.00,0.00,0.00,0.00,0.00,0.00,0.00
9980251,patnt,MW2,Depl,235,0.00,0.00,0.00,6.00,2.00,3.00,1.00,0.00,0.00,7.00,0.00,6.00,0.00,0.00,0.00,0.00
9980252,3e,SB1,Depl,245,0.00,0.00,0.00,24.00,0.00,0.00,0.00,0.00,0.00,0.00,0.00,0.00,0.00,0.00,0.00,0.00
9980252,patnt,SB1,Depl,245,0.00,0.00,0.00,24.00,0.00,0.00,0.00,0.00,0.00,0.00,0.00,0.00,0.00,0.00,0.00,0.00
9980253,3e,PJ1,Depl,245,0.00,0.00,22.00,2.00,0.00,0.00,0.00,0.00,0.00,1.00,0.00,0.00,0.00,0.00,0.00,0.00
9980253,patnt,PJ1,Depl,245,0.00,0.00,22.00,2.00,0.00,0.00,0.00,0.00,0.00,1.00,0.00,0.00,0.00,0.00,0.00,0.00
9980254,3e,LC1,Depl,245,0.00,0.00,0.00,13.00,0.00,1.00,6.00,5.00,0.00,0.00,0.00,0.00,0.00,0.00,0.00,0.00
9980254,patnt,LC1,Depl,245,0.00,0.00,0.00,13.00,0.00,1.00,6.00,5.00,0.00,0.00,0.00,0.00,0.00,0.00,0.00,0.00
9980255,3e,PJ2,Depl,245,0.00,0.00,14.00,6.00,0.00,0.00,0.00,0.00,0.00,3.00,0.00,2.00,0.00,0.00,0.00,0.00
9980255,patnt,PJ2,Depl,245,0.00,0.00,14.00,6.00,0.00,0.00,0.00,0.00,0.00,3.00,0.00,2.00,0.00,0.00,0.00,0.00
9980256,3e,PR1,Depl,255,0.00,23.00,0.00,0.00,0.00,0.00,0.00,0.00,0.00,0.00,0.00,0.00,0.00,0.00,0.00,0.00
9980256,3e,SP1,Depl,245,0.00,0.00,3.00,14.00,1.00,2.00,0.00,0.00,0.00,3.00,0.00,2.00,0.00,0.00,0.00,0.00
9980256,patnt,PR1,Depl,255,0.00,23.00,0.00,0.00,0.00,0.00,0.00,0.00,0.00,0.00,0.00,0.00,0.00,0.00,0.00,0.00
9980256,patnt,SP1,Depl,245,0.00,0.00,3.00,14.00,1.00,2.00,0.00,0.00,0.00,3.00,0.00,2.00,0.00,0.00,0.00,0.00
9980257,3e,PW1,Depl,255,13.00,0.00,0.00,1.00,3.00,1.00,1.00,0.00,0.00,1.00,0.00,4.00,0.00,0.00,0.00,0.00
9980257,3e,SF1,Depl,245,0.00,0.00,0.00,9.00,4.00,6.00,1.00,0.00,0.00,2.00,0.00,2.00,0.00,0.00,0.00,0.00
9980257,patnt,PW1,Depl,255,13.00,0.00,0.00,1.00,3.00,1.00,1.00,0.00,0.00,1.00,0.00,4.00,0.00,0.00,0.00,0.00
9980257,patnt,SF1,Depl,245,0.00,0.00,0.00,9.00,4.00,6.00,1.00,0.00,0.00,2.00,0.00,2.00,0.00,0.00,0.00,0.00
9980258,3e,PO1,Depl,245,0.00,0.00,1.00,2.00,0.00,1.00,0.00,0.00,0.00,19.00,0.00,2.00,0.00,0.00,0.00,0.00
9980258,3e,PRW,Depl,255,1.00,11.00,6.00,2.00,1.00,0.00,0.00,0.00,0.00,2.00,0.00,2.00,0.00,0.00,0.00,0.00
9980258,patnt,PO1,Depl,245,0.00,0.00,1.00,2.00,0.00,1.00,0.00,0.00,0.00,19.00,0.00,2.00,0.00,0.00,0.00,0.00
9980258,patnt,PRW,Depl,255,1.00,11.00,6.00,2.00,1.00,0.00,0.00,0.00,0.00,2.00,0.00,2.00,0.00,0.00,0.00,0.00
9980259,3e,BW1,Depl,245,0.00,0.00,1.00,2.00,1.00,1.00,0.00,0.00,0.00,5.00,0.00,14.00,0.00,0.00,0.00,0.00
9980259,3e,LH1,Depl,255,0.00,0.00,0.00,1.00,2.00,1.00,0.00,0.00,0.00,1.00,0.00,6.00,0.00,0.00,0.00,12.00
9980259,patnt,BW1,Depl,245,0.00,0.00,1.00,2.00,1.00,1.00,0.00,0.00,0.00,5.00,0.00,14.00,0.00,0.00,0.00,0.00
9980259,patnt,LH1,Depl,255,0.00,0.00,0.00,1.00,2.00,1.00,0.00,0.00,0.00,1.00,0.00,6.00,0.00,0.00,0.00,12.00
9980260,3e,MW1,Depl,245,0.00,0.00,8.00,3.00,1.00,0.00,0.00,0.00,0.00,8.00,0.00,4.00,0.00,0.00,0.00,0.00
9980260,3e,TH1,Depl,255,0.00,0.00,0.00,1.00,2.00,1.00,1.00,0.00,0.00,1.00,0.00,7.00,6.00,0.00,4.00,2.00
9980260,patnt,MW1,Depl,245,0.00,0.00,8.00,3.00,1.00,0.00,0.00,0.00,0.00,8.00,0.00,4.00,0.00,0.00,0.00,0.00
9980260,patnt,TH1,Depl,255,0.00,0.00,0.00,1.00,2.00,1.00,1.00,0.00,0.00,1.00,0.00,7.00,6.00,0.00,4.00,2.00
9980261,3e,BOG,Depl,255,0.00,0.00,0.00,21.00,0.00,0.00,0.00,4.00,0.00,0.00,0.00,0.00,0.00,0.00,0.00,0.00
9980261,3e,MW2,Depl,245,0.00,0.00,0.00,6.00,2.00,3.00,1.00,0.00,0.00,7.00,0.00,6.00,0.00,0.00,0.00,0.00
9980261,patnt,BOG,Depl,255,0.00,0.00,0.00,21.00,0.00,0.00,0.00,4.00,0.00,0.00,0.00,0.00,0.00,0.00,0.00,0.00
9980261,patnt,MW2,Depl,245,0.00,0.00,0.00,6.00,2.00,3.00,1.00,0.00,0.00,7.00,0.00,6.00,0.00,0.00,0.00,0.00
9980262,3e,SB1,Depl,255,0.00,0.00,0.00,24.00,0.00,0.00,0.00,0.00,0.00,0.00,0.00,0.00,0.00,0.00,0.00,0.00
9980262,patnt,SB1,Depl,255,0.00,0.00,0.00,24.00,0.00,0.00,0.00,0.00,0.00,0.00,0.00,0.00,0.00,0.00,0.00,0.00
9980263,3e,PJ1,Depl,255,0.00,0.00,22.00,2.00,0.00,0.00,0.00,0.00,0.00,1.00,0.00,0.00,0.00,0.00,0.00,0.00
9980263,patnt,PJ1,Depl,255,0.00,0.00,22.00,2.00,0.00,0.00,0.00,0.00,0.00,1.00,0.00,0.00,0.00,0.00,0.00,0.00
9980264,3e,LC1,Depl,255,0.00,0.00,0.00,13.00,0.00,1.00,6.00,5.00,0.00,0.00,0.00,0.00,0.00,0.00,0.00,0.00
9980264,patnt,LC1,Depl,255,0.00,0.00,0.00,13.00,0.00,1.00,6.00,5.00,0.00,0.00,0.00,0.00,0.00,0.00,0.00,0.00
9980265,3e,PJ2,Depl,255,0.00,0.00,14.00,6.00,0.00,0.00,0.00,0.00,0.00,3.00,0.00,2.00,0.00,0.00,0.00,0.00
9980265,patnt,PJ2,Depl,255,0.00,0.00,14.00,6.00,0.00,0.00,0.00,0.00,0.00,3.00,0.00,2.00,0.00,0.00,0.00,0.00
9980266,3e,SP1,Depl,255,0.00,0.00,3.00,14.00,1.00,2.00,0.00,0.00,0.00,3.00,0.00,2.00,0.00,0.00,0.00,0.00
9980266,patnt,SP1,Depl,255,0.00,0.00,3.00,14.00,1.00,2.00,0.00,0.00,0.00,3.00,0.00,2.00,0.00,0.00,0.00,0.00
9980267,3e,SF1,Depl,255,0.00,0.00,0.00,9.00,4.00,6.00,1.00,0.00,0.00,2.00,0.00,2.00,0.00,0.00,0.00,0.00
9980267,patnt,SF1,Depl,255,0.00,0.00,0.00,9.00,4.00,6.00,1.00,0.00,0.00,2.00,0.00,2.00,0.00,0.00,0.00,0.00
9980268,3e,PO1,Depl,255,0.00,0.00,1.00,2.00,0.00,1.00,0.00,0.00,0.00,19.00,0.00,2.00,0.00,0.00,0.00,0.00
9980268,patnt,PO1,Depl,255,0.00,0.00,1.00,2.00,0.00,1.00,0.00,0.00,0.00,19.00,0.00,2.00,0.00,0.00,0.00,0.00
9980269,3e,BW1,Depl,255,0.00,0.00,1.00,2.00,1.00,1.00,0.00,0.00,0.00,5.00,0.00,14.00,0.00,0.00,0.00,0.00
9980269,patnt,BW1,Depl,255,0.00,0.00,1.00,2.00,1.00,1.00,0.00,0.00,0.00,5.00,0.00,14.00,0.00,0.00,0.00,0.00
9980270,3e,MW1,Depl,255,0.00,0.00,8.00,3.00,1.00,0.00,0.00,0.00,0.00,8.00,0.00,4.00,0.00,0.00,0.00,0.00
9980270,patnt,MW1,Depl,255,0.00,0.00,8.00,3.00,1.00,0.00,0.00,0.00,0.00,8.00,0.00,4.00,0.00,0.00,0.00,0.00
9980271,3e,MW2,Depl,255,0.00,0.00,0.00,6.00,2.00,3.00,1.00,0.00,0.00,7.00,0.00,6.00,0.00,0.00,0.00,0.00
9980271,patnt,MW2,Depl,255,0.00,0.00,0.00,6.00,2.00,3.00,1.00,0.00,0.00,7.00,0.00,6.00,0.00,0.00,0.00,0.00
