CURVENO,SUBMU,FU,SI,AC10,PW,PR,PJ,SB,SW,BF,CE,OC,HE,PO,PB,BW,MH,QR,YB,OH
1,3w,PwDom,Prsnt,5,0.00,0.00,0.00,0.00,0.00,0.00,0.00,0.00,0.00,0.00,0.00,0.00,0.00,0.00,0.00,0.00
1,3w,PwDom,Prsnt,15,1.78,0.00,0.00,0.39,0.00,0.27,0.00,0.00,0.00,0.20,0.00,0.35,0.00,0.00,0.00,0.00
1,3w,PwDom,Prsnt,25,6.90,0.00,0.00,1.67,0.00,1.12,0.00,0.00,0.00,0.80,0.00,1.38,0.00,0.00,0.00,0.00
1,3w,PwDom,Prsnt,35,17.10,0.00,0.00,3.72,0.00,2.45,0.00,0.00,0.00,1.99,0.00,3.43,0.00,0.00,0.00,0.00
1,3w,PwDom,Prsnt,45,33.56,0.00,0.00,6.02,0.00,3.87,0.00,0.00,0.00,3.80,0.00,6.70,0.00,0.00,0.00,0.00
1,3w,PwDom,Prsnt,55,56.09,0.00,0.00,8.18,0.00,5.15,0.00,0.00,0.00,6.08,0.00,11.08,0.00,0.00,0.00,0.00
1,3w,PwDom,Prsnt,65,83.06,0.00,0.00,10.10,0.00,6.25,0.00,0.00,0.00,8.53,0.00,16.20,0.00,0.00,0.00,0.00
1,3w,PwDom,Prsnt,75,111.84,0.00,0.00,11.70,0.00,7.14,0.00,0.00,0.00,10.82,0.00,21.50,0.00,0.00,0.00,0.00
1,3w,PwDom,Prsnt,85,139.30,0.00,0.00,12.92,0.00,7.75,0.00,0.00,0.00,12.64,0.00,26.35,0.00,0.00,0.00,0.00
1,3w,PwDom,Prsnt,95,162.33,0.00,0.00,13.68,0.00,8.07,0.00,0.00,0.00,13.78,0.00,30.20,0.00,0.00,0.00,0.00
1,3w,PwDom,Prsnt,105,178.33,0.00,0.00,13.91,0.00,8.06,0.00,0.00,0.00,14.17,0.00,32.63,0.00,0.00,0.00,0.00
1,3w,PwDom,Prsnt,115,185.63,0.00,0.00,13.63,0.00,7.75,0.00,0.00,0.00,13.81,0.00,33.41,0.00,0.00,0.00,0.00
1,3w,PwDom,Prsnt,125,183.78,0.00,0.00,12.87,0.00,7.18,0.00,0.00,0.00,12.84,0.00,32.55,0.00,0.00,0.00,0.00
1,3w,PwDom,Prsnt,135,173.54,0.00,0.00,11.72,0.00,6.42,0.00,0.00,0.00,11.42,0.00,30.27,0.00,0.00,0.00,0.00
1,3w,PwDom,Prsnt,145,156.60,0.00,0.00,10.30,0.00,5.53,0.00,0.00,0.00,9.74,0.00,26.93,0.00,0.00,0.00,0.00
1,3w,PwDom,Prsnt,155,135.26,0.00,0.00,8.73,0.00,4.59,0.00,0.00,0.00,7.98,0.00,22.95,0.00,0.00,0.00,0.00
1,3w,PwDom,Prsnt,165,111.96,0.00,0.00,7.15,0.00,3.68,0.00,0.00,0.00,6.29,0.00,18.77,0.00,0.00,0.00,0.00
1,3w,PwDom,Prsnt,175,88.91,0.00,0.00,5.65,0.00,2.84,0.00,0.00,0.00,4.77,0.00,14.75,0.00,0.00,0.00,0.00
1,3w,PwDom,Prsnt,185,67.79,0.00,0.00,4.30,0.00,2.12,0.00,0.00,0.00,3.49,0.00,11.14,0.00,0.00,0.00,0.00
1,3w,PwDom,Prsnt,195,49.65,0.00,0.00,3.16,0.00,1.53,0.00,0.00,0.00,2.46,0.00,8.09,0.00,0.00,0.00,0.00
1,3w,PwDom,Prsnt,205,34.96,0.00,0.00,2.25,0.00,1.06,0.00,0.00,0.00,1.67,0.00,5.66,0.00,0.00,0.00,0.00
1,3w,PwDom,Prsnt,215,23.67,0.00,0.00,1.54,0.00,0.71,0.00,0.00,0.00,1.09,0.00,3.81,0.00,0.00,0.00,0.00
1,3w,PwDom,Prsnt,225,15.42,0.00,0.00,1.01,0.00,0.46,0.00,0.00,0.00,0.69,0.00,2.47,0.00,0.00,0.00,0.00
1,3w,PwDom,Prsnt,235,9.67,0.00,0.00,0.65,0.00,0.28,0.00,0.00,0.00,0.42,0.00,1.54,0.00,0.00,0.00,0.00
1,3w,PwDom,Prsnt,245,5.83,0.00,0.00,0.40,0.00,0.17,0.00,0.00,0.00,0.24,0.00,0.93,0.00,0.00,0.00,0.00
1,3w,PwDom,Prsnt,255,3.39,0.00,0.00,0.23,0.00,0.10,0.00,0.00,0.00,0.14,0.00,0.54,0.00,0.00,0.00,0.00
2,Patnt,PwDom,Prsnt,5,0.00,0.00,0.00,0.00,0.00,0.00,0.00,0.00,0.00,0.00,0.00,0.00,0.00,0.00,0.00,0.00
2,Patnt,PwDom,Prsnt,15,5.87,0.00,0.00,1.30,0.00,0.89,0.00,0.00,0.00,0.66,0.00,1.15,0.00,0.00,0.00,0.00
2,Patnt,PwDom,Prsnt,25,17.14,0.00,0.00,4.15,0.00,2.80,0.00,0.00,0.00,2.01,0.00,3.43,0.00,0.00,0.00,0.00
2,Patnt,PwDom,Prsnt,35,33.24,0.00,0.00,7.23,0.00,4.76,0.00,0.00,0.00,3.87,0.00,6.67,0.00,0.00,0.00,0.00
2,Patnt,PwDom,Prsnt,45,52.87,0.00,0.00,9.48,0.00,6.10,0.00,0.00,0.00,5.99,0.00,10.55,0.00,0.00,0.00,0.00
2,Patnt,PwDom,Prsnt,55,74.20,0.00,0.00,10.83,0.00,6.82,0.00,0.00,0.00,8.05,0.00,14.66,0.00,0.00,0.00,0.00
2,Patnt,PwDom,Prsnt,65,95.57,0.00,0.00,11.62,0.00,7.20,0.00,0.00,0.00,9.82,0.00,18.64,0.00,0.00,0.00,0.00
2,Patnt,PwDom,Prsnt,75,115.94,0.00,0.00,12.13,0.00,7.40,0.00,0.00,0.00,11.22,0.00,22.28,0.00,0.00,0.00,0.00
2,Patnt,PwDom,Prsnt,85,134.77,0.00,0.00,12.50,0.00,7.50,0.00,0.00,0.00,12.23,0.00,25.49,0.00,0.00,0.00,0.00
2,Patnt,PwDom,Prsnt,95,151.82,0.00,0.00,12.79,0.00,7.54,0.00,0.00,0.00,12.89,0.00,28.25,0.00,0.00,0.00,0.00
2,Patnt,PwDom,Prsnt,105,167.01,0.00,0.00,13.03,0.00,7.55,0.00,0.00,0.00,13.27,0.00,30.56,0.00,0.00,0.00,0.00
2,Patnt,PwDom,Prsnt,115,180.33,0.00,0.00,13.24,0.00,7.53,0.00,0.00,0.00,13.42,0.00,32.45,0.00,0.00,0.00,0.00
2,Patnt,PwDom,Prsnt,125,191.83,0.00,0.00,13.43,0.00,7.50,0.00,0.00,0.00,13.40,0.00,33.98,0.00,0.00,0.00,0.00
2,Patnt,PwDom,Prsnt,135,201.60,0.00,0.00,13.61,0.00,7.45,0.00,0.00,0.00,13.27,0.00,35.17,0.00,0.00,0.00,0.00
2,Patnt,PwDom,Prsnt,145,209.74,0.00,0.00,13.79,0.00,7.40,0.00,0.00,0.00,13.04,0.00,36.07,0.00,0.00,0.00,0.00
2,Patnt,PwDom,Prsnt,155,216.35,0.00,0.00,13.97,0.00,7.35,0.00,0.00,0.00,12.76,0.00,36.72,0.00,0.00,0.00,0.00
2,Patnt,PwDom,Prsnt,165,221.55,0.00,0.00,14.15,0.00,7.29,0.00,0.00,0.00,12.44,0.00,37.15,0.00,0.00,0.00,0.00
2,Patnt,PwDom,Prsnt,175,225.45,0.00,0.00,14.32,0.00,7.22,0.00,0.00,0.00,12.10,0.00,37.40,0.00,0.00,0.00,0.00
2,Patnt,PwDom,Prsnt,185,228.15,0.00,0.00,14.49,0.00,7.15,0.00,0.00,0.00,11.75,0.00,37.50,0.00,0.00,0.00,0.00
2,Patnt,PwDom,Prsnt,195,229.77,0.00,0.00,14.66,0.00,7.08,0.00,0.00,0.00,11.39,0.00,37.47,0.00,0.00,0.00,0.00
2,Patnt,PwDom,Prsnt,205,230.41,0.00,0.00,14.83,0.00,7.00,0.00,0.00,0.00,11.03,0.00,37.32,0.00,0.00,0.00,0.00
2,Patnt,PwDom,Prsnt,215,230.18,0.00,0.00,14.99,0.00,6.92,0.00,0.00,0.00,10.66,0.00,37.08,0.00,0.00,0.00,0.00
2,Patnt,PwDom,Prsnt,225,229.17,0.00,0.00,15.15,0.00,6.83,0.00,0.00,0.00,10.30,0.00,36.77,0.00,0.00,0.00,0.00
2,Patnt,PwDom,Prsnt,235,227.47,0.00,0.00,15.30,0.00,6.74,0.00,0.00,0.00,9.95,0.00,36.38,0.00,0.00,0.00,0.00
2,Patnt,PwDom,Prsnt,245,225.16,0.00,0.00,15.44,0.00,6.65,0.00,0.00,0.00,9.59,0.00,35.95,0.00,0.00,0.00,0.00
2,Patnt,PwDom,Prsnt,255,222.33,0.00,0.00,15.57,0.00,6.55,0.00,0.00,0.00,9.25,0.00,35.46,0.00,0.00,0.00,0.00
3,3w,PwDom,Intn1,5,0.00,0.00,0.00,0.00,0.00,0.00,0.00,0.00,0.00,0.00,0.00,0.00,0.00,0.00,0.00,0.00
3,3w,PwDom,Intn1,15,1.78,0.00,0.00,0.39,0.00,0.27,0.00,0.00,0.00,0.20,0.00,0.35,0.00,0.00,0.00,0.00
3,3w,PwDom,Intn1,25,6.90,0.00,0.00,1.67,0.00,1.12,0.00,0.00,0.00,0.80,0.00,1.38,0.00,0.00,0.00,0.00
3,3w,PwDom,Intn1,35,17.10,0.00,0.00,3.72,0.00,2.45,0.00,0.00,0.00,1.99,0.00,3.43,0.00,0.00,0.00,0.00
3,3w,PwDom,Intn1,45,33.56,0.00,0.00,6.02,0.00,3.87,0.00,0.00,0.00,3.80,0.00,6.70,0.00,0.00,0.00,0.00
3,3w,PwDom,Intn1,55,56.09,0.00,0.00,8.18,0.00,5.15,0.00,0.00,0.00,6.08,0.00,11.08,0.00,0.00,0.00,0.00
3,3w,PwDom,Intn1,65,83.06,0.00,0.00,10.10,0.00,6.25,0.00,0.00,0.00,8.53,0.00,16.20,0.00,0.00,0.00,0.00
3,3w,PwDom,Intn1,75,111.84,0.00,0.00,11.70,0.00,7.14,0.00,0.00,0.00,10.82,0.00,21.50,0.00,0.00,0.00,0.00
3,3w,PwDom,Intn1,85,139.30,0.00,0.00,12.92,0.00,7.75,0.00,0.00,0.00,12.64,0.00,26.35,0.00,0.00,0.00,0.00
3,3w,PwDom,Intn1,95,162.33,0.00,0.00,13.68,0.00,8.07,0.00,0.00,0.00,13.78,0.00,30.20,0.00,0.00,0.00,0.00
3,3w,PwDom,Intn1,105,178.33,0.00,0.00,13.91,0.00,8.06,0.00,0.00,0.00,14.17,0.00,32.63,0.00,0.00,0.00,0.00
3,3w,PwDom,Intn1,115,185.63,0.00,0.00,13.63,0.00,7.75,0.00,0.00,0.00,13.81,0.00,33.41,0.00,0.00,0.00,0.00
3,3w,PwDom,Intn1,125,183.78,0.00,0.00,12.87,0.00,7.18,0.00,0.00,0.00,12.84,0.00,32.55,0.00,0.00,0.00,0.00
3,3w,PwDom,Intn1,135,173.54,0.00,0.00,11.72,0.00,6.42,0.00,0.00,0.00,11.42,0.00,30.27,0.00,0.00,0.00,0.00
3,3w,PwDom,Intn1,145,156.60,0.00,0.00,10.30,0.00,5.53,0.00,0.00,0.00,9.74,0.00,26.93,0.00,0.00,0.00,0.00
3,3w,PwDom,Intn1,155,135.26,0.00,0.00,8.73,0.00,4.59,0.00,0.00,0.00,7.98,0.00,22.95,0.00,0.00,0.00,0.00
3,3w,PwDom,Intn1,165,111.96,0.00,0.00,7.15,0.00,3.68,0.00,0.00,0.00,6.29,0.00,18.77,0.00,0.00,0.00,0.00
3,3w,PwDom,Intn1,175,88.91,0.00,0.00,5.65,0.00,2.84,0.00,0.00,0.00,4.77,0.00,14.75,0.00,0.00,0.00,0.00
3,3w,PwDom,Intn1,185,67.79,0.00,0.00,4.30,0.00,2.12,0.00,0.00,0.00,3.49,0.00,11.14,0.00,0.00,0.00,0.00
3,3w,PwDom,Intn1,195,49.65,0.00,0.00,3.16,0.00,1.53,0.00,0.00,0.00,2.46,0.00,8.09,0.00,0.00,0.00,0.00
3,3w,PwDom,Intn1,205,34.96,0.00,0.00,2.25,0.00,1.06,0.00,0.00,0.00,1.67,0.00,5.66,0.00,0.00,0.00,0.00
3,3w,PwDom,Intn1,215,23.67,0.00,0.00,1.54,0.00,0.71,0.00,0.00,0.00,1.09,0.00,3.81,0.00,0.00,0.00,0.00
3,3w,PwDom,Intn1,225,15.42,0.00,0.00,1.01,0.00,0.46,0.00,0.00,0.00,0.69,0.00,2.47,0.00,0.00,0.00,0.00
3,3w,PwDom,Intn1,235,9.67,0.00,0.00,0.65,0.00,0.28,0.00,0.00,0.00,0.42,0.00,1.54,0.00,0.00,0.00,0.00
3,3w,PwDom,Intn1,245,5.83,0.00,0.00,0.40,0.00,0.17,0.00,0.00,0.00,0.24,0.00,0.93,0.00,0.00,0.00,0.00
3,3w,PwDom,Intn1,255,3.39,0.00,0.00,0.23,0.00,0.10,0.00,0.00,0.00,0.14,0.00,0.54,0.00,0.00,0.00,0.00
4,Patnt,PwDom,Intn1,5,0.00,0.00,0.00,0.00,0.00,0.00,0.00,0.00,0.00,0.00,0.00,0.00,0.00,0.00,0.00,0.00
4,Patnt,PwDom,Intn1,15,5.87,0.00,0.00,1.30,0.00,0.89,0.00,0.00,0.00,0.66,0.00,1.15,0.00,0.00,0.00,0.00
4,Patnt,PwDom,Intn1,25,17.14,0.00,0.00,4.15,0.00,2.80,0.00,0.00,0.00,2.01,0.00,3.43,0.00,0.00,0.00,0.00
4,Patnt,PwDom,Intn1,35,33.24,0.00,0.00,7.23,0.00,4.76,0.00,0.00,0.00,3.87,0.00,6.67,0.00,0.00,0.00,0.00
4,Patnt,PwDom,Intn1,45,52.87,0.00,0.00,9.48,0.00,6.10,0.00,0.00,0.00,5.99,0.00,10.55,0.00,0.00,0.00,0.00
4,Patnt,PwDom,Intn1,55,74.20,0.00,0.00,10.83,0.00,6.82,0.00,0.00,0.00,8.05,0.00,14.66,0.00,0.00,0.00,0.00
4,Patnt,PwDom,Intn1,65,95.57,0.00,0.00,11.62,0.00,7.20,0.00,0.00,0.00,9.82,0.00,18.64,0.00,0.00,0.00,0.00
4,Patnt,PwDom,Intn1,75,115.94,0.00,0.00,12.13,0.00,7.40,0.00,0.00,0.00,11.22,0.00,22.28,0.00,0.00,0.00,0.00
4,Patnt,PwDom,Intn1,85,134.77,0.00,0.00,12.50,0.00,7.50,0.00,0.00,0.00,12.23,0.00,25.49,0.00,0.00,0.00,0.00
4,Patnt,PwDom,Intn1,95,151.82,0.00,0.00,12.79,0.00,7.54,0.00,0.00,0.00,12.89,0.00,28.25,0.00,0.00,0.00,0.00
4,Patnt,PwDom,Intn1,105,167.01,0.00,0.00,13.03,0.00,7.55,0.00,0.00,0.00,13.27,0.00,30.56,0.00,0.00,0.00,0.00
4,Patnt,PwDom,Intn1,115,180.33,0.00,0.00,13.24,0.00,7.53,0.00,0.00,0.00,13.42,0.00,32.45,0.00,0.00,0.00,0.00
4,Patnt,PwDom,Intn1,125,191.83,0.00,0.00,13.43,0.00,7.50,0.00,0.00,0.00,13.40,0.00,33.98,0.00,0.00,0.00,0.00
4,Patnt,PwDom,Intn1,135,201.60,0.00,0.00,13.61,0.00,7.45,0.00,0.00,0.00,13.27,0.00,35.17,0.00,0.00,0.00,0.00
4,Patnt,PwDom,Intn1,145,209.74,0.00,0.00,13.79,0.00,7.40,0.00,0.00,0.00,13.04,0.00,36.07,0.00,0.00,0.00,0.00
4,Patnt,PwDom,Intn1,155,216.35,0.00,0.00,13.97,0.00,7.35,0.00,0.00,0.00,12.76,0.00,36.72,0.00,0.00,0.00,0.00
4,Patnt,PwDom,Intn1,165,221.55,0.00,0.00,14.15,0.00,7.29,0.00,0.00,0.00,12.44,0.00,37.15,0.00,0.00,0.00,0.00
4,Patnt,PwDom,Intn1,175,225.45,0.00,0.00,14.32,0.00,7.22,0.00,0.00,0.00,12.10,0.00,37.40,0.00,0.00,0.00,0.00
4,Patnt,PwDom,Intn1,185,228.15,0.00,0.00,14.49,0.00,7.15,0.00,0.00,0.00,11.75,0.00,37.50,0.00,0.00,0.00,0.00
4,Patnt,PwDom,Intn1,195,229.77,0.00,0.00,14.66,0.00,7.08,0.00,0.00,0.00,11.39,0.00,37.47,0.00,0.00,0.00,0.00
4,Patnt,PwDom,Intn1,205,230.41,0.00,0.00,14.83,0.00,7.00,0.00,0.00,0.00,11.03,0.00,37.32,0.00,0.00,0.00,0.00
4,Patnt,PwDom,Intn1,215,230.18,0.00,0.00,14.99,0.00,6.92,0.00,0.00,0.00,10.66,0.00,37.08,0.00,0.00,0.00,0.00
4,Patnt,PwDom,Intn1,225,229.17,0.00,0.00,15.15,0.00,6.83,0.00,0.00,0.00,10.30,0.00,36.77,0.00,0.00,0.00,0.00
4,Patnt,PwDom,Intn1,235,227.47,0.00,0.00,15.30,0.00,6.74,0.00,0.00,0.00,9.95,0.00,36.38,0.00,0.00,0.00,0.00
4,Patnt,PwDom,Intn1,245,225.16,0.00,0.00,15.44,0.00,6.65,0.00,0.00,0.00,9.59,0.00,35.95,0.00,0.00,0.00,0.00
4,Patnt,PwDom,Intn1,255,222.33,0.00,0.00,15.57,0.00,6.55,0.00,0.00,0.00,9.25,0.00,35.46,0.00,0.00,0.00,0.00
7,3w,PwDom,Succ,5,0.00,0.00,0.00,0.00,0.00,0.00,0.00,0.00,0.00,0.00,0.00,0.00,0.00,0.00,0.00,0.00
7,3w,PwDom,Succ,15,1.78,0.00,0.00,0.39,0.00,0.27,0.00,0.00,0.00,0.20,0.00,0.35,0.00,0.00,0.00,0.00
7,3w,PwDom,Succ,25,6.90,0.00,0.00,1.67,0.00,1.12,0.00,0.00,0.00,0.80,0.00,1.38,0.00,0.00,0.00,0.00
7,3w,PwDom,Succ,35,17.10,0.00,0.00,3.72,0.00,2.45,0.00,0.00,0.00,1.99,0.00,3.43,0.00,0.00,0.00,0.00
7,3w,PwDom,Succ,45,33.56,0.00,0.00,6.02,0.00,3.87,0.00,0.00,0.00,3.80,0.00,6.70,0.00,0.00,0.00,0.00
7,3w,PwDom,Succ,55,56.09,0.00,0.00,8.18,0.00,5.15,0.00,0.00,0.00,6.08,0.00,11.08,0.00,0.00,0.00,0.00
7,3w,PwDom,Succ,65,83.06,0.00,0.00,10.10,0.00,6.25,0.00,0.00,0.00,8.53,0.00,16.20,0.00,0.00,0.00,0.00
7,3w,PwDom,Succ,75,111.84,0.00,0.00,11.70,0.00,7.14,0.00,0.00,0.00,10.82,0.00,21.50,0.00,0.00,0.00,0.00
7,3w,PwDom,Succ,85,139.30,0.00,0.00,12.92,0.00,7.75,0.00,0.00,0.00,12.64,0.00,26.35,0.00,0.00,0.00,0.00
7,3w,PwDom,Succ,95,162.33,0.00,0.00,13.68,0.00,8.07,0.00,0.00,0.00,13.78,0.00,30.20,0.00,0.00,0.00,0.00
7,3w,PwDom,Succ,105,178.33,0.00,0.00,13.91,0.00,8.06,0.00,0.00,0.00,14.17,0.00,32.63,0.00,0.00,0.00,0.00
7,3w,PwDom,Succ,115,185.63,0.00,0.00,13.63,0.00,7.75,0.00,0.00,0.00,13.81,0.00,33.41,0.00,0.00,0.00,0.00
7,3w,PwDom,Succ,125,183.78,0.00,0.00,12.87,0.00,7.18,0.00,0.00,0.00,12.84,0.00,32.55,0.00,0.00,0.00,0.00
7,3w,PwDom,Succ,135,173.54,0.00,0.00,11.72,0.00,6.42,0.00,0.00,0.00,11.42,0.00,30.27,0.00,0.00,0.00,0.00
7,3w,PwDom,Succ,145,156.60,0.00,0.00,10.30,0.00,5.53,0.00,0.00,0.00,9.74,0.00,26.93,0.00,0.00,0.00,0.00
7,3w,PwDom,Succ,155,135.26,0.00,0.00,8.73,0.00,4.59,0.00,0.00,0.00,7.98,0.00,22.95,0.00,0.00,0.00,0.00
7,3w,PwDom,Succ,165,111.96,0.00,0.00,7.15,0.00,3.68,0.00,0.00,0.00,6.29,0.00,18.77,0.00,0.00,0.00,0.00
7,3w,PwDom,Succ,175,88.91,0.00,0.00,5.65,0.00,2.84,0.00,0.00,0.00,4.77,0.00,14.75,0.00,0.00,0.00,0.00
7,3w,PwDom,Succ,185,67.79,0.00,0.00,4.30,0.00,2.12,0.00,0.00,0.00,3.49,0.00,11.14,0.00,0.00,0.00,0.00
7,3w,PwDom,Succ,195,49.65,0.00,0.00,3.16,0.00,1.53,0.00,0.00,0.00,2.46,0.00,8.09,0.00,0.00,0.00,0.00
7,3w,PwDom,Succ,205,34.96,0.00,0.00,2.25,0.00,1.06,0.00,0.00,0.00,1.67,0.00,5.66,0.00,0.00,0.00,0.00
7,3w,PwDom,Succ,215,23.67,0.00,0.00,1.54,0.00,0.71,0.00,0.00,0.00,1.09,0.00,3.81,0.00,0.00,0.00,0.00
7,3w,PwDom,Succ,225,15.42,0.00,0.00,1.01,0.00,0.46,0.00,0.00,0.00,0.69,0.00,2.47,0.00,0.00,0.00,0.00
7,3w,PwDom,Succ,235,9.67,0.00,0.00,0.65,0.00,0.28,0.00,0.00,0.00,0.42,0.00,1.54,0.00,0.00,0.00,0.00
7,3w,PwDom,Succ,245,5.83,0.00,0.00,0.40,0.00,0.17,0.00,0.00,0.00,0.24,0.00,0.93,0.00,0.00,0.00,0.00
7,3w,PwDom,Succ,255,3.39,0.00,0.00,0.23,0.00,0.10,0.00,0.00,0.00,0.14,0.00,0.54,0.00,0.00,0.00,0.00
8,Patnt,PwDom,Succ,5,0.00,0.00,0.00,0.00,0.00,0.00,0.00,0.00,0.00,0.00,0.00,0.00,0.00,0.00,0.00,0.00
8,Patnt,PwDom,Succ,15,5.87,0.00,0.00,1.30,0.00,0.89,0.00,0.00,0.00,0.66,0.00,1.15,0.00,0.00,0.00,0.00
8,Patnt,PwDom,Succ,25,17.14,0.00,0.00,4.15,0.00,2.80,0.00,0.00,0.00,2.01,0.00,3.43,0.00,0.00,0.00,0.00
8,Patnt,PwDom,Succ,35,33.24,0.00,0.00,7.23,0.00,4.76,0.00,0.00,0.00,3.87,0.00,6.67,0.00,0.00,0.00,0.00
8,Patnt,PwDom,Succ,45,52.87,0.00,0.00,9.48,0.00,6.10,0.00,0.00,0.00,5.99,0.00,10.55,0.00,0.00,0.00,0.00
8,Patnt,PwDom,Succ,55,74.20,0.00,0.00,10.83,0.00,6.82,0.00,0.00,0.00,8.05,0.00,14.66,0.00,0.00,0.00,0.00
8,Patnt,PwDom,Succ,65,95.57,0.00,0.00,11.62,0.00,7.20,0.00,0.00,0.00,9.82,0.00,18.64,0.00,0.00,0.00,0.00
8,Patnt,PwDom,Succ,75,115.94,0.00,0.00,12.13,0.00,7.40,0.00,0.00,0.00,11.22,0.00,22.28,0.00,0.00,0.00,0.00
8,Patnt,PwDom,Succ,85,134.77,0.00,0.00,12.50,0.00,7.50,0.00,0.00,0.00,12.23,0.00,25.49,0.00,0.00,0.00,0.00
8,Patnt,PwDom,Succ,95,151.82,0.00,0.00,12.79,0.00,7.54,0.00,0.00,0.00,12.89,0.00,28.25,0.00,0.00,0.00,0.00
8,Patnt,PwDom,Succ,105,167.01,0.00,0.00,13.03,0.00,7.55,0.00,0.00,0.00,13.27,0.00,30.56,0.00,0.00,0.00,0.00
8,Patnt,PwDom,Succ,115,180.33,0.00,0.00,13.24,0.00,7.53,0.00,0.00,0.00,13.42,0.00,32.45,0.00,0.00,0.00,0.00
8,Patnt,PwDom,Succ,125,191.83,0.00,0.00,13.43,0.00,7.50,0.00,0.00,0.00,13.40,0.00,33.98,0.00,0.00,0.00,0.00
8,Patnt,PwDom,Succ,135,201.60,0.00,0.00,13.61,0.00,7.45,0.00,0.00,0.00,13.27,0.00,35.17,0.00,0.00,0.00,0.00
8,Patnt,PwDom,Succ,145,209.74,0.00,0.00,13.79,0.00,7.40,0.00,0.00,0.00,13.04,0.00,36.07,0.00,0.00,0.00,0.00
8,Patnt,PwDom,Succ,155,216.35,0.00,0.00,13.97,0.00,7.35,0.00,0.00,0.00,12.76,0.00,36.72,0.00,0.00,0.00,0.00
8,Patnt,PwDom,Succ,165,221.55,0.00,0.00,14.15,0.00,7.29,0.00,0.00,0.00,12.44,0.00,37.15,0.00,0.00,0.00,0.00
8,Patnt,PwDom,Succ,175,225.45,0.00,0.00,14.32,0.00,7.22,0.00,0.00,0.00,12.10,0.00,37.40,0.00,0.00,0.00,0.00
8,Patnt,PwDom,Succ,185,228.15,0.00,0.00,14.49,0.00,7.15,0.00,0.00,0.00,11.75,0.00,37.50,0.00,0.00,0.00,0.00
8,Patnt,PwDom,Succ,195,229.77,0.00,0.00,14.66,0.00,7.08,0.00,0.00,0.00,11.39,0.00,37.47,0.00,0.00,0.00,0.00
8,Patnt,PwDom,Succ,205,230.41,0.00,0.00,14.83,0.00,7.00,0.00,0.00,0.00,11.03,0.00,37.32,0.00,0.00,0.00,0.00
8,Patnt,PwDom,Succ,215,230.18,0.00,0.00,14.99,0.00,6.92,0.00,0.00,0.00,10.66,0.00,37.08,0.00,0.00,0.00,0.00
8,Patnt,PwDom,Succ,225,229.17,0.00,0.00,15.15,0.00,6.83,0.00,0.00,0.00,10.30,0.00,36.77,0.00,0.00,0.00,0.00
8,Patnt,PwDom,Succ,235,227.47,0.00,0.00,15.30,0.00,6.74,0.00,0.00,0.00,9.95,0.00,36.38,0.00,0.00,0.00,0.00
8,Patnt,PwDom,Succ,245,225.16,0.00,0.00,15.44,0.00,6.65,0.00,0.00,0.00,9.59,0.00,35.95,0.00,0.00,0.00,0.00
8,Patnt,PwDom,Succ,255,222.33,0.00,0.00,15.57,0.00,6.55,0.00,0.00,0.00,9.25,0.00,35.46,0.00,0.00,0.00,0.00
9,3w,PrDom,Prsnt,5,0.00,0.00,0.00,0.00,0.00,0.00,0.00,0.00,0.00,0.00,0.00,0.00,0.00,0.00,0.00,0.00
9,3w,PrDom,Prsnt,15,0.37,2.78,0.00,0.03,0.00,0.00,0.00,0.00,0.00,0.00,0.00,0.07,0.00,0.00,0.00,0.00
9,3w,PrDom,Prsnt,25,1.28,9.44,0.00,0.12,0.00,0.00,0.00,0.00,0.00,0.00,0.00,0.25,0.00,0.00,0.00,0.00
9,3w,PrDom,Prsnt,35,2.92,21.54,0.00,0.25,0.00,0.00,0.00,0.00,0.00,0.00,0.00,0.58,0.00,0.00,0.00,0.00
9,3w,PrDom,Prsnt,45,5.48,40.54,0.00,0.39,0.00,0.00,0.00,0.00,0.00,0.00,0.00,1.08,0.00,0.00,0.00,0.00
9,3w,PrDom,Prsnt,55,9.14,67.96,0.00,0.53,0.00,0.00,0.00,0.00,0.00,0.00,0.00,1.78,0.00,0.00,0.00,0.00
9,3w,PrDom,Prsnt,65,14.02,105.16,0.00,0.68,0.00,0.00,0.00,0.00,0.00,0.00,0.00,2.70,0.00,0.00,0.00,0.00
9,3w,PrDom,Prsnt,75,20.21,153.28,0.00,0.85,0.00,0.00,0.00,0.00,0.00,0.00,0.00,3.84,0.00,0.00,0.00,0.00
9,3w,PrDom,Prsnt,85,27.72,213.02,0.00,1.03,0.00,0.00,0.00,0.00,0.00,0.00,0.00,5.19,0.00,0.00,0.00,0.00
9,3w,PrDom,Prsnt,95,36.47,284.50,0.00,1.24,0.00,0.00,0.00,0.00,0.00,0.00,0.00,6.71,0.00,0.00,0.00,0.00
9,3w,PrDom,Prsnt,105,46.27,367.10,0.00,1.45,0.00,0.00,0.00,0.00,0.00,0.00,0.00,8.38,0.00,0.00,0.00,0.00
9,3w,PrDom,Prsnt,115,56.83,459.37,0.00,1.68,0.00,0.00,0.00,0.00,0.00,0.00,0.00,10.12,0.00,0.00,0.00,0.00
9,3w,PrDom,Prsnt,125,67.78,558.96,0.00,1.91,0.00,0.00,0.00,0.00,0.00,0.00,0.00,11.88,0.00,0.00,0.00,0.00
9,3w,PrDom,Prsnt,135,78.66,662.68,0.00,2.14,0.00,0.00,0.00,0.00,0.00,0.00,0.00,13.58,0.00,0.00,0.00,0.00
9,3w,PrDom,Prsnt,145,88.97,766.65,0.00,2.36,0.00,0.00,0.00,0.00,0.00,0.00,0.00,15.14,0.00,0.00,0.00,0.00
9,3w,PrDom,Prsnt,155,98.21,866.49,0.00,2.56,0.00,0.00,0.00,0.00,0.00,0.00,0.00,16.50,0.00,0.00,0.00,0.00
9,3w,PrDom,Prsnt,165,105.90,957.63,0.00,2.73,0.00,0.00,0.00,0.00,0.00,0.00,0.00,17.58,0.00,0.00,0.00,0.00
9,3w,PrDom,Prsnt,175,111.63,1035.64,0.00,2.86,0.00,0.00,0.00,0.00,0.00,0.00,0.00,18.33,0.00,0.00,0.00,0.00
9,3w,PrDom,Prsnt,185,115.13,1096.60,0.00,2.95,0.00,0.00,0.00,0.00,0.00,0.00,0.00,18.73,0.00,0.00,0.00,0.00
9,3w,PrDom,Prsnt,195,116.22,1137.41,0.00,2.99,0.00,0.00,0.00,0.00,0.00,0.00,0.00,18.76,0.00,0.00,0.00,0.00
9,3w,PrDom,Prsnt,205,114.89,1156.06,0.00,2.98,0.00,0.00,0.00,0.00,0.00,0.00,0.00,18.42,0.00,0.00,0.00,0.00
9,3w,PrDom,Prsnt,215,111.26,1151.78,0.00,2.92,0.00,0.00,0.00,0.00,0.00,0.00,0.00,17.74,0.00,0.00,0.00,0.00
9,3w,PrDom,Prsnt,225,105.59,1125.13,0.00,2.81,0.00,0.00,0.00,0.00,0.00,0.00,0.00,16.77,0.00,0.00,0.00,0.00
9,3w,PrDom,Prsnt,235,98.21,1077.88,0.00,2.66,0.00,0.00,0.00,0.00,0.00,0.00,0.00,15.55,0.00,0.00,0.00,0.00
9,3w,PrDom,Prsnt,245,89.56,1012.86,0.00,2.48,0.00,0.00,0.00,0.00,0.00,0.00,0.00,14.15,0.00,0.00,0.00,0.00
9,3w,PrDom,Prsnt,255,80.09,933.70,0.00,2.26,0.00,0.00,0.00,0.00,0.00,0.00,0.00,12.64,0.00,0.00,0.00,0.00
10,Patnt,PrDom,Prsnt,5,0.00,0.00,0.00,0.00,0.00,0.00,0.00,0.00,0.00,0.00,0.00,0.00,0.00,0.00,0.00,0.00
10,Patnt,PrDom,Prsnt,15,1.48,19.64,0.97,0.45,0.00,0.00,0.00,0.00,0.00,0.40,0.00,0.24,0.00,0.00,0.00,0.00
10,Patnt,PrDom,Prsnt,25,3.65,47.89,2.04,1.22,0.00,0.00,0.00,0.00,0.00,1.02,0.00,0.62,0.00,0.00,0.00,0.00
10,Patnt,PrDom,Prsnt,35,6.11,80.04,3.02,1.83,0.00,0.00,0.00,0.00,0.00,1.70,0.00,1.04,0.00,0.00,0.00,0.00
10,Patnt,PrDom,Prsnt,45,8.56,112.52,3.85,2.12,0.00,0.00,0.00,0.00,0.00,2.32,0.00,1.45,0.00,0.00,0.00,0.00
10,Patnt,PrDom,Prsnt,55,10.85,143.38,4.50,2.19,0.00,0.00,0.00,0.00,0.00,2.81,0.00,1.81,0.00,0.00,0.00,0.00
10,Patnt,PrDom,Prsnt,65,12.88,171.69,4.97,2.16,0.00,0.00,0.00,0.00,0.00,3.16,0.00,2.13,0.00,0.00,0.00,0.00
10,Patnt,PrDom,Prsnt,75,14.62,197.12,5.29,2.11,0.00,0.00,0.00,0.00,0.00,3.38,0.00,2.38,0.00,0.00,0.00,0.00
10,Patnt,PrDom,Prsnt,85,16.08,219.67,5.47,2.06,0.00,0.00,0.00,0.00,0.00,3.49,0.00,2.58,0.00,0.00,0.00,0.00
10,Patnt,PrDom,Prsnt,95,17.27,239.51,5.53,2.01,0.00,0.00,0.00,0.00,0.00,3.50,0.00,2.72,0.00,0.00,0.00,0.00
10,Patnt,PrDom,Prsnt,105,18.21,256.88,5.49,1.96,0.00,0.00,0.00,0.00,0.00,3.46,0.00,2.82,0.00,0.00,0.00,0.00
10,Patnt,PrDom,Prsnt,115,18.93,272.04,5.38,1.92,0.00,0.00,0.00,0.00,0.00,3.37,0.00,2.89,0.00,0.00,0.00,0.00
10,Patnt,PrDom,Prsnt,125,19.45,285.23,5.19,1.88,0.00,0.00,0.00,0.00,0.00,3.25,0.00,2.92,0.00,0.00,0.00,0.00
10,Patnt,PrDom,Prsnt,135,19.81,296.70,4.96,1.85,0.00,0.00,0.00,0.00,0.00,3.12,0.00,2.93,0.00,0.00,0.00,0.00
10,Patnt,PrDom,Prsnt,145,20.01,306.66,4.70,1.82,0.00,0.00,0.00,0.00,0.00,2.97,0.00,2.92,0.00,0.00,0.00,0.00
10,Patnt,PrDom,Prsnt,155,20.10,315.30,4.41,1.79,0.00,0.00,0.00,0.00,0.00,2.83,0.00,2.89,0.00,0.00,0.00,0.00
10,Patnt,PrDom,Prsnt,165,20.07,322.80,4.10,1.77,0.00,0.00,0.00,0.00,0.00,2.69,0.00,2.85,0.00,0.00,0.00,0.00
10,Patnt,PrDom,Prsnt,175,19.96,329.30,3.80,1.75,0.00,0.00,0.00,0.00,0.00,2.56,0.00,2.81,0.00,0.00,0.00,0.00
10,Patnt,PrDom,Prsnt,185,19.78,334.93,3.50,1.73,0.00,0.00,0.00,0.00,0.00,2.43,0.00,2.75,0.00,0.00,0.00,0.00
10,Patnt,PrDom,Prsnt,195,19.53,339.82,3.20,1.72,0.00,0.00,0.00,0.00,0.00,2.31,0.00,2.70,0.00,0.00,0.00,0.00
10,Patnt,PrDom,Prsnt,205,19.23,344.05,2.92,1.71,0.00,0.00,0.00,0.00,0.00,2.20,0.00,2.64,0.00,0.00,0.00,0.00
10,Patnt,PrDom,Prsnt,215,18.89,347.71,2.65,1.70,0.00,0.00,0.00,0.00,0.00,2.09,0.00,2.58,0.00,0.00,0.00,0.00
10,Patnt,PrDom,Prsnt,225,18.52,350.89,2.40,1.69,0.00,0.00,0.00,0.00,0.00,1.99,0.00,2.52,0.00,0.00,0.00,0.00
10,Patnt,PrDom,Prsnt,235,18.12,353.63,2.17,1.68,0.00,0.00,0.00,0.00,0.00,1.89,0.00,2.46,0.00,0.00,0.00,0.00
10,Patnt,PrDom,Prsnt,245,17.70,356.01,1.95,1.68,0.00,0.00,0.00,0.00,0.00,1.80,0.00,2.39,0.00,0.00,0.00,0.00
10,Patnt,PrDom,Prsnt,255,17.27,358.06,1.76,1.67,0.00,0.00,0.00,0.00,0.00,1.71,0.00,2.33,0.00,0.00,0.00,0.00
11,3w,PrDom,Exten,5,0.00,0.00,0.00,0.00,0.00,0.00,0.00,0.00,0.00,0.00,0.00,0.00,0.00,0.00,0.00,0.00
11,3w,PrDom,Exten,15,0.00,6.22,0.00,0.64,0.00,0.00,0.00,0.00,0.00,0.62,0.00,0.00,0.00,0.00,0.00,0.00
11,3w,PrDom,Exten,25,0.00,19.94,0.00,2.24,0.00,0.00,0.00,0.00,0.00,2.08,0.00,0.00,0.00,0.00,0.00,0.00
11,3w,PrDom,Exten,35,0.00,44.15,0.00,4.47,0.00,0.00,0.00,0.00,0.00,4.58,0.00,0.00,0.00,0.00,0.00,0.00
11,3w,PrDom,Exten,45,0.00,82.01,0.00,6.83,0.00,0.00,0.00,0.00,0.00,8.25,0.00,0.00,0.00,0.00,0.00,0.00
11,3w,PrDom,Exten,55,0.00,136.47,0.00,9.20,0.00,0.00,0.00,0.00,0.00,13.06,0.00,0.00,0.00,0.00,0.00,0.00
11,3w,PrDom,Exten,65,0.00,210.10,0.00,11.69,0.00,0.00,0.00,0.00,0.00,18.89,0.00,0.00,0.00,0.00,0.00,0.00
11,3w,PrDom,Exten,75,0.00,304.99,0.00,14.45,0.00,0.00,0.00,0.00,0.00,25.53,0.00,0.00,0.00,0.00,0.00,0.00
11,3w,PrDom,Exten,85,0.00,422.50,0.00,17.51,0.00,0.00,0.00,0.00,0.00,32.73,0.00,0.00,0.00,0.00,0.00,0.00
11,3w,PrDom,Exten,95,0.00,562.83,0.00,20.87,0.00,0.00,0.00,0.00,0.00,40.19,0.00,0.00,0.00,0.00,0.00,0.00
11,3w,PrDom,Exten,105,0.00,724.77,0.00,24.47,0.00,0.00,0.00,0.00,0.00,47.62,0.00,0.00,0.00,0.00,0.00,0.00
11,3w,PrDom,Exten,115,0.00,905.42,0.00,28.23,0.00,0.00,0.00,0.00,0.00,54.70,0.00,0.00,0.00,0.00,0.00,0.00
11,3w,PrDom,Exten,125,0.00,1100.13,0.00,32.07,0.00,0.00,0.00,0.00,0.00,61.17,0.00,0.00,0.00,0.00,0.00,0.00
11,3w,PrDom,Exten,135,0.00,1302.60,0.00,35.85,0.00,0.00,0.00,0.00,0.00,66.76,0.00,0.00,0.00,0.00,0.00,0.00
11,3w,PrDom,Exten,145,0.00,1505.18,0.00,39.44,0.00,0.00,0.00,0.00,0.00,71.28,0.00,0.00,0.00,0.00,0.00,0.00
11,3w,PrDom,Exten,155,0.00,1699.24,0.00,42.70,0.00,0.00,0.00,0.00,0.00,74.54,0.00,0.00,0.00,0.00,0.00,0.00
11,3w,PrDom,Exten,165,0.00,1875.86,0.00,45.48,0.00,0.00,0.00,0.00,0.00,76.45,0.00,0.00,0.00,0.00,0.00,0.00
11,3w,PrDom,Exten,175,0.00,2026.42,0.00,47.64,0.00,0.00,0.00,0.00,0.00,76.95,0.00,0.00,0.00,0.00,0.00,0.00
11,3w,PrDom,Exten,185,0.00,2143.34,0.00,49.08,0.00,0.00,0.00,0.00,0.00,76.05,0.00,0.00,0.00,0.00,0.00,0.00
11,3w,PrDom,Exten,195,0.00,2220.69,0.00,49.72,0.00,0.00,0.00,0.00,0.00,73.81,0.00,0.00,0.00,0.00,0.00,0.00
11,3w,PrDom,Exten,205,0.00,2254.69,0.00,49.52,0.00,0.00,0.00,0.00,0.00,70.37,0.00,0.00,0.00,0.00,0.00,0.00
11,3w,PrDom,Exten,215,0.00,2244.00,0.00,48.47,0.00,0.00,0.00,0.00,0.00,65.91,0.00,0.00,0.00,0.00,0.00,0.00
11,3w,PrDom,Exten,225,0.00,2189.83,0.00,46.63,0.00,0.00,0.00,0.00,0.00,60.64,0.00,0.00,0.00,0.00,0.00,0.00
11,3w,PrDom,Exten,235,0.00,2095.79,0.00,44.09,0.00,0.00,0.00,0.00,0.00,54.80,0.00,0.00,0.00,0.00,0.00,0.00
11,3w,PrDom,Exten,245,0.00,1967.49,0.00,40.95,0.00,0.00,0.00,0.00,0.00,48.65,0.00,0.00,0.00,0.00,0.00,0.00
11,3w,PrDom,Exten,255,0.00,1812.06,0.00,37.38,0.00,0.00,0.00,0.00,0.00,42.42,0.00,0.00,0.00,0.00,0.00,0.00
12,Patnt,PrDom,Exten,5,0.00,0.00,0.00,0.00,0.00,0.00,0.00,0.00,0.00,0.00,0.00,0.00,0.00,0.00,0.00,0.00
12,Patnt,PrDom,Exten,15,1.48,19.64,0.97,0.45,0.00,0.00,0.00,0.00,0.00,0.40,0.00,0.24,0.00,0.00,0.00,0.00
12,Patnt,PrDom,Exten,25,3.65,47.89,2.04,1.22,0.00,0.00,0.00,0.00,0.00,1.02,0.00,0.62,0.00,0.00,0.00,0.00
12,Patnt,PrDom,Exten,35,6.11,80.04,3.02,1.83,0.00,0.00,0.00,0.00,0.00,1.70,0.00,1.04,0.00,0.00,0.00,0.00
12,Patnt,PrDom,Exten,45,8.56,112.52,3.85,2.12,0.00,0.00,0.00,0.00,0.00,2.32,0.00,1.45,0.00,0.00,0.00,0.00
12,Patnt,PrDom,Exten,55,10.85,143.38,4.50,2.19,0.00,0.00,0.00,0.00,0.00,2.81,0.00,1.81,0.00,0.00,0.00,0.00
12,Patnt,PrDom,Exten,65,12.88,171.69,4.97,2.16,0.00,0.00,0.00,0.00,0.00,3.16,0.00,2.13,0.00,0.00,0.00,0.00
12,Patnt,PrDom,Exten,75,14.62,197.12,5.29,2.11,0.00,0.00,0.00,0.00,0.00,3.38,0.00,2.38,0.00,0.00,0.00,0.00
12,Patnt,PrDom,Exten,85,16.08,219.67,5.47,2.06,0.00,0.00,0.00,0.00,0.00,3.49,0.00,2.58,0.00,0.00,0.00,0.00
12,Patnt,PrDom,Exten,95,17.27,239.51,5.53,2.01,0.00,0.00,0.00,0.00,0.00,3.50,0.00,2.72,0.00,0.00,0.00,0.00
12,Patnt,PrDom,Exten,105,18.21,256.88,5.49,1.96,0.00,0.00,0.00,0.00,0.00,3.46,0.00,2.82,0.00,0.00,0.00,0.00
12,Patnt,PrDom,Exten,115,18.93,272.04,5.38,1.92,0.00,0.00,0.00,0.00,0.00,3.37,0.00,2.89,0.00,0.00,0.00,0.00
12,Patnt,PrDom,Exten,125,19.45,285.23,5.19,1.88,0.00,0.00,0.00,0.00,0.00,3.25,0.00,2.92,0.00,0.00,0.00,0.00
12,Patnt,PrDom,Exten,135,19.81,296.70,4.96,1.85,0.00,0.00,0.00,0.00,0.00,3.12,0.00,2.93,0.00,0.00,0.00,0.00
12,Patnt,PrDom,Exten,145,20.01,306.66,4.70,1.82,0.00,0.00,0.00,0.00,0.00,2.97,0.00,2.92,0.00,0.00,0.00,0.00
12,Patnt,PrDom,Exten,155,20.10,315.30,4.41,1.79,0.00,0.00,0.00,0.00,0.00,2.83,0.00,2.89,0.00,0.00,0.00,0.00
12,Patnt,PrDom,Exten,165,20.07,322.80,4.10,1.77,0.00,0.00,0.00,0.00,0.00,2.69,0.00,2.85,0.00,0.00,0.00,0.00
12,Patnt,PrDom,Exten,175,19.96,329.30,3.80,1.75,0.00,0.00,0.00,0.00,0.00,2.56,0.00,2.81,0.00,0.00,0.00,0.00
12,Patnt,PrDom,Exten,185,19.78,334.93,3.50,1.73,0.00,0.00,0.00,0.00,0.00,2.43,0.00,2.75,0.00,0.00,0.00,0.00
12,Patnt,PrDom,Exten,195,19.53,339.82,3.20,1.72,0.00,0.00,0.00,0.00,0.00,2.31,0.00,2.70,0.00,0.00,0.00,0.00
12,Patnt,PrDom,Exten,205,19.23,344.05,2.92,1.71,0.00,0.00,0.00,0.00,0.00,2.20,0.00,2.64,0.00,0.00,0.00,0.00
12,Patnt,PrDom,Exten,215,18.89,347.71,2.65,1.70,0.00,0.00,0.00,0.00,0.00,2.09,0.00,2.58,0.00,0.00,0.00,0.00
12,Patnt,PrDom,Exten,225,18.52,350.89,2.40,1.69,0.00,0.00,0.00,0.00,0.00,1.99,0.00,2.52,0.00,0.00,0.00,0.00
12,Patnt,PrDom,Exten,235,18.12,353.63,2.17,1.68,0.00,0.00,0.00,0.00,0.00,1.89,0.00,2.46,0.00,0.00,0.00,0.00
12,Patnt,PrDom,Exten,245,17.70,356.01,1.95,1.68,0.00,0.00,0.00,0.00,0.00,1.80,0.00,2.39,0.00,0.00,0.00,0.00
12,Patnt,PrDom,Exten,255,17.27,358.06,1.76,1.67,0.00,0.00,0.00,0.00,0.00,1.71,0.00,2.33,0.00,0.00,0.00,0.00
13,3w,PrDom,Basc2,5,0.00,0.00,0.00,0.00,0.00,0.00,0.00,0.00,0.00,0.00,0.00,0.00,0.00,0.00,0.00,0.00
13,3w,PrDom,Basc2,15,0.37,2.78,0.00,0.03,0.00,0.00,0.00,0.00,0.00,0.00,0.00,0.07,0.00,0.00,0.00,0.00
13,3w,PrDom,Basc2,25,1.28,9.44,0.00,0.12,0.00,0.00,0.00,0.00,0.00,0.00,0.00,0.25,0.00,0.00,0.00,0.00
13,3w,PrDom,Basc2,35,2.92,21.54,0.00,0.25,0.00,0.00,0.00,0.00,0.00,0.00,0.00,0.58,0.00,0.00,0.00,0.00
13,3w,PrDom,Basc2,45,5.48,40.54,0.00,0.39,0.00,0.00,0.00,0.00,0.00,0.00,0.00,1.08,0.00,0.00,0.00,0.00
13,3w,PrDom,Basc2,55,9.14,67.96,0.00,0.53,0.00,0.00,0.00,0.00,0.00,0.00,0.00,1.78,0.00,0.00,0.00,0.00
13,3w,PrDom,Basc2,65,14.02,105.16,0.00,0.68,0.00,0.00,0.00,0.00,0.00,0.00,0.00,2.70,0.00,0.00,0.00,0.00
13,3w,PrDom,Basc2,75,20.21,153.28,0.00,0.85,0.00,0.00,0.00,0.00,0.00,0.00,0.00,3.84,0.00,0.00,0.00,0.00
13,3w,PrDom,Basc2,85,27.72,213.02,0.00,1.03,0.00,0.00,0.00,0.00,0.00,0.00,0.00,5.19,0.00,0.00,0.00,0.00
13,3w,PrDom,Basc2,95,36.47,284.50,0.00,1.24,0.00,0.00,0.00,0.00,0.00,0.00,0.00,6.71,0.00,0.00,0.00,0.00
13,3w,PrDom,Basc2,105,46.27,367.10,0.00,1.45,0.00,0.00,0.00,0.00,0.00,0.00,0.00,8.38,0.00,0.00,0.00,0.00
13,3w,PrDom,Basc2,115,56.83,459.37,0.00,1.68,0.00,0.00,0.00,0.00,0.00,0.00,0.00,10.12,0.00,0.00,0.00,0.00
13,3w,PrDom,Basc2,125,67.78,558.96,0.00,1.91,0.00,0.00,0.00,0.00,0.00,0.00,0.00,11.88,0.00,0.00,0.00,0.00
13,3w,PrDom,Basc2,135,78.66,662.68,0.00,2.14,0.00,0.00,0.00,0.00,0.00,0.00,0.00,13.58,0.00,0.00,0.00,0.00
13,3w,PrDom,Basc2,145,88.97,766.65,0.00,2.36,0.00,0.00,0.00,0.00,0.00,0.00,0.00,15.14,0.00,0.00,0.00,0.00
13,3w,PrDom,Basc2,155,98.21,866.49,0.00,2.56,0.00,0.00,0.00,0.00,0.00,0.00,0.00,16.50,0.00,0.00,0.00,0.00
13,3w,PrDom,Basc2,165,105.90,957.63,0.00,2.73,0.00,0.00,0.00,0.00,0.00,0.00,0.00,17.58,0.00,0.00,0.00,0.00
13,3w,PrDom,Basc2,175,111.63,1035.64,0.00,2.86,0.00,0.00,0.00,0.00,0.00,0.00,0.00,18.33,0.00,0.00,0.00,0.00
13,3w,PrDom,Basc2,185,115.13,1096.60,0.00,2.95,0.00,0.00,0.00,0.00,0.00,0.00,0.00,18.73,0.00,0.00,0.00,0.00
13,3w,PrDom,Basc2,195,116.22,1137.41,0.00,2.99,0.00,0.00,0.00,0.00,0.00,0.00,0.00,18.76,0.00,0.00,0.00,0.00
13,3w,PrDom,Basc2,205,114.89,1156.06,0.00,2.98,0.00,0.00,0.00,0.00,0.00,0.00,0.00,18.42,0.00,0.00,0.00,0.00
13,3w,PrDom,Basc2,215,111.26,1151.78,0.00,2.92,0.00,0.00,0.00,0.00,0.00,0.00,0.00,17.74,0.00,0.00,0.00,0.00
13,3w,PrDom,Basc2,225,105.59,1125.13,0.00,2.81,0.00,0.00,0.00,0.00,0.00,0.00,0.00,16.77,0.00,0.00,0.00,0.00
13,3w,PrDom,Basc2,235,98.21,1077.88,0.00,2.66,0.00,0.00,0.00,0.00,0.00,0.00,0.00,15.55,0.00,0.00,0.00,0.00
13,3w,PrDom,Basc2,245,89.56,1012.86,0.00,2.48,0.00,0.00,0.00,0.00,0.00,0.00,0.00,14.15,0.00,0.00,0.00,0.00
13,3w,PrDom,Basc2,255,80.09,933.70,0.00,2.26,0.00,0.00,0.00,0.00,0.00,0.00,0.00,12.64,0.00,0.00,0.00,0.00
14,Patnt,PrDom,Basc2,5,0.00,0.00,0.00,0.00,0.00,0.00,0.00,0.00,0.00,0.00,0.00,0.00,0.00,0.00,0.00,0.00
14,Patnt,PrDom,Basc2,15,1.48,19.64,0.97,0.45,0.00,0.00,0.00,0.00,0.00,0.40,0.00,0.24,0.00,0.00,0.00,0.00
14,Patnt,PrDom,Basc2,25,3.65,47.89,2.04,1.22,0.00,0.00,0.00,0.00,0.00,1.02,0.00,0.62,0.00,0.00,0.00,0.00
14,Patnt,PrDom,Basc2,35,6.11,80.04,3.02,1.83,0.00,0.00,0.00,0.00,0.00,1.70,0.00,1.04,0.00,0.00,0.00,0.00
14,Patnt,PrDom,Basc2,45,8.56,112.52,3.85,2.12,0.00,0.00,0.00,0.00,0.00,2.32,0.00,1.45,0.00,0.00,0.00,0.00
14,Patnt,PrDom,Basc2,55,10.85,143.38,4.50,2.19,0.00,0.00,0.00,0.00,0.00,2.81,0.00,1.81,0.00,0.00,0.00,0.00
14,Patnt,PrDom,Basc2,65,12.88,171.69,4.97,2.16,0.00,0.00,0.00,0.00,0.00,3.16,0.00,2.13,0.00,0.00,0.00,0.00
14,Patnt,PrDom,Basc2,75,14.62,197.12,5.29,2.11,0.00,0.00,0.00,0.00,0.00,3.38,0.00,2.38,0.00,0.00,0.00,0.00
14,Patnt,PrDom,Basc2,85,16.08,219.67,5.47,2.06,0.00,0.00,0.00,0.00,0.00,3.49,0.00,2.58,0.00,0.00,0.00,0.00
14,Patnt,PrDom,Basc2,95,17.27,239.51,5.53,2.01,0.00,0.00,0.00,0.00,0.00,3.50,0.00,2.72,0.00,0.00,0.00,0.00
14,Patnt,PrDom,Basc2,105,18.21,256.88,5.49,1.96,0.00,0.00,0.00,0.00,0.00,3.46,0.00,2.82,0.00,0.00,0.00,0.00
14,Patnt,PrDom,Basc2,115,18.93,272.04,5.38,1.92,0.00,0.00,0.00,0.00,0.00,3.37,0.00,2.89,0.00,0.00,0.00,0.00
14,Patnt,PrDom,Basc2,125,19.45,285.23,5.19,1.88,0.00,0.00,0.00,0.00,0.00,3.25,0.00,2.92,0.00,0.00,0.00,0.00
14,Patnt,PrDom,Basc2,135,19.81,296.70,4.96,1.85,0.00,0.00,0.00,0.00,0.00,3.12,0.00,2.93,0.00,0.00,0.00,0.00
14,Patnt,PrDom,Basc2,145,20.01,306.66,4.70,1.82,0.00,0.00,0.00,0.00,0.00,2.97,0.00,2.92,0.00,0.00,0.00,0.00
14,Patnt,PrDom,Basc2,155,20.10,315.30,4.41,1.79,0.00,0.00,0.00,0.00,0.00,2.83,0.00,2.89,0.00,0.00,0.00,0.00
14,Patnt,PrDom,Basc2,165,20.07,322.80,4.10,1.77,0.00,0.00,0.00,0.00,0.00,2.69,0.00,2.85,0.00,0.00,0.00,0.00
14,Patnt,PrDom,Basc2,175,19.96,329.30,3.80,1.75,0.00,0.00,0.00,0.00,0.00,2.56,0.00,2.81,0.00,0.00,0.00,0.00
14,Patnt,PrDom,Basc2,185,19.78,334.93,3.50,1.73,0.00,0.00,0.00,0.00,0.00,2.43,0.00,2.75,0.00,0.00,0.00,0.00
14,Patnt,PrDom,Basc2,195,19.53,339.82,3.20,1.72,0.00,0.00,0.00,0.00,0.00,2.31,0.00,2.70,0.00,0.00,0.00,0.00
14,Patnt,PrDom,Basc2,205,19.23,344.05,2.92,1.71,0.00,0.00,0.00,0.00,0.00,2.20,0.00,2.64,0.00,0.00,0.00,0.00
14,Patnt,PrDom,Basc2,215,18.89,347.71,2.65,1.70,0.00,0.00,0.00,0.00,0.00,2.09,0.00,2.58,0.00,0.00,0.00,0.00
14,Patnt,PrDom,Basc2,225,18.52,350.89,2.40,1.69,0.00,0.00,0.00,0.00,0.00,1.99,0.00,2.52,0.00,0.00,0.00,0.00
14,Patnt,PrDom,Basc2,235,18.12,353.63,2.17,1.68,0.00,0.00,0.00,0.00,0.00,1.89,0.00,2.46,0.00,0.00,0.00,0.00
14,Patnt,PrDom,Basc2,245,17.70,356.01,1.95,1.68,0.00,0.00,0.00,0.00,0.00,1.80,0.00,2.39,0.00,0.00,0.00,0.00
14,Patnt,PrDom,Basc2,255,17.27,358.06,1.76,1.67,0.00,0.00,0.00,0.00,0.00,1.71,0.00,2.33,0.00,0.00,0.00,0.00
15,3w,PrDom,Intn1,5,0.00,0.00,0.00,0.00,0.00,0.00,0.00,0.00,0.00,0.00,0.00,0.00,0.00,0.00,0.00,0.00
15,3w,PrDom,Intn1,15,0.00,4.06,0.48,0.00,0.00,0.00,0.00,0.00,0.00,0.11,0.00,0.00,0.00,0.00,0.00,0.00
15,3w,PrDom,Intn1,25,0.00,14.09,1.42,0.00,0.00,0.00,0.00,0.00,0.00,0.42,0.00,0.00,0.00,0.00,0.00,0.00
15,3w,PrDom,Intn1,35,0.00,32.70,2.93,0.00,0.00,0.00,0.00,0.00,0.00,0.98,0.00,0.00,0.00,0.00,0.00,0.00
15,3w,PrDom,Intn1,45,0.00,62.36,5.06,0.00,0.00,0.00,0.00,0.00,0.00,1.82,0.00,0.00,0.00,0.00,0.00,0.00
15,3w,PrDom,Intn1,55,0.00,105.60,7.86,0.00,0.00,0.00,0.00,0.00,0.00,2.93,0.00,0.00,0.00,0.00,0.00,0.00
15,3w,PrDom,Intn1,65,0.00,164.79,11.32,0.00,0.00,0.00,0.00,0.00,0.00,4.29,0.00,0.00,0.00,0.00,0.00,0.00
15,3w,PrDom,Intn1,75,0.00,241.90,15.40,0.00,0.00,0.00,0.00,0.00,0.00,5.87,0.00,0.00,0.00,0.00,0.00,0.00
15,3w,PrDom,Intn1,85,0.00,338.21,19.98,0.00,0.00,0.00,0.00,0.00,0.00,7.60,0.00,0.00,0.00,0.00,0.00,0.00
15,3w,PrDom,Intn1,95,0.00,454.00,24.89,0.00,0.00,0.00,0.00,0.00,0.00,9.40,0.00,0.00,0.00,0.00,0.00,0.00
15,3w,PrDom,Intn1,105,0.00,588.32,29.88,0.00,0.00,0.00,0.00,0.00,0.00,11.21,0.00,0.00,0.00,0.00,0.00,0.00
15,3w,PrDom,Intn1,115,0.00,738.83,34.67,0.00,0.00,0.00,0.00,0.00,0.00,12.94,0.00,0.00,0.00,0.00,0.00,0.00
15,3w,PrDom,Intn1,125,0.00,901.66,38.99,0.00,0.00,0.00,0.00,0.00,0.00,14.54,0.00,0.00,0.00,0.00,0.00,0.00
15,3w,PrDom,Intn1,135,0.00,1071.60,42.56,0.00,0.00,0.00,0.00,0.00,0.00,15.93,0.00,0.00,0.00,0.00,0.00,0.00
15,3w,PrDom,Intn1,145,0.00,1242.19,45.16,0.00,0.00,0.00,0.00,0.00,0.00,17.06,0.00,0.00,0.00,0.00,0.00,0.00
15,3w,PrDom,Intn1,155,0.00,1406.21,46.66,0.00,0.00,0.00,0.00,0.00,0.00,17.89,0.00,0.00,0.00,0.00,0.00,0.00
15,3w,PrDom,Intn1,165,0.00,1556.10,46.98,0.00,0.00,0.00,0.00,0.00,0.00,18.39,0.00,0.00,0.00,0.00,0.00,0.00
15,3w,PrDom,Intn1,175,0.00,1684.55,46.14,0.00,0.00,0.00,0.00,0.00,0.00,18.55,0.00,0.00,0.00,0.00,0.00,0.00
15,3w,PrDom,Intn1,185,0.00,1785.07,44.25,0.00,0.00,0.00,0.00,0.00,0.00,18.37,0.00,0.00,0.00,0.00,0.00,0.00
15,3w,PrDom,Intn1,195,0.00,1852.57,41.46,0.00,0.00,0.00,0.00,0.00,0.00,17.86,0.00,0.00,0.00,0.00,0.00,0.00
15,3w,PrDom,Intn1,205,0.00,1883.73,37.98,0.00,0.00,0.00,0.00,0.00,0.00,17.05,0.00,0.00,0.00,0.00,0.00,0.00
15,3w,PrDom,Intn1,215,0.00,1877.30,34.03,0.00,0.00,0.00,0.00,0.00,0.00,15.99,0.00,0.00,0.00,0.00,0.00,0.00
15,3w,PrDom,Intn1,225,0.00,1834.20,29.85,0.00,0.00,0.00,0.00,0.00,0.00,14.73,0.00,0.00,0.00,0.00,0.00,0.00
15,3w,PrDom,Intn1,235,0.00,1757.34,25.63,0.00,0.00,0.00,0.00,0.00,0.00,13.33,0.00,0.00,0.00,0.00,0.00,0.00
15,3w,PrDom,Intn1,245,0.00,1651.39,21.55,0.00,0.00,0.00,0.00,0.00,0.00,11.84,0.00,0.00,0.00,0.00,0.00,0.00
15,3w,PrDom,Intn1,255,0.00,1522.29,17.75,0.00,0.00,0.00,0.00,0.00,0.00,10.33,0.00,0.00,0.00,0.00,0.00,0.00
16,Patnt,PrDom,Intn1,5,0.00,0.00,0.00,0.00,0.00,0.00,0.00,0.00,0.00,0.00,0.00,0.00,0.00,0.00,0.00,0.00
16,Patnt,PrDom,Intn1,15,1.48,19.64,0.97,0.45,0.00,0.00,0.00,0.00,0.00,0.40,0.00,0.24,0.00,0.00,0.00,0.00
16,Patnt,PrDom,Intn1,25,3.65,47.89,2.04,1.22,0.00,0.00,0.00,0.00,0.00,1.02,0.00,0.62,0.00,0.00,0.00,0.00
16,Patnt,PrDom,Intn1,35,6.11,80.04,3.02,1.83,0.00,0.00,0.00,0.00,0.00,1.70,0.00,1.04,0.00,0.00,0.00,0.00
16,Patnt,PrDom,Intn1,45,8.56,112.52,3.85,2.12,0.00,0.00,0.00,0.00,0.00,2.32,0.00,1.45,0.00,0.00,0.00,0.00
16,Patnt,PrDom,Intn1,55,10.85,143.38,4.50,2.19,0.00,0.00,0.00,0.00,0.00,2.81,0.00,1.81,0.00,0.00,0.00,0.00
16,Patnt,PrDom,Intn1,65,12.88,171.69,4.97,2.16,0.00,0.00,0.00,0.00,0.00,3.16,0.00,2.13,0.00,0.00,0.00,0.00
16,Patnt,PrDom,Intn1,75,14.62,197.12,5.29,2.11,0.00,0.00,0.00,0.00,0.00,3.38,0.00,2.38,0.00,0.00,0.00,0.00
16,Patnt,PrDom,Intn1,85,16.08,219.67,5.47,2.06,0.00,0.00,0.00,0.00,0.00,3.49,0.00,2.58,0.00,0.00,0.00,0.00
16,Patnt,PrDom,Intn1,95,17.27,239.51,5.53,2.01,0.00,0.00,0.00,0.00,0.00,3.50,0.00,2.72,0.00,0.00,0.00,0.00
16,Patnt,PrDom,Intn1,105,18.21,256.88,5.49,1.96,0.00,0.00,0.00,0.00,0.00,3.46,0.00,2.82,0.00,0.00,0.00,0.00
16,Patnt,PrDom,Intn1,115,18.93,272.04,5.38,1.92,0.00,0.00,0.00,0.00,0.00,3.37,0.00,2.89,0.00,0.00,0.00,0.00
16,Patnt,PrDom,Intn1,125,19.45,285.23,5.19,1.88,0.00,0.00,0.00,0.00,0.00,3.25,0.00,2.92,0.00,0.00,0.00,0.00
16,Patnt,PrDom,Intn1,135,19.81,296.70,4.96,1.85,0.00,0.00,0.00,0.00,0.00,3.12,0.00,2.93,0.00,0.00,0.00,0.00
16,Patnt,PrDom,Intn1,145,20.01,306.66,4.70,1.82,0.00,0.00,0.00,0.00,0.00,2.97,0.00,2.92,0.00,0.00,0.00,0.00
16,Patnt,PrDom,Intn1,155,20.10,315.30,4.41,1.79,0.00,0.00,0.00,0.00,0.00,2.83,0.00,2.89,0.00,0.00,0.00,0.00
16,Patnt,PrDom,Intn1,165,20.07,322.80,4.10,1.77,0.00,0.00,0.00,0.00,0.00,2.69,0.00,2.85,0.00,0.00,0.00,0.00
16,Patnt,PrDom,Intn1,175,19.96,329.30,3.80,1.75,0.00,0.00,0.00,0.00,0.00,2.56,0.00,2.81,0.00,0.00,0.00,0.00
16,Patnt,PrDom,Intn1,185,19.78,334.93,3.50,1.73,0.00,0.00,0.00,0.00,0.00,2.43,0.00,2.75,0.00,0.00,0.00,0.00
16,Patnt,PrDom,Intn1,195,19.53,339.82,3.20,1.72,0.00,0.00,0.00,0.00,0.00,2.31,0.00,2.70,0.00,0.00,0.00,0.00
16,Patnt,PrDom,Intn1,205,19.23,344.05,2.92,1.71,0.00,0.00,0.00,0.00,0.00,2.20,0.00,2.64,0.00,0.00,0.00,0.00
16,Patnt,PrDom,Intn1,215,18.89,347.71,2.65,1.70,0.00,0.00,0.00,0.00,0.00,2.09,0.00,2.58,0.00,0.00,0.00,0.00
16,Patnt,PrDom,Intn1,225,18.52,350.89,2.40,1.69,0.00,0.00,0.00,0.00,0.00,1.99,0.00,2.52,0.00,0.00,0.00,0.00
16,Patnt,PrDom,Intn1,235,18.12,353.63,2.17,1.68,0.00,0.00,0.00,0.00,0.00,1.89,0.00,2.46,0.00,0.00,0.00,0.00
16,Patnt,PrDom,Intn1,245,17.70,356.01,1.95,1.68,0.00,0.00,0.00,0.00,0.00,1.80,0.00,2.39,0.00,0.00,0.00,0.00
16,Patnt,PrDom,Intn1,255,17.27,358.06,1.76,1.67,0.00,0.00,0.00,0.00,0.00,1.71,0.00,2.33,0.00,0.00,0.00,0.00
19,3w,PrDom,Succ,5,0.00,0.00,0.00,0.00,0.00,0.00,0.00,0.00,0.00,0.00,0.00,0.00,0.00,0.00,0.00,0.00
19,3w,PrDom,Succ,15,0.37,2.78,0.00,0.03,0.00,0.00,0.00,0.00,0.00,0.00,0.00,0.07,0.00,0.00,0.00,0.00
19,3w,PrDom,Succ,25,1.28,9.44,0.00,0.12,0.00,0.00,0.00,0.00,0.00,0.00,0.00,0.25,0.00,0.00,0.00,0.00
19,3w,PrDom,Succ,35,2.92,21.54,0.00,0.25,0.00,0.00,0.00,0.00,0.00,0.00,0.00,0.58,0.00,0.00,0.00,0.00
19,3w,PrDom,Succ,45,5.48,40.54,0.00,0.39,0.00,0.00,0.00,0.00,0.00,0.00,0.00,1.08,0.00,0.00,0.00,0.00
19,3w,PrDom,Succ,55,9.14,67.96,0.00,0.53,0.00,0.00,0.00,0.00,0.00,0.00,0.00,1.78,0.00,0.00,0.00,0.00
19,3w,PrDom,Succ,65,14.02,105.16,0.00,0.68,0.00,0.00,0.00,0.00,0.00,0.00,0.00,2.70,0.00,0.00,0.00,0.00
19,3w,PrDom,Succ,75,20.21,153.28,0.00,0.85,0.00,0.00,0.00,0.00,0.00,0.00,0.00,3.84,0.00,0.00,0.00,0.00
19,3w,PrDom,Succ,85,27.72,213.02,0.00,1.03,0.00,0.00,0.00,0.00,0.00,0.00,0.00,5.19,0.00,0.00,0.00,0.00
19,3w,PrDom,Succ,95,36.47,284.50,0.00,1.24,0.00,0.00,0.00,0.00,0.00,0.00,0.00,6.71,0.00,0.00,0.00,0.00
19,3w,PrDom,Succ,105,46.27,367.10,0.00,1.45,0.00,0.00,0.00,0.00,0.00,0.00,0.00,8.38,0.00,0.00,0.00,0.00
19,3w,PrDom,Succ,115,56.83,459.37,0.00,1.68,0.00,0.00,0.00,0.00,0.00,0.00,0.00,10.12,0.00,0.00,0.00,0.00
19,3w,PrDom,Succ,125,67.78,558.96,0.00,1.91,0.00,0.00,0.00,0.00,0.00,0.00,0.00,11.88,0.00,0.00,0.00,0.00
19,3w,PrDom,Succ,135,78.66,662.68,0.00,2.14,0.00,0.00,0.00,0.00,0.00,0.00,0.00,13.58,0.00,0.00,0.00,0.00
19,3w,PrDom,Succ,145,88.97,766.65,0.00,2.36,0.00,0.00,0.00,0.00,0.00,0.00,0.00,15.14,0.00,0.00,0.00,0.00
19,3w,PrDom,Succ,155,98.21,866.49,0.00,2.56,0.00,0.00,0.00,0.00,0.00,0.00,0.00,16.50,0.00,0.00,0.00,0.00
19,3w,PrDom,Succ,165,105.90,957.63,0.00,2.73,0.00,0.00,0.00,0.00,0.00,0.00,0.00,17.58,0.00,0.00,0.00,0.00
19,3w,PrDom,Succ,175,111.63,1035.64,0.00,2.86,0.00,0.00,0.00,0.00,0.00,0.00,0.00,18.33,0.00,0.00,0.00,0.00
19,3w,PrDom,Succ,185,115.13,1096.60,0.00,2.95,0.00,0.00,0.00,0.00,0.00,0.00,0.00,18.73,0.00,0.00,0.00,0.00
19,3w,PrDom,Succ,195,116.22,1137.41,0.00,2.99,0.00,0.00,0.00,0.00,0.00,0.00,0.00,18.76,0.00,0.00,0.00,0.00
19,3w,PrDom,Succ,205,114.89,1156.06,0.00,2.98,0.00,0.00,0.00,0.00,0.00,0.00,0.00,18.42,0.00,0.00,0.00,0.00
19,3w,PrDom,Succ,215,111.26,1151.78,0.00,2.92,0.00,0.00,0.00,0.00,0.00,0.00,0.00,17.74,0.00,0.00,0.00,0.00
19,3w,PrDom,Succ,225,105.59,1125.13,0.00,2.81,0.00,0.00,0.00,0.00,0.00,0.00,0.00,16.77,0.00,0.00,0.00,0.00
19,3w,PrDom,Succ,235,98.21,1077.88,0.00,2.66,0.00,0.00,0.00,0.00,0.00,0.00,0.00,15.55,0.00,0.00,0.00,0.00
19,3w,PrDom,Succ,245,89.56,1012.86,0.00,2.48,0.00,0.00,0.00,0.00,0.00,0.00,0.00,14.15,0.00,0.00,0.00,0.00
19,3w,PrDom,Succ,255,80.09,933.70,0.00,2.26,0.00,0.00,0.00,0.00,0.00,0.00,0.00,12.64,0.00,0.00,0.00,0.00
20,Patnt,PrDom,Succ,5,0.00,0.00,0.00,0.00,0.00,0.00,0.00,0.00,0.00,0.00,0.00,0.00,0.00,0.00,0.00,0.00
20,Patnt,PrDom,Succ,15,1.48,19.64,0.97,0.45,0.00,0.00,0.00,0.00,0.00,0.40,0.00,0.24,0.00,0.00,0.00,0.00
20,Patnt,PrDom,Succ,25,3.65,47.89,2.04,1.22,0.00,0.00,0.00,0.00,0.00,1.02,0.00,0.62,0.00,0.00,0.00,0.00
20,Patnt,PrDom,Succ,35,6.11,80.04,3.02,1.83,0.00,0.00,0.00,0.00,0.00,1.70,0.00,1.04,0.00,0.00,0.00,0.00
20,Patnt,PrDom,Succ,45,8.56,112.52,3.85,2.12,0.00,0.00,0.00,0.00,0.00,2.32,0.00,1.45,0.00,0.00,0.00,0.00
20,Patnt,PrDom,Succ,55,10.85,143.38,4.50,2.19,0.00,0.00,0.00,0.00,0.00,2.81,0.00,1.81,0.00,0.00,0.00,0.00
20,Patnt,PrDom,Succ,65,12.88,171.69,4.97,2.16,0.00,0.00,0.00,0.00,0.00,3.16,0.00,2.13,0.00,0.00,0.00,0.00
20,Patnt,PrDom,Succ,75,14.62,197.12,5.29,2.11,0.00,0.00,0.00,0.00,0.00,3.38,0.00,2.38,0.00,0.00,0.00,0.00
20,Patnt,PrDom,Succ,85,16.08,219.67,5.47,2.06,0.00,0.00,0.00,0.00,0.00,3.49,0.00,2.58,0.00,0.00,0.00,0.00
20,Patnt,PrDom,Succ,95,17.27,239.51,5.53,2.01,0.00,0.00,0.00,0.00,0.00,3.50,0.00,2.72,0.00,0.00,0.00,0.00
20,Patnt,PrDom,Succ,105,18.21,256.88,5.49,1.96,0.00,0.00,0.00,0.00,0.00,3.46,0.00,2.82,0.00,0.00,0.00,0.00
20,Patnt,PrDom,Succ,115,18.93,272.04,5.38,1.92,0.00,0.00,0.00,0.00,0.00,3.37,0.00,2.89,0.00,0.00,0.00,0.00
20,Patnt,PrDom,Succ,125,19.45,285.23,5.19,1.88,0.00,0.00,0.00,0.00,0.00,3.25,0.00,2.92,0.00,0.00,0.00,0.00
20,Patnt,PrDom,Succ,135,19.81,296.70,4.96,1.85,0.00,0.00,0.00,0.00,0.00,3.12,0.00,2.93,0.00,0.00,0.00,0.00
20,Patnt,PrDom,Succ,145,20.01,306.66,4.70,1.82,0.00,0.00,0.00,0.00,0.00,2.97,0.00,2.92,0.00,0.00,0.00,0.00
20,Patnt,PrDom,Succ,155,20.10,315.30,4.41,1.79,0.00,0.00,0.00,0.00,0.00,2.83,0.00,2.89,0.00,0.00,0.00,0.00
20,Patnt,PrDom,Succ,165,20.07,322.80,4.10,1.77,0.00,0.00,0.00,0.00,0.00,2.69,0.00,2.85,0.00,0.00,0.00,0.00
20,Patnt,PrDom,Succ,175,19.96,329.30,3.80,1.75,0.00,0.00,0.00,0.00,0.00,2.56,0.00,2.81,0.00,0.00,0.00,0.00
20,Patnt,PrDom,Succ,185,19.78,334.93,3.50,1.73,0.00,0.00,0.00,0.00,0.00,2.43,0.00,2.75,0.00,0.00,0.00,0.00
20,Patnt,PrDom,Succ,195,19.53,339.82,3.20,1.72,0.00,0.00,0.00,0.00,0.00,2.31,0.00,2.70,0.00,0.00,0.00,0.00
20,Patnt,PrDom,Succ,205,19.23,344.05,2.92,1.71,0.00,0.00,0.00,0.00,0.00,2.20,0.00,2.64,0.00,0.00,0.00,0.00
20,Patnt,PrDom,Succ,215,18.89,347.71,2.65,1.70,0.00,0.00,0.00,0.00,0.00,2.09,0.00,2.58,0.00,0.00,0.00,0.00
20,Patnt,PrDom,Succ,225,18.52,350.89,2.40,1.69,0.00,0.00,0.00,0.00,0.00,1.99,0.00,2.52,0.00,0.00,0.00,0.00
20,Patnt,PrDom,Succ,235,18.12,353.63,2.17,1.68,0.00,0.00,0.00,0.00,0.00,1.89,0.00,2.46,0.00,0.00,0.00,0.00
20,Patnt,PrDom,Succ,245,17.70,356.01,1.95,1.68,0.00,0.00,0.00,0.00,0.00,1.80,0.00,2.39,0.00,0.00,0.00,0.00
20,Patnt,PrDom,Succ,255,17.27,358.06,1.76,1.67,0.00,0.00,0.00,0.00,0.00,1.71,0.00,2.33,0.00,0.00,0.00,0.00
21,3w,PrwMx,Prsnt,5,0.00,0.00,0.00,0.00,0.00,0.00,0.00,0.00,0.00,0.00,0.00,0.00,0.00,0.00,0.00,0.00
21,3w,PrwMx,Prsnt,15,0.89,3.21,1.38,1.04,0.60,0.48,0.35,0.00,0.00,0.35,0.00,0.32,0.00,0.00,0.00,0.00
21,3w,PrwMx,Prsnt,25,2.96,10.52,3.86,3.76,1.60,1.73,0.56,0.00,0.00,1.21,0.00,1.07,0.00,0.00,0.00,0.00
21,3w,PrwMx,Prsnt,35,6.32,22.44,7.31,7.22,2.74,3.24,0.76,0.00,0.00,2.57,0.00,2.30,0.00,0.00,0.00,0.00
21,3w,PrwMx,Prsnt,45,10.96,39.02,11.51,10.33,3.84,4.52,0.95,0.00,0.00,4.33,0.00,3.97,0.00,0.00,0.00,0.00
21,3w,PrwMx,Prsnt,55,16.64,59.59,16.11,12.75,4.81,5.47,1.12,0.00,0.00,6.30,0.00,5.97,0.00,0.00,0.00,0.00
21,3w,PrwMx,Prsnt,65,22.99,83.02,20.71,14.67,5.63,6.19,1.27,0.00,0.00,8.24,0.00,8.14,0.00,0.00,0.00,0.00
21,3w,PrwMx,Prsnt,75,29.63,108.20,25.01,16.28,6.30,6.76,1.39,0.00,0.00,10.00,0.00,10.34,0.00,0.00,0.00,0.00
21,3w,PrwMx,Prsnt,85,36.26,134.14,28.78,17.66,6.86,7.22,1.49,0.00,0.00,11.48,0.00,12.45,0.00,0.00,0.00,0.00
21,3w,PrwMx,Prsnt,95,42.59,159.97,31.85,18.84,7.33,7.57,1.55,0.00,0.00,12.62,0.00,14.38,0.00,0.00,0.00,0.00
21,3w,PrwMx,Prsnt,105,48.41,184.94,34.11,19.82,7.72,7.83,1.59,0.00,0.00,13.42,0.00,16.07,0.00,0.00,0.00,0.00
21,3w,PrwMx,Prsnt,115,53.54,208.37,35.51,20.63,8.04,8.00,1.61,0.00,0.00,13.90,0.00,17.49,0.00,0.00,0.00,0.00
21,3w,PrwMx,Prsnt,125,57.85,229.70,36.07,21.26,8.29,8.09,1.61,0.00,0.00,14.11,0.00,18.60,0.00,0.00,0.00,0.00
21,3w,PrwMx,Prsnt,135,61.26,248.48,35.84,21.71,8.47,8.10,1.58,0.00,0.00,14.07,0.00,19.39,0.00,0.00,0.00,0.00
21,3w,PrwMx,Prsnt,145,63.72,264.38,34.91,22.00,8.58,8.04,1.53,0.00,0.00,13.83,0.00,19.89,0.00,0.00,0.00,0.00
21,3w,PrwMx,Prsnt,155,65.24,277.16,33.40,22.11,8.63,7.92,1.47,0.00,0.00,13.43,0.00,20.10,0.00,0.00,0.00,0.00
21,3w,PrwMx,Prsnt,165,65.84,286.69,31.43,22.07,8.61,7.74,1.40,0.00,0.00,12.90,0.00,20.04,0.00,0.00,0.00,0.00
21,3w,PrwMx,Prsnt,175,65.58,292.94,29.14,21.87,8.53,7.51,1.32,0.00,0.00,12.29,0.00,19.75,0.00,0.00,0.00,0.00
21,3w,PrwMx,Prsnt,185,64.54,295.97,26.64,21.52,8.40,7.23,1.23,0.00,0.00,11.60,0.00,19.25,0.00,0.00,0.00,0.00
21,3w,PrwMx,Prsnt,195,62.80,295.90,24.05,21.04,8.21,6.92,1.13,0.00,0.00,10.86,0.00,18.58,0.00,0.00,0.00,0.00
21,3w,PrwMx,Prsnt,205,60.46,292.92,21.45,20.43,7.98,6.57,1.04,0.00,0.00,10.10,0.00,17.77,0.00,0.00,0.00,0.00
21,3w,PrwMx,Prsnt,215,57.64,287.29,18.91,19.70,7.70,6.20,0.94,0.00,0.00,9.32,0.00,16.85,0.00,0.00,0.00,0.00
21,3w,PrwMx,Prsnt,225,54.43,279.29,16.50,18.88,7.38,5.80,0.84,0.00,0.00,8.54,0.00,15.85,0.00,0.00,0.00,0.00
21,3w,PrwMx,Prsnt,235,50.95,269.22,14.25,17.98,7.03,5.40,0.75,0.00,0.00,7.77,0.00,14.79,0.00,0.00,0.00,0.00
21,3w,PrwMx,Prsnt,245,47.27,257.42,12.20,17.01,6.65,4.99,0.66,0.00,0.00,7.03,0.00,13.70,0.00,0.00,0.00,0.00
21,3w,PrwMx,Prsnt,255,43.50,244.22,10.34,15.99,6.25,4.58,0.58,0.00,0.00,6.31,0.00,12.59,0.00,0.00,0.00,0.00
22,Patnt,PrwMx,Prsnt,5,0.00,0.00,0.00,0.00,0.00,0.00,0.00,0.00,0.00,0.00,0.00,0.00,0.00,0.00,0.00,0.00
22,Patnt,PrwMx,Prsnt,15,0.38,5.15,3.96,1.02,0.57,0.17,0.00,0.00,0.00,0.81,0.00,0.14,0.00,0.00,0.00,0.00
22,Patnt,PrwMx,Prsnt,25,1.19,15.97,10.50,3.50,1.45,0.59,0.00,0.00,0.00,2.63,0.00,0.47,0.00,0.00,0.00,0.00
22,Patnt,PrwMx,Prsnt,35,2.40,32.11,18.74,6.32,2.34,1.05,0.00,0.00,0.00,5.27,0.00,0.95,0.00,0.00,0.00,0.00
22,Patnt,PrwMx,Prsnt,45,3.92,52.65,27.83,8.53,3.09,1.38,0.00,0.00,0.00,8.38,0.00,1.55,0.00,0.00,0.00,0.00
22,Patnt,PrwMx,Prsnt,55,5.65,76.33,36.96,10.00,3.68,1.59,0.00,0.00,0.00,11.56,0.00,2.21,0.00,0.00,0.00,0.00
22,Patnt,PrwMx,Prsnt,65,7.48,101.88,45.53,11.02,4.12,1.72,0.00,0.00,0.00,14.50,0.00,2.89,0.00,0.00,0.00,0.00
22,Patnt,PrwMx,Prsnt,75,9.32,128.30,53.13,11.82,4.46,1.82,0.00,0.00,0.00,17.00,0.00,3.54,0.00,0.00,0.00,0.00
22,Patnt,PrwMx,Prsnt,85,11.10,154.87,59.51,12.48,4.73,1.89,0.00,0.00,0.00,18.99,0.00,4.16,0.00,0.00,0.00,0.00
22,Patnt,PrwMx,Prsnt,95,12.78,181.05,64.55,13.05,4.95,1.94,0.00,0.00,0.00,20.46,0.00,4.71,0.00,0.00,0.00,0.00
22,Patnt,PrwMx,Prsnt,105,14.34,206.48,68.20,13.55,5.14,1.98,0.00,0.00,0.00,21.47,0.00,5.19,0.00,0.00,0.00,0.00
22,Patnt,PrwMx,Prsnt,115,15.74,230.88,70.47,13.99,5.32,2.01,0.00,0.00,0.00,22.07,0.00,5.60,0.00,0.00,0.00,0.00
22,Patnt,PrwMx,Prsnt,125,16.97,254.08,71.46,14.40,5.47,2.03,0.00,0.00,0.00,22.36,0.00,5.95,0.00,0.00,0.00,0.00
22,Patnt,PrwMx,Prsnt,135,18.05,275.96,71.28,14.76,5.61,2.04,0.00,0.00,0.00,22.38,0.00,6.23,0.00,0.00,0.00,0.00
22,Patnt,PrwMx,Prsnt,145,18.96,296.48,70.11,15.10,5.74,2.05,0.00,0.00,0.00,22.22,0.00,6.45,0.00,0.00,0.00,0.00
22,Patnt,PrwMx,Prsnt,155,19.71,315.61,68.11,15.42,5.86,2.05,0.00,0.00,0.00,21.91,0.00,6.62,0.00,0.00,0.00,0.00
22,Patnt,PrwMx,Prsnt,165,20.31,333.37,65.46,15.71,5.98,2.04,0.00,0.00,0.00,21.50,0.00,6.74,0.00,0.00,0.00,0.00
22,Patnt,PrwMx,Prsnt,175,20.77,349.81,62.32,15.99,6.08,2.04,0.00,0.00,0.00,21.02,0.00,6.82,0.00,0.00,0.00,0.00
22,Patnt,PrwMx,Prsnt,185,21.11,364.98,58.84,16.25,6.18,2.03,0.00,0.00,0.00,20.49,0.00,6.87,0.00,0.00,0.00,0.00
22,Patnt,PrwMx,Prsnt,195,21.33,378.97,55.16,16.49,6.28,2.01,0.00,0.00,0.00,19.93,0.00,6.89,0.00,0.00,0.00,0.00
22,Patnt,PrwMx,Prsnt,205,21.45,391.83,51.38,16.73,6.37,1.99,0.00,0.00,0.00,19.35,0.00,6.88,0.00,0.00,0.00,0.00
22,Patnt,PrwMx,Prsnt,215,21.48,403.66,47.60,16.95,6.46,1.98,0.00,0.00,0.00,18.76,0.00,6.85,0.00,0.00,0.00,0.00
22,Patnt,PrwMx,Prsnt,225,21.43,414.54,43.87,17.16,6.54,1.96,0.00,0.00,0.00,18.16,0.00,6.81,0.00,0.00,0.00,0.00
22,Patnt,PrwMx,Prsnt,235,21.31,424.54,40.26,17.36,6.62,1.93,0.00,0.00,0.00,17.57,0.00,6.75,0.00,0.00,0.00,0.00
22,Patnt,PrwMx,Prsnt,245,21.13,433.74,36.81,17.55,6.69,1.91,0.00,0.00,0.00,16.97,0.00,6.68,0.00,0.00,0.00,0.00
22,Patnt,PrwMx,Prsnt,255,20.90,442.20,33.54,17.73,6.76,1.88,0.00,0.00,0.00,16.38,0.00,6.60,0.00,0.00,0.00,0.00
23,3w,PrwMx,Basc1,5,0.00,0.00,0.00,0.00,0.00,0.00,0.00,0.00,0.00,0.00,0.00,0.00,0.00,0.00,0.00,0.00
23,3w,PrwMx,Basc1,15,0.89,3.21,1.38,1.04,0.60,0.48,0.35,0.00,0.00,0.35,0.00,0.32,0.00,0.00,0.00,0.00
23,3w,PrwMx,Basc1,25,2.96,10.52,3.86,3.76,1.60,1.73,0.56,0.00,0.00,1.21,0.00,1.07,0.00,0.00,0.00,0.00
23,3w,PrwMx,Basc1,35,6.32,22.44,7.31,7.22,2.74,3.24,0.76,0.00,0.00,2.57,0.00,2.30,0.00,0.00,0.00,0.00
23,3w,PrwMx,Basc1,45,10.96,39.02,11.51,10.33,3.84,4.52,0.95,0.00,0.00,4.33,0.00,3.97,0.00,0.00,0.00,0.00
23,3w,PrwMx,Basc1,55,16.64,59.59,16.11,12.75,4.81,5.47,1.12,0.00,0.00,6.30,0.00,5.97,0.00,0.00,0.00,0.00
23,3w,PrwMx,Basc1,65,22.99,83.02,20.71,14.67,5.63,6.19,1.27,0.00,0.00,8.24,0.00,8.14,0.00,0.00,0.00,0.00
23,3w,PrwMx,Basc1,75,29.63,108.20,25.01,16.28,6.30,6.76,1.39,0.00,0.00,10.00,0.00,10.34,0.00,0.00,0.00,0.00
23,3w,PrwMx,Basc1,85,36.26,134.14,28.78,17.66,6.86,7.22,1.49,0.00,0.00,11.48,0.00,12.45,0.00,0.00,0.00,0.00
23,3w,PrwMx,Basc1,95,42.59,159.97,31.85,18.84,7.33,7.57,1.55,0.00,0.00,12.62,0.00,14.38,0.00,0.00,0.00,0.00
23,3w,PrwMx,Basc1,105,48.41,184.94,34.11,19.82,7.72,7.83,1.59,0.00,0.00,13.42,0.00,16.07,0.00,0.00,0.00,0.00
23,3w,PrwMx,Basc1,115,53.54,208.37,35.51,20.63,8.04,8.00,1.61,0.00,0.00,13.90,0.00,17.49,0.00,0.00,0.00,0.00
23,3w,PrwMx,Basc1,125,57.85,229.70,36.07,21.26,8.29,8.09,1.61,0.00,0.00,14.11,0.00,18.60,0.00,0.00,0.00,0.00
23,3w,PrwMx,Basc1,135,61.26,248.48,35.84,21.71,8.47,8.10,1.58,0.00,0.00,14.07,0.00,19.39,0.00,0.00,0.00,0.00
23,3w,PrwMx,Basc1,145,63.72,264.38,34.91,22.00,8.58,8.04,1.53,0.00,0.00,13.83,0.00,19.89,0.00,0.00,0.00,0.00
23,3w,PrwMx,Basc1,155,65.24,277.16,33.40,22.11,8.63,7.92,1.47,0.00,0.00,13.43,0.00,20.10,0.00,0.00,0.00,0.00
23,3w,PrwMx,Basc1,165,65.84,286.69,31.43,22.07,8.61,7.74,1.40,0.00,0.00,12.90,0.00,20.04,0.00,0.00,0.00,0.00
23,3w,PrwMx,Basc1,175,65.58,292.94,29.14,21.87,8.53,7.51,1.32,0.00,0.00,12.29,0.00,19.75,0.00,0.00,0.00,0.00
23,3w,PrwMx,Basc1,185,64.54,295.97,26.64,21.52,8.40,7.23,1.23,0.00,0.00,11.60,0.00,19.25,0.00,0.00,0.00,0.00
23,3w,PrwMx,Basc1,195,62.80,295.90,24.05,21.04,8.21,6.92,1.13,0.00,0.00,10.86,0.00,18.58,0.00,0.00,0.00,0.00
23,3w,PrwMx,Basc1,205,60.46,292.92,21.45,20.43,7.98,6.57,1.04,0.00,0.00,10.10,0.00,17.77,0.00,0.00,0.00,0.00
23,3w,PrwMx,Basc1,215,57.64,287.29,18.91,19.70,7.70,6.20,0.94,0.00,0.00,9.32,0.00,16.85,0.00,0.00,0.00,0.00
23,3w,PrwMx,Basc1,225,54.43,279.29,16.50,18.88,7.38,5.80,0.84,0.00,0.00,8.54,0.00,15.85,0.00,0.00,0.00,0.00
23,3w,PrwMx,Basc1,235,50.95,269.22,14.25,17.98,7.03,5.40,0.75,0.00,0.00,7.77,0.00,14.79,0.00,0.00,0.00,0.00
23,3w,PrwMx,Basc1,245,47.27,257.42,12.20,17.01,6.65,4.99,0.66,0.00,0.00,7.03,0.00,13.70,0.00,0.00,0.00,0.00
23,3w,PrwMx,Basc1,255,43.50,244.22,10.34,15.99,6.25,4.58,0.58,0.00,0.00,6.31,0.00,12.59,0.00,0.00,0.00,0.00
24,Patnt,PrwMx,Basc1,5,0.00,0.00,0.00,0.00,0.00,0.00,0.00,0.00,0.00,0.00,0.00,0.00,0.00,0.00,0.00,0.00
24,Patnt,PrwMx,Basc1,15,0.38,5.15,3.96,1.02,0.57,0.17,0.00,0.00,0.00,0.81,0.00,0.14,0.00,0.00,0.00,0.00
24,Patnt,PrwMx,Basc1,25,1.19,15.97,10.50,3.50,1.45,0.59,0.00,0.00,0.00,2.63,0.00,0.47,0.00,0.00,0.00,0.00
24,Patnt,PrwMx,Basc1,35,2.40,32.11,18.74,6.32,2.34,1.05,0.00,0.00,0.00,5.27,0.00,0.95,0.00,0.00,0.00,0.00
24,Patnt,PrwMx,Basc1,45,3.92,52.65,27.83,8.53,3.09,1.38,0.00,0.00,0.00,8.38,0.00,1.55,0.00,0.00,0.00,0.00
24,Patnt,PrwMx,Basc1,55,5.65,76.33,36.96,10.00,3.68,1.59,0.00,0.00,0.00,11.56,0.00,2.21,0.00,0.00,0.00,0.00
24,Patnt,PrwMx,Basc1,65,7.48,101.88,45.53,11.02,4.12,1.72,0.00,0.00,0.00,14.50,0.00,2.89,0.00,0.00,0.00,0.00
24,Patnt,PrwMx,Basc1,75,9.32,128.30,53.13,11.82,4.46,1.82,0.00,0.00,0.00,17.00,0.00,3.54,0.00,0.00,0.00,0.00
24,Patnt,PrwMx,Basc1,85,11.10,154.87,59.51,12.48,4.73,1.89,0.00,0.00,0.00,18.99,0.00,4.16,0.00,0.00,0.00,0.00
24,Patnt,PrwMx,Basc1,95,12.78,181.05,64.55,13.05,4.95,1.94,0.00,0.00,0.00,20.46,0.00,4.71,0.00,0.00,0.00,0.00
24,Patnt,PrwMx,Basc1,105,14.34,206.48,68.20,13.55,5.14,1.98,0.00,0.00,0.00,21.47,0.00,5.19,0.00,0.00,0.00,0.00
24,Patnt,PrwMx,Basc1,115,15.74,230.88,70.47,13.99,5.32,2.01,0.00,0.00,0.00,22.07,0.00,5.60,0.00,0.00,0.00,0.00
24,Patnt,PrwMx,Basc1,125,16.97,254.08,71.46,14.40,5.47,2.03,0.00,0.00,0.00,22.36,0.00,5.95,0.00,0.00,0.00,0.00
24,Patnt,PrwMx,Basc1,135,18.05,275.96,71.28,14.76,5.61,2.04,0.00,0.00,0.00,22.38,0.00,6.23,0.00,0.00,0.00,0.00
24,Patnt,PrwMx,Basc1,145,18.96,296.48,70.11,15.10,5.74,2.05,0.00,0.00,0.00,22.22,0.00,6.45,0.00,0.00,0.00,0.00
24,Patnt,PrwMx,Basc1,155,19.71,315.61,68.11,15.42,5.86,2.05,0.00,0.00,0.00,21.91,0.00,6.62,0.00,0.00,0.00,0.00
24,Patnt,PrwMx,Basc1,165,20.31,333.37,65.46,15.71,5.98,2.04,0.00,0.00,0.00,21.50,0.00,6.74,0.00,0.00,0.00,0.00
24,Patnt,PrwMx,Basc1,175,20.77,349.81,62.32,15.99,6.08,2.04,0.00,0.00,0.00,21.02,0.00,6.82,0.00,0.00,0.00,0.00
24,Patnt,PrwMx,Basc1,185,21.11,364.98,58.84,16.25,6.18,2.03,0.00,0.00,0.00,20.49,0.00,6.87,0.00,0.00,0.00,0.00
24,Patnt,PrwMx,Basc1,195,21.33,378.97,55.16,16.49,6.28,2.01,0.00,0.00,0.00,19.93,0.00,6.89,0.00,0.00,0.00,0.00
24,Patnt,PrwMx,Basc1,205,21.45,391.83,51.38,16.73,6.37,1.99,0.00,0.00,0.00,19.35,0.00,6.88,0.00,0.00,0.00,0.00
24,Patnt,PrwMx,Basc1,215,21.48,403.66,47.60,16.95,6.46,1.98,0.00,0.00,0.00,18.76,0.00,6.85,0.00,0.00,0.00,0.00
24,Patnt,PrwMx,Basc1,225,21.43,414.54,43.87,17.16,6.54,1.96,0.00,0.00,0.00,18.16,0.00,6.81,0.00,0.00,0.00,0.00
24,Patnt,PrwMx,Basc1,235,21.31,424.54,40.26,17.36,6.62,1.93,0.00,0.00,0.00,17.57,0.00,6.75,0.00,0.00,0.00,0.00
24,Patnt,PrwMx,Basc1,245,21.13,433.74,36.81,17.55,6.69,1.91,0.00,0.00,0.00,16.97,0.00,6.68,0.00,0.00,0.00,0.00
24,Patnt,PrwMx,Basc1,255,20.90,442.20,33.54,17.73,6.76,1.88,0.00,0.00,0.00,16.38,0.00,6.60,0.00,0.00,0.00,0.00
25,3w,PrwMx,Basc2,5,0.00,0.00,0.00,0.00,0.00,0.00,0.00,0.00,0.00,0.00,0.00,0.00,0.00,0.00,0.00,0.00
25,3w,PrwMx,Basc2,15,0.00,2.51,2.62,0.52,0.00,0.00,0.00,0.00,0.00,0.71,0.00,0.00,0.00,0.00,0.00,0.00
25,3w,PrwMx,Basc2,25,0.00,8.43,7.52,1.94,0.00,0.00,0.00,0.00,0.00,2.50,0.00,0.00,0.00,0.00,0.00,0.00
25,3w,PrwMx,Basc2,35,0.00,18.14,14.38,3.75,0.00,0.00,0.00,0.00,0.00,5.36,0.00,0.00,0.00,0.00,0.00,0.00
25,3w,PrwMx,Basc2,45,0.00,31.53,22.63,5.37,0.00,0.00,0.00,0.00,0.00,9.03,0.00,0.00,0.00,0.00,0.00,0.00
25,3w,PrwMx,Basc2,55,0.00,48.13,31.65,6.63,0.00,0.00,0.00,0.00,0.00,13.11,0.00,0.00,0.00,0.00,0.00,0.00
25,3w,PrwMx,Basc2,65,0.00,67.23,40.80,7.64,0.00,0.00,0.00,0.00,0.00,17.21,0.00,0.00,0.00,0.00,0.00,0.00
25,3w,PrwMx,Basc2,75,0.00,88.09,49.53,8.53,0.00,0.00,0.00,0.00,0.00,20.99,0.00,0.00,0.00,0.00,0.00,0.00
25,3w,PrwMx,Basc2,85,0.00,109.97,57.39,9.31,0.00,0.00,0.00,0.00,0.00,24.25,0.00,0.00,0.00,0.00,0.00,0.00
25,3w,PrwMx,Basc2,95,0.00,132.16,63.99,10.01,0.00,0.00,0.00,0.00,0.00,26.87,0.00,0.00,0.00,0.00,0.00,0.00
25,3w,PrwMx,Basc2,105,0.00,153.97,69.07,10.62,0.00,0.00,0.00,0.00,0.00,28.80,0.00,0.00,0.00,0.00,0.00,0.00
25,3w,PrwMx,Basc2,115,0.00,174.78,72.45,11.13,0.00,0.00,0.00,0.00,0.00,30.06,0.00,0.00,0.00,0.00,0.00,0.00
25,3w,PrwMx,Basc2,125,0.00,194.03,74.11,11.55,0.00,0.00,0.00,0.00,0.00,30.71,0.00,0.00,0.00,0.00,0.00,0.00
25,3w,PrwMx,Basc2,135,0.00,211.25,74.10,11.88,0.00,0.00,0.00,0.00,0.00,30.82,0.00,0.00,0.00,0.00,0.00,0.00
25,3w,PrwMx,Basc2,145,0.00,226.06,72.59,12.10,0.00,0.00,0.00,0.00,0.00,30.47,0.00,0.00,0.00,0.00,0.00,0.00
25,3w,PrwMx,Basc2,155,0.00,238.19,69.80,12.23,0.00,0.00,0.00,0.00,0.00,29.74,0.00,0.00,0.00,0.00,0.00,0.00
25,3w,PrwMx,Basc2,165,0.00,247.48,65.99,12.26,0.00,0.00,0.00,0.00,0.00,28.71,0.00,0.00,0.00,0.00,0.00,0.00
25,3w,PrwMx,Basc2,175,0.00,253.85,61.41,12.19,0.00,0.00,0.00,0.00,0.00,27.44,0.00,0.00,0.00,0.00,0.00,0.00
25,3w,PrwMx,Basc2,185,0.00,257.32,56.34,12.04,0.00,0.00,0.00,0.00,0.00,25.99,0.00,0.00,0.00,0.00,0.00,0.00
25,3w,PrwMx,Basc2,195,0.00,257.98,51.00,11.80,0.00,0.00,0.00,0.00,0.00,24.41,0.00,0.00,0.00,0.00,0.00,0.00
25,3w,PrwMx,Basc2,205,0.00,256.00,45.59,11.48,0.00,0.00,0.00,0.00,0.00,22.74,0.00,0.00,0.00,0.00,0.00,0.00
25,3w,PrwMx,Basc2,215,0.00,251.58,40.28,11.10,0.00,0.00,0.00,0.00,0.00,21.03,0.00,0.00,0.00,0.00,0.00,0.00
25,3w,PrwMx,Basc2,225,0.00,244.99,35.21,10.66,0.00,0.00,0.00,0.00,0.00,19.31,0.00,0.00,0.00,0.00,0.00,0.00
25,3w,PrwMx,Basc2,235,0.00,236.50,30.46,10.16,0.00,0.00,0.00,0.00,0.00,17.60,0.00,0.00,0.00,0.00,0.00,0.00
25,3w,PrwMx,Basc2,245,0.00,226.40,26.09,9.63,0.00,0.00,0.00,0.00,0.00,15.93,0.00,0.00,0.00,0.00,0.00,0.00
25,3w,PrwMx,Basc2,255,0.00,215.01,22.14,9.06,0.00,0.00,0.00,0.00,0.00,14.33,0.00,0.00,0.00,0.00,0.00,0.00
26,Patnt,PrwMx,Basc2,5,0.00,0.00,0.00,0.00,0.00,0.00,0.00,0.00,0.00,0.00,0.00,0.00,0.00,0.00,0.00,0.00
26,Patnt,PrwMx,Basc2,15,0.38,5.15,3.96,1.02,0.57,0.17,0.00,0.00,0.00,0.81,0.00,0.14,0.00,0.00,0.00,0.00
26,Patnt,PrwMx,Basc2,25,1.19,15.97,10.50,3.50,1.45,0.59,0.00,0.00,0.00,2.63,0.00,0.47,0.00,0.00,0.00,0.00
26,Patnt,PrwMx,Basc2,35,2.40,32.11,18.74,6.32,2.34,1.05,0.00,0.00,0.00,5.27,0.00,0.95,0.00,0.00,0.00,0.00
26,Patnt,PrwMx,Basc2,45,3.92,52.65,27.83,8.53,3.09,1.38,0.00,0.00,0.00,8.38,0.00,1.55,0.00,0.00,0.00,0.00
26,Patnt,PrwMx,Basc2,55,5.65,76.33,36.96,10.00,3.68,1.59,0.00,0.00,0.00,11.56,0.00,2.21,0.00,0.00,0.00,0.00
26,Patnt,PrwMx,Basc2,65,7.48,101.88,45.53,11.02,4.12,1.72,0.00,0.00,0.00,14.50,0.00,2.89,0.00,0.00,0.00,0.00
26,Patnt,PrwMx,Basc2,75,9.32,128.30,53.13,11.82,4.46,1.82,0.00,0.00,0.00,17.00,0.00,3.54,0.00,0.00,0.00,0.00
26,Patnt,PrwMx,Basc2,85,11.10,154.87,59.51,12.48,4.73,1.89,0.00,0.00,0.00,18.99,0.00,4.16,0.00,0.00,0.00,0.00
26,Patnt,PrwMx,Basc2,95,12.78,181.05,64.55,13.05,4.95,1.94,0.00,0.00,0.00,20.46,0.00,4.71,0.00,0.00,0.00,0.00
26,Patnt,PrwMx,Basc2,105,14.34,206.48,68.20,13.55,5.14,1.98,0.00,0.00,0.00,21.47,0.00,5.19,0.00,0.00,0.00,0.00
26,Patnt,PrwMx,Basc2,115,15.74,230.88,70.47,13.99,5.32,2.01,0.00,0.00,0.00,22.07,0.00,5.60,0.00,0.00,0.00,0.00
26,Patnt,PrwMx,Basc2,125,16.97,254.08,71.46,14.40,5.47,2.03,0.00,0.00,0.00,22.36,0.00,5.95,0.00,0.00,0.00,0.00
26,Patnt,PrwMx,Basc2,135,18.05,275.96,71.28,14.76,5.61,2.04,0.00,0.00,0.00,22.38,0.00,6.23,0.00,0.00,0.00,0.00
26,Patnt,PrwMx,Basc2,145,18.96,296.48,70.11,15.10,5.74,2.05,0.00,0.00,0.00,22.22,0.00,6.45,0.00,0.00,0.00,0.00
26,Patnt,PrwMx,Basc2,155,19.71,315.61,68.11,15.42,5.86,2.05,0.00,0.00,0.00,21.91,0.00,6.62,0.00,0.00,0.00,0.00
26,Patnt,PrwMx,Basc2,165,20.31,333.37,65.46,15.71,5.98,2.04,0.00,0.00,0.00,21.50,0.00,6.74,0.00,0.00,0.00,0.00
26,Patnt,PrwMx,Basc2,175,20.77,349.81,62.32,15.99,6.08,2.04,0.00,0.00,0.00,21.02,0.00,6.82,0.00,0.00,0.00,0.00
26,Patnt,PrwMx,Basc2,185,21.11,364.98,58.84,16.25,6.18,2.03,0.00,0.00,0.00,20.49,0.00,6.87,0.00,0.00,0.00,0.00
26,Patnt,PrwMx,Basc2,195,21.33,378.97,55.16,16.49,6.28,2.01,0.00,0.00,0.00,19.93,0.00,6.89,0.00,0.00,0.00,0.00
26,Patnt,PrwMx,Basc2,205,21.45,391.83,51.38,16.73,6.37,1.99,0.00,0.00,0.00,19.35,0.00,6.88,0.00,0.00,0.00,0.00
26,Patnt,PrwMx,Basc2,215,21.48,403.66,47.60,16.95,6.46,1.98,0.00,0.00,0.00,18.76,0.00,6.85,0.00,0.00,0.00,0.00
26,Patnt,PrwMx,Basc2,225,21.43,414.54,43.87,17.16,6.54,1.96,0.00,0.00,0.00,18.16,0.00,6.81,0.00,0.00,0.00,0.00
26,Patnt,PrwMx,Basc2,235,21.31,424.54,40.26,17.36,6.62,1.93,0.00,0.00,0.00,17.57,0.00,6.75,0.00,0.00,0.00,0.00
26,Patnt,PrwMx,Basc2,245,21.13,433.74,36.81,17.55,6.69,1.91,0.00,0.00,0.00,16.97,0.00,6.68,0.00,0.00,0.00,0.00
26,Patnt,PrwMx,Basc2,255,20.90,442.20,33.54,17.73,6.76,1.88,0.00,0.00,0.00,16.38,0.00,6.60,0.00,0.00,0.00,0.00
27,3w,PrwMx,Intn1,5,0.00,0.00,0.00,0.00,0.00,0.00,0.00,0.00,0.00,0.00,0.00,0.00,0.00,0.00,0.00,0.00
27,3w,PrwMx,Intn1,15,0.00,3.91,3.43,0.62,0.39,0.00,0.00,0.00,0.00,0.61,0.00,0.00,0.00,0.00,0.00,0.00
27,3w,PrwMx,Intn1,25,0.00,13.05,9.76,2.29,1.05,0.00,0.00,0.00,0.00,2.13,0.00,0.00,0.00,0.00,0.00,0.00
27,3w,PrwMx,Intn1,35,0.00,27.79,18.46,4.39,1.80,0.00,0.00,0.00,0.00,4.52,0.00,0.00,0.00,0.00,0.00,0.00
27,3w,PrwMx,Intn1,45,0.00,47.81,28.77,6.21,2.50,0.00,0.00,0.00,0.00,7.53,0.00,0.00,0.00,0.00,0.00,0.00
27,3w,PrwMx,Intn1,55,0.00,72.30,39.86,7.59,3.11,0.00,0.00,0.00,0.00,10.84,0.00,0.00,0.00,0.00,0.00,0.00
27,3w,PrwMx,Intn1,65,0.00,100.14,50.94,8.69,3.61,0.00,0.00,0.00,0.00,14.11,0.00,0.00,0.00,0.00,0.00,0.00
27,3w,PrwMx,Intn1,75,0.00,130.18,61.36,9.61,4.03,0.00,0.00,0.00,0.00,17.07,0.00,0.00,0.00,0.00,0.00,0.00
27,3w,PrwMx,Intn1,85,0.00,161.32,70.57,10.42,4.39,0.00,0.00,0.00,0.00,19.58,0.00,0.00,0.00,0.00,0.00,0.00
27,3w,PrwMx,Intn1,95,0.00,192.55,78.16,11.13,4.69,0.00,0.00,0.00,0.00,21.54,0.00,0.00,0.00,0.00,0.00,0.00
27,3w,PrwMx,Intn1,105,0.00,222.92,83.82,11.73,4.95,0.00,0.00,0.00,0.00,22.94,0.00,0.00,0.00,0.00,0.00,0.00
27,3w,PrwMx,Intn1,115,0.00,251.60,87.42,12.23,5.16,0.00,0.00,0.00,0.00,23.81,0.00,0.00,0.00,0.00,0.00,0.00
27,3w,PrwMx,Intn1,125,0.00,277.84,88.95,12.62,5.33,0.00,0.00,0.00,0.00,24.20,0.00,0.00,0.00,0.00,0.00,0.00
27,3w,PrwMx,Intn1,135,0.00,301.07,88.53,12.91,5.45,0.00,0.00,0.00,0.00,24.17,0.00,0.00,0.00,0.00,0.00,0.00
27,3w,PrwMx,Intn1,145,0.00,320.82,86.37,13.10,5.54,0.00,0.00,0.00,0.00,23.80,0.00,0.00,0.00,0.00,0.00,0.00
27,3w,PrwMx,Intn1,155,0.00,336.78,82.74,13.19,5.57,0.00,0.00,0.00,0.00,23.14,0.00,0.00,0.00,0.00,0.00,0.00
27,3w,PrwMx,Intn1,165,0.00,348.77,77.96,13.18,5.57,0.00,0.00,0.00,0.00,22.27,0.00,0.00,0.00,0.00,0.00,0.00
27,3w,PrwMx,Intn1,175,0.00,356.72,72.34,13.07,5.53,0.00,0.00,0.00,0.00,21.22,0.00,0.00,0.00,0.00,0.00,0.00
27,3w,PrwMx,Intn1,185,0.00,360.68,66.20,12.87,5.44,0.00,0.00,0.00,0.00,20.05,0.00,0.00,0.00,0.00,0.00,0.00
27,3w,PrwMx,Intn1,195,0.00,360.83,59.79,12.59,5.33,0.00,0.00,0.00,0.00,18.79,0.00,0.00,0.00,0.00,0.00,0.00
27,3w,PrwMx,Intn1,205,0.00,357.38,53.35,12.23,5.17,0.00,0.00,0.00,0.00,17.47,0.00,0.00,0.00,0.00,0.00,0.00
27,3w,PrwMx,Intn1,215,0.00,350.64,47.07,11.80,4.99,0.00,0.00,0.00,0.00,16.13,0.00,0.00,0.00,0.00,0.00,0.00
27,3w,PrwMx,Intn1,225,0.00,340.97,41.08,11.32,4.79,0.00,0.00,0.00,0.00,14.79,0.00,0.00,0.00,0.00,0.00,0.00
27,3w,PrwMx,Intn1,235,0.00,328.75,35.49,10.78,4.56,0.00,0.00,0.00,0.00,13.46,0.00,0.00,0.00,0.00,0.00,0.00
27,3w,PrwMx,Intn1,245,0.00,314.39,30.37,10.20,4.32,0.00,0.00,0.00,0.00,12.18,0.00,0.00,0.00,0.00,0.00,0.00
27,3w,PrwMx,Intn1,255,0.00,298.30,25.75,9.59,4.06,0.00,0.00,0.00,0.00,10.94,0.00,0.00,0.00,0.00,0.00,0.00
28,Patnt,PrwMx,Intn1,5,0.00,0.00,0.00,0.00,0.00,0.00,0.00,0.00,0.00,0.00,0.00,0.00,0.00,0.00,0.00,0.00
28,Patnt,PrwMx,Intn1,15,0.38,5.15,3.96,1.02,0.57,0.17,0.00,0.00,0.00,0.81,0.00,0.14,0.00,0.00,0.00,0.00
28,Patnt,PrwMx,Intn1,25,1.19,15.97,10.50,3.50,1.45,0.59,0.00,0.00,0.00,2.63,0.00,0.47,0.00,0.00,0.00,0.00
28,Patnt,PrwMx,Intn1,35,2.40,32.11,18.74,6.32,2.34,1.05,0.00,0.00,0.00,5.27,0.00,0.95,0.00,0.00,0.00,0.00
28,Patnt,PrwMx,Intn1,45,3.92,52.65,27.83,8.53,3.09,1.38,0.00,0.00,0.00,8.38,0.00,1.55,0.00,0.00,0.00,0.00
28,Patnt,PrwMx,Intn1,55,5.65,76.33,36.96,10.00,3.68,1.59,0.00,0.00,0.00,11.56,0.00,2.21,0.00,0.00,0.00,0.00
28,Patnt,PrwMx,Intn1,65,7.48,101.88,45.53,11.02,4.12,1.72,0.00,0.00,0.00,14.50,0.00,2.89,0.00,0.00,0.00,0.00
28,Patnt,PrwMx,Intn1,75,9.32,128.30,53.13,11.82,4.46,1.82,0.00,0.00,0.00,17.00,0.00,3.54,0.00,0.00,0.00,0.00
28,Patnt,PrwMx,Intn1,85,11.10,154.87,59.51,12.48,4.73,1.89,0.00,0.00,0.00,18.99,0.00,4.16,0.00,0.00,0.00,0.00
28,Patnt,PrwMx,Intn1,95,12.78,181.05,64.55,13.05,4.95,1.94,0.00,0.00,0.00,20.46,0.00,4.71,0.00,0.00,0.00,0.00
28,Patnt,PrwMx,Intn1,105,14.34,206.48,68.20,13.55,5.14,1.98,0.00,0.00,0.00,21.47,0.00,5.19,0.00,0.00,0.00,0.00
28,Patnt,PrwMx,Intn1,115,15.74,230.88,70.47,13.99,5.32,2.01,0.00,0.00,0.00,22.07,0.00,5.60,0.00,0.00,0.00,0.00
28,Patnt,PrwMx,Intn1,125,16.97,254.08,71.46,14.40,5.47,2.03,0.00,0.00,0.00,22.36,0.00,5.95,0.00,0.00,0.00,0.00
28,Patnt,PrwMx,Intn1,135,18.05,275.96,71.28,14.76,5.61,2.04,0.00,0.00,0.00,22.38,0.00,6.23,0.00,0.00,0.00,0.00
28,Patnt,PrwMx,Intn1,145,18.96,296.48,70.11,15.10,5.74,2.05,0.00,0.00,0.00,22.22,0.00,6.45,0.00,0.00,0.00,0.00
28,Patnt,PrwMx,Intn1,155,19.71,315.61,68.11,15.42,5.86,2.05,0.00,0.00,0.00,21.91,0.00,6.62,0.00,0.00,0.00,0.00
28,Patnt,PrwMx,Intn1,165,20.31,333.37,65.46,15.71,5.98,2.04,0.00,0.00,0.00,21.50,0.00,6.74,0.00,0.00,0.00,0.00
28,Patnt,PrwMx,Intn1,175,20.77,349.81,62.32,15.99,6.08,2.04,0.00,0.00,0.00,21.02,0.00,6.82,0.00,0.00,0.00,0.00
28,Patnt,PrwMx,Intn1,185,21.11,364.98,58.84,16.25,6.18,2.03,0.00,0.00,0.00,20.49,0.00,6.87,0.00,0.00,0.00,0.00
28,Patnt,PrwMx,Intn1,195,21.33,378.97,55.16,16.49,6.28,2.01,0.00,0.00,0.00,19.93,0.00,6.89,0.00,0.00,0.00,0.00
28,Patnt,PrwMx,Intn1,205,21.45,391.83,51.38,16.73,6.37,1.99,0.00,0.00,0.00,19.35,0.00,6.88,0.00,0.00,0.00,0.00
28,Patnt,PrwMx,Intn1,215,21.48,403.66,47.60,16.95,6.46,1.98,0.00,0.00,0.00,18.76,0.00,6.85,0.00,0.00,0.00,0.00
28,Patnt,PrwMx,Intn1,225,21.43,414.54,43.87,17.16,6.54,1.96,0.00,0.00,0.00,18.16,0.00,6.81,0.00,0.00,0.00,0.00
28,Patnt,PrwMx,Intn1,235,21.31,424.54,40.26,17.36,6.62,1.93,0.00,0.00,0.00,17.57,0.00,6.75,0.00,0.00,0.00,0.00
28,Patnt,PrwMx,Intn1,245,21.13,433.74,36.81,17.55,6.69,1.91,0.00,0.00,0.00,16.97,0.00,6.68,0.00,0.00,0.00,0.00
28,Patnt,PrwMx,Intn1,255,20.90,442.20,33.54,17.73,6.76,1.88,0.00,0.00,0.00,16.38,0.00,6.60,0.00,0.00,0.00,0.00
29,3w,UplCe,Prsnt,5,0.00,0.00,0.00,0.00,0.00,0.00,0.00,0.00,0.00,0.00,0.00,0.00,0.00,0.00,0.00,0.00
29,3w,UplCe,Prsnt,15,0.00,0.00,0.00,0.02,6.960227249237e-03,6.56451641602492e-03,0.33,0.00,0.00,3.88894451828747e-03,0.00,6.09905644962049e-03,0.00,0.00,0.00,0.00
29,3w,UplCe,Prsnt,25,0.00,0.00,0.00,0.60,0.11,0.14,3.37,0.00,0.00,0.08,0.00,0.12,0.00,0.00,0.00,0.00
29,3w,UplCe,Prsnt,35,0.00,0.00,0.00,3.07,0.52,0.72,12.03,0.00,0.00,0.46,0.00,0.72,0.00,0.00,0.00,0.00
29,3w,UplCe,Prsnt,45,0.00,0.00,0.00,7.40,1.24,1.69,25.29,0.00,0.00,1.32,0.00,2.10,0.00,0.00,0.00,0.00
29,3w,UplCe,Prsnt,55,0.00,0.00,0.00,11.82,2.01,2.65,38.66,0.00,0.00,2.49,0.00,4.09,0.00,0.00,0.00,0.00
29,3w,UplCe,Prsnt,65,0.00,0.00,0.00,15.13,2.61,3.34,48.64,0.00,0.00,3.63,0.00,6.20,0.00,0.00,0.00,0.00
29,3w,UplCe,Prsnt,75,0.00,0.00,0.00,17.28,3.01,3.76,54.82,0.00,0.00,4.54,0.00,8.11,0.00,0.00,0.00,0.00
29,3w,UplCe,Prsnt,85,0.00,0.00,0.00,18.71,3.27,4.00,58.40,0.00,0.00,5.20,0.00,9.75,0.00,0.00,0.00,0.00
29,3w,UplCe,Prsnt,95,0.00,0.00,0.00,19.76,3.46,4.16,60.43,0.00,0.00,5.66,0.00,11.16,0.00,0.00,0.00,0.00
29,3w,UplCe,Prsnt,105,0.00,0.00,0.00,20.61,3.61,4.26,61.45,0.00,0.00,5.96,0.00,12.36,0.00,0.00,0.00,0.00
29,3w,UplCe,Prsnt,115,0.00,0.00,0.00,21.32,3.74,4.33,61.72,0.00,0.00,6.14,0.00,13.37,0.00,0.00,0.00,0.00
29,3w,UplCe,Prsnt,125,0.00,0.00,0.00,21.93,3.85,4.36,61.37,0.00,0.00,6.22,0.00,14.18,0.00,0.00,0.00,0.00
29,3w,UplCe,Prsnt,135,0.00,0.00,0.00,22.44,3.94,4.38,60.48,0.00,0.00,6.21,0.00,14.82,0.00,0.00,0.00,0.00
29,3w,UplCe,Prsnt,145,0.00,0.00,0.00,22.89,4.02,4.38,59.15,0.00,0.00,6.15,0.00,15.30,0.00,0.00,0.00,0.00
29,3w,UplCe,Prsnt,155,0.00,0.00,0.00,23.26,4.08,4.36,57.46,0.00,0.00,6.03,0.00,15.63,0.00,0.00,0.00,0.00
29,3w,UplCe,Prsnt,165,0.00,0.00,0.00,23.58,4.14,4.33,55.49,0.00,0.00,5.89,0.00,15.83,0.00,0.00,0.00,0.00
29,3w,UplCe,Prsnt,175,0.00,0.00,0.00,23.84,4.19,4.29,53.29,0.00,0.00,5.72,0.00,15.92,0.00,0.00,0.00,0.00
29,3w,UplCe,Prsnt,185,0.00,0.00,0.00,24.06,4.23,4.23,50.93,0.00,0.00,5.54,0.00,15.92,0.00,0.00,0.00,0.00
29,3w,UplCe,Prsnt,195,0.00,0.00,0.00,24.25,4.26,4.17,48.46,0.00,0.00,5.35,0.00,15.84,0.00,0.00,0.00,0.00
29,3w,UplCe,Prsnt,205,0.00,0.00,0.00,24.39,4.29,4.11,45.93,0.00,0.00,5.15,0.00,15.70,0.00,0.00,0.00,0.00
29,3w,UplCe,Prsnt,215,0.00,0.00,0.00,24.51,4.31,4.03,43.38,0.00,0.00,4.95,0.00,15.50,0.00,0.00,0.00,0.00
29,3w,UplCe,Prsnt,225,0.00,0.00,0.00,24.59,4.32,3.96,40.84,0.00,0.00,4.75,0.00,15.26,0.00,0.00,0.00,0.00
29,3w,UplCe,Prsnt,235,0.00,0.00,0.00,24.66,4.34,3.88,38.33,0.00,0.00,4.55,0.00,15.00,0.00,0.00,0.00,0.00
29,3w,UplCe,Prsnt,245,0.00,0.00,0.00,24.70,4.35,3.79,35.89,0.00,0.00,4.36,0.00,14.70,0.00,0.00,0.00,0.00
29,3w,UplCe,Prsnt,255,0.00,0.00,0.00,24.72,4.35,3.71,33.52,0.00,0.00,4.17,0.00,14.39,0.00,0.00,0.00,0.00
30,Patnt,UplCe,Prsnt,5,0.00,0.00,0.00,0.00,0.00,0.00,0.00,0.00,0.00,0.00,0.00,0.00,0.00,0.00,0.00,0.00
30,Patnt,UplCe,Prsnt,15,0.00,0.00,0.00,0.01,2.70942060313111e-03,2.55538151130339e-03,0.13,0.00,0.00,1.51385666372272e-03,0.00,2.37419104470661e-03,0.00,0.00,0.00,0.00
30,Patnt,UplCe,Prsnt,25,0.00,0.00,0.00,0.28,0.05,0.06,1.57,0.00,0.00,0.03,0.00,0.05,0.00,0.00,0.00,0.00
30,Patnt,UplCe,Prsnt,35,0.00,0.00,0.00,1.67,0.28,0.39,6.58,0.00,0.00,0.25,0.00,0.39,0.00,0.00,0.00,0.00
30,Patnt,UplCe,Prsnt,45,0.00,0.00,0.00,4.68,0.78,1.07,16.00,0.00,0.00,0.84,0.00,1.33,0.00,0.00,0.00,0.00
30,Patnt,UplCe,Prsnt,55,0.00,0.00,0.00,8.51,1.44,1.91,27.83,0.00,0.00,1.79,0.00,2.94,0.00,0.00,0.00,0.00
30,Patnt,UplCe,Prsnt,65,0.00,0.00,0.00,12.19,2.10,2.69,39.19,0.00,0.00,2.92,0.00,5.00,0.00,0.00,0.00,0.00
30,Patnt,UplCe,Prsnt,75,0.00,0.00,0.00,15.33,2.67,3.33,48.64,0.00,0.00,4.02,0.00,7.20,0.00,0.00,0.00,0.00
30,Patnt,UplCe,Prsnt,85,0.00,0.00,0.00,17.98,3.14,3.85,56.13,0.00,0.00,4.99,0.00,9.37,0.00,0.00,0.00,0.00
30,Patnt,UplCe,Prsnt,95,0.00,0.00,0.00,20.24,3.55,4.26,61.89,0.00,0.00,5.79,0.00,11.43,0.00,0.00,0.00,0.00
30,Patnt,UplCe,Prsnt,105,0.00,0.00,0.00,22.13,3.88,4.57,65.98,0.00,0.00,6.40,0.00,13.27,0.00,0.00,0.00,0.00
30,Patnt,UplCe,Prsnt,115,0.00,0.00,0.00,23.61,4.14,4.79,68.35,0.00,0.00,6.80,0.00,14.80,0.00,0.00,0.00,0.00
30,Patnt,UplCe,Prsnt,125,0.00,0.00,0.00,24.64,4.32,4.90,68.94,0.00,0.00,6.98,0.00,15.94,0.00,0.00,0.00,0.00
30,Patnt,UplCe,Prsnt,135,0.00,0.00,0.00,25.17,4.42,4.91,67.81,0.00,0.00,6.97,0.00,16.62,0.00,0.00,0.00,0.00
30,Patnt,UplCe,Prsnt,145,0.00,0.00,0.00,25.19,4.42,4.82,65.12,0.00,0.00,6.77,0.00,16.85,0.00,0.00,0.00,0.00
30,Patnt,UplCe,Prsnt,155,0.00,0.00,0.00,24.73,4.34,4.64,61.10,0.00,0.00,6.42,0.00,16.62,0.00,0.00,0.00,0.00
30,Patnt,UplCe,Prsnt,165,0.00,0.00,0.00,23.82,4.18,4.37,56.06,0.00,0.00,5.95,0.00,16.00,0.00,0.00,0.00,0.00
30,Patnt,UplCe,Prsnt,175,0.00,0.00,0.00,22.52,3.95,4.05,50.33,0.00,0.00,5.40,0.00,15.04,0.00,0.00,0.00,0.00
30,Patnt,UplCe,Prsnt,185,0.00,0.00,0.00,20.90,3.67,3.68,44.23,0.00,0.00,4.81,0.00,13.83,0.00,0.00,0.00,0.00
30,Patnt,UplCe,Prsnt,195,0.00,0.00,0.00,19.05,3.35,3.28,38.07,0.00,0.00,4.20,0.00,12.44,0.00,0.00,0.00,0.00
30,Patnt,UplCe,Prsnt,205,0.00,0.00,0.00,17.05,3.00,2.87,32.11,0.00,0.00,3.60,0.00,10.97,0.00,0.00,0.00,0.00
30,Patnt,UplCe,Prsnt,215,0.00,0.00,0.00,15.00,2.64,2.47,26.55,0.00,0.00,3.03,0.00,9.49,0.00,0.00,0.00,0.00
30,Patnt,UplCe,Prsnt,225,0.00,0.00,0.00,12.96,2.28,2.08,21.52,0.00,0.00,2.50,0.00,8.04,0.00,0.00,0.00,0.00
30,Patnt,UplCe,Prsnt,235,0.00,0.00,0.00,11.01,1.93,1.73,17.12,0.00,0.00,2.03,0.00,6.69,0.00,0.00,0.00,0.00
30,Patnt,UplCe,Prsnt,245,0.00,0.00,0.00,9.19,1.61,1.41,13.35,0.00,0.00,1.62,0.00,5.47,0.00,0.00,0.00,0.00
30,Patnt,UplCe,Prsnt,255,0.00,0.00,0.00,7.54,1.32,1.13,10.23,0.00,0.00,1.27,0.00,4.39,0.00,0.00,0.00,0.00
31,3w,UplCe,Exten,5,0.00,0.00,0.00,0.00,0.00,0.00,0.00,0.00,0.00,0.00,0.00,0.00,0.00,0.00,0.00,0.00
31,3w,UplCe,Exten,15,0.00,0.00,0.00,0.02,6.960227249237e-03,6.56451641602492e-03,0.33,0.00,0.00,3.88894451828747e-03,0.00,6.09905644962049e-03,0.00,0.00,0.00,0.00
31,3w,UplCe,Exten,25,0.00,0.00,0.00,0.60,0.11,0.14,3.37,0.00,0.00,0.08,0.00,0.12,0.00,0.00,0.00,0.00
31,3w,UplCe,Exten,35,0.00,0.00,0.00,3.07,0.52,0.72,12.03,0.00,0.00,0.46,0.00,0.72,0.00,0.00,0.00,0.00
31,3w,UplCe,Exten,45,0.00,0.00,0.00,7.40,1.24,1.69,25.29,0.00,0.00,1.32,0.00,2.10,0.00,0.00,0.00,0.00
31,3w,UplCe,Exten,55,0.00,0.00,0.00,11.82,2.01,2.65,38.66,0.00,0.00,2.49,0.00,4.09,0.00,0.00,0.00,0.00
31,3w,UplCe,Exten,65,0.00,0.00,0.00,15.13,2.61,3.34,48.64,0.00,0.00,3.63,0.00,6.20,0.00,0.00,0.00,0.00
31,3w,UplCe,Exten,75,0.00,0.00,0.00,17.28,3.01,3.76,54.82,0.00,0.00,4.54,0.00,8.11,0.00,0.00,0.00,0.00
31,3w,UplCe,Exten,85,0.00,0.00,0.00,18.71,3.27,4.00,58.40,0.00,0.00,5.20,0.00,9.75,0.00,0.00,0.00,0.00
31,3w,UplCe,Exten,95,0.00,0.00,0.00,19.76,3.46,4.16,60.43,0.00,0.00,5.66,0.00,11.16,0.00,0.00,0.00,0.00
31,3w,UplCe,Exten,105,0.00,0.00,0.00,20.61,3.61,4.26,61.45,0.00,0.00,5.96,0.00,12.36,0.00,0.00,0.00,0.00
31,3w,UplCe,Exten,115,0.00,0.00,0.00,21.32,3.74,4.33,61.72,0.00,0.00,6.14,0.00,13.37,0.00,0.00,0.00,0.00
31,3w,UplCe,Exten,125,0.00,0.00,0.00,21.93,3.85,4.36,61.37,0.00,0.00,6.22,0.00,14.18,0.00,0.00,0.00,0.00
31,3w,UplCe,Exten,135,0.00,0.00,0.00,22.44,3.94,4.38,60.48,0.00,0.00,6.21,0.00,14.82,0.00,0.00,0.00,0.00
31,3w,UplCe,Exten,145,0.00,0.00,0.00,22.89,4.02,4.38,59.15,0.00,0.00,6.15,0.00,15.30,0.00,0.00,0.00,0.00
31,3w,UplCe,Exten,155,0.00,0.00,0.00,23.26,4.08,4.36,57.46,0.00,0.00,6.03,0.00,15.63,0.00,0.00,0.00,0.00
31,3w,UplCe,Exten,165,0.00,0.00,0.00,23.58,4.14,4.33,55.49,0.00,0.00,5.89,0.00,15.83,0.00,0.00,0.00,0.00
31,3w,UplCe,Exten,175,0.00,0.00,0.00,23.84,4.19,4.29,53.29,0.00,0.00,5.72,0.00,15.92,0.00,0.00,0.00,0.00
31,3w,UplCe,Exten,185,0.00,0.00,0.00,24.06,4.23,4.23,50.93,0.00,0.00,5.54,0.00,15.92,0.00,0.00,0.00,0.00
31,3w,UplCe,Exten,195,0.00,0.00,0.00,24.25,4.26,4.17,48.46,0.00,0.00,5.35,0.00,15.84,0.00,0.00,0.00,0.00
31,3w,UplCe,Exten,205,0.00,0.00,0.00,24.39,4.29,4.11,45.93,0.00,0.00,5.15,0.00,15.70,0.00,0.00,0.00,0.00
31,3w,UplCe,Exten,215,0.00,0.00,0.00,24.51,4.31,4.03,43.38,0.00,0.00,4.95,0.00,15.50,0.00,0.00,0.00,0.00
31,3w,UplCe,Exten,225,0.00,0.00,0.00,24.59,4.32,3.96,40.84,0.00,0.00,4.75,0.00,15.26,0.00,0.00,0.00,0.00
31,3w,UplCe,Exten,235,0.00,0.00,0.00,24.66,4.34,3.88,38.33,0.00,0.00,4.55,0.00,15.00,0.00,0.00,0.00,0.00
31,3w,UplCe,Exten,245,0.00,0.00,0.00,24.70,4.35,3.79,35.89,0.00,0.00,4.36,0.00,14.70,0.00,0.00,0.00,0.00
31,3w,UplCe,Exten,255,0.00,0.00,0.00,24.72,4.35,3.71,33.52,0.00,0.00,4.17,0.00,14.39,0.00,0.00,0.00,0.00
32,Patnt,UplCe,Exten,5,0.00,0.00,0.00,0.00,0.00,0.00,0.00,0.00,0.00,0.00,0.00,0.00,0.00,0.00,0.00,0.00
32,Patnt,UplCe,Exten,15,0.00,0.00,0.00,0.01,2.70942060313111e-03,2.55538151130339e-03,0.13,0.00,0.00,1.51385666372272e-03,0.00,2.37419104470661e-03,0.00,0.00,0.00,0.00
32,Patnt,UplCe,Exten,25,0.00,0.00,0.00,0.28,0.05,0.06,1.57,0.00,0.00,0.03,0.00,0.05,0.00,0.00,0.00,0.00
32,Patnt,UplCe,Exten,35,0.00,0.00,0.00,1.67,0.28,0.39,6.58,0.00,0.00,0.25,0.00,0.39,0.00,0.00,0.00,0.00
32,Patnt,UplCe,Exten,45,0.00,0.00,0.00,4.68,0.78,1.07,16.00,0.00,0.00,0.84,0.00,1.33,0.00,0.00,0.00,0.00
32,Patnt,UplCe,Exten,55,0.00,0.00,0.00,8.51,1.44,1.91,27.83,0.00,0.00,1.79,0.00,2.94,0.00,0.00,0.00,0.00
32,Patnt,UplCe,Exten,65,0.00,0.00,0.00,12.19,2.10,2.69,39.19,0.00,0.00,2.92,0.00,5.00,0.00,0.00,0.00,0.00
32,Patnt,UplCe,Exten,75,0.00,0.00,0.00,15.33,2.67,3.33,48.64,0.00,0.00,4.02,0.00,7.20,0.00,0.00,0.00,0.00
32,Patnt,UplCe,Exten,85,0.00,0.00,0.00,17.98,3.14,3.85,56.13,0.00,0.00,4.99,0.00,9.37,0.00,0.00,0.00,0.00
32,Patnt,UplCe,Exten,95,0.00,0.00,0.00,20.24,3.55,4.26,61.89,0.00,0.00,5.79,0.00,11.43,0.00,0.00,0.00,0.00
32,Patnt,UplCe,Exten,105,0.00,0.00,0.00,22.13,3.88,4.57,65.98,0.00,0.00,6.40,0.00,13.27,0.00,0.00,0.00,0.00
32,Patnt,UplCe,Exten,115,0.00,0.00,0.00,23.61,4.14,4.79,68.35,0.00,0.00,6.80,0.00,14.80,0.00,0.00,0.00,0.00
32,Patnt,UplCe,Exten,125,0.00,0.00,0.00,24.64,4.32,4.90,68.94,0.00,0.00,6.98,0.00,15.94,0.00,0.00,0.00,0.00
32,Patnt,UplCe,Exten,135,0.00,0.00,0.00,25.17,4.42,4.91,67.81,0.00,0.00,6.97,0.00,16.62,0.00,0.00,0.00,0.00
32,Patnt,UplCe,Exten,145,0.00,0.00,0.00,25.19,4.42,4.82,65.12,0.00,0.00,6.77,0.00,16.85,0.00,0.00,0.00,0.00
32,Patnt,UplCe,Exten,155,0.00,0.00,0.00,24.73,4.34,4.64,61.10,0.00,0.00,6.42,0.00,16.62,0.00,0.00,0.00,0.00
32,Patnt,UplCe,Exten,165,0.00,0.00,0.00,23.82,4.18,4.37,56.06,0.00,0.00,5.95,0.00,16.00,0.00,0.00,0.00,0.00
32,Patnt,UplCe,Exten,175,0.00,0.00,0.00,22.52,3.95,4.05,50.33,0.00,0.00,5.40,0.00,15.04,0.00,0.00,0.00,0.00
32,Patnt,UplCe,Exten,185,0.00,0.00,0.00,20.90,3.67,3.68,44.23,0.00,0.00,4.81,0.00,13.83,0.00,0.00,0.00,0.00
32,Patnt,UplCe,Exten,195,0.00,0.00,0.00,19.05,3.35,3.28,38.07,0.00,0.00,4.20,0.00,12.44,0.00,0.00,0.00,0.00
32,Patnt,UplCe,Exten,205,0.00,0.00,0.00,17.05,3.00,2.87,32.11,0.00,0.00,3.60,0.00,10.97,0.00,0.00,0.00,0.00
32,Patnt,UplCe,Exten,215,0.00,0.00,0.00,15.00,2.64,2.47,26.55,0.00,0.00,3.03,0.00,9.49,0.00,0.00,0.00,0.00
32,Patnt,UplCe,Exten,225,0.00,0.00,0.00,12.96,2.28,2.08,21.52,0.00,0.00,2.50,0.00,8.04,0.00,0.00,0.00,0.00
32,Patnt,UplCe,Exten,235,0.00,0.00,0.00,11.01,1.93,1.73,17.12,0.00,0.00,2.03,0.00,6.69,0.00,0.00,0.00,0.00
32,Patnt,UplCe,Exten,245,0.00,0.00,0.00,9.19,1.61,1.41,13.35,0.00,0.00,1.62,0.00,5.47,0.00,0.00,0.00,0.00
32,Patnt,UplCe,Exten,255,0.00,0.00,0.00,7.54,1.32,1.13,10.23,0.00,0.00,1.27,0.00,4.39,0.00,0.00,0.00,0.00
33,3w,UplCe,Basc2,5,0.00,0.00,0.00,0.00,0.00,0.00,0.00,0.00,0.00,0.00,0.00,0.00,0.00,0.00,0.00,0.00
33,3w,UplCe,Basc2,15,0.00,0.00,0.00,0.02,6.960227249237e-03,6.56451641602492e-03,0.33,0.00,0.00,3.88894451828747e-03,0.00,6.09905644962049e-03,0.00,0.00,0.00,0.00
33,3w,UplCe,Basc2,25,0.00,0.00,0.00,0.60,0.11,0.14,3.37,0.00,0.00,0.08,0.00,0.12,0.00,0.00,0.00,0.00
33,3w,UplCe,Basc2,35,0.00,0.00,0.00,3.07,0.52,0.72,12.03,0.00,0.00,0.46,0.00,0.72,0.00,0.00,0.00,0.00
33,3w,UplCe,Basc2,45,0.00,0.00,0.00,7.40,1.24,1.69,25.29,0.00,0.00,1.32,0.00,2.10,0.00,0.00,0.00,0.00
33,3w,UplCe,Basc2,55,0.00,0.00,0.00,11.82,2.01,2.65,38.66,0.00,0.00,2.49,0.00,4.09,0.00,0.00,0.00,0.00
33,3w,UplCe,Basc2,65,0.00,0.00,0.00,15.13,2.61,3.34,48.64,0.00,0.00,3.63,0.00,6.20,0.00,0.00,0.00,0.00
33,3w,UplCe,Basc2,75,0.00,0.00,0.00,17.28,3.01,3.76,54.82,0.00,0.00,4.54,0.00,8.11,0.00,0.00,0.00,0.00
33,3w,UplCe,Basc2,85,0.00,0.00,0.00,18.71,3.27,4.00,58.40,0.00,0.00,5.20,0.00,9.75,0.00,0.00,0.00,0.00
33,3w,UplCe,Basc2,95,0.00,0.00,0.00,19.76,3.46,4.16,60.43,0.00,0.00,5.66,0.00,11.16,0.00,0.00,0.00,0.00
33,3w,UplCe,Basc2,105,0.00,0.00,0.00,20.61,3.61,4.26,61.45,0.00,0.00,5.96,0.00,12.36,0.00,0.00,0.00,0.00
33,3w,UplCe,Basc2,115,0.00,0.00,0.00,21.32,3.74,4.33,61.72,0.00,0.00,6.14,0.00,13.37,0.00,0.00,0.00,0.00
33,3w,UplCe,Basc2,125,0.00,0.00,0.00,21.93,3.85,4.36,61.37,0.00,0.00,6.22,0.00,14.18,0.00,0.00,0.00,0.00
33,3w,UplCe,Basc2,135,0.00,0.00,0.00,22.44,3.94,4.38,60.48,0.00,0.00,6.21,0.00,14.82,0.00,0.00,0.00,0.00
33,3w,UplCe,Basc2,145,0.00,0.00,0.00,22.89,4.02,4.38,59.15,0.00,0.00,6.15,0.00,15.30,0.00,0.00,0.00,0.00
33,3w,UplCe,Basc2,155,0.00,0.00,0.00,23.26,4.08,4.36,57.46,0.00,0.00,6.03,0.00,15.63,0.00,0.00,0.00,0.00
33,3w,UplCe,Basc2,165,0.00,0.00,0.00,23.58,4.14,4.33,55.49,0.00,0.00,5.89,0.00,15.83,0.00,0.00,0.00,0.00
33,3w,UplCe,Basc2,175,0.00,0.00,0.00,23.84,4.19,4.29,53.29,0.00,0.00,5.72,0.00,15.92,0.00,0.00,0.00,0.00
33,3w,UplCe,Basc2,185,0.00,0.00,0.00,24.06,4.23,4.23,50.93,0.00,0.00,5.54,0.00,15.92,0.00,0.00,0.00,0.00
33,3w,UplCe,Basc2,195,0.00,0.00,0.00,24.25,4.26,4.17,48.46,0.00,0.00,5.35,0.00,15.84,0.00,0.00,0.00,0.00
33,3w,UplCe,Basc2,205,0.00,0.00,0.00,24.39,4.29,4.11,45.93,0.00,0.00,5.15,0.00,15.70,0.00,0.00,0.00,0.00
33,3w,UplCe,Basc2,215,0.00,0.00,0.00,24.51,4.31,4.03,43.38,0.00,0.00,4.95,0.00,15.50,0.00,0.00,0.00,0.00
33,3w,UplCe,Basc2,225,0.00,0.00,0.00,24.59,4.32,3.96,40.84,0.00,0.00,4.75,0.00,15.26,0.00,0.00,0.00,0.00
33,3w,UplCe,Basc2,235,0.00,0.00,0.00,24.66,4.34,3.88,38.33,0.00,0.00,4.55,0.00,15.00,0.00,0.00,0.00,0.00
33,3w,UplCe,Basc2,245,0.00,0.00,0.00,24.70,4.35,3.79,35.89,0.00,0.00,4.36,0.00,14.70,0.00,0.00,0.00,0.00
33,3w,UplCe,Basc2,255,0.00,0.00,0.00,24.72,4.35,3.71,33.52,0.00,0.00,4.17,0.00,14.39,0.00,0.00,0.00,0.00
34,Patnt,UplCe,Basc2,5,0.00,0.00,0.00,0.00,0.00,0.00,0.00,0.00,0.00,0.00,0.00,0.00,0.00,0.00,0.00,0.00
34,Patnt,UplCe,Basc2,15,0.00,0.00,0.00,0.01,2.70942060313111e-03,2.55538151130339e-03,0.13,0.00,0.00,1.51385666372272e-03,0.00,2.37419104470661e-03,0.00,0.00,0.00,0.00
34,Patnt,UplCe,Basc2,25,0.00,0.00,0.00,0.28,0.05,0.06,1.57,0.00,0.00,0.03,0.00,0.05,0.00,0.00,0.00,0.00
34,Patnt,UplCe,Basc2,35,0.00,0.00,0.00,1.67,0.28,0.39,6.58,0.00,0.00,0.25,0.00,0.39,0.00,0.00,0.00,0.00
34,Patnt,UplCe,Basc2,45,0.00,0.00,0.00,4.68,0.78,1.07,16.00,0.00,0.00,0.84,0.00,1.33,0.00,0.00,0.00,0.00
34,Patnt,UplCe,Basc2,55,0.00,0.00,0.00,8.51,1.44,1.91,27.83,0.00,0.00,1.79,0.00,2.94,0.00,0.00,0.00,0.00
34,Patnt,UplCe,Basc2,65,0.00,0.00,0.00,12.19,2.10,2.69,39.19,0.00,0.00,2.92,0.00,5.00,0.00,0.00,0.00,0.00
34,Patnt,UplCe,Basc2,75,0.00,0.00,0.00,15.33,2.67,3.33,48.64,0.00,0.00,4.02,0.00,7.20,0.00,0.00,0.00,0.00
34,Patnt,UplCe,Basc2,85,0.00,0.00,0.00,17.98,3.14,3.85,56.13,0.00,0.00,4.99,0.00,9.37,0.00,0.00,0.00,0.00
34,Patnt,UplCe,Basc2,95,0.00,0.00,0.00,20.24,3.55,4.26,61.89,0.00,0.00,5.79,0.00,11.43,0.00,0.00,0.00,0.00
34,Patnt,UplCe,Basc2,105,0.00,0.00,0.00,22.13,3.88,4.57,65.98,0.00,0.00,6.40,0.00,13.27,0.00,0.00,0.00,0.00
34,Patnt,UplCe,Basc2,115,0.00,0.00,0.00,23.61,4.14,4.79,68.35,0.00,0.00,6.80,0.00,14.80,0.00,0.00,0.00,0.00
34,Patnt,UplCe,Basc2,125,0.00,0.00,0.00,24.64,4.32,4.90,68.94,0.00,0.00,6.98,0.00,15.94,0.00,0.00,0.00,0.00
34,Patnt,UplCe,Basc2,135,0.00,0.00,0.00,25.17,4.42,4.91,67.81,0.00,0.00,6.97,0.00,16.62,0.00,0.00,0.00,0.00
34,Patnt,UplCe,Basc2,145,0.00,0.00,0.00,25.19,4.42,4.82,65.12,0.00,0.00,6.77,0.00,16.85,0.00,0.00,0.00,0.00
34,Patnt,UplCe,Basc2,155,0.00,0.00,0.00,24.73,4.34,4.64,61.10,0.00,0.00,6.42,0.00,16.62,0.00,0.00,0.00,0.00
34,Patnt,UplCe,Basc2,165,0.00,0.00,0.00,23.82,4.18,4.37,56.06,0.00,0.00,5.95,0.00,16.00,0.00,0.00,0.00,0.00
34,Patnt,UplCe,Basc2,175,0.00,0.00,0.00,22.52,3.95,4.05,50.33,0.00,0.00,5.40,0.00,15.04,0.00,0.00,0.00,0.00
34,Patnt,UplCe,Basc2,185,0.00,0.00,0.00,20.90,3.67,3.68,44.23,0.00,0.00,4.81,0.00,13.83,0.00,0.00,0.00,0.00
34,Patnt,UplCe,Basc2,195,0.00,0.00,0.00,19.05,3.35,3.28,38.07,0.00,0.00,4.20,0.00,12.44,0.00,0.00,0.00,0.00
34,Patnt,UplCe,Basc2,205,0.00,0.00,0.00,17.05,3.00,2.87,32.11,0.00,0.00,3.60,0.00,10.97,0.00,0.00,0.00,0.00
34,Patnt,UplCe,Basc2,215,0.00,0.00,0.00,15.00,2.64,2.47,26.55,0.00,0.00,3.03,0.00,9.49,0.00,0.00,0.00,0.00
34,Patnt,UplCe,Basc2,225,0.00,0.00,0.00,12.96,2.28,2.08,21.52,0.00,0.00,2.50,0.00,8.04,0.00,0.00,0.00,0.00
34,Patnt,UplCe,Basc2,235,0.00,0.00,0.00,11.01,1.93,1.73,17.12,0.00,0.00,2.03,0.00,6.69,0.00,0.00,0.00,0.00
34,Patnt,UplCe,Basc2,245,0.00,0.00,0.00,9.19,1.61,1.41,13.35,0.00,0.00,1.62,0.00,5.47,0.00,0.00,0.00,0.00
34,Patnt,UplCe,Basc2,255,0.00,0.00,0.00,7.54,1.32,1.13,10.23,0.00,0.00,1.27,0.00,4.39,0.00,0.00,0.00,0.00
35,3w,UplCe,Intn1,5,0.00,0.00,0.00,0.00,0.00,0.00,0.00,0.00,0.00,0.00,0.00,0.00,0.00,0.00,0.00,0.00
35,3w,UplCe,Intn1,15,0.00,0.00,0.00,0.02,6.960227249237e-03,6.56451641602492e-03,0.33,0.00,0.00,3.88894451828747e-03,0.00,6.09905644962049e-03,0.00,0.00,0.00,0.00
35,3w,UplCe,Intn1,25,0.00,0.00,0.00,0.60,0.11,0.14,3.37,0.00,0.00,0.08,0.00,0.12,0.00,0.00,0.00,0.00
35,3w,UplCe,Intn1,35,0.00,0.00,0.00,3.07,0.52,0.72,12.03,0.00,0.00,0.46,0.00,0.72,0.00,0.00,0.00,0.00
35,3w,UplCe,Intn1,45,0.00,0.00,0.00,7.40,1.24,1.69,25.29,0.00,0.00,1.32,0.00,2.10,0.00,0.00,0.00,0.00
35,3w,UplCe,Intn1,55,0.00,0.00,0.00,11.82,2.01,2.65,38.66,0.00,0.00,2.49,0.00,4.09,0.00,0.00,0.00,0.00
35,3w,UplCe,Intn1,65,0.00,0.00,0.00,15.13,2.61,3.34,48.64,0.00,0.00,3.63,0.00,6.20,0.00,0.00,0.00,0.00
35,3w,UplCe,Intn1,75,0.00,0.00,0.00,17.28,3.01,3.76,54.82,0.00,0.00,4.54,0.00,8.11,0.00,0.00,0.00,0.00
35,3w,UplCe,Intn1,85,0.00,0.00,0.00,18.71,3.27,4.00,58.40,0.00,0.00,5.20,0.00,9.75,0.00,0.00,0.00,0.00
35,3w,UplCe,Intn1,95,0.00,0.00,0.00,19.76,3.46,4.16,60.43,0.00,0.00,5.66,0.00,11.16,0.00,0.00,0.00,0.00
35,3w,UplCe,Intn1,105,0.00,0.00,0.00,20.61,3.61,4.26,61.45,0.00,0.00,5.96,0.00,12.36,0.00,0.00,0.00,0.00
35,3w,UplCe,Intn1,115,0.00,0.00,0.00,21.32,3.74,4.33,61.72,0.00,0.00,6.14,0.00,13.37,0.00,0.00,0.00,0.00
35,3w,UplCe,Intn1,125,0.00,0.00,0.00,21.93,3.85,4.36,61.37,0.00,0.00,6.22,0.00,14.18,0.00,0.00,0.00,0.00
35,3w,UplCe,Intn1,135,0.00,0.00,0.00,22.44,3.94,4.38,60.48,0.00,0.00,6.21,0.00,14.82,0.00,0.00,0.00,0.00
35,3w,UplCe,Intn1,145,0.00,0.00,0.00,22.89,4.02,4.38,59.15,0.00,0.00,6.15,0.00,15.30,0.00,0.00,0.00,0.00
35,3w,UplCe,Intn1,155,0.00,0.00,0.00,23.26,4.08,4.36,57.46,0.00,0.00,6.03,0.00,15.63,0.00,0.00,0.00,0.00
35,3w,UplCe,Intn1,165,0.00,0.00,0.00,23.58,4.14,4.33,55.49,0.00,0.00,5.89,0.00,15.83,0.00,0.00,0.00,0.00
35,3w,UplCe,Intn1,175,0.00,0.00,0.00,23.84,4.19,4.29,53.29,0.00,0.00,5.72,0.00,15.92,0.00,0.00,0.00,0.00
35,3w,UplCe,Intn1,185,0.00,0.00,0.00,24.06,4.23,4.23,50.93,0.00,0.00,5.54,0.00,15.92,0.00,0.00,0.00,0.00
35,3w,UplCe,Intn1,195,0.00,0.00,0.00,24.25,4.26,4.17,48.46,0.00,0.00,5.35,0.00,15.84,0.00,0.00,0.00,0.00
35,3w,UplCe,Intn1,205,0.00,0.00,0.00,24.39,4.29,4.11,45.93,0.00,0.00,5.15,0.00,15.70,0.00,0.00,0.00,0.00
35,3w,UplCe,Intn1,215,0.00,0.00,0.00,24.51,4.31,4.03,43.38,0.00,0.00,4.95,0.00,15.50,0.00,0.00,0.00,0.00
35,3w,UplCe,Intn1,225,0.00,0.00,0.00,24.59,4.32,3.96,40.84,0.00,0.00,4.75,0.00,15.26,0.00,0.00,0.00,0.00
35,3w,UplCe,Intn1,235,0.00,0.00,0.00,24.66,4.34,3.88,38.33,0.00,0.00,4.55,0.00,15.00,0.00,0.00,0.00,0.00
35,3w,UplCe,Intn1,245,0.00,0.00,0.00,24.70,4.35,3.79,35.89,0.00,0.00,4.36,0.00,14.70,0.00,0.00,0.00,0.00
35,3w,UplCe,Intn1,255,0.00,0.00,0.00,24.72,4.35,3.71,33.52,0.00,0.00,4.17,0.00,14.39,0.00,0.00,0.00,0.00
36,Patnt,UplCe,Intn1,5,0.00,0.00,0.00,0.00,0.00,0.00,0.00,0.00,0.00,0.00,0.00,0.00,0.00,0.00,0.00,0.00
36,Patnt,UplCe,Intn1,15,0.00,0.00,0.00,0.01,2.70942060313111e-03,2.55538151130339e-03,0.13,0.00,0.00,1.51385666372272e-03,0.00,2.37419104470661e-03,0.00,0.00,0.00,0.00
36,Patnt,UplCe,Intn1,25,0.00,0.00,0.00,0.28,0.05,0.06,1.57,0.00,0.00,0.03,0.00,0.05,0.00,0.00,0.00,0.00
36,Patnt,UplCe,Intn1,35,0.00,0.00,0.00,1.67,0.28,0.39,6.58,0.00,0.00,0.25,0.00,0.39,0.00,0.00,0.00,0.00
36,Patnt,UplCe,Intn1,45,0.00,0.00,0.00,4.68,0.78,1.07,16.00,0.00,0.00,0.84,0.00,1.33,0.00,0.00,0.00,0.00
36,Patnt,UplCe,Intn1,55,0.00,0.00,0.00,8.51,1.44,1.91,27.83,0.00,0.00,1.79,0.00,2.94,0.00,0.00,0.00,0.00
36,Patnt,UplCe,Intn1,65,0.00,0.00,0.00,12.19,2.10,2.69,39.19,0.00,0.00,2.92,0.00,5.00,0.00,0.00,0.00,0.00
36,Patnt,UplCe,Intn1,75,0.00,0.00,0.00,15.33,2.67,3.33,48.64,0.00,0.00,4.02,0.00,7.20,0.00,0.00,0.00,0.00
36,Patnt,UplCe,Intn1,85,0.00,0.00,0.00,17.98,3.14,3.85,56.13,0.00,0.00,4.99,0.00,9.37,0.00,0.00,0.00,0.00
36,Patnt,UplCe,Intn1,95,0.00,0.00,0.00,20.24,3.55,4.26,61.89,0.00,0.00,5.79,0.00,11.43,0.00,0.00,0.00,0.00
36,Patnt,UplCe,Intn1,105,0.00,0.00,0.00,22.13,3.88,4.57,65.98,0.00,0.00,6.40,0.00,13.27,0.00,0.00,0.00,0.00
36,Patnt,UplCe,Intn1,115,0.00,0.00,0.00,23.61,4.14,4.79,68.35,0.00,0.00,6.80,0.00,14.80,0.00,0.00,0.00,0.00
36,Patnt,UplCe,Intn1,125,0.00,0.00,0.00,24.64,4.32,4.90,68.94,0.00,0.00,6.98,0.00,15.94,0.00,0.00,0.00,0.00
36,Patnt,UplCe,Intn1,135,0.00,0.00,0.00,25.17,4.42,4.91,67.81,0.00,0.00,6.97,0.00,16.62,0.00,0.00,0.00,0.00
36,Patnt,UplCe,Intn1,145,0.00,0.00,0.00,25.19,4.42,4.82,65.12,0.00,0.00,6.77,0.00,16.85,0.00,0.00,0.00,0.00
36,Patnt,UplCe,Intn1,155,0.00,0.00,0.00,24.73,4.34,4.64,61.10,0.00,0.00,6.42,0.00,16.62,0.00,0.00,0.00,0.00
36,Patnt,UplCe,Intn1,165,0.00,0.00,0.00,23.82,4.18,4.37,56.06,0.00,0.00,5.95,0.00,16.00,0.00,0.00,0.00,0.00
36,Patnt,UplCe,Intn1,175,0.00,0.00,0.00,22.52,3.95,4.05,50.33,0.00,0.00,5.40,0.00,15.04,0.00,0.00,0.00,0.00
36,Patnt,UplCe,Intn1,185,0.00,0.00,0.00,20.90,3.67,3.68,44.23,0.00,0.00,4.81,0.00,13.83,0.00,0.00,0.00,0.00
36,Patnt,UplCe,Intn1,195,0.00,0.00,0.00,19.05,3.35,3.28,38.07,0.00,0.00,4.20,0.00,12.44,0.00,0.00,0.00,0.00
36,Patnt,UplCe,Intn1,205,0.00,0.00,0.00,17.05,3.00,2.87,32.11,0.00,0.00,3.60,0.00,10.97,0.00,0.00,0.00,0.00
36,Patnt,UplCe,Intn1,215,0.00,0.00,0.00,15.00,2.64,2.47,26.55,0.00,0.00,3.03,0.00,9.49,0.00,0.00,0.00,0.00
36,Patnt,UplCe,Intn1,225,0.00,0.00,0.00,12.96,2.28,2.08,21.52,0.00,0.00,2.50,0.00,8.04,0.00,0.00,0.00,0.00
36,Patnt,UplCe,Intn1,235,0.00,0.00,0.00,11.01,1.93,1.73,17.12,0.00,0.00,2.03,0.00,6.69,0.00,0.00,0.00,0.00
36,Patnt,UplCe,Intn1,245,0.00,0.00,0.00,9.19,1.61,1.41,13.35,0.00,0.00,1.62,0.00,5.47,0.00,0.00,0.00,0.00
36,Patnt,UplCe,Intn1,255,0.00,0.00,0.00,7.54,1.32,1.13,10.23,0.00,0.00,1.27,0.00,4.39,0.00,0.00,0.00,0.00
39,3w,UplCe,Succ,5,0.00,0.00,0.00,0.00,0.00,0.00,0.00,0.00,0.00,0.00,0.00,0.00,0.00,0.00,0.00,0.00
39,3w,UplCe,Succ,15,0.00,0.00,0.00,0.02,6.960227249237e-03,6.56451641602492e-03,0.33,0.00,0.00,3.88894451828747e-03,0.00,6.09905644962049e-03,0.00,0.00,0.00,0.00
39,3w,UplCe,Succ,25,0.00,0.00,0.00,0.60,0.11,0.14,3.37,0.00,0.00,0.08,0.00,0.12,0.00,0.00,0.00,0.00
39,3w,UplCe,Succ,35,0.00,0.00,0.00,3.07,0.52,0.72,12.03,0.00,0.00,0.46,0.00,0.72,0.00,0.00,0.00,0.00
39,3w,UplCe,Succ,45,0.00,0.00,0.00,7.40,1.24,1.69,25.29,0.00,0.00,1.32,0.00,2.10,0.00,0.00,0.00,0.00
39,3w,UplCe,Succ,55,0.00,0.00,0.00,11.82,2.01,2.65,38.66,0.00,0.00,2.49,0.00,4.09,0.00,0.00,0.00,0.00
39,3w,UplCe,Succ,65,0.00,0.00,0.00,15.13,2.61,3.34,48.64,0.00,0.00,3.63,0.00,6.20,0.00,0.00,0.00,0.00
39,3w,UplCe,Succ,75,0.00,0.00,0.00,17.28,3.01,3.76,54.82,0.00,0.00,4.54,0.00,8.11,0.00,0.00,0.00,0.00
39,3w,UplCe,Succ,85,0.00,0.00,0.00,18.71,3.27,4.00,58.40,0.00,0.00,5.20,0.00,9.75,0.00,0.00,0.00,0.00
39,3w,UplCe,Succ,95,0.00,0.00,0.00,19.76,3.46,4.16,60.43,0.00,0.00,5.66,0.00,11.16,0.00,0.00,0.00,0.00
39,3w,UplCe,Succ,105,0.00,0.00,0.00,20.61,3.61,4.26,61.45,0.00,0.00,5.96,0.00,12.36,0.00,0.00,0.00,0.00
39,3w,UplCe,Succ,115,0.00,0.00,0.00,21.32,3.74,4.33,61.72,0.00,0.00,6.14,0.00,13.37,0.00,0.00,0.00,0.00
39,3w,UplCe,Succ,125,0.00,0.00,0.00,21.93,3.85,4.36,61.37,0.00,0.00,6.22,0.00,14.18,0.00,0.00,0.00,0.00
39,3w,UplCe,Succ,135,0.00,0.00,0.00,22.44,3.94,4.38,60.48,0.00,0.00,6.21,0.00,14.82,0.00,0.00,0.00,0.00
39,3w,UplCe,Succ,145,0.00,0.00,0.00,22.89,4.02,4.38,59.15,0.00,0.00,6.15,0.00,15.30,0.00,0.00,0.00,0.00
39,3w,UplCe,Succ,155,0.00,0.00,0.00,23.26,4.08,4.36,57.46,0.00,0.00,6.03,0.00,15.63,0.00,0.00,0.00,0.00
39,3w,UplCe,Succ,165,0.00,0.00,0.00,23.58,4.14,4.33,55.49,0.00,0.00,5.89,0.00,15.83,0.00,0.00,0.00,0.00
39,3w,UplCe,Succ,175,0.00,0.00,0.00,23.84,4.19,4.29,53.29,0.00,0.00,5.72,0.00,15.92,0.00,0.00,0.00,0.00
39,3w,UplCe,Succ,185,0.00,0.00,0.00,24.06,4.23,4.23,50.93,0.00,0.00,5.54,0.00,15.92,0.00,0.00,0.00,0.00
39,3w,UplCe,Succ,195,0.00,0.00,0.00,24.25,4.26,4.17,48.46,0.00,0.00,5.35,0.00,15.84,0.00,0.00,0.00,0.00
39,3w,UplCe,Succ,205,0.00,0.00,0.00,24.39,4.29,4.11,45.93,0.00,0.00,5.15,0.00,15.70,0.00,0.00,0.00,0.00
39,3w,UplCe,Succ,215,0.00,0.00,0.00,24.51,4.31,4.03,43.38,0.00,0.00,4.95,0.00,15.50,0.00,0.00,0.00,0.00
39,3w,UplCe,Succ,225,0.00,0.00,0.00,24.59,4.32,3.96,40.84,0.00,0.00,4.75,0.00,15.26,0.00,0.00,0.00,0.00
39,3w,UplCe,Succ,235,0.00,0.00,0.00,24.66,4.34,3.88,38.33,0.00,0.00,4.55,0.00,15.00,0.00,0.00,0.00,0.00
39,3w,UplCe,Succ,245,0.00,0.00,0.00,24.70,4.35,3.79,35.89,0.00,0.00,4.36,0.00,14.70,0.00,0.00,0.00,0.00
39,3w,UplCe,Succ,255,0.00,0.00,0.00,24.72,4.35,3.71,33.52,0.00,0.00,4.17,0.00,14.39,0.00,0.00,0.00,0.00
40,Patnt,UplCe,Succ,5,0.00,0.00,0.00,0.00,0.00,0.00,0.00,0.00,0.00,0.00,0.00,0.00,0.00,0.00,0.00,0.00
40,Patnt,UplCe,Succ,15,0.00,0.00,0.00,0.01,2.70942060313111e-03,2.55538151130339e-03,0.13,0.00,0.00,1.51385666372272e-03,0.00,2.37419104470661e-03,0.00,0.00,0.00,0.00
40,Patnt,UplCe,Succ,25,0.00,0.00,0.00,0.28,0.05,0.06,1.57,0.00,0.00,0.03,0.00,0.05,0.00,0.00,0.00,0.00
40,Patnt,UplCe,Succ,35,0.00,0.00,0.00,1.67,0.28,0.39,6.58,0.00,0.00,0.25,0.00,0.39,0.00,0.00,0.00,0.00
40,Patnt,UplCe,Succ,45,0.00,0.00,0.00,4.68,0.78,1.07,16.00,0.00,0.00,0.84,0.00,1.33,0.00,0.00,0.00,0.00
40,Patnt,UplCe,Succ,55,0.00,0.00,0.00,8.51,1.44,1.91,27.83,0.00,0.00,1.79,0.00,2.94,0.00,0.00,0.00,0.00
40,Patnt,UplCe,Succ,65,0.00,0.00,0.00,12.19,2.10,2.69,39.19,0.00,0.00,2.92,0.00,5.00,0.00,0.00,0.00,0.00
40,Patnt,UplCe,Succ,75,0.00,0.00,0.00,15.33,2.67,3.33,48.64,0.00,0.00,4.02,0.00,7.20,0.00,0.00,0.00,0.00
40,Patnt,UplCe,Succ,85,0.00,0.00,0.00,17.98,3.14,3.85,56.13,0.00,0.00,4.99,0.00,9.37,0.00,0.00,0.00,0.00
40,Patnt,UplCe,Succ,95,0.00,0.00,0.00,20.24,3.55,4.26,61.89,0.00,0.00,5.79,0.00,11.43,0.00,0.00,0.00,0.00
40,Patnt,UplCe,Succ,105,0.00,0.00,0.00,22.13,3.88,4.57,65.98,0.00,0.00,6.40,0.00,13.27,0.00,0.00,0.00,0.00
40,Patnt,UplCe,Succ,115,0.00,0.00,0.00,23.61,4.14,4.79,68.35,0.00,0.00,6.80,0.00,14.80,0.00,0.00,0.00,0.00
40,Patnt,UplCe,Succ,125,0.00,0.00,0.00,24.64,4.32,4.90,68.94,0.00,0.00,6.98,0.00,15.94,0.00,0.00,0.00,0.00
40,Patnt,UplCe,Succ,135,0.00,0.00,0.00,25.17,4.42,4.91,67.81,0.00,0.00,6.97,0.00,16.62,0.00,0.00,0.00,0.00
40,Patnt,UplCe,Succ,145,0.00,0.00,0.00,25.19,4.42,4.82,65.12,0.00,0.00,6.77,0.00,16.85,0.00,0.00,0.00,0.00
40,Patnt,UplCe,Succ,155,0.00,0.00,0.00,24.73,4.34,4.64,61.10,0.00,0.00,6.42,0.00,16.62,0.00,0.00,0.00,0.00
40,Patnt,UplCe,Succ,165,0.00,0.00,0.00,23.82,4.18,4.37,56.06,0.00,0.00,5.95,0.00,16.00,0.00,0.00,0.00,0.00
40,Patnt,UplCe,Succ,175,0.00,0.00,0.00,22.52,3.95,4.05,50.33,0.00,0.00,5.40,0.00,15.04,0.00,0.00,0.00,0.00
40,Patnt,UplCe,Succ,185,0.00,0.00,0.00,20.90,3.67,3.68,44.23,0.00,0.00,4.81,0.00,13.83,0.00,0.00,0.00,0.00
40,Patnt,UplCe,Succ,195,0.00,0.00,0.00,19.05,3.35,3.28,38.07,0.00,0.00,4.20,0.00,12.44,0.00,0.00,0.00,0.00
40,Patnt,UplCe,Succ,205,0.00,0.00,0.00,17.05,3.00,2.87,32.11,0.00,0.00,3.60,0.00,10.97,0.00,0.00,0.00,0.00
40,Patnt,UplCe,Succ,215,0.00,0.00,0.00,15.00,2.64,2.47,26.55,0.00,0.00,3.03,0.00,9.49,0.00,0.00,0.00,0.00
40,Patnt,UplCe,Succ,225,0.00,0.00,0.00,12.96,2.28,2.08,21.52,0.00,0.00,2.50,0.00,8.04,0.00,0.00,0.00,0.00
40,Patnt,UplCe,Succ,235,0.00,0.00,0.00,11.01,1.93,1.73,17.12,0.00,0.00,2.03,0.00,6.69,0.00,0.00,0.00,0.00
40,Patnt,UplCe,Succ,245,0.00,0.00,0.00,9.19,1.61,1.41,13.35,0.00,0.00,1.62,0.00,5.47,0.00,0.00,0.00,0.00
40,Patnt,UplCe,Succ,255,0.00,0.00,0.00,7.54,1.32,1.13,10.23,0.00,0.00,1.27,0.00,4.39,0.00,0.00,0.00,0.00
41,3w,OCLow,Prsnt,5,0.00,0.00,0.00,0.00,0.00,0.00,0.00,0.00,0.00,0.00,0.00,0.00,0.00,0.00,0.00,0.00
41,3w,OCLow,Prsnt,15,0.00,0.00,0.00,0.26,0.00,6.31390967612309e-03,1.25,1.28,0.00,0.00,0.00,0.00,0.00,0.00,0.00,0.00
41,3w,OCLow,Prsnt,25,0.00,0.00,0.00,1.29,0.00,0.03,2.73,2.81,0.00,0.00,0.00,0.00,0.00,0.00,0.00,0.00
41,3w,OCLow,Prsnt,35,0.00,0.00,0.00,3.04,0.00,0.07,4.49,4.63,0.00,0.00,0.00,0.00,0.00,0.00,0.00,0.00
41,3w,OCLow,Prsnt,45,0.00,0.00,0.00,5.07,0.00,0.11,6.53,6.74,0.00,0.00,0.00,0.00,0.00,0.00,0.00,0.00
41,3w,OCLow,Prsnt,55,0.00,0.00,0.00,7.13,0.00,0.15,8.79,9.07,0.00,0.00,0.00,0.00,0.00,0.00,0.00,0.00
41,3w,OCLow,Prsnt,65,0.00,0.00,0.00,9.16,0.00,0.19,11.11,11.46,0.00,0.00,0.00,0.00,0.00,0.00,0.00,0.00
41,3w,OCLow,Prsnt,75,0.00,0.00,0.00,11.16,0.00,0.23,13.36,13.78,0.00,0.00,0.00,0.00,0.00,0.00,0.00,0.00
41,3w,OCLow,Prsnt,85,0.00,0.00,0.00,13.10,0.00,0.27,15.42,15.90,0.00,0.00,0.00,0.00,0.00,0.00,0.00,0.00
41,3w,OCLow,Prsnt,95,0.00,0.00,0.00,14.93,0.00,0.30,17.22,17.75,0.00,0.00,0.00,0.00,0.00,0.00,0.00,0.00
41,3w,OCLow,Prsnt,105,0.00,0.00,0.00,16.62,0.00,0.33,18.69,19.28,0.00,0.00,0.00,0.00,0.00,0.00,0.00,0.00
41,3w,OCLow,Prsnt,115,0.00,0.00,0.00,18.15,0.00,0.36,19.81,20.43,0.00,0.00,0.00,0.00,0.00,0.00,0.00,0.00
41,3w,OCLow,Prsnt,125,0.00,0.00,0.00,19.49,0.00,0.38,20.57,21.22,0.00,0.00,0.00,0.00,0.00,0.00,0.00,0.00
41,3w,OCLow,Prsnt,135,0.00,0.00,0.00,20.63,0.00,0.39,20.97,21.63,0.00,0.00,0.00,0.00,0.00,0.00,0.00,0.00
41,3w,OCLow,Prsnt,145,0.00,0.00,0.00,21.56,0.00,0.40,21.02,21.68,0.00,0.00,0.00,0.00,0.00,0.00,0.00,0.00
41,3w,OCLow,Prsnt,155,0.00,0.00,0.00,22.28,0.00,0.41,20.76,21.41,0.00,0.00,0.00,0.00,0.00,0.00,0.00,0.00
41,3w,OCLow,Prsnt,165,0.00,0.00,0.00,22.79,0.00,0.41,20.23,20.86,0.00,0.00,0.00,0.00,0.00,0.00,0.00,0.00
41,3w,OCLow,Prsnt,175,0.00,0.00,0.00,23.08,0.00,0.40,19.45,20.06,0.00,0.00,0.00,0.00,0.00,0.00,0.00,0.00
41,3w,OCLow,Prsnt,185,0.00,0.00,0.00,23.17,0.00,0.40,18.49,19.07,0.00,0.00,0.00,0.00,0.00,0.00,0.00,0.00
41,3w,OCLow,Prsnt,195,0.00,0.00,0.00,23.06,0.00,0.38,17.38,17.93,0.00,0.00,0.00,0.00,0.00,0.00,0.00,0.00
41,3w,OCLow,Prsnt,205,0.00,0.00,0.00,22.77,0.00,0.37,16.17,16.68,0.00,0.00,0.00,0.00,0.00,0.00,0.00,0.00
41,3w,OCLow,Prsnt,215,0.00,0.00,0.00,22.31,0.00,0.36,14.89,15.36,0.00,0.00,0.00,0.00,0.00,0.00,0.00,0.00
41,3w,OCLow,Prsnt,225,0.00,0.00,0.00,21.70,0.00,0.34,13.59,14.02,0.00,0.00,0.00,0.00,0.00,0.00,0.00,0.00
41,3w,OCLow,Prsnt,235,0.00,0.00,0.00,20.96,0.00,0.32,12.29,12.67,0.00,0.00,0.00,0.00,0.00,0.00,0.00,0.00
41,3w,OCLow,Prsnt,245,0.00,0.00,0.00,20.11,0.00,0.30,11.02,11.36,0.00,0.00,0.00,0.00,0.00,0.00,0.00,0.00
41,3w,OCLow,Prsnt,255,0.00,0.00,0.00,19.16,0.00,0.28,9.80,10.10,0.00,0.00,0.00,0.00,0.00,0.00,0.00,0.00
42,Patnt,OCLow,Prsnt,5,0.00,0.00,0.00,0.00,0.00,0.00,0.00,0.00,0.00,0.00,0.00,0.00,0.00,0.00,0.00,0.00
42,Patnt,OCLow,Prsnt,15,0.00,0.00,0.00,0.18,0.00,4.47224742144433e-03,0.88,0.91,0.00,0.00,0.00,0.00,0.00,0.00,0.00,0.00
42,Patnt,OCLow,Prsnt,25,0.00,0.00,0.00,0.96,0.00,0.02,2.03,2.09,0.00,0.00,0.00,0.00,0.00,0.00,0.00,0.00
42,Patnt,OCLow,Prsnt,35,0.00,0.00,0.00,2.37,0.00,0.05,3.51,3.62,0.00,0.00,0.00,0.00,0.00,0.00,0.00,0.00
42,Patnt,OCLow,Prsnt,45,0.00,0.00,0.00,4.14,0.00,0.09,5.34,5.51,0.00,0.00,0.00,0.00,0.00,0.00,0.00,0.00
42,Patnt,OCLow,Prsnt,55,0.00,0.00,0.00,6.09,0.00,0.13,7.51,7.74,0.00,0.00,0.00,0.00,0.00,0.00,0.00,0.00
42,Patnt,OCLow,Prsnt,65,0.00,0.00,0.00,8.15,0.00,0.17,9.89,10.19,0.00,0.00,0.00,0.00,0.00,0.00,0.00,0.00
42,Patnt,OCLow,Prsnt,75,0.00,0.00,0.00,10.31,0.00,0.22,12.34,12.73,0.00,0.00,0.00,0.00,0.00,0.00,0.00,0.00
42,Patnt,OCLow,Prsnt,85,0.00,0.00,0.00,12.54,0.00,0.26,14.76,15.22,0.00,0.00,0.00,0.00,0.00,0.00,0.00,0.00
42,Patnt,OCLow,Prsnt,95,0.00,0.00,0.00,14.77,0.00,0.30,17.03,17.56,0.00,0.00,0.00,0.00,0.00,0.00,0.00,0.00
42,Patnt,OCLow,Prsnt,105,0.00,0.00,0.00,16.95,0.00,0.34,19.06,19.66,0.00,0.00,0.00,0.00,0.00,0.00,0.00,0.00
42,Patnt,OCLow,Prsnt,115,0.00,0.00,0.00,19.03,0.00,0.37,20.78,21.43,0.00,0.00,0.00,0.00,0.00,0.00,0.00,0.00
42,Patnt,OCLow,Prsnt,125,0.00,0.00,0.00,20.96,0.00,0.40,22.13,22.82,0.00,0.00,0.00,0.00,0.00,0.00,0.00,0.00
42,Patnt,OCLow,Prsnt,135,0.00,0.00,0.00,22.70,0.00,0.43,23.08,23.80,0.00,0.00,0.00,0.00,0.00,0.00,0.00,0.00
42,Patnt,OCLow,Prsnt,145,0.00,0.00,0.00,24.22,0.00,0.45,23.61,24.35,0.00,0.00,0.00,0.00,0.00,0.00,0.00,0.00
42,Patnt,OCLow,Prsnt,155,0.00,0.00,0.00,25.48,0.00,0.46,23.74,24.48,0.00,0.00,0.00,0.00,0.00,0.00,0.00,0.00
42,Patnt,OCLow,Prsnt,165,0.00,0.00,0.00,26.45,0.00,0.47,23.48,24.21,0.00,0.00,0.00,0.00,0.00,0.00,0.00,0.00
42,Patnt,OCLow,Prsnt,175,0.00,0.00,0.00,27.14,0.00,0.47,22.87,23.59,0.00,0.00,0.00,0.00,0.00,0.00,0.00,0.00
42,Patnt,OCLow,Prsnt,185,0.00,0.00,0.00,27.52,0.00,0.47,21.97,22.65,0.00,0.00,0.00,0.00,0.00,0.00,0.00,0.00
42,Patnt,OCLow,Prsnt,195,0.00,0.00,0.00,27.60,0.00,0.46,20.81,21.46,0.00,0.00,0.00,0.00,0.00,0.00,0.00,0.00
42,Patnt,OCLow,Prsnt,205,0.00,0.00,0.00,27.40,0.00,0.45,19.46,20.07,0.00,0.00,0.00,0.00,0.00,0.00,0.00,0.00
42,Patnt,OCLow,Prsnt,215,0.00,0.00,0.00,26.92,0.00,0.43,17.97,18.53,0.00,0.00,0.00,0.00,0.00,0.00,0.00,0.00
42,Patnt,OCLow,Prsnt,225,0.00,0.00,0.00,26.19,0.00,0.41,16.40,16.91,0.00,0.00,0.00,0.00,0.00,0.00,0.00,0.00
42,Patnt,OCLow,Prsnt,235,0.00,0.00,0.00,25.24,0.00,0.38,14.80,15.26,0.00,0.00,0.00,0.00,0.00,0.00,0.00,0.00
42,Patnt,OCLow,Prsnt,245,0.00,0.00,0.00,24.09,0.00,0.36,13.20,13.62,0.00,0.00,0.00,0.00,0.00,0.00,0.00,0.00
42,Patnt,OCLow,Prsnt,255,0.00,0.00,0.00,22.79,0.00,0.33,11.65,12.02,0.00,0.00,0.00,0.00,0.00,0.00,0.00,0.00
43,3w,OCLow,Exten,5,0.00,0.00,0.00,0.00,0.00,0.00,0.00,0.00,0.00,0.00,0.00,0.00,0.00,0.00,0.00,0.00
43,3w,OCLow,Exten,15,0.00,0.00,0.00,0.26,0.00,6.31390967612309e-03,1.25,1.28,0.00,0.00,0.00,0.00,0.00,0.00,0.00,0.00
43,3w,OCLow,Exten,25,0.00,0.00,0.00,1.29,0.00,0.03,2.73,2.81,0.00,0.00,0.00,0.00,0.00,0.00,0.00,0.00
43,3w,OCLow,Exten,35,0.00,0.00,0.00,3.04,0.00,0.07,4.49,4.63,0.00,0.00,0.00,0.00,0.00,0.00,0.00,0.00
43,3w,OCLow,Exten,45,0.00,0.00,0.00,5.07,0.00,0.11,6.53,6.74,0.00,0.00,0.00,0.00,0.00,0.00,0.00,0.00
43,3w,OCLow,Exten,55,0.00,0.00,0.00,7.13,0.00,0.15,8.79,9.07,0.00,0.00,0.00,0.00,0.00,0.00,0.00,0.00
43,3w,OCLow,Exten,65,0.00,0.00,0.00,9.16,0.00,0.19,11.11,11.46,0.00,0.00,0.00,0.00,0.00,0.00,0.00,0.00
43,3w,OCLow,Exten,75,0.00,0.00,0.00,11.16,0.00,0.23,13.36,13.78,0.00,0.00,0.00,0.00,0.00,0.00,0.00,0.00
43,3w,OCLow,Exten,85,0.00,0.00,0.00,13.10,0.00,0.27,15.42,15.90,0.00,0.00,0.00,0.00,0.00,0.00,0.00,0.00
43,3w,OCLow,Exten,95,0.00,0.00,0.00,14.93,0.00,0.30,17.22,17.75,0.00,0.00,0.00,0.00,0.00,0.00,0.00,0.00
43,3w,OCLow,Exten,105,0.00,0.00,0.00,16.62,0.00,0.33,18.69,19.28,0.00,0.00,0.00,0.00,0.00,0.00,0.00,0.00
43,3w,OCLow,Exten,115,0.00,0.00,0.00,18.15,0.00,0.36,19.81,20.43,0.00,0.00,0.00,0.00,0.00,0.00,0.00,0.00
43,3w,OCLow,Exten,125,0.00,0.00,0.00,19.49,0.00,0.38,20.57,21.22,0.00,0.00,0.00,0.00,0.00,0.00,0.00,0.00
43,3w,OCLow,Exten,135,0.00,0.00,0.00,20.63,0.00,0.39,20.97,21.63,0.00,0.00,0.00,0.00,0.00,0.00,0.00,0.00
43,3w,OCLow,Exten,145,0.00,0.00,0.00,21.56,0.00,0.40,21.02,21.68,0.00,0.00,0.00,0.00,0.00,0.00,0.00,0.00
43,3w,OCLow,Exten,155,0.00,0.00,0.00,22.28,0.00,0.41,20.76,21.41,0.00,0.00,0.00,0.00,0.00,0.00,0.00,0.00
43,3w,OCLow,Exten,165,0.00,0.00,0.00,22.79,0.00,0.41,20.23,20.86,0.00,0.00,0.00,0.00,0.00,0.00,0.00,0.00
43,3w,OCLow,Exten,175,0.00,0.00,0.00,23.08,0.00,0.40,19.45,20.06,0.00,0.00,0.00,0.00,0.00,0.00,0.00,0.00
43,3w,OCLow,Exten,185,0.00,0.00,0.00,23.17,0.00,0.40,18.49,19.07,0.00,0.00,0.00,0.00,0.00,0.00,0.00,0.00
43,3w,OCLow,Exten,195,0.00,0.00,0.00,23.06,0.00,0.38,17.38,17.93,0.00,0.00,0.00,0.00,0.00,0.00,0.00,0.00
43,3w,OCLow,Exten,205,0.00,0.00,0.00,22.77,0.00,0.37,16.17,16.68,0.00,0.00,0.00,0.00,0.00,0.00,0.00,0.00
43,3w,OCLow,Exten,215,0.00,0.00,0.00,22.31,0.00,0.36,14.89,15.36,0.00,0.00,0.00,0.00,0.00,0.00,0.00,0.00
43,3w,OCLow,Exten,225,0.00,0.00,0.00,21.70,0.00,0.34,13.59,14.02,0.00,0.00,0.00,0.00,0.00,0.00,0.00,0.00
43,3w,OCLow,Exten,235,0.00,0.00,0.00,20.96,0.00,0.32,12.29,12.67,0.00,0.00,0.00,0.00,0.00,0.00,0.00,0.00
43,3w,OCLow,Exten,245,0.00,0.00,0.00,20.11,0.00,0.30,11.02,11.36,0.00,0.00,0.00,0.00,0.00,0.00,0.00,0.00
43,3w,OCLow,Exten,255,0.00,0.00,0.00,19.16,0.00,0.28,9.80,10.10,0.00,0.00,0.00,0.00,0.00,0.00,0.00,0.00
44,Patnt,OCLow,Exten,5,0.00,0.00,0.00,0.00,0.00,0.00,0.00,0.00,0.00,0.00,0.00,0.00,0.00,0.00,0.00,0.00
44,Patnt,OCLow,Exten,15,0.00,0.00,0.00,0.18,0.00,4.47224742144433e-03,0.88,0.91,0.00,0.00,0.00,0.00,0.00,0.00,0.00,0.00
44,Patnt,OCLow,Exten,25,0.00,0.00,0.00,0.96,0.00,0.02,2.03,2.09,0.00,0.00,0.00,0.00,0.00,0.00,0.00,0.00
44,Patnt,OCLow,Exten,35,0.00,0.00,0.00,2.37,0.00,0.05,3.51,3.62,0.00,0.00,0.00,0.00,0.00,0.00,0.00,0.00
44,Patnt,OCLow,Exten,45,0.00,0.00,0.00,4.14,0.00,0.09,5.34,5.51,0.00,0.00,0.00,0.00,0.00,0.00,0.00,0.00
44,Patnt,OCLow,Exten,55,0.00,0.00,0.00,6.09,0.00,0.13,7.51,7.74,0.00,0.00,0.00,0.00,0.00,0.00,0.00,0.00
44,Patnt,OCLow,Exten,65,0.00,0.00,0.00,8.15,0.00,0.17,9.89,10.19,0.00,0.00,0.00,0.00,0.00,0.00,0.00,0.00
44,Patnt,OCLow,Exten,75,0.00,0.00,0.00,10.31,0.00,0.22,12.34,12.73,0.00,0.00,0.00,0.00,0.00,0.00,0.00,0.00
44,Patnt,OCLow,Exten,85,0.00,0.00,0.00,12.54,0.00,0.26,14.76,15.22,0.00,0.00,0.00,0.00,0.00,0.00,0.00,0.00
44,Patnt,OCLow,Exten,95,0.00,0.00,0.00,14.77,0.00,0.30,17.03,17.56,0.00,0.00,0.00,0.00,0.00,0.00,0.00,0.00
44,Patnt,OCLow,Exten,105,0.00,0.00,0.00,16.95,0.00,0.34,19.06,19.66,0.00,0.00,0.00,0.00,0.00,0.00,0.00,0.00
44,Patnt,OCLow,Exten,115,0.00,0.00,0.00,19.03,0.00,0.37,20.78,21.43,0.00,0.00,0.00,0.00,0.00,0.00,0.00,0.00
44,Patnt,OCLow,Exten,125,0.00,0.00,0.00,20.96,0.00,0.40,22.13,22.82,0.00,0.00,0.00,0.00,0.00,0.00,0.00,0.00
44,Patnt,OCLow,Exten,135,0.00,0.00,0.00,22.70,0.00,0.43,23.08,23.80,0.00,0.00,0.00,0.00,0.00,0.00,0.00,0.00
44,Patnt,OCLow,Exten,145,0.00,0.00,0.00,24.22,0.00,0.45,23.61,24.35,0.00,0.00,0.00,0.00,0.00,0.00,0.00,0.00
44,Patnt,OCLow,Exten,155,0.00,0.00,0.00,25.48,0.00,0.46,23.74,24.48,0.00,0.00,0.00,0.00,0.00,0.00,0.00,0.00
44,Patnt,OCLow,Exten,165,0.00,0.00,0.00,26.45,0.00,0.47,23.48,24.21,0.00,0.00,0.00,0.00,0.00,0.00,0.00,0.00
44,Patnt,OCLow,Exten,175,0.00,0.00,0.00,27.14,0.00,0.47,22.87,23.59,0.00,0.00,0.00,0.00,0.00,0.00,0.00,0.00
44,Patnt,OCLow,Exten,185,0.00,0.00,0.00,27.52,0.00,0.47,21.97,22.65,0.00,0.00,0.00,0.00,0.00,0.00,0.00,0.00
44,Patnt,OCLow,Exten,195,0.00,0.00,0.00,27.60,0.00,0.46,20.81,21.46,0.00,0.00,0.00,0.00,0.00,0.00,0.00,0.00
44,Patnt,OCLow,Exten,205,0.00,0.00,0.00,27.40,0.00,0.45,19.46,20.07,0.00,0.00,0.00,0.00,0.00,0.00,0.00,0.00
44,Patnt,OCLow,Exten,215,0.00,0.00,0.00,26.92,0.00,0.43,17.97,18.53,0.00,0.00,0.00,0.00,0.00,0.00,0.00,0.00
44,Patnt,OCLow,Exten,225,0.00,0.00,0.00,26.19,0.00,0.41,16.40,16.91,0.00,0.00,0.00,0.00,0.00,0.00,0.00,0.00
44,Patnt,OCLow,Exten,235,0.00,0.00,0.00,25.24,0.00,0.38,14.80,15.26,0.00,0.00,0.00,0.00,0.00,0.00,0.00,0.00
44,Patnt,OCLow,Exten,245,0.00,0.00,0.00,24.09,0.00,0.36,13.20,13.62,0.00,0.00,0.00,0.00,0.00,0.00,0.00,0.00
44,Patnt,OCLow,Exten,255,0.00,0.00,0.00,22.79,0.00,0.33,11.65,12.02,0.00,0.00,0.00,0.00,0.00,0.00,0.00,0.00
45,3w,OCLow,Basc1,5,0.00,0.00,0.00,0.00,0.00,0.00,0.00,0.00,0.00,0.00,0.00,0.00,0.00,0.00,0.00,0.00
45,3w,OCLow,Basc1,15,0.00,0.00,0.00,0.26,0.00,6.31390967612309e-03,1.25,1.28,0.00,0.00,0.00,0.00,0.00,0.00,0.00,0.00
45,3w,OCLow,Basc1,25,0.00,0.00,0.00,1.29,0.00,0.03,2.73,2.81,0.00,0.00,0.00,0.00,0.00,0.00,0.00,0.00
45,3w,OCLow,Basc1,35,0.00,0.00,0.00,3.04,0.00,0.07,4.49,4.63,0.00,0.00,0.00,0.00,0.00,0.00,0.00,0.00
45,3w,OCLow,Basc1,45,0.00,0.00,0.00,5.07,0.00,0.11,6.53,6.74,0.00,0.00,0.00,0.00,0.00,0.00,0.00,0.00
45,3w,OCLow,Basc1,55,0.00,0.00,0.00,7.13,0.00,0.15,8.79,9.07,0.00,0.00,0.00,0.00,0.00,0.00,0.00,0.00
45,3w,OCLow,Basc1,65,0.00,0.00,0.00,9.16,0.00,0.19,11.11,11.46,0.00,0.00,0.00,0.00,0.00,0.00,0.00,0.00
45,3w,OCLow,Basc1,75,0.00,0.00,0.00,11.16,0.00,0.23,13.36,13.78,0.00,0.00,0.00,0.00,0.00,0.00,0.00,0.00
45,3w,OCLow,Basc1,85,0.00,0.00,0.00,13.10,0.00,0.27,15.42,15.90,0.00,0.00,0.00,0.00,0.00,0.00,0.00,0.00
45,3w,OCLow,Basc1,95,0.00,0.00,0.00,14.93,0.00,0.30,17.22,17.75,0.00,0.00,0.00,0.00,0.00,0.00,0.00,0.00
45,3w,OCLow,Basc1,105,0.00,0.00,0.00,16.62,0.00,0.33,18.69,19.28,0.00,0.00,0.00,0.00,0.00,0.00,0.00,0.00
45,3w,OCLow,Basc1,115,0.00,0.00,0.00,18.15,0.00,0.36,19.81,20.43,0.00,0.00,0.00,0.00,0.00,0.00,0.00,0.00
45,3w,OCLow,Basc1,125,0.00,0.00,0.00,19.49,0.00,0.38,20.57,21.22,0.00,0.00,0.00,0.00,0.00,0.00,0.00,0.00
45,3w,OCLow,Basc1,135,0.00,0.00,0.00,20.63,0.00,0.39,20.97,21.63,0.00,0.00,0.00,0.00,0.00,0.00,0.00,0.00
45,3w,OCLow,Basc1,145,0.00,0.00,0.00,21.56,0.00,0.40,21.02,21.68,0.00,0.00,0.00,0.00,0.00,0.00,0.00,0.00
45,3w,OCLow,Basc1,155,0.00,0.00,0.00,22.28,0.00,0.41,20.76,21.41,0.00,0.00,0.00,0.00,0.00,0.00,0.00,0.00
45,3w,OCLow,Basc1,165,0.00,0.00,0.00,22.79,0.00,0.41,20.23,20.86,0.00,0.00,0.00,0.00,0.00,0.00,0.00,0.00
45,3w,OCLow,Basc1,175,0.00,0.00,0.00,23.08,0.00,0.40,19.45,20.06,0.00,0.00,0.00,0.00,0.00,0.00,0.00,0.00
45,3w,OCLow,Basc1,185,0.00,0.00,0.00,23.17,0.00,0.40,18.49,19.07,0.00,0.00,0.00,0.00,0.00,0.00,0.00,0.00
45,3w,OCLow,Basc1,195,0.00,0.00,0.00,23.06,0.00,0.38,17.38,17.93,0.00,0.00,0.00,0.00,0.00,0.00,0.00,0.00
45,3w,OCLow,Basc1,205,0.00,0.00,0.00,22.77,0.00,0.37,16.17,16.68,0.00,0.00,0.00,0.00,0.00,0.00,0.00,0.00
45,3w,OCLow,Basc1,215,0.00,0.00,0.00,22.31,0.00,0.36,14.89,15.36,0.00,0.00,0.00,0.00,0.00,0.00,0.00,0.00
45,3w,OCLow,Basc1,225,0.00,0.00,0.00,21.70,0.00,0.34,13.59,14.02,0.00,0.00,0.00,0.00,0.00,0.00,0.00,0.00
45,3w,OCLow,Basc1,235,0.00,0.00,0.00,20.96,0.00,0.32,12.29,12.67,0.00,0.00,0.00,0.00,0.00,0.00,0.00,0.00
45,3w,OCLow,Basc1,245,0.00,0.00,0.00,20.11,0.00,0.30,11.02,11.36,0.00,0.00,0.00,0.00,0.00,0.00,0.00,0.00
45,3w,OCLow,Basc1,255,0.00,0.00,0.00,19.16,0.00,0.28,9.80,10.10,0.00,0.00,0.00,0.00,0.00,0.00,0.00,0.00
46,Patnt,OCLow,Basc1,5,0.00,0.00,0.00,0.00,0.00,0.00,0.00,0.00,0.00,0.00,0.00,0.00,0.00,0.00,0.00,0.00
46,Patnt,OCLow,Basc1,15,0.00,0.00,0.00,0.18,0.00,4.47224742144433e-03,0.88,0.91,0.00,0.00,0.00,0.00,0.00,0.00,0.00,0.00
46,Patnt,OCLow,Basc1,25,0.00,0.00,0.00,0.96,0.00,0.02,2.03,2.09,0.00,0.00,0.00,0.00,0.00,0.00,0.00,0.00
46,Patnt,OCLow,Basc1,35,0.00,0.00,0.00,2.37,0.00,0.05,3.51,3.62,0.00,0.00,0.00,0.00,0.00,0.00,0.00,0.00
46,Patnt,OCLow,Basc1,45,0.00,0.00,0.00,4.14,0.00,0.09,5.34,5.51,0.00,0.00,0.00,0.00,0.00,0.00,0.00,0.00
46,Patnt,OCLow,Basc1,55,0.00,0.00,0.00,6.09,0.00,0.13,7.51,7.74,0.00,0.00,0.00,0.00,0.00,0.00,0.00,0.00
46,Patnt,OCLow,Basc1,65,0.00,0.00,0.00,8.15,0.00,0.17,9.89,10.19,0.00,0.00,0.00,0.00,0.00,0.00,0.00,0.00
46,Patnt,OCLow,Basc1,75,0.00,0.00,0.00,10.31,0.00,0.22,12.34,12.73,0.00,0.00,0.00,0.00,0.00,0.00,0.00,0.00
46,Patnt,OCLow,Basc1,85,0.00,0.00,0.00,12.54,0.00,0.26,14.76,15.22,0.00,0.00,0.00,0.00,0.00,0.00,0.00,0.00
46,Patnt,OCLow,Basc1,95,0.00,0.00,0.00,14.77,0.00,0.30,17.03,17.56,0.00,0.00,0.00,0.00,0.00,0.00,0.00,0.00
46,Patnt,OCLow,Basc1,105,0.00,0.00,0.00,16.95,0.00,0.34,19.06,19.66,0.00,0.00,0.00,0.00,0.00,0.00,0.00,0.00
46,Patnt,OCLow,Basc1,115,0.00,0.00,0.00,19.03,0.00,0.37,20.78,21.43,0.00,0.00,0.00,0.00,0.00,0.00,0.00,0.00
46,Patnt,OCLow,Basc1,125,0.00,0.00,0.00,20.96,0.00,0.40,22.13,22.82,0.00,0.00,0.00,0.00,0.00,0.00,0.00,0.00
46,Patnt,OCLow,Basc1,135,0.00,0.00,0.00,22.70,0.00,0.43,23.08,23.80,0.00,0.00,0.00,0.00,0.00,0.00,0.00,0.00
46,Patnt,OCLow,Basc1,145,0.00,0.00,0.00,24.22,0.00,0.45,23.61,24.35,0.00,0.00,0.00,0.00,0.00,0.00,0.00,0.00
46,Patnt,OCLow,Basc1,155,0.00,0.00,0.00,25.48,0.00,0.46,23.74,24.48,0.00,0.00,0.00,0.00,0.00,0.00,0.00,0.00
46,Patnt,OCLow,Basc1,165,0.00,0.00,0.00,26.45,0.00,0.47,23.48,24.21,0.00,0.00,0.00,0.00,0.00,0.00,0.00,0.00
46,Patnt,OCLow,Basc1,175,0.00,0.00,0.00,27.14,0.00,0.47,22.87,23.59,0.00,0.00,0.00,0.00,0.00,0.00,0.00,0.00
46,Patnt,OCLow,Basc1,185,0.00,0.00,0.00,27.52,0.00,0.47,21.97,22.65,0.00,0.00,0.00,0.00,0.00,0.00,0.00,0.00
46,Patnt,OCLow,Basc1,195,0.00,0.00,0.00,27.60,0.00,0.46,20.81,21.46,0.00,0.00,0.00,0.00,0.00,0.00,0.00,0.00
46,Patnt,OCLow,Basc1,205,0.00,0.00,0.00,27.40,0.00,0.45,19.46,20.07,0.00,0.00,0.00,0.00,0.00,0.00,0.00,0.00
46,Patnt,OCLow,Basc1,215,0.00,0.00,0.00,26.92,0.00,0.43,17.97,18.53,0.00,0.00,0.00,0.00,0.00,0.00,0.00,0.00
46,Patnt,OCLow,Basc1,225,0.00,0.00,0.00,26.19,0.00,0.41,16.40,16.91,0.00,0.00,0.00,0.00,0.00,0.00,0.00,0.00
46,Patnt,OCLow,Basc1,235,0.00,0.00,0.00,25.24,0.00,0.38,14.80,15.26,0.00,0.00,0.00,0.00,0.00,0.00,0.00,0.00
46,Patnt,OCLow,Basc1,245,0.00,0.00,0.00,24.09,0.00,0.36,13.20,13.62,0.00,0.00,0.00,0.00,0.00,0.00,0.00,0.00
46,Patnt,OCLow,Basc1,255,0.00,0.00,0.00,22.79,0.00,0.33,11.65,12.02,0.00,0.00,0.00,0.00,0.00,0.00,0.00,0.00
47,3w,OCLow,Intn1,5,0.00,0.00,0.00,0.00,0.00,0.00,0.00,0.00,0.00,0.00,0.00,0.00,0.00,0.00,0.00,0.00
47,3w,OCLow,Intn1,15,0.00,0.00,0.00,0.26,0.00,6.31390967612309e-03,1.25,1.28,0.00,0.00,0.00,0.00,0.00,0.00,0.00,0.00
47,3w,OCLow,Intn1,25,0.00,0.00,0.00,1.29,0.00,0.03,2.73,2.81,0.00,0.00,0.00,0.00,0.00,0.00,0.00,0.00
47,3w,OCLow,Intn1,35,0.00,0.00,0.00,3.04,0.00,0.07,4.49,4.63,0.00,0.00,0.00,0.00,0.00,0.00,0.00,0.00
47,3w,OCLow,Intn1,45,0.00,0.00,0.00,5.07,0.00,0.11,6.53,6.74,0.00,0.00,0.00,0.00,0.00,0.00,0.00,0.00
47,3w,OCLow,Intn1,55,0.00,0.00,0.00,7.13,0.00,0.15,8.79,9.07,0.00,0.00,0.00,0.00,0.00,0.00,0.00,0.00
47,3w,OCLow,Intn1,65,0.00,0.00,0.00,9.16,0.00,0.19,11.11,11.46,0.00,0.00,0.00,0.00,0.00,0.00,0.00,0.00
47,3w,OCLow,Intn1,75,0.00,0.00,0.00,11.16,0.00,0.23,13.36,13.78,0.00,0.00,0.00,0.00,0.00,0.00,0.00,0.00
47,3w,OCLow,Intn1,85,0.00,0.00,0.00,13.10,0.00,0.27,15.42,15.90,0.00,0.00,0.00,0.00,0.00,0.00,0.00,0.00
47,3w,OCLow,Intn1,95,0.00,0.00,0.00,14.93,0.00,0.30,17.22,17.75,0.00,0.00,0.00,0.00,0.00,0.00,0.00,0.00
47,3w,OCLow,Intn1,105,0.00,0.00,0.00,16.62,0.00,0.33,18.69,19.28,0.00,0.00,0.00,0.00,0.00,0.00,0.00,0.00
47,3w,OCLow,Intn1,115,0.00,0.00,0.00,18.15,0.00,0.36,19.81,20.43,0.00,0.00,0.00,0.00,0.00,0.00,0.00,0.00
47,3w,OCLow,Intn1,125,0.00,0.00,0.00,19.49,0.00,0.38,20.57,21.22,0.00,0.00,0.00,0.00,0.00,0.00,0.00,0.00
47,3w,OCLow,Intn1,135,0.00,0.00,0.00,20.63,0.00,0.39,20.97,21.63,0.00,0.00,0.00,0.00,0.00,0.00,0.00,0.00
47,3w,OCLow,Intn1,145,0.00,0.00,0.00,21.56,0.00,0.40,21.02,21.68,0.00,0.00,0.00,0.00,0.00,0.00,0.00,0.00
47,3w,OCLow,Intn1,155,0.00,0.00,0.00,22.28,0.00,0.41,20.76,21.41,0.00,0.00,0.00,0.00,0.00,0.00,0.00,0.00
47,3w,OCLow,Intn1,165,0.00,0.00,0.00,22.79,0.00,0.41,20.23,20.86,0.00,0.00,0.00,0.00,0.00,0.00,0.00,0.00
47,3w,OCLow,Intn1,175,0.00,0.00,0.00,23.08,0.00,0.40,19.45,20.06,0.00,0.00,0.00,0.00,0.00,0.00,0.00,0.00
47,3w,OCLow,Intn1,185,0.00,0.00,0.00,23.17,0.00,0.40,18.49,19.07,0.00,0.00,0.00,0.00,0.00,0.00,0.00,0.00
47,3w,OCLow,Intn1,195,0.00,0.00,0.00,23.06,0.00,0.38,17.38,17.93,0.00,0.00,0.00,0.00,0.00,0.00,0.00,0.00
47,3w,OCLow,Intn1,205,0.00,0.00,0.00,22.77,0.00,0.37,16.17,16.68,0.00,0.00,0.00,0.00,0.00,0.00,0.00,0.00
47,3w,OCLow,Intn1,215,0.00,0.00,0.00,22.31,0.00,0.36,14.89,15.36,0.00,0.00,0.00,0.00,0.00,0.00,0.00,0.00
47,3w,OCLow,Intn1,225,0.00,0.00,0.00,21.70,0.00,0.34,13.59,14.02,0.00,0.00,0.00,0.00,0.00,0.00,0.00,0.00
47,3w,OCLow,Intn1,235,0.00,0.00,0.00,20.96,0.00,0.32,12.29,12.67,0.00,0.00,0.00,0.00,0.00,0.00,0.00,0.00
47,3w,OCLow,Intn1,245,0.00,0.00,0.00,20.11,0.00,0.30,11.02,11.36,0.00,0.00,0.00,0.00,0.00,0.00,0.00,0.00
47,3w,OCLow,Intn1,255,0.00,0.00,0.00,19.16,0.00,0.28,9.80,10.10,0.00,0.00,0.00,0.00,0.00,0.00,0.00,0.00
48,Patnt,OCLow,Intn1,5,0.00,0.00,0.00,0.00,0.00,0.00,0.00,0.00,0.00,0.00,0.00,0.00,0.00,0.00,0.00,0.00
48,Patnt,OCLow,Intn1,15,0.00,0.00,0.00,0.18,0.00,4.47224742144433e-03,0.88,0.91,0.00,0.00,0.00,0.00,0.00,0.00,0.00,0.00
48,Patnt,OCLow,Intn1,25,0.00,0.00,0.00,0.96,0.00,0.02,2.03,2.09,0.00,0.00,0.00,0.00,0.00,0.00,0.00,0.00
48,Patnt,OCLow,Intn1,35,0.00,0.00,0.00,2.37,0.00,0.05,3.51,3.62,0.00,0.00,0.00,0.00,0.00,0.00,0.00,0.00
48,Patnt,OCLow,Intn1,45,0.00,0.00,0.00,4.14,0.00,0.09,5.34,5.51,0.00,0.00,0.00,0.00,0.00,0.00,0.00,0.00
48,Patnt,OCLow,Intn1,55,0.00,0.00,0.00,6.09,0.00,0.13,7.51,7.74,0.00,0.00,0.00,0.00,0.00,0.00,0.00,0.00
48,Patnt,OCLow,Intn1,65,0.00,0.00,0.00,8.15,0.00,0.17,9.89,10.19,0.00,0.00,0.00,0.00,0.00,0.00,0.00,0.00
48,Patnt,OCLow,Intn1,75,0.00,0.00,0.00,10.31,0.00,0.22,12.34,12.73,0.00,0.00,0.00,0.00,0.00,0.00,0.00,0.00
48,Patnt,OCLow,Intn1,85,0.00,0.00,0.00,12.54,0.00,0.26,14.76,15.22,0.00,0.00,0.00,0.00,0.00,0.00,0.00,0.00
48,Patnt,OCLow,Intn1,95,0.00,0.00,0.00,14.77,0.00,0.30,17.03,17.56,0.00,0.00,0.00,0.00,0.00,0.00,0.00,0.00
48,Patnt,OCLow,Intn1,105,0.00,0.00,0.00,16.95,0.00,0.34,19.06,19.66,0.00,0.00,0.00,0.00,0.00,0.00,0.00,0.00
48,Patnt,OCLow,Intn1,115,0.00,0.00,0.00,19.03,0.00,0.37,20.78,21.43,0.00,0.00,0.00,0.00,0.00,0.00,0.00,0.00
48,Patnt,OCLow,Intn1,125,0.00,0.00,0.00,20.96,0.00,0.40,22.13,22.82,0.00,0.00,0.00,0.00,0.00,0.00,0.00,0.00
48,Patnt,OCLow,Intn1,135,0.00,0.00,0.00,22.70,0.00,0.43,23.08,23.80,0.00,0.00,0.00,0.00,0.00,0.00,0.00,0.00
48,Patnt,OCLow,Intn1,145,0.00,0.00,0.00,24.22,0.00,0.45,23.61,24.35,0.00,0.00,0.00,0.00,0.00,0.00,0.00,0.00
48,Patnt,OCLow,Intn1,155,0.00,0.00,0.00,25.48,0.00,0.46,23.74,24.48,0.00,0.00,0.00,0.00,0.00,0.00,0.00,0.00
48,Patnt,OCLow,Intn1,165,0.00,0.00,0.00,26.45,0.00,0.47,23.48,24.21,0.00,0.00,0.00,0.00,0.00,0.00,0.00,0.00
48,Patnt,OCLow,Intn1,175,0.00,0.00,0.00,27.14,0.00,0.47,22.87,23.59,0.00,0.00,0.00,0.00,0.00,0.00,0.00,0.00
48,Patnt,OCLow,Intn1,185,0.00,0.00,0.00,27.52,0.00,0.47,21.97,22.65,0.00,0.00,0.00,0.00,0.00,0.00,0.00,0.00
48,Patnt,OCLow,Intn1,195,0.00,0.00,0.00,27.60,0.00,0.46,20.81,21.46,0.00,0.00,0.00,0.00,0.00,0.00,0.00,0.00
48,Patnt,OCLow,Intn1,205,0.00,0.00,0.00,27.40,0.00,0.45,19.46,20.07,0.00,0.00,0.00,0.00,0.00,0.00,0.00,0.00
48,Patnt,OCLow,Intn1,215,0.00,0.00,0.00,26.92,0.00,0.43,17.97,18.53,0.00,0.00,0.00,0.00,0.00,0.00,0.00,0.00
48,Patnt,OCLow,Intn1,225,0.00,0.00,0.00,26.19,0.00,0.41,16.40,16.91,0.00,0.00,0.00,0.00,0.00,0.00,0.00,0.00
48,Patnt,OCLow,Intn1,235,0.00,0.00,0.00,25.24,0.00,0.38,14.80,15.26,0.00,0.00,0.00,0.00,0.00,0.00,0.00,0.00
48,Patnt,OCLow,Intn1,245,0.00,0.00,0.00,24.09,0.00,0.36,13.20,13.62,0.00,0.00,0.00,0.00,0.00,0.00,0.00,0.00
48,Patnt,OCLow,Intn1,255,0.00,0.00,0.00,22.79,0.00,0.33,11.65,12.02,0.00,0.00,0.00,0.00,0.00,0.00,0.00,0.00
49,3w,OCLow,Intn2,5,0.00,0.00,0.00,0.00,0.00,0.00,0.00,0.00,0.00,0.00,0.00,0.00,0.00,0.00,0.00,0.00
49,3w,OCLow,Intn2,15,0.00,0.00,0.00,0.26,0.00,6.31390967612309e-03,1.25,1.28,0.00,0.00,0.00,0.00,0.00,0.00,0.00,0.00
49,3w,OCLow,Intn2,25,0.00,0.00,0.00,1.29,0.00,0.03,2.73,2.81,0.00,0.00,0.00,0.00,0.00,0.00,0.00,0.00
49,3w,OCLow,Intn2,35,0.00,0.00,0.00,3.04,0.00,0.07,4.49,4.63,0.00,0.00,0.00,0.00,0.00,0.00,0.00,0.00
49,3w,OCLow,Intn2,45,0.00,0.00,0.00,5.07,0.00,0.11,6.53,6.74,0.00,0.00,0.00,0.00,0.00,0.00,0.00,0.00
49,3w,OCLow,Intn2,55,0.00,0.00,0.00,7.13,0.00,0.15,8.79,9.07,0.00,0.00,0.00,0.00,0.00,0.00,0.00,0.00
49,3w,OCLow,Intn2,65,0.00,0.00,0.00,9.16,0.00,0.19,11.11,11.46,0.00,0.00,0.00,0.00,0.00,0.00,0.00,0.00
49,3w,OCLow,Intn2,75,0.00,0.00,0.00,11.16,0.00,0.23,13.36,13.78,0.00,0.00,0.00,0.00,0.00,0.00,0.00,0.00
49,3w,OCLow,Intn2,85,0.00,0.00,0.00,13.10,0.00,0.27,15.42,15.90,0.00,0.00,0.00,0.00,0.00,0.00,0.00,0.00
49,3w,OCLow,Intn2,95,0.00,0.00,0.00,14.93,0.00,0.30,17.22,17.75,0.00,0.00,0.00,0.00,0.00,0.00,0.00,0.00
49,3w,OCLow,Intn2,105,0.00,0.00,0.00,16.62,0.00,0.33,18.69,19.28,0.00,0.00,0.00,0.00,0.00,0.00,0.00,0.00
49,3w,OCLow,Intn2,115,0.00,0.00,0.00,18.15,0.00,0.36,19.81,20.43,0.00,0.00,0.00,0.00,0.00,0.00,0.00,0.00
49,3w,OCLow,Intn2,125,0.00,0.00,0.00,19.49,0.00,0.38,20.57,21.22,0.00,0.00,0.00,0.00,0.00,0.00,0.00,0.00
49,3w,OCLow,Intn2,135,0.00,0.00,0.00,20.63,0.00,0.39,20.97,21.63,0.00,0.00,0.00,0.00,0.00,0.00,0.00,0.00
49,3w,OCLow,Intn2,145,0.00,0.00,0.00,21.56,0.00,0.40,21.02,21.68,0.00,0.00,0.00,0.00,0.00,0.00,0.00,0.00
49,3w,OCLow,Intn2,155,0.00,0.00,0.00,22.28,0.00,0.41,20.76,21.41,0.00,0.00,0.00,0.00,0.00,0.00,0.00,0.00
49,3w,OCLow,Intn2,165,0.00,0.00,0.00,22.79,0.00,0.41,20.23,20.86,0.00,0.00,0.00,0.00,0.00,0.00,0.00,0.00
49,3w,OCLow,Intn2,175,0.00,0.00,0.00,23.08,0.00,0.40,19.45,20.06,0.00,0.00,0.00,0.00,0.00,0.00,0.00,0.00
49,3w,OCLow,Intn2,185,0.00,0.00,0.00,23.17,0.00,0.40,18.49,19.07,0.00,0.00,0.00,0.00,0.00,0.00,0.00,0.00
49,3w,OCLow,Intn2,195,0.00,0.00,0.00,23.06,0.00,0.38,17.38,17.93,0.00,0.00,0.00,0.00,0.00,0.00,0.00,0.00
49,3w,OCLow,Intn2,205,0.00,0.00,0.00,22.77,0.00,0.37,16.17,16.68,0.00,0.00,0.00,0.00,0.00,0.00,0.00,0.00
49,3w,OCLow,Intn2,215,0.00,0.00,0.00,22.31,0.00,0.36,14.89,15.36,0.00,0.00,0.00,0.00,0.00,0.00,0.00,0.00
49,3w,OCLow,Intn2,225,0.00,0.00,0.00,21.70,0.00,0.34,13.59,14.02,0.00,0.00,0.00,0.00,0.00,0.00,0.00,0.00
49,3w,OCLow,Intn2,235,0.00,0.00,0.00,20.96,0.00,0.32,12.29,12.67,0.00,0.00,0.00,0.00,0.00,0.00,0.00,0.00
49,3w,OCLow,Intn2,245,0.00,0.00,0.00,20.11,0.00,0.30,11.02,11.36,0.00,0.00,0.00,0.00,0.00,0.00,0.00,0.00
49,3w,OCLow,Intn2,255,0.00,0.00,0.00,19.16,0.00,0.28,9.80,10.10,0.00,0.00,0.00,0.00,0.00,0.00,0.00,0.00
50,Patnt,OCLow,Intn2,5,0.00,0.00,0.00,0.00,0.00,0.00,0.00,0.00,0.00,0.00,0.00,0.00,0.00,0.00,0.00,0.00
50,Patnt,OCLow,Intn2,15,0.00,0.00,0.00,0.18,0.00,4.47224742144433e-03,0.88,0.91,0.00,0.00,0.00,0.00,0.00,0.00,0.00,0.00
50,Patnt,OCLow,Intn2,25,0.00,0.00,0.00,0.96,0.00,0.02,2.03,2.09,0.00,0.00,0.00,0.00,0.00,0.00,0.00,0.00
50,Patnt,OCLow,Intn2,35,0.00,0.00,0.00,2.37,0.00,0.05,3.51,3.62,0.00,0.00,0.00,0.00,0.00,0.00,0.00,0.00
50,Patnt,OCLow,Intn2,45,0.00,0.00,0.00,4.14,0.00,0.09,5.34,5.51,0.00,0.00,0.00,0.00,0.00,0.00,0.00,0.00
50,Patnt,OCLow,Intn2,55,0.00,0.00,0.00,6.09,0.00,0.13,7.51,7.74,0.00,0.00,0.00,0.00,0.00,0.00,0.00,0.00
50,Patnt,OCLow,Intn2,65,0.00,0.00,0.00,8.15,0.00,0.17,9.89,10.19,0.00,0.00,0.00,0.00,0.00,0.00,0.00,0.00
50,Patnt,OCLow,Intn2,75,0.00,0.00,0.00,10.31,0.00,0.22,12.34,12.73,0.00,0.00,0.00,0.00,0.00,0.00,0.00,0.00
50,Patnt,OCLow,Intn2,85,0.00,0.00,0.00,12.54,0.00,0.26,14.76,15.22,0.00,0.00,0.00,0.00,0.00,0.00,0.00,0.00
50,Patnt,OCLow,Intn2,95,0.00,0.00,0.00,14.77,0.00,0.30,17.03,17.56,0.00,0.00,0.00,0.00,0.00,0.00,0.00,0.00
50,Patnt,OCLow,Intn2,105,0.00,0.00,0.00,16.95,0.00,0.34,19.06,19.66,0.00,0.00,0.00,0.00,0.00,0.00,0.00,0.00
50,Patnt,OCLow,Intn2,115,0.00,0.00,0.00,19.03,0.00,0.37,20.78,21.43,0.00,0.00,0.00,0.00,0.00,0.00,0.00,0.00
50,Patnt,OCLow,Intn2,125,0.00,0.00,0.00,20.96,0.00,0.40,22.13,22.82,0.00,0.00,0.00,0.00,0.00,0.00,0.00,0.00
50,Patnt,OCLow,Intn2,135,0.00,0.00,0.00,22.70,0.00,0.43,23.08,23.80,0.00,0.00,0.00,0.00,0.00,0.00,0.00,0.00
50,Patnt,OCLow,Intn2,145,0.00,0.00,0.00,24.22,0.00,0.45,23.61,24.35,0.00,0.00,0.00,0.00,0.00,0.00,0.00,0.00
50,Patnt,OCLow,Intn2,155,0.00,0.00,0.00,25.48,0.00,0.46,23.74,24.48,0.00,0.00,0.00,0.00,0.00,0.00,0.00,0.00
50,Patnt,OCLow,Intn2,165,0.00,0.00,0.00,26.45,0.00,0.47,23.48,24.21,0.00,0.00,0.00,0.00,0.00,0.00,0.00,0.00
50,Patnt,OCLow,Intn2,175,0.00,0.00,0.00,27.14,0.00,0.47,22.87,23.59,0.00,0.00,0.00,0.00,0.00,0.00,0.00,0.00
50,Patnt,OCLow,Intn2,185,0.00,0.00,0.00,27.52,0.00,0.47,21.97,22.65,0.00,0.00,0.00,0.00,0.00,0.00,0.00,0.00
50,Patnt,OCLow,Intn2,195,0.00,0.00,0.00,27.60,0.00,0.46,20.81,21.46,0.00,0.00,0.00,0.00,0.00,0.00,0.00,0.00
50,Patnt,OCLow,Intn2,205,0.00,0.00,0.00,27.40,0.00,0.45,19.46,20.07,0.00,0.00,0.00,0.00,0.00,0.00,0.00,0.00
50,Patnt,OCLow,Intn2,215,0.00,0.00,0.00,26.92,0.00,0.43,17.97,18.53,0.00,0.00,0.00,0.00,0.00,0.00,0.00,0.00
50,Patnt,OCLow,Intn2,225,0.00,0.00,0.00,26.19,0.00,0.41,16.40,16.91,0.00,0.00,0.00,0.00,0.00,0.00,0.00,0.00
50,Patnt,OCLow,Intn2,235,0.00,0.00,0.00,25.24,0.00,0.38,14.80,15.26,0.00,0.00,0.00,0.00,0.00,0.00,0.00,0.00
50,Patnt,OCLow,Intn2,245,0.00,0.00,0.00,24.09,0.00,0.36,13.20,13.62,0.00,0.00,0.00,0.00,0.00,0.00,0.00,0.00
50,Patnt,OCLow,Intn2,255,0.00,0.00,0.00,22.79,0.00,0.33,11.65,12.02,0.00,0.00,0.00,0.00,0.00,0.00,0.00,0.00
53,3w,OCLow,Succ,5,0.00,0.00,0.00,0.00,0.00,0.00,0.00,0.00,0.00,0.00,0.00,0.00,0.00,0.00,0.00,0.00
53,3w,OCLow,Succ,15,0.00,0.00,0.00,0.26,0.00,6.31390967612309e-03,1.25,1.28,0.00,0.00,0.00,0.00,0.00,0.00,0.00,0.00
53,3w,OCLow,Succ,25,0.00,0.00,0.00,1.29,0.00,0.03,2.73,2.81,0.00,0.00,0.00,0.00,0.00,0.00,0.00,0.00
53,3w,OCLow,Succ,35,0.00,0.00,0.00,3.04,0.00,0.07,4.49,4.63,0.00,0.00,0.00,0.00,0.00,0.00,0.00,0.00
53,3w,OCLow,Succ,45,0.00,0.00,0.00,5.07,0.00,0.11,6.53,6.74,0.00,0.00,0.00,0.00,0.00,0.00,0.00,0.00
53,3w,OCLow,Succ,55,0.00,0.00,0.00,7.13,0.00,0.15,8.79,9.07,0.00,0.00,0.00,0.00,0.00,0.00,0.00,0.00
53,3w,OCLow,Succ,65,0.00,0.00,0.00,9.16,0.00,0.19,11.11,11.46,0.00,0.00,0.00,0.00,0.00,0.00,0.00,0.00
53,3w,OCLow,Succ,75,0.00,0.00,0.00,11.16,0.00,0.23,13.36,13.78,0.00,0.00,0.00,0.00,0.00,0.00,0.00,0.00
53,3w,OCLow,Succ,85,0.00,0.00,0.00,13.10,0.00,0.27,15.42,15.90,0.00,0.00,0.00,0.00,0.00,0.00,0.00,0.00
53,3w,OCLow,Succ,95,0.00,0.00,0.00,14.93,0.00,0.30,17.22,17.75,0.00,0.00,0.00,0.00,0.00,0.00,0.00,0.00
53,3w,OCLow,Succ,105,0.00,0.00,0.00,16.62,0.00,0.33,18.69,19.28,0.00,0.00,0.00,0.00,0.00,0.00,0.00,0.00
53,3w,OCLow,Succ,115,0.00,0.00,0.00,18.15,0.00,0.36,19.81,20.43,0.00,0.00,0.00,0.00,0.00,0.00,0.00,0.00
53,3w,OCLow,Succ,125,0.00,0.00,0.00,19.49,0.00,0.38,20.57,21.22,0.00,0.00,0.00,0.00,0.00,0.00,0.00,0.00
53,3w,OCLow,Succ,135,0.00,0.00,0.00,20.63,0.00,0.39,20.97,21.63,0.00,0.00,0.00,0.00,0.00,0.00,0.00,0.00
53,3w,OCLow,Succ,145,0.00,0.00,0.00,21.56,0.00,0.40,21.02,21.68,0.00,0.00,0.00,0.00,0.00,0.00,0.00,0.00
53,3w,OCLow,Succ,155,0.00,0.00,0.00,22.28,0.00,0.41,20.76,21.41,0.00,0.00,0.00,0.00,0.00,0.00,0.00,0.00
53,3w,OCLow,Succ,165,0.00,0.00,0.00,22.79,0.00,0.41,20.23,20.86,0.00,0.00,0.00,0.00,0.00,0.00,0.00,0.00
53,3w,OCLow,Succ,175,0.00,0.00,0.00,23.08,0.00,0.40,19.45,20.06,0.00,0.00,0.00,0.00,0.00,0.00,0.00,0.00
53,3w,OCLow,Succ,185,0.00,0.00,0.00,23.17,0.00,0.40,18.49,19.07,0.00,0.00,0.00,0.00,0.00,0.00,0.00,0.00
53,3w,OCLow,Succ,195,0.00,0.00,0.00,23.06,0.00,0.38,17.38,17.93,0.00,0.00,0.00,0.00,0.00,0.00,0.00,0.00
53,3w,OCLow,Succ,205,0.00,0.00,0.00,22.77,0.00,0.37,16.17,16.68,0.00,0.00,0.00,0.00,0.00,0.00,0.00,0.00
53,3w,OCLow,Succ,215,0.00,0.00,0.00,22.31,0.00,0.36,14.89,15.36,0.00,0.00,0.00,0.00,0.00,0.00,0.00,0.00
53,3w,OCLow,Succ,225,0.00,0.00,0.00,21.70,0.00,0.34,13.59,14.02,0.00,0.00,0.00,0.00,0.00,0.00,0.00,0.00
53,3w,OCLow,Succ,235,0.00,0.00,0.00,20.96,0.00,0.32,12.29,12.67,0.00,0.00,0.00,0.00,0.00,0.00,0.00,0.00
53,3w,OCLow,Succ,245,0.00,0.00,0.00,20.11,0.00,0.30,11.02,11.36,0.00,0.00,0.00,0.00,0.00,0.00,0.00,0.00
53,3w,OCLow,Succ,255,0.00,0.00,0.00,19.16,0.00,0.28,9.80,10.10,0.00,0.00,0.00,0.00,0.00,0.00,0.00,0.00
54,Patnt,OCLow,Succ,5,0.00,0.00,0.00,0.00,0.00,0.00,0.00,0.00,0.00,0.00,0.00,0.00,0.00,0.00,0.00,0.00
54,Patnt,OCLow,Succ,15,0.00,0.00,0.00,0.18,0.00,4.47224742144433e-03,0.88,0.91,0.00,0.00,0.00,0.00,0.00,0.00,0.00,0.00
54,Patnt,OCLow,Succ,25,0.00,0.00,0.00,0.96,0.00,0.02,2.03,2.09,0.00,0.00,0.00,0.00,0.00,0.00,0.00,0.00
54,Patnt,OCLow,Succ,35,0.00,0.00,0.00,2.37,0.00,0.05,3.51,3.62,0.00,0.00,0.00,0.00,0.00,0.00,0.00,0.00
54,Patnt,OCLow,Succ,45,0.00,0.00,0.00,4.14,0.00,0.09,5.34,5.51,0.00,0.00,0.00,0.00,0.00,0.00,0.00,0.00
54,Patnt,OCLow,Succ,55,0.00,0.00,0.00,6.09,0.00,0.13,7.51,7.74,0.00,0.00,0.00,0.00,0.00,0.00,0.00,0.00
54,Patnt,OCLow,Succ,65,0.00,0.00,0.00,8.15,0.00,0.17,9.89,10.19,0.00,0.00,0.00,0.00,0.00,0.00,0.00,0.00
54,Patnt,OCLow,Succ,75,0.00,0.00,0.00,10.31,0.00,0.22,12.34,12.73,0.00,0.00,0.00,0.00,0.00,0.00,0.00,0.00
54,Patnt,OCLow,Succ,85,0.00,0.00,0.00,12.54,0.00,0.26,14.76,15.22,0.00,0.00,0.00,0.00,0.00,0.00,0.00,0.00
54,Patnt,OCLow,Succ,95,0.00,0.00,0.00,14.77,0.00,0.30,17.03,17.56,0.00,0.00,0.00,0.00,0.00,0.00,0.00,0.00
54,Patnt,OCLow,Succ,105,0.00,0.00,0.00,16.95,0.00,0.34,19.06,19.66,0.00,0.00,0.00,0.00,0.00,0.00,0.00,0.00
54,Patnt,OCLow,Succ,115,0.00,0.00,0.00,19.03,0.00,0.37,20.78,21.43,0.00,0.00,0.00,0.00,0.00,0.00,0.00,0.00
54,Patnt,OCLow,Succ,125,0.00,0.00,0.00,20.96,0.00,0.40,22.13,22.82,0.00,0.00,0.00,0.00,0.00,0.00,0.00,0.00
54,Patnt,OCLow,Succ,135,0.00,0.00,0.00,22.70,0.00,0.43,23.08,23.80,0.00,0.00,0.00,0.00,0.00,0.00,0.00,0.00
54,Patnt,OCLow,Succ,145,0.00,0.00,0.00,24.22,0.00,0.45,23.61,24.35,0.00,0.00,0.00,0.00,0.00,0.00,0.00,0.00
54,Patnt,OCLow,Succ,155,0.00,0.00,0.00,25.48,0.00,0.46,23.74,24.48,0.00,0.00,0.00,0.00,0.00,0.00,0.00,0.00
54,Patnt,OCLow,Succ,165,0.00,0.00,0.00,26.45,0.00,0.47,23.48,24.21,0.00,0.00,0.00,0.00,0.00,0.00,0.00,0.00
54,Patnt,OCLow,Succ,175,0.00,0.00,0.00,27.14,0.00,0.47,22.87,23.59,0.00,0.00,0.00,0.00,0.00,0.00,0.00,0.00
54,Patnt,OCLow,Succ,185,0.00,0.00,0.00,27.52,0.00,0.47,21.97,22.65,0.00,0.00,0.00,0.00,0.00,0.00,0.00,0.00
54,Patnt,OCLow,Succ,195,0.00,0.00,0.00,27.60,0.00,0.46,20.81,21.46,0.00,0.00,0.00,0.00,0.00,0.00,0.00,0.00
54,Patnt,OCLow,Succ,205,0.00,0.00,0.00,27.40,0.00,0.45,19.46,20.07,0.00,0.00,0.00,0.00,0.00,0.00,0.00,0.00
54,Patnt,OCLow,Succ,215,0.00,0.00,0.00,26.92,0.00,0.43,17.97,18.53,0.00,0.00,0.00,0.00,0.00,0.00,0.00,0.00
54,Patnt,OCLow,Succ,225,0.00,0.00,0.00,26.19,0.00,0.41,16.40,16.91,0.00,0.00,0.00,0.00,0.00,0.00,0.00,0.00
54,Patnt,OCLow,Succ,235,0.00,0.00,0.00,25.24,0.00,0.38,14.80,15.26,0.00,0.00,0.00,0.00,0.00,0.00,0.00,0.00
54,Patnt,OCLow,Succ,245,0.00,0.00,0.00,24.09,0.00,0.36,13.20,13.62,0.00,0.00,0.00,0.00,0.00,0.00,0.00,0.00
54,Patnt,OCLow,Succ,255,0.00,0.00,0.00,22.79,0.00,0.33,11.65,12.02,0.00,0.00,0.00,0.00,0.00,0.00,0.00,0.00
55,3w,SbLow,Prsnt,5,0.00,0.00,0.00,0.00,0.00,0.00,0.00,0.00,0.00,0.00,0.00,0.00,0.00,0.00,0.00,0.00
55,3w,SbLow,Prsnt,15,0.00,0.00,0.02,1.33,0.00,0.01,0.22,0.60,0.00,0.01,0.00,4.95537476733875e-03,0.00,0.00,0.00,0.00
55,3w,SbLow,Prsnt,25,0.00,0.00,0.08,5.29,0.00,0.04,0.39,1.06,0.00,0.04,0.00,0.01,0.00,0.00,0.00,0.00
55,3w,SbLow,Prsnt,35,0.00,0.00,0.18,11.60,0.00,0.10,0.61,1.63,0.00,0.09,0.00,0.04,0.00,0.00,0.00,0.00
55,3w,SbLow,Prsnt,45,0.00,0.00,0.34,19.50,0.00,0.17,0.90,2.40,0.00,0.19,0.00,0.09,0.00,0.00,0.00,0.00
55,3w,SbLow,Prsnt,55,0.00,0.00,0.55,28.26,0.00,0.24,1.24,3.33,0.00,0.33,0.00,0.16,0.00,0.00,0.00,0.00
55,3w,SbLow,Prsnt,65,0.00,0.00,0.82,37.26,0.00,0.31,1.61,4.31,0.00,0.50,0.00,0.25,0.00,0.00,0.00,0.00
55,3w,SbLow,Prsnt,75,0.00,0.00,1.10,46.03,0.00,0.38,1.97,5.26,0.00,0.67,0.00,0.35,0.00,0.00,0.00,0.00
55,3w,SbLow,Prsnt,85,0.00,0.00,1.38,54.17,0.00,0.44,2.28,6.09,0.00,0.84,0.00,0.46,0.00,0.00,0.00,0.00
55,3w,SbLow,Prsnt,95,0.00,0.00,1.62,61.35,0.00,0.49,2.53,6.76,0.00,0.98,0.00,0.56,0.00,0.00,0.00,0.00
55,3w,SbLow,Prsnt,105,0.00,0.00,1.81,67.35,0.00,0.53,2.71,7.23,0.00,1.09,0.00,0.66,0.00,0.00,0.00,0.00
55,3w,SbLow,Prsnt,115,0.00,0.00,1.94,72.03,0.00,0.56,2.81,7.51,0.00,1.16,0.00,0.73,0.00,0.00,0.00,0.00
55,3w,SbLow,Prsnt,125,0.00,0.00,2.00,75.31,0.00,0.57,2.84,7.59,0.00,1.19,0.00,0.79,0.00,0.00,0.00,0.00
55,3w,SbLow,Prsnt,135,0.00,0.00,1.99,77.17,0.00,0.58,2.81,7.49,0.00,1.19,0.00,0.83,0.00,0.00,0.00,0.00
55,3w,SbLow,Prsnt,145,0.00,0.00,1.93,77.65,0.00,0.57,2.71,7.23,0.00,1.16,0.00,0.84,0.00,0.00,0.00,0.00
55,3w,SbLow,Prsnt,155,0.00,0.00,1.81,76.83,0.00,0.55,2.56,6.84,0.00,1.11,0.00,0.84,0.00,0.00,0.00,0.00
55,3w,SbLow,Prsnt,165,0.00,0.00,1.67,74.84,0.00,0.53,2.38,6.35,0.00,1.04,0.00,0.82,0.00,0.00,0.00,0.00
55,3w,SbLow,Prsnt,175,0.00,0.00,1.49,71.82,0.00,0.49,2.17,5.78,0.00,0.96,0.00,0.78,0.00,0.00,0.00,0.00
55,3w,SbLow,Prsnt,185,0.00,0.00,1.31,67.94,0.00,0.46,1.94,5.18,0.00,0.87,0.00,0.73,0.00,0.00,0.00,0.00
55,3w,SbLow,Prsnt,195,0.00,0.00,1.13,63.40,0.00,0.42,1.71,4.56,0.00,0.78,0.00,0.67,0.00,0.00,0.00,0.00
55,3w,SbLow,Prsnt,205,0.00,0.00,0.96,58.37,0.00,0.38,1.48,3.96,0.00,0.69,0.00,0.61,0.00,0.00,0.00,0.00
55,3w,SbLow,Prsnt,215,0.00,0.00,0.79,53.06,0.00,0.33,1.26,3.38,0.00,0.60,0.00,0.54,0.00,0.00,0.00,0.00
55,3w,SbLow,Prsnt,225,0.00,0.00,0.65,47.62,0.00,0.29,1.06,2.85,0.00,0.51,0.00,0.48,0.00,0.00,0.00,0.00
55,3w,SbLow,Prsnt,235,0.00,0.00,0.52,42.20,0.00,0.25,0.88,2.36,0.00,0.43,0.00,0.42,0.00,0.00,0.00,0.00
55,3w,SbLow,Prsnt,245,0.00,0.00,0.41,36.95,0.00,0.21,0.72,1.93,0.00,0.36,0.00,0.35,0.00,0.00,0.00,0.00
55,3w,SbLow,Prsnt,255,0.00,0.00,0.32,31.97,0.00,0.18,0.58,1.56,0.00,0.30,0.00,0.30,0.00,0.00,0.00,0.00
56,Patnt,SbLow,Prsnt,5,0.00,0.00,0.00,0.00,0.00,0.00,0.00,0.00,0.00,0.00,0.00,0.00,0.00,0.00,0.00,0.00
56,Patnt,SbLow,Prsnt,15,0.00,0.00,0.02,1.27,0.00,0.01,0.21,0.57,0.00,0.01,0.00,4.72777740441755e-03,0.00,0.00,0.00,0.00
56,Patnt,SbLow,Prsnt,25,0.00,0.00,0.08,5.04,0.00,0.04,0.38,1.01,0.00,0.03,0.00,0.01,0.00,0.00,0.00,0.00
56,Patnt,SbLow,Prsnt,35,0.00,0.00,0.17,11.02,0.00,0.10,0.58,1.55,0.00,0.09,0.00,0.04,0.00,0.00,0.00,0.00
56,Patnt,SbLow,Prsnt,45,0.00,0.00,0.32,18.51,0.00,0.16,0.85,2.28,0.00,0.18,0.00,0.08,0.00,0.00,0.00,0.00
56,Patnt,SbLow,Prsnt,55,0.00,0.00,0.53,26.84,0.00,0.23,1.18,3.16,0.00,0.31,0.00,0.15,0.00,0.00,0.00,0.00
56,Patnt,SbLow,Prsnt,65,0.00,0.00,0.78,35.43,0.00,0.30,1.54,4.10,0.00,0.47,0.00,0.23,0.00,0.00,0.00,0.00
56,Patnt,SbLow,Prsnt,75,0.00,0.00,1.05,43.86,0.00,0.36,1.88,5.01,0.00,0.64,0.00,0.33,0.00,0.00,0.00,0.00
56,Patnt,SbLow,Prsnt,85,0.00,0.00,1.32,51.76,0.00,0.42,2.18,5.82,0.00,0.80,0.00,0.44,0.00,0.00,0.00,0.00
56,Patnt,SbLow,Prsnt,95,0.00,0.00,1.55,58.85,0.00,0.47,2.43,6.48,0.00,0.94,0.00,0.54,0.00,0.00,0.00,0.00
56,Patnt,SbLow,Prsnt,105,0.00,0.00,1.75,64.92,0.00,0.51,2.61,6.97,0.00,1.05,0.00,0.63,0.00,0.00,0.00,0.00
56,Patnt,SbLow,Prsnt,115,0.00,0.00,1.88,69.84,0.00,0.54,2.73,7.28,0.00,1.12,0.00,0.71,0.00,0.00,0.00,0.00
56,Patnt,SbLow,Prsnt,125,0.00,0.00,1.95,73.50,0.00,0.56,2.78,7.41,0.00,1.16,0.00,0.77,0.00,0.00,0.00,0.00
56,Patnt,SbLow,Prsnt,135,0.00,0.00,1.96,75.89,0.00,0.57,2.76,7.37,0.00,1.17,0.00,0.82,0.00,0.00,0.00,0.00
56,Patnt,SbLow,Prsnt,145,0.00,0.00,1.91,77.02,0.00,0.57,2.69,7.17,0.00,1.15,0.00,0.84,0.00,0.00,0.00,0.00
56,Patnt,SbLow,Prsnt,155,0.00,0.00,1.82,76.93,0.00,0.55,2.56,6.85,0.00,1.11,0.00,0.84,0.00,0.00,0.00,0.00
56,Patnt,SbLow,Prsnt,165,0.00,0.00,1.69,75.71,0.00,0.53,2.40,6.42,0.00,1.05,0.00,0.83,0.00,0.00,0.00,0.00
56,Patnt,SbLow,Prsnt,175,0.00,0.00,1.53,73.48,0.00,0.51,2.22,5.92,0.00,0.98,0.00,0.80,0.00,0.00,0.00,0.00
56,Patnt,SbLow,Prsnt,185,0.00,0.00,1.36,70.36,0.00,0.47,2.01,5.36,0.00,0.90,0.00,0.76,0.00,0.00,0.00,0.00
56,Patnt,SbLow,Prsnt,195,0.00,0.00,1.19,66.53,0.00,0.44,1.79,4.79,0.00,0.82,0.00,0.71,0.00,0.00,0.00,0.00
56,Patnt,SbLow,Prsnt,205,0.00,0.00,1.02,62.12,0.00,0.40,1.58,4.21,0.00,0.73,0.00,0.65,0.00,0.00,0.00,0.00
56,Patnt,SbLow,Prsnt,215,0.00,0.00,0.86,57.32,0.00,0.36,1.37,3.65,0.00,0.64,0.00,0.59,0.00,0.00,0.00,0.00
56,Patnt,SbLow,Prsnt,225,0.00,0.00,0.71,52.26,0.00,0.32,1.17,3.12,0.00,0.56,0.00,0.53,0.00,0.00,0.00,0.00
56,Patnt,SbLow,Prsnt,235,0.00,0.00,0.58,47.11,0.00,0.28,0.99,2.64,0.00,0.48,0.00,0.46,0.00,0.00,0.00,0.00
56,Patnt,SbLow,Prsnt,245,0.00,0.00,0.47,41.98,0.00,0.24,0.82,2.19,0.00,0.41,0.00,0.40,0.00,0.00,0.00,0.00
56,Patnt,SbLow,Prsnt,255,0.00,0.00,0.37,37.00,0.00,0.21,0.67,1.80,0.00,0.34,0.00,0.35,0.00,0.00,0.00,0.00
57,3w,SbLow,Exten,5,0.00,0.00,0.00,0.00,0.00,0.00,0.00,0.00,0.00,0.00,0.00,0.00,0.00,0.00,0.00,0.00
57,3w,SbLow,Exten,15,0.00,0.00,0.00,0.65,0.00,0.00,0.03,0.10,0.00,4.83757980329363e-03,0.00,2.2178307200409e-03,0.00,0.00,0.00,0.00
57,3w,SbLow,Exten,25,0.00,0.00,0.00,2.28,0.00,0.00,0.05,0.15,0.00,0.01,0.00,7.15665014277505e-03,0.00,0.00,0.00,0.00
57,3w,SbLow,Exten,35,0.00,0.00,0.00,4.81,0.00,0.00,0.07,0.23,0.00,0.03,0.00,0.01,0.00,0.00,0.00,0.00
57,3w,SbLow,Exten,45,0.00,0.00,0.00,8.01,0.00,0.00,0.11,0.33,0.00,0.07,0.00,0.03,0.00,0.00,0.00,0.00
57,3w,SbLow,Exten,55,0.00,0.00,0.00,11.59,0.00,0.00,0.15,0.46,0.00,0.12,0.00,0.05,0.00,0.00,0.00,0.00
57,3w,SbLow,Exten,65,0.00,0.00,0.00,15.31,0.00,0.00,0.20,0.60,0.00,0.18,0.00,0.09,0.00,0.00,0.00,0.00
57,3w,SbLow,Exten,75,0.00,0.00,0.00,18.96,0.00,0.00,0.24,0.73,0.00,0.25,0.00,0.13,0.00,0.00,0.00,0.00
57,3w,SbLow,Exten,85,0.00,0.00,0.00,22.35,0.00,0.00,0.28,0.85,0.00,0.31,0.00,0.17,0.00,0.00,0.00,0.00
57,3w,SbLow,Exten,95,0.00,0.00,0.00,25.35,0.00,0.00,0.31,0.94,0.00,0.36,0.00,0.21,0.00,0.00,0.00,0.00
57,3w,SbLow,Exten,105,0.00,0.00,0.00,27.87,0.00,0.00,0.33,1.01,0.00,0.40,0.00,0.24,0.00,0.00,0.00,0.00
57,3w,SbLow,Exten,115,0.00,0.00,0.00,29.84,0.00,0.00,0.35,1.05,0.00,0.43,0.00,0.27,0.00,0.00,0.00,0.00
57,3w,SbLow,Exten,125,0.00,0.00,0.00,31.23,0.00,0.00,0.35,1.06,0.00,0.44,0.00,0.29,0.00,0.00,0.00,0.00
57,3w,SbLow,Exten,135,0.00,0.00,0.00,32.03,0.00,0.00,0.35,1.05,0.00,0.44,0.00,0.31,0.00,0.00,0.00,0.00
57,3w,SbLow,Exten,145,0.00,0.00,0.00,32.25,0.00,0.00,0.33,1.01,0.00,0.43,0.00,0.31,0.00,0.00,0.00,0.00
57,3w,SbLow,Exten,155,0.00,0.00,0.00,31.93,0.00,0.00,0.32,0.96,0.00,0.41,0.00,0.31,0.00,0.00,0.00,0.00
57,3w,SbLow,Exten,165,0.00,0.00,0.00,31.12,0.00,0.00,0.29,0.89,0.00,0.39,0.00,0.30,0.00,0.00,0.00,0.00
57,3w,SbLow,Exten,175,0.00,0.00,0.00,29.87,0.00,0.00,0.27,0.81,0.00,0.36,0.00,0.29,0.00,0.00,0.00,0.00
57,3w,SbLow,Exten,185,0.00,0.00,0.00,28.27,0.00,0.00,0.24,0.73,0.00,0.32,0.00,0.27,0.00,0.00,0.00,0.00
57,3w,SbLow,Exten,195,0.00,0.00,0.00,26.39,0.00,0.00,0.21,0.64,0.00,0.29,0.00,0.25,0.00,0.00,0.00,0.00
57,3w,SbLow,Exten,205,0.00,0.00,0.00,24.31,0.00,0.00,0.18,0.55,0.00,0.25,0.00,0.23,0.00,0.00,0.00,0.00
57,3w,SbLow,Exten,215,0.00,0.00,0.00,22.10,0.00,0.00,0.15,0.47,0.00,0.22,0.00,0.20,0.00,0.00,0.00,0.00
57,3w,SbLow,Exten,225,0.00,0.00,0.00,19.84,0.00,0.00,0.13,0.40,0.00,0.19,0.00,0.18,0.00,0.00,0.00,0.00
57,3w,SbLow,Exten,235,0.00,0.00,0.00,17.59,0.00,0.00,0.11,0.33,0.00,0.16,0.00,0.15,0.00,0.00,0.00,0.00
57,3w,SbLow,Exten,245,0.00,0.00,0.00,15.40,0.00,0.00,0.09,0.27,0.00,0.13,0.00,0.13,0.00,0.00,0.00,0.00
57,3w,SbLow,Exten,255,0.00,0.00,0.00,13.32,0.00,0.00,0.07,0.22,0.00,0.11,0.00,0.11,0.00,0.00,0.00,0.00
58,Patnt,SbLow,Exten,5,0.00,0.00,0.00,0.00,0.00,0.00,0.00,0.00,0.00,0.00,0.00,0.00,0.00,0.00,0.00,0.00
58,Patnt,SbLow,Exten,15,0.00,0.00,0.02,1.27,0.00,0.01,0.21,0.57,0.00,0.01,0.00,4.72777740441755e-03,0.00,0.00,0.00,0.00
58,Patnt,SbLow,Exten,25,0.00,0.00,0.08,5.04,0.00,0.04,0.38,1.01,0.00,0.03,0.00,0.01,0.00,0.00,0.00,0.00
58,Patnt,SbLow,Exten,35,0.00,0.00,0.17,11.02,0.00,0.10,0.58,1.55,0.00,0.09,0.00,0.04,0.00,0.00,0.00,0.00
58,Patnt,SbLow,Exten,45,0.00,0.00,0.32,18.51,0.00,0.16,0.85,2.28,0.00,0.18,0.00,0.08,0.00,0.00,0.00,0.00
58,Patnt,SbLow,Exten,55,0.00,0.00,0.53,26.84,0.00,0.23,1.18,3.16,0.00,0.31,0.00,0.15,0.00,0.00,0.00,0.00
58,Patnt,SbLow,Exten,65,0.00,0.00,0.78,35.43,0.00,0.30,1.54,4.10,0.00,0.47,0.00,0.23,0.00,0.00,0.00,0.00
58,Patnt,SbLow,Exten,75,0.00,0.00,1.05,43.86,0.00,0.36,1.88,5.01,0.00,0.64,0.00,0.33,0.00,0.00,0.00,0.00
58,Patnt,SbLow,Exten,85,0.00,0.00,1.32,51.76,0.00,0.42,2.18,5.82,0.00,0.80,0.00,0.44,0.00,0.00,0.00,0.00
58,Patnt,SbLow,Exten,95,0.00,0.00,1.55,58.85,0.00,0.47,2.43,6.48,0.00,0.94,0.00,0.54,0.00,0.00,0.00,0.00
58,Patnt,SbLow,Exten,105,0.00,0.00,1.75,64.92,0.00,0.51,2.61,6.97,0.00,1.05,0.00,0.63,0.00,0.00,0.00,0.00
58,Patnt,SbLow,Exten,115,0.00,0.00,1.88,69.84,0.00,0.54,2.73,7.28,0.00,1.12,0.00,0.71,0.00,0.00,0.00,0.00
58,Patnt,SbLow,Exten,125,0.00,0.00,1.95,73.50,0.00,0.56,2.78,7.41,0.00,1.16,0.00,0.77,0.00,0.00,0.00,0.00
58,Patnt,SbLow,Exten,135,0.00,0.00,1.96,75.89,0.00,0.57,2.76,7.37,0.00,1.17,0.00,0.82,0.00,0.00,0.00,0.00
58,Patnt,SbLow,Exten,145,0.00,0.00,1.91,77.02,0.00,0.57,2.69,7.17,0.00,1.15,0.00,0.84,0.00,0.00,0.00,0.00
58,Patnt,SbLow,Exten,155,0.00,0.00,1.82,76.93,0.00,0.55,2.56,6.85,0.00,1.11,0.00,0.84,0.00,0.00,0.00,0.00
58,Patnt,SbLow,Exten,165,0.00,0.00,1.69,75.71,0.00,0.53,2.40,6.42,0.00,1.05,0.00,0.83,0.00,0.00,0.00,0.00
58,Patnt,SbLow,Exten,175,0.00,0.00,1.53,73.48,0.00,0.51,2.22,5.92,0.00,0.98,0.00,0.80,0.00,0.00,0.00,0.00
58,Patnt,SbLow,Exten,185,0.00,0.00,1.36,70.36,0.00,0.47,2.01,5.36,0.00,0.90,0.00,0.76,0.00,0.00,0.00,0.00
58,Patnt,SbLow,Exten,195,0.00,0.00,1.19,66.53,0.00,0.44,1.79,4.79,0.00,0.82,0.00,0.71,0.00,0.00,0.00,0.00
58,Patnt,SbLow,Exten,205,0.00,0.00,1.02,62.12,0.00,0.40,1.58,4.21,0.00,0.73,0.00,0.65,0.00,0.00,0.00,0.00
58,Patnt,SbLow,Exten,215,0.00,0.00,0.86,57.32,0.00,0.36,1.37,3.65,0.00,0.64,0.00,0.59,0.00,0.00,0.00,0.00
58,Patnt,SbLow,Exten,225,0.00,0.00,0.71,52.26,0.00,0.32,1.17,3.12,0.00,0.56,0.00,0.53,0.00,0.00,0.00,0.00
58,Patnt,SbLow,Exten,235,0.00,0.00,0.58,47.11,0.00,0.28,0.99,2.64,0.00,0.48,0.00,0.46,0.00,0.00,0.00,0.00
58,Patnt,SbLow,Exten,245,0.00,0.00,0.47,41.98,0.00,0.24,0.82,2.19,0.00,0.41,0.00,0.40,0.00,0.00,0.00,0.00
58,Patnt,SbLow,Exten,255,0.00,0.00,0.37,37.00,0.00,0.21,0.67,1.80,0.00,0.34,0.00,0.35,0.00,0.00,0.00,0.00
59,3w,SbLow,Basc1,5,0.00,0.00,0.00,0.00,0.00,0.00,0.00,0.00,0.00,0.00,0.00,0.00,0.00,0.00,0.00,0.00
59,3w,SbLow,Basc1,15,0.00,0.00,0.02,1.33,0.00,0.01,0.22,0.60,0.00,0.01,0.00,4.95537476733875e-03,0.00,0.00,0.00,0.00
59,3w,SbLow,Basc1,25,0.00,0.00,0.08,5.29,0.00,0.04,0.39,1.06,0.00,0.04,0.00,0.01,0.00,0.00,0.00,0.00
59,3w,SbLow,Basc1,35,0.00,0.00,0.18,11.60,0.00,0.10,0.61,1.63,0.00,0.09,0.00,0.04,0.00,0.00,0.00,0.00
59,3w,SbLow,Basc1,45,0.00,0.00,0.34,19.50,0.00,0.17,0.90,2.40,0.00,0.19,0.00,0.09,0.00,0.00,0.00,0.00
59,3w,SbLow,Basc1,55,0.00,0.00,0.55,28.26,0.00,0.24,1.24,3.33,0.00,0.33,0.00,0.16,0.00,0.00,0.00,0.00
59,3w,SbLow,Basc1,65,0.00,0.00,0.82,37.26,0.00,0.31,1.61,4.31,0.00,0.50,0.00,0.25,0.00,0.00,0.00,0.00
59,3w,SbLow,Basc1,75,0.00,0.00,1.10,46.03,0.00,0.38,1.97,5.26,0.00,0.67,0.00,0.35,0.00,0.00,0.00,0.00
59,3w,SbLow,Basc1,85,0.00,0.00,1.38,54.17,0.00,0.44,2.28,6.09,0.00,0.84,0.00,0.46,0.00,0.00,0.00,0.00
59,3w,SbLow,Basc1,95,0.00,0.00,1.62,61.35,0.00,0.49,2.53,6.76,0.00,0.98,0.00,0.56,0.00,0.00,0.00,0.00
59,3w,SbLow,Basc1,105,0.00,0.00,1.81,67.35,0.00,0.53,2.71,7.23,0.00,1.09,0.00,0.66,0.00,0.00,0.00,0.00
59,3w,SbLow,Basc1,115,0.00,0.00,1.94,72.03,0.00,0.56,2.81,7.51,0.00,1.16,0.00,0.73,0.00,0.00,0.00,0.00
59,3w,SbLow,Basc1,125,0.00,0.00,2.00,75.31,0.00,0.57,2.84,7.59,0.00,1.19,0.00,0.79,0.00,0.00,0.00,0.00
59,3w,SbLow,Basc1,135,0.00,0.00,1.99,77.17,0.00,0.58,2.81,7.49,0.00,1.19,0.00,0.83,0.00,0.00,0.00,0.00
59,3w,SbLow,Basc1,145,0.00,0.00,1.93,77.65,0.00,0.57,2.71,7.23,0.00,1.16,0.00,0.84,0.00,0.00,0.00,0.00
59,3w,SbLow,Basc1,155,0.00,0.00,1.81,76.83,0.00,0.55,2.56,6.84,0.00,1.11,0.00,0.84,0.00,0.00,0.00,0.00
59,3w,SbLow,Basc1,165,0.00,0.00,1.67,74.84,0.00,0.53,2.38,6.35,0.00,1.04,0.00,0.82,0.00,0.00,0.00,0.00
59,3w,SbLow,Basc1,175,0.00,0.00,1.49,71.82,0.00,0.49,2.17,5.78,0.00,0.96,0.00,0.78,0.00,0.00,0.00,0.00
59,3w,SbLow,Basc1,185,0.00,0.00,1.31,67.94,0.00,0.46,1.94,5.18,0.00,0.87,0.00,0.73,0.00,0.00,0.00,0.00
59,3w,SbLow,Basc1,195,0.00,0.00,1.13,63.40,0.00,0.42,1.71,4.56,0.00,0.78,0.00,0.67,0.00,0.00,0.00,0.00
59,3w,SbLow,Basc1,205,0.00,0.00,0.96,58.37,0.00,0.38,1.48,3.96,0.00,0.69,0.00,0.61,0.00,0.00,0.00,0.00
59,3w,SbLow,Basc1,215,0.00,0.00,0.79,53.06,0.00,0.33,1.26,3.38,0.00,0.60,0.00,0.54,0.00,0.00,0.00,0.00
59,3w,SbLow,Basc1,225,0.00,0.00,0.65,47.62,0.00,0.29,1.06,2.85,0.00,0.51,0.00,0.48,0.00,0.00,0.00,0.00
59,3w,SbLow,Basc1,235,0.00,0.00,0.52,42.20,0.00,0.25,0.88,2.36,0.00,0.43,0.00,0.42,0.00,0.00,0.00,0.00
59,3w,SbLow,Basc1,245,0.00,0.00,0.41,36.95,0.00,0.21,0.72,1.93,0.00,0.36,0.00,0.35,0.00,0.00,0.00,0.00
59,3w,SbLow,Basc1,255,0.00,0.00,0.32,31.97,0.00,0.18,0.58,1.56,0.00,0.30,0.00,0.30,0.00,0.00,0.00,0.00
60,Patnt,SbLow,Basc1,5,0.00,0.00,0.00,0.00,0.00,0.00,0.00,0.00,0.00,0.00,0.00,0.00,0.00,0.00,0.00,0.00
60,Patnt,SbLow,Basc1,15,0.00,0.00,0.02,1.27,0.00,0.01,0.21,0.57,0.00,0.01,0.00,4.72777740441755e-03,0.00,0.00,0.00,0.00
60,Patnt,SbLow,Basc1,25,0.00,0.00,0.08,5.04,0.00,0.04,0.38,1.01,0.00,0.03,0.00,0.01,0.00,0.00,0.00,0.00
60,Patnt,SbLow,Basc1,35,0.00,0.00,0.17,11.02,0.00,0.10,0.58,1.55,0.00,0.09,0.00,0.04,0.00,0.00,0.00,0.00
60,Patnt,SbLow,Basc1,45,0.00,0.00,0.32,18.51,0.00,0.16,0.85,2.28,0.00,0.18,0.00,0.08,0.00,0.00,0.00,0.00
60,Patnt,SbLow,Basc1,55,0.00,0.00,0.53,26.84,0.00,0.23,1.18,3.16,0.00,0.31,0.00,0.15,0.00,0.00,0.00,0.00
60,Patnt,SbLow,Basc1,65,0.00,0.00,0.78,35.43,0.00,0.30,1.54,4.10,0.00,0.47,0.00,0.23,0.00,0.00,0.00,0.00
60,Patnt,SbLow,Basc1,75,0.00,0.00,1.05,43.86,0.00,0.36,1.88,5.01,0.00,0.64,0.00,0.33,0.00,0.00,0.00,0.00
60,Patnt,SbLow,Basc1,85,0.00,0.00,1.32,51.76,0.00,0.42,2.18,5.82,0.00,0.80,0.00,0.44,0.00,0.00,0.00,0.00
60,Patnt,SbLow,Basc1,95,0.00,0.00,1.55,58.85,0.00,0.47,2.43,6.48,0.00,0.94,0.00,0.54,0.00,0.00,0.00,0.00
60,Patnt,SbLow,Basc1,105,0.00,0.00,1.75,64.92,0.00,0.51,2.61,6.97,0.00,1.05,0.00,0.63,0.00,0.00,0.00,0.00
60,Patnt,SbLow,Basc1,115,0.00,0.00,1.88,69.84,0.00,0.54,2.73,7.28,0.00,1.12,0.00,0.71,0.00,0.00,0.00,0.00
60,Patnt,SbLow,Basc1,125,0.00,0.00,1.95,73.50,0.00,0.56,2.78,7.41,0.00,1.16,0.00,0.77,0.00,0.00,0.00,0.00
60,Patnt,SbLow,Basc1,135,0.00,0.00,1.96,75.89,0.00,0.57,2.76,7.37,0.00,1.17,0.00,0.82,0.00,0.00,0.00,0.00
60,Patnt,SbLow,Basc1,145,0.00,0.00,1.91,77.02,0.00,0.57,2.69,7.17,0.00,1.15,0.00,0.84,0.00,0.00,0.00,0.00
60,Patnt,SbLow,Basc1,155,0.00,0.00,1.82,76.93,0.00,0.55,2.56,6.85,0.00,1.11,0.00,0.84,0.00,0.00,0.00,0.00
60,Patnt,SbLow,Basc1,165,0.00,0.00,1.69,75.71,0.00,0.53,2.40,6.42,0.00,1.05,0.00,0.83,0.00,0.00,0.00,0.00
60,Patnt,SbLow,Basc1,175,0.00,0.00,1.53,73.48,0.00,0.51,2.22,5.92,0.00,0.98,0.00,0.80,0.00,0.00,0.00,0.00
60,Patnt,SbLow,Basc1,185,0.00,0.00,1.36,70.36,0.00,0.47,2.01,5.36,0.00,0.90,0.00,0.76,0.00,0.00,0.00,0.00
60,Patnt,SbLow,Basc1,195,0.00,0.00,1.19,66.53,0.00,0.44,1.79,4.79,0.00,0.82,0.00,0.71,0.00,0.00,0.00,0.00
60,Patnt,SbLow,Basc1,205,0.00,0.00,1.02,62.12,0.00,0.40,1.58,4.21,0.00,0.73,0.00,0.65,0.00,0.00,0.00,0.00
60,Patnt,SbLow,Basc1,215,0.00,0.00,0.86,57.32,0.00,0.36,1.37,3.65,0.00,0.64,0.00,0.59,0.00,0.00,0.00,0.00
60,Patnt,SbLow,Basc1,225,0.00,0.00,0.71,52.26,0.00,0.32,1.17,3.12,0.00,0.56,0.00,0.53,0.00,0.00,0.00,0.00
60,Patnt,SbLow,Basc1,235,0.00,0.00,0.58,47.11,0.00,0.28,0.99,2.64,0.00,0.48,0.00,0.46,0.00,0.00,0.00,0.00
60,Patnt,SbLow,Basc1,245,0.00,0.00,0.47,41.98,0.00,0.24,0.82,2.19,0.00,0.41,0.00,0.40,0.00,0.00,0.00,0.00
60,Patnt,SbLow,Basc1,255,0.00,0.00,0.37,37.00,0.00,0.21,0.67,1.80,0.00,0.34,0.00,0.35,0.00,0.00,0.00,0.00
61,3w,SbLow,Intn1,5,0.00,0.00,0.00,0.00,0.00,0.00,0.00,0.00,0.00,0.00,0.00,0.00,0.00,0.00,0.00,0.00
61,3w,SbLow,Intn1,15,0.00,0.00,0.02,1.33,0.00,0.01,0.22,0.60,0.00,0.01,0.00,4.95537476733875e-03,0.00,0.00,0.00,0.00
61,3w,SbLow,Intn1,25,0.00,0.00,0.08,5.29,0.00,0.04,0.39,1.06,0.00,0.04,0.00,0.01,0.00,0.00,0.00,0.00
61,3w,SbLow,Intn1,35,0.00,0.00,0.18,11.60,0.00,0.10,0.61,1.63,0.00,0.09,0.00,0.04,0.00,0.00,0.00,0.00
61,3w,SbLow,Intn1,45,0.00,0.00,0.34,19.50,0.00,0.17,0.90,2.40,0.00,0.19,0.00,0.09,0.00,0.00,0.00,0.00
61,3w,SbLow,Intn1,55,0.00,0.00,0.55,28.26,0.00,0.24,1.24,3.33,0.00,0.33,0.00,0.16,0.00,0.00,0.00,0.00
61,3w,SbLow,Intn1,65,0.00,0.00,0.82,37.26,0.00,0.31,1.61,4.31,0.00,0.50,0.00,0.25,0.00,0.00,0.00,0.00
61,3w,SbLow,Intn1,75,0.00,0.00,1.10,46.03,0.00,0.38,1.97,5.26,0.00,0.67,0.00,0.35,0.00,0.00,0.00,0.00
61,3w,SbLow,Intn1,85,0.00,0.00,1.38,54.17,0.00,0.44,2.28,6.09,0.00,0.84,0.00,0.46,0.00,0.00,0.00,0.00
61,3w,SbLow,Intn1,95,0.00,0.00,1.62,61.35,0.00,0.49,2.53,6.76,0.00,0.98,0.00,0.56,0.00,0.00,0.00,0.00
61,3w,SbLow,Intn1,105,0.00,0.00,1.81,67.35,0.00,0.53,2.71,7.23,0.00,1.09,0.00,0.66,0.00,0.00,0.00,0.00
61,3w,SbLow,Intn1,115,0.00,0.00,1.94,72.03,0.00,0.56,2.81,7.51,0.00,1.16,0.00,0.73,0.00,0.00,0.00,0.00
61,3w,SbLow,Intn1,125,0.00,0.00,2.00,75.31,0.00,0.57,2.84,7.59,0.00,1.19,0.00,0.79,0.00,0.00,0.00,0.00
61,3w,SbLow,Intn1,135,0.00,0.00,1.99,77.17,0.00,0.58,2.81,7.49,0.00,1.19,0.00,0.83,0.00,0.00,0.00,0.00
61,3w,SbLow,Intn1,145,0.00,0.00,1.93,77.65,0.00,0.57,2.71,7.23,0.00,1.16,0.00,0.84,0.00,0.00,0.00,0.00
61,3w,SbLow,Intn1,155,0.00,0.00,1.81,76.83,0.00,0.55,2.56,6.84,0.00,1.11,0.00,0.84,0.00,0.00,0.00,0.00
61,3w,SbLow,Intn1,165,0.00,0.00,1.67,74.84,0.00,0.53,2.38,6.35,0.00,1.04,0.00,0.82,0.00,0.00,0.00,0.00
61,3w,SbLow,Intn1,175,0.00,0.00,1.49,71.82,0.00,0.49,2.17,5.78,0.00,0.96,0.00,0.78,0.00,0.00,0.00,0.00
61,3w,SbLow,Intn1,185,0.00,0.00,1.31,67.94,0.00,0.46,1.94,5.18,0.00,0.87,0.00,0.73,0.00,0.00,0.00,0.00
61,3w,SbLow,Intn1,195,0.00,0.00,1.13,63.40,0.00,0.42,1.71,4.56,0.00,0.78,0.00,0.67,0.00,0.00,0.00,0.00
61,3w,SbLow,Intn1,205,0.00,0.00,0.96,58.37,0.00,0.38,1.48,3.96,0.00,0.69,0.00,0.61,0.00,0.00,0.00,0.00
61,3w,SbLow,Intn1,215,0.00,0.00,0.79,53.06,0.00,0.33,1.26,3.38,0.00,0.60,0.00,0.54,0.00,0.00,0.00,0.00
61,3w,SbLow,Intn1,225,0.00,0.00,0.65,47.62,0.00,0.29,1.06,2.85,0.00,0.51,0.00,0.48,0.00,0.00,0.00,0.00
61,3w,SbLow,Intn1,235,0.00,0.00,0.52,42.20,0.00,0.25,0.88,2.36,0.00,0.43,0.00,0.42,0.00,0.00,0.00,0.00
61,3w,SbLow,Intn1,245,0.00,0.00,0.41,36.95,0.00,0.21,0.72,1.93,0.00,0.36,0.00,0.35,0.00,0.00,0.00,0.00
61,3w,SbLow,Intn1,255,0.00,0.00,0.32,31.97,0.00,0.18,0.58,1.56,0.00,0.30,0.00,0.30,0.00,0.00,0.00,0.00
62,Patnt,SbLow,Intn1,5,0.00,0.00,0.00,0.00,0.00,0.00,0.00,0.00,0.00,0.00,0.00,0.00,0.00,0.00,0.00,0.00
62,Patnt,SbLow,Intn1,15,0.00,0.00,0.02,1.27,0.00,0.01,0.21,0.57,0.00,0.01,0.00,4.72777740441755e-03,0.00,0.00,0.00,0.00
62,Patnt,SbLow,Intn1,25,0.00,0.00,0.08,5.04,0.00,0.04,0.38,1.01,0.00,0.03,0.00,0.01,0.00,0.00,0.00,0.00
62,Patnt,SbLow,Intn1,35,0.00,0.00,0.17,11.02,0.00,0.10,0.58,1.55,0.00,0.09,0.00,0.04,0.00,0.00,0.00,0.00
62,Patnt,SbLow,Intn1,45,0.00,0.00,0.32,18.51,0.00,0.16,0.85,2.28,0.00,0.18,0.00,0.08,0.00,0.00,0.00,0.00
62,Patnt,SbLow,Intn1,55,0.00,0.00,0.53,26.84,0.00,0.23,1.18,3.16,0.00,0.31,0.00,0.15,0.00,0.00,0.00,0.00
62,Patnt,SbLow,Intn1,65,0.00,0.00,0.78,35.43,0.00,0.30,1.54,4.10,0.00,0.47,0.00,0.23,0.00,0.00,0.00,0.00
62,Patnt,SbLow,Intn1,75,0.00,0.00,1.05,43.86,0.00,0.36,1.88,5.01,0.00,0.64,0.00,0.33,0.00,0.00,0.00,0.00
62,Patnt,SbLow,Intn1,85,0.00,0.00,1.32,51.76,0.00,0.42,2.18,5.82,0.00,0.80,0.00,0.44,0.00,0.00,0.00,0.00
62,Patnt,SbLow,Intn1,95,0.00,0.00,1.55,58.85,0.00,0.47,2.43,6.48,0.00,0.94,0.00,0.54,0.00,0.00,0.00,0.00
62,Patnt,SbLow,Intn1,105,0.00,0.00,1.75,64.92,0.00,0.51,2.61,6.97,0.00,1.05,0.00,0.63,0.00,0.00,0.00,0.00
62,Patnt,SbLow,Intn1,115,0.00,0.00,1.88,69.84,0.00,0.54,2.73,7.28,0.00,1.12,0.00,0.71,0.00,0.00,0.00,0.00
62,Patnt,SbLow,Intn1,125,0.00,0.00,1.95,73.50,0.00,0.56,2.78,7.41,0.00,1.16,0.00,0.77,0.00,0.00,0.00,0.00
62,Patnt,SbLow,Intn1,135,0.00,0.00,1.96,75.89,0.00,0.57,2.76,7.37,0.00,1.17,0.00,0.82,0.00,0.00,0.00,0.00
62,Patnt,SbLow,Intn1,145,0.00,0.00,1.91,77.02,0.00,0.57,2.69,7.17,0.00,1.15,0.00,0.84,0.00,0.00,0.00,0.00
62,Patnt,SbLow,Intn1,155,0.00,0.00,1.82,76.93,0.00,0.55,2.56,6.85,0.00,1.11,0.00,0.84,0.00,0.00,0.00,0.00
62,Patnt,SbLow,Intn1,165,0.00,0.00,1.69,75.71,0.00,0.53,2.40,6.42,0.00,1.05,0.00,0.83,0.00,0.00,0.00,0.00
62,Patnt,SbLow,Intn1,175,0.00,0.00,1.53,73.48,0.00,0.51,2.22,5.92,0.00,0.98,0.00,0.80,0.00,0.00,0.00,0.00
62,Patnt,SbLow,Intn1,185,0.00,0.00,1.36,70.36,0.00,0.47,2.01,5.36,0.00,0.90,0.00,0.76,0.00,0.00,0.00,0.00
62,Patnt,SbLow,Intn1,195,0.00,0.00,1.19,66.53,0.00,0.44,1.79,4.79,0.00,0.82,0.00,0.71,0.00,0.00,0.00,0.00
62,Patnt,SbLow,Intn1,205,0.00,0.00,1.02,62.12,0.00,0.40,1.58,4.21,0.00,0.73,0.00,0.65,0.00,0.00,0.00,0.00
62,Patnt,SbLow,Intn1,215,0.00,0.00,0.86,57.32,0.00,0.36,1.37,3.65,0.00,0.64,0.00,0.59,0.00,0.00,0.00,0.00
62,Patnt,SbLow,Intn1,225,0.00,0.00,0.71,52.26,0.00,0.32,1.17,3.12,0.00,0.56,0.00,0.53,0.00,0.00,0.00,0.00
62,Patnt,SbLow,Intn1,235,0.00,0.00,0.58,47.11,0.00,0.28,0.99,2.64,0.00,0.48,0.00,0.46,0.00,0.00,0.00,0.00
62,Patnt,SbLow,Intn1,245,0.00,0.00,0.47,41.98,0.00,0.24,0.82,2.19,0.00,0.41,0.00,0.40,0.00,0.00,0.00,0.00
62,Patnt,SbLow,Intn1,255,0.00,0.00,0.37,37.00,0.00,0.21,0.67,1.80,0.00,0.34,0.00,0.35,0.00,0.00,0.00,0.00
63,3w,SbLow,Intn2,5,0.00,0.00,0.00,0.00,0.00,0.00,0.00,0.00,0.00,0.00,0.00,0.00,0.00,0.00,0.00,0.00
63,3w,SbLow,Intn2,15,0.00,0.00,0.02,1.33,0.00,0.01,0.22,0.60,0.00,0.01,0.00,4.95537476733875e-03,0.00,0.00,0.00,0.00
63,3w,SbLow,Intn2,25,0.00,0.00,0.08,5.29,0.00,0.04,0.39,1.06,0.00,0.04,0.00,0.01,0.00,0.00,0.00,0.00
63,3w,SbLow,Intn2,35,0.00,0.00,0.18,11.60,0.00,0.10,0.61,1.63,0.00,0.09,0.00,0.04,0.00,0.00,0.00,0.00
63,3w,SbLow,Intn2,45,0.00,0.00,0.34,19.50,0.00,0.17,0.90,2.40,0.00,0.19,0.00,0.09,0.00,0.00,0.00,0.00
63,3w,SbLow,Intn2,55,0.00,0.00,0.55,28.26,0.00,0.24,1.24,3.33,0.00,0.33,0.00,0.16,0.00,0.00,0.00,0.00
63,3w,SbLow,Intn2,65,0.00,0.00,0.82,37.26,0.00,0.31,1.61,4.31,0.00,0.50,0.00,0.25,0.00,0.00,0.00,0.00
63,3w,SbLow,Intn2,75,0.00,0.00,1.10,46.03,0.00,0.38,1.97,5.26,0.00,0.67,0.00,0.35,0.00,0.00,0.00,0.00
63,3w,SbLow,Intn2,85,0.00,0.00,1.38,54.17,0.00,0.44,2.28,6.09,0.00,0.84,0.00,0.46,0.00,0.00,0.00,0.00
63,3w,SbLow,Intn2,95,0.00,0.00,1.62,61.35,0.00,0.49,2.53,6.76,0.00,0.98,0.00,0.56,0.00,0.00,0.00,0.00
63,3w,SbLow,Intn2,105,0.00,0.00,1.81,67.35,0.00,0.53,2.71,7.23,0.00,1.09,0.00,0.66,0.00,0.00,0.00,0.00
63,3w,SbLow,Intn2,115,0.00,0.00,1.94,72.03,0.00,0.56,2.81,7.51,0.00,1.16,0.00,0.73,0.00,0.00,0.00,0.00
63,3w,SbLow,Intn2,125,0.00,0.00,2.00,75.31,0.00,0.57,2.84,7.59,0.00,1.19,0.00,0.79,0.00,0.00,0.00,0.00
63,3w,SbLow,Intn2,135,0.00,0.00,1.99,77.17,0.00,0.58,2.81,7.49,0.00,1.19,0.00,0.83,0.00,0.00,0.00,0.00
63,3w,SbLow,Intn2,145,0.00,0.00,1.93,77.65,0.00,0.57,2.71,7.23,0.00,1.16,0.00,0.84,0.00,0.00,0.00,0.00
63,3w,SbLow,Intn2,155,0.00,0.00,1.81,76.83,0.00,0.55,2.56,6.84,0.00,1.11,0.00,0.84,0.00,0.00,0.00,0.00
63,3w,SbLow,Intn2,165,0.00,0.00,1.67,74.84,0.00,0.53,2.38,6.35,0.00,1.04,0.00,0.82,0.00,0.00,0.00,0.00
63,3w,SbLow,Intn2,175,0.00,0.00,1.49,71.82,0.00,0.49,2.17,5.78,0.00,0.96,0.00,0.78,0.00,0.00,0.00,0.00
63,3w,SbLow,Intn2,185,0.00,0.00,1.31,67.94,0.00,0.46,1.94,5.18,0.00,0.87,0.00,0.73,0.00,0.00,0.00,0.00
63,3w,SbLow,Intn2,195,0.00,0.00,1.13,63.40,0.00,0.42,1.71,4.56,0.00,0.78,0.00,0.67,0.00,0.00,0.00,0.00
63,3w,SbLow,Intn2,205,0.00,0.00,0.96,58.37,0.00,0.38,1.48,3.96,0.00,0.69,0.00,0.61,0.00,0.00,0.00,0.00
63,3w,SbLow,Intn2,215,0.00,0.00,0.79,53.06,0.00,0.33,1.26,3.38,0.00,0.60,0.00,0.54,0.00,0.00,0.00,0.00
63,3w,SbLow,Intn2,225,0.00,0.00,0.65,47.62,0.00,0.29,1.06,2.85,0.00,0.51,0.00,0.48,0.00,0.00,0.00,0.00
63,3w,SbLow,Intn2,235,0.00,0.00,0.52,42.20,0.00,0.25,0.88,2.36,0.00,0.43,0.00,0.42,0.00,0.00,0.00,0.00
63,3w,SbLow,Intn2,245,0.00,0.00,0.41,36.95,0.00,0.21,0.72,1.93,0.00,0.36,0.00,0.35,0.00,0.00,0.00,0.00
63,3w,SbLow,Intn2,255,0.00,0.00,0.32,31.97,0.00,0.18,0.58,1.56,0.00,0.30,0.00,0.30,0.00,0.00,0.00,0.00
64,Patnt,SbLow,Intn2,5,0.00,0.00,0.00,0.00,0.00,0.00,0.00,0.00,0.00,0.00,0.00,0.00,0.00,0.00,0.00,0.00
64,Patnt,SbLow,Intn2,15,0.00,0.00,0.02,1.27,0.00,0.01,0.21,0.57,0.00,0.01,0.00,4.72777740441755e-03,0.00,0.00,0.00,0.00
64,Patnt,SbLow,Intn2,25,0.00,0.00,0.08,5.04,0.00,0.04,0.38,1.01,0.00,0.03,0.00,0.01,0.00,0.00,0.00,0.00
64,Patnt,SbLow,Intn2,35,0.00,0.00,0.17,11.02,0.00,0.10,0.58,1.55,0.00,0.09,0.00,0.04,0.00,0.00,0.00,0.00
64,Patnt,SbLow,Intn2,45,0.00,0.00,0.32,18.51,0.00,0.16,0.85,2.28,0.00,0.18,0.00,0.08,0.00,0.00,0.00,0.00
64,Patnt,SbLow,Intn2,55,0.00,0.00,0.53,26.84,0.00,0.23,1.18,3.16,0.00,0.31,0.00,0.15,0.00,0.00,0.00,0.00
64,Patnt,SbLow,Intn2,65,0.00,0.00,0.78,35.43,0.00,0.30,1.54,4.10,0.00,0.47,0.00,0.23,0.00,0.00,0.00,0.00
64,Patnt,SbLow,Intn2,75,0.00,0.00,1.05,43.86,0.00,0.36,1.88,5.01,0.00,0.64,0.00,0.33,0.00,0.00,0.00,0.00
64,Patnt,SbLow,Intn2,85,0.00,0.00,1.32,51.76,0.00,0.42,2.18,5.82,0.00,0.80,0.00,0.44,0.00,0.00,0.00,0.00
64,Patnt,SbLow,Intn2,95,0.00,0.00,1.55,58.85,0.00,0.47,2.43,6.48,0.00,0.94,0.00,0.54,0.00,0.00,0.00,0.00
64,Patnt,SbLow,Intn2,105,0.00,0.00,1.75,64.92,0.00,0.51,2.61,6.97,0.00,1.05,0.00,0.63,0.00,0.00,0.00,0.00
64,Patnt,SbLow,Intn2,115,0.00,0.00,1.88,69.84,0.00,0.54,2.73,7.28,0.00,1.12,0.00,0.71,0.00,0.00,0.00,0.00
64,Patnt,SbLow,Intn2,125,0.00,0.00,1.95,73.50,0.00,0.56,2.78,7.41,0.00,1.16,0.00,0.77,0.00,0.00,0.00,0.00
64,Patnt,SbLow,Intn2,135,0.00,0.00,1.96,75.89,0.00,0.57,2.76,7.37,0.00,1.17,0.00,0.82,0.00,0.00,0.00,0.00
64,Patnt,SbLow,Intn2,145,0.00,0.00,1.91,77.02,0.00,0.57,2.69,7.17,0.00,1.15,0.00,0.84,0.00,0.00,0.00,0.00
64,Patnt,SbLow,Intn2,155,0.00,0.00,1.82,76.93,0.00,0.55,2.56,6.85,0.00,1.11,0.00,0.84,0.00,0.00,0.00,0.00
64,Patnt,SbLow,Intn2,165,0.00,0.00,1.69,75.71,0.00,0.53,2.40,6.42,0.00,1.05,0.00,0.83,0.00,0.00,0.00,0.00
64,Patnt,SbLow,Intn2,175,0.00,0.00,1.53,73.48,0.00,0.51,2.22,5.92,0.00,0.98,0.00,0.80,0.00,0.00,0.00,0.00
64,Patnt,SbLow,Intn2,185,0.00,0.00,1.36,70.36,0.00,0.47,2.01,5.36,0.00,0.90,0.00,0.76,0.00,0.00,0.00,0.00
64,Patnt,SbLow,Intn2,195,0.00,0.00,1.19,66.53,0.00,0.44,1.79,4.79,0.00,0.82,0.00,0.71,0.00,0.00,0.00,0.00
64,Patnt,SbLow,Intn2,205,0.00,0.00,1.02,62.12,0.00,0.40,1.58,4.21,0.00,0.73,0.00,0.65,0.00,0.00,0.00,0.00
64,Patnt,SbLow,Intn2,215,0.00,0.00,0.86,57.32,0.00,0.36,1.37,3.65,0.00,0.64,0.00,0.59,0.00,0.00,0.00,0.00
64,Patnt,SbLow,Intn2,225,0.00,0.00,0.71,52.26,0.00,0.32,1.17,3.12,0.00,0.56,0.00,0.53,0.00,0.00,0.00,0.00
64,Patnt,SbLow,Intn2,235,0.00,0.00,0.58,47.11,0.00,0.28,0.99,2.64,0.00,0.48,0.00,0.46,0.00,0.00,0.00,0.00
64,Patnt,SbLow,Intn2,245,0.00,0.00,0.47,41.98,0.00,0.24,0.82,2.19,0.00,0.41,0.00,0.40,0.00,0.00,0.00,0.00
64,Patnt,SbLow,Intn2,255,0.00,0.00,0.37,37.00,0.00,0.21,0.67,1.80,0.00,0.34,0.00,0.35,0.00,0.00,0.00,0.00
67,3w,SbLow,Succ,5,0.00,0.00,0.00,0.00,0.00,0.00,0.00,0.00,0.00,0.00,0.00,0.00,0.00,0.00,0.00,0.00
67,3w,SbLow,Succ,15,0.00,0.00,0.02,1.33,0.00,0.01,0.22,0.60,0.00,0.01,0.00,4.95537476733875e-03,0.00,0.00,0.00,0.00
67,3w,SbLow,Succ,25,0.00,0.00,0.08,5.29,0.00,0.04,0.39,1.06,0.00,0.04,0.00,0.01,0.00,0.00,0.00,0.00
67,3w,SbLow,Succ,35,0.00,0.00,0.18,11.60,0.00,0.10,0.61,1.63,0.00,0.09,0.00,0.04,0.00,0.00,0.00,0.00
67,3w,SbLow,Succ,45,0.00,0.00,0.34,19.50,0.00,0.17,0.90,2.40,0.00,0.19,0.00,0.09,0.00,0.00,0.00,0.00
67,3w,SbLow,Succ,55,0.00,0.00,0.55,28.26,0.00,0.24,1.24,3.33,0.00,0.33,0.00,0.16,0.00,0.00,0.00,0.00
67,3w,SbLow,Succ,65,0.00,0.00,0.82,37.26,0.00,0.31,1.61,4.31,0.00,0.50,0.00,0.25,0.00,0.00,0.00,0.00
67,3w,SbLow,Succ,75,0.00,0.00,1.10,46.03,0.00,0.38,1.97,5.26,0.00,0.67,0.00,0.35,0.00,0.00,0.00,0.00
67,3w,SbLow,Succ,85,0.00,0.00,1.38,54.17,0.00,0.44,2.28,6.09,0.00,0.84,0.00,0.46,0.00,0.00,0.00,0.00
67,3w,SbLow,Succ,95,0.00,0.00,1.62,61.35,0.00,0.49,2.53,6.76,0.00,0.98,0.00,0.56,0.00,0.00,0.00,0.00
67,3w,SbLow,Succ,105,0.00,0.00,1.81,67.35,0.00,0.53,2.71,7.23,0.00,1.09,0.00,0.66,0.00,0.00,0.00,0.00
67,3w,SbLow,Succ,115,0.00,0.00,1.94,72.03,0.00,0.56,2.81,7.51,0.00,1.16,0.00,0.73,0.00,0.00,0.00,0.00
67,3w,SbLow,Succ,125,0.00,0.00,2.00,75.31,0.00,0.57,2.84,7.59,0.00,1.19,0.00,0.79,0.00,0.00,0.00,0.00
67,3w,SbLow,Succ,135,0.00,0.00,1.99,77.17,0.00,0.58,2.81,7.49,0.00,1.19,0.00,0.83,0.00,0.00,0.00,0.00
67,3w,SbLow,Succ,145,0.00,0.00,1.93,77.65,0.00,0.57,2.71,7.23,0.00,1.16,0.00,0.84,0.00,0.00,0.00,0.00
67,3w,SbLow,Succ,155,0.00,0.00,1.81,76.83,0.00,0.55,2.56,6.84,0.00,1.11,0.00,0.84,0.00,0.00,0.00,0.00
67,3w,SbLow,Succ,165,0.00,0.00,1.67,74.84,0.00,0.53,2.38,6.35,0.00,1.04,0.00,0.82,0.00,0.00,0.00,0.00
67,3w,SbLow,Succ,175,0.00,0.00,1.49,71.82,0.00,0.49,2.17,5.78,0.00,0.96,0.00,0.78,0.00,0.00,0.00,0.00
67,3w,SbLow,Succ,185,0.00,0.00,1.31,67.94,0.00,0.46,1.94,5.18,0.00,0.87,0.00,0.73,0.00,0.00,0.00,0.00
67,3w,SbLow,Succ,195,0.00,0.00,1.13,63.40,0.00,0.42,1.71,4.56,0.00,0.78,0.00,0.67,0.00,0.00,0.00,0.00
67,3w,SbLow,Succ,205,0.00,0.00,0.96,58.37,0.00,0.38,1.48,3.96,0.00,0.69,0.00,0.61,0.00,0.00,0.00,0.00
67,3w,SbLow,Succ,215,0.00,0.00,0.79,53.06,0.00,0.33,1.26,3.38,0.00,0.60,0.00,0.54,0.00,0.00,0.00,0.00
67,3w,SbLow,Succ,225,0.00,0.00,0.65,47.62,0.00,0.29,1.06,2.85,0.00,0.51,0.00,0.48,0.00,0.00,0.00,0.00
67,3w,SbLow,Succ,235,0.00,0.00,0.52,42.20,0.00,0.25,0.88,2.36,0.00,0.43,0.00,0.42,0.00,0.00,0.00,0.00
67,3w,SbLow,Succ,245,0.00,0.00,0.41,36.95,0.00,0.21,0.72,1.93,0.00,0.36,0.00,0.35,0.00,0.00,0.00,0.00
67,3w,SbLow,Succ,255,0.00,0.00,0.32,31.97,0.00,0.18,0.58,1.56,0.00,0.30,0.00,0.30,0.00,0.00,0.00,0.00
68,Patnt,SbLow,Succ,5,0.00,0.00,0.00,0.00,0.00,0.00,0.00,0.00,0.00,0.00,0.00,0.00,0.00,0.00,0.00,0.00
68,Patnt,SbLow,Succ,15,0.00,0.00,0.02,1.27,0.00,0.01,0.21,0.57,0.00,0.01,0.00,4.72777740441755e-03,0.00,0.00,0.00,0.00
68,Patnt,SbLow,Succ,25,0.00,0.00,0.08,5.04,0.00,0.04,0.38,1.01,0.00,0.03,0.00,0.01,0.00,0.00,0.00,0.00
68,Patnt,SbLow,Succ,35,0.00,0.00,0.17,11.02,0.00,0.10,0.58,1.55,0.00,0.09,0.00,0.04,0.00,0.00,0.00,0.00
68,Patnt,SbLow,Succ,45,0.00,0.00,0.32,18.51,0.00,0.16,0.85,2.28,0.00,0.18,0.00,0.08,0.00,0.00,0.00,0.00
68,Patnt,SbLow,Succ,55,0.00,0.00,0.53,26.84,0.00,0.23,1.18,3.16,0.00,0.31,0.00,0.15,0.00,0.00,0.00,0.00
68,Patnt,SbLow,Succ,65,0.00,0.00,0.78,35.43,0.00,0.30,1.54,4.10,0.00,0.47,0.00,0.23,0.00,0.00,0.00,0.00
68,Patnt,SbLow,Succ,75,0.00,0.00,1.05,43.86,0.00,0.36,1.88,5.01,0.00,0.64,0.00,0.33,0.00,0.00,0.00,0.00
68,Patnt,SbLow,Succ,85,0.00,0.00,1.32,51.76,0.00,0.42,2.18,5.82,0.00,0.80,0.00,0.44,0.00,0.00,0.00,0.00
68,Patnt,SbLow,Succ,95,0.00,0.00,1.55,58.85,0.00,0.47,2.43,6.48,0.00,0.94,0.00,0.54,0.00,0.00,0.00,0.00
68,Patnt,SbLow,Succ,105,0.00,0.00,1.75,64.92,0.00,0.51,2.61,6.97,0.00,1.05,0.00,0.63,0.00,0.00,0.00,0.00
68,Patnt,SbLow,Succ,115,0.00,0.00,1.88,69.84,0.00,0.54,2.73,7.28,0.00,1.12,0.00,0.71,0.00,0.00,0.00,0.00
68,Patnt,SbLow,Succ,125,0.00,0.00,1.95,73.50,0.00,0.56,2.78,7.41,0.00,1.16,0.00,0.77,0.00,0.00,0.00,0.00
68,Patnt,SbLow,Succ,135,0.00,0.00,1.96,75.89,0.00,0.57,2.76,7.37,0.00,1.17,0.00,0.82,0.00,0.00,0.00,0.00
68,Patnt,SbLow,Succ,145,0.00,0.00,1.91,77.02,0.00,0.57,2.69,7.17,0.00,1.15,0.00,0.84,0.00,0.00,0.00,0.00
68,Patnt,SbLow,Succ,155,0.00,0.00,1.82,76.93,0.00,0.55,2.56,6.85,0.00,1.11,0.00,0.84,0.00,0.00,0.00,0.00
68,Patnt,SbLow,Succ,165,0.00,0.00,1.69,75.71,0.00,0.53,2.40,6.42,0.00,1.05,0.00,0.83,0.00,0.00,0.00,0.00
68,Patnt,SbLow,Succ,175,0.00,0.00,1.53,73.48,0.00,0.51,2.22,5.92,0.00,0.98,0.00,0.80,0.00,0.00,0.00,0.00
68,Patnt,SbLow,Succ,185,0.00,0.00,1.36,70.36,0.00,0.47,2.01,5.36,0.00,0.90,0.00,0.76,0.00,0.00,0.00,0.00
68,Patnt,SbLow,Succ,195,0.00,0.00,1.19,66.53,0.00,0.44,1.79,4.79,0.00,0.82,0.00,0.71,0.00,0.00,0.00,0.00
68,Patnt,SbLow,Succ,205,0.00,0.00,1.02,62.12,0.00,0.40,1.58,4.21,0.00,0.73,0.00,0.65,0.00,0.00,0.00,0.00
68,Patnt,SbLow,Succ,215,0.00,0.00,0.86,57.32,0.00,0.36,1.37,3.65,0.00,0.64,0.00,0.59,0.00,0.00,0.00,0.00
68,Patnt,SbLow,Succ,225,0.00,0.00,0.71,52.26,0.00,0.32,1.17,3.12,0.00,0.56,0.00,0.53,0.00,0.00,0.00,0.00
68,Patnt,SbLow,Succ,235,0.00,0.00,0.58,47.11,0.00,0.28,0.99,2.64,0.00,0.48,0.00,0.46,0.00,0.00,0.00,0.00
68,Patnt,SbLow,Succ,245,0.00,0.00,0.47,41.98,0.00,0.24,0.82,2.19,0.00,0.41,0.00,0.40,0.00,0.00,0.00,0.00
68,Patnt,SbLow,Succ,255,0.00,0.00,0.37,37.00,0.00,0.21,0.67,1.80,0.00,0.34,0.00,0.35,0.00,0.00,0.00,0.00
69,3w,SbSha,Prsnt,5,0.00,0.00,0.00,0.00,0.00,0.00,0.00,0.00,0.00,0.00,0.00,0.00,0.00,0.00,0.00,0.00
69,3w,SbSha,Prsnt,15,0.00,0.00,0.89,4.17,0.00,0.04,0.00,0.00,0.00,0.07,0.00,0.03,0.00,0.00,0.00,0.00
69,3w,SbSha,Prsnt,25,0.00,0.00,1.89,11.34,0.00,0.10,0.00,0.00,0.00,0.18,0.00,0.08,0.00,0.00,0.00,0.00
69,3w,SbSha,Prsnt,35,0.00,0.00,3.39,20.57,0.00,0.18,0.00,0.00,0.00,0.36,0.00,0.16,0.00,0.00,0.00,0.00
69,3w,SbSha,Prsnt,45,0.00,0.00,5.54,30.48,0.00,0.27,0.00,0.00,0.00,0.64,0.00,0.29,0.00,0.00,0.00,0.00
69,3w,SbSha,Prsnt,55,0.00,0.00,8.25,40.10,0.00,0.35,0.00,0.00,0.00,0.99,0.00,0.46,0.00,0.00,0.00,0.00
69,3w,SbSha,Prsnt,65,0.00,0.00,11.25,48.88,0.00,0.42,0.00,0.00,0.00,1.38,0.00,0.67,0.00,0.00,0.00,0.00
69,3w,SbSha,Prsnt,75,0.00,0.00,14.16,56.53,0.00,0.48,0.00,0.00,0.00,1.74,0.00,0.89,0.00,0.00,0.00,0.00
69,3w,SbSha,Prsnt,85,0.00,0.00,16.68,62.80,0.00,0.52,0.00,0.00,0.00,2.05,0.00,1.10,0.00,0.00,0.00,0.00
69,3w,SbSha,Prsnt,95,0.00,0.00,18.60,67.50,0.00,0.55,0.00,0.00,0.00,2.27,0.00,1.28,0.00,0.00,0.00,0.00
69,3w,SbSha,Prsnt,105,0.00,0.00,19.78,70.51,0.00,0.57,0.00,0.00,0.00,2.40,0.00,1.42,0.00,0.00,0.00,0.00
69,3w,SbSha,Prsnt,115,0.00,0.00,20.15,71.79,0.00,0.57,0.00,0.00,0.00,2.43,0.00,1.51,0.00,0.00,0.00,0.00
69,3w,SbSha,Prsnt,125,0.00,0.00,19.75,71.40,0.00,0.55,0.00,0.00,0.00,2.38,0.00,1.55,0.00,0.00,0.00,0.00
69,3w,SbSha,Prsnt,135,0.00,0.00,18.68,69.44,0.00,0.53,0.00,0.00,0.00,2.26,0.00,1.54,0.00,0.00,0.00,0.00
69,3w,SbSha,Prsnt,145,0.00,0.00,17.11,66.13,0.00,0.49,0.00,0.00,0.00,2.09,0.00,1.48,0.00,0.00,0.00,0.00
69,3w,SbSha,Prsnt,155,0.00,0.00,15.19,61.69,0.00,0.45,0.00,0.00,0.00,1.88,0.00,1.39,0.00,0.00,0.00,0.00
69,3w,SbSha,Prsnt,165,0.00,0.00,13.10,56.41,0.00,0.40,0.00,0.00,0.00,1.65,0.00,1.27,0.00,0.00,0.00,0.00
69,3w,SbSha,Prsnt,175,0.00,0.00,10.99,50.59,0.00,0.35,0.00,0.00,0.00,1.42,0.00,1.13,0.00,0.00,0.00,0.00
69,3w,SbSha,Prsnt,185,0.00,0.00,8.98,44.50,0.00,0.30,0.00,0.00,0.00,1.20,0.00,0.98,0.00,0.00,0.00,0.00
69,3w,SbSha,Prsnt,195,0.00,0.00,7.16,38.42,0.00,0.25,0.00,0.00,0.00,0.99,0.00,0.84,0.00,0.00,0.00,0.00
69,3w,SbSha,Prsnt,205,0.00,0.00,5.57,32.56,0.00,0.21,0.00,0.00,0.00,0.80,0.00,0.70,0.00,0.00,0.00,0.00
69,3w,SbSha,Prsnt,215,0.00,0.00,4.24,27.09,0.00,0.17,0.00,0.00,0.00,0.64,0.00,0.57,0.00,0.00,0.00,0.00
69,3w,SbSha,Prsnt,225,0.00,0.00,3.15,22.13,0.00,0.13,0.00,0.00,0.00,0.50,0.00,0.46,0.00,0.00,0.00,0.00
69,3w,SbSha,Prsnt,235,0.00,0.00,2.29,17.75,0.00,0.10,0.00,0.00,0.00,0.38,0.00,0.36,0.00,0.00,0.00,0.00
69,3w,SbSha,Prsnt,245,0.00,0.00,1.63,13.99,0.00,0.08,0.00,0.00,0.00,0.29,0.00,0.28,0.00,0.00,0.00,0.00
69,3w,SbSha,Prsnt,255,0.00,0.00,1.14,10.83,0.00,0.06,0.00,0.00,0.00,0.21,0.00,0.21,0.00,0.00,0.00,0.00
70,Patnt,SbSha,Prsnt,5,0.00,0.00,0.00,0.00,0.00,0.00,0.00,0.00,0.00,0.00,0.00,0.00,0.00,0.00,0.00,0.00
70,Patnt,SbSha,Prsnt,15,0.00,0.00,0.14,0.65,0.00,6.37819297230871e-03,0.00,0.00,0.00,0.01,0.00,7.61907131079723e-03,0.00,0.00,0.00,0.00
70,Patnt,SbSha,Prsnt,25,0.00,0.00,0.42,2.50,0.00,0.02,0.00,0.00,0.00,0.04,0.00,0.02,0.00,0.00,0.00,0.00
70,Patnt,SbSha,Prsnt,35,0.00,0.00,1.02,6.14,0.00,0.05,0.00,0.00,0.00,0.11,0.00,0.07,0.00,0.00,0.00,0.00
70,Patnt,SbSha,Prsnt,45,0.00,0.00,2.19,11.94,0.00,0.10,0.00,0.00,0.00,0.25,0.00,0.17,0.00,0.00,0.00,0.00
70,Patnt,SbSha,Prsnt,55,0.00,0.00,4.15,19.94,0.00,0.17,0.00,0.00,0.00,0.50,0.00,0.35,0.00,0.00,0.00,0.00
70,Patnt,SbSha,Prsnt,65,0.00,0.00,6.95,29.86,0.00,0.26,0.00,0.00,0.00,0.85,0.00,0.62,0.00,0.00,0.00,0.00
70,Patnt,SbSha,Prsnt,75,0.00,0.00,10.41,41.06,0.00,0.35,0.00,0.00,0.00,1.28,0.00,0.98,0.00,0.00,0.00,0.00
70,Patnt,SbSha,Prsnt,85,0.00,0.00,14.11,52.50,0.00,0.44,0.00,0.00,0.00,1.73,0.00,1.39,0.00,0.00,0.00,0.00
70,Patnt,SbSha,Prsnt,95,0.00,0.00,17.53,62.87,0.00,0.52,0.00,0.00,0.00,2.14,0.00,1.81,0.00,0.00,0.00,0.00
70,Patnt,SbSha,Prsnt,105,0.00,0.00,20.10,70.82,0.00,0.58,0.00,0.00,0.00,2.44,0.00,2.16,0.00,0.00,0.00,0.00
70,Patnt,SbSha,Prsnt,115,0.00,0.00,21.38,75.28,0.00,0.60,0.00,0.00,0.00,2.58,0.00,2.40,0.00,0.00,0.00,0.00
70,Patnt,SbSha,Prsnt,125,0.00,0.00,21.17,75.65,0.00,0.59,0.00,0.00,0.00,2.55,0.00,2.49,0.00,0.00,0.00,0.00
70,Patnt,SbSha,Prsnt,135,0.00,0.00,19.59,71.97,0.00,0.55,0.00,0.00,0.00,2.37,0.00,2.42,0.00,0.00,0.00,0.00
70,Patnt,SbSha,Prsnt,145,0.00,0.00,16.98,64.88,0.00,0.49,0.00,0.00,0.00,2.07,0.00,2.21,0.00,0.00,0.00,0.00
70,Patnt,SbSha,Prsnt,155,0.00,0.00,13.81,55.46,0.00,0.41,0.00,0.00,0.00,1.71,0.00,1.90,0.00,0.00,0.00,0.00
70,Patnt,SbSha,Prsnt,165,0.00,0.00,10.57,44.98,0.00,0.32,0.00,0.00,0.00,1.33,0.00,1.54,0.00,0.00,0.00,0.00
70,Patnt,SbSha,Prsnt,175,0.00,0.00,7.61,34.63,0.00,0.24,0.00,0.00,0.00,0.99,0.00,1.18,0.00,0.00,0.00,0.00
70,Patnt,SbSha,Prsnt,185,0.00,0.00,5.17,25.32,0.00,0.17,0.00,0.00,0.00,0.69,0.00,0.85,0.00,0.00,0.00,0.00
70,Patnt,SbSha,Prsnt,195,0.00,0.00,3.31,17.58,0.00,0.12,0.00,0.00,0.00,0.46,0.00,0.58,0.00,0.00,0.00,0.00
70,Patnt,SbSha,Prsnt,205,0.00,0.00,2.00,11.60,0.00,0.07,0.00,0.00,0.00,0.29,0.00,0.38,0.00,0.00,0.00,0.00
70,Patnt,SbSha,Prsnt,215,0.00,0.00,1.15,7.27,0.00,0.04,0.00,0.00,0.00,0.17,0.00,0.23,0.00,0.00,0.00,0.00
70,Patnt,SbSha,Prsnt,225,0.00,0.00,0.62,4.33,0.00,0.02,0.00,0.00,0.00,0.09,0.00,0.13,0.00,0.00,0.00,0.00
70,Patnt,SbSha,Prsnt,235,0.00,0.00,0.32,2.45,0.00,0.01,0.00,0.00,0.00,0.05,0.00,0.07,0.00,0.00,0.00,0.00
70,Patnt,SbSha,Prsnt,245,0.00,0.00,0.15,1.32,0.00,8.05897253128158e-03,0.00,0.00,0.00,0.02,0.00,0.04,0.00,0.00,0.00,0.00
70,Patnt,SbSha,Prsnt,255,0.00,0.00,0.07,0.67,0.00,4.02941027848308e-03,0.00,0.00,0.00,0.01,0.00,0.02,0.00,0.00,0.00,0.00
71,3w,SbSha,Exten,5,0.00,0.00,0.00,0.00,0.00,0.00,0.00,0.00,0.00,0.00,0.00,0.00,0.00,0.00,0.00,0.00
71,3w,SbSha,Exten,15,0.00,0.00,0.89,4.17,0.00,0.04,0.00,0.00,0.00,0.07,0.00,0.03,0.00,0.00,0.00,0.00
71,3w,SbSha,Exten,25,0.00,0.00,1.89,11.34,0.00,0.10,0.00,0.00,0.00,0.18,0.00,0.08,0.00,0.00,0.00,0.00
71,3w,SbSha,Exten,35,0.00,0.00,3.39,20.57,0.00,0.18,0.00,0.00,0.00,0.36,0.00,0.16,0.00,0.00,0.00,0.00
71,3w,SbSha,Exten,45,0.00,0.00,5.54,30.48,0.00,0.27,0.00,0.00,0.00,0.64,0.00,0.29,0.00,0.00,0.00,0.00
71,3w,SbSha,Exten,55,0.00,0.00,8.25,40.10,0.00,0.35,0.00,0.00,0.00,0.99,0.00,0.46,0.00,0.00,0.00,0.00
71,3w,SbSha,Exten,65,0.00,0.00,11.25,48.88,0.00,0.42,0.00,0.00,0.00,1.38,0.00,0.67,0.00,0.00,0.00,0.00
71,3w,SbSha,Exten,75,0.00,0.00,14.16,56.53,0.00,0.48,0.00,0.00,0.00,1.74,0.00,0.89,0.00,0.00,0.00,0.00
71,3w,SbSha,Exten,85,0.00,0.00,16.68,62.80,0.00,0.52,0.00,0.00,0.00,2.05,0.00,1.10,0.00,0.00,0.00,0.00
71,3w,SbSha,Exten,95,0.00,0.00,18.60,67.50,0.00,0.55,0.00,0.00,0.00,2.27,0.00,1.28,0.00,0.00,0.00,0.00
71,3w,SbSha,Exten,105,0.00,0.00,19.78,70.51,0.00,0.57,0.00,0.00,0.00,2.40,0.00,1.42,0.00,0.00,0.00,0.00
71,3w,SbSha,Exten,115,0.00,0.00,20.15,71.79,0.00,0.57,0.00,0.00,0.00,2.43,0.00,1.51,0.00,0.00,0.00,0.00
71,3w,SbSha,Exten,125,0.00,0.00,19.75,71.40,0.00,0.55,0.00,0.00,0.00,2.38,0.00,1.55,0.00,0.00,0.00,0.00
71,3w,SbSha,Exten,135,0.00,0.00,18.68,69.44,0.00,0.53,0.00,0.00,0.00,2.26,0.00,1.54,0.00,0.00,0.00,0.00
71,3w,SbSha,Exten,145,0.00,0.00,17.11,66.13,0.00,0.49,0.00,0.00,0.00,2.09,0.00,1.48,0.00,0.00,0.00,0.00
71,3w,SbSha,Exten,155,0.00,0.00,15.19,61.69,0.00,0.45,0.00,0.00,0.00,1.88,0.00,1.39,0.00,0.00,0.00,0.00
71,3w,SbSha,Exten,165,0.00,0.00,13.10,56.41,0.00,0.40,0.00,0.00,0.00,1.65,0.00,1.27,0.00,0.00,0.00,0.00
71,3w,SbSha,Exten,175,0.00,0.00,10.99,50.59,0.00,0.35,0.00,0.00,0.00,1.42,0.00,1.13,0.00,0.00,0.00,0.00
71,3w,SbSha,Exten,185,0.00,0.00,8.98,44.50,0.00,0.30,0.00,0.00,0.00,1.20,0.00,0.98,0.00,0.00,0.00,0.00
71,3w,SbSha,Exten,195,0.00,0.00,7.16,38.42,0.00,0.25,0.00,0.00,0.00,0.99,0.00,0.84,0.00,0.00,0.00,0.00
71,3w,SbSha,Exten,205,0.00,0.00,5.57,32.56,0.00,0.21,0.00,0.00,0.00,0.80,0.00,0.70,0.00,0.00,0.00,0.00
71,3w,SbSha,Exten,215,0.00,0.00,4.24,27.09,0.00,0.17,0.00,0.00,0.00,0.64,0.00,0.57,0.00,0.00,0.00,0.00
71,3w,SbSha,Exten,225,0.00,0.00,3.15,22.13,0.00,0.13,0.00,0.00,0.00,0.50,0.00,0.46,0.00,0.00,0.00,0.00
71,3w,SbSha,Exten,235,0.00,0.00,2.29,17.75,0.00,0.10,0.00,0.00,0.00,0.38,0.00,0.36,0.00,0.00,0.00,0.00
71,3w,SbSha,Exten,245,0.00,0.00,1.63,13.99,0.00,0.08,0.00,0.00,0.00,0.29,0.00,0.28,0.00,0.00,0.00,0.00
71,3w,SbSha,Exten,255,0.00,0.00,1.14,10.83,0.00,0.06,0.00,0.00,0.00,0.21,0.00,0.21,0.00,0.00,0.00,0.00
72,Patnt,SbSha,Exten,5,0.00,0.00,0.00,0.00,0.00,0.00,0.00,0.00,0.00,0.00,0.00,0.00,0.00,0.00,0.00,0.00
72,Patnt,SbSha,Exten,15,0.00,0.00,0.14,0.65,0.00,6.37819297230871e-03,0.00,0.00,0.00,0.01,0.00,7.61907131079723e-03,0.00,0.00,0.00,0.00
72,Patnt,SbSha,Exten,25,0.00,0.00,0.42,2.50,0.00,0.02,0.00,0.00,0.00,0.04,0.00,0.02,0.00,0.00,0.00,0.00
72,Patnt,SbSha,Exten,35,0.00,0.00,1.02,6.14,0.00,0.05,0.00,0.00,0.00,0.11,0.00,0.07,0.00,0.00,0.00,0.00
72,Patnt,SbSha,Exten,45,0.00,0.00,2.19,11.94,0.00,0.10,0.00,0.00,0.00,0.25,0.00,0.17,0.00,0.00,0.00,0.00
72,Patnt,SbSha,Exten,55,0.00,0.00,4.15,19.94,0.00,0.17,0.00,0.00,0.00,0.50,0.00,0.35,0.00,0.00,0.00,0.00
72,Patnt,SbSha,Exten,65,0.00,0.00,6.95,29.86,0.00,0.26,0.00,0.00,0.00,0.85,0.00,0.62,0.00,0.00,0.00,0.00
72,Patnt,SbSha,Exten,75,0.00,0.00,10.41,41.06,0.00,0.35,0.00,0.00,0.00,1.28,0.00,0.98,0.00,0.00,0.00,0.00
72,Patnt,SbSha,Exten,85,0.00,0.00,14.11,52.50,0.00,0.44,0.00,0.00,0.00,1.73,0.00,1.39,0.00,0.00,0.00,0.00
72,Patnt,SbSha,Exten,95,0.00,0.00,17.53,62.87,0.00,0.52,0.00,0.00,0.00,2.14,0.00,1.81,0.00,0.00,0.00,0.00
72,Patnt,SbSha,Exten,105,0.00,0.00,20.10,70.82,0.00,0.58,0.00,0.00,0.00,2.44,0.00,2.16,0.00,0.00,0.00,0.00
72,Patnt,SbSha,Exten,115,0.00,0.00,21.38,75.28,0.00,0.60,0.00,0.00,0.00,2.58,0.00,2.40,0.00,0.00,0.00,0.00
72,Patnt,SbSha,Exten,125,0.00,0.00,21.17,75.65,0.00,0.59,0.00,0.00,0.00,2.55,0.00,2.49,0.00,0.00,0.00,0.00
72,Patnt,SbSha,Exten,135,0.00,0.00,19.59,71.97,0.00,0.55,0.00,0.00,0.00,2.37,0.00,2.42,0.00,0.00,0.00,0.00
72,Patnt,SbSha,Exten,145,0.00,0.00,16.98,64.88,0.00,0.49,0.00,0.00,0.00,2.07,0.00,2.21,0.00,0.00,0.00,0.00
72,Patnt,SbSha,Exten,155,0.00,0.00,13.81,55.46,0.00,0.41,0.00,0.00,0.00,1.71,0.00,1.90,0.00,0.00,0.00,0.00
72,Patnt,SbSha,Exten,165,0.00,0.00,10.57,44.98,0.00,0.32,0.00,0.00,0.00,1.33,0.00,1.54,0.00,0.00,0.00,0.00
72,Patnt,SbSha,Exten,175,0.00,0.00,7.61,34.63,0.00,0.24,0.00,0.00,0.00,0.99,0.00,1.18,0.00,0.00,0.00,0.00
72,Patnt,SbSha,Exten,185,0.00,0.00,5.17,25.32,0.00,0.17,0.00,0.00,0.00,0.69,0.00,0.85,0.00,0.00,0.00,0.00
72,Patnt,SbSha,Exten,195,0.00,0.00,3.31,17.58,0.00,0.12,0.00,0.00,0.00,0.46,0.00,0.58,0.00,0.00,0.00,0.00
72,Patnt,SbSha,Exten,205,0.00,0.00,2.00,11.60,0.00,0.07,0.00,0.00,0.00,0.29,0.00,0.38,0.00,0.00,0.00,0.00
72,Patnt,SbSha,Exten,215,0.00,0.00,1.15,7.27,0.00,0.04,0.00,0.00,0.00,0.17,0.00,0.23,0.00,0.00,0.00,0.00
72,Patnt,SbSha,Exten,225,0.00,0.00,0.62,4.33,0.00,0.02,0.00,0.00,0.00,0.09,0.00,0.13,0.00,0.00,0.00,0.00
72,Patnt,SbSha,Exten,235,0.00,0.00,0.32,2.45,0.00,0.01,0.00,0.00,0.00,0.05,0.00,0.07,0.00,0.00,0.00,0.00
72,Patnt,SbSha,Exten,245,0.00,0.00,0.15,1.32,0.00,8.05897253128158e-03,0.00,0.00,0.00,0.02,0.00,0.04,0.00,0.00,0.00,0.00
72,Patnt,SbSha,Exten,255,0.00,0.00,0.07,0.67,0.00,4.02941027848308e-03,0.00,0.00,0.00,0.01,0.00,0.02,0.00,0.00,0.00,0.00
73,3w,SbSha,Basc1,5,0.00,0.00,0.00,0.00,0.00,0.00,0.00,0.00,0.00,0.00,0.00,0.00,0.00,0.00,0.00,0.00
73,3w,SbSha,Basc1,15,0.00,0.00,0.89,4.17,0.00,0.04,0.00,0.00,0.00,0.07,0.00,0.03,0.00,0.00,0.00,0.00
73,3w,SbSha,Basc1,25,0.00,0.00,1.89,11.34,0.00,0.10,0.00,0.00,0.00,0.18,0.00,0.08,0.00,0.00,0.00,0.00
73,3w,SbSha,Basc1,35,0.00,0.00,3.39,20.57,0.00,0.18,0.00,0.00,0.00,0.36,0.00,0.16,0.00,0.00,0.00,0.00
73,3w,SbSha,Basc1,45,0.00,0.00,5.54,30.48,0.00,0.27,0.00,0.00,0.00,0.64,0.00,0.29,0.00,0.00,0.00,0.00
73,3w,SbSha,Basc1,55,0.00,0.00,8.25,40.10,0.00,0.35,0.00,0.00,0.00,0.99,0.00,0.46,0.00,0.00,0.00,0.00
73,3w,SbSha,Basc1,65,0.00,0.00,11.25,48.88,0.00,0.42,0.00,0.00,0.00,1.38,0.00,0.67,0.00,0.00,0.00,0.00
73,3w,SbSha,Basc1,75,0.00,0.00,14.16,56.53,0.00,0.48,0.00,0.00,0.00,1.74,0.00,0.89,0.00,0.00,0.00,0.00
73,3w,SbSha,Basc1,85,0.00,0.00,16.68,62.80,0.00,0.52,0.00,0.00,0.00,2.05,0.00,1.10,0.00,0.00,0.00,0.00
73,3w,SbSha,Basc1,95,0.00,0.00,18.60,67.50,0.00,0.55,0.00,0.00,0.00,2.27,0.00,1.28,0.00,0.00,0.00,0.00
73,3w,SbSha,Basc1,105,0.00,0.00,19.78,70.51,0.00,0.57,0.00,0.00,0.00,2.40,0.00,1.42,0.00,0.00,0.00,0.00
73,3w,SbSha,Basc1,115,0.00,0.00,20.15,71.79,0.00,0.57,0.00,0.00,0.00,2.43,0.00,1.51,0.00,0.00,0.00,0.00
73,3w,SbSha,Basc1,125,0.00,0.00,19.75,71.40,0.00,0.55,0.00,0.00,0.00,2.38,0.00,1.55,0.00,0.00,0.00,0.00
73,3w,SbSha,Basc1,135,0.00,0.00,18.68,69.44,0.00,0.53,0.00,0.00,0.00,2.26,0.00,1.54,0.00,0.00,0.00,0.00
73,3w,SbSha,Basc1,145,0.00,0.00,17.11,66.13,0.00,0.49,0.00,0.00,0.00,2.09,0.00,1.48,0.00,0.00,0.00,0.00
73,3w,SbSha,Basc1,155,0.00,0.00,15.19,61.69,0.00,0.45,0.00,0.00,0.00,1.88,0.00,1.39,0.00,0.00,0.00,0.00
73,3w,SbSha,Basc1,165,0.00,0.00,13.10,56.41,0.00,0.40,0.00,0.00,0.00,1.65,0.00,1.27,0.00,0.00,0.00,0.00
73,3w,SbSha,Basc1,175,0.00,0.00,10.99,50.59,0.00,0.35,0.00,0.00,0.00,1.42,0.00,1.13,0.00,0.00,0.00,0.00
73,3w,SbSha,Basc1,185,0.00,0.00,8.98,44.50,0.00,0.30,0.00,0.00,0.00,1.20,0.00,0.98,0.00,0.00,0.00,0.00
73,3w,SbSha,Basc1,195,0.00,0.00,7.16,38.42,0.00,0.25,0.00,0.00,0.00,0.99,0.00,0.84,0.00,0.00,0.00,0.00
73,3w,SbSha,Basc1,205,0.00,0.00,5.57,32.56,0.00,0.21,0.00,0.00,0.00,0.80,0.00,0.70,0.00,0.00,0.00,0.00
73,3w,SbSha,Basc1,215,0.00,0.00,4.24,27.09,0.00,0.17,0.00,0.00,0.00,0.64,0.00,0.57,0.00,0.00,0.00,0.00
73,3w,SbSha,Basc1,225,0.00,0.00,3.15,22.13,0.00,0.13,0.00,0.00,0.00,0.50,0.00,0.46,0.00,0.00,0.00,0.00
73,3w,SbSha,Basc1,235,0.00,0.00,2.29,17.75,0.00,0.10,0.00,0.00,0.00,0.38,0.00,0.36,0.00,0.00,0.00,0.00
73,3w,SbSha,Basc1,245,0.00,0.00,1.63,13.99,0.00,0.08,0.00,0.00,0.00,0.29,0.00,0.28,0.00,0.00,0.00,0.00
73,3w,SbSha,Basc1,255,0.00,0.00,1.14,10.83,0.00,0.06,0.00,0.00,0.00,0.21,0.00,0.21,0.00,0.00,0.00,0.00
74,Patnt,SbSha,Basc1,5,0.00,0.00,0.00,0.00,0.00,0.00,0.00,0.00,0.00,0.00,0.00,0.00,0.00,0.00,0.00,0.00
74,Patnt,SbSha,Basc1,15,0.00,0.00,0.14,0.65,0.00,6.37819297230871e-03,0.00,0.00,0.00,0.01,0.00,7.61907131079723e-03,0.00,0.00,0.00,0.00
74,Patnt,SbSha,Basc1,25,0.00,0.00,0.42,2.50,0.00,0.02,0.00,0.00,0.00,0.04,0.00,0.02,0.00,0.00,0.00,0.00
74,Patnt,SbSha,Basc1,35,0.00,0.00,1.02,6.14,0.00,0.05,0.00,0.00,0.00,0.11,0.00,0.07,0.00,0.00,0.00,0.00
74,Patnt,SbSha,Basc1,45,0.00,0.00,2.19,11.94,0.00,0.10,0.00,0.00,0.00,0.25,0.00,0.17,0.00,0.00,0.00,0.00
74,Patnt,SbSha,Basc1,55,0.00,0.00,4.15,19.94,0.00,0.17,0.00,0.00,0.00,0.50,0.00,0.35,0.00,0.00,0.00,0.00
74,Patnt,SbSha,Basc1,65,0.00,0.00,6.95,29.86,0.00,0.26,0.00,0.00,0.00,0.85,0.00,0.62,0.00,0.00,0.00,0.00
74,Patnt,SbSha,Basc1,75,0.00,0.00,10.41,41.06,0.00,0.35,0.00,0.00,0.00,1.28,0.00,0.98,0.00,0.00,0.00,0.00
74,Patnt,SbSha,Basc1,85,0.00,0.00,14.11,52.50,0.00,0.44,0.00,0.00,0.00,1.73,0.00,1.39,0.00,0.00,0.00,0.00
74,Patnt,SbSha,Basc1,95,0.00,0.00,17.53,62.87,0.00,0.52,0.00,0.00,0.00,2.14,0.00,1.81,0.00,0.00,0.00,0.00
74,Patnt,SbSha,Basc1,105,0.00,0.00,20.10,70.82,0.00,0.58,0.00,0.00,0.00,2.44,0.00,2.16,0.00,0.00,0.00,0.00
74,Patnt,SbSha,Basc1,115,0.00,0.00,21.38,75.28,0.00,0.60,0.00,0.00,0.00,2.58,0.00,2.40,0.00,0.00,0.00,0.00
74,Patnt,SbSha,Basc1,125,0.00,0.00,21.17,75.65,0.00,0.59,0.00,0.00,0.00,2.55,0.00,2.49,0.00,0.00,0.00,0.00
74,Patnt,SbSha,Basc1,135,0.00,0.00,19.59,71.97,0.00,0.55,0.00,0.00,0.00,2.37,0.00,2.42,0.00,0.00,0.00,0.00
74,Patnt,SbSha,Basc1,145,0.00,0.00,16.98,64.88,0.00,0.49,0.00,0.00,0.00,2.07,0.00,2.21,0.00,0.00,0.00,0.00
74,Patnt,SbSha,Basc1,155,0.00,0.00,13.81,55.46,0.00,0.41,0.00,0.00,0.00,1.71,0.00,1.90,0.00,0.00,0.00,0.00
74,Patnt,SbSha,Basc1,165,0.00,0.00,10.57,44.98,0.00,0.32,0.00,0.00,0.00,1.33,0.00,1.54,0.00,0.00,0.00,0.00
74,Patnt,SbSha,Basc1,175,0.00,0.00,7.61,34.63,0.00,0.24,0.00,0.00,0.00,0.99,0.00,1.18,0.00,0.00,0.00,0.00
74,Patnt,SbSha,Basc1,185,0.00,0.00,5.17,25.32,0.00,0.17,0.00,0.00,0.00,0.69,0.00,0.85,0.00,0.00,0.00,0.00
74,Patnt,SbSha,Basc1,195,0.00,0.00,3.31,17.58,0.00,0.12,0.00,0.00,0.00,0.46,0.00,0.58,0.00,0.00,0.00,0.00
74,Patnt,SbSha,Basc1,205,0.00,0.00,2.00,11.60,0.00,0.07,0.00,0.00,0.00,0.29,0.00,0.38,0.00,0.00,0.00,0.00
74,Patnt,SbSha,Basc1,215,0.00,0.00,1.15,7.27,0.00,0.04,0.00,0.00,0.00,0.17,0.00,0.23,0.00,0.00,0.00,0.00
74,Patnt,SbSha,Basc1,225,0.00,0.00,0.62,4.33,0.00,0.02,0.00,0.00,0.00,0.09,0.00,0.13,0.00,0.00,0.00,0.00
74,Patnt,SbSha,Basc1,235,0.00,0.00,0.32,2.45,0.00,0.01,0.00,0.00,0.00,0.05,0.00,0.07,0.00,0.00,0.00,0.00
74,Patnt,SbSha,Basc1,245,0.00,0.00,0.15,1.32,0.00,8.05897253128158e-03,0.00,0.00,0.00,0.02,0.00,0.04,0.00,0.00,0.00,0.00
74,Patnt,SbSha,Basc1,255,0.00,0.00,0.07,0.67,0.00,4.02941027848308e-03,0.00,0.00,0.00,0.01,0.00,0.02,0.00,0.00,0.00,0.00
75,3w,SbSha,Basc2,5,0.00,0.00,0.00,0.00,0.00,0.00,0.00,0.00,0.00,0.00,0.00,0.00,0.00,0.00,0.00,0.00
75,3w,SbSha,Basc2,15,0.00,0.00,0.35,4.28,0.00,0.00,0.00,0.00,0.00,0.03,0.00,0.11,0.00,0.00,0.00,0.00
75,3w,SbSha,Basc2,25,0.00,0.00,0.73,11.37,0.00,0.00,0.00,0.00,0.00,0.08,0.00,0.27,0.00,0.00,0.00,0.00
75,3w,SbSha,Basc2,35,0.00,0.00,1.31,20.58,0.00,0.00,0.00,0.00,0.00,0.17,0.00,0.55,0.00,0.00,0.00,0.00
75,3w,SbSha,Basc2,45,0.00,0.00,2.15,30.65,0.00,0.00,0.00,0.00,0.00,0.31,0.00,0.99,0.00,0.00,0.00,0.00
75,3w,SbSha,Basc2,55,0.00,0.00,3.23,40.64,0.00,0.00,0.00,0.00,0.00,0.48,0.00,1.59,0.00,0.00,0.00,0.00
75,3w,SbSha,Basc2,65,0.00,0.00,4.43,49.93,0.00,0.00,0.00,0.00,0.00,0.68,0.00,2.32,0.00,0.00,0.00,0.00
75,3w,SbSha,Basc2,75,0.00,0.00,5.62,58.09,0.00,0.00,0.00,0.00,0.00,0.86,0.00,3.10,0.00,0.00,0.00,0.00
75,3w,SbSha,Basc2,85,0.00,0.00,6.65,64.82,0.00,0.00,0.00,0.00,0.00,1.02,0.00,3.84,0.00,0.00,0.00,0.00
75,3w,SbSha,Basc2,95,0.00,0.00,7.44,69.89,0.00,0.00,0.00,0.00,0.00,1.13,0.00,4.48,0.00,0.00,0.00,0.00
75,3w,SbSha,Basc2,105,0.00,0.00,7.93,73.18,0.00,0.00,0.00,0.00,0.00,1.20,0.00,4.98,0.00,0.00,0.00,0.00
75,3w,SbSha,Basc2,115,0.00,0.00,8.09,74.63,0.00,0.00,0.00,0.00,0.00,1.22,0.00,5.31,0.00,0.00,0.00,0.00
75,3w,SbSha,Basc2,125,0.00,0.00,7.94,74.29,0.00,0.00,0.00,0.00,0.00,1.19,0.00,5.46,0.00,0.00,0.00,0.00
75,3w,SbSha,Basc2,135,0.00,0.00,7.51,72.31,0.00,0.00,0.00,0.00,0.00,1.13,0.00,5.42,0.00,0.00,0.00,0.00
75,3w,SbSha,Basc2,145,0.00,0.00,6.88,68.88,0.00,0.00,0.00,0.00,0.00,1.05,0.00,5.23,0.00,0.00,0.00,0.00
75,3w,SbSha,Basc2,155,0.00,0.00,6.11,64.27,0.00,0.00,0.00,0.00,0.00,0.94,0.00,4.90,0.00,0.00,0.00,0.00
75,3w,SbSha,Basc2,165,0.00,0.00,5.27,58.78,0.00,0.00,0.00,0.00,0.00,0.83,0.00,4.48,0.00,0.00,0.00,0.00
75,3w,SbSha,Basc2,175,0.00,0.00,4.42,52.72,0.00,0.00,0.00,0.00,0.00,0.71,0.00,4.00,0.00,0.00,0.00,0.00
75,3w,SbSha,Basc2,185,0.00,0.00,3.61,46.38,0.00,0.00,0.00,0.00,0.00,0.60,0.00,3.48,0.00,0.00,0.00,0.00
75,3w,SbSha,Basc2,195,0.00,0.00,2.88,40.04,0.00,0.00,0.00,0.00,0.00,0.50,0.00,2.97,0.00,0.00,0.00,0.00
75,3w,SbSha,Basc2,205,0.00,0.00,2.24,33.93,0.00,0.00,0.00,0.00,0.00,0.40,0.00,2.48,0.00,0.00,0.00,0.00
75,3w,SbSha,Basc2,215,0.00,0.00,1.70,28.23,0.00,0.00,0.00,0.00,0.00,0.32,0.00,2.02,0.00,0.00,0.00,0.00
75,3w,SbSha,Basc2,225,0.00,0.00,1.26,23.06,0.00,0.00,0.00,0.00,0.00,0.25,0.00,1.62,0.00,0.00,0.00,0.00
75,3w,SbSha,Basc2,235,0.00,0.00,0.92,18.50,0.00,0.00,0.00,0.00,0.00,0.19,0.00,1.27,0.00,0.00,0.00,0.00
75,3w,SbSha,Basc2,245,0.00,0.00,0.65,14.58,0.00,0.00,0.00,0.00,0.00,0.14,0.00,0.98,0.00,0.00,0.00,0.00
75,3w,SbSha,Basc2,255,0.00,0.00,0.45,11.28,0.00,0.00,0.00,0.00,0.00,0.10,0.00,0.74,0.00,0.00,0.00,0.00
76,Patnt,SbSha,Basc2,5,0.00,0.00,0.00,0.00,0.00,0.00,0.00,0.00,0.00,0.00,0.00,0.00,0.00,0.00,0.00,0.00
76,Patnt,SbSha,Basc2,15,0.00,0.00,0.14,0.65,0.00,6.37819297230871e-03,0.00,0.00,0.00,0.01,0.00,7.61907131079723e-03,0.00,0.00,0.00,0.00
76,Patnt,SbSha,Basc2,25,0.00,0.00,0.42,2.50,0.00,0.02,0.00,0.00,0.00,0.04,0.00,0.02,0.00,0.00,0.00,0.00
76,Patnt,SbSha,Basc2,35,0.00,0.00,1.02,6.14,0.00,0.05,0.00,0.00,0.00,0.11,0.00,0.07,0.00,0.00,0.00,0.00
76,Patnt,SbSha,Basc2,45,0.00,0.00,2.19,11.94,0.00,0.10,0.00,0.00,0.00,0.25,0.00,0.17,0.00,0.00,0.00,0.00
76,Patnt,SbSha,Basc2,55,0.00,0.00,4.15,19.94,0.00,0.17,0.00,0.00,0.00,0.50,0.00,0.35,0.00,0.00,0.00,0.00
76,Patnt,SbSha,Basc2,65,0.00,0.00,6.95,29.86,0.00,0.26,0.00,0.00,0.00,0.85,0.00,0.62,0.00,0.00,0.00,0.00
76,Patnt,SbSha,Basc2,75,0.00,0.00,10.41,41.06,0.00,0.35,0.00,0.00,0.00,1.28,0.00,0.98,0.00,0.00,0.00,0.00
76,Patnt,SbSha,Basc2,85,0.00,0.00,14.11,52.50,0.00,0.44,0.00,0.00,0.00,1.73,0.00,1.39,0.00,0.00,0.00,0.00
76,Patnt,SbSha,Basc2,95,0.00,0.00,17.53,62.87,0.00,0.52,0.00,0.00,0.00,2.14,0.00,1.81,0.00,0.00,0.00,0.00
76,Patnt,SbSha,Basc2,105,0.00,0.00,20.10,70.82,0.00,0.58,0.00,0.00,0.00,2.44,0.00,2.16,0.00,0.00,0.00,0.00
76,Patnt,SbSha,Basc2,115,0.00,0.00,21.38,75.28,0.00,0.60,0.00,0.00,0.00,2.58,0.00,2.40,0.00,0.00,0.00,0.00
76,Patnt,SbSha,Basc2,125,0.00,0.00,21.17,75.65,0.00,0.59,0.00,0.00,0.00,2.55,0.00,2.49,0.00,0.00,0.00,0.00
76,Patnt,SbSha,Basc2,135,0.00,0.00,19.59,71.97,0.00,0.55,0.00,0.00,0.00,2.37,0.00,2.42,0.00,0.00,0.00,0.00
76,Patnt,SbSha,Basc2,145,0.00,0.00,16.98,64.88,0.00,0.49,0.00,0.00,0.00,2.07,0.00,2.21,0.00,0.00,0.00,0.00
76,Patnt,SbSha,Basc2,155,0.00,0.00,13.81,55.46,0.00,0.41,0.00,0.00,0.00,1.71,0.00,1.90,0.00,0.00,0.00,0.00
76,Patnt,SbSha,Basc2,165,0.00,0.00,10.57,44.98,0.00,0.32,0.00,0.00,0.00,1.33,0.00,1.54,0.00,0.00,0.00,0.00
76,Patnt,SbSha,Basc2,175,0.00,0.00,7.61,34.63,0.00,0.24,0.00,0.00,0.00,0.99,0.00,1.18,0.00,0.00,0.00,0.00
76,Patnt,SbSha,Basc2,185,0.00,0.00,5.17,25.32,0.00,0.17,0.00,0.00,0.00,0.69,0.00,0.85,0.00,0.00,0.00,0.00
76,Patnt,SbSha,Basc2,195,0.00,0.00,3.31,17.58,0.00,0.12,0.00,0.00,0.00,0.46,0.00,0.58,0.00,0.00,0.00,0.00
76,Patnt,SbSha,Basc2,205,0.00,0.00,2.00,11.60,0.00,0.07,0.00,0.00,0.00,0.29,0.00,0.38,0.00,0.00,0.00,0.00
76,Patnt,SbSha,Basc2,215,0.00,0.00,1.15,7.27,0.00,0.04,0.00,0.00,0.00,0.17,0.00,0.23,0.00,0.00,0.00,0.00
76,Patnt,SbSha,Basc2,225,0.00,0.00,0.62,4.33,0.00,0.02,0.00,0.00,0.00,0.09,0.00,0.13,0.00,0.00,0.00,0.00
76,Patnt,SbSha,Basc2,235,0.00,0.00,0.32,2.45,0.00,0.01,0.00,0.00,0.00,0.05,0.00,0.07,0.00,0.00,0.00,0.00
76,Patnt,SbSha,Basc2,245,0.00,0.00,0.15,1.32,0.00,8.05897253128158e-03,0.00,0.00,0.00,0.02,0.00,0.04,0.00,0.00,0.00,0.00
76,Patnt,SbSha,Basc2,255,0.00,0.00,0.07,0.67,0.00,4.02941027848308e-03,0.00,0.00,0.00,0.01,0.00,0.02,0.00,0.00,0.00,0.00
77,3w,SbSha,Intn1,5,0.00,0.00,0.00,0.00,0.00,0.00,0.00,0.00,0.00,0.00,0.00,0.00,0.00,0.00,0.00,0.00
77,3w,SbSha,Intn1,15,0.00,0.00,0.89,4.17,0.00,0.04,0.00,0.00,0.00,0.07,0.00,0.03,0.00,0.00,0.00,0.00
77,3w,SbSha,Intn1,25,0.00,0.00,1.89,11.34,0.00,0.10,0.00,0.00,0.00,0.18,0.00,0.08,0.00,0.00,0.00,0.00
77,3w,SbSha,Intn1,35,0.00,0.00,3.39,20.57,0.00,0.18,0.00,0.00,0.00,0.36,0.00,0.16,0.00,0.00,0.00,0.00
77,3w,SbSha,Intn1,45,0.00,0.00,5.54,30.48,0.00,0.27,0.00,0.00,0.00,0.64,0.00,0.29,0.00,0.00,0.00,0.00
77,3w,SbSha,Intn1,55,0.00,0.00,8.25,40.10,0.00,0.35,0.00,0.00,0.00,0.99,0.00,0.46,0.00,0.00,0.00,0.00
77,3w,SbSha,Intn1,65,0.00,0.00,11.25,48.88,0.00,0.42,0.00,0.00,0.00,1.38,0.00,0.67,0.00,0.00,0.00,0.00
77,3w,SbSha,Intn1,75,0.00,0.00,14.16,56.53,0.00,0.48,0.00,0.00,0.00,1.74,0.00,0.89,0.00,0.00,0.00,0.00
77,3w,SbSha,Intn1,85,0.00,0.00,16.68,62.80,0.00,0.52,0.00,0.00,0.00,2.05,0.00,1.10,0.00,0.00,0.00,0.00
77,3w,SbSha,Intn1,95,0.00,0.00,18.60,67.50,0.00,0.55,0.00,0.00,0.00,2.27,0.00,1.28,0.00,0.00,0.00,0.00
77,3w,SbSha,Intn1,105,0.00,0.00,19.78,70.51,0.00,0.57,0.00,0.00,0.00,2.40,0.00,1.42,0.00,0.00,0.00,0.00
77,3w,SbSha,Intn1,115,0.00,0.00,20.15,71.79,0.00,0.57,0.00,0.00,0.00,2.43,0.00,1.51,0.00,0.00,0.00,0.00
77,3w,SbSha,Intn1,125,0.00,0.00,19.75,71.40,0.00,0.55,0.00,0.00,0.00,2.38,0.00,1.55,0.00,0.00,0.00,0.00
77,3w,SbSha,Intn1,135,0.00,0.00,18.68,69.44,0.00,0.53,0.00,0.00,0.00,2.26,0.00,1.54,0.00,0.00,0.00,0.00
77,3w,SbSha,Intn1,145,0.00,0.00,17.11,66.13,0.00,0.49,0.00,0.00,0.00,2.09,0.00,1.48,0.00,0.00,0.00,0.00
77,3w,SbSha,Intn1,155,0.00,0.00,15.19,61.69,0.00,0.45,0.00,0.00,0.00,1.88,0.00,1.39,0.00,0.00,0.00,0.00
77,3w,SbSha,Intn1,165,0.00,0.00,13.10,56.41,0.00,0.40,0.00,0.00,0.00,1.65,0.00,1.27,0.00,0.00,0.00,0.00
77,3w,SbSha,Intn1,175,0.00,0.00,10.99,50.59,0.00,0.35,0.00,0.00,0.00,1.42,0.00,1.13,0.00,0.00,0.00,0.00
77,3w,SbSha,Intn1,185,0.00,0.00,8.98,44.50,0.00,0.30,0.00,0.00,0.00,1.20,0.00,0.98,0.00,0.00,0.00,0.00
77,3w,SbSha,Intn1,195,0.00,0.00,7.16,38.42,0.00,0.25,0.00,0.00,0.00,0.99,0.00,0.84,0.00,0.00,0.00,0.00
77,3w,SbSha,Intn1,205,0.00,0.00,5.57,32.56,0.00,0.21,0.00,0.00,0.00,0.80,0.00,0.70,0.00,0.00,0.00,0.00
77,3w,SbSha,Intn1,215,0.00,0.00,4.24,27.09,0.00,0.17,0.00,0.00,0.00,0.64,0.00,0.57,0.00,0.00,0.00,0.00
77,3w,SbSha,Intn1,225,0.00,0.00,3.15,22.13,0.00,0.13,0.00,0.00,0.00,0.50,0.00,0.46,0.00,0.00,0.00,0.00
77,3w,SbSha,Intn1,235,0.00,0.00,2.29,17.75,0.00,0.10,0.00,0.00,0.00,0.38,0.00,0.36,0.00,0.00,0.00,0.00
77,3w,SbSha,Intn1,245,0.00,0.00,1.63,13.99,0.00,0.08,0.00,0.00,0.00,0.29,0.00,0.28,0.00,0.00,0.00,0.00
77,3w,SbSha,Intn1,255,0.00,0.00,1.14,10.83,0.00,0.06,0.00,0.00,0.00,0.21,0.00,0.21,0.00,0.00,0.00,0.00
78,Patnt,SbSha,Intn1,5,0.00,0.00,0.00,0.00,0.00,0.00,0.00,0.00,0.00,0.00,0.00,0.00,0.00,0.00,0.00,0.00
78,Patnt,SbSha,Intn1,15,0.00,0.00,0.14,0.65,0.00,6.37819297230871e-03,0.00,0.00,0.00,0.01,0.00,7.61907131079723e-03,0.00,0.00,0.00,0.00
78,Patnt,SbSha,Intn1,25,0.00,0.00,0.42,2.50,0.00,0.02,0.00,0.00,0.00,0.04,0.00,0.02,0.00,0.00,0.00,0.00
78,Patnt,SbSha,Intn1,35,0.00,0.00,1.02,6.14,0.00,0.05,0.00,0.00,0.00,0.11,0.00,0.07,0.00,0.00,0.00,0.00
78,Patnt,SbSha,Intn1,45,0.00,0.00,2.19,11.94,0.00,0.10,0.00,0.00,0.00,0.25,0.00,0.17,0.00,0.00,0.00,0.00
78,Patnt,SbSha,Intn1,55,0.00,0.00,4.15,19.94,0.00,0.17,0.00,0.00,0.00,0.50,0.00,0.35,0.00,0.00,0.00,0.00
78,Patnt,SbSha,Intn1,65,0.00,0.00,6.95,29.86,0.00,0.26,0.00,0.00,0.00,0.85,0.00,0.62,0.00,0.00,0.00,0.00
78,Patnt,SbSha,Intn1,75,0.00,0.00,10.41,41.06,0.00,0.35,0.00,0.00,0.00,1.28,0.00,0.98,0.00,0.00,0.00,0.00
78,Patnt,SbSha,Intn1,85,0.00,0.00,14.11,52.50,0.00,0.44,0.00,0.00,0.00,1.73,0.00,1.39,0.00,0.00,0.00,0.00
78,Patnt,SbSha,Intn1,95,0.00,0.00,17.53,62.87,0.00,0.52,0.00,0.00,0.00,2.14,0.00,1.81,0.00,0.00,0.00,0.00
78,Patnt,SbSha,Intn1,105,0.00,0.00,20.10,70.82,0.00,0.58,0.00,0.00,0.00,2.44,0.00,2.16,0.00,0.00,0.00,0.00
78,Patnt,SbSha,Intn1,115,0.00,0.00,21.38,75.28,0.00,0.60,0.00,0.00,0.00,2.58,0.00,2.40,0.00,0.00,0.00,0.00
78,Patnt,SbSha,Intn1,125,0.00,0.00,21.17,75.65,0.00,0.59,0.00,0.00,0.00,2.55,0.00,2.49,0.00,0.00,0.00,0.00
78,Patnt,SbSha,Intn1,135,0.00,0.00,19.59,71.97,0.00,0.55,0.00,0.00,0.00,2.37,0.00,2.42,0.00,0.00,0.00,0.00
78,Patnt,SbSha,Intn1,145,0.00,0.00,16.98,64.88,0.00,0.49,0.00,0.00,0.00,2.07,0.00,2.21,0.00,0.00,0.00,0.00
78,Patnt,SbSha,Intn1,155,0.00,0.00,13.81,55.46,0.00,0.41,0.00,0.00,0.00,1.71,0.00,1.90,0.00,0.00,0.00,0.00
78,Patnt,SbSha,Intn1,165,0.00,0.00,10.57,44.98,0.00,0.32,0.00,0.00,0.00,1.33,0.00,1.54,0.00,0.00,0.00,0.00
78,Patnt,SbSha,Intn1,175,0.00,0.00,7.61,34.63,0.00,0.24,0.00,0.00,0.00,0.99,0.00,1.18,0.00,0.00,0.00,0.00
78,Patnt,SbSha,Intn1,185,0.00,0.00,5.17,25.32,0.00,0.17,0.00,0.00,0.00,0.69,0.00,0.85,0.00,0.00,0.00,0.00
78,Patnt,SbSha,Intn1,195,0.00,0.00,3.31,17.58,0.00,0.12,0.00,0.00,0.00,0.46,0.00,0.58,0.00,0.00,0.00,0.00
78,Patnt,SbSha,Intn1,205,0.00,0.00,2.00,11.60,0.00,0.07,0.00,0.00,0.00,0.29,0.00,0.38,0.00,0.00,0.00,0.00
78,Patnt,SbSha,Intn1,215,0.00,0.00,1.15,7.27,0.00,0.04,0.00,0.00,0.00,0.17,0.00,0.23,0.00,0.00,0.00,0.00
78,Patnt,SbSha,Intn1,225,0.00,0.00,0.62,4.33,0.00,0.02,0.00,0.00,0.00,0.09,0.00,0.13,0.00,0.00,0.00,0.00
78,Patnt,SbSha,Intn1,235,0.00,0.00,0.32,2.45,0.00,0.01,0.00,0.00,0.00,0.05,0.00,0.07,0.00,0.00,0.00,0.00
78,Patnt,SbSha,Intn1,245,0.00,0.00,0.15,1.32,0.00,8.05897253128158e-03,0.00,0.00,0.00,0.02,0.00,0.04,0.00,0.00,0.00,0.00
78,Patnt,SbSha,Intn1,255,0.00,0.00,0.07,0.67,0.00,4.02941027848308e-03,0.00,0.00,0.00,0.01,0.00,0.02,0.00,0.00,0.00,0.00
79,3w,SbSha,Intn2,5,0.00,0.00,0.00,0.00,0.00,0.00,0.00,0.00,0.00,0.00,0.00,0.00,0.00,0.00,0.00,0.00
79,3w,SbSha,Intn2,15,0.00,0.00,0.89,4.17,0.00,0.04,0.00,0.00,0.00,0.07,0.00,0.03,0.00,0.00,0.00,0.00
79,3w,SbSha,Intn2,25,0.00,0.00,1.89,11.34,0.00,0.10,0.00,0.00,0.00,0.18,0.00,0.08,0.00,0.00,0.00,0.00
79,3w,SbSha,Intn2,35,0.00,0.00,3.39,20.57,0.00,0.18,0.00,0.00,0.00,0.36,0.00,0.16,0.00,0.00,0.00,0.00
79,3w,SbSha,Intn2,45,0.00,0.00,5.54,30.48,0.00,0.27,0.00,0.00,0.00,0.64,0.00,0.29,0.00,0.00,0.00,0.00
79,3w,SbSha,Intn2,55,0.00,0.00,8.25,40.10,0.00,0.35,0.00,0.00,0.00,0.99,0.00,0.46,0.00,0.00,0.00,0.00
79,3w,SbSha,Intn2,65,0.00,0.00,11.25,48.88,0.00,0.42,0.00,0.00,0.00,1.38,0.00,0.67,0.00,0.00,0.00,0.00
79,3w,SbSha,Intn2,75,0.00,0.00,14.16,56.53,0.00,0.48,0.00,0.00,0.00,1.74,0.00,0.89,0.00,0.00,0.00,0.00
79,3w,SbSha,Intn2,85,0.00,0.00,16.68,62.80,0.00,0.52,0.00,0.00,0.00,2.05,0.00,1.10,0.00,0.00,0.00,0.00
79,3w,SbSha,Intn2,95,0.00,0.00,18.60,67.50,0.00,0.55,0.00,0.00,0.00,2.27,0.00,1.28,0.00,0.00,0.00,0.00
79,3w,SbSha,Intn2,105,0.00,0.00,19.78,70.51,0.00,0.57,0.00,0.00,0.00,2.40,0.00,1.42,0.00,0.00,0.00,0.00
79,3w,SbSha,Intn2,115,0.00,0.00,20.15,71.79,0.00,0.57,0.00,0.00,0.00,2.43,0.00,1.51,0.00,0.00,0.00,0.00
79,3w,SbSha,Intn2,125,0.00,0.00,19.75,71.40,0.00,0.55,0.00,0.00,0.00,2.38,0.00,1.55,0.00,0.00,0.00,0.00
79,3w,SbSha,Intn2,135,0.00,0.00,18.68,69.44,0.00,0.53,0.00,0.00,0.00,2.26,0.00,1.54,0.00,0.00,0.00,0.00
79,3w,SbSha,Intn2,145,0.00,0.00,17.11,66.13,0.00,0.49,0.00,0.00,0.00,2.09,0.00,1.48,0.00,0.00,0.00,0.00
79,3w,SbSha,Intn2,155,0.00,0.00,15.19,61.69,0.00,0.45,0.00,0.00,0.00,1.88,0.00,1.39,0.00,0.00,0.00,0.00
79,3w,SbSha,Intn2,165,0.00,0.00,13.10,56.41,0.00,0.40,0.00,0.00,0.00,1.65,0.00,1.27,0.00,0.00,0.00,0.00
79,3w,SbSha,Intn2,175,0.00,0.00,10.99,50.59,0.00,0.35,0.00,0.00,0.00,1.42,0.00,1.13,0.00,0.00,0.00,0.00
79,3w,SbSha,Intn2,185,0.00,0.00,8.98,44.50,0.00,0.30,0.00,0.00,0.00,1.20,0.00,0.98,0.00,0.00,0.00,0.00
79,3w,SbSha,Intn2,195,0.00,0.00,7.16,38.42,0.00,0.25,0.00,0.00,0.00,0.99,0.00,0.84,0.00,0.00,0.00,0.00
79,3w,SbSha,Intn2,205,0.00,0.00,5.57,32.56,0.00,0.21,0.00,0.00,0.00,0.80,0.00,0.70,0.00,0.00,0.00,0.00
79,3w,SbSha,Intn2,215,0.00,0.00,4.24,27.09,0.00,0.17,0.00,0.00,0.00,0.64,0.00,0.57,0.00,0.00,0.00,0.00
79,3w,SbSha,Intn2,225,0.00,0.00,3.15,22.13,0.00,0.13,0.00,0.00,0.00,0.50,0.00,0.46,0.00,0.00,0.00,0.00
79,3w,SbSha,Intn2,235,0.00,0.00,2.29,17.75,0.00,0.10,0.00,0.00,0.00,0.38,0.00,0.36,0.00,0.00,0.00,0.00
79,3w,SbSha,Intn2,245,0.00,0.00,1.63,13.99,0.00,0.08,0.00,0.00,0.00,0.29,0.00,0.28,0.00,0.00,0.00,0.00
79,3w,SbSha,Intn2,255,0.00,0.00,1.14,10.83,0.00,0.06,0.00,0.00,0.00,0.21,0.00,0.21,0.00,0.00,0.00,0.00
80,Patnt,SbSha,Intn2,5,0.00,0.00,0.00,0.00,0.00,0.00,0.00,0.00,0.00,0.00,0.00,0.00,0.00,0.00,0.00,0.00
80,Patnt,SbSha,Intn2,15,0.00,0.00,0.14,0.65,0.00,6.37819297230871e-03,0.00,0.00,0.00,0.01,0.00,7.61907131079723e-03,0.00,0.00,0.00,0.00
80,Patnt,SbSha,Intn2,25,0.00,0.00,0.42,2.50,0.00,0.02,0.00,0.00,0.00,0.04,0.00,0.02,0.00,0.00,0.00,0.00
80,Patnt,SbSha,Intn2,35,0.00,0.00,1.02,6.14,0.00,0.05,0.00,0.00,0.00,0.11,0.00,0.07,0.00,0.00,0.00,0.00
80,Patnt,SbSha,Intn2,45,0.00,0.00,2.19,11.94,0.00,0.10,0.00,0.00,0.00,0.25,0.00,0.17,0.00,0.00,0.00,0.00
80,Patnt,SbSha,Intn2,55,0.00,0.00,4.15,19.94,0.00,0.17,0.00,0.00,0.00,0.50,0.00,0.35,0.00,0.00,0.00,0.00
80,Patnt,SbSha,Intn2,65,0.00,0.00,6.95,29.86,0.00,0.26,0.00,0.00,0.00,0.85,0.00,0.62,0.00,0.00,0.00,0.00
80,Patnt,SbSha,Intn2,75,0.00,0.00,10.41,41.06,0.00,0.35,0.00,0.00,0.00,1.28,0.00,0.98,0.00,0.00,0.00,0.00
80,Patnt,SbSha,Intn2,85,0.00,0.00,14.11,52.50,0.00,0.44,0.00,0.00,0.00,1.73,0.00,1.39,0.00,0.00,0.00,0.00
80,Patnt,SbSha,Intn2,95,0.00,0.00,17.53,62.87,0.00,0.52,0.00,0.00,0.00,2.14,0.00,1.81,0.00,0.00,0.00,0.00
80,Patnt,SbSha,Intn2,105,0.00,0.00,20.10,70.82,0.00,0.58,0.00,0.00,0.00,2.44,0.00,2.16,0.00,0.00,0.00,0.00
80,Patnt,SbSha,Intn2,115,0.00,0.00,21.38,75.28,0.00,0.60,0.00,0.00,0.00,2.58,0.00,2.40,0.00,0.00,0.00,0.00
80,Patnt,SbSha,Intn2,125,0.00,0.00,21.17,75.65,0.00,0.59,0.00,0.00,0.00,2.55,0.00,2.49,0.00,0.00,0.00,0.00
80,Patnt,SbSha,Intn2,135,0.00,0.00,19.59,71.97,0.00,0.55,0.00,0.00,0.00,2.37,0.00,2.42,0.00,0.00,0.00,0.00
80,Patnt,SbSha,Intn2,145,0.00,0.00,16.98,64.88,0.00,0.49,0.00,0.00,0.00,2.07,0.00,2.21,0.00,0.00,0.00,0.00
80,Patnt,SbSha,Intn2,155,0.00,0.00,13.81,55.46,0.00,0.41,0.00,0.00,0.00,1.71,0.00,1.90,0.00,0.00,0.00,0.00
80,Patnt,SbSha,Intn2,165,0.00,0.00,10.57,44.98,0.00,0.32,0.00,0.00,0.00,1.33,0.00,1.54,0.00,0.00,0.00,0.00
80,Patnt,SbSha,Intn2,175,0.00,0.00,7.61,34.63,0.00,0.24,0.00,0.00,0.00,0.99,0.00,1.18,0.00,0.00,0.00,0.00
80,Patnt,SbSha,Intn2,185,0.00,0.00,5.17,25.32,0.00,0.17,0.00,0.00,0.00,0.69,0.00,0.85,0.00,0.00,0.00,0.00
80,Patnt,SbSha,Intn2,195,0.00,0.00,3.31,17.58,0.00,0.12,0.00,0.00,0.00,0.46,0.00,0.58,0.00,0.00,0.00,0.00
80,Patnt,SbSha,Intn2,205,0.00,0.00,2.00,11.60,0.00,0.07,0.00,0.00,0.00,0.29,0.00,0.38,0.00,0.00,0.00,0.00
80,Patnt,SbSha,Intn2,215,0.00,0.00,1.15,7.27,0.00,0.04,0.00,0.00,0.00,0.17,0.00,0.23,0.00,0.00,0.00,0.00
80,Patnt,SbSha,Intn2,225,0.00,0.00,0.62,4.33,0.00,0.02,0.00,0.00,0.00,0.09,0.00,0.13,0.00,0.00,0.00,0.00
80,Patnt,SbSha,Intn2,235,0.00,0.00,0.32,2.45,0.00,0.01,0.00,0.00,0.00,0.05,0.00,0.07,0.00,0.00,0.00,0.00
80,Patnt,SbSha,Intn2,245,0.00,0.00,0.15,1.32,0.00,8.05897253128158e-03,0.00,0.00,0.00,0.02,0.00,0.04,0.00,0.00,0.00,0.00
80,Patnt,SbSha,Intn2,255,0.00,0.00,0.07,0.67,0.00,4.02941027848308e-03,0.00,0.00,0.00,0.01,0.00,0.02,0.00,0.00,0.00,0.00
83,3w,SbDee,Prsnt,5,0.00,0.00,0.00,0.00,0.00,0.00,0.00,0.00,0.00,0.00,0.00,0.00,0.00,0.00,0.00,0.00
83,3w,SbDee,Prsnt,15,0.00,0.00,0.20,1.92,0.03,0.03,0.10,0.10,0.00,0.04,0.00,0.02,0.00,0.00,0.00,0.00
83,3w,SbDee,Prsnt,25,0.00,0.00,0.69,8.20,0.12,0.15,0.20,0.20,0.00,0.20,0.00,0.08,0.00,0.00,0.00,0.00
83,3w,SbDee,Prsnt,35,0.00,0.00,1.58,19.02,0.25,0.35,0.33,0.33,0.00,0.51,0.00,0.22,0.00,0.00,0.00,0.00
83,3w,SbDee,Prsnt,45,0.00,0.00,2.99,32.59,0.43,0.59,0.50,0.50,0.00,1.04,0.00,0.47,0.00,0.00,0.00,0.00
83,3w,SbDee,Prsnt,55,0.00,0.00,4.87,46.76,0.63,0.83,0.68,0.68,0.00,1.76,0.00,0.82,0.00,0.00,0.00,0.00
83,3w,SbDee,Prsnt,65,0.00,0.00,6.98,60.02,0.82,1.05,0.86,0.86,0.00,2.57,0.00,1.25,0.00,0.00,0.00,0.00
83,3w,SbDee,Prsnt,75,0.00,0.00,9.07,71.60,0.99,1.23,1.02,1.02,0.00,3.35,0.00,1.71,0.00,0.00,0.00,0.00
83,3w,SbDee,Prsnt,85,0.00,0.00,10.92,81.24,1.12,1.38,1.13,1.13,0.00,4.03,0.00,2.16,0.00,0.00,0.00,0.00
83,3w,SbDee,Prsnt,95,0.00,0.00,12.40,88.91,1.23,1.48,1.22,1.22,0.00,4.54,0.00,2.56,0.00,0.00,0.00,0.00
83,3w,SbDee,Prsnt,105,0.00,0.00,13.44,94.70,1.31,1.55,1.26,1.26,0.00,4.89,0.00,2.89,0.00,0.00,0.00,0.00
83,3w,SbDee,Prsnt,115,0.00,0.00,14.01,98.69,1.37,1.59,1.28,1.28,0.00,5.07,0.00,3.15,0.00,0.00,0.00,0.00
83,3w,SbDee,Prsnt,125,0.00,0.00,14.13,100.97,1.40,1.59,1.26,1.26,0.00,5.11,0.00,3.33,0.00,0.00,0.00,0.00
83,3w,SbDee,Prsnt,135,0.00,0.00,13.83,101.62,1.41,1.57,1.23,1.23,0.00,5.02,0.00,3.42,0.00,0.00,0.00,0.00
83,3w,SbDee,Prsnt,145,0.00,0.00,13.19,100.76,1.40,1.53,1.16,1.16,0.00,4.83,0.00,3.43,0.00,0.00,0.00,0.00
83,3w,SbDee,Prsnt,155,0.00,0.00,12.27,98.51,1.37,1.46,1.09,1.09,0.00,4.56,0.00,3.37,0.00,0.00,0.00,0.00
83,3w,SbDee,Prsnt,165,0.00,0.00,11.16,95.04,1.32,1.38,1.00,1.00,0.00,4.24,0.00,3.25,0.00,0.00,0.00,0.00
83,3w,SbDee,Prsnt,175,0.00,0.00,9.95,90.52,1.26,1.29,0.90,0.90,0.00,3.88,0.00,3.08,0.00,0.00,0.00,0.00
83,3w,SbDee,Prsnt,185,0.00,0.00,8.69,85.15,1.18,1.19,0.80,0.80,0.00,3.50,0.00,2.87,0.00,0.00,0.00,0.00
83,3w,SbDee,Prsnt,195,0.00,0.00,7.46,79.15,1.10,1.08,0.71,0.71,0.00,3.12,0.00,2.63,0.00,0.00,0.00,0.00
83,3w,SbDee,Prsnt,205,0.00,0.00,6.29,72.71,1.01,0.97,0.61,0.61,0.00,2.74,0.00,2.38,0.00,0.00,0.00,0.00
83,3w,SbDee,Prsnt,215,0.00,0.00,5.22,66.04,0.92,0.86,0.52,0.52,0.00,2.38,0.00,2.13,0.00,0.00,0.00,0.00
83,3w,SbDee,Prsnt,225,0.00,0.00,4.27,59.30,0.82,0.75,0.44,0.44,0.00,2.04,0.00,1.87,0.00,0.00,0.00,0.00
83,3w,SbDee,Prsnt,235,0.00,0.00,3.44,52.67,0.73,0.65,0.36,0.36,0.00,1.73,0.00,1.63,0.00,0.00,0.00,0.00
83,3w,SbDee,Prsnt,245,0.00,0.00,2.73,46.27,0.64,0.56,0.30,0.30,0.00,1.45,0.00,1.40,0.00,0.00,0.00,0.00
83,3w,SbDee,Prsnt,255,0.00,0.00,2.14,40.22,0.56,0.47,0.24,0.24,0.00,1.21,0.00,1.19,0.00,0.00,0.00,0.00
84,Patnt,SbDee,Prsnt,5,0.00,0.00,0.00,0.00,0.00,0.00,0.00,0.00,0.00,0.00,0.00,0.00,0.00,0.00,0.00,0.00
84,Patnt,SbDee,Prsnt,15,0.00,0.00,0.08,0.78,0.00,0.01,0.00,0.04,0.00,0.01,0.00,8.90703608195127e-03,0.00,0.00,0.00,0.00
84,Patnt,SbDee,Prsnt,25,0.00,0.00,0.34,4.20,0.00,0.07,0.00,0.10,0.00,0.10,0.00,0.04,0.00,0.00,0.00,0.00
84,Patnt,SbDee,Prsnt,35,0.00,0.00,0.97,11.99,0.00,0.21,0.00,0.20,0.00,0.31,0.00,0.14,0.00,0.00,0.00,0.00
84,Patnt,SbDee,Prsnt,45,0.00,0.00,2.20,24.51,0.00,0.43,0.00,0.36,0.00,0.76,0.00,0.34,0.00,0.00,0.00,0.00
84,Patnt,SbDee,Prsnt,55,0.00,0.00,4.11,40.44,0.00,0.70,0.00,0.58,0.00,1.48,0.00,0.69,0.00,0.00,0.00,0.00
84,Patnt,SbDee,Prsnt,65,0.00,0.00,6.53,57.47,0.00,0.98,0.00,0.81,0.00,2.40,0.00,1.17,0.00,0.00,0.00,0.00
84,Patnt,SbDee,Prsnt,75,0.00,0.00,9.04,73.09,0.00,1.23,0.00,1.01,0.00,3.34,0.00,1.71,0.00,0.00,0.00,0.00
84,Patnt,SbDee,Prsnt,85,0.00,0.00,11.17,85.11,0.00,1.41,0.00,1.16,0.00,4.12,0.00,2.21,0.00,0.00,0.00,0.00
84,Patnt,SbDee,Prsnt,95,0.00,0.00,12.53,92.02,0.00,1.50,0.00,1.23,0.00,4.59,0.00,2.58,0.00,0.00,0.00,0.00
84,Patnt,SbDee,Prsnt,105,0.00,0.00,12.92,93.20,0.00,1.49,0.00,1.21,0.00,4.70,0.00,2.78,0.00,0.00,0.00,0.00
84,Patnt,SbDee,Prsnt,115,0.00,0.00,12.33,88.91,0.00,1.39,0.00,1.12,0.00,4.46,0.00,2.77,0.00,0.00,0.00,0.00
84,Patnt,SbDee,Prsnt,125,0.00,0.00,10.95,80.16,0.00,1.23,0.00,0.98,0.00,3.96,0.00,2.58,0.00,0.00,0.00,0.00
84,Patnt,SbDee,Prsnt,135,0.00,0.00,9.10,68.44,0.00,1.03,0.00,0.80,0.00,3.30,0.00,2.25,0.00,0.00,0.00,0.00
84,Patnt,SbDee,Prsnt,145,0.00,0.00,7.08,55.42,0.00,0.82,0.00,0.62,0.00,2.59,0.00,1.84,0.00,0.00,0.00,0.00
84,Patnt,SbDee,Prsnt,155,0.00,0.00,5.18,42.59,0.00,0.61,0.00,0.46,0.00,1.92,0.00,1.42,0.00,0.00,0.00,0.00
84,Patnt,SbDee,Prsnt,165,0.00,0.00,3.56,31.10,0.00,0.44,0.00,0.32,0.00,1.35,0.00,1.04,0.00,0.00,0.00,0.00
84,Patnt,SbDee,Prsnt,175,0.00,0.00,2.31,21.58,0.00,0.30,0.00,0.21,0.00,0.90,0.00,0.71,0.00,0.00,0.00,0.00
84,Patnt,SbDee,Prsnt,185,0.00,0.00,1.42,14.23,0.00,0.19,0.00,0.13,0.00,0.57,0.00,0.46,0.00,0.00,0.00,0.00
84,Patnt,SbDee,Prsnt,195,0.00,0.00,0.82,8.93,0.00,0.11,0.00,0.07,0.00,0.34,0.00,0.29,0.00,0.00,0.00,0.00
84,Patnt,SbDee,Prsnt,205,0.00,0.00,0.45,5.33,0.00,0.06,0.00,0.04,0.00,0.19,0.00,0.17,0.00,0.00,0.00,0.00
84,Patnt,SbDee,Prsnt,215,0.00,0.00,0.23,3.03,0.00,0.03,0.00,0.02,0.00,0.10,0.00,0.09,0.00,0.00,0.00,0.00
84,Patnt,SbDee,Prsnt,225,0.00,0.00,0.11,1.63,0.00,0.02,0.00,0.01,0.00,0.05,0.00,0.05,0.00,0.00,0.00,0.00
84,Patnt,SbDee,Prsnt,235,0.00,0.00,0.05,0.84,0.00,0.01,0.00,5.7581032074897e-03,0.00,0.02,0.00,0.02,0.00,0.00,0.00,0.00
84,Patnt,SbDee,Prsnt,245,0.00,0.00,0.02,0.41,0.00,4.93191656833248e-03,0.00,2.63894450769641e-03,0.00,0.01,0.00,0.01,0.00,0.00,0.00,0.00
84,Patnt,SbDee,Prsnt,255,0.00,0.00,0.01,0.19,0.00,2.24941573737485e-03,0.00,1.14998245616389e-03,0.00,5.69025355206197e-03,0.00,5.60927196084636e-03,0.00,0.00,0.00,0.00
85,3w,SbDee,Exten,5,0.00,0.00,0.00,0.00,0.00,0.00,0.00,0.00,0.00,0.00,0.00,0.00,0.00,0.00,0.00,0.00
85,3w,SbDee,Exten,15,0.00,0.00,0.20,1.92,0.03,0.03,0.10,0.10,0.00,0.04,0.00,0.02,0.00,0.00,0.00,0.00
85,3w,SbDee,Exten,25,0.00,0.00,0.69,8.20,0.12,0.15,0.20,0.20,0.00,0.20,0.00,0.08,0.00,0.00,0.00,0.00
85,3w,SbDee,Exten,35,0.00,0.00,1.58,19.02,0.25,0.35,0.33,0.33,0.00,0.51,0.00,0.22,0.00,0.00,0.00,0.00
85,3w,SbDee,Exten,45,0.00,0.00,2.99,32.59,0.43,0.59,0.50,0.50,0.00,1.04,0.00,0.47,0.00,0.00,0.00,0.00
85,3w,SbDee,Exten,55,0.00,0.00,4.87,46.76,0.63,0.83,0.68,0.68,0.00,1.76,0.00,0.82,0.00,0.00,0.00,0.00
85,3w,SbDee,Exten,65,0.00,0.00,6.98,60.02,0.82,1.05,0.86,0.86,0.00,2.57,0.00,1.25,0.00,0.00,0.00,0.00
85,3w,SbDee,Exten,75,0.00,0.00,9.07,71.60,0.99,1.23,1.02,1.02,0.00,3.35,0.00,1.71,0.00,0.00,0.00,0.00
85,3w,SbDee,Exten,85,0.00,0.00,10.92,81.24,1.12,1.38,1.13,1.13,0.00,4.03,0.00,2.16,0.00,0.00,0.00,0.00
85,3w,SbDee,Exten,95,0.00,0.00,12.40,88.91,1.23,1.48,1.22,1.22,0.00,4.54,0.00,2.56,0.00,0.00,0.00,0.00
85,3w,SbDee,Exten,105,0.00,0.00,13.44,94.70,1.31,1.55,1.26,1.26,0.00,4.89,0.00,2.89,0.00,0.00,0.00,0.00
85,3w,SbDee,Exten,115,0.00,0.00,14.01,98.69,1.37,1.59,1.28,1.28,0.00,5.07,0.00,3.15,0.00,0.00,0.00,0.00
85,3w,SbDee,Exten,125,0.00,0.00,14.13,100.97,1.40,1.59,1.26,1.26,0.00,5.11,0.00,3.33,0.00,0.00,0.00,0.00
85,3w,SbDee,Exten,135,0.00,0.00,13.83,101.62,1.41,1.57,1.23,1.23,0.00,5.02,0.00,3.42,0.00,0.00,0.00,0.00
85,3w,SbDee,Exten,145,0.00,0.00,13.19,100.76,1.40,1.53,1.16,1.16,0.00,4.83,0.00,3.43,0.00,0.00,0.00,0.00
85,3w,SbDee,Exten,155,0.00,0.00,12.27,98.51,1.37,1.46,1.09,1.09,0.00,4.56,0.00,3.37,0.00,0.00,0.00,0.00
85,3w,SbDee,Exten,165,0.00,0.00,11.16,95.04,1.32,1.38,1.00,1.00,0.00,4.24,0.00,3.25,0.00,0.00,0.00,0.00
85,3w,SbDee,Exten,175,0.00,0.00,9.95,90.52,1.26,1.29,0.90,0.90,0.00,3.88,0.00,3.08,0.00,0.00,0.00,0.00
85,3w,SbDee,Exten,185,0.00,0.00,8.69,85.15,1.18,1.19,0.80,0.80,0.00,3.50,0.00,2.87,0.00,0.00,0.00,0.00
85,3w,SbDee,Exten,195,0.00,0.00,7.46,79.15,1.10,1.08,0.71,0.71,0.00,3.12,0.00,2.63,0.00,0.00,0.00,0.00
85,3w,SbDee,Exten,205,0.00,0.00,6.29,72.71,1.01,0.97,0.61,0.61,0.00,2.74,0.00,2.38,0.00,0.00,0.00,0.00
85,3w,SbDee,Exten,215,0.00,0.00,5.22,66.04,0.92,0.86,0.52,0.52,0.00,2.38,0.00,2.13,0.00,0.00,0.00,0.00
85,3w,SbDee,Exten,225,0.00,0.00,4.27,59.30,0.82,0.75,0.44,0.44,0.00,2.04,0.00,1.87,0.00,0.00,0.00,0.00
85,3w,SbDee,Exten,235,0.00,0.00,3.44,52.67,0.73,0.65,0.36,0.36,0.00,1.73,0.00,1.63,0.00,0.00,0.00,0.00
85,3w,SbDee,Exten,245,0.00,0.00,2.73,46.27,0.64,0.56,0.30,0.30,0.00,1.45,0.00,1.40,0.00,0.00,0.00,0.00
85,3w,SbDee,Exten,255,0.00,0.00,2.14,40.22,0.56,0.47,0.24,0.24,0.00,1.21,0.00,1.19,0.00,0.00,0.00,0.00
86,Patnt,SbDee,Exten,5,0.00,0.00,0.00,0.00,0.00,0.00,0.00,0.00,0.00,0.00,0.00,0.00,0.00,0.00,0.00,0.00
86,Patnt,SbDee,Exten,15,0.00,0.00,0.08,0.78,0.00,0.01,0.00,0.04,0.00,0.01,0.00,8.90703608195127e-03,0.00,0.00,0.00,0.00
86,Patnt,SbDee,Exten,25,0.00,0.00,0.34,4.20,0.00,0.07,0.00,0.10,0.00,0.10,0.00,0.04,0.00,0.00,0.00,0.00
86,Patnt,SbDee,Exten,35,0.00,0.00,0.97,11.99,0.00,0.21,0.00,0.20,0.00,0.31,0.00,0.14,0.00,0.00,0.00,0.00
86,Patnt,SbDee,Exten,45,0.00,0.00,2.20,24.51,0.00,0.43,0.00,0.36,0.00,0.76,0.00,0.34,0.00,0.00,0.00,0.00
86,Patnt,SbDee,Exten,55,0.00,0.00,4.11,40.44,0.00,0.70,0.00,0.58,0.00,1.48,0.00,0.69,0.00,0.00,0.00,0.00
86,Patnt,SbDee,Exten,65,0.00,0.00,6.53,57.47,0.00,0.98,0.00,0.81,0.00,2.40,0.00,1.17,0.00,0.00,0.00,0.00
86,Patnt,SbDee,Exten,75,0.00,0.00,9.04,73.09,0.00,1.23,0.00,1.01,0.00,3.34,0.00,1.71,0.00,0.00,0.00,0.00
86,Patnt,SbDee,Exten,85,0.00,0.00,11.17,85.11,0.00,1.41,0.00,1.16,0.00,4.12,0.00,2.21,0.00,0.00,0.00,0.00
86,Patnt,SbDee,Exten,95,0.00,0.00,12.53,92.02,0.00,1.50,0.00,1.23,0.00,4.59,0.00,2.58,0.00,0.00,0.00,0.00
86,Patnt,SbDee,Exten,105,0.00,0.00,12.92,93.20,0.00,1.49,0.00,1.21,0.00,4.70,0.00,2.78,0.00,0.00,0.00,0.00
86,Patnt,SbDee,Exten,115,0.00,0.00,12.33,88.91,0.00,1.39,0.00,1.12,0.00,4.46,0.00,2.77,0.00,0.00,0.00,0.00
86,Patnt,SbDee,Exten,125,0.00,0.00,10.95,80.16,0.00,1.23,0.00,0.98,0.00,3.96,0.00,2.58,0.00,0.00,0.00,0.00
86,Patnt,SbDee,Exten,135,0.00,0.00,9.10,68.44,0.00,1.03,0.00,0.80,0.00,3.30,0.00,2.25,0.00,0.00,0.00,0.00
86,Patnt,SbDee,Exten,145,0.00,0.00,7.08,55.42,0.00,0.82,0.00,0.62,0.00,2.59,0.00,1.84,0.00,0.00,0.00,0.00
86,Patnt,SbDee,Exten,155,0.00,0.00,5.18,42.59,0.00,0.61,0.00,0.46,0.00,1.92,0.00,1.42,0.00,0.00,0.00,0.00
86,Patnt,SbDee,Exten,165,0.00,0.00,3.56,31.10,0.00,0.44,0.00,0.32,0.00,1.35,0.00,1.04,0.00,0.00,0.00,0.00
86,Patnt,SbDee,Exten,175,0.00,0.00,2.31,21.58,0.00,0.30,0.00,0.21,0.00,0.90,0.00,0.71,0.00,0.00,0.00,0.00
86,Patnt,SbDee,Exten,185,0.00,0.00,1.42,14.23,0.00,0.19,0.00,0.13,0.00,0.57,0.00,0.46,0.00,0.00,0.00,0.00
86,Patnt,SbDee,Exten,195,0.00,0.00,0.82,8.93,0.00,0.11,0.00,0.07,0.00,0.34,0.00,0.29,0.00,0.00,0.00,0.00
86,Patnt,SbDee,Exten,205,0.00,0.00,0.45,5.33,0.00,0.06,0.00,0.04,0.00,0.19,0.00,0.17,0.00,0.00,0.00,0.00
86,Patnt,SbDee,Exten,215,0.00,0.00,0.23,3.03,0.00,0.03,0.00,0.02,0.00,0.10,0.00,0.09,0.00,0.00,0.00,0.00
86,Patnt,SbDee,Exten,225,0.00,0.00,0.11,1.63,0.00,0.02,0.00,0.01,0.00,0.05,0.00,0.05,0.00,0.00,0.00,0.00
86,Patnt,SbDee,Exten,235,0.00,0.00,0.05,0.84,0.00,0.01,0.00,5.7581032074897e-03,0.00,0.02,0.00,0.02,0.00,0.00,0.00,0.00
86,Patnt,SbDee,Exten,245,0.00,0.00,0.02,0.41,0.00,4.93191656833248e-03,0.00,2.63894450769641e-03,0.00,0.01,0.00,0.01,0.00,0.00,0.00,0.00
86,Patnt,SbDee,Exten,255,0.00,0.00,0.01,0.19,0.00,2.24941573737485e-03,0.00,1.14998245616389e-03,0.00,5.69025355206197e-03,0.00,5.60927196084636e-03,0.00,0.00,0.00,0.00
87,3w,SbDee,Basc1,5,0.00,0.00,0.00,0.00,0.00,0.00,0.00,0.00,0.00,0.00,0.00,0.00,0.00,0.00,0.00,0.00
87,3w,SbDee,Basc1,15,0.00,0.00,0.20,1.92,0.03,0.03,0.10,0.10,0.00,0.04,0.00,0.02,0.00,0.00,0.00,0.00
87,3w,SbDee,Basc1,25,0.00,0.00,0.69,8.20,0.12,0.15,0.20,0.20,0.00,0.20,0.00,0.08,0.00,0.00,0.00,0.00
87,3w,SbDee,Basc1,35,0.00,0.00,1.58,19.02,0.25,0.35,0.33,0.33,0.00,0.51,0.00,0.22,0.00,0.00,0.00,0.00
87,3w,SbDee,Basc1,45,0.00,0.00,2.99,32.59,0.43,0.59,0.50,0.50,0.00,1.04,0.00,0.47,0.00,0.00,0.00,0.00
87,3w,SbDee,Basc1,55,0.00,0.00,4.87,46.76,0.63,0.83,0.68,0.68,0.00,1.76,0.00,0.82,0.00,0.00,0.00,0.00
87,3w,SbDee,Basc1,65,0.00,0.00,6.98,60.02,0.82,1.05,0.86,0.86,0.00,2.57,0.00,1.25,0.00,0.00,0.00,0.00
87,3w,SbDee,Basc1,75,0.00,0.00,9.07,71.60,0.99,1.23,1.02,1.02,0.00,3.35,0.00,1.71,0.00,0.00,0.00,0.00
87,3w,SbDee,Basc1,85,0.00,0.00,10.92,81.24,1.12,1.38,1.13,1.13,0.00,4.03,0.00,2.16,0.00,0.00,0.00,0.00
87,3w,SbDee,Basc1,95,0.00,0.00,12.40,88.91,1.23,1.48,1.22,1.22,0.00,4.54,0.00,2.56,0.00,0.00,0.00,0.00
87,3w,SbDee,Basc1,105,0.00,0.00,13.44,94.70,1.31,1.55,1.26,1.26,0.00,4.89,0.00,2.89,0.00,0.00,0.00,0.00
87,3w,SbDee,Basc1,115,0.00,0.00,14.01,98.69,1.37,1.59,1.28,1.28,0.00,5.07,0.00,3.15,0.00,0.00,0.00,0.00
87,3w,SbDee,Basc1,125,0.00,0.00,14.13,100.97,1.40,1.59,1.26,1.26,0.00,5.11,0.00,3.33,0.00,0.00,0.00,0.00
87,3w,SbDee,Basc1,135,0.00,0.00,13.83,101.62,1.41,1.57,1.23,1.23,0.00,5.02,0.00,3.42,0.00,0.00,0.00,0.00
87,3w,SbDee,Basc1,145,0.00,0.00,13.19,100.76,1.40,1.53,1.16,1.16,0.00,4.83,0.00,3.43,0.00,0.00,0.00,0.00
87,3w,SbDee,Basc1,155,0.00,0.00,12.27,98.51,1.37,1.46,1.09,1.09,0.00,4.56,0.00,3.37,0.00,0.00,0.00,0.00
87,3w,SbDee,Basc1,165,0.00,0.00,11.16,95.04,1.32,1.38,1.00,1.00,0.00,4.24,0.00,3.25,0.00,0.00,0.00,0.00
87,3w,SbDee,Basc1,175,0.00,0.00,9.95,90.52,1.26,1.29,0.90,0.90,0.00,3.88,0.00,3.08,0.00,0.00,0.00,0.00
87,3w,SbDee,Basc1,185,0.00,0.00,8.69,85.15,1.18,1.19,0.80,0.80,0.00,3.50,0.00,2.87,0.00,0.00,0.00,0.00
87,3w,SbDee,Basc1,195,0.00,0.00,7.46,79.15,1.10,1.08,0.71,0.71,0.00,3.12,0.00,2.63,0.00,0.00,0.00,0.00
87,3w,SbDee,Basc1,205,0.00,0.00,6.29,72.71,1.01,0.97,0.61,0.61,0.00,2.74,0.00,2.38,0.00,0.00,0.00,0.00
87,3w,SbDee,Basc1,215,0.00,0.00,5.22,66.04,0.92,0.86,0.52,0.52,0.00,2.38,0.00,2.13,0.00,0.00,0.00,0.00
87,3w,SbDee,Basc1,225,0.00,0.00,4.27,59.30,0.82,0.75,0.44,0.44,0.00,2.04,0.00,1.87,0.00,0.00,0.00,0.00
87,3w,SbDee,Basc1,235,0.00,0.00,3.44,52.67,0.73,0.65,0.36,0.36,0.00,1.73,0.00,1.63,0.00,0.00,0.00,0.00
87,3w,SbDee,Basc1,245,0.00,0.00,2.73,46.27,0.64,0.56,0.30,0.30,0.00,1.45,0.00,1.40,0.00,0.00,0.00,0.00
87,3w,SbDee,Basc1,255,0.00,0.00,2.14,40.22,0.56,0.47,0.24,0.24,0.00,1.21,0.00,1.19,0.00,0.00,0.00,0.00
88,Patnt,SbDee,Basc1,5,0.00,0.00,0.00,0.00,0.00,0.00,0.00,0.00,0.00,0.00,0.00,0.00,0.00,0.00,0.00,0.00
88,Patnt,SbDee,Basc1,15,0.00,0.00,0.08,0.78,0.00,0.01,0.00,0.04,0.00,0.01,0.00,8.90703608195127e-03,0.00,0.00,0.00,0.00
88,Patnt,SbDee,Basc1,25,0.00,0.00,0.34,4.20,0.00,0.07,0.00,0.10,0.00,0.10,0.00,0.04,0.00,0.00,0.00,0.00
88,Patnt,SbDee,Basc1,35,0.00,0.00,0.97,11.99,0.00,0.21,0.00,0.20,0.00,0.31,0.00,0.14,0.00,0.00,0.00,0.00
88,Patnt,SbDee,Basc1,45,0.00,0.00,2.20,24.51,0.00,0.43,0.00,0.36,0.00,0.76,0.00,0.34,0.00,0.00,0.00,0.00
88,Patnt,SbDee,Basc1,55,0.00,0.00,4.11,40.44,0.00,0.70,0.00,0.58,0.00,1.48,0.00,0.69,0.00,0.00,0.00,0.00
88,Patnt,SbDee,Basc1,65,0.00,0.00,6.53,57.47,0.00,0.98,0.00,0.81,0.00,2.40,0.00,1.17,0.00,0.00,0.00,0.00
88,Patnt,SbDee,Basc1,75,0.00,0.00,9.04,73.09,0.00,1.23,0.00,1.01,0.00,3.34,0.00,1.71,0.00,0.00,0.00,0.00
88,Patnt,SbDee,Basc1,85,0.00,0.00,11.17,85.11,0.00,1.41,0.00,1.16,0.00,4.12,0.00,2.21,0.00,0.00,0.00,0.00
88,Patnt,SbDee,Basc1,95,0.00,0.00,12.53,92.02,0.00,1.50,0.00,1.23,0.00,4.59,0.00,2.58,0.00,0.00,0.00,0.00
88,Patnt,SbDee,Basc1,105,0.00,0.00,12.92,93.20,0.00,1.49,0.00,1.21,0.00,4.70,0.00,2.78,0.00,0.00,0.00,0.00
88,Patnt,SbDee,Basc1,115,0.00,0.00,12.33,88.91,0.00,1.39,0.00,1.12,0.00,4.46,0.00,2.77,0.00,0.00,0.00,0.00
88,Patnt,SbDee,Basc1,125,0.00,0.00,10.95,80.16,0.00,1.23,0.00,0.98,0.00,3.96,0.00,2.58,0.00,0.00,0.00,0.00
88,Patnt,SbDee,Basc1,135,0.00,0.00,9.10,68.44,0.00,1.03,0.00,0.80,0.00,3.30,0.00,2.25,0.00,0.00,0.00,0.00
88,Patnt,SbDee,Basc1,145,0.00,0.00,7.08,55.42,0.00,0.82,0.00,0.62,0.00,2.59,0.00,1.84,0.00,0.00,0.00,0.00
88,Patnt,SbDee,Basc1,155,0.00,0.00,5.18,42.59,0.00,0.61,0.00,0.46,0.00,1.92,0.00,1.42,0.00,0.00,0.00,0.00
88,Patnt,SbDee,Basc1,165,0.00,0.00,3.56,31.10,0.00,0.44,0.00,0.32,0.00,1.35,0.00,1.04,0.00,0.00,0.00,0.00
88,Patnt,SbDee,Basc1,175,0.00,0.00,2.31,21.58,0.00,0.30,0.00,0.21,0.00,0.90,0.00,0.71,0.00,0.00,0.00,0.00
88,Patnt,SbDee,Basc1,185,0.00,0.00,1.42,14.23,0.00,0.19,0.00,0.13,0.00,0.57,0.00,0.46,0.00,0.00,0.00,0.00
88,Patnt,SbDee,Basc1,195,0.00,0.00,0.82,8.93,0.00,0.11,0.00,0.07,0.00,0.34,0.00,0.29,0.00,0.00,0.00,0.00
88,Patnt,SbDee,Basc1,205,0.00,0.00,0.45,5.33,0.00,0.06,0.00,0.04,0.00,0.19,0.00,0.17,0.00,0.00,0.00,0.00
88,Patnt,SbDee,Basc1,215,0.00,0.00,0.23,3.03,0.00,0.03,0.00,0.02,0.00,0.10,0.00,0.09,0.00,0.00,0.00,0.00
88,Patnt,SbDee,Basc1,225,0.00,0.00,0.11,1.63,0.00,0.02,0.00,0.01,0.00,0.05,0.00,0.05,0.00,0.00,0.00,0.00
88,Patnt,SbDee,Basc1,235,0.00,0.00,0.05,0.84,0.00,0.01,0.00,5.7581032074897e-03,0.00,0.02,0.00,0.02,0.00,0.00,0.00,0.00
88,Patnt,SbDee,Basc1,245,0.00,0.00,0.02,0.41,0.00,4.93191656833248e-03,0.00,2.63894450769641e-03,0.00,0.01,0.00,0.01,0.00,0.00,0.00,0.00
88,Patnt,SbDee,Basc1,255,0.00,0.00,0.01,0.19,0.00,2.24941573737485e-03,0.00,1.14998245616389e-03,0.00,5.69025355206197e-03,0.00,5.60927196084636e-03,0.00,0.00,0.00,0.00
89,3w,SbDee,Basc2,5,0.00,0.00,0.00,0.00,0.00,0.00,0.00,0.00,0.00,0.00,0.00,0.00,0.00,0.00,0.00,0.00
89,3w,SbDee,Basc2,15,0.00,0.00,0.20,1.92,0.03,0.03,0.10,0.10,0.00,0.04,0.00,0.02,0.00,0.00,0.00,0.00
89,3w,SbDee,Basc2,25,0.00,0.00,0.69,8.20,0.12,0.15,0.20,0.20,0.00,0.20,0.00,0.08,0.00,0.00,0.00,0.00
89,3w,SbDee,Basc2,35,0.00,0.00,1.58,19.02,0.25,0.35,0.33,0.33,0.00,0.51,0.00,0.22,0.00,0.00,0.00,0.00
89,3w,SbDee,Basc2,45,0.00,0.00,2.99,32.59,0.43,0.59,0.50,0.50,0.00,1.04,0.00,0.47,0.00,0.00,0.00,0.00
89,3w,SbDee,Basc2,55,0.00,0.00,4.87,46.76,0.63,0.83,0.68,0.68,0.00,1.76,0.00,0.82,0.00,0.00,0.00,0.00
89,3w,SbDee,Basc2,65,0.00,0.00,6.98,60.02,0.82,1.05,0.86,0.86,0.00,2.57,0.00,1.25,0.00,0.00,0.00,0.00
89,3w,SbDee,Basc2,75,0.00,0.00,9.07,71.60,0.99,1.23,1.02,1.02,0.00,3.35,0.00,1.71,0.00,0.00,0.00,0.00
89,3w,SbDee,Basc2,85,0.00,0.00,10.92,81.24,1.12,1.38,1.13,1.13,0.00,4.03,0.00,2.16,0.00,0.00,0.00,0.00
89,3w,SbDee,Basc2,95,0.00,0.00,12.40,88.91,1.23,1.48,1.22,1.22,0.00,4.54,0.00,2.56,0.00,0.00,0.00,0.00
89,3w,SbDee,Basc2,105,0.00,0.00,13.44,94.70,1.31,1.55,1.26,1.26,0.00,4.89,0.00,2.89,0.00,0.00,0.00,0.00
89,3w,SbDee,Basc2,115,0.00,0.00,14.01,98.69,1.37,1.59,1.28,1.28,0.00,5.07,0.00,3.15,0.00,0.00,0.00,0.00
89,3w,SbDee,Basc2,125,0.00,0.00,14.13,100.97,1.40,1.59,1.26,1.26,0.00,5.11,0.00,3.33,0.00,0.00,0.00,0.00
89,3w,SbDee,Basc2,135,0.00,0.00,13.83,101.62,1.41,1.57,1.23,1.23,0.00,5.02,0.00,3.42,0.00,0.00,0.00,0.00
89,3w,SbDee,Basc2,145,0.00,0.00,13.19,100.76,1.40,1.53,1.16,1.16,0.00,4.83,0.00,3.43,0.00,0.00,0.00,0.00
89,3w,SbDee,Basc2,155,0.00,0.00,12.27,98.51,1.37,1.46,1.09,1.09,0.00,4.56,0.00,3.37,0.00,0.00,0.00,0.00
89,3w,SbDee,Basc2,165,0.00,0.00,11.16,95.04,1.32,1.38,1.00,1.00,0.00,4.24,0.00,3.25,0.00,0.00,0.00,0.00
89,3w,SbDee,Basc2,175,0.00,0.00,9.95,90.52,1.26,1.29,0.90,0.90,0.00,3.88,0.00,3.08,0.00,0.00,0.00,0.00
89,3w,SbDee,Basc2,185,0.00,0.00,8.69,85.15,1.18,1.19,0.80,0.80,0.00,3.50,0.00,2.87,0.00,0.00,0.00,0.00
89,3w,SbDee,Basc2,195,0.00,0.00,7.46,79.15,1.10,1.08,0.71,0.71,0.00,3.12,0.00,2.63,0.00,0.00,0.00,0.00
89,3w,SbDee,Basc2,205,0.00,0.00,6.29,72.71,1.01,0.97,0.61,0.61,0.00,2.74,0.00,2.38,0.00,0.00,0.00,0.00
89,3w,SbDee,Basc2,215,0.00,0.00,5.22,66.04,0.92,0.86,0.52,0.52,0.00,2.38,0.00,2.13,0.00,0.00,0.00,0.00
89,3w,SbDee,Basc2,225,0.00,0.00,4.27,59.30,0.82,0.75,0.44,0.44,0.00,2.04,0.00,1.87,0.00,0.00,0.00,0.00
89,3w,SbDee,Basc2,235,0.00,0.00,3.44,52.67,0.73,0.65,0.36,0.36,0.00,1.73,0.00,1.63,0.00,0.00,0.00,0.00
89,3w,SbDee,Basc2,245,0.00,0.00,2.73,46.27,0.64,0.56,0.30,0.30,0.00,1.45,0.00,1.40,0.00,0.00,0.00,0.00
89,3w,SbDee,Basc2,255,0.00,0.00,2.14,40.22,0.56,0.47,0.24,0.24,0.00,1.21,0.00,1.19,0.00,0.00,0.00,0.00
90,Patnt,SbDee,Basc2,5,0.00,0.00,0.00,0.00,0.00,0.00,0.00,0.00,0.00,0.00,0.00,0.00,0.00,0.00,0.00,0.00
90,Patnt,SbDee,Basc2,15,0.00,0.00,0.08,0.78,0.00,0.01,0.00,0.04,0.00,0.01,0.00,8.90703608195127e-03,0.00,0.00,0.00,0.00
90,Patnt,SbDee,Basc2,25,0.00,0.00,0.34,4.20,0.00,0.07,0.00,0.10,0.00,0.10,0.00,0.04,0.00,0.00,0.00,0.00
90,Patnt,SbDee,Basc2,35,0.00,0.00,0.97,11.99,0.00,0.21,0.00,0.20,0.00,0.31,0.00,0.14,0.00,0.00,0.00,0.00
90,Patnt,SbDee,Basc2,45,0.00,0.00,2.20,24.51,0.00,0.43,0.00,0.36,0.00,0.76,0.00,0.34,0.00,0.00,0.00,0.00
90,Patnt,SbDee,Basc2,55,0.00,0.00,4.11,40.44,0.00,0.70,0.00,0.58,0.00,1.48,0.00,0.69,0.00,0.00,0.00,0.00
90,Patnt,SbDee,Basc2,65,0.00,0.00,6.53,57.47,0.00,0.98,0.00,0.81,0.00,2.40,0.00,1.17,0.00,0.00,0.00,0.00
90,Patnt,SbDee,Basc2,75,0.00,0.00,9.04,73.09,0.00,1.23,0.00,1.01,0.00,3.34,0.00,1.71,0.00,0.00,0.00,0.00
90,Patnt,SbDee,Basc2,85,0.00,0.00,11.17,85.11,0.00,1.41,0.00,1.16,0.00,4.12,0.00,2.21,0.00,0.00,0.00,0.00
90,Patnt,SbDee,Basc2,95,0.00,0.00,12.53,92.02,0.00,1.50,0.00,1.23,0.00,4.59,0.00,2.58,0.00,0.00,0.00,0.00
90,Patnt,SbDee,Basc2,105,0.00,0.00,12.92,93.20,0.00,1.49,0.00,1.21,0.00,4.70,0.00,2.78,0.00,0.00,0.00,0.00
90,Patnt,SbDee,Basc2,115,0.00,0.00,12.33,88.91,0.00,1.39,0.00,1.12,0.00,4.46,0.00,2.77,0.00,0.00,0.00,0.00
90,Patnt,SbDee,Basc2,125,0.00,0.00,10.95,80.16,0.00,1.23,0.00,0.98,0.00,3.96,0.00,2.58,0.00,0.00,0.00,0.00
90,Patnt,SbDee,Basc2,135,0.00,0.00,9.10,68.44,0.00,1.03,0.00,0.80,0.00,3.30,0.00,2.25,0.00,0.00,0.00,0.00
90,Patnt,SbDee,Basc2,145,0.00,0.00,7.08,55.42,0.00,0.82,0.00,0.62,0.00,2.59,0.00,1.84,0.00,0.00,0.00,0.00
90,Patnt,SbDee,Basc2,155,0.00,0.00,5.18,42.59,0.00,0.61,0.00,0.46,0.00,1.92,0.00,1.42,0.00,0.00,0.00,0.00
90,Patnt,SbDee,Basc2,165,0.00,0.00,3.56,31.10,0.00,0.44,0.00,0.32,0.00,1.35,0.00,1.04,0.00,0.00,0.00,0.00
90,Patnt,SbDee,Basc2,175,0.00,0.00,2.31,21.58,0.00,0.30,0.00,0.21,0.00,0.90,0.00,0.71,0.00,0.00,0.00,0.00
90,Patnt,SbDee,Basc2,185,0.00,0.00,1.42,14.23,0.00,0.19,0.00,0.13,0.00,0.57,0.00,0.46,0.00,0.00,0.00,0.00
90,Patnt,SbDee,Basc2,195,0.00,0.00,0.82,8.93,0.00,0.11,0.00,0.07,0.00,0.34,0.00,0.29,0.00,0.00,0.00,0.00
90,Patnt,SbDee,Basc2,205,0.00,0.00,0.45,5.33,0.00,0.06,0.00,0.04,0.00,0.19,0.00,0.17,0.00,0.00,0.00,0.00
90,Patnt,SbDee,Basc2,215,0.00,0.00,0.23,3.03,0.00,0.03,0.00,0.02,0.00,0.10,0.00,0.09,0.00,0.00,0.00,0.00
90,Patnt,SbDee,Basc2,225,0.00,0.00,0.11,1.63,0.00,0.02,0.00,0.01,0.00,0.05,0.00,0.05,0.00,0.00,0.00,0.00
90,Patnt,SbDee,Basc2,235,0.00,0.00,0.05,0.84,0.00,0.01,0.00,5.7581032074897e-03,0.00,0.02,0.00,0.02,0.00,0.00,0.00,0.00
90,Patnt,SbDee,Basc2,245,0.00,0.00,0.02,0.41,0.00,4.93191656833248e-03,0.00,2.63894450769641e-03,0.00,0.01,0.00,0.01,0.00,0.00,0.00,0.00
90,Patnt,SbDee,Basc2,255,0.00,0.00,0.01,0.19,0.00,2.24941573737485e-03,0.00,1.14998245616389e-03,0.00,5.69025355206197e-03,0.00,5.60927196084636e-03,0.00,0.00,0.00,0.00
91,3w,SbDee,Intn1,5,0.00,0.00,0.00,0.00,0.00,0.00,0.00,0.00,0.00,0.00,0.00,0.00,0.00,0.00,0.00,0.00
91,3w,SbDee,Intn1,15,0.00,0.00,0.20,1.92,0.03,0.03,0.10,0.10,0.00,0.04,0.00,0.02,0.00,0.00,0.00,0.00
91,3w,SbDee,Intn1,25,0.00,0.00,0.69,8.20,0.12,0.15,0.20,0.20,0.00,0.20,0.00,0.08,0.00,0.00,0.00,0.00
91,3w,SbDee,Intn1,35,0.00,0.00,1.58,19.02,0.25,0.35,0.33,0.33,0.00,0.51,0.00,0.22,0.00,0.00,0.00,0.00
91,3w,SbDee,Intn1,45,0.00,0.00,2.99,32.59,0.43,0.59,0.50,0.50,0.00,1.04,0.00,0.47,0.00,0.00,0.00,0.00
91,3w,SbDee,Intn1,55,0.00,0.00,4.87,46.76,0.63,0.83,0.68,0.68,0.00,1.76,0.00,0.82,0.00,0.00,0.00,0.00
91,3w,SbDee,Intn1,65,0.00,0.00,6.98,60.02,0.82,1.05,0.86,0.86,0.00,2.57,0.00,1.25,0.00,0.00,0.00,0.00
91,3w,SbDee,Intn1,75,0.00,0.00,9.07,71.60,0.99,1.23,1.02,1.02,0.00,3.35,0.00,1.71,0.00,0.00,0.00,0.00
91,3w,SbDee,Intn1,85,0.00,0.00,10.92,81.24,1.12,1.38,1.13,1.13,0.00,4.03,0.00,2.16,0.00,0.00,0.00,0.00
91,3w,SbDee,Intn1,95,0.00,0.00,12.40,88.91,1.23,1.48,1.22,1.22,0.00,4.54,0.00,2.56,0.00,0.00,0.00,0.00
91,3w,SbDee,Intn1,105,0.00,0.00,13.44,94.70,1.31,1.55,1.26,1.26,0.00,4.89,0.00,2.89,0.00,0.00,0.00,0.00
91,3w,SbDee,Intn1,115,0.00,0.00,14.01,98.69,1.37,1.59,1.28,1.28,0.00,5.07,0.00,3.15,0.00,0.00,0.00,0.00
91,3w,SbDee,Intn1,125,0.00,0.00,14.13,100.97,1.40,1.59,1.26,1.26,0.00,5.11,0.00,3.33,0.00,0.00,0.00,0.00
91,3w,SbDee,Intn1,135,0.00,0.00,13.83,101.62,1.41,1.57,1.23,1.23,0.00,5.02,0.00,3.42,0.00,0.00,0.00,0.00
91,3w,SbDee,Intn1,145,0.00,0.00,13.19,100.76,1.40,1.53,1.16,1.16,0.00,4.83,0.00,3.43,0.00,0.00,0.00,0.00
91,3w,SbDee,Intn1,155,0.00,0.00,12.27,98.51,1.37,1.46,1.09,1.09,0.00,4.56,0.00,3.37,0.00,0.00,0.00,0.00
91,3w,SbDee,Intn1,165,0.00,0.00,11.16,95.04,1.32,1.38,1.00,1.00,0.00,4.24,0.00,3.25,0.00,0.00,0.00,0.00
91,3w,SbDee,Intn1,175,0.00,0.00,9.95,90.52,1.26,1.29,0.90,0.90,0.00,3.88,0.00,3.08,0.00,0.00,0.00,0.00
91,3w,SbDee,Intn1,185,0.00,0.00,8.69,85.15,1.18,1.19,0.80,0.80,0.00,3.50,0.00,2.87,0.00,0.00,0.00,0.00
91,3w,SbDee,Intn1,195,0.00,0.00,7.46,79.15,1.10,1.08,0.71,0.71,0.00,3.12,0.00,2.63,0.00,0.00,0.00,0.00
91,3w,SbDee,Intn1,205,0.00,0.00,6.29,72.71,1.01,0.97,0.61,0.61,0.00,2.74,0.00,2.38,0.00,0.00,0.00,0.00
91,3w,SbDee,Intn1,215,0.00,0.00,5.22,66.04,0.92,0.86,0.52,0.52,0.00,2.38,0.00,2.13,0.00,0.00,0.00,0.00
91,3w,SbDee,Intn1,225,0.00,0.00,4.27,59.30,0.82,0.75,0.44,0.44,0.00,2.04,0.00,1.87,0.00,0.00,0.00,0.00
91,3w,SbDee,Intn1,235,0.00,0.00,3.44,52.67,0.73,0.65,0.36,0.36,0.00,1.73,0.00,1.63,0.00,0.00,0.00,0.00
91,3w,SbDee,Intn1,245,0.00,0.00,2.73,46.27,0.64,0.56,0.30,0.30,0.00,1.45,0.00,1.40,0.00,0.00,0.00,0.00
91,3w,SbDee,Intn1,255,0.00,0.00,2.14,40.22,0.56,0.47,0.24,0.24,0.00,1.21,0.00,1.19,0.00,0.00,0.00,0.00
92,Patnt,SbDee,Intn1,5,0.00,0.00,0.00,0.00,0.00,0.00,0.00,0.00,0.00,0.00,0.00,0.00,0.00,0.00,0.00,0.00
92,Patnt,SbDee,Intn1,15,0.00,0.00,0.08,0.78,0.00,0.01,0.00,0.04,0.00,0.01,0.00,8.90703608195127e-03,0.00,0.00,0.00,0.00
92,Patnt,SbDee,Intn1,25,0.00,0.00,0.34,4.20,0.00,0.07,0.00,0.10,0.00,0.10,0.00,0.04,0.00,0.00,0.00,0.00
92,Patnt,SbDee,Intn1,35,0.00,0.00,0.97,11.99,0.00,0.21,0.00,0.20,0.00,0.31,0.00,0.14,0.00,0.00,0.00,0.00
92,Patnt,SbDee,Intn1,45,0.00,0.00,2.20,24.51,0.00,0.43,0.00,0.36,0.00,0.76,0.00,0.34,0.00,0.00,0.00,0.00
92,Patnt,SbDee,Intn1,55,0.00,0.00,4.11,40.44,0.00,0.70,0.00,0.58,0.00,1.48,0.00,0.69,0.00,0.00,0.00,0.00
92,Patnt,SbDee,Intn1,65,0.00,0.00,6.53,57.47,0.00,0.98,0.00,0.81,0.00,2.40,0.00,1.17,0.00,0.00,0.00,0.00
92,Patnt,SbDee,Intn1,75,0.00,0.00,9.04,73.09,0.00,1.23,0.00,1.01,0.00,3.34,0.00,1.71,0.00,0.00,0.00,0.00
92,Patnt,SbDee,Intn1,85,0.00,0.00,11.17,85.11,0.00,1.41,0.00,1.16,0.00,4.12,0.00,2.21,0.00,0.00,0.00,0.00
92,Patnt,SbDee,Intn1,95,0.00,0.00,12.53,92.02,0.00,1.50,0.00,1.23,0.00,4.59,0.00,2.58,0.00,0.00,0.00,0.00
92,Patnt,SbDee,Intn1,105,0.00,0.00,12.92,93.20,0.00,1.49,0.00,1.21,0.00,4.70,0.00,2.78,0.00,0.00,0.00,0.00
92,Patnt,SbDee,Intn1,115,0.00,0.00,12.33,88.91,0.00,1.39,0.00,1.12,0.00,4.46,0.00,2.77,0.00,0.00,0.00,0.00
92,Patnt,SbDee,Intn1,125,0.00,0.00,10.95,80.16,0.00,1.23,0.00,0.98,0.00,3.96,0.00,2.58,0.00,0.00,0.00,0.00
92,Patnt,SbDee,Intn1,135,0.00,0.00,9.10,68.44,0.00,1.03,0.00,0.80,0.00,3.30,0.00,2.25,0.00,0.00,0.00,0.00
92,Patnt,SbDee,Intn1,145,0.00,0.00,7.08,55.42,0.00,0.82,0.00,0.62,0.00,2.59,0.00,1.84,0.00,0.00,0.00,0.00
92,Patnt,SbDee,Intn1,155,0.00,0.00,5.18,42.59,0.00,0.61,0.00,0.46,0.00,1.92,0.00,1.42,0.00,0.00,0.00,0.00
92,Patnt,SbDee,Intn1,165,0.00,0.00,3.56,31.10,0.00,0.44,0.00,0.32,0.00,1.35,0.00,1.04,0.00,0.00,0.00,0.00
92,Patnt,SbDee,Intn1,175,0.00,0.00,2.31,21.58,0.00,0.30,0.00,0.21,0.00,0.90,0.00,0.71,0.00,0.00,0.00,0.00
92,Patnt,SbDee,Intn1,185,0.00,0.00,1.42,14.23,0.00,0.19,0.00,0.13,0.00,0.57,0.00,0.46,0.00,0.00,0.00,0.00
92,Patnt,SbDee,Intn1,195,0.00,0.00,0.82,8.93,0.00,0.11,0.00,0.07,0.00,0.34,0.00,0.29,0.00,0.00,0.00,0.00
92,Patnt,SbDee,Intn1,205,0.00,0.00,0.45,5.33,0.00,0.06,0.00,0.04,0.00,0.19,0.00,0.17,0.00,0.00,0.00,0.00
92,Patnt,SbDee,Intn1,215,0.00,0.00,0.23,3.03,0.00,0.03,0.00,0.02,0.00,0.10,0.00,0.09,0.00,0.00,0.00,0.00
92,Patnt,SbDee,Intn1,225,0.00,0.00,0.11,1.63,0.00,0.02,0.00,0.01,0.00,0.05,0.00,0.05,0.00,0.00,0.00,0.00
92,Patnt,SbDee,Intn1,235,0.00,0.00,0.05,0.84,0.00,0.01,0.00,5.7581032074897e-03,0.00,0.02,0.00,0.02,0.00,0.00,0.00,0.00
92,Patnt,SbDee,Intn1,245,0.00,0.00,0.02,0.41,0.00,4.93191656833248e-03,0.00,2.63894450769641e-03,0.00,0.01,0.00,0.01,0.00,0.00,0.00,0.00
92,Patnt,SbDee,Intn1,255,0.00,0.00,0.01,0.19,0.00,2.24941573737485e-03,0.00,1.14998245616389e-03,0.00,5.69025355206197e-03,0.00,5.60927196084636e-03,0.00,0.00,0.00,0.00
93,3w,SbDee,Intn2,5,0.00,0.00,0.00,0.00,0.00,0.00,0.00,0.00,0.00,0.00,0.00,0.00,0.00,0.00,0.00,0.00
93,3w,SbDee,Intn2,15,0.00,0.00,0.48,2.74,0.00,0.02,0.00,0.00,0.00,0.07,0.00,0.02,0.00,0.00,0.00,0.00
93,3w,SbDee,Intn2,25,0.00,0.00,1.59,11.63,0.00,0.11,0.00,0.00,0.00,0.29,0.00,0.08,0.00,0.00,0.00,0.00
93,3w,SbDee,Intn2,35,0.00,0.00,3.65,26.94,0.00,0.24,0.00,0.00,0.00,0.75,0.00,0.21,0.00,0.00,0.00,0.00
93,3w,SbDee,Intn2,45,0.00,0.00,6.84,45.88,0.00,0.41,0.00,0.00,0.00,1.50,0.00,0.44,0.00,0.00,0.00,0.00
93,3w,SbDee,Intn2,55,0.00,0.00,11.02,65.23,0.00,0.57,0.00,0.00,0.00,2.51,0.00,0.76,0.00,0.00,0.00,0.00
93,3w,SbDee,Intn2,65,0.00,0.00,15.64,82.83,0.00,0.71,0.00,0.00,0.00,3.63,0.00,1.15,0.00,0.00,0.00,0.00
93,3w,SbDee,Intn2,75,0.00,0.00,20.08,97.74,0.00,0.83,0.00,0.00,0.00,4.69,0.00,1.56,0.00,0.00,0.00,0.00
93,3w,SbDee,Intn2,85,0.00,0.00,23.92,109.71,0.00,0.92,0.00,0.00,0.00,5.56,0.00,1.94,0.00,0.00,0.00,0.00
93,3w,SbDee,Intn2,95,0.00,0.00,26.88,118.86,0.00,0.98,0.00,0.00,0.00,6.21,0.00,2.28,0.00,0.00,0.00,0.00
93,3w,SbDee,Intn2,105,0.00,0.00,28.85,125.39,0.00,1.01,0.00,0.00,0.00,6.62,0.00,2.56,0.00,0.00,0.00,0.00
93,3w,SbDee,Intn2,115,0.00,0.00,29.82,129.51,0.00,1.03,0.00,0.00,0.00,6.81,0.00,2.76,0.00,0.00,0.00,0.00
93,3w,SbDee,Intn2,125,0.00,0.00,29.82,131.40,0.00,1.02,0.00,0.00,0.00,6.80,0.00,2.89,0.00,0.00,0.00,0.00
93,3w,SbDee,Intn2,135,0.00,0.00,28.97,131.24,0.00,1.00,0.00,0.00,0.00,6.63,0.00,2.95,0.00,0.00,0.00,0.00
93,3w,SbDee,Intn2,145,0.00,0.00,27.43,129.22,0.00,0.97,0.00,0.00,0.00,6.34,0.00,2.94,0.00,0.00,0.00,0.00
93,3w,SbDee,Intn2,155,0.00,0.00,25.35,125.52,0.00,0.92,0.00,0.00,0.00,5.95,0.00,2.87,0.00,0.00,0.00,0.00
93,3w,SbDee,Intn2,165,0.00,0.00,22.93,120.37,0.00,0.86,0.00,0.00,0.00,5.49,0.00,2.75,0.00,0.00,0.00,0.00
93,3w,SbDee,Intn2,175,0.00,0.00,20.32,114.03,0.00,0.80,0.00,0.00,0.00,5.00,0.00,2.59,0.00,0.00,0.00,0.00
93,3w,SbDee,Intn2,185,0.00,0.00,17.67,106.74,0.00,0.73,0.00,0.00,0.00,4.49,0.00,2.40,0.00,0.00,0.00,0.00
93,3w,SbDee,Intn2,195,0.00,0.00,15.10,98.76,0.00,0.66,0.00,0.00,0.00,3.98,0.00,2.19,0.00,0.00,0.00,0.00
93,3w,SbDee,Intn2,205,0.00,0.00,12.69,90.36,0.00,0.59,0.00,0.00,0.00,3.48,0.00,1.98,0.00,0.00,0.00,0.00
93,3w,SbDee,Intn2,215,0.00,0.00,10.49,81.75,0.00,0.52,0.00,0.00,0.00,3.01,0.00,1.76,0.00,0.00,0.00,0.00
93,3w,SbDee,Intn2,225,0.00,0.00,8.55,73.17,0.00,0.46,0.00,0.00,0.00,2.58,0.00,1.54,0.00,0.00,0.00,0.00
93,3w,SbDee,Intn2,235,0.00,0.00,6.87,64.78,0.00,0.40,0.00,0.00,0.00,2.18,0.00,1.34,0.00,0.00,0.00,0.00
93,3w,SbDee,Intn2,245,0.00,0.00,5.44,56.76,0.00,0.34,0.00,0.00,0.00,1.83,0.00,1.15,0.00,0.00,0.00,0.00
93,3w,SbDee,Intn2,255,0.00,0.00,4.25,49.21,0.00,0.29,0.00,0.00,0.00,1.51,0.00,0.97,0.00,0.00,0.00,0.00
94,Patnt,SbDee,Intn2,5,0.00,0.00,0.00,0.00,0.00,0.00,0.00,0.00,0.00,0.00,0.00,0.00,0.00,0.00,0.00,0.00
94,Patnt,SbDee,Intn2,15,0.00,0.00,0.08,0.78,0.00,0.01,0.00,0.04,0.00,0.01,0.00,8.90703608195127e-03,0.00,0.00,0.00,0.00
94,Patnt,SbDee,Intn2,25,0.00,0.00,0.34,4.20,0.00,0.07,0.00,0.10,0.00,0.10,0.00,0.04,0.00,0.00,0.00,0.00
94,Patnt,SbDee,Intn2,35,0.00,0.00,0.97,11.99,0.00,0.21,0.00,0.20,0.00,0.31,0.00,0.14,0.00,0.00,0.00,0.00
94,Patnt,SbDee,Intn2,45,0.00,0.00,2.20,24.51,0.00,0.43,0.00,0.36,0.00,0.76,0.00,0.34,0.00,0.00,0.00,0.00
94,Patnt,SbDee,Intn2,55,0.00,0.00,4.11,40.44,0.00,0.70,0.00,0.58,0.00,1.48,0.00,0.69,0.00,0.00,0.00,0.00
94,Patnt,SbDee,Intn2,65,0.00,0.00,6.53,57.47,0.00,0.98,0.00,0.81,0.00,2.40,0.00,1.17,0.00,0.00,0.00,0.00
94,Patnt,SbDee,Intn2,75,0.00,0.00,9.04,73.09,0.00,1.23,0.00,1.01,0.00,3.34,0.00,1.71,0.00,0.00,0.00,0.00
94,Patnt,SbDee,Intn2,85,0.00,0.00,11.17,85.11,0.00,1.41,0.00,1.16,0.00,4.12,0.00,2.21,0.00,0.00,0.00,0.00
94,Patnt,SbDee,Intn2,95,0.00,0.00,12.53,92.02,0.00,1.50,0.00,1.23,0.00,4.59,0.00,2.58,0.00,0.00,0.00,0.00
94,Patnt,SbDee,Intn2,105,0.00,0.00,12.92,93.20,0.00,1.49,0.00,1.21,0.00,4.70,0.00,2.78,0.00,0.00,0.00,0.00
94,Patnt,SbDee,Intn2,115,0.00,0.00,12.33,88.91,0.00,1.39,0.00,1.12,0.00,4.46,0.00,2.77,0.00,0.00,0.00,0.00
94,Patnt,SbDee,Intn2,125,0.00,0.00,10.95,80.16,0.00,1.23,0.00,0.98,0.00,3.96,0.00,2.58,0.00,0.00,0.00,0.00
94,Patnt,SbDee,Intn2,135,0.00,0.00,9.10,68.44,0.00,1.03,0.00,0.80,0.00,3.30,0.00,2.25,0.00,0.00,0.00,0.00
94,Patnt,SbDee,Intn2,145,0.00,0.00,7.08,55.42,0.00,0.82,0.00,0.62,0.00,2.59,0.00,1.84,0.00,0.00,0.00,0.00
94,Patnt,SbDee,Intn2,155,0.00,0.00,5.18,42.59,0.00,0.61,0.00,0.46,0.00,1.92,0.00,1.42,0.00,0.00,0.00,0.00
94,Patnt,SbDee,Intn2,165,0.00,0.00,3.56,31.10,0.00,0.44,0.00,0.32,0.00,1.35,0.00,1.04,0.00,0.00,0.00,0.00
94,Patnt,SbDee,Intn2,175,0.00,0.00,2.31,21.58,0.00,0.30,0.00,0.21,0.00,0.90,0.00,0.71,0.00,0.00,0.00,0.00
94,Patnt,SbDee,Intn2,185,0.00,0.00,1.42,14.23,0.00,0.19,0.00,0.13,0.00,0.57,0.00,0.46,0.00,0.00,0.00,0.00
94,Patnt,SbDee,Intn2,195,0.00,0.00,0.82,8.93,0.00,0.11,0.00,0.07,0.00,0.34,0.00,0.29,0.00,0.00,0.00,0.00
94,Patnt,SbDee,Intn2,205,0.00,0.00,0.45,5.33,0.00,0.06,0.00,0.04,0.00,0.19,0.00,0.17,0.00,0.00,0.00,0.00
94,Patnt,SbDee,Intn2,215,0.00,0.00,0.23,3.03,0.00,0.03,0.00,0.02,0.00,0.10,0.00,0.09,0.00,0.00,0.00,0.00
94,Patnt,SbDee,Intn2,225,0.00,0.00,0.11,1.63,0.00,0.02,0.00,0.01,0.00,0.05,0.00,0.05,0.00,0.00,0.00,0.00
94,Patnt,SbDee,Intn2,235,0.00,0.00,0.05,0.84,0.00,0.01,0.00,5.7581032074897e-03,0.00,0.02,0.00,0.02,0.00,0.00,0.00,0.00
94,Patnt,SbDee,Intn2,245,0.00,0.00,0.02,0.41,0.00,4.93191656833248e-03,0.00,2.63894450769641e-03,0.00,0.01,0.00,0.01,0.00,0.00,0.00,0.00
94,Patnt,SbDee,Intn2,255,0.00,0.00,0.01,0.19,0.00,2.24941573737485e-03,0.00,1.14998245616389e-03,0.00,5.69025355206197e-03,0.00,5.60927196084636e-03,0.00,0.00,0.00,0.00
97,3w,SbDee,Succ,5,0.00,0.00,0.00,0.00,0.00,0.00,0.00,0.00,0.00,0.00,0.00,0.00,0.00,0.00,0.00,0.00
97,3w,SbDee,Succ,15,0.00,0.00,0.20,1.92,0.03,0.03,0.10,0.10,0.00,0.04,0.00,0.02,0.00,0.00,0.00,0.00
97,3w,SbDee,Succ,25,0.00,0.00,0.69,8.20,0.12,0.15,0.20,0.20,0.00,0.20,0.00,0.08,0.00,0.00,0.00,0.00
97,3w,SbDee,Succ,35,0.00,0.00,1.58,19.02,0.25,0.35,0.33,0.33,0.00,0.51,0.00,0.22,0.00,0.00,0.00,0.00
97,3w,SbDee,Succ,45,0.00,0.00,2.99,32.59,0.43,0.59,0.50,0.50,0.00,1.04,0.00,0.47,0.00,0.00,0.00,0.00
97,3w,SbDee,Succ,55,0.00,0.00,4.87,46.76,0.63,0.83,0.68,0.68,0.00,1.76,0.00,0.82,0.00,0.00,0.00,0.00
97,3w,SbDee,Succ,65,0.00,0.00,6.98,60.02,0.82,1.05,0.86,0.86,0.00,2.57,0.00,1.25,0.00,0.00,0.00,0.00
97,3w,SbDee,Succ,75,0.00,0.00,9.07,71.60,0.99,1.23,1.02,1.02,0.00,3.35,0.00,1.71,0.00,0.00,0.00,0.00
97,3w,SbDee,Succ,85,0.00,0.00,10.92,81.24,1.12,1.38,1.13,1.13,0.00,4.03,0.00,2.16,0.00,0.00,0.00,0.00
97,3w,SbDee,Succ,95,0.00,0.00,12.40,88.91,1.23,1.48,1.22,1.22,0.00,4.54,0.00,2.56,0.00,0.00,0.00,0.00
97,3w,SbDee,Succ,105,0.00,0.00,13.44,94.70,1.31,1.55,1.26,1.26,0.00,4.89,0.00,2.89,0.00,0.00,0.00,0.00
97,3w,SbDee,Succ,115,0.00,0.00,14.01,98.69,1.37,1.59,1.28,1.28,0.00,5.07,0.00,3.15,0.00,0.00,0.00,0.00
97,3w,SbDee,Succ,125,0.00,0.00,14.13,100.97,1.40,1.59,1.26,1.26,0.00,5.11,0.00,3.33,0.00,0.00,0.00,0.00
97,3w,SbDee,Succ,135,0.00,0.00,13.83,101.62,1.41,1.57,1.23,1.23,0.00,5.02,0.00,3.42,0.00,0.00,0.00,0.00
97,3w,SbDee,Succ,145,0.00,0.00,13.19,100.76,1.40,1.53,1.16,1.16,0.00,4.83,0.00,3.43,0.00,0.00,0.00,0.00
97,3w,SbDee,Succ,155,0.00,0.00,12.27,98.51,1.37,1.46,1.09,1.09,0.00,4.56,0.00,3.37,0.00,0.00,0.00,0.00
97,3w,SbDee,Succ,165,0.00,0.00,11.16,95.04,1.32,1.38,1.00,1.00,0.00,4.24,0.00,3.25,0.00,0.00,0.00,0.00
97,3w,SbDee,Succ,175,0.00,0.00,9.95,90.52,1.26,1.29,0.90,0.90,0.00,3.88,0.00,3.08,0.00,0.00,0.00,0.00
97,3w,SbDee,Succ,185,0.00,0.00,8.69,85.15,1.18,1.19,0.80,0.80,0.00,3.50,0.00,2.87,0.00,0.00,0.00,0.00
97,3w,SbDee,Succ,195,0.00,0.00,7.46,79.15,1.10,1.08,0.71,0.71,0.00,3.12,0.00,2.63,0.00,0.00,0.00,0.00
97,3w,SbDee,Succ,205,0.00,0.00,6.29,72.71,1.01,0.97,0.61,0.61,0.00,2.74,0.00,2.38,0.00,0.00,0.00,0.00
97,3w,SbDee,Succ,215,0.00,0.00,5.22,66.04,0.92,0.86,0.52,0.52,0.00,2.38,0.00,2.13,0.00,0.00,0.00,0.00
97,3w,SbDee,Succ,225,0.00,0.00,4.27,59.30,0.82,0.75,0.44,0.44,0.00,2.04,0.00,1.87,0.00,0.00,0.00,0.00
97,3w,SbDee,Succ,235,0.00,0.00,3.44,52.67,0.73,0.65,0.36,0.36,0.00,1.73,0.00,1.63,0.00,0.00,0.00,0.00
97,3w,SbDee,Succ,245,0.00,0.00,2.73,46.27,0.64,0.56,0.30,0.30,0.00,1.45,0.00,1.40,0.00,0.00,0.00,0.00
97,3w,SbDee,Succ,255,0.00,0.00,2.14,40.22,0.56,0.47,0.24,0.24,0.00,1.21,0.00,1.19,0.00,0.00,0.00,0.00
98,Patnt,SbDee,Succ,5,0.00,0.00,0.00,0.00,0.00,0.00,0.00,0.00,0.00,0.00,0.00,0.00,0.00,0.00,0.00,0.00
98,Patnt,SbDee,Succ,15,0.00,0.00,0.08,0.78,0.00,0.01,0.00,0.04,0.00,0.01,0.00,8.90703608195127e-03,0.00,0.00,0.00,0.00
98,Patnt,SbDee,Succ,25,0.00,0.00,0.34,4.20,0.00,0.07,0.00,0.10,0.00,0.10,0.00,0.04,0.00,0.00,0.00,0.00
98,Patnt,SbDee,Succ,35,0.00,0.00,0.97,11.99,0.00,0.21,0.00,0.20,0.00,0.31,0.00,0.14,0.00,0.00,0.00,0.00
98,Patnt,SbDee,Succ,45,0.00,0.00,2.20,24.51,0.00,0.43,0.00,0.36,0.00,0.76,0.00,0.34,0.00,0.00,0.00,0.00
98,Patnt,SbDee,Succ,55,0.00,0.00,4.11,40.44,0.00,0.70,0.00,0.58,0.00,1.48,0.00,0.69,0.00,0.00,0.00,0.00
98,Patnt,SbDee,Succ,65,0.00,0.00,6.53,57.47,0.00,0.98,0.00,0.81,0.00,2.40,0.00,1.17,0.00,0.00,0.00,0.00
98,Patnt,SbDee,Succ,75,0.00,0.00,9.04,73.09,0.00,1.23,0.00,1.01,0.00,3.34,0.00,1.71,0.00,0.00,0.00,0.00
98,Patnt,SbDee,Succ,85,0.00,0.00,11.17,85.11,0.00,1.41,0.00,1.16,0.00,4.12,0.00,2.21,0.00,0.00,0.00,0.00
98,Patnt,SbDee,Succ,95,0.00,0.00,12.53,92.02,0.00,1.50,0.00,1.23,0.00,4.59,0.00,2.58,0.00,0.00,0.00,0.00
98,Patnt,SbDee,Succ,105,0.00,0.00,12.92,93.20,0.00,1.49,0.00,1.21,0.00,4.70,0.00,2.78,0.00,0.00,0.00,0.00
98,Patnt,SbDee,Succ,115,0.00,0.00,12.33,88.91,0.00,1.39,0.00,1.12,0.00,4.46,0.00,2.77,0.00,0.00,0.00,0.00
98,Patnt,SbDee,Succ,125,0.00,0.00,10.95,80.16,0.00,1.23,0.00,0.98,0.00,3.96,0.00,2.58,0.00,0.00,0.00,0.00
98,Patnt,SbDee,Succ,135,0.00,0.00,9.10,68.44,0.00,1.03,0.00,0.80,0.00,3.30,0.00,2.25,0.00,0.00,0.00,0.00
98,Patnt,SbDee,Succ,145,0.00,0.00,7.08,55.42,0.00,0.82,0.00,0.62,0.00,2.59,0.00,1.84,0.00,0.00,0.00,0.00
98,Patnt,SbDee,Succ,155,0.00,0.00,5.18,42.59,0.00,0.61,0.00,0.46,0.00,1.92,0.00,1.42,0.00,0.00,0.00,0.00
98,Patnt,SbDee,Succ,165,0.00,0.00,3.56,31.10,0.00,0.44,0.00,0.32,0.00,1.35,0.00,1.04,0.00,0.00,0.00,0.00
98,Patnt,SbDee,Succ,175,0.00,0.00,2.31,21.58,0.00,0.30,0.00,0.21,0.00,0.90,0.00,0.71,0.00,0.00,0.00,0.00
98,Patnt,SbDee,Succ,185,0.00,0.00,1.42,14.23,0.00,0.19,0.00,0.13,0.00,0.57,0.00,0.46,0.00,0.00,0.00,0.00
98,Patnt,SbDee,Succ,195,0.00,0.00,0.82,8.93,0.00,0.11,0.00,0.07,0.00,0.34,0.00,0.29,0.00,0.00,0.00,0.00
98,Patnt,SbDee,Succ,205,0.00,0.00,0.45,5.33,0.00,0.06,0.00,0.04,0.00,0.19,0.00,0.17,0.00,0.00,0.00,0.00
98,Patnt,SbDee,Succ,215,0.00,0.00,0.23,3.03,0.00,0.03,0.00,0.02,0.00,0.10,0.00,0.09,0.00,0.00,0.00,0.00
98,Patnt,SbDee,Succ,225,0.00,0.00,0.11,1.63,0.00,0.02,0.00,0.01,0.00,0.05,0.00,0.05,0.00,0.00,0.00,0.00
98,Patnt,SbDee,Succ,235,0.00,0.00,0.05,0.84,0.00,0.01,0.00,5.7581032074897e-03,0.00,0.02,0.00,0.02,0.00,0.00,0.00,0.00
98,Patnt,SbDee,Succ,245,0.00,0.00,0.02,0.41,0.00,4.93191656833248e-03,0.00,2.63894450769641e-03,0.00,0.01,0.00,0.01,0.00,0.00,0.00,0.00
98,Patnt,SbDee,Succ,255,0.00,0.00,0.01,0.19,0.00,2.24941573737485e-03,0.00,1.14998245616389e-03,0.00,5.69025355206197e-03,0.00,5.60927196084636e-03,0.00,0.00,0.00,0.00
99,3w,PjSha,Prsnt,5,0.00,0.00,0.00,0.00,0.00,0.00,0.00,0.00,0.00,0.00,0.00,0.00,0.00,0.00,0.00,0.00
99,3w,PjSha,Prsnt,15,0.00,0.00,6.54,0.58,0.00,0.00,0.00,0.00,0.00,0.13,0.00,0.05,0.00,0.00,0.00,0.00
99,3w,PjSha,Prsnt,25,0.00,0.00,18.23,2.09,0.00,0.00,0.00,0.00,0.00,0.46,0.00,0.19,0.00,0.00,0.00,0.00
99,3w,PjSha,Prsnt,35,0.00,0.00,32.34,3.75,0.00,0.00,0.00,0.00,0.00,0.92,0.00,0.38,0.00,0.00,0.00,0.00
99,3w,PjSha,Prsnt,45,0.00,0.00,46.70,4.92,0.00,0.00,0.00,0.00,0.00,1.42,0.00,0.61,0.00,0.00,0.00,0.00
99,3w,PjSha,Prsnt,55,0.00,0.00,59.76,5.56,0.00,0.00,0.00,0.00,0.00,1.89,0.00,0.84,0.00,0.00,0.00,0.00
99,3w,PjSha,Prsnt,65,0.00,0.00,70.58,5.88,0.00,0.00,0.00,0.00,0.00,2.27,0.00,1.05,0.00,0.00,0.00,0.00
99,3w,PjSha,Prsnt,75,0.00,0.00,78.73,6.03,0.00,0.00,0.00,0.00,0.00,2.54,0.00,1.23,0.00,0.00,0.00,0.00
99,3w,PjSha,Prsnt,85,0.00,0.00,84.09,6.07,0.00,0.00,0.00,0.00,0.00,2.71,0.00,1.38,0.00,0.00,0.00,0.00
99,3w,PjSha,Prsnt,95,0.00,0.00,86.75,6.03,0.00,0.00,0.00,0.00,0.00,2.78,0.00,1.48,0.00,0.00,0.00,0.00
99,3w,PjSha,Prsnt,105,0.00,0.00,86.96,5.94,0.00,0.00,0.00,0.00,0.00,2.76,0.00,1.55,0.00,0.00,0.00,0.00
99,3w,PjSha,Prsnt,115,0.00,0.00,85.01,5.81,0.00,0.00,0.00,0.00,0.00,2.69,0.00,1.59,0.00,0.00,0.00,0.00
99,3w,PjSha,Prsnt,125,0.00,0.00,81.30,5.64,0.00,0.00,0.00,0.00,0.00,2.57,0.00,1.59,0.00,0.00,0.00,0.00
99,3w,PjSha,Prsnt,135,0.00,0.00,76.22,5.43,0.00,0.00,0.00,0.00,0.00,2.42,0.00,1.56,0.00,0.00,0.00,0.00
99,3w,PjSha,Prsnt,145,0.00,0.00,70.20,5.20,0.00,0.00,0.00,0.00,0.00,2.25,0.00,1.51,0.00,0.00,0.00,0.00
99,3w,PjSha,Prsnt,155,0.00,0.00,63.61,4.95,0.00,0.00,0.00,0.00,0.00,2.07,0.00,1.45,0.00,0.00,0.00,0.00
99,3w,PjSha,Prsnt,165,0.00,0.00,56.78,4.69,0.00,0.00,0.00,0.00,0.00,1.88,0.00,1.37,0.00,0.00,0.00,0.00
99,3w,PjSha,Prsnt,175,0.00,0.00,49.99,4.41,0.00,0.00,0.00,0.00,0.00,1.70,0.00,1.28,0.00,0.00,0.00,0.00
99,3w,PjSha,Prsnt,185,0.00,0.00,43.45,4.13,0.00,0.00,0.00,0.00,0.00,1.53,0.00,1.19,0.00,0.00,0.00,0.00
99,3w,PjSha,Prsnt,195,0.00,0.00,37.33,3.84,0.00,0.00,0.00,0.00,0.00,1.36,0.00,1.09,0.00,0.00,0.00,0.00
99,3w,PjSha,Prsnt,205,0.00,0.00,31.71,3.55,0.00,0.00,0.00,0.00,0.00,1.20,0.00,0.99,0.00,0.00,0.00,0.00
99,3w,PjSha,Prsnt,215,0.00,0.00,26.67,3.27,0.00,0.00,0.00,0.00,0.00,1.06,0.00,0.90,0.00,0.00,0.00,0.00
99,3w,PjSha,Prsnt,225,0.00,0.00,22.21,2.99,0.00,0.00,0.00,0.00,0.00,0.93,0.00,0.81,0.00,0.00,0.00,0.00
99,3w,PjSha,Prsnt,235,0.00,0.00,18.32,2.72,0.00,0.00,0.00,0.00,0.00,0.80,0.00,0.72,0.00,0.00,0.00,0.00
99,3w,PjSha,Prsnt,245,0.00,0.00,14.99,2.46,0.00,0.00,0.00,0.00,0.00,0.69,0.00,0.63,0.00,0.00,0.00,0.00
99,3w,PjSha,Prsnt,255,0.00,0.00,12.16,2.21,0.00,0.00,0.00,0.00,0.00,0.60,0.00,0.56,0.00,0.00,0.00,0.00
100,Patnt,PjSha,Prsnt,5,0.00,0.00,0.00,0.00,0.00,0.00,0.00,0.00,0.00,0.00,0.00,0.00,0.00,0.00,0.00,0.00
100,Patnt,PjSha,Prsnt,15,0.00,0.00,7.78,0.61,0.00,0.00,0.00,0.00,0.00,0.16,0.00,0.06,0.00,0.00,0.00,0.00
100,Patnt,PjSha,Prsnt,25,0.00,0.00,21.50,2.19,0.00,0.00,0.00,0.00,0.00,0.54,0.00,0.22,0.00,0.00,0.00,0.00
100,Patnt,PjSha,Prsnt,35,0.00,0.00,37.69,3.89,0.00,0.00,0.00,0.00,0.00,1.06,0.00,0.44,0.00,0.00,0.00,0.00
100,Patnt,PjSha,Prsnt,45,0.00,0.00,53.94,5.06,0.00,0.00,0.00,0.00,0.00,1.63,0.00,0.69,0.00,0.00,0.00,0.00
100,Patnt,PjSha,Prsnt,55,0.00,0.00,68.77,5.69,0.00,0.00,0.00,0.00,0.00,2.16,0.00,0.94,0.00,0.00,0.00,0.00
100,Patnt,PjSha,Prsnt,65,0.00,0.00,81.41,6.03,0.00,0.00,0.00,0.00,0.00,2.60,0.00,1.18,0.00,0.00,0.00,0.00
100,Patnt,PjSha,Prsnt,75,0.00,0.00,91.54,6.23,0.00,0.00,0.00,0.00,0.00,2.94,0.00,1.40,0.00,0.00,0.00,0.00
100,Patnt,PjSha,Prsnt,85,0.00,0.00,99.16,6.36,0.00,0.00,0.00,0.00,0.00,3.18,0.00,1.59,0.00,0.00,0.00,0.00
100,Patnt,PjSha,Prsnt,95,0.00,0.00,104.36,6.45,0.00,0.00,0.00,0.00,0.00,3.32,0.00,1.75,0.00,0.00,0.00,0.00
100,Patnt,PjSha,Prsnt,105,0.00,0.00,107.32,6.52,0.00,0.00,0.00,0.00,0.00,3.39,0.00,1.88,0.00,0.00,0.00,0.00
100,Patnt,PjSha,Prsnt,115,0.00,0.00,108.25,6.57,0.00,0.00,0.00,0.00,0.00,3.41,0.00,1.98,0.00,0.00,0.00,0.00
100,Patnt,PjSha,Prsnt,125,0.00,0.00,107.41,6.62,0.00,0.00,0.00,0.00,0.00,3.38,0.00,2.05,0.00,0.00,0.00,0.00
100,Patnt,PjSha,Prsnt,135,0.00,0.00,105.07,6.66,0.00,0.00,0.00,0.00,0.00,3.31,0.00,2.11,0.00,0.00,0.00,0.00
100,Patnt,PjSha,Prsnt,145,0.00,0.00,101.51,6.69,0.00,0.00,0.00,0.00,0.00,3.23,0.00,2.14,0.00,0.00,0.00,0.00
100,Patnt,PjSha,Prsnt,155,0.00,0.00,97.01,6.72,0.00,0.00,0.00,0.00,0.00,3.13,0.00,2.16,0.00,0.00,0.00,0.00
100,Patnt,PjSha,Prsnt,165,0.00,0.00,91.83,6.74,0.00,0.00,0.00,0.00,0.00,3.03,0.00,2.17,0.00,0.00,0.00,0.00
100,Patnt,PjSha,Prsnt,175,0.00,0.00,86.20,6.76,0.00,0.00,0.00,0.00,0.00,2.92,0.00,2.17,0.00,0.00,0.00,0.00
100,Patnt,PjSha,Prsnt,185,0.00,0.00,80.32,6.78,0.00,0.00,0.00,0.00,0.00,2.81,0.00,2.15,0.00,0.00,0.00,0.00
100,Patnt,PjSha,Prsnt,195,0.00,0.00,74.35,6.80,0.00,0.00,0.00,0.00,0.00,2.70,0.00,2.13,0.00,0.00,0.00,0.00
100,Patnt,PjSha,Prsnt,205,0.00,0.00,68.43,6.81,0.00,0.00,0.00,0.00,0.00,2.59,0.00,2.10,0.00,0.00,0.00,0.00
100,Patnt,PjSha,Prsnt,215,0.00,0.00,62.66,6.82,0.00,0.00,0.00,0.00,0.00,2.48,0.00,2.07,0.00,0.00,0.00,0.00
100,Patnt,PjSha,Prsnt,225,0.00,0.00,57.12,6.83,0.00,0.00,0.00,0.00,0.00,2.37,0.00,2.03,0.00,0.00,0.00,0.00
100,Patnt,PjSha,Prsnt,235,0.00,0.00,51.87,6.84,0.00,0.00,0.00,0.00,0.00,2.27,0.00,2.00,0.00,0.00,0.00,0.00
100,Patnt,PjSha,Prsnt,245,0.00,0.00,46.94,6.84,0.00,0.00,0.00,0.00,0.00,2.17,0.00,1.95,0.00,0.00,0.00,0.00
100,Patnt,PjSha,Prsnt,255,0.00,0.00,42.35,6.85,0.00,0.00,0.00,0.00,0.00,2.08,0.00,1.91,0.00,0.00,0.00,0.00
101,3w,PjSha,Exten,5,0.00,0.00,0.00,0.00,0.00,0.00,0.00,0.00,0.00,0.00,0.00,0.00,0.00,0.00,0.00,0.00
101,3w,PjSha,Exten,15,0.00,0.00,7.43,0.45,0.00,0.00,0.00,0.00,0.00,0.27,0.00,0.08,0.00,0.00,0.00,0.00
101,3w,PjSha,Exten,25,0.00,0.00,20.75,1.64,0.00,0.00,0.00,0.00,0.00,0.92,0.00,0.27,0.00,0.00,0.00,0.00
101,3w,PjSha,Exten,35,0.00,0.00,36.49,2.93,0.00,0.00,0.00,0.00,0.00,1.83,0.00,0.54,0.00,0.00,0.00,0.00
101,3w,PjSha,Exten,45,0.00,0.00,52.04,3.80,0.00,0.00,0.00,0.00,0.00,2.79,0.00,0.84,0.00,0.00,0.00,0.00
101,3w,PjSha,Exten,55,0.00,0.00,65.79,4.24,0.00,0.00,0.00,0.00,0.00,3.66,0.00,1.14,0.00,0.00,0.00,0.00
101,3w,PjSha,Exten,65,0.00,0.00,76.89,4.43,0.00,0.00,0.00,0.00,0.00,4.36,0.00,1.42,0.00,0.00,0.00,0.00
101,3w,PjSha,Exten,75,0.00,0.00,85.00,4.50,0.00,0.00,0.00,0.00,0.00,4.84,0.00,1.65,0.00,0.00,0.00,0.00
101,3w,PjSha,Exten,85,0.00,0.00,90.12,4.50,0.00,0.00,0.00,0.00,0.00,5.12,0.00,1.83,0.00,0.00,0.00,0.00
101,3w,PjSha,Exten,95,0.00,0.00,92.41,4.45,0.00,0.00,0.00,0.00,0.00,5.22,0.00,1.96,0.00,0.00,0.00,0.00
101,3w,PjSha,Exten,105,0.00,0.00,92.14,4.36,0.00,0.00,0.00,0.00,0.00,5.17,0.00,2.04,0.00,0.00,0.00,0.00
101,3w,PjSha,Exten,115,0.00,0.00,89.69,4.24,0.00,0.00,0.00,0.00,0.00,5.00,0.00,2.07,0.00,0.00,0.00,0.00
101,3w,PjSha,Exten,125,0.00,0.00,85.45,4.10,0.00,0.00,0.00,0.00,0.00,4.76,0.00,2.07,0.00,0.00,0.00,0.00
101,3w,PjSha,Exten,135,0.00,0.00,79.86,3.94,0.00,0.00,0.00,0.00,0.00,4.47,0.00,2.03,0.00,0.00,0.00,0.00
101,3w,PjSha,Exten,145,0.00,0.00,73.35,3.76,0.00,0.00,0.00,0.00,0.00,4.14,0.00,1.96,0.00,0.00,0.00,0.00
101,3w,PjSha,Exten,155,0.00,0.00,66.31,3.57,0.00,0.00,0.00,0.00,0.00,3.80,0.00,1.87,0.00,0.00,0.00,0.00
101,3w,PjSha,Exten,165,0.00,0.00,59.07,3.38,0.00,0.00,0.00,0.00,0.00,3.45,0.00,1.77,0.00,0.00,0.00,0.00
101,3w,PjSha,Exten,175,0.00,0.00,51.91,3.17,0.00,0.00,0.00,0.00,0.00,3.12,0.00,1.65,0.00,0.00,0.00,0.00
101,3w,PjSha,Exten,185,0.00,0.00,45.06,2.96,0.00,0.00,0.00,0.00,0.00,2.79,0.00,1.53,0.00,0.00,0.00,0.00
101,3w,PjSha,Exten,195,0.00,0.00,38.65,2.75,0.00,0.00,0.00,0.00,0.00,2.49,0.00,1.40,0.00,0.00,0.00,0.00
101,3w,PjSha,Exten,205,0.00,0.00,32.80,2.54,0.00,0.00,0.00,0.00,0.00,2.20,0.00,1.27,0.00,0.00,0.00,0.00
101,3w,PjSha,Exten,215,0.00,0.00,27.55,2.33,0.00,0.00,0.00,0.00,0.00,1.93,0.00,1.15,0.00,0.00,0.00,0.00
101,3w,PjSha,Exten,225,0.00,0.00,22.93,2.13,0.00,0.00,0.00,0.00,0.00,1.69,0.00,1.03,0.00,0.00,0.00,0.00
101,3w,PjSha,Exten,235,0.00,0.00,18.90,1.94,0.00,0.00,0.00,0.00,0.00,1.47,0.00,0.92,0.00,0.00,0.00,0.00
101,3w,PjSha,Exten,245,0.00,0.00,15.45,1.75,0.00,0.00,0.00,0.00,0.00,1.27,0.00,0.81,0.00,0.00,0.00,0.00
101,3w,PjSha,Exten,255,0.00,0.00,12.53,1.57,0.00,0.00,0.00,0.00,0.00,1.09,0.00,0.71,0.00,0.00,0.00,0.00
102,Patnt,PjSha,Exten,5,0.00,0.00,0.00,0.00,0.00,0.00,0.00,0.00,0.00,0.00,0.00,0.00,0.00,0.00,0.00,0.00
102,Patnt,PjSha,Exten,15,0.00,0.00,7.78,0.61,0.00,0.00,0.00,0.00,0.00,0.16,0.00,0.06,0.00,0.00,0.00,0.00
102,Patnt,PjSha,Exten,25,0.00,0.00,21.50,2.19,0.00,0.00,0.00,0.00,0.00,0.54,0.00,0.22,0.00,0.00,0.00,0.00
102,Patnt,PjSha,Exten,35,0.00,0.00,37.69,3.89,0.00,0.00,0.00,0.00,0.00,1.06,0.00,0.44,0.00,0.00,0.00,0.00
102,Patnt,PjSha,Exten,45,0.00,0.00,53.94,5.06,0.00,0.00,0.00,0.00,0.00,1.63,0.00,0.69,0.00,0.00,0.00,0.00
102,Patnt,PjSha,Exten,55,0.00,0.00,68.77,5.69,0.00,0.00,0.00,0.00,0.00,2.16,0.00,0.94,0.00,0.00,0.00,0.00
102,Patnt,PjSha,Exten,65,0.00,0.00,81.41,6.03,0.00,0.00,0.00,0.00,0.00,2.60,0.00,1.18,0.00,0.00,0.00,0.00
102,Patnt,PjSha,Exten,75,0.00,0.00,91.54,6.23,0.00,0.00,0.00,0.00,0.00,2.94,0.00,1.40,0.00,0.00,0.00,0.00
102,Patnt,PjSha,Exten,85,0.00,0.00,99.16,6.36,0.00,0.00,0.00,0.00,0.00,3.18,0.00,1.59,0.00,0.00,0.00,0.00
102,Patnt,PjSha,Exten,95,0.00,0.00,104.36,6.45,0.00,0.00,0.00,0.00,0.00,3.32,0.00,1.75,0.00,0.00,0.00,0.00
102,Patnt,PjSha,Exten,105,0.00,0.00,107.32,6.52,0.00,0.00,0.00,0.00,0.00,3.39,0.00,1.88,0.00,0.00,0.00,0.00
102,Patnt,PjSha,Exten,115,0.00,0.00,108.25,6.57,0.00,0.00,0.00,0.00,0.00,3.41,0.00,1.98,0.00,0.00,0.00,0.00
102,Patnt,PjSha,Exten,125,0.00,0.00,107.41,6.62,0.00,0.00,0.00,0.00,0.00,3.38,0.00,2.05,0.00,0.00,0.00,0.00
102,Patnt,PjSha,Exten,135,0.00,0.00,105.07,6.66,0.00,0.00,0.00,0.00,0.00,3.31,0.00,2.11,0.00,0.00,0.00,0.00
102,Patnt,PjSha,Exten,145,0.00,0.00,101.51,6.69,0.00,0.00,0.00,0.00,0.00,3.23,0.00,2.14,0.00,0.00,0.00,0.00
102,Patnt,PjSha,Exten,155,0.00,0.00,97.01,6.72,0.00,0.00,0.00,0.00,0.00,3.13,0.00,2.16,0.00,0.00,0.00,0.00
102,Patnt,PjSha,Exten,165,0.00,0.00,91.83,6.74,0.00,0.00,0.00,0.00,0.00,3.03,0.00,2.17,0.00,0.00,0.00,0.00
102,Patnt,PjSha,Exten,175,0.00,0.00,86.20,6.76,0.00,0.00,0.00,0.00,0.00,2.92,0.00,2.17,0.00,0.00,0.00,0.00
102,Patnt,PjSha,Exten,185,0.00,0.00,80.32,6.78,0.00,0.00,0.00,0.00,0.00,2.81,0.00,2.15,0.00,0.00,0.00,0.00
102,Patnt,PjSha,Exten,195,0.00,0.00,74.35,6.80,0.00,0.00,0.00,0.00,0.00,2.70,0.00,2.13,0.00,0.00,0.00,0.00
102,Patnt,PjSha,Exten,205,0.00,0.00,68.43,6.81,0.00,0.00,0.00,0.00,0.00,2.59,0.00,2.10,0.00,0.00,0.00,0.00
102,Patnt,PjSha,Exten,215,0.00,0.00,62.66,6.82,0.00,0.00,0.00,0.00,0.00,2.48,0.00,2.07,0.00,0.00,0.00,0.00
102,Patnt,PjSha,Exten,225,0.00,0.00,57.12,6.83,0.00,0.00,0.00,0.00,0.00,2.37,0.00,2.03,0.00,0.00,0.00,0.00
102,Patnt,PjSha,Exten,235,0.00,0.00,51.87,6.84,0.00,0.00,0.00,0.00,0.00,2.27,0.00,2.00,0.00,0.00,0.00,0.00
102,Patnt,PjSha,Exten,245,0.00,0.00,46.94,6.84,0.00,0.00,0.00,0.00,0.00,2.17,0.00,1.95,0.00,0.00,0.00,0.00
102,Patnt,PjSha,Exten,255,0.00,0.00,42.35,6.85,0.00,0.00,0.00,0.00,0.00,2.08,0.00,1.91,0.00,0.00,0.00,0.00
103,3w,PjSha,Basc1,5,0.00,0.00,0.00,0.00,0.00,0.00,0.00,0.00,0.00,0.00,0.00,0.00,0.00,0.00,0.00,0.00
103,3w,PjSha,Basc1,15,0.00,0.00,8.38,0.71,0.00,0.00,0.00,0.00,0.00,0.08,0.00,0.09,0.00,0.00,0.00,0.00
103,3w,PjSha,Basc1,25,0.00,0.00,23.42,2.57,0.00,0.00,0.00,0.00,0.00,0.29,0.00,0.30,0.00,0.00,0.00,0.00
103,3w,PjSha,Basc1,35,0.00,0.00,41.36,4.60,0.00,0.00,0.00,0.00,0.00,0.58,0.00,0.60,0.00,0.00,0.00,0.00
103,3w,PjSha,Basc1,45,0.00,0.00,59.34,5.99,0.00,0.00,0.00,0.00,0.00,0.89,0.00,0.95,0.00,0.00,0.00,0.00
103,3w,PjSha,Basc1,55,0.00,0.00,75.46,6.73,0.00,0.00,0.00,0.00,0.00,1.18,0.00,1.29,0.00,0.00,0.00,0.00
103,3w,PjSha,Basc1,65,0.00,0.00,88.59,7.07,0.00,0.00,0.00,0.00,0.00,1.41,0.00,1.61,0.00,0.00,0.00,0.00
103,3w,PjSha,Basc1,75,0.00,0.00,98.26,7.20,0.00,0.00,0.00,0.00,0.00,1.58,0.00,1.88,0.00,0.00,0.00,0.00
103,3w,PjSha,Basc1,85,0.00,0.00,104.42,7.21,0.00,0.00,0.00,0.00,0.00,1.67,0.00,2.09,0.00,0.00,0.00,0.00
103,3w,PjSha,Basc1,95,0.00,0.00,107.24,7.14,0.00,0.00,0.00,0.00,0.00,1.70,0.00,2.24,0.00,0.00,0.00,0.00
103,3w,PjSha,Basc1,105,0.00,0.00,107.04,7.00,0.00,0.00,0.00,0.00,0.00,1.69,0.00,2.34,0.00,0.00,0.00,0.00
103,3w,PjSha,Basc1,115,0.00,0.00,104.26,6.82,0.00,0.00,0.00,0.00,0.00,1.64,0.00,2.38,0.00,0.00,0.00,0.00
103,3w,PjSha,Basc1,125,0.00,0.00,99.37,6.59,0.00,0.00,0.00,0.00,0.00,1.56,0.00,2.38,0.00,0.00,0.00,0.00
103,3w,PjSha,Basc1,135,0.00,0.00,92.89,6.34,0.00,0.00,0.00,0.00,0.00,1.46,0.00,2.33,0.00,0.00,0.00,0.00
103,3w,PjSha,Basc1,145,0.00,0.00,85.32,6.05,0.00,0.00,0.00,0.00,0.00,1.35,0.00,2.25,0.00,0.00,0.00,0.00
103,3w,PjSha,Basc1,155,0.00,0.00,77.13,5.75,0.00,0.00,0.00,0.00,0.00,1.24,0.00,2.15,0.00,0.00,0.00,0.00
103,3w,PjSha,Basc1,165,0.00,0.00,68.71,5.43,0.00,0.00,0.00,0.00,0.00,1.13,0.00,2.03,0.00,0.00,0.00,0.00
103,3w,PjSha,Basc1,175,0.00,0.00,60.38,5.10,0.00,0.00,0.00,0.00,0.00,1.02,0.00,1.90,0.00,0.00,0.00,0.00
103,3w,PjSha,Basc1,185,0.00,0.00,52.40,4.76,0.00,0.00,0.00,0.00,0.00,0.91,0.00,1.75,0.00,0.00,0.00,0.00
103,3w,PjSha,Basc1,195,0.00,0.00,44.95,4.43,0.00,0.00,0.00,0.00,0.00,0.81,0.00,1.61,0.00,0.00,0.00,0.00
103,3w,PjSha,Basc1,205,0.00,0.00,38.15,4.09,0.00,0.00,0.00,0.00,0.00,0.72,0.00,1.46,0.00,0.00,0.00,0.00
103,3w,PjSha,Basc1,215,0.00,0.00,32.04,3.76,0.00,0.00,0.00,0.00,0.00,0.63,0.00,1.32,0.00,0.00,0.00,0.00
103,3w,PjSha,Basc1,225,0.00,0.00,26.66,3.43,0.00,0.00,0.00,0.00,0.00,0.55,0.00,1.18,0.00,0.00,0.00,0.00
103,3w,PjSha,Basc1,235,0.00,0.00,21.98,3.12,0.00,0.00,0.00,0.00,0.00,0.48,0.00,1.05,0.00,0.00,0.00,0.00
103,3w,PjSha,Basc1,245,0.00,0.00,17.96,2.82,0.00,0.00,0.00,0.00,0.00,0.41,0.00,0.93,0.00,0.00,0.00,0.00
103,3w,PjSha,Basc1,255,0.00,0.00,14.56,2.53,0.00,0.00,0.00,0.00,0.00,0.35,0.00,0.82,0.00,0.00,0.00,0.00
104,Patnt,PjSha,Basc1,5,0.00,0.00,0.00,0.00,0.00,0.00,0.00,0.00,0.00,0.00,0.00,0.00,0.00,0.00,0.00,0.00
104,Patnt,PjSha,Basc1,15,0.00,0.00,7.78,0.61,0.00,0.00,0.00,0.00,0.00,0.16,0.00,0.06,0.00,0.00,0.00,0.00
104,Patnt,PjSha,Basc1,25,0.00,0.00,21.50,2.19,0.00,0.00,0.00,0.00,0.00,0.54,0.00,0.22,0.00,0.00,0.00,0.00
104,Patnt,PjSha,Basc1,35,0.00,0.00,37.69,3.89,0.00,0.00,0.00,0.00,0.00,1.06,0.00,0.44,0.00,0.00,0.00,0.00
104,Patnt,PjSha,Basc1,45,0.00,0.00,53.94,5.06,0.00,0.00,0.00,0.00,0.00,1.63,0.00,0.69,0.00,0.00,0.00,0.00
104,Patnt,PjSha,Basc1,55,0.00,0.00,68.77,5.69,0.00,0.00,0.00,0.00,0.00,2.16,0.00,0.94,0.00,0.00,0.00,0.00
104,Patnt,PjSha,Basc1,65,0.00,0.00,81.41,6.03,0.00,0.00,0.00,0.00,0.00,2.60,0.00,1.18,0.00,0.00,0.00,0.00
104,Patnt,PjSha,Basc1,75,0.00,0.00,91.54,6.23,0.00,0.00,0.00,0.00,0.00,2.94,0.00,1.40,0.00,0.00,0.00,0.00
104,Patnt,PjSha,Basc1,85,0.00,0.00,99.16,6.36,0.00,0.00,0.00,0.00,0.00,3.18,0.00,1.59,0.00,0.00,0.00,0.00
104,Patnt,PjSha,Basc1,95,0.00,0.00,104.36,6.45,0.00,0.00,0.00,0.00,0.00,3.32,0.00,1.75,0.00,0.00,0.00,0.00
104,Patnt,PjSha,Basc1,105,0.00,0.00,107.32,6.52,0.00,0.00,0.00,0.00,0.00,3.39,0.00,1.88,0.00,0.00,0.00,0.00
104,Patnt,PjSha,Basc1,115,0.00,0.00,108.25,6.57,0.00,0.00,0.00,0.00,0.00,3.41,0.00,1.98,0.00,0.00,0.00,0.00
104,Patnt,PjSha,Basc1,125,0.00,0.00,107.41,6.62,0.00,0.00,0.00,0.00,0.00,3.38,0.00,2.05,0.00,0.00,0.00,0.00
104,Patnt,PjSha,Basc1,135,0.00,0.00,105.07,6.66,0.00,0.00,0.00,0.00,0.00,3.31,0.00,2.11,0.00,0.00,0.00,0.00
104,Patnt,PjSha,Basc1,145,0.00,0.00,101.51,6.69,0.00,0.00,0.00,0.00,0.00,3.23,0.00,2.14,0.00,0.00,0.00,0.00
104,Patnt,PjSha,Basc1,155,0.00,0.00,97.01,6.72,0.00,0.00,0.00,0.00,0.00,3.13,0.00,2.16,0.00,0.00,0.00,0.00
104,Patnt,PjSha,Basc1,165,0.00,0.00,91.83,6.74,0.00,0.00,0.00,0.00,0.00,3.03,0.00,2.17,0.00,0.00,0.00,0.00
104,Patnt,PjSha,Basc1,175,0.00,0.00,86.20,6.76,0.00,0.00,0.00,0.00,0.00,2.92,0.00,2.17,0.00,0.00,0.00,0.00
104,Patnt,PjSha,Basc1,185,0.00,0.00,80.32,6.78,0.00,0.00,0.00,0.00,0.00,2.81,0.00,2.15,0.00,0.00,0.00,0.00
104,Patnt,PjSha,Basc1,195,0.00,0.00,74.35,6.80,0.00,0.00,0.00,0.00,0.00,2.70,0.00,2.13,0.00,0.00,0.00,0.00
104,Patnt,PjSha,Basc1,205,0.00,0.00,68.43,6.81,0.00,0.00,0.00,0.00,0.00,2.59,0.00,2.10,0.00,0.00,0.00,0.00
104,Patnt,PjSha,Basc1,215,0.00,0.00,62.66,6.82,0.00,0.00,0.00,0.00,0.00,2.48,0.00,2.07,0.00,0.00,0.00,0.00
104,Patnt,PjSha,Basc1,225,0.00,0.00,57.12,6.83,0.00,0.00,0.00,0.00,0.00,2.37,0.00,2.03,0.00,0.00,0.00,0.00
104,Patnt,PjSha,Basc1,235,0.00,0.00,51.87,6.84,0.00,0.00,0.00,0.00,0.00,2.27,0.00,2.00,0.00,0.00,0.00,0.00
104,Patnt,PjSha,Basc1,245,0.00,0.00,46.94,6.84,0.00,0.00,0.00,0.00,0.00,2.17,0.00,1.95,0.00,0.00,0.00,0.00
104,Patnt,PjSha,Basc1,255,0.00,0.00,42.35,6.85,0.00,0.00,0.00,0.00,0.00,2.08,0.00,1.91,0.00,0.00,0.00,0.00
105,3w,PjSha,Basc2,5,0.00,0.00,0.00,0.00,0.00,0.00,0.00,0.00,0.00,0.00,0.00,0.00,0.00,0.00,0.00,0.00
105,3w,PjSha,Basc2,15,0.00,0.00,6.54,0.58,0.00,0.00,0.00,0.00,0.00,0.13,0.00,0.05,0.00,0.00,0.00,0.00
105,3w,PjSha,Basc2,25,0.00,0.00,18.23,2.09,0.00,0.00,0.00,0.00,0.00,0.46,0.00,0.19,0.00,0.00,0.00,0.00
105,3w,PjSha,Basc2,35,0.00,0.00,32.34,3.75,0.00,0.00,0.00,0.00,0.00,0.92,0.00,0.38,0.00,0.00,0.00,0.00
105,3w,PjSha,Basc2,45,0.00,0.00,46.70,4.92,0.00,0.00,0.00,0.00,0.00,1.42,0.00,0.61,0.00,0.00,0.00,0.00
105,3w,PjSha,Basc2,55,0.00,0.00,59.76,5.56,0.00,0.00,0.00,0.00,0.00,1.89,0.00,0.84,0.00,0.00,0.00,0.00
105,3w,PjSha,Basc2,65,0.00,0.00,70.58,5.88,0.00,0.00,0.00,0.00,0.00,2.27,0.00,1.05,0.00,0.00,0.00,0.00
105,3w,PjSha,Basc2,75,0.00,0.00,78.73,6.03,0.00,0.00,0.00,0.00,0.00,2.54,0.00,1.23,0.00,0.00,0.00,0.00
105,3w,PjSha,Basc2,85,0.00,0.00,84.09,6.07,0.00,0.00,0.00,0.00,0.00,2.71,0.00,1.38,0.00,0.00,0.00,0.00
105,3w,PjSha,Basc2,95,0.00,0.00,86.75,6.03,0.00,0.00,0.00,0.00,0.00,2.78,0.00,1.48,0.00,0.00,0.00,0.00
105,3w,PjSha,Basc2,105,0.00,0.00,86.96,5.94,0.00,0.00,0.00,0.00,0.00,2.76,0.00,1.55,0.00,0.00,0.00,0.00
105,3w,PjSha,Basc2,115,0.00,0.00,85.01,5.81,0.00,0.00,0.00,0.00,0.00,2.69,0.00,1.59,0.00,0.00,0.00,0.00
105,3w,PjSha,Basc2,125,0.00,0.00,81.30,5.64,0.00,0.00,0.00,0.00,0.00,2.57,0.00,1.59,0.00,0.00,0.00,0.00
105,3w,PjSha,Basc2,135,0.00,0.00,76.22,5.43,0.00,0.00,0.00,0.00,0.00,2.42,0.00,1.56,0.00,0.00,0.00,0.00
105,3w,PjSha,Basc2,145,0.00,0.00,70.20,5.20,0.00,0.00,0.00,0.00,0.00,2.25,0.00,1.51,0.00,0.00,0.00,0.00
105,3w,PjSha,Basc2,155,0.00,0.00,63.61,4.95,0.00,0.00,0.00,0.00,0.00,2.07,0.00,1.45,0.00,0.00,0.00,0.00
105,3w,PjSha,Basc2,165,0.00,0.00,56.78,4.69,0.00,0.00,0.00,0.00,0.00,1.88,0.00,1.37,0.00,0.00,0.00,0.00
105,3w,PjSha,Basc2,175,0.00,0.00,49.99,4.41,0.00,0.00,0.00,0.00,0.00,1.70,0.00,1.28,0.00,0.00,0.00,0.00
105,3w,PjSha,Basc2,185,0.00,0.00,43.45,4.13,0.00,0.00,0.00,0.00,0.00,1.53,0.00,1.19,0.00,0.00,0.00,0.00
105,3w,PjSha,Basc2,195,0.00,0.00,37.33,3.84,0.00,0.00,0.00,0.00,0.00,1.36,0.00,1.09,0.00,0.00,0.00,0.00
105,3w,PjSha,Basc2,205,0.00,0.00,31.71,3.55,0.00,0.00,0.00,0.00,0.00,1.20,0.00,0.99,0.00,0.00,0.00,0.00
105,3w,PjSha,Basc2,215,0.00,0.00,26.67,3.27,0.00,0.00,0.00,0.00,0.00,1.06,0.00,0.90,0.00,0.00,0.00,0.00
105,3w,PjSha,Basc2,225,0.00,0.00,22.21,2.99,0.00,0.00,0.00,0.00,0.00,0.93,0.00,0.81,0.00,0.00,0.00,0.00
105,3w,PjSha,Basc2,235,0.00,0.00,18.32,2.72,0.00,0.00,0.00,0.00,0.00,0.80,0.00,0.72,0.00,0.00,0.00,0.00
105,3w,PjSha,Basc2,245,0.00,0.00,14.99,2.46,0.00,0.00,0.00,0.00,0.00,0.69,0.00,0.63,0.00,0.00,0.00,0.00
105,3w,PjSha,Basc2,255,0.00,0.00,12.16,2.21,0.00,0.00,0.00,0.00,0.00,0.60,0.00,0.56,0.00,0.00,0.00,0.00
106,Patnt,PjSha,Basc2,5,0.00,0.00,0.00,0.00,0.00,0.00,0.00,0.00,0.00,0.00,0.00,0.00,0.00,0.00,0.00,0.00
106,Patnt,PjSha,Basc2,15,0.00,0.00,7.78,0.61,0.00,0.00,0.00,0.00,0.00,0.16,0.00,0.06,0.00,0.00,0.00,0.00
106,Patnt,PjSha,Basc2,25,0.00,0.00,21.50,2.19,0.00,0.00,0.00,0.00,0.00,0.54,0.00,0.22,0.00,0.00,0.00,0.00
106,Patnt,PjSha,Basc2,35,0.00,0.00,37.69,3.89,0.00,0.00,0.00,0.00,0.00,1.06,0.00,0.44,0.00,0.00,0.00,0.00
106,Patnt,PjSha,Basc2,45,0.00,0.00,53.94,5.06,0.00,0.00,0.00,0.00,0.00,1.63,0.00,0.69,0.00,0.00,0.00,0.00
106,Patnt,PjSha,Basc2,55,0.00,0.00,68.77,5.69,0.00,0.00,0.00,0.00,0.00,2.16,0.00,0.94,0.00,0.00,0.00,0.00
106,Patnt,PjSha,Basc2,65,0.00,0.00,81.41,6.03,0.00,0.00,0.00,0.00,0.00,2.60,0.00,1.18,0.00,0.00,0.00,0.00
106,Patnt,PjSha,Basc2,75,0.00,0.00,91.54,6.23,0.00,0.00,0.00,0.00,0.00,2.94,0.00,1.40,0.00,0.00,0.00,0.00
106,Patnt,PjSha,Basc2,85,0.00,0.00,99.16,6.36,0.00,0.00,0.00,0.00,0.00,3.18,0.00,1.59,0.00,0.00,0.00,0.00
106,Patnt,PjSha,Basc2,95,0.00,0.00,104.36,6.45,0.00,0.00,0.00,0.00,0.00,3.32,0.00,1.75,0.00,0.00,0.00,0.00
106,Patnt,PjSha,Basc2,105,0.00,0.00,107.32,6.52,0.00,0.00,0.00,0.00,0.00,3.39,0.00,1.88,0.00,0.00,0.00,0.00
106,Patnt,PjSha,Basc2,115,0.00,0.00,108.25,6.57,0.00,0.00,0.00,0.00,0.00,3.41,0.00,1.98,0.00,0.00,0.00,0.00
106,Patnt,PjSha,Basc2,125,0.00,0.00,107.41,6.62,0.00,0.00,0.00,0.00,0.00,3.38,0.00,2.05,0.00,0.00,0.00,0.00
106,Patnt,PjSha,Basc2,135,0.00,0.00,105.07,6.66,0.00,0.00,0.00,0.00,0.00,3.31,0.00,2.11,0.00,0.00,0.00,0.00
106,Patnt,PjSha,Basc2,145,0.00,0.00,101.51,6.69,0.00,0.00,0.00,0.00,0.00,3.23,0.00,2.14,0.00,0.00,0.00,0.00
106,Patnt,PjSha,Basc2,155,0.00,0.00,97.01,6.72,0.00,0.00,0.00,0.00,0.00,3.13,0.00,2.16,0.00,0.00,0.00,0.00
106,Patnt,PjSha,Basc2,165,0.00,0.00,91.83,6.74,0.00,0.00,0.00,0.00,0.00,3.03,0.00,2.17,0.00,0.00,0.00,0.00
106,Patnt,PjSha,Basc2,175,0.00,0.00,86.20,6.76,0.00,0.00,0.00,0.00,0.00,2.92,0.00,2.17,0.00,0.00,0.00,0.00
106,Patnt,PjSha,Basc2,185,0.00,0.00,80.32,6.78,0.00,0.00,0.00,0.00,0.00,2.81,0.00,2.15,0.00,0.00,0.00,0.00
106,Patnt,PjSha,Basc2,195,0.00,0.00,74.35,6.80,0.00,0.00,0.00,0.00,0.00,2.70,0.00,2.13,0.00,0.00,0.00,0.00
106,Patnt,PjSha,Basc2,205,0.00,0.00,68.43,6.81,0.00,0.00,0.00,0.00,0.00,2.59,0.00,2.10,0.00,0.00,0.00,0.00
106,Patnt,PjSha,Basc2,215,0.00,0.00,62.66,6.82,0.00,0.00,0.00,0.00,0.00,2.48,0.00,2.07,0.00,0.00,0.00,0.00
106,Patnt,PjSha,Basc2,225,0.00,0.00,57.12,6.83,0.00,0.00,0.00,0.00,0.00,2.37,0.00,2.03,0.00,0.00,0.00,0.00
106,Patnt,PjSha,Basc2,235,0.00,0.00,51.87,6.84,0.00,0.00,0.00,0.00,0.00,2.27,0.00,2.00,0.00,0.00,0.00,0.00
106,Patnt,PjSha,Basc2,245,0.00,0.00,46.94,6.84,0.00,0.00,0.00,0.00,0.00,2.17,0.00,1.95,0.00,0.00,0.00,0.00
106,Patnt,PjSha,Basc2,255,0.00,0.00,42.35,6.85,0.00,0.00,0.00,0.00,0.00,2.08,0.00,1.91,0.00,0.00,0.00,0.00
107,3w,PjSha,Intn1,5,0.00,0.00,0.00,0.00,0.00,0.00,0.00,0.00,0.00,0.00,0.00,0.00,0.00,0.00,0.00,0.00
107,3w,PjSha,Intn1,15,0.00,0.00,6.54,0.58,0.00,0.00,0.00,0.00,0.00,0.13,0.00,0.05,0.00,0.00,0.00,0.00
107,3w,PjSha,Intn1,25,0.00,0.00,18.23,2.09,0.00,0.00,0.00,0.00,0.00,0.46,0.00,0.19,0.00,0.00,0.00,0.00
107,3w,PjSha,Intn1,35,0.00,0.00,32.34,3.75,0.00,0.00,0.00,0.00,0.00,0.92,0.00,0.38,0.00,0.00,0.00,0.00
107,3w,PjSha,Intn1,45,0.00,0.00,46.70,4.92,0.00,0.00,0.00,0.00,0.00,1.42,0.00,0.61,0.00,0.00,0.00,0.00
107,3w,PjSha,Intn1,55,0.00,0.00,59.76,5.56,0.00,0.00,0.00,0.00,0.00,1.89,0.00,0.84,0.00,0.00,0.00,0.00
107,3w,PjSha,Intn1,65,0.00,0.00,70.58,5.88,0.00,0.00,0.00,0.00,0.00,2.27,0.00,1.05,0.00,0.00,0.00,0.00
107,3w,PjSha,Intn1,75,0.00,0.00,78.73,6.03,0.00,0.00,0.00,0.00,0.00,2.54,0.00,1.23,0.00,0.00,0.00,0.00
107,3w,PjSha,Intn1,85,0.00,0.00,84.09,6.07,0.00,0.00,0.00,0.00,0.00,2.71,0.00,1.38,0.00,0.00,0.00,0.00
107,3w,PjSha,Intn1,95,0.00,0.00,86.75,6.03,0.00,0.00,0.00,0.00,0.00,2.78,0.00,1.48,0.00,0.00,0.00,0.00
107,3w,PjSha,Intn1,105,0.00,0.00,86.96,5.94,0.00,0.00,0.00,0.00,0.00,2.76,0.00,1.55,0.00,0.00,0.00,0.00
107,3w,PjSha,Intn1,115,0.00,0.00,85.01,5.81,0.00,0.00,0.00,0.00,0.00,2.69,0.00,1.59,0.00,0.00,0.00,0.00
107,3w,PjSha,Intn1,125,0.00,0.00,81.30,5.64,0.00,0.00,0.00,0.00,0.00,2.57,0.00,1.59,0.00,0.00,0.00,0.00
107,3w,PjSha,Intn1,135,0.00,0.00,76.22,5.43,0.00,0.00,0.00,0.00,0.00,2.42,0.00,1.56,0.00,0.00,0.00,0.00
107,3w,PjSha,Intn1,145,0.00,0.00,70.20,5.20,0.00,0.00,0.00,0.00,0.00,2.25,0.00,1.51,0.00,0.00,0.00,0.00
107,3w,PjSha,Intn1,155,0.00,0.00,63.61,4.95,0.00,0.00,0.00,0.00,0.00,2.07,0.00,1.45,0.00,0.00,0.00,0.00
107,3w,PjSha,Intn1,165,0.00,0.00,56.78,4.69,0.00,0.00,0.00,0.00,0.00,1.88,0.00,1.37,0.00,0.00,0.00,0.00
107,3w,PjSha,Intn1,175,0.00,0.00,49.99,4.41,0.00,0.00,0.00,0.00,0.00,1.70,0.00,1.28,0.00,0.00,0.00,0.00
107,3w,PjSha,Intn1,185,0.00,0.00,43.45,4.13,0.00,0.00,0.00,0.00,0.00,1.53,0.00,1.19,0.00,0.00,0.00,0.00
107,3w,PjSha,Intn1,195,0.00,0.00,37.33,3.84,0.00,0.00,0.00,0.00,0.00,1.36,0.00,1.09,0.00,0.00,0.00,0.00
107,3w,PjSha,Intn1,205,0.00,0.00,31.71,3.55,0.00,0.00,0.00,0.00,0.00,1.20,0.00,0.99,0.00,0.00,0.00,0.00
107,3w,PjSha,Intn1,215,0.00,0.00,26.67,3.27,0.00,0.00,0.00,0.00,0.00,1.06,0.00,0.90,0.00,0.00,0.00,0.00
107,3w,PjSha,Intn1,225,0.00,0.00,22.21,2.99,0.00,0.00,0.00,0.00,0.00,0.93,0.00,0.81,0.00,0.00,0.00,0.00
107,3w,PjSha,Intn1,235,0.00,0.00,18.32,2.72,0.00,0.00,0.00,0.00,0.00,0.80,0.00,0.72,0.00,0.00,0.00,0.00
107,3w,PjSha,Intn1,245,0.00,0.00,14.99,2.46,0.00,0.00,0.00,0.00,0.00,0.69,0.00,0.63,0.00,0.00,0.00,0.00
107,3w,PjSha,Intn1,255,0.00,0.00,12.16,2.21,0.00,0.00,0.00,0.00,0.00,0.60,0.00,0.56,0.00,0.00,0.00,0.00
108,Patnt,PjSha,Intn1,5,0.00,0.00,0.00,0.00,0.00,0.00,0.00,0.00,0.00,0.00,0.00,0.00,0.00,0.00,0.00,0.00
108,Patnt,PjSha,Intn1,15,0.00,0.00,7.78,0.61,0.00,0.00,0.00,0.00,0.00,0.16,0.00,0.06,0.00,0.00,0.00,0.00
108,Patnt,PjSha,Intn1,25,0.00,0.00,21.50,2.19,0.00,0.00,0.00,0.00,0.00,0.54,0.00,0.22,0.00,0.00,0.00,0.00
108,Patnt,PjSha,Intn1,35,0.00,0.00,37.69,3.89,0.00,0.00,0.00,0.00,0.00,1.06,0.00,0.44,0.00,0.00,0.00,0.00
108,Patnt,PjSha,Intn1,45,0.00,0.00,53.94,5.06,0.00,0.00,0.00,0.00,0.00,1.63,0.00,0.69,0.00,0.00,0.00,0.00
108,Patnt,PjSha,Intn1,55,0.00,0.00,68.77,5.69,0.00,0.00,0.00,0.00,0.00,2.16,0.00,0.94,0.00,0.00,0.00,0.00
108,Patnt,PjSha,Intn1,65,0.00,0.00,81.41,6.03,0.00,0.00,0.00,0.00,0.00,2.60,0.00,1.18,0.00,0.00,0.00,0.00
108,Patnt,PjSha,Intn1,75,0.00,0.00,91.54,6.23,0.00,0.00,0.00,0.00,0.00,2.94,0.00,1.40,0.00,0.00,0.00,0.00
108,Patnt,PjSha,Intn1,85,0.00,0.00,99.16,6.36,0.00,0.00,0.00,0.00,0.00,3.18,0.00,1.59,0.00,0.00,0.00,0.00
108,Patnt,PjSha,Intn1,95,0.00,0.00,104.36,6.45,0.00,0.00,0.00,0.00,0.00,3.32,0.00,1.75,0.00,0.00,0.00,0.00
108,Patnt,PjSha,Intn1,105,0.00,0.00,107.32,6.52,0.00,0.00,0.00,0.00,0.00,3.39,0.00,1.88,0.00,0.00,0.00,0.00
108,Patnt,PjSha,Intn1,115,0.00,0.00,108.25,6.57,0.00,0.00,0.00,0.00,0.00,3.41,0.00,1.98,0.00,0.00,0.00,0.00
108,Patnt,PjSha,Intn1,125,0.00,0.00,107.41,6.62,0.00,0.00,0.00,0.00,0.00,3.38,0.00,2.05,0.00,0.00,0.00,0.00
108,Patnt,PjSha,Intn1,135,0.00,0.00,105.07,6.66,0.00,0.00,0.00,0.00,0.00,3.31,0.00,2.11,0.00,0.00,0.00,0.00
108,Patnt,PjSha,Intn1,145,0.00,0.00,101.51,6.69,0.00,0.00,0.00,0.00,0.00,3.23,0.00,2.14,0.00,0.00,0.00,0.00
108,Patnt,PjSha,Intn1,155,0.00,0.00,97.01,6.72,0.00,0.00,0.00,0.00,0.00,3.13,0.00,2.16,0.00,0.00,0.00,0.00
108,Patnt,PjSha,Intn1,165,0.00,0.00,91.83,6.74,0.00,0.00,0.00,0.00,0.00,3.03,0.00,2.17,0.00,0.00,0.00,0.00
108,Patnt,PjSha,Intn1,175,0.00,0.00,86.20,6.76,0.00,0.00,0.00,0.00,0.00,2.92,0.00,2.17,0.00,0.00,0.00,0.00
108,Patnt,PjSha,Intn1,185,0.00,0.00,80.32,6.78,0.00,0.00,0.00,0.00,0.00,2.81,0.00,2.15,0.00,0.00,0.00,0.00
108,Patnt,PjSha,Intn1,195,0.00,0.00,74.35,6.80,0.00,0.00,0.00,0.00,0.00,2.70,0.00,2.13,0.00,0.00,0.00,0.00
108,Patnt,PjSha,Intn1,205,0.00,0.00,68.43,6.81,0.00,0.00,0.00,0.00,0.00,2.59,0.00,2.10,0.00,0.00,0.00,0.00
108,Patnt,PjSha,Intn1,215,0.00,0.00,62.66,6.82,0.00,0.00,0.00,0.00,0.00,2.48,0.00,2.07,0.00,0.00,0.00,0.00
108,Patnt,PjSha,Intn1,225,0.00,0.00,57.12,6.83,0.00,0.00,0.00,0.00,0.00,2.37,0.00,2.03,0.00,0.00,0.00,0.00
108,Patnt,PjSha,Intn1,235,0.00,0.00,51.87,6.84,0.00,0.00,0.00,0.00,0.00,2.27,0.00,2.00,0.00,0.00,0.00,0.00
108,Patnt,PjSha,Intn1,245,0.00,0.00,46.94,6.84,0.00,0.00,0.00,0.00,0.00,2.17,0.00,1.95,0.00,0.00,0.00,0.00
108,Patnt,PjSha,Intn1,255,0.00,0.00,42.35,6.85,0.00,0.00,0.00,0.00,0.00,2.08,0.00,1.91,0.00,0.00,0.00,0.00
109,3w,PjSha,Intn2,5,0.00,0.00,0.00,0.00,0.00,0.00,0.00,0.00,0.00,0.00,0.00,0.00,0.00,0.00,0.00,0.00
109,3w,PjSha,Intn2,15,0.00,0.00,6.54,0.58,0.00,0.00,0.00,0.00,0.00,0.13,0.00,0.05,0.00,0.00,0.00,0.00
109,3w,PjSha,Intn2,25,0.00,0.00,18.23,2.09,0.00,0.00,0.00,0.00,0.00,0.46,0.00,0.19,0.00,0.00,0.00,0.00
109,3w,PjSha,Intn2,35,0.00,0.00,32.34,3.75,0.00,0.00,0.00,0.00,0.00,0.92,0.00,0.38,0.00,0.00,0.00,0.00
109,3w,PjSha,Intn2,45,0.00,0.00,46.70,4.92,0.00,0.00,0.00,0.00,0.00,1.42,0.00,0.61,0.00,0.00,0.00,0.00
109,3w,PjSha,Intn2,55,0.00,0.00,59.76,5.56,0.00,0.00,0.00,0.00,0.00,1.89,0.00,0.84,0.00,0.00,0.00,0.00
109,3w,PjSha,Intn2,65,0.00,0.00,70.58,5.88,0.00,0.00,0.00,0.00,0.00,2.27,0.00,1.05,0.00,0.00,0.00,0.00
109,3w,PjSha,Intn2,75,0.00,0.00,78.73,6.03,0.00,0.00,0.00,0.00,0.00,2.54,0.00,1.23,0.00,0.00,0.00,0.00
109,3w,PjSha,Intn2,85,0.00,0.00,84.09,6.07,0.00,0.00,0.00,0.00,0.00,2.71,0.00,1.38,0.00,0.00,0.00,0.00
109,3w,PjSha,Intn2,95,0.00,0.00,86.75,6.03,0.00,0.00,0.00,0.00,0.00,2.78,0.00,1.48,0.00,0.00,0.00,0.00
109,3w,PjSha,Intn2,105,0.00,0.00,86.96,5.94,0.00,0.00,0.00,0.00,0.00,2.76,0.00,1.55,0.00,0.00,0.00,0.00
109,3w,PjSha,Intn2,115,0.00,0.00,85.01,5.81,0.00,0.00,0.00,0.00,0.00,2.69,0.00,1.59,0.00,0.00,0.00,0.00
109,3w,PjSha,Intn2,125,0.00,0.00,81.30,5.64,0.00,0.00,0.00,0.00,0.00,2.57,0.00,1.59,0.00,0.00,0.00,0.00
109,3w,PjSha,Intn2,135,0.00,0.00,76.22,5.43,0.00,0.00,0.00,0.00,0.00,2.42,0.00,1.56,0.00,0.00,0.00,0.00
109,3w,PjSha,Intn2,145,0.00,0.00,70.20,5.20,0.00,0.00,0.00,0.00,0.00,2.25,0.00,1.51,0.00,0.00,0.00,0.00
109,3w,PjSha,Intn2,155,0.00,0.00,63.61,4.95,0.00,0.00,0.00,0.00,0.00,2.07,0.00,1.45,0.00,0.00,0.00,0.00
109,3w,PjSha,Intn2,165,0.00,0.00,56.78,4.69,0.00,0.00,0.00,0.00,0.00,1.88,0.00,1.37,0.00,0.00,0.00,0.00
109,3w,PjSha,Intn2,175,0.00,0.00,49.99,4.41,0.00,0.00,0.00,0.00,0.00,1.70,0.00,1.28,0.00,0.00,0.00,0.00
109,3w,PjSha,Intn2,185,0.00,0.00,43.45,4.13,0.00,0.00,0.00,0.00,0.00,1.53,0.00,1.19,0.00,0.00,0.00,0.00
109,3w,PjSha,Intn2,195,0.00,0.00,37.33,3.84,0.00,0.00,0.00,0.00,0.00,1.36,0.00,1.09,0.00,0.00,0.00,0.00
109,3w,PjSha,Intn2,205,0.00,0.00,31.71,3.55,0.00,0.00,0.00,0.00,0.00,1.20,0.00,0.99,0.00,0.00,0.00,0.00
109,3w,PjSha,Intn2,215,0.00,0.00,26.67,3.27,0.00,0.00,0.00,0.00,0.00,1.06,0.00,0.90,0.00,0.00,0.00,0.00
109,3w,PjSha,Intn2,225,0.00,0.00,22.21,2.99,0.00,0.00,0.00,0.00,0.00,0.93,0.00,0.81,0.00,0.00,0.00,0.00
109,3w,PjSha,Intn2,235,0.00,0.00,18.32,2.72,0.00,0.00,0.00,0.00,0.00,0.80,0.00,0.72,0.00,0.00,0.00,0.00
109,3w,PjSha,Intn2,245,0.00,0.00,14.99,2.46,0.00,0.00,0.00,0.00,0.00,0.69,0.00,0.63,0.00,0.00,0.00,0.00
109,3w,PjSha,Intn2,255,0.00,0.00,12.16,2.21,0.00,0.00,0.00,0.00,0.00,0.60,0.00,0.56,0.00,0.00,0.00,0.00
110,Patnt,PjSha,Intn2,5,0.00,0.00,0.00,0.00,0.00,0.00,0.00,0.00,0.00,0.00,0.00,0.00,0.00,0.00,0.00,0.00
110,Patnt,PjSha,Intn2,15,0.00,0.00,7.78,0.61,0.00,0.00,0.00,0.00,0.00,0.16,0.00,0.06,0.00,0.00,0.00,0.00
110,Patnt,PjSha,Intn2,25,0.00,0.00,21.50,2.19,0.00,0.00,0.00,0.00,0.00,0.54,0.00,0.22,0.00,0.00,0.00,0.00
110,Patnt,PjSha,Intn2,35,0.00,0.00,37.69,3.89,0.00,0.00,0.00,0.00,0.00,1.06,0.00,0.44,0.00,0.00,0.00,0.00
110,Patnt,PjSha,Intn2,45,0.00,0.00,53.94,5.06,0.00,0.00,0.00,0.00,0.00,1.63,0.00,0.69,0.00,0.00,0.00,0.00
110,Patnt,PjSha,Intn2,55,0.00,0.00,68.77,5.69,0.00,0.00,0.00,0.00,0.00,2.16,0.00,0.94,0.00,0.00,0.00,0.00
110,Patnt,PjSha,Intn2,65,0.00,0.00,81.41,6.03,0.00,0.00,0.00,0.00,0.00,2.60,0.00,1.18,0.00,0.00,0.00,0.00
110,Patnt,PjSha,Intn2,75,0.00,0.00,91.54,6.23,0.00,0.00,0.00,0.00,0.00,2.94,0.00,1.40,0.00,0.00,0.00,0.00
110,Patnt,PjSha,Intn2,85,0.00,0.00,99.16,6.36,0.00,0.00,0.00,0.00,0.00,3.18,0.00,1.59,0.00,0.00,0.00,0.00
110,Patnt,PjSha,Intn2,95,0.00,0.00,104.36,6.45,0.00,0.00,0.00,0.00,0.00,3.32,0.00,1.75,0.00,0.00,0.00,0.00
110,Patnt,PjSha,Intn2,105,0.00,0.00,107.32,6.52,0.00,0.00,0.00,0.00,0.00,3.39,0.00,1.88,0.00,0.00,0.00,0.00
110,Patnt,PjSha,Intn2,115,0.00,0.00,108.25,6.57,0.00,0.00,0.00,0.00,0.00,3.41,0.00,1.98,0.00,0.00,0.00,0.00
110,Patnt,PjSha,Intn2,125,0.00,0.00,107.41,6.62,0.00,0.00,0.00,0.00,0.00,3.38,0.00,2.05,0.00,0.00,0.00,0.00
110,Patnt,PjSha,Intn2,135,0.00,0.00,105.07,6.66,0.00,0.00,0.00,0.00,0.00,3.31,0.00,2.11,0.00,0.00,0.00,0.00
110,Patnt,PjSha,Intn2,145,0.00,0.00,101.51,6.69,0.00,0.00,0.00,0.00,0.00,3.23,0.00,2.14,0.00,0.00,0.00,0.00
110,Patnt,PjSha,Intn2,155,0.00,0.00,97.01,6.72,0.00,0.00,0.00,0.00,0.00,3.13,0.00,2.16,0.00,0.00,0.00,0.00
110,Patnt,PjSha,Intn2,165,0.00,0.00,91.83,6.74,0.00,0.00,0.00,0.00,0.00,3.03,0.00,2.17,0.00,0.00,0.00,0.00
110,Patnt,PjSha,Intn2,175,0.00,0.00,86.20,6.76,0.00,0.00,0.00,0.00,0.00,2.92,0.00,2.17,0.00,0.00,0.00,0.00
110,Patnt,PjSha,Intn2,185,0.00,0.00,80.32,6.78,0.00,0.00,0.00,0.00,0.00,2.81,0.00,2.15,0.00,0.00,0.00,0.00
110,Patnt,PjSha,Intn2,195,0.00,0.00,74.35,6.80,0.00,0.00,0.00,0.00,0.00,2.70,0.00,2.13,0.00,0.00,0.00,0.00
110,Patnt,PjSha,Intn2,205,0.00,0.00,68.43,6.81,0.00,0.00,0.00,0.00,0.00,2.59,0.00,2.10,0.00,0.00,0.00,0.00
110,Patnt,PjSha,Intn2,215,0.00,0.00,62.66,6.82,0.00,0.00,0.00,0.00,0.00,2.48,0.00,2.07,0.00,0.00,0.00,0.00
110,Patnt,PjSha,Intn2,225,0.00,0.00,57.12,6.83,0.00,0.00,0.00,0.00,0.00,2.37,0.00,2.03,0.00,0.00,0.00,0.00
110,Patnt,PjSha,Intn2,235,0.00,0.00,51.87,6.84,0.00,0.00,0.00,0.00,0.00,2.27,0.00,2.00,0.00,0.00,0.00,0.00
110,Patnt,PjSha,Intn2,245,0.00,0.00,46.94,6.84,0.00,0.00,0.00,0.00,0.00,2.17,0.00,1.95,0.00,0.00,0.00,0.00
110,Patnt,PjSha,Intn2,255,0.00,0.00,42.35,6.85,0.00,0.00,0.00,0.00,0.00,2.08,0.00,1.91,0.00,0.00,0.00,0.00
113,3w,PjDee,Prsnt,5,0.00,0.00,0.00,0.00,0.00,0.00,0.00,0.00,0.00,0.00,0.00,0.00,0.00,0.00,0.00,0.00
113,3w,PjDee,Prsnt,15,0.00,0.00,12.79,1.08,0.00,0.00,0.00,0.00,0.00,0.32,0.00,0.02,0.00,0.00,0.00,0.00
113,3w,PjDee,Prsnt,25,0.00,0.00,32.53,3.52,0.00,0.00,0.00,0.00,0.00,1.01,0.00,0.08,0.00,0.00,0.00,0.00
113,3w,PjDee,Prsnt,35,0.00,0.00,54.32,5.96,0.00,0.00,0.00,0.00,0.00,1.89,0.00,0.15,0.00,0.00,0.00,0.00
113,3w,PjDee,Prsnt,45,0.00,0.00,75.36,7.51,0.00,0.00,0.00,0.00,0.00,2.81,0.00,0.23,0.00,0.00,0.00,0.00
113,3w,PjDee,Prsnt,55,0.00,0.00,94.04,8.28,0.00,0.00,0.00,0.00,0.00,3.65,0.00,0.31,0.00,0.00,0.00,0.00
113,3w,PjDee,Prsnt,65,0.00,0.00,109.42,8.62,0.00,0.00,0.00,0.00,0.00,4.32,0.00,0.39,0.00,0.00,0.00,0.00
113,3w,PjDee,Prsnt,75,0.00,0.00,121.07,8.76,0.00,0.00,0.00,0.00,0.00,4.81,0.00,0.45,0.00,0.00,0.00,0.00
113,3w,PjDee,Prsnt,85,0.00,0.00,128.87,8.79,0.00,0.00,0.00,0.00,0.00,5.10,0.00,0.51,0.00,0.00,0.00,0.00
113,3w,PjDee,Prsnt,95,0.00,0.00,132.89,8.74,0.00,0.00,0.00,0.00,0.00,5.23,0.00,0.55,0.00,0.00,0.00,0.00
113,3w,PjDee,Prsnt,105,0.00,0.00,133.36,8.62,0.00,0.00,0.00,0.00,0.00,5.21,0.00,0.57,0.00,0.00,0.00,0.00
113,3w,PjDee,Prsnt,115,0.00,0.00,130.64,8.44,0.00,0.00,0.00,0.00,0.00,5.08,0.00,0.59,0.00,0.00,0.00,0.00
113,3w,PjDee,Prsnt,125,0.00,0.00,125.22,8.21,0.00,0.00,0.00,0.00,0.00,4.86,0.00,0.59,0.00,0.00,0.00,0.00
113,3w,PjDee,Prsnt,135,0.00,0.00,117.64,7.93,0.00,0.00,0.00,0.00,0.00,4.58,0.00,0.58,0.00,0.00,0.00,0.00
113,3w,PjDee,Prsnt,145,0.00,0.00,108.51,7.60,0.00,0.00,0.00,0.00,0.00,4.26,0.00,0.56,0.00,0.00,0.00,0.00
113,3w,PjDee,Prsnt,155,0.00,0.00,98.40,7.24,0.00,0.00,0.00,0.00,0.00,3.93,0.00,0.54,0.00,0.00,0.00,0.00
113,3w,PjDee,Prsnt,165,0.00,0.00,87.83,6.86,0.00,0.00,0.00,0.00,0.00,3.58,0.00,0.51,0.00,0.00,0.00,0.00
113,3w,PjDee,Prsnt,175,0.00,0.00,77.24,6.44,0.00,0.00,0.00,0.00,0.00,3.23,0.00,0.48,0.00,0.00,0.00,0.00
113,3w,PjDee,Prsnt,185,0.00,0.00,67.00,6.02,0.00,0.00,0.00,0.00,0.00,2.89,0.00,0.44,0.00,0.00,0.00,0.00
113,3w,PjDee,Prsnt,195,0.00,0.00,57.37,5.58,0.00,0.00,0.00,0.00,0.00,2.57,0.00,0.40,0.00,0.00,0.00,0.00
113,3w,PjDee,Prsnt,205,0.00,0.00,48.52,5.14,0.00,0.00,0.00,0.00,0.00,2.26,0.00,0.36,0.00,0.00,0.00,0.00
113,3w,PjDee,Prsnt,215,0.00,0.00,40.57,4.70,0.00,0.00,0.00,0.00,0.00,1.98,0.00,0.33,0.00,0.00,0.00,0.00
113,3w,PjDee,Prsnt,225,0.00,0.00,33.55,4.27,0.00,0.00,0.00,0.00,0.00,1.72,0.00,0.29,0.00,0.00,0.00,0.00
113,3w,PjDee,Prsnt,235,0.00,0.00,27.46,3.85,0.00,0.00,0.00,0.00,0.00,1.48,0.00,0.26,0.00,0.00,0.00,0.00
113,3w,PjDee,Prsnt,245,0.00,0.00,22.24,3.45,0.00,0.00,0.00,0.00,0.00,1.27,0.00,0.22,0.00,0.00,0.00,0.00
113,3w,PjDee,Prsnt,255,0.00,0.00,17.85,3.07,0.00,0.00,0.00,0.00,0.00,1.08,0.00,0.19,0.00,0.00,0.00,0.00
114,Patnt,PjDee,Prsnt,5,0.00,0.00,0.00,0.00,0.00,0.00,0.00,0.00,0.00,0.00,0.00,0.00,0.00,0.00,0.00,0.00
114,Patnt,PjDee,Prsnt,15,0.00,0.00,12.07,0.94,0.00,0.00,0.00,0.00,0.00,0.30,0.00,0.05,0.00,0.00,0.00,0.00
114,Patnt,PjDee,Prsnt,25,0.00,0.00,30.67,3.08,0.00,0.00,0.00,0.00,0.00,0.95,0.00,0.15,0.00,0.00,0.00,0.00
114,Patnt,PjDee,Prsnt,35,0.00,0.00,51.22,5.22,0.00,0.00,0.00,0.00,0.00,1.79,0.00,0.29,0.00,0.00,0.00,0.00
114,Patnt,PjDee,Prsnt,45,0.00,0.00,71.22,6.59,0.00,0.00,0.00,0.00,0.00,2.66,0.00,0.45,0.00,0.00,0.00,0.00
114,Patnt,PjDee,Prsnt,55,0.00,0.00,89.30,7.30,0.00,0.00,0.00,0.00,0.00,3.46,0.00,0.60,0.00,0.00,0.00,0.00
114,Patnt,PjDee,Prsnt,65,0.00,0.00,104.70,7.66,0.00,0.00,0.00,0.00,0.00,4.14,0.00,0.75,0.00,0.00,0.00,0.00
114,Patnt,PjDee,Prsnt,75,0.00,0.00,117.05,7.87,0.00,0.00,0.00,0.00,0.00,4.65,0.00,0.88,0.00,0.00,0.00,0.00
114,Patnt,PjDee,Prsnt,85,0.00,0.00,126.23,8.00,0.00,0.00,0.00,0.00,0.00,5.00,0.00,1.00,0.00,0.00,0.00,0.00
114,Patnt,PjDee,Prsnt,95,0.00,0.00,132.25,8.08,0.00,0.00,0.00,0.00,0.00,5.20,0.00,1.09,0.00,0.00,0.00,0.00
114,Patnt,PjDee,Prsnt,105,0.00,0.00,135.19,8.11,0.00,0.00,0.00,0.00,0.00,5.28,0.00,1.16,0.00,0.00,0.00,0.00
114,Patnt,PjDee,Prsnt,115,0.00,0.00,135.27,8.11,0.00,0.00,0.00,0.00,0.00,5.26,0.00,1.22,0.00,0.00,0.00,0.00
114,Patnt,PjDee,Prsnt,125,0.00,0.00,132.77,8.08,0.00,0.00,0.00,0.00,0.00,5.15,0.00,1.25,0.00,0.00,0.00,0.00
114,Patnt,PjDee,Prsnt,135,0.00,0.00,128.09,8.01,0.00,0.00,0.00,0.00,0.00,4.99,0.00,1.27,0.00,0.00,0.00,0.00
114,Patnt,PjDee,Prsnt,145,0.00,0.00,121.64,7.91,0.00,0.00,0.00,0.00,0.00,4.78,0.00,1.27,0.00,0.00,0.00,0.00
114,Patnt,PjDee,Prsnt,155,0.00,0.00,113.86,7.78,0.00,0.00,0.00,0.00,0.00,4.54,0.00,1.25,0.00,0.00,0.00,0.00
114,Patnt,PjDee,Prsnt,165,0.00,0.00,105.19,7.62,0.00,0.00,0.00,0.00,0.00,4.28,0.00,1.23,0.00,0.00,0.00,0.00
114,Patnt,PjDee,Prsnt,175,0.00,0.00,96.00,7.44,0.00,0.00,0.00,0.00,0.00,4.02,0.00,1.19,0.00,0.00,0.00,0.00
114,Patnt,PjDee,Prsnt,185,0.00,0.00,86.64,7.22,0.00,0.00,0.00,0.00,0.00,3.74,0.00,1.14,0.00,0.00,0.00,0.00
114,Patnt,PjDee,Prsnt,195,0.00,0.00,77.39,6.99,0.00,0.00,0.00,0.00,0.00,3.47,0.00,1.09,0.00,0.00,0.00,0.00
114,Patnt,PjDee,Prsnt,205,0.00,0.00,68.46,6.73,0.00,0.00,0.00,0.00,0.00,3.20,0.00,1.04,0.00,0.00,0.00,0.00
114,Patnt,PjDee,Prsnt,215,0.00,0.00,60.03,6.46,0.00,0.00,0.00,0.00,0.00,2.93,0.00,0.98,0.00,0.00,0.00,0.00
114,Patnt,PjDee,Prsnt,225,0.00,0.00,52.19,6.16,0.00,0.00,0.00,0.00,0.00,2.68,0.00,0.91,0.00,0.00,0.00,0.00
114,Patnt,PjDee,Prsnt,235,0.00,0.00,45.03,5.86,0.00,0.00,0.00,0.00,0.00,2.43,0.00,0.85,0.00,0.00,0.00,0.00
114,Patnt,PjDee,Prsnt,245,0.00,0.00,38.56,5.55,0.00,0.00,0.00,0.00,0.00,2.20,0.00,0.79,0.00,0.00,0.00,0.00
114,Patnt,PjDee,Prsnt,255,0.00,0.00,32.79,5.23,0.00,0.00,0.00,0.00,0.00,1.98,0.00,0.73,0.00,0.00,0.00,0.00
115,3w,PjDee,Exten,5,0.00,0.00,0.00,0.00,0.00,0.00,0.00,0.00,0.00,0.00,0.00,0.00,0.00,0.00,0.00,0.00
115,3w,PjDee,Exten,15,0.00,0.00,13.34,0.79,0.00,0.00,0.00,0.00,0.00,0.48,0.00,0.11,0.00,0.00,0.00,0.00
115,3w,PjDee,Exten,25,0.00,0.00,33.95,2.58,0.00,0.00,0.00,0.00,0.00,1.51,0.00,0.34,0.00,0.00,0.00,0.00
115,3w,PjDee,Exten,35,0.00,0.00,56.17,4.33,0.00,0.00,0.00,0.00,0.00,2.80,0.00,0.65,0.00,0.00,0.00,0.00
115,3w,PjDee,Exten,45,0.00,0.00,77.01,5.39,0.00,0.00,0.00,0.00,0.00,4.10,0.00,0.97,0.00,0.00,0.00,0.00
115,3w,PjDee,Exten,55,0.00,0.00,94.99,5.87,0.00,0.00,0.00,0.00,0.00,5.26,0.00,1.29,0.00,0.00,0.00,0.00
115,3w,PjDee,Exten,65,0.00,0.00,109.42,6.05,0.00,0.00,0.00,0.00,0.00,6.17,0.00,1.58,0.00,0.00,0.00,0.00
115,3w,PjDee,Exten,75,0.00,0.00,120.06,6.10,0.00,0.00,0.00,0.00,0.00,6.80,0.00,1.82,0.00,0.00,0.00,0.00
115,3w,PjDee,Exten,85,0.00,0.00,126.90,6.08,0.00,0.00,0.00,0.00,0.00,7.17,0.00,2.02,0.00,0.00,0.00,0.00
115,3w,PjDee,Exten,95,0.00,0.00,130.10,6.01,0.00,0.00,0.00,0.00,0.00,7.30,0.00,2.16,0.00,0.00,0.00,0.00
115,3w,PjDee,Exten,105,0.00,0.00,129.91,5.90,0.00,0.00,0.00,0.00,0.00,7.24,0.00,2.25,0.00,0.00,0.00,0.00
115,3w,PjDee,Exten,115,0.00,0.00,126.73,5.75,0.00,0.00,0.00,0.00,0.00,7.03,0.00,2.30,0.00,0.00,0.00,0.00
115,3w,PjDee,Exten,125,0.00,0.00,121.04,5.57,0.00,0.00,0.00,0.00,0.00,6.70,0.00,2.30,0.00,0.00,0.00,0.00
115,3w,PjDee,Exten,135,0.00,0.00,113.38,5.36,0.00,0.00,0.00,0.00,0.00,6.30,0.00,2.26,0.00,0.00,0.00,0.00
115,3w,PjDee,Exten,145,0.00,0.00,104.32,5.13,0.00,0.00,0.00,0.00,0.00,5.85,0.00,2.19,0.00,0.00,0.00,0.00
115,3w,PjDee,Exten,155,0.00,0.00,94.39,4.88,0.00,0.00,0.00,0.00,0.00,5.37,0.00,2.09,0.00,0.00,0.00,0.00
115,3w,PjDee,Exten,165,0.00,0.00,84.10,4.61,0.00,0.00,0.00,0.00,0.00,4.89,0.00,1.97,0.00,0.00,0.00,0.00
115,3w,PjDee,Exten,175,0.00,0.00,73.84,4.33,0.00,0.00,0.00,0.00,0.00,4.41,0.00,1.84,0.00,0.00,0.00,0.00
115,3w,PjDee,Exten,185,0.00,0.00,63.97,4.03,0.00,0.00,0.00,0.00,0.00,3.94,0.00,1.70,0.00,0.00,0.00,0.00
115,3w,PjDee,Exten,195,0.00,0.00,54.71,3.73,0.00,0.00,0.00,0.00,0.00,3.50,0.00,1.55,0.00,0.00,0.00,0.00
115,3w,PjDee,Exten,205,0.00,0.00,46.22,3.44,0.00,0.00,0.00,0.00,0.00,3.08,0.00,1.41,0.00,0.00,0.00,0.00
115,3w,PjDee,Exten,215,0.00,0.00,38.61,3.14,0.00,0.00,0.00,0.00,0.00,2.69,0.00,1.26,0.00,0.00,0.00,0.00
115,3w,PjDee,Exten,225,0.00,0.00,31.91,2.85,0.00,0.00,0.00,0.00,0.00,2.34,0.00,1.12,0.00,0.00,0.00,0.00
115,3w,PjDee,Exten,235,0.00,0.00,26.09,2.57,0.00,0.00,0.00,0.00,0.00,2.01,0.00,0.99,0.00,0.00,0.00,0.00
115,3w,PjDee,Exten,245,0.00,0.00,21.13,2.30,0.00,0.00,0.00,0.00,0.00,1.72,0.00,0.87,0.00,0.00,0.00,0.00
115,3w,PjDee,Exten,255,0.00,0.00,16.95,2.04,0.00,0.00,0.00,0.00,0.00,1.46,0.00,0.76,0.00,0.00,0.00,0.00
116,Patnt,PjDee,Exten,5,0.00,0.00,0.00,0.00,0.00,0.00,0.00,0.00,0.00,0.00,0.00,0.00,0.00,0.00,0.00,0.00
116,Patnt,PjDee,Exten,15,0.00,0.00,12.07,0.94,0.00,0.00,0.00,0.00,0.00,0.30,0.00,0.05,0.00,0.00,0.00,0.00
116,Patnt,PjDee,Exten,25,0.00,0.00,30.67,3.08,0.00,0.00,0.00,0.00,0.00,0.95,0.00,0.15,0.00,0.00,0.00,0.00
116,Patnt,PjDee,Exten,35,0.00,0.00,51.22,5.22,0.00,0.00,0.00,0.00,0.00,1.79,0.00,0.29,0.00,0.00,0.00,0.00
116,Patnt,PjDee,Exten,45,0.00,0.00,71.22,6.59,0.00,0.00,0.00,0.00,0.00,2.66,0.00,0.45,0.00,0.00,0.00,0.00
116,Patnt,PjDee,Exten,55,0.00,0.00,89.30,7.30,0.00,0.00,0.00,0.00,0.00,3.46,0.00,0.60,0.00,0.00,0.00,0.00
116,Patnt,PjDee,Exten,65,0.00,0.00,104.70,7.66,0.00,0.00,0.00,0.00,0.00,4.14,0.00,0.75,0.00,0.00,0.00,0.00
116,Patnt,PjDee,Exten,75,0.00,0.00,117.05,7.87,0.00,0.00,0.00,0.00,0.00,4.65,0.00,0.88,0.00,0.00,0.00,0.00
116,Patnt,PjDee,Exten,85,0.00,0.00,126.23,8.00,0.00,0.00,0.00,0.00,0.00,5.00,0.00,1.00,0.00,0.00,0.00,0.00
116,Patnt,PjDee,Exten,95,0.00,0.00,132.25,8.08,0.00,0.00,0.00,0.00,0.00,5.20,0.00,1.09,0.00,0.00,0.00,0.00
116,Patnt,PjDee,Exten,105,0.00,0.00,135.19,8.11,0.00,0.00,0.00,0.00,0.00,5.28,0.00,1.16,0.00,0.00,0.00,0.00
116,Patnt,PjDee,Exten,115,0.00,0.00,135.27,8.11,0.00,0.00,0.00,0.00,0.00,5.26,0.00,1.22,0.00,0.00,0.00,0.00
116,Patnt,PjDee,Exten,125,0.00,0.00,132.77,8.08,0.00,0.00,0.00,0.00,0.00,5.15,0.00,1.25,0.00,0.00,0.00,0.00
116,Patnt,PjDee,Exten,135,0.00,0.00,128.09,8.01,0.00,0.00,0.00,0.00,0.00,4.99,0.00,1.27,0.00,0.00,0.00,0.00
116,Patnt,PjDee,Exten,145,0.00,0.00,121.64,7.91,0.00,0.00,0.00,0.00,0.00,4.78,0.00,1.27,0.00,0.00,0.00,0.00
116,Patnt,PjDee,Exten,155,0.00,0.00,113.86,7.78,0.00,0.00,0.00,0.00,0.00,4.54,0.00,1.25,0.00,0.00,0.00,0.00
116,Patnt,PjDee,Exten,165,0.00,0.00,105.19,7.62,0.00,0.00,0.00,0.00,0.00,4.28,0.00,1.23,0.00,0.00,0.00,0.00
116,Patnt,PjDee,Exten,175,0.00,0.00,96.00,7.44,0.00,0.00,0.00,0.00,0.00,4.02,0.00,1.19,0.00,0.00,0.00,0.00
116,Patnt,PjDee,Exten,185,0.00,0.00,86.64,7.22,0.00,0.00,0.00,0.00,0.00,3.74,0.00,1.14,0.00,0.00,0.00,0.00
116,Patnt,PjDee,Exten,195,0.00,0.00,77.39,6.99,0.00,0.00,0.00,0.00,0.00,3.47,0.00,1.09,0.00,0.00,0.00,0.00
116,Patnt,PjDee,Exten,205,0.00,0.00,68.46,6.73,0.00,0.00,0.00,0.00,0.00,3.20,0.00,1.04,0.00,0.00,0.00,0.00
116,Patnt,PjDee,Exten,215,0.00,0.00,60.03,6.46,0.00,0.00,0.00,0.00,0.00,2.93,0.00,0.98,0.00,0.00,0.00,0.00
116,Patnt,PjDee,Exten,225,0.00,0.00,52.19,6.16,0.00,0.00,0.00,0.00,0.00,2.68,0.00,0.91,0.00,0.00,0.00,0.00
116,Patnt,PjDee,Exten,235,0.00,0.00,45.03,5.86,0.00,0.00,0.00,0.00,0.00,2.43,0.00,0.85,0.00,0.00,0.00,0.00
116,Patnt,PjDee,Exten,245,0.00,0.00,38.56,5.55,0.00,0.00,0.00,0.00,0.00,2.20,0.00,0.79,0.00,0.00,0.00,0.00
116,Patnt,PjDee,Exten,255,0.00,0.00,32.79,5.23,0.00,0.00,0.00,0.00,0.00,1.98,0.00,0.73,0.00,0.00,0.00,0.00
117,3w,PjDee,Basc1,5,0.00,0.00,0.00,0.00,0.00,0.00,0.00,0.00,0.00,0.00,0.00,0.00,0.00,0.00,0.00,0.00
117,3w,PjDee,Basc1,15,0.00,0.00,14.65,0.63,0.00,0.00,0.00,0.00,0.00,0.35,0.00,0.02,0.00,0.00,0.00,0.00
117,3w,PjDee,Basc1,25,0.00,0.00,37.58,2.10,0.00,0.00,0.00,0.00,0.00,1.09,0.00,0.08,0.00,0.00,0.00,0.00
117,3w,PjDee,Basc1,35,0.00,0.00,62.37,3.53,0.00,0.00,0.00,0.00,0.00,2.04,0.00,0.16,0.00,0.00,0.00,0.00
117,3w,PjDee,Basc1,45,0.00,0.00,85.59,4.40,0.00,0.00,0.00,0.00,0.00,2.99,0.00,0.25,0.00,0.00,0.00,0.00
117,3w,PjDee,Basc1,55,0.00,0.00,105.61,4.80,0.00,0.00,0.00,0.00,0.00,3.84,0.00,0.33,0.00,0.00,0.00,0.00
117,3w,PjDee,Basc1,65,0.00,0.00,121.69,4.95,0.00,0.00,0.00,0.00,0.00,4.50,0.00,0.40,0.00,0.00,0.00,0.00
117,3w,PjDee,Basc1,75,0.00,0.00,133.56,4.99,0.00,0.00,0.00,0.00,0.00,4.96,0.00,0.46,0.00,0.00,0.00,0.00
117,3w,PjDee,Basc1,85,0.00,0.00,141.21,4.97,0.00,0.00,0.00,0.00,0.00,5.23,0.00,0.51,0.00,0.00,0.00,0.00
117,3w,PjDee,Basc1,95,0.00,0.00,144.81,4.91,0.00,0.00,0.00,0.00,0.00,5.33,0.00,0.55,0.00,0.00,0.00,0.00
117,3w,PjDee,Basc1,105,0.00,0.00,144.63,4.82,0.00,0.00,0.00,0.00,0.00,5.29,0.00,0.57,0.00,0.00,0.00,0.00
117,3w,PjDee,Basc1,115,0.00,0.00,141.11,4.70,0.00,0.00,0.00,0.00,0.00,5.13,0.00,0.58,0.00,0.00,0.00,0.00
117,3w,PjDee,Basc1,125,0.00,0.00,134.79,4.56,0.00,0.00,0.00,0.00,0.00,4.90,0.00,0.58,0.00,0.00,0.00,0.00
117,3w,PjDee,Basc1,135,0.00,0.00,126.27,4.39,0.00,0.00,0.00,0.00,0.00,4.60,0.00,0.57,0.00,0.00,0.00,0.00
117,3w,PjDee,Basc1,145,0.00,0.00,116.18,4.20,0.00,0.00,0.00,0.00,0.00,4.27,0.00,0.56,0.00,0.00,0.00,0.00
117,3w,PjDee,Basc1,155,0.00,0.00,105.13,3.99,0.00,0.00,0.00,0.00,0.00,3.93,0.00,0.53,0.00,0.00,0.00,0.00
117,3w,PjDee,Basc1,165,0.00,0.00,93.66,3.77,0.00,0.00,0.00,0.00,0.00,3.57,0.00,0.50,0.00,0.00,0.00,0.00
117,3w,PjDee,Basc1,175,0.00,0.00,82.24,3.54,0.00,0.00,0.00,0.00,0.00,3.22,0.00,0.47,0.00,0.00,0.00,0.00
117,3w,PjDee,Basc1,185,0.00,0.00,71.24,3.30,0.00,0.00,0.00,0.00,0.00,2.88,0.00,0.43,0.00,0.00,0.00,0.00
117,3w,PjDee,Basc1,195,0.00,0.00,60.93,3.06,0.00,0.00,0.00,0.00,0.00,2.55,0.00,0.39,0.00,0.00,0.00,0.00
117,3w,PjDee,Basc1,205,0.00,0.00,51.48,2.81,0.00,0.00,0.00,0.00,0.00,2.25,0.00,0.36,0.00,0.00,0.00,0.00
117,3w,PjDee,Basc1,215,0.00,0.00,43.00,2.57,0.00,0.00,0.00,0.00,0.00,1.97,0.00,0.32,0.00,0.00,0.00,0.00
117,3w,PjDee,Basc1,225,0.00,0.00,35.53,2.33,0.00,0.00,0.00,0.00,0.00,1.71,0.00,0.28,0.00,0.00,0.00,0.00
117,3w,PjDee,Basc1,235,0.00,0.00,29.06,2.10,0.00,0.00,0.00,0.00,0.00,1.47,0.00,0.25,0.00,0.00,0.00,0.00
117,3w,PjDee,Basc1,245,0.00,0.00,23.53,1.88,0.00,0.00,0.00,0.00,0.00,1.26,0.00,0.22,0.00,0.00,0.00,0.00
117,3w,PjDee,Basc1,255,0.00,0.00,18.87,1.67,0.00,0.00,0.00,0.00,0.00,1.07,0.00,0.19,0.00,0.00,0.00,0.00
118,Patnt,PjDee,Basc1,5,0.00,0.00,0.00,0.00,0.00,0.00,0.00,0.00,0.00,0.00,0.00,0.00,0.00,0.00,0.00,0.00
118,Patnt,PjDee,Basc1,15,0.00,0.00,12.07,0.94,0.00,0.00,0.00,0.00,0.00,0.30,0.00,0.05,0.00,0.00,0.00,0.00
118,Patnt,PjDee,Basc1,25,0.00,0.00,30.67,3.08,0.00,0.00,0.00,0.00,0.00,0.95,0.00,0.15,0.00,0.00,0.00,0.00
118,Patnt,PjDee,Basc1,35,0.00,0.00,51.22,5.22,0.00,0.00,0.00,0.00,0.00,1.79,0.00,0.29,0.00,0.00,0.00,0.00
118,Patnt,PjDee,Basc1,45,0.00,0.00,71.22,6.59,0.00,0.00,0.00,0.00,0.00,2.66,0.00,0.45,0.00,0.00,0.00,0.00
118,Patnt,PjDee,Basc1,55,0.00,0.00,89.30,7.30,0.00,0.00,0.00,0.00,0.00,3.46,0.00,0.60,0.00,0.00,0.00,0.00
118,Patnt,PjDee,Basc1,65,0.00,0.00,104.70,7.66,0.00,0.00,0.00,0.00,0.00,4.14,0.00,0.75,0.00,0.00,0.00,0.00
118,Patnt,PjDee,Basc1,75,0.00,0.00,117.05,7.87,0.00,0.00,0.00,0.00,0.00,4.65,0.00,0.88,0.00,0.00,0.00,0.00
118,Patnt,PjDee,Basc1,85,0.00,0.00,126.23,8.00,0.00,0.00,0.00,0.00,0.00,5.00,0.00,1.00,0.00,0.00,0.00,0.00
118,Patnt,PjDee,Basc1,95,0.00,0.00,132.25,8.08,0.00,0.00,0.00,0.00,0.00,5.20,0.00,1.09,0.00,0.00,0.00,0.00
118,Patnt,PjDee,Basc1,105,0.00,0.00,135.19,8.11,0.00,0.00,0.00,0.00,0.00,5.28,0.00,1.16,0.00,0.00,0.00,0.00
118,Patnt,PjDee,Basc1,115,0.00,0.00,135.27,8.11,0.00,0.00,0.00,0.00,0.00,5.26,0.00,1.22,0.00,0.00,0.00,0.00
118,Patnt,PjDee,Basc1,125,0.00,0.00,132.77,8.08,0.00,0.00,0.00,0.00,0.00,5.15,0.00,1.25,0.00,0.00,0.00,0.00
118,Patnt,PjDee,Basc1,135,0.00,0.00,128.09,8.01,0.00,0.00,0.00,0.00,0.00,4.99,0.00,1.27,0.00,0.00,0.00,0.00
118,Patnt,PjDee,Basc1,145,0.00,0.00,121.64,7.91,0.00,0.00,0.00,0.00,0.00,4.78,0.00,1.27,0.00,0.00,0.00,0.00
118,Patnt,PjDee,Basc1,155,0.00,0.00,113.86,7.78,0.00,0.00,0.00,0.00,0.00,4.54,0.00,1.25,0.00,0.00,0.00,0.00
118,Patnt,PjDee,Basc1,165,0.00,0.00,105.19,7.62,0.00,0.00,0.00,0.00,0.00,4.28,0.00,1.23,0.00,0.00,0.00,0.00
118,Patnt,PjDee,Basc1,175,0.00,0.00,96.00,7.44,0.00,0.00,0.00,0.00,0.00,4.02,0.00,1.19,0.00,0.00,0.00,0.00
118,Patnt,PjDee,Basc1,185,0.00,0.00,86.64,7.22,0.00,0.00,0.00,0.00,0.00,3.74,0.00,1.14,0.00,0.00,0.00,0.00
118,Patnt,PjDee,Basc1,195,0.00,0.00,77.39,6.99,0.00,0.00,0.00,0.00,0.00,3.47,0.00,1.09,0.00,0.00,0.00,0.00
118,Patnt,PjDee,Basc1,205,0.00,0.00,68.46,6.73,0.00,0.00,0.00,0.00,0.00,3.20,0.00,1.04,0.00,0.00,0.00,0.00
118,Patnt,PjDee,Basc1,215,0.00,0.00,60.03,6.46,0.00,0.00,0.00,0.00,0.00,2.93,0.00,0.98,0.00,0.00,0.00,0.00
118,Patnt,PjDee,Basc1,225,0.00,0.00,52.19,6.16,0.00,0.00,0.00,0.00,0.00,2.68,0.00,0.91,0.00,0.00,0.00,0.00
118,Patnt,PjDee,Basc1,235,0.00,0.00,45.03,5.86,0.00,0.00,0.00,0.00,0.00,2.43,0.00,0.85,0.00,0.00,0.00,0.00
118,Patnt,PjDee,Basc1,245,0.00,0.00,38.56,5.55,0.00,0.00,0.00,0.00,0.00,2.20,0.00,0.79,0.00,0.00,0.00,0.00
118,Patnt,PjDee,Basc1,255,0.00,0.00,32.79,5.23,0.00,0.00,0.00,0.00,0.00,1.98,0.00,0.73,0.00,0.00,0.00,0.00
119,3w,PjDee,Basc2,5,0.00,0.00,0.00,0.00,0.00,0.00,0.00,0.00,0.00,0.00,0.00,0.00,0.00,0.00,0.00,0.00
119,3w,PjDee,Basc2,15,0.00,0.00,12.79,1.08,0.00,0.00,0.00,0.00,0.00,0.32,0.00,0.02,0.00,0.00,0.00,0.00
119,3w,PjDee,Basc2,25,0.00,0.00,32.53,3.52,0.00,0.00,0.00,0.00,0.00,1.01,0.00,0.08,0.00,0.00,0.00,0.00
119,3w,PjDee,Basc2,35,0.00,0.00,54.32,5.96,0.00,0.00,0.00,0.00,0.00,1.89,0.00,0.15,0.00,0.00,0.00,0.00
119,3w,PjDee,Basc2,45,0.00,0.00,75.36,7.51,0.00,0.00,0.00,0.00,0.00,2.81,0.00,0.23,0.00,0.00,0.00,0.00
119,3w,PjDee,Basc2,55,0.00,0.00,94.04,8.28,0.00,0.00,0.00,0.00,0.00,3.65,0.00,0.31,0.00,0.00,0.00,0.00
119,3w,PjDee,Basc2,65,0.00,0.00,109.42,8.62,0.00,0.00,0.00,0.00,0.00,4.32,0.00,0.39,0.00,0.00,0.00,0.00
119,3w,PjDee,Basc2,75,0.00,0.00,121.07,8.76,0.00,0.00,0.00,0.00,0.00,4.81,0.00,0.45,0.00,0.00,0.00,0.00
119,3w,PjDee,Basc2,85,0.00,0.00,128.87,8.79,0.00,0.00,0.00,0.00,0.00,5.10,0.00,0.51,0.00,0.00,0.00,0.00
119,3w,PjDee,Basc2,95,0.00,0.00,132.89,8.74,0.00,0.00,0.00,0.00,0.00,5.23,0.00,0.55,0.00,0.00,0.00,0.00
119,3w,PjDee,Basc2,105,0.00,0.00,133.36,8.62,0.00,0.00,0.00,0.00,0.00,5.21,0.00,0.57,0.00,0.00,0.00,0.00
119,3w,PjDee,Basc2,115,0.00,0.00,130.64,8.44,0.00,0.00,0.00,0.00,0.00,5.08,0.00,0.59,0.00,0.00,0.00,0.00
119,3w,PjDee,Basc2,125,0.00,0.00,125.22,8.21,0.00,0.00,0.00,0.00,0.00,4.86,0.00,0.59,0.00,0.00,0.00,0.00
119,3w,PjDee,Basc2,135,0.00,0.00,117.64,7.93,0.00,0.00,0.00,0.00,0.00,4.58,0.00,0.58,0.00,0.00,0.00,0.00
119,3w,PjDee,Basc2,145,0.00,0.00,108.51,7.60,0.00,0.00,0.00,0.00,0.00,4.26,0.00,0.56,0.00,0.00,0.00,0.00
119,3w,PjDee,Basc2,155,0.00,0.00,98.40,7.24,0.00,0.00,0.00,0.00,0.00,3.93,0.00,0.54,0.00,0.00,0.00,0.00
119,3w,PjDee,Basc2,165,0.00,0.00,87.83,6.86,0.00,0.00,0.00,0.00,0.00,3.58,0.00,0.51,0.00,0.00,0.00,0.00
119,3w,PjDee,Basc2,175,0.00,0.00,77.24,6.44,0.00,0.00,0.00,0.00,0.00,3.23,0.00,0.48,0.00,0.00,0.00,0.00
119,3w,PjDee,Basc2,185,0.00,0.00,67.00,6.02,0.00,0.00,0.00,0.00,0.00,2.89,0.00,0.44,0.00,0.00,0.00,0.00
119,3w,PjDee,Basc2,195,0.00,0.00,57.37,5.58,0.00,0.00,0.00,0.00,0.00,2.57,0.00,0.40,0.00,0.00,0.00,0.00
119,3w,PjDee,Basc2,205,0.00,0.00,48.52,5.14,0.00,0.00,0.00,0.00,0.00,2.26,0.00,0.36,0.00,0.00,0.00,0.00
119,3w,PjDee,Basc2,215,0.00,0.00,40.57,4.70,0.00,0.00,0.00,0.00,0.00,1.98,0.00,0.33,0.00,0.00,0.00,0.00
119,3w,PjDee,Basc2,225,0.00,0.00,33.55,4.27,0.00,0.00,0.00,0.00,0.00,1.72,0.00,0.29,0.00,0.00,0.00,0.00
119,3w,PjDee,Basc2,235,0.00,0.00,27.46,3.85,0.00,0.00,0.00,0.00,0.00,1.48,0.00,0.26,0.00,0.00,0.00,0.00
119,3w,PjDee,Basc2,245,0.00,0.00,22.24,3.45,0.00,0.00,0.00,0.00,0.00,1.27,0.00,0.22,0.00,0.00,0.00,0.00
119,3w,PjDee,Basc2,255,0.00,0.00,17.85,3.07,0.00,0.00,0.00,0.00,0.00,1.08,0.00,0.19,0.00,0.00,0.00,0.00
120,Patnt,PjDee,Basc2,5,0.00,0.00,0.00,0.00,0.00,0.00,0.00,0.00,0.00,0.00,0.00,0.00,0.00,0.00,0.00,0.00
120,Patnt,PjDee,Basc2,15,0.00,0.00,12.07,0.94,0.00,0.00,0.00,0.00,0.00,0.30,0.00,0.05,0.00,0.00,0.00,0.00
120,Patnt,PjDee,Basc2,25,0.00,0.00,30.67,3.08,0.00,0.00,0.00,0.00,0.00,0.95,0.00,0.15,0.00,0.00,0.00,0.00
120,Patnt,PjDee,Basc2,35,0.00,0.00,51.22,5.22,0.00,0.00,0.00,0.00,0.00,1.79,0.00,0.29,0.00,0.00,0.00,0.00
120,Patnt,PjDee,Basc2,45,0.00,0.00,71.22,6.59,0.00,0.00,0.00,0.00,0.00,2.66,0.00,0.45,0.00,0.00,0.00,0.00
120,Patnt,PjDee,Basc2,55,0.00,0.00,89.30,7.30,0.00,0.00,0.00,0.00,0.00,3.46,0.00,0.60,0.00,0.00,0.00,0.00
120,Patnt,PjDee,Basc2,65,0.00,0.00,104.70,7.66,0.00,0.00,0.00,0.00,0.00,4.14,0.00,0.75,0.00,0.00,0.00,0.00
120,Patnt,PjDee,Basc2,75,0.00,0.00,117.05,7.87,0.00,0.00,0.00,0.00,0.00,4.65,0.00,0.88,0.00,0.00,0.00,0.00
120,Patnt,PjDee,Basc2,85,0.00,0.00,126.23,8.00,0.00,0.00,0.00,0.00,0.00,5.00,0.00,1.00,0.00,0.00,0.00,0.00
120,Patnt,PjDee,Basc2,95,0.00,0.00,132.25,8.08,0.00,0.00,0.00,0.00,0.00,5.20,0.00,1.09,0.00,0.00,0.00,0.00
120,Patnt,PjDee,Basc2,105,0.00,0.00,135.19,8.11,0.00,0.00,0.00,0.00,0.00,5.28,0.00,1.16,0.00,0.00,0.00,0.00
120,Patnt,PjDee,Basc2,115,0.00,0.00,135.27,8.11,0.00,0.00,0.00,0.00,0.00,5.26,0.00,1.22,0.00,0.00,0.00,0.00
120,Patnt,PjDee,Basc2,125,0.00,0.00,132.77,8.08,0.00,0.00,0.00,0.00,0.00,5.15,0.00,1.25,0.00,0.00,0.00,0.00
120,Patnt,PjDee,Basc2,135,0.00,0.00,128.09,8.01,0.00,0.00,0.00,0.00,0.00,4.99,0.00,1.27,0.00,0.00,0.00,0.00
120,Patnt,PjDee,Basc2,145,0.00,0.00,121.64,7.91,0.00,0.00,0.00,0.00,0.00,4.78,0.00,1.27,0.00,0.00,0.00,0.00
120,Patnt,PjDee,Basc2,155,0.00,0.00,113.86,7.78,0.00,0.00,0.00,0.00,0.00,4.54,0.00,1.25,0.00,0.00,0.00,0.00
120,Patnt,PjDee,Basc2,165,0.00,0.00,105.19,7.62,0.00,0.00,0.00,0.00,0.00,4.28,0.00,1.23,0.00,0.00,0.00,0.00
120,Patnt,PjDee,Basc2,175,0.00,0.00,96.00,7.44,0.00,0.00,0.00,0.00,0.00,4.02,0.00,1.19,0.00,0.00,0.00,0.00
120,Patnt,PjDee,Basc2,185,0.00,0.00,86.64,7.22,0.00,0.00,0.00,0.00,0.00,3.74,0.00,1.14,0.00,0.00,0.00,0.00
120,Patnt,PjDee,Basc2,195,0.00,0.00,77.39,6.99,0.00,0.00,0.00,0.00,0.00,3.47,0.00,1.09,0.00,0.00,0.00,0.00
120,Patnt,PjDee,Basc2,205,0.00,0.00,68.46,6.73,0.00,0.00,0.00,0.00,0.00,3.20,0.00,1.04,0.00,0.00,0.00,0.00
120,Patnt,PjDee,Basc2,215,0.00,0.00,60.03,6.46,0.00,0.00,0.00,0.00,0.00,2.93,0.00,0.98,0.00,0.00,0.00,0.00
120,Patnt,PjDee,Basc2,225,0.00,0.00,52.19,6.16,0.00,0.00,0.00,0.00,0.00,2.68,0.00,0.91,0.00,0.00,0.00,0.00
120,Patnt,PjDee,Basc2,235,0.00,0.00,45.03,5.86,0.00,0.00,0.00,0.00,0.00,2.43,0.00,0.85,0.00,0.00,0.00,0.00
120,Patnt,PjDee,Basc2,245,0.00,0.00,38.56,5.55,0.00,0.00,0.00,0.00,0.00,2.20,0.00,0.79,0.00,0.00,0.00,0.00
120,Patnt,PjDee,Basc2,255,0.00,0.00,32.79,5.23,0.00,0.00,0.00,0.00,0.00,1.98,0.00,0.73,0.00,0.00,0.00,0.00
121,3w,PjDee,Intn1,5,0.00,0.00,0.00,0.00,0.00,0.00,0.00,0.00,0.00,0.00,0.00,0.00,0.00,0.00,0.00,0.00
121,3w,PjDee,Intn1,15,0.00,0.00,14.56,0.62,0.00,0.00,0.00,0.00,0.00,0.27,0.00,0.02,0.00,0.00,0.00,0.00
121,3w,PjDee,Intn1,25,0.00,0.00,37.37,2.06,0.00,0.00,0.00,0.00,0.00,0.86,0.00,0.08,0.00,0.00,0.00,0.00
121,3w,PjDee,Intn1,35,0.00,0.00,62.09,3.47,0.00,0.00,0.00,0.00,0.00,1.60,0.00,0.16,0.00,0.00,0.00,0.00
121,3w,PjDee,Intn1,45,0.00,0.00,85.26,4.34,0.00,0.00,0.00,0.00,0.00,2.36,0.00,0.24,0.00,0.00,0.00,0.00
121,3w,PjDee,Intn1,55,0.00,0.00,105.26,4.73,0.00,0.00,0.00,0.00,0.00,3.02,0.00,0.32,0.00,0.00,0.00,0.00
121,3w,PjDee,Intn1,65,0.00,0.00,121.33,4.87,0.00,0.00,0.00,0.00,0.00,3.55,0.00,0.39,0.00,0.00,0.00,0.00
121,3w,PjDee,Intn1,75,0.00,0.00,133.20,4.92,0.00,0.00,0.00,0.00,0.00,3.91,0.00,0.46,0.00,0.00,0.00,0.00
121,3w,PjDee,Intn1,85,0.00,0.00,140.87,4.90,0.00,0.00,0.00,0.00,0.00,4.13,0.00,0.50,0.00,0.00,0.00,0.00
121,3w,PjDee,Intn1,95,0.00,0.00,144.47,4.85,0.00,0.00,0.00,0.00,0.00,4.20,0.00,0.54,0.00,0.00,0.00,0.00
121,3w,PjDee,Intn1,105,0.00,0.00,144.30,4.76,0.00,0.00,0.00,0.00,0.00,4.17,0.00,0.56,0.00,0.00,0.00,0.00
121,3w,PjDee,Intn1,115,0.00,0.00,140.80,4.64,0.00,0.00,0.00,0.00,0.00,4.05,0.00,0.58,0.00,0.00,0.00,0.00
121,3w,PjDee,Intn1,125,0.00,0.00,134.49,4.50,0.00,0.00,0.00,0.00,0.00,3.86,0.00,0.58,0.00,0.00,0.00,0.00
121,3w,PjDee,Intn1,135,0.00,0.00,125.98,4.33,0.00,0.00,0.00,0.00,0.00,3.63,0.00,0.57,0.00,0.00,0.00,0.00
121,3w,PjDee,Intn1,145,0.00,0.00,115.91,4.14,0.00,0.00,0.00,0.00,0.00,3.37,0.00,0.55,0.00,0.00,0.00,0.00
121,3w,PjDee,Intn1,155,0.00,0.00,104.88,3.94,0.00,0.00,0.00,0.00,0.00,3.10,0.00,0.52,0.00,0.00,0.00,0.00
121,3w,PjDee,Intn1,165,0.00,0.00,93.44,3.72,0.00,0.00,0.00,0.00,0.00,2.82,0.00,0.49,0.00,0.00,0.00,0.00
121,3w,PjDee,Intn1,175,0.00,0.00,82.04,3.49,0.00,0.00,0.00,0.00,0.00,2.54,0.00,0.46,0.00,0.00,0.00,0.00
121,3w,PjDee,Intn1,185,0.00,0.00,71.07,3.25,0.00,0.00,0.00,0.00,0.00,2.27,0.00,0.42,0.00,0.00,0.00,0.00
121,3w,PjDee,Intn1,195,0.00,0.00,60.78,3.01,0.00,0.00,0.00,0.00,0.00,2.01,0.00,0.39,0.00,0.00,0.00,0.00
121,3w,PjDee,Intn1,205,0.00,0.00,51.35,2.77,0.00,0.00,0.00,0.00,0.00,1.77,0.00,0.35,0.00,0.00,0.00,0.00
121,3w,PjDee,Intn1,215,0.00,0.00,42.90,2.53,0.00,0.00,0.00,0.00,0.00,1.55,0.00,0.31,0.00,0.00,0.00,0.00
121,3w,PjDee,Intn1,225,0.00,0.00,35.45,2.30,0.00,0.00,0.00,0.00,0.00,1.34,0.00,0.28,0.00,0.00,0.00,0.00
121,3w,PjDee,Intn1,235,0.00,0.00,28.99,2.07,0.00,0.00,0.00,0.00,0.00,1.16,0.00,0.25,0.00,0.00,0.00,0.00
121,3w,PjDee,Intn1,245,0.00,0.00,23.47,1.85,0.00,0.00,0.00,0.00,0.00,0.99,0.00,0.22,0.00,0.00,0.00,0.00
121,3w,PjDee,Intn1,255,0.00,0.00,18.83,1.65,0.00,0.00,0.00,0.00,0.00,0.84,0.00,0.19,0.00,0.00,0.00,0.00
122,Patnt,PjDee,Intn1,5,0.00,0.00,0.00,0.00,0.00,0.00,0.00,0.00,0.00,0.00,0.00,0.00,0.00,0.00,0.00,0.00
122,Patnt,PjDee,Intn1,15,0.00,0.00,12.07,0.94,0.00,0.00,0.00,0.00,0.00,0.30,0.00,0.05,0.00,0.00,0.00,0.00
122,Patnt,PjDee,Intn1,25,0.00,0.00,30.67,3.08,0.00,0.00,0.00,0.00,0.00,0.95,0.00,0.15,0.00,0.00,0.00,0.00
122,Patnt,PjDee,Intn1,35,0.00,0.00,51.22,5.22,0.00,0.00,0.00,0.00,0.00,1.79,0.00,0.29,0.00,0.00,0.00,0.00
122,Patnt,PjDee,Intn1,45,0.00,0.00,71.22,6.59,0.00,0.00,0.00,0.00,0.00,2.66,0.00,0.45,0.00,0.00,0.00,0.00
122,Patnt,PjDee,Intn1,55,0.00,0.00,89.30,7.30,0.00,0.00,0.00,0.00,0.00,3.46,0.00,0.60,0.00,0.00,0.00,0.00
122,Patnt,PjDee,Intn1,65,0.00,0.00,104.70,7.66,0.00,0.00,0.00,0.00,0.00,4.14,0.00,0.75,0.00,0.00,0.00,0.00
122,Patnt,PjDee,Intn1,75,0.00,0.00,117.05,7.87,0.00,0.00,0.00,0.00,0.00,4.65,0.00,0.88,0.00,0.00,0.00,0.00
122,Patnt,PjDee,Intn1,85,0.00,0.00,126.23,8.00,0.00,0.00,0.00,0.00,0.00,5.00,0.00,1.00,0.00,0.00,0.00,0.00
122,Patnt,PjDee,Intn1,95,0.00,0.00,132.25,8.08,0.00,0.00,0.00,0.00,0.00,5.20,0.00,1.09,0.00,0.00,0.00,0.00
122,Patnt,PjDee,Intn1,105,0.00,0.00,135.19,8.11,0.00,0.00,0.00,0.00,0.00,5.28,0.00,1.16,0.00,0.00,0.00,0.00
122,Patnt,PjDee,Intn1,115,0.00,0.00,135.27,8.11,0.00,0.00,0.00,0.00,0.00,5.26,0.00,1.22,0.00,0.00,0.00,0.00
122,Patnt,PjDee,Intn1,125,0.00,0.00,132.77,8.08,0.00,0.00,0.00,0.00,0.00,5.15,0.00,1.25,0.00,0.00,0.00,0.00
122,Patnt,PjDee,Intn1,135,0.00,0.00,128.09,8.01,0.00,0.00,0.00,0.00,0.00,4.99,0.00,1.27,0.00,0.00,0.00,0.00
122,Patnt,PjDee,Intn1,145,0.00,0.00,121.64,7.91,0.00,0.00,0.00,0.00,0.00,4.78,0.00,1.27,0.00,0.00,0.00,0.00
122,Patnt,PjDee,Intn1,155,0.00,0.00,113.86,7.78,0.00,0.00,0.00,0.00,0.00,4.54,0.00,1.25,0.00,0.00,0.00,0.00
122,Patnt,PjDee,Intn1,165,0.00,0.00,105.19,7.62,0.00,0.00,0.00,0.00,0.00,4.28,0.00,1.23,0.00,0.00,0.00,0.00
122,Patnt,PjDee,Intn1,175,0.00,0.00,96.00,7.44,0.00,0.00,0.00,0.00,0.00,4.02,0.00,1.19,0.00,0.00,0.00,0.00
122,Patnt,PjDee,Intn1,185,0.00,0.00,86.64,7.22,0.00,0.00,0.00,0.00,0.00,3.74,0.00,1.14,0.00,0.00,0.00,0.00
122,Patnt,PjDee,Intn1,195,0.00,0.00,77.39,6.99,0.00,0.00,0.00,0.00,0.00,3.47,0.00,1.09,0.00,0.00,0.00,0.00
122,Patnt,PjDee,Intn1,205,0.00,0.00,68.46,6.73,0.00,0.00,0.00,0.00,0.00,3.20,0.00,1.04,0.00,0.00,0.00,0.00
122,Patnt,PjDee,Intn1,215,0.00,0.00,60.03,6.46,0.00,0.00,0.00,0.00,0.00,2.93,0.00,0.98,0.00,0.00,0.00,0.00
122,Patnt,PjDee,Intn1,225,0.00,0.00,52.19,6.16,0.00,0.00,0.00,0.00,0.00,2.68,0.00,0.91,0.00,0.00,0.00,0.00
122,Patnt,PjDee,Intn1,235,0.00,0.00,45.03,5.86,0.00,0.00,0.00,0.00,0.00,2.43,0.00,0.85,0.00,0.00,0.00,0.00
122,Patnt,PjDee,Intn1,245,0.00,0.00,38.56,5.55,0.00,0.00,0.00,0.00,0.00,2.20,0.00,0.79,0.00,0.00,0.00,0.00
122,Patnt,PjDee,Intn1,255,0.00,0.00,32.79,5.23,0.00,0.00,0.00,0.00,0.00,1.98,0.00,0.73,0.00,0.00,0.00,0.00
123,3w,PjDee,Intn2,5,0.00,0.00,0.00,0.00,0.00,0.00,0.00,0.00,0.00,0.00,0.00,0.00,0.00,0.00,0.00,0.00
123,3w,PjDee,Intn2,15,0.00,0.00,11.97,0.91,0.00,0.00,0.00,0.00,0.00,0.23,0.00,0.02,0.00,0.00,0.00,0.00
123,3w,PjDee,Intn2,25,0.00,0.00,30.52,2.99,0.00,0.00,0.00,0.00,0.00,0.74,0.00,0.07,0.00,0.00,0.00,0.00
123,3w,PjDee,Intn2,35,0.00,0.00,51.02,5.07,0.00,0.00,0.00,0.00,0.00,1.39,0.00,0.14,0.00,0.00,0.00,0.00
123,3w,PjDee,Intn2,45,0.00,0.00,70.78,6.39,0.00,0.00,0.00,0.00,0.00,2.06,0.00,0.21,0.00,0.00,0.00,0.00
123,3w,PjDee,Intn2,55,0.00,0.00,88.31,7.04,0.00,0.00,0.00,0.00,0.00,2.67,0.00,0.29,0.00,0.00,0.00,0.00
123,3w,PjDee,Intn2,65,0.00,0.00,102.72,7.33,0.00,0.00,0.00,0.00,0.00,3.17,0.00,0.36,0.00,0.00,0.00,0.00
123,3w,PjDee,Intn2,75,0.00,0.00,113.64,7.45,0.00,0.00,0.00,0.00,0.00,3.52,0.00,0.42,0.00,0.00,0.00,0.00
123,3w,PjDee,Intn2,85,0.00,0.00,120.95,7.47,0.00,0.00,0.00,0.00,0.00,3.73,0.00,0.46,0.00,0.00,0.00,0.00
123,3w,PjDee,Intn2,95,0.00,0.00,124.71,7.43,0.00,0.00,0.00,0.00,0.00,3.83,0.00,0.50,0.00,0.00,0.00,0.00
123,3w,PjDee,Intn2,105,0.00,0.00,125.14,7.33,0.00,0.00,0.00,0.00,0.00,3.81,0.00,0.52,0.00,0.00,0.00,0.00
123,3w,PjDee,Intn2,115,0.00,0.00,122.57,7.17,0.00,0.00,0.00,0.00,0.00,3.72,0.00,0.54,0.00,0.00,0.00,0.00
123,3w,PjDee,Intn2,125,0.00,0.00,117.46,6.97,0.00,0.00,0.00,0.00,0.00,3.56,0.00,0.54,0.00,0.00,0.00,0.00
123,3w,PjDee,Intn2,135,0.00,0.00,110.35,6.73,0.00,0.00,0.00,0.00,0.00,3.35,0.00,0.53,0.00,0.00,0.00,0.00
123,3w,PjDee,Intn2,145,0.00,0.00,101.77,6.46,0.00,0.00,0.00,0.00,0.00,3.12,0.00,0.51,0.00,0.00,0.00,0.00
123,3w,PjDee,Intn2,155,0.00,0.00,92.28,6.15,0.00,0.00,0.00,0.00,0.00,2.87,0.00,0.49,0.00,0.00,0.00,0.00
123,3w,PjDee,Intn2,165,0.00,0.00,82.36,5.82,0.00,0.00,0.00,0.00,0.00,2.62,0.00,0.47,0.00,0.00,0.00,0.00
123,3w,PjDee,Intn2,175,0.00,0.00,72.43,5.47,0.00,0.00,0.00,0.00,0.00,2.36,0.00,0.43,0.00,0.00,0.00,0.00
123,3w,PjDee,Intn2,185,0.00,0.00,62.82,5.11,0.00,0.00,0.00,0.00,0.00,2.12,0.00,0.40,0.00,0.00,0.00,0.00
123,3w,PjDee,Intn2,195,0.00,0.00,53.79,4.74,0.00,0.00,0.00,0.00,0.00,1.88,0.00,0.37,0.00,0.00,0.00,0.00
123,3w,PjDee,Intn2,205,0.00,0.00,45.49,4.36,0.00,0.00,0.00,0.00,0.00,1.66,0.00,0.33,0.00,0.00,0.00,0.00
123,3w,PjDee,Intn2,215,0.00,0.00,38.03,3.99,0.00,0.00,0.00,0.00,0.00,1.45,0.00,0.30,0.00,0.00,0.00,0.00
123,3w,PjDee,Intn2,225,0.00,0.00,31.45,3.62,0.00,0.00,0.00,0.00,0.00,1.26,0.00,0.27,0.00,0.00,0.00,0.00
123,3w,PjDee,Intn2,235,0.00,0.00,25.74,3.27,0.00,0.00,0.00,0.00,0.00,1.08,0.00,0.23,0.00,0.00,0.00,0.00
123,3w,PjDee,Intn2,245,0.00,0.00,20.85,2.93,0.00,0.00,0.00,0.00,0.00,0.93,0.00,0.20,0.00,0.00,0.00,0.00
123,3w,PjDee,Intn2,255,0.00,0.00,16.74,2.60,0.00,0.00,0.00,0.00,0.00,0.79,0.00,0.18,0.00,0.00,0.00,0.00
124,Patnt,PjDee,Intn2,5,0.00,0.00,0.00,0.00,0.00,0.00,0.00,0.00,0.00,0.00,0.00,0.00,0.00,0.00,0.00,0.00
124,Patnt,PjDee,Intn2,15,0.00,0.00,12.07,0.94,0.00,0.00,0.00,0.00,0.00,0.30,0.00,0.05,0.00,0.00,0.00,0.00
124,Patnt,PjDee,Intn2,25,0.00,0.00,30.67,3.08,0.00,0.00,0.00,0.00,0.00,0.95,0.00,0.15,0.00,0.00,0.00,0.00
124,Patnt,PjDee,Intn2,35,0.00,0.00,51.22,5.22,0.00,0.00,0.00,0.00,0.00,1.79,0.00,0.29,0.00,0.00,0.00,0.00
124,Patnt,PjDee,Intn2,45,0.00,0.00,71.22,6.59,0.00,0.00,0.00,0.00,0.00,2.66,0.00,0.45,0.00,0.00,0.00,0.00
124,Patnt,PjDee,Intn2,55,0.00,0.00,89.30,7.30,0.00,0.00,0.00,0.00,0.00,3.46,0.00,0.60,0.00,0.00,0.00,0.00
124,Patnt,PjDee,Intn2,65,0.00,0.00,104.70,7.66,0.00,0.00,0.00,0.00,0.00,4.14,0.00,0.75,0.00,0.00,0.00,0.00
124,Patnt,PjDee,Intn2,75,0.00,0.00,117.05,7.87,0.00,0.00,0.00,0.00,0.00,4.65,0.00,0.88,0.00,0.00,0.00,0.00
124,Patnt,PjDee,Intn2,85,0.00,0.00,126.23,8.00,0.00,0.00,0.00,0.00,0.00,5.00,0.00,1.00,0.00,0.00,0.00,0.00
124,Patnt,PjDee,Intn2,95,0.00,0.00,132.25,8.08,0.00,0.00,0.00,0.00,0.00,5.20,0.00,1.09,0.00,0.00,0.00,0.00
124,Patnt,PjDee,Intn2,105,0.00,0.00,135.19,8.11,0.00,0.00,0.00,0.00,0.00,5.28,0.00,1.16,0.00,0.00,0.00,0.00
124,Patnt,PjDee,Intn2,115,0.00,0.00,135.27,8.11,0.00,0.00,0.00,0.00,0.00,5.26,0.00,1.22,0.00,0.00,0.00,0.00
124,Patnt,PjDee,Intn2,125,0.00,0.00,132.77,8.08,0.00,0.00,0.00,0.00,0.00,5.15,0.00,1.25,0.00,0.00,0.00,0.00
124,Patnt,PjDee,Intn2,135,0.00,0.00,128.09,8.01,0.00,0.00,0.00,0.00,0.00,4.99,0.00,1.27,0.00,0.00,0.00,0.00
124,Patnt,PjDee,Intn2,145,0.00,0.00,121.64,7.91,0.00,0.00,0.00,0.00,0.00,4.78,0.00,1.27,0.00,0.00,0.00,0.00
124,Patnt,PjDee,Intn2,155,0.00,0.00,113.86,7.78,0.00,0.00,0.00,0.00,0.00,4.54,0.00,1.25,0.00,0.00,0.00,0.00
124,Patnt,PjDee,Intn2,165,0.00,0.00,105.19,7.62,0.00,0.00,0.00,0.00,0.00,4.28,0.00,1.23,0.00,0.00,0.00,0.00
124,Patnt,PjDee,Intn2,175,0.00,0.00,96.00,7.44,0.00,0.00,0.00,0.00,0.00,4.02,0.00,1.19,0.00,0.00,0.00,0.00
124,Patnt,PjDee,Intn2,185,0.00,0.00,86.64,7.22,0.00,0.00,0.00,0.00,0.00,3.74,0.00,1.14,0.00,0.00,0.00,0.00
124,Patnt,PjDee,Intn2,195,0.00,0.00,77.39,6.99,0.00,0.00,0.00,0.00,0.00,3.47,0.00,1.09,0.00,0.00,0.00,0.00
124,Patnt,PjDee,Intn2,205,0.00,0.00,68.46,6.73,0.00,0.00,0.00,0.00,0.00,3.20,0.00,1.04,0.00,0.00,0.00,0.00
124,Patnt,PjDee,Intn2,215,0.00,0.00,60.03,6.46,0.00,0.00,0.00,0.00,0.00,2.93,0.00,0.98,0.00,0.00,0.00,0.00
124,Patnt,PjDee,Intn2,225,0.00,0.00,52.19,6.16,0.00,0.00,0.00,0.00,0.00,2.68,0.00,0.91,0.00,0.00,0.00,0.00
124,Patnt,PjDee,Intn2,235,0.00,0.00,45.03,5.86,0.00,0.00,0.00,0.00,0.00,2.43,0.00,0.85,0.00,0.00,0.00,0.00
124,Patnt,PjDee,Intn2,245,0.00,0.00,38.56,5.55,0.00,0.00,0.00,0.00,0.00,2.20,0.00,0.79,0.00,0.00,0.00,0.00
124,Patnt,PjDee,Intn2,255,0.00,0.00,32.79,5.23,0.00,0.00,0.00,0.00,0.00,1.98,0.00,0.73,0.00,0.00,0.00,0.00
127,3w,PjDee,Succ,5,0.00,0.00,0.00,0.00,0.00,0.00,0.00,0.00,0.00,0.00,0.00,0.00,0.00,0.00,0.00,0.00
127,3w,PjDee,Succ,15,0.00,0.00,12.79,1.08,0.00,0.00,0.00,0.00,0.00,0.32,0.00,0.02,0.00,0.00,0.00,0.00
127,3w,PjDee,Succ,25,0.00,0.00,32.53,3.52,0.00,0.00,0.00,0.00,0.00,1.01,0.00,0.08,0.00,0.00,0.00,0.00
127,3w,PjDee,Succ,35,0.00,0.00,54.32,5.96,0.00,0.00,0.00,0.00,0.00,1.89,0.00,0.15,0.00,0.00,0.00,0.00
127,3w,PjDee,Succ,45,0.00,0.00,75.36,7.51,0.00,0.00,0.00,0.00,0.00,2.81,0.00,0.23,0.00,0.00,0.00,0.00
127,3w,PjDee,Succ,55,0.00,0.00,94.04,8.28,0.00,0.00,0.00,0.00,0.00,3.65,0.00,0.31,0.00,0.00,0.00,0.00
127,3w,PjDee,Succ,65,0.00,0.00,109.42,8.62,0.00,0.00,0.00,0.00,0.00,4.32,0.00,0.39,0.00,0.00,0.00,0.00
127,3w,PjDee,Succ,75,0.00,0.00,121.07,8.76,0.00,0.00,0.00,0.00,0.00,4.81,0.00,0.45,0.00,0.00,0.00,0.00
127,3w,PjDee,Succ,85,0.00,0.00,128.87,8.79,0.00,0.00,0.00,0.00,0.00,5.10,0.00,0.51,0.00,0.00,0.00,0.00
127,3w,PjDee,Succ,95,0.00,0.00,132.89,8.74,0.00,0.00,0.00,0.00,0.00,5.23,0.00,0.55,0.00,0.00,0.00,0.00
127,3w,PjDee,Succ,105,0.00,0.00,133.36,8.62,0.00,0.00,0.00,0.00,0.00,5.21,0.00,0.57,0.00,0.00,0.00,0.00
127,3w,PjDee,Succ,115,0.00,0.00,130.64,8.44,0.00,0.00,0.00,0.00,0.00,5.08,0.00,0.59,0.00,0.00,0.00,0.00
127,3w,PjDee,Succ,125,0.00,0.00,125.22,8.21,0.00,0.00,0.00,0.00,0.00,4.86,0.00,0.59,0.00,0.00,0.00,0.00
127,3w,PjDee,Succ,135,0.00,0.00,117.64,7.93,0.00,0.00,0.00,0.00,0.00,4.58,0.00,0.58,0.00,0.00,0.00,0.00
127,3w,PjDee,Succ,145,0.00,0.00,108.51,7.60,0.00,0.00,0.00,0.00,0.00,4.26,0.00,0.56,0.00,0.00,0.00,0.00
127,3w,PjDee,Succ,155,0.00,0.00,98.40,7.24,0.00,0.00,0.00,0.00,0.00,3.93,0.00,0.54,0.00,0.00,0.00,0.00
127,3w,PjDee,Succ,165,0.00,0.00,87.83,6.86,0.00,0.00,0.00,0.00,0.00,3.58,0.00,0.51,0.00,0.00,0.00,0.00
127,3w,PjDee,Succ,175,0.00,0.00,77.24,6.44,0.00,0.00,0.00,0.00,0.00,3.23,0.00,0.48,0.00,0.00,0.00,0.00
127,3w,PjDee,Succ,185,0.00,0.00,67.00,6.02,0.00,0.00,0.00,0.00,0.00,2.89,0.00,0.44,0.00,0.00,0.00,0.00
127,3w,PjDee,Succ,195,0.00,0.00,57.37,5.58,0.00,0.00,0.00,0.00,0.00,2.57,0.00,0.40,0.00,0.00,0.00,0.00
127,3w,PjDee,Succ,205,0.00,0.00,48.52,5.14,0.00,0.00,0.00,0.00,0.00,2.26,0.00,0.36,0.00,0.00,0.00,0.00
127,3w,PjDee,Succ,215,0.00,0.00,40.57,4.70,0.00,0.00,0.00,0.00,0.00,1.98,0.00,0.33,0.00,0.00,0.00,0.00
127,3w,PjDee,Succ,225,0.00,0.00,33.55,4.27,0.00,0.00,0.00,0.00,0.00,1.72,0.00,0.29,0.00,0.00,0.00,0.00
127,3w,PjDee,Succ,235,0.00,0.00,27.46,3.85,0.00,0.00,0.00,0.00,0.00,1.48,0.00,0.26,0.00,0.00,0.00,0.00
127,3w,PjDee,Succ,245,0.00,0.00,22.24,3.45,0.00,0.00,0.00,0.00,0.00,1.27,0.00,0.22,0.00,0.00,0.00,0.00
127,3w,PjDee,Succ,255,0.00,0.00,17.85,3.07,0.00,0.00,0.00,0.00,0.00,1.08,0.00,0.19,0.00,0.00,0.00,0.00
128,Patnt,PjDee,Succ,5,0.00,0.00,0.00,0.00,0.00,0.00,0.00,0.00,0.00,0.00,0.00,0.00,0.00,0.00,0.00,0.00
128,Patnt,PjDee,Succ,15,0.00,0.00,12.07,0.94,0.00,0.00,0.00,0.00,0.00,0.30,0.00,0.05,0.00,0.00,0.00,0.00
128,Patnt,PjDee,Succ,25,0.00,0.00,30.67,3.08,0.00,0.00,0.00,0.00,0.00,0.95,0.00,0.15,0.00,0.00,0.00,0.00
128,Patnt,PjDee,Succ,35,0.00,0.00,51.22,5.22,0.00,0.00,0.00,0.00,0.00,1.79,0.00,0.29,0.00,0.00,0.00,0.00
128,Patnt,PjDee,Succ,45,0.00,0.00,71.22,6.59,0.00,0.00,0.00,0.00,0.00,2.66,0.00,0.45,0.00,0.00,0.00,0.00
128,Patnt,PjDee,Succ,55,0.00,0.00,89.30,7.30,0.00,0.00,0.00,0.00,0.00,3.46,0.00,0.60,0.00,0.00,0.00,0.00
128,Patnt,PjDee,Succ,65,0.00,0.00,104.70,7.66,0.00,0.00,0.00,0.00,0.00,4.14,0.00,0.75,0.00,0.00,0.00,0.00
128,Patnt,PjDee,Succ,75,0.00,0.00,117.05,7.87,0.00,0.00,0.00,0.00,0.00,4.65,0.00,0.88,0.00,0.00,0.00,0.00
128,Patnt,PjDee,Succ,85,0.00,0.00,126.23,8.00,0.00,0.00,0.00,0.00,0.00,5.00,0.00,1.00,0.00,0.00,0.00,0.00
128,Patnt,PjDee,Succ,95,0.00,0.00,132.25,8.08,0.00,0.00,0.00,0.00,0.00,5.20,0.00,1.09,0.00,0.00,0.00,0.00
128,Patnt,PjDee,Succ,105,0.00,0.00,135.19,8.11,0.00,0.00,0.00,0.00,0.00,5.28,0.00,1.16,0.00,0.00,0.00,0.00
128,Patnt,PjDee,Succ,115,0.00,0.00,135.27,8.11,0.00,0.00,0.00,0.00,0.00,5.26,0.00,1.22,0.00,0.00,0.00,0.00
128,Patnt,PjDee,Succ,125,0.00,0.00,132.77,8.08,0.00,0.00,0.00,0.00,0.00,5.15,0.00,1.25,0.00,0.00,0.00,0.00
128,Patnt,PjDee,Succ,135,0.00,0.00,128.09,8.01,0.00,0.00,0.00,0.00,0.00,4.99,0.00,1.27,0.00,0.00,0.00,0.00
128,Patnt,PjDee,Succ,145,0.00,0.00,121.64,7.91,0.00,0.00,0.00,0.00,0.00,4.78,0.00,1.27,0.00,0.00,0.00,0.00
128,Patnt,PjDee,Succ,155,0.00,0.00,113.86,7.78,0.00,0.00,0.00,0.00,0.00,4.54,0.00,1.25,0.00,0.00,0.00,0.00
128,Patnt,PjDee,Succ,165,0.00,0.00,105.19,7.62,0.00,0.00,0.00,0.00,0.00,4.28,0.00,1.23,0.00,0.00,0.00,0.00
128,Patnt,PjDee,Succ,175,0.00,0.00,96.00,7.44,0.00,0.00,0.00,0.00,0.00,4.02,0.00,1.19,0.00,0.00,0.00,0.00
128,Patnt,PjDee,Succ,185,0.00,0.00,86.64,7.22,0.00,0.00,0.00,0.00,0.00,3.74,0.00,1.14,0.00,0.00,0.00,0.00
128,Patnt,PjDee,Succ,195,0.00,0.00,77.39,6.99,0.00,0.00,0.00,0.00,0.00,3.47,0.00,1.09,0.00,0.00,0.00,0.00
128,Patnt,PjDee,Succ,205,0.00,0.00,68.46,6.73,0.00,0.00,0.00,0.00,0.00,3.20,0.00,1.04,0.00,0.00,0.00,0.00
128,Patnt,PjDee,Succ,215,0.00,0.00,60.03,6.46,0.00,0.00,0.00,0.00,0.00,2.93,0.00,0.98,0.00,0.00,0.00,0.00
128,Patnt,PjDee,Succ,225,0.00,0.00,52.19,6.16,0.00,0.00,0.00,0.00,0.00,2.68,0.00,0.91,0.00,0.00,0.00,0.00
128,Patnt,PjDee,Succ,235,0.00,0.00,45.03,5.86,0.00,0.00,0.00,0.00,0.00,2.43,0.00,0.85,0.00,0.00,0.00,0.00
128,Patnt,PjDee,Succ,245,0.00,0.00,38.56,5.55,0.00,0.00,0.00,0.00,0.00,2.20,0.00,0.79,0.00,0.00,0.00,0.00
128,Patnt,PjDee,Succ,255,0.00,0.00,32.79,5.23,0.00,0.00,0.00,0.00,0.00,1.98,0.00,0.73,0.00,0.00,0.00,0.00
129,3w,PoDom,Prsnt,5,0.00,0.00,0.00,0.00,0.00,0.00,0.00,0.00,0.00,0.00,0.00,0.00,0.00,0.00,0.00,0.00
129,3w,PoDom,Prsnt,15,0.00,0.00,0.25,0.33,0.07,0.03,0.00,0.00,0.00,2.81,0.00,0.08,0.00,0.00,0.00,0.00
129,3w,PoDom,Prsnt,25,0.00,0.00,1.22,2.09,0.33,0.20,0.00,0.00,0.00,16.65,0.00,0.49,0.00,0.00,0.00,0.00
129,3w,PoDom,Prsnt,35,0.00,0.00,2.85,4.93,0.69,0.46,0.00,0.00,0.00,43.36,0.00,1.29,0.00,0.00,0.00,0.00
129,3w,PoDom,Prsnt,45,0.00,0.00,4.65,7.30,1.01,0.67,0.00,0.00,0.00,75.60,0.00,2.30,0.00,0.00,0.00,0.00
129,3w,PoDom,Prsnt,55,0.00,0.00,6.20,8.59,1.20,0.77,0.00,0.00,0.00,104.61,0.00,3.29,0.00,0.00,0.00,0.00
129,3w,PoDom,Prsnt,65,0.00,0.00,7.33,9.09,1.29,0.80,0.00,0.00,0.00,125.91,0.00,4.13,0.00,0.00,0.00,0.00
129,3w,PoDom,Prsnt,75,0.00,0.00,8.06,9.18,1.32,0.80,0.00,0.00,0.00,139.11,0.00,4.77,0.00,0.00,0.00,0.00
129,3w,PoDom,Prsnt,85,0.00,0.00,8.45,9.07,1.31,0.78,0.00,0.00,0.00,145.42,0.00,5.24,0.00,0.00,0.00,0.00
129,3w,PoDom,Prsnt,95,0.00,0.00,8.55,8.85,1.28,0.75,0.00,0.00,0.00,146.22,0.00,5.53,0.00,0.00,0.00,0.00
129,3w,PoDom,Prsnt,105,0.00,0.00,8.40,8.55,1.23,0.71,0.00,0.00,0.00,142.72,0.00,5.68,0.00,0.00,0.00,0.00
129,3w,PoDom,Prsnt,115,0.00,0.00,8.04,8.18,1.18,0.66,0.00,0.00,0.00,135.96,0.00,5.68,0.00,0.00,0.00,0.00
129,3w,PoDom,Prsnt,125,0.00,0.00,7.52,7.76,1.12,0.62,0.00,0.00,0.00,126.89,0.00,5.55,0.00,0.00,0.00,0.00
129,3w,PoDom,Prsnt,135,0.00,0.00,6.86,7.28,1.05,0.57,0.00,0.00,0.00,116.30,0.00,5.32,0.00,0.00,0.00,0.00
129,3w,PoDom,Prsnt,145,0.00,0.00,6.13,6.77,0.98,0.52,0.00,0.00,0.00,104.89,0.00,5.01,0.00,0.00,0.00,0.00
129,3w,PoDom,Prsnt,155,0.00,0.00,5.37,6.22,0.90,0.47,0.00,0.00,0.00,93.21,0.00,4.63,0.00,0.00,0.00,0.00
129,3w,PoDom,Prsnt,165,0.00,0.00,4.61,5.66,0.82,0.41,0.00,0.00,0.00,81.70,0.00,4.21,0.00,0.00,0.00,0.00
129,3w,PoDom,Prsnt,175,0.00,0.00,3.88,5.10,0.74,0.37,0.00,0.00,0.00,70.68,0.00,3.77,0.00,0.00,0.00,0.00
129,3w,PoDom,Prsnt,185,0.00,0.00,3.21,4.54,0.65,0.32,0.00,0.00,0.00,60.40,0.00,3.33,0.00,0.00,0.00,0.00
129,3w,PoDom,Prsnt,195,0.00,0.00,2.61,4.00,0.58,0.27,0.00,0.00,0.00,51.00,0.00,2.90,0.00,0.00,0.00,0.00
129,3w,PoDom,Prsnt,205,0.00,0.00,2.09,3.49,0.50,0.23,0.00,0.00,0.00,42.57,0.00,2.49,0.00,0.00,0.00,0.00
129,3w,PoDom,Prsnt,215,0.00,0.00,1.65,3.01,0.43,0.20,0.00,0.00,0.00,35.13,0.00,2.11,0.00,0.00,0.00,0.00
129,3w,PoDom,Prsnt,225,0.00,0.00,1.28,2.57,0.37,0.16,0.00,0.00,0.00,28.67,0.00,1.76,0.00,0.00,0.00,0.00
129,3w,PoDom,Prsnt,235,0.00,0.00,0.98,2.17,0.31,0.13,0.00,0.00,0.00,23.14,0.00,1.46,0.00,0.00,0.00,0.00
129,3w,PoDom,Prsnt,245,0.00,0.00,0.74,1.81,0.26,0.11,0.00,0.00,0.00,18.47,0.00,1.19,0.00,0.00,0.00,0.00
129,3w,PoDom,Prsnt,255,0.00,0.00,0.55,1.50,0.21,0.09,0.00,0.00,0.00,14.59,0.00,0.96,0.00,0.00,0.00,0.00
130,Patnt,PoDom,Prsnt,5,0.00,0.00,0.00,0.00,0.00,0.00,0.00,0.00,0.00,0.00,0.00,0.00,0.00,0.00,0.00,0.00
130,Patnt,PoDom,Prsnt,15,0.00,0.00,0.09,0.13,0.02,0.01,0.00,0.00,0.00,1.08,0.00,0.03,0.00,0.00,0.00,0.00
130,Patnt,PoDom,Prsnt,25,0.00,0.00,0.63,1.07,0.17,0.10,0.00,0.00,0.00,8.53,0.00,0.25,0.00,0.00,0.00,0.00
130,Patnt,PoDom,Prsnt,35,0.00,0.00,1.85,3.20,0.45,0.30,0.00,0.00,0.00,28.18,0.00,0.83,0.00,0.00,0.00,0.00
130,Patnt,PoDom,Prsnt,45,0.00,0.00,3.65,5.73,0.79,0.53,0.00,0.00,0.00,59.35,0.00,1.80,0.00,0.00,0.00,0.00
130,Patnt,PoDom,Prsnt,55,0.00,0.00,5.60,7.76,1.08,0.70,0.00,0.00,0.00,94.54,0.00,2.97,0.00,0.00,0.00,0.00
130,Patnt,PoDom,Prsnt,65,0.00,0.00,7.27,9.01,1.28,0.80,0.00,0.00,0.00,124.85,0.00,4.09,0.00,0.00,0.00,0.00
130,Patnt,PoDom,Prsnt,75,0.00,0.00,8.35,9.52,1.36,0.83,0.00,0.00,0.00,144.21,0.00,4.95,0.00,0.00,0.00,0.00
130,Patnt,PoDom,Prsnt,85,0.00,0.00,8.72,9.37,1.35,0.80,0.00,0.00,0.00,150.19,0.00,5.41,0.00,0.00,0.00,0.00
130,Patnt,PoDom,Prsnt,95,0.00,0.00,8.38,8.68,1.25,0.73,0.00,0.00,0.00,143.37,0.00,5.43,0.00,0.00,0.00,0.00
130,Patnt,PoDom,Prsnt,105,0.00,0.00,7.45,7.58,1.09,0.63,0.00,0.00,0.00,126.61,0.00,5.04,0.00,0.00,0.00,0.00
130,Patnt,PoDom,Prsnt,115,0.00,0.00,6.15,6.26,0.90,0.51,0.00,0.00,0.00,103.99,0.00,4.34,0.00,0.00,0.00,0.00
130,Patnt,PoDom,Prsnt,125,0.00,0.00,4.72,4.87,0.70,0.39,0.00,0.00,0.00,79.73,0.00,3.49,0.00,0.00,0.00,0.00
130,Patnt,PoDom,Prsnt,135,0.00,0.00,3.37,3.58,0.51,0.28,0.00,0.00,0.00,57.22,0.00,2.62,0.00,0.00,0.00,0.00
130,Patnt,PoDom,Prsnt,145,0.00,0.00,2.25,2.48,0.36,0.19,0.00,0.00,0.00,38.50,0.00,1.84,0.00,0.00,0.00,0.00
130,Patnt,PoDom,Prsnt,155,0.00,0.00,1.40,1.62,0.23,0.12,0.00,0.00,0.00,24.32,0.00,1.20,0.00,0.00,0.00,0.00
130,Patnt,PoDom,Prsnt,165,0.00,0.00,0.81,1.00,0.14,0.07,0.00,0.00,0.00,14.44,0.00,0.74,0.00,0.00,0.00,0.00
130,Patnt,PoDom,Prsnt,175,0.00,0.00,0.44,0.58,0.08,0.04,0.00,0.00,0.00,8.07,0.00,0.43,0.00,0.00,0.00,0.00
130,Patnt,PoDom,Prsnt,185,0.00,0.00,0.22,0.31,0.04,0.02,0.00,0.00,0.00,4.24,0.00,0.23,0.00,0.00,0.00,0.00
130,Patnt,PoDom,Prsnt,195,0.00,0.00,0.10,0.16,0.02,0.01,0.00,0.00,0.00,2.10,0.00,0.11,0.00,0.00,0.00,0.00
130,Patnt,PoDom,Prsnt,205,0.00,0.00,0.04,0.08,0.01,5.46075879977028e-03,0.00,0.00,0.00,0.97,0.00,0.05,0.00,0.00,0.00,0.00
130,Patnt,PoDom,Prsnt,215,0.00,0.00,0.02,0.03,5.36169025860345e-03,2.45205317341841e-03,0.00,0.00,0.00,0.43,0.00,0.02,0.00,0.00,0.00,0.00
130,Patnt,PoDom,Prsnt,225,0.00,0.00,7.98691155462016e-03,0.01,2.3222569578387e-03,1.03780669745361e-03,0.00,0.00,0.00,0.17,0.00,0.01,0.00,0.00,0.00,0.00
130,Patnt,PoDom,Prsnt,235,0.00,0.00,2.95820449510054e-03,6.53182941045825e-03,9.48366827713234e-04,4.14043522241337e-04,0.00,0.00,0.00,0.06,0.00,4.3992590301914e-03,0.00,0.00,0.00,0.00
130,Patnt,PoDom,Prsnt,245,0.00,0.00,1.02989552669373e-03,2.51466501103969e-03,3.65195633517566e-04,1.55722324796463e-04,0.00,0.00,0.00,0.02,0.00,1.65784157111803e-03,0.00,0.00,0.00,0.00
130,Patnt,PoDom,Prsnt,255,0.00,0.00,3.37184772712189e-04,9.12919347000414e-04,1.32611719899499e-04,5.521554388652e-05,0.00,0.00,0.00,8.88079325639225e-03,0.00,5.88610283069576e-04,0.00,0.00,0.00,0.00
131,3w,PoDom,Exten,5,0.00,0.00,0.00,0.00,0.00,0.00,0.00,0.00,0.00,0.00,0.00,0.00,0.00,0.00,0.00,0.00
131,3w,PoDom,Exten,15,0.00,0.00,0.32,0.28,0.06,0.06,0.00,0.00,0.00,2.66,0.00,0.06,0.00,0.00,0.00,0.00
131,3w,PoDom,Exten,25,0.00,0.00,1.55,1.77,0.31,0.38,0.00,0.00,0.00,15.82,0.00,0.38,0.00,0.00,0.00,0.00
131,3w,PoDom,Exten,35,0.00,0.00,3.62,4.18,0.66,0.89,0.00,0.00,0.00,41.31,0.00,1.02,0.00,0.00,0.00,0.00
131,3w,PoDom,Exten,45,0.00,0.00,5.92,6.19,0.96,1.28,0.00,0.00,0.00,72.15,0.00,1.83,0.00,0.00,0.00,0.00
131,3w,PoDom,Exten,55,0.00,0.00,7.89,7.29,1.15,1.48,0.00,0.00,0.00,99.95,0.00,2.62,0.00,0.00,0.00,0.00
131,3w,PoDom,Exten,65,0.00,0.00,9.34,7.73,1.23,1.54,0.00,0.00,0.00,120.42,0.00,3.29,0.00,0.00,0.00,0.00
131,3w,PoDom,Exten,75,0.00,0.00,10.28,7.81,1.26,1.54,0.00,0.00,0.00,133.14,0.00,3.81,0.00,0.00,0.00,0.00
131,3w,PoDom,Exten,85,0.00,0.00,10.79,7.72,1.25,1.49,0.00,0.00,0.00,139.27,0.00,4.18,0.00,0.00,0.00,0.00
131,3w,PoDom,Exten,95,0.00,0.00,10.92,7.54,1.22,1.43,0.00,0.00,0.00,140.10,0.00,4.42,0.00,0.00,0.00,0.00
131,3w,PoDom,Exten,105,0.00,0.00,10.74,7.28,1.18,1.36,0.00,0.00,0.00,136.80,0.00,4.53,0.00,0.00,0.00,0.00
131,3w,PoDom,Exten,115,0.00,0.00,10.29,6.97,1.13,1.28,0.00,0.00,0.00,130.36,0.00,4.54,0.00,0.00,0.00,0.00
131,3w,PoDom,Exten,125,0.00,0.00,9.61,6.61,1.07,1.19,0.00,0.00,0.00,121.69,0.00,4.44,0.00,0.00,0.00,0.00
131,3w,PoDom,Exten,135,0.00,0.00,8.78,6.21,1.01,1.10,0.00,0.00,0.00,111.56,0.00,4.25,0.00,0.00,0.00,0.00
131,3w,PoDom,Exten,145,0.00,0.00,7.85,5.77,0.94,1.00,0.00,0.00,0.00,100.62,0.00,4.00,0.00,0.00,0.00,0.00
131,3w,PoDom,Exten,155,0.00,0.00,6.87,5.31,0.86,0.90,0.00,0.00,0.00,89.43,0.00,3.70,0.00,0.00,0.00,0.00
131,3w,PoDom,Exten,165,0.00,0.00,5.90,4.83,0.78,0.80,0.00,0.00,0.00,78.39,0.00,3.37,0.00,0.00,0.00,0.00
131,3w,PoDom,Exten,175,0.00,0.00,4.97,4.35,0.71,0.71,0.00,0.00,0.00,67.82,0.00,3.01,0.00,0.00,0.00,0.00
131,3w,PoDom,Exten,185,0.00,0.00,4.11,3.87,0.63,0.61,0.00,0.00,0.00,57.96,0.00,2.66,0.00,0.00,0.00,0.00
131,3w,PoDom,Exten,195,0.00,0.00,3.34,3.41,0.55,0.53,0.00,0.00,0.00,48.94,0.00,2.31,0.00,0.00,0.00,0.00
131,3w,PoDom,Exten,205,0.00,0.00,2.68,2.98,0.48,0.45,0.00,0.00,0.00,40.85,0.00,1.99,0.00,0.00,0.00,0.00
131,3w,PoDom,Exten,215,0.00,0.00,2.11,2.57,0.41,0.38,0.00,0.00,0.00,33.71,0.00,1.68,0.00,0.00,0.00,0.00
131,3w,PoDom,Exten,225,0.00,0.00,1.64,2.19,0.35,0.32,0.00,0.00,0.00,27.51,0.00,1.41,0.00,0.00,0.00,0.00
131,3w,PoDom,Exten,235,0.00,0.00,1.25,1.85,0.30,0.26,0.00,0.00,0.00,22.21,0.00,1.17,0.00,0.00,0.00,0.00
131,3w,PoDom,Exten,245,0.00,0.00,0.95,1.54,0.25,0.21,0.00,0.00,0.00,17.73,0.00,0.95,0.00,0.00,0.00,0.00
131,3w,PoDom,Exten,255,0.00,0.00,0.70,1.28,0.20,0.17,0.00,0.00,0.00,14.00,0.00,0.77,0.00,0.00,0.00,0.00
132,Patnt,PoDom,Exten,5,0.00,0.00,0.00,0.00,0.00,0.00,0.00,0.00,0.00,0.00,0.00,0.00,0.00,0.00,0.00,0.00
132,Patnt,PoDom,Exten,15,0.00,0.00,0.09,0.13,0.02,0.01,0.00,0.00,0.00,1.08,0.00,0.03,0.00,0.00,0.00,0.00
132,Patnt,PoDom,Exten,25,0.00,0.00,0.63,1.07,0.17,0.10,0.00,0.00,0.00,8.53,0.00,0.25,0.00,0.00,0.00,0.00
132,Patnt,PoDom,Exten,35,0.00,0.00,1.85,3.20,0.45,0.30,0.00,0.00,0.00,28.18,0.00,0.83,0.00,0.00,0.00,0.00
132,Patnt,PoDom,Exten,45,0.00,0.00,3.65,5.73,0.79,0.53,0.00,0.00,0.00,59.35,0.00,1.80,0.00,0.00,0.00,0.00
132,Patnt,PoDom,Exten,55,0.00,0.00,5.60,7.76,1.08,0.70,0.00,0.00,0.00,94.54,0.00,2.97,0.00,0.00,0.00,0.00
132,Patnt,PoDom,Exten,65,0.00,0.00,7.27,9.01,1.28,0.80,0.00,0.00,0.00,124.85,0.00,4.09,0.00,0.00,0.00,0.00
132,Patnt,PoDom,Exten,75,0.00,0.00,8.35,9.52,1.36,0.83,0.00,0.00,0.00,144.21,0.00,4.95,0.00,0.00,0.00,0.00
132,Patnt,PoDom,Exten,85,0.00,0.00,8.72,9.37,1.35,0.80,0.00,0.00,0.00,150.19,0.00,5.41,0.00,0.00,0.00,0.00
132,Patnt,PoDom,Exten,95,0.00,0.00,8.38,8.68,1.25,0.73,0.00,0.00,0.00,143.37,0.00,5.43,0.00,0.00,0.00,0.00
132,Patnt,PoDom,Exten,105,0.00,0.00,7.45,7.58,1.09,0.63,0.00,0.00,0.00,126.61,0.00,5.04,0.00,0.00,0.00,0.00
132,Patnt,PoDom,Exten,115,0.00,0.00,6.15,6.26,0.90,0.51,0.00,0.00,0.00,103.99,0.00,4.34,0.00,0.00,0.00,0.00
132,Patnt,PoDom,Exten,125,0.00,0.00,4.72,4.87,0.70,0.39,0.00,0.00,0.00,79.73,0.00,3.49,0.00,0.00,0.00,0.00
132,Patnt,PoDom,Exten,135,0.00,0.00,3.37,3.58,0.51,0.28,0.00,0.00,0.00,57.22,0.00,2.62,0.00,0.00,0.00,0.00
132,Patnt,PoDom,Exten,145,0.00,0.00,2.25,2.48,0.36,0.19,0.00,0.00,0.00,38.50,0.00,1.84,0.00,0.00,0.00,0.00
132,Patnt,PoDom,Exten,155,0.00,0.00,1.40,1.62,0.23,0.12,0.00,0.00,0.00,24.32,0.00,1.20,0.00,0.00,0.00,0.00
132,Patnt,PoDom,Exten,165,0.00,0.00,0.81,1.00,0.14,0.07,0.00,0.00,0.00,14.44,0.00,0.74,0.00,0.00,0.00,0.00
132,Patnt,PoDom,Exten,175,0.00,0.00,0.44,0.58,0.08,0.04,0.00,0.00,0.00,8.07,0.00,0.43,0.00,0.00,0.00,0.00
132,Patnt,PoDom,Exten,185,0.00,0.00,0.22,0.31,0.04,0.02,0.00,0.00,0.00,4.24,0.00,0.23,0.00,0.00,0.00,0.00
132,Patnt,PoDom,Exten,195,0.00,0.00,0.10,0.16,0.02,0.01,0.00,0.00,0.00,2.10,0.00,0.11,0.00,0.00,0.00,0.00
132,Patnt,PoDom,Exten,205,0.00,0.00,0.04,0.08,0.01,5.46075879977028e-03,0.00,0.00,0.00,0.97,0.00,0.05,0.00,0.00,0.00,0.00
132,Patnt,PoDom,Exten,215,0.00,0.00,0.02,0.03,5.36169025860345e-03,2.45205317341841e-03,0.00,0.00,0.00,0.43,0.00,0.02,0.00,0.00,0.00,0.00
132,Patnt,PoDom,Exten,225,0.00,0.00,7.98691155462016e-03,0.01,2.3222569578387e-03,1.03780669745361e-03,0.00,0.00,0.00,0.17,0.00,0.01,0.00,0.00,0.00,0.00
132,Patnt,PoDom,Exten,235,0.00,0.00,2.95820449510054e-03,6.53182941045825e-03,9.48366827713234e-04,4.14043522241337e-04,0.00,0.00,0.00,0.06,0.00,4.3992590301914e-03,0.00,0.00,0.00,0.00
132,Patnt,PoDom,Exten,245,0.00,0.00,1.02989552669373e-03,2.51466501103969e-03,3.65195633517566e-04,1.55722324796463e-04,0.00,0.00,0.00,0.02,0.00,1.65784157111803e-03,0.00,0.00,0.00,0.00
132,Patnt,PoDom,Exten,255,0.00,0.00,3.37184772712189e-04,9.12919347000414e-04,1.32611719899499e-04,5.521554388652e-05,0.00,0.00,0.00,8.88079325639225e-03,0.00,5.88610283069576e-04,0.00,0.00,0.00,0.00
133,3w,PoDom,Basc1,5,0.00,0.00,0.00,0.00,0.00,0.00,0.00,0.00,0.00,0.00,0.00,0.00,0.00,0.00,0.00,0.00
133,3w,PoDom,Basc1,15,0.00,0.00,0.25,0.33,0.07,0.03,0.00,0.00,0.00,2.81,0.00,0.08,0.00,0.00,0.00,0.00
133,3w,PoDom,Basc1,25,0.00,0.00,1.22,2.09,0.33,0.20,0.00,0.00,0.00,16.65,0.00,0.49,0.00,0.00,0.00,0.00
133,3w,PoDom,Basc1,35,0.00,0.00,2.85,4.93,0.69,0.46,0.00,0.00,0.00,43.36,0.00,1.29,0.00,0.00,0.00,0.00
133,3w,PoDom,Basc1,45,0.00,0.00,4.65,7.30,1.01,0.67,0.00,0.00,0.00,75.60,0.00,2.30,0.00,0.00,0.00,0.00
133,3w,PoDom,Basc1,55,0.00,0.00,6.20,8.59,1.20,0.77,0.00,0.00,0.00,104.61,0.00,3.29,0.00,0.00,0.00,0.00
133,3w,PoDom,Basc1,65,0.00,0.00,7.33,9.09,1.29,0.80,0.00,0.00,0.00,125.91,0.00,4.13,0.00,0.00,0.00,0.00
133,3w,PoDom,Basc1,75,0.00,0.00,8.06,9.18,1.32,0.80,0.00,0.00,0.00,139.11,0.00,4.77,0.00,0.00,0.00,0.00
133,3w,PoDom,Basc1,85,0.00,0.00,8.45,9.07,1.31,0.78,0.00,0.00,0.00,145.42,0.00,5.24,0.00,0.00,0.00,0.00
133,3w,PoDom,Basc1,95,0.00,0.00,8.55,8.85,1.28,0.75,0.00,0.00,0.00,146.22,0.00,5.53,0.00,0.00,0.00,0.00
133,3w,PoDom,Basc1,105,0.00,0.00,8.40,8.55,1.23,0.71,0.00,0.00,0.00,142.72,0.00,5.68,0.00,0.00,0.00,0.00
133,3w,PoDom,Basc1,115,0.00,0.00,8.04,8.18,1.18,0.66,0.00,0.00,0.00,135.96,0.00,5.68,0.00,0.00,0.00,0.00
133,3w,PoDom,Basc1,125,0.00,0.00,7.52,7.76,1.12,0.62,0.00,0.00,0.00,126.89,0.00,5.55,0.00,0.00,0.00,0.00
133,3w,PoDom,Basc1,135,0.00,0.00,6.86,7.28,1.05,0.57,0.00,0.00,0.00,116.30,0.00,5.32,0.00,0.00,0.00,0.00
133,3w,PoDom,Basc1,145,0.00,0.00,6.13,6.77,0.98,0.52,0.00,0.00,0.00,104.89,0.00,5.01,0.00,0.00,0.00,0.00
133,3w,PoDom,Basc1,155,0.00,0.00,5.37,6.22,0.90,0.47,0.00,0.00,0.00,93.21,0.00,4.63,0.00,0.00,0.00,0.00
133,3w,PoDom,Basc1,165,0.00,0.00,4.61,5.66,0.82,0.41,0.00,0.00,0.00,81.70,0.00,4.21,0.00,0.00,0.00,0.00
133,3w,PoDom,Basc1,175,0.00,0.00,3.88,5.10,0.74,0.37,0.00,0.00,0.00,70.68,0.00,3.77,0.00,0.00,0.00,0.00
133,3w,PoDom,Basc1,185,0.00,0.00,3.21,4.54,0.65,0.32,0.00,0.00,0.00,60.40,0.00,3.33,0.00,0.00,0.00,0.00
133,3w,PoDom,Basc1,195,0.00,0.00,2.61,4.00,0.58,0.27,0.00,0.00,0.00,51.00,0.00,2.90,0.00,0.00,0.00,0.00
133,3w,PoDom,Basc1,205,0.00,0.00,2.09,3.49,0.50,0.23,0.00,0.00,0.00,42.57,0.00,2.49,0.00,0.00,0.00,0.00
133,3w,PoDom,Basc1,215,0.00,0.00,1.65,3.01,0.43,0.20,0.00,0.00,0.00,35.13,0.00,2.11,0.00,0.00,0.00,0.00
133,3w,PoDom,Basc1,225,0.00,0.00,1.28,2.57,0.37,0.16,0.00,0.00,0.00,28.67,0.00,1.76,0.00,0.00,0.00,0.00
133,3w,PoDom,Basc1,235,0.00,0.00,0.98,2.17,0.31,0.13,0.00,0.00,0.00,23.14,0.00,1.46,0.00,0.00,0.00,0.00
133,3w,PoDom,Basc1,245,0.00,0.00,0.74,1.81,0.26,0.11,0.00,0.00,0.00,18.47,0.00,1.19,0.00,0.00,0.00,0.00
133,3w,PoDom,Basc1,255,0.00,0.00,0.55,1.50,0.21,0.09,0.00,0.00,0.00,14.59,0.00,0.96,0.00,0.00,0.00,0.00
134,Patnt,PoDom,Basc1,5,0.00,0.00,0.00,0.00,0.00,0.00,0.00,0.00,0.00,0.00,0.00,0.00,0.00,0.00,0.00,0.00
134,Patnt,PoDom,Basc1,15,0.00,0.00,0.09,0.13,0.02,0.01,0.00,0.00,0.00,1.08,0.00,0.03,0.00,0.00,0.00,0.00
134,Patnt,PoDom,Basc1,25,0.00,0.00,0.63,1.07,0.17,0.10,0.00,0.00,0.00,8.53,0.00,0.25,0.00,0.00,0.00,0.00
134,Patnt,PoDom,Basc1,35,0.00,0.00,1.85,3.20,0.45,0.30,0.00,0.00,0.00,28.18,0.00,0.83,0.00,0.00,0.00,0.00
134,Patnt,PoDom,Basc1,45,0.00,0.00,3.65,5.73,0.79,0.53,0.00,0.00,0.00,59.35,0.00,1.80,0.00,0.00,0.00,0.00
134,Patnt,PoDom,Basc1,55,0.00,0.00,5.60,7.76,1.08,0.70,0.00,0.00,0.00,94.54,0.00,2.97,0.00,0.00,0.00,0.00
134,Patnt,PoDom,Basc1,65,0.00,0.00,7.27,9.01,1.28,0.80,0.00,0.00,0.00,124.85,0.00,4.09,0.00,0.00,0.00,0.00
134,Patnt,PoDom,Basc1,75,0.00,0.00,8.35,9.52,1.36,0.83,0.00,0.00,0.00,144.21,0.00,4.95,0.00,0.00,0.00,0.00
134,Patnt,PoDom,Basc1,85,0.00,0.00,8.72,9.37,1.35,0.80,0.00,0.00,0.00,150.19,0.00,5.41,0.00,0.00,0.00,0.00
134,Patnt,PoDom,Basc1,95,0.00,0.00,8.38,8.68,1.25,0.73,0.00,0.00,0.00,143.37,0.00,5.43,0.00,0.00,0.00,0.00
134,Patnt,PoDom,Basc1,105,0.00,0.00,7.45,7.58,1.09,0.63,0.00,0.00,0.00,126.61,0.00,5.04,0.00,0.00,0.00,0.00
134,Patnt,PoDom,Basc1,115,0.00,0.00,6.15,6.26,0.90,0.51,0.00,0.00,0.00,103.99,0.00,4.34,0.00,0.00,0.00,0.00
134,Patnt,PoDom,Basc1,125,0.00,0.00,4.72,4.87,0.70,0.39,0.00,0.00,0.00,79.73,0.00,3.49,0.00,0.00,0.00,0.00
134,Patnt,PoDom,Basc1,135,0.00,0.00,3.37,3.58,0.51,0.28,0.00,0.00,0.00,57.22,0.00,2.62,0.00,0.00,0.00,0.00
134,Patnt,PoDom,Basc1,145,0.00,0.00,2.25,2.48,0.36,0.19,0.00,0.00,0.00,38.50,0.00,1.84,0.00,0.00,0.00,0.00
134,Patnt,PoDom,Basc1,155,0.00,0.00,1.40,1.62,0.23,0.12,0.00,0.00,0.00,24.32,0.00,1.20,0.00,0.00,0.00,0.00
134,Patnt,PoDom,Basc1,165,0.00,0.00,0.81,1.00,0.14,0.07,0.00,0.00,0.00,14.44,0.00,0.74,0.00,0.00,0.00,0.00
134,Patnt,PoDom,Basc1,175,0.00,0.00,0.44,0.58,0.08,0.04,0.00,0.00,0.00,8.07,0.00,0.43,0.00,0.00,0.00,0.00
134,Patnt,PoDom,Basc1,185,0.00,0.00,0.22,0.31,0.04,0.02,0.00,0.00,0.00,4.24,0.00,0.23,0.00,0.00,0.00,0.00
134,Patnt,PoDom,Basc1,195,0.00,0.00,0.10,0.16,0.02,0.01,0.00,0.00,0.00,2.10,0.00,0.11,0.00,0.00,0.00,0.00
134,Patnt,PoDom,Basc1,205,0.00,0.00,0.04,0.08,0.01,5.46075879977028e-03,0.00,0.00,0.00,0.97,0.00,0.05,0.00,0.00,0.00,0.00
134,Patnt,PoDom,Basc1,215,0.00,0.00,0.02,0.03,5.36169025860345e-03,2.45205317341841e-03,0.00,0.00,0.00,0.43,0.00,0.02,0.00,0.00,0.00,0.00
134,Patnt,PoDom,Basc1,225,0.00,0.00,7.98691155462016e-03,0.01,2.3222569578387e-03,1.03780669745361e-03,0.00,0.00,0.00,0.17,0.00,0.01,0.00,0.00,0.00,0.00
134,Patnt,PoDom,Basc1,235,0.00,0.00,2.95820449510054e-03,6.53182941045825e-03,9.48366827713234e-04,4.14043522241337e-04,0.00,0.00,0.00,0.06,0.00,4.3992590301914e-03,0.00,0.00,0.00,0.00
134,Patnt,PoDom,Basc1,245,0.00,0.00,1.02989552669373e-03,2.51466501103969e-03,3.65195633517566e-04,1.55722324796463e-04,0.00,0.00,0.00,0.02,0.00,1.65784157111803e-03,0.00,0.00,0.00,0.00
134,Patnt,PoDom,Basc1,255,0.00,0.00,3.37184772712189e-04,9.12919347000414e-04,1.32611719899499e-04,5.521554388652e-05,0.00,0.00,0.00,8.88079325639225e-03,0.00,5.88610283069576e-04,0.00,0.00,0.00,0.00
135,3w,PoDom,Basc2,5,0.00,0.00,0.00,0.00,0.00,0.00,0.00,0.00,0.00,0.00,0.00,0.00,0.00,0.00,0.00,0.00
135,3w,PoDom,Basc2,15,0.00,0.00,0.25,0.33,0.07,0.03,0.00,0.00,0.00,2.81,0.00,0.08,0.00,0.00,0.00,0.00
135,3w,PoDom,Basc2,25,0.00,0.00,1.22,2.09,0.33,0.20,0.00,0.00,0.00,16.65,0.00,0.49,0.00,0.00,0.00,0.00
135,3w,PoDom,Basc2,35,0.00,0.00,2.85,4.93,0.69,0.46,0.00,0.00,0.00,43.36,0.00,1.29,0.00,0.00,0.00,0.00
135,3w,PoDom,Basc2,45,0.00,0.00,4.65,7.30,1.01,0.67,0.00,0.00,0.00,75.60,0.00,2.30,0.00,0.00,0.00,0.00
135,3w,PoDom,Basc2,55,0.00,0.00,6.20,8.59,1.20,0.77,0.00,0.00,0.00,104.61,0.00,3.29,0.00,0.00,0.00,0.00
135,3w,PoDom,Basc2,65,0.00,0.00,7.33,9.09,1.29,0.80,0.00,0.00,0.00,125.91,0.00,4.13,0.00,0.00,0.00,0.00
135,3w,PoDom,Basc2,75,0.00,0.00,8.06,9.18,1.32,0.80,0.00,0.00,0.00,139.11,0.00,4.77,0.00,0.00,0.00,0.00
135,3w,PoDom,Basc2,85,0.00,0.00,8.45,9.07,1.31,0.78,0.00,0.00,0.00,145.42,0.00,5.24,0.00,0.00,0.00,0.00
135,3w,PoDom,Basc2,95,0.00,0.00,8.55,8.85,1.28,0.75,0.00,0.00,0.00,146.22,0.00,5.53,0.00,0.00,0.00,0.00
135,3w,PoDom,Basc2,105,0.00,0.00,8.40,8.55,1.23,0.71,0.00,0.00,0.00,142.72,0.00,5.68,0.00,0.00,0.00,0.00
135,3w,PoDom,Basc2,115,0.00,0.00,8.04,8.18,1.18,0.66,0.00,0.00,0.00,135.96,0.00,5.68,0.00,0.00,0.00,0.00
135,3w,PoDom,Basc2,125,0.00,0.00,7.52,7.76,1.12,0.62,0.00,0.00,0.00,126.89,0.00,5.55,0.00,0.00,0.00,0.00
135,3w,PoDom,Basc2,135,0.00,0.00,6.86,7.28,1.05,0.57,0.00,0.00,0.00,116.30,0.00,5.32,0.00,0.00,0.00,0.00
135,3w,PoDom,Basc2,145,0.00,0.00,6.13,6.77,0.98,0.52,0.00,0.00,0.00,104.89,0.00,5.01,0.00,0.00,0.00,0.00
135,3w,PoDom,Basc2,155,0.00,0.00,5.37,6.22,0.90,0.47,0.00,0.00,0.00,93.21,0.00,4.63,0.00,0.00,0.00,0.00
135,3w,PoDom,Basc2,165,0.00,0.00,4.61,5.66,0.82,0.41,0.00,0.00,0.00,81.70,0.00,4.21,0.00,0.00,0.00,0.00
135,3w,PoDom,Basc2,175,0.00,0.00,3.88,5.10,0.74,0.37,0.00,0.00,0.00,70.68,0.00,3.77,0.00,0.00,0.00,0.00
135,3w,PoDom,Basc2,185,0.00,0.00,3.21,4.54,0.65,0.32,0.00,0.00,0.00,60.40,0.00,3.33,0.00,0.00,0.00,0.00
135,3w,PoDom,Basc2,195,0.00,0.00,2.61,4.00,0.58,0.27,0.00,0.00,0.00,51.00,0.00,2.90,0.00,0.00,0.00,0.00
135,3w,PoDom,Basc2,205,0.00,0.00,2.09,3.49,0.50,0.23,0.00,0.00,0.00,42.57,0.00,2.49,0.00,0.00,0.00,0.00
135,3w,PoDom,Basc2,215,0.00,0.00,1.65,3.01,0.43,0.20,0.00,0.00,0.00,35.13,0.00,2.11,0.00,0.00,0.00,0.00
135,3w,PoDom,Basc2,225,0.00,0.00,1.28,2.57,0.37,0.16,0.00,0.00,0.00,28.67,0.00,1.76,0.00,0.00,0.00,0.00
135,3w,PoDom,Basc2,235,0.00,0.00,0.98,2.17,0.31,0.13,0.00,0.00,0.00,23.14,0.00,1.46,0.00,0.00,0.00,0.00
135,3w,PoDom,Basc2,245,0.00,0.00,0.74,1.81,0.26,0.11,0.00,0.00,0.00,18.47,0.00,1.19,0.00,0.00,0.00,0.00
135,3w,PoDom,Basc2,255,0.00,0.00,0.55,1.50,0.21,0.09,0.00,0.00,0.00,14.59,0.00,0.96,0.00,0.00,0.00,0.00
136,Patnt,PoDom,Basc2,5,0.00,0.00,0.00,0.00,0.00,0.00,0.00,0.00,0.00,0.00,0.00,0.00,0.00,0.00,0.00,0.00
136,Patnt,PoDom,Basc2,15,0.00,0.00,0.09,0.13,0.02,0.01,0.00,0.00,0.00,1.08,0.00,0.03,0.00,0.00,0.00,0.00
136,Patnt,PoDom,Basc2,25,0.00,0.00,0.63,1.07,0.17,0.10,0.00,0.00,0.00,8.53,0.00,0.25,0.00,0.00,0.00,0.00
136,Patnt,PoDom,Basc2,35,0.00,0.00,1.85,3.20,0.45,0.30,0.00,0.00,0.00,28.18,0.00,0.83,0.00,0.00,0.00,0.00
136,Patnt,PoDom,Basc2,45,0.00,0.00,3.65,5.73,0.79,0.53,0.00,0.00,0.00,59.35,0.00,1.80,0.00,0.00,0.00,0.00
136,Patnt,PoDom,Basc2,55,0.00,0.00,5.60,7.76,1.08,0.70,0.00,0.00,0.00,94.54,0.00,2.97,0.00,0.00,0.00,0.00
136,Patnt,PoDom,Basc2,65,0.00,0.00,7.27,9.01,1.28,0.80,0.00,0.00,0.00,124.85,0.00,4.09,0.00,0.00,0.00,0.00
136,Patnt,PoDom,Basc2,75,0.00,0.00,8.35,9.52,1.36,0.83,0.00,0.00,0.00,144.21,0.00,4.95,0.00,0.00,0.00,0.00
136,Patnt,PoDom,Basc2,85,0.00,0.00,8.72,9.37,1.35,0.80,0.00,0.00,0.00,150.19,0.00,5.41,0.00,0.00,0.00,0.00
136,Patnt,PoDom,Basc2,95,0.00,0.00,8.38,8.68,1.25,0.73,0.00,0.00,0.00,143.37,0.00,5.43,0.00,0.00,0.00,0.00
136,Patnt,PoDom,Basc2,105,0.00,0.00,7.45,7.58,1.09,0.63,0.00,0.00,0.00,126.61,0.00,5.04,0.00,0.00,0.00,0.00
136,Patnt,PoDom,Basc2,115,0.00,0.00,6.15,6.26,0.90,0.51,0.00,0.00,0.00,103.99,0.00,4.34,0.00,0.00,0.00,0.00
136,Patnt,PoDom,Basc2,125,0.00,0.00,4.72,4.87,0.70,0.39,0.00,0.00,0.00,79.73,0.00,3.49,0.00,0.00,0.00,0.00
136,Patnt,PoDom,Basc2,135,0.00,0.00,3.37,3.58,0.51,0.28,0.00,0.00,0.00,57.22,0.00,2.62,0.00,0.00,0.00,0.00
136,Patnt,PoDom,Basc2,145,0.00,0.00,2.25,2.48,0.36,0.19,0.00,0.00,0.00,38.50,0.00,1.84,0.00,0.00,0.00,0.00
136,Patnt,PoDom,Basc2,155,0.00,0.00,1.40,1.62,0.23,0.12,0.00,0.00,0.00,24.32,0.00,1.20,0.00,0.00,0.00,0.00
136,Patnt,PoDom,Basc2,165,0.00,0.00,0.81,1.00,0.14,0.07,0.00,0.00,0.00,14.44,0.00,0.74,0.00,0.00,0.00,0.00
136,Patnt,PoDom,Basc2,175,0.00,0.00,0.44,0.58,0.08,0.04,0.00,0.00,0.00,8.07,0.00,0.43,0.00,0.00,0.00,0.00
136,Patnt,PoDom,Basc2,185,0.00,0.00,0.22,0.31,0.04,0.02,0.00,0.00,0.00,4.24,0.00,0.23,0.00,0.00,0.00,0.00
136,Patnt,PoDom,Basc2,195,0.00,0.00,0.10,0.16,0.02,0.01,0.00,0.00,0.00,2.10,0.00,0.11,0.00,0.00,0.00,0.00
136,Patnt,PoDom,Basc2,205,0.00,0.00,0.04,0.08,0.01,5.46075879977028e-03,0.00,0.00,0.00,0.97,0.00,0.05,0.00,0.00,0.00,0.00
136,Patnt,PoDom,Basc2,215,0.00,0.00,0.02,0.03,5.36169025860345e-03,2.45205317341841e-03,0.00,0.00,0.00,0.43,0.00,0.02,0.00,0.00,0.00,0.00
136,Patnt,PoDom,Basc2,225,0.00,0.00,7.98691155462016e-03,0.01,2.3222569578387e-03,1.03780669745361e-03,0.00,0.00,0.00,0.17,0.00,0.01,0.00,0.00,0.00,0.00
136,Patnt,PoDom,Basc2,235,0.00,0.00,2.95820449510054e-03,6.53182941045825e-03,9.48366827713234e-04,4.14043522241337e-04,0.00,0.00,0.00,0.06,0.00,4.3992590301914e-03,0.00,0.00,0.00,0.00
136,Patnt,PoDom,Basc2,245,0.00,0.00,1.02989552669373e-03,2.51466501103969e-03,3.65195633517566e-04,1.55722324796463e-04,0.00,0.00,0.00,0.02,0.00,1.65784157111803e-03,0.00,0.00,0.00,0.00
136,Patnt,PoDom,Basc2,255,0.00,0.00,3.37184772712189e-04,9.12919347000414e-04,1.32611719899499e-04,5.521554388652e-05,0.00,0.00,0.00,8.88079325639225e-03,0.00,5.88610283069576e-04,0.00,0.00,0.00,0.00
137,3w,PoDom,Intn1,5,0.00,0.00,0.00,0.00,0.00,0.00,0.00,0.00,0.00,0.00,0.00,0.00,0.00,0.00,0.00,0.00
137,3w,PoDom,Intn1,15,0.00,0.00,0.25,0.33,0.07,0.03,0.00,0.00,0.00,2.81,0.00,0.08,0.00,0.00,0.00,0.00
137,3w,PoDom,Intn1,25,0.00,0.00,1.22,2.09,0.33,0.20,0.00,0.00,0.00,16.65,0.00,0.49,0.00,0.00,0.00,0.00
137,3w,PoDom,Intn1,35,0.00,0.00,2.85,4.93,0.69,0.46,0.00,0.00,0.00,43.36,0.00,1.29,0.00,0.00,0.00,0.00
137,3w,PoDom,Intn1,45,0.00,0.00,4.65,7.30,1.01,0.67,0.00,0.00,0.00,75.60,0.00,2.30,0.00,0.00,0.00,0.00
137,3w,PoDom,Intn1,55,0.00,0.00,6.20,8.59,1.20,0.77,0.00,0.00,0.00,104.61,0.00,3.29,0.00,0.00,0.00,0.00
137,3w,PoDom,Intn1,65,0.00,0.00,7.33,9.09,1.29,0.80,0.00,0.00,0.00,125.91,0.00,4.13,0.00,0.00,0.00,0.00
137,3w,PoDom,Intn1,75,0.00,0.00,8.06,9.18,1.32,0.80,0.00,0.00,0.00,139.11,0.00,4.77,0.00,0.00,0.00,0.00
137,3w,PoDom,Intn1,85,0.00,0.00,8.45,9.07,1.31,0.78,0.00,0.00,0.00,145.42,0.00,5.24,0.00,0.00,0.00,0.00
137,3w,PoDom,Intn1,95,0.00,0.00,8.55,8.85,1.28,0.75,0.00,0.00,0.00,146.22,0.00,5.53,0.00,0.00,0.00,0.00
137,3w,PoDom,Intn1,105,0.00,0.00,8.40,8.55,1.23,0.71,0.00,0.00,0.00,142.72,0.00,5.68,0.00,0.00,0.00,0.00
137,3w,PoDom,Intn1,115,0.00,0.00,8.04,8.18,1.18,0.66,0.00,0.00,0.00,135.96,0.00,5.68,0.00,0.00,0.00,0.00
137,3w,PoDom,Intn1,125,0.00,0.00,7.52,7.76,1.12,0.62,0.00,0.00,0.00,126.89,0.00,5.55,0.00,0.00,0.00,0.00
137,3w,PoDom,Intn1,135,0.00,0.00,6.86,7.28,1.05,0.57,0.00,0.00,0.00,116.30,0.00,5.32,0.00,0.00,0.00,0.00
137,3w,PoDom,Intn1,145,0.00,0.00,6.13,6.77,0.98,0.52,0.00,0.00,0.00,104.89,0.00,5.01,0.00,0.00,0.00,0.00
137,3w,PoDom,Intn1,155,0.00,0.00,5.37,6.22,0.90,0.47,0.00,0.00,0.00,93.21,0.00,4.63,0.00,0.00,0.00,0.00
137,3w,PoDom,Intn1,165,0.00,0.00,4.61,5.66,0.82,0.41,0.00,0.00,0.00,81.70,0.00,4.21,0.00,0.00,0.00,0.00
137,3w,PoDom,Intn1,175,0.00,0.00,3.88,5.10,0.74,0.37,0.00,0.00,0.00,70.68,0.00,3.77,0.00,0.00,0.00,0.00
137,3w,PoDom,Intn1,185,0.00,0.00,3.21,4.54,0.65,0.32,0.00,0.00,0.00,60.40,0.00,3.33,0.00,0.00,0.00,0.00
137,3w,PoDom,Intn1,195,0.00,0.00,2.61,4.00,0.58,0.27,0.00,0.00,0.00,51.00,0.00,2.90,0.00,0.00,0.00,0.00
137,3w,PoDom,Intn1,205,0.00,0.00,2.09,3.49,0.50,0.23,0.00,0.00,0.00,42.57,0.00,2.49,0.00,0.00,0.00,0.00
137,3w,PoDom,Intn1,215,0.00,0.00,1.65,3.01,0.43,0.20,0.00,0.00,0.00,35.13,0.00,2.11,0.00,0.00,0.00,0.00
137,3w,PoDom,Intn1,225,0.00,0.00,1.28,2.57,0.37,0.16,0.00,0.00,0.00,28.67,0.00,1.76,0.00,0.00,0.00,0.00
137,3w,PoDom,Intn1,235,0.00,0.00,0.98,2.17,0.31,0.13,0.00,0.00,0.00,23.14,0.00,1.46,0.00,0.00,0.00,0.00
137,3w,PoDom,Intn1,245,0.00,0.00,0.74,1.81,0.26,0.11,0.00,0.00,0.00,18.47,0.00,1.19,0.00,0.00,0.00,0.00
137,3w,PoDom,Intn1,255,0.00,0.00,0.55,1.50,0.21,0.09,0.00,0.00,0.00,14.59,0.00,0.96,0.00,0.00,0.00,0.00
138,Patnt,PoDom,Intn1,5,0.00,0.00,0.00,0.00,0.00,0.00,0.00,0.00,0.00,0.00,0.00,0.00,0.00,0.00,0.00,0.00
138,Patnt,PoDom,Intn1,15,0.00,0.00,0.09,0.13,0.02,0.01,0.00,0.00,0.00,1.08,0.00,0.03,0.00,0.00,0.00,0.00
138,Patnt,PoDom,Intn1,25,0.00,0.00,0.63,1.07,0.17,0.10,0.00,0.00,0.00,8.53,0.00,0.25,0.00,0.00,0.00,0.00
138,Patnt,PoDom,Intn1,35,0.00,0.00,1.85,3.20,0.45,0.30,0.00,0.00,0.00,28.18,0.00,0.83,0.00,0.00,0.00,0.00
138,Patnt,PoDom,Intn1,45,0.00,0.00,3.65,5.73,0.79,0.53,0.00,0.00,0.00,59.35,0.00,1.80,0.00,0.00,0.00,0.00
138,Patnt,PoDom,Intn1,55,0.00,0.00,5.60,7.76,1.08,0.70,0.00,0.00,0.00,94.54,0.00,2.97,0.00,0.00,0.00,0.00
138,Patnt,PoDom,Intn1,65,0.00,0.00,7.27,9.01,1.28,0.80,0.00,0.00,0.00,124.85,0.00,4.09,0.00,0.00,0.00,0.00
138,Patnt,PoDom,Intn1,75,0.00,0.00,8.35,9.52,1.36,0.83,0.00,0.00,0.00,144.21,0.00,4.95,0.00,0.00,0.00,0.00
138,Patnt,PoDom,Intn1,85,0.00,0.00,8.72,9.37,1.35,0.80,0.00,0.00,0.00,150.19,0.00,5.41,0.00,0.00,0.00,0.00
138,Patnt,PoDom,Intn1,95,0.00,0.00,8.38,8.68,1.25,0.73,0.00,0.00,0.00,143.37,0.00,5.43,0.00,0.00,0.00,0.00
138,Patnt,PoDom,Intn1,105,0.00,0.00,7.45,7.58,1.09,0.63,0.00,0.00,0.00,126.61,0.00,5.04,0.00,0.00,0.00,0.00
138,Patnt,PoDom,Intn1,115,0.00,0.00,6.15,6.26,0.90,0.51,0.00,0.00,0.00,103.99,0.00,4.34,0.00,0.00,0.00,0.00
138,Patnt,PoDom,Intn1,125,0.00,0.00,4.72,4.87,0.70,0.39,0.00,0.00,0.00,79.73,0.00,3.49,0.00,0.00,0.00,0.00
138,Patnt,PoDom,Intn1,135,0.00,0.00,3.37,3.58,0.51,0.28,0.00,0.00,0.00,57.22,0.00,2.62,0.00,0.00,0.00,0.00
138,Patnt,PoDom,Intn1,145,0.00,0.00,2.25,2.48,0.36,0.19,0.00,0.00,0.00,38.50,0.00,1.84,0.00,0.00,0.00,0.00
138,Patnt,PoDom,Intn1,155,0.00,0.00,1.40,1.62,0.23,0.12,0.00,0.00,0.00,24.32,0.00,1.20,0.00,0.00,0.00,0.00
138,Patnt,PoDom,Intn1,165,0.00,0.00,0.81,1.00,0.14,0.07,0.00,0.00,0.00,14.44,0.00,0.74,0.00,0.00,0.00,0.00
138,Patnt,PoDom,Intn1,175,0.00,0.00,0.44,0.58,0.08,0.04,0.00,0.00,0.00,8.07,0.00,0.43,0.00,0.00,0.00,0.00
138,Patnt,PoDom,Intn1,185,0.00,0.00,0.22,0.31,0.04,0.02,0.00,0.00,0.00,4.24,0.00,0.23,0.00,0.00,0.00,0.00
138,Patnt,PoDom,Intn1,195,0.00,0.00,0.10,0.16,0.02,0.01,0.00,0.00,0.00,2.10,0.00,0.11,0.00,0.00,0.00,0.00
138,Patnt,PoDom,Intn1,205,0.00,0.00,0.04,0.08,0.01,5.46075879977028e-03,0.00,0.00,0.00,0.97,0.00,0.05,0.00,0.00,0.00,0.00
138,Patnt,PoDom,Intn1,215,0.00,0.00,0.02,0.03,5.36169025860345e-03,2.45205317341841e-03,0.00,0.00,0.00,0.43,0.00,0.02,0.00,0.00,0.00,0.00
138,Patnt,PoDom,Intn1,225,0.00,0.00,7.98691155462016e-03,0.01,2.3222569578387e-03,1.03780669745361e-03,0.00,0.00,0.00,0.17,0.00,0.01,0.00,0.00,0.00,0.00
138,Patnt,PoDom,Intn1,235,0.00,0.00,2.95820449510054e-03,6.53182941045825e-03,9.48366827713234e-04,4.14043522241337e-04,0.00,0.00,0.00,0.06,0.00,4.3992590301914e-03,0.00,0.00,0.00,0.00
138,Patnt,PoDom,Intn1,245,0.00,0.00,1.02989552669373e-03,2.51466501103969e-03,3.65195633517566e-04,1.55722324796463e-04,0.00,0.00,0.00,0.02,0.00,1.65784157111803e-03,0.00,0.00,0.00,0.00
138,Patnt,PoDom,Intn1,255,0.00,0.00,3.37184772712189e-04,9.12919347000414e-04,1.32611719899499e-04,5.521554388652e-05,0.00,0.00,0.00,8.88079325639225e-03,0.00,5.88610283069576e-04,0.00,0.00,0.00,0.00
139,3w,PoDom,Intn2,5,0.00,0.00,0.00,0.00,0.00,0.00,0.00,0.00,0.00,0.00,0.00,0.00,0.00,0.00,0.00,0.00
139,3w,PoDom,Intn2,15,0.00,0.00,0.25,0.33,0.07,0.03,0.00,0.00,0.00,2.81,0.00,0.08,0.00,0.00,0.00,0.00
139,3w,PoDom,Intn2,25,0.00,0.00,1.22,2.09,0.33,0.20,0.00,0.00,0.00,16.65,0.00,0.49,0.00,0.00,0.00,0.00
139,3w,PoDom,Intn2,35,0.00,0.00,2.85,4.93,0.69,0.46,0.00,0.00,0.00,43.36,0.00,1.29,0.00,0.00,0.00,0.00
139,3w,PoDom,Intn2,45,0.00,0.00,4.65,7.30,1.01,0.67,0.00,0.00,0.00,75.60,0.00,2.30,0.00,0.00,0.00,0.00
139,3w,PoDom,Intn2,55,0.00,0.00,6.20,8.59,1.20,0.77,0.00,0.00,0.00,104.61,0.00,3.29,0.00,0.00,0.00,0.00
139,3w,PoDom,Intn2,65,0.00,0.00,7.33,9.09,1.29,0.80,0.00,0.00,0.00,125.91,0.00,4.13,0.00,0.00,0.00,0.00
139,3w,PoDom,Intn2,75,0.00,0.00,8.06,9.18,1.32,0.80,0.00,0.00,0.00,139.11,0.00,4.77,0.00,0.00,0.00,0.00
139,3w,PoDom,Intn2,85,0.00,0.00,8.45,9.07,1.31,0.78,0.00,0.00,0.00,145.42,0.00,5.24,0.00,0.00,0.00,0.00
139,3w,PoDom,Intn2,95,0.00,0.00,8.55,8.85,1.28,0.75,0.00,0.00,0.00,146.22,0.00,5.53,0.00,0.00,0.00,0.00
139,3w,PoDom,Intn2,105,0.00,0.00,8.40,8.55,1.23,0.71,0.00,0.00,0.00,142.72,0.00,5.68,0.00,0.00,0.00,0.00
139,3w,PoDom,Intn2,115,0.00,0.00,8.04,8.18,1.18,0.66,0.00,0.00,0.00,135.96,0.00,5.68,0.00,0.00,0.00,0.00
139,3w,PoDom,Intn2,125,0.00,0.00,7.52,7.76,1.12,0.62,0.00,0.00,0.00,126.89,0.00,5.55,0.00,0.00,0.00,0.00
139,3w,PoDom,Intn2,135,0.00,0.00,6.86,7.28,1.05,0.57,0.00,0.00,0.00,116.30,0.00,5.32,0.00,0.00,0.00,0.00
139,3w,PoDom,Intn2,145,0.00,0.00,6.13,6.77,0.98,0.52,0.00,0.00,0.00,104.89,0.00,5.01,0.00,0.00,0.00,0.00
139,3w,PoDom,Intn2,155,0.00,0.00,5.37,6.22,0.90,0.47,0.00,0.00,0.00,93.21,0.00,4.63,0.00,0.00,0.00,0.00
139,3w,PoDom,Intn2,165,0.00,0.00,4.61,5.66,0.82,0.41,0.00,0.00,0.00,81.70,0.00,4.21,0.00,0.00,0.00,0.00
139,3w,PoDom,Intn2,175,0.00,0.00,3.88,5.10,0.74,0.37,0.00,0.00,0.00,70.68,0.00,3.77,0.00,0.00,0.00,0.00
139,3w,PoDom,Intn2,185,0.00,0.00,3.21,4.54,0.65,0.32,0.00,0.00,0.00,60.40,0.00,3.33,0.00,0.00,0.00,0.00
139,3w,PoDom,Intn2,195,0.00,0.00,2.61,4.00,0.58,0.27,0.00,0.00,0.00,51.00,0.00,2.90,0.00,0.00,0.00,0.00
139,3w,PoDom,Intn2,205,0.00,0.00,2.09,3.49,0.50,0.23,0.00,0.00,0.00,42.57,0.00,2.49,0.00,0.00,0.00,0.00
139,3w,PoDom,Intn2,215,0.00,0.00,1.65,3.01,0.43,0.20,0.00,0.00,0.00,35.13,0.00,2.11,0.00,0.00,0.00,0.00
139,3w,PoDom,Intn2,225,0.00,0.00,1.28,2.57,0.37,0.16,0.00,0.00,0.00,28.67,0.00,1.76,0.00,0.00,0.00,0.00
139,3w,PoDom,Intn2,235,0.00,0.00,0.98,2.17,0.31,0.13,0.00,0.00,0.00,23.14,0.00,1.46,0.00,0.00,0.00,0.00
139,3w,PoDom,Intn2,245,0.00,0.00,0.74,1.81,0.26,0.11,0.00,0.00,0.00,18.47,0.00,1.19,0.00,0.00,0.00,0.00
139,3w,PoDom,Intn2,255,0.00,0.00,0.55,1.50,0.21,0.09,0.00,0.00,0.00,14.59,0.00,0.96,0.00,0.00,0.00,0.00
140,Patnt,PoDom,Intn2,5,0.00,0.00,0.00,0.00,0.00,0.00,0.00,0.00,0.00,0.00,0.00,0.00,0.00,0.00,0.00,0.00
140,Patnt,PoDom,Intn2,15,0.00,0.00,0.09,0.13,0.02,0.01,0.00,0.00,0.00,1.08,0.00,0.03,0.00,0.00,0.00,0.00
140,Patnt,PoDom,Intn2,25,0.00,0.00,0.63,1.07,0.17,0.10,0.00,0.00,0.00,8.53,0.00,0.25,0.00,0.00,0.00,0.00
140,Patnt,PoDom,Intn2,35,0.00,0.00,1.85,3.20,0.45,0.30,0.00,0.00,0.00,28.18,0.00,0.83,0.00,0.00,0.00,0.00
140,Patnt,PoDom,Intn2,45,0.00,0.00,3.65,5.73,0.79,0.53,0.00,0.00,0.00,59.35,0.00,1.80,0.00,0.00,0.00,0.00
140,Patnt,PoDom,Intn2,55,0.00,0.00,5.60,7.76,1.08,0.70,0.00,0.00,0.00,94.54,0.00,2.97,0.00,0.00,0.00,0.00
140,Patnt,PoDom,Intn2,65,0.00,0.00,7.27,9.01,1.28,0.80,0.00,0.00,0.00,124.85,0.00,4.09,0.00,0.00,0.00,0.00
140,Patnt,PoDom,Intn2,75,0.00,0.00,8.35,9.52,1.36,0.83,0.00,0.00,0.00,144.21,0.00,4.95,0.00,0.00,0.00,0.00
140,Patnt,PoDom,Intn2,85,0.00,0.00,8.72,9.37,1.35,0.80,0.00,0.00,0.00,150.19,0.00,5.41,0.00,0.00,0.00,0.00
140,Patnt,PoDom,Intn2,95,0.00,0.00,8.38,8.68,1.25,0.73,0.00,0.00,0.00,143.37,0.00,5.43,0.00,0.00,0.00,0.00
140,Patnt,PoDom,Intn2,105,0.00,0.00,7.45,7.58,1.09,0.63,0.00,0.00,0.00,126.61,0.00,5.04,0.00,0.00,0.00,0.00
140,Patnt,PoDom,Intn2,115,0.00,0.00,6.15,6.26,0.90,0.51,0.00,0.00,0.00,103.99,0.00,4.34,0.00,0.00,0.00,0.00
140,Patnt,PoDom,Intn2,125,0.00,0.00,4.72,4.87,0.70,0.39,0.00,0.00,0.00,79.73,0.00,3.49,0.00,0.00,0.00,0.00
140,Patnt,PoDom,Intn2,135,0.00,0.00,3.37,3.58,0.51,0.28,0.00,0.00,0.00,57.22,0.00,2.62,0.00,0.00,0.00,0.00
140,Patnt,PoDom,Intn2,145,0.00,0.00,2.25,2.48,0.36,0.19,0.00,0.00,0.00,38.50,0.00,1.84,0.00,0.00,0.00,0.00
140,Patnt,PoDom,Intn2,155,0.00,0.00,1.40,1.62,0.23,0.12,0.00,0.00,0.00,24.32,0.00,1.20,0.00,0.00,0.00,0.00
140,Patnt,PoDom,Intn2,165,0.00,0.00,0.81,1.00,0.14,0.07,0.00,0.00,0.00,14.44,0.00,0.74,0.00,0.00,0.00,0.00
140,Patnt,PoDom,Intn2,175,0.00,0.00,0.44,0.58,0.08,0.04,0.00,0.00,0.00,8.07,0.00,0.43,0.00,0.00,0.00,0.00
140,Patnt,PoDom,Intn2,185,0.00,0.00,0.22,0.31,0.04,0.02,0.00,0.00,0.00,4.24,0.00,0.23,0.00,0.00,0.00,0.00
140,Patnt,PoDom,Intn2,195,0.00,0.00,0.10,0.16,0.02,0.01,0.00,0.00,0.00,2.10,0.00,0.11,0.00,0.00,0.00,0.00
140,Patnt,PoDom,Intn2,205,0.00,0.00,0.04,0.08,0.01,5.46075879977028e-03,0.00,0.00,0.00,0.97,0.00,0.05,0.00,0.00,0.00,0.00
140,Patnt,PoDom,Intn2,215,0.00,0.00,0.02,0.03,5.36169025860345e-03,2.45205317341841e-03,0.00,0.00,0.00,0.43,0.00,0.02,0.00,0.00,0.00,0.00
140,Patnt,PoDom,Intn2,225,0.00,0.00,7.98691155462016e-03,0.01,2.3222569578387e-03,1.03780669745361e-03,0.00,0.00,0.00,0.17,0.00,0.01,0.00,0.00,0.00,0.00
140,Patnt,PoDom,Intn2,235,0.00,0.00,2.95820449510054e-03,6.53182941045825e-03,9.48366827713234e-04,4.14043522241337e-04,0.00,0.00,0.00,0.06,0.00,4.3992590301914e-03,0.00,0.00,0.00,0.00
140,Patnt,PoDom,Intn2,245,0.00,0.00,1.02989552669373e-03,2.51466501103969e-03,3.65195633517566e-04,1.55722324796463e-04,0.00,0.00,0.00,0.02,0.00,1.65784157111803e-03,0.00,0.00,0.00,0.00
140,Patnt,PoDom,Intn2,255,0.00,0.00,3.37184772712189e-04,9.12919347000414e-04,1.32611719899499e-04,5.521554388652e-05,0.00,0.00,0.00,8.88079325639225e-03,0.00,5.88610283069576e-04,0.00,0.00,0.00,0.00
143,3w,PoDom,Succ,5,0.00,0.00,0.00,0.00,0.00,0.00,0.00,0.00,0.00,0.00,0.00,0.00,0.00,0.00,0.00,0.00
143,3w,PoDom,Succ,15,0.00,0.00,0.25,0.33,0.07,0.03,0.00,0.00,0.00,2.81,0.00,0.08,0.00,0.00,0.00,0.00
143,3w,PoDom,Succ,25,0.00,0.00,1.22,2.09,0.33,0.20,0.00,0.00,0.00,16.65,0.00,0.49,0.00,0.00,0.00,0.00
143,3w,PoDom,Succ,35,0.00,0.00,2.85,4.93,0.69,0.46,0.00,0.00,0.00,43.36,0.00,1.29,0.00,0.00,0.00,0.00
143,3w,PoDom,Succ,45,0.00,0.00,4.65,7.30,1.01,0.67,0.00,0.00,0.00,75.60,0.00,2.30,0.00,0.00,0.00,0.00
143,3w,PoDom,Succ,55,0.00,0.00,6.20,8.59,1.20,0.77,0.00,0.00,0.00,104.61,0.00,3.29,0.00,0.00,0.00,0.00
143,3w,PoDom,Succ,65,0.00,0.00,7.33,9.09,1.29,0.80,0.00,0.00,0.00,125.91,0.00,4.13,0.00,0.00,0.00,0.00
143,3w,PoDom,Succ,75,0.00,0.00,8.06,9.18,1.32,0.80,0.00,0.00,0.00,139.11,0.00,4.77,0.00,0.00,0.00,0.00
143,3w,PoDom,Succ,85,0.00,0.00,8.45,9.07,1.31,0.78,0.00,0.00,0.00,145.42,0.00,5.24,0.00,0.00,0.00,0.00
143,3w,PoDom,Succ,95,0.00,0.00,8.55,8.85,1.28,0.75,0.00,0.00,0.00,146.22,0.00,5.53,0.00,0.00,0.00,0.00
143,3w,PoDom,Succ,105,0.00,0.00,8.40,8.55,1.23,0.71,0.00,0.00,0.00,142.72,0.00,5.68,0.00,0.00,0.00,0.00
143,3w,PoDom,Succ,115,0.00,0.00,8.04,8.18,1.18,0.66,0.00,0.00,0.00,135.96,0.00,5.68,0.00,0.00,0.00,0.00
143,3w,PoDom,Succ,125,0.00,0.00,7.52,7.76,1.12,0.62,0.00,0.00,0.00,126.89,0.00,5.55,0.00,0.00,0.00,0.00
143,3w,PoDom,Succ,135,0.00,0.00,6.86,7.28,1.05,0.57,0.00,0.00,0.00,116.30,0.00,5.32,0.00,0.00,0.00,0.00
143,3w,PoDom,Succ,145,0.00,0.00,6.13,6.77,0.98,0.52,0.00,0.00,0.00,104.89,0.00,5.01,0.00,0.00,0.00,0.00
143,3w,PoDom,Succ,155,0.00,0.00,5.37,6.22,0.90,0.47,0.00,0.00,0.00,93.21,0.00,4.63,0.00,0.00,0.00,0.00
143,3w,PoDom,Succ,165,0.00,0.00,4.61,5.66,0.82,0.41,0.00,0.00,0.00,81.70,0.00,4.21,0.00,0.00,0.00,0.00
143,3w,PoDom,Succ,175,0.00,0.00,3.88,5.10,0.74,0.37,0.00,0.00,0.00,70.68,0.00,3.77,0.00,0.00,0.00,0.00
143,3w,PoDom,Succ,185,0.00,0.00,3.21,4.54,0.65,0.32,0.00,0.00,0.00,60.40,0.00,3.33,0.00,0.00,0.00,0.00
143,3w,PoDom,Succ,195,0.00,0.00,2.61,4.00,0.58,0.27,0.00,0.00,0.00,51.00,0.00,2.90,0.00,0.00,0.00,0.00
143,3w,PoDom,Succ,205,0.00,0.00,2.09,3.49,0.50,0.23,0.00,0.00,0.00,42.57,0.00,2.49,0.00,0.00,0.00,0.00
143,3w,PoDom,Succ,215,0.00,0.00,1.65,3.01,0.43,0.20,0.00,0.00,0.00,35.13,0.00,2.11,0.00,0.00,0.00,0.00
143,3w,PoDom,Succ,225,0.00,0.00,1.28,2.57,0.37,0.16,0.00,0.00,0.00,28.67,0.00,1.76,0.00,0.00,0.00,0.00
143,3w,PoDom,Succ,235,0.00,0.00,0.98,2.17,0.31,0.13,0.00,0.00,0.00,23.14,0.00,1.46,0.00,0.00,0.00,0.00
143,3w,PoDom,Succ,245,0.00,0.00,0.74,1.81,0.26,0.11,0.00,0.00,0.00,18.47,0.00,1.19,0.00,0.00,0.00,0.00
143,3w,PoDom,Succ,255,0.00,0.00,0.55,1.50,0.21,0.09,0.00,0.00,0.00,14.59,0.00,0.96,0.00,0.00,0.00,0.00
144,Patnt,PoDom,Succ,5,0.00,0.00,0.00,0.00,0.00,0.00,0.00,0.00,0.00,0.00,0.00,0.00,0.00,0.00,0.00,0.00
144,Patnt,PoDom,Succ,15,0.00,0.00,0.09,0.13,0.02,0.01,0.00,0.00,0.00,1.08,0.00,0.03,0.00,0.00,0.00,0.00
144,Patnt,PoDom,Succ,25,0.00,0.00,0.63,1.07,0.17,0.10,0.00,0.00,0.00,8.53,0.00,0.25,0.00,0.00,0.00,0.00
144,Patnt,PoDom,Succ,35,0.00,0.00,1.85,3.20,0.45,0.30,0.00,0.00,0.00,28.18,0.00,0.83,0.00,0.00,0.00,0.00
144,Patnt,PoDom,Succ,45,0.00,0.00,3.65,5.73,0.79,0.53,0.00,0.00,0.00,59.35,0.00,1.80,0.00,0.00,0.00,0.00
144,Patnt,PoDom,Succ,55,0.00,0.00,5.60,7.76,1.08,0.70,0.00,0.00,0.00,94.54,0.00,2.97,0.00,0.00,0.00,0.00
144,Patnt,PoDom,Succ,65,0.00,0.00,7.27,9.01,1.28,0.80,0.00,0.00,0.00,124.85,0.00,4.09,0.00,0.00,0.00,0.00
144,Patnt,PoDom,Succ,75,0.00,0.00,8.35,9.52,1.36,0.83,0.00,0.00,0.00,144.21,0.00,4.95,0.00,0.00,0.00,0.00
144,Patnt,PoDom,Succ,85,0.00,0.00,8.72,9.37,1.35,0.80,0.00,0.00,0.00,150.19,0.00,5.41,0.00,0.00,0.00,0.00
144,Patnt,PoDom,Succ,95,0.00,0.00,8.38,8.68,1.25,0.73,0.00,0.00,0.00,143.37,0.00,5.43,0.00,0.00,0.00,0.00
144,Patnt,PoDom,Succ,105,0.00,0.00,7.45,7.58,1.09,0.63,0.00,0.00,0.00,126.61,0.00,5.04,0.00,0.00,0.00,0.00
144,Patnt,PoDom,Succ,115,0.00,0.00,6.15,6.26,0.90,0.51,0.00,0.00,0.00,103.99,0.00,4.34,0.00,0.00,0.00,0.00
144,Patnt,PoDom,Succ,125,0.00,0.00,4.72,4.87,0.70,0.39,0.00,0.00,0.00,79.73,0.00,3.49,0.00,0.00,0.00,0.00
144,Patnt,PoDom,Succ,135,0.00,0.00,3.37,3.58,0.51,0.28,0.00,0.00,0.00,57.22,0.00,2.62,0.00,0.00,0.00,0.00
144,Patnt,PoDom,Succ,145,0.00,0.00,2.25,2.48,0.36,0.19,0.00,0.00,0.00,38.50,0.00,1.84,0.00,0.00,0.00,0.00
144,Patnt,PoDom,Succ,155,0.00,0.00,1.40,1.62,0.23,0.12,0.00,0.00,0.00,24.32,0.00,1.20,0.00,0.00,0.00,0.00
144,Patnt,PoDom,Succ,165,0.00,0.00,0.81,1.00,0.14,0.07,0.00,0.00,0.00,14.44,0.00,0.74,0.00,0.00,0.00,0.00
144,Patnt,PoDom,Succ,175,0.00,0.00,0.44,0.58,0.08,0.04,0.00,0.00,0.00,8.07,0.00,0.43,0.00,0.00,0.00,0.00
144,Patnt,PoDom,Succ,185,0.00,0.00,0.22,0.31,0.04,0.02,0.00,0.00,0.00,4.24,0.00,0.23,0.00,0.00,0.00,0.00
144,Patnt,PoDom,Succ,195,0.00,0.00,0.10,0.16,0.02,0.01,0.00,0.00,0.00,2.10,0.00,0.11,0.00,0.00,0.00,0.00
144,Patnt,PoDom,Succ,205,0.00,0.00,0.04,0.08,0.01,5.46075879977028e-03,0.00,0.00,0.00,0.97,0.00,0.05,0.00,0.00,0.00,0.00
144,Patnt,PoDom,Succ,215,0.00,0.00,0.02,0.03,5.36169025860345e-03,2.45205317341841e-03,0.00,0.00,0.00,0.43,0.00,0.02,0.00,0.00,0.00,0.00
144,Patnt,PoDom,Succ,225,0.00,0.00,7.98691155462016e-03,0.01,2.3222569578387e-03,1.03780669745361e-03,0.00,0.00,0.00,0.17,0.00,0.01,0.00,0.00,0.00,0.00
144,Patnt,PoDom,Succ,235,0.00,0.00,2.95820449510054e-03,6.53182941045825e-03,9.48366827713234e-04,4.14043522241337e-04,0.00,0.00,0.00,0.06,0.00,4.3992590301914e-03,0.00,0.00,0.00,0.00
144,Patnt,PoDom,Succ,245,0.00,0.00,1.02989552669373e-03,2.51466501103969e-03,3.65195633517566e-04,1.55722324796463e-04,0.00,0.00,0.00,0.02,0.00,1.65784157111803e-03,0.00,0.00,0.00,0.00
144,Patnt,PoDom,Succ,255,0.00,0.00,3.37184772712189e-04,9.12919347000414e-04,1.32611719899499e-04,5.521554388652e-05,0.00,0.00,0.00,8.88079325639225e-03,0.00,5.88610283069576e-04,0.00,0.00,0.00,0.00
145,3w,BwDom,Prsnt,5,0.00,0.00,0.00,0.00,0.00,0.00,0.00,0.00,0.00,0.00,0.00,0.00,0.00,0.00,0.00,0.00
145,3w,BwDom,Prsnt,15,0.00,0.00,0.09,0.71,0.26,0.12,0.00,0.00,0.00,0.27,0.00,1.18,0.00,0.00,0.00,0.00
145,3w,BwDom,Prsnt,25,0.00,0.00,0.35,3.38,0.91,0.56,0.00,0.00,0.00,1.23,0.00,5.21,0.00,0.00,0.00,0.00
145,3w,BwDom,Prsnt,35,0.00,0.00,0.71,6.91,1.65,1.12,0.00,0.00,0.00,2.79,0.00,11.86,0.00,0.00,0.00,0.00
145,3w,BwDom,Prsnt,45,0.00,0.00,1.06,9.34,2.20,1.48,0.00,0.00,0.00,4.45,0.00,19.33,0.00,0.00,0.00,0.00
145,3w,BwDom,Prsnt,55,0.00,0.00,1.33,10.30,2.45,1.60,0.00,0.00,0.00,5.77,0.00,25.93,0.00,0.00,0.00,0.00
145,3w,BwDom,Prsnt,65,0.00,0.00,1.50,10.39,2.51,1.59,0.00,0.00,0.00,6.62,0.00,30.99,0.00,0.00,0.00,0.00
145,3w,BwDom,Prsnt,75,0.00,0.00,1.59,10.12,2.47,1.52,0.00,0.00,0.00,7.05,0.00,34.57,0.00,0.00,0.00,0.00
145,3w,BwDom,Prsnt,85,0.00,0.00,1.62,9.72,2.38,1.44,0.00,0.00,0.00,7.16,0.00,36.84,0.00,0.00,0.00,0.00
145,3w,BwDom,Prsnt,95,0.00,0.00,1.60,9.24,2.27,1.34,0.00,0.00,0.00,7.02,0.00,37.94,0.00,0.00,0.00,0.00
145,3w,BwDom,Prsnt,105,0.00,0.00,1.53,8.71,2.14,1.25,0.00,0.00,0.00,6.69,0.00,38.01,0.00,0.00,0.00,0.00
145,3w,BwDom,Prsnt,115,0.00,0.00,1.43,8.15,2.00,1.14,0.00,0.00,0.00,6.23,0.00,37.18,0.00,0.00,0.00,0.00
145,3w,BwDom,Prsnt,125,0.00,0.00,1.31,7.57,1.86,1.04,0.00,0.00,0.00,5.70,0.00,35.63,0.00,0.00,0.00,0.00
145,3w,BwDom,Prsnt,135,0.00,0.00,1.18,6.97,1.72,0.94,0.00,0.00,0.00,5.12,0.00,33.51,0.00,0.00,0.00,0.00
145,3w,BwDom,Prsnt,145,0.00,0.00,1.03,6.37,1.57,0.84,0.00,0.00,0.00,4.54,0.00,31.00,0.00,0.00,0.00,0.00
145,3w,BwDom,Prsnt,155,0.00,0.00,0.89,5.77,1.42,0.75,0.00,0.00,0.00,3.98,0.00,28.23,0.00,0.00,0.00,0.00
145,3w,BwDom,Prsnt,165,0.00,0.00,0.75,5.19,1.28,0.66,0.00,0.00,0.00,3.44,0.00,25.34,0.00,0.00,0.00,0.00
145,3w,BwDom,Prsnt,175,0.00,0.00,0.63,4.62,1.14,0.57,0.00,0.00,0.00,2.94,0.00,22.44,0.00,0.00,0.00,0.00
145,3w,BwDom,Prsnt,185,0.00,0.00,0.51,4.07,1.00,0.49,0.00,0.00,0.00,2.49,0.00,19.61,0.00,0.00,0.00,0.00
145,3w,BwDom,Prsnt,195,0.00,0.00,0.41,3.56,0.88,0.42,0.00,0.00,0.00,2.08,0.00,16.93,0.00,0.00,0.00,0.00
145,3w,BwDom,Prsnt,205,0.00,0.00,0.33,3.08,0.76,0.36,0.00,0.00,0.00,1.73,0.00,14.45,0.00,0.00,0.00,0.00
145,3w,BwDom,Prsnt,215,0.00,0.00,0.26,2.65,0.65,0.30,0.00,0.00,0.00,1.42,0.00,12.19,0.00,0.00,0.00,0.00
145,3w,BwDom,Prsnt,225,0.00,0.00,0.20,2.25,0.55,0.25,0.00,0.00,0.00,1.15,0.00,10.17,0.00,0.00,0.00,0.00
145,3w,BwDom,Prsnt,235,0.00,0.00,0.15,1.89,0.46,0.20,0.00,0.00,0.00,0.93,0.00,8.39,0.00,0.00,0.00,0.00
145,3w,BwDom,Prsnt,245,0.00,0.00,0.11,1.58,0.39,0.16,0.00,0.00,0.00,0.74,0.00,6.86,0.00,0.00,0.00,0.00
145,3w,BwDom,Prsnt,255,0.00,0.00,0.08,1.31,0.32,0.13,0.00,0.00,0.00,0.58,0.00,5.54,0.00,0.00,0.00,0.00
146,Patnt,BwDom,Prsnt,5,0.00,0.00,0.00,0.00,0.00,0.00,0.00,0.00,0.00,0.00,0.00,0.00,0.00,0.00,0.00,0.00
146,Patnt,BwDom,Prsnt,15,0.00,0.00,0.03,0.24,0.05,0.04,0.00,0.00,0.00,0.09,0.00,0.40,0.00,0.00,0.00,0.00
146,Patnt,BwDom,Prsnt,25,0.00,0.00,0.17,1.61,0.29,0.27,0.00,0.00,0.00,0.59,0.00,2.52,0.00,0.00,0.00,0.00
146,Patnt,BwDom,Prsnt,35,0.00,0.00,0.45,4.39,0.70,0.71,0.00,0.00,0.00,1.77,0.00,7.64,0.00,0.00,0.00,0.00
146,Patnt,BwDom,Prsnt,45,0.00,0.00,0.84,7.39,1.15,1.17,0.00,0.00,0.00,3.52,0.00,15.50,0.00,0.00,0.00,0.00
146,Patnt,BwDom,Prsnt,55,0.00,0.00,1.22,9.47,1.50,1.47,0.00,0.00,0.00,5.30,0.00,24.18,0.00,0.00,0.00,0.00
146,Patnt,BwDom,Prsnt,65,0.00,0.00,1.50,10.37,1.67,1.59,0.00,0.00,0.00,6.61,0.00,31.39,0.00,0.00,0.00,0.00
146,Patnt,BwDom,Prsnt,75,0.00,0.00,1.61,10.26,1.67,1.54,0.00,0.00,0.00,7.15,0.00,35.54,0.00,0.00,0.00,0.00
146,Patnt,BwDom,Prsnt,85,0.00,0.00,1.56,9.34,1.52,1.38,0.00,0.00,0.00,6.88,0.00,35.91,0.00,0.00,0.00,0.00
146,Patnt,BwDom,Prsnt,95,0.00,0.00,1.36,7.86,1.29,1.14,0.00,0.00,0.00,5.97,0.00,32.75,0.00,0.00,0.00,0.00
146,Patnt,BwDom,Prsnt,105,0.00,0.00,1.08,6.13,1.00,0.88,0.00,0.00,0.00,4.71,0.00,27.13,0.00,0.00,0.00,0.00
146,Patnt,BwDom,Prsnt,115,0.00,0.00,0.78,4.43,0.72,0.62,0.00,0.00,0.00,3.39,0.00,20.50,0.00,0.00,0.00,0.00
146,Patnt,BwDom,Prsnt,125,0.00,0.00,0.51,2.97,0.48,0.41,0.00,0.00,0.00,2.23,0.00,14.17,0.00,0.00,0.00,0.00
146,Patnt,BwDom,Prsnt,135,0.00,0.00,0.31,1.84,0.30,0.24,0.00,0.00,0.00,1.35,0.00,8.97,0.00,0.00,0.00,0.00
146,Patnt,BwDom,Prsnt,145,0.00,0.00,0.17,1.05,0.17,0.14,0.00,0.00,0.00,0.75,0.00,5.22,0.00,0.00,0.00,0.00
146,Patnt,BwDom,Prsnt,155,0.00,0.00,0.08,0.56,0.09,0.07,0.00,0.00,0.00,0.38,0.00,2.79,0.00,0.00,0.00,0.00
146,Patnt,BwDom,Prsnt,165,0.00,0.00,0.04,0.27,0.04,0.03,0.00,0.00,0.00,0.18,0.00,1.37,0.00,0.00,0.00,0.00
146,Patnt,BwDom,Prsnt,175,0.00,0.00,0.01,0.12,0.02,0.01,0.00,0.00,0.00,0.08,0.00,0.62,0.00,0.00,0.00,0.00
146,Patnt,BwDom,Prsnt,185,0.00,0.00,6.78633174241712e-03,0.05,8.79756165578655e-03,6.53341686980752e-03,0.00,0.00,0.00,0.03,0.00,0.26,0.00,0.00,0.00,0.00
146,Patnt,BwDom,Prsnt,195,0.00,0.00,2.44706280417986e-03,0.02,3.43615140808105e-03,2.49585631436013e-03,0.00,0.00,0.00,0.01,0.00,0.10,0.00,0.00,0.00,0.00
146,Patnt,BwDom,Prsnt,205,0.00,0.00,8.11996266863848e-04,7.54460954179905e-03,1.2416837524828e-03,8.81837319185914e-04,0.00,0.00,0.00,4.23088325144126e-03,0.00,0.03,0.00,0.00,0.00,0.00
146,Patnt,BwDom,Prsnt,215,0.00,0.00,2.48093754001125e-04,2.52153240822764e-03,4.15089935913664e-04,2.88150733810976e-04,0.00,0.00,0.00,1.35286533118627e-03,0.00,0.01,0.00,0.00,0.00,0.00
146,Patnt,BwDom,Prsnt,225,0.00,0.00,6.98327477180743e-05,7.79576517045856e-04,1.28363040475235e-04,8.7075415528492e-05,0.00,0.00,0.00,3.99984623409249e-04,0.00,3.56764692192773e-03,0.00,0.00,0.00,0.00
146,Patnt,BwDom,Prsnt,235,0.00,0.00,1.81171394422056e-05,2.22947315093318e-04,3.67186965633047e-05,2.43335941218067e-05,0.00,0.00,0.00,1.09351198082672e-04,0.00,9.99816668852421e-04,0.00,0.00,0.00,0.00
146,Patnt,BwDom,Prsnt,245,0.00,0.00,4.33403376993813e-06,5.89773475384413e-05,9.71570148451791e-06,6.28852553794987e-06,0.00,0.00,0.00,2.76448914036522e-05,0.00,2.58893739875272e-04,0.00,0.00,0.00,0.00
146,Patnt,BwDom,Prsnt,255,0.00,0.00,9.56386310661726e-07,1.44312445707204e-05,2.37791744207477e-06,1.50288442278245e-06,0.00,0.00,0.00,6.46299164467801e-06,0.00,6.19544701362378e-05,0.00,0.00,0.00,0.00
147,3w,BwDom,Exten,5,0.00,0.00,0.00,0.00,0.00,0.00,0.00,0.00,0.00,0.00,0.00,0.00,0.00,0.00,0.00,0.00
147,3w,BwDom,Exten,15,0.00,0.00,0.11,0.70,0.10,0.13,0.00,0.00,0.00,0.41,0.00,1.41,0.00,0.00,0.00,0.00
147,3w,BwDom,Exten,25,0.00,0.00,0.41,3.30,0.34,0.64,0.00,0.00,0.00,1.85,0.00,6.14,0.00,0.00,0.00,0.00
147,3w,BwDom,Exten,35,0.00,0.00,0.81,6.63,0.62,1.26,0.00,0.00,0.00,4.11,0.00,13.77,0.00,0.00,0.00,0.00
147,3w,BwDom,Exten,45,0.00,0.00,1.19,8.83,0.81,1.64,0.00,0.00,0.00,6.45,0.00,22.11,0.00,0.00,0.00,0.00
147,3w,BwDom,Exten,55,0.00,0.00,1.47,9.60,0.89,1.74,0.00,0.00,0.00,8.25,0.00,29.24,0.00,0.00,0.00,0.00
147,3w,BwDom,Exten,65,0.00,0.00,1.64,9.58,0.90,1.71,0.00,0.00,0.00,9.37,0.00,34.58,0.00,0.00,0.00,0.00
147,3w,BwDom,Exten,75,0.00,0.00,1.72,9.26,0.88,1.63,0.00,0.00,0.00,9.90,0.00,38.26,0.00,0.00,0.00,0.00
147,3w,BwDom,Exten,85,0.00,0.00,1.75,8.84,0.84,1.53,0.00,0.00,0.00,10.00,0.00,40.53,0.00,0.00,0.00,0.00
147,3w,BwDom,Exten,95,0.00,0.00,1.72,8.36,0.80,1.42,0.00,0.00,0.00,9.75,0.00,41.57,0.00,0.00,0.00,0.00
147,3w,BwDom,Exten,105,0.00,0.00,1.64,7.86,0.75,1.31,0.00,0.00,0.00,9.27,0.00,41.51,0.00,0.00,0.00,0.00
147,3w,BwDom,Exten,115,0.00,0.00,1.53,7.34,0.70,1.20,0.00,0.00,0.00,8.61,0.00,40.51,0.00,0.00,0.00,0.00
147,3w,BwDom,Exten,125,0.00,0.00,1.40,6.81,0.65,1.09,0.00,0.00,0.00,7.86,0.00,38.75,0.00,0.00,0.00,0.00
147,3w,BwDom,Exten,135,0.00,0.00,1.25,6.26,0.60,0.99,0.00,0.00,0.00,7.06,0.00,36.40,0.00,0.00,0.00,0.00
147,3w,BwDom,Exten,145,0.00,0.00,1.10,5.72,0.54,0.88,0.00,0.00,0.00,6.25,0.00,33.64,0.00,0.00,0.00,0.00
147,3w,BwDom,Exten,155,0.00,0.00,0.95,5.17,0.49,0.78,0.00,0.00,0.00,5.47,0.00,30.61,0.00,0.00,0.00,0.00
147,3w,BwDom,Exten,165,0.00,0.00,0.80,4.64,0.44,0.69,0.00,0.00,0.00,4.73,0.00,27.46,0.00,0.00,0.00,0.00
147,3w,BwDom,Exten,175,0.00,0.00,0.67,4.13,0.39,0.60,0.00,0.00,0.00,4.04,0.00,24.30,0.00,0.00,0.00,0.00
147,3w,BwDom,Exten,185,0.00,0.00,0.54,3.64,0.35,0.51,0.00,0.00,0.00,3.42,0.00,21.23,0.00,0.00,0.00,0.00
147,3w,BwDom,Exten,195,0.00,0.00,0.44,3.18,0.30,0.44,0.00,0.00,0.00,2.86,0.00,18.32,0.00,0.00,0.00,0.00
147,3w,BwDom,Exten,205,0.00,0.00,0.35,2.76,0.26,0.37,0.00,0.00,0.00,2.37,0.00,15.63,0.00,0.00,0.00,0.00
147,3w,BwDom,Exten,215,0.00,0.00,0.27,2.36,0.22,0.31,0.00,0.00,0.00,1.95,0.00,13.18,0.00,0.00,0.00,0.00
147,3w,BwDom,Exten,225,0.00,0.00,0.21,2.01,0.19,0.26,0.00,0.00,0.00,1.58,0.00,10.99,0.00,0.00,0.00,0.00
147,3w,BwDom,Exten,235,0.00,0.00,0.16,1.69,0.16,0.21,0.00,0.00,0.00,1.27,0.00,9.07,0.00,0.00,0.00,0.00
147,3w,BwDom,Exten,245,0.00,0.00,0.12,1.41,0.13,0.17,0.00,0.00,0.00,1.01,0.00,7.41,0.00,0.00,0.00,0.00
147,3w,BwDom,Exten,255,0.00,0.00,0.09,1.16,0.11,0.14,0.00,0.00,0.00,0.80,0.00,5.99,0.00,0.00,0.00,0.00
148,Patnt,BwDom,Exten,5,0.00,0.00,0.00,0.00,0.00,0.00,0.00,0.00,0.00,0.00,0.00,0.00,0.00,0.00,0.00,0.00
148,Patnt,BwDom,Exten,15,0.00,0.00,0.03,0.24,0.05,0.04,0.00,0.00,0.00,0.09,0.00,0.40,0.00,0.00,0.00,0.00
148,Patnt,BwDom,Exten,25,0.00,0.00,0.17,1.61,0.29,0.27,0.00,0.00,0.00,0.59,0.00,2.52,0.00,0.00,0.00,0.00
148,Patnt,BwDom,Exten,35,0.00,0.00,0.45,4.39,0.70,0.71,0.00,0.00,0.00,1.77,0.00,7.64,0.00,0.00,0.00,0.00
148,Patnt,BwDom,Exten,45,0.00,0.00,0.84,7.39,1.15,1.17,0.00,0.00,0.00,3.52,0.00,15.50,0.00,0.00,0.00,0.00
148,Patnt,BwDom,Exten,55,0.00,0.00,1.22,9.47,1.50,1.47,0.00,0.00,0.00,5.30,0.00,24.18,0.00,0.00,0.00,0.00
148,Patnt,BwDom,Exten,65,0.00,0.00,1.50,10.37,1.67,1.59,0.00,0.00,0.00,6.61,0.00,31.39,0.00,0.00,0.00,0.00
148,Patnt,BwDom,Exten,75,0.00,0.00,1.61,10.26,1.67,1.54,0.00,0.00,0.00,7.15,0.00,35.54,0.00,0.00,0.00,0.00
148,Patnt,BwDom,Exten,85,0.00,0.00,1.56,9.34,1.52,1.38,0.00,0.00,0.00,6.88,0.00,35.91,0.00,0.00,0.00,0.00
148,Patnt,BwDom,Exten,95,0.00,0.00,1.36,7.86,1.29,1.14,0.00,0.00,0.00,5.97,0.00,32.75,0.00,0.00,0.00,0.00
148,Patnt,BwDom,Exten,105,0.00,0.00,1.08,6.13,1.00,0.88,0.00,0.00,0.00,4.71,0.00,27.13,0.00,0.00,0.00,0.00
148,Patnt,BwDom,Exten,115,0.00,0.00,0.78,4.43,0.72,0.62,0.00,0.00,0.00,3.39,0.00,20.50,0.00,0.00,0.00,0.00
148,Patnt,BwDom,Exten,125,0.00,0.00,0.51,2.97,0.48,0.41,0.00,0.00,0.00,2.23,0.00,14.17,0.00,0.00,0.00,0.00
148,Patnt,BwDom,Exten,135,0.00,0.00,0.31,1.84,0.30,0.24,0.00,0.00,0.00,1.35,0.00,8.97,0.00,0.00,0.00,0.00
148,Patnt,BwDom,Exten,145,0.00,0.00,0.17,1.05,0.17,0.14,0.00,0.00,0.00,0.75,0.00,5.22,0.00,0.00,0.00,0.00
148,Patnt,BwDom,Exten,155,0.00,0.00,0.08,0.56,0.09,0.07,0.00,0.00,0.00,0.38,0.00,2.79,0.00,0.00,0.00,0.00
148,Patnt,BwDom,Exten,165,0.00,0.00,0.04,0.27,0.04,0.03,0.00,0.00,0.00,0.18,0.00,1.37,0.00,0.00,0.00,0.00
148,Patnt,BwDom,Exten,175,0.00,0.00,0.01,0.12,0.02,0.01,0.00,0.00,0.00,0.08,0.00,0.62,0.00,0.00,0.00,0.00
148,Patnt,BwDom,Exten,185,0.00,0.00,6.78633174241712e-03,0.05,8.79756165578655e-03,6.53341686980752e-03,0.00,0.00,0.00,0.03,0.00,0.26,0.00,0.00,0.00,0.00
148,Patnt,BwDom,Exten,195,0.00,0.00,2.44706280417986e-03,0.02,3.43615140808105e-03,2.49585631436013e-03,0.00,0.00,0.00,0.01,0.00,0.10,0.00,0.00,0.00,0.00
148,Patnt,BwDom,Exten,205,0.00,0.00,8.11996266863848e-04,7.54460954179905e-03,1.2416837524828e-03,8.81837319185914e-04,0.00,0.00,0.00,4.23088325144126e-03,0.00,0.03,0.00,0.00,0.00,0.00
148,Patnt,BwDom,Exten,215,0.00,0.00,2.48093754001125e-04,2.52153240822764e-03,4.15089935913664e-04,2.88150733810976e-04,0.00,0.00,0.00,1.35286533118627e-03,0.00,0.01,0.00,0.00,0.00,0.00
148,Patnt,BwDom,Exten,225,0.00,0.00,6.98327477180743e-05,7.79576517045856e-04,1.28363040475235e-04,8.7075415528492e-05,0.00,0.00,0.00,3.99984623409249e-04,0.00,3.56764692192773e-03,0.00,0.00,0.00,0.00
148,Patnt,BwDom,Exten,235,0.00,0.00,1.81171394422056e-05,2.22947315093318e-04,3.67186965633047e-05,2.43335941218067e-05,0.00,0.00,0.00,1.09351198082672e-04,0.00,9.99816668852421e-04,0.00,0.00,0.00,0.00
148,Patnt,BwDom,Exten,245,0.00,0.00,4.33403376993813e-06,5.89773475384413e-05,9.71570148451791e-06,6.28852553794987e-06,0.00,0.00,0.00,2.76448914036522e-05,0.00,2.58893739875272e-04,0.00,0.00,0.00,0.00
148,Patnt,BwDom,Exten,255,0.00,0.00,9.56386310661726e-07,1.44312445707204e-05,2.37791744207477e-06,1.50288442278245e-06,0.00,0.00,0.00,6.46299164467801e-06,0.00,6.19544701362378e-05,0.00,0.00,0.00,0.00
149,3w,BwDom,Basc1,5,0.00,0.00,0.00,0.00,0.00,0.00,0.00,0.00,0.00,0.00,0.00,0.00,0.00,0.00,0.00,0.00
149,3w,BwDom,Basc1,15,0.00,0.00,0.09,0.71,0.26,0.12,0.00,0.00,0.00,0.27,0.00,1.18,0.00,0.00,0.00,0.00
149,3w,BwDom,Basc1,25,0.00,0.00,0.35,3.38,0.91,0.56,0.00,0.00,0.00,1.23,0.00,5.21,0.00,0.00,0.00,0.00
149,3w,BwDom,Basc1,35,0.00,0.00,0.71,6.91,1.65,1.12,0.00,0.00,0.00,2.79,0.00,11.86,0.00,0.00,0.00,0.00
149,3w,BwDom,Basc1,45,0.00,0.00,1.06,9.34,2.20,1.48,0.00,0.00,0.00,4.45,0.00,19.33,0.00,0.00,0.00,0.00
149,3w,BwDom,Basc1,55,0.00,0.00,1.33,10.30,2.45,1.60,0.00,0.00,0.00,5.77,0.00,25.93,0.00,0.00,0.00,0.00
149,3w,BwDom,Basc1,65,0.00,0.00,1.50,10.39,2.51,1.59,0.00,0.00,0.00,6.62,0.00,30.99,0.00,0.00,0.00,0.00
149,3w,BwDom,Basc1,75,0.00,0.00,1.59,10.12,2.47,1.52,0.00,0.00,0.00,7.05,0.00,34.57,0.00,0.00,0.00,0.00
149,3w,BwDom,Basc1,85,0.00,0.00,1.62,9.72,2.38,1.44,0.00,0.00,0.00,7.16,0.00,36.84,0.00,0.00,0.00,0.00
149,3w,BwDom,Basc1,95,0.00,0.00,1.60,9.24,2.27,1.34,0.00,0.00,0.00,7.02,0.00,37.94,0.00,0.00,0.00,0.00
149,3w,BwDom,Basc1,105,0.00,0.00,1.53,8.71,2.14,1.25,0.00,0.00,0.00,6.69,0.00,38.01,0.00,0.00,0.00,0.00
149,3w,BwDom,Basc1,115,0.00,0.00,1.43,8.15,2.00,1.14,0.00,0.00,0.00,6.23,0.00,37.18,0.00,0.00,0.00,0.00
149,3w,BwDom,Basc1,125,0.00,0.00,1.31,7.57,1.86,1.04,0.00,0.00,0.00,5.70,0.00,35.63,0.00,0.00,0.00,0.00
149,3w,BwDom,Basc1,135,0.00,0.00,1.18,6.97,1.72,0.94,0.00,0.00,0.00,5.12,0.00,33.51,0.00,0.00,0.00,0.00
149,3w,BwDom,Basc1,145,0.00,0.00,1.03,6.37,1.57,0.84,0.00,0.00,0.00,4.54,0.00,31.00,0.00,0.00,0.00,0.00
149,3w,BwDom,Basc1,155,0.00,0.00,0.89,5.77,1.42,0.75,0.00,0.00,0.00,3.98,0.00,28.23,0.00,0.00,0.00,0.00
149,3w,BwDom,Basc1,165,0.00,0.00,0.75,5.19,1.28,0.66,0.00,0.00,0.00,3.44,0.00,25.34,0.00,0.00,0.00,0.00
149,3w,BwDom,Basc1,175,0.00,0.00,0.63,4.62,1.14,0.57,0.00,0.00,0.00,2.94,0.00,22.44,0.00,0.00,0.00,0.00
149,3w,BwDom,Basc1,185,0.00,0.00,0.51,4.07,1.00,0.49,0.00,0.00,0.00,2.49,0.00,19.61,0.00,0.00,0.00,0.00
149,3w,BwDom,Basc1,195,0.00,0.00,0.41,3.56,0.88,0.42,0.00,0.00,0.00,2.08,0.00,16.93,0.00,0.00,0.00,0.00
149,3w,BwDom,Basc1,205,0.00,0.00,0.33,3.08,0.76,0.36,0.00,0.00,0.00,1.73,0.00,14.45,0.00,0.00,0.00,0.00
149,3w,BwDom,Basc1,215,0.00,0.00,0.26,2.65,0.65,0.30,0.00,0.00,0.00,1.42,0.00,12.19,0.00,0.00,0.00,0.00
149,3w,BwDom,Basc1,225,0.00,0.00,0.20,2.25,0.55,0.25,0.00,0.00,0.00,1.15,0.00,10.17,0.00,0.00,0.00,0.00
149,3w,BwDom,Basc1,235,0.00,0.00,0.15,1.89,0.46,0.20,0.00,0.00,0.00,0.93,0.00,8.39,0.00,0.00,0.00,0.00
149,3w,BwDom,Basc1,245,0.00,0.00,0.11,1.58,0.39,0.16,0.00,0.00,0.00,0.74,0.00,6.86,0.00,0.00,0.00,0.00
149,3w,BwDom,Basc1,255,0.00,0.00,0.08,1.31,0.32,0.13,0.00,0.00,0.00,0.58,0.00,5.54,0.00,0.00,0.00,0.00
150,Patnt,BwDom,Basc1,5,0.00,0.00,0.00,0.00,0.00,0.00,0.00,0.00,0.00,0.00,0.00,0.00,0.00,0.00,0.00,0.00
150,Patnt,BwDom,Basc1,15,0.00,0.00,0.03,0.24,0.05,0.04,0.00,0.00,0.00,0.09,0.00,0.40,0.00,0.00,0.00,0.00
150,Patnt,BwDom,Basc1,25,0.00,0.00,0.17,1.61,0.29,0.27,0.00,0.00,0.00,0.59,0.00,2.52,0.00,0.00,0.00,0.00
150,Patnt,BwDom,Basc1,35,0.00,0.00,0.45,4.39,0.70,0.71,0.00,0.00,0.00,1.77,0.00,7.64,0.00,0.00,0.00,0.00
150,Patnt,BwDom,Basc1,45,0.00,0.00,0.84,7.39,1.15,1.17,0.00,0.00,0.00,3.52,0.00,15.50,0.00,0.00,0.00,0.00
150,Patnt,BwDom,Basc1,55,0.00,0.00,1.22,9.47,1.50,1.47,0.00,0.00,0.00,5.30,0.00,24.18,0.00,0.00,0.00,0.00
150,Patnt,BwDom,Basc1,65,0.00,0.00,1.50,10.37,1.67,1.59,0.00,0.00,0.00,6.61,0.00,31.39,0.00,0.00,0.00,0.00
150,Patnt,BwDom,Basc1,75,0.00,0.00,1.61,10.26,1.67,1.54,0.00,0.00,0.00,7.15,0.00,35.54,0.00,0.00,0.00,0.00
150,Patnt,BwDom,Basc1,85,0.00,0.00,1.56,9.34,1.52,1.38,0.00,0.00,0.00,6.88,0.00,35.91,0.00,0.00,0.00,0.00
150,Patnt,BwDom,Basc1,95,0.00,0.00,1.36,7.86,1.29,1.14,0.00,0.00,0.00,5.97,0.00,32.75,0.00,0.00,0.00,0.00
150,Patnt,BwDom,Basc1,105,0.00,0.00,1.08,6.13,1.00,0.88,0.00,0.00,0.00,4.71,0.00,27.13,0.00,0.00,0.00,0.00
150,Patnt,BwDom,Basc1,115,0.00,0.00,0.78,4.43,0.72,0.62,0.00,0.00,0.00,3.39,0.00,20.50,0.00,0.00,0.00,0.00
150,Patnt,BwDom,Basc1,125,0.00,0.00,0.51,2.97,0.48,0.41,0.00,0.00,0.00,2.23,0.00,14.17,0.00,0.00,0.00,0.00
150,Patnt,BwDom,Basc1,135,0.00,0.00,0.31,1.84,0.30,0.24,0.00,0.00,0.00,1.35,0.00,8.97,0.00,0.00,0.00,0.00
150,Patnt,BwDom,Basc1,145,0.00,0.00,0.17,1.05,0.17,0.14,0.00,0.00,0.00,0.75,0.00,5.22,0.00,0.00,0.00,0.00
150,Patnt,BwDom,Basc1,155,0.00,0.00,0.08,0.56,0.09,0.07,0.00,0.00,0.00,0.38,0.00,2.79,0.00,0.00,0.00,0.00
150,Patnt,BwDom,Basc1,165,0.00,0.00,0.04,0.27,0.04,0.03,0.00,0.00,0.00,0.18,0.00,1.37,0.00,0.00,0.00,0.00
150,Patnt,BwDom,Basc1,175,0.00,0.00,0.01,0.12,0.02,0.01,0.00,0.00,0.00,0.08,0.00,0.62,0.00,0.00,0.00,0.00
150,Patnt,BwDom,Basc1,185,0.00,0.00,6.78633174241712e-03,0.05,8.79756165578655e-03,6.53341686980752e-03,0.00,0.00,0.00,0.03,0.00,0.26,0.00,0.00,0.00,0.00
150,Patnt,BwDom,Basc1,195,0.00,0.00,2.44706280417986e-03,0.02,3.43615140808105e-03,2.49585631436013e-03,0.00,0.00,0.00,0.01,0.00,0.10,0.00,0.00,0.00,0.00
150,Patnt,BwDom,Basc1,205,0.00,0.00,8.11996266863848e-04,7.54460954179905e-03,1.2416837524828e-03,8.81837319185914e-04,0.00,0.00,0.00,4.23088325144126e-03,0.00,0.03,0.00,0.00,0.00,0.00
150,Patnt,BwDom,Basc1,215,0.00,0.00,2.48093754001125e-04,2.52153240822764e-03,4.15089935913664e-04,2.88150733810976e-04,0.00,0.00,0.00,1.35286533118627e-03,0.00,0.01,0.00,0.00,0.00,0.00
150,Patnt,BwDom,Basc1,225,0.00,0.00,6.98327477180743e-05,7.79576517045856e-04,1.28363040475235e-04,8.7075415528492e-05,0.00,0.00,0.00,3.99984623409249e-04,0.00,3.56764692192773e-03,0.00,0.00,0.00,0.00
150,Patnt,BwDom,Basc1,235,0.00,0.00,1.81171394422056e-05,2.22947315093318e-04,3.67186965633047e-05,2.43335941218067e-05,0.00,0.00,0.00,1.09351198082672e-04,0.00,9.99816668852421e-04,0.00,0.00,0.00,0.00
150,Patnt,BwDom,Basc1,245,0.00,0.00,4.33403376993813e-06,5.89773475384413e-05,9.71570148451791e-06,6.28852553794987e-06,0.00,0.00,0.00,2.76448914036522e-05,0.00,2.58893739875272e-04,0.00,0.00,0.00,0.00
150,Patnt,BwDom,Basc1,255,0.00,0.00,9.56386310661726e-07,1.44312445707204e-05,2.37791744207477e-06,1.50288442278245e-06,0.00,0.00,0.00,6.46299164467801e-06,0.00,6.19544701362378e-05,0.00,0.00,0.00,0.00
151,3w,BwDom,Basc2,5,0.00,0.00,0.00,0.00,0.00,0.00,0.00,0.00,0.00,0.00,0.00,0.00,0.00,0.00,0.00,0.00
151,3w,BwDom,Basc2,15,0.00,0.00,0.00,0.78,0.07,0.00,0.19,0.00,0.00,0.09,0.00,1.07,0.00,0.00,0.00,0.00
151,3w,BwDom,Basc2,25,0.00,0.00,0.00,3.79,0.26,0.00,0.40,0.00,0.00,0.45,0.00,4.83,0.00,0.00,0.00,0.00
151,3w,BwDom,Basc2,35,0.00,0.00,0.00,7.79,0.48,0.00,0.58,0.00,0.00,1.02,0.00,11.08,0.00,0.00,0.00,0.00
151,3w,BwDom,Basc2,45,0.00,0.00,0.00,10.61,0.64,0.00,0.69,0.00,0.00,1.65,0.00,18.18,0.00,0.00,0.00,0.00
151,3w,BwDom,Basc2,55,0.00,0.00,0.00,11.75,0.72,0.00,0.74,0.00,0.00,2.15,0.00,24.50,0.00,0.00,0.00,0.00
151,3w,BwDom,Basc2,65,0.00,0.00,0.00,11.89,0.74,0.00,0.73,0.00,0.00,2.47,0.00,29.38,0.00,0.00,0.00,0.00
151,3w,BwDom,Basc2,75,0.00,0.00,0.00,11.60,0.73,0.00,0.70,0.00,0.00,2.64,0.00,32.81,0.00,0.00,0.00,0.00
151,3w,BwDom,Basc2,85,0.00,0.00,0.00,11.14,0.71,0.00,0.66,0.00,0.00,2.68,0.00,34.97,0.00,0.00,0.00,0.00
151,3w,BwDom,Basc2,95,0.00,0.00,0.00,10.59,0.67,0.00,0.62,0.00,0.00,2.62,0.00,36.00,0.00,0.00,0.00,0.00
151,3w,BwDom,Basc2,105,0.00,0.00,0.00,9.98,0.63,0.00,0.57,0.00,0.00,2.50,0.00,36.03,0.00,0.00,0.00,0.00
151,3w,BwDom,Basc2,115,0.00,0.00,0.00,9.33,0.59,0.00,0.52,0.00,0.00,2.32,0.00,35.21,0.00,0.00,0.00,0.00
151,3w,BwDom,Basc2,125,0.00,0.00,0.00,8.65,0.55,0.00,0.46,0.00,0.00,2.12,0.00,33.70,0.00,0.00,0.00,0.00
151,3w,BwDom,Basc2,135,0.00,0.00,0.00,7.96,0.50,0.00,0.41,0.00,0.00,1.91,0.00,31.67,0.00,0.00,0.00,0.00
151,3w,BwDom,Basc2,145,0.00,0.00,0.00,7.27,0.46,0.00,0.36,0.00,0.00,1.69,0.00,29.26,0.00,0.00,0.00,0.00
151,3w,BwDom,Basc2,155,0.00,0.00,0.00,6.58,0.42,0.00,0.31,0.00,0.00,1.48,0.00,26.63,0.00,0.00,0.00,0.00
151,3w,BwDom,Basc2,165,0.00,0.00,0.00,5.90,0.37,0.00,0.26,0.00,0.00,1.28,0.00,23.89,0.00,0.00,0.00,0.00
151,3w,BwDom,Basc2,175,0.00,0.00,0.00,5.25,0.33,0.00,0.22,0.00,0.00,1.09,0.00,21.14,0.00,0.00,0.00,0.00
151,3w,BwDom,Basc2,185,0.00,0.00,0.00,4.63,0.29,0.00,0.18,0.00,0.00,0.92,0.00,18.47,0.00,0.00,0.00,0.00
151,3w,BwDom,Basc2,195,0.00,0.00,0.00,4.05,0.25,0.00,0.15,0.00,0.00,0.77,0.00,15.95,0.00,0.00,0.00,0.00
151,3w,BwDom,Basc2,205,0.00,0.00,0.00,3.51,0.22,0.00,0.12,0.00,0.00,0.64,0.00,13.60,0.00,0.00,0.00,0.00
151,3w,BwDom,Basc2,215,0.00,0.00,0.00,3.01,0.19,0.00,0.10,0.00,0.00,0.52,0.00,11.48,0.00,0.00,0.00,0.00
151,3w,BwDom,Basc2,225,0.00,0.00,0.00,2.56,0.16,0.00,0.08,0.00,0.00,0.42,0.00,9.57,0.00,0.00,0.00,0.00
151,3w,BwDom,Basc2,235,0.00,0.00,0.00,2.16,0.13,0.00,0.06,0.00,0.00,0.34,0.00,7.90,0.00,0.00,0.00,0.00
151,3w,BwDom,Basc2,245,0.00,0.00,0.00,1.80,0.11,0.00,0.05,0.00,0.00,0.27,0.00,6.46,0.00,0.00,0.00,0.00
151,3w,BwDom,Basc2,255,0.00,0.00,0.00,1.49,0.09,0.00,0.03,0.00,0.00,0.21,0.00,5.22,0.00,0.00,0.00,0.00
152,Patnt,BwDom,Basc2,5,0.00,0.00,0.00,0.00,0.00,0.00,0.00,0.00,0.00,0.00,0.00,0.00,0.00,0.00,0.00,0.00
152,Patnt,BwDom,Basc2,15,0.00,0.00,0.03,0.24,0.05,0.04,0.00,0.00,0.00,0.09,0.00,0.40,0.00,0.00,0.00,0.00
152,Patnt,BwDom,Basc2,25,0.00,0.00,0.17,1.61,0.29,0.27,0.00,0.00,0.00,0.59,0.00,2.52,0.00,0.00,0.00,0.00
152,Patnt,BwDom,Basc2,35,0.00,0.00,0.45,4.39,0.70,0.71,0.00,0.00,0.00,1.77,0.00,7.64,0.00,0.00,0.00,0.00
152,Patnt,BwDom,Basc2,45,0.00,0.00,0.84,7.39,1.15,1.17,0.00,0.00,0.00,3.52,0.00,15.50,0.00,0.00,0.00,0.00
152,Patnt,BwDom,Basc2,55,0.00,0.00,1.22,9.47,1.50,1.47,0.00,0.00,0.00,5.30,0.00,24.18,0.00,0.00,0.00,0.00
152,Patnt,BwDom,Basc2,65,0.00,0.00,1.50,10.37,1.67,1.59,0.00,0.00,0.00,6.61,0.00,31.39,0.00,0.00,0.00,0.00
152,Patnt,BwDom,Basc2,75,0.00,0.00,1.61,10.26,1.67,1.54,0.00,0.00,0.00,7.15,0.00,35.54,0.00,0.00,0.00,0.00
152,Patnt,BwDom,Basc2,85,0.00,0.00,1.56,9.34,1.52,1.38,0.00,0.00,0.00,6.88,0.00,35.91,0.00,0.00,0.00,0.00
152,Patnt,BwDom,Basc2,95,0.00,0.00,1.36,7.86,1.29,1.14,0.00,0.00,0.00,5.97,0.00,32.75,0.00,0.00,0.00,0.00
152,Patnt,BwDom,Basc2,105,0.00,0.00,1.08,6.13,1.00,0.88,0.00,0.00,0.00,4.71,0.00,27.13,0.00,0.00,0.00,0.00
152,Patnt,BwDom,Basc2,115,0.00,0.00,0.78,4.43,0.72,0.62,0.00,0.00,0.00,3.39,0.00,20.50,0.00,0.00,0.00,0.00
152,Patnt,BwDom,Basc2,125,0.00,0.00,0.51,2.97,0.48,0.41,0.00,0.00,0.00,2.23,0.00,14.17,0.00,0.00,0.00,0.00
152,Patnt,BwDom,Basc2,135,0.00,0.00,0.31,1.84,0.30,0.24,0.00,0.00,0.00,1.35,0.00,8.97,0.00,0.00,0.00,0.00
152,Patnt,BwDom,Basc2,145,0.00,0.00,0.17,1.05,0.17,0.14,0.00,0.00,0.00,0.75,0.00,5.22,0.00,0.00,0.00,0.00
152,Patnt,BwDom,Basc2,155,0.00,0.00,0.08,0.56,0.09,0.07,0.00,0.00,0.00,0.38,0.00,2.79,0.00,0.00,0.00,0.00
152,Patnt,BwDom,Basc2,165,0.00,0.00,0.04,0.27,0.04,0.03,0.00,0.00,0.00,0.18,0.00,1.37,0.00,0.00,0.00,0.00
152,Patnt,BwDom,Basc2,175,0.00,0.00,0.01,0.12,0.02,0.01,0.00,0.00,0.00,0.08,0.00,0.62,0.00,0.00,0.00,0.00
152,Patnt,BwDom,Basc2,185,0.00,0.00,6.78633174241712e-03,0.05,8.79756165578655e-03,6.53341686980752e-03,0.00,0.00,0.00,0.03,0.00,0.26,0.00,0.00,0.00,0.00
152,Patnt,BwDom,Basc2,195,0.00,0.00,2.44706280417986e-03,0.02,3.43615140808105e-03,2.49585631436013e-03,0.00,0.00,0.00,0.01,0.00,0.10,0.00,0.00,0.00,0.00
152,Patnt,BwDom,Basc2,205,0.00,0.00,8.11996266863848e-04,7.54460954179905e-03,1.2416837524828e-03,8.81837319185914e-04,0.00,0.00,0.00,4.23088325144126e-03,0.00,0.03,0.00,0.00,0.00,0.00
152,Patnt,BwDom,Basc2,215,0.00,0.00,2.48093754001125e-04,2.52153240822764e-03,4.15089935913664e-04,2.88150733810976e-04,0.00,0.00,0.00,1.35286533118627e-03,0.00,0.01,0.00,0.00,0.00,0.00
152,Patnt,BwDom,Basc2,225,0.00,0.00,6.98327477180743e-05,7.79576517045856e-04,1.28363040475235e-04,8.7075415528492e-05,0.00,0.00,0.00,3.99984623409249e-04,0.00,3.56764692192773e-03,0.00,0.00,0.00,0.00
152,Patnt,BwDom,Basc2,235,0.00,0.00,1.81171394422056e-05,2.22947315093318e-04,3.67186965633047e-05,2.43335941218067e-05,0.00,0.00,0.00,1.09351198082672e-04,0.00,9.99816668852421e-04,0.00,0.00,0.00,0.00
152,Patnt,BwDom,Basc2,245,0.00,0.00,4.33403376993813e-06,5.89773475384413e-05,9.71570148451791e-06,6.28852553794987e-06,0.00,0.00,0.00,2.76448914036522e-05,0.00,2.58893739875272e-04,0.00,0.00,0.00,0.00
152,Patnt,BwDom,Basc2,255,0.00,0.00,9.56386310661726e-07,1.44312445707204e-05,2.37791744207477e-06,1.50288442278245e-06,0.00,0.00,0.00,6.46299164467801e-06,0.00,6.19544701362378e-05,0.00,0.00,0.00,0.00
153,3w,BwDom,Intn1,5,0.00,0.00,0.00,0.00,0.00,0.00,0.00,0.00,0.00,0.00,0.00,0.00,0.00,0.00,0.00,0.00
153,3w,BwDom,Intn1,15,0.00,0.00,0.09,0.71,0.26,0.12,0.00,0.00,0.00,0.27,0.00,1.18,0.00,0.00,0.00,0.00
153,3w,BwDom,Intn1,25,0.00,0.00,0.35,3.38,0.91,0.56,0.00,0.00,0.00,1.23,0.00,5.21,0.00,0.00,0.00,0.00
153,3w,BwDom,Intn1,35,0.00,0.00,0.71,6.91,1.65,1.12,0.00,0.00,0.00,2.79,0.00,11.86,0.00,0.00,0.00,0.00
153,3w,BwDom,Intn1,45,0.00,0.00,1.06,9.34,2.20,1.48,0.00,0.00,0.00,4.45,0.00,19.33,0.00,0.00,0.00,0.00
153,3w,BwDom,Intn1,55,0.00,0.00,1.33,10.30,2.45,1.60,0.00,0.00,0.00,5.77,0.00,25.93,0.00,0.00,0.00,0.00
153,3w,BwDom,Intn1,65,0.00,0.00,1.50,10.39,2.51,1.59,0.00,0.00,0.00,6.62,0.00,30.99,0.00,0.00,0.00,0.00
153,3w,BwDom,Intn1,75,0.00,0.00,1.59,10.12,2.47,1.52,0.00,0.00,0.00,7.05,0.00,34.57,0.00,0.00,0.00,0.00
153,3w,BwDom,Intn1,85,0.00,0.00,1.62,9.72,2.38,1.44,0.00,0.00,0.00,7.16,0.00,36.84,0.00,0.00,0.00,0.00
153,3w,BwDom,Intn1,95,0.00,0.00,1.60,9.24,2.27,1.34,0.00,0.00,0.00,7.02,0.00,37.94,0.00,0.00,0.00,0.00
153,3w,BwDom,Intn1,105,0.00,0.00,1.53,8.71,2.14,1.25,0.00,0.00,0.00,6.69,0.00,38.01,0.00,0.00,0.00,0.00
153,3w,BwDom,Intn1,115,0.00,0.00,1.43,8.15,2.00,1.14,0.00,0.00,0.00,6.23,0.00,37.18,0.00,0.00,0.00,0.00
153,3w,BwDom,Intn1,125,0.00,0.00,1.31,7.57,1.86,1.04,0.00,0.00,0.00,5.70,0.00,35.63,0.00,0.00,0.00,0.00
153,3w,BwDom,Intn1,135,0.00,0.00,1.18,6.97,1.72,0.94,0.00,0.00,0.00,5.12,0.00,33.51,0.00,0.00,0.00,0.00
153,3w,BwDom,Intn1,145,0.00,0.00,1.03,6.37,1.57,0.84,0.00,0.00,0.00,4.54,0.00,31.00,0.00,0.00,0.00,0.00
153,3w,BwDom,Intn1,155,0.00,0.00,0.89,5.77,1.42,0.75,0.00,0.00,0.00,3.98,0.00,28.23,0.00,0.00,0.00,0.00
153,3w,BwDom,Intn1,165,0.00,0.00,0.75,5.19,1.28,0.66,0.00,0.00,0.00,3.44,0.00,25.34,0.00,0.00,0.00,0.00
153,3w,BwDom,Intn1,175,0.00,0.00,0.63,4.62,1.14,0.57,0.00,0.00,0.00,2.94,0.00,22.44,0.00,0.00,0.00,0.00
153,3w,BwDom,Intn1,185,0.00,0.00,0.51,4.07,1.00,0.49,0.00,0.00,0.00,2.49,0.00,19.61,0.00,0.00,0.00,0.00
153,3w,BwDom,Intn1,195,0.00,0.00,0.41,3.56,0.88,0.42,0.00,0.00,0.00,2.08,0.00,16.93,0.00,0.00,0.00,0.00
153,3w,BwDom,Intn1,205,0.00,0.00,0.33,3.08,0.76,0.36,0.00,0.00,0.00,1.73,0.00,14.45,0.00,0.00,0.00,0.00
153,3w,BwDom,Intn1,215,0.00,0.00,0.26,2.65,0.65,0.30,0.00,0.00,0.00,1.42,0.00,12.19,0.00,0.00,0.00,0.00
153,3w,BwDom,Intn1,225,0.00,0.00,0.20,2.25,0.55,0.25,0.00,0.00,0.00,1.15,0.00,10.17,0.00,0.00,0.00,0.00
153,3w,BwDom,Intn1,235,0.00,0.00,0.15,1.89,0.46,0.20,0.00,0.00,0.00,0.93,0.00,8.39,0.00,0.00,0.00,0.00
153,3w,BwDom,Intn1,245,0.00,0.00,0.11,1.58,0.39,0.16,0.00,0.00,0.00,0.74,0.00,6.86,0.00,0.00,0.00,0.00
153,3w,BwDom,Intn1,255,0.00,0.00,0.08,1.31,0.32,0.13,0.00,0.00,0.00,0.58,0.00,5.54,0.00,0.00,0.00,0.00
154,Patnt,BwDom,Intn1,5,0.00,0.00,0.00,0.00,0.00,0.00,0.00,0.00,0.00,0.00,0.00,0.00,0.00,0.00,0.00,0.00
154,Patnt,BwDom,Intn1,15,0.00,0.00,0.03,0.24,0.05,0.04,0.00,0.00,0.00,0.09,0.00,0.40,0.00,0.00,0.00,0.00
154,Patnt,BwDom,Intn1,25,0.00,0.00,0.17,1.61,0.29,0.27,0.00,0.00,0.00,0.59,0.00,2.52,0.00,0.00,0.00,0.00
154,Patnt,BwDom,Intn1,35,0.00,0.00,0.45,4.39,0.70,0.71,0.00,0.00,0.00,1.77,0.00,7.64,0.00,0.00,0.00,0.00
154,Patnt,BwDom,Intn1,45,0.00,0.00,0.84,7.39,1.15,1.17,0.00,0.00,0.00,3.52,0.00,15.50,0.00,0.00,0.00,0.00
154,Patnt,BwDom,Intn1,55,0.00,0.00,1.22,9.47,1.50,1.47,0.00,0.00,0.00,5.30,0.00,24.18,0.00,0.00,0.00,0.00
154,Patnt,BwDom,Intn1,65,0.00,0.00,1.50,10.37,1.67,1.59,0.00,0.00,0.00,6.61,0.00,31.39,0.00,0.00,0.00,0.00
154,Patnt,BwDom,Intn1,75,0.00,0.00,1.61,10.26,1.67,1.54,0.00,0.00,0.00,7.15,0.00,35.54,0.00,0.00,0.00,0.00
154,Patnt,BwDom,Intn1,85,0.00,0.00,1.56,9.34,1.52,1.38,0.00,0.00,0.00,6.88,0.00,35.91,0.00,0.00,0.00,0.00
154,Patnt,BwDom,Intn1,95,0.00,0.00,1.36,7.86,1.29,1.14,0.00,0.00,0.00,5.97,0.00,32.75,0.00,0.00,0.00,0.00
154,Patnt,BwDom,Intn1,105,0.00,0.00,1.08,6.13,1.00,0.88,0.00,0.00,0.00,4.71,0.00,27.13,0.00,0.00,0.00,0.00
154,Patnt,BwDom,Intn1,115,0.00,0.00,0.78,4.43,0.72,0.62,0.00,0.00,0.00,3.39,0.00,20.50,0.00,0.00,0.00,0.00
154,Patnt,BwDom,Intn1,125,0.00,0.00,0.51,2.97,0.48,0.41,0.00,0.00,0.00,2.23,0.00,14.17,0.00,0.00,0.00,0.00
154,Patnt,BwDom,Intn1,135,0.00,0.00,0.31,1.84,0.30,0.24,0.00,0.00,0.00,1.35,0.00,8.97,0.00,0.00,0.00,0.00
154,Patnt,BwDom,Intn1,145,0.00,0.00,0.17,1.05,0.17,0.14,0.00,0.00,0.00,0.75,0.00,5.22,0.00,0.00,0.00,0.00
154,Patnt,BwDom,Intn1,155,0.00,0.00,0.08,0.56,0.09,0.07,0.00,0.00,0.00,0.38,0.00,2.79,0.00,0.00,0.00,0.00
154,Patnt,BwDom,Intn1,165,0.00,0.00,0.04,0.27,0.04,0.03,0.00,0.00,0.00,0.18,0.00,1.37,0.00,0.00,0.00,0.00
154,Patnt,BwDom,Intn1,175,0.00,0.00,0.01,0.12,0.02,0.01,0.00,0.00,0.00,0.08,0.00,0.62,0.00,0.00,0.00,0.00
154,Patnt,BwDom,Intn1,185,0.00,0.00,6.78633174241712e-03,0.05,8.79756165578655e-03,6.53341686980752e-03,0.00,0.00,0.00,0.03,0.00,0.26,0.00,0.00,0.00,0.00
154,Patnt,BwDom,Intn1,195,0.00,0.00,2.44706280417986e-03,0.02,3.43615140808105e-03,2.49585631436013e-03,0.00,0.00,0.00,0.01,0.00,0.10,0.00,0.00,0.00,0.00
154,Patnt,BwDom,Intn1,205,0.00,0.00,8.11996266863848e-04,7.54460954179905e-03,1.2416837524828e-03,8.81837319185914e-04,0.00,0.00,0.00,4.23088325144126e-03,0.00,0.03,0.00,0.00,0.00,0.00
154,Patnt,BwDom,Intn1,215,0.00,0.00,2.48093754001125e-04,2.52153240822764e-03,4.15089935913664e-04,2.88150733810976e-04,0.00,0.00,0.00,1.35286533118627e-03,0.00,0.01,0.00,0.00,0.00,0.00
154,Patnt,BwDom,Intn1,225,0.00,0.00,6.98327477180743e-05,7.79576517045856e-04,1.28363040475235e-04,8.7075415528492e-05,0.00,0.00,0.00,3.99984623409249e-04,0.00,3.56764692192773e-03,0.00,0.00,0.00,0.00
154,Patnt,BwDom,Intn1,235,0.00,0.00,1.81171394422056e-05,2.22947315093318e-04,3.67186965633047e-05,2.43335941218067e-05,0.00,0.00,0.00,1.09351198082672e-04,0.00,9.99816668852421e-04,0.00,0.00,0.00,0.00
154,Patnt,BwDom,Intn1,245,0.00,0.00,4.33403376993813e-06,5.89773475384413e-05,9.71570148451791e-06,6.28852553794987e-06,0.00,0.00,0.00,2.76448914036522e-05,0.00,2.58893739875272e-04,0.00,0.00,0.00,0.00
154,Patnt,BwDom,Intn1,255,0.00,0.00,9.56386310661726e-07,1.44312445707204e-05,2.37791744207477e-06,1.50288442278245e-06,0.00,0.00,0.00,6.46299164467801e-06,0.00,6.19544701362378e-05,0.00,0.00,0.00,0.00
155,3w,BwDom,Intn2,5,0.00,0.00,0.00,0.00,0.00,0.00,0.00,0.00,0.00,0.00,0.00,0.00,0.00,0.00,0.00,0.00
155,3w,BwDom,Intn2,15,0.00,0.00,0.09,0.71,0.26,0.12,0.00,0.00,0.00,0.27,0.00,1.18,0.00,0.00,0.00,0.00
155,3w,BwDom,Intn2,25,0.00,0.00,0.35,3.38,0.91,0.56,0.00,0.00,0.00,1.23,0.00,5.21,0.00,0.00,0.00,0.00
155,3w,BwDom,Intn2,35,0.00,0.00,0.71,6.91,1.65,1.12,0.00,0.00,0.00,2.79,0.00,11.86,0.00,0.00,0.00,0.00
155,3w,BwDom,Intn2,45,0.00,0.00,1.06,9.34,2.20,1.48,0.00,0.00,0.00,4.45,0.00,19.33,0.00,0.00,0.00,0.00
155,3w,BwDom,Intn2,55,0.00,0.00,1.33,10.30,2.45,1.60,0.00,0.00,0.00,5.77,0.00,25.93,0.00,0.00,0.00,0.00
155,3w,BwDom,Intn2,65,0.00,0.00,1.50,10.39,2.51,1.59,0.00,0.00,0.00,6.62,0.00,30.99,0.00,0.00,0.00,0.00
155,3w,BwDom,Intn2,75,0.00,0.00,1.59,10.12,2.47,1.52,0.00,0.00,0.00,7.05,0.00,34.57,0.00,0.00,0.00,0.00
155,3w,BwDom,Intn2,85,0.00,0.00,1.62,9.72,2.38,1.44,0.00,0.00,0.00,7.16,0.00,36.84,0.00,0.00,0.00,0.00
155,3w,BwDom,Intn2,95,0.00,0.00,1.60,9.24,2.27,1.34,0.00,0.00,0.00,7.02,0.00,37.94,0.00,0.00,0.00,0.00
155,3w,BwDom,Intn2,105,0.00,0.00,1.53,8.71,2.14,1.25,0.00,0.00,0.00,6.69,0.00,38.01,0.00,0.00,0.00,0.00
155,3w,BwDom,Intn2,115,0.00,0.00,1.43,8.15,2.00,1.14,0.00,0.00,0.00,6.23,0.00,37.18,0.00,0.00,0.00,0.00
155,3w,BwDom,Intn2,125,0.00,0.00,1.31,7.57,1.86,1.04,0.00,0.00,0.00,5.70,0.00,35.63,0.00,0.00,0.00,0.00
155,3w,BwDom,Intn2,135,0.00,0.00,1.18,6.97,1.72,0.94,0.00,0.00,0.00,5.12,0.00,33.51,0.00,0.00,0.00,0.00
155,3w,BwDom,Intn2,145,0.00,0.00,1.03,6.37,1.57,0.84,0.00,0.00,0.00,4.54,0.00,31.00,0.00,0.00,0.00,0.00
155,3w,BwDom,Intn2,155,0.00,0.00,0.89,5.77,1.42,0.75,0.00,0.00,0.00,3.98,0.00,28.23,0.00,0.00,0.00,0.00
155,3w,BwDom,Intn2,165,0.00,0.00,0.75,5.19,1.28,0.66,0.00,0.00,0.00,3.44,0.00,25.34,0.00,0.00,0.00,0.00
155,3w,BwDom,Intn2,175,0.00,0.00,0.63,4.62,1.14,0.57,0.00,0.00,0.00,2.94,0.00,22.44,0.00,0.00,0.00,0.00
155,3w,BwDom,Intn2,185,0.00,0.00,0.51,4.07,1.00,0.49,0.00,0.00,0.00,2.49,0.00,19.61,0.00,0.00,0.00,0.00
155,3w,BwDom,Intn2,195,0.00,0.00,0.41,3.56,0.88,0.42,0.00,0.00,0.00,2.08,0.00,16.93,0.00,0.00,0.00,0.00
155,3w,BwDom,Intn2,205,0.00,0.00,0.33,3.08,0.76,0.36,0.00,0.00,0.00,1.73,0.00,14.45,0.00,0.00,0.00,0.00
155,3w,BwDom,Intn2,215,0.00,0.00,0.26,2.65,0.65,0.30,0.00,0.00,0.00,1.42,0.00,12.19,0.00,0.00,0.00,0.00
155,3w,BwDom,Intn2,225,0.00,0.00,0.20,2.25,0.55,0.25,0.00,0.00,0.00,1.15,0.00,10.17,0.00,0.00,0.00,0.00
155,3w,BwDom,Intn2,235,0.00,0.00,0.15,1.89,0.46,0.20,0.00,0.00,0.00,0.93,0.00,8.39,0.00,0.00,0.00,0.00
155,3w,BwDom,Intn2,245,0.00,0.00,0.11,1.58,0.39,0.16,0.00,0.00,0.00,0.74,0.00,6.86,0.00,0.00,0.00,0.00
155,3w,BwDom,Intn2,255,0.00,0.00,0.08,1.31,0.32,0.13,0.00,0.00,0.00,0.58,0.00,5.54,0.00,0.00,0.00,0.00
156,Patnt,BwDom,Intn2,5,0.00,0.00,0.00,0.00,0.00,0.00,0.00,0.00,0.00,0.00,0.00,0.00,0.00,0.00,0.00,0.00
156,Patnt,BwDom,Intn2,15,0.00,0.00,0.03,0.24,0.05,0.04,0.00,0.00,0.00,0.09,0.00,0.40,0.00,0.00,0.00,0.00
156,Patnt,BwDom,Intn2,25,0.00,0.00,0.17,1.61,0.29,0.27,0.00,0.00,0.00,0.59,0.00,2.52,0.00,0.00,0.00,0.00
156,Patnt,BwDom,Intn2,35,0.00,0.00,0.45,4.39,0.70,0.71,0.00,0.00,0.00,1.77,0.00,7.64,0.00,0.00,0.00,0.00
156,Patnt,BwDom,Intn2,45,0.00,0.00,0.84,7.39,1.15,1.17,0.00,0.00,0.00,3.52,0.00,15.50,0.00,0.00,0.00,0.00
156,Patnt,BwDom,Intn2,55,0.00,0.00,1.22,9.47,1.50,1.47,0.00,0.00,0.00,5.30,0.00,24.18,0.00,0.00,0.00,0.00
156,Patnt,BwDom,Intn2,65,0.00,0.00,1.50,10.37,1.67,1.59,0.00,0.00,0.00,6.61,0.00,31.39,0.00,0.00,0.00,0.00
156,Patnt,BwDom,Intn2,75,0.00,0.00,1.61,10.26,1.67,1.54,0.00,0.00,0.00,7.15,0.00,35.54,0.00,0.00,0.00,0.00
156,Patnt,BwDom,Intn2,85,0.00,0.00,1.56,9.34,1.52,1.38,0.00,0.00,0.00,6.88,0.00,35.91,0.00,0.00,0.00,0.00
156,Patnt,BwDom,Intn2,95,0.00,0.00,1.36,7.86,1.29,1.14,0.00,0.00,0.00,5.97,0.00,32.75,0.00,0.00,0.00,0.00
156,Patnt,BwDom,Intn2,105,0.00,0.00,1.08,6.13,1.00,0.88,0.00,0.00,0.00,4.71,0.00,27.13,0.00,0.00,0.00,0.00
156,Patnt,BwDom,Intn2,115,0.00,0.00,0.78,4.43,0.72,0.62,0.00,0.00,0.00,3.39,0.00,20.50,0.00,0.00,0.00,0.00
156,Patnt,BwDom,Intn2,125,0.00,0.00,0.51,2.97,0.48,0.41,0.00,0.00,0.00,2.23,0.00,14.17,0.00,0.00,0.00,0.00
156,Patnt,BwDom,Intn2,135,0.00,0.00,0.31,1.84,0.30,0.24,0.00,0.00,0.00,1.35,0.00,8.97,0.00,0.00,0.00,0.00
156,Patnt,BwDom,Intn2,145,0.00,0.00,0.17,1.05,0.17,0.14,0.00,0.00,0.00,0.75,0.00,5.22,0.00,0.00,0.00,0.00
156,Patnt,BwDom,Intn2,155,0.00,0.00,0.08,0.56,0.09,0.07,0.00,0.00,0.00,0.38,0.00,2.79,0.00,0.00,0.00,0.00
156,Patnt,BwDom,Intn2,165,0.00,0.00,0.04,0.27,0.04,0.03,0.00,0.00,0.00,0.18,0.00,1.37,0.00,0.00,0.00,0.00
156,Patnt,BwDom,Intn2,175,0.00,0.00,0.01,0.12,0.02,0.01,0.00,0.00,0.00,0.08,0.00,0.62,0.00,0.00,0.00,0.00
156,Patnt,BwDom,Intn2,185,0.00,0.00,6.78633174241712e-03,0.05,8.79756165578655e-03,6.53341686980752e-03,0.00,0.00,0.00,0.03,0.00,0.26,0.00,0.00,0.00,0.00
156,Patnt,BwDom,Intn2,195,0.00,0.00,2.44706280417986e-03,0.02,3.43615140808105e-03,2.49585631436013e-03,0.00,0.00,0.00,0.01,0.00,0.10,0.00,0.00,0.00,0.00
156,Patnt,BwDom,Intn2,205,0.00,0.00,8.11996266863848e-04,7.54460954179905e-03,1.2416837524828e-03,8.81837319185914e-04,0.00,0.00,0.00,4.23088325144126e-03,0.00,0.03,0.00,0.00,0.00,0.00
156,Patnt,BwDom,Intn2,215,0.00,0.00,2.48093754001125e-04,2.52153240822764e-03,4.15089935913664e-04,2.88150733810976e-04,0.00,0.00,0.00,1.35286533118627e-03,0.00,0.01,0.00,0.00,0.00,0.00
156,Patnt,BwDom,Intn2,225,0.00,0.00,6.98327477180743e-05,7.79576517045856e-04,1.28363040475235e-04,8.7075415528492e-05,0.00,0.00,0.00,3.99984623409249e-04,0.00,3.56764692192773e-03,0.00,0.00,0.00,0.00
156,Patnt,BwDom,Intn2,235,0.00,0.00,1.81171394422056e-05,2.22947315093318e-04,3.67186965633047e-05,2.43335941218067e-05,0.00,0.00,0.00,1.09351198082672e-04,0.00,9.99816668852421e-04,0.00,0.00,0.00,0.00
156,Patnt,BwDom,Intn2,245,0.00,0.00,4.33403376993813e-06,5.89773475384413e-05,9.71570148451791e-06,6.28852553794987e-06,0.00,0.00,0.00,2.76448914036522e-05,0.00,2.58893739875272e-04,0.00,0.00,0.00,0.00
156,Patnt,BwDom,Intn2,255,0.00,0.00,9.56386310661726e-07,1.44312445707204e-05,2.37791744207477e-06,1.50288442278245e-06,0.00,0.00,0.00,6.46299164467801e-06,0.00,6.19544701362378e-05,0.00,0.00,0.00,0.00
159,3w,BwDom,Succ,5,0.00,0.00,0.00,0.00,0.00,0.00,0.00,0.00,0.00,0.00,0.00,0.00,0.00,0.00,0.00,0.00
159,3w,BwDom,Succ,15,0.00,0.00,0.09,0.71,0.26,0.12,0.00,0.00,0.00,0.27,0.00,1.18,0.00,0.00,0.00,0.00
159,3w,BwDom,Succ,25,0.00,0.00,0.35,3.38,0.91,0.56,0.00,0.00,0.00,1.23,0.00,5.21,0.00,0.00,0.00,0.00
159,3w,BwDom,Succ,35,0.00,0.00,0.71,6.91,1.65,1.12,0.00,0.00,0.00,2.79,0.00,11.86,0.00,0.00,0.00,0.00
159,3w,BwDom,Succ,45,0.00,0.00,1.06,9.34,2.20,1.48,0.00,0.00,0.00,4.45,0.00,19.33,0.00,0.00,0.00,0.00
159,3w,BwDom,Succ,55,0.00,0.00,1.33,10.30,2.45,1.60,0.00,0.00,0.00,5.77,0.00,25.93,0.00,0.00,0.00,0.00
159,3w,BwDom,Succ,65,0.00,0.00,1.50,10.39,2.51,1.59,0.00,0.00,0.00,6.62,0.00,30.99,0.00,0.00,0.00,0.00
159,3w,BwDom,Succ,75,0.00,0.00,1.59,10.12,2.47,1.52,0.00,0.00,0.00,7.05,0.00,34.57,0.00,0.00,0.00,0.00
159,3w,BwDom,Succ,85,0.00,0.00,1.62,9.72,2.38,1.44,0.00,0.00,0.00,7.16,0.00,36.84,0.00,0.00,0.00,0.00
159,3w,BwDom,Succ,95,0.00,0.00,1.60,9.24,2.27,1.34,0.00,0.00,0.00,7.02,0.00,37.94,0.00,0.00,0.00,0.00
159,3w,BwDom,Succ,105,0.00,0.00,1.53,8.71,2.14,1.25,0.00,0.00,0.00,6.69,0.00,38.01,0.00,0.00,0.00,0.00
159,3w,BwDom,Succ,115,0.00,0.00,1.43,8.15,2.00,1.14,0.00,0.00,0.00,6.23,0.00,37.18,0.00,0.00,0.00,0.00
159,3w,BwDom,Succ,125,0.00,0.00,1.31,7.57,1.86,1.04,0.00,0.00,0.00,5.70,0.00,35.63,0.00,0.00,0.00,0.00
159,3w,BwDom,Succ,135,0.00,0.00,1.18,6.97,1.72,0.94,0.00,0.00,0.00,5.12,0.00,33.51,0.00,0.00,0.00,0.00
159,3w,BwDom,Succ,145,0.00,0.00,1.03,6.37,1.57,0.84,0.00,0.00,0.00,4.54,0.00,31.00,0.00,0.00,0.00,0.00
159,3w,BwDom,Succ,155,0.00,0.00,0.89,5.77,1.42,0.75,0.00,0.00,0.00,3.98,0.00,28.23,0.00,0.00,0.00,0.00
159,3w,BwDom,Succ,165,0.00,0.00,0.75,5.19,1.28,0.66,0.00,0.00,0.00,3.44,0.00,25.34,0.00,0.00,0.00,0.00
159,3w,BwDom,Succ,175,0.00,0.00,0.63,4.62,1.14,0.57,0.00,0.00,0.00,2.94,0.00,22.44,0.00,0.00,0.00,0.00
159,3w,BwDom,Succ,185,0.00,0.00,0.51,4.07,1.00,0.49,0.00,0.00,0.00,2.49,0.00,19.61,0.00,0.00,0.00,0.00
159,3w,BwDom,Succ,195,0.00,0.00,0.41,3.56,0.88,0.42,0.00,0.00,0.00,2.08,0.00,16.93,0.00,0.00,0.00,0.00
159,3w,BwDom,Succ,205,0.00,0.00,0.33,3.08,0.76,0.36,0.00,0.00,0.00,1.73,0.00,14.45,0.00,0.00,0.00,0.00
159,3w,BwDom,Succ,215,0.00,0.00,0.26,2.65,0.65,0.30,0.00,0.00,0.00,1.42,0.00,12.19,0.00,0.00,0.00,0.00
159,3w,BwDom,Succ,225,0.00,0.00,0.20,2.25,0.55,0.25,0.00,0.00,0.00,1.15,0.00,10.17,0.00,0.00,0.00,0.00
159,3w,BwDom,Succ,235,0.00,0.00,0.15,1.89,0.46,0.20,0.00,0.00,0.00,0.93,0.00,8.39,0.00,0.00,0.00,0.00
159,3w,BwDom,Succ,245,0.00,0.00,0.11,1.58,0.39,0.16,0.00,0.00,0.00,0.74,0.00,6.86,0.00,0.00,0.00,0.00
159,3w,BwDom,Succ,255,0.00,0.00,0.08,1.31,0.32,0.13,0.00,0.00,0.00,0.58,0.00,5.54,0.00,0.00,0.00,0.00
160,Patnt,BwDom,Succ,5,0.00,0.00,0.00,0.00,0.00,0.00,0.00,0.00,0.00,0.00,0.00,0.00,0.00,0.00,0.00,0.00
160,Patnt,BwDom,Succ,15,0.00,0.00,0.03,0.24,0.05,0.04,0.00,0.00,0.00,0.09,0.00,0.40,0.00,0.00,0.00,0.00
160,Patnt,BwDom,Succ,25,0.00,0.00,0.17,1.61,0.29,0.27,0.00,0.00,0.00,0.59,0.00,2.52,0.00,0.00,0.00,0.00
160,Patnt,BwDom,Succ,35,0.00,0.00,0.45,4.39,0.70,0.71,0.00,0.00,0.00,1.77,0.00,7.64,0.00,0.00,0.00,0.00
160,Patnt,BwDom,Succ,45,0.00,0.00,0.84,7.39,1.15,1.17,0.00,0.00,0.00,3.52,0.00,15.50,0.00,0.00,0.00,0.00
160,Patnt,BwDom,Succ,55,0.00,0.00,1.22,9.47,1.50,1.47,0.00,0.00,0.00,5.30,0.00,24.18,0.00,0.00,0.00,0.00
160,Patnt,BwDom,Succ,65,0.00,0.00,1.50,10.37,1.67,1.59,0.00,0.00,0.00,6.61,0.00,31.39,0.00,0.00,0.00,0.00
160,Patnt,BwDom,Succ,75,0.00,0.00,1.61,10.26,1.67,1.54,0.00,0.00,0.00,7.15,0.00,35.54,0.00,0.00,0.00,0.00
160,Patnt,BwDom,Succ,85,0.00,0.00,1.56,9.34,1.52,1.38,0.00,0.00,0.00,6.88,0.00,35.91,0.00,0.00,0.00,0.00
160,Patnt,BwDom,Succ,95,0.00,0.00,1.36,7.86,1.29,1.14,0.00,0.00,0.00,5.97,0.00,32.75,0.00,0.00,0.00,0.00
160,Patnt,BwDom,Succ,105,0.00,0.00,1.08,6.13,1.00,0.88,0.00,0.00,0.00,4.71,0.00,27.13,0.00,0.00,0.00,0.00
160,Patnt,BwDom,Succ,115,0.00,0.00,0.78,4.43,0.72,0.62,0.00,0.00,0.00,3.39,0.00,20.50,0.00,0.00,0.00,0.00
160,Patnt,BwDom,Succ,125,0.00,0.00,0.51,2.97,0.48,0.41,0.00,0.00,0.00,2.23,0.00,14.17,0.00,0.00,0.00,0.00
160,Patnt,BwDom,Succ,135,0.00,0.00,0.31,1.84,0.30,0.24,0.00,0.00,0.00,1.35,0.00,8.97,0.00,0.00,0.00,0.00
160,Patnt,BwDom,Succ,145,0.00,0.00,0.17,1.05,0.17,0.14,0.00,0.00,0.00,0.75,0.00,5.22,0.00,0.00,0.00,0.00
160,Patnt,BwDom,Succ,155,0.00,0.00,0.08,0.56,0.09,0.07,0.00,0.00,0.00,0.38,0.00,2.79,0.00,0.00,0.00,0.00
160,Patnt,BwDom,Succ,165,0.00,0.00,0.04,0.27,0.04,0.03,0.00,0.00,0.00,0.18,0.00,1.37,0.00,0.00,0.00,0.00
160,Patnt,BwDom,Succ,175,0.00,0.00,0.01,0.12,0.02,0.01,0.00,0.00,0.00,0.08,0.00,0.62,0.00,0.00,0.00,0.00
160,Patnt,BwDom,Succ,185,0.00,0.00,6.78633174241712e-03,0.05,8.79756165578655e-03,6.53341686980752e-03,0.00,0.00,0.00,0.03,0.00,0.26,0.00,0.00,0.00,0.00
160,Patnt,BwDom,Succ,195,0.00,0.00,2.44706280417986e-03,0.02,3.43615140808105e-03,2.49585631436013e-03,0.00,0.00,0.00,0.01,0.00,0.10,0.00,0.00,0.00,0.00
160,Patnt,BwDom,Succ,205,0.00,0.00,8.11996266863848e-04,7.54460954179905e-03,1.2416837524828e-03,8.81837319185914e-04,0.00,0.00,0.00,4.23088325144126e-03,0.00,0.03,0.00,0.00,0.00,0.00
160,Patnt,BwDom,Succ,215,0.00,0.00,2.48093754001125e-04,2.52153240822764e-03,4.15089935913664e-04,2.88150733810976e-04,0.00,0.00,0.00,1.35286533118627e-03,0.00,0.01,0.00,0.00,0.00,0.00
160,Patnt,BwDom,Succ,225,0.00,0.00,6.98327477180743e-05,7.79576517045856e-04,1.28363040475235e-04,8.7075415528492e-05,0.00,0.00,0.00,3.99984623409249e-04,0.00,3.56764692192773e-03,0.00,0.00,0.00,0.00
160,Patnt,BwDom,Succ,235,0.00,0.00,1.81171394422056e-05,2.22947315093318e-04,3.67186965633047e-05,2.43335941218067e-05,0.00,0.00,0.00,1.09351198082672e-04,0.00,9.99816668852421e-04,0.00,0.00,0.00,0.00
160,Patnt,BwDom,Succ,245,0.00,0.00,4.33403376993813e-06,5.89773475384413e-05,9.71570148451791e-06,6.28852553794987e-06,0.00,0.00,0.00,2.76448914036522e-05,0.00,2.58893739875272e-04,0.00,0.00,0.00,0.00
160,Patnt,BwDom,Succ,255,0.00,0.00,9.56386310661726e-07,1.44312445707204e-05,2.37791744207477e-06,1.50288442278245e-06,0.00,0.00,0.00,6.46299164467801e-06,0.00,6.19544701362378e-05,0.00,0.00,0.00,0.00
161,3w,TolHd,Prsnt,5,0.00,0.00,0.00,0.00,0.00,0.00,0.00,0.00,0.00,0.00,0.00,0.00,0.00,0.00,0.00,0.00
161,3w,TolHd,Prsnt,15,0.00,0.00,0.00,0.24,0.39,0.07,0.70,0.00,0.00,0.35,0.00,0.15,0.00,0.00,0.00,0.20
161,3w,TolHd,Prsnt,25,0.00,0.00,0.00,1.16,1.36,0.36,1.46,0.00,0.00,1.58,0.00,0.65,0.00,0.00,0.00,0.85
161,3w,TolHd,Prsnt,35,0.00,0.00,0.00,2.49,2.61,0.76,2.20,0.00,0.00,3.76,0.00,1.57,0.00,0.00,0.00,1.96
161,3w,TolHd,Prsnt,45,0.00,0.00,0.00,3.70,3.80,1.10,2.86,0.00,0.00,6.58,0.00,2.82,0.00,0.00,0.00,3.44
161,3w,TolHd,Prsnt,55,0.00,0.00,0.00,4.53,4.73,1.32,3.35,0.00,0.00,9.49,0.00,4.21,0.00,0.00,0.00,5.08
161,3w,TolHd,Prsnt,65,0.00,0.00,0.00,5.01,5.30,1.43,3.64,0.00,0.00,11.93,0.00,5.51,0.00,0.00,0.00,6.63
161,3w,TolHd,Prsnt,75,0.00,0.00,0.00,5.20,5.55,1.46,3.73,0.00,0.00,13.54,0.00,6.55,0.00,0.00,0.00,7.90
161,3w,TolHd,Prsnt,85,0.00,0.00,0.00,5.16,5.53,1.43,3.64,0.00,0.00,14.21,0.00,7.21,0.00,0.00,0.00,8.77
161,3w,TolHd,Prsnt,95,0.00,0.00,0.00,4.94,5.31,1.35,3.41,0.00,0.00,14.04,0.00,7.49,0.00,0.00,0.00,9.20
161,3w,TolHd,Prsnt,105,0.00,0.00,0.00,4.60,4.95,1.23,3.10,0.00,0.00,13.20,0.00,7.40,0.00,0.00,0.00,9.21
161,3w,TolHd,Prsnt,115,0.00,0.00,0.00,4.17,4.48,1.10,2.73,0.00,0.00,11.91,0.00,7.01,0.00,0.00,0.00,8.86
161,3w,TolHd,Prsnt,125,0.00,0.00,0.00,3.69,3.97,0.95,2.33,0.00,0.00,10.37,0.00,6.40,0.00,0.00,0.00,8.21
161,3w,TolHd,Prsnt,135,0.00,0.00,0.00,3.19,3.43,0.81,1.94,0.00,0.00,8.76,0.00,5.65,0.00,0.00,0.00,7.37
161,3w,TolHd,Prsnt,145,0.00,0.00,0.00,2.70,2.91,0.67,1.57,0.00,0.00,7.19,0.00,4.84,0.00,0.00,0.00,6.42
161,3w,TolHd,Prsnt,155,0.00,0.00,0.00,2.24,2.41,0.54,1.25,0.00,0.00,5.76,0.00,4.03,0.00,0.00,0.00,5.44
161,3w,TolHd,Prsnt,165,0.00,0.00,0.00,1.82,1.96,0.43,0.96,0.00,0.00,4.50,0.00,3.27,0.00,0.00,0.00,4.48
161,3w,TolHd,Prsnt,175,0.00,0.00,0.00,1.44,1.56,0.33,0.73,0.00,0.00,3.44,0.00,2.59,0.00,0.00,0.00,3.60
161,3w,TolHd,Prsnt,185,0.00,0.00,0.00,1.13,1.21,0.25,0.54,0.00,0.00,2.58,0.00,2.00,0.00,0.00,0.00,2.82
161,3w,TolHd,Prsnt,195,0.00,0.00,0.00,0.86,0.93,0.19,0.39,0.00,0.00,1.89,0.00,1.51,0.00,0.00,0.00,2.16
161,3w,TolHd,Prsnt,205,0.00,0.00,0.00,0.65,0.70,0.14,0.27,0.00,0.00,1.36,0.00,1.12,0.00,0.00,0.00,1.61
161,3w,TolHd,Prsnt,215,0.00,0.00,0.00,0.47,0.51,0.10,0.19,0.00,0.00,0.96,0.00,0.81,0.00,0.00,0.00,1.18
161,3w,TolHd,Prsnt,225,0.00,0.00,0.00,0.34,0.37,0.07,0.12,0.00,0.00,0.66,0.00,0.57,0.00,0.00,0.00,0.84
161,3w,TolHd,Prsnt,235,0.00,0.00,0.00,0.24,0.26,0.05,0.08,0.00,0.00,0.44,0.00,0.40,0.00,0.00,0.00,0.59
161,3w,TolHd,Prsnt,245,0.00,0.00,0.00,0.17,0.18,0.03,0.05,0.00,0.00,0.29,0.00,0.27,0.00,0.00,0.00,0.40
161,3w,TolHd,Prsnt,255,0.00,0.00,0.00,0.11,0.12,0.02,0.03,0.00,0.00,0.19,0.00,0.18,0.00,0.00,0.00,0.27
162,Patnt,TolHd,Prsnt,5,0.00,0.00,0.00,0.00,0.00,0.00,0.00,0.00,0.00,0.00,0.00,0.00,0.00,0.00,0.00,0.00
162,Patnt,TolHd,Prsnt,15,0.00,0.00,0.00,0.23,0.37,0.07,0.66,0.00,0.00,0.33,0.00,0.14,0.00,0.00,0.00,0.19
162,Patnt,TolHd,Prsnt,25,0.00,0.00,0.00,1.05,1.23,0.32,1.32,0.00,0.00,1.43,0.00,0.59,0.00,0.00,0.00,0.77
162,Patnt,TolHd,Prsnt,35,0.00,0.00,0.00,2.20,2.30,0.67,1.94,0.00,0.00,3.32,0.00,1.39,0.00,0.00,0.00,1.73
162,Patnt,TolHd,Prsnt,45,0.00,0.00,0.00,3.25,3.34,0.96,2.51,0.00,0.00,5.78,0.00,2.48,0.00,0.00,0.00,3.02
162,Patnt,TolHd,Prsnt,55,0.00,0.00,0.00,4.03,4.20,1.17,2.98,0.00,0.00,8.44,0.00,3.74,0.00,0.00,0.00,4.51
162,Patnt,TolHd,Prsnt,65,0.00,0.00,0.00,4.59,4.86,1.31,3.34,0.00,0.00,10.94,0.00,5.05,0.00,0.00,0.00,6.08
162,Patnt,TolHd,Prsnt,75,0.00,0.00,0.00,5.01,5.35,1.41,3.59,0.00,0.00,13.04,0.00,6.30,0.00,0.00,0.00,7.61
162,Patnt,TolHd,Prsnt,85,0.00,0.00,0.00,5.32,5.71,1.48,3.75,0.00,0.00,14.66,0.00,7.44,0.00,0.00,0.00,9.04
162,Patnt,TolHd,Prsnt,95,0.00,0.00,0.00,5.56,5.98,1.52,3.84,0.00,0.00,15.79,0.00,8.42,0.00,0.00,0.00,10.35
162,Patnt,TolHd,Prsnt,105,0.00,0.00,0.00,5.75,6.18,1.54,3.87,0.00,0.00,16.50,0.00,9.25,0.00,0.00,0.00,11.51
162,Patnt,TolHd,Prsnt,115,0.00,0.00,0.00,5.90,6.35,1.55,3.86,0.00,0.00,16.85,0.00,9.92,0.00,0.00,0.00,12.53
162,Patnt,TolHd,Prsnt,125,0.00,0.00,0.00,6.02,6.48,1.55,3.81,0.00,0.00,16.93,0.00,10.44,0.00,0.00,0.00,13.41
162,Patnt,TolHd,Prsnt,135,0.00,0.00,0.00,6.12,6.59,1.55,3.72,0.00,0.00,16.80,0.00,10.84,0.00,0.00,0.00,14.14
162,Patnt,TolHd,Prsnt,145,0.00,0.00,0.00,6.20,6.68,1.54,3.62,0.00,0.00,16.52,0.00,11.12,0.00,0.00,0.00,14.75
162,Patnt,TolHd,Prsnt,155,0.00,0.00,0.00,6.27,6.75,1.52,3.50,0.00,0.00,16.13,0.00,11.30,0.00,0.00,0.00,15.23
162,Patnt,TolHd,Prsnt,165,0.00,0.00,0.00,6.33,6.82,1.51,3.36,0.00,0.00,15.68,0.00,11.40,0.00,0.00,0.00,15.60
162,Patnt,TolHd,Prsnt,175,0.00,0.00,0.00,6.38,6.87,1.49,3.22,0.00,0.00,15.19,0.00,11.43,0.00,0.00,0.00,15.87
162,Patnt,TolHd,Prsnt,185,0.00,0.00,0.00,6.42,6.92,1.46,3.07,0.00,0.00,14.67,0.00,11.40,0.00,0.00,0.00,16.05
162,Patnt,TolHd,Prsnt,195,0.00,0.00,0.00,6.46,6.96,1.44,2.92,0.00,0.00,14.14,0.00,11.32,0.00,0.00,0.00,16.15
162,Patnt,TolHd,Prsnt,205,0.00,0.00,0.00,6.49,7.00,1.42,2.76,0.00,0.00,13.60,0.00,11.21,0.00,0.00,0.00,16.17
162,Patnt,TolHd,Prsnt,215,0.00,0.00,0.00,6.52,7.04,1.39,2.61,0.00,0.00,13.08,0.00,11.07,0.00,0.00,0.00,16.13
162,Patnt,TolHd,Prsnt,225,0.00,0.00,0.00,6.55,7.07,1.37,2.46,0.00,0.00,12.56,0.00,10.91,0.00,0.00,0.00,16.04
162,Patnt,TolHd,Prsnt,235,0.00,0.00,0.00,6.58,7.10,1.34,2.31,0.00,0.00,12.05,0.00,10.73,0.00,0.00,0.00,15.89
162,Patnt,TolHd,Prsnt,245,0.00,0.00,0.00,6.60,7.12,1.31,2.16,0.00,0.00,11.56,0.00,10.54,0.00,0.00,0.00,15.71
162,Patnt,TolHd,Prsnt,255,0.00,0.00,0.00,6.62,7.15,1.29,2.03,0.00,0.00,11.08,0.00,10.34,0.00,0.00,0.00,15.49
163,3w,TolHd,Exten,5,0.00,0.00,0.00,0.00,0.00,0.00,0.00,0.00,0.00,0.00,0.00,0.00,0.00,0.00,0.00,0.00
163,3w,TolHd,Exten,15,0.00,0.00,0.00,0.24,0.39,0.07,0.70,0.00,0.00,0.35,0.00,0.15,0.00,0.00,0.00,0.20
163,3w,TolHd,Exten,25,0.00,0.00,0.00,1.16,1.36,0.36,1.46,0.00,0.00,1.58,0.00,0.65,0.00,0.00,0.00,0.85
163,3w,TolHd,Exten,35,0.00,0.00,0.00,2.49,2.61,0.76,2.20,0.00,0.00,3.76,0.00,1.57,0.00,0.00,0.00,1.96
163,3w,TolHd,Exten,45,0.00,0.00,0.00,3.70,3.80,1.10,2.86,0.00,0.00,6.58,0.00,2.82,0.00,0.00,0.00,3.44
163,3w,TolHd,Exten,55,0.00,0.00,0.00,4.53,4.73,1.32,3.35,0.00,0.00,9.49,0.00,4.21,0.00,0.00,0.00,5.08
163,3w,TolHd,Exten,65,0.00,0.00,0.00,5.01,5.30,1.43,3.64,0.00,0.00,11.93,0.00,5.51,0.00,0.00,0.00,6.63
163,3w,TolHd,Exten,75,0.00,0.00,0.00,5.20,5.55,1.46,3.73,0.00,0.00,13.54,0.00,6.55,0.00,0.00,0.00,7.90
163,3w,TolHd,Exten,85,0.00,0.00,0.00,5.16,5.53,1.43,3.64,0.00,0.00,14.21,0.00,7.21,0.00,0.00,0.00,8.77
163,3w,TolHd,Exten,95,0.00,0.00,0.00,4.94,5.31,1.35,3.41,0.00,0.00,14.04,0.00,7.49,0.00,0.00,0.00,9.20
163,3w,TolHd,Exten,105,0.00,0.00,0.00,4.60,4.95,1.23,3.10,0.00,0.00,13.20,0.00,7.40,0.00,0.00,0.00,9.21
163,3w,TolHd,Exten,115,0.00,0.00,0.00,4.17,4.48,1.10,2.73,0.00,0.00,11.91,0.00,7.01,0.00,0.00,0.00,8.86
163,3w,TolHd,Exten,125,0.00,0.00,0.00,3.69,3.97,0.95,2.33,0.00,0.00,10.37,0.00,6.40,0.00,0.00,0.00,8.21
163,3w,TolHd,Exten,135,0.00,0.00,0.00,3.19,3.43,0.81,1.94,0.00,0.00,8.76,0.00,5.65,0.00,0.00,0.00,7.37
163,3w,TolHd,Exten,145,0.00,0.00,0.00,2.70,2.91,0.67,1.57,0.00,0.00,7.19,0.00,4.84,0.00,0.00,0.00,6.42
163,3w,TolHd,Exten,155,0.00,0.00,0.00,2.24,2.41,0.54,1.25,0.00,0.00,5.76,0.00,4.03,0.00,0.00,0.00,5.44
163,3w,TolHd,Exten,165,0.00,0.00,0.00,1.82,1.96,0.43,0.96,0.00,0.00,4.50,0.00,3.27,0.00,0.00,0.00,4.48
163,3w,TolHd,Exten,175,0.00,0.00,0.00,1.44,1.56,0.33,0.73,0.00,0.00,3.44,0.00,2.59,0.00,0.00,0.00,3.60
163,3w,TolHd,Exten,185,0.00,0.00,0.00,1.13,1.21,0.25,0.54,0.00,0.00,2.58,0.00,2.00,0.00,0.00,0.00,2.82
163,3w,TolHd,Exten,195,0.00,0.00,0.00,0.86,0.93,0.19,0.39,0.00,0.00,1.89,0.00,1.51,0.00,0.00,0.00,2.16
163,3w,TolHd,Exten,205,0.00,0.00,0.00,0.65,0.70,0.14,0.27,0.00,0.00,1.36,0.00,1.12,0.00,0.00,0.00,1.61
163,3w,TolHd,Exten,215,0.00,0.00,0.00,0.47,0.51,0.10,0.19,0.00,0.00,0.96,0.00,0.81,0.00,0.00,0.00,1.18
163,3w,TolHd,Exten,225,0.00,0.00,0.00,0.34,0.37,0.07,0.12,0.00,0.00,0.66,0.00,0.57,0.00,0.00,0.00,0.84
163,3w,TolHd,Exten,235,0.00,0.00,0.00,0.24,0.26,0.05,0.08,0.00,0.00,0.44,0.00,0.40,0.00,0.00,0.00,0.59
163,3w,TolHd,Exten,245,0.00,0.00,0.00,0.17,0.18,0.03,0.05,0.00,0.00,0.29,0.00,0.27,0.00,0.00,0.00,0.40
163,3w,TolHd,Exten,255,0.00,0.00,0.00,0.11,0.12,0.02,0.03,0.00,0.00,0.19,0.00,0.18,0.00,0.00,0.00,0.27
164,Patnt,TolHd,Exten,5,0.00,0.00,0.00,0.00,0.00,0.00,0.00,0.00,0.00,0.00,0.00,0.00,0.00,0.00,0.00,0.00
164,Patnt,TolHd,Exten,15,0.00,0.00,0.00,0.23,0.37,0.07,0.66,0.00,0.00,0.33,0.00,0.14,0.00,0.00,0.00,0.19
164,Patnt,TolHd,Exten,25,0.00,0.00,0.00,1.05,1.23,0.32,1.32,0.00,0.00,1.43,0.00,0.59,0.00,0.00,0.00,0.77
164,Patnt,TolHd,Exten,35,0.00,0.00,0.00,2.20,2.30,0.67,1.94,0.00,0.00,3.32,0.00,1.39,0.00,0.00,0.00,1.73
164,Patnt,TolHd,Exten,45,0.00,0.00,0.00,3.25,3.34,0.96,2.51,0.00,0.00,5.78,0.00,2.48,0.00,0.00,0.00,3.02
164,Patnt,TolHd,Exten,55,0.00,0.00,0.00,4.03,4.20,1.17,2.98,0.00,0.00,8.44,0.00,3.74,0.00,0.00,0.00,4.51
164,Patnt,TolHd,Exten,65,0.00,0.00,0.00,4.59,4.86,1.31,3.34,0.00,0.00,10.94,0.00,5.05,0.00,0.00,0.00,6.08
164,Patnt,TolHd,Exten,75,0.00,0.00,0.00,5.01,5.35,1.41,3.59,0.00,0.00,13.04,0.00,6.30,0.00,0.00,0.00,7.61
164,Patnt,TolHd,Exten,85,0.00,0.00,0.00,5.32,5.71,1.48,3.75,0.00,0.00,14.66,0.00,7.44,0.00,0.00,0.00,9.04
164,Patnt,TolHd,Exten,95,0.00,0.00,0.00,5.56,5.98,1.52,3.84,0.00,0.00,15.79,0.00,8.42,0.00,0.00,0.00,10.35
164,Patnt,TolHd,Exten,105,0.00,0.00,0.00,5.75,6.18,1.54,3.87,0.00,0.00,16.50,0.00,9.25,0.00,0.00,0.00,11.51
164,Patnt,TolHd,Exten,115,0.00,0.00,0.00,5.90,6.35,1.55,3.86,0.00,0.00,16.85,0.00,9.92,0.00,0.00,0.00,12.53
164,Patnt,TolHd,Exten,125,0.00,0.00,0.00,6.02,6.48,1.55,3.81,0.00,0.00,16.93,0.00,10.44,0.00,0.00,0.00,13.41
164,Patnt,TolHd,Exten,135,0.00,0.00,0.00,6.12,6.59,1.55,3.72,0.00,0.00,16.80,0.00,10.84,0.00,0.00,0.00,14.14
164,Patnt,TolHd,Exten,145,0.00,0.00,0.00,6.20,6.68,1.54,3.62,0.00,0.00,16.52,0.00,11.12,0.00,0.00,0.00,14.75
164,Patnt,TolHd,Exten,155,0.00,0.00,0.00,6.27,6.75,1.52,3.50,0.00,0.00,16.13,0.00,11.30,0.00,0.00,0.00,15.23
164,Patnt,TolHd,Exten,165,0.00,0.00,0.00,6.33,6.82,1.51,3.36,0.00,0.00,15.68,0.00,11.40,0.00,0.00,0.00,15.60
164,Patnt,TolHd,Exten,175,0.00,0.00,0.00,6.38,6.87,1.49,3.22,0.00,0.00,15.19,0.00,11.43,0.00,0.00,0.00,15.87
164,Patnt,TolHd,Exten,185,0.00,0.00,0.00,6.42,6.92,1.46,3.07,0.00,0.00,14.67,0.00,11.40,0.00,0.00,0.00,16.05
164,Patnt,TolHd,Exten,195,0.00,0.00,0.00,6.46,6.96,1.44,2.92,0.00,0.00,14.14,0.00,11.32,0.00,0.00,0.00,16.15
164,Patnt,TolHd,Exten,205,0.00,0.00,0.00,6.49,7.00,1.42,2.76,0.00,0.00,13.60,0.00,11.21,0.00,0.00,0.00,16.17
164,Patnt,TolHd,Exten,215,0.00,0.00,0.00,6.52,7.04,1.39,2.61,0.00,0.00,13.08,0.00,11.07,0.00,0.00,0.00,16.13
164,Patnt,TolHd,Exten,225,0.00,0.00,0.00,6.55,7.07,1.37,2.46,0.00,0.00,12.56,0.00,10.91,0.00,0.00,0.00,16.04
164,Patnt,TolHd,Exten,235,0.00,0.00,0.00,6.58,7.10,1.34,2.31,0.00,0.00,12.05,0.00,10.73,0.00,0.00,0.00,15.89
164,Patnt,TolHd,Exten,245,0.00,0.00,0.00,6.60,7.12,1.31,2.16,0.00,0.00,11.56,0.00,10.54,0.00,0.00,0.00,15.71
164,Patnt,TolHd,Exten,255,0.00,0.00,0.00,6.62,7.15,1.29,2.03,0.00,0.00,11.08,0.00,10.34,0.00,0.00,0.00,15.49
165,3w,SbMx1,Prsnt,5,0.00,0.00,0.00,0.00,0.00,0.00,0.00,0.00,0.00,0.00,0.00,0.00,0.00,0.00,0.00,0.00
165,3w,SbMx1,Prsnt,15,0.00,0.00,1.49,1.80,0.23,0.05,0.15,0.15,0.00,0.19,0.00,0.05,0.00,0.00,0.00,0.00
165,3w,SbMx1,Prsnt,25,0.00,0.00,5.86,9.10,0.86,0.26,0.34,0.34,0.00,0.95,0.00,0.25,0.00,0.00,0.00,0.00
165,3w,SbMx1,Prsnt,35,0.00,0.00,13.54,21.30,1.79,0.61,0.56,0.56,0.00,2.47,0.00,0.66,0.00,0.00,0.00,0.00
165,3w,SbMx1,Prsnt,45,0.00,0.00,23.89,34.14,2.82,0.96,0.78,0.78,0.00,4.66,0.00,1.29,0.00,0.00,0.00,0.00
165,3w,SbMx1,Prsnt,55,0.00,0.00,35.30,44.53,3.73,1.23,0.98,0.98,0.00,7.16,0.00,2.05,0.00,0.00,0.00,0.00
165,3w,SbMx1,Prsnt,65,0.00,0.00,46.00,51.94,4.42,1.41,1.12,1.12,0.00,9.50,0.00,2.83,0.00,0.00,0.00,0.00
165,3w,SbMx1,Prsnt,75,0.00,0.00,54.94,56.99,4.90,1.52,1.22,1.22,0.00,11.40,0.00,3.56,0.00,0.00,0.00,0.00
165,3w,SbMx1,Prsnt,85,0.00,0.00,61.70,60.33,5.21,1.58,1.27,1.27,0.00,12.76,0.00,4.19,0.00,0.00,0.00,0.00
165,3w,SbMx1,Prsnt,95,0.00,0.00,66.15,62.35,5.39,1.61,1.28,1.28,0.00,13.60,0.00,4.69,0.00,0.00,0.00,0.00
165,3w,SbMx1,Prsnt,105,0.00,0.00,68.28,63.25,5.47,1.60,1.27,1.27,0.00,13.94,0.00,5.05,0.00,0.00,0.00,0.00
165,3w,SbMx1,Prsnt,115,0.00,0.00,68.20,63.14,5.47,1.57,1.23,1.23,0.00,13.85,0.00,5.27,0.00,0.00,0.00,0.00
165,3w,SbMx1,Prsnt,125,0.00,0.00,66.14,62.12,5.38,1.52,1.17,1.17,0.00,13.42,0.00,5.35,0.00,0.00,0.00,0.00
165,3w,SbMx1,Prsnt,135,0.00,0.00,62.43,60.28,5.22,1.44,1.09,1.09,0.00,12.71,0.00,5.30,0.00,0.00,0.00,0.00
165,3w,SbMx1,Prsnt,145,0.00,0.00,57.48,57.72,5.00,1.35,1.00,1.00,0.00,11.81,0.00,5.14,0.00,0.00,0.00,0.00
165,3w,SbMx1,Prsnt,155,0.00,0.00,51.71,54.56,4.73,1.25,0.91,0.91,0.00,10.78,0.00,4.88,0.00,0.00,0.00,0.00
165,3w,SbMx1,Prsnt,165,0.00,0.00,45.52,50.93,4.41,1.15,0.81,0.81,0.00,9.69,0.00,4.55,0.00,0.00,0.00,0.00
165,3w,SbMx1,Prsnt,175,0.00,0.00,39.27,46.96,4.07,1.03,0.70,0.70,0.00,8.59,0.00,4.17,0.00,0.00,0.00,0.00
165,3w,SbMx1,Prsnt,185,0.00,0.00,33.23,42.78,3.71,0.92,0.61,0.61,0.00,7.50,0.00,3.77,0.00,0.00,0.00,0.00
165,3w,SbMx1,Prsnt,195,0.00,0.00,27.62,38.50,3.34,0.81,0.52,0.52,0.00,6.47,0.00,3.35,0.00,0.00,0.00,0.00
165,3w,SbMx1,Prsnt,205,0.00,0.00,22.57,34.25,2.97,0.70,0.43,0.43,0.00,5.51,0.00,2.93,0.00,0.00,0.00,0.00
165,3w,SbMx1,Prsnt,215,0.00,0.00,18.14,30.12,2.61,0.60,0.36,0.36,0.00,4.63,0.00,2.53,0.00,0.00,0.00,0.00
165,3w,SbMx1,Prsnt,225,0.00,0.00,14.36,26.18,2.27,0.51,0.29,0.29,0.00,3.85,0.00,2.16,0.00,0.00,0.00,0.00
165,3w,SbMx1,Prsnt,235,0.00,0.00,11.19,22.50,1.95,0.43,0.23,0.23,0.00,3.16,0.00,1.82,0.00,0.00,0.00,0.00
165,3w,SbMx1,Prsnt,245,0.00,0.00,8.60,19.12,1.66,0.36,0.18,0.18,0.00,2.57,0.00,1.51,0.00,0.00,0.00,0.00
165,3w,SbMx1,Prsnt,255,0.00,0.00,6.52,16.06,1.39,0.29,0.14,0.14,0.00,2.06,0.00,1.24,0.00,0.00,0.00,0.00
166,Patnt,SbMx1,Prsnt,5,0.00,0.00,0.00,0.00,0.00,0.00,0.00,0.00,0.00,0.00,0.00,0.00,0.00,0.00,0.00,0.00
166,Patnt,SbMx1,Prsnt,15,0.00,0.00,1.64,1.98,0.25,0.05,0.16,0.16,0.00,0.21,0.00,0.06,0.00,0.00,0.00,0.00
166,Patnt,SbMx1,Prsnt,25,0.00,0.00,6.25,9.71,0.92,0.28,0.36,0.36,0.00,1.01,0.00,0.27,0.00,0.00,0.00,0.00
166,Patnt,SbMx1,Prsnt,35,0.00,0.00,14.11,22.20,1.87,0.64,0.58,0.58,0.00,2.57,0.00,0.69,0.00,0.00,0.00,0.00
166,Patnt,SbMx1,Prsnt,45,0.00,0.00,24.41,34.88,2.88,0.98,0.80,0.80,0.00,4.77,0.00,1.32,0.00,0.00,0.00,0.00
166,Patnt,SbMx1,Prsnt,55,0.00,0.00,35.48,44.76,3.75,1.23,0.98,0.98,0.00,7.20,0.00,2.06,0.00,0.00,0.00,0.00
166,Patnt,SbMx1,Prsnt,65,0.00,0.00,45.65,51.53,4.39,1.40,1.11,1.11,0.00,9.43,0.00,2.81,0.00,0.00,0.00,0.00
166,Patnt,SbMx1,Prsnt,75,0.00,0.00,54.02,56.03,4.82,1.49,1.20,1.20,0.00,11.21,0.00,3.50,0.00,0.00,0.00,0.00
166,Patnt,SbMx1,Prsnt,85,0.00,0.00,60.32,58.98,5.09,1.55,1.24,1.24,0.00,12.48,0.00,4.09,0.00,0.00,0.00,0.00
166,Patnt,SbMx1,Prsnt,95,0.00,0.00,64.54,60.83,5.26,1.57,1.25,1.25,0.00,13.27,0.00,4.57,0.00,0.00,0.00,0.00
166,Patnt,SbMx1,Prsnt,105,0.00,0.00,66.73,61.81,5.35,1.57,1.24,1.24,0.00,13.62,0.00,4.93,0.00,0.00,0.00,0.00
166,Patnt,SbMx1,Prsnt,115,0.00,0.00,67.00,62.03,5.37,1.54,1.21,1.21,0.00,13.61,0.00,5.18,0.00,0.00,0.00,0.00
166,Patnt,SbMx1,Prsnt,125,0.00,0.00,65.55,61.57,5.33,1.50,1.16,1.16,0.00,13.30,0.00,5.30,0.00,0.00,0.00,0.00
166,Patnt,SbMx1,Prsnt,135,0.00,0.00,62.65,60.49,5.24,1.45,1.10,1.10,0.00,12.76,0.00,5.32,0.00,0.00,0.00,0.00
166,Patnt,SbMx1,Prsnt,145,0.00,0.00,58.61,58.86,5.10,1.38,1.02,1.02,0.00,12.04,0.00,5.24,0.00,0.00,0.00,0.00
166,Patnt,SbMx1,Prsnt,155,0.00,0.00,53.77,56.74,4.92,1.30,0.94,0.94,0.00,11.22,0.00,5.08,0.00,0.00,0.00,0.00
166,Patnt,SbMx1,Prsnt,165,0.00,0.00,48.45,54.21,4.70,1.22,0.86,0.86,0.00,10.32,0.00,4.85,0.00,0.00,0.00,0.00
166,Patnt,SbMx1,Prsnt,175,0.00,0.00,42.93,51.34,4.45,1.13,0.77,0.77,0.00,9.39,0.00,4.56,0.00,0.00,0.00,0.00
166,Patnt,SbMx1,Prsnt,185,0.00,0.00,37.45,48.21,4.18,1.04,0.68,0.68,0.00,8.46,0.00,4.25,0.00,0.00,0.00,0.00
166,Patnt,SbMx1,Prsnt,195,0.00,0.00,32.21,44.90,3.89,0.95,0.60,0.60,0.00,7.54,0.00,3.90,0.00,0.00,0.00,0.00
166,Patnt,SbMx1,Prsnt,205,0.00,0.00,27.33,41.47,3.60,0.85,0.52,0.52,0.00,6.67,0.00,3.55,0.00,0.00,0.00,0.00
166,Patnt,SbMx1,Prsnt,215,0.00,0.00,22.89,38.00,3.30,0.76,0.45,0.45,0.00,5.85,0.00,3.20,0.00,0.00,0.00,0.00
166,Patnt,SbMx1,Prsnt,225,0.00,0.00,18.94,34.55,3.00,0.68,0.38,0.38,0.00,5.08,0.00,2.85,0.00,0.00,0.00,0.00
166,Patnt,SbMx1,Prsnt,235,0.00,0.00,15.50,31.16,2.70,0.60,0.32,0.32,0.00,4.38,0.00,2.52,0.00,0.00,0.00,0.00
166,Patnt,SbMx1,Prsnt,245,0.00,0.00,12.55,27.90,2.42,0.52,0.27,0.27,0.00,3.75,0.00,2.21,0.00,0.00,0.00,0.00
166,Patnt,SbMx1,Prsnt,255,0.00,0.00,10.05,24.78,2.15,0.45,0.22,0.22,0.00,3.18,0.00,1.92,0.00,0.00,0.00,0.00
167,3w,SbMx1,Exten,5,0.00,0.00,0.00,0.00,0.00,0.00,0.00,0.00,0.00,0.00,0.00,0.00,0.00,0.00,0.00,0.00
167,3w,SbMx1,Exten,15,0.00,0.00,1.41,1.49,0.29,0.02,0.00,0.00,0.00,0.18,0.00,0.04,0.00,0.00,0.00,0.00
167,3w,SbMx1,Exten,25,0.00,0.00,5.21,7.07,1.04,0.10,0.00,0.00,0.00,0.84,0.00,0.20,0.00,0.00,0.00,0.00
167,3w,SbMx1,Exten,35,0.00,0.00,11.81,16.20,2.13,0.24,0.00,0.00,0.00,2.13,0.00,0.52,0.00,0.00,0.00,0.00
167,3w,SbMx1,Exten,45,0.00,0.00,20.67,25.76,3.32,0.37,0.00,0.00,0.00,4.00,0.00,1.00,0.00,0.00,0.00,0.00
167,3w,SbMx1,Exten,55,0.00,0.00,30.46,33.51,4.38,0.48,0.00,0.00,0.00,6.12,0.00,1.59,0.00,0.00,0.00,0.00
167,3w,SbMx1,Exten,65,0.00,0.00,39.74,39.12,5.20,0.55,0.00,0.00,0.00,8.13,0.00,2.20,0.00,0.00,0.00,0.00
167,3w,SbMx1,Exten,75,0.00,0.00,47.62,43.07,5.77,0.60,0.00,0.00,0.00,9.79,0.00,2.77,0.00,0.00,0.00,0.00
167,3w,SbMx1,Exten,85,0.00,0.00,53.74,45.82,6.17,0.62,0.00,0.00,0.00,11.01,0.00,3.28,0.00,0.00,0.00,0.00
167,3w,SbMx1,Exten,95,0.00,0.00,57.95,47.63,6.42,0.64,0.00,0.00,0.00,11.80,0.00,3.69,0.00,0.00,0.00,0.00
167,3w,SbMx1,Exten,105,0.00,0.00,60.19,48.61,6.56,0.64,0.00,0.00,0.00,12.17,0.00,4.00,0.00,0.00,0.00,0.00
167,3w,SbMx1,Exten,115,0.00,0.00,60.50,48.84,6.59,0.63,0.00,0.00,0.00,12.17,0.00,4.20,0.00,0.00,0.00,0.00
167,3w,SbMx1,Exten,125,0.00,0.00,59.04,48.36,6.53,0.61,0.00,0.00,0.00,11.87,0.00,4.29,0.00,0.00,0.00,0.00
167,3w,SbMx1,Exten,135,0.00,0.00,56.08,47.22,6.38,0.59,0.00,0.00,0.00,11.31,0.00,4.28,0.00,0.00,0.00,0.00
167,3w,SbMx1,Exten,145,0.00,0.00,51.93,45.48,6.14,0.55,0.00,0.00,0.00,10.57,0.00,4.17,0.00,0.00,0.00,0.00
167,3w,SbMx1,Exten,155,0.00,0.00,46.98,43.23,5.84,0.52,0.00,0.00,0.00,9.71,0.00,3.99,0.00,0.00,0.00,0.00
167,3w,SbMx1,Exten,165,0.00,0.00,41.58,40.57,5.48,0.47,0.00,0.00,0.00,8.77,0.00,3.74,0.00,0.00,0.00,0.00
167,3w,SbMx1,Exten,175,0.00,0.00,36.05,37.59,5.08,0.43,0.00,0.00,0.00,7.81,0.00,3.44,0.00,0.00,0.00,0.00
167,3w,SbMx1,Exten,185,0.00,0.00,30.65,34.40,4.65,0.38,0.00,0.00,0.00,6.85,0.00,3.12,0.00,0.00,0.00,0.00
167,3w,SbMx1,Exten,195,0.00,0.00,25.58,31.10,4.20,0.34,0.00,0.00,0.00,5.94,0.00,2.79,0.00,0.00,0.00,0.00
167,3w,SbMx1,Exten,205,0.00,0.00,20.98,27.77,3.75,0.29,0.00,0.00,0.00,5.07,0.00,2.45,0.00,0.00,0.00,0.00
167,3w,SbMx1,Exten,215,0.00,0.00,16.93,24.51,3.31,0.25,0.00,0.00,0.00,4.28,0.00,2.12,0.00,0.00,0.00,0.00
167,3w,SbMx1,Exten,225,0.00,0.00,13.44,21.37,2.89,0.22,0.00,0.00,0.00,3.57,0.00,1.82,0.00,0.00,0.00,0.00
167,3w,SbMx1,Exten,235,0.00,0.00,10.51,18.42,2.49,0.18,0.00,0.00,0.00,2.94,0.00,1.53,0.00,0.00,0.00,0.00
167,3w,SbMx1,Exten,245,0.00,0.00,8.10,15.70,2.12,0.15,0.00,0.00,0.00,2.40,0.00,1.28,0.00,0.00,0.00,0.00
167,3w,SbMx1,Exten,255,0.00,0.00,6.15,13.22,1.79,0.12,0.00,0.00,0.00,1.93,0.00,1.05,0.00,0.00,0.00,0.00
168,Patnt,SbMx1,Exten,5,0.00,0.00,0.00,0.00,0.00,0.00,0.00,0.00,0.00,0.00,0.00,0.00,0.00,0.00,0.00,0.00
168,Patnt,SbMx1,Exten,15,0.00,0.00,1.64,1.98,0.25,0.05,0.16,0.16,0.00,0.21,0.00,0.06,0.00,0.00,0.00,0.00
168,Patnt,SbMx1,Exten,25,0.00,0.00,6.25,9.71,0.92,0.28,0.36,0.36,0.00,1.01,0.00,0.27,0.00,0.00,0.00,0.00
168,Patnt,SbMx1,Exten,35,0.00,0.00,14.11,22.20,1.87,0.64,0.58,0.58,0.00,2.57,0.00,0.69,0.00,0.00,0.00,0.00
168,Patnt,SbMx1,Exten,45,0.00,0.00,24.41,34.88,2.88,0.98,0.80,0.80,0.00,4.77,0.00,1.32,0.00,0.00,0.00,0.00
168,Patnt,SbMx1,Exten,55,0.00,0.00,35.48,44.76,3.75,1.23,0.98,0.98,0.00,7.20,0.00,2.06,0.00,0.00,0.00,0.00
168,Patnt,SbMx1,Exten,65,0.00,0.00,45.65,51.53,4.39,1.40,1.11,1.11,0.00,9.43,0.00,2.81,0.00,0.00,0.00,0.00
168,Patnt,SbMx1,Exten,75,0.00,0.00,54.02,56.03,4.82,1.49,1.20,1.20,0.00,11.21,0.00,3.50,0.00,0.00,0.00,0.00
168,Patnt,SbMx1,Exten,85,0.00,0.00,60.32,58.98,5.09,1.55,1.24,1.24,0.00,12.48,0.00,4.09,0.00,0.00,0.00,0.00
168,Patnt,SbMx1,Exten,95,0.00,0.00,64.54,60.83,5.26,1.57,1.25,1.25,0.00,13.27,0.00,4.57,0.00,0.00,0.00,0.00
168,Patnt,SbMx1,Exten,105,0.00,0.00,66.73,61.81,5.35,1.57,1.24,1.24,0.00,13.62,0.00,4.93,0.00,0.00,0.00,0.00
168,Patnt,SbMx1,Exten,115,0.00,0.00,67.00,62.03,5.37,1.54,1.21,1.21,0.00,13.61,0.00,5.18,0.00,0.00,0.00,0.00
168,Patnt,SbMx1,Exten,125,0.00,0.00,65.55,61.57,5.33,1.50,1.16,1.16,0.00,13.30,0.00,5.30,0.00,0.00,0.00,0.00
168,Patnt,SbMx1,Exten,135,0.00,0.00,62.65,60.49,5.24,1.45,1.10,1.10,0.00,12.76,0.00,5.32,0.00,0.00,0.00,0.00
168,Patnt,SbMx1,Exten,145,0.00,0.00,58.61,58.86,5.10,1.38,1.02,1.02,0.00,12.04,0.00,5.24,0.00,0.00,0.00,0.00
168,Patnt,SbMx1,Exten,155,0.00,0.00,53.77,56.74,4.92,1.30,0.94,0.94,0.00,11.22,0.00,5.08,0.00,0.00,0.00,0.00
168,Patnt,SbMx1,Exten,165,0.00,0.00,48.45,54.21,4.70,1.22,0.86,0.86,0.00,10.32,0.00,4.85,0.00,0.00,0.00,0.00
168,Patnt,SbMx1,Exten,175,0.00,0.00,42.93,51.34,4.45,1.13,0.77,0.77,0.00,9.39,0.00,4.56,0.00,0.00,0.00,0.00
168,Patnt,SbMx1,Exten,185,0.00,0.00,37.45,48.21,4.18,1.04,0.68,0.68,0.00,8.46,0.00,4.25,0.00,0.00,0.00,0.00
168,Patnt,SbMx1,Exten,195,0.00,0.00,32.21,44.90,3.89,0.95,0.60,0.60,0.00,7.54,0.00,3.90,0.00,0.00,0.00,0.00
168,Patnt,SbMx1,Exten,205,0.00,0.00,27.33,41.47,3.60,0.85,0.52,0.52,0.00,6.67,0.00,3.55,0.00,0.00,0.00,0.00
168,Patnt,SbMx1,Exten,215,0.00,0.00,22.89,38.00,3.30,0.76,0.45,0.45,0.00,5.85,0.00,3.20,0.00,0.00,0.00,0.00
168,Patnt,SbMx1,Exten,225,0.00,0.00,18.94,34.55,3.00,0.68,0.38,0.38,0.00,5.08,0.00,2.85,0.00,0.00,0.00,0.00
168,Patnt,SbMx1,Exten,235,0.00,0.00,15.50,31.16,2.70,0.60,0.32,0.32,0.00,4.38,0.00,2.52,0.00,0.00,0.00,0.00
168,Patnt,SbMx1,Exten,245,0.00,0.00,12.55,27.90,2.42,0.52,0.27,0.27,0.00,3.75,0.00,2.21,0.00,0.00,0.00,0.00
168,Patnt,SbMx1,Exten,255,0.00,0.00,10.05,24.78,2.15,0.45,0.22,0.22,0.00,3.18,0.00,1.92,0.00,0.00,0.00,0.00
169,3w,SbMx1,Basc1,5,0.00,0.00,0.00,0.00,0.00,0.00,0.00,0.00,0.00,0.00,0.00,0.00,0.00,0.00,0.00,0.00
169,3w,SbMx1,Basc1,15,0.00,0.00,1.49,1.80,0.23,0.05,0.15,0.15,0.00,0.19,0.00,0.05,0.00,0.00,0.00,0.00
169,3w,SbMx1,Basc1,25,0.00,0.00,5.86,9.10,0.86,0.26,0.34,0.34,0.00,0.95,0.00,0.25,0.00,0.00,0.00,0.00
169,3w,SbMx1,Basc1,35,0.00,0.00,13.54,21.30,1.79,0.61,0.56,0.56,0.00,2.47,0.00,0.66,0.00,0.00,0.00,0.00
169,3w,SbMx1,Basc1,45,0.00,0.00,23.89,34.14,2.82,0.96,0.78,0.78,0.00,4.66,0.00,1.29,0.00,0.00,0.00,0.00
169,3w,SbMx1,Basc1,55,0.00,0.00,35.30,44.53,3.73,1.23,0.98,0.98,0.00,7.16,0.00,2.05,0.00,0.00,0.00,0.00
169,3w,SbMx1,Basc1,65,0.00,0.00,46.00,51.94,4.42,1.41,1.12,1.12,0.00,9.50,0.00,2.83,0.00,0.00,0.00,0.00
169,3w,SbMx1,Basc1,75,0.00,0.00,54.94,56.99,4.90,1.52,1.22,1.22,0.00,11.40,0.00,3.56,0.00,0.00,0.00,0.00
169,3w,SbMx1,Basc1,85,0.00,0.00,61.70,60.33,5.21,1.58,1.27,1.27,0.00,12.76,0.00,4.19,0.00,0.00,0.00,0.00
169,3w,SbMx1,Basc1,95,0.00,0.00,66.15,62.35,5.39,1.61,1.28,1.28,0.00,13.60,0.00,4.69,0.00,0.00,0.00,0.00
169,3w,SbMx1,Basc1,105,0.00,0.00,68.28,63.25,5.47,1.60,1.27,1.27,0.00,13.94,0.00,5.05,0.00,0.00,0.00,0.00
169,3w,SbMx1,Basc1,115,0.00,0.00,68.20,63.14,5.47,1.57,1.23,1.23,0.00,13.85,0.00,5.27,0.00,0.00,0.00,0.00
169,3w,SbMx1,Basc1,125,0.00,0.00,66.14,62.12,5.38,1.52,1.17,1.17,0.00,13.42,0.00,5.35,0.00,0.00,0.00,0.00
169,3w,SbMx1,Basc1,135,0.00,0.00,62.43,60.28,5.22,1.44,1.09,1.09,0.00,12.71,0.00,5.30,0.00,0.00,0.00,0.00
169,3w,SbMx1,Basc1,145,0.00,0.00,57.48,57.72,5.00,1.35,1.00,1.00,0.00,11.81,0.00,5.14,0.00,0.00,0.00,0.00
169,3w,SbMx1,Basc1,155,0.00,0.00,51.71,54.56,4.73,1.25,0.91,0.91,0.00,10.78,0.00,4.88,0.00,0.00,0.00,0.00
169,3w,SbMx1,Basc1,165,0.00,0.00,45.52,50.93,4.41,1.15,0.81,0.81,0.00,9.69,0.00,4.55,0.00,0.00,0.00,0.00
169,3w,SbMx1,Basc1,175,0.00,0.00,39.27,46.96,4.07,1.03,0.70,0.70,0.00,8.59,0.00,4.17,0.00,0.00,0.00,0.00
169,3w,SbMx1,Basc1,185,0.00,0.00,33.23,42.78,3.71,0.92,0.61,0.61,0.00,7.50,0.00,3.77,0.00,0.00,0.00,0.00
169,3w,SbMx1,Basc1,195,0.00,0.00,27.62,38.50,3.34,0.81,0.52,0.52,0.00,6.47,0.00,3.35,0.00,0.00,0.00,0.00
169,3w,SbMx1,Basc1,205,0.00,0.00,22.57,34.25,2.97,0.70,0.43,0.43,0.00,5.51,0.00,2.93,0.00,0.00,0.00,0.00
169,3w,SbMx1,Basc1,215,0.00,0.00,18.14,30.12,2.61,0.60,0.36,0.36,0.00,4.63,0.00,2.53,0.00,0.00,0.00,0.00
169,3w,SbMx1,Basc1,225,0.00,0.00,14.36,26.18,2.27,0.51,0.29,0.29,0.00,3.85,0.00,2.16,0.00,0.00,0.00,0.00
169,3w,SbMx1,Basc1,235,0.00,0.00,11.19,22.50,1.95,0.43,0.23,0.23,0.00,3.16,0.00,1.82,0.00,0.00,0.00,0.00
169,3w,SbMx1,Basc1,245,0.00,0.00,8.60,19.12,1.66,0.36,0.18,0.18,0.00,2.57,0.00,1.51,0.00,0.00,0.00,0.00
169,3w,SbMx1,Basc1,255,0.00,0.00,6.52,16.06,1.39,0.29,0.14,0.14,0.00,2.06,0.00,1.24,0.00,0.00,0.00,0.00
170,Patnt,SbMx1,Basc1,5,0.00,0.00,0.00,0.00,0.00,0.00,0.00,0.00,0.00,0.00,0.00,0.00,0.00,0.00,0.00,0.00
170,Patnt,SbMx1,Basc1,15,0.00,0.00,1.64,1.98,0.25,0.05,0.16,0.16,0.00,0.21,0.00,0.06,0.00,0.00,0.00,0.00
170,Patnt,SbMx1,Basc1,25,0.00,0.00,6.25,9.71,0.92,0.28,0.36,0.36,0.00,1.01,0.00,0.27,0.00,0.00,0.00,0.00
170,Patnt,SbMx1,Basc1,35,0.00,0.00,14.11,22.20,1.87,0.64,0.58,0.58,0.00,2.57,0.00,0.69,0.00,0.00,0.00,0.00
170,Patnt,SbMx1,Basc1,45,0.00,0.00,24.41,34.88,2.88,0.98,0.80,0.80,0.00,4.77,0.00,1.32,0.00,0.00,0.00,0.00
170,Patnt,SbMx1,Basc1,55,0.00,0.00,35.48,44.76,3.75,1.23,0.98,0.98,0.00,7.20,0.00,2.06,0.00,0.00,0.00,0.00
170,Patnt,SbMx1,Basc1,65,0.00,0.00,45.65,51.53,4.39,1.40,1.11,1.11,0.00,9.43,0.00,2.81,0.00,0.00,0.00,0.00
170,Patnt,SbMx1,Basc1,75,0.00,0.00,54.02,56.03,4.82,1.49,1.20,1.20,0.00,11.21,0.00,3.50,0.00,0.00,0.00,0.00
170,Patnt,SbMx1,Basc1,85,0.00,0.00,60.32,58.98,5.09,1.55,1.24,1.24,0.00,12.48,0.00,4.09,0.00,0.00,0.00,0.00
170,Patnt,SbMx1,Basc1,95,0.00,0.00,64.54,60.83,5.26,1.57,1.25,1.25,0.00,13.27,0.00,4.57,0.00,0.00,0.00,0.00
170,Patnt,SbMx1,Basc1,105,0.00,0.00,66.73,61.81,5.35,1.57,1.24,1.24,0.00,13.62,0.00,4.93,0.00,0.00,0.00,0.00
170,Patnt,SbMx1,Basc1,115,0.00,0.00,67.00,62.03,5.37,1.54,1.21,1.21,0.00,13.61,0.00,5.18,0.00,0.00,0.00,0.00
170,Patnt,SbMx1,Basc1,125,0.00,0.00,65.55,61.57,5.33,1.50,1.16,1.16,0.00,13.30,0.00,5.30,0.00,0.00,0.00,0.00
170,Patnt,SbMx1,Basc1,135,0.00,0.00,62.65,60.49,5.24,1.45,1.10,1.10,0.00,12.76,0.00,5.32,0.00,0.00,0.00,0.00
170,Patnt,SbMx1,Basc1,145,0.00,0.00,58.61,58.86,5.10,1.38,1.02,1.02,0.00,12.04,0.00,5.24,0.00,0.00,0.00,0.00
170,Patnt,SbMx1,Basc1,155,0.00,0.00,53.77,56.74,4.92,1.30,0.94,0.94,0.00,11.22,0.00,5.08,0.00,0.00,0.00,0.00
170,Patnt,SbMx1,Basc1,165,0.00,0.00,48.45,54.21,4.70,1.22,0.86,0.86,0.00,10.32,0.00,4.85,0.00,0.00,0.00,0.00
170,Patnt,SbMx1,Basc1,175,0.00,0.00,42.93,51.34,4.45,1.13,0.77,0.77,0.00,9.39,0.00,4.56,0.00,0.00,0.00,0.00
170,Patnt,SbMx1,Basc1,185,0.00,0.00,37.45,48.21,4.18,1.04,0.68,0.68,0.00,8.46,0.00,4.25,0.00,0.00,0.00,0.00
170,Patnt,SbMx1,Basc1,195,0.00,0.00,32.21,44.90,3.89,0.95,0.60,0.60,0.00,7.54,0.00,3.90,0.00,0.00,0.00,0.00
170,Patnt,SbMx1,Basc1,205,0.00,0.00,27.33,41.47,3.60,0.85,0.52,0.52,0.00,6.67,0.00,3.55,0.00,0.00,0.00,0.00
170,Patnt,SbMx1,Basc1,215,0.00,0.00,22.89,38.00,3.30,0.76,0.45,0.45,0.00,5.85,0.00,3.20,0.00,0.00,0.00,0.00
170,Patnt,SbMx1,Basc1,225,0.00,0.00,18.94,34.55,3.00,0.68,0.38,0.38,0.00,5.08,0.00,2.85,0.00,0.00,0.00,0.00
170,Patnt,SbMx1,Basc1,235,0.00,0.00,15.50,31.16,2.70,0.60,0.32,0.32,0.00,4.38,0.00,2.52,0.00,0.00,0.00,0.00
170,Patnt,SbMx1,Basc1,245,0.00,0.00,12.55,27.90,2.42,0.52,0.27,0.27,0.00,3.75,0.00,2.21,0.00,0.00,0.00,0.00
170,Patnt,SbMx1,Basc1,255,0.00,0.00,10.05,24.78,2.15,0.45,0.22,0.22,0.00,3.18,0.00,1.92,0.00,0.00,0.00,0.00
171,3w,SbMx1,Basc2,5,0.00,0.00,0.00,0.00,0.00,0.00,0.00,0.00,0.00,0.00,0.00,0.00,0.00,0.00,0.00,0.00
171,3w,SbMx1,Basc2,15,0.00,0.00,1.49,1.80,0.23,0.05,0.15,0.15,0.00,0.19,0.00,0.05,0.00,0.00,0.00,0.00
171,3w,SbMx1,Basc2,25,0.00,0.00,5.86,9.10,0.86,0.26,0.34,0.34,0.00,0.95,0.00,0.25,0.00,0.00,0.00,0.00
171,3w,SbMx1,Basc2,35,0.00,0.00,13.54,21.30,1.79,0.61,0.56,0.56,0.00,2.47,0.00,0.66,0.00,0.00,0.00,0.00
171,3w,SbMx1,Basc2,45,0.00,0.00,23.89,34.14,2.82,0.96,0.78,0.78,0.00,4.66,0.00,1.29,0.00,0.00,0.00,0.00
171,3w,SbMx1,Basc2,55,0.00,0.00,35.30,44.53,3.73,1.23,0.98,0.98,0.00,7.16,0.00,2.05,0.00,0.00,0.00,0.00
171,3w,SbMx1,Basc2,65,0.00,0.00,46.00,51.94,4.42,1.41,1.12,1.12,0.00,9.50,0.00,2.83,0.00,0.00,0.00,0.00
171,3w,SbMx1,Basc2,75,0.00,0.00,54.94,56.99,4.90,1.52,1.22,1.22,0.00,11.40,0.00,3.56,0.00,0.00,0.00,0.00
171,3w,SbMx1,Basc2,85,0.00,0.00,61.70,60.33,5.21,1.58,1.27,1.27,0.00,12.76,0.00,4.19,0.00,0.00,0.00,0.00
171,3w,SbMx1,Basc2,95,0.00,0.00,66.15,62.35,5.39,1.61,1.28,1.28,0.00,13.60,0.00,4.69,0.00,0.00,0.00,0.00
171,3w,SbMx1,Basc2,105,0.00,0.00,68.28,63.25,5.47,1.60,1.27,1.27,0.00,13.94,0.00,5.05,0.00,0.00,0.00,0.00
171,3w,SbMx1,Basc2,115,0.00,0.00,68.20,63.14,5.47,1.57,1.23,1.23,0.00,13.85,0.00,5.27,0.00,0.00,0.00,0.00
171,3w,SbMx1,Basc2,125,0.00,0.00,66.14,62.12,5.38,1.52,1.17,1.17,0.00,13.42,0.00,5.35,0.00,0.00,0.00,0.00
171,3w,SbMx1,Basc2,135,0.00,0.00,62.43,60.28,5.22,1.44,1.09,1.09,0.00,12.71,0.00,5.30,0.00,0.00,0.00,0.00
171,3w,SbMx1,Basc2,145,0.00,0.00,57.48,57.72,5.00,1.35,1.00,1.00,0.00,11.81,0.00,5.14,0.00,0.00,0.00,0.00
171,3w,SbMx1,Basc2,155,0.00,0.00,51.71,54.56,4.73,1.25,0.91,0.91,0.00,10.78,0.00,4.88,0.00,0.00,0.00,0.00
171,3w,SbMx1,Basc2,165,0.00,0.00,45.52,50.93,4.41,1.15,0.81,0.81,0.00,9.69,0.00,4.55,0.00,0.00,0.00,0.00
171,3w,SbMx1,Basc2,175,0.00,0.00,39.27,46.96,4.07,1.03,0.70,0.70,0.00,8.59,0.00,4.17,0.00,0.00,0.00,0.00
171,3w,SbMx1,Basc2,185,0.00,0.00,33.23,42.78,3.71,0.92,0.61,0.61,0.00,7.50,0.00,3.77,0.00,0.00,0.00,0.00
171,3w,SbMx1,Basc2,195,0.00,0.00,27.62,38.50,3.34,0.81,0.52,0.52,0.00,6.47,0.00,3.35,0.00,0.00,0.00,0.00
171,3w,SbMx1,Basc2,205,0.00,0.00,22.57,34.25,2.97,0.70,0.43,0.43,0.00,5.51,0.00,2.93,0.00,0.00,0.00,0.00
171,3w,SbMx1,Basc2,215,0.00,0.00,18.14,30.12,2.61,0.60,0.36,0.36,0.00,4.63,0.00,2.53,0.00,0.00,0.00,0.00
171,3w,SbMx1,Basc2,225,0.00,0.00,14.36,26.18,2.27,0.51,0.29,0.29,0.00,3.85,0.00,2.16,0.00,0.00,0.00,0.00
171,3w,SbMx1,Basc2,235,0.00,0.00,11.19,22.50,1.95,0.43,0.23,0.23,0.00,3.16,0.00,1.82,0.00,0.00,0.00,0.00
171,3w,SbMx1,Basc2,245,0.00,0.00,8.60,19.12,1.66,0.36,0.18,0.18,0.00,2.57,0.00,1.51,0.00,0.00,0.00,0.00
171,3w,SbMx1,Basc2,255,0.00,0.00,6.52,16.06,1.39,0.29,0.14,0.14,0.00,2.06,0.00,1.24,0.00,0.00,0.00,0.00
172,Patnt,SbMx1,Basc2,5,0.00,0.00,0.00,0.00,0.00,0.00,0.00,0.00,0.00,0.00,0.00,0.00,0.00,0.00,0.00,0.00
172,Patnt,SbMx1,Basc2,15,0.00,0.00,1.64,1.98,0.25,0.05,0.16,0.16,0.00,0.21,0.00,0.06,0.00,0.00,0.00,0.00
172,Patnt,SbMx1,Basc2,25,0.00,0.00,6.25,9.71,0.92,0.28,0.36,0.36,0.00,1.01,0.00,0.27,0.00,0.00,0.00,0.00
172,Patnt,SbMx1,Basc2,35,0.00,0.00,14.11,22.20,1.87,0.64,0.58,0.58,0.00,2.57,0.00,0.69,0.00,0.00,0.00,0.00
172,Patnt,SbMx1,Basc2,45,0.00,0.00,24.41,34.88,2.88,0.98,0.80,0.80,0.00,4.77,0.00,1.32,0.00,0.00,0.00,0.00
172,Patnt,SbMx1,Basc2,55,0.00,0.00,35.48,44.76,3.75,1.23,0.98,0.98,0.00,7.20,0.00,2.06,0.00,0.00,0.00,0.00
172,Patnt,SbMx1,Basc2,65,0.00,0.00,45.65,51.53,4.39,1.40,1.11,1.11,0.00,9.43,0.00,2.81,0.00,0.00,0.00,0.00
172,Patnt,SbMx1,Basc2,75,0.00,0.00,54.02,56.03,4.82,1.49,1.20,1.20,0.00,11.21,0.00,3.50,0.00,0.00,0.00,0.00
172,Patnt,SbMx1,Basc2,85,0.00,0.00,60.32,58.98,5.09,1.55,1.24,1.24,0.00,12.48,0.00,4.09,0.00,0.00,0.00,0.00
172,Patnt,SbMx1,Basc2,95,0.00,0.00,64.54,60.83,5.26,1.57,1.25,1.25,0.00,13.27,0.00,4.57,0.00,0.00,0.00,0.00
172,Patnt,SbMx1,Basc2,105,0.00,0.00,66.73,61.81,5.35,1.57,1.24,1.24,0.00,13.62,0.00,4.93,0.00,0.00,0.00,0.00
172,Patnt,SbMx1,Basc2,115,0.00,0.00,67.00,62.03,5.37,1.54,1.21,1.21,0.00,13.61,0.00,5.18,0.00,0.00,0.00,0.00
172,Patnt,SbMx1,Basc2,125,0.00,0.00,65.55,61.57,5.33,1.50,1.16,1.16,0.00,13.30,0.00,5.30,0.00,0.00,0.00,0.00
172,Patnt,SbMx1,Basc2,135,0.00,0.00,62.65,60.49,5.24,1.45,1.10,1.10,0.00,12.76,0.00,5.32,0.00,0.00,0.00,0.00
172,Patnt,SbMx1,Basc2,145,0.00,0.00,58.61,58.86,5.10,1.38,1.02,1.02,0.00,12.04,0.00,5.24,0.00,0.00,0.00,0.00
172,Patnt,SbMx1,Basc2,155,0.00,0.00,53.77,56.74,4.92,1.30,0.94,0.94,0.00,11.22,0.00,5.08,0.00,0.00,0.00,0.00
172,Patnt,SbMx1,Basc2,165,0.00,0.00,48.45,54.21,4.70,1.22,0.86,0.86,0.00,10.32,0.00,4.85,0.00,0.00,0.00,0.00
172,Patnt,SbMx1,Basc2,175,0.00,0.00,42.93,51.34,4.45,1.13,0.77,0.77,0.00,9.39,0.00,4.56,0.00,0.00,0.00,0.00
172,Patnt,SbMx1,Basc2,185,0.00,0.00,37.45,48.21,4.18,1.04,0.68,0.68,0.00,8.46,0.00,4.25,0.00,0.00,0.00,0.00
172,Patnt,SbMx1,Basc2,195,0.00,0.00,32.21,44.90,3.89,0.95,0.60,0.60,0.00,7.54,0.00,3.90,0.00,0.00,0.00,0.00
172,Patnt,SbMx1,Basc2,205,0.00,0.00,27.33,41.47,3.60,0.85,0.52,0.52,0.00,6.67,0.00,3.55,0.00,0.00,0.00,0.00
172,Patnt,SbMx1,Basc2,215,0.00,0.00,22.89,38.00,3.30,0.76,0.45,0.45,0.00,5.85,0.00,3.20,0.00,0.00,0.00,0.00
172,Patnt,SbMx1,Basc2,225,0.00,0.00,18.94,34.55,3.00,0.68,0.38,0.38,0.00,5.08,0.00,2.85,0.00,0.00,0.00,0.00
172,Patnt,SbMx1,Basc2,235,0.00,0.00,15.50,31.16,2.70,0.60,0.32,0.32,0.00,4.38,0.00,2.52,0.00,0.00,0.00,0.00
172,Patnt,SbMx1,Basc2,245,0.00,0.00,12.55,27.90,2.42,0.52,0.27,0.27,0.00,3.75,0.00,2.21,0.00,0.00,0.00,0.00
172,Patnt,SbMx1,Basc2,255,0.00,0.00,10.05,24.78,2.15,0.45,0.22,0.22,0.00,3.18,0.00,1.92,0.00,0.00,0.00,0.00
173,3w,SbMx1,Intn1,5,0.00,0.00,0.00,0.00,0.00,0.00,0.00,0.00,0.00,0.00,0.00,0.00,0.00,0.00,0.00,0.00
173,3w,SbMx1,Intn1,15,0.00,0.00,1.01,1.42,1.22,0.05,0.00,0.00,0.00,0.21,0.00,0.05,0.00,0.00,0.00,0.00
173,3w,SbMx1,Intn1,25,0.00,0.00,3.99,7.16,4.55,0.25,0.00,0.00,0.00,1.03,0.00,0.24,0.00,0.00,0.00,0.00
173,3w,SbMx1,Intn1,35,0.00,0.00,9.31,16.92,9.60,0.59,0.00,0.00,0.00,2.70,0.00,0.65,0.00,0.00,0.00,0.00
173,3w,SbMx1,Intn1,45,0.00,0.00,16.55,27.33,15.21,0.94,0.00,0.00,0.00,5.13,0.00,1.26,0.00,0.00,0.00,0.00
173,3w,SbMx1,Intn1,55,0.00,0.00,24.61,35.87,20.24,1.21,0.00,0.00,0.00,7.93,0.00,2.02,0.00,0.00,0.00,0.00
173,3w,SbMx1,Intn1,65,0.00,0.00,32.28,42.09,24.13,1.39,0.00,0.00,0.00,10.59,0.00,2.81,0.00,0.00,0.00,0.00
173,3w,SbMx1,Intn1,75,0.00,0.00,38.78,46.46,26.87,1.51,0.00,0.00,0.00,12.78,0.00,3.55,0.00,0.00,0.00,0.00
173,3w,SbMx1,Intn1,85,0.00,0.00,43.77,49.43,28.71,1.58,0.00,0.00,0.00,14.38,0.00,4.19,0.00,0.00,0.00,0.00
173,3w,SbMx1,Intn1,95,0.00,0.00,47.12,51.30,29.84,1.62,0.00,0.00,0.00,15.38,0.00,4.71,0.00,0.00,0.00,0.00
173,3w,SbMx1,Intn1,105,0.00,0.00,48.80,52.22,30.40,1.62,0.00,0.00,0.00,15.82,0.00,5.09,0.00,0.00,0.00,0.00
173,3w,SbMx1,Intn1,115,0.00,0.00,48.88,52.27,30.45,1.59,0.00,0.00,0.00,15.77,0.00,5.33,0.00,0.00,0.00,0.00
173,3w,SbMx1,Intn1,125,0.00,0.00,47.51,51.54,30.03,1.54,0.00,0.00,0.00,15.31,0.00,5.42,0.00,0.00,0.00,0.00
173,3w,SbMx1,Intn1,135,0.00,0.00,44.92,50.10,29.20,1.47,0.00,0.00,0.00,14.53,0.00,5.38,0.00,0.00,0.00,0.00
173,3w,SbMx1,Intn1,145,0.00,0.00,41.41,48.04,28.00,1.38,0.00,0.00,0.00,13.52,0.00,5.23,0.00,0.00,0.00,0.00
173,3w,SbMx1,Intn1,155,0.00,0.00,37.30,45.46,26.50,1.28,0.00,0.00,0.00,12.36,0.00,4.97,0.00,0.00,0.00,0.00
173,3w,SbMx1,Intn1,165,0.00,0.00,32.86,42.47,24.77,1.17,0.00,0.00,0.00,11.12,0.00,4.64,0.00,0.00,0.00,0.00
173,3w,SbMx1,Intn1,175,0.00,0.00,28.37,39.19,22.86,1.05,0.00,0.00,0.00,9.85,0.00,4.26,0.00,0.00,0.00,0.00
173,3w,SbMx1,Intn1,185,0.00,0.00,24.02,35.71,20.84,0.94,0.00,0.00,0.00,8.61,0.00,3.84,0.00,0.00,0.00,0.00
173,3w,SbMx1,Intn1,195,0.00,0.00,19.97,32.16,18.77,0.83,0.00,0.00,0.00,7.43,0.00,3.42,0.00,0.00,0.00,0.00
173,3w,SbMx1,Intn1,205,0.00,0.00,16.32,28.62,16.70,0.72,0.00,0.00,0.00,6.33,0.00,2.99,0.00,0.00,0.00,0.00
173,3w,SbMx1,Intn1,215,0.00,0.00,13.12,25.17,14.69,0.62,0.00,0.00,0.00,5.33,0.00,2.59,0.00,0.00,0.00,0.00
173,3w,SbMx1,Intn1,225,0.00,0.00,10.39,21.88,12.78,0.52,0.00,0.00,0.00,4.43,0.00,2.21,0.00,0.00,0.00,0.00
173,3w,SbMx1,Intn1,235,0.00,0.00,8.10,18.81,10.99,0.44,0.00,0.00,0.00,3.64,0.00,1.86,0.00,0.00,0.00,0.00
173,3w,SbMx1,Intn1,245,0.00,0.00,6.22,15.99,9.34,0.36,0.00,0.00,0.00,2.95,0.00,1.55,0.00,0.00,0.00,0.00
173,3w,SbMx1,Intn1,255,0.00,0.00,4.72,13.43,7.85,0.30,0.00,0.00,0.00,2.37,0.00,1.27,0.00,0.00,0.00,0.00
174,Patnt,SbMx1,Intn1,5,0.00,0.00,0.00,0.00,0.00,0.00,0.00,0.00,0.00,0.00,0.00,0.00,0.00,0.00,0.00,0.00
174,Patnt,SbMx1,Intn1,15,0.00,0.00,1.64,1.98,0.25,0.05,0.16,0.16,0.00,0.21,0.00,0.06,0.00,0.00,0.00,0.00
174,Patnt,SbMx1,Intn1,25,0.00,0.00,6.25,9.71,0.92,0.28,0.36,0.36,0.00,1.01,0.00,0.27,0.00,0.00,0.00,0.00
174,Patnt,SbMx1,Intn1,35,0.00,0.00,14.11,22.20,1.87,0.64,0.58,0.58,0.00,2.57,0.00,0.69,0.00,0.00,0.00,0.00
174,Patnt,SbMx1,Intn1,45,0.00,0.00,24.41,34.88,2.88,0.98,0.80,0.80,0.00,4.77,0.00,1.32,0.00,0.00,0.00,0.00
174,Patnt,SbMx1,Intn1,55,0.00,0.00,35.48,44.76,3.75,1.23,0.98,0.98,0.00,7.20,0.00,2.06,0.00,0.00,0.00,0.00
174,Patnt,SbMx1,Intn1,65,0.00,0.00,45.65,51.53,4.39,1.40,1.11,1.11,0.00,9.43,0.00,2.81,0.00,0.00,0.00,0.00
174,Patnt,SbMx1,Intn1,75,0.00,0.00,54.02,56.03,4.82,1.49,1.20,1.20,0.00,11.21,0.00,3.50,0.00,0.00,0.00,0.00
174,Patnt,SbMx1,Intn1,85,0.00,0.00,60.32,58.98,5.09,1.55,1.24,1.24,0.00,12.48,0.00,4.09,0.00,0.00,0.00,0.00
174,Patnt,SbMx1,Intn1,95,0.00,0.00,64.54,60.83,5.26,1.57,1.25,1.25,0.00,13.27,0.00,4.57,0.00,0.00,0.00,0.00
174,Patnt,SbMx1,Intn1,105,0.00,0.00,66.73,61.81,5.35,1.57,1.24,1.24,0.00,13.62,0.00,4.93,0.00,0.00,0.00,0.00
174,Patnt,SbMx1,Intn1,115,0.00,0.00,67.00,62.03,5.37,1.54,1.21,1.21,0.00,13.61,0.00,5.18,0.00,0.00,0.00,0.00
174,Patnt,SbMx1,Intn1,125,0.00,0.00,65.55,61.57,5.33,1.50,1.16,1.16,0.00,13.30,0.00,5.30,0.00,0.00,0.00,0.00
174,Patnt,SbMx1,Intn1,135,0.00,0.00,62.65,60.49,5.24,1.45,1.10,1.10,0.00,12.76,0.00,5.32,0.00,0.00,0.00,0.00
174,Patnt,SbMx1,Intn1,145,0.00,0.00,58.61,58.86,5.10,1.38,1.02,1.02,0.00,12.04,0.00,5.24,0.00,0.00,0.00,0.00
174,Patnt,SbMx1,Intn1,155,0.00,0.00,53.77,56.74,4.92,1.30,0.94,0.94,0.00,11.22,0.00,5.08,0.00,0.00,0.00,0.00
174,Patnt,SbMx1,Intn1,165,0.00,0.00,48.45,54.21,4.70,1.22,0.86,0.86,0.00,10.32,0.00,4.85,0.00,0.00,0.00,0.00
174,Patnt,SbMx1,Intn1,175,0.00,0.00,42.93,51.34,4.45,1.13,0.77,0.77,0.00,9.39,0.00,4.56,0.00,0.00,0.00,0.00
174,Patnt,SbMx1,Intn1,185,0.00,0.00,37.45,48.21,4.18,1.04,0.68,0.68,0.00,8.46,0.00,4.25,0.00,0.00,0.00,0.00
174,Patnt,SbMx1,Intn1,195,0.00,0.00,32.21,44.90,3.89,0.95,0.60,0.60,0.00,7.54,0.00,3.90,0.00,0.00,0.00,0.00
174,Patnt,SbMx1,Intn1,205,0.00,0.00,27.33,41.47,3.60,0.85,0.52,0.52,0.00,6.67,0.00,3.55,0.00,0.00,0.00,0.00
174,Patnt,SbMx1,Intn1,215,0.00,0.00,22.89,38.00,3.30,0.76,0.45,0.45,0.00,5.85,0.00,3.20,0.00,0.00,0.00,0.00
174,Patnt,SbMx1,Intn1,225,0.00,0.00,18.94,34.55,3.00,0.68,0.38,0.38,0.00,5.08,0.00,2.85,0.00,0.00,0.00,0.00
174,Patnt,SbMx1,Intn1,235,0.00,0.00,15.50,31.16,2.70,0.60,0.32,0.32,0.00,4.38,0.00,2.52,0.00,0.00,0.00,0.00
174,Patnt,SbMx1,Intn1,245,0.00,0.00,12.55,27.90,2.42,0.52,0.27,0.27,0.00,3.75,0.00,2.21,0.00,0.00,0.00,0.00
174,Patnt,SbMx1,Intn1,255,0.00,0.00,10.05,24.78,2.15,0.45,0.22,0.22,0.00,3.18,0.00,1.92,0.00,0.00,0.00,0.00
175,3w,SbMx1,Intn2,5,0.00,0.00,0.00,0.00,0.00,0.00,0.00,0.00,0.00,0.00,0.00,0.00,0.00,0.00,0.00,0.00
175,3w,SbMx1,Intn2,15,0.00,0.00,2.11,1.93,0.00,0.02,0.00,0.00,0.00,0.15,0.00,0.03,0.00,0.00,0.00,0.00
175,3w,SbMx1,Intn2,25,0.00,0.00,8.06,9.43,0.00,0.13,0.00,0.00,0.00,0.71,0.00,0.15,0.00,0.00,0.00,0.00
175,3w,SbMx1,Intn2,35,0.00,0.00,18.39,21.81,0.00,0.30,0.00,0.00,0.00,1.83,0.00,0.39,0.00,0.00,0.00,0.00
175,3w,SbMx1,Intn2,45,0.00,0.00,32.17,34.65,0.00,0.47,0.00,0.00,0.00,3.42,0.00,0.76,0.00,0.00,0.00,0.00
175,3w,SbMx1,Intn2,55,0.00,0.00,47.18,44.86,0.00,0.59,0.00,0.00,0.00,5.22,0.00,1.19,0.00,0.00,0.00,0.00
175,3w,SbMx1,Intn2,65,0.00,0.00,61.12,52.01,0.00,0.68,0.00,0.00,0.00,6.88,0.00,1.64,0.00,0.00,0.00,0.00
175,3w,SbMx1,Intn2,75,0.00,0.00,72.66,56.80,0.00,0.73,0.00,0.00,0.00,8.22,0.00,2.05,0.00,0.00,0.00,0.00
175,3w,SbMx1,Intn2,85,0.00,0.00,81.30,59.91,0.00,0.76,0.00,0.00,0.00,9.17,0.00,2.40,0.00,0.00,0.00,0.00
175,3w,SbMx1,Intn2,95,0.00,0.00,86.93,61.75,0.00,0.77,0.00,0.00,0.00,9.74,0.00,2.68,0.00,0.00,0.00,0.00
175,3w,SbMx1,Intn2,105,0.00,0.00,89.54,62.51,0.00,0.76,0.00,0.00,0.00,9.97,0.00,2.89,0.00,0.00,0.00,0.00
175,3w,SbMx1,Intn2,115,0.00,0.00,89.28,62.30,0.00,0.75,0.00,0.00,0.00,9.89,0.00,3.01,0.00,0.00,0.00,0.00
175,3w,SbMx1,Intn2,125,0.00,0.00,86.47,61.21,0.00,0.72,0.00,0.00,0.00,9.57,0.00,3.05,0.00,0.00,0.00,0.00
175,3w,SbMx1,Intn2,135,0.00,0.00,81.53,59.33,0.00,0.68,0.00,0.00,0.00,9.05,0.00,3.02,0.00,0.00,0.00,0.00
175,3w,SbMx1,Intn2,145,0.00,0.00,75.00,56.76,0.00,0.64,0.00,0.00,0.00,8.40,0.00,2.92,0.00,0.00,0.00,0.00
175,3w,SbMx1,Intn2,155,0.00,0.00,67.42,53.62,0.00,0.59,0.00,0.00,0.00,7.67,0.00,2.77,0.00,0.00,0.00,0.00
175,3w,SbMx1,Intn2,165,0.00,0.00,59.31,50.02,0.00,0.54,0.00,0.00,0.00,6.89,0.00,2.59,0.00,0.00,0.00,0.00
175,3w,SbMx1,Intn2,175,0.00,0.00,51.14,46.10,0.00,0.49,0.00,0.00,0.00,6.10,0.00,2.37,0.00,0.00,0.00,0.00
175,3w,SbMx1,Intn2,185,0.00,0.00,43.27,41.98,0.00,0.43,0.00,0.00,0.00,5.33,0.00,2.14,0.00,0.00,0.00,0.00
175,3w,SbMx1,Intn2,195,0.00,0.00,35.95,37.77,0.00,0.38,0.00,0.00,0.00,4.59,0.00,1.90,0.00,0.00,0.00,0.00
175,3w,SbMx1,Intn2,205,0.00,0.00,29.37,33.59,0.00,0.33,0.00,0.00,0.00,3.91,0.00,1.66,0.00,0.00,0.00,0.00
175,3w,SbMx1,Intn2,215,0.00,0.00,23.60,29.53,0.00,0.28,0.00,0.00,0.00,3.29,0.00,1.44,0.00,0.00,0.00,0.00
175,3w,SbMx1,Intn2,225,0.00,0.00,18.68,25.67,0.00,0.24,0.00,0.00,0.00,2.73,0.00,1.22,0.00,0.00,0.00,0.00
175,3w,SbMx1,Intn2,235,0.00,0.00,14.56,22.06,0.00,0.20,0.00,0.00,0.00,2.24,0.00,1.03,0.00,0.00,0.00,0.00
175,3w,SbMx1,Intn2,245,0.00,0.00,11.18,18.74,0.00,0.17,0.00,0.00,0.00,1.82,0.00,0.86,0.00,0.00,0.00,0.00
175,3w,SbMx1,Intn2,255,0.00,0.00,8.47,15.75,0.00,0.14,0.00,0.00,0.00,1.46,0.00,0.70,0.00,0.00,0.00,0.00
176,Patnt,SbMx1,Intn2,5,0.00,0.00,0.00,0.00,0.00,0.00,0.00,0.00,0.00,0.00,0.00,0.00,0.00,0.00,0.00,0.00
176,Patnt,SbMx1,Intn2,15,0.00,0.00,1.64,1.98,0.25,0.05,0.16,0.16,0.00,0.21,0.00,0.06,0.00,0.00,0.00,0.00
176,Patnt,SbMx1,Intn2,25,0.00,0.00,6.25,9.71,0.92,0.28,0.36,0.36,0.00,1.01,0.00,0.27,0.00,0.00,0.00,0.00
176,Patnt,SbMx1,Intn2,35,0.00,0.00,14.11,22.20,1.87,0.64,0.58,0.58,0.00,2.57,0.00,0.69,0.00,0.00,0.00,0.00
176,Patnt,SbMx1,Intn2,45,0.00,0.00,24.41,34.88,2.88,0.98,0.80,0.80,0.00,4.77,0.00,1.32,0.00,0.00,0.00,0.00
176,Patnt,SbMx1,Intn2,55,0.00,0.00,35.48,44.76,3.75,1.23,0.98,0.98,0.00,7.20,0.00,2.06,0.00,0.00,0.00,0.00
176,Patnt,SbMx1,Intn2,65,0.00,0.00,45.65,51.53,4.39,1.40,1.11,1.11,0.00,9.43,0.00,2.81,0.00,0.00,0.00,0.00
176,Patnt,SbMx1,Intn2,75,0.00,0.00,54.02,56.03,4.82,1.49,1.20,1.20,0.00,11.21,0.00,3.50,0.00,0.00,0.00,0.00
176,Patnt,SbMx1,Intn2,85,0.00,0.00,60.32,58.98,5.09,1.55,1.24,1.24,0.00,12.48,0.00,4.09,0.00,0.00,0.00,0.00
176,Patnt,SbMx1,Intn2,95,0.00,0.00,64.54,60.83,5.26,1.57,1.25,1.25,0.00,13.27,0.00,4.57,0.00,0.00,0.00,0.00
176,Patnt,SbMx1,Intn2,105,0.00,0.00,66.73,61.81,5.35,1.57,1.24,1.24,0.00,13.62,0.00,4.93,0.00,0.00,0.00,0.00
176,Patnt,SbMx1,Intn2,115,0.00,0.00,67.00,62.03,5.37,1.54,1.21,1.21,0.00,13.61,0.00,5.18,0.00,0.00,0.00,0.00
176,Patnt,SbMx1,Intn2,125,0.00,0.00,65.55,61.57,5.33,1.50,1.16,1.16,0.00,13.30,0.00,5.30,0.00,0.00,0.00,0.00
176,Patnt,SbMx1,Intn2,135,0.00,0.00,62.65,60.49,5.24,1.45,1.10,1.10,0.00,12.76,0.00,5.32,0.00,0.00,0.00,0.00
176,Patnt,SbMx1,Intn2,145,0.00,0.00,58.61,58.86,5.10,1.38,1.02,1.02,0.00,12.04,0.00,5.24,0.00,0.00,0.00,0.00
176,Patnt,SbMx1,Intn2,155,0.00,0.00,53.77,56.74,4.92,1.30,0.94,0.94,0.00,11.22,0.00,5.08,0.00,0.00,0.00,0.00
176,Patnt,SbMx1,Intn2,165,0.00,0.00,48.45,54.21,4.70,1.22,0.86,0.86,0.00,10.32,0.00,4.85,0.00,0.00,0.00,0.00
176,Patnt,SbMx1,Intn2,175,0.00,0.00,42.93,51.34,4.45,1.13,0.77,0.77,0.00,9.39,0.00,4.56,0.00,0.00,0.00,0.00
176,Patnt,SbMx1,Intn2,185,0.00,0.00,37.45,48.21,4.18,1.04,0.68,0.68,0.00,8.46,0.00,4.25,0.00,0.00,0.00,0.00
176,Patnt,SbMx1,Intn2,195,0.00,0.00,32.21,44.90,3.89,0.95,0.60,0.60,0.00,7.54,0.00,3.90,0.00,0.00,0.00,0.00
176,Patnt,SbMx1,Intn2,205,0.00,0.00,27.33,41.47,3.60,0.85,0.52,0.52,0.00,6.67,0.00,3.55,0.00,0.00,0.00,0.00
176,Patnt,SbMx1,Intn2,215,0.00,0.00,22.89,38.00,3.30,0.76,0.45,0.45,0.00,5.85,0.00,3.20,0.00,0.00,0.00,0.00
176,Patnt,SbMx1,Intn2,225,0.00,0.00,18.94,34.55,3.00,0.68,0.38,0.38,0.00,5.08,0.00,2.85,0.00,0.00,0.00,0.00
176,Patnt,SbMx1,Intn2,235,0.00,0.00,15.50,31.16,2.70,0.60,0.32,0.32,0.00,4.38,0.00,2.52,0.00,0.00,0.00,0.00
176,Patnt,SbMx1,Intn2,245,0.00,0.00,12.55,27.90,2.42,0.52,0.27,0.27,0.00,3.75,0.00,2.21,0.00,0.00,0.00,0.00
176,Patnt,SbMx1,Intn2,255,0.00,0.00,10.05,24.78,2.15,0.45,0.22,0.22,0.00,3.18,0.00,1.92,0.00,0.00,0.00,0.00
179,3w,SbMx1,Succ,5,0.00,0.00,0.00,0.00,0.00,0.00,0.00,0.00,0.00,0.00,0.00,0.00,0.00,0.00,0.00,0.00
179,3w,SbMx1,Succ,15,0.00,0.00,1.49,1.80,0.23,0.05,0.15,0.15,0.00,0.19,0.00,0.05,0.00,0.00,0.00,0.00
179,3w,SbMx1,Succ,25,0.00,0.00,5.86,9.10,0.86,0.26,0.34,0.34,0.00,0.95,0.00,0.25,0.00,0.00,0.00,0.00
179,3w,SbMx1,Succ,35,0.00,0.00,13.54,21.30,1.79,0.61,0.56,0.56,0.00,2.47,0.00,0.66,0.00,0.00,0.00,0.00
179,3w,SbMx1,Succ,45,0.00,0.00,23.89,34.14,2.82,0.96,0.78,0.78,0.00,4.66,0.00,1.29,0.00,0.00,0.00,0.00
179,3w,SbMx1,Succ,55,0.00,0.00,35.30,44.53,3.73,1.23,0.98,0.98,0.00,7.16,0.00,2.05,0.00,0.00,0.00,0.00
179,3w,SbMx1,Succ,65,0.00,0.00,46.00,51.94,4.42,1.41,1.12,1.12,0.00,9.50,0.00,2.83,0.00,0.00,0.00,0.00
179,3w,SbMx1,Succ,75,0.00,0.00,54.94,56.99,4.90,1.52,1.22,1.22,0.00,11.40,0.00,3.56,0.00,0.00,0.00,0.00
179,3w,SbMx1,Succ,85,0.00,0.00,61.70,60.33,5.21,1.58,1.27,1.27,0.00,12.76,0.00,4.19,0.00,0.00,0.00,0.00
179,3w,SbMx1,Succ,95,0.00,0.00,66.15,62.35,5.39,1.61,1.28,1.28,0.00,13.60,0.00,4.69,0.00,0.00,0.00,0.00
179,3w,SbMx1,Succ,105,0.00,0.00,68.28,63.25,5.47,1.60,1.27,1.27,0.00,13.94,0.00,5.05,0.00,0.00,0.00,0.00
179,3w,SbMx1,Succ,115,0.00,0.00,68.20,63.14,5.47,1.57,1.23,1.23,0.00,13.85,0.00,5.27,0.00,0.00,0.00,0.00
179,3w,SbMx1,Succ,125,0.00,0.00,66.14,62.12,5.38,1.52,1.17,1.17,0.00,13.42,0.00,5.35,0.00,0.00,0.00,0.00
179,3w,SbMx1,Succ,135,0.00,0.00,62.43,60.28,5.22,1.44,1.09,1.09,0.00,12.71,0.00,5.30,0.00,0.00,0.00,0.00
179,3w,SbMx1,Succ,145,0.00,0.00,57.48,57.72,5.00,1.35,1.00,1.00,0.00,11.81,0.00,5.14,0.00,0.00,0.00,0.00
179,3w,SbMx1,Succ,155,0.00,0.00,51.71,54.56,4.73,1.25,0.91,0.91,0.00,10.78,0.00,4.88,0.00,0.00,0.00,0.00
179,3w,SbMx1,Succ,165,0.00,0.00,45.52,50.93,4.41,1.15,0.81,0.81,0.00,9.69,0.00,4.55,0.00,0.00,0.00,0.00
179,3w,SbMx1,Succ,175,0.00,0.00,39.27,46.96,4.07,1.03,0.70,0.70,0.00,8.59,0.00,4.17,0.00,0.00,0.00,0.00
179,3w,SbMx1,Succ,185,0.00,0.00,33.23,42.78,3.71,0.92,0.61,0.61,0.00,7.50,0.00,3.77,0.00,0.00,0.00,0.00
179,3w,SbMx1,Succ,195,0.00,0.00,27.62,38.50,3.34,0.81,0.52,0.52,0.00,6.47,0.00,3.35,0.00,0.00,0.00,0.00
179,3w,SbMx1,Succ,205,0.00,0.00,22.57,34.25,2.97,0.70,0.43,0.43,0.00,5.51,0.00,2.93,0.00,0.00,0.00,0.00
179,3w,SbMx1,Succ,215,0.00,0.00,18.14,30.12,2.61,0.60,0.36,0.36,0.00,4.63,0.00,2.53,0.00,0.00,0.00,0.00
179,3w,SbMx1,Succ,225,0.00,0.00,14.36,26.18,2.27,0.51,0.29,0.29,0.00,3.85,0.00,2.16,0.00,0.00,0.00,0.00
179,3w,SbMx1,Succ,235,0.00,0.00,11.19,22.50,1.95,0.43,0.23,0.23,0.00,3.16,0.00,1.82,0.00,0.00,0.00,0.00
179,3w,SbMx1,Succ,245,0.00,0.00,8.60,19.12,1.66,0.36,0.18,0.18,0.00,2.57,0.00,1.51,0.00,0.00,0.00,0.00
179,3w,SbMx1,Succ,255,0.00,0.00,6.52,16.06,1.39,0.29,0.14,0.14,0.00,2.06,0.00,1.24,0.00,0.00,0.00,0.00
180,Patnt,SbMx1,Succ,5,0.00,0.00,0.00,0.00,0.00,0.00,0.00,0.00,0.00,0.00,0.00,0.00,0.00,0.00,0.00,0.00
180,Patnt,SbMx1,Succ,15,0.00,0.00,1.64,1.98,0.25,0.05,0.16,0.16,0.00,0.21,0.00,0.06,0.00,0.00,0.00,0.00
180,Patnt,SbMx1,Succ,25,0.00,0.00,6.25,9.71,0.92,0.28,0.36,0.36,0.00,1.01,0.00,0.27,0.00,0.00,0.00,0.00
180,Patnt,SbMx1,Succ,35,0.00,0.00,14.11,22.20,1.87,0.64,0.58,0.58,0.00,2.57,0.00,0.69,0.00,0.00,0.00,0.00
180,Patnt,SbMx1,Succ,45,0.00,0.00,24.41,34.88,2.88,0.98,0.80,0.80,0.00,4.77,0.00,1.32,0.00,0.00,0.00,0.00
180,Patnt,SbMx1,Succ,55,0.00,0.00,35.48,44.76,3.75,1.23,0.98,0.98,0.00,7.20,0.00,2.06,0.00,0.00,0.00,0.00
180,Patnt,SbMx1,Succ,65,0.00,0.00,45.65,51.53,4.39,1.40,1.11,1.11,0.00,9.43,0.00,2.81,0.00,0.00,0.00,0.00
180,Patnt,SbMx1,Succ,75,0.00,0.00,54.02,56.03,4.82,1.49,1.20,1.20,0.00,11.21,0.00,3.50,0.00,0.00,0.00,0.00
180,Patnt,SbMx1,Succ,85,0.00,0.00,60.32,58.98,5.09,1.55,1.24,1.24,0.00,12.48,0.00,4.09,0.00,0.00,0.00,0.00
180,Patnt,SbMx1,Succ,95,0.00,0.00,64.54,60.83,5.26,1.57,1.25,1.25,0.00,13.27,0.00,4.57,0.00,0.00,0.00,0.00
180,Patnt,SbMx1,Succ,105,0.00,0.00,66.73,61.81,5.35,1.57,1.24,1.24,0.00,13.62,0.00,4.93,0.00,0.00,0.00,0.00
180,Patnt,SbMx1,Succ,115,0.00,0.00,67.00,62.03,5.37,1.54,1.21,1.21,0.00,13.61,0.00,5.18,0.00,0.00,0.00,0.00
180,Patnt,SbMx1,Succ,125,0.00,0.00,65.55,61.57,5.33,1.50,1.16,1.16,0.00,13.30,0.00,5.30,0.00,0.00,0.00,0.00
180,Patnt,SbMx1,Succ,135,0.00,0.00,62.65,60.49,5.24,1.45,1.10,1.10,0.00,12.76,0.00,5.32,0.00,0.00,0.00,0.00
180,Patnt,SbMx1,Succ,145,0.00,0.00,58.61,58.86,5.10,1.38,1.02,1.02,0.00,12.04,0.00,5.24,0.00,0.00,0.00,0.00
180,Patnt,SbMx1,Succ,155,0.00,0.00,53.77,56.74,4.92,1.30,0.94,0.94,0.00,11.22,0.00,5.08,0.00,0.00,0.00,0.00
180,Patnt,SbMx1,Succ,165,0.00,0.00,48.45,54.21,4.70,1.22,0.86,0.86,0.00,10.32,0.00,4.85,0.00,0.00,0.00,0.00
180,Patnt,SbMx1,Succ,175,0.00,0.00,42.93,51.34,4.45,1.13,0.77,0.77,0.00,9.39,0.00,4.56,0.00,0.00,0.00,0.00
180,Patnt,SbMx1,Succ,185,0.00,0.00,37.45,48.21,4.18,1.04,0.68,0.68,0.00,8.46,0.00,4.25,0.00,0.00,0.00,0.00
180,Patnt,SbMx1,Succ,195,0.00,0.00,32.21,44.90,3.89,0.95,0.60,0.60,0.00,7.54,0.00,3.90,0.00,0.00,0.00,0.00
180,Patnt,SbMx1,Succ,205,0.00,0.00,27.33,41.47,3.60,0.85,0.52,0.52,0.00,6.67,0.00,3.55,0.00,0.00,0.00,0.00
180,Patnt,SbMx1,Succ,215,0.00,0.00,22.89,38.00,3.30,0.76,0.45,0.45,0.00,5.85,0.00,3.20,0.00,0.00,0.00,0.00
180,Patnt,SbMx1,Succ,225,0.00,0.00,18.94,34.55,3.00,0.68,0.38,0.38,0.00,5.08,0.00,2.85,0.00,0.00,0.00,0.00
180,Patnt,SbMx1,Succ,235,0.00,0.00,15.50,31.16,2.70,0.60,0.32,0.32,0.00,4.38,0.00,2.52,0.00,0.00,0.00,0.00
180,Patnt,SbMx1,Succ,245,0.00,0.00,12.55,27.90,2.42,0.52,0.27,0.27,0.00,3.75,0.00,2.21,0.00,0.00,0.00,0.00
180,Patnt,SbMx1,Succ,255,0.00,0.00,10.05,24.78,2.15,0.45,0.22,0.22,0.00,3.18,0.00,1.92,0.00,0.00,0.00,0.00
181,3w,PjMx1,Prsnt,5,0.00,0.00,0.00,0.00,0.00,0.00,0.00,0.00,0.00,0.00,0.00,0.00,0.00,0.00,0.00,0.00
181,3w,PjMx1,Prsnt,15,0.00,0.00,9.93,2.79,0.00,0.07,0.00,0.00,0.00,0.66,0.00,0.09,0.00,0.00,0.00,0.00
181,3w,PjMx1,Prsnt,25,0.00,0.00,22.69,8.18,0.00,0.21,0.00,0.00,0.00,1.85,0.00,0.25,0.00,0.00,0.00,0.00
181,3w,PjMx1,Prsnt,35,0.00,0.00,36.79,13.43,0.00,0.34,0.00,0.00,0.00,3.36,0.00,0.46,0.00,0.00,0.00,0.00
181,3w,PjMx1,Prsnt,45,0.00,0.00,51.22,16.98,0.00,0.42,0.00,0.00,0.00,5.01,0.00,0.70,0.00,0.00,0.00,0.00
181,3w,PjMx1,Prsnt,55,0.00,0.00,64.71,18.94,0.00,0.46,0.00,0.00,0.00,6.58,0.00,0.96,0.00,0.00,0.00,0.00
181,3w,PjMx1,Prsnt,65,0.00,0.00,76.10,19.94,0.00,0.48,0.00,0.00,0.00,7.87,0.00,1.19,0.00,0.00,0.00,0.00
181,3w,PjMx1,Prsnt,75,0.00,0.00,84.70,20.39,0.00,0.48,0.00,0.00,0.00,8.81,0.00,1.40,0.00,0.00,0.00,0.00
181,3w,PjMx1,Prsnt,85,0.00,0.00,90.16,20.46,0.00,0.47,0.00,0.00,0.00,9.35,0.00,1.56,0.00,0.00,0.00,0.00
181,3w,PjMx1,Prsnt,95,0.00,0.00,92.43,20.22,0.00,0.46,0.00,0.00,0.00,9.52,0.00,1.67,0.00,0.00,0.00,0.00
181,3w,PjMx1,Prsnt,105,0.00,0.00,91.66,19.70,0.00,0.44,0.00,0.00,0.00,9.37,0.00,1.72,0.00,0.00,0.00,0.00
181,3w,PjMx1,Prsnt,115,0.00,0.00,88.18,18.94,0.00,0.42,0.00,0.00,0.00,8.97,0.00,1.73,0.00,0.00,0.00,0.00
181,3w,PjMx1,Prsnt,125,0.00,0.00,82.49,17.98,0.00,0.39,0.00,0.00,0.00,8.38,0.00,1.70,0.00,0.00,0.00,0.00
181,3w,PjMx1,Prsnt,135,0.00,0.00,75.16,16.84,0.00,0.36,0.00,0.00,0.00,7.67,0.00,1.62,0.00,0.00,0.00,0.00
181,3w,PjMx1,Prsnt,145,0.00,0.00,66.81,15.57,0.00,0.32,0.00,0.00,0.00,6.88,0.00,1.52,0.00,0.00,0.00,0.00
181,3w,PjMx1,Prsnt,155,0.00,0.00,58.00,14.20,0.00,0.29,0.00,0.00,0.00,6.06,0.00,1.39,0.00,0.00,0.00,0.00
181,3w,PjMx1,Prsnt,165,0.00,0.00,49.24,12.78,0.00,0.25,0.00,0.00,0.00,5.25,0.00,1.25,0.00,0.00,0.00,0.00
181,3w,PjMx1,Prsnt,175,0.00,0.00,40.92,11.35,0.00,0.22,0.00,0.00,0.00,4.48,0.00,1.11,0.00,0.00,0.00,0.00
181,3w,PjMx1,Prsnt,185,0.00,0.00,33.32,9.95,0.00,0.19,0.00,0.00,0.00,3.77,0.00,0.96,0.00,0.00,0.00,0.00
181,3w,PjMx1,Prsnt,195,0.00,0.00,26.60,8.60,0.00,0.16,0.00,0.00,0.00,3.12,0.00,0.82,0.00,0.00,0.00,0.00
181,3w,PjMx1,Prsnt,205,0.00,0.00,20.84,7.34,0.00,0.13,0.00,0.00,0.00,2.55,0.00,0.69,0.00,0.00,0.00,0.00
181,3w,PjMx1,Prsnt,215,0.00,0.00,16.03,6.17,0.00,0.11,0.00,0.00,0.00,2.05,0.00,0.57,0.00,0.00,0.00,0.00
181,3w,PjMx1,Prsnt,225,0.00,0.00,12.12,5.12,0.00,0.09,0.00,0.00,0.00,1.63,0.00,0.46,0.00,0.00,0.00,0.00
181,3w,PjMx1,Prsnt,235,0.00,0.00,9.00,4.20,0.00,0.07,0.00,0.00,0.00,1.27,0.00,0.37,0.00,0.00,0.00,0.00
181,3w,PjMx1,Prsnt,245,0.00,0.00,6.58,3.39,0.00,0.05,0.00,0.00,0.00,0.98,0.00,0.29,0.00,0.00,0.00,0.00
181,3w,PjMx1,Prsnt,255,0.00,0.00,4.73,2.70,0.00,0.04,0.00,0.00,0.00,0.75,0.00,0.23,0.00,0.00,0.00,0.00
182,Patnt,PjMx1,Prsnt,5,0.00,0.00,0.00,0.00,0.00,0.00,0.00,0.00,0.00,0.00,0.00,0.00,0.00,0.00,0.00,0.00
182,Patnt,PjMx1,Prsnt,15,0.00,0.00,8.60,2.29,0.00,0.06,0.00,0.00,0.00,0.56,0.00,0.07,0.00,0.00,0.00,0.00
182,Patnt,PjMx1,Prsnt,25,0.00,0.00,20.66,7.08,0.00,0.19,0.00,0.00,0.00,1.65,0.00,0.22,0.00,0.00,0.00,0.00
182,Patnt,PjMx1,Prsnt,35,0.00,0.00,34.83,12.10,0.00,0.32,0.00,0.00,0.00,3.13,0.00,0.43,0.00,0.00,0.00,0.00
182,Patnt,PjMx1,Prsnt,45,0.00,0.00,49.89,15.74,0.00,0.40,0.00,0.00,0.00,4.79,0.00,0.67,0.00,0.00,0.00,0.00
182,Patnt,PjMx1,Prsnt,55,0.00,0.00,64.26,17.90,0.00,0.45,0.00,0.00,0.00,6.41,0.00,0.93,0.00,0.00,0.00,0.00
182,Patnt,PjMx1,Prsnt,65,0.00,0.00,76.36,19.03,0.00,0.47,0.00,0.00,0.00,7.76,0.00,1.18,0.00,0.00,0.00,0.00
182,Patnt,PjMx1,Prsnt,75,0.00,0.00,85.07,19.48,0.00,0.47,0.00,0.00,0.00,8.69,0.00,1.38,0.00,0.00,0.00,0.00
182,Patnt,PjMx1,Prsnt,85,0.00,0.00,89.84,19.39,0.00,0.46,0.00,0.00,0.00,9.15,0.00,1.52,0.00,0.00,0.00,0.00
182,Patnt,PjMx1,Prsnt,95,0.00,0.00,90.53,18.84,0.00,0.44,0.00,0.00,0.00,9.16,0.00,1.60,0.00,0.00,0.00,0.00
182,Patnt,PjMx1,Prsnt,105,0.00,0.00,87.44,17.88,0.00,0.41,0.00,0.00,0.00,8.78,0.00,1.62,0.00,0.00,0.00,0.00
182,Patnt,PjMx1,Prsnt,115,0.00,0.00,81.19,16.60,0.00,0.38,0.00,0.00,0.00,8.11,0.00,1.57,0.00,0.00,0.00,0.00
182,Patnt,PjMx1,Prsnt,125,0.00,0.00,72.62,15.06,0.00,0.33,0.00,0.00,0.00,7.25,0.00,1.47,0.00,0.00,0.00,0.00
182,Patnt,PjMx1,Prsnt,135,0.00,0.00,62.69,13.36,0.00,0.29,0.00,0.00,0.00,6.28,0.00,1.33,0.00,0.00,0.00,0.00
182,Patnt,PjMx1,Prsnt,145,0.00,0.00,52.31,11.60,0.00,0.25,0.00,0.00,0.00,5.29,0.00,1.17,0.00,0.00,0.00,0.00
182,Patnt,PjMx1,Prsnt,155,0.00,0.00,42.24,9.84,0.00,0.20,0.00,0.00,0.00,4.33,0.00,0.99,0.00,0.00,0.00,0.00
182,Patnt,PjMx1,Prsnt,165,0.00,0.00,33.04,8.16,0.00,0.16,0.00,0.00,0.00,3.46,0.00,0.82,0.00,0.00,0.00,0.00
182,Patnt,PjMx1,Prsnt,175,0.00,0.00,25.07,6.62,0.00,0.13,0.00,0.00,0.00,2.69,0.00,0.66,0.00,0.00,0.00,0.00
182,Patnt,PjMx1,Prsnt,185,0.00,0.00,18.46,5.24,0.00,0.10,0.00,0.00,0.00,2.05,0.00,0.52,0.00,0.00,0.00,0.00
182,Patnt,PjMx1,Prsnt,195,0.00,0.00,13.21,4.06,0.00,0.07,0.00,0.00,0.00,1.52,0.00,0.40,0.00,0.00,0.00,0.00
182,Patnt,PjMx1,Prsnt,205,0.00,0.00,9.19,3.08,0.00,0.05,0.00,0.00,0.00,1.10,0.00,0.29,0.00,0.00,0.00,0.00
182,Patnt,PjMx1,Prsnt,215,0.00,0.00,6.22,2.28,0.00,0.04,0.00,0.00,0.00,0.78,0.00,0.21,0.00,0.00,0.00,0.00
182,Patnt,PjMx1,Prsnt,225,0.00,0.00,4.09,1.65,0.00,0.03,0.00,0.00,0.00,0.54,0.00,0.15,0.00,0.00,0.00,0.00
182,Patnt,PjMx1,Prsnt,235,0.00,0.00,2.63,1.16,0.00,0.02,0.00,0.00,0.00,0.36,0.00,0.10,0.00,0.00,0.00,0.00
182,Patnt,PjMx1,Prsnt,245,0.00,0.00,1.64,0.80,0.00,0.01,0.00,0.00,0.00,0.24,0.00,0.07,0.00,0.00,0.00,0.00
182,Patnt,PjMx1,Prsnt,255,0.00,0.00,1.00,0.54,0.00,9.24588985866698e-03,0.00,0.00,0.00,0.15,0.00,0.04,0.00,0.00,0.00,0.00
183,3w,PjMx1,Exten,5,0.00,0.00,0.00,0.00,0.00,0.00,0.00,0.00,0.00,0.00,0.00,0.00,0.00,0.00,0.00,0.00
183,3w,PjMx1,Exten,15,0.00,0.00,8.87,2.03,0.00,0.06,0.00,0.00,0.00,0.50,0.00,0.18,0.00,0.00,0.00,0.00
183,3w,PjMx1,Exten,25,0.00,0.00,20.44,6.00,0.00,0.18,0.00,0.00,0.00,1.43,0.00,0.51,0.00,0.00,0.00,0.00
183,3w,PjMx1,Exten,35,0.00,0.00,33.14,9.85,0.00,0.30,0.00,0.00,0.00,2.60,0.00,0.94,0.00,0.00,0.00,0.00
183,3w,PjMx1,Exten,45,0.00,0.00,45.95,12.41,0.00,0.36,0.00,0.00,0.00,3.85,0.00,1.42,0.00,0.00,0.00,0.00
183,3w,PjMx1,Exten,55,0.00,0.00,57.78,13.77,0.00,0.40,0.00,0.00,0.00,5.04,0.00,1.93,0.00,0.00,0.00,0.00
183,3w,PjMx1,Exten,65,0.00,0.00,67.68,14.44,0.00,0.41,0.00,0.00,0.00,6.01,0.00,2.39,0.00,0.00,0.00,0.00
183,3w,PjMx1,Exten,75,0.00,0.00,75.08,14.71,0.00,0.41,0.00,0.00,0.00,6.69,0.00,2.79,0.00,0.00,0.00,0.00
183,3w,PjMx1,Exten,85,0.00,0.00,79.72,14.73,0.00,0.40,0.00,0.00,0.00,7.09,0.00,3.10,0.00,0.00,0.00,0.00
183,3w,PjMx1,Exten,95,0.00,0.00,81.56,14.52,0.00,0.39,0.00,0.00,0.00,7.20,0.00,3.32,0.00,0.00,0.00,0.00
183,3w,PjMx1,Exten,105,0.00,0.00,80.75,14.13,0.00,0.37,0.00,0.00,0.00,7.08,0.00,3.43,0.00,0.00,0.00,0.00
183,3w,PjMx1,Exten,115,0.00,0.00,77.58,13.57,0.00,0.35,0.00,0.00,0.00,6.77,0.00,3.44,0.00,0.00,0.00,0.00
183,3w,PjMx1,Exten,125,0.00,0.00,72.49,12.86,0.00,0.33,0.00,0.00,0.00,6.32,0.00,3.36,0.00,0.00,0.00,0.00
183,3w,PjMx1,Exten,135,0.00,0.00,65.99,12.04,0.00,0.30,0.00,0.00,0.00,5.77,0.00,3.21,0.00,0.00,0.00,0.00
183,3w,PjMx1,Exten,145,0.00,0.00,58.61,11.12,0.00,0.27,0.00,0.00,0.00,5.17,0.00,3.01,0.00,0.00,0.00,0.00
183,3w,PjMx1,Exten,155,0.00,0.00,50.85,10.14,0.00,0.24,0.00,0.00,0.00,4.56,0.00,2.75,0.00,0.00,0.00,0.00
183,3w,PjMx1,Exten,165,0.00,0.00,43.15,9.12,0.00,0.21,0.00,0.00,0.00,3.95,0.00,2.48,0.00,0.00,0.00,0.00
183,3w,PjMx1,Exten,175,0.00,0.00,35.84,8.10,0.00,0.18,0.00,0.00,0.00,3.37,0.00,2.19,0.00,0.00,0.00,0.00
183,3w,PjMx1,Exten,185,0.00,0.00,29.18,7.09,0.00,0.16,0.00,0.00,0.00,2.83,0.00,1.90,0.00,0.00,0.00,0.00
183,3w,PjMx1,Exten,195,0.00,0.00,23.29,6.13,0.00,0.13,0.00,0.00,0.00,2.34,0.00,1.62,0.00,0.00,0.00,0.00
183,3w,PjMx1,Exten,205,0.00,0.00,18.24,5.23,0.00,0.11,0.00,0.00,0.00,1.91,0.00,1.36,0.00,0.00,0.00,0.00
183,3w,PjMx1,Exten,215,0.00,0.00,14.03,4.40,0.00,0.09,0.00,0.00,0.00,1.54,0.00,1.12,0.00,0.00,0.00,0.00
183,3w,PjMx1,Exten,225,0.00,0.00,10.60,3.65,0.00,0.07,0.00,0.00,0.00,1.22,0.00,0.91,0.00,0.00,0.00,0.00
183,3w,PjMx1,Exten,235,0.00,0.00,7.87,2.99,0.00,0.06,0.00,0.00,0.00,0.95,0.00,0.73,0.00,0.00,0.00,0.00
183,3w,PjMx1,Exten,245,0.00,0.00,5.75,2.41,0.00,0.04,0.00,0.00,0.00,0.74,0.00,0.58,0.00,0.00,0.00,0.00
183,3w,PjMx1,Exten,255,0.00,0.00,4.13,1.92,0.00,0.03,0.00,0.00,0.00,0.56,0.00,0.45,0.00,0.00,0.00,0.00
184,Patnt,PjMx1,Exten,5,0.00,0.00,0.00,0.00,0.00,0.00,0.00,0.00,0.00,0.00,0.00,0.00,0.00,0.00,0.00,0.00
184,Patnt,PjMx1,Exten,15,0.00,0.00,8.60,2.29,0.00,0.06,0.00,0.00,0.00,0.56,0.00,0.07,0.00,0.00,0.00,0.00
184,Patnt,PjMx1,Exten,25,0.00,0.00,20.66,7.08,0.00,0.19,0.00,0.00,0.00,1.65,0.00,0.22,0.00,0.00,0.00,0.00
184,Patnt,PjMx1,Exten,35,0.00,0.00,34.83,12.10,0.00,0.32,0.00,0.00,0.00,3.13,0.00,0.43,0.00,0.00,0.00,0.00
184,Patnt,PjMx1,Exten,45,0.00,0.00,49.89,15.74,0.00,0.40,0.00,0.00,0.00,4.79,0.00,0.67,0.00,0.00,0.00,0.00
184,Patnt,PjMx1,Exten,55,0.00,0.00,64.26,17.90,0.00,0.45,0.00,0.00,0.00,6.41,0.00,0.93,0.00,0.00,0.00,0.00
184,Patnt,PjMx1,Exten,65,0.00,0.00,76.36,19.03,0.00,0.47,0.00,0.00,0.00,7.76,0.00,1.18,0.00,0.00,0.00,0.00
184,Patnt,PjMx1,Exten,75,0.00,0.00,85.07,19.48,0.00,0.47,0.00,0.00,0.00,8.69,0.00,1.38,0.00,0.00,0.00,0.00
184,Patnt,PjMx1,Exten,85,0.00,0.00,89.84,19.39,0.00,0.46,0.00,0.00,0.00,9.15,0.00,1.52,0.00,0.00,0.00,0.00
184,Patnt,PjMx1,Exten,95,0.00,0.00,90.53,18.84,0.00,0.44,0.00,0.00,0.00,9.16,0.00,1.60,0.00,0.00,0.00,0.00
184,Patnt,PjMx1,Exten,105,0.00,0.00,87.44,17.88,0.00,0.41,0.00,0.00,0.00,8.78,0.00,1.62,0.00,0.00,0.00,0.00
184,Patnt,PjMx1,Exten,115,0.00,0.00,81.19,16.60,0.00,0.38,0.00,0.00,0.00,8.11,0.00,1.57,0.00,0.00,0.00,0.00
184,Patnt,PjMx1,Exten,125,0.00,0.00,72.62,15.06,0.00,0.33,0.00,0.00,0.00,7.25,0.00,1.47,0.00,0.00,0.00,0.00
184,Patnt,PjMx1,Exten,135,0.00,0.00,62.69,13.36,0.00,0.29,0.00,0.00,0.00,6.28,0.00,1.33,0.00,0.00,0.00,0.00
184,Patnt,PjMx1,Exten,145,0.00,0.00,52.31,11.60,0.00,0.25,0.00,0.00,0.00,5.29,0.00,1.17,0.00,0.00,0.00,0.00
184,Patnt,PjMx1,Exten,155,0.00,0.00,42.24,9.84,0.00,0.20,0.00,0.00,0.00,4.33,0.00,0.99,0.00,0.00,0.00,0.00
184,Patnt,PjMx1,Exten,165,0.00,0.00,33.04,8.16,0.00,0.16,0.00,0.00,0.00,3.46,0.00,0.82,0.00,0.00,0.00,0.00
184,Patnt,PjMx1,Exten,175,0.00,0.00,25.07,6.62,0.00,0.13,0.00,0.00,0.00,2.69,0.00,0.66,0.00,0.00,0.00,0.00
184,Patnt,PjMx1,Exten,185,0.00,0.00,18.46,5.24,0.00,0.10,0.00,0.00,0.00,2.05,0.00,0.52,0.00,0.00,0.00,0.00
184,Patnt,PjMx1,Exten,195,0.00,0.00,13.21,4.06,0.00,0.07,0.00,0.00,0.00,1.52,0.00,0.40,0.00,0.00,0.00,0.00
184,Patnt,PjMx1,Exten,205,0.00,0.00,9.19,3.08,0.00,0.05,0.00,0.00,0.00,1.10,0.00,0.29,0.00,0.00,0.00,0.00
184,Patnt,PjMx1,Exten,215,0.00,0.00,6.22,2.28,0.00,0.04,0.00,0.00,0.00,0.78,0.00,0.21,0.00,0.00,0.00,0.00
184,Patnt,PjMx1,Exten,225,0.00,0.00,4.09,1.65,0.00,0.03,0.00,0.00,0.00,0.54,0.00,0.15,0.00,0.00,0.00,0.00
184,Patnt,PjMx1,Exten,235,0.00,0.00,2.63,1.16,0.00,0.02,0.00,0.00,0.00,0.36,0.00,0.10,0.00,0.00,0.00,0.00
184,Patnt,PjMx1,Exten,245,0.00,0.00,1.64,0.80,0.00,0.01,0.00,0.00,0.00,0.24,0.00,0.07,0.00,0.00,0.00,0.00
184,Patnt,PjMx1,Exten,255,0.00,0.00,1.00,0.54,0.00,9.24588985866698e-03,0.00,0.00,0.00,0.15,0.00,0.04,0.00,0.00,0.00,0.00
185,3w,PjMx1,Basc1,5,0.00,0.00,0.00,0.00,0.00,0.00,0.00,0.00,0.00,0.00,0.00,0.00,0.00,0.00,0.00,0.00
185,3w,PjMx1,Basc1,15,0.00,0.00,10.65,2.40,0.00,0.07,0.00,0.00,0.00,0.70,0.00,0.22,0.00,0.00,0.00,0.00
185,3w,PjMx1,Basc1,25,0.00,0.00,24.53,7.11,0.00,0.22,0.00,0.00,0.00,1.98,0.00,0.62,0.00,0.00,0.00,0.00
185,3w,PjMx1,Basc1,35,0.00,0.00,39.53,11.61,0.00,0.35,0.00,0.00,0.00,3.57,0.00,1.13,0.00,0.00,0.00,0.00
185,3w,PjMx1,Basc1,45,0.00,0.00,54.43,14.53,0.00,0.43,0.00,0.00,0.00,5.26,0.00,1.70,0.00,0.00,0.00,0.00
185,3w,PjMx1,Basc1,55,0.00,0.00,68.01,16.02,0.00,0.47,0.00,0.00,0.00,6.83,0.00,2.29,0.00,0.00,0.00,0.00
185,3w,PjMx1,Basc1,65,0.00,0.00,79.20,16.70,0.00,0.48,0.00,0.00,0.00,8.10,0.00,2.83,0.00,0.00,0.00,0.00
185,3w,PjMx1,Basc1,75,0.00,0.00,87.41,16.93,0.00,0.48,0.00,0.00,0.00,8.98,0.00,3.28,0.00,0.00,0.00,0.00
185,3w,PjMx1,Basc1,85,0.00,0.00,92.40,16.87,0.00,0.47,0.00,0.00,0.00,9.47,0.00,3.63,0.00,0.00,0.00,0.00
185,3w,PjMx1,Basc1,95,0.00,0.00,94.18,16.58,0.00,0.45,0.00,0.00,0.00,9.59,0.00,3.87,0.00,0.00,0.00,0.00
185,3w,PjMx1,Basc1,105,0.00,0.00,92.94,16.08,0.00,0.43,0.00,0.00,0.00,9.40,0.00,3.98,0.00,0.00,0.00,0.00
185,3w,PjMx1,Basc1,115,0.00,0.00,89.06,15.40,0.00,0.41,0.00,0.00,0.00,8.96,0.00,3.99,0.00,0.00,0.00,0.00
185,3w,PjMx1,Basc1,125,0.00,0.00,83.02,14.56,0.00,0.38,0.00,0.00,0.00,8.34,0.00,3.89,0.00,0.00,0.00,0.00
185,3w,PjMx1,Basc1,135,0.00,0.00,75.43,13.60,0.00,0.34,0.00,0.00,0.00,7.61,0.00,3.71,0.00,0.00,0.00,0.00
185,3w,PjMx1,Basc1,145,0.00,0.00,66.89,12.54,0.00,0.31,0.00,0.00,0.00,6.81,0.00,3.46,0.00,0.00,0.00,0.00
185,3w,PjMx1,Basc1,155,0.00,0.00,57.95,11.42,0.00,0.28,0.00,0.00,0.00,5.98,0.00,3.17,0.00,0.00,0.00,0.00
185,3w,PjMx1,Basc1,165,0.00,0.00,49.12,10.26,0.00,0.24,0.00,0.00,0.00,5.18,0.00,2.84,0.00,0.00,0.00,0.00
185,3w,PjMx1,Basc1,175,0.00,0.00,40.76,9.10,0.00,0.21,0.00,0.00,0.00,4.41,0.00,2.51,0.00,0.00,0.00,0.00
185,3w,PjMx1,Basc1,185,0.00,0.00,33.15,7.97,0.00,0.18,0.00,0.00,0.00,3.70,0.00,2.17,0.00,0.00,0.00,0.00
185,3w,PjMx1,Basc1,195,0.00,0.00,26.44,6.88,0.00,0.15,0.00,0.00,0.00,3.06,0.00,1.85,0.00,0.00,0.00,0.00
185,3w,PjMx1,Basc1,205,0.00,0.00,20.70,5.86,0.00,0.12,0.00,0.00,0.00,2.50,0.00,1.56,0.00,0.00,0.00,0.00
185,3w,PjMx1,Basc1,215,0.00,0.00,15.91,4.93,0.00,0.10,0.00,0.00,0.00,2.01,0.00,1.29,0.00,0.00,0.00,0.00
185,3w,PjMx1,Basc1,225,0.00,0.00,12.02,4.09,0.00,0.08,0.00,0.00,0.00,1.59,0.00,1.05,0.00,0.00,0.00,0.00
185,3w,PjMx1,Basc1,235,0.00,0.00,8.92,3.35,0.00,0.06,0.00,0.00,0.00,1.25,0.00,0.84,0.00,0.00,0.00,0.00
185,3w,PjMx1,Basc1,245,0.00,0.00,6.52,2.70,0.00,0.05,0.00,0.00,0.00,0.96,0.00,0.66,0.00,0.00,0.00,0.00
185,3w,PjMx1,Basc1,255,0.00,0.00,4.68,2.15,0.00,0.04,0.00,0.00,0.00,0.73,0.00,0.51,0.00,0.00,0.00,0.00
186,Patnt,PjMx1,Basc1,5,0.00,0.00,0.00,0.00,0.00,0.00,0.00,0.00,0.00,0.00,0.00,0.00,0.00,0.00,0.00,0.00
186,Patnt,PjMx1,Basc1,15,0.00,0.00,8.60,2.29,0.00,0.06,0.00,0.00,0.00,0.56,0.00,0.07,0.00,0.00,0.00,0.00
186,Patnt,PjMx1,Basc1,25,0.00,0.00,20.66,7.08,0.00,0.19,0.00,0.00,0.00,1.65,0.00,0.22,0.00,0.00,0.00,0.00
186,Patnt,PjMx1,Basc1,35,0.00,0.00,34.83,12.10,0.00,0.32,0.00,0.00,0.00,3.13,0.00,0.43,0.00,0.00,0.00,0.00
186,Patnt,PjMx1,Basc1,45,0.00,0.00,49.89,15.74,0.00,0.40,0.00,0.00,0.00,4.79,0.00,0.67,0.00,0.00,0.00,0.00
186,Patnt,PjMx1,Basc1,55,0.00,0.00,64.26,17.90,0.00,0.45,0.00,0.00,0.00,6.41,0.00,0.93,0.00,0.00,0.00,0.00
186,Patnt,PjMx1,Basc1,65,0.00,0.00,76.36,19.03,0.00,0.47,0.00,0.00,0.00,7.76,0.00,1.18,0.00,0.00,0.00,0.00
186,Patnt,PjMx1,Basc1,75,0.00,0.00,85.07,19.48,0.00,0.47,0.00,0.00,0.00,8.69,0.00,1.38,0.00,0.00,0.00,0.00
186,Patnt,PjMx1,Basc1,85,0.00,0.00,89.84,19.39,0.00,0.46,0.00,0.00,0.00,9.15,0.00,1.52,0.00,0.00,0.00,0.00
186,Patnt,PjMx1,Basc1,95,0.00,0.00,90.53,18.84,0.00,0.44,0.00,0.00,0.00,9.16,0.00,1.60,0.00,0.00,0.00,0.00
186,Patnt,PjMx1,Basc1,105,0.00,0.00,87.44,17.88,0.00,0.41,0.00,0.00,0.00,8.78,0.00,1.62,0.00,0.00,0.00,0.00
186,Patnt,PjMx1,Basc1,115,0.00,0.00,81.19,16.60,0.00,0.38,0.00,0.00,0.00,8.11,0.00,1.57,0.00,0.00,0.00,0.00
186,Patnt,PjMx1,Basc1,125,0.00,0.00,72.62,15.06,0.00,0.33,0.00,0.00,0.00,7.25,0.00,1.47,0.00,0.00,0.00,0.00
186,Patnt,PjMx1,Basc1,135,0.00,0.00,62.69,13.36,0.00,0.29,0.00,0.00,0.00,6.28,0.00,1.33,0.00,0.00,0.00,0.00
186,Patnt,PjMx1,Basc1,145,0.00,0.00,52.31,11.60,0.00,0.25,0.00,0.00,0.00,5.29,0.00,1.17,0.00,0.00,0.00,0.00
186,Patnt,PjMx1,Basc1,155,0.00,0.00,42.24,9.84,0.00,0.20,0.00,0.00,0.00,4.33,0.00,0.99,0.00,0.00,0.00,0.00
186,Patnt,PjMx1,Basc1,165,0.00,0.00,33.04,8.16,0.00,0.16,0.00,0.00,0.00,3.46,0.00,0.82,0.00,0.00,0.00,0.00
186,Patnt,PjMx1,Basc1,175,0.00,0.00,25.07,6.62,0.00,0.13,0.00,0.00,0.00,2.69,0.00,0.66,0.00,0.00,0.00,0.00
186,Patnt,PjMx1,Basc1,185,0.00,0.00,18.46,5.24,0.00,0.10,0.00,0.00,0.00,2.05,0.00,0.52,0.00,0.00,0.00,0.00
186,Patnt,PjMx1,Basc1,195,0.00,0.00,13.21,4.06,0.00,0.07,0.00,0.00,0.00,1.52,0.00,0.40,0.00,0.00,0.00,0.00
186,Patnt,PjMx1,Basc1,205,0.00,0.00,9.19,3.08,0.00,0.05,0.00,0.00,0.00,1.10,0.00,0.29,0.00,0.00,0.00,0.00
186,Patnt,PjMx1,Basc1,215,0.00,0.00,6.22,2.28,0.00,0.04,0.00,0.00,0.00,0.78,0.00,0.21,0.00,0.00,0.00,0.00
186,Patnt,PjMx1,Basc1,225,0.00,0.00,4.09,1.65,0.00,0.03,0.00,0.00,0.00,0.54,0.00,0.15,0.00,0.00,0.00,0.00
186,Patnt,PjMx1,Basc1,235,0.00,0.00,2.63,1.16,0.00,0.02,0.00,0.00,0.00,0.36,0.00,0.10,0.00,0.00,0.00,0.00
186,Patnt,PjMx1,Basc1,245,0.00,0.00,1.64,0.80,0.00,0.01,0.00,0.00,0.00,0.24,0.00,0.07,0.00,0.00,0.00,0.00
186,Patnt,PjMx1,Basc1,255,0.00,0.00,1.00,0.54,0.00,9.24588985866698e-03,0.00,0.00,0.00,0.15,0.00,0.04,0.00,0.00,0.00,0.00
187,3w,PjMx1,Basc2,5,0.00,0.00,0.00,0.00,0.00,0.00,0.00,0.00,0.00,0.00,0.00,0.00,0.00,0.00,0.00,0.00
187,3w,PjMx1,Basc2,15,0.00,0.00,9.93,2.79,0.00,0.07,0.00,0.00,0.00,0.66,0.00,0.09,0.00,0.00,0.00,0.00
187,3w,PjMx1,Basc2,25,0.00,0.00,22.69,8.18,0.00,0.21,0.00,0.00,0.00,1.85,0.00,0.25,0.00,0.00,0.00,0.00
187,3w,PjMx1,Basc2,35,0.00,0.00,36.79,13.43,0.00,0.34,0.00,0.00,0.00,3.36,0.00,0.46,0.00,0.00,0.00,0.00
187,3w,PjMx1,Basc2,45,0.00,0.00,51.22,16.98,0.00,0.42,0.00,0.00,0.00,5.01,0.00,0.70,0.00,0.00,0.00,0.00
187,3w,PjMx1,Basc2,55,0.00,0.00,64.71,18.94,0.00,0.46,0.00,0.00,0.00,6.58,0.00,0.96,0.00,0.00,0.00,0.00
187,3w,PjMx1,Basc2,65,0.00,0.00,76.10,19.94,0.00,0.48,0.00,0.00,0.00,7.87,0.00,1.19,0.00,0.00,0.00,0.00
187,3w,PjMx1,Basc2,75,0.00,0.00,84.70,20.39,0.00,0.48,0.00,0.00,0.00,8.81,0.00,1.40,0.00,0.00,0.00,0.00
187,3w,PjMx1,Basc2,85,0.00,0.00,90.16,20.46,0.00,0.47,0.00,0.00,0.00,9.35,0.00,1.56,0.00,0.00,0.00,0.00
187,3w,PjMx1,Basc2,95,0.00,0.00,92.43,20.22,0.00,0.46,0.00,0.00,0.00,9.52,0.00,1.67,0.00,0.00,0.00,0.00
187,3w,PjMx1,Basc2,105,0.00,0.00,91.66,19.70,0.00,0.44,0.00,0.00,0.00,9.37,0.00,1.72,0.00,0.00,0.00,0.00
187,3w,PjMx1,Basc2,115,0.00,0.00,88.18,18.94,0.00,0.42,0.00,0.00,0.00,8.97,0.00,1.73,0.00,0.00,0.00,0.00
187,3w,PjMx1,Basc2,125,0.00,0.00,82.49,17.98,0.00,0.39,0.00,0.00,0.00,8.38,0.00,1.70,0.00,0.00,0.00,0.00
187,3w,PjMx1,Basc2,135,0.00,0.00,75.16,16.84,0.00,0.36,0.00,0.00,0.00,7.67,0.00,1.62,0.00,0.00,0.00,0.00
187,3w,PjMx1,Basc2,145,0.00,0.00,66.81,15.57,0.00,0.32,0.00,0.00,0.00,6.88,0.00,1.52,0.00,0.00,0.00,0.00
187,3w,PjMx1,Basc2,155,0.00,0.00,58.00,14.20,0.00,0.29,0.00,0.00,0.00,6.06,0.00,1.39,0.00,0.00,0.00,0.00
187,3w,PjMx1,Basc2,165,0.00,0.00,49.24,12.78,0.00,0.25,0.00,0.00,0.00,5.25,0.00,1.25,0.00,0.00,0.00,0.00
187,3w,PjMx1,Basc2,175,0.00,0.00,40.92,11.35,0.00,0.22,0.00,0.00,0.00,4.48,0.00,1.11,0.00,0.00,0.00,0.00
187,3w,PjMx1,Basc2,185,0.00,0.00,33.32,9.95,0.00,0.19,0.00,0.00,0.00,3.77,0.00,0.96,0.00,0.00,0.00,0.00
187,3w,PjMx1,Basc2,195,0.00,0.00,26.60,8.60,0.00,0.16,0.00,0.00,0.00,3.12,0.00,0.82,0.00,0.00,0.00,0.00
187,3w,PjMx1,Basc2,205,0.00,0.00,20.84,7.34,0.00,0.13,0.00,0.00,0.00,2.55,0.00,0.69,0.00,0.00,0.00,0.00
187,3w,PjMx1,Basc2,215,0.00,0.00,16.03,6.17,0.00,0.11,0.00,0.00,0.00,2.05,0.00,0.57,0.00,0.00,0.00,0.00
187,3w,PjMx1,Basc2,225,0.00,0.00,12.12,5.12,0.00,0.09,0.00,0.00,0.00,1.63,0.00,0.46,0.00,0.00,0.00,0.00
187,3w,PjMx1,Basc2,235,0.00,0.00,9.00,4.20,0.00,0.07,0.00,0.00,0.00,1.27,0.00,0.37,0.00,0.00,0.00,0.00
187,3w,PjMx1,Basc2,245,0.00,0.00,6.58,3.39,0.00,0.05,0.00,0.00,0.00,0.98,0.00,0.29,0.00,0.00,0.00,0.00
187,3w,PjMx1,Basc2,255,0.00,0.00,4.73,2.70,0.00,0.04,0.00,0.00,0.00,0.75,0.00,0.23,0.00,0.00,0.00,0.00
188,Patnt,PjMx1,Basc2,5,0.00,0.00,0.00,0.00,0.00,0.00,0.00,0.00,0.00,0.00,0.00,0.00,0.00,0.00,0.00,0.00
188,Patnt,PjMx1,Basc2,15,0.00,0.00,8.60,2.29,0.00,0.06,0.00,0.00,0.00,0.56,0.00,0.07,0.00,0.00,0.00,0.00
188,Patnt,PjMx1,Basc2,25,0.00,0.00,20.66,7.08,0.00,0.19,0.00,0.00,0.00,1.65,0.00,0.22,0.00,0.00,0.00,0.00
188,Patnt,PjMx1,Basc2,35,0.00,0.00,34.83,12.10,0.00,0.32,0.00,0.00,0.00,3.13,0.00,0.43,0.00,0.00,0.00,0.00
188,Patnt,PjMx1,Basc2,45,0.00,0.00,49.89,15.74,0.00,0.40,0.00,0.00,0.00,4.79,0.00,0.67,0.00,0.00,0.00,0.00
188,Patnt,PjMx1,Basc2,55,0.00,0.00,64.26,17.90,0.00,0.45,0.00,0.00,0.00,6.41,0.00,0.93,0.00,0.00,0.00,0.00
188,Patnt,PjMx1,Basc2,65,0.00,0.00,76.36,19.03,0.00,0.47,0.00,0.00,0.00,7.76,0.00,1.18,0.00,0.00,0.00,0.00
188,Patnt,PjMx1,Basc2,75,0.00,0.00,85.07,19.48,0.00,0.47,0.00,0.00,0.00,8.69,0.00,1.38,0.00,0.00,0.00,0.00
188,Patnt,PjMx1,Basc2,85,0.00,0.00,89.84,19.39,0.00,0.46,0.00,0.00,0.00,9.15,0.00,1.52,0.00,0.00,0.00,0.00
188,Patnt,PjMx1,Basc2,95,0.00,0.00,90.53,18.84,0.00,0.44,0.00,0.00,0.00,9.16,0.00,1.60,0.00,0.00,0.00,0.00
188,Patnt,PjMx1,Basc2,105,0.00,0.00,87.44,17.88,0.00,0.41,0.00,0.00,0.00,8.78,0.00,1.62,0.00,0.00,0.00,0.00
188,Patnt,PjMx1,Basc2,115,0.00,0.00,81.19,16.60,0.00,0.38,0.00,0.00,0.00,8.11,0.00,1.57,0.00,0.00,0.00,0.00
188,Patnt,PjMx1,Basc2,125,0.00,0.00,72.62,15.06,0.00,0.33,0.00,0.00,0.00,7.25,0.00,1.47,0.00,0.00,0.00,0.00
188,Patnt,PjMx1,Basc2,135,0.00,0.00,62.69,13.36,0.00,0.29,0.00,0.00,0.00,6.28,0.00,1.33,0.00,0.00,0.00,0.00
188,Patnt,PjMx1,Basc2,145,0.00,0.00,52.31,11.60,0.00,0.25,0.00,0.00,0.00,5.29,0.00,1.17,0.00,0.00,0.00,0.00
188,Patnt,PjMx1,Basc2,155,0.00,0.00,42.24,9.84,0.00,0.20,0.00,0.00,0.00,4.33,0.00,0.99,0.00,0.00,0.00,0.00
188,Patnt,PjMx1,Basc2,165,0.00,0.00,33.04,8.16,0.00,0.16,0.00,0.00,0.00,3.46,0.00,0.82,0.00,0.00,0.00,0.00
188,Patnt,PjMx1,Basc2,175,0.00,0.00,25.07,6.62,0.00,0.13,0.00,0.00,0.00,2.69,0.00,0.66,0.00,0.00,0.00,0.00
188,Patnt,PjMx1,Basc2,185,0.00,0.00,18.46,5.24,0.00,0.10,0.00,0.00,0.00,2.05,0.00,0.52,0.00,0.00,0.00,0.00
188,Patnt,PjMx1,Basc2,195,0.00,0.00,13.21,4.06,0.00,0.07,0.00,0.00,0.00,1.52,0.00,0.40,0.00,0.00,0.00,0.00
188,Patnt,PjMx1,Basc2,205,0.00,0.00,9.19,3.08,0.00,0.05,0.00,0.00,0.00,1.10,0.00,0.29,0.00,0.00,0.00,0.00
188,Patnt,PjMx1,Basc2,215,0.00,0.00,6.22,2.28,0.00,0.04,0.00,0.00,0.00,0.78,0.00,0.21,0.00,0.00,0.00,0.00
188,Patnt,PjMx1,Basc2,225,0.00,0.00,4.09,1.65,0.00,0.03,0.00,0.00,0.00,0.54,0.00,0.15,0.00,0.00,0.00,0.00
188,Patnt,PjMx1,Basc2,235,0.00,0.00,2.63,1.16,0.00,0.02,0.00,0.00,0.00,0.36,0.00,0.10,0.00,0.00,0.00,0.00
188,Patnt,PjMx1,Basc2,245,0.00,0.00,1.64,0.80,0.00,0.01,0.00,0.00,0.00,0.24,0.00,0.07,0.00,0.00,0.00,0.00
188,Patnt,PjMx1,Basc2,255,0.00,0.00,1.00,0.54,0.00,9.24588985866698e-03,0.00,0.00,0.00,0.15,0.00,0.04,0.00,0.00,0.00,0.00
189,3w,PjMx1,Intn1,5,0.00,0.00,0.00,0.00,0.00,0.00,0.00,0.00,0.00,0.00,0.00,0.00,0.00,0.00,0.00,0.00
189,3w,PjMx1,Intn1,15,0.00,0.09,10.22,2.71,0.16,0.07,0.00,0.00,0.00,0.87,0.00,0.09,0.00,0.00,0.00,0.00
189,3w,PjMx1,Intn1,25,0.00,0.24,23.39,7.97,0.36,0.22,0.00,0.00,0.00,2.43,0.00,0.26,0.00,0.00,0.00,0.00
189,3w,PjMx1,Intn1,35,0.00,0.44,37.67,12.99,0.53,0.36,0.00,0.00,0.00,4.40,0.00,0.48,0.00,0.00,0.00,0.00
189,3w,PjMx1,Intn1,45,0.00,0.67,51.97,16.28,0.65,0.44,0.00,0.00,0.00,6.49,0.00,0.73,0.00,0.00,0.00,0.00
189,3w,PjMx1,Intn1,55,0.00,0.92,65.08,18.00,0.73,0.47,0.00,0.00,0.00,8.44,0.00,0.99,0.00,0.00,0.00,0.00
189,3w,PjMx1,Intn1,65,0.00,1.17,75.95,18.80,0.78,0.49,0.00,0.00,0.00,10.03,0.00,1.23,0.00,0.00,0.00,0.00
189,3w,PjMx1,Intn1,75,0.00,1.40,83.96,19.09,0.79,0.49,0.00,0.00,0.00,11.14,0.00,1.42,0.00,0.00,0.00,0.00
189,3w,PjMx1,Intn1,85,0.00,1.59,88.86,19.05,0.80,0.48,0.00,0.00,0.00,11.76,0.00,1.58,0.00,0.00,0.00,0.00
189,3w,PjMx1,Intn1,95,0.00,1.75,90.65,18.73,0.78,0.46,0.00,0.00,0.00,11.92,0.00,1.68,0.00,0.00,0.00,0.00
189,3w,PjMx1,Intn1,105,0.00,1.87,89.52,18.18,0.76,0.44,0.00,0.00,0.00,11.69,0.00,1.73,0.00,0.00,0.00,0.00
189,3w,PjMx1,Intn1,115,0.00,1.94,85.82,17.42,0.73,0.41,0.00,0.00,0.00,11.15,0.00,1.74,0.00,0.00,0.00,0.00
189,3w,PjMx1,Intn1,125,0.00,1.96,80.04,16.48,0.69,0.38,0.00,0.00,0.00,10.39,0.00,1.70,0.00,0.00,0.00,0.00
189,3w,PjMx1,Intn1,135,0.00,1.94,72.75,15.40,0.64,0.35,0.00,0.00,0.00,9.47,0.00,1.62,0.00,0.00,0.00,0.00
189,3w,PjMx1,Intn1,145,0.00,1.88,64.52,14.20,0.59,0.32,0.00,0.00,0.00,8.48,0.00,1.51,0.00,0.00,0.00,0.00
189,3w,PjMx1,Intn1,155,0.00,1.78,55.91,12.93,0.54,0.28,0.00,0.00,0.00,7.46,0.00,1.38,0.00,0.00,0.00,0.00
189,3w,PjMx1,Intn1,165,0.00,1.66,47.39,11.62,0.49,0.25,0.00,0.00,0.00,6.45,0.00,1.24,0.00,0.00,0.00,0.00
189,3w,PjMx1,Intn1,175,0.00,1.52,39.33,10.31,0.43,0.21,0.00,0.00,0.00,5.50,0.00,1.09,0.00,0.00,0.00,0.00
189,3w,PjMx1,Intn1,185,0.00,1.36,31.98,9.02,0.38,0.18,0.00,0.00,0.00,4.62,0.00,0.95,0.00,0.00,0.00,0.00
189,3w,PjMx1,Intn1,195,0.00,1.21,25.51,7.79,0.32,0.15,0.00,0.00,0.00,3.82,0.00,0.81,0.00,0.00,0.00,0.00
189,3w,PjMx1,Intn1,205,0.00,1.05,19.97,6.64,0.28,0.13,0.00,0.00,0.00,3.12,0.00,0.68,0.00,0.00,0.00,0.00
189,3w,PjMx1,Intn1,215,0.00,0.89,15.35,5.58,0.23,0.10,0.00,0.00,0.00,2.51,0.00,0.56,0.00,0.00,0.00,0.00
189,3w,PjMx1,Intn1,225,0.00,0.75,11.59,4.63,0.19,0.08,0.00,0.00,0.00,1.99,0.00,0.45,0.00,0.00,0.00,0.00
189,3w,PjMx1,Intn1,235,0.00,0.62,8.61,3.79,0.16,0.07,0.00,0.00,0.00,1.55,0.00,0.36,0.00,0.00,0.00,0.00
189,3w,PjMx1,Intn1,245,0.00,0.51,6.28,3.06,0.12,0.05,0.00,0.00,0.00,1.20,0.00,0.29,0.00,0.00,0.00,0.00
189,3w,PjMx1,Intn1,255,0.00,0.41,4.51,2.44,0.10,0.04,0.00,0.00,0.00,0.91,0.00,0.22,0.00,0.00,0.00,0.00
190,Patnt,PjMx1,Intn1,5,0.00,0.00,0.00,0.00,0.00,0.00,0.00,0.00,0.00,0.00,0.00,0.00,0.00,0.00,0.00,0.00
190,Patnt,PjMx1,Intn1,15,0.00,0.00,8.60,2.29,0.00,0.06,0.00,0.00,0.00,0.56,0.00,0.07,0.00,0.00,0.00,0.00
190,Patnt,PjMx1,Intn1,25,0.00,0.00,20.66,7.08,0.00,0.19,0.00,0.00,0.00,1.65,0.00,0.22,0.00,0.00,0.00,0.00
190,Patnt,PjMx1,Intn1,35,0.00,0.00,34.83,12.10,0.00,0.32,0.00,0.00,0.00,3.13,0.00,0.43,0.00,0.00,0.00,0.00
190,Patnt,PjMx1,Intn1,45,0.00,0.00,49.89,15.74,0.00,0.40,0.00,0.00,0.00,4.79,0.00,0.67,0.00,0.00,0.00,0.00
190,Patnt,PjMx1,Intn1,55,0.00,0.00,64.26,17.90,0.00,0.45,0.00,0.00,0.00,6.41,0.00,0.93,0.00,0.00,0.00,0.00
190,Patnt,PjMx1,Intn1,65,0.00,0.00,76.36,19.03,0.00,0.47,0.00,0.00,0.00,7.76,0.00,1.18,0.00,0.00,0.00,0.00
190,Patnt,PjMx1,Intn1,75,0.00,0.00,85.07,19.48,0.00,0.47,0.00,0.00,0.00,8.69,0.00,1.38,0.00,0.00,0.00,0.00
190,Patnt,PjMx1,Intn1,85,0.00,0.00,89.84,19.39,0.00,0.46,0.00,0.00,0.00,9.15,0.00,1.52,0.00,0.00,0.00,0.00
190,Patnt,PjMx1,Intn1,95,0.00,0.00,90.53,18.84,0.00,0.44,0.00,0.00,0.00,9.16,0.00,1.60,0.00,0.00,0.00,0.00
190,Patnt,PjMx1,Intn1,105,0.00,0.00,87.44,17.88,0.00,0.41,0.00,0.00,0.00,8.78,0.00,1.62,0.00,0.00,0.00,0.00
190,Patnt,PjMx1,Intn1,115,0.00,0.00,81.19,16.60,0.00,0.38,0.00,0.00,0.00,8.11,0.00,1.57,0.00,0.00,0.00,0.00
190,Patnt,PjMx1,Intn1,125,0.00,0.00,72.62,15.06,0.00,0.33,0.00,0.00,0.00,7.25,0.00,1.47,0.00,0.00,0.00,0.00
190,Patnt,PjMx1,Intn1,135,0.00,0.00,62.69,13.36,0.00,0.29,0.00,0.00,0.00,6.28,0.00,1.33,0.00,0.00,0.00,0.00
190,Patnt,PjMx1,Intn1,145,0.00,0.00,52.31,11.60,0.00,0.25,0.00,0.00,0.00,5.29,0.00,1.17,0.00,0.00,0.00,0.00
190,Patnt,PjMx1,Intn1,155,0.00,0.00,42.24,9.84,0.00,0.20,0.00,0.00,0.00,4.33,0.00,0.99,0.00,0.00,0.00,0.00
190,Patnt,PjMx1,Intn1,165,0.00,0.00,33.04,8.16,0.00,0.16,0.00,0.00,0.00,3.46,0.00,0.82,0.00,0.00,0.00,0.00
190,Patnt,PjMx1,Intn1,175,0.00,0.00,25.07,6.62,0.00,0.13,0.00,0.00,0.00,2.69,0.00,0.66,0.00,0.00,0.00,0.00
190,Patnt,PjMx1,Intn1,185,0.00,0.00,18.46,5.24,0.00,0.10,0.00,0.00,0.00,2.05,0.00,0.52,0.00,0.00,0.00,0.00
190,Patnt,PjMx1,Intn1,195,0.00,0.00,13.21,4.06,0.00,0.07,0.00,0.00,0.00,1.52,0.00,0.40,0.00,0.00,0.00,0.00
190,Patnt,PjMx1,Intn1,205,0.00,0.00,9.19,3.08,0.00,0.05,0.00,0.00,0.00,1.10,0.00,0.29,0.00,0.00,0.00,0.00
190,Patnt,PjMx1,Intn1,215,0.00,0.00,6.22,2.28,0.00,0.04,0.00,0.00,0.00,0.78,0.00,0.21,0.00,0.00,0.00,0.00
190,Patnt,PjMx1,Intn1,225,0.00,0.00,4.09,1.65,0.00,0.03,0.00,0.00,0.00,0.54,0.00,0.15,0.00,0.00,0.00,0.00
190,Patnt,PjMx1,Intn1,235,0.00,0.00,2.63,1.16,0.00,0.02,0.00,0.00,0.00,0.36,0.00,0.10,0.00,0.00,0.00,0.00
190,Patnt,PjMx1,Intn1,245,0.00,0.00,1.64,0.80,0.00,0.01,0.00,0.00,0.00,0.24,0.00,0.07,0.00,0.00,0.00,0.00
190,Patnt,PjMx1,Intn1,255,0.00,0.00,1.00,0.54,0.00,9.24588985866698e-03,0.00,0.00,0.00,0.15,0.00,0.04,0.00,0.00,0.00,0.00
191,3w,PjMx1,Intn2,5,0.00,0.00,0.00,0.00,0.00,0.00,0.00,0.00,0.00,0.00,0.00,0.00,0.00,0.00,0.00,0.00
191,3w,PjMx1,Intn2,15,0.00,0.00,8.36,2.60,0.00,0.00,0.00,0.00,0.00,0.42,0.00,0.05,0.00,0.00,0.00,0.00
191,3w,PjMx1,Intn2,25,0.00,0.00,19.03,7.60,0.00,0.00,0.00,0.00,0.00,1.17,0.00,0.14,0.00,0.00,0.00,0.00
191,3w,PjMx1,Intn2,35,0.00,0.00,31.05,12.56,0.00,0.00,0.00,0.00,0.00,2.15,0.00,0.25,0.00,0.00,0.00,0.00
191,3w,PjMx1,Intn2,45,0.00,0.00,43.62,16.03,0.00,0.00,0.00,0.00,0.00,3.24,0.00,0.39,0.00,0.00,0.00,0.00
191,3w,PjMx1,Intn2,55,0.00,0.00,55.62,18.04,0.00,0.00,0.00,0.00,0.00,4.29,0.00,0.54,0.00,0.00,0.00,0.00
191,3w,PjMx1,Intn2,65,0.00,0.00,65.96,19.15,0.00,0.00,0.00,0.00,0.00,5.18,0.00,0.68,0.00,0.00,0.00,0.00
191,3w,PjMx1,Intn2,75,0.00,0.00,73.93,19.72,0.00,0.00,0.00,0.00,0.00,5.83,0.00,0.80,0.00,0.00,0.00,0.00
191,3w,PjMx1,Intn2,85,0.00,0.00,79.16,19.90,0.00,0.00,0.00,0.00,0.00,6.22,0.00,0.90,0.00,0.00,0.00,0.00
191,3w,PjMx1,Intn2,95,0.00,0.00,81.56,19.77,0.00,0.00,0.00,0.00,0.00,6.37,0.00,0.97,0.00,0.00,0.00,0.00
191,3w,PjMx1,Intn2,105,0.00,0.00,81.21,19.34,0.00,0.00,0.00,0.00,0.00,6.30,0.00,1.01,0.00,0.00,0.00,0.00
191,3w,PjMx1,Intn2,115,0.00,0.00,78.41,18.67,0.00,0.00,0.00,0.00,0.00,6.05,0.00,1.02,0.00,0.00,0.00,0.00
191,3w,PjMx1,Intn2,125,0.00,0.00,73.56,17.77,0.00,0.00,0.00,0.00,0.00,5.67,0.00,1.00,0.00,0.00,0.00,0.00
191,3w,PjMx1,Intn2,135,0.00,0.00,67.20,16.68,0.00,0.00,0.00,0.00,0.00,5.20,0.00,0.96,0.00,0.00,0.00,0.00
191,3w,PjMx1,Intn2,145,0.00,0.00,59.85,15.45,0.00,0.00,0.00,0.00,0.00,4.67,0.00,0.90,0.00,0.00,0.00,0.00
191,3w,PjMx1,Intn2,155,0.00,0.00,52.05,14.12,0.00,0.00,0.00,0.00,0.00,4.12,0.00,0.82,0.00,0.00,0.00,0.00
191,3w,PjMx1,Intn2,165,0.00,0.00,44.26,12.73,0.00,0.00,0.00,0.00,0.00,3.58,0.00,0.74,0.00,0.00,0.00,0.00
191,3w,PjMx1,Intn2,175,0.00,0.00,36.83,11.32,0.00,0.00,0.00,0.00,0.00,3.06,0.00,0.66,0.00,0.00,0.00,0.00
191,3w,PjMx1,Intn2,185,0.00,0.00,30.02,9.93,0.00,0.00,0.00,0.00,0.00,2.57,0.00,0.57,0.00,0.00,0.00,0.00
191,3w,PjMx1,Intn2,195,0.00,0.00,23.99,8.60,0.00,0.00,0.00,0.00,0.00,2.13,0.00,0.49,0.00,0.00,0.00,0.00
191,3w,PjMx1,Intn2,205,0.00,0.00,18.81,7.34,0.00,0.00,0.00,0.00,0.00,1.74,0.00,0.41,0.00,0.00,0.00,0.00
191,3w,PjMx1,Intn2,215,0.00,0.00,14.48,6.18,0.00,0.00,0.00,0.00,0.00,1.40,0.00,0.34,0.00,0.00,0.00,0.00
191,3w,PjMx1,Intn2,225,0.00,0.00,10.95,5.13,0.00,0.00,0.00,0.00,0.00,1.11,0.00,0.27,0.00,0.00,0.00,0.00
191,3w,PjMx1,Intn2,235,0.00,0.00,8.14,4.20,0.00,0.00,0.00,0.00,0.00,0.87,0.00,0.22,0.00,0.00,0.00,0.00
191,3w,PjMx1,Intn2,245,0.00,0.00,5.95,3.40,0.00,0.00,0.00,0.00,0.00,0.67,0.00,0.17,0.00,0.00,0.00,0.00
191,3w,PjMx1,Intn2,255,0.00,0.00,4.28,2.71,0.00,0.00,0.00,0.00,0.00,0.51,0.00,0.13,0.00,0.00,0.00,0.00
192,Patnt,PjMx1,Intn2,5,0.00,0.00,0.00,0.00,0.00,0.00,0.00,0.00,0.00,0.00,0.00,0.00,0.00,0.00,0.00,0.00
192,Patnt,PjMx1,Intn2,15,0.00,0.00,8.60,2.29,0.00,0.06,0.00,0.00,0.00,0.56,0.00,0.07,0.00,0.00,0.00,0.00
192,Patnt,PjMx1,Intn2,25,0.00,0.00,20.66,7.08,0.00,0.19,0.00,0.00,0.00,1.65,0.00,0.22,0.00,0.00,0.00,0.00
192,Patnt,PjMx1,Intn2,35,0.00,0.00,34.83,12.10,0.00,0.32,0.00,0.00,0.00,3.13,0.00,0.43,0.00,0.00,0.00,0.00
192,Patnt,PjMx1,Intn2,45,0.00,0.00,49.89,15.74,0.00,0.40,0.00,0.00,0.00,4.79,0.00,0.67,0.00,0.00,0.00,0.00
192,Patnt,PjMx1,Intn2,55,0.00,0.00,64.26,17.90,0.00,0.45,0.00,0.00,0.00,6.41,0.00,0.93,0.00,0.00,0.00,0.00
192,Patnt,PjMx1,Intn2,65,0.00,0.00,76.36,19.03,0.00,0.47,0.00,0.00,0.00,7.76,0.00,1.18,0.00,0.00,0.00,0.00
192,Patnt,PjMx1,Intn2,75,0.00,0.00,85.07,19.48,0.00,0.47,0.00,0.00,0.00,8.69,0.00,1.38,0.00,0.00,0.00,0.00
192,Patnt,PjMx1,Intn2,85,0.00,0.00,89.84,19.39,0.00,0.46,0.00,0.00,0.00,9.15,0.00,1.52,0.00,0.00,0.00,0.00
192,Patnt,PjMx1,Intn2,95,0.00,0.00,90.53,18.84,0.00,0.44,0.00,0.00,0.00,9.16,0.00,1.60,0.00,0.00,0.00,0.00
192,Patnt,PjMx1,Intn2,105,0.00,0.00,87.44,17.88,0.00,0.41,0.00,0.00,0.00,8.78,0.00,1.62,0.00,0.00,0.00,0.00
192,Patnt,PjMx1,Intn2,115,0.00,0.00,81.19,16.60,0.00,0.38,0.00,0.00,0.00,8.11,0.00,1.57,0.00,0.00,0.00,0.00
192,Patnt,PjMx1,Intn2,125,0.00,0.00,72.62,15.06,0.00,0.33,0.00,0.00,0.00,7.25,0.00,1.47,0.00,0.00,0.00,0.00
192,Patnt,PjMx1,Intn2,135,0.00,0.00,62.69,13.36,0.00,0.29,0.00,0.00,0.00,6.28,0.00,1.33,0.00,0.00,0.00,0.00
192,Patnt,PjMx1,Intn2,145,0.00,0.00,52.31,11.60,0.00,0.25,0.00,0.00,0.00,5.29,0.00,1.17,0.00,0.00,0.00,0.00
192,Patnt,PjMx1,Intn2,155,0.00,0.00,42.24,9.84,0.00,0.20,0.00,0.00,0.00,4.33,0.00,0.99,0.00,0.00,0.00,0.00
192,Patnt,PjMx1,Intn2,165,0.00,0.00,33.04,8.16,0.00,0.16,0.00,0.00,0.00,3.46,0.00,0.82,0.00,0.00,0.00,0.00
192,Patnt,PjMx1,Intn2,175,0.00,0.00,25.07,6.62,0.00,0.13,0.00,0.00,0.00,2.69,0.00,0.66,0.00,0.00,0.00,0.00
192,Patnt,PjMx1,Intn2,185,0.00,0.00,18.46,5.24,0.00,0.10,0.00,0.00,0.00,2.05,0.00,0.52,0.00,0.00,0.00,0.00
192,Patnt,PjMx1,Intn2,195,0.00,0.00,13.21,4.06,0.00,0.07,0.00,0.00,0.00,1.52,0.00,0.40,0.00,0.00,0.00,0.00
192,Patnt,PjMx1,Intn2,205,0.00,0.00,9.19,3.08,0.00,0.05,0.00,0.00,0.00,1.10,0.00,0.29,0.00,0.00,0.00,0.00
192,Patnt,PjMx1,Intn2,215,0.00,0.00,6.22,2.28,0.00,0.04,0.00,0.00,0.00,0.78,0.00,0.21,0.00,0.00,0.00,0.00
192,Patnt,PjMx1,Intn2,225,0.00,0.00,4.09,1.65,0.00,0.03,0.00,0.00,0.00,0.54,0.00,0.15,0.00,0.00,0.00,0.00
192,Patnt,PjMx1,Intn2,235,0.00,0.00,2.63,1.16,0.00,0.02,0.00,0.00,0.00,0.36,0.00,0.10,0.00,0.00,0.00,0.00
192,Patnt,PjMx1,Intn2,245,0.00,0.00,1.64,0.80,0.00,0.01,0.00,0.00,0.00,0.24,0.00,0.07,0.00,0.00,0.00,0.00
192,Patnt,PjMx1,Intn2,255,0.00,0.00,1.00,0.54,0.00,9.24588985866698e-03,0.00,0.00,0.00,0.15,0.00,0.04,0.00,0.00,0.00,0.00
193,3w,PjMx1,Succ,5,0.00,0.00,0.00,0.00,0.00,0.00,0.00,0.00,0.00,0.00,0.00,0.00,0.00,0.00,0.00,0.00
193,3w,PjMx1,Succ,15,0.00,0.00,9.93,2.79,0.00,0.07,0.00,0.00,0.00,0.66,0.00,0.09,0.00,0.00,0.00,0.00
193,3w,PjMx1,Succ,25,0.00,0.00,22.69,8.18,0.00,0.21,0.00,0.00,0.00,1.85,0.00,0.25,0.00,0.00,0.00,0.00
193,3w,PjMx1,Succ,35,0.00,0.00,36.79,13.43,0.00,0.34,0.00,0.00,0.00,3.36,0.00,0.46,0.00,0.00,0.00,0.00
193,3w,PjMx1,Succ,45,0.00,0.00,51.22,16.98,0.00,0.42,0.00,0.00,0.00,5.01,0.00,0.70,0.00,0.00,0.00,0.00
193,3w,PjMx1,Succ,55,0.00,0.00,64.71,18.94,0.00,0.46,0.00,0.00,0.00,6.58,0.00,0.96,0.00,0.00,0.00,0.00
193,3w,PjMx1,Succ,65,0.00,0.00,76.10,19.94,0.00,0.48,0.00,0.00,0.00,7.87,0.00,1.19,0.00,0.00,0.00,0.00
193,3w,PjMx1,Succ,75,0.00,0.00,84.70,20.39,0.00,0.48,0.00,0.00,0.00,8.81,0.00,1.40,0.00,0.00,0.00,0.00
193,3w,PjMx1,Succ,85,0.00,0.00,90.16,20.46,0.00,0.47,0.00,0.00,0.00,9.35,0.00,1.56,0.00,0.00,0.00,0.00
193,3w,PjMx1,Succ,95,0.00,0.00,92.43,20.22,0.00,0.46,0.00,0.00,0.00,9.52,0.00,1.67,0.00,0.00,0.00,0.00
193,3w,PjMx1,Succ,105,0.00,0.00,91.66,19.70,0.00,0.44,0.00,0.00,0.00,9.37,0.00,1.72,0.00,0.00,0.00,0.00
193,3w,PjMx1,Succ,115,0.00,0.00,88.18,18.94,0.00,0.42,0.00,0.00,0.00,8.97,0.00,1.73,0.00,0.00,0.00,0.00
193,3w,PjMx1,Succ,125,0.00,0.00,82.49,17.98,0.00,0.39,0.00,0.00,0.00,8.38,0.00,1.70,0.00,0.00,0.00,0.00
193,3w,PjMx1,Succ,135,0.00,0.00,75.16,16.84,0.00,0.36,0.00,0.00,0.00,7.67,0.00,1.62,0.00,0.00,0.00,0.00
193,3w,PjMx1,Succ,145,0.00,0.00,66.81,15.57,0.00,0.32,0.00,0.00,0.00,6.88,0.00,1.52,0.00,0.00,0.00,0.00
193,3w,PjMx1,Succ,155,0.00,0.00,58.00,14.20,0.00,0.29,0.00,0.00,0.00,6.06,0.00,1.39,0.00,0.00,0.00,0.00
193,3w,PjMx1,Succ,165,0.00,0.00,49.24,12.78,0.00,0.25,0.00,0.00,0.00,5.25,0.00,1.25,0.00,0.00,0.00,0.00
193,3w,PjMx1,Succ,175,0.00,0.00,40.92,11.35,0.00,0.22,0.00,0.00,0.00,4.48,0.00,1.11,0.00,0.00,0.00,0.00
193,3w,PjMx1,Succ,185,0.00,0.00,33.32,9.95,0.00,0.19,0.00,0.00,0.00,3.77,0.00,0.96,0.00,0.00,0.00,0.00
193,3w,PjMx1,Succ,195,0.00,0.00,26.60,8.60,0.00,0.16,0.00,0.00,0.00,3.12,0.00,0.82,0.00,0.00,0.00,0.00
193,3w,PjMx1,Succ,205,0.00,0.00,20.84,7.34,0.00,0.13,0.00,0.00,0.00,2.55,0.00,0.69,0.00,0.00,0.00,0.00
193,3w,PjMx1,Succ,215,0.00,0.00,16.03,6.17,0.00,0.11,0.00,0.00,0.00,2.05,0.00,0.57,0.00,0.00,0.00,0.00
193,3w,PjMx1,Succ,225,0.00,0.00,12.12,5.12,0.00,0.09,0.00,0.00,0.00,1.63,0.00,0.46,0.00,0.00,0.00,0.00
193,3w,PjMx1,Succ,235,0.00,0.00,9.00,4.20,0.00,0.07,0.00,0.00,0.00,1.27,0.00,0.37,0.00,0.00,0.00,0.00
193,3w,PjMx1,Succ,245,0.00,0.00,6.58,3.39,0.00,0.05,0.00,0.00,0.00,0.98,0.00,0.29,0.00,0.00,0.00,0.00
193,3w,PjMx1,Succ,255,0.00,0.00,4.73,2.70,0.00,0.04,0.00,0.00,0.00,0.75,0.00,0.23,0.00,0.00,0.00,0.00
194,Patnt,PjMx1,Succ,5,0.00,0.00,0.00,0.00,0.00,0.00,0.00,0.00,0.00,0.00,0.00,0.00,0.00,0.00,0.00,0.00
194,Patnt,PjMx1,Succ,15,0.00,0.00,8.60,2.29,0.00,0.06,0.00,0.00,0.00,0.56,0.00,0.07,0.00,0.00,0.00,0.00
194,Patnt,PjMx1,Succ,25,0.00,0.00,20.66,7.08,0.00,0.19,0.00,0.00,0.00,1.65,0.00,0.22,0.00,0.00,0.00,0.00
194,Patnt,PjMx1,Succ,35,0.00,0.00,34.83,12.10,0.00,0.32,0.00,0.00,0.00,3.13,0.00,0.43,0.00,0.00,0.00,0.00
194,Patnt,PjMx1,Succ,45,0.00,0.00,49.89,15.74,0.00,0.40,0.00,0.00,0.00,4.79,0.00,0.67,0.00,0.00,0.00,0.00
194,Patnt,PjMx1,Succ,55,0.00,0.00,64.26,17.90,0.00,0.45,0.00,0.00,0.00,6.41,0.00,0.93,0.00,0.00,0.00,0.00
194,Patnt,PjMx1,Succ,65,0.00,0.00,76.36,19.03,0.00,0.47,0.00,0.00,0.00,7.76,0.00,1.18,0.00,0.00,0.00,0.00
194,Patnt,PjMx1,Succ,75,0.00,0.00,85.07,19.48,0.00,0.47,0.00,0.00,0.00,8.69,0.00,1.38,0.00,0.00,0.00,0.00
194,Patnt,PjMx1,Succ,85,0.00,0.00,89.84,19.39,0.00,0.46,0.00,0.00,0.00,9.15,0.00,1.52,0.00,0.00,0.00,0.00
194,Patnt,PjMx1,Succ,95,0.00,0.00,90.53,18.84,0.00,0.44,0.00,0.00,0.00,9.16,0.00,1.60,0.00,0.00,0.00,0.00
194,Patnt,PjMx1,Succ,105,0.00,0.00,87.44,17.88,0.00,0.41,0.00,0.00,0.00,8.78,0.00,1.62,0.00,0.00,0.00,0.00
194,Patnt,PjMx1,Succ,115,0.00,0.00,81.19,16.60,0.00,0.38,0.00,0.00,0.00,8.11,0.00,1.57,0.00,0.00,0.00,0.00
194,Patnt,PjMx1,Succ,125,0.00,0.00,72.62,15.06,0.00,0.33,0.00,0.00,0.00,7.25,0.00,1.47,0.00,0.00,0.00,0.00
194,Patnt,PjMx1,Succ,135,0.00,0.00,62.69,13.36,0.00,0.29,0.00,0.00,0.00,6.28,0.00,1.33,0.00,0.00,0.00,0.00
194,Patnt,PjMx1,Succ,145,0.00,0.00,52.31,11.60,0.00,0.25,0.00,0.00,0.00,5.29,0.00,1.17,0.00,0.00,0.00,0.00
194,Patnt,PjMx1,Succ,155,0.00,0.00,42.24,9.84,0.00,0.20,0.00,0.00,0.00,4.33,0.00,0.99,0.00,0.00,0.00,0.00
194,Patnt,PjMx1,Succ,165,0.00,0.00,33.04,8.16,0.00,0.16,0.00,0.00,0.00,3.46,0.00,0.82,0.00,0.00,0.00,0.00
194,Patnt,PjMx1,Succ,175,0.00,0.00,25.07,6.62,0.00,0.13,0.00,0.00,0.00,2.69,0.00,0.66,0.00,0.00,0.00,0.00
194,Patnt,PjMx1,Succ,185,0.00,0.00,18.46,5.24,0.00,0.10,0.00,0.00,0.00,2.05,0.00,0.52,0.00,0.00,0.00,0.00
194,Patnt,PjMx1,Succ,195,0.00,0.00,13.21,4.06,0.00,0.07,0.00,0.00,0.00,1.52,0.00,0.40,0.00,0.00,0.00,0.00
194,Patnt,PjMx1,Succ,205,0.00,0.00,9.19,3.08,0.00,0.05,0.00,0.00,0.00,1.10,0.00,0.29,0.00,0.00,0.00,0.00
194,Patnt,PjMx1,Succ,215,0.00,0.00,6.22,2.28,0.00,0.04,0.00,0.00,0.00,0.78,0.00,0.21,0.00,0.00,0.00,0.00
194,Patnt,PjMx1,Succ,225,0.00,0.00,4.09,1.65,0.00,0.03,0.00,0.00,0.00,0.54,0.00,0.15,0.00,0.00,0.00,0.00
194,Patnt,PjMx1,Succ,235,0.00,0.00,2.63,1.16,0.00,0.02,0.00,0.00,0.00,0.36,0.00,0.10,0.00,0.00,0.00,0.00
194,Patnt,PjMx1,Succ,245,0.00,0.00,1.64,0.80,0.00,0.01,0.00,0.00,0.00,0.24,0.00,0.07,0.00,0.00,0.00,0.00
194,Patnt,PjMx1,Succ,255,0.00,0.00,1.00,0.54,0.00,9.24588985866698e-03,0.00,0.00,0.00,0.15,0.00,0.04,0.00,0.00,0.00,0.00
195,3w,BfMx,Prsnt,5,0.00,0.00,0.00,0.00,0.00,0.00,0.00,0.00,0.00,0.00,0.00,0.00,0.00,0.00,0.00,0.00
195,3w,BfMx,Prsnt,15,0.00,0.00,0.05,0.99,0.42,0.94,0.14,0.00,0.00,0.13,0.00,0.13,0.00,0.00,0.00,0.00
195,3w,BfMx,Prsnt,25,0.00,0.00,0.22,5.14,1.62,4.82,0.32,0.00,0.00,0.67,0.00,0.62,0.00,0.00,0.00,0.00
195,3w,BfMx,Prsnt,35,0.00,0.00,0.55,12.52,3.52,11.46,0.55,0.00,0.00,1.81,0.00,1.70,0.00,0.00,0.00,0.00
195,3w,BfMx,Prsnt,45,0.00,0.00,1.01,20.86,5.75,18.62,0.80,0.00,0.00,3.56,0.00,3.42,0.00,0.00,0.00,0.00
195,3w,BfMx,Prsnt,55,0.00,0.00,1.55,28.17,7.88,24.64,1.03,0.00,0.00,5.66,0.00,5.63,0.00,0.00,0.00,0.00
195,3w,BfMx,Prsnt,65,0.00,0.00,2.08,33.95,9.65,29.20,1.22,0.00,0.00,7.76,0.00,8.04,0.00,0.00,0.00,0.00
195,3w,BfMx,Prsnt,75,0.00,0.00,2.57,38.50,11.04,32.60,1.37,0.00,0.00,9.63,0.00,10.43,0.00,0.00,0.00,0.00
195,3w,BfMx,Prsnt,85,0.00,0.00,2.99,42.14,12.13,35.11,1.48,0.00,0.00,11.15,0.00,12.68,0.00,0.00,0.00,0.00
195,3w,BfMx,Prsnt,95,0.00,0.00,3.31,45.03,12.99,36.89,1.55,0.00,0.00,12.27,0.00,14.68,0.00,0.00,0.00,0.00
195,3w,BfMx,Prsnt,105,0.00,0.00,3.53,47.21,13.63,37.99,1.58,0.00,0.00,13.00,0.00,16.34,0.00,0.00,0.00,0.00
195,3w,BfMx,Prsnt,115,0.00,0.00,3.65,48.69,14.06,38.48,1.58,0.00,0.00,13.35,0.00,17.62,0.00,0.00,0.00,0.00
195,3w,BfMx,Prsnt,125,0.00,0.00,3.66,49.50,14.30,38.39,1.56,0.00,0.00,13.37,0.00,18.49,0.00,0.00,0.00,0.00
195,3w,BfMx,Prsnt,135,0.00,0.00,3.57,49.68,14.35,37.78,1.50,0.00,0.00,13.09,0.00,18.94,0.00,0.00,0.00,0.00
195,3w,BfMx,Prsnt,145,0.00,0.00,3.40,49.25,14.23,36.71,1.43,0.00,0.00,12.60,0.00,19.01,0.00,0.00,0.00,0.00
195,3w,BfMx,Prsnt,155,0.00,0.00,3.17,48.27,13.95,35.25,1.34,0.00,0.00,11.93,0.00,18.73,0.00,0.00,0.00,0.00
195,3w,BfMx,Prsnt,165,0.00,0.00,2.90,46.80,13.53,33.48,1.24,0.00,0.00,11.13,0.00,18.14,0.00,0.00,0.00,0.00
195,3w,BfMx,Prsnt,175,0.00,0.00,2.60,44.91,12.99,31.45,1.13,0.00,0.00,10.27,0.00,17.31,0.00,0.00,0.00,0.00
195,3w,BfMx,Prsnt,185,0.00,0.00,2.30,42.66,12.34,29.24,1.01,0.00,0.00,9.35,0.00,16.29,0.00,0.00,0.00,0.00
195,3w,BfMx,Prsnt,195,0.00,0.00,2.00,40.15,11.61,26.92,0.90,0.00,0.00,8.43,0.00,15.14,0.00,0.00,0.00,0.00
195,3w,BfMx,Prsnt,205,0.00,0.00,1.71,37.43,10.83,24.54,0.79,0.00,0.00,7.53,0.00,13.90,0.00,0.00,0.00,0.00
195,3w,BfMx,Prsnt,215,0.00,0.00,1.44,34.58,10.01,22.17,0.68,0.00,0.00,6.65,0.00,12.62,0.00,0.00,0.00,0.00
195,3w,BfMx,Prsnt,225,0.00,0.00,1.20,31.66,9.17,19.84,0.59,0.00,0.00,5.82,0.00,11.34,0.00,0.00,0.00,0.00
195,3w,BfMx,Prsnt,235,0.00,0.00,0.99,28.74,8.32,17.60,0.50,0.00,0.00,5.05,0.00,10.09,0.00,0.00,0.00,0.00
195,3w,BfMx,Prsnt,245,0.00,0.00,0.80,25.87,7.49,15.48,0.42,0.00,0.00,4.35,0.00,8.89,0.00,0.00,0.00,0.00
195,3w,BfMx,Prsnt,255,0.00,0.00,0.65,23.10,6.69,13.49,0.35,0.00,0.00,3.71,0.00,7.76,0.00,0.00,0.00,0.00
196,Patnt,BfMx,Prsnt,5,0.00,0.00,0.00,0.00,0.00,0.00,0.00,0.00,0.00,0.00,0.00,0.00,0.00,0.00,0.00,0.00
196,Patnt,BfMx,Prsnt,15,0.00,0.00,0.02,0.44,0.17,0.48,0.06,0.00,0.00,0.06,0.00,0.05,0.00,0.00,0.00,0.00
196,Patnt,BfMx,Prsnt,25,0.00,0.00,0.12,2.52,0.74,2.72,0.16,0.00,0.00,0.35,0.00,0.30,0.00,0.00,0.00,0.00
196,Patnt,BfMx,Prsnt,35,0.00,0.00,0.32,6.82,1.78,7.17,0.32,0.00,0.00,1.05,0.00,0.91,0.00,0.00,0.00,0.00
196,Patnt,BfMx,Prsnt,45,0.00,0.00,0.65,12.58,3.23,12.90,0.51,0.00,0.00,2.28,0.00,2.03,0.00,0.00,0.00,0.00
196,Patnt,BfMx,Prsnt,55,0.00,0.00,1.09,18.76,4.89,18.85,0.73,0.00,0.00,4.01,0.00,3.68,0.00,0.00,0.00,0.00
196,Patnt,BfMx,Prsnt,65,0.00,0.00,1.63,24.90,6.59,24.60,0.96,0.00,0.00,6.06,0.00,5.79,0.00,0.00,0.00,0.00
196,Patnt,BfMx,Prsnt,75,0.00,0.00,2.20,31.00,8.28,30.15,1.17,0.00,0.00,8.25,0.00,8.26,0.00,0.00,0.00,0.00
196,Patnt,BfMx,Prsnt,85,0.00,0.00,2.80,37.15,9.96,35.55,1.39,0.00,0.00,10.46,0.00,10.98,0.00,0.00,0.00,0.00
196,Patnt,BfMx,Prsnt,95,0.00,0.00,3.39,43.32,11.64,40.76,1.58,0.00,0.00,12.57,0.00,13.88,0.00,0.00,0.00,0.00
196,Patnt,BfMx,Prsnt,105,0.00,0.00,3.94,49.43,13.29,45.69,1.76,0.00,0.00,14.49,0.00,16.81,0.00,0.00,0.00,0.00
196,Patnt,BfMx,Prsnt,115,0.00,0.00,4.41,55.32,14.88,50.21,1.92,0.00,0.00,16.15,0.00,19.67,0.00,0.00,0.00,0.00
196,Patnt,BfMx,Prsnt,125,0.00,0.00,4.79,60.86,16.37,54.20,2.04,0.00,0.00,17.49,0.00,22.33,0.00,0.00,0.00,0.00
196,Patnt,BfMx,Prsnt,135,0.00,0.00,5.04,65.89,17.73,57.55,2.12,0.00,0.00,18.49,0.00,24.69,0.00,0.00,0.00,0.00
196,Patnt,BfMx,Prsnt,145,0.00,0.00,5.17,70.28,18.92,60.17,2.17,0.00,0.00,19.14,0.00,26.65,0.00,0.00,0.00,0.00
196,Patnt,BfMx,Prsnt,155,0.00,0.00,5.17,73.89,19.90,61.99,2.18,0.00,0.00,19.44,0.00,28.17,0.00,0.00,0.00,0.00
196,Patnt,BfMx,Prsnt,165,0.00,0.00,5.06,76.63,20.64,62.96,2.16,0.00,0.00,19.41,0.00,29.19,0.00,0.00,0.00,0.00
196,Patnt,BfMx,Prsnt,175,0.00,0.00,4.84,78.44,21.13,63.09,2.10,0.00,0.00,19.09,0.00,29.72,0.00,0.00,0.00,0.00
196,Patnt,BfMx,Prsnt,185,0.00,0.00,4.55,79.27,21.36,62.40,2.01,0.00,0.00,18.50,0.00,29.75,0.00,0.00,0.00,0.00
196,Patnt,BfMx,Prsnt,195,0.00,0.00,4.19,79.11,21.32,60.92,1.89,0.00,0.00,17.69,0.00,29.32,0.00,0.00,0.00,0.00
196,Patnt,BfMx,Prsnt,205,0.00,0.00,3.79,78.00,21.03,58.74,1.76,0.00,0.00,16.70,0.00,28.47,0.00,0.00,0.00,0.00
196,Patnt,BfMx,Prsnt,215,0.00,0.00,3.38,76.00,20.49,55.96,1.61,0.00,0.00,15.57,0.00,27.27,0.00,0.00,0.00,0.00
196,Patnt,BfMx,Prsnt,225,0.00,0.00,2.96,73.18,19.74,52.67,1.45,0.00,0.00,14.34,0.00,25.77,0.00,0.00,0.00,0.00
196,Patnt,BfMx,Prsnt,235,0.00,0.00,2.56,69.67,18.80,49.00,1.29,0.00,0.00,13.05,0.00,24.04,0.00,0.00,0.00,0.00
196,Patnt,BfMx,Prsnt,245,0.00,0.00,2.18,65.58,17.70,45.06,1.14,0.00,0.00,11.74,0.00,22.15,0.00,0.00,0.00,0.00
196,Patnt,BfMx,Prsnt,255,0.00,0.00,1.83,61.05,16.48,40.97,0.99,0.00,0.00,10.44,0.00,20.16,0.00,0.00,0.00,0.00
197,3w,BfMx,Exten,5,0.00,0.00,0.00,0.00,0.00,0.00,0.00,0.00,0.00,0.00,0.00,0.00,0.00,0.00,0.00,0.00
197,3w,BfMx,Exten,15,0.00,0.00,0.00,0.01,5.18549904362604e-03,0.22,0.00,0.00,0.00,2.10633399125614e-03,0.00,9.65667218408199e-04,0.00,0.00,0.00,0.00
197,3w,BfMx,Exten,25,0.00,0.00,0.00,0.07,0.01,1.05,0.00,0.00,0.00,9.44323258845003e-03,0.00,4.24336555671391e-03,0.00,0.00,0.00,0.00
197,3w,BfMx,Exten,35,0.00,0.00,0.00,0.17,0.03,2.53,0.00,0.00,0.00,0.02,0.00,0.01,0.00,0.00,0.00,0.00
197,3w,BfMx,Exten,45,0.00,0.00,0.00,0.31,0.06,4.31,0.00,0.00,0.00,0.05,0.00,0.02,0.00,0.00,0.00,0.00
197,3w,BfMx,Exten,55,0.00,0.00,0.00,0.44,0.09,6.02,0.00,0.00,0.00,0.08,0.00,0.04,0.00,0.00,0.00,0.00
197,3w,BfMx,Exten,65,0.00,0.00,0.00,0.56,0.12,7.48,0.00,0.00,0.00,0.12,0.00,0.06,0.00,0.00,0.00,0.00
197,3w,BfMx,Exten,75,0.00,0.00,0.00,0.66,0.15,8.71,0.00,0.00,0.00,0.16,0.00,0.08,0.00,0.00,0.00,0.00
197,3w,BfMx,Exten,85,0.00,0.00,0.00,0.75,0.17,9.72,0.00,0.00,0.00,0.19,0.00,0.10,0.00,0.00,0.00,0.00
197,3w,BfMx,Exten,95,0.00,0.00,0.00,0.82,0.18,10.52,0.00,0.00,0.00,0.22,0.00,0.12,0.00,0.00,0.00,0.00
197,3w,BfMx,Exten,105,0.00,0.00,0.00,0.88,0.20,11.11,0.00,0.00,0.00,0.24,0.00,0.14,0.00,0.00,0.00,0.00
197,3w,BfMx,Exten,115,0.00,0.00,0.00,0.93,0.21,11.48,0.00,0.00,0.00,0.25,0.00,0.16,0.00,0.00,0.00,0.00
197,3w,BfMx,Exten,125,0.00,0.00,0.00,0.96,0.22,11.66,0.00,0.00,0.00,0.26,0.00,0.17,0.00,0.00,0.00,0.00
197,3w,BfMx,Exten,135,0.00,0.00,0.00,0.98,0.22,11.64,0.00,0.00,0.00,0.25,0.00,0.18,0.00,0.00,0.00,0.00
197,3w,BfMx,Exten,145,0.00,0.00,0.00,0.98,0.22,11.45,0.00,0.00,0.00,0.25,0.00,0.18,0.00,0.00,0.00,0.00
197,3w,BfMx,Exten,155,0.00,0.00,0.00,0.97,0.22,11.10,0.00,0.00,0.00,0.24,0.00,0.18,0.00,0.00,0.00,0.00
197,3w,BfMx,Exten,165,0.00,0.00,0.00,0.95,0.22,10.63,0.00,0.00,0.00,0.22,0.00,0.17,0.00,0.00,0.00,0.00
197,3w,BfMx,Exten,175,0.00,0.00,0.00,0.92,0.21,10.06,0.00,0.00,0.00,0.21,0.00,0.17,0.00,0.00,0.00,0.00
197,3w,BfMx,Exten,185,0.00,0.00,0.00,0.88,0.20,9.41,0.00,0.00,0.00,0.19,0.00,0.16,0.00,0.00,0.00,0.00
197,3w,BfMx,Exten,195,0.00,0.00,0.00,0.83,0.19,8.71,0.00,0.00,0.00,0.17,0.00,0.15,0.00,0.00,0.00,0.00
197,3w,BfMx,Exten,205,0.00,0.00,0.00,0.78,0.18,7.98,0.00,0.00,0.00,0.15,0.00,0.14,0.00,0.00,0.00,0.00
197,3w,BfMx,Exten,215,0.00,0.00,0.00,0.72,0.16,7.23,0.00,0.00,0.00,0.13,0.00,0.12,0.00,0.00,0.00,0.00
197,3w,BfMx,Exten,225,0.00,0.00,0.00,0.66,0.15,6.50,0.00,0.00,0.00,0.12,0.00,0.11,0.00,0.00,0.00,0.00
197,3w,BfMx,Exten,235,0.00,0.00,0.00,0.60,0.14,5.78,0.00,0.00,0.00,0.10,0.00,0.10,0.00,0.00,0.00,0.00
197,3w,BfMx,Exten,245,0.00,0.00,0.00,0.54,0.12,5.10,0.00,0.00,0.00,0.09,0.00,0.09,0.00,0.00,0.00,0.00
197,3w,BfMx,Exten,255,0.00,0.00,0.00,0.49,0.11,4.45,0.00,0.00,0.00,0.07,0.00,0.07,0.00,0.00,0.00,0.00
198,Patnt,BfMx,Exten,5,0.00,0.00,0.00,0.00,0.00,0.00,0.00,0.00,0.00,0.00,0.00,0.00,0.00,0.00,0.00,0.00
198,Patnt,BfMx,Exten,15,0.00,0.00,0.02,0.44,0.17,0.48,0.06,0.00,0.00,0.06,0.00,0.05,0.00,0.00,0.00,0.00
198,Patnt,BfMx,Exten,25,0.00,0.00,0.12,2.52,0.74,2.72,0.16,0.00,0.00,0.35,0.00,0.30,0.00,0.00,0.00,0.00
198,Patnt,BfMx,Exten,35,0.00,0.00,0.32,6.82,1.78,7.17,0.32,0.00,0.00,1.05,0.00,0.91,0.00,0.00,0.00,0.00
198,Patnt,BfMx,Exten,45,0.00,0.00,0.65,12.58,3.23,12.90,0.51,0.00,0.00,2.28,0.00,2.03,0.00,0.00,0.00,0.00
198,Patnt,BfMx,Exten,55,0.00,0.00,1.09,18.76,4.89,18.85,0.73,0.00,0.00,4.01,0.00,3.68,0.00,0.00,0.00,0.00
198,Patnt,BfMx,Exten,65,0.00,0.00,1.63,24.90,6.59,24.60,0.96,0.00,0.00,6.06,0.00,5.79,0.00,0.00,0.00,0.00
198,Patnt,BfMx,Exten,75,0.00,0.00,2.20,31.00,8.28,30.15,1.17,0.00,0.00,8.25,0.00,8.26,0.00,0.00,0.00,0.00
198,Patnt,BfMx,Exten,85,0.00,0.00,2.80,37.15,9.96,35.55,1.39,0.00,0.00,10.46,0.00,10.98,0.00,0.00,0.00,0.00
198,Patnt,BfMx,Exten,95,0.00,0.00,3.39,43.32,11.64,40.76,1.58,0.00,0.00,12.57,0.00,13.88,0.00,0.00,0.00,0.00
198,Patnt,BfMx,Exten,105,0.00,0.00,3.94,49.43,13.29,45.69,1.76,0.00,0.00,14.49,0.00,16.81,0.00,0.00,0.00,0.00
198,Patnt,BfMx,Exten,115,0.00,0.00,4.41,55.32,14.88,50.21,1.92,0.00,0.00,16.15,0.00,19.67,0.00,0.00,0.00,0.00
198,Patnt,BfMx,Exten,125,0.00,0.00,4.79,60.86,16.37,54.20,2.04,0.00,0.00,17.49,0.00,22.33,0.00,0.00,0.00,0.00
198,Patnt,BfMx,Exten,135,0.00,0.00,5.04,65.89,17.73,57.55,2.12,0.00,0.00,18.49,0.00,24.69,0.00,0.00,0.00,0.00
198,Patnt,BfMx,Exten,145,0.00,0.00,5.17,70.28,18.92,60.17,2.17,0.00,0.00,19.14,0.00,26.65,0.00,0.00,0.00,0.00
198,Patnt,BfMx,Exten,155,0.00,0.00,5.17,73.89,19.90,61.99,2.18,0.00,0.00,19.44,0.00,28.17,0.00,0.00,0.00,0.00
198,Patnt,BfMx,Exten,165,0.00,0.00,5.06,76.63,20.64,62.96,2.16,0.00,0.00,19.41,0.00,29.19,0.00,0.00,0.00,0.00
198,Patnt,BfMx,Exten,175,0.00,0.00,4.84,78.44,21.13,63.09,2.10,0.00,0.00,19.09,0.00,29.72,0.00,0.00,0.00,0.00
198,Patnt,BfMx,Exten,185,0.00,0.00,4.55,79.27,21.36,62.40,2.01,0.00,0.00,18.50,0.00,29.75,0.00,0.00,0.00,0.00
198,Patnt,BfMx,Exten,195,0.00,0.00,4.19,79.11,21.32,60.92,1.89,0.00,0.00,17.69,0.00,29.32,0.00,0.00,0.00,0.00
198,Patnt,BfMx,Exten,205,0.00,0.00,3.79,78.00,21.03,58.74,1.76,0.00,0.00,16.70,0.00,28.47,0.00,0.00,0.00,0.00
198,Patnt,BfMx,Exten,215,0.00,0.00,3.38,76.00,20.49,55.96,1.61,0.00,0.00,15.57,0.00,27.27,0.00,0.00,0.00,0.00
198,Patnt,BfMx,Exten,225,0.00,0.00,2.96,73.18,19.74,52.67,1.45,0.00,0.00,14.34,0.00,25.77,0.00,0.00,0.00,0.00
198,Patnt,BfMx,Exten,235,0.00,0.00,2.56,69.67,18.80,49.00,1.29,0.00,0.00,13.05,0.00,24.04,0.00,0.00,0.00,0.00
198,Patnt,BfMx,Exten,245,0.00,0.00,2.18,65.58,17.70,45.06,1.14,0.00,0.00,11.74,0.00,22.15,0.00,0.00,0.00,0.00
198,Patnt,BfMx,Exten,255,0.00,0.00,1.83,61.05,16.48,40.97,0.99,0.00,0.00,10.44,0.00,20.16,0.00,0.00,0.00,0.00
199,3w,BfMx,Basc1,5,0.00,0.00,0.00,0.00,0.00,0.00,0.00,0.00,0.00,0.00,0.00,0.00,0.00,0.00,0.00,0.00
199,3w,BfMx,Basc1,15,0.00,0.00,0.05,0.99,0.42,0.94,0.14,0.00,0.00,0.13,0.00,0.13,0.00,0.00,0.00,0.00
199,3w,BfMx,Basc1,25,0.00,0.00,0.22,5.14,1.62,4.82,0.32,0.00,0.00,0.67,0.00,0.62,0.00,0.00,0.00,0.00
199,3w,BfMx,Basc1,35,0.00,0.00,0.55,12.52,3.52,11.46,0.55,0.00,0.00,1.81,0.00,1.70,0.00,0.00,0.00,0.00
199,3w,BfMx,Basc1,45,0.00,0.00,1.01,20.86,5.75,18.62,0.80,0.00,0.00,3.56,0.00,3.42,0.00,0.00,0.00,0.00
199,3w,BfMx,Basc1,55,0.00,0.00,1.55,28.17,7.88,24.64,1.03,0.00,0.00,5.66,0.00,5.63,0.00,0.00,0.00,0.00
199,3w,BfMx,Basc1,65,0.00,0.00,2.08,33.95,9.65,29.20,1.22,0.00,0.00,7.76,0.00,8.04,0.00,0.00,0.00,0.00
199,3w,BfMx,Basc1,75,0.00,0.00,2.57,38.50,11.04,32.60,1.37,0.00,0.00,9.63,0.00,10.43,0.00,0.00,0.00,0.00
199,3w,BfMx,Basc1,85,0.00,0.00,2.99,42.14,12.13,35.11,1.48,0.00,0.00,11.15,0.00,12.68,0.00,0.00,0.00,0.00
199,3w,BfMx,Basc1,95,0.00,0.00,3.31,45.03,12.99,36.89,1.55,0.00,0.00,12.27,0.00,14.68,0.00,0.00,0.00,0.00
199,3w,BfMx,Basc1,105,0.00,0.00,3.53,47.21,13.63,37.99,1.58,0.00,0.00,13.00,0.00,16.34,0.00,0.00,0.00,0.00
199,3w,BfMx,Basc1,115,0.00,0.00,3.65,48.69,14.06,38.48,1.58,0.00,0.00,13.35,0.00,17.62,0.00,0.00,0.00,0.00
199,3w,BfMx,Basc1,125,0.00,0.00,3.66,49.50,14.30,38.39,1.56,0.00,0.00,13.37,0.00,18.49,0.00,0.00,0.00,0.00
199,3w,BfMx,Basc1,135,0.00,0.00,3.57,49.68,14.35,37.78,1.50,0.00,0.00,13.09,0.00,18.94,0.00,0.00,0.00,0.00
199,3w,BfMx,Basc1,145,0.00,0.00,3.40,49.25,14.23,36.71,1.43,0.00,0.00,12.60,0.00,19.01,0.00,0.00,0.00,0.00
199,3w,BfMx,Basc1,155,0.00,0.00,3.17,48.27,13.95,35.25,1.34,0.00,0.00,11.93,0.00,18.73,0.00,0.00,0.00,0.00
199,3w,BfMx,Basc1,165,0.00,0.00,2.90,46.80,13.53,33.48,1.24,0.00,0.00,11.13,0.00,18.14,0.00,0.00,0.00,0.00
199,3w,BfMx,Basc1,175,0.00,0.00,2.60,44.91,12.99,31.45,1.13,0.00,0.00,10.27,0.00,17.31,0.00,0.00,0.00,0.00
199,3w,BfMx,Basc1,185,0.00,0.00,2.30,42.66,12.34,29.24,1.01,0.00,0.00,9.35,0.00,16.29,0.00,0.00,0.00,0.00
199,3w,BfMx,Basc1,195,0.00,0.00,2.00,40.15,11.61,26.92,0.90,0.00,0.00,8.43,0.00,15.14,0.00,0.00,0.00,0.00
199,3w,BfMx,Basc1,205,0.00,0.00,1.71,37.43,10.83,24.54,0.79,0.00,0.00,7.53,0.00,13.90,0.00,0.00,0.00,0.00
199,3w,BfMx,Basc1,215,0.00,0.00,1.44,34.58,10.01,22.17,0.68,0.00,0.00,6.65,0.00,12.62,0.00,0.00,0.00,0.00
199,3w,BfMx,Basc1,225,0.00,0.00,1.20,31.66,9.17,19.84,0.59,0.00,0.00,5.82,0.00,11.34,0.00,0.00,0.00,0.00
199,3w,BfMx,Basc1,235,0.00,0.00,0.99,28.74,8.32,17.60,0.50,0.00,0.00,5.05,0.00,10.09,0.00,0.00,0.00,0.00
199,3w,BfMx,Basc1,245,0.00,0.00,0.80,25.87,7.49,15.48,0.42,0.00,0.00,4.35,0.00,8.89,0.00,0.00,0.00,0.00
199,3w,BfMx,Basc1,255,0.00,0.00,0.65,23.10,6.69,13.49,0.35,0.00,0.00,3.71,0.00,7.76,0.00,0.00,0.00,0.00
200,Patnt,BfMx,Basc1,5,0.00,0.00,0.00,0.00,0.00,0.00,0.00,0.00,0.00,0.00,0.00,0.00,0.00,0.00,0.00,0.00
200,Patnt,BfMx,Basc1,15,0.00,0.00,0.02,0.44,0.17,0.48,0.06,0.00,0.00,0.06,0.00,0.05,0.00,0.00,0.00,0.00
200,Patnt,BfMx,Basc1,25,0.00,0.00,0.12,2.52,0.74,2.72,0.16,0.00,0.00,0.35,0.00,0.30,0.00,0.00,0.00,0.00
200,Patnt,BfMx,Basc1,35,0.00,0.00,0.32,6.82,1.78,7.17,0.32,0.00,0.00,1.05,0.00,0.91,0.00,0.00,0.00,0.00
200,Patnt,BfMx,Basc1,45,0.00,0.00,0.65,12.58,3.23,12.90,0.51,0.00,0.00,2.28,0.00,2.03,0.00,0.00,0.00,0.00
200,Patnt,BfMx,Basc1,55,0.00,0.00,1.09,18.76,4.89,18.85,0.73,0.00,0.00,4.01,0.00,3.68,0.00,0.00,0.00,0.00
200,Patnt,BfMx,Basc1,65,0.00,0.00,1.63,24.90,6.59,24.60,0.96,0.00,0.00,6.06,0.00,5.79,0.00,0.00,0.00,0.00
200,Patnt,BfMx,Basc1,75,0.00,0.00,2.20,31.00,8.28,30.15,1.17,0.00,0.00,8.25,0.00,8.26,0.00,0.00,0.00,0.00
200,Patnt,BfMx,Basc1,85,0.00,0.00,2.80,37.15,9.96,35.55,1.39,0.00,0.00,10.46,0.00,10.98,0.00,0.00,0.00,0.00
200,Patnt,BfMx,Basc1,95,0.00,0.00,3.39,43.32,11.64,40.76,1.58,0.00,0.00,12.57,0.00,13.88,0.00,0.00,0.00,0.00
200,Patnt,BfMx,Basc1,105,0.00,0.00,3.94,49.43,13.29,45.69,1.76,0.00,0.00,14.49,0.00,16.81,0.00,0.00,0.00,0.00
200,Patnt,BfMx,Basc1,115,0.00,0.00,4.41,55.32,14.88,50.21,1.92,0.00,0.00,16.15,0.00,19.67,0.00,0.00,0.00,0.00
200,Patnt,BfMx,Basc1,125,0.00,0.00,4.79,60.86,16.37,54.20,2.04,0.00,0.00,17.49,0.00,22.33,0.00,0.00,0.00,0.00
200,Patnt,BfMx,Basc1,135,0.00,0.00,5.04,65.89,17.73,57.55,2.12,0.00,0.00,18.49,0.00,24.69,0.00,0.00,0.00,0.00
200,Patnt,BfMx,Basc1,145,0.00,0.00,5.17,70.28,18.92,60.17,2.17,0.00,0.00,19.14,0.00,26.65,0.00,0.00,0.00,0.00
200,Patnt,BfMx,Basc1,155,0.00,0.00,5.17,73.89,19.90,61.99,2.18,0.00,0.00,19.44,0.00,28.17,0.00,0.00,0.00,0.00
200,Patnt,BfMx,Basc1,165,0.00,0.00,5.06,76.63,20.64,62.96,2.16,0.00,0.00,19.41,0.00,29.19,0.00,0.00,0.00,0.00
200,Patnt,BfMx,Basc1,175,0.00,0.00,4.84,78.44,21.13,63.09,2.10,0.00,0.00,19.09,0.00,29.72,0.00,0.00,0.00,0.00
200,Patnt,BfMx,Basc1,185,0.00,0.00,4.55,79.27,21.36,62.40,2.01,0.00,0.00,18.50,0.00,29.75,0.00,0.00,0.00,0.00
200,Patnt,BfMx,Basc1,195,0.00,0.00,4.19,79.11,21.32,60.92,1.89,0.00,0.00,17.69,0.00,29.32,0.00,0.00,0.00,0.00
200,Patnt,BfMx,Basc1,205,0.00,0.00,3.79,78.00,21.03,58.74,1.76,0.00,0.00,16.70,0.00,28.47,0.00,0.00,0.00,0.00
200,Patnt,BfMx,Basc1,215,0.00,0.00,3.38,76.00,20.49,55.96,1.61,0.00,0.00,15.57,0.00,27.27,0.00,0.00,0.00,0.00
200,Patnt,BfMx,Basc1,225,0.00,0.00,2.96,73.18,19.74,52.67,1.45,0.00,0.00,14.34,0.00,25.77,0.00,0.00,0.00,0.00
200,Patnt,BfMx,Basc1,235,0.00,0.00,2.56,69.67,18.80,49.00,1.29,0.00,0.00,13.05,0.00,24.04,0.00,0.00,0.00,0.00
200,Patnt,BfMx,Basc1,245,0.00,0.00,2.18,65.58,17.70,45.06,1.14,0.00,0.00,11.74,0.00,22.15,0.00,0.00,0.00,0.00
200,Patnt,BfMx,Basc1,255,0.00,0.00,1.83,61.05,16.48,40.97,0.99,0.00,0.00,10.44,0.00,20.16,0.00,0.00,0.00,0.00
201,3w,BfMx,Basc2,5,0.00,0.00,0.00,0.00,0.00,0.00,0.00,0.00,0.00,0.00,0.00,0.00,0.00,0.00,0.00,0.00
201,3w,BfMx,Basc2,15,0.00,0.00,0.05,0.99,0.42,0.94,0.14,0.00,0.00,0.13,0.00,0.13,0.00,0.00,0.00,0.00
201,3w,BfMx,Basc2,25,0.00,0.00,0.22,5.14,1.62,4.82,0.32,0.00,0.00,0.67,0.00,0.62,0.00,0.00,0.00,0.00
201,3w,BfMx,Basc2,35,0.00,0.00,0.55,12.52,3.52,11.46,0.55,0.00,0.00,1.81,0.00,1.70,0.00,0.00,0.00,0.00
201,3w,BfMx,Basc2,45,0.00,0.00,1.01,20.86,5.75,18.62,0.80,0.00,0.00,3.56,0.00,3.42,0.00,0.00,0.00,0.00
201,3w,BfMx,Basc2,55,0.00,0.00,1.55,28.17,7.88,24.64,1.03,0.00,0.00,5.66,0.00,5.63,0.00,0.00,0.00,0.00
201,3w,BfMx,Basc2,65,0.00,0.00,2.08,33.95,9.65,29.20,1.22,0.00,0.00,7.76,0.00,8.04,0.00,0.00,0.00,0.00
201,3w,BfMx,Basc2,75,0.00,0.00,2.57,38.50,11.04,32.60,1.37,0.00,0.00,9.63,0.00,10.43,0.00,0.00,0.00,0.00
201,3w,BfMx,Basc2,85,0.00,0.00,2.99,42.14,12.13,35.11,1.48,0.00,0.00,11.15,0.00,12.68,0.00,0.00,0.00,0.00
201,3w,BfMx,Basc2,95,0.00,0.00,3.31,45.03,12.99,36.89,1.55,0.00,0.00,12.27,0.00,14.68,0.00,0.00,0.00,0.00
201,3w,BfMx,Basc2,105,0.00,0.00,3.53,47.21,13.63,37.99,1.58,0.00,0.00,13.00,0.00,16.34,0.00,0.00,0.00,0.00
201,3w,BfMx,Basc2,115,0.00,0.00,3.65,48.69,14.06,38.48,1.58,0.00,0.00,13.35,0.00,17.62,0.00,0.00,0.00,0.00
201,3w,BfMx,Basc2,125,0.00,0.00,3.66,49.50,14.30,38.39,1.56,0.00,0.00,13.37,0.00,18.49,0.00,0.00,0.00,0.00
201,3w,BfMx,Basc2,135,0.00,0.00,3.57,49.68,14.35,37.78,1.50,0.00,0.00,13.09,0.00,18.94,0.00,0.00,0.00,0.00
201,3w,BfMx,Basc2,145,0.00,0.00,3.40,49.25,14.23,36.71,1.43,0.00,0.00,12.60,0.00,19.01,0.00,0.00,0.00,0.00
201,3w,BfMx,Basc2,155,0.00,0.00,3.17,48.27,13.95,35.25,1.34,0.00,0.00,11.93,0.00,18.73,0.00,0.00,0.00,0.00
201,3w,BfMx,Basc2,165,0.00,0.00,2.90,46.80,13.53,33.48,1.24,0.00,0.00,11.13,0.00,18.14,0.00,0.00,0.00,0.00
201,3w,BfMx,Basc2,175,0.00,0.00,2.60,44.91,12.99,31.45,1.13,0.00,0.00,10.27,0.00,17.31,0.00,0.00,0.00,0.00
201,3w,BfMx,Basc2,185,0.00,0.00,2.30,42.66,12.34,29.24,1.01,0.00,0.00,9.35,0.00,16.29,0.00,0.00,0.00,0.00
201,3w,BfMx,Basc2,195,0.00,0.00,2.00,40.15,11.61,26.92,0.90,0.00,0.00,8.43,0.00,15.14,0.00,0.00,0.00,0.00
201,3w,BfMx,Basc2,205,0.00,0.00,1.71,37.43,10.83,24.54,0.79,0.00,0.00,7.53,0.00,13.90,0.00,0.00,0.00,0.00
201,3w,BfMx,Basc2,215,0.00,0.00,1.44,34.58,10.01,22.17,0.68,0.00,0.00,6.65,0.00,12.62,0.00,0.00,0.00,0.00
201,3w,BfMx,Basc2,225,0.00,0.00,1.20,31.66,9.17,19.84,0.59,0.00,0.00,5.82,0.00,11.34,0.00,0.00,0.00,0.00
201,3w,BfMx,Basc2,235,0.00,0.00,0.99,28.74,8.32,17.60,0.50,0.00,0.00,5.05,0.00,10.09,0.00,0.00,0.00,0.00
201,3w,BfMx,Basc2,245,0.00,0.00,0.80,25.87,7.49,15.48,0.42,0.00,0.00,4.35,0.00,8.89,0.00,0.00,0.00,0.00
201,3w,BfMx,Basc2,255,0.00,0.00,0.65,23.10,6.69,13.49,0.35,0.00,0.00,3.71,0.00,7.76,0.00,0.00,0.00,0.00
202,Patnt,BfMx,Basc2,5,0.00,0.00,0.00,0.00,0.00,0.00,0.00,0.00,0.00,0.00,0.00,0.00,0.00,0.00,0.00,0.00
202,Patnt,BfMx,Basc2,15,0.00,0.00,0.02,0.44,0.17,0.48,0.06,0.00,0.00,0.06,0.00,0.05,0.00,0.00,0.00,0.00
202,Patnt,BfMx,Basc2,25,0.00,0.00,0.12,2.52,0.74,2.72,0.16,0.00,0.00,0.35,0.00,0.30,0.00,0.00,0.00,0.00
202,Patnt,BfMx,Basc2,35,0.00,0.00,0.32,6.82,1.78,7.17,0.32,0.00,0.00,1.05,0.00,0.91,0.00,0.00,0.00,0.00
202,Patnt,BfMx,Basc2,45,0.00,0.00,0.65,12.58,3.23,12.90,0.51,0.00,0.00,2.28,0.00,2.03,0.00,0.00,0.00,0.00
202,Patnt,BfMx,Basc2,55,0.00,0.00,1.09,18.76,4.89,18.85,0.73,0.00,0.00,4.01,0.00,3.68,0.00,0.00,0.00,0.00
202,Patnt,BfMx,Basc2,65,0.00,0.00,1.63,24.90,6.59,24.60,0.96,0.00,0.00,6.06,0.00,5.79,0.00,0.00,0.00,0.00
202,Patnt,BfMx,Basc2,75,0.00,0.00,2.20,31.00,8.28,30.15,1.17,0.00,0.00,8.25,0.00,8.26,0.00,0.00,0.00,0.00
202,Patnt,BfMx,Basc2,85,0.00,0.00,2.80,37.15,9.96,35.55,1.39,0.00,0.00,10.46,0.00,10.98,0.00,0.00,0.00,0.00
202,Patnt,BfMx,Basc2,95,0.00,0.00,3.39,43.32,11.64,40.76,1.58,0.00,0.00,12.57,0.00,13.88,0.00,0.00,0.00,0.00
202,Patnt,BfMx,Basc2,105,0.00,0.00,3.94,49.43,13.29,45.69,1.76,0.00,0.00,14.49,0.00,16.81,0.00,0.00,0.00,0.00
202,Patnt,BfMx,Basc2,115,0.00,0.00,4.41,55.32,14.88,50.21,1.92,0.00,0.00,16.15,0.00,19.67,0.00,0.00,0.00,0.00
202,Patnt,BfMx,Basc2,125,0.00,0.00,4.79,60.86,16.37,54.20,2.04,0.00,0.00,17.49,0.00,22.33,0.00,0.00,0.00,0.00
202,Patnt,BfMx,Basc2,135,0.00,0.00,5.04,65.89,17.73,57.55,2.12,0.00,0.00,18.49,0.00,24.69,0.00,0.00,0.00,0.00
202,Patnt,BfMx,Basc2,145,0.00,0.00,5.17,70.28,18.92,60.17,2.17,0.00,0.00,19.14,0.00,26.65,0.00,0.00,0.00,0.00
202,Patnt,BfMx,Basc2,155,0.00,0.00,5.17,73.89,19.90,61.99,2.18,0.00,0.00,19.44,0.00,28.17,0.00,0.00,0.00,0.00
202,Patnt,BfMx,Basc2,165,0.00,0.00,5.06,76.63,20.64,62.96,2.16,0.00,0.00,19.41,0.00,29.19,0.00,0.00,0.00,0.00
202,Patnt,BfMx,Basc2,175,0.00,0.00,4.84,78.44,21.13,63.09,2.10,0.00,0.00,19.09,0.00,29.72,0.00,0.00,0.00,0.00
202,Patnt,BfMx,Basc2,185,0.00,0.00,4.55,79.27,21.36,62.40,2.01,0.00,0.00,18.50,0.00,29.75,0.00,0.00,0.00,0.00
202,Patnt,BfMx,Basc2,195,0.00,0.00,4.19,79.11,21.32,60.92,1.89,0.00,0.00,17.69,0.00,29.32,0.00,0.00,0.00,0.00
202,Patnt,BfMx,Basc2,205,0.00,0.00,3.79,78.00,21.03,58.74,1.76,0.00,0.00,16.70,0.00,28.47,0.00,0.00,0.00,0.00
202,Patnt,BfMx,Basc2,215,0.00,0.00,3.38,76.00,20.49,55.96,1.61,0.00,0.00,15.57,0.00,27.27,0.00,0.00,0.00,0.00
202,Patnt,BfMx,Basc2,225,0.00,0.00,2.96,73.18,19.74,52.67,1.45,0.00,0.00,14.34,0.00,25.77,0.00,0.00,0.00,0.00
202,Patnt,BfMx,Basc2,235,0.00,0.00,2.56,69.67,18.80,49.00,1.29,0.00,0.00,13.05,0.00,24.04,0.00,0.00,0.00,0.00
202,Patnt,BfMx,Basc2,245,0.00,0.00,2.18,65.58,17.70,45.06,1.14,0.00,0.00,11.74,0.00,22.15,0.00,0.00,0.00,0.00
202,Patnt,BfMx,Basc2,255,0.00,0.00,1.83,61.05,16.48,40.97,0.99,0.00,0.00,10.44,0.00,20.16,0.00,0.00,0.00,0.00
203,3w,BfMx,Intn1,5,0.00,0.00,0.00,0.00,0.00,0.00,0.00,0.00,0.00,0.00,0.00,0.00,0.00,0.00,0.00,0.00
203,3w,BfMx,Intn1,15,0.00,0.00,0.05,0.99,0.42,0.94,0.14,0.00,0.00,0.13,0.00,0.13,0.00,0.00,0.00,0.00
203,3w,BfMx,Intn1,25,0.00,0.00,0.22,5.14,1.62,4.82,0.32,0.00,0.00,0.67,0.00,0.62,0.00,0.00,0.00,0.00
203,3w,BfMx,Intn1,35,0.00,0.00,0.55,12.52,3.52,11.46,0.55,0.00,0.00,1.81,0.00,1.70,0.00,0.00,0.00,0.00
203,3w,BfMx,Intn1,45,0.00,0.00,1.01,20.86,5.75,18.62,0.80,0.00,0.00,3.56,0.00,3.42,0.00,0.00,0.00,0.00
203,3w,BfMx,Intn1,55,0.00,0.00,1.55,28.17,7.88,24.64,1.03,0.00,0.00,5.66,0.00,5.63,0.00,0.00,0.00,0.00
203,3w,BfMx,Intn1,65,0.00,0.00,2.08,33.95,9.65,29.20,1.22,0.00,0.00,7.76,0.00,8.04,0.00,0.00,0.00,0.00
203,3w,BfMx,Intn1,75,0.00,0.00,2.57,38.50,11.04,32.60,1.37,0.00,0.00,9.63,0.00,10.43,0.00,0.00,0.00,0.00
203,3w,BfMx,Intn1,85,0.00,0.00,2.99,42.14,12.13,35.11,1.48,0.00,0.00,11.15,0.00,12.68,0.00,0.00,0.00,0.00
203,3w,BfMx,Intn1,95,0.00,0.00,3.31,45.03,12.99,36.89,1.55,0.00,0.00,12.27,0.00,14.68,0.00,0.00,0.00,0.00
203,3w,BfMx,Intn1,105,0.00,0.00,3.53,47.21,13.63,37.99,1.58,0.00,0.00,13.00,0.00,16.34,0.00,0.00,0.00,0.00
203,3w,BfMx,Intn1,115,0.00,0.00,3.65,48.69,14.06,38.48,1.58,0.00,0.00,13.35,0.00,17.62,0.00,0.00,0.00,0.00
203,3w,BfMx,Intn1,125,0.00,0.00,3.66,49.50,14.30,38.39,1.56,0.00,0.00,13.37,0.00,18.49,0.00,0.00,0.00,0.00
203,3w,BfMx,Intn1,135,0.00,0.00,3.57,49.68,14.35,37.78,1.50,0.00,0.00,13.09,0.00,18.94,0.00,0.00,0.00,0.00
203,3w,BfMx,Intn1,145,0.00,0.00,3.40,49.25,14.23,36.71,1.43,0.00,0.00,12.60,0.00,19.01,0.00,0.00,0.00,0.00
203,3w,BfMx,Intn1,155,0.00,0.00,3.17,48.27,13.95,35.25,1.34,0.00,0.00,11.93,0.00,18.73,0.00,0.00,0.00,0.00
203,3w,BfMx,Intn1,165,0.00,0.00,2.90,46.80,13.53,33.48,1.24,0.00,0.00,11.13,0.00,18.14,0.00,0.00,0.00,0.00
203,3w,BfMx,Intn1,175,0.00,0.00,2.60,44.91,12.99,31.45,1.13,0.00,0.00,10.27,0.00,17.31,0.00,0.00,0.00,0.00
203,3w,BfMx,Intn1,185,0.00,0.00,2.30,42.66,12.34,29.24,1.01,0.00,0.00,9.35,0.00,16.29,0.00,0.00,0.00,0.00
203,3w,BfMx,Intn1,195,0.00,0.00,2.00,40.15,11.61,26.92,0.90,0.00,0.00,8.43,0.00,15.14,0.00,0.00,0.00,0.00
203,3w,BfMx,Intn1,205,0.00,0.00,1.71,37.43,10.83,24.54,0.79,0.00,0.00,7.53,0.00,13.90,0.00,0.00,0.00,0.00
203,3w,BfMx,Intn1,215,0.00,0.00,1.44,34.58,10.01,22.17,0.68,0.00,0.00,6.65,0.00,12.62,0.00,0.00,0.00,0.00
203,3w,BfMx,Intn1,225,0.00,0.00,1.20,31.66,9.17,19.84,0.59,0.00,0.00,5.82,0.00,11.34,0.00,0.00,0.00,0.00
203,3w,BfMx,Intn1,235,0.00,0.00,0.99,28.74,8.32,17.60,0.50,0.00,0.00,5.05,0.00,10.09,0.00,0.00,0.00,0.00
203,3w,BfMx,Intn1,245,0.00,0.00,0.80,25.87,7.49,15.48,0.42,0.00,0.00,4.35,0.00,8.89,0.00,0.00,0.00,0.00
203,3w,BfMx,Intn1,255,0.00,0.00,0.65,23.10,6.69,13.49,0.35,0.00,0.00,3.71,0.00,7.76,0.00,0.00,0.00,0.00
204,Patnt,BfMx,Intn1,5,0.00,0.00,0.00,0.00,0.00,0.00,0.00,0.00,0.00,0.00,0.00,0.00,0.00,0.00,0.00,0.00
204,Patnt,BfMx,Intn1,15,0.00,0.00,0.02,0.44,0.17,0.48,0.06,0.00,0.00,0.06,0.00,0.05,0.00,0.00,0.00,0.00
204,Patnt,BfMx,Intn1,25,0.00,0.00,0.12,2.52,0.74,2.72,0.16,0.00,0.00,0.35,0.00,0.30,0.00,0.00,0.00,0.00
204,Patnt,BfMx,Intn1,35,0.00,0.00,0.32,6.82,1.78,7.17,0.32,0.00,0.00,1.05,0.00,0.91,0.00,0.00,0.00,0.00
204,Patnt,BfMx,Intn1,45,0.00,0.00,0.65,12.58,3.23,12.90,0.51,0.00,0.00,2.28,0.00,2.03,0.00,0.00,0.00,0.00
204,Patnt,BfMx,Intn1,55,0.00,0.00,1.09,18.76,4.89,18.85,0.73,0.00,0.00,4.01,0.00,3.68,0.00,0.00,0.00,0.00
204,Patnt,BfMx,Intn1,65,0.00,0.00,1.63,24.90,6.59,24.60,0.96,0.00,0.00,6.06,0.00,5.79,0.00,0.00,0.00,0.00
204,Patnt,BfMx,Intn1,75,0.00,0.00,2.20,31.00,8.28,30.15,1.17,0.00,0.00,8.25,0.00,8.26,0.00,0.00,0.00,0.00
204,Patnt,BfMx,Intn1,85,0.00,0.00,2.80,37.15,9.96,35.55,1.39,0.00,0.00,10.46,0.00,10.98,0.00,0.00,0.00,0.00
204,Patnt,BfMx,Intn1,95,0.00,0.00,3.39,43.32,11.64,40.76,1.58,0.00,0.00,12.57,0.00,13.88,0.00,0.00,0.00,0.00
204,Patnt,BfMx,Intn1,105,0.00,0.00,3.94,49.43,13.29,45.69,1.76,0.00,0.00,14.49,0.00,16.81,0.00,0.00,0.00,0.00
204,Patnt,BfMx,Intn1,115,0.00,0.00,4.41,55.32,14.88,50.21,1.92,0.00,0.00,16.15,0.00,19.67,0.00,0.00,0.00,0.00
204,Patnt,BfMx,Intn1,125,0.00,0.00,4.79,60.86,16.37,54.20,2.04,0.00,0.00,17.49,0.00,22.33,0.00,0.00,0.00,0.00
204,Patnt,BfMx,Intn1,135,0.00,0.00,5.04,65.89,17.73,57.55,2.12,0.00,0.00,18.49,0.00,24.69,0.00,0.00,0.00,0.00
204,Patnt,BfMx,Intn1,145,0.00,0.00,5.17,70.28,18.92,60.17,2.17,0.00,0.00,19.14,0.00,26.65,0.00,0.00,0.00,0.00
204,Patnt,BfMx,Intn1,155,0.00,0.00,5.17,73.89,19.90,61.99,2.18,0.00,0.00,19.44,0.00,28.17,0.00,0.00,0.00,0.00
204,Patnt,BfMx,Intn1,165,0.00,0.00,5.06,76.63,20.64,62.96,2.16,0.00,0.00,19.41,0.00,29.19,0.00,0.00,0.00,0.00
204,Patnt,BfMx,Intn1,175,0.00,0.00,4.84,78.44,21.13,63.09,2.10,0.00,0.00,19.09,0.00,29.72,0.00,0.00,0.00,0.00
204,Patnt,BfMx,Intn1,185,0.00,0.00,4.55,79.27,21.36,62.40,2.01,0.00,0.00,18.50,0.00,29.75,0.00,0.00,0.00,0.00
204,Patnt,BfMx,Intn1,195,0.00,0.00,4.19,79.11,21.32,60.92,1.89,0.00,0.00,17.69,0.00,29.32,0.00,0.00,0.00,0.00
204,Patnt,BfMx,Intn1,205,0.00,0.00,3.79,78.00,21.03,58.74,1.76,0.00,0.00,16.70,0.00,28.47,0.00,0.00,0.00,0.00
204,Patnt,BfMx,Intn1,215,0.00,0.00,3.38,76.00,20.49,55.96,1.61,0.00,0.00,15.57,0.00,27.27,0.00,0.00,0.00,0.00
204,Patnt,BfMx,Intn1,225,0.00,0.00,2.96,73.18,19.74,52.67,1.45,0.00,0.00,14.34,0.00,25.77,0.00,0.00,0.00,0.00
204,Patnt,BfMx,Intn1,235,0.00,0.00,2.56,69.67,18.80,49.00,1.29,0.00,0.00,13.05,0.00,24.04,0.00,0.00,0.00,0.00
204,Patnt,BfMx,Intn1,245,0.00,0.00,2.18,65.58,17.70,45.06,1.14,0.00,0.00,11.74,0.00,22.15,0.00,0.00,0.00,0.00
204,Patnt,BfMx,Intn1,255,0.00,0.00,1.83,61.05,16.48,40.97,0.99,0.00,0.00,10.44,0.00,20.16,0.00,0.00,0.00,0.00
205,3w,BfMx,Intn2,5,0.00,0.00,0.00,0.00,0.00,0.00,0.00,0.00,0.00,0.00,0.00,0.00,0.00,0.00,0.00,0.00
205,3w,BfMx,Intn2,15,0.00,0.00,0.18,1.56,0.16,1.76,0.00,0.00,0.00,0.07,0.00,0.20,0.00,0.00,0.00,0.00
205,3w,BfMx,Intn2,25,0.00,0.00,0.68,7.64,0.59,8.54,0.00,0.00,0.00,0.33,0.00,0.92,0.00,0.00,0.00,0.00
205,3w,BfMx,Intn2,35,0.00,0.00,1.61,18.23,1.26,19.87,0.00,0.00,0.00,0.89,0.00,2.47,0.00,0.00,0.00,0.00
205,3w,BfMx,Intn2,45,0.00,0.00,2.94,30.19,2.05,32.10,0.00,0.00,0.00,1.74,0.00,4.93,0.00,0.00,0.00,0.00
205,3w,BfMx,Intn2,55,0.00,0.00,4.50,40.73,2.81,42.42,0.00,0.00,0.00,2.76,0.00,8.09,0.00,0.00,0.00,0.00
205,3w,BfMx,Intn2,65,0.00,0.00,6.06,49.07,3.44,50.26,0.00,0.00,0.00,3.79,0.00,11.55,0.00,0.00,0.00,0.00
205,3w,BfMx,Intn2,75,0.00,0.00,7.48,55.60,3.93,56.06,0.00,0.00,0.00,4.69,0.00,14.99,0.00,0.00,0.00,0.00
205,3w,BfMx,Intn2,85,0.00,0.00,8.67,60.78,4.32,60.29,0.00,0.00,0.00,5.43,0.00,18.19,0.00,0.00,0.00,0.00
205,3w,BfMx,Intn2,95,0.00,0.00,9.59,64.82,4.61,63.22,0.00,0.00,0.00,5.96,0.00,21.01,0.00,0.00,0.00,0.00
205,3w,BfMx,Intn2,105,0.00,0.00,10.21,67.81,4.83,64.98,0.00,0.00,0.00,6.30,0.00,23.34,0.00,0.00,0.00,0.00
205,3w,BfMx,Intn2,115,0.00,0.00,10.51,69.77,4.97,65.65,0.00,0.00,0.00,6.46,0.00,25.11,0.00,0.00,0.00,0.00
205,3w,BfMx,Intn2,125,0.00,0.00,10.51,70.77,5.04,65.34,0.00,0.00,0.00,6.45,0.00,26.28,0.00,0.00,0.00,0.00
205,3w,BfMx,Intn2,135,0.00,0.00,10.23,70.84,5.05,64.14,0.00,0.00,0.00,6.30,0.00,26.86,0.00,0.00,0.00,0.00
205,3w,BfMx,Intn2,145,0.00,0.00,9.73,70.06,4.99,62.19,0.00,0.00,0.00,6.05,0.00,26.89,0.00,0.00,0.00,0.00
205,3w,BfMx,Intn2,155,0.00,0.00,9.06,68.52,4.88,59.59,0.00,0.00,0.00,5.71,0.00,26.43,0.00,0.00,0.00,0.00
205,3w,BfMx,Intn2,165,0.00,0.00,8.26,66.30,4.73,56.47,0.00,0.00,0.00,5.32,0.00,25.56,0.00,0.00,0.00,0.00
205,3w,BfMx,Intn2,175,0.00,0.00,7.41,63.50,4.53,52.95,0.00,0.00,0.00,4.90,0.00,24.34,0.00,0.00,0.00,0.00
205,3w,BfMx,Intn2,185,0.00,0.00,6.52,60.22,4.30,49.14,0.00,0.00,0.00,4.46,0.00,22.87,0.00,0.00,0.00,0.00
205,3w,BfMx,Intn2,195,0.00,0.00,5.66,56.58,4.04,45.17,0.00,0.00,0.00,4.01,0.00,21.22,0.00,0.00,0.00,0.00
205,3w,BfMx,Intn2,205,0.00,0.00,4.84,52.67,3.76,41.12,0.00,0.00,0.00,3.57,0.00,19.46,0.00,0.00,0.00,0.00
205,3w,BfMx,Intn2,215,0.00,0.00,4.08,48.60,3.47,37.10,0.00,0.00,0.00,3.15,0.00,17.65,0.00,0.00,0.00,0.00
205,3w,BfMx,Intn2,225,0.00,0.00,3.40,44.45,3.17,33.16,0.00,0.00,0.00,2.76,0.00,15.84,0.00,0.00,0.00,0.00
205,3w,BfMx,Intn2,235,0.00,0.00,2.79,40.31,2.88,29.39,0.00,0.00,0.00,2.39,0.00,14.07,0.00,0.00,0.00,0.00
205,3w,BfMx,Intn2,245,0.00,0.00,2.27,36.25,2.59,25.82,0.00,0.00,0.00,2.05,0.00,12.39,0.00,0.00,0.00,0.00
205,3w,BfMx,Intn2,255,0.00,0.00,1.83,32.34,2.31,22.49,0.00,0.00,0.00,1.75,0.00,10.81,0.00,0.00,0.00,0.00
206,Patnt,BfMx,Intn2,5,0.00,0.00,0.00,0.00,0.00,0.00,0.00,0.00,0.00,0.00,0.00,0.00,0.00,0.00,0.00,0.00
206,Patnt,BfMx,Intn2,15,0.00,0.00,0.02,0.44,0.17,0.48,0.06,0.00,0.00,0.06,0.00,0.05,0.00,0.00,0.00,0.00
206,Patnt,BfMx,Intn2,25,0.00,0.00,0.12,2.52,0.74,2.72,0.16,0.00,0.00,0.35,0.00,0.30,0.00,0.00,0.00,0.00
206,Patnt,BfMx,Intn2,35,0.00,0.00,0.32,6.82,1.78,7.17,0.32,0.00,0.00,1.05,0.00,0.91,0.00,0.00,0.00,0.00
206,Patnt,BfMx,Intn2,45,0.00,0.00,0.65,12.58,3.23,12.90,0.51,0.00,0.00,2.28,0.00,2.03,0.00,0.00,0.00,0.00
206,Patnt,BfMx,Intn2,55,0.00,0.00,1.09,18.76,4.89,18.85,0.73,0.00,0.00,4.01,0.00,3.68,0.00,0.00,0.00,0.00
206,Patnt,BfMx,Intn2,65,0.00,0.00,1.63,24.90,6.59,24.60,0.96,0.00,0.00,6.06,0.00,5.79,0.00,0.00,0.00,0.00
206,Patnt,BfMx,Intn2,75,0.00,0.00,2.20,31.00,8.28,30.15,1.17,0.00,0.00,8.25,0.00,8.26,0.00,0.00,0.00,0.00
206,Patnt,BfMx,Intn2,85,0.00,0.00,2.80,37.15,9.96,35.55,1.39,0.00,0.00,10.46,0.00,10.98,0.00,0.00,0.00,0.00
206,Patnt,BfMx,Intn2,95,0.00,0.00,3.39,43.32,11.64,40.76,1.58,0.00,0.00,12.57,0.00,13.88,0.00,0.00,0.00,0.00
206,Patnt,BfMx,Intn2,105,0.00,0.00,3.94,49.43,13.29,45.69,1.76,0.00,0.00,14.49,0.00,16.81,0.00,0.00,0.00,0.00
206,Patnt,BfMx,Intn2,115,0.00,0.00,4.41,55.32,14.88,50.21,1.92,0.00,0.00,16.15,0.00,19.67,0.00,0.00,0.00,0.00
206,Patnt,BfMx,Intn2,125,0.00,0.00,4.79,60.86,16.37,54.20,2.04,0.00,0.00,17.49,0.00,22.33,0.00,0.00,0.00,0.00
206,Patnt,BfMx,Intn2,135,0.00,0.00,5.04,65.89,17.73,57.55,2.12,0.00,0.00,18.49,0.00,24.69,0.00,0.00,0.00,0.00
206,Patnt,BfMx,Intn2,145,0.00,0.00,5.17,70.28,18.92,60.17,2.17,0.00,0.00,19.14,0.00,26.65,0.00,0.00,0.00,0.00
206,Patnt,BfMx,Intn2,155,0.00,0.00,5.17,73.89,19.90,61.99,2.18,0.00,0.00,19.44,0.00,28.17,0.00,0.00,0.00,0.00
206,Patnt,BfMx,Intn2,165,0.00,0.00,5.06,76.63,20.64,62.96,2.16,0.00,0.00,19.41,0.00,29.19,0.00,0.00,0.00,0.00
206,Patnt,BfMx,Intn2,175,0.00,0.00,4.84,78.44,21.13,63.09,2.10,0.00,0.00,19.09,0.00,29.72,0.00,0.00,0.00,0.00
206,Patnt,BfMx,Intn2,185,0.00,0.00,4.55,79.27,21.36,62.40,2.01,0.00,0.00,18.50,0.00,29.75,0.00,0.00,0.00,0.00
206,Patnt,BfMx,Intn2,195,0.00,0.00,4.19,79.11,21.32,60.92,1.89,0.00,0.00,17.69,0.00,29.32,0.00,0.00,0.00,0.00
206,Patnt,BfMx,Intn2,205,0.00,0.00,3.79,78.00,21.03,58.74,1.76,0.00,0.00,16.70,0.00,28.47,0.00,0.00,0.00,0.00
206,Patnt,BfMx,Intn2,215,0.00,0.00,3.38,76.00,20.49,55.96,1.61,0.00,0.00,15.57,0.00,27.27,0.00,0.00,0.00,0.00
206,Patnt,BfMx,Intn2,225,0.00,0.00,2.96,73.18,19.74,52.67,1.45,0.00,0.00,14.34,0.00,25.77,0.00,0.00,0.00,0.00
206,Patnt,BfMx,Intn2,235,0.00,0.00,2.56,69.67,18.80,49.00,1.29,0.00,0.00,13.05,0.00,24.04,0.00,0.00,0.00,0.00
206,Patnt,BfMx,Intn2,245,0.00,0.00,2.18,65.58,17.70,45.06,1.14,0.00,0.00,11.74,0.00,22.15,0.00,0.00,0.00,0.00
206,Patnt,BfMx,Intn2,255,0.00,0.00,1.83,61.05,16.48,40.97,0.99,0.00,0.00,10.44,0.00,20.16,0.00,0.00,0.00,0.00
209,3w,BfMx,Succ,5,0.00,0.00,0.00,0.00,0.00,0.00,0.00,0.00,0.00,0.00,0.00,0.00,0.00,0.00,0.00,0.00
209,3w,BfMx,Succ,15,0.00,0.00,0.05,0.99,0.42,0.94,0.14,0.00,0.00,0.13,0.00,0.13,0.00,0.00,0.00,0.00
209,3w,BfMx,Succ,25,0.00,0.00,0.22,5.14,1.62,4.82,0.32,0.00,0.00,0.67,0.00,0.62,0.00,0.00,0.00,0.00
209,3w,BfMx,Succ,35,0.00,0.00,0.55,12.52,3.52,11.46,0.55,0.00,0.00,1.81,0.00,1.70,0.00,0.00,0.00,0.00
209,3w,BfMx,Succ,45,0.00,0.00,1.01,20.86,5.75,18.62,0.80,0.00,0.00,3.56,0.00,3.42,0.00,0.00,0.00,0.00
209,3w,BfMx,Succ,55,0.00,0.00,1.55,28.17,7.88,24.64,1.03,0.00,0.00,5.66,0.00,5.63,0.00,0.00,0.00,0.00
209,3w,BfMx,Succ,65,0.00,0.00,2.08,33.95,9.65,29.20,1.22,0.00,0.00,7.76,0.00,8.04,0.00,0.00,0.00,0.00
209,3w,BfMx,Succ,75,0.00,0.00,2.57,38.50,11.04,32.60,1.37,0.00,0.00,9.63,0.00,10.43,0.00,0.00,0.00,0.00
209,3w,BfMx,Succ,85,0.00,0.00,2.99,42.14,12.13,35.11,1.48,0.00,0.00,11.15,0.00,12.68,0.00,0.00,0.00,0.00
209,3w,BfMx,Succ,95,0.00,0.00,3.31,45.03,12.99,36.89,1.55,0.00,0.00,12.27,0.00,14.68,0.00,0.00,0.00,0.00
209,3w,BfMx,Succ,105,0.00,0.00,3.53,47.21,13.63,37.99,1.58,0.00,0.00,13.00,0.00,16.34,0.00,0.00,0.00,0.00
209,3w,BfMx,Succ,115,0.00,0.00,3.65,48.69,14.06,38.48,1.58,0.00,0.00,13.35,0.00,17.62,0.00,0.00,0.00,0.00
209,3w,BfMx,Succ,125,0.00,0.00,3.66,49.50,14.30,38.39,1.56,0.00,0.00,13.37,0.00,18.49,0.00,0.00,0.00,0.00
209,3w,BfMx,Succ,135,0.00,0.00,3.57,49.68,14.35,37.78,1.50,0.00,0.00,13.09,0.00,18.94,0.00,0.00,0.00,0.00
209,3w,BfMx,Succ,145,0.00,0.00,3.40,49.25,14.23,36.71,1.43,0.00,0.00,12.60,0.00,19.01,0.00,0.00,0.00,0.00
209,3w,BfMx,Succ,155,0.00,0.00,3.17,48.27,13.95,35.25,1.34,0.00,0.00,11.93,0.00,18.73,0.00,0.00,0.00,0.00
209,3w,BfMx,Succ,165,0.00,0.00,2.90,46.80,13.53,33.48,1.24,0.00,0.00,11.13,0.00,18.14,0.00,0.00,0.00,0.00
209,3w,BfMx,Succ,175,0.00,0.00,2.60,44.91,12.99,31.45,1.13,0.00,0.00,10.27,0.00,17.31,0.00,0.00,0.00,0.00
209,3w,BfMx,Succ,185,0.00,0.00,2.30,42.66,12.34,29.24,1.01,0.00,0.00,9.35,0.00,16.29,0.00,0.00,0.00,0.00
209,3w,BfMx,Succ,195,0.00,0.00,2.00,40.15,11.61,26.92,0.90,0.00,0.00,8.43,0.00,15.14,0.00,0.00,0.00,0.00
209,3w,BfMx,Succ,205,0.00,0.00,1.71,37.43,10.83,24.54,0.79,0.00,0.00,7.53,0.00,13.90,0.00,0.00,0.00,0.00
209,3w,BfMx,Succ,215,0.00,0.00,1.44,34.58,10.01,22.17,0.68,0.00,0.00,6.65,0.00,12.62,0.00,0.00,0.00,0.00
209,3w,BfMx,Succ,225,0.00,0.00,1.20,31.66,9.17,19.84,0.59,0.00,0.00,5.82,0.00,11.34,0.00,0.00,0.00,0.00
209,3w,BfMx,Succ,235,0.00,0.00,0.99,28.74,8.32,17.60,0.50,0.00,0.00,5.05,0.00,10.09,0.00,0.00,0.00,0.00
209,3w,BfMx,Succ,245,0.00,0.00,0.80,25.87,7.49,15.48,0.42,0.00,0.00,4.35,0.00,8.89,0.00,0.00,0.00,0.00
209,3w,BfMx,Succ,255,0.00,0.00,0.65,23.10,6.69,13.49,0.35,0.00,0.00,3.71,0.00,7.76,0.00,0.00,0.00,0.00
210,Patnt,BfMx,Succ,5,0.00,0.00,0.00,0.00,0.00,0.00,0.00,0.00,0.00,0.00,0.00,0.00,0.00,0.00,0.00,0.00
210,Patnt,BfMx,Succ,15,0.00,0.00,0.02,0.44,0.17,0.48,0.06,0.00,0.00,0.06,0.00,0.05,0.00,0.00,0.00,0.00
210,Patnt,BfMx,Succ,25,0.00,0.00,0.12,2.52,0.74,2.72,0.16,0.00,0.00,0.35,0.00,0.30,0.00,0.00,0.00,0.00
210,Patnt,BfMx,Succ,35,0.00,0.00,0.32,6.82,1.78,7.17,0.32,0.00,0.00,1.05,0.00,0.91,0.00,0.00,0.00,0.00
210,Patnt,BfMx,Succ,45,0.00,0.00,0.65,12.58,3.23,12.90,0.51,0.00,0.00,2.28,0.00,2.03,0.00,0.00,0.00,0.00
210,Patnt,BfMx,Succ,55,0.00,0.00,1.09,18.76,4.89,18.85,0.73,0.00,0.00,4.01,0.00,3.68,0.00,0.00,0.00,0.00
210,Patnt,BfMx,Succ,65,0.00,0.00,1.63,24.90,6.59,24.60,0.96,0.00,0.00,6.06,0.00,5.79,0.00,0.00,0.00,0.00
210,Patnt,BfMx,Succ,75,0.00,0.00,2.20,31.00,8.28,30.15,1.17,0.00,0.00,8.25,0.00,8.26,0.00,0.00,0.00,0.00
210,Patnt,BfMx,Succ,85,0.00,0.00,2.80,37.15,9.96,35.55,1.39,0.00,0.00,10.46,0.00,10.98,0.00,0.00,0.00,0.00
210,Patnt,BfMx,Succ,95,0.00,0.00,3.39,43.32,11.64,40.76,1.58,0.00,0.00,12.57,0.00,13.88,0.00,0.00,0.00,0.00
210,Patnt,BfMx,Succ,105,0.00,0.00,3.94,49.43,13.29,45.69,1.76,0.00,0.00,14.49,0.00,16.81,0.00,0.00,0.00,0.00
210,Patnt,BfMx,Succ,115,0.00,0.00,4.41,55.32,14.88,50.21,1.92,0.00,0.00,16.15,0.00,19.67,0.00,0.00,0.00,0.00
210,Patnt,BfMx,Succ,125,0.00,0.00,4.79,60.86,16.37,54.20,2.04,0.00,0.00,17.49,0.00,22.33,0.00,0.00,0.00,0.00
210,Patnt,BfMx,Succ,135,0.00,0.00,5.04,65.89,17.73,57.55,2.12,0.00,0.00,18.49,0.00,24.69,0.00,0.00,0.00,0.00
210,Patnt,BfMx,Succ,145,0.00,0.00,5.17,70.28,18.92,60.17,2.17,0.00,0.00,19.14,0.00,26.65,0.00,0.00,0.00,0.00
210,Patnt,BfMx,Succ,155,0.00,0.00,5.17,73.89,19.90,61.99,2.18,0.00,0.00,19.44,0.00,28.17,0.00,0.00,0.00,0.00
210,Patnt,BfMx,Succ,165,0.00,0.00,5.06,76.63,20.64,62.96,2.16,0.00,0.00,19.41,0.00,29.19,0.00,0.00,0.00,0.00
210,Patnt,BfMx,Succ,175,0.00,0.00,4.84,78.44,21.13,63.09,2.10,0.00,0.00,19.09,0.00,29.72,0.00,0.00,0.00,0.00
210,Patnt,BfMx,Succ,185,0.00,0.00,4.55,79.27,21.36,62.40,2.01,0.00,0.00,18.50,0.00,29.75,0.00,0.00,0.00,0.00
210,Patnt,BfMx,Succ,195,0.00,0.00,4.19,79.11,21.32,60.92,1.89,0.00,0.00,17.69,0.00,29.32,0.00,0.00,0.00,0.00
210,Patnt,BfMx,Succ,205,0.00,0.00,3.79,78.00,21.03,58.74,1.76,0.00,0.00,16.70,0.00,28.47,0.00,0.00,0.00,0.00
210,Patnt,BfMx,Succ,215,0.00,0.00,3.38,76.00,20.49,55.96,1.61,0.00,0.00,15.57,0.00,27.27,0.00,0.00,0.00,0.00
210,Patnt,BfMx,Succ,225,0.00,0.00,2.96,73.18,19.74,52.67,1.45,0.00,0.00,14.34,0.00,25.77,0.00,0.00,0.00,0.00
210,Patnt,BfMx,Succ,235,0.00,0.00,2.56,69.67,18.80,49.00,1.29,0.00,0.00,13.05,0.00,24.04,0.00,0.00,0.00,0.00
210,Patnt,BfMx,Succ,245,0.00,0.00,2.18,65.58,17.70,45.06,1.14,0.00,0.00,11.74,0.00,22.15,0.00,0.00,0.00,0.00
210,Patnt,BfMx,Succ,255,0.00,0.00,1.83,61.05,16.48,40.97,0.99,0.00,0.00,10.44,0.00,20.16,0.00,0.00,0.00,0.00
211,3w,HrDom,Prsnt,5,0.00,0.00,0.00,0.00,0.00,0.00,0.00,0.00,0.00,0.00,0.00,0.00,0.00,0.00,0.00,0.00
211,3w,HrDom,Prsnt,15,0.00,0.00,0.40,0.55,0.13,0.12,0.00,0.00,0.00,1.59,0.00,0.35,0.00,0.00,0.00,0.00
211,3w,HrDom,Prsnt,25,0.00,0.00,1.62,2.86,0.53,0.65,0.00,0.00,0.00,7.85,0.00,1.70,0.00,0.00,0.00,0.00
211,3w,HrDom,Prsnt,35,0.00,0.00,3.57,6.38,1.06,1.43,0.00,0.00,0.00,19.41,0.00,4.23,0.00,0.00,0.00,0.00
211,3w,HrDom,Prsnt,45,0.00,0.00,5.86,9.51,1.55,2.08,0.00,0.00,0.00,34.04,0.00,7.60,0.00,0.00,0.00,0.00
211,3w,HrDom,Prsnt,55,0.00,0.00,8.01,11.47,1.89,2.46,0.00,0.00,0.00,48.33,0.00,11.16,0.00,0.00,0.00,0.00
211,3w,HrDom,Prsnt,65,0.00,0.00,9.73,12.48,2.09,2.63,0.00,0.00,0.00,59.81,0.00,14.39,0.00,0.00,0.00,0.00
211,3w,HrDom,Prsnt,75,0.00,0.00,10.96,12.91,2.19,2.68,0.00,0.00,0.00,67.69,0.00,17.05,0.00,0.00,0.00,0.00
211,3w,HrDom,Prsnt,85,0.00,0.00,11.74,13.04,2.22,2.66,0.00,0.00,0.00,72.29,0.00,19.11,0.00,0.00,0.00,0.00
211,3w,HrDom,Prsnt,95,0.00,0.00,12.15,13.00,2.21,2.61,0.00,0.00,0.00,74.27,0.00,20.64,0.00,0.00,0.00,0.00
211,3w,HrDom,Prsnt,105,0.00,0.00,12.23,12.86,2.19,2.53,0.00,0.00,0.00,74.28,0.00,21.69,0.00,0.00,0.00,0.00
211,3w,HrDom,Prsnt,115,0.00,0.00,12.05,12.66,2.16,2.45,0.00,0.00,0.00,72.79,0.00,22.31,0.00,0.00,0.00,0.00
211,3w,HrDom,Prsnt,125,0.00,0.00,11.63,12.40,2.11,2.35,0.00,0.00,0.00,70.19,0.00,22.56,0.00,0.00,0.00,0.00
211,3w,HrDom,Prsnt,135,0.00,0.00,11.03,12.09,2.06,2.25,0.00,0.00,0.00,66.80,0.00,22.45,0.00,0.00,0.00,0.00
211,3w,HrDom,Prsnt,145,0.00,0.00,10.28,11.73,2.00,2.14,0.00,0.00,0.00,62.86,0.00,22.04,0.00,0.00,0.00,0.00
211,3w,HrDom,Prsnt,155,0.00,0.00,9.44,11.31,1.93,2.02,0.00,0.00,0.00,58.57,0.00,21.37,0.00,0.00,0.00,0.00
211,3w,HrDom,Prsnt,165,0.00,0.00,8.54,10.85,1.85,1.90,0.00,0.00,0.00,54.11,0.00,20.48,0.00,0.00,0.00,0.00
211,3w,HrDom,Prsnt,175,0.00,0.00,7.62,10.35,1.77,1.77,0.00,0.00,0.00,49.59,0.00,19.43,0.00,0.00,0.00,0.00
211,3w,HrDom,Prsnt,185,0.00,0.00,6.71,9.82,1.67,1.64,0.00,0.00,0.00,45.12,0.00,18.26,0.00,0.00,0.00,0.00
211,3w,HrDom,Prsnt,195,0.00,0.00,5.85,9.26,1.58,1.52,0.00,0.00,0.00,40.77,0.00,17.00,0.00,0.00,0.00,0.00
211,3w,HrDom,Prsnt,205,0.00,0.00,5.04,8.68,1.48,1.39,0.00,0.00,0.00,36.62,0.00,15.71,0.00,0.00,0.00,0.00
211,3w,HrDom,Prsnt,215,0.00,0.00,4.30,8.10,1.38,1.27,0.00,0.00,0.00,32.69,0.00,14.41,0.00,0.00,0.00,0.00
211,3w,HrDom,Prsnt,225,0.00,0.00,3.63,7.52,1.28,1.15,0.00,0.00,0.00,29.01,0.00,13.12,0.00,0.00,0.00,0.00
211,3w,HrDom,Prsnt,235,0.00,0.00,3.04,6.94,1.18,1.04,0.00,0.00,0.00,25.60,0.00,11.87,0.00,0.00,0.00,0.00
211,3w,HrDom,Prsnt,245,0.00,0.00,2.52,6.37,1.09,0.93,0.00,0.00,0.00,22.47,0.00,10.67,0.00,0.00,0.00,0.00
211,3w,HrDom,Prsnt,255,0.00,0.00,2.08,5.82,0.99,0.83,0.00,0.00,0.00,19.62,0.00,9.54,0.00,0.00,0.00,0.00
212,Patnt,HrDom,Prsnt,5,0.00,0.00,0.00,0.00,0.00,0.00,0.00,0.00,0.00,0.00,0.00,0.00,0.00,0.00,0.00,0.00
212,Patnt,HrDom,Prsnt,15,0.00,0.00,0.44,0.61,0.15,0.14,0.00,0.00,0.00,1.76,0.00,0.39,0.00,0.00,0.00,0.00
212,Patnt,HrDom,Prsnt,25,0.00,0.00,1.74,3.07,0.57,0.70,0.00,0.00,0.00,8.44,0.00,1.82,0.00,0.00,0.00,0.00
212,Patnt,HrDom,Prsnt,35,0.00,0.00,3.74,6.68,1.11,1.49,0.00,0.00,0.00,20.31,0.00,4.43,0.00,0.00,0.00,0.00
212,Patnt,HrDom,Prsnt,45,0.00,0.00,5.98,9.70,1.58,2.12,0.00,0.00,0.00,34.74,0.00,7.76,0.00,0.00,0.00,0.00
212,Patnt,HrDom,Prsnt,55,0.00,0.00,7.99,11.45,1.89,2.45,0.00,0.00,0.00,48.22,0.00,11.14,0.00,0.00,0.00,0.00
212,Patnt,HrDom,Prsnt,65,0.00,0.00,9.52,12.20,2.05,2.57,0.00,0.00,0.00,58.48,0.00,14.07,0.00,0.00,0.00,0.00
212,Patnt,HrDom,Prsnt,75,0.00,0.00,10.53,12.40,2.10,2.57,0.00,0.00,0.00,65.00,0.00,16.37,0.00,0.00,0.00,0.00
212,Patnt,HrDom,Prsnt,85,0.00,0.00,11.10,12.33,2.09,2.51,0.00,0.00,0.00,68.34,0.00,18.07,0.00,0.00,0.00,0.00
212,Patnt,HrDom,Prsnt,95,0.00,0.00,11.33,12.13,2.06,2.43,0.00,0.00,0.00,69.28,0.00,19.25,0.00,0.00,0.00,0.00
212,Patnt,HrDom,Prsnt,105,0.00,0.00,11.28,11.87,2.02,2.34,0.00,0.00,0.00,68.52,0.00,20.01,0.00,0.00,0.00,0.00
212,Patnt,HrDom,Prsnt,115,0.00,0.00,11.01,11.58,1.97,2.24,0.00,0.00,0.00,66.55,0.00,20.40,0.00,0.00,0.00,0.00
212,Patnt,HrDom,Prsnt,125,0.00,0.00,10.56,11.27,1.92,2.14,0.00,0.00,0.00,63.75,0.00,20.49,0.00,0.00,0.00,0.00
212,Patnt,HrDom,Prsnt,135,0.00,0.00,9.97,10.93,1.86,2.03,0.00,0.00,0.00,60.40,0.00,20.30,0.00,0.00,0.00,0.00
212,Patnt,HrDom,Prsnt,145,0.00,0.00,9.28,10.58,1.80,1.93,0.00,0.00,0.00,56.72,0.00,19.89,0.00,0.00,0.00,0.00
212,Patnt,HrDom,Prsnt,155,0.00,0.00,8.52,10.21,1.74,1.82,0.00,0.00,0.00,52.86,0.00,19.28,0.00,0.00,0.00,0.00
212,Patnt,HrDom,Prsnt,165,0.00,0.00,7.72,9.81,1.67,1.72,0.00,0.00,0.00,48.94,0.00,18.52,0.00,0.00,0.00,0.00
212,Patnt,HrDom,Prsnt,175,0.00,0.00,6.92,9.40,1.60,1.61,0.00,0.00,0.00,45.06,0.00,17.65,0.00,0.00,0.00,0.00
212,Patnt,HrDom,Prsnt,185,0.00,0.00,6.14,8.98,1.53,1.50,0.00,0.00,0.00,41.28,0.00,16.70,0.00,0.00,0.00,0.00
212,Patnt,HrDom,Prsnt,195,0.00,0.00,5.40,8.55,1.46,1.40,0.00,0.00,0.00,37.65,0.00,15.70,0.00,0.00,0.00,0.00
212,Patnt,HrDom,Prsnt,205,0.00,0.00,4.70,8.11,1.38,1.30,0.00,0.00,0.00,34.20,0.00,14.67,0.00,0.00,0.00,0.00
212,Patnt,HrDom,Prsnt,215,0.00,0.00,4.07,7.67,1.31,1.20,0.00,0.00,0.00,30.95,0.00,13.64,0.00,0.00,0.00,0.00
212,Patnt,HrDom,Prsnt,225,0.00,0.00,3.49,7.23,1.23,1.11,0.00,0.00,0.00,27.91,0.00,12.62,0.00,0.00,0.00,0.00
212,Patnt,HrDom,Prsnt,235,0.00,0.00,2.98,6.80,1.16,1.02,0.00,0.00,0.00,25.08,0.00,11.63,0.00,0.00,0.00,0.00
212,Patnt,HrDom,Prsnt,245,0.00,0.00,2.52,6.37,1.09,0.93,0.00,0.00,0.00,22.47,0.00,10.67,0.00,0.00,0.00,0.00
212,Patnt,HrDom,Prsnt,255,0.00,0.00,2.13,5.96,1.02,0.85,0.00,0.00,0.00,20.06,0.00,9.75,0.00,0.00,0.00,0.00
213,3w,HrDom,Exten,5,0.00,0.00,0.00,0.00,0.00,0.00,0.00,0.00,0.00,0.00,0.00,0.00,0.00,0.00,0.00,0.00
213,3w,HrDom,Exten,15,0.00,0.00,0.53,0.71,0.09,0.12,0.00,0.00,0.00,2.33,0.00,0.43,0.00,0.00,0.00,0.00
213,3w,HrDom,Exten,25,0.00,0.00,2.15,3.67,0.34,0.64,0.00,0.00,0.00,11.39,0.00,2.06,0.00,0.00,0.00,0.00
213,3w,HrDom,Exten,35,0.00,0.00,4.69,8.11,0.68,1.38,0.00,0.00,0.00,27.80,0.00,5.09,0.00,0.00,0.00,0.00
213,3w,HrDom,Exten,45,0.00,0.00,7.60,11.93,0.99,1.98,0.00,0.00,0.00,48.16,0.00,9.02,0.00,0.00,0.00,0.00
213,3w,HrDom,Exten,55,0.00,0.00,10.28,14.24,1.19,2.32,0.00,0.00,0.00,67.64,0.00,13.11,0.00,0.00,0.00,0.00
213,3w,HrDom,Exten,65,0.00,0.00,12.38,15.36,1.31,2.46,0.00,0.00,0.00,82.96,0.00,16.75,0.00,0.00,0.00,0.00
213,3w,HrDom,Exten,75,0.00,0.00,13.85,15.78,1.36,2.49,0.00,0.00,0.00,93.21,0.00,19.69,0.00,0.00,0.00,0.00
213,3w,HrDom,Exten,85,0.00,0.00,14.74,15.84,1.37,2.45,0.00,0.00,0.00,98.96,0.00,21.95,0.00,0.00,0.00,0.00
213,3w,HrDom,Exten,95,0.00,0.00,15.18,15.71,1.36,2.39,0.00,0.00,0.00,101.19,0.00,23.58,0.00,0.00,0.00,0.00
213,3w,HrDom,Exten,105,0.00,0.00,15.22,15.49,1.34,2.32,0.00,0.00,0.00,100.78,0.00,24.68,0.00,0.00,0.00,0.00
213,3w,HrDom,Exten,115,0.00,0.00,14.94,15.19,1.31,2.23,0.00,0.00,0.00,98.41,0.00,25.31,0.00,0.00,0.00,0.00
213,3w,HrDom,Exten,125,0.00,0.00,14.38,14.84,1.28,2.14,0.00,0.00,0.00,94.62,0.00,25.51,0.00,0.00,0.00,0.00
213,3w,HrDom,Exten,135,0.00,0.00,13.60,14.42,1.25,2.04,0.00,0.00,0.00,89.81,0.00,25.32,0.00,0.00,0.00,0.00
213,3w,HrDom,Exten,145,0.00,0.00,12.65,13.95,1.21,1.93,0.00,0.00,0.00,84.32,0.00,24.80,0.00,0.00,0.00,0.00
213,3w,HrDom,Exten,155,0.00,0.00,11.59,13.43,1.16,1.82,0.00,0.00,0.00,78.41,0.00,23.99,0.00,0.00,0.00,0.00
213,3w,HrDom,Exten,165,0.00,0.00,10.46,12.86,1.11,1.71,0.00,0.00,0.00,72.29,0.00,22.95,0.00,0.00,0.00,0.00
213,3w,HrDom,Exten,175,0.00,0.00,9.32,12.25,1.06,1.59,0.00,0.00,0.00,66.14,0.00,21.74,0.00,0.00,0.00,0.00
213,3w,HrDom,Exten,185,0.00,0.00,8.20,11.60,1.00,1.48,0.00,0.00,0.00,60.09,0.00,20.40,0.00,0.00,0.00,0.00
213,3w,HrDom,Exten,195,0.00,0.00,7.13,10.92,0.95,1.36,0.00,0.00,0.00,54.23,0.00,18.97,0.00,0.00,0.00,0.00
213,3w,HrDom,Exten,205,0.00,0.00,6.14,10.23,0.89,1.25,0.00,0.00,0.00,48.64,0.00,17.51,0.00,0.00,0.00,0.00
213,3w,HrDom,Exten,215,0.00,0.00,5.23,9.54,0.83,1.13,0.00,0.00,0.00,43.36,0.00,16.03,0.00,0.00,0.00,0.00
213,3w,HrDom,Exten,225,0.00,0.00,4.41,8.84,0.77,1.03,0.00,0.00,0.00,38.44,0.00,14.59,0.00,0.00,0.00,0.00
213,3w,HrDom,Exten,235,0.00,0.00,3.69,8.15,0.71,0.93,0.00,0.00,0.00,33.89,0.00,13.18,0.00,0.00,0.00,0.00
213,3w,HrDom,Exten,245,0.00,0.00,3.06,7.48,0.65,0.83,0.00,0.00,0.00,29.72,0.00,11.84,0.00,0.00,0.00,0.00
213,3w,HrDom,Exten,255,0.00,0.00,2.52,6.83,0.59,0.74,0.00,0.00,0.00,25.92,0.00,10.57,0.00,0.00,0.00,0.00
214,Patnt,HrDom,Exten,5,0.00,0.00,0.00,0.00,0.00,0.00,0.00,0.00,0.00,0.00,0.00,0.00,0.00,0.00,0.00,0.00
214,Patnt,HrDom,Exten,15,0.00,0.00,0.44,0.61,0.15,0.14,0.00,0.00,0.00,1.76,0.00,0.39,0.00,0.00,0.00,0.00
214,Patnt,HrDom,Exten,25,0.00,0.00,1.74,3.07,0.57,0.70,0.00,0.00,0.00,8.44,0.00,1.82,0.00,0.00,0.00,0.00
214,Patnt,HrDom,Exten,35,0.00,0.00,3.74,6.68,1.11,1.49,0.00,0.00,0.00,20.31,0.00,4.43,0.00,0.00,0.00,0.00
214,Patnt,HrDom,Exten,45,0.00,0.00,5.98,9.70,1.58,2.12,0.00,0.00,0.00,34.74,0.00,7.76,0.00,0.00,0.00,0.00
214,Patnt,HrDom,Exten,55,0.00,0.00,7.99,11.45,1.89,2.45,0.00,0.00,0.00,48.22,0.00,11.14,0.00,0.00,0.00,0.00
214,Patnt,HrDom,Exten,65,0.00,0.00,9.52,12.20,2.05,2.57,0.00,0.00,0.00,58.48,0.00,14.07,0.00,0.00,0.00,0.00
214,Patnt,HrDom,Exten,75,0.00,0.00,10.53,12.40,2.10,2.57,0.00,0.00,0.00,65.00,0.00,16.37,0.00,0.00,0.00,0.00
214,Patnt,HrDom,Exten,85,0.00,0.00,11.10,12.33,2.09,2.51,0.00,0.00,0.00,68.34,0.00,18.07,0.00,0.00,0.00,0.00
214,Patnt,HrDom,Exten,95,0.00,0.00,11.33,12.13,2.06,2.43,0.00,0.00,0.00,69.28,0.00,19.25,0.00,0.00,0.00,0.00
214,Patnt,HrDom,Exten,105,0.00,0.00,11.28,11.87,2.02,2.34,0.00,0.00,0.00,68.52,0.00,20.01,0.00,0.00,0.00,0.00
214,Patnt,HrDom,Exten,115,0.00,0.00,11.01,11.58,1.97,2.24,0.00,0.00,0.00,66.55,0.00,20.40,0.00,0.00,0.00,0.00
214,Patnt,HrDom,Exten,125,0.00,0.00,10.56,11.27,1.92,2.14,0.00,0.00,0.00,63.75,0.00,20.49,0.00,0.00,0.00,0.00
214,Patnt,HrDom,Exten,135,0.00,0.00,9.97,10.93,1.86,2.03,0.00,0.00,0.00,60.40,0.00,20.30,0.00,0.00,0.00,0.00
214,Patnt,HrDom,Exten,145,0.00,0.00,9.28,10.58,1.80,1.93,0.00,0.00,0.00,56.72,0.00,19.89,0.00,0.00,0.00,0.00
214,Patnt,HrDom,Exten,155,0.00,0.00,8.52,10.21,1.74,1.82,0.00,0.00,0.00,52.86,0.00,19.28,0.00,0.00,0.00,0.00
214,Patnt,HrDom,Exten,165,0.00,0.00,7.72,9.81,1.67,1.72,0.00,0.00,0.00,48.94,0.00,18.52,0.00,0.00,0.00,0.00
214,Patnt,HrDom,Exten,175,0.00,0.00,6.92,9.40,1.60,1.61,0.00,0.00,0.00,45.06,0.00,17.65,0.00,0.00,0.00,0.00
214,Patnt,HrDom,Exten,185,0.00,0.00,6.14,8.98,1.53,1.50,0.00,0.00,0.00,41.28,0.00,16.70,0.00,0.00,0.00,0.00
214,Patnt,HrDom,Exten,195,0.00,0.00,5.40,8.55,1.46,1.40,0.00,0.00,0.00,37.65,0.00,15.70,0.00,0.00,0.00,0.00
214,Patnt,HrDom,Exten,205,0.00,0.00,4.70,8.11,1.38,1.30,0.00,0.00,0.00,34.20,0.00,14.67,0.00,0.00,0.00,0.00
214,Patnt,HrDom,Exten,215,0.00,0.00,4.07,7.67,1.31,1.20,0.00,0.00,0.00,30.95,0.00,13.64,0.00,0.00,0.00,0.00
214,Patnt,HrDom,Exten,225,0.00,0.00,3.49,7.23,1.23,1.11,0.00,0.00,0.00,27.91,0.00,12.62,0.00,0.00,0.00,0.00
214,Patnt,HrDom,Exten,235,0.00,0.00,2.98,6.80,1.16,1.02,0.00,0.00,0.00,25.08,0.00,11.63,0.00,0.00,0.00,0.00
214,Patnt,HrDom,Exten,245,0.00,0.00,2.52,6.37,1.09,0.93,0.00,0.00,0.00,22.47,0.00,10.67,0.00,0.00,0.00,0.00
214,Patnt,HrDom,Exten,255,0.00,0.00,2.13,5.96,1.02,0.85,0.00,0.00,0.00,20.06,0.00,9.75,0.00,0.00,0.00,0.00
215,3w,HrDom,Basc1,5,0.00,0.00,0.00,0.00,0.00,0.00,0.00,0.00,0.00,0.00,0.00,0.00,0.00,0.00,0.00,0.00
215,3w,HrDom,Basc1,15,0.00,0.00,0.40,0.55,0.13,0.12,0.00,0.00,0.00,1.59,0.00,0.35,0.00,0.00,0.00,0.00
215,3w,HrDom,Basc1,25,0.00,0.00,1.62,2.86,0.53,0.65,0.00,0.00,0.00,7.85,0.00,1.70,0.00,0.00,0.00,0.00
215,3w,HrDom,Basc1,35,0.00,0.00,3.57,6.38,1.06,1.43,0.00,0.00,0.00,19.41,0.00,4.23,0.00,0.00,0.00,0.00
215,3w,HrDom,Basc1,45,0.00,0.00,5.86,9.51,1.55,2.08,0.00,0.00,0.00,34.04,0.00,7.60,0.00,0.00,0.00,0.00
215,3w,HrDom,Basc1,55,0.00,0.00,8.01,11.47,1.89,2.46,0.00,0.00,0.00,48.33,0.00,11.16,0.00,0.00,0.00,0.00
215,3w,HrDom,Basc1,65,0.00,0.00,9.73,12.48,2.09,2.63,0.00,0.00,0.00,59.81,0.00,14.39,0.00,0.00,0.00,0.00
215,3w,HrDom,Basc1,75,0.00,0.00,10.96,12.91,2.19,2.68,0.00,0.00,0.00,67.69,0.00,17.05,0.00,0.00,0.00,0.00
215,3w,HrDom,Basc1,85,0.00,0.00,11.74,13.04,2.22,2.66,0.00,0.00,0.00,72.29,0.00,19.11,0.00,0.00,0.00,0.00
215,3w,HrDom,Basc1,95,0.00,0.00,12.15,13.00,2.21,2.61,0.00,0.00,0.00,74.27,0.00,20.64,0.00,0.00,0.00,0.00
215,3w,HrDom,Basc1,105,0.00,0.00,12.23,12.86,2.19,2.53,0.00,0.00,0.00,74.28,0.00,21.69,0.00,0.00,0.00,0.00
215,3w,HrDom,Basc1,115,0.00,0.00,12.05,12.66,2.16,2.45,0.00,0.00,0.00,72.79,0.00,22.31,0.00,0.00,0.00,0.00
215,3w,HrDom,Basc1,125,0.00,0.00,11.63,12.40,2.11,2.35,0.00,0.00,0.00,70.19,0.00,22.56,0.00,0.00,0.00,0.00
215,3w,HrDom,Basc1,135,0.00,0.00,11.03,12.09,2.06,2.25,0.00,0.00,0.00,66.80,0.00,22.45,0.00,0.00,0.00,0.00
215,3w,HrDom,Basc1,145,0.00,0.00,10.28,11.73,2.00,2.14,0.00,0.00,0.00,62.86,0.00,22.04,0.00,0.00,0.00,0.00
215,3w,HrDom,Basc1,155,0.00,0.00,9.44,11.31,1.93,2.02,0.00,0.00,0.00,58.57,0.00,21.37,0.00,0.00,0.00,0.00
215,3w,HrDom,Basc1,165,0.00,0.00,8.54,10.85,1.85,1.90,0.00,0.00,0.00,54.11,0.00,20.48,0.00,0.00,0.00,0.00
215,3w,HrDom,Basc1,175,0.00,0.00,7.62,10.35,1.77,1.77,0.00,0.00,0.00,49.59,0.00,19.43,0.00,0.00,0.00,0.00
215,3w,HrDom,Basc1,185,0.00,0.00,6.71,9.82,1.67,1.64,0.00,0.00,0.00,45.12,0.00,18.26,0.00,0.00,0.00,0.00
215,3w,HrDom,Basc1,195,0.00,0.00,5.85,9.26,1.58,1.52,0.00,0.00,0.00,40.77,0.00,17.00,0.00,0.00,0.00,0.00
215,3w,HrDom,Basc1,205,0.00,0.00,5.04,8.68,1.48,1.39,0.00,0.00,0.00,36.62,0.00,15.71,0.00,0.00,0.00,0.00
215,3w,HrDom,Basc1,215,0.00,0.00,4.30,8.10,1.38,1.27,0.00,0.00,0.00,32.69,0.00,14.41,0.00,0.00,0.00,0.00
215,3w,HrDom,Basc1,225,0.00,0.00,3.63,7.52,1.28,1.15,0.00,0.00,0.00,29.01,0.00,13.12,0.00,0.00,0.00,0.00
215,3w,HrDom,Basc1,235,0.00,0.00,3.04,6.94,1.18,1.04,0.00,0.00,0.00,25.60,0.00,11.87,0.00,0.00,0.00,0.00
215,3w,HrDom,Basc1,245,0.00,0.00,2.52,6.37,1.09,0.93,0.00,0.00,0.00,22.47,0.00,10.67,0.00,0.00,0.00,0.00
215,3w,HrDom,Basc1,255,0.00,0.00,2.08,5.82,0.99,0.83,0.00,0.00,0.00,19.62,0.00,9.54,0.00,0.00,0.00,0.00
216,Patnt,HrDom,Basc1,5,0.00,0.00,0.00,0.00,0.00,0.00,0.00,0.00,0.00,0.00,0.00,0.00,0.00,0.00,0.00,0.00
216,Patnt,HrDom,Basc1,15,0.00,0.00,0.44,0.61,0.15,0.14,0.00,0.00,0.00,1.76,0.00,0.39,0.00,0.00,0.00,0.00
216,Patnt,HrDom,Basc1,25,0.00,0.00,1.74,3.07,0.57,0.70,0.00,0.00,0.00,8.44,0.00,1.82,0.00,0.00,0.00,0.00
216,Patnt,HrDom,Basc1,35,0.00,0.00,3.74,6.68,1.11,1.49,0.00,0.00,0.00,20.31,0.00,4.43,0.00,0.00,0.00,0.00
216,Patnt,HrDom,Basc1,45,0.00,0.00,5.98,9.70,1.58,2.12,0.00,0.00,0.00,34.74,0.00,7.76,0.00,0.00,0.00,0.00
216,Patnt,HrDom,Basc1,55,0.00,0.00,7.99,11.45,1.89,2.45,0.00,0.00,0.00,48.22,0.00,11.14,0.00,0.00,0.00,0.00
216,Patnt,HrDom,Basc1,65,0.00,0.00,9.52,12.20,2.05,2.57,0.00,0.00,0.00,58.48,0.00,14.07,0.00,0.00,0.00,0.00
216,Patnt,HrDom,Basc1,75,0.00,0.00,10.53,12.40,2.10,2.57,0.00,0.00,0.00,65.00,0.00,16.37,0.00,0.00,0.00,0.00
216,Patnt,HrDom,Basc1,85,0.00,0.00,11.10,12.33,2.09,2.51,0.00,0.00,0.00,68.34,0.00,18.07,0.00,0.00,0.00,0.00
216,Patnt,HrDom,Basc1,95,0.00,0.00,11.33,12.13,2.06,2.43,0.00,0.00,0.00,69.28,0.00,19.25,0.00,0.00,0.00,0.00
216,Patnt,HrDom,Basc1,105,0.00,0.00,11.28,11.87,2.02,2.34,0.00,0.00,0.00,68.52,0.00,20.01,0.00,0.00,0.00,0.00
216,Patnt,HrDom,Basc1,115,0.00,0.00,11.01,11.58,1.97,2.24,0.00,0.00,0.00,66.55,0.00,20.40,0.00,0.00,0.00,0.00
216,Patnt,HrDom,Basc1,125,0.00,0.00,10.56,11.27,1.92,2.14,0.00,0.00,0.00,63.75,0.00,20.49,0.00,0.00,0.00,0.00
216,Patnt,HrDom,Basc1,135,0.00,0.00,9.97,10.93,1.86,2.03,0.00,0.00,0.00,60.40,0.00,20.30,0.00,0.00,0.00,0.00
216,Patnt,HrDom,Basc1,145,0.00,0.00,9.28,10.58,1.80,1.93,0.00,0.00,0.00,56.72,0.00,19.89,0.00,0.00,0.00,0.00
216,Patnt,HrDom,Basc1,155,0.00,0.00,8.52,10.21,1.74,1.82,0.00,0.00,0.00,52.86,0.00,19.28,0.00,0.00,0.00,0.00
216,Patnt,HrDom,Basc1,165,0.00,0.00,7.72,9.81,1.67,1.72,0.00,0.00,0.00,48.94,0.00,18.52,0.00,0.00,0.00,0.00
216,Patnt,HrDom,Basc1,175,0.00,0.00,6.92,9.40,1.60,1.61,0.00,0.00,0.00,45.06,0.00,17.65,0.00,0.00,0.00,0.00
216,Patnt,HrDom,Basc1,185,0.00,0.00,6.14,8.98,1.53,1.50,0.00,0.00,0.00,41.28,0.00,16.70,0.00,0.00,0.00,0.00
216,Patnt,HrDom,Basc1,195,0.00,0.00,5.40,8.55,1.46,1.40,0.00,0.00,0.00,37.65,0.00,15.70,0.00,0.00,0.00,0.00
216,Patnt,HrDom,Basc1,205,0.00,0.00,4.70,8.11,1.38,1.30,0.00,0.00,0.00,34.20,0.00,14.67,0.00,0.00,0.00,0.00
216,Patnt,HrDom,Basc1,215,0.00,0.00,4.07,7.67,1.31,1.20,0.00,0.00,0.00,30.95,0.00,13.64,0.00,0.00,0.00,0.00
216,Patnt,HrDom,Basc1,225,0.00,0.00,3.49,7.23,1.23,1.11,0.00,0.00,0.00,27.91,0.00,12.62,0.00,0.00,0.00,0.00
216,Patnt,HrDom,Basc1,235,0.00,0.00,2.98,6.80,1.16,1.02,0.00,0.00,0.00,25.08,0.00,11.63,0.00,0.00,0.00,0.00
216,Patnt,HrDom,Basc1,245,0.00,0.00,2.52,6.37,1.09,0.93,0.00,0.00,0.00,22.47,0.00,10.67,0.00,0.00,0.00,0.00
216,Patnt,HrDom,Basc1,255,0.00,0.00,2.13,5.96,1.02,0.85,0.00,0.00,0.00,20.06,0.00,9.75,0.00,0.00,0.00,0.00
217,3w,HrDom,Basc2,5,0.00,0.00,0.00,0.00,0.00,0.00,0.00,0.00,0.00,0.00,0.00,0.00,0.00,0.00,0.00,0.00
217,3w,HrDom,Basc2,15,0.00,0.00,0.40,0.55,0.13,0.12,0.00,0.00,0.00,1.59,0.00,0.35,0.00,0.00,0.00,0.00
217,3w,HrDom,Basc2,25,0.00,0.00,1.62,2.86,0.53,0.65,0.00,0.00,0.00,7.85,0.00,1.70,0.00,0.00,0.00,0.00
217,3w,HrDom,Basc2,35,0.00,0.00,3.57,6.38,1.06,1.43,0.00,0.00,0.00,19.41,0.00,4.23,0.00,0.00,0.00,0.00
217,3w,HrDom,Basc2,45,0.00,0.00,5.86,9.51,1.55,2.08,0.00,0.00,0.00,34.04,0.00,7.60,0.00,0.00,0.00,0.00
217,3w,HrDom,Basc2,55,0.00,0.00,8.01,11.47,1.89,2.46,0.00,0.00,0.00,48.33,0.00,11.16,0.00,0.00,0.00,0.00
217,3w,HrDom,Basc2,65,0.00,0.00,9.73,12.48,2.09,2.63,0.00,0.00,0.00,59.81,0.00,14.39,0.00,0.00,0.00,0.00
217,3w,HrDom,Basc2,75,0.00,0.00,10.96,12.91,2.19,2.68,0.00,0.00,0.00,67.69,0.00,17.05,0.00,0.00,0.00,0.00
217,3w,HrDom,Basc2,85,0.00,0.00,11.74,13.04,2.22,2.66,0.00,0.00,0.00,72.29,0.00,19.11,0.00,0.00,0.00,0.00
217,3w,HrDom,Basc2,95,0.00,0.00,12.15,13.00,2.21,2.61,0.00,0.00,0.00,74.27,0.00,20.64,0.00,0.00,0.00,0.00
217,3w,HrDom,Basc2,105,0.00,0.00,12.23,12.86,2.19,2.53,0.00,0.00,0.00,74.28,0.00,21.69,0.00,0.00,0.00,0.00
217,3w,HrDom,Basc2,115,0.00,0.00,12.05,12.66,2.16,2.45,0.00,0.00,0.00,72.79,0.00,22.31,0.00,0.00,0.00,0.00
217,3w,HrDom,Basc2,125,0.00,0.00,11.63,12.40,2.11,2.35,0.00,0.00,0.00,70.19,0.00,22.56,0.00,0.00,0.00,0.00
217,3w,HrDom,Basc2,135,0.00,0.00,11.03,12.09,2.06,2.25,0.00,0.00,0.00,66.80,0.00,22.45,0.00,0.00,0.00,0.00
217,3w,HrDom,Basc2,145,0.00,0.00,10.28,11.73,2.00,2.14,0.00,0.00,0.00,62.86,0.00,22.04,0.00,0.00,0.00,0.00
217,3w,HrDom,Basc2,155,0.00,0.00,9.44,11.31,1.93,2.02,0.00,0.00,0.00,58.57,0.00,21.37,0.00,0.00,0.00,0.00
217,3w,HrDom,Basc2,165,0.00,0.00,8.54,10.85,1.85,1.90,0.00,0.00,0.00,54.11,0.00,20.48,0.00,0.00,0.00,0.00
217,3w,HrDom,Basc2,175,0.00,0.00,7.62,10.35,1.77,1.77,0.00,0.00,0.00,49.59,0.00,19.43,0.00,0.00,0.00,0.00
217,3w,HrDom,Basc2,185,0.00,0.00,6.71,9.82,1.67,1.64,0.00,0.00,0.00,45.12,0.00,18.26,0.00,0.00,0.00,0.00
217,3w,HrDom,Basc2,195,0.00,0.00,5.85,9.26,1.58,1.52,0.00,0.00,0.00,40.77,0.00,17.00,0.00,0.00,0.00,0.00
217,3w,HrDom,Basc2,205,0.00,0.00,5.04,8.68,1.48,1.39,0.00,0.00,0.00,36.62,0.00,15.71,0.00,0.00,0.00,0.00
217,3w,HrDom,Basc2,215,0.00,0.00,4.30,8.10,1.38,1.27,0.00,0.00,0.00,32.69,0.00,14.41,0.00,0.00,0.00,0.00
217,3w,HrDom,Basc2,225,0.00,0.00,3.63,7.52,1.28,1.15,0.00,0.00,0.00,29.01,0.00,13.12,0.00,0.00,0.00,0.00
217,3w,HrDom,Basc2,235,0.00,0.00,3.04,6.94,1.18,1.04,0.00,0.00,0.00,25.60,0.00,11.87,0.00,0.00,0.00,0.00
217,3w,HrDom,Basc2,245,0.00,0.00,2.52,6.37,1.09,0.93,0.00,0.00,0.00,22.47,0.00,10.67,0.00,0.00,0.00,0.00
217,3w,HrDom,Basc2,255,0.00,0.00,2.08,5.82,0.99,0.83,0.00,0.00,0.00,19.62,0.00,9.54,0.00,0.00,0.00,0.00
218,Patnt,HrDom,Basc2,5,0.00,0.00,0.00,0.00,0.00,0.00,0.00,0.00,0.00,0.00,0.00,0.00,0.00,0.00,0.00,0.00
218,Patnt,HrDom,Basc2,15,0.00,0.00,0.44,0.61,0.15,0.14,0.00,0.00,0.00,1.76,0.00,0.39,0.00,0.00,0.00,0.00
218,Patnt,HrDom,Basc2,25,0.00,0.00,1.74,3.07,0.57,0.70,0.00,0.00,0.00,8.44,0.00,1.82,0.00,0.00,0.00,0.00
218,Patnt,HrDom,Basc2,35,0.00,0.00,3.74,6.68,1.11,1.49,0.00,0.00,0.00,20.31,0.00,4.43,0.00,0.00,0.00,0.00
218,Patnt,HrDom,Basc2,45,0.00,0.00,5.98,9.70,1.58,2.12,0.00,0.00,0.00,34.74,0.00,7.76,0.00,0.00,0.00,0.00
218,Patnt,HrDom,Basc2,55,0.00,0.00,7.99,11.45,1.89,2.45,0.00,0.00,0.00,48.22,0.00,11.14,0.00,0.00,0.00,0.00
218,Patnt,HrDom,Basc2,65,0.00,0.00,9.52,12.20,2.05,2.57,0.00,0.00,0.00,58.48,0.00,14.07,0.00,0.00,0.00,0.00
218,Patnt,HrDom,Basc2,75,0.00,0.00,10.53,12.40,2.10,2.57,0.00,0.00,0.00,65.00,0.00,16.37,0.00,0.00,0.00,0.00
218,Patnt,HrDom,Basc2,85,0.00,0.00,11.10,12.33,2.09,2.51,0.00,0.00,0.00,68.34,0.00,18.07,0.00,0.00,0.00,0.00
218,Patnt,HrDom,Basc2,95,0.00,0.00,11.33,12.13,2.06,2.43,0.00,0.00,0.00,69.28,0.00,19.25,0.00,0.00,0.00,0.00
218,Patnt,HrDom,Basc2,105,0.00,0.00,11.28,11.87,2.02,2.34,0.00,0.00,0.00,68.52,0.00,20.01,0.00,0.00,0.00,0.00
218,Patnt,HrDom,Basc2,115,0.00,0.00,11.01,11.58,1.97,2.24,0.00,0.00,0.00,66.55,0.00,20.40,0.00,0.00,0.00,0.00
218,Patnt,HrDom,Basc2,125,0.00,0.00,10.56,11.27,1.92,2.14,0.00,0.00,0.00,63.75,0.00,20.49,0.00,0.00,0.00,0.00
218,Patnt,HrDom,Basc2,135,0.00,0.00,9.97,10.93,1.86,2.03,0.00,0.00,0.00,60.40,0.00,20.30,0.00,0.00,0.00,0.00
218,Patnt,HrDom,Basc2,145,0.00,0.00,9.28,10.58,1.80,1.93,0.00,0.00,0.00,56.72,0.00,19.89,0.00,0.00,0.00,0.00
218,Patnt,HrDom,Basc2,155,0.00,0.00,8.52,10.21,1.74,1.82,0.00,0.00,0.00,52.86,0.00,19.28,0.00,0.00,0.00,0.00
218,Patnt,HrDom,Basc2,165,0.00,0.00,7.72,9.81,1.67,1.72,0.00,0.00,0.00,48.94,0.00,18.52,0.00,0.00,0.00,0.00
218,Patnt,HrDom,Basc2,175,0.00,0.00,6.92,9.40,1.60,1.61,0.00,0.00,0.00,45.06,0.00,17.65,0.00,0.00,0.00,0.00
218,Patnt,HrDom,Basc2,185,0.00,0.00,6.14,8.98,1.53,1.50,0.00,0.00,0.00,41.28,0.00,16.70,0.00,0.00,0.00,0.00
218,Patnt,HrDom,Basc2,195,0.00,0.00,5.40,8.55,1.46,1.40,0.00,0.00,0.00,37.65,0.00,15.70,0.00,0.00,0.00,0.00
218,Patnt,HrDom,Basc2,205,0.00,0.00,4.70,8.11,1.38,1.30,0.00,0.00,0.00,34.20,0.00,14.67,0.00,0.00,0.00,0.00
218,Patnt,HrDom,Basc2,215,0.00,0.00,4.07,7.67,1.31,1.20,0.00,0.00,0.00,30.95,0.00,13.64,0.00,0.00,0.00,0.00
218,Patnt,HrDom,Basc2,225,0.00,0.00,3.49,7.23,1.23,1.11,0.00,0.00,0.00,27.91,0.00,12.62,0.00,0.00,0.00,0.00
218,Patnt,HrDom,Basc2,235,0.00,0.00,2.98,6.80,1.16,1.02,0.00,0.00,0.00,25.08,0.00,11.63,0.00,0.00,0.00,0.00
218,Patnt,HrDom,Basc2,245,0.00,0.00,2.52,6.37,1.09,0.93,0.00,0.00,0.00,22.47,0.00,10.67,0.00,0.00,0.00,0.00
218,Patnt,HrDom,Basc2,255,0.00,0.00,2.13,5.96,1.02,0.85,0.00,0.00,0.00,20.06,0.00,9.75,0.00,0.00,0.00,0.00
219,3w,HrDom,Intn1,5,0.00,0.00,0.00,0.00,0.00,0.00,0.00,0.00,0.00,0.00,0.00,0.00,0.00,0.00,0.00,0.00
219,3w,HrDom,Intn1,15,0.00,0.00,0.40,0.55,0.13,0.12,0.00,0.00,0.00,1.59,0.00,0.35,0.00,0.00,0.00,0.00
219,3w,HrDom,Intn1,25,0.00,0.00,1.62,2.86,0.53,0.65,0.00,0.00,0.00,7.85,0.00,1.70,0.00,0.00,0.00,0.00
219,3w,HrDom,Intn1,35,0.00,0.00,3.57,6.38,1.06,1.43,0.00,0.00,0.00,19.41,0.00,4.23,0.00,0.00,0.00,0.00
219,3w,HrDom,Intn1,45,0.00,0.00,5.86,9.51,1.55,2.08,0.00,0.00,0.00,34.04,0.00,7.60,0.00,0.00,0.00,0.00
219,3w,HrDom,Intn1,55,0.00,0.00,8.01,11.47,1.89,2.46,0.00,0.00,0.00,48.33,0.00,11.16,0.00,0.00,0.00,0.00
219,3w,HrDom,Intn1,65,0.00,0.00,9.73,12.48,2.09,2.63,0.00,0.00,0.00,59.81,0.00,14.39,0.00,0.00,0.00,0.00
219,3w,HrDom,Intn1,75,0.00,0.00,10.96,12.91,2.19,2.68,0.00,0.00,0.00,67.69,0.00,17.05,0.00,0.00,0.00,0.00
219,3w,HrDom,Intn1,85,0.00,0.00,11.74,13.04,2.22,2.66,0.00,0.00,0.00,72.29,0.00,19.11,0.00,0.00,0.00,0.00
219,3w,HrDom,Intn1,95,0.00,0.00,12.15,13.00,2.21,2.61,0.00,0.00,0.00,74.27,0.00,20.64,0.00,0.00,0.00,0.00
219,3w,HrDom,Intn1,105,0.00,0.00,12.23,12.86,2.19,2.53,0.00,0.00,0.00,74.28,0.00,21.69,0.00,0.00,0.00,0.00
219,3w,HrDom,Intn1,115,0.00,0.00,12.05,12.66,2.16,2.45,0.00,0.00,0.00,72.79,0.00,22.31,0.00,0.00,0.00,0.00
219,3w,HrDom,Intn1,125,0.00,0.00,11.63,12.40,2.11,2.35,0.00,0.00,0.00,70.19,0.00,22.56,0.00,0.00,0.00,0.00
219,3w,HrDom,Intn1,135,0.00,0.00,11.03,12.09,2.06,2.25,0.00,0.00,0.00,66.80,0.00,22.45,0.00,0.00,0.00,0.00
219,3w,HrDom,Intn1,145,0.00,0.00,10.28,11.73,2.00,2.14,0.00,0.00,0.00,62.86,0.00,22.04,0.00,0.00,0.00,0.00
219,3w,HrDom,Intn1,155,0.00,0.00,9.44,11.31,1.93,2.02,0.00,0.00,0.00,58.57,0.00,21.37,0.00,0.00,0.00,0.00
219,3w,HrDom,Intn1,165,0.00,0.00,8.54,10.85,1.85,1.90,0.00,0.00,0.00,54.11,0.00,20.48,0.00,0.00,0.00,0.00
219,3w,HrDom,Intn1,175,0.00,0.00,7.62,10.35,1.77,1.77,0.00,0.00,0.00,49.59,0.00,19.43,0.00,0.00,0.00,0.00
219,3w,HrDom,Intn1,185,0.00,0.00,6.71,9.82,1.67,1.64,0.00,0.00,0.00,45.12,0.00,18.26,0.00,0.00,0.00,0.00
219,3w,HrDom,Intn1,195,0.00,0.00,5.85,9.26,1.58,1.52,0.00,0.00,0.00,40.77,0.00,17.00,0.00,0.00,0.00,0.00
219,3w,HrDom,Intn1,205,0.00,0.00,5.04,8.68,1.48,1.39,0.00,0.00,0.00,36.62,0.00,15.71,0.00,0.00,0.00,0.00
219,3w,HrDom,Intn1,215,0.00,0.00,4.30,8.10,1.38,1.27,0.00,0.00,0.00,32.69,0.00,14.41,0.00,0.00,0.00,0.00
219,3w,HrDom,Intn1,225,0.00,0.00,3.63,7.52,1.28,1.15,0.00,0.00,0.00,29.01,0.00,13.12,0.00,0.00,0.00,0.00
219,3w,HrDom,Intn1,235,0.00,0.00,3.04,6.94,1.18,1.04,0.00,0.00,0.00,25.60,0.00,11.87,0.00,0.00,0.00,0.00
219,3w,HrDom,Intn1,245,0.00,0.00,2.52,6.37,1.09,0.93,0.00,0.00,0.00,22.47,0.00,10.67,0.00,0.00,0.00,0.00
219,3w,HrDom,Intn1,255,0.00,0.00,2.08,5.82,0.99,0.83,0.00,0.00,0.00,19.62,0.00,9.54,0.00,0.00,0.00,0.00
220,Patnt,HrDom,Intn1,5,0.00,0.00,0.00,0.00,0.00,0.00,0.00,0.00,0.00,0.00,0.00,0.00,0.00,0.00,0.00,0.00
220,Patnt,HrDom,Intn1,15,0.00,0.00,0.44,0.61,0.15,0.14,0.00,0.00,0.00,1.76,0.00,0.39,0.00,0.00,0.00,0.00
220,Patnt,HrDom,Intn1,25,0.00,0.00,1.74,3.07,0.57,0.70,0.00,0.00,0.00,8.44,0.00,1.82,0.00,0.00,0.00,0.00
220,Patnt,HrDom,Intn1,35,0.00,0.00,3.74,6.68,1.11,1.49,0.00,0.00,0.00,20.31,0.00,4.43,0.00,0.00,0.00,0.00
220,Patnt,HrDom,Intn1,45,0.00,0.00,5.98,9.70,1.58,2.12,0.00,0.00,0.00,34.74,0.00,7.76,0.00,0.00,0.00,0.00
220,Patnt,HrDom,Intn1,55,0.00,0.00,7.99,11.45,1.89,2.45,0.00,0.00,0.00,48.22,0.00,11.14,0.00,0.00,0.00,0.00
220,Patnt,HrDom,Intn1,65,0.00,0.00,9.52,12.20,2.05,2.57,0.00,0.00,0.00,58.48,0.00,14.07,0.00,0.00,0.00,0.00
220,Patnt,HrDom,Intn1,75,0.00,0.00,10.53,12.40,2.10,2.57,0.00,0.00,0.00,65.00,0.00,16.37,0.00,0.00,0.00,0.00
220,Patnt,HrDom,Intn1,85,0.00,0.00,11.10,12.33,2.09,2.51,0.00,0.00,0.00,68.34,0.00,18.07,0.00,0.00,0.00,0.00
220,Patnt,HrDom,Intn1,95,0.00,0.00,11.33,12.13,2.06,2.43,0.00,0.00,0.00,69.28,0.00,19.25,0.00,0.00,0.00,0.00
220,Patnt,HrDom,Intn1,105,0.00,0.00,11.28,11.87,2.02,2.34,0.00,0.00,0.00,68.52,0.00,20.01,0.00,0.00,0.00,0.00
220,Patnt,HrDom,Intn1,115,0.00,0.00,11.01,11.58,1.97,2.24,0.00,0.00,0.00,66.55,0.00,20.40,0.00,0.00,0.00,0.00
220,Patnt,HrDom,Intn1,125,0.00,0.00,10.56,11.27,1.92,2.14,0.00,0.00,0.00,63.75,0.00,20.49,0.00,0.00,0.00,0.00
220,Patnt,HrDom,Intn1,135,0.00,0.00,9.97,10.93,1.86,2.03,0.00,0.00,0.00,60.40,0.00,20.30,0.00,0.00,0.00,0.00
220,Patnt,HrDom,Intn1,145,0.00,0.00,9.28,10.58,1.80,1.93,0.00,0.00,0.00,56.72,0.00,19.89,0.00,0.00,0.00,0.00
220,Patnt,HrDom,Intn1,155,0.00,0.00,8.52,10.21,1.74,1.82,0.00,0.00,0.00,52.86,0.00,19.28,0.00,0.00,0.00,0.00
220,Patnt,HrDom,Intn1,165,0.00,0.00,7.72,9.81,1.67,1.72,0.00,0.00,0.00,48.94,0.00,18.52,0.00,0.00,0.00,0.00
220,Patnt,HrDom,Intn1,175,0.00,0.00,6.92,9.40,1.60,1.61,0.00,0.00,0.00,45.06,0.00,17.65,0.00,0.00,0.00,0.00
220,Patnt,HrDom,Intn1,185,0.00,0.00,6.14,8.98,1.53,1.50,0.00,0.00,0.00,41.28,0.00,16.70,0.00,0.00,0.00,0.00
220,Patnt,HrDom,Intn1,195,0.00,0.00,5.40,8.55,1.46,1.40,0.00,0.00,0.00,37.65,0.00,15.70,0.00,0.00,0.00,0.00
220,Patnt,HrDom,Intn1,205,0.00,0.00,4.70,8.11,1.38,1.30,0.00,0.00,0.00,34.20,0.00,14.67,0.00,0.00,0.00,0.00
220,Patnt,HrDom,Intn1,215,0.00,0.00,4.07,7.67,1.31,1.20,0.00,0.00,0.00,30.95,0.00,13.64,0.00,0.00,0.00,0.00
220,Patnt,HrDom,Intn1,225,0.00,0.00,3.49,7.23,1.23,1.11,0.00,0.00,0.00,27.91,0.00,12.62,0.00,0.00,0.00,0.00
220,Patnt,HrDom,Intn1,235,0.00,0.00,2.98,6.80,1.16,1.02,0.00,0.00,0.00,25.08,0.00,11.63,0.00,0.00,0.00,0.00
220,Patnt,HrDom,Intn1,245,0.00,0.00,2.52,6.37,1.09,0.93,0.00,0.00,0.00,22.47,0.00,10.67,0.00,0.00,0.00,0.00
220,Patnt,HrDom,Intn1,255,0.00,0.00,2.13,5.96,1.02,0.85,0.00,0.00,0.00,20.06,0.00,9.75,0.00,0.00,0.00,0.00
221,3w,HrDom,Intn2,5,0.00,0.00,0.00,0.00,0.00,0.00,0.00,0.00,0.00,0.00,0.00,0.00,0.00,0.00,0.00,0.00
221,3w,HrDom,Intn2,15,0.00,0.00,0.40,0.55,0.13,0.12,0.00,0.00,0.00,1.59,0.00,0.35,0.00,0.00,0.00,0.00
221,3w,HrDom,Intn2,25,0.00,0.00,1.62,2.86,0.53,0.65,0.00,0.00,0.00,7.85,0.00,1.70,0.00,0.00,0.00,0.00
221,3w,HrDom,Intn2,35,0.00,0.00,3.57,6.38,1.06,1.43,0.00,0.00,0.00,19.41,0.00,4.23,0.00,0.00,0.00,0.00
221,3w,HrDom,Intn2,45,0.00,0.00,5.86,9.51,1.55,2.08,0.00,0.00,0.00,34.04,0.00,7.60,0.00,0.00,0.00,0.00
221,3w,HrDom,Intn2,55,0.00,0.00,8.01,11.47,1.89,2.46,0.00,0.00,0.00,48.33,0.00,11.16,0.00,0.00,0.00,0.00
221,3w,HrDom,Intn2,65,0.00,0.00,9.73,12.48,2.09,2.63,0.00,0.00,0.00,59.81,0.00,14.39,0.00,0.00,0.00,0.00
221,3w,HrDom,Intn2,75,0.00,0.00,10.96,12.91,2.19,2.68,0.00,0.00,0.00,67.69,0.00,17.05,0.00,0.00,0.00,0.00
221,3w,HrDom,Intn2,85,0.00,0.00,11.74,13.04,2.22,2.66,0.00,0.00,0.00,72.29,0.00,19.11,0.00,0.00,0.00,0.00
221,3w,HrDom,Intn2,95,0.00,0.00,12.15,13.00,2.21,2.61,0.00,0.00,0.00,74.27,0.00,20.64,0.00,0.00,0.00,0.00
221,3w,HrDom,Intn2,105,0.00,0.00,12.23,12.86,2.19,2.53,0.00,0.00,0.00,74.28,0.00,21.69,0.00,0.00,0.00,0.00
221,3w,HrDom,Intn2,115,0.00,0.00,12.05,12.66,2.16,2.45,0.00,0.00,0.00,72.79,0.00,22.31,0.00,0.00,0.00,0.00
221,3w,HrDom,Intn2,125,0.00,0.00,11.63,12.40,2.11,2.35,0.00,0.00,0.00,70.19,0.00,22.56,0.00,0.00,0.00,0.00
221,3w,HrDom,Intn2,135,0.00,0.00,11.03,12.09,2.06,2.25,0.00,0.00,0.00,66.80,0.00,22.45,0.00,0.00,0.00,0.00
221,3w,HrDom,Intn2,145,0.00,0.00,10.28,11.73,2.00,2.14,0.00,0.00,0.00,62.86,0.00,22.04,0.00,0.00,0.00,0.00
221,3w,HrDom,Intn2,155,0.00,0.00,9.44,11.31,1.93,2.02,0.00,0.00,0.00,58.57,0.00,21.37,0.00,0.00,0.00,0.00
221,3w,HrDom,Intn2,165,0.00,0.00,8.54,10.85,1.85,1.90,0.00,0.00,0.00,54.11,0.00,20.48,0.00,0.00,0.00,0.00
221,3w,HrDom,Intn2,175,0.00,0.00,7.62,10.35,1.77,1.77,0.00,0.00,0.00,49.59,0.00,19.43,0.00,0.00,0.00,0.00
221,3w,HrDom,Intn2,185,0.00,0.00,6.71,9.82,1.67,1.64,0.00,0.00,0.00,45.12,0.00,18.26,0.00,0.00,0.00,0.00
221,3w,HrDom,Intn2,195,0.00,0.00,5.85,9.26,1.58,1.52,0.00,0.00,0.00,40.77,0.00,17.00,0.00,0.00,0.00,0.00
221,3w,HrDom,Intn2,205,0.00,0.00,5.04,8.68,1.48,1.39,0.00,0.00,0.00,36.62,0.00,15.71,0.00,0.00,0.00,0.00
221,3w,HrDom,Intn2,215,0.00,0.00,4.30,8.10,1.38,1.27,0.00,0.00,0.00,32.69,0.00,14.41,0.00,0.00,0.00,0.00
221,3w,HrDom,Intn2,225,0.00,0.00,3.63,7.52,1.28,1.15,0.00,0.00,0.00,29.01,0.00,13.12,0.00,0.00,0.00,0.00
221,3w,HrDom,Intn2,235,0.00,0.00,3.04,6.94,1.18,1.04,0.00,0.00,0.00,25.60,0.00,11.87,0.00,0.00,0.00,0.00
221,3w,HrDom,Intn2,245,0.00,0.00,2.52,6.37,1.09,0.93,0.00,0.00,0.00,22.47,0.00,10.67,0.00,0.00,0.00,0.00
221,3w,HrDom,Intn2,255,0.00,0.00,2.08,5.82,0.99,0.83,0.00,0.00,0.00,19.62,0.00,9.54,0.00,0.00,0.00,0.00
222,Patnt,HrDom,Intn2,5,0.00,0.00,0.00,0.00,0.00,0.00,0.00,0.00,0.00,0.00,0.00,0.00,0.00,0.00,0.00,0.00
222,Patnt,HrDom,Intn2,15,0.00,0.00,0.44,0.61,0.15,0.14,0.00,0.00,0.00,1.76,0.00,0.39,0.00,0.00,0.00,0.00
222,Patnt,HrDom,Intn2,25,0.00,0.00,1.74,3.07,0.57,0.70,0.00,0.00,0.00,8.44,0.00,1.82,0.00,0.00,0.00,0.00
222,Patnt,HrDom,Intn2,35,0.00,0.00,3.74,6.68,1.11,1.49,0.00,0.00,0.00,20.31,0.00,4.43,0.00,0.00,0.00,0.00
222,Patnt,HrDom,Intn2,45,0.00,0.00,5.98,9.70,1.58,2.12,0.00,0.00,0.00,34.74,0.00,7.76,0.00,0.00,0.00,0.00
222,Patnt,HrDom,Intn2,55,0.00,0.00,7.99,11.45,1.89,2.45,0.00,0.00,0.00,48.22,0.00,11.14,0.00,0.00,0.00,0.00
222,Patnt,HrDom,Intn2,65,0.00,0.00,9.52,12.20,2.05,2.57,0.00,0.00,0.00,58.48,0.00,14.07,0.00,0.00,0.00,0.00
222,Patnt,HrDom,Intn2,75,0.00,0.00,10.53,12.40,2.10,2.57,0.00,0.00,0.00,65.00,0.00,16.37,0.00,0.00,0.00,0.00
222,Patnt,HrDom,Intn2,85,0.00,0.00,11.10,12.33,2.09,2.51,0.00,0.00,0.00,68.34,0.00,18.07,0.00,0.00,0.00,0.00
222,Patnt,HrDom,Intn2,95,0.00,0.00,11.33,12.13,2.06,2.43,0.00,0.00,0.00,69.28,0.00,19.25,0.00,0.00,0.00,0.00
222,Patnt,HrDom,Intn2,105,0.00,0.00,11.28,11.87,2.02,2.34,0.00,0.00,0.00,68.52,0.00,20.01,0.00,0.00,0.00,0.00
222,Patnt,HrDom,Intn2,115,0.00,0.00,11.01,11.58,1.97,2.24,0.00,0.00,0.00,66.55,0.00,20.40,0.00,0.00,0.00,0.00
222,Patnt,HrDom,Intn2,125,0.00,0.00,10.56,11.27,1.92,2.14,0.00,0.00,0.00,63.75,0.00,20.49,0.00,0.00,0.00,0.00
222,Patnt,HrDom,Intn2,135,0.00,0.00,9.97,10.93,1.86,2.03,0.00,0.00,0.00,60.40,0.00,20.30,0.00,0.00,0.00,0.00
222,Patnt,HrDom,Intn2,145,0.00,0.00,9.28,10.58,1.80,1.93,0.00,0.00,0.00,56.72,0.00,19.89,0.00,0.00,0.00,0.00
222,Patnt,HrDom,Intn2,155,0.00,0.00,8.52,10.21,1.74,1.82,0.00,0.00,0.00,52.86,0.00,19.28,0.00,0.00,0.00,0.00
222,Patnt,HrDom,Intn2,165,0.00,0.00,7.72,9.81,1.67,1.72,0.00,0.00,0.00,48.94,0.00,18.52,0.00,0.00,0.00,0.00
222,Patnt,HrDom,Intn2,175,0.00,0.00,6.92,9.40,1.60,1.61,0.00,0.00,0.00,45.06,0.00,17.65,0.00,0.00,0.00,0.00
222,Patnt,HrDom,Intn2,185,0.00,0.00,6.14,8.98,1.53,1.50,0.00,0.00,0.00,41.28,0.00,16.70,0.00,0.00,0.00,0.00
222,Patnt,HrDom,Intn2,195,0.00,0.00,5.40,8.55,1.46,1.40,0.00,0.00,0.00,37.65,0.00,15.70,0.00,0.00,0.00,0.00
222,Patnt,HrDom,Intn2,205,0.00,0.00,4.70,8.11,1.38,1.30,0.00,0.00,0.00,34.20,0.00,14.67,0.00,0.00,0.00,0.00
222,Patnt,HrDom,Intn2,215,0.00,0.00,4.07,7.67,1.31,1.20,0.00,0.00,0.00,30.95,0.00,13.64,0.00,0.00,0.00,0.00
222,Patnt,HrDom,Intn2,225,0.00,0.00,3.49,7.23,1.23,1.11,0.00,0.00,0.00,27.91,0.00,12.62,0.00,0.00,0.00,0.00
222,Patnt,HrDom,Intn2,235,0.00,0.00,2.98,6.80,1.16,1.02,0.00,0.00,0.00,25.08,0.00,11.63,0.00,0.00,0.00,0.00
222,Patnt,HrDom,Intn2,245,0.00,0.00,2.52,6.37,1.09,0.93,0.00,0.00,0.00,22.47,0.00,10.67,0.00,0.00,0.00,0.00
222,Patnt,HrDom,Intn2,255,0.00,0.00,2.13,5.96,1.02,0.85,0.00,0.00,0.00,20.06,0.00,9.75,0.00,0.00,0.00,0.00
223,3w,HrDom,Succ,5,0.00,0.00,0.00,0.00,0.00,0.00,0.00,0.00,0.00,0.00,0.00,0.00,0.00,0.00,0.00,0.00
223,3w,HrDom,Succ,15,0.00,0.00,0.40,0.55,0.13,0.12,0.00,0.00,0.00,1.59,0.00,0.35,0.00,0.00,0.00,0.00
223,3w,HrDom,Succ,25,0.00,0.00,1.62,2.86,0.53,0.65,0.00,0.00,0.00,7.85,0.00,1.70,0.00,0.00,0.00,0.00
223,3w,HrDom,Succ,35,0.00,0.00,3.57,6.38,1.06,1.43,0.00,0.00,0.00,19.41,0.00,4.23,0.00,0.00,0.00,0.00
223,3w,HrDom,Succ,45,0.00,0.00,5.86,9.51,1.55,2.08,0.00,0.00,0.00,34.04,0.00,7.60,0.00,0.00,0.00,0.00
223,3w,HrDom,Succ,55,0.00,0.00,8.01,11.47,1.89,2.46,0.00,0.00,0.00,48.33,0.00,11.16,0.00,0.00,0.00,0.00
223,3w,HrDom,Succ,65,0.00,0.00,9.73,12.48,2.09,2.63,0.00,0.00,0.00,59.81,0.00,14.39,0.00,0.00,0.00,0.00
223,3w,HrDom,Succ,75,0.00,0.00,10.96,12.91,2.19,2.68,0.00,0.00,0.00,67.69,0.00,17.05,0.00,0.00,0.00,0.00
223,3w,HrDom,Succ,85,0.00,0.00,11.74,13.04,2.22,2.66,0.00,0.00,0.00,72.29,0.00,19.11,0.00,0.00,0.00,0.00
223,3w,HrDom,Succ,95,0.00,0.00,12.15,13.00,2.21,2.61,0.00,0.00,0.00,74.27,0.00,20.64,0.00,0.00,0.00,0.00
223,3w,HrDom,Succ,105,0.00,0.00,12.23,12.86,2.19,2.53,0.00,0.00,0.00,74.28,0.00,21.69,0.00,0.00,0.00,0.00
223,3w,HrDom,Succ,115,0.00,0.00,12.05,12.66,2.16,2.45,0.00,0.00,0.00,72.79,0.00,22.31,0.00,0.00,0.00,0.00
223,3w,HrDom,Succ,125,0.00,0.00,11.63,12.40,2.11,2.35,0.00,0.00,0.00,70.19,0.00,22.56,0.00,0.00,0.00,0.00
223,3w,HrDom,Succ,135,0.00,0.00,11.03,12.09,2.06,2.25,0.00,0.00,0.00,66.80,0.00,22.45,0.00,0.00,0.00,0.00
223,3w,HrDom,Succ,145,0.00,0.00,10.28,11.73,2.00,2.14,0.00,0.00,0.00,62.86,0.00,22.04,0.00,0.00,0.00,0.00
223,3w,HrDom,Succ,155,0.00,0.00,9.44,11.31,1.93,2.02,0.00,0.00,0.00,58.57,0.00,21.37,0.00,0.00,0.00,0.00
223,3w,HrDom,Succ,165,0.00,0.00,8.54,10.85,1.85,1.90,0.00,0.00,0.00,54.11,0.00,20.48,0.00,0.00,0.00,0.00
223,3w,HrDom,Succ,175,0.00,0.00,7.62,10.35,1.77,1.77,0.00,0.00,0.00,49.59,0.00,19.43,0.00,0.00,0.00,0.00
223,3w,HrDom,Succ,185,0.00,0.00,6.71,9.82,1.67,1.64,0.00,0.00,0.00,45.12,0.00,18.26,0.00,0.00,0.00,0.00
223,3w,HrDom,Succ,195,0.00,0.00,5.85,9.26,1.58,1.52,0.00,0.00,0.00,40.77,0.00,17.00,0.00,0.00,0.00,0.00
223,3w,HrDom,Succ,205,0.00,0.00,5.04,8.68,1.48,1.39,0.00,0.00,0.00,36.62,0.00,15.71,0.00,0.00,0.00,0.00
223,3w,HrDom,Succ,215,0.00,0.00,4.30,8.10,1.38,1.27,0.00,0.00,0.00,32.69,0.00,14.41,0.00,0.00,0.00,0.00
223,3w,HrDom,Succ,225,0.00,0.00,3.63,7.52,1.28,1.15,0.00,0.00,0.00,29.01,0.00,13.12,0.00,0.00,0.00,0.00
223,3w,HrDom,Succ,235,0.00,0.00,3.04,6.94,1.18,1.04,0.00,0.00,0.00,25.60,0.00,11.87,0.00,0.00,0.00,0.00
223,3w,HrDom,Succ,245,0.00,0.00,2.52,6.37,1.09,0.93,0.00,0.00,0.00,22.47,0.00,10.67,0.00,0.00,0.00,0.00
223,3w,HrDom,Succ,255,0.00,0.00,2.08,5.82,0.99,0.83,0.00,0.00,0.00,19.62,0.00,9.54,0.00,0.00,0.00,0.00
224,Patnt,HrDom,Succ,5,0.00,0.00,0.00,0.00,0.00,0.00,0.00,0.00,0.00,0.00,0.00,0.00,0.00,0.00,0.00,0.00
224,Patnt,HrDom,Succ,15,0.00,0.00,0.44,0.61,0.15,0.14,0.00,0.00,0.00,1.76,0.00,0.39,0.00,0.00,0.00,0.00
224,Patnt,HrDom,Succ,25,0.00,0.00,1.74,3.07,0.57,0.70,0.00,0.00,0.00,8.44,0.00,1.82,0.00,0.00,0.00,0.00
224,Patnt,HrDom,Succ,35,0.00,0.00,3.74,6.68,1.11,1.49,0.00,0.00,0.00,20.31,0.00,4.43,0.00,0.00,0.00,0.00
224,Patnt,HrDom,Succ,45,0.00,0.00,5.98,9.70,1.58,2.12,0.00,0.00,0.00,34.74,0.00,7.76,0.00,0.00,0.00,0.00
224,Patnt,HrDom,Succ,55,0.00,0.00,7.99,11.45,1.89,2.45,0.00,0.00,0.00,48.22,0.00,11.14,0.00,0.00,0.00,0.00
224,Patnt,HrDom,Succ,65,0.00,0.00,9.52,12.20,2.05,2.57,0.00,0.00,0.00,58.48,0.00,14.07,0.00,0.00,0.00,0.00
224,Patnt,HrDom,Succ,75,0.00,0.00,10.53,12.40,2.10,2.57,0.00,0.00,0.00,65.00,0.00,16.37,0.00,0.00,0.00,0.00
224,Patnt,HrDom,Succ,85,0.00,0.00,11.10,12.33,2.09,2.51,0.00,0.00,0.00,68.34,0.00,18.07,0.00,0.00,0.00,0.00
224,Patnt,HrDom,Succ,95,0.00,0.00,11.33,12.13,2.06,2.43,0.00,0.00,0.00,69.28,0.00,19.25,0.00,0.00,0.00,0.00
224,Patnt,HrDom,Succ,105,0.00,0.00,11.28,11.87,2.02,2.34,0.00,0.00,0.00,68.52,0.00,20.01,0.00,0.00,0.00,0.00
224,Patnt,HrDom,Succ,115,0.00,0.00,11.01,11.58,1.97,2.24,0.00,0.00,0.00,66.55,0.00,20.40,0.00,0.00,0.00,0.00
224,Patnt,HrDom,Succ,125,0.00,0.00,10.56,11.27,1.92,2.14,0.00,0.00,0.00,63.75,0.00,20.49,0.00,0.00,0.00,0.00
224,Patnt,HrDom,Succ,135,0.00,0.00,9.97,10.93,1.86,2.03,0.00,0.00,0.00,60.40,0.00,20.30,0.00,0.00,0.00,0.00
224,Patnt,HrDom,Succ,145,0.00,0.00,9.28,10.58,1.80,1.93,0.00,0.00,0.00,56.72,0.00,19.89,0.00,0.00,0.00,0.00
224,Patnt,HrDom,Succ,155,0.00,0.00,8.52,10.21,1.74,1.82,0.00,0.00,0.00,52.86,0.00,19.28,0.00,0.00,0.00,0.00
224,Patnt,HrDom,Succ,165,0.00,0.00,7.72,9.81,1.67,1.72,0.00,0.00,0.00,48.94,0.00,18.52,0.00,0.00,0.00,0.00
224,Patnt,HrDom,Succ,175,0.00,0.00,6.92,9.40,1.60,1.61,0.00,0.00,0.00,45.06,0.00,17.65,0.00,0.00,0.00,0.00
224,Patnt,HrDom,Succ,185,0.00,0.00,6.14,8.98,1.53,1.50,0.00,0.00,0.00,41.28,0.00,16.70,0.00,0.00,0.00,0.00
224,Patnt,HrDom,Succ,195,0.00,0.00,5.40,8.55,1.46,1.40,0.00,0.00,0.00,37.65,0.00,15.70,0.00,0.00,0.00,0.00
224,Patnt,HrDom,Succ,205,0.00,0.00,4.70,8.11,1.38,1.30,0.00,0.00,0.00,34.20,0.00,14.67,0.00,0.00,0.00,0.00
224,Patnt,HrDom,Succ,215,0.00,0.00,4.07,7.67,1.31,1.20,0.00,0.00,0.00,30.95,0.00,13.64,0.00,0.00,0.00,0.00
224,Patnt,HrDom,Succ,225,0.00,0.00,3.49,7.23,1.23,1.11,0.00,0.00,0.00,27.91,0.00,12.62,0.00,0.00,0.00,0.00
224,Patnt,HrDom,Succ,235,0.00,0.00,2.98,6.80,1.16,1.02,0.00,0.00,0.00,25.08,0.00,11.63,0.00,0.00,0.00,0.00
224,Patnt,HrDom,Succ,245,0.00,0.00,2.52,6.37,1.09,0.93,0.00,0.00,0.00,22.47,0.00,10.67,0.00,0.00,0.00,0.00
224,Patnt,HrDom,Succ,255,0.00,0.00,2.13,5.96,1.02,0.85,0.00,0.00,0.00,20.06,0.00,9.75,0.00,0.00,0.00,0.00
225,3w,HrdMw,Prsnt,5,0.00,0.00,0.00,0.00,0.00,0.00,0.00,0.00,0.00,0.00,0.00,0.00,0.00,0.00,0.00,0.00
225,3w,HrdMw,Prsnt,15,0.00,0.00,1.41,1.87,0.45,0.55,0.33,0.00,0.00,2.13,0.00,0.79,0.00,0.00,0.00,0.00
225,3w,HrdMw,Prsnt,25,0.00,0.00,4.37,7.46,1.32,2.17,0.59,0.00,0.00,8.05,0.00,2.95,0.00,0.00,0.00,0.00
225,3w,HrdMw,Prsnt,35,0.00,0.00,8.36,14.46,2.29,4.11,0.80,0.00,0.00,17.27,0.00,6.37,0.00,0.00,0.00,0.00
225,3w,HrdMw,Prsnt,45,0.00,0.00,12.79,20.09,3.12,5.57,0.97,0.00,0.00,28.26,0.00,10.68,0.00,0.00,0.00,0.00
225,3w,HrdMw,Prsnt,55,0.00,0.00,17.00,23.57,3.71,6.40,1.09,0.00,0.00,39.00,0.00,15.25,0.00,0.00,0.00,0.00
225,3w,HrdMw,Prsnt,65,0.00,0.00,20.50,25.43,4.07,6.79,1.16,0.00,0.00,47.88,0.00,19.50,0.00,0.00,0.00,0.00
225,3w,HrdMw,Prsnt,75,0.00,0.00,23.10,26.32,4.25,6.92,1.19,0.00,0.00,54.19,0.00,23.10,0.00,0.00,0.00,0.00
225,3w,HrdMw,Prsnt,85,0.00,0.00,24.78,26.62,4.32,6.88,1.18,0.00,0.00,57.97,0.00,25.93,0.00,0.00,0.00,0.00
225,3w,HrdMw,Prsnt,95,0.00,0.00,25.64,26.54,4.31,6.75,1.15,0.00,0.00,59.57,0.00,28.01,0.00,0.00,0.00,0.00
225,3w,HrdMw,Prsnt,105,0.00,0.00,25.75,26.21,4.26,6.55,1.11,0.00,0.00,59.43,0.00,29.37,0.00,0.00,0.00,0.00
225,3w,HrdMw,Prsnt,115,0.00,0.00,25.25,25.68,4.18,6.30,1.06,0.00,0.00,57.98,0.00,30.08,0.00,0.00,0.00,0.00
225,3w,HrdMw,Prsnt,125,0.00,0.00,24.23,25.00,4.07,6.02,0.99,0.00,0.00,55.57,0.00,30.22,0.00,0.00,0.00,0.00
225,3w,HrdMw,Prsnt,135,0.00,0.00,22.81,24.19,3.94,5.71,0.92,0.00,0.00,52.50,0.00,29.86,0.00,0.00,0.00,0.00
225,3w,HrdMw,Prsnt,145,0.00,0.00,21.10,23.28,3.79,5.39,0.85,0.00,0.00,49.02,0.00,29.08,0.00,0.00,0.00,0.00
225,3w,HrdMw,Prsnt,155,0.00,0.00,19.21,22.27,3.63,5.05,0.78,0.00,0.00,45.30,0.00,27.97,0.00,0.00,0.00,0.00
225,3w,HrdMw,Prsnt,165,0.00,0.00,17.23,21.18,3.45,4.70,0.71,0.00,0.00,41.49,0.00,26.58,0.00,0.00,0.00,0.00
225,3w,HrdMw,Prsnt,175,0.00,0.00,15.25,20.03,3.26,4.35,0.63,0.00,0.00,37.70,0.00,25.00,0.00,0.00,0.00,0.00
225,3w,HrdMw,Prsnt,185,0.00,0.00,13.32,18.84,3.07,4.01,0.56,0.00,0.00,34.01,0.00,23.29,0.00,0.00,0.00,0.00
225,3w,HrdMw,Prsnt,195,0.00,0.00,11.50,17.61,2.87,3.66,0.50,0.00,0.00,30.46,0.00,21.50,0.00,0.00,0.00,0.00
225,3w,HrdMw,Prsnt,205,0.00,0.00,9.82,16.37,2.67,3.33,0.43,0.00,0.00,27.11,0.00,19.69,0.00,0.00,0.00,0.00
225,3w,HrdMw,Prsnt,215,0.00,0.00,8.30,15.14,2.47,3.01,0.38,0.00,0.00,23.98,0.00,17.89,0.00,0.00,0.00,0.00
225,3w,HrdMw,Prsnt,225,0.00,0.00,6.95,13.92,2.27,2.70,0.32,0.00,0.00,21.09,0.00,16.14,0.00,0.00,0.00,0.00
225,3w,HrdMw,Prsnt,235,0.00,0.00,5.76,12.73,2.07,2.42,0.28,0.00,0.00,18.43,0.00,14.47,0.00,0.00,0.00,0.00
225,3w,HrdMw,Prsnt,245,0.00,0.00,4.74,11.58,1.89,2.15,0.23,0.00,0.00,16.02,0.00,12.88,0.00,0.00,0.00,0.00
225,3w,HrdMw,Prsnt,255,0.00,0.00,3.86,10.47,1.71,1.90,0.20,0.00,0.00,13.85,0.00,11.39,0.00,0.00,0.00,0.00
226,Patnt,HrdMw,Prsnt,5,0.00,0.00,0.00,0.00,0.00,0.00,0.00,0.00,0.00,0.00,0.00,0.00,0.00,0.00,0.00,0.00
226,Patnt,HrdMw,Prsnt,15,0.00,0.00,1.77,2.09,0.50,0.54,0.37,0.00,0.00,2.37,0.00,0.89,0.00,0.00,0.00,0.00
226,Patnt,HrdMw,Prsnt,25,0.00,0.00,5.41,8.20,1.46,2.09,0.65,0.00,0.00,8.85,0.00,3.24,0.00,0.00,0.00,0.00
226,Patnt,HrdMw,Prsnt,35,0.00,0.00,10.14,15.59,2.47,3.87,0.87,0.00,0.00,18.61,0.00,6.87,0.00,0.00,0.00,0.00
226,Patnt,HrdMw,Prsnt,45,0.00,0.00,15.19,21.20,3.29,5.14,1.03,0.00,0.00,29.82,0.00,11.27,0.00,0.00,0.00,0.00
226,Patnt,HrdMw,Prsnt,55,0.00,0.00,19.75,24.33,3.84,5.78,1.13,0.00,0.00,40.27,0.00,15.74,0.00,0.00,0.00,0.00
226,Patnt,HrdMw,Prsnt,65,0.00,0.00,23.30,25.68,4.11,6.00,1.17,0.00,0.00,48.35,0.00,19.69,0.00,0.00,0.00,0.00
226,Patnt,HrdMw,Prsnt,75,0.00,0.00,25.66,25.99,4.20,5.98,1.17,0.00,0.00,53.51,0.00,22.81,0.00,0.00,0.00,0.00
226,Patnt,HrdMw,Prsnt,85,0.00,0.00,26.91,25.69,4.17,5.81,1.14,0.00,0.00,55.95,0.00,25.03,0.00,0.00,0.00,0.00
226,Patnt,HrdMw,Prsnt,95,0.00,0.00,27.19,25.03,4.07,5.57,1.09,0.00,0.00,56.17,0.00,26.41,0.00,0.00,0.00,0.00
226,Patnt,HrdMw,Prsnt,105,0.00,0.00,26.68,24.13,3.92,5.27,1.02,0.00,0.00,54.72,0.00,27.04,0.00,0.00,0.00,0.00
226,Patnt,HrdMw,Prsnt,115,0.00,0.00,25.53,23.08,3.75,4.95,0.95,0.00,0.00,52.10,0.00,27.03,0.00,0.00,0.00,0.00
226,Patnt,HrdMw,Prsnt,125,0.00,0.00,23.89,21.92,3.57,4.61,0.87,0.00,0.00,48.71,0.00,26.49,0.00,0.00,0.00,0.00
226,Patnt,HrdMw,Prsnt,135,0.00,0.00,21.93,20.68,3.37,4.27,0.79,0.00,0.00,44.88,0.00,25.52,0.00,0.00,0.00,0.00
226,Patnt,HrdMw,Prsnt,145,0.00,0.00,19.77,19.39,3.16,3.92,0.71,0.00,0.00,40.83,0.00,24.23,0.00,0.00,0.00,0.00
226,Patnt,HrdMw,Prsnt,155,0.00,0.00,17.53,18.07,2.94,3.58,0.63,0.00,0.00,36.75,0.00,22.69,0.00,0.00,0.00,0.00
226,Patnt,HrdMw,Prsnt,165,0.00,0.00,15.31,16.73,2.72,3.25,0.56,0.00,0.00,32.77,0.00,20.99,0.00,0.00,0.00,0.00
226,Patnt,HrdMw,Prsnt,175,0.00,0.00,13.18,15.39,2.51,2.93,0.49,0.00,0.00,28.97,0.00,19.21,0.00,0.00,0.00,0.00
226,Patnt,HrdMw,Prsnt,185,0.00,0.00,11.20,14.07,2.29,2.62,0.42,0.00,0.00,25.41,0.00,17.40,0.00,0.00,0.00,0.00
226,Patnt,HrdMw,Prsnt,195,0.00,0.00,9.40,12.79,2.08,2.33,0.36,0.00,0.00,22.13,0.00,15.62,0.00,0.00,0.00,0.00
226,Patnt,HrdMw,Prsnt,205,0.00,0.00,7.79,11.55,1.88,2.05,0.31,0.00,0.00,19.13,0.00,13.89,0.00,0.00,0.00,0.00
226,Patnt,HrdMw,Prsnt,215,0.00,0.00,6.39,10.37,1.69,1.80,0.26,0.00,0.00,16.43,0.00,12.25,0.00,0.00,0.00,0.00
226,Patnt,HrdMw,Prsnt,225,0.00,0.00,5.19,9.25,1.51,1.57,0.21,0.00,0.00,14.02,0.00,10.73,0.00,0.00,0.00,0.00
226,Patnt,HrdMw,Prsnt,235,0.00,0.00,4.18,8.20,1.34,1.36,0.18,0.00,0.00,11.88,0.00,9.32,0.00,0.00,0.00,0.00
226,Patnt,HrdMw,Prsnt,245,0.00,0.00,3.33,7.23,1.18,1.17,0.14,0.00,0.00,10.01,0.00,8.05,0.00,0.00,0.00,0.00
226,Patnt,HrdMw,Prsnt,255,0.00,0.00,2.63,6.34,1.03,1.00,0.12,0.00,0.00,8.38,0.00,6.90,0.00,0.00,0.00,0.00
227,3w,HrdMw,Exten,5,0.00,0.00,0.00,0.00,0.00,0.00,0.00,0.00,0.00,0.00,0.00,0.00,0.00,0.00,0.00,0.00
227,3w,HrdMw,Exten,15,0.00,0.00,2.63,1.50,0.39,0.12,0.00,0.00,0.00,2.44,0.00,0.46,0.00,0.00,0.00,0.00
227,3w,HrdMw,Exten,25,0.00,0.00,8.20,6.04,1.17,0.47,0.00,0.00,0.00,9.31,0.00,1.73,0.00,0.00,0.00,0.00
227,3w,HrdMw,Exten,35,0.00,0.00,15.58,11.61,2.01,0.90,0.00,0.00,0.00,19.83,0.00,3.72,0.00,0.00,0.00,0.00
227,3w,HrdMw,Exten,45,0.00,0.00,23.50,15.91,2.70,1.20,0.00,0.00,0.00,32.00,0.00,6.15,0.00,0.00,0.00,0.00
227,3w,HrdMw,Exten,55,0.00,0.00,30.82,18.42,3.17,1.36,0.00,0.00,0.00,43.58,0.00,8.67,0.00,0.00,0.00,0.00
227,3w,HrdMw,Exten,65,0.00,0.00,36.81,19.69,3.44,1.43,0.00,0.00,0.00,52.99,0.00,10.98,0.00,0.00,0.00,0.00
227,3w,HrdMw,Exten,75,0.00,0.00,41.22,20.26,3.57,1.45,0.00,0.00,0.00,59.63,0.00,12.93,0.00,0.00,0.00,0.00
227,3w,HrdMw,Exten,85,0.00,0.00,44.08,20.42,3.61,1.44,0.00,0.00,0.00,63.57,0.00,14.47,0.00,0.00,0.00,0.00
227,3w,HrdMw,Exten,95,0.00,0.00,45.51,20.32,3.60,1.41,0.00,0.00,0.00,65.20,0.00,15.59,0.00,0.00,0.00,0.00
227,3w,HrdMw,Exten,105,0.00,0.00,45.68,20.05,3.56,1.36,0.00,0.00,0.00,65.00,0.00,16.34,0.00,0.00,0.00,0.00
227,3w,HrdMw,Exten,115,0.00,0.00,44.77,19.64,3.49,1.31,0.00,0.00,0.00,63.39,0.00,16.73,0.00,0.00,0.00,0.00
227,3w,HrdMw,Exten,125,0.00,0.00,42.98,19.13,3.40,1.25,0.00,0.00,0.00,60.77,0.00,16.81,0.00,0.00,0.00,0.00
227,3w,HrdMw,Exten,135,0.00,0.00,40.48,18.52,3.29,1.19,0.00,0.00,0.00,57.45,0.00,16.62,0.00,0.00,0.00,0.00
227,3w,HrdMw,Exten,145,0.00,0.00,37.47,17.83,3.17,1.12,0.00,0.00,0.00,53.67,0.00,16.20,0.00,0.00,0.00,0.00
227,3w,HrdMw,Exten,155,0.00,0.00,34.13,17.06,3.03,1.05,0.00,0.00,0.00,49.63,0.00,15.58,0.00,0.00,0.00,0.00
227,3w,HrdMw,Exten,165,0.00,0.00,30.63,16.24,2.88,0.98,0.00,0.00,0.00,45.48,0.00,14.82,0.00,0.00,0.00,0.00
227,3w,HrdMw,Exten,175,0.00,0.00,27.12,15.37,2.73,0.91,0.00,0.00,0.00,41.35,0.00,13.95,0.00,0.00,0.00,0.00
227,3w,HrdMw,Exten,185,0.00,0.00,23.70,14.45,2.57,0.83,0.00,0.00,0.00,37.31,0.00,13.00,0.00,0.00,0.00,0.00
227,3w,HrdMw,Exten,195,0.00,0.00,20.47,13.52,2.40,0.76,0.00,0.00,0.00,33.43,0.00,12.00,0.00,0.00,0.00,0.00
227,3w,HrdMw,Exten,205,0.00,0.00,17.48,12.57,2.23,0.69,0.00,0.00,0.00,29.77,0.00,11.00,0.00,0.00,0.00,0.00
227,3w,HrdMw,Exten,215,0.00,0.00,14.78,11.63,2.07,0.63,0.00,0.00,0.00,26.34,0.00,9.99,0.00,0.00,0.00,0.00
227,3w,HrdMw,Exten,225,0.00,0.00,12.37,10.69,1.90,0.56,0.00,0.00,0.00,23.16,0.00,9.02,0.00,0.00,0.00,0.00
227,3w,HrdMw,Exten,235,0.00,0.00,10.27,9.78,1.74,0.50,0.00,0.00,0.00,20.25,0.00,8.08,0.00,0.00,0.00,0.00
227,3w,HrdMw,Exten,245,0.00,0.00,8.44,8.89,1.58,0.45,0.00,0.00,0.00,17.60,0.00,7.20,0.00,0.00,0.00,0.00
227,3w,HrdMw,Exten,255,0.00,0.00,6.89,8.05,1.43,0.39,0.00,0.00,0.00,15.22,0.00,6.37,0.00,0.00,0.00,0.00
228,Patnt,HrdMw,Exten,5,0.00,0.00,0.00,0.00,0.00,0.00,0.00,0.00,0.00,0.00,0.00,0.00,0.00,0.00,0.00,0.00
228,Patnt,HrdMw,Exten,15,0.00,0.00,1.77,2.09,0.50,0.54,0.37,0.00,0.00,2.37,0.00,0.89,0.00,0.00,0.00,0.00
228,Patnt,HrdMw,Exten,25,0.00,0.00,5.41,8.20,1.46,2.09,0.65,0.00,0.00,8.85,0.00,3.24,0.00,0.00,0.00,0.00
228,Patnt,HrdMw,Exten,35,0.00,0.00,10.14,15.59,2.47,3.87,0.87,0.00,0.00,18.61,0.00,6.87,0.00,0.00,0.00,0.00
228,Patnt,HrdMw,Exten,45,0.00,0.00,15.19,21.20,3.29,5.14,1.03,0.00,0.00,29.82,0.00,11.27,0.00,0.00,0.00,0.00
228,Patnt,HrdMw,Exten,55,0.00,0.00,19.75,24.33,3.84,5.78,1.13,0.00,0.00,40.27,0.00,15.74,0.00,0.00,0.00,0.00
228,Patnt,HrdMw,Exten,65,0.00,0.00,23.30,25.68,4.11,6.00,1.17,0.00,0.00,48.35,0.00,19.69,0.00,0.00,0.00,0.00
228,Patnt,HrdMw,Exten,75,0.00,0.00,25.66,25.99,4.20,5.98,1.17,0.00,0.00,53.51,0.00,22.81,0.00,0.00,0.00,0.00
228,Patnt,HrdMw,Exten,85,0.00,0.00,26.91,25.69,4.17,5.81,1.14,0.00,0.00,55.95,0.00,25.03,0.00,0.00,0.00,0.00
228,Patnt,HrdMw,Exten,95,0.00,0.00,27.19,25.03,4.07,5.57,1.09,0.00,0.00,56.17,0.00,26.41,0.00,0.00,0.00,0.00
228,Patnt,HrdMw,Exten,105,0.00,0.00,26.68,24.13,3.92,5.27,1.02,0.00,0.00,54.72,0.00,27.04,0.00,0.00,0.00,0.00
228,Patnt,HrdMw,Exten,115,0.00,0.00,25.53,23.08,3.75,4.95,0.95,0.00,0.00,52.10,0.00,27.03,0.00,0.00,0.00,0.00
228,Patnt,HrdMw,Exten,125,0.00,0.00,23.89,21.92,3.57,4.61,0.87,0.00,0.00,48.71,0.00,26.49,0.00,0.00,0.00,0.00
228,Patnt,HrdMw,Exten,135,0.00,0.00,21.93,20.68,3.37,4.27,0.79,0.00,0.00,44.88,0.00,25.52,0.00,0.00,0.00,0.00
228,Patnt,HrdMw,Exten,145,0.00,0.00,19.77,19.39,3.16,3.92,0.71,0.00,0.00,40.83,0.00,24.23,0.00,0.00,0.00,0.00
228,Patnt,HrdMw,Exten,155,0.00,0.00,17.53,18.07,2.94,3.58,0.63,0.00,0.00,36.75,0.00,22.69,0.00,0.00,0.00,0.00
228,Patnt,HrdMw,Exten,165,0.00,0.00,15.31,16.73,2.72,3.25,0.56,0.00,0.00,32.77,0.00,20.99,0.00,0.00,0.00,0.00
228,Patnt,HrdMw,Exten,175,0.00,0.00,13.18,15.39,2.51,2.93,0.49,0.00,0.00,28.97,0.00,19.21,0.00,0.00,0.00,0.00
228,Patnt,HrdMw,Exten,185,0.00,0.00,11.20,14.07,2.29,2.62,0.42,0.00,0.00,25.41,0.00,17.40,0.00,0.00,0.00,0.00
228,Patnt,HrdMw,Exten,195,0.00,0.00,9.40,12.79,2.08,2.33,0.36,0.00,0.00,22.13,0.00,15.62,0.00,0.00,0.00,0.00
228,Patnt,HrdMw,Exten,205,0.00,0.00,7.79,11.55,1.88,2.05,0.31,0.00,0.00,19.13,0.00,13.89,0.00,0.00,0.00,0.00
228,Patnt,HrdMw,Exten,215,0.00,0.00,6.39,10.37,1.69,1.80,0.26,0.00,0.00,16.43,0.00,12.25,0.00,0.00,0.00,0.00
228,Patnt,HrdMw,Exten,225,0.00,0.00,5.19,9.25,1.51,1.57,0.21,0.00,0.00,14.02,0.00,10.73,0.00,0.00,0.00,0.00
228,Patnt,HrdMw,Exten,235,0.00,0.00,4.18,8.20,1.34,1.36,0.18,0.00,0.00,11.88,0.00,9.32,0.00,0.00,0.00,0.00
228,Patnt,HrdMw,Exten,245,0.00,0.00,3.33,7.23,1.18,1.17,0.14,0.00,0.00,10.01,0.00,8.05,0.00,0.00,0.00,0.00
228,Patnt,HrdMw,Exten,255,0.00,0.00,2.63,6.34,1.03,1.00,0.12,0.00,0.00,8.38,0.00,6.90,0.00,0.00,0.00,0.00
229,3w,HrdMw,Basc1,5,0.00,0.00,0.00,0.00,0.00,0.00,0.00,0.00,0.00,0.00,0.00,0.00,0.00,0.00,0.00,0.00
229,3w,HrdMw,Basc1,15,0.00,0.00,1.41,1.87,0.45,0.55,0.33,0.00,0.00,2.13,0.00,0.79,0.00,0.00,0.00,0.00
229,3w,HrdMw,Basc1,25,0.00,0.00,4.37,7.46,1.32,2.17,0.59,0.00,0.00,8.05,0.00,2.95,0.00,0.00,0.00,0.00
229,3w,HrdMw,Basc1,35,0.00,0.00,8.36,14.46,2.29,4.11,0.80,0.00,0.00,17.27,0.00,6.37,0.00,0.00,0.00,0.00
229,3w,HrdMw,Basc1,45,0.00,0.00,12.79,20.09,3.12,5.57,0.97,0.00,0.00,28.26,0.00,10.68,0.00,0.00,0.00,0.00
229,3w,HrdMw,Basc1,55,0.00,0.00,17.00,23.57,3.71,6.40,1.09,0.00,0.00,39.00,0.00,15.25,0.00,0.00,0.00,0.00
229,3w,HrdMw,Basc1,65,0.00,0.00,20.50,25.43,4.07,6.79,1.16,0.00,0.00,47.88,0.00,19.50,0.00,0.00,0.00,0.00
229,3w,HrdMw,Basc1,75,0.00,0.00,23.10,26.32,4.25,6.92,1.19,0.00,0.00,54.19,0.00,23.10,0.00,0.00,0.00,0.00
229,3w,HrdMw,Basc1,85,0.00,0.00,24.78,26.62,4.32,6.88,1.18,0.00,0.00,57.97,0.00,25.93,0.00,0.00,0.00,0.00
229,3w,HrdMw,Basc1,95,0.00,0.00,25.64,26.54,4.31,6.75,1.15,0.00,0.00,59.57,0.00,28.01,0.00,0.00,0.00,0.00
229,3w,HrdMw,Basc1,105,0.00,0.00,25.75,26.21,4.26,6.55,1.11,0.00,0.00,59.43,0.00,29.37,0.00,0.00,0.00,0.00
229,3w,HrdMw,Basc1,115,0.00,0.00,25.25,25.68,4.18,6.30,1.06,0.00,0.00,57.98,0.00,30.08,0.00,0.00,0.00,0.00
229,3w,HrdMw,Basc1,125,0.00,0.00,24.23,25.00,4.07,6.02,0.99,0.00,0.00,55.57,0.00,30.22,0.00,0.00,0.00,0.00
229,3w,HrdMw,Basc1,135,0.00,0.00,22.81,24.19,3.94,5.71,0.92,0.00,0.00,52.50,0.00,29.86,0.00,0.00,0.00,0.00
229,3w,HrdMw,Basc1,145,0.00,0.00,21.10,23.28,3.79,5.39,0.85,0.00,0.00,49.02,0.00,29.08,0.00,0.00,0.00,0.00
229,3w,HrdMw,Basc1,155,0.00,0.00,19.21,22.27,3.63,5.05,0.78,0.00,0.00,45.30,0.00,27.97,0.00,0.00,0.00,0.00
229,3w,HrdMw,Basc1,165,0.00,0.00,17.23,21.18,3.45,4.70,0.71,0.00,0.00,41.49,0.00,26.58,0.00,0.00,0.00,0.00
229,3w,HrdMw,Basc1,175,0.00,0.00,15.25,20.03,3.26,4.35,0.63,0.00,0.00,37.70,0.00,25.00,0.00,0.00,0.00,0.00
229,3w,HrdMw,Basc1,185,0.00,0.00,13.32,18.84,3.07,4.01,0.56,0.00,0.00,34.01,0.00,23.29,0.00,0.00,0.00,0.00
229,3w,HrdMw,Basc1,195,0.00,0.00,11.50,17.61,2.87,3.66,0.50,0.00,0.00,30.46,0.00,21.50,0.00,0.00,0.00,0.00
229,3w,HrdMw,Basc1,205,0.00,0.00,9.82,16.37,2.67,3.33,0.43,0.00,0.00,27.11,0.00,19.69,0.00,0.00,0.00,0.00
229,3w,HrdMw,Basc1,215,0.00,0.00,8.30,15.14,2.47,3.01,0.38,0.00,0.00,23.98,0.00,17.89,0.00,0.00,0.00,0.00
229,3w,HrdMw,Basc1,225,0.00,0.00,6.95,13.92,2.27,2.70,0.32,0.00,0.00,21.09,0.00,16.14,0.00,0.00,0.00,0.00
229,3w,HrdMw,Basc1,235,0.00,0.00,5.76,12.73,2.07,2.42,0.28,0.00,0.00,18.43,0.00,14.47,0.00,0.00,0.00,0.00
229,3w,HrdMw,Basc1,245,0.00,0.00,4.74,11.58,1.89,2.15,0.23,0.00,0.00,16.02,0.00,12.88,0.00,0.00,0.00,0.00
229,3w,HrdMw,Basc1,255,0.00,0.00,3.86,10.47,1.71,1.90,0.20,0.00,0.00,13.85,0.00,11.39,0.00,0.00,0.00,0.00
230,Patnt,HrdMw,Basc1,5,0.00,0.00,0.00,0.00,0.00,0.00,0.00,0.00,0.00,0.00,0.00,0.00,0.00,0.00,0.00,0.00
230,Patnt,HrdMw,Basc1,15,0.00,0.00,1.77,2.09,0.50,0.54,0.37,0.00,0.00,2.37,0.00,0.89,0.00,0.00,0.00,0.00
230,Patnt,HrdMw,Basc1,25,0.00,0.00,5.41,8.20,1.46,2.09,0.65,0.00,0.00,8.85,0.00,3.24,0.00,0.00,0.00,0.00
230,Patnt,HrdMw,Basc1,35,0.00,0.00,10.14,15.59,2.47,3.87,0.87,0.00,0.00,18.61,0.00,6.87,0.00,0.00,0.00,0.00
230,Patnt,HrdMw,Basc1,45,0.00,0.00,15.19,21.20,3.29,5.14,1.03,0.00,0.00,29.82,0.00,11.27,0.00,0.00,0.00,0.00
230,Patnt,HrdMw,Basc1,55,0.00,0.00,19.75,24.33,3.84,5.78,1.13,0.00,0.00,40.27,0.00,15.74,0.00,0.00,0.00,0.00
230,Patnt,HrdMw,Basc1,65,0.00,0.00,23.30,25.68,4.11,6.00,1.17,0.00,0.00,48.35,0.00,19.69,0.00,0.00,0.00,0.00
230,Patnt,HrdMw,Basc1,75,0.00,0.00,25.66,25.99,4.20,5.98,1.17,0.00,0.00,53.51,0.00,22.81,0.00,0.00,0.00,0.00
230,Patnt,HrdMw,Basc1,85,0.00,0.00,26.91,25.69,4.17,5.81,1.14,0.00,0.00,55.95,0.00,25.03,0.00,0.00,0.00,0.00
230,Patnt,HrdMw,Basc1,95,0.00,0.00,27.19,25.03,4.07,5.57,1.09,0.00,0.00,56.17,0.00,26.41,0.00,0.00,0.00,0.00
230,Patnt,HrdMw,Basc1,105,0.00,0.00,26.68,24.13,3.92,5.27,1.02,0.00,0.00,54.72,0.00,27.04,0.00,0.00,0.00,0.00
230,Patnt,HrdMw,Basc1,115,0.00,0.00,25.53,23.08,3.75,4.95,0.95,0.00,0.00,52.10,0.00,27.03,0.00,0.00,0.00,0.00
230,Patnt,HrdMw,Basc1,125,0.00,0.00,23.89,21.92,3.57,4.61,0.87,0.00,0.00,48.71,0.00,26.49,0.00,0.00,0.00,0.00
230,Patnt,HrdMw,Basc1,135,0.00,0.00,21.93,20.68,3.37,4.27,0.79,0.00,0.00,44.88,0.00,25.52,0.00,0.00,0.00,0.00
230,Patnt,HrdMw,Basc1,145,0.00,0.00,19.77,19.39,3.16,3.92,0.71,0.00,0.00,40.83,0.00,24.23,0.00,0.00,0.00,0.00
230,Patnt,HrdMw,Basc1,155,0.00,0.00,17.53,18.07,2.94,3.58,0.63,0.00,0.00,36.75,0.00,22.69,0.00,0.00,0.00,0.00
230,Patnt,HrdMw,Basc1,165,0.00,0.00,15.31,16.73,2.72,3.25,0.56,0.00,0.00,32.77,0.00,20.99,0.00,0.00,0.00,0.00
230,Patnt,HrdMw,Basc1,175,0.00,0.00,13.18,15.39,2.51,2.93,0.49,0.00,0.00,28.97,0.00,19.21,0.00,0.00,0.00,0.00
230,Patnt,HrdMw,Basc1,185,0.00,0.00,11.20,14.07,2.29,2.62,0.42,0.00,0.00,25.41,0.00,17.40,0.00,0.00,0.00,0.00
230,Patnt,HrdMw,Basc1,195,0.00,0.00,9.40,12.79,2.08,2.33,0.36,0.00,0.00,22.13,0.00,15.62,0.00,0.00,0.00,0.00
230,Patnt,HrdMw,Basc1,205,0.00,0.00,7.79,11.55,1.88,2.05,0.31,0.00,0.00,19.13,0.00,13.89,0.00,0.00,0.00,0.00
230,Patnt,HrdMw,Basc1,215,0.00,0.00,6.39,10.37,1.69,1.80,0.26,0.00,0.00,16.43,0.00,12.25,0.00,0.00,0.00,0.00
230,Patnt,HrdMw,Basc1,225,0.00,0.00,5.19,9.25,1.51,1.57,0.21,0.00,0.00,14.02,0.00,10.73,0.00,0.00,0.00,0.00
230,Patnt,HrdMw,Basc1,235,0.00,0.00,4.18,8.20,1.34,1.36,0.18,0.00,0.00,11.88,0.00,9.32,0.00,0.00,0.00,0.00
230,Patnt,HrdMw,Basc1,245,0.00,0.00,3.33,7.23,1.18,1.17,0.14,0.00,0.00,10.01,0.00,8.05,0.00,0.00,0.00,0.00
230,Patnt,HrdMw,Basc1,255,0.00,0.00,2.63,6.34,1.03,1.00,0.12,0.00,0.00,8.38,0.00,6.90,0.00,0.00,0.00,0.00
231,3w,HrdMw,Basc2,5,0.00,0.00,0.00,0.00,0.00,0.00,0.00,0.00,0.00,0.00,0.00,0.00,0.00,0.00,0.00,0.00
231,3w,HrdMw,Basc2,15,0.00,0.00,1.41,1.87,0.45,0.55,0.33,0.00,0.00,2.13,0.00,0.79,0.00,0.00,0.00,0.00
231,3w,HrdMw,Basc2,25,0.00,0.00,4.37,7.46,1.32,2.17,0.59,0.00,0.00,8.05,0.00,2.95,0.00,0.00,0.00,0.00
231,3w,HrdMw,Basc2,35,0.00,0.00,8.36,14.46,2.29,4.11,0.80,0.00,0.00,17.27,0.00,6.37,0.00,0.00,0.00,0.00
231,3w,HrdMw,Basc2,45,0.00,0.00,12.79,20.09,3.12,5.57,0.97,0.00,0.00,28.26,0.00,10.68,0.00,0.00,0.00,0.00
231,3w,HrdMw,Basc2,55,0.00,0.00,17.00,23.57,3.71,6.40,1.09,0.00,0.00,39.00,0.00,15.25,0.00,0.00,0.00,0.00
231,3w,HrdMw,Basc2,65,0.00,0.00,20.50,25.43,4.07,6.79,1.16,0.00,0.00,47.88,0.00,19.50,0.00,0.00,0.00,0.00
231,3w,HrdMw,Basc2,75,0.00,0.00,23.10,26.32,4.25,6.92,1.19,0.00,0.00,54.19,0.00,23.10,0.00,0.00,0.00,0.00
231,3w,HrdMw,Basc2,85,0.00,0.00,24.78,26.62,4.32,6.88,1.18,0.00,0.00,57.97,0.00,25.93,0.00,0.00,0.00,0.00
231,3w,HrdMw,Basc2,95,0.00,0.00,25.64,26.54,4.31,6.75,1.15,0.00,0.00,59.57,0.00,28.01,0.00,0.00,0.00,0.00
231,3w,HrdMw,Basc2,105,0.00,0.00,25.75,26.21,4.26,6.55,1.11,0.00,0.00,59.43,0.00,29.37,0.00,0.00,0.00,0.00
231,3w,HrdMw,Basc2,115,0.00,0.00,25.25,25.68,4.18,6.30,1.06,0.00,0.00,57.98,0.00,30.08,0.00,0.00,0.00,0.00
231,3w,HrdMw,Basc2,125,0.00,0.00,24.23,25.00,4.07,6.02,0.99,0.00,0.00,55.57,0.00,30.22,0.00,0.00,0.00,0.00
231,3w,HrdMw,Basc2,135,0.00,0.00,22.81,24.19,3.94,5.71,0.92,0.00,0.00,52.50,0.00,29.86,0.00,0.00,0.00,0.00
231,3w,HrdMw,Basc2,145,0.00,0.00,21.10,23.28,3.79,5.39,0.85,0.00,0.00,49.02,0.00,29.08,0.00,0.00,0.00,0.00
231,3w,HrdMw,Basc2,155,0.00,0.00,19.21,22.27,3.63,5.05,0.78,0.00,0.00,45.30,0.00,27.97,0.00,0.00,0.00,0.00
231,3w,HrdMw,Basc2,165,0.00,0.00,17.23,21.18,3.45,4.70,0.71,0.00,0.00,41.49,0.00,26.58,0.00,0.00,0.00,0.00
231,3w,HrdMw,Basc2,175,0.00,0.00,15.25,20.03,3.26,4.35,0.63,0.00,0.00,37.70,0.00,25.00,0.00,0.00,0.00,0.00
231,3w,HrdMw,Basc2,185,0.00,0.00,13.32,18.84,3.07,4.01,0.56,0.00,0.00,34.01,0.00,23.29,0.00,0.00,0.00,0.00
231,3w,HrdMw,Basc2,195,0.00,0.00,11.50,17.61,2.87,3.66,0.50,0.00,0.00,30.46,0.00,21.50,0.00,0.00,0.00,0.00
231,3w,HrdMw,Basc2,205,0.00,0.00,9.82,16.37,2.67,3.33,0.43,0.00,0.00,27.11,0.00,19.69,0.00,0.00,0.00,0.00
231,3w,HrdMw,Basc2,215,0.00,0.00,8.30,15.14,2.47,3.01,0.38,0.00,0.00,23.98,0.00,17.89,0.00,0.00,0.00,0.00
231,3w,HrdMw,Basc2,225,0.00,0.00,6.95,13.92,2.27,2.70,0.32,0.00,0.00,21.09,0.00,16.14,0.00,0.00,0.00,0.00
231,3w,HrdMw,Basc2,235,0.00,0.00,5.76,12.73,2.07,2.42,0.28,0.00,0.00,18.43,0.00,14.47,0.00,0.00,0.00,0.00
231,3w,HrdMw,Basc2,245,0.00,0.00,4.74,11.58,1.89,2.15,0.23,0.00,0.00,16.02,0.00,12.88,0.00,0.00,0.00,0.00
231,3w,HrdMw,Basc2,255,0.00,0.00,3.86,10.47,1.71,1.90,0.20,0.00,0.00,13.85,0.00,11.39,0.00,0.00,0.00,0.00
232,Patnt,HrdMw,Basc2,5,0.00,0.00,0.00,0.00,0.00,0.00,0.00,0.00,0.00,0.00,0.00,0.00,0.00,0.00,0.00,0.00
232,Patnt,HrdMw,Basc2,15,0.00,0.00,1.77,2.09,0.50,0.54,0.37,0.00,0.00,2.37,0.00,0.89,0.00,0.00,0.00,0.00
232,Patnt,HrdMw,Basc2,25,0.00,0.00,5.41,8.20,1.46,2.09,0.65,0.00,0.00,8.85,0.00,3.24,0.00,0.00,0.00,0.00
232,Patnt,HrdMw,Basc2,35,0.00,0.00,10.14,15.59,2.47,3.87,0.87,0.00,0.00,18.61,0.00,6.87,0.00,0.00,0.00,0.00
232,Patnt,HrdMw,Basc2,45,0.00,0.00,15.19,21.20,3.29,5.14,1.03,0.00,0.00,29.82,0.00,11.27,0.00,0.00,0.00,0.00
232,Patnt,HrdMw,Basc2,55,0.00,0.00,19.75,24.33,3.84,5.78,1.13,0.00,0.00,40.27,0.00,15.74,0.00,0.00,0.00,0.00
232,Patnt,HrdMw,Basc2,65,0.00,0.00,23.30,25.68,4.11,6.00,1.17,0.00,0.00,48.35,0.00,19.69,0.00,0.00,0.00,0.00
232,Patnt,HrdMw,Basc2,75,0.00,0.00,25.66,25.99,4.20,5.98,1.17,0.00,0.00,53.51,0.00,22.81,0.00,0.00,0.00,0.00
232,Patnt,HrdMw,Basc2,85,0.00,0.00,26.91,25.69,4.17,5.81,1.14,0.00,0.00,55.95,0.00,25.03,0.00,0.00,0.00,0.00
232,Patnt,HrdMw,Basc2,95,0.00,0.00,27.19,25.03,4.07,5.57,1.09,0.00,0.00,56.17,0.00,26.41,0.00,0.00,0.00,0.00
232,Patnt,HrdMw,Basc2,105,0.00,0.00,26.68,24.13,3.92,5.27,1.02,0.00,0.00,54.72,0.00,27.04,0.00,0.00,0.00,0.00
232,Patnt,HrdMw,Basc2,115,0.00,0.00,25.53,23.08,3.75,4.95,0.95,0.00,0.00,52.10,0.00,27.03,0.00,0.00,0.00,0.00
232,Patnt,HrdMw,Basc2,125,0.00,0.00,23.89,21.92,3.57,4.61,0.87,0.00,0.00,48.71,0.00,26.49,0.00,0.00,0.00,0.00
232,Patnt,HrdMw,Basc2,135,0.00,0.00,21.93,20.68,3.37,4.27,0.79,0.00,0.00,44.88,0.00,25.52,0.00,0.00,0.00,0.00
232,Patnt,HrdMw,Basc2,145,0.00,0.00,19.77,19.39,3.16,3.92,0.71,0.00,0.00,40.83,0.00,24.23,0.00,0.00,0.00,0.00
232,Patnt,HrdMw,Basc2,155,0.00,0.00,17.53,18.07,2.94,3.58,0.63,0.00,0.00,36.75,0.00,22.69,0.00,0.00,0.00,0.00
232,Patnt,HrdMw,Basc2,165,0.00,0.00,15.31,16.73,2.72,3.25,0.56,0.00,0.00,32.77,0.00,20.99,0.00,0.00,0.00,0.00
232,Patnt,HrdMw,Basc2,175,0.00,0.00,13.18,15.39,2.51,2.93,0.49,0.00,0.00,28.97,0.00,19.21,0.00,0.00,0.00,0.00
232,Patnt,HrdMw,Basc2,185,0.00,0.00,11.20,14.07,2.29,2.62,0.42,0.00,0.00,25.41,0.00,17.40,0.00,0.00,0.00,0.00
232,Patnt,HrdMw,Basc2,195,0.00,0.00,9.40,12.79,2.08,2.33,0.36,0.00,0.00,22.13,0.00,15.62,0.00,0.00,0.00,0.00
232,Patnt,HrdMw,Basc2,205,0.00,0.00,7.79,11.55,1.88,2.05,0.31,0.00,0.00,19.13,0.00,13.89,0.00,0.00,0.00,0.00
232,Patnt,HrdMw,Basc2,215,0.00,0.00,6.39,10.37,1.69,1.80,0.26,0.00,0.00,16.43,0.00,12.25,0.00,0.00,0.00,0.00
232,Patnt,HrdMw,Basc2,225,0.00,0.00,5.19,9.25,1.51,1.57,0.21,0.00,0.00,14.02,0.00,10.73,0.00,0.00,0.00,0.00
232,Patnt,HrdMw,Basc2,235,0.00,0.00,4.18,8.20,1.34,1.36,0.18,0.00,0.00,11.88,0.00,9.32,0.00,0.00,0.00,0.00
232,Patnt,HrdMw,Basc2,245,0.00,0.00,3.33,7.23,1.18,1.17,0.14,0.00,0.00,10.01,0.00,8.05,0.00,0.00,0.00,0.00
232,Patnt,HrdMw,Basc2,255,0.00,0.00,2.63,6.34,1.03,1.00,0.12,0.00,0.00,8.38,0.00,6.90,0.00,0.00,0.00,0.00
233,3w,HrdMw,Intn1,5,0.00,0.00,0.00,0.00,0.00,0.00,0.00,0.00,0.00,0.00,0.00,0.00,0.00,0.00,0.00,0.00
233,3w,HrdMw,Intn1,15,0.00,0.00,1.41,1.87,0.45,0.55,0.33,0.00,0.00,2.13,0.00,0.79,0.00,0.00,0.00,0.00
233,3w,HrdMw,Intn1,25,0.00,0.00,4.37,7.46,1.32,2.17,0.59,0.00,0.00,8.05,0.00,2.95,0.00,0.00,0.00,0.00
233,3w,HrdMw,Intn1,35,0.00,0.00,8.36,14.46,2.29,4.11,0.80,0.00,0.00,17.27,0.00,6.37,0.00,0.00,0.00,0.00
233,3w,HrdMw,Intn1,45,0.00,0.00,12.79,20.09,3.12,5.57,0.97,0.00,0.00,28.26,0.00,10.68,0.00,0.00,0.00,0.00
233,3w,HrdMw,Intn1,55,0.00,0.00,17.00,23.57,3.71,6.40,1.09,0.00,0.00,39.00,0.00,15.25,0.00,0.00,0.00,0.00
233,3w,HrdMw,Intn1,65,0.00,0.00,20.50,25.43,4.07,6.79,1.16,0.00,0.00,47.88,0.00,19.50,0.00,0.00,0.00,0.00
233,3w,HrdMw,Intn1,75,0.00,0.00,23.10,26.32,4.25,6.92,1.19,0.00,0.00,54.19,0.00,23.10,0.00,0.00,0.00,0.00
233,3w,HrdMw,Intn1,85,0.00,0.00,24.78,26.62,4.32,6.88,1.18,0.00,0.00,57.97,0.00,25.93,0.00,0.00,0.00,0.00
233,3w,HrdMw,Intn1,95,0.00,0.00,25.64,26.54,4.31,6.75,1.15,0.00,0.00,59.57,0.00,28.01,0.00,0.00,0.00,0.00
233,3w,HrdMw,Intn1,105,0.00,0.00,25.75,26.21,4.26,6.55,1.11,0.00,0.00,59.43,0.00,29.37,0.00,0.00,0.00,0.00
233,3w,HrdMw,Intn1,115,0.00,0.00,25.25,25.68,4.18,6.30,1.06,0.00,0.00,57.98,0.00,30.08,0.00,0.00,0.00,0.00
233,3w,HrdMw,Intn1,125,0.00,0.00,24.23,25.00,4.07,6.02,0.99,0.00,0.00,55.57,0.00,30.22,0.00,0.00,0.00,0.00
233,3w,HrdMw,Intn1,135,0.00,0.00,22.81,24.19,3.94,5.71,0.92,0.00,0.00,52.50,0.00,29.86,0.00,0.00,0.00,0.00
233,3w,HrdMw,Intn1,145,0.00,0.00,21.10,23.28,3.79,5.39,0.85,0.00,0.00,49.02,0.00,29.08,0.00,0.00,0.00,0.00
233,3w,HrdMw,Intn1,155,0.00,0.00,19.21,22.27,3.63,5.05,0.78,0.00,0.00,45.30,0.00,27.97,0.00,0.00,0.00,0.00
233,3w,HrdMw,Intn1,165,0.00,0.00,17.23,21.18,3.45,4.70,0.71,0.00,0.00,41.49,0.00,26.58,0.00,0.00,0.00,0.00
233,3w,HrdMw,Intn1,175,0.00,0.00,15.25,20.03,3.26,4.35,0.63,0.00,0.00,37.70,0.00,25.00,0.00,0.00,0.00,0.00
233,3w,HrdMw,Intn1,185,0.00,0.00,13.32,18.84,3.07,4.01,0.56,0.00,0.00,34.01,0.00,23.29,0.00,0.00,0.00,0.00
233,3w,HrdMw,Intn1,195,0.00,0.00,11.50,17.61,2.87,3.66,0.50,0.00,0.00,30.46,0.00,21.50,0.00,0.00,0.00,0.00
233,3w,HrdMw,Intn1,205,0.00,0.00,9.82,16.37,2.67,3.33,0.43,0.00,0.00,27.11,0.00,19.69,0.00,0.00,0.00,0.00
233,3w,HrdMw,Intn1,215,0.00,0.00,8.30,15.14,2.47,3.01,0.38,0.00,0.00,23.98,0.00,17.89,0.00,0.00,0.00,0.00
233,3w,HrdMw,Intn1,225,0.00,0.00,6.95,13.92,2.27,2.70,0.32,0.00,0.00,21.09,0.00,16.14,0.00,0.00,0.00,0.00
233,3w,HrdMw,Intn1,235,0.00,0.00,5.76,12.73,2.07,2.42,0.28,0.00,0.00,18.43,0.00,14.47,0.00,0.00,0.00,0.00
233,3w,HrdMw,Intn1,245,0.00,0.00,4.74,11.58,1.89,2.15,0.23,0.00,0.00,16.02,0.00,12.88,0.00,0.00,0.00,0.00
233,3w,HrdMw,Intn1,255,0.00,0.00,3.86,10.47,1.71,1.90,0.20,0.00,0.00,13.85,0.00,11.39,0.00,0.00,0.00,0.00
234,Patnt,HrdMw,Intn1,5,0.00,0.00,0.00,0.00,0.00,0.00,0.00,0.00,0.00,0.00,0.00,0.00,0.00,0.00,0.00,0.00
234,Patnt,HrdMw,Intn1,15,0.00,0.00,1.77,2.09,0.50,0.54,0.37,0.00,0.00,2.37,0.00,0.89,0.00,0.00,0.00,0.00
234,Patnt,HrdMw,Intn1,25,0.00,0.00,5.41,8.20,1.46,2.09,0.65,0.00,0.00,8.85,0.00,3.24,0.00,0.00,0.00,0.00
234,Patnt,HrdMw,Intn1,35,0.00,0.00,10.14,15.59,2.47,3.87,0.87,0.00,0.00,18.61,0.00,6.87,0.00,0.00,0.00,0.00
234,Patnt,HrdMw,Intn1,45,0.00,0.00,15.19,21.20,3.29,5.14,1.03,0.00,0.00,29.82,0.00,11.27,0.00,0.00,0.00,0.00
234,Patnt,HrdMw,Intn1,55,0.00,0.00,19.75,24.33,3.84,5.78,1.13,0.00,0.00,40.27,0.00,15.74,0.00,0.00,0.00,0.00
234,Patnt,HrdMw,Intn1,65,0.00,0.00,23.30,25.68,4.11,6.00,1.17,0.00,0.00,48.35,0.00,19.69,0.00,0.00,0.00,0.00
234,Patnt,HrdMw,Intn1,75,0.00,0.00,25.66,25.99,4.20,5.98,1.17,0.00,0.00,53.51,0.00,22.81,0.00,0.00,0.00,0.00
234,Patnt,HrdMw,Intn1,85,0.00,0.00,26.91,25.69,4.17,5.81,1.14,0.00,0.00,55.95,0.00,25.03,0.00,0.00,0.00,0.00
234,Patnt,HrdMw,Intn1,95,0.00,0.00,27.19,25.03,4.07,5.57,1.09,0.00,0.00,56.17,0.00,26.41,0.00,0.00,0.00,0.00
234,Patnt,HrdMw,Intn1,105,0.00,0.00,26.68,24.13,3.92,5.27,1.02,0.00,0.00,54.72,0.00,27.04,0.00,0.00,0.00,0.00
234,Patnt,HrdMw,Intn1,115,0.00,0.00,25.53,23.08,3.75,4.95,0.95,0.00,0.00,52.10,0.00,27.03,0.00,0.00,0.00,0.00
234,Patnt,HrdMw,Intn1,125,0.00,0.00,23.89,21.92,3.57,4.61,0.87,0.00,0.00,48.71,0.00,26.49,0.00,0.00,0.00,0.00
234,Patnt,HrdMw,Intn1,135,0.00,0.00,21.93,20.68,3.37,4.27,0.79,0.00,0.00,44.88,0.00,25.52,0.00,0.00,0.00,0.00
234,Patnt,HrdMw,Intn1,145,0.00,0.00,19.77,19.39,3.16,3.92,0.71,0.00,0.00,40.83,0.00,24.23,0.00,0.00,0.00,0.00
234,Patnt,HrdMw,Intn1,155,0.00,0.00,17.53,18.07,2.94,3.58,0.63,0.00,0.00,36.75,0.00,22.69,0.00,0.00,0.00,0.00
234,Patnt,HrdMw,Intn1,165,0.00,0.00,15.31,16.73,2.72,3.25,0.56,0.00,0.00,32.77,0.00,20.99,0.00,0.00,0.00,0.00
234,Patnt,HrdMw,Intn1,175,0.00,0.00,13.18,15.39,2.51,2.93,0.49,0.00,0.00,28.97,0.00,19.21,0.00,0.00,0.00,0.00
234,Patnt,HrdMw,Intn1,185,0.00,0.00,11.20,14.07,2.29,2.62,0.42,0.00,0.00,25.41,0.00,17.40,0.00,0.00,0.00,0.00
234,Patnt,HrdMw,Intn1,195,0.00,0.00,9.40,12.79,2.08,2.33,0.36,0.00,0.00,22.13,0.00,15.62,0.00,0.00,0.00,0.00
234,Patnt,HrdMw,Intn1,205,0.00,0.00,7.79,11.55,1.88,2.05,0.31,0.00,0.00,19.13,0.00,13.89,0.00,0.00,0.00,0.00
234,Patnt,HrdMw,Intn1,215,0.00,0.00,6.39,10.37,1.69,1.80,0.26,0.00,0.00,16.43,0.00,12.25,0.00,0.00,0.00,0.00
234,Patnt,HrdMw,Intn1,225,0.00,0.00,5.19,9.25,1.51,1.57,0.21,0.00,0.00,14.02,0.00,10.73,0.00,0.00,0.00,0.00
234,Patnt,HrdMw,Intn1,235,0.00,0.00,4.18,8.20,1.34,1.36,0.18,0.00,0.00,11.88,0.00,9.32,0.00,0.00,0.00,0.00
234,Patnt,HrdMw,Intn1,245,0.00,0.00,3.33,7.23,1.18,1.17,0.14,0.00,0.00,10.01,0.00,8.05,0.00,0.00,0.00,0.00
234,Patnt,HrdMw,Intn1,255,0.00,0.00,2.63,6.34,1.03,1.00,0.12,0.00,0.00,8.38,0.00,6.90,0.00,0.00,0.00,0.00
235,3w,HrdMw,Intn2,5,0.00,0.00,0.00,0.00,0.00,0.00,0.00,0.00,0.00,0.00,0.00,0.00,0.00,0.00,0.00,0.00
235,3w,HrdMw,Intn2,15,0.00,0.00,1.41,1.87,0.45,0.55,0.33,0.00,0.00,2.13,0.00,0.79,0.00,0.00,0.00,0.00
235,3w,HrdMw,Intn2,25,0.00,0.00,4.37,7.46,1.32,2.17,0.59,0.00,0.00,8.05,0.00,2.95,0.00,0.00,0.00,0.00
235,3w,HrdMw,Intn2,35,0.00,0.00,8.36,14.46,2.29,4.11,0.80,0.00,0.00,17.27,0.00,6.37,0.00,0.00,0.00,0.00
235,3w,HrdMw,Intn2,45,0.00,0.00,12.79,20.09,3.12,5.57,0.97,0.00,0.00,28.26,0.00,10.68,0.00,0.00,0.00,0.00
235,3w,HrdMw,Intn2,55,0.00,0.00,17.00,23.57,3.71,6.40,1.09,0.00,0.00,39.00,0.00,15.25,0.00,0.00,0.00,0.00
235,3w,HrdMw,Intn2,65,0.00,0.00,20.50,25.43,4.07,6.79,1.16,0.00,0.00,47.88,0.00,19.50,0.00,0.00,0.00,0.00
235,3w,HrdMw,Intn2,75,0.00,0.00,23.10,26.32,4.25,6.92,1.19,0.00,0.00,54.19,0.00,23.10,0.00,0.00,0.00,0.00
235,3w,HrdMw,Intn2,85,0.00,0.00,24.78,26.62,4.32,6.88,1.18,0.00,0.00,57.97,0.00,25.93,0.00,0.00,0.00,0.00
235,3w,HrdMw,Intn2,95,0.00,0.00,25.64,26.54,4.31,6.75,1.15,0.00,0.00,59.57,0.00,28.01,0.00,0.00,0.00,0.00
235,3w,HrdMw,Intn2,105,0.00,0.00,25.75,26.21,4.26,6.55,1.11,0.00,0.00,59.43,0.00,29.37,0.00,0.00,0.00,0.00
235,3w,HrdMw,Intn2,115,0.00,0.00,25.25,25.68,4.18,6.30,1.06,0.00,0.00,57.98,0.00,30.08,0.00,0.00,0.00,0.00
235,3w,HrdMw,Intn2,125,0.00,0.00,24.23,25.00,4.07,6.02,0.99,0.00,0.00,55.57,0.00,30.22,0.00,0.00,0.00,0.00
235,3w,HrdMw,Intn2,135,0.00,0.00,22.81,24.19,3.94,5.71,0.92,0.00,0.00,52.50,0.00,29.86,0.00,0.00,0.00,0.00
235,3w,HrdMw,Intn2,145,0.00,0.00,21.10,23.28,3.79,5.39,0.85,0.00,0.00,49.02,0.00,29.08,0.00,0.00,0.00,0.00
235,3w,HrdMw,Intn2,155,0.00,0.00,19.21,22.27,3.63,5.05,0.78,0.00,0.00,45.30,0.00,27.97,0.00,0.00,0.00,0.00
235,3w,HrdMw,Intn2,165,0.00,0.00,17.23,21.18,3.45,4.70,0.71,0.00,0.00,41.49,0.00,26.58,0.00,0.00,0.00,0.00
235,3w,HrdMw,Intn2,175,0.00,0.00,15.25,20.03,3.26,4.35,0.63,0.00,0.00,37.70,0.00,25.00,0.00,0.00,0.00,0.00
235,3w,HrdMw,Intn2,185,0.00,0.00,13.32,18.84,3.07,4.01,0.56,0.00,0.00,34.01,0.00,23.29,0.00,0.00,0.00,0.00
235,3w,HrdMw,Intn2,195,0.00,0.00,11.50,17.61,2.87,3.66,0.50,0.00,0.00,30.46,0.00,21.50,0.00,0.00,0.00,0.00
235,3w,HrdMw,Intn2,205,0.00,0.00,9.82,16.37,2.67,3.33,0.43,0.00,0.00,27.11,0.00,19.69,0.00,0.00,0.00,0.00
235,3w,HrdMw,Intn2,215,0.00,0.00,8.30,15.14,2.47,3.01,0.38,0.00,0.00,23.98,0.00,17.89,0.00,0.00,0.00,0.00
235,3w,HrdMw,Intn2,225,0.00,0.00,6.95,13.92,2.27,2.70,0.32,0.00,0.00,21.09,0.00,16.14,0.00,0.00,0.00,0.00
235,3w,HrdMw,Intn2,235,0.00,0.00,5.76,12.73,2.07,2.42,0.28,0.00,0.00,18.43,0.00,14.47,0.00,0.00,0.00,0.00
235,3w,HrdMw,Intn2,245,0.00,0.00,4.74,11.58,1.89,2.15,0.23,0.00,0.00,16.02,0.00,12.88,0.00,0.00,0.00,0.00
235,3w,HrdMw,Intn2,255,0.00,0.00,3.86,10.47,1.71,1.90,0.20,0.00,0.00,13.85,0.00,11.39,0.00,0.00,0.00,0.00
236,Patnt,HrdMw,Intn2,5,0.00,0.00,0.00,0.00,0.00,0.00,0.00,0.00,0.00,0.00,0.00,0.00,0.00,0.00,0.00,0.00
236,Patnt,HrdMw,Intn2,15,0.00,0.00,1.77,2.09,0.50,0.54,0.37,0.00,0.00,2.37,0.00,0.89,0.00,0.00,0.00,0.00
236,Patnt,HrdMw,Intn2,25,0.00,0.00,5.41,8.20,1.46,2.09,0.65,0.00,0.00,8.85,0.00,3.24,0.00,0.00,0.00,0.00
236,Patnt,HrdMw,Intn2,35,0.00,0.00,10.14,15.59,2.47,3.87,0.87,0.00,0.00,18.61,0.00,6.87,0.00,0.00,0.00,0.00
236,Patnt,HrdMw,Intn2,45,0.00,0.00,15.19,21.20,3.29,5.14,1.03,0.00,0.00,29.82,0.00,11.27,0.00,0.00,0.00,0.00
236,Patnt,HrdMw,Intn2,55,0.00,0.00,19.75,24.33,3.84,5.78,1.13,0.00,0.00,40.27,0.00,15.74,0.00,0.00,0.00,0.00
236,Patnt,HrdMw,Intn2,65,0.00,0.00,23.30,25.68,4.11,6.00,1.17,0.00,0.00,48.35,0.00,19.69,0.00,0.00,0.00,0.00
236,Patnt,HrdMw,Intn2,75,0.00,0.00,25.66,25.99,4.20,5.98,1.17,0.00,0.00,53.51,0.00,22.81,0.00,0.00,0.00,0.00
236,Patnt,HrdMw,Intn2,85,0.00,0.00,26.91,25.69,4.17,5.81,1.14,0.00,0.00,55.95,0.00,25.03,0.00,0.00,0.00,0.00
236,Patnt,HrdMw,Intn2,95,0.00,0.00,27.19,25.03,4.07,5.57,1.09,0.00,0.00,56.17,0.00,26.41,0.00,0.00,0.00,0.00
236,Patnt,HrdMw,Intn2,105,0.00,0.00,26.68,24.13,3.92,5.27,1.02,0.00,0.00,54.72,0.00,27.04,0.00,0.00,0.00,0.00
236,Patnt,HrdMw,Intn2,115,0.00,0.00,25.53,23.08,3.75,4.95,0.95,0.00,0.00,52.10,0.00,27.03,0.00,0.00,0.00,0.00
236,Patnt,HrdMw,Intn2,125,0.00,0.00,23.89,21.92,3.57,4.61,0.87,0.00,0.00,48.71,0.00,26.49,0.00,0.00,0.00,0.00
236,Patnt,HrdMw,Intn2,135,0.00,0.00,21.93,20.68,3.37,4.27,0.79,0.00,0.00,44.88,0.00,25.52,0.00,0.00,0.00,0.00
236,Patnt,HrdMw,Intn2,145,0.00,0.00,19.77,19.39,3.16,3.92,0.71,0.00,0.00,40.83,0.00,24.23,0.00,0.00,0.00,0.00
236,Patnt,HrdMw,Intn2,155,0.00,0.00,17.53,18.07,2.94,3.58,0.63,0.00,0.00,36.75,0.00,22.69,0.00,0.00,0.00,0.00
236,Patnt,HrdMw,Intn2,165,0.00,0.00,15.31,16.73,2.72,3.25,0.56,0.00,0.00,32.77,0.00,20.99,0.00,0.00,0.00,0.00
236,Patnt,HrdMw,Intn2,175,0.00,0.00,13.18,15.39,2.51,2.93,0.49,0.00,0.00,28.97,0.00,19.21,0.00,0.00,0.00,0.00
236,Patnt,HrdMw,Intn2,185,0.00,0.00,11.20,14.07,2.29,2.62,0.42,0.00,0.00,25.41,0.00,17.40,0.00,0.00,0.00,0.00
236,Patnt,HrdMw,Intn2,195,0.00,0.00,9.40,12.79,2.08,2.33,0.36,0.00,0.00,22.13,0.00,15.62,0.00,0.00,0.00,0.00
236,Patnt,HrdMw,Intn2,205,0.00,0.00,7.79,11.55,1.88,2.05,0.31,0.00,0.00,19.13,0.00,13.89,0.00,0.00,0.00,0.00
236,Patnt,HrdMw,Intn2,215,0.00,0.00,6.39,10.37,1.69,1.80,0.26,0.00,0.00,16.43,0.00,12.25,0.00,0.00,0.00,0.00
236,Patnt,HrdMw,Intn2,225,0.00,0.00,5.19,9.25,1.51,1.57,0.21,0.00,0.00,14.02,0.00,10.73,0.00,0.00,0.00,0.00
236,Patnt,HrdMw,Intn2,235,0.00,0.00,4.18,8.20,1.34,1.36,0.18,0.00,0.00,11.88,0.00,9.32,0.00,0.00,0.00,0.00
236,Patnt,HrdMw,Intn2,245,0.00,0.00,3.33,7.23,1.18,1.17,0.14,0.00,0.00,10.01,0.00,8.05,0.00,0.00,0.00,0.00
236,Patnt,HrdMw,Intn2,255,0.00,0.00,2.63,6.34,1.03,1.00,0.12,0.00,0.00,8.38,0.00,6.90,0.00,0.00,0.00,0.00
237,3w,HrdMw,Succ,5,0.00,0.00,0.00,0.00,0.00,0.00,0.00,0.00,0.00,0.00,0.00,0.00,0.00,0.00,0.00,0.00
237,3w,HrdMw,Succ,15,0.00,0.00,1.41,1.87,0.45,0.55,0.33,0.00,0.00,2.13,0.00,0.79,0.00,0.00,0.00,0.00
237,3w,HrdMw,Succ,25,0.00,0.00,4.37,7.46,1.32,2.17,0.59,0.00,0.00,8.05,0.00,2.95,0.00,0.00,0.00,0.00
237,3w,HrdMw,Succ,35,0.00,0.00,8.36,14.46,2.29,4.11,0.80,0.00,0.00,17.27,0.00,6.37,0.00,0.00,0.00,0.00
237,3w,HrdMw,Succ,45,0.00,0.00,12.79,20.09,3.12,5.57,0.97,0.00,0.00,28.26,0.00,10.68,0.00,0.00,0.00,0.00
237,3w,HrdMw,Succ,55,0.00,0.00,17.00,23.57,3.71,6.40,1.09,0.00,0.00,39.00,0.00,15.25,0.00,0.00,0.00,0.00
237,3w,HrdMw,Succ,65,0.00,0.00,20.50,25.43,4.07,6.79,1.16,0.00,0.00,47.88,0.00,19.50,0.00,0.00,0.00,0.00
237,3w,HrdMw,Succ,75,0.00,0.00,23.10,26.32,4.25,6.92,1.19,0.00,0.00,54.19,0.00,23.10,0.00,0.00,0.00,0.00
237,3w,HrdMw,Succ,85,0.00,0.00,24.78,26.62,4.32,6.88,1.18,0.00,0.00,57.97,0.00,25.93,0.00,0.00,0.00,0.00
237,3w,HrdMw,Succ,95,0.00,0.00,25.64,26.54,4.31,6.75,1.15,0.00,0.00,59.57,0.00,28.01,0.00,0.00,0.00,0.00
237,3w,HrdMw,Succ,105,0.00,0.00,25.75,26.21,4.26,6.55,1.11,0.00,0.00,59.43,0.00,29.37,0.00,0.00,0.00,0.00
237,3w,HrdMw,Succ,115,0.00,0.00,25.25,25.68,4.18,6.30,1.06,0.00,0.00,57.98,0.00,30.08,0.00,0.00,0.00,0.00
237,3w,HrdMw,Succ,125,0.00,0.00,24.23,25.00,4.07,6.02,0.99,0.00,0.00,55.57,0.00,30.22,0.00,0.00,0.00,0.00
237,3w,HrdMw,Succ,135,0.00,0.00,22.81,24.19,3.94,5.71,0.92,0.00,0.00,52.50,0.00,29.86,0.00,0.00,0.00,0.00
237,3w,HrdMw,Succ,145,0.00,0.00,21.10,23.28,3.79,5.39,0.85,0.00,0.00,49.02,0.00,29.08,0.00,0.00,0.00,0.00
237,3w,HrdMw,Succ,155,0.00,0.00,19.21,22.27,3.63,5.05,0.78,0.00,0.00,45.30,0.00,27.97,0.00,0.00,0.00,0.00
237,3w,HrdMw,Succ,165,0.00,0.00,17.23,21.18,3.45,4.70,0.71,0.00,0.00,41.49,0.00,26.58,0.00,0.00,0.00,0.00
237,3w,HrdMw,Succ,175,0.00,0.00,15.25,20.03,3.26,4.35,0.63,0.00,0.00,37.70,0.00,25.00,0.00,0.00,0.00,0.00
237,3w,HrdMw,Succ,185,0.00,0.00,13.32,18.84,3.07,4.01,0.56,0.00,0.00,34.01,0.00,23.29,0.00,0.00,0.00,0.00
237,3w,HrdMw,Succ,195,0.00,0.00,11.50,17.61,2.87,3.66,0.50,0.00,0.00,30.46,0.00,21.50,0.00,0.00,0.00,0.00
237,3w,HrdMw,Succ,205,0.00,0.00,9.82,16.37,2.67,3.33,0.43,0.00,0.00,27.11,0.00,19.69,0.00,0.00,0.00,0.00
237,3w,HrdMw,Succ,215,0.00,0.00,8.30,15.14,2.47,3.01,0.38,0.00,0.00,23.98,0.00,17.89,0.00,0.00,0.00,0.00
237,3w,HrdMw,Succ,225,0.00,0.00,6.95,13.92,2.27,2.70,0.32,0.00,0.00,21.09,0.00,16.14,0.00,0.00,0.00,0.00
237,3w,HrdMw,Succ,235,0.00,0.00,5.76,12.73,2.07,2.42,0.28,0.00,0.00,18.43,0.00,14.47,0.00,0.00,0.00,0.00
237,3w,HrdMw,Succ,245,0.00,0.00,4.74,11.58,1.89,2.15,0.23,0.00,0.00,16.02,0.00,12.88,0.00,0.00,0.00,0.00
237,3w,HrdMw,Succ,255,0.00,0.00,3.86,10.47,1.71,1.90,0.20,0.00,0.00,13.85,0.00,11.39,0.00,0.00,0.00,0.00
238,Patnt,HrdMw,Succ,5,0.00,0.00,0.00,0.00,0.00,0.00,0.00,0.00,0.00,0.00,0.00,0.00,0.00,0.00,0.00,0.00
238,Patnt,HrdMw,Succ,15,0.00,0.00,1.77,2.09,0.50,0.54,0.37,0.00,0.00,2.37,0.00,0.89,0.00,0.00,0.00,0.00
238,Patnt,HrdMw,Succ,25,0.00,0.00,5.41,8.20,1.46,2.09,0.65,0.00,0.00,8.85,0.00,3.24,0.00,0.00,0.00,0.00
238,Patnt,HrdMw,Succ,35,0.00,0.00,10.14,15.59,2.47,3.87,0.87,0.00,0.00,18.61,0.00,6.87,0.00,0.00,0.00,0.00
238,Patnt,HrdMw,Succ,45,0.00,0.00,15.19,21.20,3.29,5.14,1.03,0.00,0.00,29.82,0.00,11.27,0.00,0.00,0.00,0.00
238,Patnt,HrdMw,Succ,55,0.00,0.00,19.75,24.33,3.84,5.78,1.13,0.00,0.00,40.27,0.00,15.74,0.00,0.00,0.00,0.00
238,Patnt,HrdMw,Succ,65,0.00,0.00,23.30,25.68,4.11,6.00,1.17,0.00,0.00,48.35,0.00,19.69,0.00,0.00,0.00,0.00
238,Patnt,HrdMw,Succ,75,0.00,0.00,25.66,25.99,4.20,5.98,1.17,0.00,0.00,53.51,0.00,22.81,0.00,0.00,0.00,0.00
238,Patnt,HrdMw,Succ,85,0.00,0.00,26.91,25.69,4.17,5.81,1.14,0.00,0.00,55.95,0.00,25.03,0.00,0.00,0.00,0.00
238,Patnt,HrdMw,Succ,95,0.00,0.00,27.19,25.03,4.07,5.57,1.09,0.00,0.00,56.17,0.00,26.41,0.00,0.00,0.00,0.00
238,Patnt,HrdMw,Succ,105,0.00,0.00,26.68,24.13,3.92,5.27,1.02,0.00,0.00,54.72,0.00,27.04,0.00,0.00,0.00,0.00
238,Patnt,HrdMw,Succ,115,0.00,0.00,25.53,23.08,3.75,4.95,0.95,0.00,0.00,52.10,0.00,27.03,0.00,0.00,0.00,0.00
238,Patnt,HrdMw,Succ,125,0.00,0.00,23.89,21.92,3.57,4.61,0.87,0.00,0.00,48.71,0.00,26.49,0.00,0.00,0.00,0.00
238,Patnt,HrdMw,Succ,135,0.00,0.00,21.93,20.68,3.37,4.27,0.79,0.00,0.00,44.88,0.00,25.52,0.00,0.00,0.00,0.00
238,Patnt,HrdMw,Succ,145,0.00,0.00,19.77,19.39,3.16,3.92,0.71,0.00,0.00,40.83,0.00,24.23,0.00,0.00,0.00,0.00
238,Patnt,HrdMw,Succ,155,0.00,0.00,17.53,18.07,2.94,3.58,0.63,0.00,0.00,36.75,0.00,22.69,0.00,0.00,0.00,0.00
238,Patnt,HrdMw,Succ,165,0.00,0.00,15.31,16.73,2.72,3.25,0.56,0.00,0.00,32.77,0.00,20.99,0.00,0.00,0.00,0.00
238,Patnt,HrdMw,Succ,175,0.00,0.00,13.18,15.39,2.51,2.93,0.49,0.00,0.00,28.97,0.00,19.21,0.00,0.00,0.00,0.00
238,Patnt,HrdMw,Succ,185,0.00,0.00,11.20,14.07,2.29,2.62,0.42,0.00,0.00,25.41,0.00,17.40,0.00,0.00,0.00,0.00
238,Patnt,HrdMw,Succ,195,0.00,0.00,9.40,12.79,2.08,2.33,0.36,0.00,0.00,22.13,0.00,15.62,0.00,0.00,0.00,0.00
238,Patnt,HrdMw,Succ,205,0.00,0.00,7.79,11.55,1.88,2.05,0.31,0.00,0.00,19.13,0.00,13.89,0.00,0.00,0.00,0.00
238,Patnt,HrdMw,Succ,215,0.00,0.00,6.39,10.37,1.69,1.80,0.26,0.00,0.00,16.43,0.00,12.25,0.00,0.00,0.00,0.00
238,Patnt,HrdMw,Succ,225,0.00,0.00,5.19,9.25,1.51,1.57,0.21,0.00,0.00,14.02,0.00,10.73,0.00,0.00,0.00,0.00
238,Patnt,HrdMw,Succ,235,0.00,0.00,4.18,8.20,1.34,1.36,0.18,0.00,0.00,11.88,0.00,9.32,0.00,0.00,0.00,0.00
238,Patnt,HrdMw,Succ,245,0.00,0.00,3.33,7.23,1.18,1.17,0.14,0.00,0.00,10.01,0.00,8.05,0.00,0.00,0.00,0.00
238,Patnt,HrdMw,Succ,255,0.00,0.00,2.63,6.34,1.03,1.00,0.12,0.00,0.00,8.38,0.00,6.90,0.00,0.00,0.00,0.00
239,3w,ConMx,Prsnt,5,0.00,0.00,0.00,0.00,0.00,0.00,0.00,0.00,0.00,0.00,0.00,0.00,0.00,0.00,0.00,0.00
239,3w,ConMx,Prsnt,15,0.00,0.00,1.39,2.13,0.17,0.24,0.24,0.00,0.00,0.58,0.00,0.28,0.00,0.00,0.00,0.00
239,3w,ConMx,Prsnt,25,0.00,0.00,3.26,6.43,0.39,0.73,0.32,0.00,0.00,1.68,0.00,0.78,0.00,0.00,0.00,0.00
239,3w,ConMx,Prsnt,35,0.00,0.00,5.77,11.51,0.62,1.29,0.40,0.00,0.00,3.34,0.00,1.57,0.00,0.00,0.00,0.00
239,3w,ConMx,Prsnt,45,0.00,0.00,8.87,16.07,0.85,1.75,0.49,0.00,0.00,5.49,0.00,2.64,0.00,0.00,0.00,0.00
239,3w,ConMx,Prsnt,55,0.00,0.00,12.28,19.65,1.06,2.10,0.57,0.00,0.00,7.90,0.00,3.93,0.00,0.00,0.00,0.00
239,3w,ConMx,Prsnt,65,0.00,0.00,15.64,22.39,1.22,2.35,0.64,0.00,0.00,10.25,0.00,5.31,0.00,0.00,0.00,0.00
239,3w,ConMx,Prsnt,75,0.00,0.00,18.66,24.54,1.35,2.54,0.69,0.00,0.00,12.28,0.00,6.66,0.00,0.00,0.00,0.00
239,3w,ConMx,Prsnt,85,0.00,0.00,21.17,26.24,1.45,2.67,0.73,0.00,0.00,13.89,0.00,7.91,0.00,0.00,0.00,0.00
239,3w,ConMx,Prsnt,95,0.00,0.00,23.07,27.57,1.53,2.76,0.75,0.00,0.00,15.04,0.00,9.00,0.00,0.00,0.00,0.00
239,3w,ConMx,Prsnt,105,0.00,0.00,24.33,28.58,1.59,2.81,0.76,0.00,0.00,15.75,0.00,9.91,0.00,0.00,0.00,0.00
239,3w,ConMx,Prsnt,115,0.00,0.00,24.96,29.30,1.63,2.83,0.76,0.00,0.00,16.08,0.00,10.62,0.00,0.00,0.00,0.00
239,3w,ConMx,Prsnt,125,0.00,0.00,24.99,29.76,1.65,2.82,0.74,0.00,0.00,16.08,0.00,11.13,0.00,0.00,0.00,0.00
239,3w,ConMx,Prsnt,135,0.00,0.00,24.48,29.97,1.67,2.78,0.72,0.00,0.00,15.81,0.00,11.44,0.00,0.00,0.00,0.00
239,3w,ConMx,Prsnt,145,0.00,0.00,23.53,29.96,1.67,2.73,0.69,0.00,0.00,15.33,0.00,11.58,0.00,0.00,0.00,0.00
239,3w,ConMx,Prsnt,155,0.00,0.00,22.23,29.74,1.65,2.65,0.66,0.00,0.00,14.70,0.00,11.55,0.00,0.00,0.00,0.00
239,3w,ConMx,Prsnt,165,0.00,0.00,20.67,29.33,1.63,2.56,0.62,0.00,0.00,13.96,0.00,11.39,0.00,0.00,0.00,0.00
239,3w,ConMx,Prsnt,175,0.00,0.00,18.95,28.74,1.60,2.46,0.57,0.00,0.00,13.14,0.00,11.10,0.00,0.00,0.00,0.00
239,3w,ConMx,Prsnt,185,0.00,0.00,17.15,27.99,1.56,2.34,0.53,0.00,0.00,12.28,0.00,10.71,0.00,0.00,0.00,0.00
239,3w,ConMx,Prsnt,195,0.00,0.00,15.34,27.11,1.51,2.22,0.48,0.00,0.00,11.40,0.00,10.24,0.00,0.00,0.00,0.00
239,3w,ConMx,Prsnt,205,0.00,0.00,13.57,26.11,1.45,2.09,0.44,0.00,0.00,10.51,0.00,9.71,0.00,0.00,0.00,0.00
239,3w,ConMx,Prsnt,215,0.00,0.00,11.88,25.01,1.39,1.96,0.39,0.00,0.00,9.63,0.00,9.15,0.00,0.00,0.00,0.00
239,3w,ConMx,Prsnt,225,0.00,0.00,10.31,23.84,1.33,1.82,0.35,0.00,0.00,8.78,0.00,8.55,0.00,0.00,0.00,0.00
239,3w,ConMx,Prsnt,235,0.00,0.00,8.87,22.60,1.26,1.69,0.31,0.00,0.00,7.96,0.00,7.95,0.00,0.00,0.00,0.00
239,3w,ConMx,Prsnt,245,0.00,0.00,7.57,21.33,1.19,1.56,0.27,0.00,0.00,7.17,0.00,7.34,0.00,0.00,0.00,0.00
239,3w,ConMx,Prsnt,255,0.00,0.00,6.41,20.04,1.12,1.43,0.24,0.00,0.00,6.44,0.00,6.74,0.00,0.00,0.00,0.00
240,Patnt,ConMx,Prsnt,5,0.00,0.00,0.00,0.00,0.00,0.00,0.00,0.00,0.00,0.00,0.00,0.00,0.00,0.00,0.00,0.00
240,Patnt,ConMx,Prsnt,15,0.00,0.00,1.03,1.49,0.12,0.17,0.16,0.00,0.00,0.41,0.00,0.18,0.00,0.00,0.00,0.00
240,Patnt,ConMx,Prsnt,25,0.00,0.00,2.68,4.95,0.30,0.56,0.24,0.00,0.00,1.30,0.00,0.57,0.00,0.00,0.00,0.00
240,Patnt,ConMx,Prsnt,35,0.00,0.00,5.15,9.63,0.52,1.07,0.33,0.00,0.00,2.79,0.00,1.23,0.00,0.00,0.00,0.00
240,Patnt,ConMx,Prsnt,45,0.00,0.00,8.45,14.35,0.76,1.56,0.44,0.00,0.00,4.91,0.00,2.22,0.00,0.00,0.00,0.00
240,Patnt,ConMx,Prsnt,55,0.00,0.00,12.32,18.47,0.99,1.97,0.54,0.00,0.00,7.43,0.00,3.48,0.00,0.00,0.00,0.00
240,Patnt,ConMx,Prsnt,65,0.00,0.00,16.26,21.82,1.19,2.29,0.63,0.00,0.00,9.98,0.00,4.87,0.00,0.00,0.00,0.00
240,Patnt,ConMx,Prsnt,75,0.00,0.00,19.82,24.43,1.35,2.53,0.69,0.00,0.00,12.22,0.00,6.24,0.00,0.00,0.00,0.00
240,Patnt,ConMx,Prsnt,85,0.00,0.00,22.62,26.29,1.46,2.68,0.73,0.00,0.00,13.91,0.00,7.46,0.00,0.00,0.00,0.00
240,Patnt,ConMx,Prsnt,95,0.00,0.00,24.45,27.39,1.52,2.74,0.75,0.00,0.00,14.94,0.00,8.41,0.00,0.00,0.00,0.00
240,Patnt,ConMx,Prsnt,105,0.00,0.00,25.20,27.74,1.54,2.73,0.74,0.00,0.00,15.29,0.00,9.05,0.00,0.00,0.00,0.00
240,Patnt,ConMx,Prsnt,115,0.00,0.00,24.88,27.37,1.52,2.64,0.71,0.00,0.00,15.02,0.00,9.34,0.00,0.00,0.00,0.00
240,Patnt,ConMx,Prsnt,125,0.00,0.00,23.62,26.37,1.47,2.50,0.66,0.00,0.00,14.24,0.00,9.28,0.00,0.00,0.00,0.00
240,Patnt,ConMx,Prsnt,135,0.00,0.00,21.62,24.81,1.38,2.30,0.60,0.00,0.00,13.09,0.00,8.92,0.00,0.00,0.00,0.00
240,Patnt,ConMx,Prsnt,145,0.00,0.00,19.13,22.83,1.27,2.08,0.53,0.00,0.00,11.68,0.00,8.30,0.00,0.00,0.00,0.00
240,Patnt,ConMx,Prsnt,155,0.00,0.00,16.38,20.55,1.14,1.83,0.45,0.00,0.00,10.16,0.00,7.51,0.00,0.00,0.00,0.00
240,Patnt,ConMx,Prsnt,165,0.00,0.00,13.61,18.10,1.01,1.58,0.38,0.00,0.00,8.62,0.00,6.61,0.00,0.00,0.00,0.00
240,Patnt,ConMx,Prsnt,175,0.00,0.00,10.98,15.62,0.87,1.33,0.31,0.00,0.00,7.14,0.00,5.67,0.00,0.00,0.00,0.00
240,Patnt,ConMx,Prsnt,185,0.00,0.00,8.62,13.19,0.73,1.10,0.25,0.00,0.00,5.79,0.00,4.75,0.00,0.00,0.00,0.00
240,Patnt,ConMx,Prsnt,195,0.00,0.00,6.59,10.91,0.60,0.89,0.19,0.00,0.00,4.59,0.00,3.88,0.00,0.00,0.00,0.00
240,Patnt,ConMx,Prsnt,205,0.00,0.00,4.90,8.85,0.49,0.71,0.14,0.00,0.00,3.56,0.00,3.10,0.00,0.00,0.00,0.00
240,Patnt,ConMx,Prsnt,215,0.00,0.00,3.56,7.03,0.39,0.55,0.11,0.00,0.00,2.70,0.00,2.42,0.00,0.00,0.00,0.00
240,Patnt,ConMx,Prsnt,225,0.00,0.00,2.52,5.47,0.30,0.41,0.08,0.00,0.00,2.01,0.00,1.85,0.00,0.00,0.00,0.00
240,Patnt,ConMx,Prsnt,235,0.00,0.00,1.75,4.18,0.23,0.31,0.05,0.00,0.00,1.47,0.00,1.38,0.00,0.00,0.00,0.00
240,Patnt,ConMx,Prsnt,245,0.00,0.00,1.18,3.12,0.17,0.22,0.04,0.00,0.00,1.05,0.00,1.01,0.00,0.00,0.00,0.00
240,Patnt,ConMx,Prsnt,255,0.00,0.00,0.78,2.29,0.12,0.16,0.02,0.00,0.00,0.73,0.00,0.72,0.00,0.00,0.00,0.00
241,3w,ConMx,Exten,5,0.00,0.00,0.00,0.00,0.00,0.00,0.00,0.00,0.00,0.00,0.00,0.00,0.00,0.00,0.00,0.00
241,3w,ConMx,Exten,15,0.00,0.00,7.31,2.34,0.16,0.15,0.00,0.40,0.00,1.58,0.00,0.39,0.00,0.00,0.00,0.00
241,3w,ConMx,Exten,25,0.00,0.00,18.13,7.46,0.39,0.49,0.00,0.56,0.00,4.79,0.00,1.16,0.00,0.00,0.00,0.00
241,3w,ConMx,Exten,35,0.00,0.00,30.26,12.61,0.59,0.80,0.00,0.67,0.00,8.96,0.00,2.19,0.00,0.00,0.00,0.00
241,3w,ConMx,Exten,45,0.00,0.00,42.44,16.07,0.74,1.00,0.00,0.74,0.00,13.45,0.00,3.36,0.00,0.00,0.00,0.00
241,3w,ConMx,Exten,55,0.00,0.00,53.54,17.90,0.84,1.09,0.00,0.79,0.00,17.62,0.00,4.56,0.00,0.00,0.00,0.00
241,3w,ConMx,Exten,65,0.00,0.00,62.76,18.78,0.89,1.13,0.00,0.81,0.00,21.03,0.00,5.67,0.00,0.00,0.00,0.00
241,3w,ConMx,Exten,75,0.00,0.00,69.77,19.18,0.92,1.13,0.00,0.82,0.00,23.49,0.00,6.62,0.00,0.00,0.00,0.00
241,3w,ConMx,Exten,85,0.00,0.00,74.53,19.31,0.93,1.12,0.00,0.81,0.00,25.02,0.00,7.41,0.00,0.00,0.00,0.00
241,3w,ConMx,Exten,95,0.00,0.00,77.18,19.28,0.93,1.10,0.00,0.79,0.00,25.74,0.00,8.01,0.00,0.00,0.00,0.00
241,3w,ConMx,Exten,105,0.00,0.00,77.89,19.12,0.93,1.07,0.00,0.77,0.00,25.79,0.00,8.43,0.00,0.00,0.00,0.00
241,3w,ConMx,Exten,115,0.00,0.00,76.88,18.86,0.91,1.04,0.00,0.74,0.00,25.33,0.00,8.70,0.00,0.00,0.00,0.00
241,3w,ConMx,Exten,125,0.00,0.00,74.42,18.53,0.90,1.00,0.00,0.70,0.00,24.49,0.00,8.82,0.00,0.00,0.00,0.00
241,3w,ConMx,Exten,135,0.00,0.00,70.80,18.12,0.88,0.96,0.00,0.66,0.00,23.39,0.00,8.80,0.00,0.00,0.00,0.00
241,3w,ConMx,Exten,145,0.00,0.00,66.31,17.65,0.85,0.92,0.00,0.61,0.00,22.11,0.00,8.68,0.00,0.00,0.00,0.00
241,3w,ConMx,Exten,155,0.00,0.00,61.22,17.12,0.83,0.87,0.00,0.57,0.00,20.72,0.00,8.46,0.00,0.00,0.00,0.00
241,3w,ConMx,Exten,165,0.00,0.00,55.80,16.54,0.80,0.82,0.00,0.52,0.00,19.28,0.00,8.17,0.00,0.00,0.00,0.00
241,3w,ConMx,Exten,175,0.00,0.00,50.24,15.92,0.77,0.78,0.00,0.48,0.00,17.83,0.00,7.82,0.00,0.00,0.00,0.00
241,3w,ConMx,Exten,185,0.00,0.00,44.75,15.27,0.74,0.73,0.00,0.43,0.00,16.39,0.00,7.43,0.00,0.00,0.00,0.00
241,3w,ConMx,Exten,195,0.00,0.00,39.46,14.58,0.71,0.68,0.00,0.39,0.00,15.00,0.00,7.01,0.00,0.00,0.00,0.00
241,3w,ConMx,Exten,205,0.00,0.00,34.47,13.86,0.67,0.63,0.00,0.35,0.00,13.65,0.00,6.56,0.00,0.00,0.00,0.00
241,3w,ConMx,Exten,215,0.00,0.00,29.85,13.13,0.64,0.58,0.00,0.31,0.00,12.38,0.00,6.11,0.00,0.00,0.00,0.00
241,3w,ConMx,Exten,225,0.00,0.00,25.64,12.39,0.60,0.54,0.00,0.27,0.00,11.17,0.00,5.66,0.00,0.00,0.00,0.00
241,3w,ConMx,Exten,235,0.00,0.00,21.86,11.65,0.56,0.49,0.00,0.24,0.00,10.03,0.00,5.21,0.00,0.00,0.00,0.00
241,3w,ConMx,Exten,245,0.00,0.00,18.51,10.90,0.53,0.45,0.00,0.21,0.00,8.98,0.00,4.77,0.00,0.00,0.00,0.00
241,3w,ConMx,Exten,255,0.00,0.00,15.57,10.17,0.49,0.41,0.00,0.18,0.00,8.00,0.00,4.35,0.00,0.00,0.00,0.00
242,Patnt,ConMx,Exten,5,0.00,0.00,0.00,0.00,0.00,0.00,0.00,0.00,0.00,0.00,0.00,0.00,0.00,0.00,0.00,0.00
242,Patnt,ConMx,Exten,15,0.00,0.00,1.03,1.49,0.12,0.17,0.16,0.00,0.00,0.41,0.00,0.18,0.00,0.00,0.00,0.00
242,Patnt,ConMx,Exten,25,0.00,0.00,2.68,4.95,0.30,0.56,0.24,0.00,0.00,1.30,0.00,0.57,0.00,0.00,0.00,0.00
242,Patnt,ConMx,Exten,35,0.00,0.00,5.15,9.63,0.52,1.07,0.33,0.00,0.00,2.79,0.00,1.23,0.00,0.00,0.00,0.00
242,Patnt,ConMx,Exten,45,0.00,0.00,8.45,14.35,0.76,1.56,0.44,0.00,0.00,4.91,0.00,2.22,0.00,0.00,0.00,0.00
242,Patnt,ConMx,Exten,55,0.00,0.00,12.32,18.47,0.99,1.97,0.54,0.00,0.00,7.43,0.00,3.48,0.00,0.00,0.00,0.00
242,Patnt,ConMx,Exten,65,0.00,0.00,16.26,21.82,1.19,2.29,0.63,0.00,0.00,9.98,0.00,4.87,0.00,0.00,0.00,0.00
242,Patnt,ConMx,Exten,75,0.00,0.00,19.82,24.43,1.35,2.53,0.69,0.00,0.00,12.22,0.00,6.24,0.00,0.00,0.00,0.00
242,Patnt,ConMx,Exten,85,0.00,0.00,22.62,26.29,1.46,2.68,0.73,0.00,0.00,13.91,0.00,7.46,0.00,0.00,0.00,0.00
242,Patnt,ConMx,Exten,95,0.00,0.00,24.45,27.39,1.52,2.74,0.75,0.00,0.00,14.94,0.00,8.41,0.00,0.00,0.00,0.00
242,Patnt,ConMx,Exten,105,0.00,0.00,25.20,27.74,1.54,2.73,0.74,0.00,0.00,15.29,0.00,9.05,0.00,0.00,0.00,0.00
242,Patnt,ConMx,Exten,115,0.00,0.00,24.88,27.37,1.52,2.64,0.71,0.00,0.00,15.02,0.00,9.34,0.00,0.00,0.00,0.00
242,Patnt,ConMx,Exten,125,0.00,0.00,23.62,26.37,1.47,2.50,0.66,0.00,0.00,14.24,0.00,9.28,0.00,0.00,0.00,0.00
242,Patnt,ConMx,Exten,135,0.00,0.00,21.62,24.81,1.38,2.30,0.60,0.00,0.00,13.09,0.00,8.92,0.00,0.00,0.00,0.00
242,Patnt,ConMx,Exten,145,0.00,0.00,19.13,22.83,1.27,2.08,0.53,0.00,0.00,11.68,0.00,8.30,0.00,0.00,0.00,0.00
242,Patnt,ConMx,Exten,155,0.00,0.00,16.38,20.55,1.14,1.83,0.45,0.00,0.00,10.16,0.00,7.51,0.00,0.00,0.00,0.00
242,Patnt,ConMx,Exten,165,0.00,0.00,13.61,18.10,1.01,1.58,0.38,0.00,0.00,8.62,0.00,6.61,0.00,0.00,0.00,0.00
242,Patnt,ConMx,Exten,175,0.00,0.00,10.98,15.62,0.87,1.33,0.31,0.00,0.00,7.14,0.00,5.67,0.00,0.00,0.00,0.00
242,Patnt,ConMx,Exten,185,0.00,0.00,8.62,13.19,0.73,1.10,0.25,0.00,0.00,5.79,0.00,4.75,0.00,0.00,0.00,0.00
242,Patnt,ConMx,Exten,195,0.00,0.00,6.59,10.91,0.60,0.89,0.19,0.00,0.00,4.59,0.00,3.88,0.00,0.00,0.00,0.00
242,Patnt,ConMx,Exten,205,0.00,0.00,4.90,8.85,0.49,0.71,0.14,0.00,0.00,3.56,0.00,3.10,0.00,0.00,0.00,0.00
242,Patnt,ConMx,Exten,215,0.00,0.00,3.56,7.03,0.39,0.55,0.11,0.00,0.00,2.70,0.00,2.42,0.00,0.00,0.00,0.00
242,Patnt,ConMx,Exten,225,0.00,0.00,2.52,5.47,0.30,0.41,0.08,0.00,0.00,2.01,0.00,1.85,0.00,0.00,0.00,0.00
242,Patnt,ConMx,Exten,235,0.00,0.00,1.75,4.18,0.23,0.31,0.05,0.00,0.00,1.47,0.00,1.38,0.00,0.00,0.00,0.00
242,Patnt,ConMx,Exten,245,0.00,0.00,1.18,3.12,0.17,0.22,0.04,0.00,0.00,1.05,0.00,1.01,0.00,0.00,0.00,0.00
242,Patnt,ConMx,Exten,255,0.00,0.00,0.78,2.29,0.12,0.16,0.02,0.00,0.00,0.73,0.00,0.72,0.00,0.00,0.00,0.00
243,3w,ConMx,Basc1,5,0.00,0.00,0.00,0.00,0.00,0.00,0.00,0.00,0.00,0.00,0.00,0.00,0.00,0.00,0.00,0.00
243,3w,ConMx,Basc1,15,0.00,0.00,1.39,2.13,0.17,0.24,0.24,0.00,0.00,0.58,0.00,0.28,0.00,0.00,0.00,0.00
243,3w,ConMx,Basc1,25,0.00,0.00,3.26,6.43,0.39,0.73,0.32,0.00,0.00,1.68,0.00,0.78,0.00,0.00,0.00,0.00
243,3w,ConMx,Basc1,35,0.00,0.00,5.77,11.51,0.62,1.29,0.40,0.00,0.00,3.34,0.00,1.57,0.00,0.00,0.00,0.00
243,3w,ConMx,Basc1,45,0.00,0.00,8.87,16.07,0.85,1.75,0.49,0.00,0.00,5.49,0.00,2.64,0.00,0.00,0.00,0.00
243,3w,ConMx,Basc1,55,0.00,0.00,12.28,19.65,1.06,2.10,0.57,0.00,0.00,7.90,0.00,3.93,0.00,0.00,0.00,0.00
243,3w,ConMx,Basc1,65,0.00,0.00,15.64,22.39,1.22,2.35,0.64,0.00,0.00,10.25,0.00,5.31,0.00,0.00,0.00,0.00
243,3w,ConMx,Basc1,75,0.00,0.00,18.66,24.54,1.35,2.54,0.69,0.00,0.00,12.28,0.00,6.66,0.00,0.00,0.00,0.00
243,3w,ConMx,Basc1,85,0.00,0.00,21.17,26.24,1.45,2.67,0.73,0.00,0.00,13.89,0.00,7.91,0.00,0.00,0.00,0.00
243,3w,ConMx,Basc1,95,0.00,0.00,23.07,27.57,1.53,2.76,0.75,0.00,0.00,15.04,0.00,9.00,0.00,0.00,0.00,0.00
243,3w,ConMx,Basc1,105,0.00,0.00,24.33,28.58,1.59,2.81,0.76,0.00,0.00,15.75,0.00,9.91,0.00,0.00,0.00,0.00
243,3w,ConMx,Basc1,115,0.00,0.00,24.96,29.30,1.63,2.83,0.76,0.00,0.00,16.08,0.00,10.62,0.00,0.00,0.00,0.00
243,3w,ConMx,Basc1,125,0.00,0.00,24.99,29.76,1.65,2.82,0.74,0.00,0.00,16.08,0.00,11.13,0.00,0.00,0.00,0.00
243,3w,ConMx,Basc1,135,0.00,0.00,24.48,29.97,1.67,2.78,0.72,0.00,0.00,15.81,0.00,11.44,0.00,0.00,0.00,0.00
243,3w,ConMx,Basc1,145,0.00,0.00,23.53,29.96,1.67,2.73,0.69,0.00,0.00,15.33,0.00,11.58,0.00,0.00,0.00,0.00
243,3w,ConMx,Basc1,155,0.00,0.00,22.23,29.74,1.65,2.65,0.66,0.00,0.00,14.70,0.00,11.55,0.00,0.00,0.00,0.00
243,3w,ConMx,Basc1,165,0.00,0.00,20.67,29.33,1.63,2.56,0.62,0.00,0.00,13.96,0.00,11.39,0.00,0.00,0.00,0.00
243,3w,ConMx,Basc1,175,0.00,0.00,18.95,28.74,1.60,2.46,0.57,0.00,0.00,13.14,0.00,11.10,0.00,0.00,0.00,0.00
243,3w,ConMx,Basc1,185,0.00,0.00,17.15,27.99,1.56,2.34,0.53,0.00,0.00,12.28,0.00,10.71,0.00,0.00,0.00,0.00
243,3w,ConMx,Basc1,195,0.00,0.00,15.34,27.11,1.51,2.22,0.48,0.00,0.00,11.40,0.00,10.24,0.00,0.00,0.00,0.00
243,3w,ConMx,Basc1,205,0.00,0.00,13.57,26.11,1.45,2.09,0.44,0.00,0.00,10.51,0.00,9.71,0.00,0.00,0.00,0.00
243,3w,ConMx,Basc1,215,0.00,0.00,11.88,25.01,1.39,1.96,0.39,0.00,0.00,9.63,0.00,9.15,0.00,0.00,0.00,0.00
243,3w,ConMx,Basc1,225,0.00,0.00,10.31,23.84,1.33,1.82,0.35,0.00,0.00,8.78,0.00,8.55,0.00,0.00,0.00,0.00
243,3w,ConMx,Basc1,235,0.00,0.00,8.87,22.60,1.26,1.69,0.31,0.00,0.00,7.96,0.00,7.95,0.00,0.00,0.00,0.00
243,3w,ConMx,Basc1,245,0.00,0.00,7.57,21.33,1.19,1.56,0.27,0.00,0.00,7.17,0.00,7.34,0.00,0.00,0.00,0.00
243,3w,ConMx,Basc1,255,0.00,0.00,6.41,20.04,1.12,1.43,0.24,0.00,0.00,6.44,0.00,6.74,0.00,0.00,0.00,0.00
244,Patnt,ConMx,Basc1,5,0.00,0.00,0.00,0.00,0.00,0.00,0.00,0.00,0.00,0.00,0.00,0.00,0.00,0.00,0.00,0.00
244,Patnt,ConMx,Basc1,15,0.00,0.00,1.03,1.49,0.12,0.17,0.16,0.00,0.00,0.41,0.00,0.18,0.00,0.00,0.00,0.00
244,Patnt,ConMx,Basc1,25,0.00,0.00,2.68,4.95,0.30,0.56,0.24,0.00,0.00,1.30,0.00,0.57,0.00,0.00,0.00,0.00
244,Patnt,ConMx,Basc1,35,0.00,0.00,5.15,9.63,0.52,1.07,0.33,0.00,0.00,2.79,0.00,1.23,0.00,0.00,0.00,0.00
244,Patnt,ConMx,Basc1,45,0.00,0.00,8.45,14.35,0.76,1.56,0.44,0.00,0.00,4.91,0.00,2.22,0.00,0.00,0.00,0.00
244,Patnt,ConMx,Basc1,55,0.00,0.00,12.32,18.47,0.99,1.97,0.54,0.00,0.00,7.43,0.00,3.48,0.00,0.00,0.00,0.00
244,Patnt,ConMx,Basc1,65,0.00,0.00,16.26,21.82,1.19,2.29,0.63,0.00,0.00,9.98,0.00,4.87,0.00,0.00,0.00,0.00
244,Patnt,ConMx,Basc1,75,0.00,0.00,19.82,24.43,1.35,2.53,0.69,0.00,0.00,12.22,0.00,6.24,0.00,0.00,0.00,0.00
244,Patnt,ConMx,Basc1,85,0.00,0.00,22.62,26.29,1.46,2.68,0.73,0.00,0.00,13.91,0.00,7.46,0.00,0.00,0.00,0.00
244,Patnt,ConMx,Basc1,95,0.00,0.00,24.45,27.39,1.52,2.74,0.75,0.00,0.00,14.94,0.00,8.41,0.00,0.00,0.00,0.00
244,Patnt,ConMx,Basc1,105,0.00,0.00,25.20,27.74,1.54,2.73,0.74,0.00,0.00,15.29,0.00,9.05,0.00,0.00,0.00,0.00
244,Patnt,ConMx,Basc1,115,0.00,0.00,24.88,27.37,1.52,2.64,0.71,0.00,0.00,15.02,0.00,9.34,0.00,0.00,0.00,0.00
244,Patnt,ConMx,Basc1,125,0.00,0.00,23.62,26.37,1.47,2.50,0.66,0.00,0.00,14.24,0.00,9.28,0.00,0.00,0.00,0.00
244,Patnt,ConMx,Basc1,135,0.00,0.00,21.62,24.81,1.38,2.30,0.60,0.00,0.00,13.09,0.00,8.92,0.00,0.00,0.00,0.00
244,Patnt,ConMx,Basc1,145,0.00,0.00,19.13,22.83,1.27,2.08,0.53,0.00,0.00,11.68,0.00,8.30,0.00,0.00,0.00,0.00
244,Patnt,ConMx,Basc1,155,0.00,0.00,16.38,20.55,1.14,1.83,0.45,0.00,0.00,10.16,0.00,7.51,0.00,0.00,0.00,0.00
244,Patnt,ConMx,Basc1,165,0.00,0.00,13.61,18.10,1.01,1.58,0.38,0.00,0.00,8.62,0.00,6.61,0.00,0.00,0.00,0.00
244,Patnt,ConMx,Basc1,175,0.00,0.00,10.98,15.62,0.87,1.33,0.31,0.00,0.00,7.14,0.00,5.67,0.00,0.00,0.00,0.00
244,Patnt,ConMx,Basc1,185,0.00,0.00,8.62,13.19,0.73,1.10,0.25,0.00,0.00,5.79,0.00,4.75,0.00,0.00,0.00,0.00
244,Patnt,ConMx,Basc1,195,0.00,0.00,6.59,10.91,0.60,0.89,0.19,0.00,0.00,4.59,0.00,3.88,0.00,0.00,0.00,0.00
244,Patnt,ConMx,Basc1,205,0.00,0.00,4.90,8.85,0.49,0.71,0.14,0.00,0.00,3.56,0.00,3.10,0.00,0.00,0.00,0.00
244,Patnt,ConMx,Basc1,215,0.00,0.00,3.56,7.03,0.39,0.55,0.11,0.00,0.00,2.70,0.00,2.42,0.00,0.00,0.00,0.00
244,Patnt,ConMx,Basc1,225,0.00,0.00,2.52,5.47,0.30,0.41,0.08,0.00,0.00,2.01,0.00,1.85,0.00,0.00,0.00,0.00
244,Patnt,ConMx,Basc1,235,0.00,0.00,1.75,4.18,0.23,0.31,0.05,0.00,0.00,1.47,0.00,1.38,0.00,0.00,0.00,0.00
244,Patnt,ConMx,Basc1,245,0.00,0.00,1.18,3.12,0.17,0.22,0.04,0.00,0.00,1.05,0.00,1.01,0.00,0.00,0.00,0.00
244,Patnt,ConMx,Basc1,255,0.00,0.00,0.78,2.29,0.12,0.16,0.02,0.00,0.00,0.73,0.00,0.72,0.00,0.00,0.00,0.00
245,3w,ConMx,Basc2,5,0.00,0.00,0.00,0.00,0.00,0.00,0.00,0.00,0.00,0.00,0.00,0.00,0.00,0.00,0.00,0.00
245,3w,ConMx,Basc2,15,0.00,0.00,1.39,2.13,0.17,0.24,0.24,0.00,0.00,0.58,0.00,0.28,0.00,0.00,0.00,0.00
245,3w,ConMx,Basc2,25,0.00,0.00,3.26,6.43,0.39,0.73,0.32,0.00,0.00,1.68,0.00,0.78,0.00,0.00,0.00,0.00
245,3w,ConMx,Basc2,35,0.00,0.00,5.77,11.51,0.62,1.29,0.40,0.00,0.00,3.34,0.00,1.57,0.00,0.00,0.00,0.00
245,3w,ConMx,Basc2,45,0.00,0.00,8.87,16.07,0.85,1.75,0.49,0.00,0.00,5.49,0.00,2.64,0.00,0.00,0.00,0.00
245,3w,ConMx,Basc2,55,0.00,0.00,12.28,19.65,1.06,2.10,0.57,0.00,0.00,7.90,0.00,3.93,0.00,0.00,0.00,0.00
245,3w,ConMx,Basc2,65,0.00,0.00,15.64,22.39,1.22,2.35,0.64,0.00,0.00,10.25,0.00,5.31,0.00,0.00,0.00,0.00
245,3w,ConMx,Basc2,75,0.00,0.00,18.66,24.54,1.35,2.54,0.69,0.00,0.00,12.28,0.00,6.66,0.00,0.00,0.00,0.00
245,3w,ConMx,Basc2,85,0.00,0.00,21.17,26.24,1.45,2.67,0.73,0.00,0.00,13.89,0.00,7.91,0.00,0.00,0.00,0.00
245,3w,ConMx,Basc2,95,0.00,0.00,23.07,27.57,1.53,2.76,0.75,0.00,0.00,15.04,0.00,9.00,0.00,0.00,0.00,0.00
245,3w,ConMx,Basc2,105,0.00,0.00,24.33,28.58,1.59,2.81,0.76,0.00,0.00,15.75,0.00,9.91,0.00,0.00,0.00,0.00
245,3w,ConMx,Basc2,115,0.00,0.00,24.96,29.30,1.63,2.83,0.76,0.00,0.00,16.08,0.00,10.62,0.00,0.00,0.00,0.00
245,3w,ConMx,Basc2,125,0.00,0.00,24.99,29.76,1.65,2.82,0.74,0.00,0.00,16.08,0.00,11.13,0.00,0.00,0.00,0.00
245,3w,ConMx,Basc2,135,0.00,0.00,24.48,29.97,1.67,2.78,0.72,0.00,0.00,15.81,0.00,11.44,0.00,0.00,0.00,0.00
245,3w,ConMx,Basc2,145,0.00,0.00,23.53,29.96,1.67,2.73,0.69,0.00,0.00,15.33,0.00,11.58,0.00,0.00,0.00,0.00
245,3w,ConMx,Basc2,155,0.00,0.00,22.23,29.74,1.65,2.65,0.66,0.00,0.00,14.70,0.00,11.55,0.00,0.00,0.00,0.00
245,3w,ConMx,Basc2,165,0.00,0.00,20.67,29.33,1.63,2.56,0.62,0.00,0.00,13.96,0.00,11.39,0.00,0.00,0.00,0.00
245,3w,ConMx,Basc2,175,0.00,0.00,18.95,28.74,1.60,2.46,0.57,0.00,0.00,13.14,0.00,11.10,0.00,0.00,0.00,0.00
245,3w,ConMx,Basc2,185,0.00,0.00,17.15,27.99,1.56,2.34,0.53,0.00,0.00,12.28,0.00,10.71,0.00,0.00,0.00,0.00
245,3w,ConMx,Basc2,195,0.00,0.00,15.34,27.11,1.51,2.22,0.48,0.00,0.00,11.40,0.00,10.24,0.00,0.00,0.00,0.00
245,3w,ConMx,Basc2,205,0.00,0.00,13.57,26.11,1.45,2.09,0.44,0.00,0.00,10.51,0.00,9.71,0.00,0.00,0.00,0.00
245,3w,ConMx,Basc2,215,0.00,0.00,11.88,25.01,1.39,1.96,0.39,0.00,0.00,9.63,0.00,9.15,0.00,0.00,0.00,0.00
245,3w,ConMx,Basc2,225,0.00,0.00,10.31,23.84,1.33,1.82,0.35,0.00,0.00,8.78,0.00,8.55,0.00,0.00,0.00,0.00
245,3w,ConMx,Basc2,235,0.00,0.00,8.87,22.60,1.26,1.69,0.31,0.00,0.00,7.96,0.00,7.95,0.00,0.00,0.00,0.00
245,3w,ConMx,Basc2,245,0.00,0.00,7.57,21.33,1.19,1.56,0.27,0.00,0.00,7.17,0.00,7.34,0.00,0.00,0.00,0.00
245,3w,ConMx,Basc2,255,0.00,0.00,6.41,20.04,1.12,1.43,0.24,0.00,0.00,6.44,0.00,6.74,0.00,0.00,0.00,0.00
246,Patnt,ConMx,Basc2,5,0.00,0.00,0.00,0.00,0.00,0.00,0.00,0.00,0.00,0.00,0.00,0.00,0.00,0.00,0.00,0.00
246,Patnt,ConMx,Basc2,15,0.00,0.00,1.03,1.49,0.12,0.17,0.16,0.00,0.00,0.41,0.00,0.18,0.00,0.00,0.00,0.00
246,Patnt,ConMx,Basc2,25,0.00,0.00,2.68,4.95,0.30,0.56,0.24,0.00,0.00,1.30,0.00,0.57,0.00,0.00,0.00,0.00
246,Patnt,ConMx,Basc2,35,0.00,0.00,5.15,9.63,0.52,1.07,0.33,0.00,0.00,2.79,0.00,1.23,0.00,0.00,0.00,0.00
246,Patnt,ConMx,Basc2,45,0.00,0.00,8.45,14.35,0.76,1.56,0.44,0.00,0.00,4.91,0.00,2.22,0.00,0.00,0.00,0.00
246,Patnt,ConMx,Basc2,55,0.00,0.00,12.32,18.47,0.99,1.97,0.54,0.00,0.00,7.43,0.00,3.48,0.00,0.00,0.00,0.00
246,Patnt,ConMx,Basc2,65,0.00,0.00,16.26,21.82,1.19,2.29,0.63,0.00,0.00,9.98,0.00,4.87,0.00,0.00,0.00,0.00
246,Patnt,ConMx,Basc2,75,0.00,0.00,19.82,24.43,1.35,2.53,0.69,0.00,0.00,12.22,0.00,6.24,0.00,0.00,0.00,0.00
246,Patnt,ConMx,Basc2,85,0.00,0.00,22.62,26.29,1.46,2.68,0.73,0.00,0.00,13.91,0.00,7.46,0.00,0.00,0.00,0.00
246,Patnt,ConMx,Basc2,95,0.00,0.00,24.45,27.39,1.52,2.74,0.75,0.00,0.00,14.94,0.00,8.41,0.00,0.00,0.00,0.00
246,Patnt,ConMx,Basc2,105,0.00,0.00,25.20,27.74,1.54,2.73,0.74,0.00,0.00,15.29,0.00,9.05,0.00,0.00,0.00,0.00
246,Patnt,ConMx,Basc2,115,0.00,0.00,24.88,27.37,1.52,2.64,0.71,0.00,0.00,15.02,0.00,9.34,0.00,0.00,0.00,0.00
246,Patnt,ConMx,Basc2,125,0.00,0.00,23.62,26.37,1.47,2.50,0.66,0.00,0.00,14.24,0.00,9.28,0.00,0.00,0.00,0.00
246,Patnt,ConMx,Basc2,135,0.00,0.00,21.62,24.81,1.38,2.30,0.60,0.00,0.00,13.09,0.00,8.92,0.00,0.00,0.00,0.00
246,Patnt,ConMx,Basc2,145,0.00,0.00,19.13,22.83,1.27,2.08,0.53,0.00,0.00,11.68,0.00,8.30,0.00,0.00,0.00,0.00
246,Patnt,ConMx,Basc2,155,0.00,0.00,16.38,20.55,1.14,1.83,0.45,0.00,0.00,10.16,0.00,7.51,0.00,0.00,0.00,0.00
246,Patnt,ConMx,Basc2,165,0.00,0.00,13.61,18.10,1.01,1.58,0.38,0.00,0.00,8.62,0.00,6.61,0.00,0.00,0.00,0.00
246,Patnt,ConMx,Basc2,175,0.00,0.00,10.98,15.62,0.87,1.33,0.31,0.00,0.00,7.14,0.00,5.67,0.00,0.00,0.00,0.00
246,Patnt,ConMx,Basc2,185,0.00,0.00,8.62,13.19,0.73,1.10,0.25,0.00,0.00,5.79,0.00,4.75,0.00,0.00,0.00,0.00
246,Patnt,ConMx,Basc2,195,0.00,0.00,6.59,10.91,0.60,0.89,0.19,0.00,0.00,4.59,0.00,3.88,0.00,0.00,0.00,0.00
246,Patnt,ConMx,Basc2,205,0.00,0.00,4.90,8.85,0.49,0.71,0.14,0.00,0.00,3.56,0.00,3.10,0.00,0.00,0.00,0.00
246,Patnt,ConMx,Basc2,215,0.00,0.00,3.56,7.03,0.39,0.55,0.11,0.00,0.00,2.70,0.00,2.42,0.00,0.00,0.00,0.00
246,Patnt,ConMx,Basc2,225,0.00,0.00,2.52,5.47,0.30,0.41,0.08,0.00,0.00,2.01,0.00,1.85,0.00,0.00,0.00,0.00
246,Patnt,ConMx,Basc2,235,0.00,0.00,1.75,4.18,0.23,0.31,0.05,0.00,0.00,1.47,0.00,1.38,0.00,0.00,0.00,0.00
246,Patnt,ConMx,Basc2,245,0.00,0.00,1.18,3.12,0.17,0.22,0.04,0.00,0.00,1.05,0.00,1.01,0.00,0.00,0.00,0.00
246,Patnt,ConMx,Basc2,255,0.00,0.00,0.78,2.29,0.12,0.16,0.02,0.00,0.00,0.73,0.00,0.72,0.00,0.00,0.00,0.00
247,3w,ConMx,Intn1,5,0.00,0.00,0.00,0.00,0.00,0.00,0.00,0.00,0.00,0.00,0.00,0.00,0.00,0.00,0.00,0.00
247,3w,ConMx,Intn1,15,0.00,0.00,1.86,1.67,0.40,0.11,0.00,0.00,0.00,0.77,0.00,0.15,0.00,0.00,0.00,0.00
247,3w,ConMx,Intn1,25,0.00,0.00,4.41,5.08,0.90,0.34,0.00,0.00,0.00,2.23,0.00,0.42,0.00,0.00,0.00,0.00
247,3w,ConMx,Intn1,35,0.00,0.00,7.77,9.06,1.43,0.59,0.00,0.00,0.00,4.41,0.00,0.84,0.00,0.00,0.00,0.00
247,3w,ConMx,Intn1,45,0.00,0.00,11.78,12.47,1.93,0.79,0.00,0.00,0.00,7.15,0.00,1.40,0.00,0.00,0.00,0.00
247,3w,ConMx,Intn1,55,0.00,0.00,16.09,15.03,2.36,0.93,0.00,0.00,0.00,10.14,0.00,2.06,0.00,0.00,0.00,0.00
247,3w,ConMx,Intn1,65,0.00,0.00,20.25,16.94,2.71,1.04,0.00,0.00,0.00,13.00,0.00,2.75,0.00,0.00,0.00,0.00
247,3w,ConMx,Intn1,75,0.00,0.00,23.97,18.42,2.97,1.11,0.00,0.00,0.00,15.46,0.00,3.43,0.00,0.00,0.00,0.00
247,3w,ConMx,Intn1,85,0.00,0.00,27.04,19.59,3.17,1.16,0.00,0.00,0.00,17.39,0.00,4.05,0.00,0.00,0.00,0.00
247,3w,ConMx,Intn1,95,0.00,0.00,29.38,20.51,3.33,1.19,0.00,0.00,0.00,18.77,0.00,4.59,0.00,0.00,0.00,0.00
247,3w,ConMx,Intn1,105,0.00,0.00,30.92,21.22,3.44,1.21,0.00,0.00,0.00,19.62,0.00,5.05,0.00,0.00,0.00,0.00
247,3w,ConMx,Intn1,115,0.00,0.00,31.68,21.73,3.53,1.22,0.00,0.00,0.00,20.00,0.00,5.40,0.00,0.00,0.00,0.00
247,3w,ConMx,Intn1,125,0.00,0.00,31.70,22.06,3.58,1.22,0.00,0.00,0.00,19.99,0.00,5.66,0.00,0.00,0.00,0.00
247,3w,ConMx,Intn1,135,0.00,0.00,31.06,22.22,3.61,1.20,0.00,0.00,0.00,19.66,0.00,5.82,0.00,0.00,0.00,0.00
247,3w,ConMx,Intn1,145,0.00,0.00,29.86,22.21,3.61,1.18,0.00,0.00,0.00,19.07,0.00,5.89,0.00,0.00,0.00,0.00
247,3w,ConMx,Intn1,155,0.00,0.00,28.21,22.06,3.58,1.15,0.00,0.00,0.00,18.29,0.00,5.88,0.00,0.00,0.00,0.00
247,3w,ConMx,Intn1,165,0.00,0.00,26.24,21.76,3.54,1.11,0.00,0.00,0.00,17.37,0.00,5.79,0.00,0.00,0.00,0.00
247,3w,ConMx,Intn1,175,0.00,0.00,24.07,21.32,3.47,1.06,0.00,0.00,0.00,16.36,0.00,5.65,0.00,0.00,0.00,0.00
247,3w,ConMx,Intn1,185,0.00,0.00,21.79,20.78,3.38,1.01,0.00,0.00,0.00,15.29,0.00,5.45,0.00,0.00,0.00,0.00
247,3w,ConMx,Intn1,195,0.00,0.00,19.49,20.13,3.27,0.96,0.00,0.00,0.00,14.19,0.00,5.21,0.00,0.00,0.00,0.00
247,3w,ConMx,Intn1,205,0.00,0.00,17.24,19.39,3.15,0.90,0.00,0.00,0.00,13.09,0.00,4.95,0.00,0.00,0.00,0.00
247,3w,ConMx,Intn1,215,0.00,0.00,15.10,18.58,3.02,0.85,0.00,0.00,0.00,12.00,0.00,4.66,0.00,0.00,0.00,0.00
247,3w,ConMx,Intn1,225,0.00,0.00,13.11,17.71,2.88,0.79,0.00,0.00,0.00,10.94,0.00,4.36,0.00,0.00,0.00,0.00
247,3w,ConMx,Intn1,235,0.00,0.00,11.28,16.79,2.73,0.73,0.00,0.00,0.00,9.91,0.00,4.05,0.00,0.00,0.00,0.00
247,3w,ConMx,Intn1,245,0.00,0.00,9.62,15.85,2.58,0.67,0.00,0.00,0.00,8.94,0.00,3.74,0.00,0.00,0.00,0.00
247,3w,ConMx,Intn1,255,0.00,0.00,8.15,14.89,2.42,0.62,0.00,0.00,0.00,8.03,0.00,3.44,0.00,0.00,0.00,0.00
248,Patnt,ConMx,Intn1,5,0.00,0.00,0.00,0.00,0.00,0.00,0.00,0.00,0.00,0.00,0.00,0.00,0.00,0.00,0.00,0.00
248,Patnt,ConMx,Intn1,15,0.00,0.00,1.03,1.49,0.12,0.17,0.16,0.00,0.00,0.41,0.00,0.18,0.00,0.00,0.00,0.00
248,Patnt,ConMx,Intn1,25,0.00,0.00,2.68,4.95,0.30,0.56,0.24,0.00,0.00,1.30,0.00,0.57,0.00,0.00,0.00,0.00
248,Patnt,ConMx,Intn1,35,0.00,0.00,5.15,9.63,0.52,1.07,0.33,0.00,0.00,2.79,0.00,1.23,0.00,0.00,0.00,0.00
248,Patnt,ConMx,Intn1,45,0.00,0.00,8.45,14.35,0.76,1.56,0.44,0.00,0.00,4.91,0.00,2.22,0.00,0.00,0.00,0.00
248,Patnt,ConMx,Intn1,55,0.00,0.00,12.32,18.47,0.99,1.97,0.54,0.00,0.00,7.43,0.00,3.48,0.00,0.00,0.00,0.00
248,Patnt,ConMx,Intn1,65,0.00,0.00,16.26,21.82,1.19,2.29,0.63,0.00,0.00,9.98,0.00,4.87,0.00,0.00,0.00,0.00
248,Patnt,ConMx,Intn1,75,0.00,0.00,19.82,24.43,1.35,2.53,0.69,0.00,0.00,12.22,0.00,6.24,0.00,0.00,0.00,0.00
248,Patnt,ConMx,Intn1,85,0.00,0.00,22.62,26.29,1.46,2.68,0.73,0.00,0.00,13.91,0.00,7.46,0.00,0.00,0.00,0.00
248,Patnt,ConMx,Intn1,95,0.00,0.00,24.45,27.39,1.52,2.74,0.75,0.00,0.00,14.94,0.00,8.41,0.00,0.00,0.00,0.00
248,Patnt,ConMx,Intn1,105,0.00,0.00,25.20,27.74,1.54,2.73,0.74,0.00,0.00,15.29,0.00,9.05,0.00,0.00,0.00,0.00
248,Patnt,ConMx,Intn1,115,0.00,0.00,24.88,27.37,1.52,2.64,0.71,0.00,0.00,15.02,0.00,9.34,0.00,0.00,0.00,0.00
248,Patnt,ConMx,Intn1,125,0.00,0.00,23.62,26.37,1.47,2.50,0.66,0.00,0.00,14.24,0.00,9.28,0.00,0.00,0.00,0.00
248,Patnt,ConMx,Intn1,135,0.00,0.00,21.62,24.81,1.38,2.30,0.60,0.00,0.00,13.09,0.00,8.92,0.00,0.00,0.00,0.00
248,Patnt,ConMx,Intn1,145,0.00,0.00,19.13,22.83,1.27,2.08,0.53,0.00,0.00,11.68,0.00,8.30,0.00,0.00,0.00,0.00
248,Patnt,ConMx,Intn1,155,0.00,0.00,16.38,20.55,1.14,1.83,0.45,0.00,0.00,10.16,0.00,7.51,0.00,0.00,0.00,0.00
248,Patnt,ConMx,Intn1,165,0.00,0.00,13.61,18.10,1.01,1.58,0.38,0.00,0.00,8.62,0.00,6.61,0.00,0.00,0.00,0.00
248,Patnt,ConMx,Intn1,175,0.00,0.00,10.98,15.62,0.87,1.33,0.31,0.00,0.00,7.14,0.00,5.67,0.00,0.00,0.00,0.00
248,Patnt,ConMx,Intn1,185,0.00,0.00,8.62,13.19,0.73,1.10,0.25,0.00,0.00,5.79,0.00,4.75,0.00,0.00,0.00,0.00
248,Patnt,ConMx,Intn1,195,0.00,0.00,6.59,10.91,0.60,0.89,0.19,0.00,0.00,4.59,0.00,3.88,0.00,0.00,0.00,0.00
248,Patnt,ConMx,Intn1,205,0.00,0.00,4.90,8.85,0.49,0.71,0.14,0.00,0.00,3.56,0.00,3.10,0.00,0.00,0.00,0.00
248,Patnt,ConMx,Intn1,215,0.00,0.00,3.56,7.03,0.39,0.55,0.11,0.00,0.00,2.70,0.00,2.42,0.00,0.00,0.00,0.00
248,Patnt,ConMx,Intn1,225,0.00,0.00,2.52,5.47,0.30,0.41,0.08,0.00,0.00,2.01,0.00,1.85,0.00,0.00,0.00,0.00
248,Patnt,ConMx,Intn1,235,0.00,0.00,1.75,4.18,0.23,0.31,0.05,0.00,0.00,1.47,0.00,1.38,0.00,0.00,0.00,0.00
248,Patnt,ConMx,Intn1,245,0.00,0.00,1.18,3.12,0.17,0.22,0.04,0.00,0.00,1.05,0.00,1.01,0.00,0.00,0.00,0.00
248,Patnt,ConMx,Intn1,255,0.00,0.00,0.78,2.29,0.12,0.16,0.02,0.00,0.00,0.73,0.00,0.72,0.00,0.00,0.00,0.00
249,3w,ConMx,Intn2,5,0.00,0.00,0.00,0.00,0.00,0.00,0.00,0.00,0.00,0.00,0.00,0.00,0.00,0.00,0.00,0.00
249,3w,ConMx,Intn2,15,0.00,0.00,1.39,2.13,0.17,0.24,0.24,0.00,0.00,0.58,0.00,0.28,0.00,0.00,0.00,0.00
249,3w,ConMx,Intn2,25,0.00,0.00,3.26,6.43,0.39,0.73,0.32,0.00,0.00,1.68,0.00,0.78,0.00,0.00,0.00,0.00
249,3w,ConMx,Intn2,35,0.00,0.00,5.77,11.51,0.62,1.29,0.40,0.00,0.00,3.34,0.00,1.57,0.00,0.00,0.00,0.00
249,3w,ConMx,Intn2,45,0.00,0.00,8.87,16.07,0.85,1.75,0.49,0.00,0.00,5.49,0.00,2.64,0.00,0.00,0.00,0.00
249,3w,ConMx,Intn2,55,0.00,0.00,12.28,19.65,1.06,2.10,0.57,0.00,0.00,7.90,0.00,3.93,0.00,0.00,0.00,0.00
249,3w,ConMx,Intn2,65,0.00,0.00,15.64,22.39,1.22,2.35,0.64,0.00,0.00,10.25,0.00,5.31,0.00,0.00,0.00,0.00
249,3w,ConMx,Intn2,75,0.00,0.00,18.66,24.54,1.35,2.54,0.69,0.00,0.00,12.28,0.00,6.66,0.00,0.00,0.00,0.00
249,3w,ConMx,Intn2,85,0.00,0.00,21.17,26.24,1.45,2.67,0.73,0.00,0.00,13.89,0.00,7.91,0.00,0.00,0.00,0.00
249,3w,ConMx,Intn2,95,0.00,0.00,23.07,27.57,1.53,2.76,0.75,0.00,0.00,15.04,0.00,9.00,0.00,0.00,0.00,0.00
249,3w,ConMx,Intn2,105,0.00,0.00,24.33,28.58,1.59,2.81,0.76,0.00,0.00,15.75,0.00,9.91,0.00,0.00,0.00,0.00
249,3w,ConMx,Intn2,115,0.00,0.00,24.96,29.30,1.63,2.83,0.76,0.00,0.00,16.08,0.00,10.62,0.00,0.00,0.00,0.00
249,3w,ConMx,Intn2,125,0.00,0.00,24.99,29.76,1.65,2.82,0.74,0.00,0.00,16.08,0.00,11.13,0.00,0.00,0.00,0.00
249,3w,ConMx,Intn2,135,0.00,0.00,24.48,29.97,1.67,2.78,0.72,0.00,0.00,15.81,0.00,11.44,0.00,0.00,0.00,0.00
249,3w,ConMx,Intn2,145,0.00,0.00,23.53,29.96,1.67,2.73,0.69,0.00,0.00,15.33,0.00,11.58,0.00,0.00,0.00,0.00
249,3w,ConMx,Intn2,155,0.00,0.00,22.23,29.74,1.65,2.65,0.66,0.00,0.00,14.70,0.00,11.55,0.00,0.00,0.00,0.00
249,3w,ConMx,Intn2,165,0.00,0.00,20.67,29.33,1.63,2.56,0.62,0.00,0.00,13.96,0.00,11.39,0.00,0.00,0.00,0.00
249,3w,ConMx,Intn2,175,0.00,0.00,18.95,28.74,1.60,2.46,0.57,0.00,0.00,13.14,0.00,11.10,0.00,0.00,0.00,0.00
249,3w,ConMx,Intn2,185,0.00,0.00,17.15,27.99,1.56,2.34,0.53,0.00,0.00,12.28,0.00,10.71,0.00,0.00,0.00,0.00
249,3w,ConMx,Intn2,195,0.00,0.00,15.34,27.11,1.51,2.22,0.48,0.00,0.00,11.40,0.00,10.24,0.00,0.00,0.00,0.00
249,3w,ConMx,Intn2,205,0.00,0.00,13.57,26.11,1.45,2.09,0.44,0.00,0.00,10.51,0.00,9.71,0.00,0.00,0.00,0.00
249,3w,ConMx,Intn2,215,0.00,0.00,11.88,25.01,1.39,1.96,0.39,0.00,0.00,9.63,0.00,9.15,0.00,0.00,0.00,0.00
249,3w,ConMx,Intn2,225,0.00,0.00,10.31,23.84,1.33,1.82,0.35,0.00,0.00,8.78,0.00,8.55,0.00,0.00,0.00,0.00
249,3w,ConMx,Intn2,235,0.00,0.00,8.87,22.60,1.26,1.69,0.31,0.00,0.00,7.96,0.00,7.95,0.00,0.00,0.00,0.00
249,3w,ConMx,Intn2,245,0.00,0.00,7.57,21.33,1.19,1.56,0.27,0.00,0.00,7.17,0.00,7.34,0.00,0.00,0.00,0.00
249,3w,ConMx,Intn2,255,0.00,0.00,6.41,20.04,1.12,1.43,0.24,0.00,0.00,6.44,0.00,6.74,0.00,0.00,0.00,0.00
250,Patnt,ConMx,Intn2,5,0.00,0.00,0.00,0.00,0.00,0.00,0.00,0.00,0.00,0.00,0.00,0.00,0.00,0.00,0.00,0.00
250,Patnt,ConMx,Intn2,15,0.00,0.00,1.03,1.49,0.12,0.17,0.16,0.00,0.00,0.41,0.00,0.18,0.00,0.00,0.00,0.00
250,Patnt,ConMx,Intn2,25,0.00,0.00,2.68,4.95,0.30,0.56,0.24,0.00,0.00,1.30,0.00,0.57,0.00,0.00,0.00,0.00
250,Patnt,ConMx,Intn2,35,0.00,0.00,5.15,9.63,0.52,1.07,0.33,0.00,0.00,2.79,0.00,1.23,0.00,0.00,0.00,0.00
250,Patnt,ConMx,Intn2,45,0.00,0.00,8.45,14.35,0.76,1.56,0.44,0.00,0.00,4.91,0.00,2.22,0.00,0.00,0.00,0.00
250,Patnt,ConMx,Intn2,55,0.00,0.00,12.32,18.47,0.99,1.97,0.54,0.00,0.00,7.43,0.00,3.48,0.00,0.00,0.00,0.00
250,Patnt,ConMx,Intn2,65,0.00,0.00,16.26,21.82,1.19,2.29,0.63,0.00,0.00,9.98,0.00,4.87,0.00,0.00,0.00,0.00
250,Patnt,ConMx,Intn2,75,0.00,0.00,19.82,24.43,1.35,2.53,0.69,0.00,0.00,12.22,0.00,6.24,0.00,0.00,0.00,0.00
250,Patnt,ConMx,Intn2,85,0.00,0.00,22.62,26.29,1.46,2.68,0.73,0.00,0.00,13.91,0.00,7.46,0.00,0.00,0.00,0.00
250,Patnt,ConMx,Intn2,95,0.00,0.00,24.45,27.39,1.52,2.74,0.75,0.00,0.00,14.94,0.00,8.41,0.00,0.00,0.00,0.00
250,Patnt,ConMx,Intn2,105,0.00,0.00,25.20,27.74,1.54,2.73,0.74,0.00,0.00,15.29,0.00,9.05,0.00,0.00,0.00,0.00
250,Patnt,ConMx,Intn2,115,0.00,0.00,24.88,27.37,1.52,2.64,0.71,0.00,0.00,15.02,0.00,9.34,0.00,0.00,0.00,0.00
250,Patnt,ConMx,Intn2,125,0.00,0.00,23.62,26.37,1.47,2.50,0.66,0.00,0.00,14.24,0.00,9.28,0.00,0.00,0.00,0.00
250,Patnt,ConMx,Intn2,135,0.00,0.00,21.62,24.81,1.38,2.30,0.60,0.00,0.00,13.09,0.00,8.92,0.00,0.00,0.00,0.00
250,Patnt,ConMx,Intn2,145,0.00,0.00,19.13,22.83,1.27,2.08,0.53,0.00,0.00,11.68,0.00,8.30,0.00,0.00,0.00,0.00
250,Patnt,ConMx,Intn2,155,0.00,0.00,16.38,20.55,1.14,1.83,0.45,0.00,0.00,10.16,0.00,7.51,0.00,0.00,0.00,0.00
250,Patnt,ConMx,Intn2,165,0.00,0.00,13.61,18.10,1.01,1.58,0.38,0.00,0.00,8.62,0.00,6.61,0.00,0.00,0.00,0.00
250,Patnt,ConMx,Intn2,175,0.00,0.00,10.98,15.62,0.87,1.33,0.31,0.00,0.00,7.14,0.00,5.67,0.00,0.00,0.00,0.00
250,Patnt,ConMx,Intn2,185,0.00,0.00,8.62,13.19,0.73,1.10,0.25,0.00,0.00,5.79,0.00,4.75,0.00,0.00,0.00,0.00
250,Patnt,ConMx,Intn2,195,0.00,0.00,6.59,10.91,0.60,0.89,0.19,0.00,0.00,4.59,0.00,3.88,0.00,0.00,0.00,0.00
250,Patnt,ConMx,Intn2,205,0.00,0.00,4.90,8.85,0.49,0.71,0.14,0.00,0.00,3.56,0.00,3.10,0.00,0.00,0.00,0.00
250,Patnt,ConMx,Intn2,215,0.00,0.00,3.56,7.03,0.39,0.55,0.11,0.00,0.00,2.70,0.00,2.42,0.00,0.00,0.00,0.00
250,Patnt,ConMx,Intn2,225,0.00,0.00,2.52,5.47,0.30,0.41,0.08,0.00,0.00,2.01,0.00,1.85,0.00,0.00,0.00,0.00
250,Patnt,ConMx,Intn2,235,0.00,0.00,1.75,4.18,0.23,0.31,0.05,0.00,0.00,1.47,0.00,1.38,0.00,0.00,0.00,0.00
250,Patnt,ConMx,Intn2,245,0.00,0.00,1.18,3.12,0.17,0.22,0.04,0.00,0.00,1.05,0.00,1.01,0.00,0.00,0.00,0.00
250,Patnt,ConMx,Intn2,255,0.00,0.00,0.78,2.29,0.12,0.16,0.02,0.00,0.00,0.73,0.00,0.72,0.00,0.00,0.00,0.00
251,3w,ConMx,Succ,5,0.00,0.00,0.00,0.00,0.00,0.00,0.00,0.00,0.00,0.00,0.00,0.00,0.00,0.00,0.00,0.00
251,3w,ConMx,Succ,15,0.00,0.00,1.39,2.13,0.17,0.24,0.24,0.00,0.00,0.58,0.00,0.28,0.00,0.00,0.00,0.00
251,3w,ConMx,Succ,25,0.00,0.00,3.26,6.43,0.39,0.73,0.32,0.00,0.00,1.68,0.00,0.78,0.00,0.00,0.00,0.00
251,3w,ConMx,Succ,35,0.00,0.00,5.77,11.51,0.62,1.29,0.40,0.00,0.00,3.34,0.00,1.57,0.00,0.00,0.00,0.00
251,3w,ConMx,Succ,45,0.00,0.00,8.87,16.07,0.85,1.75,0.49,0.00,0.00,5.49,0.00,2.64,0.00,0.00,0.00,0.00
251,3w,ConMx,Succ,55,0.00,0.00,12.28,19.65,1.06,2.10,0.57,0.00,0.00,7.90,0.00,3.93,0.00,0.00,0.00,0.00
251,3w,ConMx,Succ,65,0.00,0.00,15.64,22.39,1.22,2.35,0.64,0.00,0.00,10.25,0.00,5.31,0.00,0.00,0.00,0.00
251,3w,ConMx,Succ,75,0.00,0.00,18.66,24.54,1.35,2.54,0.69,0.00,0.00,12.28,0.00,6.66,0.00,0.00,0.00,0.00
251,3w,ConMx,Succ,85,0.00,0.00,21.17,26.24,1.45,2.67,0.73,0.00,0.00,13.89,0.00,7.91,0.00,0.00,0.00,0.00
251,3w,ConMx,Succ,95,0.00,0.00,23.07,27.57,1.53,2.76,0.75,0.00,0.00,15.04,0.00,9.00,0.00,0.00,0.00,0.00
251,3w,ConMx,Succ,105,0.00,0.00,24.33,28.58,1.59,2.81,0.76,0.00,0.00,15.75,0.00,9.91,0.00,0.00,0.00,0.00
251,3w,ConMx,Succ,115,0.00,0.00,24.96,29.30,1.63,2.83,0.76,0.00,0.00,16.08,0.00,10.62,0.00,0.00,0.00,0.00
251,3w,ConMx,Succ,125,0.00,0.00,24.99,29.76,1.65,2.82,0.74,0.00,0.00,16.08,0.00,11.13,0.00,0.00,0.00,0.00
251,3w,ConMx,Succ,135,0.00,0.00,24.48,29.97,1.67,2.78,0.72,0.00,0.00,15.81,0.00,11.44,0.00,0.00,0.00,0.00
251,3w,ConMx,Succ,145,0.00,0.00,23.53,29.96,1.67,2.73,0.69,0.00,0.00,15.33,0.00,11.58,0.00,0.00,0.00,0.00
251,3w,ConMx,Succ,155,0.00,0.00,22.23,29.74,1.65,2.65,0.66,0.00,0.00,14.70,0.00,11.55,0.00,0.00,0.00,0.00
251,3w,ConMx,Succ,165,0.00,0.00,20.67,29.33,1.63,2.56,0.62,0.00,0.00,13.96,0.00,11.39,0.00,0.00,0.00,0.00
251,3w,ConMx,Succ,175,0.00,0.00,18.95,28.74,1.60,2.46,0.57,0.00,0.00,13.14,0.00,11.10,0.00,0.00,0.00,0.00
251,3w,ConMx,Succ,185,0.00,0.00,17.15,27.99,1.56,2.34,0.53,0.00,0.00,12.28,0.00,10.71,0.00,0.00,0.00,0.00
251,3w,ConMx,Succ,195,0.00,0.00,15.34,27.11,1.51,2.22,0.48,0.00,0.00,11.40,0.00,10.24,0.00,0.00,0.00,0.00
251,3w,ConMx,Succ,205,0.00,0.00,13.57,26.11,1.45,2.09,0.44,0.00,0.00,10.51,0.00,9.71,0.00,0.00,0.00,0.00
251,3w,ConMx,Succ,215,0.00,0.00,11.88,25.01,1.39,1.96,0.39,0.00,0.00,9.63,0.00,9.15,0.00,0.00,0.00,0.00
251,3w,ConMx,Succ,225,0.00,0.00,10.31,23.84,1.33,1.82,0.35,0.00,0.00,8.78,0.00,8.55,0.00,0.00,0.00,0.00
251,3w,ConMx,Succ,235,0.00,0.00,8.87,22.60,1.26,1.69,0.31,0.00,0.00,7.96,0.00,7.95,0.00,0.00,0.00,0.00
251,3w,ConMx,Succ,245,0.00,0.00,7.57,21.33,1.19,1.56,0.27,0.00,0.00,7.17,0.00,7.34,0.00,0.00,0.00,0.00
251,3w,ConMx,Succ,255,0.00,0.00,6.41,20.04,1.12,1.43,0.24,0.00,0.00,6.44,0.00,6.74,0.00,0.00,0.00,0.00
252,Patnt,ConMx,Succ,5,0.00,0.00,0.00,0.00,0.00,0.00,0.00,0.00,0.00,0.00,0.00,0.00,0.00,0.00,0.00,0.00
252,Patnt,ConMx,Succ,15,0.00,0.00,1.03,1.49,0.12,0.17,0.16,0.00,0.00,0.41,0.00,0.18,0.00,0.00,0.00,0.00
252,Patnt,ConMx,Succ,25,0.00,0.00,2.68,4.95,0.30,0.56,0.24,0.00,0.00,1.30,0.00,0.57,0.00,0.00,0.00,0.00
252,Patnt,ConMx,Succ,35,0.00,0.00,5.15,9.63,0.52,1.07,0.33,0.00,0.00,2.79,0.00,1.23,0.00,0.00,0.00,0.00
252,Patnt,ConMx,Succ,45,0.00,0.00,8.45,14.35,0.76,1.56,0.44,0.00,0.00,4.91,0.00,2.22,0.00,0.00,0.00,0.00
252,Patnt,ConMx,Succ,55,0.00,0.00,12.32,18.47,0.99,1.97,0.54,0.00,0.00,7.43,0.00,3.48,0.00,0.00,0.00,0.00
252,Patnt,ConMx,Succ,65,0.00,0.00,16.26,21.82,1.19,2.29,0.63,0.00,0.00,9.98,0.00,4.87,0.00,0.00,0.00,0.00
252,Patnt,ConMx,Succ,75,0.00,0.00,19.82,24.43,1.35,2.53,0.69,0.00,0.00,12.22,0.00,6.24,0.00,0.00,0.00,0.00
252,Patnt,ConMx,Succ,85,0.00,0.00,22.62,26.29,1.46,2.68,0.73,0.00,0.00,13.91,0.00,7.46,0.00,0.00,0.00,0.00
252,Patnt,ConMx,Succ,95,0.00,0.00,24.45,27.39,1.52,2.74,0.75,0.00,0.00,14.94,0.00,8.41,0.00,0.00,0.00,0.00
252,Patnt,ConMx,Succ,105,0.00,0.00,25.20,27.74,1.54,2.73,0.74,0.00,0.00,15.29,0.00,9.05,0.00,0.00,0.00,0.00
252,Patnt,ConMx,Succ,115,0.00,0.00,24.88,27.37,1.52,2.64,0.71,0.00,0.00,15.02,0.00,9.34,0.00,0.00,0.00,0.00
252,Patnt,ConMx,Succ,125,0.00,0.00,23.62,26.37,1.47,2.50,0.66,0.00,0.00,14.24,0.00,9.28,0.00,0.00,0.00,0.00
252,Patnt,ConMx,Succ,135,0.00,0.00,21.62,24.81,1.38,2.30,0.60,0.00,0.00,13.09,0.00,8.92,0.00,0.00,0.00,0.00
252,Patnt,ConMx,Succ,145,0.00,0.00,19.13,22.83,1.27,2.08,0.53,0.00,0.00,11.68,0.00,8.30,0.00,0.00,0.00,0.00
252,Patnt,ConMx,Succ,155,0.00,0.00,16.38,20.55,1.14,1.83,0.45,0.00,0.00,10.16,0.00,7.51,0.00,0.00,0.00,0.00
252,Patnt,ConMx,Succ,165,0.00,0.00,13.61,18.10,1.01,1.58,0.38,0.00,0.00,8.62,0.00,6.61,0.00,0.00,0.00,0.00
252,Patnt,ConMx,Succ,175,0.00,0.00,10.98,15.62,0.87,1.33,0.31,0.00,0.00,7.14,0.00,5.67,0.00,0.00,0.00,0.00
252,Patnt,ConMx,Succ,185,0.00,0.00,8.62,13.19,0.73,1.10,0.25,0.00,0.00,5.79,0.00,4.75,0.00,0.00,0.00,0.00
252,Patnt,ConMx,Succ,195,0.00,0.00,6.59,10.91,0.60,0.89,0.19,0.00,0.00,4.59,0.00,3.88,0.00,0.00,0.00,0.00
252,Patnt,ConMx,Succ,205,0.00,0.00,4.90,8.85,0.49,0.71,0.14,0.00,0.00,3.56,0.00,3.10,0.00,0.00,0.00,0.00
252,Patnt,ConMx,Succ,215,0.00,0.00,3.56,7.03,0.39,0.55,0.11,0.00,0.00,2.70,0.00,2.42,0.00,0.00,0.00,0.00
252,Patnt,ConMx,Succ,225,0.00,0.00,2.52,5.47,0.30,0.41,0.08,0.00,0.00,2.01,0.00,1.85,0.00,0.00,0.00,0.00
252,Patnt,ConMx,Succ,235,0.00,0.00,1.75,4.18,0.23,0.31,0.05,0.00,0.00,1.47,0.00,1.38,0.00,0.00,0.00,0.00
252,Patnt,ConMx,Succ,245,0.00,0.00,1.18,3.12,0.17,0.22,0.04,0.00,0.00,1.05,0.00,1.01,0.00,0.00,0.00,0.00
252,Patnt,ConMx,Succ,255,0.00,0.00,0.78,2.29,0.12,0.16,0.02,0.00,0.00,0.73,0.00,0.72,0.00,0.00,0.00,0.00
9980001,3w,PwDom,Depl,0,12.00,0.00,0.00,3.00,0.00,2.00,0.00,0.00,0.00,2.00,0.00,4.00,0.00,0.00,0.00,0.00
9980001,Patnt,PwDom,Depl,0,12.00,0.00,0.00,3.00,0.00,2.00,0.00,0.00,0.00,2.00,0.00,4.00,0.00,0.00,0.00,0.00
9980002,3w,PrDom,Depl,0,0.00,23.00,0.00,1.00,0.00,0.00,0.00,0.00,0.00,0.00,0.00,0.00,0.00,0.00,0.00,0.00
9980002,Patnt,PrDom,Depl,0,0.00,23.00,0.00,1.00,0.00,0.00,0.00,0.00,0.00,0.00,0.00,0.00,0.00,0.00,0.00,0.00
9980003,3w,PrwMx,Depl,0,1.00,12.00,4.00,5.00,0.00,1.00,0.00,0.00,0.00,2.00,0.00,1.00,0.00,0.00,0.00,0.00
9980003,Patnt,PrwMx,Depl,0,1.00,12.00,4.00,5.00,0.00,1.00,0.00,0.00,0.00,2.00,0.00,1.00,0.00,0.00,0.00,0.00
9980004,3w,UplCe,Depl,0,0.00,0.00,0.00,4.00,1.00,1.00,14.00,0.00,0.00,1.00,0.00,3.00,0.00,0.00,0.00,0.00
9980004,Patnt,UplCe,Depl,0,0.00,0.00,0.00,4.00,1.00,1.00,14.00,0.00,0.00,1.00,0.00,3.00,0.00,0.00,0.00,0.00
9980005,3w,OCLow,Depl,0,0.00,0.00,0.00,8.00,0.00,0.00,8.00,9.00,0.00,0.00,0.00,0.00,0.00,0.00,0.00,0.00
9980005,Patnt,OCLow,Depl,0,0.00,0.00,0.00,8.00,0.00,0.00,8.00,9.00,0.00,0.00,0.00,0.00,0.00,0.00,0.00,0.00
9980006,3w,PwDom,Depl,5,12.00,0.00,0.00,3.00,0.00,2.00,0.00,0.00,0.00,2.00,0.00,4.00,0.00,0.00,0.00,0.00
9980006,3w,SbLow,Depl,0,0.00,0.00,0.00,22.00,0.00,0.00,1.00,2.00,0.00,0.00,0.00,0.00,0.00,0.00,0.00,0.00
9980006,Patnt,PwDom,Depl,5,12.00,0.00,0.00,3.00,0.00,2.00,0.00,0.00,0.00,2.00,0.00,4.00,0.00,0.00,0.00,0.00
9980006,Patnt,SbLow,Depl,0,0.00,0.00,0.00,22.00,0.00,0.00,1.00,2.00,0.00,0.00,0.00,0.00,0.00,0.00,0.00,0.00
9980007,3w,PrDom,Depl,5,0.00,23.00,0.00,1.00,0.00,0.00,0.00,0.00,0.00,0.00,0.00,0.00,0.00,0.00,0.00,0.00
9980007,3w,SbSha,Depl,0,0.00,0.00,2.00,22.00,0.00,0.00,0.00,0.00,0.00,0.00,0.00,0.00,0.00,0.00,0.00,0.00
9980007,Patnt,PrDom,Depl,5,0.00,23.00,0.00,1.00,0.00,0.00,0.00,0.00,0.00,0.00,0.00,0.00,0.00,0.00,0.00,0.00
9980007,Patnt,SbSha,Depl,0,0.00,0.00,2.00,22.00,0.00,0.00,0.00,0.00,0.00,0.00,0.00,0.00,0.00,0.00,0.00,0.00
9980008,3w,PrwMx,Depl,5,1.00,12.00,4.00,5.00,0.00,1.00,0.00,0.00,0.00,2.00,0.00,1.00,0.00,0.00,0.00,0.00
9980008,3w,SbDee,Depl,0,0.00,0.00,1.00,22.00,0.00,0.00,0.00,0.00,0.00,0.00,0.00,0.00,0.00,0.00,0.00,0.00
9980008,Patnt,PrwMx,Depl,5,1.00,12.00,4.00,5.00,0.00,1.00,0.00,0.00,0.00,2.00,0.00,1.00,0.00,0.00,0.00,0.00
9980008,Patnt,SbDee,Depl,0,0.00,0.00,1.00,22.00,0.00,0.00,0.00,0.00,0.00,0.00,0.00,0.00,0.00,0.00,0.00,0.00
9980009,3w,PjSha,Depl,0,0.00,0.00,20.00,3.00,0.00,0.00,0.00,0.00,0.00,1.00,0.00,1.00,0.00,0.00,0.00,0.00
9980009,3w,UplCe,Depl,5,0.00,0.00,0.00,4.00,1.00,1.00,14.00,0.00,0.00,1.00,0.00,3.00,0.00,0.00,0.00,0.00
9980009,Patnt,PjSha,Depl,0,0.00,0.00,20.00,3.00,0.00,0.00,0.00,0.00,0.00,1.00,0.00,1.00,0.00,0.00,0.00,0.00
9980009,Patnt,UplCe,Depl,5,0.00,0.00,0.00,4.00,1.00,1.00,14.00,0.00,0.00,1.00,0.00,3.00,0.00,0.00,0.00,0.00
9980010,3w,OCLow,Depl,5,0.00,0.00,0.00,8.00,0.00,0.00,8.00,9.00,0.00,0.00,0.00,0.00,0.00,0.00,0.00,0.00
9980010,3w,PjDee,Depl,0,0.00,0.00,21.00,2.00,0.00,0.00,0.00,0.00,0.00,1.00,0.00,0.00,0.00,0.00,0.00,0.00
9980010,Patnt,OCLow,Depl,5,0.00,0.00,0.00,8.00,0.00,0.00,8.00,9.00,0.00,0.00,0.00,0.00,0.00,0.00,0.00,0.00
9980010,Patnt,PjDee,Depl,0,0.00,0.00,21.00,2.00,0.00,0.00,0.00,0.00,0.00,1.00,0.00,0.00,0.00,0.00,0.00,0.00
9980011,3w,PoDom,Depl,0,0.00,0.00,1.00,2.00,0.00,0.00,0.00,0.00,0.00,20.00,0.00,2.00,0.00,0.00,0.00,0.00
9980011,3w,SbLow,Depl,5,0.00,0.00,0.00,22.00,0.00,0.00,1.00,2.00,0.00,0.00,0.00,0.00,0.00,0.00,0.00,0.00
9980011,Patnt,PoDom,Depl,0,0.00,0.00,1.00,2.00,0.00,0.00,0.00,0.00,0.00,20.00,0.00,2.00,0.00,0.00,0.00,0.00
9980011,Patnt,SbLow,Depl,5,0.00,0.00,0.00,22.00,0.00,0.00,1.00,2.00,0.00,0.00,0.00,0.00,0.00,0.00,0.00,0.00
9980012,3w,BwDom,Depl,0,0.00,0.00,0.00,4.00,0.00,1.00,0.00,0.00,0.00,2.00,0.00,18.00,0.00,0.00,0.00,0.00
9980012,3w,SbSha,Depl,5,0.00,0.00,2.00,22.00,0.00,0.00,0.00,0.00,0.00,0.00,0.00,0.00,0.00,0.00,0.00,0.00
9980012,Patnt,BwDom,Depl,0,0.00,0.00,0.00,4.00,0.00,1.00,0.00,0.00,0.00,2.00,0.00,18.00,0.00,0.00,0.00,0.00
9980012,Patnt,SbSha,Depl,5,0.00,0.00,2.00,22.00,0.00,0.00,0.00,0.00,0.00,0.00,0.00,0.00,0.00,0.00,0.00,0.00
9980013,3w,SbDee,Depl,5,0.00,0.00,1.00,22.00,0.00,0.00,0.00,0.00,0.00,0.00,0.00,0.00,0.00,0.00,0.00,0.00
9980013,3w,TolHd,Depl,0,0.00,0.00,0.00,3.00,1.00,0.00,1.00,0.00,0.00,3.00,0.00,3.00,0.00,0.00,0.00,14.00
9980013,Patnt,SbDee,Depl,5,0.00,0.00,1.00,22.00,0.00,0.00,0.00,0.00,0.00,0.00,0.00,0.00,0.00,0.00,0.00,0.00
9980013,Patnt,TolHd,Depl,0,0.00,0.00,0.00,3.00,1.00,0.00,1.00,0.00,0.00,3.00,0.00,3.00,0.00,0.00,0.00,14.00
9980014,3w,PjSha,Depl,5,0.00,0.00,20.00,3.00,0.00,0.00,0.00,0.00,0.00,1.00,0.00,1.00,0.00,0.00,0.00,0.00
9980014,3w,SbMx1,Depl,0,0.00,0.00,6.00,14.00,1.00,1.00,0.00,0.00,0.00,2.00,0.00,1.00,0.00,0.00,0.00,0.00
9980014,Patnt,PjSha,Depl,5,0.00,0.00,20.00,3.00,0.00,0.00,0.00,0.00,0.00,1.00,0.00,1.00,0.00,0.00,0.00,0.00
9980014,Patnt,SbMx1,Depl,0,0.00,0.00,6.00,14.00,1.00,1.00,0.00,0.00,0.00,2.00,0.00,1.00,0.00,0.00,0.00,0.00
9980015,3w,PjDee,Depl,5,0.00,0.00,21.00,2.00,0.00,0.00,0.00,0.00,0.00,1.00,0.00,0.00,0.00,0.00,0.00,0.00
9980015,3w,PjMx1,Depl,0,0.00,0.00,14.00,8.00,0.00,0.00,0.00,0.00,0.00,2.00,0.00,1.00,0.00,0.00,0.00,0.00
9980015,Patnt,PjDee,Depl,5,0.00,0.00,21.00,2.00,0.00,0.00,0.00,0.00,0.00,1.00,0.00,0.00,0.00,0.00,0.00,0.00
9980015,Patnt,PjMx1,Depl,0,0.00,0.00,14.00,8.00,0.00,0.00,0.00,0.00,0.00,2.00,0.00,1.00,0.00,0.00,0.00,0.00
9980016,3w,BfMx,Depl,0,0.00,0.00,0.00,8.00,2.00,11.00,0.00,0.00,0.00,1.00,0.00,3.00,0.00,0.00,0.00,0.00
9980016,3w,PoDom,Depl,5,0.00,0.00,1.00,2.00,0.00,0.00,0.00,0.00,0.00,20.00,0.00,2.00,0.00,0.00,0.00,0.00
9980016,3w,PwDom,Depl,15,12.00,0.00,0.00,3.00,0.00,2.00,0.00,0.00,0.00,2.00,0.00,4.00,0.00,0.00,0.00,0.00
9980016,Patnt,BfMx,Depl,0,0.00,0.00,0.00,8.00,2.00,11.00,0.00,0.00,0.00,1.00,0.00,3.00,0.00,0.00,0.00,0.00
9980016,Patnt,PoDom,Depl,5,0.00,0.00,1.00,2.00,0.00,0.00,0.00,0.00,0.00,20.00,0.00,2.00,0.00,0.00,0.00,0.00
9980016,Patnt,PwDom,Depl,15,12.00,0.00,0.00,3.00,0.00,2.00,0.00,0.00,0.00,2.00,0.00,4.00,0.00,0.00,0.00,0.00
9980017,3w,BwDom,Depl,5,0.00,0.00,0.00,4.00,0.00,1.00,0.00,0.00,0.00,2.00,0.00,18.00,0.00,0.00,0.00,0.00
9980017,3w,HrDom,Depl,0,0.00,0.00,1.00,4.00,0.00,1.00,0.00,0.00,0.00,12.00,0.00,7.00,0.00,0.00,0.00,0.00
9980017,3w,PrDom,Depl,15,0.00,23.00,0.00,1.00,0.00,0.00,0.00,0.00,0.00,0.00,0.00,0.00,0.00,0.00,0.00,0.00
9980017,Patnt,BwDom,Depl,5,0.00,0.00,0.00,4.00,0.00,1.00,0.00,0.00,0.00,2.00,0.00,18.00,0.00,0.00,0.00,0.00
9980017,Patnt,HrDom,Depl,0,0.00,0.00,1.00,4.00,0.00,1.00,0.00,0.00,0.00,12.00,0.00,7.00,0.00,0.00,0.00,0.00
9980017,Patnt,PrDom,Depl,15,0.00,23.00,0.00,1.00,0.00,0.00,0.00,0.00,0.00,0.00,0.00,0.00,0.00,0.00,0.00,0.00
9980018,3w,HrdMw,Depl,0,0.00,0.00,2.00,6.00,1.00,2.00,0.00,0.00,0.00,7.00,0.00,7.00,0.00,0.00,0.00,0.00
9980018,3w,PrwMx,Depl,15,1.00,12.00,4.00,5.00,0.00,1.00,0.00,0.00,0.00,2.00,0.00,1.00,0.00,0.00,0.00,0.00
9980018,3w,TolHd,Depl,5,0.00,0.00,0.00,3.00,1.00,0.00,1.00,0.00,0.00,3.00,0.00,3.00,0.00,0.00,0.00,14.00
9980018,Patnt,HrdMw,Depl,0,0.00,0.00,2.00,6.00,1.00,2.00,0.00,0.00,0.00,7.00,0.00,7.00,0.00,0.00,0.00,0.00
9980018,Patnt,PrwMx,Depl,15,1.00,12.00,4.00,5.00,0.00,1.00,0.00,0.00,0.00,2.00,0.00,1.00,0.00,0.00,0.00,0.00
9980018,Patnt,TolHd,Depl,5,0.00,0.00,0.00,3.00,1.00,0.00,1.00,0.00,0.00,3.00,0.00,3.00,0.00,0.00,0.00,14.00
9980019,3w,ConMx,Depl,0,0.00,0.00,4.00,10.00,0.00,2.00,0.00,0.00,0.00,4.00,0.00,4.00,0.00,0.00,0.00,0.00
9980019,3w,SbMx1,Depl,5,0.00,0.00,6.00,14.00,1.00,1.00,0.00,0.00,0.00,2.00,0.00,1.00,0.00,0.00,0.00,0.00
9980019,3w,UplCe,Depl,15,0.00,0.00,0.00,4.00,1.00,1.00,14.00,0.00,0.00,1.00,0.00,3.00,0.00,0.00,0.00,0.00
9980019,Patnt,ConMx,Depl,0,0.00,0.00,4.00,10.00,0.00,2.00,0.00,0.00,0.00,4.00,0.00,4.00,0.00,0.00,0.00,0.00
9980019,Patnt,SbMx1,Depl,5,0.00,0.00,6.00,14.00,1.00,1.00,0.00,0.00,0.00,2.00,0.00,1.00,0.00,0.00,0.00,0.00
9980019,Patnt,UplCe,Depl,15,0.00,0.00,0.00,4.00,1.00,1.00,14.00,0.00,0.00,1.00,0.00,3.00,0.00,0.00,0.00,0.00
9980020,3w,OCLow,Depl,15,0.00,0.00,0.00,8.00,0.00,0.00,8.00,9.00,0.00,0.00,0.00,0.00,0.00,0.00,0.00,0.00
9980020,3w,PjMx1,Depl,5,0.00,0.00,14.00,8.00,0.00,0.00,0.00,0.00,0.00,2.00,0.00,1.00,0.00,0.00,0.00,0.00
9980020,Patnt,OCLow,Depl,15,0.00,0.00,0.00,8.00,0.00,0.00,8.00,9.00,0.00,0.00,0.00,0.00,0.00,0.00,0.00,0.00
9980020,Patnt,PjMx1,Depl,5,0.00,0.00,14.00,8.00,0.00,0.00,0.00,0.00,0.00,2.00,0.00,1.00,0.00,0.00,0.00,0.00
9980021,3w,BfMx,Depl,5,0.00,0.00,0.00,8.00,2.00,11.00,0.00,0.00,0.00,1.00,0.00,3.00,0.00,0.00,0.00,0.00
9980021,3w,SbLow,Depl,15,0.00,0.00,0.00,22.00,0.00,0.00,1.00,2.00,0.00,0.00,0.00,0.00,0.00,0.00,0.00,0.00
9980021,Patnt,BfMx,Depl,5,0.00,0.00,0.00,8.00,2.00,11.00,0.00,0.00,0.00,1.00,0.00,3.00,0.00,0.00,0.00,0.00
9980021,Patnt,SbLow,Depl,15,0.00,0.00,0.00,22.00,0.00,0.00,1.00,2.00,0.00,0.00,0.00,0.00,0.00,0.00,0.00,0.00
9980022,3w,HrDom,Depl,5,0.00,0.00,1.00,4.00,0.00,1.00,0.00,0.00,0.00,12.00,0.00,7.00,0.00,0.00,0.00,0.00
9980022,3w,SbSha,Depl,15,0.00,0.00,2.00,22.00,0.00,0.00,0.00,0.00,0.00,0.00,0.00,0.00,0.00,0.00,0.00,0.00
9980022,Patnt,HrDom,Depl,5,0.00,0.00,1.00,4.00,0.00,1.00,0.00,0.00,0.00,12.00,0.00,7.00,0.00,0.00,0.00,0.00
9980022,Patnt,SbSha,Depl,15,0.00,0.00,2.00,22.00,0.00,0.00,0.00,0.00,0.00,0.00,0.00,0.00,0.00,0.00,0.00,0.00
9980023,3w,HrdMw,Depl,5,0.00,0.00,2.00,6.00,1.00,2.00,0.00,0.00,0.00,7.00,0.00,7.00,0.00,0.00,0.00,0.00
9980023,3w,SbDee,Depl,15,0.00,0.00,1.00,22.00,0.00,0.00,0.00,0.00,0.00,0.00,0.00,0.00,0.00,0.00,0.00,0.00
9980023,Patnt,HrdMw,Depl,5,0.00,0.00,2.00,6.00,1.00,2.00,0.00,0.00,0.00,7.00,0.00,7.00,0.00,0.00,0.00,0.00
9980023,Patnt,SbDee,Depl,15,0.00,0.00,1.00,22.00,0.00,0.00,0.00,0.00,0.00,0.00,0.00,0.00,0.00,0.00,0.00,0.00
9980024,3w,ConMx,Depl,5,0.00,0.00,4.00,10.00,0.00,2.00,0.00,0.00,0.00,4.00,0.00,4.00,0.00,0.00,0.00,0.00
9980024,3w,PjSha,Depl,15,0.00,0.00,20.00,3.00,0.00,0.00,0.00,0.00,0.00,1.00,0.00,1.00,0.00,0.00,0.00,0.00
9980024,Patnt,ConMx,Depl,5,0.00,0.00,4.00,10.00,0.00,2.00,0.00,0.00,0.00,4.00,0.00,4.00,0.00,0.00,0.00,0.00
9980024,Patnt,PjSha,Depl,15,0.00,0.00,20.00,3.00,0.00,0.00,0.00,0.00,0.00,1.00,0.00,1.00,0.00,0.00,0.00,0.00
9980025,3w,PjDee,Depl,15,0.00,0.00,21.00,2.00,0.00,0.00,0.00,0.00,0.00,1.00,0.00,0.00,0.00,0.00,0.00,0.00
9980025,Patnt,PjDee,Depl,15,0.00,0.00,21.00,2.00,0.00,0.00,0.00,0.00,0.00,1.00,0.00,0.00,0.00,0.00,0.00,0.00
9980026,3w,PoDom,Depl,15,0.00,0.00,1.00,2.00,0.00,0.00,0.00,0.00,0.00,20.00,0.00,2.00,0.00,0.00,0.00,0.00
9980026,3w,PwDom,Depl,25,12.00,0.00,0.00,3.00,0.00,2.00,0.00,0.00,0.00,2.00,0.00,4.00,0.00,0.00,0.00,0.00
9980026,Patnt,PoDom,Depl,15,0.00,0.00,1.00,2.00,0.00,0.00,0.00,0.00,0.00,20.00,0.00,2.00,0.00,0.00,0.00,0.00
9980026,Patnt,PwDom,Depl,25,12.00,0.00,0.00,3.00,0.00,2.00,0.00,0.00,0.00,2.00,0.00,4.00,0.00,0.00,0.00,0.00
9980027,3w,BwDom,Depl,15,0.00,0.00,0.00,4.00,0.00,1.00,0.00,0.00,0.00,2.00,0.00,18.00,0.00,0.00,0.00,0.00
9980027,3w,PrDom,Depl,25,0.00,23.00,0.00,1.00,0.00,0.00,0.00,0.00,0.00,0.00,0.00,0.00,0.00,0.00,0.00,0.00
9980027,Patnt,BwDom,Depl,15,0.00,0.00,0.00,4.00,0.00,1.00,0.00,0.00,0.00,2.00,0.00,18.00,0.00,0.00,0.00,0.00
9980027,Patnt,PrDom,Depl,25,0.00,23.00,0.00,1.00,0.00,0.00,0.00,0.00,0.00,0.00,0.00,0.00,0.00,0.00,0.00,0.00
9980028,3w,PrwMx,Depl,25,1.00,12.00,4.00,5.00,0.00,1.00,0.00,0.00,0.00,2.00,0.00,1.00,0.00,0.00,0.00,0.00
9980028,3w,TolHd,Depl,15,0.00,0.00,0.00,3.00,1.00,0.00,1.00,0.00,0.00,3.00,0.00,3.00,0.00,0.00,0.00,14.00
9980028,Patnt,PrwMx,Depl,25,1.00,12.00,4.00,5.00,0.00,1.00,0.00,0.00,0.00,2.00,0.00,1.00,0.00,0.00,0.00,0.00
9980028,Patnt,TolHd,Depl,15,0.00,0.00,0.00,3.00,1.00,0.00,1.00,0.00,0.00,3.00,0.00,3.00,0.00,0.00,0.00,14.00
9980029,3w,SbMx1,Depl,15,0.00,0.00,6.00,14.00,1.00,1.00,0.00,0.00,0.00,2.00,0.00,1.00,0.00,0.00,0.00,0.00
9980029,3w,UplCe,Depl,25,0.00,0.00,0.00,4.00,1.00,1.00,14.00,0.00,0.00,1.00,0.00,3.00,0.00,0.00,0.00,0.00
9980029,Patnt,SbMx1,Depl,15,0.00,0.00,6.00,14.00,1.00,1.00,0.00,0.00,0.00,2.00,0.00,1.00,0.00,0.00,0.00,0.00
9980029,Patnt,UplCe,Depl,25,0.00,0.00,0.00,4.00,1.00,1.00,14.00,0.00,0.00,1.00,0.00,3.00,0.00,0.00,0.00,0.00
9980030,3w,OCLow,Depl,25,0.00,0.00,0.00,8.00,0.00,0.00,8.00,9.00,0.00,0.00,0.00,0.00,0.00,0.00,0.00,0.00
9980030,3w,PjMx1,Depl,15,0.00,0.00,14.00,8.00,0.00,0.00,0.00,0.00,0.00,2.00,0.00,1.00,0.00,0.00,0.00,0.00
9980030,Patnt,OCLow,Depl,25,0.00,0.00,0.00,8.00,0.00,0.00,8.00,9.00,0.00,0.00,0.00,0.00,0.00,0.00,0.00,0.00
9980030,Patnt,PjMx1,Depl,15,0.00,0.00,14.00,8.00,0.00,0.00,0.00,0.00,0.00,2.00,0.00,1.00,0.00,0.00,0.00,0.00
9980031,3w,BfMx,Depl,15,0.00,0.00,0.00,8.00,2.00,11.00,0.00,0.00,0.00,1.00,0.00,3.00,0.00,0.00,0.00,0.00
9980031,3w,SbLow,Depl,25,0.00,0.00,0.00,22.00,0.00,0.00,1.00,2.00,0.00,0.00,0.00,0.00,0.00,0.00,0.00,0.00
9980031,Patnt,BfMx,Depl,15,0.00,0.00,0.00,8.00,2.00,11.00,0.00,0.00,0.00,1.00,0.00,3.00,0.00,0.00,0.00,0.00
9980031,Patnt,SbLow,Depl,25,0.00,0.00,0.00,22.00,0.00,0.00,1.00,2.00,0.00,0.00,0.00,0.00,0.00,0.00,0.00,0.00
9980032,3w,HrDom,Depl,15,0.00,0.00,1.00,4.00,0.00,1.00,0.00,0.00,0.00,12.00,0.00,7.00,0.00,0.00,0.00,0.00
9980032,3w,SbSha,Depl,25,0.00,0.00,2.00,22.00,0.00,0.00,0.00,0.00,0.00,0.00,0.00,0.00,0.00,0.00,0.00,0.00
9980032,Patnt,HrDom,Depl,15,0.00,0.00,1.00,4.00,0.00,1.00,0.00,0.00,0.00,12.00,0.00,7.00,0.00,0.00,0.00,0.00
9980032,Patnt,SbSha,Depl,25,0.00,0.00,2.00,22.00,0.00,0.00,0.00,0.00,0.00,0.00,0.00,0.00,0.00,0.00,0.00,0.00
9980033,3w,HrdMw,Depl,15,0.00,0.00,2.00,6.00,1.00,2.00,0.00,0.00,0.00,7.00,0.00,7.00,0.00,0.00,0.00,0.00
9980033,3w,SbDee,Depl,25,0.00,0.00,1.00,22.00,0.00,0.00,0.00,0.00,0.00,0.00,0.00,0.00,0.00,0.00,0.00,0.00
9980033,Patnt,HrdMw,Depl,15,0.00,0.00,2.00,6.00,1.00,2.00,0.00,0.00,0.00,7.00,0.00,7.00,0.00,0.00,0.00,0.00
9980033,Patnt,SbDee,Depl,25,0.00,0.00,1.00,22.00,0.00,0.00,0.00,0.00,0.00,0.00,0.00,0.00,0.00,0.00,0.00,0.00
9980034,3w,ConMx,Depl,15,0.00,0.00,4.00,10.00,0.00,2.00,0.00,0.00,0.00,4.00,0.00,4.00,0.00,0.00,0.00,0.00
9980034,3w,PjSha,Depl,25,0.00,0.00,20.00,3.00,0.00,0.00,0.00,0.00,0.00,1.00,0.00,1.00,0.00,0.00,0.00,0.00
9980034,Patnt,ConMx,Depl,15,0.00,0.00,4.00,10.00,0.00,2.00,0.00,0.00,0.00,4.00,0.00,4.00,0.00,0.00,0.00,0.00
9980034,Patnt,PjSha,Depl,25,0.00,0.00,20.00,3.00,0.00,0.00,0.00,0.00,0.00,1.00,0.00,1.00,0.00,0.00,0.00,0.00
9980035,3w,PjDee,Depl,25,0.00,0.00,21.00,2.00,0.00,0.00,0.00,0.00,0.00,1.00,0.00,0.00,0.00,0.00,0.00,0.00
9980035,Patnt,PjDee,Depl,25,0.00,0.00,21.00,2.00,0.00,0.00,0.00,0.00,0.00,1.00,0.00,0.00,0.00,0.00,0.00,0.00
9980036,3w,PoDom,Depl,25,0.00,0.00,1.00,2.00,0.00,0.00,0.00,0.00,0.00,20.00,0.00,2.00,0.00,0.00,0.00,0.00
9980036,3w,PwDom,Depl,35,12.00,0.00,0.00,3.00,0.00,2.00,0.00,0.00,0.00,2.00,0.00,4.00,0.00,0.00,0.00,0.00
9980036,Patnt,PoDom,Depl,25,0.00,0.00,1.00,2.00,0.00,0.00,0.00,0.00,0.00,20.00,0.00,2.00,0.00,0.00,0.00,0.00
9980036,Patnt,PwDom,Depl,35,12.00,0.00,0.00,3.00,0.00,2.00,0.00,0.00,0.00,2.00,0.00,4.00,0.00,0.00,0.00,0.00
9980037,3w,BwDom,Depl,25,0.00,0.00,0.00,4.00,0.00,1.00,0.00,0.00,0.00,2.00,0.00,18.00,0.00,0.00,0.00,0.00
9980037,3w,PrDom,Depl,35,0.00,23.00,0.00,1.00,0.00,0.00,0.00,0.00,0.00,0.00,0.00,0.00,0.00,0.00,0.00,0.00
9980037,Patnt,BwDom,Depl,25,0.00,0.00,0.00,4.00,0.00,1.00,0.00,0.00,0.00,2.00,0.00,18.00,0.00,0.00,0.00,0.00
9980037,Patnt,PrDom,Depl,35,0.00,23.00,0.00,1.00,0.00,0.00,0.00,0.00,0.00,0.00,0.00,0.00,0.00,0.00,0.00,0.00
9980038,3w,PrwMx,Depl,35,1.00,12.00,4.00,5.00,0.00,1.00,0.00,0.00,0.00,2.00,0.00,1.00,0.00,0.00,0.00,0.00
9980038,3w,TolHd,Depl,25,0.00,0.00,0.00,3.00,1.00,0.00,1.00,0.00,0.00,3.00,0.00,3.00,0.00,0.00,0.00,14.00
9980038,Patnt,PrwMx,Depl,35,1.00,12.00,4.00,5.00,0.00,1.00,0.00,0.00,0.00,2.00,0.00,1.00,0.00,0.00,0.00,0.00
9980038,Patnt,TolHd,Depl,25,0.00,0.00,0.00,3.00,1.00,0.00,1.00,0.00,0.00,3.00,0.00,3.00,0.00,0.00,0.00,14.00
9980039,3w,SbMx1,Depl,25,0.00,0.00,6.00,14.00,1.00,1.00,0.00,0.00,0.00,2.00,0.00,1.00,0.00,0.00,0.00,0.00
9980039,3w,UplCe,Depl,35,0.00,0.00,0.00,4.00,1.00,1.00,14.00,0.00,0.00,1.00,0.00,3.00,0.00,0.00,0.00,0.00
9980039,Patnt,SbMx1,Depl,25,0.00,0.00,6.00,14.00,1.00,1.00,0.00,0.00,0.00,2.00,0.00,1.00,0.00,0.00,0.00,0.00
9980039,Patnt,UplCe,Depl,35,0.00,0.00,0.00,4.00,1.00,1.00,14.00,0.00,0.00,1.00,0.00,3.00,0.00,0.00,0.00,0.00
9980040,3w,OCLow,Depl,35,0.00,0.00,0.00,8.00,0.00,0.00,8.00,9.00,0.00,0.00,0.00,0.00,0.00,0.00,0.00,0.00
9980040,3w,PjMx1,Depl,25,0.00,0.00,14.00,8.00,0.00,0.00,0.00,0.00,0.00,2.00,0.00,1.00,0.00,0.00,0.00,0.00
9980040,Patnt,OCLow,Depl,35,0.00,0.00,0.00,8.00,0.00,0.00,8.00,9.00,0.00,0.00,0.00,0.00,0.00,0.00,0.00,0.00
9980040,Patnt,PjMx1,Depl,25,0.00,0.00,14.00,8.00,0.00,0.00,0.00,0.00,0.00,2.00,0.00,1.00,0.00,0.00,0.00,0.00
9980041,3w,BfMx,Depl,25,0.00,0.00,0.00,8.00,2.00,11.00,0.00,0.00,0.00,1.00,0.00,3.00,0.00,0.00,0.00,0.00
9980041,3w,SbLow,Depl,35,0.00,0.00,0.00,22.00,0.00,0.00,1.00,2.00,0.00,0.00,0.00,0.00,0.00,0.00,0.00,0.00
9980041,Patnt,BfMx,Depl,25,0.00,0.00,0.00,8.00,2.00,11.00,0.00,0.00,0.00,1.00,0.00,3.00,0.00,0.00,0.00,0.00
9980041,Patnt,SbLow,Depl,35,0.00,0.00,0.00,22.00,0.00,0.00,1.00,2.00,0.00,0.00,0.00,0.00,0.00,0.00,0.00,0.00
9980042,3w,HrDom,Depl,25,0.00,0.00,1.00,4.00,0.00,1.00,0.00,0.00,0.00,12.00,0.00,7.00,0.00,0.00,0.00,0.00
9980042,3w,SbSha,Depl,35,0.00,0.00,2.00,22.00,0.00,0.00,0.00,0.00,0.00,0.00,0.00,0.00,0.00,0.00,0.00,0.00
9980042,Patnt,HrDom,Depl,25,0.00,0.00,1.00,4.00,0.00,1.00,0.00,0.00,0.00,12.00,0.00,7.00,0.00,0.00,0.00,0.00
9980042,Patnt,SbSha,Depl,35,0.00,0.00,2.00,22.00,0.00,0.00,0.00,0.00,0.00,0.00,0.00,0.00,0.00,0.00,0.00,0.00
9980043,3w,HrdMw,Depl,25,0.00,0.00,2.00,6.00,1.00,2.00,0.00,0.00,0.00,7.00,0.00,7.00,0.00,0.00,0.00,0.00
9980043,3w,SbDee,Depl,35,0.00,0.00,1.00,22.00,0.00,0.00,0.00,0.00,0.00,0.00,0.00,0.00,0.00,0.00,0.00,0.00
9980043,Patnt,HrdMw,Depl,25,0.00,0.00,2.00,6.00,1.00,2.00,0.00,0.00,0.00,7.00,0.00,7.00,0.00,0.00,0.00,0.00
9980043,Patnt,SbDee,Depl,35,0.00,0.00,1.00,22.00,0.00,0.00,0.00,0.00,0.00,0.00,0.00,0.00,0.00,0.00,0.00,0.00
9980044,3w,ConMx,Depl,25,0.00,0.00,4.00,10.00,0.00,2.00,0.00,0.00,0.00,4.00,0.00,4.00,0.00,0.00,0.00,0.00
9980044,3w,PjSha,Depl,35,0.00,0.00,20.00,3.00,0.00,0.00,0.00,0.00,0.00,1.00,0.00,1.00,0.00,0.00,0.00,0.00
9980044,Patnt,ConMx,Depl,25,0.00,0.00,4.00,10.00,0.00,2.00,0.00,0.00,0.00,4.00,0.00,4.00,0.00,0.00,0.00,0.00
9980044,Patnt,PjSha,Depl,35,0.00,0.00,20.00,3.00,0.00,0.00,0.00,0.00,0.00,1.00,0.00,1.00,0.00,0.00,0.00,0.00
9980045,3w,PjDee,Depl,35,0.00,0.00,21.00,2.00,0.00,0.00,0.00,0.00,0.00,1.00,0.00,0.00,0.00,0.00,0.00,0.00
9980045,Patnt,PjDee,Depl,35,0.00,0.00,21.00,2.00,0.00,0.00,0.00,0.00,0.00,1.00,0.00,0.00,0.00,0.00,0.00,0.00
9980046,3w,PoDom,Depl,35,0.00,0.00,1.00,2.00,0.00,0.00,0.00,0.00,0.00,20.00,0.00,2.00,0.00,0.00,0.00,0.00
9980046,3w,PwDom,Depl,45,12.00,0.00,0.00,3.00,0.00,2.00,0.00,0.00,0.00,2.00,0.00,4.00,0.00,0.00,0.00,0.00
9980046,Patnt,PoDom,Depl,35,0.00,0.00,1.00,2.00,0.00,0.00,0.00,0.00,0.00,20.00,0.00,2.00,0.00,0.00,0.00,0.00
9980046,Patnt,PwDom,Depl,45,12.00,0.00,0.00,3.00,0.00,2.00,0.00,0.00,0.00,2.00,0.00,4.00,0.00,0.00,0.00,0.00
9980047,3w,BwDom,Depl,35,0.00,0.00,0.00,4.00,0.00,1.00,0.00,0.00,0.00,2.00,0.00,18.00,0.00,0.00,0.00,0.00
9980047,3w,PrDom,Depl,45,0.00,23.00,0.00,1.00,0.00,0.00,0.00,0.00,0.00,0.00,0.00,0.00,0.00,0.00,0.00,0.00
9980047,Patnt,BwDom,Depl,35,0.00,0.00,0.00,4.00,0.00,1.00,0.00,0.00,0.00,2.00,0.00,18.00,0.00,0.00,0.00,0.00
9980047,Patnt,PrDom,Depl,45,0.00,23.00,0.00,1.00,0.00,0.00,0.00,0.00,0.00,0.00,0.00,0.00,0.00,0.00,0.00,0.00
9980048,3w,PrwMx,Depl,45,1.00,12.00,4.00,5.00,0.00,1.00,0.00,0.00,0.00,2.00,0.00,1.00,0.00,0.00,0.00,0.00
9980048,3w,TolHd,Depl,35,0.00,0.00,0.00,3.00,1.00,0.00,1.00,0.00,0.00,3.00,0.00,3.00,0.00,0.00,0.00,14.00
9980048,Patnt,PrwMx,Depl,45,1.00,12.00,4.00,5.00,0.00,1.00,0.00,0.00,0.00,2.00,0.00,1.00,0.00,0.00,0.00,0.00
9980048,Patnt,TolHd,Depl,35,0.00,0.00,0.00,3.00,1.00,0.00,1.00,0.00,0.00,3.00,0.00,3.00,0.00,0.00,0.00,14.00
9980049,3w,SbMx1,Depl,35,0.00,0.00,6.00,14.00,1.00,1.00,0.00,0.00,0.00,2.00,0.00,1.00,0.00,0.00,0.00,0.00
9980049,3w,UplCe,Depl,45,0.00,0.00,0.00,4.00,1.00,1.00,14.00,0.00,0.00,1.00,0.00,3.00,0.00,0.00,0.00,0.00
9980049,Patnt,SbMx1,Depl,35,0.00,0.00,6.00,14.00,1.00,1.00,0.00,0.00,0.00,2.00,0.00,1.00,0.00,0.00,0.00,0.00
9980049,Patnt,UplCe,Depl,45,0.00,0.00,0.00,4.00,1.00,1.00,14.00,0.00,0.00,1.00,0.00,3.00,0.00,0.00,0.00,0.00
9980050,3w,OCLow,Depl,45,0.00,0.00,0.00,8.00,0.00,0.00,8.00,9.00,0.00,0.00,0.00,0.00,0.00,0.00,0.00,0.00
9980050,3w,PjMx1,Depl,35,0.00,0.00,14.00,8.00,0.00,0.00,0.00,0.00,0.00,2.00,0.00,1.00,0.00,0.00,0.00,0.00
9980050,Patnt,OCLow,Depl,45,0.00,0.00,0.00,8.00,0.00,0.00,8.00,9.00,0.00,0.00,0.00,0.00,0.00,0.00,0.00,0.00
9980050,Patnt,PjMx1,Depl,35,0.00,0.00,14.00,8.00,0.00,0.00,0.00,0.00,0.00,2.00,0.00,1.00,0.00,0.00,0.00,0.00
9980051,3w,BfMx,Depl,35,0.00,0.00,0.00,8.00,2.00,11.00,0.00,0.00,0.00,1.00,0.00,3.00,0.00,0.00,0.00,0.00
9980051,3w,SbLow,Depl,45,0.00,0.00,0.00,22.00,0.00,0.00,1.00,2.00,0.00,0.00,0.00,0.00,0.00,0.00,0.00,0.00
9980051,Patnt,BfMx,Depl,35,0.00,0.00,0.00,8.00,2.00,11.00,0.00,0.00,0.00,1.00,0.00,3.00,0.00,0.00,0.00,0.00
9980051,Patnt,SbLow,Depl,45,0.00,0.00,0.00,22.00,0.00,0.00,1.00,2.00,0.00,0.00,0.00,0.00,0.00,0.00,0.00,0.00
9980052,3w,HrDom,Depl,35,0.00,0.00,1.00,4.00,0.00,1.00,0.00,0.00,0.00,12.00,0.00,7.00,0.00,0.00,0.00,0.00
9980052,3w,SbSha,Depl,45,0.00,0.00,2.00,22.00,0.00,0.00,0.00,0.00,0.00,0.00,0.00,0.00,0.00,0.00,0.00,0.00
9980052,Patnt,HrDom,Depl,35,0.00,0.00,1.00,4.00,0.00,1.00,0.00,0.00,0.00,12.00,0.00,7.00,0.00,0.00,0.00,0.00
9980052,Patnt,SbSha,Depl,45,0.00,0.00,2.00,22.00,0.00,0.00,0.00,0.00,0.00,0.00,0.00,0.00,0.00,0.00,0.00,0.00
9980053,3w,HrdMw,Depl,35,0.00,0.00,2.00,6.00,1.00,2.00,0.00,0.00,0.00,7.00,0.00,7.00,0.00,0.00,0.00,0.00
9980053,3w,SbDee,Depl,45,0.00,0.00,1.00,22.00,0.00,0.00,0.00,0.00,0.00,0.00,0.00,0.00,0.00,0.00,0.00,0.00
9980053,Patnt,HrdMw,Depl,35,0.00,0.00,2.00,6.00,1.00,2.00,0.00,0.00,0.00,7.00,0.00,7.00,0.00,0.00,0.00,0.00
9980053,Patnt,SbDee,Depl,45,0.00,0.00,1.00,22.00,0.00,0.00,0.00,0.00,0.00,0.00,0.00,0.00,0.00,0.00,0.00,0.00
9980054,3w,ConMx,Depl,35,0.00,0.00,4.00,10.00,0.00,2.00,0.00,0.00,0.00,4.00,0.00,4.00,0.00,0.00,0.00,0.00
9980054,3w,PjSha,Depl,45,0.00,0.00,20.00,3.00,0.00,0.00,0.00,0.00,0.00,1.00,0.00,1.00,0.00,0.00,0.00,0.00
9980054,Patnt,ConMx,Depl,35,0.00,0.00,4.00,10.00,0.00,2.00,0.00,0.00,0.00,4.00,0.00,4.00,0.00,0.00,0.00,0.00
9980054,Patnt,PjSha,Depl,45,0.00,0.00,20.00,3.00,0.00,0.00,0.00,0.00,0.00,1.00,0.00,1.00,0.00,0.00,0.00,0.00
9980055,3w,PjDee,Depl,45,0.00,0.00,21.00,2.00,0.00,0.00,0.00,0.00,0.00,1.00,0.00,0.00,0.00,0.00,0.00,0.00
9980055,Patnt,PjDee,Depl,45,0.00,0.00,21.00,2.00,0.00,0.00,0.00,0.00,0.00,1.00,0.00,0.00,0.00,0.00,0.00,0.00
9980056,3w,PoDom,Depl,45,0.00,0.00,1.00,2.00,0.00,0.00,0.00,0.00,0.00,20.00,0.00,2.00,0.00,0.00,0.00,0.00
9980056,3w,PwDom,Depl,55,12.00,0.00,0.00,3.00,0.00,2.00,0.00,0.00,0.00,2.00,0.00,4.00,0.00,0.00,0.00,0.00
9980056,Patnt,PoDom,Depl,45,0.00,0.00,1.00,2.00,0.00,0.00,0.00,0.00,0.00,20.00,0.00,2.00,0.00,0.00,0.00,0.00
9980056,Patnt,PwDom,Depl,55,12.00,0.00,0.00,3.00,0.00,2.00,0.00,0.00,0.00,2.00,0.00,4.00,0.00,0.00,0.00,0.00
9980057,3w,BwDom,Depl,45,0.00,0.00,0.00,4.00,0.00,1.00,0.00,0.00,0.00,2.00,0.00,18.00,0.00,0.00,0.00,0.00
9980057,3w,PrDom,Depl,55,0.00,23.00,0.00,1.00,0.00,0.00,0.00,0.00,0.00,0.00,0.00,0.00,0.00,0.00,0.00,0.00
9980057,Patnt,BwDom,Depl,45,0.00,0.00,0.00,4.00,0.00,1.00,0.00,0.00,0.00,2.00,0.00,18.00,0.00,0.00,0.00,0.00
9980057,Patnt,PrDom,Depl,55,0.00,23.00,0.00,1.00,0.00,0.00,0.00,0.00,0.00,0.00,0.00,0.00,0.00,0.00,0.00,0.00
9980058,3w,PrwMx,Depl,55,1.00,12.00,4.00,5.00,0.00,1.00,0.00,0.00,0.00,2.00,0.00,1.00,0.00,0.00,0.00,0.00
9980058,3w,TolHd,Depl,45,0.00,0.00,0.00,3.00,1.00,0.00,1.00,0.00,0.00,3.00,0.00,3.00,0.00,0.00,0.00,14.00
9980058,Patnt,PrwMx,Depl,55,1.00,12.00,4.00,5.00,0.00,1.00,0.00,0.00,0.00,2.00,0.00,1.00,0.00,0.00,0.00,0.00
9980058,Patnt,TolHd,Depl,45,0.00,0.00,0.00,3.00,1.00,0.00,1.00,0.00,0.00,3.00,0.00,3.00,0.00,0.00,0.00,14.00
9980059,3w,SbMx1,Depl,45,0.00,0.00,6.00,14.00,1.00,1.00,0.00,0.00,0.00,2.00,0.00,1.00,0.00,0.00,0.00,0.00
9980059,3w,UplCe,Depl,55,0.00,0.00,0.00,4.00,1.00,1.00,14.00,0.00,0.00,1.00,0.00,3.00,0.00,0.00,0.00,0.00
9980059,Patnt,SbMx1,Depl,45,0.00,0.00,6.00,14.00,1.00,1.00,0.00,0.00,0.00,2.00,0.00,1.00,0.00,0.00,0.00,0.00
9980059,Patnt,UplCe,Depl,55,0.00,0.00,0.00,4.00,1.00,1.00,14.00,0.00,0.00,1.00,0.00,3.00,0.00,0.00,0.00,0.00
9980060,3w,OCLow,Depl,55,0.00,0.00,0.00,8.00,0.00,0.00,8.00,9.00,0.00,0.00,0.00,0.00,0.00,0.00,0.00,0.00
9980060,3w,PjMx1,Depl,45,0.00,0.00,14.00,8.00,0.00,0.00,0.00,0.00,0.00,2.00,0.00,1.00,0.00,0.00,0.00,0.00
9980060,Patnt,OCLow,Depl,55,0.00,0.00,0.00,8.00,0.00,0.00,8.00,9.00,0.00,0.00,0.00,0.00,0.00,0.00,0.00,0.00
9980060,Patnt,PjMx1,Depl,45,0.00,0.00,14.00,8.00,0.00,0.00,0.00,0.00,0.00,2.00,0.00,1.00,0.00,0.00,0.00,0.00
9980061,3w,BfMx,Depl,45,0.00,0.00,0.00,8.00,2.00,11.00,0.00,0.00,0.00,1.00,0.00,3.00,0.00,0.00,0.00,0.00
9980061,3w,SbLow,Depl,55,0.00,0.00,0.00,22.00,0.00,0.00,1.00,2.00,0.00,0.00,0.00,0.00,0.00,0.00,0.00,0.00
9980061,Patnt,BfMx,Depl,45,0.00,0.00,0.00,8.00,2.00,11.00,0.00,0.00,0.00,1.00,0.00,3.00,0.00,0.00,0.00,0.00
9980061,Patnt,SbLow,Depl,55,0.00,0.00,0.00,22.00,0.00,0.00,1.00,2.00,0.00,0.00,0.00,0.00,0.00,0.00,0.00,0.00
9980062,3w,HrDom,Depl,45,0.00,0.00,1.00,4.00,0.00,1.00,0.00,0.00,0.00,12.00,0.00,7.00,0.00,0.00,0.00,0.00
9980062,3w,SbSha,Depl,55,0.00,0.00,2.00,22.00,0.00,0.00,0.00,0.00,0.00,0.00,0.00,0.00,0.00,0.00,0.00,0.00
9980062,Patnt,HrDom,Depl,45,0.00,0.00,1.00,4.00,0.00,1.00,0.00,0.00,0.00,12.00,0.00,7.00,0.00,0.00,0.00,0.00
9980062,Patnt,SbSha,Depl,55,0.00,0.00,2.00,22.00,0.00,0.00,0.00,0.00,0.00,0.00,0.00,0.00,0.00,0.00,0.00,0.00
9980063,3w,HrdMw,Depl,45,0.00,0.00,2.00,6.00,1.00,2.00,0.00,0.00,0.00,7.00,0.00,7.00,0.00,0.00,0.00,0.00
9980063,3w,SbDee,Depl,55,0.00,0.00,1.00,22.00,0.00,0.00,0.00,0.00,0.00,0.00,0.00,0.00,0.00,0.00,0.00,0.00
9980063,Patnt,HrdMw,Depl,45,0.00,0.00,2.00,6.00,1.00,2.00,0.00,0.00,0.00,7.00,0.00,7.00,0.00,0.00,0.00,0.00
9980063,Patnt,SbDee,Depl,55,0.00,0.00,1.00,22.00,0.00,0.00,0.00,0.00,0.00,0.00,0.00,0.00,0.00,0.00,0.00,0.00
9980064,3w,ConMx,Depl,45,0.00,0.00,4.00,10.00,0.00,2.00,0.00,0.00,0.00,4.00,0.00,4.00,0.00,0.00,0.00,0.00
9980064,3w,PjSha,Depl,55,0.00,0.00,20.00,3.00,0.00,0.00,0.00,0.00,0.00,1.00,0.00,1.00,0.00,0.00,0.00,0.00
9980064,Patnt,ConMx,Depl,45,0.00,0.00,4.00,10.00,0.00,2.00,0.00,0.00,0.00,4.00,0.00,4.00,0.00,0.00,0.00,0.00
9980064,Patnt,PjSha,Depl,55,0.00,0.00,20.00,3.00,0.00,0.00,0.00,0.00,0.00,1.00,0.00,1.00,0.00,0.00,0.00,0.00
9980065,3w,PjDee,Depl,55,0.00,0.00,21.00,2.00,0.00,0.00,0.00,0.00,0.00,1.00,0.00,0.00,0.00,0.00,0.00,0.00
9980065,Patnt,PjDee,Depl,55,0.00,0.00,21.00,2.00,0.00,0.00,0.00,0.00,0.00,1.00,0.00,0.00,0.00,0.00,0.00,0.00
9980066,3w,PoDom,Depl,55,0.00,0.00,1.00,2.00,0.00,0.00,0.00,0.00,0.00,20.00,0.00,2.00,0.00,0.00,0.00,0.00
9980066,3w,PwDom,Depl,65,12.00,0.00,0.00,3.00,0.00,2.00,0.00,0.00,0.00,2.00,0.00,4.00,0.00,0.00,0.00,0.00
9980066,Patnt,PoDom,Depl,55,0.00,0.00,1.00,2.00,0.00,0.00,0.00,0.00,0.00,20.00,0.00,2.00,0.00,0.00,0.00,0.00
9980066,Patnt,PwDom,Depl,65,12.00,0.00,0.00,3.00,0.00,2.00,0.00,0.00,0.00,2.00,0.00,4.00,0.00,0.00,0.00,0.00
9980067,3w,BwDom,Depl,55,0.00,0.00,0.00,4.00,0.00,1.00,0.00,0.00,0.00,2.00,0.00,18.00,0.00,0.00,0.00,0.00
9980067,3w,PrDom,Depl,65,0.00,23.00,0.00,1.00,0.00,0.00,0.00,0.00,0.00,0.00,0.00,0.00,0.00,0.00,0.00,0.00
9980067,Patnt,BwDom,Depl,55,0.00,0.00,0.00,4.00,0.00,1.00,0.00,0.00,0.00,2.00,0.00,18.00,0.00,0.00,0.00,0.00
9980067,Patnt,PrDom,Depl,65,0.00,23.00,0.00,1.00,0.00,0.00,0.00,0.00,0.00,0.00,0.00,0.00,0.00,0.00,0.00,0.00
9980068,3w,PrwMx,Depl,65,1.00,12.00,4.00,5.00,0.00,1.00,0.00,0.00,0.00,2.00,0.00,1.00,0.00,0.00,0.00,0.00
9980068,3w,TolHd,Depl,55,0.00,0.00,0.00,3.00,1.00,0.00,1.00,0.00,0.00,3.00,0.00,3.00,0.00,0.00,0.00,14.00
9980068,Patnt,PrwMx,Depl,65,1.00,12.00,4.00,5.00,0.00,1.00,0.00,0.00,0.00,2.00,0.00,1.00,0.00,0.00,0.00,0.00
9980068,Patnt,TolHd,Depl,55,0.00,0.00,0.00,3.00,1.00,0.00,1.00,0.00,0.00,3.00,0.00,3.00,0.00,0.00,0.00,14.00
9980069,3w,SbMx1,Depl,55,0.00,0.00,6.00,14.00,1.00,1.00,0.00,0.00,0.00,2.00,0.00,1.00,0.00,0.00,0.00,0.00
9980069,3w,UplCe,Depl,65,0.00,0.00,0.00,4.00,1.00,1.00,14.00,0.00,0.00,1.00,0.00,3.00,0.00,0.00,0.00,0.00
9980069,Patnt,SbMx1,Depl,55,0.00,0.00,6.00,14.00,1.00,1.00,0.00,0.00,0.00,2.00,0.00,1.00,0.00,0.00,0.00,0.00
9980069,Patnt,UplCe,Depl,65,0.00,0.00,0.00,4.00,1.00,1.00,14.00,0.00,0.00,1.00,0.00,3.00,0.00,0.00,0.00,0.00
9980070,3w,OCLow,Depl,65,0.00,0.00,0.00,8.00,0.00,0.00,8.00,9.00,0.00,0.00,0.00,0.00,0.00,0.00,0.00,0.00
9980070,3w,PjMx1,Depl,55,0.00,0.00,14.00,8.00,0.00,0.00,0.00,0.00,0.00,2.00,0.00,1.00,0.00,0.00,0.00,0.00
9980070,Patnt,OCLow,Depl,65,0.00,0.00,0.00,8.00,0.00,0.00,8.00,9.00,0.00,0.00,0.00,0.00,0.00,0.00,0.00,0.00
9980070,Patnt,PjMx1,Depl,55,0.00,0.00,14.00,8.00,0.00,0.00,0.00,0.00,0.00,2.00,0.00,1.00,0.00,0.00,0.00,0.00
9980071,3w,BfMx,Depl,55,0.00,0.00,0.00,8.00,2.00,11.00,0.00,0.00,0.00,1.00,0.00,3.00,0.00,0.00,0.00,0.00
9980071,3w,SbLow,Depl,65,0.00,0.00,0.00,22.00,0.00,0.00,1.00,2.00,0.00,0.00,0.00,0.00,0.00,0.00,0.00,0.00
9980071,Patnt,BfMx,Depl,55,0.00,0.00,0.00,8.00,2.00,11.00,0.00,0.00,0.00,1.00,0.00,3.00,0.00,0.00,0.00,0.00
9980071,Patnt,SbLow,Depl,65,0.00,0.00,0.00,22.00,0.00,0.00,1.00,2.00,0.00,0.00,0.00,0.00,0.00,0.00,0.00,0.00
9980072,3w,HrDom,Depl,55,0.00,0.00,1.00,4.00,0.00,1.00,0.00,0.00,0.00,12.00,0.00,7.00,0.00,0.00,0.00,0.00
9980072,3w,SbSha,Depl,65,0.00,0.00,2.00,22.00,0.00,0.00,0.00,0.00,0.00,0.00,0.00,0.00,0.00,0.00,0.00,0.00
9980072,Patnt,HrDom,Depl,55,0.00,0.00,1.00,4.00,0.00,1.00,0.00,0.00,0.00,12.00,0.00,7.00,0.00,0.00,0.00,0.00
9980072,Patnt,SbSha,Depl,65,0.00,0.00,2.00,22.00,0.00,0.00,0.00,0.00,0.00,0.00,0.00,0.00,0.00,0.00,0.00,0.00
9980073,3w,HrdMw,Depl,55,0.00,0.00,2.00,6.00,1.00,2.00,0.00,0.00,0.00,7.00,0.00,7.00,0.00,0.00,0.00,0.00
9980073,3w,SbDee,Depl,65,0.00,0.00,1.00,22.00,0.00,0.00,0.00,0.00,0.00,0.00,0.00,0.00,0.00,0.00,0.00,0.00
9980073,Patnt,HrdMw,Depl,55,0.00,0.00,2.00,6.00,1.00,2.00,0.00,0.00,0.00,7.00,0.00,7.00,0.00,0.00,0.00,0.00
9980073,Patnt,SbDee,Depl,65,0.00,0.00,1.00,22.00,0.00,0.00,0.00,0.00,0.00,0.00,0.00,0.00,0.00,0.00,0.00,0.00
9980074,3w,ConMx,Depl,55,0.00,0.00,4.00,10.00,0.00,2.00,0.00,0.00,0.00,4.00,0.00,4.00,0.00,0.00,0.00,0.00
9980074,3w,PjSha,Depl,65,0.00,0.00,20.00,3.00,0.00,0.00,0.00,0.00,0.00,1.00,0.00,1.00,0.00,0.00,0.00,0.00
9980074,Patnt,ConMx,Depl,55,0.00,0.00,4.00,10.00,0.00,2.00,0.00,0.00,0.00,4.00,0.00,4.00,0.00,0.00,0.00,0.00
9980074,Patnt,PjSha,Depl,65,0.00,0.00,20.00,3.00,0.00,0.00,0.00,0.00,0.00,1.00,0.00,1.00,0.00,0.00,0.00,0.00
9980075,3w,PjDee,Depl,65,0.00,0.00,21.00,2.00,0.00,0.00,0.00,0.00,0.00,1.00,0.00,0.00,0.00,0.00,0.00,0.00
9980075,Patnt,PjDee,Depl,65,0.00,0.00,21.00,2.00,0.00,0.00,0.00,0.00,0.00,1.00,0.00,0.00,0.00,0.00,0.00,0.00
9980076,3w,PoDom,Depl,65,0.00,0.00,1.00,2.00,0.00,0.00,0.00,0.00,0.00,20.00,0.00,2.00,0.00,0.00,0.00,0.00
9980076,3w,PwDom,Depl,75,12.00,0.00,0.00,3.00,0.00,2.00,0.00,0.00,0.00,2.00,0.00,4.00,0.00,0.00,0.00,0.00
9980076,Patnt,PoDom,Depl,65,0.00,0.00,1.00,2.00,0.00,0.00,0.00,0.00,0.00,20.00,0.00,2.00,0.00,0.00,0.00,0.00
9980076,Patnt,PwDom,Depl,75,12.00,0.00,0.00,3.00,0.00,2.00,0.00,0.00,0.00,2.00,0.00,4.00,0.00,0.00,0.00,0.00
9980077,3w,BwDom,Depl,65,0.00,0.00,0.00,4.00,0.00,1.00,0.00,0.00,0.00,2.00,0.00,18.00,0.00,0.00,0.00,0.00
9980077,3w,PrDom,Depl,75,0.00,23.00,0.00,1.00,0.00,0.00,0.00,0.00,0.00,0.00,0.00,0.00,0.00,0.00,0.00,0.00
9980077,Patnt,BwDom,Depl,65,0.00,0.00,0.00,4.00,0.00,1.00,0.00,0.00,0.00,2.00,0.00,18.00,0.00,0.00,0.00,0.00
9980077,Patnt,PrDom,Depl,75,0.00,23.00,0.00,1.00,0.00,0.00,0.00,0.00,0.00,0.00,0.00,0.00,0.00,0.00,0.00,0.00
9980078,3w,PrwMx,Depl,75,1.00,12.00,4.00,5.00,0.00,1.00,0.00,0.00,0.00,2.00,0.00,1.00,0.00,0.00,0.00,0.00
9980078,3w,TolHd,Depl,65,0.00,0.00,0.00,3.00,1.00,0.00,1.00,0.00,0.00,3.00,0.00,3.00,0.00,0.00,0.00,14.00
9980078,Patnt,PrwMx,Depl,75,1.00,12.00,4.00,5.00,0.00,1.00,0.00,0.00,0.00,2.00,0.00,1.00,0.00,0.00,0.00,0.00
9980078,Patnt,TolHd,Depl,65,0.00,0.00,0.00,3.00,1.00,0.00,1.00,0.00,0.00,3.00,0.00,3.00,0.00,0.00,0.00,14.00
9980079,3w,SbMx1,Depl,65,0.00,0.00,6.00,14.00,1.00,1.00,0.00,0.00,0.00,2.00,0.00,1.00,0.00,0.00,0.00,0.00
9980079,3w,UplCe,Depl,75,0.00,0.00,0.00,4.00,1.00,1.00,14.00,0.00,0.00,1.00,0.00,3.00,0.00,0.00,0.00,0.00
9980079,Patnt,SbMx1,Depl,65,0.00,0.00,6.00,14.00,1.00,1.00,0.00,0.00,0.00,2.00,0.00,1.00,0.00,0.00,0.00,0.00
9980079,Patnt,UplCe,Depl,75,0.00,0.00,0.00,4.00,1.00,1.00,14.00,0.00,0.00,1.00,0.00,3.00,0.00,0.00,0.00,0.00
9980080,3w,OCLow,Depl,75,0.00,0.00,0.00,8.00,0.00,0.00,8.00,9.00,0.00,0.00,0.00,0.00,0.00,0.00,0.00,0.00
9980080,3w,PjMx1,Depl,65,0.00,0.00,14.00,8.00,0.00,0.00,0.00,0.00,0.00,2.00,0.00,1.00,0.00,0.00,0.00,0.00
9980080,Patnt,OCLow,Depl,75,0.00,0.00,0.00,8.00,0.00,0.00,8.00,9.00,0.00,0.00,0.00,0.00,0.00,0.00,0.00,0.00
9980080,Patnt,PjMx1,Depl,65,0.00,0.00,14.00,8.00,0.00,0.00,0.00,0.00,0.00,2.00,0.00,1.00,0.00,0.00,0.00,0.00
9980081,3w,BfMx,Depl,65,0.00,0.00,0.00,8.00,2.00,11.00,0.00,0.00,0.00,1.00,0.00,3.00,0.00,0.00,0.00,0.00
9980081,3w,SbLow,Depl,75,0.00,0.00,0.00,22.00,0.00,0.00,1.00,2.00,0.00,0.00,0.00,0.00,0.00,0.00,0.00,0.00
9980081,Patnt,BfMx,Depl,65,0.00,0.00,0.00,8.00,2.00,11.00,0.00,0.00,0.00,1.00,0.00,3.00,0.00,0.00,0.00,0.00
9980081,Patnt,SbLow,Depl,75,0.00,0.00,0.00,22.00,0.00,0.00,1.00,2.00,0.00,0.00,0.00,0.00,0.00,0.00,0.00,0.00
9980082,3w,HrDom,Depl,65,0.00,0.00,1.00,4.00,0.00,1.00,0.00,0.00,0.00,12.00,0.00,7.00,0.00,0.00,0.00,0.00
9980082,3w,SbSha,Depl,75,0.00,0.00,2.00,22.00,0.00,0.00,0.00,0.00,0.00,0.00,0.00,0.00,0.00,0.00,0.00,0.00
9980082,Patnt,HrDom,Depl,65,0.00,0.00,1.00,4.00,0.00,1.00,0.00,0.00,0.00,12.00,0.00,7.00,0.00,0.00,0.00,0.00
9980082,Patnt,SbSha,Depl,75,0.00,0.00,2.00,22.00,0.00,0.00,0.00,0.00,0.00,0.00,0.00,0.00,0.00,0.00,0.00,0.00
9980083,3w,HrdMw,Depl,65,0.00,0.00,2.00,6.00,1.00,2.00,0.00,0.00,0.00,7.00,0.00,7.00,0.00,0.00,0.00,0.00
9980083,3w,SbDee,Depl,75,0.00,0.00,1.00,22.00,0.00,0.00,0.00,0.00,0.00,0.00,0.00,0.00,0.00,0.00,0.00,0.00
9980083,Patnt,HrdMw,Depl,65,0.00,0.00,2.00,6.00,1.00,2.00,0.00,0.00,0.00,7.00,0.00,7.00,0.00,0.00,0.00,0.00
9980083,Patnt,SbDee,Depl,75,0.00,0.00,1.00,22.00,0.00,0.00,0.00,0.00,0.00,0.00,0.00,0.00,0.00,0.00,0.00,0.00
9980084,3w,ConMx,Depl,65,0.00,0.00,4.00,10.00,0.00,2.00,0.00,0.00,0.00,4.00,0.00,4.00,0.00,0.00,0.00,0.00
9980084,3w,PjSha,Depl,75,0.00,0.00,20.00,3.00,0.00,0.00,0.00,0.00,0.00,1.00,0.00,1.00,0.00,0.00,0.00,0.00
9980084,Patnt,ConMx,Depl,65,0.00,0.00,4.00,10.00,0.00,2.00,0.00,0.00,0.00,4.00,0.00,4.00,0.00,0.00,0.00,0.00
9980084,Patnt,PjSha,Depl,75,0.00,0.00,20.00,3.00,0.00,0.00,0.00,0.00,0.00,1.00,0.00,1.00,0.00,0.00,0.00,0.00
9980085,3w,PjDee,Depl,75,0.00,0.00,21.00,2.00,0.00,0.00,0.00,0.00,0.00,1.00,0.00,0.00,0.00,0.00,0.00,0.00
9980085,Patnt,PjDee,Depl,75,0.00,0.00,21.00,2.00,0.00,0.00,0.00,0.00,0.00,1.00,0.00,0.00,0.00,0.00,0.00,0.00
9980086,3w,PoDom,Depl,75,0.00,0.00,1.00,2.00,0.00,0.00,0.00,0.00,0.00,20.00,0.00,2.00,0.00,0.00,0.00,0.00
9980086,3w,PwDom,Depl,85,12.00,0.00,0.00,3.00,0.00,2.00,0.00,0.00,0.00,2.00,0.00,4.00,0.00,0.00,0.00,0.00
9980086,Patnt,PoDom,Depl,75,0.00,0.00,1.00,2.00,0.00,0.00,0.00,0.00,0.00,20.00,0.00,2.00,0.00,0.00,0.00,0.00
9980086,Patnt,PwDom,Depl,85,12.00,0.00,0.00,3.00,0.00,2.00,0.00,0.00,0.00,2.00,0.00,4.00,0.00,0.00,0.00,0.00
9980087,3w,BwDom,Depl,75,0.00,0.00,0.00,4.00,0.00,1.00,0.00,0.00,0.00,2.00,0.00,18.00,0.00,0.00,0.00,0.00
9980087,3w,PrDom,Depl,85,0.00,23.00,0.00,1.00,0.00,0.00,0.00,0.00,0.00,0.00,0.00,0.00,0.00,0.00,0.00,0.00
9980087,Patnt,BwDom,Depl,75,0.00,0.00,0.00,4.00,0.00,1.00,0.00,0.00,0.00,2.00,0.00,18.00,0.00,0.00,0.00,0.00
9980087,Patnt,PrDom,Depl,85,0.00,23.00,0.00,1.00,0.00,0.00,0.00,0.00,0.00,0.00,0.00,0.00,0.00,0.00,0.00,0.00
9980088,3w,PrwMx,Depl,85,1.00,12.00,4.00,5.00,0.00,1.00,0.00,0.00,0.00,2.00,0.00,1.00,0.00,0.00,0.00,0.00
9980088,3w,TolHd,Depl,75,0.00,0.00,0.00,3.00,1.00,0.00,1.00,0.00,0.00,3.00,0.00,3.00,0.00,0.00,0.00,14.00
9980088,Patnt,PrwMx,Depl,85,1.00,12.00,4.00,5.00,0.00,1.00,0.00,0.00,0.00,2.00,0.00,1.00,0.00,0.00,0.00,0.00
9980088,Patnt,TolHd,Depl,75,0.00,0.00,0.00,3.00,1.00,0.00,1.00,0.00,0.00,3.00,0.00,3.00,0.00,0.00,0.00,14.00
9980089,3w,SbMx1,Depl,75,0.00,0.00,6.00,14.00,1.00,1.00,0.00,0.00,0.00,2.00,0.00,1.00,0.00,0.00,0.00,0.00
9980089,3w,UplCe,Depl,85,0.00,0.00,0.00,4.00,1.00,1.00,14.00,0.00,0.00,1.00,0.00,3.00,0.00,0.00,0.00,0.00
9980089,Patnt,SbMx1,Depl,75,0.00,0.00,6.00,14.00,1.00,1.00,0.00,0.00,0.00,2.00,0.00,1.00,0.00,0.00,0.00,0.00
9980089,Patnt,UplCe,Depl,85,0.00,0.00,0.00,4.00,1.00,1.00,14.00,0.00,0.00,1.00,0.00,3.00,0.00,0.00,0.00,0.00
9980090,3w,OCLow,Depl,85,0.00,0.00,0.00,8.00,0.00,0.00,8.00,9.00,0.00,0.00,0.00,0.00,0.00,0.00,0.00,0.00
9980090,3w,PjMx1,Depl,75,0.00,0.00,14.00,8.00,0.00,0.00,0.00,0.00,0.00,2.00,0.00,1.00,0.00,0.00,0.00,0.00
9980090,Patnt,OCLow,Depl,85,0.00,0.00,0.00,8.00,0.00,0.00,8.00,9.00,0.00,0.00,0.00,0.00,0.00,0.00,0.00,0.00
9980090,Patnt,PjMx1,Depl,75,0.00,0.00,14.00,8.00,0.00,0.00,0.00,0.00,0.00,2.00,0.00,1.00,0.00,0.00,0.00,0.00
9980091,3w,BfMx,Depl,75,0.00,0.00,0.00,8.00,2.00,11.00,0.00,0.00,0.00,1.00,0.00,3.00,0.00,0.00,0.00,0.00
9980091,3w,SbLow,Depl,85,0.00,0.00,0.00,22.00,0.00,0.00,1.00,2.00,0.00,0.00,0.00,0.00,0.00,0.00,0.00,0.00
9980091,Patnt,BfMx,Depl,75,0.00,0.00,0.00,8.00,2.00,11.00,0.00,0.00,0.00,1.00,0.00,3.00,0.00,0.00,0.00,0.00
9980091,Patnt,SbLow,Depl,85,0.00,0.00,0.00,22.00,0.00,0.00,1.00,2.00,0.00,0.00,0.00,0.00,0.00,0.00,0.00,0.00
9980092,3w,HrDom,Depl,75,0.00,0.00,1.00,4.00,0.00,1.00,0.00,0.00,0.00,12.00,0.00,7.00,0.00,0.00,0.00,0.00
9980092,3w,SbSha,Depl,85,0.00,0.00,2.00,22.00,0.00,0.00,0.00,0.00,0.00,0.00,0.00,0.00,0.00,0.00,0.00,0.00
9980092,Patnt,HrDom,Depl,75,0.00,0.00,1.00,4.00,0.00,1.00,0.00,0.00,0.00,12.00,0.00,7.00,0.00,0.00,0.00,0.00
9980092,Patnt,SbSha,Depl,85,0.00,0.00,2.00,22.00,0.00,0.00,0.00,0.00,0.00,0.00,0.00,0.00,0.00,0.00,0.00,0.00
9980093,3w,HrdMw,Depl,75,0.00,0.00,2.00,6.00,1.00,2.00,0.00,0.00,0.00,7.00,0.00,7.00,0.00,0.00,0.00,0.00
9980093,3w,SbDee,Depl,85,0.00,0.00,1.00,22.00,0.00,0.00,0.00,0.00,0.00,0.00,0.00,0.00,0.00,0.00,0.00,0.00
9980093,Patnt,HrdMw,Depl,75,0.00,0.00,2.00,6.00,1.00,2.00,0.00,0.00,0.00,7.00,0.00,7.00,0.00,0.00,0.00,0.00
9980093,Patnt,SbDee,Depl,85,0.00,0.00,1.00,22.00,0.00,0.00,0.00,0.00,0.00,0.00,0.00,0.00,0.00,0.00,0.00,0.00
9980094,3w,ConMx,Depl,75,0.00,0.00,4.00,10.00,0.00,2.00,0.00,0.00,0.00,4.00,0.00,4.00,0.00,0.00,0.00,0.00
9980094,3w,PjSha,Depl,85,0.00,0.00,20.00,3.00,0.00,0.00,0.00,0.00,0.00,1.00,0.00,1.00,0.00,0.00,0.00,0.00
9980094,Patnt,ConMx,Depl,75,0.00,0.00,4.00,10.00,0.00,2.00,0.00,0.00,0.00,4.00,0.00,4.00,0.00,0.00,0.00,0.00
9980094,Patnt,PjSha,Depl,85,0.00,0.00,20.00,3.00,0.00,0.00,0.00,0.00,0.00,1.00,0.00,1.00,0.00,0.00,0.00,0.00
9980095,3w,PjDee,Depl,85,0.00,0.00,21.00,2.00,0.00,0.00,0.00,0.00,0.00,1.00,0.00,0.00,0.00,0.00,0.00,0.00
9980095,Patnt,PjDee,Depl,85,0.00,0.00,21.00,2.00,0.00,0.00,0.00,0.00,0.00,1.00,0.00,0.00,0.00,0.00,0.00,0.00
9980096,3w,PoDom,Depl,85,0.00,0.00,1.00,2.00,0.00,0.00,0.00,0.00,0.00,20.00,0.00,2.00,0.00,0.00,0.00,0.00
9980096,3w,PwDom,Depl,95,12.00,0.00,0.00,3.00,0.00,2.00,0.00,0.00,0.00,2.00,0.00,4.00,0.00,0.00,0.00,0.00
9980096,Patnt,PoDom,Depl,85,0.00,0.00,1.00,2.00,0.00,0.00,0.00,0.00,0.00,20.00,0.00,2.00,0.00,0.00,0.00,0.00
9980096,Patnt,PwDom,Depl,95,12.00,0.00,0.00,3.00,0.00,2.00,0.00,0.00,0.00,2.00,0.00,4.00,0.00,0.00,0.00,0.00
9980097,3w,BwDom,Depl,85,0.00,0.00,0.00,4.00,0.00,1.00,0.00,0.00,0.00,2.00,0.00,18.00,0.00,0.00,0.00,0.00
9980097,3w,PrDom,Depl,95,0.00,23.00,0.00,1.00,0.00,0.00,0.00,0.00,0.00,0.00,0.00,0.00,0.00,0.00,0.00,0.00
9980097,Patnt,BwDom,Depl,85,0.00,0.00,0.00,4.00,0.00,1.00,0.00,0.00,0.00,2.00,0.00,18.00,0.00,0.00,0.00,0.00
9980097,Patnt,PrDom,Depl,95,0.00,23.00,0.00,1.00,0.00,0.00,0.00,0.00,0.00,0.00,0.00,0.00,0.00,0.00,0.00,0.00
9980098,3w,PrwMx,Depl,95,1.00,12.00,4.00,5.00,0.00,1.00,0.00,0.00,0.00,2.00,0.00,1.00,0.00,0.00,0.00,0.00
9980098,3w,TolHd,Depl,85,0.00,0.00,0.00,3.00,1.00,0.00,1.00,0.00,0.00,3.00,0.00,3.00,0.00,0.00,0.00,14.00
9980098,Patnt,PrwMx,Depl,95,1.00,12.00,4.00,5.00,0.00,1.00,0.00,0.00,0.00,2.00,0.00,1.00,0.00,0.00,0.00,0.00
9980098,Patnt,TolHd,Depl,85,0.00,0.00,0.00,3.00,1.00,0.00,1.00,0.00,0.00,3.00,0.00,3.00,0.00,0.00,0.00,14.00
9980099,3w,SbMx1,Depl,85,0.00,0.00,6.00,14.00,1.00,1.00,0.00,0.00,0.00,2.00,0.00,1.00,0.00,0.00,0.00,0.00
9980099,3w,UplCe,Depl,95,0.00,0.00,0.00,4.00,1.00,1.00,14.00,0.00,0.00,1.00,0.00,3.00,0.00,0.00,0.00,0.00
9980099,Patnt,SbMx1,Depl,85,0.00,0.00,6.00,14.00,1.00,1.00,0.00,0.00,0.00,2.00,0.00,1.00,0.00,0.00,0.00,0.00
9980099,Patnt,UplCe,Depl,95,0.00,0.00,0.00,4.00,1.00,1.00,14.00,0.00,0.00,1.00,0.00,3.00,0.00,0.00,0.00,0.00
9980100,3w,OCLow,Depl,95,0.00,0.00,0.00,8.00,0.00,0.00,8.00,9.00,0.00,0.00,0.00,0.00,0.00,0.00,0.00,0.00
9980100,3w,PjMx1,Depl,85,0.00,0.00,14.00,8.00,0.00,0.00,0.00,0.00,0.00,2.00,0.00,1.00,0.00,0.00,0.00,0.00
9980100,Patnt,OCLow,Depl,95,0.00,0.00,0.00,8.00,0.00,0.00,8.00,9.00,0.00,0.00,0.00,0.00,0.00,0.00,0.00,0.00
9980100,Patnt,PjMx1,Depl,85,0.00,0.00,14.00,8.00,0.00,0.00,0.00,0.00,0.00,2.00,0.00,1.00,0.00,0.00,0.00,0.00
9980101,3w,BfMx,Depl,85,0.00,0.00,0.00,8.00,2.00,11.00,0.00,0.00,0.00,1.00,0.00,3.00,0.00,0.00,0.00,0.00
9980101,3w,SbLow,Depl,95,0.00,0.00,0.00,22.00,0.00,0.00,1.00,2.00,0.00,0.00,0.00,0.00,0.00,0.00,0.00,0.00
9980101,Patnt,BfMx,Depl,85,0.00,0.00,0.00,8.00,2.00,11.00,0.00,0.00,0.00,1.00,0.00,3.00,0.00,0.00,0.00,0.00
9980101,Patnt,SbLow,Depl,95,0.00,0.00,0.00,22.00,0.00,0.00,1.00,2.00,0.00,0.00,0.00,0.00,0.00,0.00,0.00,0.00
9980102,3w,HrDom,Depl,85,0.00,0.00,1.00,4.00,0.00,1.00,0.00,0.00,0.00,12.00,0.00,7.00,0.00,0.00,0.00,0.00
9980102,3w,SbSha,Depl,95,0.00,0.00,2.00,22.00,0.00,0.00,0.00,0.00,0.00,0.00,0.00,0.00,0.00,0.00,0.00,0.00
9980102,Patnt,HrDom,Depl,85,0.00,0.00,1.00,4.00,0.00,1.00,0.00,0.00,0.00,12.00,0.00,7.00,0.00,0.00,0.00,0.00
9980102,Patnt,SbSha,Depl,95,0.00,0.00,2.00,22.00,0.00,0.00,0.00,0.00,0.00,0.00,0.00,0.00,0.00,0.00,0.00,0.00
9980103,3w,HrdMw,Depl,85,0.00,0.00,2.00,6.00,1.00,2.00,0.00,0.00,0.00,7.00,0.00,7.00,0.00,0.00,0.00,0.00
9980103,3w,SbDee,Depl,95,0.00,0.00,1.00,22.00,0.00,0.00,0.00,0.00,0.00,0.00,0.00,0.00,0.00,0.00,0.00,0.00
9980103,Patnt,HrdMw,Depl,85,0.00,0.00,2.00,6.00,1.00,2.00,0.00,0.00,0.00,7.00,0.00,7.00,0.00,0.00,0.00,0.00
9980103,Patnt,SbDee,Depl,95,0.00,0.00,1.00,22.00,0.00,0.00,0.00,0.00,0.00,0.00,0.00,0.00,0.00,0.00,0.00,0.00
9980104,3w,ConMx,Depl,85,0.00,0.00,4.00,10.00,0.00,2.00,0.00,0.00,0.00,4.00,0.00,4.00,0.00,0.00,0.00,0.00
9980104,3w,PjSha,Depl,95,0.00,0.00,20.00,3.00,0.00,0.00,0.00,0.00,0.00,1.00,0.00,1.00,0.00,0.00,0.00,0.00
9980104,Patnt,ConMx,Depl,85,0.00,0.00,4.00,10.00,0.00,2.00,0.00,0.00,0.00,4.00,0.00,4.00,0.00,0.00,0.00,0.00
9980104,Patnt,PjSha,Depl,95,0.00,0.00,20.00,3.00,0.00,0.00,0.00,0.00,0.00,1.00,0.00,1.00,0.00,0.00,0.00,0.00
9980105,3w,PjDee,Depl,95,0.00,0.00,21.00,2.00,0.00,0.00,0.00,0.00,0.00,1.00,0.00,0.00,0.00,0.00,0.00,0.00
9980105,Patnt,PjDee,Depl,95,0.00,0.00,21.00,2.00,0.00,0.00,0.00,0.00,0.00,1.00,0.00,0.00,0.00,0.00,0.00,0.00
9980106,3w,PoDom,Depl,95,0.00,0.00,1.00,2.00,0.00,0.00,0.00,0.00,0.00,20.00,0.00,2.00,0.00,0.00,0.00,0.00
9980106,3w,PwDom,Depl,105,12.00,0.00,0.00,3.00,0.00,2.00,0.00,0.00,0.00,2.00,0.00,4.00,0.00,0.00,0.00,0.00
9980106,Patnt,PoDom,Depl,95,0.00,0.00,1.00,2.00,0.00,0.00,0.00,0.00,0.00,20.00,0.00,2.00,0.00,0.00,0.00,0.00
9980106,Patnt,PwDom,Depl,105,12.00,0.00,0.00,3.00,0.00,2.00,0.00,0.00,0.00,2.00,0.00,4.00,0.00,0.00,0.00,0.00
9980107,3w,BwDom,Depl,95,0.00,0.00,0.00,4.00,0.00,1.00,0.00,0.00,0.00,2.00,0.00,18.00,0.00,0.00,0.00,0.00
9980107,3w,PrDom,Depl,105,0.00,23.00,0.00,1.00,0.00,0.00,0.00,0.00,0.00,0.00,0.00,0.00,0.00,0.00,0.00,0.00
9980107,Patnt,BwDom,Depl,95,0.00,0.00,0.00,4.00,0.00,1.00,0.00,0.00,0.00,2.00,0.00,18.00,0.00,0.00,0.00,0.00
9980107,Patnt,PrDom,Depl,105,0.00,23.00,0.00,1.00,0.00,0.00,0.00,0.00,0.00,0.00,0.00,0.00,0.00,0.00,0.00,0.00
9980108,3w,PrwMx,Depl,105,1.00,12.00,4.00,5.00,0.00,1.00,0.00,0.00,0.00,2.00,0.00,1.00,0.00,0.00,0.00,0.00
9980108,3w,TolHd,Depl,95,0.00,0.00,0.00,3.00,1.00,0.00,1.00,0.00,0.00,3.00,0.00,3.00,0.00,0.00,0.00,14.00
9980108,Patnt,PrwMx,Depl,105,1.00,12.00,4.00,5.00,0.00,1.00,0.00,0.00,0.00,2.00,0.00,1.00,0.00,0.00,0.00,0.00
9980108,Patnt,TolHd,Depl,95,0.00,0.00,0.00,3.00,1.00,0.00,1.00,0.00,0.00,3.00,0.00,3.00,0.00,0.00,0.00,14.00
9980109,3w,SbMx1,Depl,95,0.00,0.00,6.00,14.00,1.00,1.00,0.00,0.00,0.00,2.00,0.00,1.00,0.00,0.00,0.00,0.00
9980109,3w,UplCe,Depl,105,0.00,0.00,0.00,4.00,1.00,1.00,14.00,0.00,0.00,1.00,0.00,3.00,0.00,0.00,0.00,0.00
9980109,Patnt,SbMx1,Depl,95,0.00,0.00,6.00,14.00,1.00,1.00,0.00,0.00,0.00,2.00,0.00,1.00,0.00,0.00,0.00,0.00
9980109,Patnt,UplCe,Depl,105,0.00,0.00,0.00,4.00,1.00,1.00,14.00,0.00,0.00,1.00,0.00,3.00,0.00,0.00,0.00,0.00
9980110,3w,OCLow,Depl,105,0.00,0.00,0.00,8.00,0.00,0.00,8.00,9.00,0.00,0.00,0.00,0.00,0.00,0.00,0.00,0.00
9980110,3w,PjMx1,Depl,95,0.00,0.00,14.00,8.00,0.00,0.00,0.00,0.00,0.00,2.00,0.00,1.00,0.00,0.00,0.00,0.00
9980110,Patnt,OCLow,Depl,105,0.00,0.00,0.00,8.00,0.00,0.00,8.00,9.00,0.00,0.00,0.00,0.00,0.00,0.00,0.00,0.00
9980110,Patnt,PjMx1,Depl,95,0.00,0.00,14.00,8.00,0.00,0.00,0.00,0.00,0.00,2.00,0.00,1.00,0.00,0.00,0.00,0.00
9980111,3w,BfMx,Depl,95,0.00,0.00,0.00,8.00,2.00,11.00,0.00,0.00,0.00,1.00,0.00,3.00,0.00,0.00,0.00,0.00
9980111,3w,SbLow,Depl,105,0.00,0.00,0.00,22.00,0.00,0.00,1.00,2.00,0.00,0.00,0.00,0.00,0.00,0.00,0.00,0.00
9980111,Patnt,BfMx,Depl,95,0.00,0.00,0.00,8.00,2.00,11.00,0.00,0.00,0.00,1.00,0.00,3.00,0.00,0.00,0.00,0.00
9980111,Patnt,SbLow,Depl,105,0.00,0.00,0.00,22.00,0.00,0.00,1.00,2.00,0.00,0.00,0.00,0.00,0.00,0.00,0.00,0.00
9980112,3w,HrDom,Depl,95,0.00,0.00,1.00,4.00,0.00,1.00,0.00,0.00,0.00,12.00,0.00,7.00,0.00,0.00,0.00,0.00
9980112,3w,SbSha,Depl,105,0.00,0.00,2.00,22.00,0.00,0.00,0.00,0.00,0.00,0.00,0.00,0.00,0.00,0.00,0.00,0.00
9980112,Patnt,HrDom,Depl,95,0.00,0.00,1.00,4.00,0.00,1.00,0.00,0.00,0.00,12.00,0.00,7.00,0.00,0.00,0.00,0.00
9980112,Patnt,SbSha,Depl,105,0.00,0.00,2.00,22.00,0.00,0.00,0.00,0.00,0.00,0.00,0.00,0.00,0.00,0.00,0.00,0.00
9980113,3w,HrdMw,Depl,95,0.00,0.00,2.00,6.00,1.00,2.00,0.00,0.00,0.00,7.00,0.00,7.00,0.00,0.00,0.00,0.00
9980113,3w,SbDee,Depl,105,0.00,0.00,1.00,22.00,0.00,0.00,0.00,0.00,0.00,0.00,0.00,0.00,0.00,0.00,0.00,0.00
9980113,Patnt,HrdMw,Depl,95,0.00,0.00,2.00,6.00,1.00,2.00,0.00,0.00,0.00,7.00,0.00,7.00,0.00,0.00,0.00,0.00
9980113,Patnt,SbDee,Depl,105,0.00,0.00,1.00,22.00,0.00,0.00,0.00,0.00,0.00,0.00,0.00,0.00,0.00,0.00,0.00,0.00
9980114,3w,ConMx,Depl,95,0.00,0.00,4.00,10.00,0.00,2.00,0.00,0.00,0.00,4.00,0.00,4.00,0.00,0.00,0.00,0.00
9980114,3w,PjSha,Depl,105,0.00,0.00,20.00,3.00,0.00,0.00,0.00,0.00,0.00,1.00,0.00,1.00,0.00,0.00,0.00,0.00
9980114,Patnt,ConMx,Depl,95,0.00,0.00,4.00,10.00,0.00,2.00,0.00,0.00,0.00,4.00,0.00,4.00,0.00,0.00,0.00,0.00
9980114,Patnt,PjSha,Depl,105,0.00,0.00,20.00,3.00,0.00,0.00,0.00,0.00,0.00,1.00,0.00,1.00,0.00,0.00,0.00,0.00
9980115,3w,PjDee,Depl,105,0.00,0.00,21.00,2.00,0.00,0.00,0.00,0.00,0.00,1.00,0.00,0.00,0.00,0.00,0.00,0.00
9980115,Patnt,PjDee,Depl,105,0.00,0.00,21.00,2.00,0.00,0.00,0.00,0.00,0.00,1.00,0.00,0.00,0.00,0.00,0.00,0.00
9980116,3w,PoDom,Depl,105,0.00,0.00,1.00,2.00,0.00,0.00,0.00,0.00,0.00,20.00,0.00,2.00,0.00,0.00,0.00,0.00
9980116,3w,PwDom,Depl,115,12.00,0.00,0.00,3.00,0.00,2.00,0.00,0.00,0.00,2.00,0.00,4.00,0.00,0.00,0.00,0.00
9980116,Patnt,PoDom,Depl,105,0.00,0.00,1.00,2.00,0.00,0.00,0.00,0.00,0.00,20.00,0.00,2.00,0.00,0.00,0.00,0.00
9980116,Patnt,PwDom,Depl,115,12.00,0.00,0.00,3.00,0.00,2.00,0.00,0.00,0.00,2.00,0.00,4.00,0.00,0.00,0.00,0.00
9980117,3w,BwDom,Depl,105,0.00,0.00,0.00,4.00,0.00,1.00,0.00,0.00,0.00,2.00,0.00,18.00,0.00,0.00,0.00,0.00
9980117,3w,PrDom,Depl,115,0.00,23.00,0.00,1.00,0.00,0.00,0.00,0.00,0.00,0.00,0.00,0.00,0.00,0.00,0.00,0.00
9980117,Patnt,BwDom,Depl,105,0.00,0.00,0.00,4.00,0.00,1.00,0.00,0.00,0.00,2.00,0.00,18.00,0.00,0.00,0.00,0.00
9980117,Patnt,PrDom,Depl,115,0.00,23.00,0.00,1.00,0.00,0.00,0.00,0.00,0.00,0.00,0.00,0.00,0.00,0.00,0.00,0.00
9980118,3w,PrwMx,Depl,115,1.00,12.00,4.00,5.00,0.00,1.00,0.00,0.00,0.00,2.00,0.00,1.00,0.00,0.00,0.00,0.00
9980118,3w,TolHd,Depl,105,0.00,0.00,0.00,3.00,1.00,0.00,1.00,0.00,0.00,3.00,0.00,3.00,0.00,0.00,0.00,14.00
9980118,Patnt,PrwMx,Depl,115,1.00,12.00,4.00,5.00,0.00,1.00,0.00,0.00,0.00,2.00,0.00,1.00,0.00,0.00,0.00,0.00
9980118,Patnt,TolHd,Depl,105,0.00,0.00,0.00,3.00,1.00,0.00,1.00,0.00,0.00,3.00,0.00,3.00,0.00,0.00,0.00,14.00
9980119,3w,SbMx1,Depl,105,0.00,0.00,6.00,14.00,1.00,1.00,0.00,0.00,0.00,2.00,0.00,1.00,0.00,0.00,0.00,0.00
9980119,3w,UplCe,Depl,115,0.00,0.00,0.00,4.00,1.00,1.00,14.00,0.00,0.00,1.00,0.00,3.00,0.00,0.00,0.00,0.00
9980119,Patnt,SbMx1,Depl,105,0.00,0.00,6.00,14.00,1.00,1.00,0.00,0.00,0.00,2.00,0.00,1.00,0.00,0.00,0.00,0.00
9980119,Patnt,UplCe,Depl,115,0.00,0.00,0.00,4.00,1.00,1.00,14.00,0.00,0.00,1.00,0.00,3.00,0.00,0.00,0.00,0.00
9980120,3w,OCLow,Depl,115,0.00,0.00,0.00,8.00,0.00,0.00,8.00,9.00,0.00,0.00,0.00,0.00,0.00,0.00,0.00,0.00
9980120,3w,PjMx1,Depl,105,0.00,0.00,14.00,8.00,0.00,0.00,0.00,0.00,0.00,2.00,0.00,1.00,0.00,0.00,0.00,0.00
9980120,Patnt,OCLow,Depl,115,0.00,0.00,0.00,8.00,0.00,0.00,8.00,9.00,0.00,0.00,0.00,0.00,0.00,0.00,0.00,0.00
9980120,Patnt,PjMx1,Depl,105,0.00,0.00,14.00,8.00,0.00,0.00,0.00,0.00,0.00,2.00,0.00,1.00,0.00,0.00,0.00,0.00
9980121,3w,BfMx,Depl,105,0.00,0.00,0.00,8.00,2.00,11.00,0.00,0.00,0.00,1.00,0.00,3.00,0.00,0.00,0.00,0.00
9980121,3w,SbLow,Depl,115,0.00,0.00,0.00,22.00,0.00,0.00,1.00,2.00,0.00,0.00,0.00,0.00,0.00,0.00,0.00,0.00
9980121,Patnt,BfMx,Depl,105,0.00,0.00,0.00,8.00,2.00,11.00,0.00,0.00,0.00,1.00,0.00,3.00,0.00,0.00,0.00,0.00
9980121,Patnt,SbLow,Depl,115,0.00,0.00,0.00,22.00,0.00,0.00,1.00,2.00,0.00,0.00,0.00,0.00,0.00,0.00,0.00,0.00
9980122,3w,HrDom,Depl,105,0.00,0.00,1.00,4.00,0.00,1.00,0.00,0.00,0.00,12.00,0.00,7.00,0.00,0.00,0.00,0.00
9980122,3w,SbSha,Depl,115,0.00,0.00,2.00,22.00,0.00,0.00,0.00,0.00,0.00,0.00,0.00,0.00,0.00,0.00,0.00,0.00
9980122,Patnt,HrDom,Depl,105,0.00,0.00,1.00,4.00,0.00,1.00,0.00,0.00,0.00,12.00,0.00,7.00,0.00,0.00,0.00,0.00
9980122,Patnt,SbSha,Depl,115,0.00,0.00,2.00,22.00,0.00,0.00,0.00,0.00,0.00,0.00,0.00,0.00,0.00,0.00,0.00,0.00
9980123,3w,HrdMw,Depl,105,0.00,0.00,2.00,6.00,1.00,2.00,0.00,0.00,0.00,7.00,0.00,7.00,0.00,0.00,0.00,0.00
9980123,3w,SbDee,Depl,115,0.00,0.00,1.00,22.00,0.00,0.00,0.00,0.00,0.00,0.00,0.00,0.00,0.00,0.00,0.00,0.00
9980123,Patnt,HrdMw,Depl,105,0.00,0.00,2.00,6.00,1.00,2.00,0.00,0.00,0.00,7.00,0.00,7.00,0.00,0.00,0.00,0.00
9980123,Patnt,SbDee,Depl,115,0.00,0.00,1.00,22.00,0.00,0.00,0.00,0.00,0.00,0.00,0.00,0.00,0.00,0.00,0.00,0.00
9980124,3w,ConMx,Depl,105,0.00,0.00,4.00,10.00,0.00,2.00,0.00,0.00,0.00,4.00,0.00,4.00,0.00,0.00,0.00,0.00
9980124,3w,PjSha,Depl,115,0.00,0.00,20.00,3.00,0.00,0.00,0.00,0.00,0.00,1.00,0.00,1.00,0.00,0.00,0.00,0.00
9980124,Patnt,ConMx,Depl,105,0.00,0.00,4.00,10.00,0.00,2.00,0.00,0.00,0.00,4.00,0.00,4.00,0.00,0.00,0.00,0.00
9980124,Patnt,PjSha,Depl,115,0.00,0.00,20.00,3.00,0.00,0.00,0.00,0.00,0.00,1.00,0.00,1.00,0.00,0.00,0.00,0.00
9980125,3w,PjDee,Depl,115,0.00,0.00,21.00,2.00,0.00,0.00,0.00,0.00,0.00,1.00,0.00,0.00,0.00,0.00,0.00,0.00
9980125,Patnt,PjDee,Depl,115,0.00,0.00,21.00,2.00,0.00,0.00,0.00,0.00,0.00,1.00,0.00,0.00,0.00,0.00,0.00,0.00
9980126,3w,PoDom,Depl,115,0.00,0.00,1.00,2.00,0.00,0.00,0.00,0.00,0.00,20.00,0.00,2.00,0.00,0.00,0.00,0.00
9980126,3w,PwDom,Depl,125,12.00,0.00,0.00,3.00,0.00,2.00,0.00,0.00,0.00,2.00,0.00,4.00,0.00,0.00,0.00,0.00
9980126,Patnt,PoDom,Depl,115,0.00,0.00,1.00,2.00,0.00,0.00,0.00,0.00,0.00,20.00,0.00,2.00,0.00,0.00,0.00,0.00
9980126,Patnt,PwDom,Depl,125,12.00,0.00,0.00,3.00,0.00,2.00,0.00,0.00,0.00,2.00,0.00,4.00,0.00,0.00,0.00,0.00
9980127,3w,BwDom,Depl,115,0.00,0.00,0.00,4.00,0.00,1.00,0.00,0.00,0.00,2.00,0.00,18.00,0.00,0.00,0.00,0.00
9980127,3w,PrDom,Depl,125,0.00,23.00,0.00,1.00,0.00,0.00,0.00,0.00,0.00,0.00,0.00,0.00,0.00,0.00,0.00,0.00
9980127,Patnt,BwDom,Depl,115,0.00,0.00,0.00,4.00,0.00,1.00,0.00,0.00,0.00,2.00,0.00,18.00,0.00,0.00,0.00,0.00
9980127,Patnt,PrDom,Depl,125,0.00,23.00,0.00,1.00,0.00,0.00,0.00,0.00,0.00,0.00,0.00,0.00,0.00,0.00,0.00,0.00
9980128,3w,PrwMx,Depl,125,1.00,12.00,4.00,5.00,0.00,1.00,0.00,0.00,0.00,2.00,0.00,1.00,0.00,0.00,0.00,0.00
9980128,3w,TolHd,Depl,115,0.00,0.00,0.00,3.00,1.00,0.00,1.00,0.00,0.00,3.00,0.00,3.00,0.00,0.00,0.00,14.00
9980128,Patnt,PrwMx,Depl,125,1.00,12.00,4.00,5.00,0.00,1.00,0.00,0.00,0.00,2.00,0.00,1.00,0.00,0.00,0.00,0.00
9980128,Patnt,TolHd,Depl,115,0.00,0.00,0.00,3.00,1.00,0.00,1.00,0.00,0.00,3.00,0.00,3.00,0.00,0.00,0.00,14.00
9980129,3w,SbMx1,Depl,115,0.00,0.00,6.00,14.00,1.00,1.00,0.00,0.00,0.00,2.00,0.00,1.00,0.00,0.00,0.00,0.00
9980129,3w,UplCe,Depl,125,0.00,0.00,0.00,4.00,1.00,1.00,14.00,0.00,0.00,1.00,0.00,3.00,0.00,0.00,0.00,0.00
9980129,Patnt,SbMx1,Depl,115,0.00,0.00,6.00,14.00,1.00,1.00,0.00,0.00,0.00,2.00,0.00,1.00,0.00,0.00,0.00,0.00
9980129,Patnt,UplCe,Depl,125,0.00,0.00,0.00,4.00,1.00,1.00,14.00,0.00,0.00,1.00,0.00,3.00,0.00,0.00,0.00,0.00
9980130,3w,OCLow,Depl,125,0.00,0.00,0.00,8.00,0.00,0.00,8.00,9.00,0.00,0.00,0.00,0.00,0.00,0.00,0.00,0.00
9980130,3w,PjMx1,Depl,115,0.00,0.00,14.00,8.00,0.00,0.00,0.00,0.00,0.00,2.00,0.00,1.00,0.00,0.00,0.00,0.00
9980130,Patnt,OCLow,Depl,125,0.00,0.00,0.00,8.00,0.00,0.00,8.00,9.00,0.00,0.00,0.00,0.00,0.00,0.00,0.00,0.00
9980130,Patnt,PjMx1,Depl,115,0.00,0.00,14.00,8.00,0.00,0.00,0.00,0.00,0.00,2.00,0.00,1.00,0.00,0.00,0.00,0.00
9980131,3w,BfMx,Depl,115,0.00,0.00,0.00,8.00,2.00,11.00,0.00,0.00,0.00,1.00,0.00,3.00,0.00,0.00,0.00,0.00
9980131,3w,SbLow,Depl,125,0.00,0.00,0.00,22.00,0.00,0.00,1.00,2.00,0.00,0.00,0.00,0.00,0.00,0.00,0.00,0.00
9980131,Patnt,BfMx,Depl,115,0.00,0.00,0.00,8.00,2.00,11.00,0.00,0.00,0.00,1.00,0.00,3.00,0.00,0.00,0.00,0.00
9980131,Patnt,SbLow,Depl,125,0.00,0.00,0.00,22.00,0.00,0.00,1.00,2.00,0.00,0.00,0.00,0.00,0.00,0.00,0.00,0.00
9980132,3w,HrDom,Depl,115,0.00,0.00,1.00,4.00,0.00,1.00,0.00,0.00,0.00,12.00,0.00,7.00,0.00,0.00,0.00,0.00
9980132,3w,SbSha,Depl,125,0.00,0.00,2.00,22.00,0.00,0.00,0.00,0.00,0.00,0.00,0.00,0.00,0.00,0.00,0.00,0.00
9980132,Patnt,HrDom,Depl,115,0.00,0.00,1.00,4.00,0.00,1.00,0.00,0.00,0.00,12.00,0.00,7.00,0.00,0.00,0.00,0.00
9980132,Patnt,SbSha,Depl,125,0.00,0.00,2.00,22.00,0.00,0.00,0.00,0.00,0.00,0.00,0.00,0.00,0.00,0.00,0.00,0.00
9980133,3w,HrdMw,Depl,115,0.00,0.00,2.00,6.00,1.00,2.00,0.00,0.00,0.00,7.00,0.00,7.00,0.00,0.00,0.00,0.00
9980133,3w,SbDee,Depl,125,0.00,0.00,1.00,22.00,0.00,0.00,0.00,0.00,0.00,0.00,0.00,0.00,0.00,0.00,0.00,0.00
9980133,Patnt,HrdMw,Depl,115,0.00,0.00,2.00,6.00,1.00,2.00,0.00,0.00,0.00,7.00,0.00,7.00,0.00,0.00,0.00,0.00
9980133,Patnt,SbDee,Depl,125,0.00,0.00,1.00,22.00,0.00,0.00,0.00,0.00,0.00,0.00,0.00,0.00,0.00,0.00,0.00,0.00
9980134,3w,ConMx,Depl,115,0.00,0.00,4.00,10.00,0.00,2.00,0.00,0.00,0.00,4.00,0.00,4.00,0.00,0.00,0.00,0.00
9980134,3w,PjSha,Depl,125,0.00,0.00,20.00,3.00,0.00,0.00,0.00,0.00,0.00,1.00,0.00,1.00,0.00,0.00,0.00,0.00
9980134,Patnt,ConMx,Depl,115,0.00,0.00,4.00,10.00,0.00,2.00,0.00,0.00,0.00,4.00,0.00,4.00,0.00,0.00,0.00,0.00
9980134,Patnt,PjSha,Depl,125,0.00,0.00,20.00,3.00,0.00,0.00,0.00,0.00,0.00,1.00,0.00,1.00,0.00,0.00,0.00,0.00
9980135,3w,PjDee,Depl,125,0.00,0.00,21.00,2.00,0.00,0.00,0.00,0.00,0.00,1.00,0.00,0.00,0.00,0.00,0.00,0.00
9980135,Patnt,PjDee,Depl,125,0.00,0.00,21.00,2.00,0.00,0.00,0.00,0.00,0.00,1.00,0.00,0.00,0.00,0.00,0.00,0.00
9980136,3w,PoDom,Depl,125,0.00,0.00,1.00,2.00,0.00,0.00,0.00,0.00,0.00,20.00,0.00,2.00,0.00,0.00,0.00,0.00
9980136,3w,PwDom,Depl,135,12.00,0.00,0.00,3.00,0.00,2.00,0.00,0.00,0.00,2.00,0.00,4.00,0.00,0.00,0.00,0.00
9980136,Patnt,PoDom,Depl,125,0.00,0.00,1.00,2.00,0.00,0.00,0.00,0.00,0.00,20.00,0.00,2.00,0.00,0.00,0.00,0.00
9980136,Patnt,PwDom,Depl,135,12.00,0.00,0.00,3.00,0.00,2.00,0.00,0.00,0.00,2.00,0.00,4.00,0.00,0.00,0.00,0.00
9980137,3w,BwDom,Depl,125,0.00,0.00,0.00,4.00,0.00,1.00,0.00,0.00,0.00,2.00,0.00,18.00,0.00,0.00,0.00,0.00
9980137,3w,PrDom,Depl,135,0.00,23.00,0.00,1.00,0.00,0.00,0.00,0.00,0.00,0.00,0.00,0.00,0.00,0.00,0.00,0.00
9980137,Patnt,BwDom,Depl,125,0.00,0.00,0.00,4.00,0.00,1.00,0.00,0.00,0.00,2.00,0.00,18.00,0.00,0.00,0.00,0.00
9980137,Patnt,PrDom,Depl,135,0.00,23.00,0.00,1.00,0.00,0.00,0.00,0.00,0.00,0.00,0.00,0.00,0.00,0.00,0.00,0.00
9980138,3w,PrwMx,Depl,135,1.00,12.00,4.00,5.00,0.00,1.00,0.00,0.00,0.00,2.00,0.00,1.00,0.00,0.00,0.00,0.00
9980138,3w,TolHd,Depl,125,0.00,0.00,0.00,3.00,1.00,0.00,1.00,0.00,0.00,3.00,0.00,3.00,0.00,0.00,0.00,14.00
9980138,Patnt,PrwMx,Depl,135,1.00,12.00,4.00,5.00,0.00,1.00,0.00,0.00,0.00,2.00,0.00,1.00,0.00,0.00,0.00,0.00
9980138,Patnt,TolHd,Depl,125,0.00,0.00,0.00,3.00,1.00,0.00,1.00,0.00,0.00,3.00,0.00,3.00,0.00,0.00,0.00,14.00
9980139,3w,SbMx1,Depl,125,0.00,0.00,6.00,14.00,1.00,1.00,0.00,0.00,0.00,2.00,0.00,1.00,0.00,0.00,0.00,0.00
9980139,3w,UplCe,Depl,135,0.00,0.00,0.00,4.00,1.00,1.00,14.00,0.00,0.00,1.00,0.00,3.00,0.00,0.00,0.00,0.00
9980139,Patnt,SbMx1,Depl,125,0.00,0.00,6.00,14.00,1.00,1.00,0.00,0.00,0.00,2.00,0.00,1.00,0.00,0.00,0.00,0.00
9980139,Patnt,UplCe,Depl,135,0.00,0.00,0.00,4.00,1.00,1.00,14.00,0.00,0.00,1.00,0.00,3.00,0.00,0.00,0.00,0.00
9980140,3w,OCLow,Depl,135,0.00,0.00,0.00,8.00,0.00,0.00,8.00,9.00,0.00,0.00,0.00,0.00,0.00,0.00,0.00,0.00
9980140,3w,PjMx1,Depl,125,0.00,0.00,14.00,8.00,0.00,0.00,0.00,0.00,0.00,2.00,0.00,1.00,0.00,0.00,0.00,0.00
9980140,Patnt,OCLow,Depl,135,0.00,0.00,0.00,8.00,0.00,0.00,8.00,9.00,0.00,0.00,0.00,0.00,0.00,0.00,0.00,0.00
9980140,Patnt,PjMx1,Depl,125,0.00,0.00,14.00,8.00,0.00,0.00,0.00,0.00,0.00,2.00,0.00,1.00,0.00,0.00,0.00,0.00
9980141,3w,BfMx,Depl,125,0.00,0.00,0.00,8.00,2.00,11.00,0.00,0.00,0.00,1.00,0.00,3.00,0.00,0.00,0.00,0.00
9980141,3w,SbLow,Depl,135,0.00,0.00,0.00,22.00,0.00,0.00,1.00,2.00,0.00,0.00,0.00,0.00,0.00,0.00,0.00,0.00
9980141,Patnt,BfMx,Depl,125,0.00,0.00,0.00,8.00,2.00,11.00,0.00,0.00,0.00,1.00,0.00,3.00,0.00,0.00,0.00,0.00
9980141,Patnt,SbLow,Depl,135,0.00,0.00,0.00,22.00,0.00,0.00,1.00,2.00,0.00,0.00,0.00,0.00,0.00,0.00,0.00,0.00
9980142,3w,HrDom,Depl,125,0.00,0.00,1.00,4.00,0.00,1.00,0.00,0.00,0.00,12.00,0.00,7.00,0.00,0.00,0.00,0.00
9980142,3w,SbSha,Depl,135,0.00,0.00,2.00,22.00,0.00,0.00,0.00,0.00,0.00,0.00,0.00,0.00,0.00,0.00,0.00,0.00
9980142,Patnt,HrDom,Depl,125,0.00,0.00,1.00,4.00,0.00,1.00,0.00,0.00,0.00,12.00,0.00,7.00,0.00,0.00,0.00,0.00
9980142,Patnt,SbSha,Depl,135,0.00,0.00,2.00,22.00,0.00,0.00,0.00,0.00,0.00,0.00,0.00,0.00,0.00,0.00,0.00,0.00
9980143,3w,HrdMw,Depl,125,0.00,0.00,2.00,6.00,1.00,2.00,0.00,0.00,0.00,7.00,0.00,7.00,0.00,0.00,0.00,0.00
9980143,3w,SbDee,Depl,135,0.00,0.00,1.00,22.00,0.00,0.00,0.00,0.00,0.00,0.00,0.00,0.00,0.00,0.00,0.00,0.00
9980143,Patnt,HrdMw,Depl,125,0.00,0.00,2.00,6.00,1.00,2.00,0.00,0.00,0.00,7.00,0.00,7.00,0.00,0.00,0.00,0.00
9980143,Patnt,SbDee,Depl,135,0.00,0.00,1.00,22.00,0.00,0.00,0.00,0.00,0.00,0.00,0.00,0.00,0.00,0.00,0.00,0.00
9980144,3w,ConMx,Depl,125,0.00,0.00,4.00,10.00,0.00,2.00,0.00,0.00,0.00,4.00,0.00,4.00,0.00,0.00,0.00,0.00
9980144,3w,PjSha,Depl,135,0.00,0.00,20.00,3.00,0.00,0.00,0.00,0.00,0.00,1.00,0.00,1.00,0.00,0.00,0.00,0.00
9980144,Patnt,ConMx,Depl,125,0.00,0.00,4.00,10.00,0.00,2.00,0.00,0.00,0.00,4.00,0.00,4.00,0.00,0.00,0.00,0.00
9980144,Patnt,PjSha,Depl,135,0.00,0.00,20.00,3.00,0.00,0.00,0.00,0.00,0.00,1.00,0.00,1.00,0.00,0.00,0.00,0.00
9980145,3w,PjDee,Depl,135,0.00,0.00,21.00,2.00,0.00,0.00,0.00,0.00,0.00,1.00,0.00,0.00,0.00,0.00,0.00,0.00
9980145,Patnt,PjDee,Depl,135,0.00,0.00,21.00,2.00,0.00,0.00,0.00,0.00,0.00,1.00,0.00,0.00,0.00,0.00,0.00,0.00
9980146,3w,PoDom,Depl,135,0.00,0.00,1.00,2.00,0.00,0.00,0.00,0.00,0.00,20.00,0.00,2.00,0.00,0.00,0.00,0.00
9980146,3w,PwDom,Depl,145,12.00,0.00,0.00,3.00,0.00,2.00,0.00,0.00,0.00,2.00,0.00,4.00,0.00,0.00,0.00,0.00
9980146,Patnt,PoDom,Depl,135,0.00,0.00,1.00,2.00,0.00,0.00,0.00,0.00,0.00,20.00,0.00,2.00,0.00,0.00,0.00,0.00
9980146,Patnt,PwDom,Depl,145,12.00,0.00,0.00,3.00,0.00,2.00,0.00,0.00,0.00,2.00,0.00,4.00,0.00,0.00,0.00,0.00
9980147,3w,BwDom,Depl,135,0.00,0.00,0.00,4.00,0.00,1.00,0.00,0.00,0.00,2.00,0.00,18.00,0.00,0.00,0.00,0.00
9980147,3w,PrDom,Depl,145,0.00,23.00,0.00,1.00,0.00,0.00,0.00,0.00,0.00,0.00,0.00,0.00,0.00,0.00,0.00,0.00
9980147,Patnt,BwDom,Depl,135,0.00,0.00,0.00,4.00,0.00,1.00,0.00,0.00,0.00,2.00,0.00,18.00,0.00,0.00,0.00,0.00
9980147,Patnt,PrDom,Depl,145,0.00,23.00,0.00,1.00,0.00,0.00,0.00,0.00,0.00,0.00,0.00,0.00,0.00,0.00,0.00,0.00
9980148,3w,PrwMx,Depl,145,1.00,12.00,4.00,5.00,0.00,1.00,0.00,0.00,0.00,2.00,0.00,1.00,0.00,0.00,0.00,0.00
9980148,3w,TolHd,Depl,135,0.00,0.00,0.00,3.00,1.00,0.00,1.00,0.00,0.00,3.00,0.00,3.00,0.00,0.00,0.00,14.00
9980148,Patnt,PrwMx,Depl,145,1.00,12.00,4.00,5.00,0.00,1.00,0.00,0.00,0.00,2.00,0.00,1.00,0.00,0.00,0.00,0.00
9980148,Patnt,TolHd,Depl,135,0.00,0.00,0.00,3.00,1.00,0.00,1.00,0.00,0.00,3.00,0.00,3.00,0.00,0.00,0.00,14.00
9980149,3w,SbMx1,Depl,135,0.00,0.00,6.00,14.00,1.00,1.00,0.00,0.00,0.00,2.00,0.00,1.00,0.00,0.00,0.00,0.00
9980149,3w,UplCe,Depl,145,0.00,0.00,0.00,4.00,1.00,1.00,14.00,0.00,0.00,1.00,0.00,3.00,0.00,0.00,0.00,0.00
9980149,Patnt,SbMx1,Depl,135,0.00,0.00,6.00,14.00,1.00,1.00,0.00,0.00,0.00,2.00,0.00,1.00,0.00,0.00,0.00,0.00
9980149,Patnt,UplCe,Depl,145,0.00,0.00,0.00,4.00,1.00,1.00,14.00,0.00,0.00,1.00,0.00,3.00,0.00,0.00,0.00,0.00
9980150,3w,OCLow,Depl,145,0.00,0.00,0.00,8.00,0.00,0.00,8.00,9.00,0.00,0.00,0.00,0.00,0.00,0.00,0.00,0.00
9980150,3w,PjMx1,Depl,135,0.00,0.00,14.00,8.00,0.00,0.00,0.00,0.00,0.00,2.00,0.00,1.00,0.00,0.00,0.00,0.00
9980150,Patnt,OCLow,Depl,145,0.00,0.00,0.00,8.00,0.00,0.00,8.00,9.00,0.00,0.00,0.00,0.00,0.00,0.00,0.00,0.00
9980150,Patnt,PjMx1,Depl,135,0.00,0.00,14.00,8.00,0.00,0.00,0.00,0.00,0.00,2.00,0.00,1.00,0.00,0.00,0.00,0.00
9980151,3w,BfMx,Depl,135,0.00,0.00,0.00,8.00,2.00,11.00,0.00,0.00,0.00,1.00,0.00,3.00,0.00,0.00,0.00,0.00
9980151,3w,SbLow,Depl,145,0.00,0.00,0.00,22.00,0.00,0.00,1.00,2.00,0.00,0.00,0.00,0.00,0.00,0.00,0.00,0.00
9980151,Patnt,BfMx,Depl,135,0.00,0.00,0.00,8.00,2.00,11.00,0.00,0.00,0.00,1.00,0.00,3.00,0.00,0.00,0.00,0.00
9980151,Patnt,SbLow,Depl,145,0.00,0.00,0.00,22.00,0.00,0.00,1.00,2.00,0.00,0.00,0.00,0.00,0.00,0.00,0.00,0.00
9980152,3w,HrDom,Depl,135,0.00,0.00,1.00,4.00,0.00,1.00,0.00,0.00,0.00,12.00,0.00,7.00,0.00,0.00,0.00,0.00
9980152,3w,SbSha,Depl,145,0.00,0.00,2.00,22.00,0.00,0.00,0.00,0.00,0.00,0.00,0.00,0.00,0.00,0.00,0.00,0.00
9980152,Patnt,HrDom,Depl,135,0.00,0.00,1.00,4.00,0.00,1.00,0.00,0.00,0.00,12.00,0.00,7.00,0.00,0.00,0.00,0.00
9980152,Patnt,SbSha,Depl,145,0.00,0.00,2.00,22.00,0.00,0.00,0.00,0.00,0.00,0.00,0.00,0.00,0.00,0.00,0.00,0.00
9980153,3w,HrdMw,Depl,135,0.00,0.00,2.00,6.00,1.00,2.00,0.00,0.00,0.00,7.00,0.00,7.00,0.00,0.00,0.00,0.00
9980153,3w,SbDee,Depl,145,0.00,0.00,1.00,22.00,0.00,0.00,0.00,0.00,0.00,0.00,0.00,0.00,0.00,0.00,0.00,0.00
9980153,Patnt,HrdMw,Depl,135,0.00,0.00,2.00,6.00,1.00,2.00,0.00,0.00,0.00,7.00,0.00,7.00,0.00,0.00,0.00,0.00
9980153,Patnt,SbDee,Depl,145,0.00,0.00,1.00,22.00,0.00,0.00,0.00,0.00,0.00,0.00,0.00,0.00,0.00,0.00,0.00,0.00
9980154,3w,ConMx,Depl,135,0.00,0.00,4.00,10.00,0.00,2.00,0.00,0.00,0.00,4.00,0.00,4.00,0.00,0.00,0.00,0.00
9980154,3w,PjSha,Depl,145,0.00,0.00,20.00,3.00,0.00,0.00,0.00,0.00,0.00,1.00,0.00,1.00,0.00,0.00,0.00,0.00
9980154,Patnt,ConMx,Depl,135,0.00,0.00,4.00,10.00,0.00,2.00,0.00,0.00,0.00,4.00,0.00,4.00,0.00,0.00,0.00,0.00
9980154,Patnt,PjSha,Depl,145,0.00,0.00,20.00,3.00,0.00,0.00,0.00,0.00,0.00,1.00,0.00,1.00,0.00,0.00,0.00,0.00
9980155,3w,PjDee,Depl,145,0.00,0.00,21.00,2.00,0.00,0.00,0.00,0.00,0.00,1.00,0.00,0.00,0.00,0.00,0.00,0.00
9980155,Patnt,PjDee,Depl,145,0.00,0.00,21.00,2.00,0.00,0.00,0.00,0.00,0.00,1.00,0.00,0.00,0.00,0.00,0.00,0.00
9980156,3w,PoDom,Depl,145,0.00,0.00,1.00,2.00,0.00,0.00,0.00,0.00,0.00,20.00,0.00,2.00,0.00,0.00,0.00,0.00
9980156,3w,PwDom,Depl,155,12.00,0.00,0.00,3.00,0.00,2.00,0.00,0.00,0.00,2.00,0.00,4.00,0.00,0.00,0.00,0.00
9980156,Patnt,PoDom,Depl,145,0.00,0.00,1.00,2.00,0.00,0.00,0.00,0.00,0.00,20.00,0.00,2.00,0.00,0.00,0.00,0.00
9980156,Patnt,PwDom,Depl,155,12.00,0.00,0.00,3.00,0.00,2.00,0.00,0.00,0.00,2.00,0.00,4.00,0.00,0.00,0.00,0.00
9980157,3w,BwDom,Depl,145,0.00,0.00,0.00,4.00,0.00,1.00,0.00,0.00,0.00,2.00,0.00,18.00,0.00,0.00,0.00,0.00
9980157,3w,PrDom,Depl,155,0.00,23.00,0.00,1.00,0.00,0.00,0.00,0.00,0.00,0.00,0.00,0.00,0.00,0.00,0.00,0.00
9980157,Patnt,BwDom,Depl,145,0.00,0.00,0.00,4.00,0.00,1.00,0.00,0.00,0.00,2.00,0.00,18.00,0.00,0.00,0.00,0.00
9980157,Patnt,PrDom,Depl,155,0.00,23.00,0.00,1.00,0.00,0.00,0.00,0.00,0.00,0.00,0.00,0.00,0.00,0.00,0.00,0.00
9980158,3w,PrwMx,Depl,155,1.00,12.00,4.00,5.00,0.00,1.00,0.00,0.00,0.00,2.00,0.00,1.00,0.00,0.00,0.00,0.00
9980158,3w,TolHd,Depl,145,0.00,0.00,0.00,3.00,1.00,0.00,1.00,0.00,0.00,3.00,0.00,3.00,0.00,0.00,0.00,14.00
9980158,Patnt,PrwMx,Depl,155,1.00,12.00,4.00,5.00,0.00,1.00,0.00,0.00,0.00,2.00,0.00,1.00,0.00,0.00,0.00,0.00
9980158,Patnt,TolHd,Depl,145,0.00,0.00,0.00,3.00,1.00,0.00,1.00,0.00,0.00,3.00,0.00,3.00,0.00,0.00,0.00,14.00
9980159,3w,SbMx1,Depl,145,0.00,0.00,6.00,14.00,1.00,1.00,0.00,0.00,0.00,2.00,0.00,1.00,0.00,0.00,0.00,0.00
9980159,3w,UplCe,Depl,155,0.00,0.00,0.00,4.00,1.00,1.00,14.00,0.00,0.00,1.00,0.00,3.00,0.00,0.00,0.00,0.00
9980159,Patnt,SbMx1,Depl,145,0.00,0.00,6.00,14.00,1.00,1.00,0.00,0.00,0.00,2.00,0.00,1.00,0.00,0.00,0.00,0.00
9980159,Patnt,UplCe,Depl,155,0.00,0.00,0.00,4.00,1.00,1.00,14.00,0.00,0.00,1.00,0.00,3.00,0.00,0.00,0.00,0.00
9980160,3w,OCLow,Depl,155,0.00,0.00,0.00,8.00,0.00,0.00,8.00,9.00,0.00,0.00,0.00,0.00,0.00,0.00,0.00,0.00
9980160,3w,PjMx1,Depl,145,0.00,0.00,14.00,8.00,0.00,0.00,0.00,0.00,0.00,2.00,0.00,1.00,0.00,0.00,0.00,0.00
9980160,Patnt,OCLow,Depl,155,0.00,0.00,0.00,8.00,0.00,0.00,8.00,9.00,0.00,0.00,0.00,0.00,0.00,0.00,0.00,0.00
9980160,Patnt,PjMx1,Depl,145,0.00,0.00,14.00,8.00,0.00,0.00,0.00,0.00,0.00,2.00,0.00,1.00,0.00,0.00,0.00,0.00
9980161,3w,BfMx,Depl,145,0.00,0.00,0.00,8.00,2.00,11.00,0.00,0.00,0.00,1.00,0.00,3.00,0.00,0.00,0.00,0.00
9980161,3w,SbLow,Depl,155,0.00,0.00,0.00,22.00,0.00,0.00,1.00,2.00,0.00,0.00,0.00,0.00,0.00,0.00,0.00,0.00
9980161,Patnt,BfMx,Depl,145,0.00,0.00,0.00,8.00,2.00,11.00,0.00,0.00,0.00,1.00,0.00,3.00,0.00,0.00,0.00,0.00
9980161,Patnt,SbLow,Depl,155,0.00,0.00,0.00,22.00,0.00,0.00,1.00,2.00,0.00,0.00,0.00,0.00,0.00,0.00,0.00,0.00
9980162,3w,HrDom,Depl,145,0.00,0.00,1.00,4.00,0.00,1.00,0.00,0.00,0.00,12.00,0.00,7.00,0.00,0.00,0.00,0.00
9980162,3w,SbSha,Depl,155,0.00,0.00,2.00,22.00,0.00,0.00,0.00,0.00,0.00,0.00,0.00,0.00,0.00,0.00,0.00,0.00
9980162,Patnt,HrDom,Depl,145,0.00,0.00,1.00,4.00,0.00,1.00,0.00,0.00,0.00,12.00,0.00,7.00,0.00,0.00,0.00,0.00
9980162,Patnt,SbSha,Depl,155,0.00,0.00,2.00,22.00,0.00,0.00,0.00,0.00,0.00,0.00,0.00,0.00,0.00,0.00,0.00,0.00
9980163,3w,HrdMw,Depl,145,0.00,0.00,2.00,6.00,1.00,2.00,0.00,0.00,0.00,7.00,0.00,7.00,0.00,0.00,0.00,0.00
9980163,3w,SbDee,Depl,155,0.00,0.00,1.00,22.00,0.00,0.00,0.00,0.00,0.00,0.00,0.00,0.00,0.00,0.00,0.00,0.00
9980163,Patnt,HrdMw,Depl,145,0.00,0.00,2.00,6.00,1.00,2.00,0.00,0.00,0.00,7.00,0.00,7.00,0.00,0.00,0.00,0.00
9980163,Patnt,SbDee,Depl,155,0.00,0.00,1.00,22.00,0.00,0.00,0.00,0.00,0.00,0.00,0.00,0.00,0.00,0.00,0.00,0.00
9980164,3w,ConMx,Depl,145,0.00,0.00,4.00,10.00,0.00,2.00,0.00,0.00,0.00,4.00,0.00,4.00,0.00,0.00,0.00,0.00
9980164,3w,PjSha,Depl,155,0.00,0.00,20.00,3.00,0.00,0.00,0.00,0.00,0.00,1.00,0.00,1.00,0.00,0.00,0.00,0.00
9980164,Patnt,ConMx,Depl,145,0.00,0.00,4.00,10.00,0.00,2.00,0.00,0.00,0.00,4.00,0.00,4.00,0.00,0.00,0.00,0.00
9980164,Patnt,PjSha,Depl,155,0.00,0.00,20.00,3.00,0.00,0.00,0.00,0.00,0.00,1.00,0.00,1.00,0.00,0.00,0.00,0.00
9980165,3w,PjDee,Depl,155,0.00,0.00,21.00,2.00,0.00,0.00,0.00,0.00,0.00,1.00,0.00,0.00,0.00,0.00,0.00,0.00
9980165,Patnt,PjDee,Depl,155,0.00,0.00,21.00,2.00,0.00,0.00,0.00,0.00,0.00,1.00,0.00,0.00,0.00,0.00,0.00,0.00
9980166,3w,PoDom,Depl,155,0.00,0.00,1.00,2.00,0.00,0.00,0.00,0.00,0.00,20.00,0.00,2.00,0.00,0.00,0.00,0.00
9980166,3w,PwDom,Depl,165,12.00,0.00,0.00,3.00,0.00,2.00,0.00,0.00,0.00,2.00,0.00,4.00,0.00,0.00,0.00,0.00
9980166,Patnt,PoDom,Depl,155,0.00,0.00,1.00,2.00,0.00,0.00,0.00,0.00,0.00,20.00,0.00,2.00,0.00,0.00,0.00,0.00
9980166,Patnt,PwDom,Depl,165,12.00,0.00,0.00,3.00,0.00,2.00,0.00,0.00,0.00,2.00,0.00,4.00,0.00,0.00,0.00,0.00
9980167,3w,BwDom,Depl,155,0.00,0.00,0.00,4.00,0.00,1.00,0.00,0.00,0.00,2.00,0.00,18.00,0.00,0.00,0.00,0.00
9980167,3w,PrDom,Depl,165,0.00,23.00,0.00,1.00,0.00,0.00,0.00,0.00,0.00,0.00,0.00,0.00,0.00,0.00,0.00,0.00
9980167,Patnt,BwDom,Depl,155,0.00,0.00,0.00,4.00,0.00,1.00,0.00,0.00,0.00,2.00,0.00,18.00,0.00,0.00,0.00,0.00
9980167,Patnt,PrDom,Depl,165,0.00,23.00,0.00,1.00,0.00,0.00,0.00,0.00,0.00,0.00,0.00,0.00,0.00,0.00,0.00,0.00
9980168,3w,PrwMx,Depl,165,1.00,12.00,4.00,5.00,0.00,1.00,0.00,0.00,0.00,2.00,0.00,1.00,0.00,0.00,0.00,0.00
9980168,3w,TolHd,Depl,155,0.00,0.00,0.00,3.00,1.00,0.00,1.00,0.00,0.00,3.00,0.00,3.00,0.00,0.00,0.00,14.00
9980168,Patnt,PrwMx,Depl,165,1.00,12.00,4.00,5.00,0.00,1.00,0.00,0.00,0.00,2.00,0.00,1.00,0.00,0.00,0.00,0.00
9980168,Patnt,TolHd,Depl,155,0.00,0.00,0.00,3.00,1.00,0.00,1.00,0.00,0.00,3.00,0.00,3.00,0.00,0.00,0.00,14.00
9980169,3w,SbMx1,Depl,155,0.00,0.00,6.00,14.00,1.00,1.00,0.00,0.00,0.00,2.00,0.00,1.00,0.00,0.00,0.00,0.00
9980169,3w,UplCe,Depl,165,0.00,0.00,0.00,4.00,1.00,1.00,14.00,0.00,0.00,1.00,0.00,3.00,0.00,0.00,0.00,0.00
9980169,Patnt,SbMx1,Depl,155,0.00,0.00,6.00,14.00,1.00,1.00,0.00,0.00,0.00,2.00,0.00,1.00,0.00,0.00,0.00,0.00
9980169,Patnt,UplCe,Depl,165,0.00,0.00,0.00,4.00,1.00,1.00,14.00,0.00,0.00,1.00,0.00,3.00,0.00,0.00,0.00,0.00
9980170,3w,OCLow,Depl,165,0.00,0.00,0.00,8.00,0.00,0.00,8.00,9.00,0.00,0.00,0.00,0.00,0.00,0.00,0.00,0.00
9980170,3w,PjMx1,Depl,155,0.00,0.00,14.00,8.00,0.00,0.00,0.00,0.00,0.00,2.00,0.00,1.00,0.00,0.00,0.00,0.00
9980170,Patnt,OCLow,Depl,165,0.00,0.00,0.00,8.00,0.00,0.00,8.00,9.00,0.00,0.00,0.00,0.00,0.00,0.00,0.00,0.00
9980170,Patnt,PjMx1,Depl,155,0.00,0.00,14.00,8.00,0.00,0.00,0.00,0.00,0.00,2.00,0.00,1.00,0.00,0.00,0.00,0.00
9980171,3w,BfMx,Depl,155,0.00,0.00,0.00,8.00,2.00,11.00,0.00,0.00,0.00,1.00,0.00,3.00,0.00,0.00,0.00,0.00
9980171,3w,SbLow,Depl,165,0.00,0.00,0.00,22.00,0.00,0.00,1.00,2.00,0.00,0.00,0.00,0.00,0.00,0.00,0.00,0.00
9980171,Patnt,BfMx,Depl,155,0.00,0.00,0.00,8.00,2.00,11.00,0.00,0.00,0.00,1.00,0.00,3.00,0.00,0.00,0.00,0.00
9980171,Patnt,SbLow,Depl,165,0.00,0.00,0.00,22.00,0.00,0.00,1.00,2.00,0.00,0.00,0.00,0.00,0.00,0.00,0.00,0.00
9980172,3w,HrDom,Depl,155,0.00,0.00,1.00,4.00,0.00,1.00,0.00,0.00,0.00,12.00,0.00,7.00,0.00,0.00,0.00,0.00
9980172,3w,SbSha,Depl,165,0.00,0.00,2.00,22.00,0.00,0.00,0.00,0.00,0.00,0.00,0.00,0.00,0.00,0.00,0.00,0.00
9980172,Patnt,HrDom,Depl,155,0.00,0.00,1.00,4.00,0.00,1.00,0.00,0.00,0.00,12.00,0.00,7.00,0.00,0.00,0.00,0.00
9980172,Patnt,SbSha,Depl,165,0.00,0.00,2.00,22.00,0.00,0.00,0.00,0.00,0.00,0.00,0.00,0.00,0.00,0.00,0.00,0.00
9980173,3w,HrdMw,Depl,155,0.00,0.00,2.00,6.00,1.00,2.00,0.00,0.00,0.00,7.00,0.00,7.00,0.00,0.00,0.00,0.00
9980173,3w,SbDee,Depl,165,0.00,0.00,1.00,22.00,0.00,0.00,0.00,0.00,0.00,0.00,0.00,0.00,0.00,0.00,0.00,0.00
9980173,Patnt,HrdMw,Depl,155,0.00,0.00,2.00,6.00,1.00,2.00,0.00,0.00,0.00,7.00,0.00,7.00,0.00,0.00,0.00,0.00
9980173,Patnt,SbDee,Depl,165,0.00,0.00,1.00,22.00,0.00,0.00,0.00,0.00,0.00,0.00,0.00,0.00,0.00,0.00,0.00,0.00
9980174,3w,ConMx,Depl,155,0.00,0.00,4.00,10.00,0.00,2.00,0.00,0.00,0.00,4.00,0.00,4.00,0.00,0.00,0.00,0.00
9980174,3w,PjSha,Depl,165,0.00,0.00,20.00,3.00,0.00,0.00,0.00,0.00,0.00,1.00,0.00,1.00,0.00,0.00,0.00,0.00
9980174,Patnt,ConMx,Depl,155,0.00,0.00,4.00,10.00,0.00,2.00,0.00,0.00,0.00,4.00,0.00,4.00,0.00,0.00,0.00,0.00
9980174,Patnt,PjSha,Depl,165,0.00,0.00,20.00,3.00,0.00,0.00,0.00,0.00,0.00,1.00,0.00,1.00,0.00,0.00,0.00,0.00
9980175,3w,PjDee,Depl,165,0.00,0.00,21.00,2.00,0.00,0.00,0.00,0.00,0.00,1.00,0.00,0.00,0.00,0.00,0.00,0.00
9980175,Patnt,PjDee,Depl,165,0.00,0.00,21.00,2.00,0.00,0.00,0.00,0.00,0.00,1.00,0.00,0.00,0.00,0.00,0.00,0.00
9980176,3w,PoDom,Depl,165,0.00,0.00,1.00,2.00,0.00,0.00,0.00,0.00,0.00,20.00,0.00,2.00,0.00,0.00,0.00,0.00
9980176,3w,PwDom,Depl,175,12.00,0.00,0.00,3.00,0.00,2.00,0.00,0.00,0.00,2.00,0.00,4.00,0.00,0.00,0.00,0.00
9980176,Patnt,PoDom,Depl,165,0.00,0.00,1.00,2.00,0.00,0.00,0.00,0.00,0.00,20.00,0.00,2.00,0.00,0.00,0.00,0.00
9980176,Patnt,PwDom,Depl,175,12.00,0.00,0.00,3.00,0.00,2.00,0.00,0.00,0.00,2.00,0.00,4.00,0.00,0.00,0.00,0.00
9980177,3w,BwDom,Depl,165,0.00,0.00,0.00,4.00,0.00,1.00,0.00,0.00,0.00,2.00,0.00,18.00,0.00,0.00,0.00,0.00
9980177,3w,PrDom,Depl,175,0.00,23.00,0.00,1.00,0.00,0.00,0.00,0.00,0.00,0.00,0.00,0.00,0.00,0.00,0.00,0.00
9980177,Patnt,BwDom,Depl,165,0.00,0.00,0.00,4.00,0.00,1.00,0.00,0.00,0.00,2.00,0.00,18.00,0.00,0.00,0.00,0.00
9980177,Patnt,PrDom,Depl,175,0.00,23.00,0.00,1.00,0.00,0.00,0.00,0.00,0.00,0.00,0.00,0.00,0.00,0.00,0.00,0.00
9980178,3w,PrwMx,Depl,175,1.00,12.00,4.00,5.00,0.00,1.00,0.00,0.00,0.00,2.00,0.00,1.00,0.00,0.00,0.00,0.00
9980178,3w,TolHd,Depl,165,0.00,0.00,0.00,3.00,1.00,0.00,1.00,0.00,0.00,3.00,0.00,3.00,0.00,0.00,0.00,14.00
9980178,Patnt,PrwMx,Depl,175,1.00,12.00,4.00,5.00,0.00,1.00,0.00,0.00,0.00,2.00,0.00,1.00,0.00,0.00,0.00,0.00
9980178,Patnt,TolHd,Depl,165,0.00,0.00,0.00,3.00,1.00,0.00,1.00,0.00,0.00,3.00,0.00,3.00,0.00,0.00,0.00,14.00
9980179,3w,SbMx1,Depl,165,0.00,0.00,6.00,14.00,1.00,1.00,0.00,0.00,0.00,2.00,0.00,1.00,0.00,0.00,0.00,0.00
9980179,3w,UplCe,Depl,175,0.00,0.00,0.00,4.00,1.00,1.00,14.00,0.00,0.00,1.00,0.00,3.00,0.00,0.00,0.00,0.00
9980179,Patnt,SbMx1,Depl,165,0.00,0.00,6.00,14.00,1.00,1.00,0.00,0.00,0.00,2.00,0.00,1.00,0.00,0.00,0.00,0.00
9980179,Patnt,UplCe,Depl,175,0.00,0.00,0.00,4.00,1.00,1.00,14.00,0.00,0.00,1.00,0.00,3.00,0.00,0.00,0.00,0.00
9980180,3w,OCLow,Depl,175,0.00,0.00,0.00,8.00,0.00,0.00,8.00,9.00,0.00,0.00,0.00,0.00,0.00,0.00,0.00,0.00
9980180,3w,PjMx1,Depl,165,0.00,0.00,14.00,8.00,0.00,0.00,0.00,0.00,0.00,2.00,0.00,1.00,0.00,0.00,0.00,0.00
9980180,Patnt,OCLow,Depl,175,0.00,0.00,0.00,8.00,0.00,0.00,8.00,9.00,0.00,0.00,0.00,0.00,0.00,0.00,0.00,0.00
9980180,Patnt,PjMx1,Depl,165,0.00,0.00,14.00,8.00,0.00,0.00,0.00,0.00,0.00,2.00,0.00,1.00,0.00,0.00,0.00,0.00
9980181,3w,BfMx,Depl,165,0.00,0.00,0.00,8.00,2.00,11.00,0.00,0.00,0.00,1.00,0.00,3.00,0.00,0.00,0.00,0.00
9980181,3w,SbLow,Depl,175,0.00,0.00,0.00,22.00,0.00,0.00,1.00,2.00,0.00,0.00,0.00,0.00,0.00,0.00,0.00,0.00
9980181,Patnt,BfMx,Depl,165,0.00,0.00,0.00,8.00,2.00,11.00,0.00,0.00,0.00,1.00,0.00,3.00,0.00,0.00,0.00,0.00
9980181,Patnt,SbLow,Depl,175,0.00,0.00,0.00,22.00,0.00,0.00,1.00,2.00,0.00,0.00,0.00,0.00,0.00,0.00,0.00,0.00
9980182,3w,HrDom,Depl,165,0.00,0.00,1.00,4.00,0.00,1.00,0.00,0.00,0.00,12.00,0.00,7.00,0.00,0.00,0.00,0.00
9980182,3w,SbSha,Depl,175,0.00,0.00,2.00,22.00,0.00,0.00,0.00,0.00,0.00,0.00,0.00,0.00,0.00,0.00,0.00,0.00
9980182,Patnt,HrDom,Depl,165,0.00,0.00,1.00,4.00,0.00,1.00,0.00,0.00,0.00,12.00,0.00,7.00,0.00,0.00,0.00,0.00
9980182,Patnt,SbSha,Depl,175,0.00,0.00,2.00,22.00,0.00,0.00,0.00,0.00,0.00,0.00,0.00,0.00,0.00,0.00,0.00,0.00
9980183,3w,HrdMw,Depl,165,0.00,0.00,2.00,6.00,1.00,2.00,0.00,0.00,0.00,7.00,0.00,7.00,0.00,0.00,0.00,0.00
9980183,3w,SbDee,Depl,175,0.00,0.00,1.00,22.00,0.00,0.00,0.00,0.00,0.00,0.00,0.00,0.00,0.00,0.00,0.00,0.00
9980183,Patnt,HrdMw,Depl,165,0.00,0.00,2.00,6.00,1.00,2.00,0.00,0.00,0.00,7.00,0.00,7.00,0.00,0.00,0.00,0.00
9980183,Patnt,SbDee,Depl,175,0.00,0.00,1.00,22.00,0.00,0.00,0.00,0.00,0.00,0.00,0.00,0.00,0.00,0.00,0.00,0.00
9980184,3w,ConMx,Depl,165,0.00,0.00,4.00,10.00,0.00,2.00,0.00,0.00,0.00,4.00,0.00,4.00,0.00,0.00,0.00,0.00
9980184,3w,PjSha,Depl,175,0.00,0.00,20.00,3.00,0.00,0.00,0.00,0.00,0.00,1.00,0.00,1.00,0.00,0.00,0.00,0.00
9980184,Patnt,ConMx,Depl,165,0.00,0.00,4.00,10.00,0.00,2.00,0.00,0.00,0.00,4.00,0.00,4.00,0.00,0.00,0.00,0.00
9980184,Patnt,PjSha,Depl,175,0.00,0.00,20.00,3.00,0.00,0.00,0.00,0.00,0.00,1.00,0.00,1.00,0.00,0.00,0.00,0.00
9980185,3w,PjDee,Depl,175,0.00,0.00,21.00,2.00,0.00,0.00,0.00,0.00,0.00,1.00,0.00,0.00,0.00,0.00,0.00,0.00
9980185,Patnt,PjDee,Depl,175,0.00,0.00,21.00,2.00,0.00,0.00,0.00,0.00,0.00,1.00,0.00,0.00,0.00,0.00,0.00,0.00
9980186,3w,PoDom,Depl,175,0.00,0.00,1.00,2.00,0.00,0.00,0.00,0.00,0.00,20.00,0.00,2.00,0.00,0.00,0.00,0.00
9980186,3w,PwDom,Depl,185,12.00,0.00,0.00,3.00,0.00,2.00,0.00,0.00,0.00,2.00,0.00,4.00,0.00,0.00,0.00,0.00
9980186,Patnt,PoDom,Depl,175,0.00,0.00,1.00,2.00,0.00,0.00,0.00,0.00,0.00,20.00,0.00,2.00,0.00,0.00,0.00,0.00
9980186,Patnt,PwDom,Depl,185,12.00,0.00,0.00,3.00,0.00,2.00,0.00,0.00,0.00,2.00,0.00,4.00,0.00,0.00,0.00,0.00
9980187,3w,BwDom,Depl,175,0.00,0.00,0.00,4.00,0.00,1.00,0.00,0.00,0.00,2.00,0.00,18.00,0.00,0.00,0.00,0.00
9980187,3w,PrDom,Depl,185,0.00,23.00,0.00,1.00,0.00,0.00,0.00,0.00,0.00,0.00,0.00,0.00,0.00,0.00,0.00,0.00
9980187,Patnt,BwDom,Depl,175,0.00,0.00,0.00,4.00,0.00,1.00,0.00,0.00,0.00,2.00,0.00,18.00,0.00,0.00,0.00,0.00
9980187,Patnt,PrDom,Depl,185,0.00,23.00,0.00,1.00,0.00,0.00,0.00,0.00,0.00,0.00,0.00,0.00,0.00,0.00,0.00,0.00
9980188,3w,PrwMx,Depl,185,1.00,12.00,4.00,5.00,0.00,1.00,0.00,0.00,0.00,2.00,0.00,1.00,0.00,0.00,0.00,0.00
9980188,3w,TolHd,Depl,175,0.00,0.00,0.00,3.00,1.00,0.00,1.00,0.00,0.00,3.00,0.00,3.00,0.00,0.00,0.00,14.00
9980188,Patnt,PrwMx,Depl,185,1.00,12.00,4.00,5.00,0.00,1.00,0.00,0.00,0.00,2.00,0.00,1.00,0.00,0.00,0.00,0.00
9980188,Patnt,TolHd,Depl,175,0.00,0.00,0.00,3.00,1.00,0.00,1.00,0.00,0.00,3.00,0.00,3.00,0.00,0.00,0.00,14.00
9980189,3w,SbMx1,Depl,175,0.00,0.00,6.00,14.00,1.00,1.00,0.00,0.00,0.00,2.00,0.00,1.00,0.00,0.00,0.00,0.00
9980189,3w,UplCe,Depl,185,0.00,0.00,0.00,4.00,1.00,1.00,14.00,0.00,0.00,1.00,0.00,3.00,0.00,0.00,0.00,0.00
9980189,Patnt,SbMx1,Depl,175,0.00,0.00,6.00,14.00,1.00,1.00,0.00,0.00,0.00,2.00,0.00,1.00,0.00,0.00,0.00,0.00
9980189,Patnt,UplCe,Depl,185,0.00,0.00,0.00,4.00,1.00,1.00,14.00,0.00,0.00,1.00,0.00,3.00,0.00,0.00,0.00,0.00
9980190,3w,OCLow,Depl,185,0.00,0.00,0.00,8.00,0.00,0.00,8.00,9.00,0.00,0.00,0.00,0.00,0.00,0.00,0.00,0.00
9980190,3w,PjMx1,Depl,175,0.00,0.00,14.00,8.00,0.00,0.00,0.00,0.00,0.00,2.00,0.00,1.00,0.00,0.00,0.00,0.00
9980190,Patnt,OCLow,Depl,185,0.00,0.00,0.00,8.00,0.00,0.00,8.00,9.00,0.00,0.00,0.00,0.00,0.00,0.00,0.00,0.00
9980190,Patnt,PjMx1,Depl,175,0.00,0.00,14.00,8.00,0.00,0.00,0.00,0.00,0.00,2.00,0.00,1.00,0.00,0.00,0.00,0.00
9980191,3w,BfMx,Depl,175,0.00,0.00,0.00,8.00,2.00,11.00,0.00,0.00,0.00,1.00,0.00,3.00,0.00,0.00,0.00,0.00
9980191,3w,SbLow,Depl,185,0.00,0.00,0.00,22.00,0.00,0.00,1.00,2.00,0.00,0.00,0.00,0.00,0.00,0.00,0.00,0.00
9980191,Patnt,BfMx,Depl,175,0.00,0.00,0.00,8.00,2.00,11.00,0.00,0.00,0.00,1.00,0.00,3.00,0.00,0.00,0.00,0.00
9980191,Patnt,SbLow,Depl,185,0.00,0.00,0.00,22.00,0.00,0.00,1.00,2.00,0.00,0.00,0.00,0.00,0.00,0.00,0.00,0.00
9980192,3w,HrDom,Depl,175,0.00,0.00,1.00,4.00,0.00,1.00,0.00,0.00,0.00,12.00,0.00,7.00,0.00,0.00,0.00,0.00
9980192,3w,SbSha,Depl,185,0.00,0.00,2.00,22.00,0.00,0.00,0.00,0.00,0.00,0.00,0.00,0.00,0.00,0.00,0.00,0.00
9980192,Patnt,HrDom,Depl,175,0.00,0.00,1.00,4.00,0.00,1.00,0.00,0.00,0.00,12.00,0.00,7.00,0.00,0.00,0.00,0.00
9980192,Patnt,SbSha,Depl,185,0.00,0.00,2.00,22.00,0.00,0.00,0.00,0.00,0.00,0.00,0.00,0.00,0.00,0.00,0.00,0.00
9980193,3w,HrdMw,Depl,175,0.00,0.00,2.00,6.00,1.00,2.00,0.00,0.00,0.00,7.00,0.00,7.00,0.00,0.00,0.00,0.00
9980193,3w,SbDee,Depl,185,0.00,0.00,1.00,22.00,0.00,0.00,0.00,0.00,0.00,0.00,0.00,0.00,0.00,0.00,0.00,0.00
9980193,Patnt,HrdMw,Depl,175,0.00,0.00,2.00,6.00,1.00,2.00,0.00,0.00,0.00,7.00,0.00,7.00,0.00,0.00,0.00,0.00
9980193,Patnt,SbDee,Depl,185,0.00,0.00,1.00,22.00,0.00,0.00,0.00,0.00,0.00,0.00,0.00,0.00,0.00,0.00,0.00,0.00
9980194,3w,ConMx,Depl,175,0.00,0.00,4.00,10.00,0.00,2.00,0.00,0.00,0.00,4.00,0.00,4.00,0.00,0.00,0.00,0.00
9980194,3w,PjSha,Depl,185,0.00,0.00,20.00,3.00,0.00,0.00,0.00,0.00,0.00,1.00,0.00,1.00,0.00,0.00,0.00,0.00
9980194,Patnt,ConMx,Depl,175,0.00,0.00,4.00,10.00,0.00,2.00,0.00,0.00,0.00,4.00,0.00,4.00,0.00,0.00,0.00,0.00
9980194,Patnt,PjSha,Depl,185,0.00,0.00,20.00,3.00,0.00,0.00,0.00,0.00,0.00,1.00,0.00,1.00,0.00,0.00,0.00,0.00
9980195,3w,PjDee,Depl,185,0.00,0.00,21.00,2.00,0.00,0.00,0.00,0.00,0.00,1.00,0.00,0.00,0.00,0.00,0.00,0.00
9980195,Patnt,PjDee,Depl,185,0.00,0.00,21.00,2.00,0.00,0.00,0.00,0.00,0.00,1.00,0.00,0.00,0.00,0.00,0.00,0.00
9980196,3w,PoDom,Depl,185,0.00,0.00,1.00,2.00,0.00,0.00,0.00,0.00,0.00,20.00,0.00,2.00,0.00,0.00,0.00,0.00
9980196,3w,PwDom,Depl,195,12.00,0.00,0.00,3.00,0.00,2.00,0.00,0.00,0.00,2.00,0.00,4.00,0.00,0.00,0.00,0.00
9980196,Patnt,PoDom,Depl,185,0.00,0.00,1.00,2.00,0.00,0.00,0.00,0.00,0.00,20.00,0.00,2.00,0.00,0.00,0.00,0.00
9980196,Patnt,PwDom,Depl,195,12.00,0.00,0.00,3.00,0.00,2.00,0.00,0.00,0.00,2.00,0.00,4.00,0.00,0.00,0.00,0.00
9980197,3w,BwDom,Depl,185,0.00,0.00,0.00,4.00,0.00,1.00,0.00,0.00,0.00,2.00,0.00,18.00,0.00,0.00,0.00,0.00
9980197,3w,PrDom,Depl,195,0.00,23.00,0.00,1.00,0.00,0.00,0.00,0.00,0.00,0.00,0.00,0.00,0.00,0.00,0.00,0.00
9980197,Patnt,BwDom,Depl,185,0.00,0.00,0.00,4.00,0.00,1.00,0.00,0.00,0.00,2.00,0.00,18.00,0.00,0.00,0.00,0.00
9980197,Patnt,PrDom,Depl,195,0.00,23.00,0.00,1.00,0.00,0.00,0.00,0.00,0.00,0.00,0.00,0.00,0.00,0.00,0.00,0.00
9980198,3w,PrwMx,Depl,195,1.00,12.00,4.00,5.00,0.00,1.00,0.00,0.00,0.00,2.00,0.00,1.00,0.00,0.00,0.00,0.00
9980198,3w,TolHd,Depl,185,0.00,0.00,0.00,3.00,1.00,0.00,1.00,0.00,0.00,3.00,0.00,3.00,0.00,0.00,0.00,14.00
9980198,Patnt,PrwMx,Depl,195,1.00,12.00,4.00,5.00,0.00,1.00,0.00,0.00,0.00,2.00,0.00,1.00,0.00,0.00,0.00,0.00
9980198,Patnt,TolHd,Depl,185,0.00,0.00,0.00,3.00,1.00,0.00,1.00,0.00,0.00,3.00,0.00,3.00,0.00,0.00,0.00,14.00
9980199,3w,SbMx1,Depl,185,0.00,0.00,6.00,14.00,1.00,1.00,0.00,0.00,0.00,2.00,0.00,1.00,0.00,0.00,0.00,0.00
9980199,3w,UplCe,Depl,195,0.00,0.00,0.00,4.00,1.00,1.00,14.00,0.00,0.00,1.00,0.00,3.00,0.00,0.00,0.00,0.00
9980199,Patnt,SbMx1,Depl,185,0.00,0.00,6.00,14.00,1.00,1.00,0.00,0.00,0.00,2.00,0.00,1.00,0.00,0.00,0.00,0.00
9980199,Patnt,UplCe,Depl,195,0.00,0.00,0.00,4.00,1.00,1.00,14.00,0.00,0.00,1.00,0.00,3.00,0.00,0.00,0.00,0.00
9980200,3w,OCLow,Depl,195,0.00,0.00,0.00,8.00,0.00,0.00,8.00,9.00,0.00,0.00,0.00,0.00,0.00,0.00,0.00,0.00
9980200,3w,PjMx1,Depl,185,0.00,0.00,14.00,8.00,0.00,0.00,0.00,0.00,0.00,2.00,0.00,1.00,0.00,0.00,0.00,0.00
9980200,Patnt,OCLow,Depl,195,0.00,0.00,0.00,8.00,0.00,0.00,8.00,9.00,0.00,0.00,0.00,0.00,0.00,0.00,0.00,0.00
9980200,Patnt,PjMx1,Depl,185,0.00,0.00,14.00,8.00,0.00,0.00,0.00,0.00,0.00,2.00,0.00,1.00,0.00,0.00,0.00,0.00
9980201,3w,BfMx,Depl,185,0.00,0.00,0.00,8.00,2.00,11.00,0.00,0.00,0.00,1.00,0.00,3.00,0.00,0.00,0.00,0.00
9980201,3w,SbLow,Depl,195,0.00,0.00,0.00,22.00,0.00,0.00,1.00,2.00,0.00,0.00,0.00,0.00,0.00,0.00,0.00,0.00
9980201,Patnt,BfMx,Depl,185,0.00,0.00,0.00,8.00,2.00,11.00,0.00,0.00,0.00,1.00,0.00,3.00,0.00,0.00,0.00,0.00
9980201,Patnt,SbLow,Depl,195,0.00,0.00,0.00,22.00,0.00,0.00,1.00,2.00,0.00,0.00,0.00,0.00,0.00,0.00,0.00,0.00
9980202,3w,HrDom,Depl,185,0.00,0.00,1.00,4.00,0.00,1.00,0.00,0.00,0.00,12.00,0.00,7.00,0.00,0.00,0.00,0.00
9980202,3w,SbSha,Depl,195,0.00,0.00,2.00,22.00,0.00,0.00,0.00,0.00,0.00,0.00,0.00,0.00,0.00,0.00,0.00,0.00
9980202,Patnt,HrDom,Depl,185,0.00,0.00,1.00,4.00,0.00,1.00,0.00,0.00,0.00,12.00,0.00,7.00,0.00,0.00,0.00,0.00
9980202,Patnt,SbSha,Depl,195,0.00,0.00,2.00,22.00,0.00,0.00,0.00,0.00,0.00,0.00,0.00,0.00,0.00,0.00,0.00,0.00
9980203,3w,HrdMw,Depl,185,0.00,0.00,2.00,6.00,1.00,2.00,0.00,0.00,0.00,7.00,0.00,7.00,0.00,0.00,0.00,0.00
9980203,3w,SbDee,Depl,195,0.00,0.00,1.00,22.00,0.00,0.00,0.00,0.00,0.00,0.00,0.00,0.00,0.00,0.00,0.00,0.00
9980203,Patnt,HrdMw,Depl,185,0.00,0.00,2.00,6.00,1.00,2.00,0.00,0.00,0.00,7.00,0.00,7.00,0.00,0.00,0.00,0.00
9980203,Patnt,SbDee,Depl,195,0.00,0.00,1.00,22.00,0.00,0.00,0.00,0.00,0.00,0.00,0.00,0.00,0.00,0.00,0.00,0.00
9980204,3w,ConMx,Depl,185,0.00,0.00,4.00,10.00,0.00,2.00,0.00,0.00,0.00,4.00,0.00,4.00,0.00,0.00,0.00,0.00
9980204,3w,PjSha,Depl,195,0.00,0.00,20.00,3.00,0.00,0.00,0.00,0.00,0.00,1.00,0.00,1.00,0.00,0.00,0.00,0.00
9980204,Patnt,ConMx,Depl,185,0.00,0.00,4.00,10.00,0.00,2.00,0.00,0.00,0.00,4.00,0.00,4.00,0.00,0.00,0.00,0.00
9980204,Patnt,PjSha,Depl,195,0.00,0.00,20.00,3.00,0.00,0.00,0.00,0.00,0.00,1.00,0.00,1.00,0.00,0.00,0.00,0.00
9980205,3w,PjDee,Depl,195,0.00,0.00,21.00,2.00,0.00,0.00,0.00,0.00,0.00,1.00,0.00,0.00,0.00,0.00,0.00,0.00
9980205,Patnt,PjDee,Depl,195,0.00,0.00,21.00,2.00,0.00,0.00,0.00,0.00,0.00,1.00,0.00,0.00,0.00,0.00,0.00,0.00
9980206,3w,PoDom,Depl,195,0.00,0.00,1.00,2.00,0.00,0.00,0.00,0.00,0.00,20.00,0.00,2.00,0.00,0.00,0.00,0.00
9980206,3w,PwDom,Depl,205,12.00,0.00,0.00,3.00,0.00,2.00,0.00,0.00,0.00,2.00,0.00,4.00,0.00,0.00,0.00,0.00
9980206,Patnt,PoDom,Depl,195,0.00,0.00,1.00,2.00,0.00,0.00,0.00,0.00,0.00,20.00,0.00,2.00,0.00,0.00,0.00,0.00
9980206,Patnt,PwDom,Depl,205,12.00,0.00,0.00,3.00,0.00,2.00,0.00,0.00,0.00,2.00,0.00,4.00,0.00,0.00,0.00,0.00
9980207,3w,BwDom,Depl,195,0.00,0.00,0.00,4.00,0.00,1.00,0.00,0.00,0.00,2.00,0.00,18.00,0.00,0.00,0.00,0.00
9980207,3w,PrDom,Depl,205,0.00,23.00,0.00,1.00,0.00,0.00,0.00,0.00,0.00,0.00,0.00,0.00,0.00,0.00,0.00,0.00
9980207,Patnt,BwDom,Depl,195,0.00,0.00,0.00,4.00,0.00,1.00,0.00,0.00,0.00,2.00,0.00,18.00,0.00,0.00,0.00,0.00
9980207,Patnt,PrDom,Depl,205,0.00,23.00,0.00,1.00,0.00,0.00,0.00,0.00,0.00,0.00,0.00,0.00,0.00,0.00,0.00,0.00
9980208,3w,PrwMx,Depl,205,1.00,12.00,4.00,5.00,0.00,1.00,0.00,0.00,0.00,2.00,0.00,1.00,0.00,0.00,0.00,0.00
9980208,3w,TolHd,Depl,195,0.00,0.00,0.00,3.00,1.00,0.00,1.00,0.00,0.00,3.00,0.00,3.00,0.00,0.00,0.00,14.00
9980208,Patnt,PrwMx,Depl,205,1.00,12.00,4.00,5.00,0.00,1.00,0.00,0.00,0.00,2.00,0.00,1.00,0.00,0.00,0.00,0.00
9980208,Patnt,TolHd,Depl,195,0.00,0.00,0.00,3.00,1.00,0.00,1.00,0.00,0.00,3.00,0.00,3.00,0.00,0.00,0.00,14.00
9980209,3w,SbMx1,Depl,195,0.00,0.00,6.00,14.00,1.00,1.00,0.00,0.00,0.00,2.00,0.00,1.00,0.00,0.00,0.00,0.00
9980209,3w,UplCe,Depl,205,0.00,0.00,0.00,4.00,1.00,1.00,14.00,0.00,0.00,1.00,0.00,3.00,0.00,0.00,0.00,0.00
9980209,Patnt,SbMx1,Depl,195,0.00,0.00,6.00,14.00,1.00,1.00,0.00,0.00,0.00,2.00,0.00,1.00,0.00,0.00,0.00,0.00
9980209,Patnt,UplCe,Depl,205,0.00,0.00,0.00,4.00,1.00,1.00,14.00,0.00,0.00,1.00,0.00,3.00,0.00,0.00,0.00,0.00
9980210,3w,OCLow,Depl,205,0.00,0.00,0.00,8.00,0.00,0.00,8.00,9.00,0.00,0.00,0.00,0.00,0.00,0.00,0.00,0.00
9980210,3w,PjMx1,Depl,195,0.00,0.00,14.00,8.00,0.00,0.00,0.00,0.00,0.00,2.00,0.00,1.00,0.00,0.00,0.00,0.00
9980210,Patnt,OCLow,Depl,205,0.00,0.00,0.00,8.00,0.00,0.00,8.00,9.00,0.00,0.00,0.00,0.00,0.00,0.00,0.00,0.00
9980210,Patnt,PjMx1,Depl,195,0.00,0.00,14.00,8.00,0.00,0.00,0.00,0.00,0.00,2.00,0.00,1.00,0.00,0.00,0.00,0.00
9980211,3w,BfMx,Depl,195,0.00,0.00,0.00,8.00,2.00,11.00,0.00,0.00,0.00,1.00,0.00,3.00,0.00,0.00,0.00,0.00
9980211,3w,SbLow,Depl,205,0.00,0.00,0.00,22.00,0.00,0.00,1.00,2.00,0.00,0.00,0.00,0.00,0.00,0.00,0.00,0.00
9980211,Patnt,BfMx,Depl,195,0.00,0.00,0.00,8.00,2.00,11.00,0.00,0.00,0.00,1.00,0.00,3.00,0.00,0.00,0.00,0.00
9980211,Patnt,SbLow,Depl,205,0.00,0.00,0.00,22.00,0.00,0.00,1.00,2.00,0.00,0.00,0.00,0.00,0.00,0.00,0.00,0.00
9980212,3w,HrDom,Depl,195,0.00,0.00,1.00,4.00,0.00,1.00,0.00,0.00,0.00,12.00,0.00,7.00,0.00,0.00,0.00,0.00
9980212,3w,SbSha,Depl,205,0.00,0.00,2.00,22.00,0.00,0.00,0.00,0.00,0.00,0.00,0.00,0.00,0.00,0.00,0.00,0.00
9980212,Patnt,HrDom,Depl,195,0.00,0.00,1.00,4.00,0.00,1.00,0.00,0.00,0.00,12.00,0.00,7.00,0.00,0.00,0.00,0.00
9980212,Patnt,SbSha,Depl,205,0.00,0.00,2.00,22.00,0.00,0.00,0.00,0.00,0.00,0.00,0.00,0.00,0.00,0.00,0.00,0.00
9980213,3w,HrdMw,Depl,195,0.00,0.00,2.00,6.00,1.00,2.00,0.00,0.00,0.00,7.00,0.00,7.00,0.00,0.00,0.00,0.00
9980213,3w,SbDee,Depl,205,0.00,0.00,1.00,22.00,0.00,0.00,0.00,0.00,0.00,0.00,0.00,0.00,0.00,0.00,0.00,0.00
9980213,Patnt,HrdMw,Depl,195,0.00,0.00,2.00,6.00,1.00,2.00,0.00,0.00,0.00,7.00,0.00,7.00,0.00,0.00,0.00,0.00
9980213,Patnt,SbDee,Depl,205,0.00,0.00,1.00,22.00,0.00,0.00,0.00,0.00,0.00,0.00,0.00,0.00,0.00,0.00,0.00,0.00
9980214,3w,ConMx,Depl,195,0.00,0.00,4.00,10.00,0.00,2.00,0.00,0.00,0.00,4.00,0.00,4.00,0.00,0.00,0.00,0.00
9980214,3w,PjSha,Depl,205,0.00,0.00,20.00,3.00,0.00,0.00,0.00,0.00,0.00,1.00,0.00,1.00,0.00,0.00,0.00,0.00
9980214,Patnt,ConMx,Depl,195,0.00,0.00,4.00,10.00,0.00,2.00,0.00,0.00,0.00,4.00,0.00,4.00,0.00,0.00,0.00,0.00
9980214,Patnt,PjSha,Depl,205,0.00,0.00,20.00,3.00,0.00,0.00,0.00,0.00,0.00,1.00,0.00,1.00,0.00,0.00,0.00,0.00
9980215,3w,PjDee,Depl,205,0.00,0.00,21.00,2.00,0.00,0.00,0.00,0.00,0.00,1.00,0.00,0.00,0.00,0.00,0.00,0.00
9980215,Patnt,PjDee,Depl,205,0.00,0.00,21.00,2.00,0.00,0.00,0.00,0.00,0.00,1.00,0.00,0.00,0.00,0.00,0.00,0.00
9980216,3w,PoDom,Depl,205,0.00,0.00,1.00,2.00,0.00,0.00,0.00,0.00,0.00,20.00,0.00,2.00,0.00,0.00,0.00,0.00
9980216,3w,PwDom,Depl,215,12.00,0.00,0.00,3.00,0.00,2.00,0.00,0.00,0.00,2.00,0.00,4.00,0.00,0.00,0.00,0.00
9980216,Patnt,PoDom,Depl,205,0.00,0.00,1.00,2.00,0.00,0.00,0.00,0.00,0.00,20.00,0.00,2.00,0.00,0.00,0.00,0.00
9980216,Patnt,PwDom,Depl,215,12.00,0.00,0.00,3.00,0.00,2.00,0.00,0.00,0.00,2.00,0.00,4.00,0.00,0.00,0.00,0.00
9980217,3w,BwDom,Depl,205,0.00,0.00,0.00,4.00,0.00,1.00,0.00,0.00,0.00,2.00,0.00,18.00,0.00,0.00,0.00,0.00
9980217,3w,PrDom,Depl,215,0.00,23.00,0.00,1.00,0.00,0.00,0.00,0.00,0.00,0.00,0.00,0.00,0.00,0.00,0.00,0.00
9980217,Patnt,BwDom,Depl,205,0.00,0.00,0.00,4.00,0.00,1.00,0.00,0.00,0.00,2.00,0.00,18.00,0.00,0.00,0.00,0.00
9980217,Patnt,PrDom,Depl,215,0.00,23.00,0.00,1.00,0.00,0.00,0.00,0.00,0.00,0.00,0.00,0.00,0.00,0.00,0.00,0.00
9980218,3w,PrwMx,Depl,215,1.00,12.00,4.00,5.00,0.00,1.00,0.00,0.00,0.00,2.00,0.00,1.00,0.00,0.00,0.00,0.00
9980218,3w,TolHd,Depl,205,0.00,0.00,0.00,3.00,1.00,0.00,1.00,0.00,0.00,3.00,0.00,3.00,0.00,0.00,0.00,14.00
9980218,Patnt,PrwMx,Depl,215,1.00,12.00,4.00,5.00,0.00,1.00,0.00,0.00,0.00,2.00,0.00,1.00,0.00,0.00,0.00,0.00
9980218,Patnt,TolHd,Depl,205,0.00,0.00,0.00,3.00,1.00,0.00,1.00,0.00,0.00,3.00,0.00,3.00,0.00,0.00,0.00,14.00
9980219,3w,SbMx1,Depl,205,0.00,0.00,6.00,14.00,1.00,1.00,0.00,0.00,0.00,2.00,0.00,1.00,0.00,0.00,0.00,0.00
9980219,3w,UplCe,Depl,215,0.00,0.00,0.00,4.00,1.00,1.00,14.00,0.00,0.00,1.00,0.00,3.00,0.00,0.00,0.00,0.00
9980219,Patnt,SbMx1,Depl,205,0.00,0.00,6.00,14.00,1.00,1.00,0.00,0.00,0.00,2.00,0.00,1.00,0.00,0.00,0.00,0.00
9980219,Patnt,UplCe,Depl,215,0.00,0.00,0.00,4.00,1.00,1.00,14.00,0.00,0.00,1.00,0.00,3.00,0.00,0.00,0.00,0.00
9980220,3w,OCLow,Depl,215,0.00,0.00,0.00,8.00,0.00,0.00,8.00,9.00,0.00,0.00,0.00,0.00,0.00,0.00,0.00,0.00
9980220,3w,PjMx1,Depl,205,0.00,0.00,14.00,8.00,0.00,0.00,0.00,0.00,0.00,2.00,0.00,1.00,0.00,0.00,0.00,0.00
9980220,Patnt,OCLow,Depl,215,0.00,0.00,0.00,8.00,0.00,0.00,8.00,9.00,0.00,0.00,0.00,0.00,0.00,0.00,0.00,0.00
9980220,Patnt,PjMx1,Depl,205,0.00,0.00,14.00,8.00,0.00,0.00,0.00,0.00,0.00,2.00,0.00,1.00,0.00,0.00,0.00,0.00
9980221,3w,BfMx,Depl,205,0.00,0.00,0.00,8.00,2.00,11.00,0.00,0.00,0.00,1.00,0.00,3.00,0.00,0.00,0.00,0.00
9980221,3w,SbLow,Depl,215,0.00,0.00,0.00,22.00,0.00,0.00,1.00,2.00,0.00,0.00,0.00,0.00,0.00,0.00,0.00,0.00
9980221,Patnt,BfMx,Depl,205,0.00,0.00,0.00,8.00,2.00,11.00,0.00,0.00,0.00,1.00,0.00,3.00,0.00,0.00,0.00,0.00
9980221,Patnt,SbLow,Depl,215,0.00,0.00,0.00,22.00,0.00,0.00,1.00,2.00,0.00,0.00,0.00,0.00,0.00,0.00,0.00,0.00
9980222,3w,HrDom,Depl,205,0.00,0.00,1.00,4.00,0.00,1.00,0.00,0.00,0.00,12.00,0.00,7.00,0.00,0.00,0.00,0.00
9980222,3w,SbSha,Depl,215,0.00,0.00,2.00,22.00,0.00,0.00,0.00,0.00,0.00,0.00,0.00,0.00,0.00,0.00,0.00,0.00
9980222,Patnt,HrDom,Depl,205,0.00,0.00,1.00,4.00,0.00,1.00,0.00,0.00,0.00,12.00,0.00,7.00,0.00,0.00,0.00,0.00
9980222,Patnt,SbSha,Depl,215,0.00,0.00,2.00,22.00,0.00,0.00,0.00,0.00,0.00,0.00,0.00,0.00,0.00,0.00,0.00,0.00
9980223,3w,HrdMw,Depl,205,0.00,0.00,2.00,6.00,1.00,2.00,0.00,0.00,0.00,7.00,0.00,7.00,0.00,0.00,0.00,0.00
9980223,3w,SbDee,Depl,215,0.00,0.00,1.00,22.00,0.00,0.00,0.00,0.00,0.00,0.00,0.00,0.00,0.00,0.00,0.00,0.00
9980223,Patnt,HrdMw,Depl,205,0.00,0.00,2.00,6.00,1.00,2.00,0.00,0.00,0.00,7.00,0.00,7.00,0.00,0.00,0.00,0.00
9980223,Patnt,SbDee,Depl,215,0.00,0.00,1.00,22.00,0.00,0.00,0.00,0.00,0.00,0.00,0.00,0.00,0.00,0.00,0.00,0.00
9980224,3w,ConMx,Depl,205,0.00,0.00,4.00,10.00,0.00,2.00,0.00,0.00,0.00,4.00,0.00,4.00,0.00,0.00,0.00,0.00
9980224,3w,PjSha,Depl,215,0.00,0.00,20.00,3.00,0.00,0.00,0.00,0.00,0.00,1.00,0.00,1.00,0.00,0.00,0.00,0.00
9980224,Patnt,ConMx,Depl,205,0.00,0.00,4.00,10.00,0.00,2.00,0.00,0.00,0.00,4.00,0.00,4.00,0.00,0.00,0.00,0.00
9980224,Patnt,PjSha,Depl,215,0.00,0.00,20.00,3.00,0.00,0.00,0.00,0.00,0.00,1.00,0.00,1.00,0.00,0.00,0.00,0.00
9980225,3w,PjDee,Depl,215,0.00,0.00,21.00,2.00,0.00,0.00,0.00,0.00,0.00,1.00,0.00,0.00,0.00,0.00,0.00,0.00
9980225,Patnt,PjDee,Depl,215,0.00,0.00,21.00,2.00,0.00,0.00,0.00,0.00,0.00,1.00,0.00,0.00,0.00,0.00,0.00,0.00
9980226,3w,PoDom,Depl,215,0.00,0.00,1.00,2.00,0.00,0.00,0.00,0.00,0.00,20.00,0.00,2.00,0.00,0.00,0.00,0.00
9980226,3w,PwDom,Depl,225,12.00,0.00,0.00,3.00,0.00,2.00,0.00,0.00,0.00,2.00,0.00,4.00,0.00,0.00,0.00,0.00
9980226,Patnt,PoDom,Depl,215,0.00,0.00,1.00,2.00,0.00,0.00,0.00,0.00,0.00,20.00,0.00,2.00,0.00,0.00,0.00,0.00
9980226,Patnt,PwDom,Depl,225,12.00,0.00,0.00,3.00,0.00,2.00,0.00,0.00,0.00,2.00,0.00,4.00,0.00,0.00,0.00,0.00
9980227,3w,BwDom,Depl,215,0.00,0.00,0.00,4.00,0.00,1.00,0.00,0.00,0.00,2.00,0.00,18.00,0.00,0.00,0.00,0.00
9980227,3w,PrDom,Depl,225,0.00,23.00,0.00,1.00,0.00,0.00,0.00,0.00,0.00,0.00,0.00,0.00,0.00,0.00,0.00,0.00
9980227,Patnt,BwDom,Depl,215,0.00,0.00,0.00,4.00,0.00,1.00,0.00,0.00,0.00,2.00,0.00,18.00,0.00,0.00,0.00,0.00
9980227,Patnt,PrDom,Depl,225,0.00,23.00,0.00,1.00,0.00,0.00,0.00,0.00,0.00,0.00,0.00,0.00,0.00,0.00,0.00,0.00
9980228,3w,PrwMx,Depl,225,1.00,12.00,4.00,5.00,0.00,1.00,0.00,0.00,0.00,2.00,0.00,1.00,0.00,0.00,0.00,0.00
9980228,3w,TolHd,Depl,215,0.00,0.00,0.00,3.00,1.00,0.00,1.00,0.00,0.00,3.00,0.00,3.00,0.00,0.00,0.00,14.00
9980228,Patnt,PrwMx,Depl,225,1.00,12.00,4.00,5.00,0.00,1.00,0.00,0.00,0.00,2.00,0.00,1.00,0.00,0.00,0.00,0.00
9980228,Patnt,TolHd,Depl,215,0.00,0.00,0.00,3.00,1.00,0.00,1.00,0.00,0.00,3.00,0.00,3.00,0.00,0.00,0.00,14.00
9980229,3w,SbMx1,Depl,215,0.00,0.00,6.00,14.00,1.00,1.00,0.00,0.00,0.00,2.00,0.00,1.00,0.00,0.00,0.00,0.00
9980229,3w,UplCe,Depl,225,0.00,0.00,0.00,4.00,1.00,1.00,14.00,0.00,0.00,1.00,0.00,3.00,0.00,0.00,0.00,0.00
9980229,Patnt,SbMx1,Depl,215,0.00,0.00,6.00,14.00,1.00,1.00,0.00,0.00,0.00,2.00,0.00,1.00,0.00,0.00,0.00,0.00
9980229,Patnt,UplCe,Depl,225,0.00,0.00,0.00,4.00,1.00,1.00,14.00,0.00,0.00,1.00,0.00,3.00,0.00,0.00,0.00,0.00
9980230,3w,OCLow,Depl,225,0.00,0.00,0.00,8.00,0.00,0.00,8.00,9.00,0.00,0.00,0.00,0.00,0.00,0.00,0.00,0.00
9980230,3w,PjMx1,Depl,215,0.00,0.00,14.00,8.00,0.00,0.00,0.00,0.00,0.00,2.00,0.00,1.00,0.00,0.00,0.00,0.00
9980230,Patnt,OCLow,Depl,225,0.00,0.00,0.00,8.00,0.00,0.00,8.00,9.00,0.00,0.00,0.00,0.00,0.00,0.00,0.00,0.00
9980230,Patnt,PjMx1,Depl,215,0.00,0.00,14.00,8.00,0.00,0.00,0.00,0.00,0.00,2.00,0.00,1.00,0.00,0.00,0.00,0.00
9980231,3w,BfMx,Depl,215,0.00,0.00,0.00,8.00,2.00,11.00,0.00,0.00,0.00,1.00,0.00,3.00,0.00,0.00,0.00,0.00
9980231,3w,SbLow,Depl,225,0.00,0.00,0.00,22.00,0.00,0.00,1.00,2.00,0.00,0.00,0.00,0.00,0.00,0.00,0.00,0.00
9980231,Patnt,BfMx,Depl,215,0.00,0.00,0.00,8.00,2.00,11.00,0.00,0.00,0.00,1.00,0.00,3.00,0.00,0.00,0.00,0.00
9980231,Patnt,SbLow,Depl,225,0.00,0.00,0.00,22.00,0.00,0.00,1.00,2.00,0.00,0.00,0.00,0.00,0.00,0.00,0.00,0.00
9980232,3w,HrDom,Depl,215,0.00,0.00,1.00,4.00,0.00,1.00,0.00,0.00,0.00,12.00,0.00,7.00,0.00,0.00,0.00,0.00
9980232,3w,SbSha,Depl,225,0.00,0.00,2.00,22.00,0.00,0.00,0.00,0.00,0.00,0.00,0.00,0.00,0.00,0.00,0.00,0.00
9980232,Patnt,HrDom,Depl,215,0.00,0.00,1.00,4.00,0.00,1.00,0.00,0.00,0.00,12.00,0.00,7.00,0.00,0.00,0.00,0.00
9980232,Patnt,SbSha,Depl,225,0.00,0.00,2.00,22.00,0.00,0.00,0.00,0.00,0.00,0.00,0.00,0.00,0.00,0.00,0.00,0.00
9980233,3w,HrdMw,Depl,215,0.00,0.00,2.00,6.00,1.00,2.00,0.00,0.00,0.00,7.00,0.00,7.00,0.00,0.00,0.00,0.00
9980233,3w,SbDee,Depl,225,0.00,0.00,1.00,22.00,0.00,0.00,0.00,0.00,0.00,0.00,0.00,0.00,0.00,0.00,0.00,0.00
9980233,Patnt,HrdMw,Depl,215,0.00,0.00,2.00,6.00,1.00,2.00,0.00,0.00,0.00,7.00,0.00,7.00,0.00,0.00,0.00,0.00
9980233,Patnt,SbDee,Depl,225,0.00,0.00,1.00,22.00,0.00,0.00,0.00,0.00,0.00,0.00,0.00,0.00,0.00,0.00,0.00,0.00
9980234,3w,ConMx,Depl,215,0.00,0.00,4.00,10.00,0.00,2.00,0.00,0.00,0.00,4.00,0.00,4.00,0.00,0.00,0.00,0.00
9980234,3w,PjSha,Depl,225,0.00,0.00,20.00,3.00,0.00,0.00,0.00,0.00,0.00,1.00,0.00,1.00,0.00,0.00,0.00,0.00
9980234,Patnt,ConMx,Depl,215,0.00,0.00,4.00,10.00,0.00,2.00,0.00,0.00,0.00,4.00,0.00,4.00,0.00,0.00,0.00,0.00
9980234,Patnt,PjSha,Depl,225,0.00,0.00,20.00,3.00,0.00,0.00,0.00,0.00,0.00,1.00,0.00,1.00,0.00,0.00,0.00,0.00
9980235,3w,PjDee,Depl,225,0.00,0.00,21.00,2.00,0.00,0.00,0.00,0.00,0.00,1.00,0.00,0.00,0.00,0.00,0.00,0.00
9980235,Patnt,PjDee,Depl,225,0.00,0.00,21.00,2.00,0.00,0.00,0.00,0.00,0.00,1.00,0.00,0.00,0.00,0.00,0.00,0.00
9980236,3w,PoDom,Depl,225,0.00,0.00,1.00,2.00,0.00,0.00,0.00,0.00,0.00,20.00,0.00,2.00,0.00,0.00,0.00,0.00
9980236,3w,PwDom,Depl,235,12.00,0.00,0.00,3.00,0.00,2.00,0.00,0.00,0.00,2.00,0.00,4.00,0.00,0.00,0.00,0.00
9980236,Patnt,PoDom,Depl,225,0.00,0.00,1.00,2.00,0.00,0.00,0.00,0.00,0.00,20.00,0.00,2.00,0.00,0.00,0.00,0.00
9980236,Patnt,PwDom,Depl,235,12.00,0.00,0.00,3.00,0.00,2.00,0.00,0.00,0.00,2.00,0.00,4.00,0.00,0.00,0.00,0.00
9980237,3w,BwDom,Depl,225,0.00,0.00,0.00,4.00,0.00,1.00,0.00,0.00,0.00,2.00,0.00,18.00,0.00,0.00,0.00,0.00
9980237,3w,PrDom,Depl,235,0.00,23.00,0.00,1.00,0.00,0.00,0.00,0.00,0.00,0.00,0.00,0.00,0.00,0.00,0.00,0.00
9980237,Patnt,BwDom,Depl,225,0.00,0.00,0.00,4.00,0.00,1.00,0.00,0.00,0.00,2.00,0.00,18.00,0.00,0.00,0.00,0.00
9980237,Patnt,PrDom,Depl,235,0.00,23.00,0.00,1.00,0.00,0.00,0.00,0.00,0.00,0.00,0.00,0.00,0.00,0.00,0.00,0.00
9980238,3w,PrwMx,Depl,235,1.00,12.00,4.00,5.00,0.00,1.00,0.00,0.00,0.00,2.00,0.00,1.00,0.00,0.00,0.00,0.00
9980238,3w,TolHd,Depl,225,0.00,0.00,0.00,3.00,1.00,0.00,1.00,0.00,0.00,3.00,0.00,3.00,0.00,0.00,0.00,14.00
9980238,Patnt,PrwMx,Depl,235,1.00,12.00,4.00,5.00,0.00,1.00,0.00,0.00,0.00,2.00,0.00,1.00,0.00,0.00,0.00,0.00
9980238,Patnt,TolHd,Depl,225,0.00,0.00,0.00,3.00,1.00,0.00,1.00,0.00,0.00,3.00,0.00,3.00,0.00,0.00,0.00,14.00
9980239,3w,SbMx1,Depl,225,0.00,0.00,6.00,14.00,1.00,1.00,0.00,0.00,0.00,2.00,0.00,1.00,0.00,0.00,0.00,0.00
9980239,3w,UplCe,Depl,235,0.00,0.00,0.00,4.00,1.00,1.00,14.00,0.00,0.00,1.00,0.00,3.00,0.00,0.00,0.00,0.00
9980239,Patnt,SbMx1,Depl,225,0.00,0.00,6.00,14.00,1.00,1.00,0.00,0.00,0.00,2.00,0.00,1.00,0.00,0.00,0.00,0.00
9980239,Patnt,UplCe,Depl,235,0.00,0.00,0.00,4.00,1.00,1.00,14.00,0.00,0.00,1.00,0.00,3.00,0.00,0.00,0.00,0.00
9980240,3w,OCLow,Depl,235,0.00,0.00,0.00,8.00,0.00,0.00,8.00,9.00,0.00,0.00,0.00,0.00,0.00,0.00,0.00,0.00
9980240,3w,PjMx1,Depl,225,0.00,0.00,14.00,8.00,0.00,0.00,0.00,0.00,0.00,2.00,0.00,1.00,0.00,0.00,0.00,0.00
9980240,Patnt,OCLow,Depl,235,0.00,0.00,0.00,8.00,0.00,0.00,8.00,9.00,0.00,0.00,0.00,0.00,0.00,0.00,0.00,0.00
9980240,Patnt,PjMx1,Depl,225,0.00,0.00,14.00,8.00,0.00,0.00,0.00,0.00,0.00,2.00,0.00,1.00,0.00,0.00,0.00,0.00
9980241,3w,BfMx,Depl,225,0.00,0.00,0.00,8.00,2.00,11.00,0.00,0.00,0.00,1.00,0.00,3.00,0.00,0.00,0.00,0.00
9980241,3w,SbLow,Depl,235,0.00,0.00,0.00,22.00,0.00,0.00,1.00,2.00,0.00,0.00,0.00,0.00,0.00,0.00,0.00,0.00
9980241,Patnt,BfMx,Depl,225,0.00,0.00,0.00,8.00,2.00,11.00,0.00,0.00,0.00,1.00,0.00,3.00,0.00,0.00,0.00,0.00
9980241,Patnt,SbLow,Depl,235,0.00,0.00,0.00,22.00,0.00,0.00,1.00,2.00,0.00,0.00,0.00,0.00,0.00,0.00,0.00,0.00
9980242,3w,HrDom,Depl,225,0.00,0.00,1.00,4.00,0.00,1.00,0.00,0.00,0.00,12.00,0.00,7.00,0.00,0.00,0.00,0.00
9980242,3w,SbSha,Depl,235,0.00,0.00,2.00,22.00,0.00,0.00,0.00,0.00,0.00,0.00,0.00,0.00,0.00,0.00,0.00,0.00
9980242,Patnt,HrDom,Depl,225,0.00,0.00,1.00,4.00,0.00,1.00,0.00,0.00,0.00,12.00,0.00,7.00,0.00,0.00,0.00,0.00
9980242,Patnt,SbSha,Depl,235,0.00,0.00,2.00,22.00,0.00,0.00,0.00,0.00,0.00,0.00,0.00,0.00,0.00,0.00,0.00,0.00
9980243,3w,HrdMw,Depl,225,0.00,0.00,2.00,6.00,1.00,2.00,0.00,0.00,0.00,7.00,0.00,7.00,0.00,0.00,0.00,0.00
9980243,3w,SbDee,Depl,235,0.00,0.00,1.00,22.00,0.00,0.00,0.00,0.00,0.00,0.00,0.00,0.00,0.00,0.00,0.00,0.00
9980243,Patnt,HrdMw,Depl,225,0.00,0.00,2.00,6.00,1.00,2.00,0.00,0.00,0.00,7.00,0.00,7.00,0.00,0.00,0.00,0.00
9980243,Patnt,SbDee,Depl,235,0.00,0.00,1.00,22.00,0.00,0.00,0.00,0.00,0.00,0.00,0.00,0.00,0.00,0.00,0.00,0.00
9980244,3w,ConMx,Depl,225,0.00,0.00,4.00,10.00,0.00,2.00,0.00,0.00,0.00,4.00,0.00,4.00,0.00,0.00,0.00,0.00
9980244,3w,PjSha,Depl,235,0.00,0.00,20.00,3.00,0.00,0.00,0.00,0.00,0.00,1.00,0.00,1.00,0.00,0.00,0.00,0.00
9980244,Patnt,ConMx,Depl,225,0.00,0.00,4.00,10.00,0.00,2.00,0.00,0.00,0.00,4.00,0.00,4.00,0.00,0.00,0.00,0.00
9980244,Patnt,PjSha,Depl,235,0.00,0.00,20.00,3.00,0.00,0.00,0.00,0.00,0.00,1.00,0.00,1.00,0.00,0.00,0.00,0.00
9980245,3w,PjDee,Depl,235,0.00,0.00,21.00,2.00,0.00,0.00,0.00,0.00,0.00,1.00,0.00,0.00,0.00,0.00,0.00,0.00
9980245,Patnt,PjDee,Depl,235,0.00,0.00,21.00,2.00,0.00,0.00,0.00,0.00,0.00,1.00,0.00,0.00,0.00,0.00,0.00,0.00
9980246,3w,PoDom,Depl,235,0.00,0.00,1.00,2.00,0.00,0.00,0.00,0.00,0.00,20.00,0.00,2.00,0.00,0.00,0.00,0.00
9980246,3w,PwDom,Depl,245,12.00,0.00,0.00,3.00,0.00,2.00,0.00,0.00,0.00,2.00,0.00,4.00,0.00,0.00,0.00,0.00
9980246,Patnt,PoDom,Depl,235,0.00,0.00,1.00,2.00,0.00,0.00,0.00,0.00,0.00,20.00,0.00,2.00,0.00,0.00,0.00,0.00
9980246,Patnt,PwDom,Depl,245,12.00,0.00,0.00,3.00,0.00,2.00,0.00,0.00,0.00,2.00,0.00,4.00,0.00,0.00,0.00,0.00
9980247,3w,BwDom,Depl,235,0.00,0.00,0.00,4.00,0.00,1.00,0.00,0.00,0.00,2.00,0.00,18.00,0.00,0.00,0.00,0.00
9980247,3w,PrDom,Depl,245,0.00,23.00,0.00,1.00,0.00,0.00,0.00,0.00,0.00,0.00,0.00,0.00,0.00,0.00,0.00,0.00
9980247,Patnt,BwDom,Depl,235,0.00,0.00,0.00,4.00,0.00,1.00,0.00,0.00,0.00,2.00,0.00,18.00,0.00,0.00,0.00,0.00
9980247,Patnt,PrDom,Depl,245,0.00,23.00,0.00,1.00,0.00,0.00,0.00,0.00,0.00,0.00,0.00,0.00,0.00,0.00,0.00,0.00
9980248,3w,PrwMx,Depl,245,1.00,12.00,4.00,5.00,0.00,1.00,0.00,0.00,0.00,2.00,0.00,1.00,0.00,0.00,0.00,0.00
9980248,3w,TolHd,Depl,235,0.00,0.00,0.00,3.00,1.00,0.00,1.00,0.00,0.00,3.00,0.00,3.00,0.00,0.00,0.00,14.00
9980248,Patnt,PrwMx,Depl,245,1.00,12.00,4.00,5.00,0.00,1.00,0.00,0.00,0.00,2.00,0.00,1.00,0.00,0.00,0.00,0.00
9980248,Patnt,TolHd,Depl,235,0.00,0.00,0.00,3.00,1.00,0.00,1.00,0.00,0.00,3.00,0.00,3.00,0.00,0.00,0.00,14.00
9980249,3w,SbMx1,Depl,235,0.00,0.00,6.00,14.00,1.00,1.00,0.00,0.00,0.00,2.00,0.00,1.00,0.00,0.00,0.00,0.00
9980249,3w,UplCe,Depl,245,0.00,0.00,0.00,4.00,1.00,1.00,14.00,0.00,0.00,1.00,0.00,3.00,0.00,0.00,0.00,0.00
9980249,Patnt,SbMx1,Depl,235,0.00,0.00,6.00,14.00,1.00,1.00,0.00,0.00,0.00,2.00,0.00,1.00,0.00,0.00,0.00,0.00
9980249,Patnt,UplCe,Depl,245,0.00,0.00,0.00,4.00,1.00,1.00,14.00,0.00,0.00,1.00,0.00,3.00,0.00,0.00,0.00,0.00
9980250,3w,OCLow,Depl,245,0.00,0.00,0.00,8.00,0.00,0.00,8.00,9.00,0.00,0.00,0.00,0.00,0.00,0.00,0.00,0.00
9980250,3w,PjMx1,Depl,235,0.00,0.00,14.00,8.00,0.00,0.00,0.00,0.00,0.00,2.00,0.00,1.00,0.00,0.00,0.00,0.00
9980250,Patnt,OCLow,Depl,245,0.00,0.00,0.00,8.00,0.00,0.00,8.00,9.00,0.00,0.00,0.00,0.00,0.00,0.00,0.00,0.00
9980250,Patnt,PjMx1,Depl,235,0.00,0.00,14.00,8.00,0.00,0.00,0.00,0.00,0.00,2.00,0.00,1.00,0.00,0.00,0.00,0.00
9980251,3w,BfMx,Depl,235,0.00,0.00,0.00,8.00,2.00,11.00,0.00,0.00,0.00,1.00,0.00,3.00,0.00,0.00,0.00,0.00
9980251,3w,SbLow,Depl,245,0.00,0.00,0.00,22.00,0.00,0.00,1.00,2.00,0.00,0.00,0.00,0.00,0.00,0.00,0.00,0.00
9980251,Patnt,BfMx,Depl,235,0.00,0.00,0.00,8.00,2.00,11.00,0.00,0.00,0.00,1.00,0.00,3.00,0.00,0.00,0.00,0.00
9980251,Patnt,SbLow,Depl,245,0.00,0.00,0.00,22.00,0.00,0.00,1.00,2.00,0.00,0.00,0.00,0.00,0.00,0.00,0.00,0.00
9980252,3w,HrDom,Depl,235,0.00,0.00,1.00,4.00,0.00,1.00,0.00,0.00,0.00,12.00,0.00,7.00,0.00,0.00,0.00,0.00
9980252,3w,SbSha,Depl,245,0.00,0.00,2.00,22.00,0.00,0.00,0.00,0.00,0.00,0.00,0.00,0.00,0.00,0.00,0.00,0.00
9980252,Patnt,HrDom,Depl,235,0.00,0.00,1.00,4.00,0.00,1.00,0.00,0.00,0.00,12.00,0.00,7.00,0.00,0.00,0.00,0.00
9980252,Patnt,SbSha,Depl,245,0.00,0.00,2.00,22.00,0.00,0.00,0.00,0.00,0.00,0.00,0.00,0.00,0.00,0.00,0.00,0.00
9980253,3w,HrdMw,Depl,235,0.00,0.00,2.00,6.00,1.00,2.00,0.00,0.00,0.00,7.00,0.00,7.00,0.00,0.00,0.00,0.00
9980253,3w,SbDee,Depl,245,0.00,0.00,1.00,22.00,0.00,0.00,0.00,0.00,0.00,0.00,0.00,0.00,0.00,0.00,0.00,0.00
9980253,Patnt,HrdMw,Depl,235,0.00,0.00,2.00,6.00,1.00,2.00,0.00,0.00,0.00,7.00,0.00,7.00,0.00,0.00,0.00,0.00
9980253,Patnt,SbDee,Depl,245,0.00,0.00,1.00,22.00,0.00,0.00,0.00,0.00,0.00,0.00,0.00,0.00,0.00,0.00,0.00,0.00
9980254,3w,ConMx,Depl,235,0.00,0.00,4.00,10.00,0.00,2.00,0.00,0.00,0.00,4.00,0.00,4.00,0.00,0.00,0.00,0.00
9980254,3w,PjSha,Depl,245,0.00,0.00,20.00,3.00,0.00,0.00,0.00,0.00,0.00,1.00,0.00,1.00,0.00,0.00,0.00,0.00
9980254,Patnt,ConMx,Depl,235,0.00,0.00,4.00,10.00,0.00,2.00,0.00,0.00,0.00,4.00,0.00,4.00,0.00,0.00,0.00,0.00
9980254,Patnt,PjSha,Depl,245,0.00,0.00,20.00,3.00,0.00,0.00,0.00,0.00,0.00,1.00,0.00,1.00,0.00,0.00,0.00,0.00
9980255,3w,PjDee,Depl,245,0.00,0.00,21.00,2.00,0.00,0.00,0.00,0.00,0.00,1.00,0.00,0.00,0.00,0.00,0.00,0.00
9980255,Patnt,PjDee,Depl,245,0.00,0.00,21.00,2.00,0.00,0.00,0.00,0.00,0.00,1.00,0.00,0.00,0.00,0.00,0.00,0.00
9980256,3w,PoDom,Depl,245,0.00,0.00,1.00,2.00,0.00,0.00,0.00,0.00,0.00,20.00,0.00,2.00,0.00,0.00,0.00,0.00
9980256,3w,PwDom,Depl,255,12.00,0.00,0.00,3.00,0.00,2.00,0.00,0.00,0.00,2.00,0.00,4.00,0.00,0.00,0.00,0.00
9980256,Patnt,PoDom,Depl,245,0.00,0.00,1.00,2.00,0.00,0.00,0.00,0.00,0.00,20.00,0.00,2.00,0.00,0.00,0.00,0.00
9980256,Patnt,PwDom,Depl,255,12.00,0.00,0.00,3.00,0.00,2.00,0.00,0.00,0.00,2.00,0.00,4.00,0.00,0.00,0.00,0.00
9980257,3w,BwDom,Depl,245,0.00,0.00,0.00,4.00,0.00,1.00,0.00,0.00,0.00,2.00,0.00,18.00,0.00,0.00,0.00,0.00
9980257,3w,PrDom,Depl,255,0.00,23.00,0.00,1.00,0.00,0.00,0.00,0.00,0.00,0.00,0.00,0.00,0.00,0.00,0.00,0.00
9980257,Patnt,BwDom,Depl,245,0.00,0.00,0.00,4.00,0.00,1.00,0.00,0.00,0.00,2.00,0.00,18.00,0.00,0.00,0.00,0.00
9980257,Patnt,PrDom,Depl,255,0.00,23.00,0.00,1.00,0.00,0.00,0.00,0.00,0.00,0.00,0.00,0.00,0.00,0.00,0.00,0.00
9980258,3w,PrwMx,Depl,255,1.00,12.00,4.00,5.00,0.00,1.00,0.00,0.00,0.00,2.00,0.00,1.00,0.00,0.00,0.00,0.00
9980258,3w,TolHd,Depl,245,0.00,0.00,0.00,3.00,1.00,0.00,1.00,0.00,0.00,3.00,0.00,3.00,0.00,0.00,0.00,14.00
9980258,Patnt,PrwMx,Depl,255,1.00,12.00,4.00,5.00,0.00,1.00,0.00,0.00,0.00,2.00,0.00,1.00,0.00,0.00,0.00,0.00
9980258,Patnt,TolHd,Depl,245,0.00,0.00,0.00,3.00,1.00,0.00,1.00,0.00,0.00,3.00,0.00,3.00,0.00,0.00,0.00,14.00
9980259,3w,SbMx1,Depl,245,0.00,0.00,6.00,14.00,1.00,1.00,0.00,0.00,0.00,2.00,0.00,1.00,0.00,0.00,0.00,0.00
9980259,3w,UplCe,Depl,255,0.00,0.00,0.00,4.00,1.00,1.00,14.00,0.00,0.00,1.00,0.00,3.00,0.00,0.00,0.00,0.00
9980259,Patnt,SbMx1,Depl,245,0.00,0.00,6.00,14.00,1.00,1.00,0.00,0.00,0.00,2.00,0.00,1.00,0.00,0.00,0.00,0.00
9980259,Patnt,UplCe,Depl,255,0.00,0.00,0.00,4.00,1.00,1.00,14.00,0.00,0.00,1.00,0.00,3.00,0.00,0.00,0.00,0.00
9980260,3w,OCLow,Depl,255,0.00,0.00,0.00,8.00,0.00,0.00,8.00,9.00,0.00,0.00,0.00,0.00,0.00,0.00,0.00,0.00
9980260,3w,PjMx1,Depl,245,0.00,0.00,14.00,8.00,0.00,0.00,0.00,0.00,0.00,2.00,0.00,1.00,0.00,0.00,0.00,0.00
9980260,Patnt,OCLow,Depl,255,0.00,0.00,0.00,8.00,0.00,0.00,8.00,9.00,0.00,0.00,0.00,0.00,0.00,0.00,0.00,0.00
9980260,Patnt,PjMx1,Depl,245,0.00,0.00,14.00,8.00,0.00,0.00,0.00,0.00,0.00,2.00,0.00,1.00,0.00,0.00,0.00,0.00
9980261,3w,BfMx,Depl,245,0.00,0.00,0.00,8.00,2.00,11.00,0.00,0.00,0.00,1.00,0.00,3.00,0.00,0.00,0.00,0.00
9980261,3w,SbLow,Depl,255,0.00,0.00,0.00,22.00,0.00,0.00,1.00,2.00,0.00,0.00,0.00,0.00,0.00,0.00,0.00,0.00
9980261,Patnt,BfMx,Depl,245,0.00,0.00,0.00,8.00,2.00,11.00,0.00,0.00,0.00,1.00,0.00,3.00,0.00,0.00,0.00,0.00
9980261,Patnt,SbLow,Depl,255,0.00,0.00,0.00,22.00,0.00,0.00,1.00,2.00,0.00,0.00,0.00,0.00,0.00,0.00,0.00,0.00
9980262,3w,HrDom,Depl,245,0.00,0.00,1.00,4.00,0.00,1.00,0.00,0.00,0.00,12.00,0.00,7.00,0.00,0.00,0.00,0.00
9980262,3w,SbSha,Depl,255,0.00,0.00,2.00,22.00,0.00,0.00,0.00,0.00,0.00,0.00,0.00,0.00,0.00,0.00,0.00,0.00
9980262,Patnt,HrDom,Depl,245,0.00,0.00,1.00,4.00,0.00,1.00,0.00,0.00,0.00,12.00,0.00,7.00,0.00,0.00,0.00,0.00
9980262,Patnt,SbSha,Depl,255,0.00,0.00,2.00,22.00,0.00,0.00,0.00,0.00,0.00,0.00,0.00,0.00,0.00,0.00,0.00,0.00
9980263,3w,HrdMw,Depl,245,0.00,0.00,2.00,6.00,1.00,2.00,0.00,0.00,0.00,7.00,0.00,7.00,0.00,0.00,0.00,0.00
9980263,3w,SbDee,Depl,255,0.00,0.00,1.00,22.00,0.00,0.00,0.00,0.00,0.00,0.00,0.00,0.00,0.00,0.00,0.00,0.00
9980263,Patnt,HrdMw,Depl,245,0.00,0.00,2.00,6.00,1.00,2.00,0.00,0.00,0.00,7.00,0.00,7.00,0.00,0.00,0.00,0.00
9980263,Patnt,SbDee,Depl,255,0.00,0.00,1.00,22.00,0.00,0.00,0.00,0.00,0.00,0.00,0.00,0.00,0.00,0.00,0.00,0.00
9980264,3w,ConMx,Depl,245,0.00,0.00,4.00,10.00,0.00,2.00,0.00,0.00,0.00,4.00,0.00,4.00,0.00,0.00,0.00,0.00
9980264,3w,PjSha,Depl,255,0.00,0.00,20.00,3.00,0.00,0.00,0.00,0.00,0.00,1.00,0.00,1.00,0.00,0.00,0.00,0.00
9980264,Patnt,ConMx,Depl,245,0.00,0.00,4.00,10.00,0.00,2.00,0.00,0.00,0.00,4.00,0.00,4.00,0.00,0.00,0.00,0.00
9980264,Patnt,PjSha,Depl,255,0.00,0.00,20.00,3.00,0.00,0.00,0.00,0.00,0.00,1.00,0.00,1.00,0.00,0.00,0.00,0.00
9980265,3w,PjDee,Depl,255,0.00,0.00,21.00,2.00,0.00,0.00,0.00,0.00,0.00,1.00,0.00,0.00,0.00,0.00,0.00,0.00
9980265,Patnt,PjDee,Depl,255,0.00,0.00,21.00,2.00,0.00,0.00,0.00,0.00,0.00,1.00,0.00,0.00,0.00,0.00,0.00,0.00
9980266,3w,PoDom,Depl,255,0.00,0.00,1.00,2.00,0.00,0.00,0.00,0.00,0.00,20.00,0.00,2.00,0.00,0.00,0.00,0.00
9980266,Patnt,PoDom,Depl,255,0.00,0.00,1.00,2.00,0.00,0.00,0.00,0.00,0.00,20.00,0.00,2.00,0.00,0.00,0.00,0.00
9980267,3w,BwDom,Depl,255,0.00,0.00,0.00,4.00,0.00,1.00,0.00,0.00,0.00,2.00,0.00,18.00,0.00,0.00,0.00,0.00
9980267,Patnt,BwDom,Depl,255,0.00,0.00,0.00,4.00,0.00,1.00,0.00,0.00,0.00,2.00,0.00,18.00,0.00,0.00,0.00,0.00
9980268,3w,TolHd,Depl,255,0.00,0.00,0.00,3.00,1.00,0.00,1.00,0.00,0.00,3.00,0.00,3.00,0.00,0.00,0.00,14.00
9980268,Patnt,TolHd,Depl,255,0.00,0.00,0.00,3.00,1.00,0.00,1.00,0.00,0.00,3.00,0.00,3.00,0.00,0.00,0.00,14.00
9980269,3w,SbMx1,Depl,255,0.00,0.00,6.00,14.00,1.00,1.00,0.00,0.00,0.00,2.00,0.00,1.00,0.00,0.00,0.00,0.00
9980269,Patnt,SbMx1,Depl,255,0.00,0.00,6.00,14.00,1.00,1.00,0.00,0.00,0.00,2.00,0.00,1.00,0.00,0.00,0.00,0.00
9980270,3w,PjMx1,Depl,255,0.00,0.00,14.00,8.00,0.00,0.00,0.00,0.00,0.00,2.00,0.00,1.00,0.00,0.00,0.00,0.00
9980270,Patnt,PjMx1,Depl,255,0.00,0.00,14.00,8.00,0.00,0.00,0.00,0.00,0.00,2.00,0.00,1.00,0.00,0.00,0.00,0.00
9980271,3w,BfMx,Depl,255,0.00,0.00,0.00,8.00,2.00,11.00,0.00,0.00,0.00,1.00,0.00,3.00,0.00,0.00,0.00,0.00
9980271,Patnt,BfMx,Depl,255,0.00,0.00,0.00,8.00,2.00,11.00,0.00,0.00,0.00,1.00,0.00,3.00,0.00,0.00,0.00,0.00
9980272,3w,HrDom,Depl,255,0.00,0.00,1.00,4.00,0.00,1.00,0.00,0.00,0.00,12.00,0.00,7.00,0.00,0.00,0.00,0.00
9980272,Patnt,HrDom,Depl,255,0.00,0.00,1.00,4.00,0.00,1.00,0.00,0.00,0.00,12.00,0.00,7.00,0.00,0.00,0.00,0.00
9980273,3w,HrdMw,Depl,255,0.00,0.00,2.00,6.00,1.00,2.00,0.00,0.00,0.00,7.00,0.00,7.00,0.00,0.00,0.00,0.00
9980273,Patnt,HrdMw,Depl,255,0.00,0.00,2.00,6.00,1.00,2.00,0.00,0.00,0.00,7.00,0.00,7.00,0.00,0.00,0.00,0.00
9980274,3w,ConMx,Depl,255,0.00,0.00,4.00,10.00,0.00,2.00,0.00,0.00,0.00,4.00,0.00,4.00,0.00,0.00,0.00,0.00
9980274,Patnt,ConMx,Depl,255,0.00,0.00,4.00,10.00,0.00,2.00,0.00,0.00,0.00,4.00,0.00,4.00,0.00,0.00,0.00,0.00
