CURVENO,SUBMU,FU,SI,AC10,PW,PR,PJ,SB,SW,BF,CE,OC,HE,PO,PB,BW,MH,QR,YB,OH
1,4e_5e,BOG,Prsnt,5,0.00,0.00,0.00,0.00,0.00,0.00,0.00,0.00,0.00,0.00,0.00,0.00,0.00,0.00,0.00,0.00
1,4e_5e,BOG,Prsnt,15,0.00,0.00,0.00,0.44,0.00,0.00,0.25,0.25,0.00,0.00,0.00,0.00,0.00,0.00,0.00,0.00
1,4e_5e,BOG,Prsnt,25,0.00,0.00,0.00,2.07,0.00,0.00,0.51,0.51,0.00,0.00,0.00,0.00,0.00,0.00,0.00,0.00
1,4e_5e,BOG,Prsnt,35,0.00,0.00,0.00,4.55,0.00,0.00,0.79,0.79,0.00,0.00,0.00,0.00,0.00,0.00,0.00,0.00
1,4e_5e,BOG,Prsnt,45,0.00,0.00,0.00,7.18,0.00,0.00,1.09,1.09,0.00,0.00,0.00,0.00,0.00,0.00,0.00,0.00
1,4e_5e,BOG,Prsnt,55,0.00,0.00,0.00,9.49,0.00,0.00,1.38,1.38,0.00,0.00,0.00,0.00,0.00,0.00,0.00,0.00
1,4e_5e,BOG,Prsnt,65,0.00,0.00,0.00,11.39,0.00,0.00,1.63,1.63,0.00,0.00,0.00,0.00,0.00,0.00,0.00,0.00
1,4e_5e,BOG,Prsnt,75,0.00,0.00,0.00,12.97,0.00,0.00,1.84,1.84,0.00,0.00,0.00,0.00,0.00,0.00,0.00,0.00
1,4e_5e,BOG,Prsnt,85,0.00,0.00,0.00,14.37,0.00,0.00,2.00,2.00,0.00,0.00,0.00,0.00,0.00,0.00,0.00,0.00
1,4e_5e,BOG,Prsnt,95,0.00,0.00,0.00,15.66,0.00,0.00,2.14,2.14,0.00,0.00,0.00,0.00,0.00,0.00,0.00,0.00
1,4e_5e,BOG,Prsnt,105,0.00,0.00,0.00,16.90,0.00,0.00,2.25,2.25,0.00,0.00,0.00,0.00,0.00,0.00,0.00,0.00
1,4e_5e,BOG,Prsnt,115,0.00,0.00,0.00,18.09,0.00,0.00,2.34,2.34,0.00,0.00,0.00,0.00,0.00,0.00,0.00,0.00
1,4e_5e,BOG,Prsnt,125,0.00,0.00,0.00,19.26,0.00,0.00,2.41,2.41,0.00,0.00,0.00,0.00,0.00,0.00,0.00,0.00
1,4e_5e,BOG,Prsnt,135,0.00,0.00,0.00,20.39,0.00,0.00,2.46,2.46,0.00,0.00,0.00,0.00,0.00,0.00,0.00,0.00
1,4e_5e,BOG,Prsnt,145,0.00,0.00,0.00,21.50,0.00,0.00,2.48,2.48,0.00,0.00,0.00,0.00,0.00,0.00,0.00,0.00
1,4e_5e,BOG,Prsnt,155,0.00,0.00,0.00,22.59,0.00,0.00,2.49,2.49,0.00,0.00,0.00,0.00,0.00,0.00,0.00,0.00
1,4e_5e,BOG,Prsnt,165,0.00,0.00,0.00,23.65,0.00,0.00,2.49,2.49,0.00,0.00,0.00,0.00,0.00,0.00,0.00,0.00
1,4e_5e,BOG,Prsnt,175,0.00,0.00,0.00,24.68,0.00,0.00,2.47,2.47,0.00,0.00,0.00,0.00,0.00,0.00,0.00,0.00
1,4e_5e,BOG,Prsnt,185,0.00,0.00,0.00,25.70,0.00,0.00,2.43,2.43,0.00,0.00,0.00,0.00,0.00,0.00,0.00,0.00
1,4e_5e,BOG,Prsnt,195,0.00,0.00,0.00,26.69,0.00,0.00,2.38,2.38,0.00,0.00,0.00,0.00,0.00,0.00,0.00,0.00
1,4e_5e,BOG,Prsnt,205,0.00,0.00,0.00,27.66,0.00,0.00,2.33,2.33,0.00,0.00,0.00,0.00,0.00,0.00,0.00,0.00
1,4e_5e,BOG,Prsnt,215,0.00,0.00,0.00,28.61,0.00,0.00,2.26,2.26,0.00,0.00,0.00,0.00,0.00,0.00,0.00,0.00
1,4e_5e,BOG,Prsnt,225,0.00,0.00,0.00,29.54,0.00,0.00,2.19,2.19,0.00,0.00,0.00,0.00,0.00,0.00,0.00,0.00
1,4e_5e,BOG,Prsnt,235,0.00,0.00,0.00,30.45,0.00,0.00,2.11,2.11,0.00,0.00,0.00,0.00,0.00,0.00,0.00,0.00
1,4e_5e,BOG,Prsnt,245,0.00,0.00,0.00,31.35,0.00,0.00,2.03,2.03,0.00,0.00,0.00,0.00,0.00,0.00,0.00,0.00
1,4e_5e,BOG,Prsnt,255,0.00,0.00,0.00,32.22,0.00,0.00,1.95,1.95,0.00,0.00,0.00,0.00,0.00,0.00,0.00,0.00
2,patnt,BOG,Prsnt,5,0.00,0.00,0.00,0.00,0.00,0.00,0.00,0.00,0.00,0.00,0.00,0.00,0.00,0.00,0.00,0.00
2,patnt,BOG,Prsnt,15,0.00,0.00,0.00,0.44,0.00,0.00,0.25,0.25,0.00,0.00,0.00,0.00,0.00,0.00,0.00,0.00
2,patnt,BOG,Prsnt,25,0.00,0.00,0.00,2.07,0.00,0.00,0.51,0.51,0.00,0.00,0.00,0.00,0.00,0.00,0.00,0.00
2,patnt,BOG,Prsnt,35,0.00,0.00,0.00,4.55,0.00,0.00,0.79,0.79,0.00,0.00,0.00,0.00,0.00,0.00,0.00,0.00
2,patnt,BOG,Prsnt,45,0.00,0.00,0.00,7.18,0.00,0.00,1.09,1.09,0.00,0.00,0.00,0.00,0.00,0.00,0.00,0.00
2,patnt,BOG,Prsnt,55,0.00,0.00,0.00,9.49,0.00,0.00,1.38,1.38,0.00,0.00,0.00,0.00,0.00,0.00,0.00,0.00
2,patnt,BOG,Prsnt,65,0.00,0.00,0.00,11.39,0.00,0.00,1.63,1.63,0.00,0.00,0.00,0.00,0.00,0.00,0.00,0.00
2,patnt,BOG,Prsnt,75,0.00,0.00,0.00,12.97,0.00,0.00,1.84,1.84,0.00,0.00,0.00,0.00,0.00,0.00,0.00,0.00
2,patnt,BOG,Prsnt,85,0.00,0.00,0.00,14.37,0.00,0.00,2.00,2.00,0.00,0.00,0.00,0.00,0.00,0.00,0.00,0.00
2,patnt,BOG,Prsnt,95,0.00,0.00,0.00,15.66,0.00,0.00,2.14,2.14,0.00,0.00,0.00,0.00,0.00,0.00,0.00,0.00
2,patnt,BOG,Prsnt,105,0.00,0.00,0.00,16.90,0.00,0.00,2.25,2.25,0.00,0.00,0.00,0.00,0.00,0.00,0.00,0.00
2,patnt,BOG,Prsnt,115,0.00,0.00,0.00,18.09,0.00,0.00,2.34,2.34,0.00,0.00,0.00,0.00,0.00,0.00,0.00,0.00
2,patnt,BOG,Prsnt,125,0.00,0.00,0.00,19.26,0.00,0.00,2.41,2.41,0.00,0.00,0.00,0.00,0.00,0.00,0.00,0.00
2,patnt,BOG,Prsnt,135,0.00,0.00,0.00,20.39,0.00,0.00,2.46,2.46,0.00,0.00,0.00,0.00,0.00,0.00,0.00,0.00
2,patnt,BOG,Prsnt,145,0.00,0.00,0.00,21.50,0.00,0.00,2.48,2.48,0.00,0.00,0.00,0.00,0.00,0.00,0.00,0.00
2,patnt,BOG,Prsnt,155,0.00,0.00,0.00,22.59,0.00,0.00,2.49,2.49,0.00,0.00,0.00,0.00,0.00,0.00,0.00,0.00
2,patnt,BOG,Prsnt,165,0.00,0.00,0.00,23.65,0.00,0.00,2.49,2.49,0.00,0.00,0.00,0.00,0.00,0.00,0.00,0.00
2,patnt,BOG,Prsnt,175,0.00,0.00,0.00,24.68,0.00,0.00,2.47,2.47,0.00,0.00,0.00,0.00,0.00,0.00,0.00,0.00
2,patnt,BOG,Prsnt,185,0.00,0.00,0.00,25.70,0.00,0.00,2.43,2.43,0.00,0.00,0.00,0.00,0.00,0.00,0.00,0.00
2,patnt,BOG,Prsnt,195,0.00,0.00,0.00,26.69,0.00,0.00,2.38,2.38,0.00,0.00,0.00,0.00,0.00,0.00,0.00,0.00
2,patnt,BOG,Prsnt,205,0.00,0.00,0.00,27.66,0.00,0.00,2.33,2.33,0.00,0.00,0.00,0.00,0.00,0.00,0.00,0.00
2,patnt,BOG,Prsnt,215,0.00,0.00,0.00,28.61,0.00,0.00,2.26,2.26,0.00,0.00,0.00,0.00,0.00,0.00,0.00,0.00
2,patnt,BOG,Prsnt,225,0.00,0.00,0.00,29.54,0.00,0.00,2.19,2.19,0.00,0.00,0.00,0.00,0.00,0.00,0.00,0.00
2,patnt,BOG,Prsnt,235,0.00,0.00,0.00,30.45,0.00,0.00,2.11,2.11,0.00,0.00,0.00,0.00,0.00,0.00,0.00,0.00
2,patnt,BOG,Prsnt,245,0.00,0.00,0.00,31.35,0.00,0.00,2.03,2.03,0.00,0.00,0.00,0.00,0.00,0.00,0.00,0.00
2,patnt,BOG,Prsnt,255,0.00,0.00,0.00,32.22,0.00,0.00,1.95,1.95,0.00,0.00,0.00,0.00,0.00,0.00,0.00,0.00
3,4e_5e,BOG,Exten,5,0.00,0.00,0.00,0.00,0.00,0.00,0.00,0.00,0.00,0.00,0.00,0.00,0.00,0.00,0.00,0.00
3,4e_5e,BOG,Exten,15,0.00,0.00,0.00,0.44,0.00,0.00,0.25,0.25,0.00,0.00,0.00,0.00,0.00,0.00,0.00,0.00
3,4e_5e,BOG,Exten,25,0.00,0.00,0.00,2.07,0.00,0.00,0.51,0.51,0.00,0.00,0.00,0.00,0.00,0.00,0.00,0.00
3,4e_5e,BOG,Exten,35,0.00,0.00,0.00,4.55,0.00,0.00,0.79,0.79,0.00,0.00,0.00,0.00,0.00,0.00,0.00,0.00
3,4e_5e,BOG,Exten,45,0.00,0.00,0.00,7.18,0.00,0.00,1.09,1.09,0.00,0.00,0.00,0.00,0.00,0.00,0.00,0.00
3,4e_5e,BOG,Exten,55,0.00,0.00,0.00,9.49,0.00,0.00,1.38,1.38,0.00,0.00,0.00,0.00,0.00,0.00,0.00,0.00
3,4e_5e,BOG,Exten,65,0.00,0.00,0.00,11.39,0.00,0.00,1.63,1.63,0.00,0.00,0.00,0.00,0.00,0.00,0.00,0.00
3,4e_5e,BOG,Exten,75,0.00,0.00,0.00,12.97,0.00,0.00,1.84,1.84,0.00,0.00,0.00,0.00,0.00,0.00,0.00,0.00
3,4e_5e,BOG,Exten,85,0.00,0.00,0.00,14.37,0.00,0.00,2.00,2.00,0.00,0.00,0.00,0.00,0.00,0.00,0.00,0.00
3,4e_5e,BOG,Exten,95,0.00,0.00,0.00,15.66,0.00,0.00,2.14,2.14,0.00,0.00,0.00,0.00,0.00,0.00,0.00,0.00
3,4e_5e,BOG,Exten,105,0.00,0.00,0.00,16.90,0.00,0.00,2.25,2.25,0.00,0.00,0.00,0.00,0.00,0.00,0.00,0.00
3,4e_5e,BOG,Exten,115,0.00,0.00,0.00,18.09,0.00,0.00,2.34,2.34,0.00,0.00,0.00,0.00,0.00,0.00,0.00,0.00
3,4e_5e,BOG,Exten,125,0.00,0.00,0.00,19.26,0.00,0.00,2.41,2.41,0.00,0.00,0.00,0.00,0.00,0.00,0.00,0.00
3,4e_5e,BOG,Exten,135,0.00,0.00,0.00,20.39,0.00,0.00,2.46,2.46,0.00,0.00,0.00,0.00,0.00,0.00,0.00,0.00
3,4e_5e,BOG,Exten,145,0.00,0.00,0.00,21.50,0.00,0.00,2.48,2.48,0.00,0.00,0.00,0.00,0.00,0.00,0.00,0.00
3,4e_5e,BOG,Exten,155,0.00,0.00,0.00,22.59,0.00,0.00,2.49,2.49,0.00,0.00,0.00,0.00,0.00,0.00,0.00,0.00
3,4e_5e,BOG,Exten,165,0.00,0.00,0.00,23.65,0.00,0.00,2.49,2.49,0.00,0.00,0.00,0.00,0.00,0.00,0.00,0.00
3,4e_5e,BOG,Exten,175,0.00,0.00,0.00,24.68,0.00,0.00,2.47,2.47,0.00,0.00,0.00,0.00,0.00,0.00,0.00,0.00
3,4e_5e,BOG,Exten,185,0.00,0.00,0.00,25.70,0.00,0.00,2.43,2.43,0.00,0.00,0.00,0.00,0.00,0.00,0.00,0.00
3,4e_5e,BOG,Exten,195,0.00,0.00,0.00,26.69,0.00,0.00,2.38,2.38,0.00,0.00,0.00,0.00,0.00,0.00,0.00,0.00
3,4e_5e,BOG,Exten,205,0.00,0.00,0.00,27.66,0.00,0.00,2.33,2.33,0.00,0.00,0.00,0.00,0.00,0.00,0.00,0.00
3,4e_5e,BOG,Exten,215,0.00,0.00,0.00,28.61,0.00,0.00,2.26,2.26,0.00,0.00,0.00,0.00,0.00,0.00,0.00,0.00
3,4e_5e,BOG,Exten,225,0.00,0.00,0.00,29.54,0.00,0.00,2.19,2.19,0.00,0.00,0.00,0.00,0.00,0.00,0.00,0.00
3,4e_5e,BOG,Exten,235,0.00,0.00,0.00,30.45,0.00,0.00,2.11,2.11,0.00,0.00,0.00,0.00,0.00,0.00,0.00,0.00
3,4e_5e,BOG,Exten,245,0.00,0.00,0.00,31.35,0.00,0.00,2.03,2.03,0.00,0.00,0.00,0.00,0.00,0.00,0.00,0.00
3,4e_5e,BOG,Exten,255,0.00,0.00,0.00,32.22,0.00,0.00,1.95,1.95,0.00,0.00,0.00,0.00,0.00,0.00,0.00,0.00
4,patnt,BOG,Exten,5,0.00,0.00,0.00,0.00,0.00,0.00,0.00,0.00,0.00,0.00,0.00,0.00,0.00,0.00,0.00,0.00
4,patnt,BOG,Exten,15,0.00,0.00,0.00,0.44,0.00,0.00,0.25,0.25,0.00,0.00,0.00,0.00,0.00,0.00,0.00,0.00
4,patnt,BOG,Exten,25,0.00,0.00,0.00,2.07,0.00,0.00,0.51,0.51,0.00,0.00,0.00,0.00,0.00,0.00,0.00,0.00
4,patnt,BOG,Exten,35,0.00,0.00,0.00,4.55,0.00,0.00,0.79,0.79,0.00,0.00,0.00,0.00,0.00,0.00,0.00,0.00
4,patnt,BOG,Exten,45,0.00,0.00,0.00,7.18,0.00,0.00,1.09,1.09,0.00,0.00,0.00,0.00,0.00,0.00,0.00,0.00
4,patnt,BOG,Exten,55,0.00,0.00,0.00,9.49,0.00,0.00,1.38,1.38,0.00,0.00,0.00,0.00,0.00,0.00,0.00,0.00
4,patnt,BOG,Exten,65,0.00,0.00,0.00,11.39,0.00,0.00,1.63,1.63,0.00,0.00,0.00,0.00,0.00,0.00,0.00,0.00
4,patnt,BOG,Exten,75,0.00,0.00,0.00,12.97,0.00,0.00,1.84,1.84,0.00,0.00,0.00,0.00,0.00,0.00,0.00,0.00
4,patnt,BOG,Exten,85,0.00,0.00,0.00,14.37,0.00,0.00,2.00,2.00,0.00,0.00,0.00,0.00,0.00,0.00,0.00,0.00
4,patnt,BOG,Exten,95,0.00,0.00,0.00,15.66,0.00,0.00,2.14,2.14,0.00,0.00,0.00,0.00,0.00,0.00,0.00,0.00
4,patnt,BOG,Exten,105,0.00,0.00,0.00,16.90,0.00,0.00,2.25,2.25,0.00,0.00,0.00,0.00,0.00,0.00,0.00,0.00
4,patnt,BOG,Exten,115,0.00,0.00,0.00,18.09,0.00,0.00,2.34,2.34,0.00,0.00,0.00,0.00,0.00,0.00,0.00,0.00
4,patnt,BOG,Exten,125,0.00,0.00,0.00,19.26,0.00,0.00,2.41,2.41,0.00,0.00,0.00,0.00,0.00,0.00,0.00,0.00
4,patnt,BOG,Exten,135,0.00,0.00,0.00,20.39,0.00,0.00,2.46,2.46,0.00,0.00,0.00,0.00,0.00,0.00,0.00,0.00
4,patnt,BOG,Exten,145,0.00,0.00,0.00,21.50,0.00,0.00,2.48,2.48,0.00,0.00,0.00,0.00,0.00,0.00,0.00,0.00
4,patnt,BOG,Exten,155,0.00,0.00,0.00,22.59,0.00,0.00,2.49,2.49,0.00,0.00,0.00,0.00,0.00,0.00,0.00,0.00
4,patnt,BOG,Exten,165,0.00,0.00,0.00,23.65,0.00,0.00,2.49,2.49,0.00,0.00,0.00,0.00,0.00,0.00,0.00,0.00
4,patnt,BOG,Exten,175,0.00,0.00,0.00,24.68,0.00,0.00,2.47,2.47,0.00,0.00,0.00,0.00,0.00,0.00,0.00,0.00
4,patnt,BOG,Exten,185,0.00,0.00,0.00,25.70,0.00,0.00,2.43,2.43,0.00,0.00,0.00,0.00,0.00,0.00,0.00,0.00
4,patnt,BOG,Exten,195,0.00,0.00,0.00,26.69,0.00,0.00,2.38,2.38,0.00,0.00,0.00,0.00,0.00,0.00,0.00,0.00
4,patnt,BOG,Exten,205,0.00,0.00,0.00,27.66,0.00,0.00,2.33,2.33,0.00,0.00,0.00,0.00,0.00,0.00,0.00,0.00
4,patnt,BOG,Exten,215,0.00,0.00,0.00,28.61,0.00,0.00,2.26,2.26,0.00,0.00,0.00,0.00,0.00,0.00,0.00,0.00
4,patnt,BOG,Exten,225,0.00,0.00,0.00,29.54,0.00,0.00,2.19,2.19,0.00,0.00,0.00,0.00,0.00,0.00,0.00,0.00
4,patnt,BOG,Exten,235,0.00,0.00,0.00,30.45,0.00,0.00,2.11,2.11,0.00,0.00,0.00,0.00,0.00,0.00,0.00,0.00
4,patnt,BOG,Exten,245,0.00,0.00,0.00,31.35,0.00,0.00,2.03,2.03,0.00,0.00,0.00,0.00,0.00,0.00,0.00,0.00
4,patnt,BOG,Exten,255,0.00,0.00,0.00,32.22,0.00,0.00,1.95,1.95,0.00,0.00,0.00,0.00,0.00,0.00,0.00,0.00
5,4e_5e,BOG,Intn1,5,0.00,0.00,0.00,0.00,0.00,0.00,0.00,0.00,0.00,0.00,0.00,0.00,0.00,0.00,0.00,0.00
5,4e_5e,BOG,Intn1,15,0.00,0.00,0.00,0.44,0.00,0.00,0.25,0.25,0.00,0.00,0.00,0.00,0.00,0.00,0.00,0.00
5,4e_5e,BOG,Intn1,25,0.00,0.00,0.00,2.07,0.00,0.00,0.51,0.51,0.00,0.00,0.00,0.00,0.00,0.00,0.00,0.00
5,4e_5e,BOG,Intn1,35,0.00,0.00,0.00,4.55,0.00,0.00,0.79,0.79,0.00,0.00,0.00,0.00,0.00,0.00,0.00,0.00
5,4e_5e,BOG,Intn1,45,0.00,0.00,0.00,7.18,0.00,0.00,1.09,1.09,0.00,0.00,0.00,0.00,0.00,0.00,0.00,0.00
5,4e_5e,BOG,Intn1,55,0.00,0.00,0.00,9.49,0.00,0.00,1.38,1.38,0.00,0.00,0.00,0.00,0.00,0.00,0.00,0.00
5,4e_5e,BOG,Intn1,65,0.00,0.00,0.00,11.39,0.00,0.00,1.63,1.63,0.00,0.00,0.00,0.00,0.00,0.00,0.00,0.00
5,4e_5e,BOG,Intn1,75,0.00,0.00,0.00,12.97,0.00,0.00,1.84,1.84,0.00,0.00,0.00,0.00,0.00,0.00,0.00,0.00
5,4e_5e,BOG,Intn1,85,0.00,0.00,0.00,14.37,0.00,0.00,2.00,2.00,0.00,0.00,0.00,0.00,0.00,0.00,0.00,0.00
5,4e_5e,BOG,Intn1,95,0.00,0.00,0.00,15.66,0.00,0.00,2.14,2.14,0.00,0.00,0.00,0.00,0.00,0.00,0.00,0.00
5,4e_5e,BOG,Intn1,105,0.00,0.00,0.00,16.90,0.00,0.00,2.25,2.25,0.00,0.00,0.00,0.00,0.00,0.00,0.00,0.00
5,4e_5e,BOG,Intn1,115,0.00,0.00,0.00,18.09,0.00,0.00,2.34,2.34,0.00,0.00,0.00,0.00,0.00,0.00,0.00,0.00
5,4e_5e,BOG,Intn1,125,0.00,0.00,0.00,19.26,0.00,0.00,2.41,2.41,0.00,0.00,0.00,0.00,0.00,0.00,0.00,0.00
5,4e_5e,BOG,Intn1,135,0.00,0.00,0.00,20.39,0.00,0.00,2.46,2.46,0.00,0.00,0.00,0.00,0.00,0.00,0.00,0.00
5,4e_5e,BOG,Intn1,145,0.00,0.00,0.00,21.50,0.00,0.00,2.48,2.48,0.00,0.00,0.00,0.00,0.00,0.00,0.00,0.00
5,4e_5e,BOG,Intn1,155,0.00,0.00,0.00,22.59,0.00,0.00,2.49,2.49,0.00,0.00,0.00,0.00,0.00,0.00,0.00,0.00
5,4e_5e,BOG,Intn1,165,0.00,0.00,0.00,23.65,0.00,0.00,2.49,2.49,0.00,0.00,0.00,0.00,0.00,0.00,0.00,0.00
5,4e_5e,BOG,Intn1,175,0.00,0.00,0.00,24.68,0.00,0.00,2.47,2.47,0.00,0.00,0.00,0.00,0.00,0.00,0.00,0.00
5,4e_5e,BOG,Intn1,185,0.00,0.00,0.00,25.70,0.00,0.00,2.43,2.43,0.00,0.00,0.00,0.00,0.00,0.00,0.00,0.00
5,4e_5e,BOG,Intn1,195,0.00,0.00,0.00,26.69,0.00,0.00,2.38,2.38,0.00,0.00,0.00,0.00,0.00,0.00,0.00,0.00
5,4e_5e,BOG,Intn1,205,0.00,0.00,0.00,27.66,0.00,0.00,2.33,2.33,0.00,0.00,0.00,0.00,0.00,0.00,0.00,0.00
5,4e_5e,BOG,Intn1,215,0.00,0.00,0.00,28.61,0.00,0.00,2.26,2.26,0.00,0.00,0.00,0.00,0.00,0.00,0.00,0.00
5,4e_5e,BOG,Intn1,225,0.00,0.00,0.00,29.54,0.00,0.00,2.19,2.19,0.00,0.00,0.00,0.00,0.00,0.00,0.00,0.00
5,4e_5e,BOG,Intn1,235,0.00,0.00,0.00,30.45,0.00,0.00,2.11,2.11,0.00,0.00,0.00,0.00,0.00,0.00,0.00,0.00
5,4e_5e,BOG,Intn1,245,0.00,0.00,0.00,31.35,0.00,0.00,2.03,2.03,0.00,0.00,0.00,0.00,0.00,0.00,0.00,0.00
5,4e_5e,BOG,Intn1,255,0.00,0.00,0.00,32.22,0.00,0.00,1.95,1.95,0.00,0.00,0.00,0.00,0.00,0.00,0.00,0.00
6,patnt,BOG,Intn1,5,0.00,0.00,0.00,0.00,0.00,0.00,0.00,0.00,0.00,0.00,0.00,0.00,0.00,0.00,0.00,0.00
6,patnt,BOG,Intn1,15,0.00,0.00,0.00,0.44,0.00,0.00,0.25,0.25,0.00,0.00,0.00,0.00,0.00,0.00,0.00,0.00
6,patnt,BOG,Intn1,25,0.00,0.00,0.00,2.07,0.00,0.00,0.51,0.51,0.00,0.00,0.00,0.00,0.00,0.00,0.00,0.00
6,patnt,BOG,Intn1,35,0.00,0.00,0.00,4.55,0.00,0.00,0.79,0.79,0.00,0.00,0.00,0.00,0.00,0.00,0.00,0.00
6,patnt,BOG,Intn1,45,0.00,0.00,0.00,7.18,0.00,0.00,1.09,1.09,0.00,0.00,0.00,0.00,0.00,0.00,0.00,0.00
6,patnt,BOG,Intn1,55,0.00,0.00,0.00,9.49,0.00,0.00,1.38,1.38,0.00,0.00,0.00,0.00,0.00,0.00,0.00,0.00
6,patnt,BOG,Intn1,65,0.00,0.00,0.00,11.39,0.00,0.00,1.63,1.63,0.00,0.00,0.00,0.00,0.00,0.00,0.00,0.00
6,patnt,BOG,Intn1,75,0.00,0.00,0.00,12.97,0.00,0.00,1.84,1.84,0.00,0.00,0.00,0.00,0.00,0.00,0.00,0.00
6,patnt,BOG,Intn1,85,0.00,0.00,0.00,14.37,0.00,0.00,2.00,2.00,0.00,0.00,0.00,0.00,0.00,0.00,0.00,0.00
6,patnt,BOG,Intn1,95,0.00,0.00,0.00,15.66,0.00,0.00,2.14,2.14,0.00,0.00,0.00,0.00,0.00,0.00,0.00,0.00
6,patnt,BOG,Intn1,105,0.00,0.00,0.00,16.90,0.00,0.00,2.25,2.25,0.00,0.00,0.00,0.00,0.00,0.00,0.00,0.00
6,patnt,BOG,Intn1,115,0.00,0.00,0.00,18.09,0.00,0.00,2.34,2.34,0.00,0.00,0.00,0.00,0.00,0.00,0.00,0.00
6,patnt,BOG,Intn1,125,0.00,0.00,0.00,19.26,0.00,0.00,2.41,2.41,0.00,0.00,0.00,0.00,0.00,0.00,0.00,0.00
6,patnt,BOG,Intn1,135,0.00,0.00,0.00,20.39,0.00,0.00,2.46,2.46,0.00,0.00,0.00,0.00,0.00,0.00,0.00,0.00
6,patnt,BOG,Intn1,145,0.00,0.00,0.00,21.50,0.00,0.00,2.48,2.48,0.00,0.00,0.00,0.00,0.00,0.00,0.00,0.00
6,patnt,BOG,Intn1,155,0.00,0.00,0.00,22.59,0.00,0.00,2.49,2.49,0.00,0.00,0.00,0.00,0.00,0.00,0.00,0.00
6,patnt,BOG,Intn1,165,0.00,0.00,0.00,23.65,0.00,0.00,2.49,2.49,0.00,0.00,0.00,0.00,0.00,0.00,0.00,0.00
6,patnt,BOG,Intn1,175,0.00,0.00,0.00,24.68,0.00,0.00,2.47,2.47,0.00,0.00,0.00,0.00,0.00,0.00,0.00,0.00
6,patnt,BOG,Intn1,185,0.00,0.00,0.00,25.70,0.00,0.00,2.43,2.43,0.00,0.00,0.00,0.00,0.00,0.00,0.00,0.00
6,patnt,BOG,Intn1,195,0.00,0.00,0.00,26.69,0.00,0.00,2.38,2.38,0.00,0.00,0.00,0.00,0.00,0.00,0.00,0.00
6,patnt,BOG,Intn1,205,0.00,0.00,0.00,27.66,0.00,0.00,2.33,2.33,0.00,0.00,0.00,0.00,0.00,0.00,0.00,0.00
6,patnt,BOG,Intn1,215,0.00,0.00,0.00,28.61,0.00,0.00,2.26,2.26,0.00,0.00,0.00,0.00,0.00,0.00,0.00,0.00
6,patnt,BOG,Intn1,225,0.00,0.00,0.00,29.54,0.00,0.00,2.19,2.19,0.00,0.00,0.00,0.00,0.00,0.00,0.00,0.00
6,patnt,BOG,Intn1,235,0.00,0.00,0.00,30.45,0.00,0.00,2.11,2.11,0.00,0.00,0.00,0.00,0.00,0.00,0.00,0.00
6,patnt,BOG,Intn1,245,0.00,0.00,0.00,31.35,0.00,0.00,2.03,2.03,0.00,0.00,0.00,0.00,0.00,0.00,0.00,0.00
6,patnt,BOG,Intn1,255,0.00,0.00,0.00,32.22,0.00,0.00,1.95,1.95,0.00,0.00,0.00,0.00,0.00,0.00,0.00,0.00
9,4e_5e,SB1,Prsnt,5,0.00,0.00,0.00,0.00,0.00,0.00,0.00,0.00,0.00,0.00,0.00,0.00,0.00,0.00,0.00,0.00
9,4e_5e,SB1,Prsnt,15,0.00,0.00,0.03,1.83,0.03,0.03,0.09,0.19,0.00,0.01,0.00,0.02,0.00,0.00,0.00,0.00
9,4e_5e,SB1,Prsnt,25,0.00,0.00,0.13,8.28,0.11,0.14,0.19,0.39,0.00,0.06,0.00,0.08,0.00,0.00,0.00,0.00
9,4e_5e,SB1,Prsnt,35,0.00,0.00,0.30,19.50,0.25,0.34,0.32,0.64,0.00,0.16,0.00,0.22,0.00,0.00,0.00,0.00
9,4e_5e,SB1,Prsnt,45,0.00,0.00,0.58,33.45,0.42,0.57,0.48,0.96,0.00,0.33,0.00,0.45,0.00,0.00,0.00,0.00
9,4e_5e,SB1,Prsnt,55,0.00,0.00,0.93,47.71,0.60,0.80,0.66,1.32,0.00,0.56,0.00,0.79,0.00,0.00,0.00,0.00
9,4e_5e,SB1,Prsnt,65,0.00,0.00,1.33,60.68,0.78,1.00,0.82,1.65,0.00,0.81,0.00,1.19,0.00,0.00,0.00,0.00
9,4e_5e,SB1,Prsnt,75,0.00,0.00,1.71,71.68,0.93,1.16,0.96,1.92,0.00,1.05,0.00,1.62,0.00,0.00,0.00,0.00
9,4e_5e,SB1,Prsnt,85,0.00,0.00,2.04,80.64,1.05,1.29,1.06,2.13,0.00,1.25,0.00,2.02,0.00,0.00,0.00,0.00
9,4e_5e,SB1,Prsnt,95,0.00,0.00,2.31,87.76,1.15,1.38,1.13,2.27,0.00,1.41,0.00,2.38,0.00,0.00,0.00,0.00
9,4e_5e,SB1,Prsnt,105,0.00,0.00,2.49,93.26,1.22,1.44,1.17,2.35,0.00,1.51,0.00,2.69,0.00,0.00,0.00,0.00
9,4e_5e,SB1,Prsnt,115,0.00,0.00,2.60,97.36,1.28,1.48,1.19,2.38,0.00,1.57,0.00,2.93,0.00,0.00,0.00,0.00
9,4e_5e,SB1,Prsnt,125,0.00,0.00,2.64,100.19,1.31,1.49,1.18,2.37,0.00,1.59,0.00,3.12,0.00,0.00,0.00,0.00
9,4e_5e,SB1,Prsnt,135,0.00,0.00,2.61,101.88,1.34,1.49,1.16,2.32,0.00,1.58,0.00,3.24,0.00,0.00,0.00,0.00
9,4e_5e,SB1,Prsnt,145,0.00,0.00,2.53,102.52,1.34,1.47,1.12,2.24,0.00,1.54,0.00,3.30,0.00,0.00,0.00,0.00
9,4e_5e,SB1,Prsnt,155,0.00,0.00,2.40,102.20,1.34,1.43,1.07,2.14,0.00,1.49,0.00,3.30,0.00,0.00,0.00,0.00
9,4e_5e,SB1,Prsnt,165,0.00,0.00,2.24,101.01,1.33,1.39,1.00,2.01,0.00,1.41,0.00,3.26,0.00,0.00,0.00,0.00
9,4e_5e,SB1,Prsnt,175,0.00,0.00,2.05,99.06,1.30,1.33,0.93,1.87,0.00,1.33,0.00,3.18,0.00,0.00,0.00,0.00
9,4e_5e,SB1,Prsnt,185,0.00,0.00,1.85,96.43,1.27,1.27,0.86,1.73,0.00,1.24,0.00,3.07,0.00,0.00,0.00,0.00
9,4e_5e,SB1,Prsnt,195,0.00,0.00,1.65,93.23,1.22,1.20,0.78,1.57,0.00,1.15,0.00,2.93,0.00,0.00,0.00,0.00
9,4e_5e,SB1,Prsnt,205,0.00,0.00,1.46,89.54,1.18,1.13,0.71,1.42,0.00,1.06,0.00,2.77,0.00,0.00,0.00,0.00
9,4e_5e,SB1,Prsnt,215,0.00,0.00,1.27,85.47,1.12,1.05,0.64,1.28,0.00,0.97,0.00,2.60,0.00,0.00,0.00,0.00
9,4e_5e,SB1,Prsnt,225,0.00,0.00,1.10,81.10,1.06,0.97,0.57,1.14,0.00,0.88,0.00,2.42,0.00,0.00,0.00,0.00
9,4e_5e,SB1,Prsnt,235,0.00,0.00,0.94,76.51,1.00,0.90,0.50,1.00,0.00,0.79,0.00,2.24,0.00,0.00,0.00,0.00
9,4e_5e,SB1,Prsnt,245,0.00,0.00,0.80,71.78,0.94,0.82,0.44,0.88,0.00,0.71,0.00,2.05,0.00,0.00,0.00,0.00
9,4e_5e,SB1,Prsnt,255,0.00,0.00,0.67,66.98,0.88,0.75,0.38,0.77,0.00,0.63,0.00,1.87,0.00,0.00,0.00,0.00
10,patnt,SB1,Prsnt,5,0.00,0.00,0.00,0.00,0.00,0.00,0.00,0.00,0.00,0.00,0.00,0.00,0.00,0.00,0.00,0.00
10,patnt,SB1,Prsnt,15,0.00,0.00,0.01,0.70,0.01,0.01,0.03,0.07,0.00,5.70281106959075e-03,0.00,7.66607563820153e-03,0.00,0.00,0.00,0.00
10,patnt,SB1,Prsnt,25,0.00,0.00,0.06,3.85,0.05,0.06,0.09,0.18,0.00,0.02,0.00,0.03,0.00,0.00,0.00,0.00
10,patnt,SB1,Prsnt,35,0.00,0.00,0.17,10.86,0.13,0.19,0.18,0.36,0.00,0.09,0.00,0.12,0.00,0.00,0.00,0.00
10,patnt,SB1,Prsnt,45,0.00,0.00,0.37,21.81,0.27,0.37,0.31,0.63,0.00,0.22,0.00,0.29,0.00,0.00,0.00,0.00
10,patnt,SB1,Prsnt,55,0.00,0.00,0.70,35.70,0.45,0.60,0.49,0.98,0.00,0.42,0.00,0.59,0.00,0.00,0.00,0.00
10,patnt,SB1,Prsnt,65,0.00,0.00,1.12,51.03,0.66,0.84,0.69,1.39,0.00,0.68,0.00,1.00,0.00,0.00,0.00,0.00
10,patnt,SB1,Prsnt,75,0.00,0.00,1.58,66.40,0.86,1.08,0.89,1.78,0.00,0.98,0.00,1.50,0.00,0.00,0.00,0.00
10,patnt,SB1,Prsnt,85,0.00,0.00,2.04,80.60,1.05,1.29,1.06,2.13,0.00,1.25,0.00,2.02,0.00,0.00,0.00,0.00
10,patnt,SB1,Prsnt,95,0.00,0.00,2.44,92.72,1.21,1.46,1.20,2.40,0.00,1.49,0.00,2.52,0.00,0.00,0.00,0.00
10,patnt,SB1,Prsnt,105,0.00,0.00,2.73,102.05,1.34,1.58,1.28,2.57,0.00,1.65,0.00,2.94,0.00,0.00,0.00,0.00
10,patnt,SB1,Prsnt,115,0.00,0.00,2.89,108.09,1.42,1.64,1.32,2.65,0.00,1.74,0.00,3.26,0.00,0.00,0.00,0.00
10,patnt,SB1,Prsnt,125,0.00,0.00,2.92,110.58,1.45,1.65,1.31,2.62,0.00,1.76,0.00,3.44,0.00,0.00,0.00,0.00
10,patnt,SB1,Prsnt,135,0.00,0.00,2.81,109.51,1.44,1.60,1.25,2.50,0.00,1.70,0.00,3.48,0.00,0.00,0.00,0.00
10,patnt,SB1,Prsnt,145,0.00,0.00,2.59,105.15,1.38,1.50,1.15,2.30,0.00,1.58,0.00,3.38,0.00,0.00,0.00,0.00
10,patnt,SB1,Prsnt,155,0.00,0.00,2.30,97.99,1.28,1.37,1.02,2.05,0.00,1.42,0.00,3.17,0.00,0.00,0.00,0.00
10,patnt,SB1,Prsnt,165,0.00,0.00,1.96,88.70,1.16,1.22,0.88,1.77,0.00,1.24,0.00,2.86,0.00,0.00,0.00,0.00
10,patnt,SB1,Prsnt,175,0.00,0.00,1.61,78.05,1.02,1.05,0.73,1.47,0.00,1.05,0.00,2.51,0.00,0.00,0.00,0.00
10,patnt,SB1,Prsnt,185,0.00,0.00,1.28,66.79,0.87,0.88,0.59,1.19,0.00,0.86,0.00,2.12,0.00,0.00,0.00,0.00
10,patnt,SB1,Prsnt,195,0.00,0.00,0.99,55.61,0.73,0.71,0.47,0.94,0.00,0.68,0.00,1.74,0.00,0.00,0.00,0.00
10,patnt,SB1,Prsnt,205,0.00,0.00,0.73,45.07,0.59,0.56,0.35,0.71,0.00,0.53,0.00,1.39,0.00,0.00,0.00,0.00
10,patnt,SB1,Prsnt,215,0.00,0.00,0.53,35.56,0.46,0.43,0.26,0.53,0.00,0.40,0.00,1.08,0.00,0.00,0.00,0.00
10,patnt,SB1,Prsnt,225,0.00,0.00,0.37,27.33,0.36,0.32,0.19,0.38,0.00,0.29,0.00,0.81,0.00,0.00,0.00,0.00
10,patnt,SB1,Prsnt,235,0.00,0.00,0.25,20.46,0.26,0.24,0.13,0.26,0.00,0.21,0.00,0.59,0.00,0.00,0.00,0.00
10,patnt,SB1,Prsnt,245,0.00,0.00,0.16,14.92,0.19,0.17,0.09,0.18,0.00,0.14,0.00,0.42,0.00,0.00,0.00,0.00
10,patnt,SB1,Prsnt,255,0.00,0.00,0.10,10.60,0.13,0.11,0.06,0.12,0.00,0.10,0.00,0.29,0.00,0.00,0.00,0.00
11,4e_5e,SB1,Exten,5,0.00,0.00,0.00,0.00,0.00,0.00,0.00,0.00,0.00,0.00,0.00,0.00,0.00,0.00,0.00,0.00
11,4e_5e,SB1,Exten,15,0.00,0.00,0.03,1.83,0.03,0.03,0.09,0.19,0.00,0.01,0.00,0.02,0.00,0.00,0.00,0.00
11,4e_5e,SB1,Exten,25,0.00,0.00,0.13,8.28,0.11,0.14,0.19,0.39,0.00,0.06,0.00,0.08,0.00,0.00,0.00,0.00
11,4e_5e,SB1,Exten,35,0.00,0.00,0.30,19.50,0.25,0.34,0.32,0.64,0.00,0.16,0.00,0.22,0.00,0.00,0.00,0.00
11,4e_5e,SB1,Exten,45,0.00,0.00,0.58,33.45,0.42,0.57,0.48,0.96,0.00,0.33,0.00,0.45,0.00,0.00,0.00,0.00
11,4e_5e,SB1,Exten,55,0.00,0.00,0.93,47.71,0.60,0.80,0.66,1.32,0.00,0.56,0.00,0.79,0.00,0.00,0.00,0.00
11,4e_5e,SB1,Exten,65,0.00,0.00,1.33,60.68,0.78,1.00,0.82,1.65,0.00,0.81,0.00,1.19,0.00,0.00,0.00,0.00
11,4e_5e,SB1,Exten,75,0.00,0.00,1.71,71.68,0.93,1.16,0.96,1.92,0.00,1.05,0.00,1.62,0.00,0.00,0.00,0.00
11,4e_5e,SB1,Exten,85,0.00,0.00,2.04,80.64,1.05,1.29,1.06,2.13,0.00,1.25,0.00,2.02,0.00,0.00,0.00,0.00
11,4e_5e,SB1,Exten,95,0.00,0.00,2.31,87.76,1.15,1.38,1.13,2.27,0.00,1.41,0.00,2.38,0.00,0.00,0.00,0.00
11,4e_5e,SB1,Exten,105,0.00,0.00,2.49,93.26,1.22,1.44,1.17,2.35,0.00,1.51,0.00,2.69,0.00,0.00,0.00,0.00
11,4e_5e,SB1,Exten,115,0.00,0.00,2.60,97.36,1.28,1.48,1.19,2.38,0.00,1.57,0.00,2.93,0.00,0.00,0.00,0.00
11,4e_5e,SB1,Exten,125,0.00,0.00,2.64,100.19,1.31,1.49,1.18,2.37,0.00,1.59,0.00,3.12,0.00,0.00,0.00,0.00
11,4e_5e,SB1,Exten,135,0.00,0.00,2.61,101.88,1.34,1.49,1.16,2.32,0.00,1.58,0.00,3.24,0.00,0.00,0.00,0.00
11,4e_5e,SB1,Exten,145,0.00,0.00,2.53,102.52,1.34,1.47,1.12,2.24,0.00,1.54,0.00,3.30,0.00,0.00,0.00,0.00
11,4e_5e,SB1,Exten,155,0.00,0.00,2.40,102.20,1.34,1.43,1.07,2.14,0.00,1.49,0.00,3.30,0.00,0.00,0.00,0.00
11,4e_5e,SB1,Exten,165,0.00,0.00,2.24,101.01,1.33,1.39,1.00,2.01,0.00,1.41,0.00,3.26,0.00,0.00,0.00,0.00
11,4e_5e,SB1,Exten,175,0.00,0.00,2.05,99.06,1.30,1.33,0.93,1.87,0.00,1.33,0.00,3.18,0.00,0.00,0.00,0.00
11,4e_5e,SB1,Exten,185,0.00,0.00,1.85,96.43,1.27,1.27,0.86,1.73,0.00,1.24,0.00,3.07,0.00,0.00,0.00,0.00
11,4e_5e,SB1,Exten,195,0.00,0.00,1.65,93.23,1.22,1.20,0.78,1.57,0.00,1.15,0.00,2.93,0.00,0.00,0.00,0.00
11,4e_5e,SB1,Exten,205,0.00,0.00,1.46,89.54,1.18,1.13,0.71,1.42,0.00,1.06,0.00,2.77,0.00,0.00,0.00,0.00
11,4e_5e,SB1,Exten,215,0.00,0.00,1.27,85.47,1.12,1.05,0.64,1.28,0.00,0.97,0.00,2.60,0.00,0.00,0.00,0.00
11,4e_5e,SB1,Exten,225,0.00,0.00,1.10,81.10,1.06,0.97,0.57,1.14,0.00,0.88,0.00,2.42,0.00,0.00,0.00,0.00
11,4e_5e,SB1,Exten,235,0.00,0.00,0.94,76.51,1.00,0.90,0.50,1.00,0.00,0.79,0.00,2.24,0.00,0.00,0.00,0.00
11,4e_5e,SB1,Exten,245,0.00,0.00,0.80,71.78,0.94,0.82,0.44,0.88,0.00,0.71,0.00,2.05,0.00,0.00,0.00,0.00
11,4e_5e,SB1,Exten,255,0.00,0.00,0.67,66.98,0.88,0.75,0.38,0.77,0.00,0.63,0.00,1.87,0.00,0.00,0.00,0.00
12,patnt,SB1,Exten,5,0.00,0.00,0.00,0.00,0.00,0.00,0.00,0.00,0.00,0.00,0.00,0.00,0.00,0.00,0.00,0.00
12,patnt,SB1,Exten,15,0.00,0.00,0.01,0.70,0.01,0.01,0.03,0.07,0.00,5.70281106959075e-03,0.00,7.66607563820153e-03,0.00,0.00,0.00,0.00
12,patnt,SB1,Exten,25,0.00,0.00,0.06,3.85,0.05,0.06,0.09,0.18,0.00,0.02,0.00,0.03,0.00,0.00,0.00,0.00
12,patnt,SB1,Exten,35,0.00,0.00,0.17,10.86,0.13,0.19,0.18,0.36,0.00,0.09,0.00,0.12,0.00,0.00,0.00,0.00
12,patnt,SB1,Exten,45,0.00,0.00,0.37,21.81,0.27,0.37,0.31,0.63,0.00,0.22,0.00,0.29,0.00,0.00,0.00,0.00
12,patnt,SB1,Exten,55,0.00,0.00,0.70,35.70,0.45,0.60,0.49,0.98,0.00,0.42,0.00,0.59,0.00,0.00,0.00,0.00
12,patnt,SB1,Exten,65,0.00,0.00,1.12,51.03,0.66,0.84,0.69,1.39,0.00,0.68,0.00,1.00,0.00,0.00,0.00,0.00
12,patnt,SB1,Exten,75,0.00,0.00,1.58,66.40,0.86,1.08,0.89,1.78,0.00,0.98,0.00,1.50,0.00,0.00,0.00,0.00
12,patnt,SB1,Exten,85,0.00,0.00,2.04,80.60,1.05,1.29,1.06,2.13,0.00,1.25,0.00,2.02,0.00,0.00,0.00,0.00
12,patnt,SB1,Exten,95,0.00,0.00,2.44,92.72,1.21,1.46,1.20,2.40,0.00,1.49,0.00,2.52,0.00,0.00,0.00,0.00
12,patnt,SB1,Exten,105,0.00,0.00,2.73,102.05,1.34,1.58,1.28,2.57,0.00,1.65,0.00,2.94,0.00,0.00,0.00,0.00
12,patnt,SB1,Exten,115,0.00,0.00,2.89,108.09,1.42,1.64,1.32,2.65,0.00,1.74,0.00,3.26,0.00,0.00,0.00,0.00
12,patnt,SB1,Exten,125,0.00,0.00,2.92,110.58,1.45,1.65,1.31,2.62,0.00,1.76,0.00,3.44,0.00,0.00,0.00,0.00
12,patnt,SB1,Exten,135,0.00,0.00,2.81,109.51,1.44,1.60,1.25,2.50,0.00,1.70,0.00,3.48,0.00,0.00,0.00,0.00
12,patnt,SB1,Exten,145,0.00,0.00,2.59,105.15,1.38,1.50,1.15,2.30,0.00,1.58,0.00,3.38,0.00,0.00,0.00,0.00
12,patnt,SB1,Exten,155,0.00,0.00,2.30,97.99,1.28,1.37,1.02,2.05,0.00,1.42,0.00,3.17,0.00,0.00,0.00,0.00
12,patnt,SB1,Exten,165,0.00,0.00,1.96,88.70,1.16,1.22,0.88,1.77,0.00,1.24,0.00,2.86,0.00,0.00,0.00,0.00
12,patnt,SB1,Exten,175,0.00,0.00,1.61,78.05,1.02,1.05,0.73,1.47,0.00,1.05,0.00,2.51,0.00,0.00,0.00,0.00
12,patnt,SB1,Exten,185,0.00,0.00,1.28,66.79,0.87,0.88,0.59,1.19,0.00,0.86,0.00,2.12,0.00,0.00,0.00,0.00
12,patnt,SB1,Exten,195,0.00,0.00,0.99,55.61,0.73,0.71,0.47,0.94,0.00,0.68,0.00,1.74,0.00,0.00,0.00,0.00
12,patnt,SB1,Exten,205,0.00,0.00,0.73,45.07,0.59,0.56,0.35,0.71,0.00,0.53,0.00,1.39,0.00,0.00,0.00,0.00
12,patnt,SB1,Exten,215,0.00,0.00,0.53,35.56,0.46,0.43,0.26,0.53,0.00,0.40,0.00,1.08,0.00,0.00,0.00,0.00
12,patnt,SB1,Exten,225,0.00,0.00,0.37,27.33,0.36,0.32,0.19,0.38,0.00,0.29,0.00,0.81,0.00,0.00,0.00,0.00
12,patnt,SB1,Exten,235,0.00,0.00,0.25,20.46,0.26,0.24,0.13,0.26,0.00,0.21,0.00,0.59,0.00,0.00,0.00,0.00
12,patnt,SB1,Exten,245,0.00,0.00,0.16,14.92,0.19,0.17,0.09,0.18,0.00,0.14,0.00,0.42,0.00,0.00,0.00,0.00
12,patnt,SB1,Exten,255,0.00,0.00,0.10,10.60,0.13,0.11,0.06,0.12,0.00,0.10,0.00,0.29,0.00,0.00,0.00,0.00
13,4e_5e,SB1,Basc1,5,0.00,0.00,0.00,0.00,0.00,0.00,0.00,0.00,0.00,0.00,0.00,0.00,0.00,0.00,0.00,0.00
13,4e_5e,SB1,Basc1,15,0.00,0.00,0.03,1.83,0.03,0.03,0.09,0.19,0.00,0.01,0.00,0.02,0.00,0.00,0.00,0.00
13,4e_5e,SB1,Basc1,25,0.00,0.00,0.13,8.28,0.11,0.14,0.19,0.39,0.00,0.06,0.00,0.08,0.00,0.00,0.00,0.00
13,4e_5e,SB1,Basc1,35,0.00,0.00,0.30,19.50,0.25,0.34,0.32,0.64,0.00,0.16,0.00,0.22,0.00,0.00,0.00,0.00
13,4e_5e,SB1,Basc1,45,0.00,0.00,0.58,33.45,0.42,0.57,0.48,0.96,0.00,0.33,0.00,0.45,0.00,0.00,0.00,0.00
13,4e_5e,SB1,Basc1,55,0.00,0.00,0.93,47.71,0.60,0.80,0.66,1.32,0.00,0.56,0.00,0.79,0.00,0.00,0.00,0.00
13,4e_5e,SB1,Basc1,65,0.00,0.00,1.33,60.68,0.78,1.00,0.82,1.65,0.00,0.81,0.00,1.19,0.00,0.00,0.00,0.00
13,4e_5e,SB1,Basc1,75,0.00,0.00,1.71,71.68,0.93,1.16,0.96,1.92,0.00,1.05,0.00,1.62,0.00,0.00,0.00,0.00
13,4e_5e,SB1,Basc1,85,0.00,0.00,2.04,80.64,1.05,1.29,1.06,2.13,0.00,1.25,0.00,2.02,0.00,0.00,0.00,0.00
13,4e_5e,SB1,Basc1,95,0.00,0.00,2.31,87.76,1.15,1.38,1.13,2.27,0.00,1.41,0.00,2.38,0.00,0.00,0.00,0.00
13,4e_5e,SB1,Basc1,105,0.00,0.00,2.49,93.26,1.22,1.44,1.17,2.35,0.00,1.51,0.00,2.69,0.00,0.00,0.00,0.00
13,4e_5e,SB1,Basc1,115,0.00,0.00,2.60,97.36,1.28,1.48,1.19,2.38,0.00,1.57,0.00,2.93,0.00,0.00,0.00,0.00
13,4e_5e,SB1,Basc1,125,0.00,0.00,2.64,100.19,1.31,1.49,1.18,2.37,0.00,1.59,0.00,3.12,0.00,0.00,0.00,0.00
13,4e_5e,SB1,Basc1,135,0.00,0.00,2.61,101.88,1.34,1.49,1.16,2.32,0.00,1.58,0.00,3.24,0.00,0.00,0.00,0.00
13,4e_5e,SB1,Basc1,145,0.00,0.00,2.53,102.52,1.34,1.47,1.12,2.24,0.00,1.54,0.00,3.30,0.00,0.00,0.00,0.00
13,4e_5e,SB1,Basc1,155,0.00,0.00,2.40,102.20,1.34,1.43,1.07,2.14,0.00,1.49,0.00,3.30,0.00,0.00,0.00,0.00
13,4e_5e,SB1,Basc1,165,0.00,0.00,2.24,101.01,1.33,1.39,1.00,2.01,0.00,1.41,0.00,3.26,0.00,0.00,0.00,0.00
13,4e_5e,SB1,Basc1,175,0.00,0.00,2.05,99.06,1.30,1.33,0.93,1.87,0.00,1.33,0.00,3.18,0.00,0.00,0.00,0.00
13,4e_5e,SB1,Basc1,185,0.00,0.00,1.85,96.43,1.27,1.27,0.86,1.73,0.00,1.24,0.00,3.07,0.00,0.00,0.00,0.00
13,4e_5e,SB1,Basc1,195,0.00,0.00,1.65,93.23,1.22,1.20,0.78,1.57,0.00,1.15,0.00,2.93,0.00,0.00,0.00,0.00
13,4e_5e,SB1,Basc1,205,0.00,0.00,1.46,89.54,1.18,1.13,0.71,1.42,0.00,1.06,0.00,2.77,0.00,0.00,0.00,0.00
13,4e_5e,SB1,Basc1,215,0.00,0.00,1.27,85.47,1.12,1.05,0.64,1.28,0.00,0.97,0.00,2.60,0.00,0.00,0.00,0.00
13,4e_5e,SB1,Basc1,225,0.00,0.00,1.10,81.10,1.06,0.97,0.57,1.14,0.00,0.88,0.00,2.42,0.00,0.00,0.00,0.00
13,4e_5e,SB1,Basc1,235,0.00,0.00,0.94,76.51,1.00,0.90,0.50,1.00,0.00,0.79,0.00,2.24,0.00,0.00,0.00,0.00
13,4e_5e,SB1,Basc1,245,0.00,0.00,0.80,71.78,0.94,0.82,0.44,0.88,0.00,0.71,0.00,2.05,0.00,0.00,0.00,0.00
13,4e_5e,SB1,Basc1,255,0.00,0.00,0.67,66.98,0.88,0.75,0.38,0.77,0.00,0.63,0.00,1.87,0.00,0.00,0.00,0.00
14,patnt,SB1,Basc1,5,0.00,0.00,0.00,0.00,0.00,0.00,0.00,0.00,0.00,0.00,0.00,0.00,0.00,0.00,0.00,0.00
14,patnt,SB1,Basc1,15,0.00,0.00,0.01,0.70,0.01,0.01,0.03,0.07,0.00,5.70281106959075e-03,0.00,7.66607563820153e-03,0.00,0.00,0.00,0.00
14,patnt,SB1,Basc1,25,0.00,0.00,0.06,3.85,0.05,0.06,0.09,0.18,0.00,0.02,0.00,0.03,0.00,0.00,0.00,0.00
14,patnt,SB1,Basc1,35,0.00,0.00,0.17,10.86,0.13,0.19,0.18,0.36,0.00,0.09,0.00,0.12,0.00,0.00,0.00,0.00
14,patnt,SB1,Basc1,45,0.00,0.00,0.37,21.81,0.27,0.37,0.31,0.63,0.00,0.22,0.00,0.29,0.00,0.00,0.00,0.00
14,patnt,SB1,Basc1,55,0.00,0.00,0.70,35.70,0.45,0.60,0.49,0.98,0.00,0.42,0.00,0.59,0.00,0.00,0.00,0.00
14,patnt,SB1,Basc1,65,0.00,0.00,1.12,51.03,0.66,0.84,0.69,1.39,0.00,0.68,0.00,1.00,0.00,0.00,0.00,0.00
14,patnt,SB1,Basc1,75,0.00,0.00,1.58,66.40,0.86,1.08,0.89,1.78,0.00,0.98,0.00,1.50,0.00,0.00,0.00,0.00
14,patnt,SB1,Basc1,85,0.00,0.00,2.04,80.60,1.05,1.29,1.06,2.13,0.00,1.25,0.00,2.02,0.00,0.00,0.00,0.00
14,patnt,SB1,Basc1,95,0.00,0.00,2.44,92.72,1.21,1.46,1.20,2.40,0.00,1.49,0.00,2.52,0.00,0.00,0.00,0.00
14,patnt,SB1,Basc1,105,0.00,0.00,2.73,102.05,1.34,1.58,1.28,2.57,0.00,1.65,0.00,2.94,0.00,0.00,0.00,0.00
14,patnt,SB1,Basc1,115,0.00,0.00,2.89,108.09,1.42,1.64,1.32,2.65,0.00,1.74,0.00,3.26,0.00,0.00,0.00,0.00
14,patnt,SB1,Basc1,125,0.00,0.00,2.92,110.58,1.45,1.65,1.31,2.62,0.00,1.76,0.00,3.44,0.00,0.00,0.00,0.00
14,patnt,SB1,Basc1,135,0.00,0.00,2.81,109.51,1.44,1.60,1.25,2.50,0.00,1.70,0.00,3.48,0.00,0.00,0.00,0.00
14,patnt,SB1,Basc1,145,0.00,0.00,2.59,105.15,1.38,1.50,1.15,2.30,0.00,1.58,0.00,3.38,0.00,0.00,0.00,0.00
14,patnt,SB1,Basc1,155,0.00,0.00,2.30,97.99,1.28,1.37,1.02,2.05,0.00,1.42,0.00,3.17,0.00,0.00,0.00,0.00
14,patnt,SB1,Basc1,165,0.00,0.00,1.96,88.70,1.16,1.22,0.88,1.77,0.00,1.24,0.00,2.86,0.00,0.00,0.00,0.00
14,patnt,SB1,Basc1,175,0.00,0.00,1.61,78.05,1.02,1.05,0.73,1.47,0.00,1.05,0.00,2.51,0.00,0.00,0.00,0.00
14,patnt,SB1,Basc1,185,0.00,0.00,1.28,66.79,0.87,0.88,0.59,1.19,0.00,0.86,0.00,2.12,0.00,0.00,0.00,0.00
14,patnt,SB1,Basc1,195,0.00,0.00,0.99,55.61,0.73,0.71,0.47,0.94,0.00,0.68,0.00,1.74,0.00,0.00,0.00,0.00
14,patnt,SB1,Basc1,205,0.00,0.00,0.73,45.07,0.59,0.56,0.35,0.71,0.00,0.53,0.00,1.39,0.00,0.00,0.00,0.00
14,patnt,SB1,Basc1,215,0.00,0.00,0.53,35.56,0.46,0.43,0.26,0.53,0.00,0.40,0.00,1.08,0.00,0.00,0.00,0.00
14,patnt,SB1,Basc1,225,0.00,0.00,0.37,27.33,0.36,0.32,0.19,0.38,0.00,0.29,0.00,0.81,0.00,0.00,0.00,0.00
14,patnt,SB1,Basc1,235,0.00,0.00,0.25,20.46,0.26,0.24,0.13,0.26,0.00,0.21,0.00,0.59,0.00,0.00,0.00,0.00
14,patnt,SB1,Basc1,245,0.00,0.00,0.16,14.92,0.19,0.17,0.09,0.18,0.00,0.14,0.00,0.42,0.00,0.00,0.00,0.00
14,patnt,SB1,Basc1,255,0.00,0.00,0.10,10.60,0.13,0.11,0.06,0.12,0.00,0.10,0.00,0.29,0.00,0.00,0.00,0.00
15,4e_5e,SB1,Intn1,5,0.00,0.00,0.00,0.00,0.00,0.00,0.00,0.00,0.00,0.00,0.00,0.00,0.00,0.00,0.00,0.00
15,4e_5e,SB1,Intn1,15,0.00,0.00,0.03,1.83,0.03,0.03,0.09,0.19,0.00,0.01,0.00,0.02,0.00,0.00,0.00,0.00
15,4e_5e,SB1,Intn1,25,0.00,0.00,0.13,8.28,0.11,0.14,0.19,0.39,0.00,0.06,0.00,0.08,0.00,0.00,0.00,0.00
15,4e_5e,SB1,Intn1,35,0.00,0.00,0.30,19.50,0.25,0.34,0.32,0.64,0.00,0.16,0.00,0.22,0.00,0.00,0.00,0.00
15,4e_5e,SB1,Intn1,45,0.00,0.00,0.58,33.45,0.42,0.57,0.48,0.96,0.00,0.33,0.00,0.45,0.00,0.00,0.00,0.00
15,4e_5e,SB1,Intn1,55,0.00,0.00,0.93,47.71,0.60,0.80,0.66,1.32,0.00,0.56,0.00,0.79,0.00,0.00,0.00,0.00
15,4e_5e,SB1,Intn1,65,0.00,0.00,1.33,60.68,0.78,1.00,0.82,1.65,0.00,0.81,0.00,1.19,0.00,0.00,0.00,0.00
15,4e_5e,SB1,Intn1,75,0.00,0.00,1.71,71.68,0.93,1.16,0.96,1.92,0.00,1.05,0.00,1.62,0.00,0.00,0.00,0.00
15,4e_5e,SB1,Intn1,85,0.00,0.00,2.04,80.64,1.05,1.29,1.06,2.13,0.00,1.25,0.00,2.02,0.00,0.00,0.00,0.00
15,4e_5e,SB1,Intn1,95,0.00,0.00,2.31,87.76,1.15,1.38,1.13,2.27,0.00,1.41,0.00,2.38,0.00,0.00,0.00,0.00
15,4e_5e,SB1,Intn1,105,0.00,0.00,2.49,93.26,1.22,1.44,1.17,2.35,0.00,1.51,0.00,2.69,0.00,0.00,0.00,0.00
15,4e_5e,SB1,Intn1,115,0.00,0.00,2.60,97.36,1.28,1.48,1.19,2.38,0.00,1.57,0.00,2.93,0.00,0.00,0.00,0.00
15,4e_5e,SB1,Intn1,125,0.00,0.00,2.64,100.19,1.31,1.49,1.18,2.37,0.00,1.59,0.00,3.12,0.00,0.00,0.00,0.00
15,4e_5e,SB1,Intn1,135,0.00,0.00,2.61,101.88,1.34,1.49,1.16,2.32,0.00,1.58,0.00,3.24,0.00,0.00,0.00,0.00
15,4e_5e,SB1,Intn1,145,0.00,0.00,2.53,102.52,1.34,1.47,1.12,2.24,0.00,1.54,0.00,3.30,0.00,0.00,0.00,0.00
15,4e_5e,SB1,Intn1,155,0.00,0.00,2.40,102.20,1.34,1.43,1.07,2.14,0.00,1.49,0.00,3.30,0.00,0.00,0.00,0.00
15,4e_5e,SB1,Intn1,165,0.00,0.00,2.24,101.01,1.33,1.39,1.00,2.01,0.00,1.41,0.00,3.26,0.00,0.00,0.00,0.00
15,4e_5e,SB1,Intn1,175,0.00,0.00,2.05,99.06,1.30,1.33,0.93,1.87,0.00,1.33,0.00,3.18,0.00,0.00,0.00,0.00
15,4e_5e,SB1,Intn1,185,0.00,0.00,1.85,96.43,1.27,1.27,0.86,1.73,0.00,1.24,0.00,3.07,0.00,0.00,0.00,0.00
15,4e_5e,SB1,Intn1,195,0.00,0.00,1.65,93.23,1.22,1.20,0.78,1.57,0.00,1.15,0.00,2.93,0.00,0.00,0.00,0.00
15,4e_5e,SB1,Intn1,205,0.00,0.00,1.46,89.54,1.18,1.13,0.71,1.42,0.00,1.06,0.00,2.77,0.00,0.00,0.00,0.00
15,4e_5e,SB1,Intn1,215,0.00,0.00,1.27,85.47,1.12,1.05,0.64,1.28,0.00,0.97,0.00,2.60,0.00,0.00,0.00,0.00
15,4e_5e,SB1,Intn1,225,0.00,0.00,1.10,81.10,1.06,0.97,0.57,1.14,0.00,0.88,0.00,2.42,0.00,0.00,0.00,0.00
15,4e_5e,SB1,Intn1,235,0.00,0.00,0.94,76.51,1.00,0.90,0.50,1.00,0.00,0.79,0.00,2.24,0.00,0.00,0.00,0.00
15,4e_5e,SB1,Intn1,245,0.00,0.00,0.80,71.78,0.94,0.82,0.44,0.88,0.00,0.71,0.00,2.05,0.00,0.00,0.00,0.00
15,4e_5e,SB1,Intn1,255,0.00,0.00,0.67,66.98,0.88,0.75,0.38,0.77,0.00,0.63,0.00,1.87,0.00,0.00,0.00,0.00
16,patnt,SB1,Intn1,5,0.00,0.00,0.00,0.00,0.00,0.00,0.00,0.00,0.00,0.00,0.00,0.00,0.00,0.00,0.00,0.00
16,patnt,SB1,Intn1,15,0.00,0.00,0.01,0.70,0.01,0.01,0.03,0.07,0.00,5.70281106959075e-03,0.00,7.66607563820153e-03,0.00,0.00,0.00,0.00
16,patnt,SB1,Intn1,25,0.00,0.00,0.06,3.85,0.05,0.06,0.09,0.18,0.00,0.02,0.00,0.03,0.00,0.00,0.00,0.00
16,patnt,SB1,Intn1,35,0.00,0.00,0.17,10.86,0.13,0.19,0.18,0.36,0.00,0.09,0.00,0.12,0.00,0.00,0.00,0.00
16,patnt,SB1,Intn1,45,0.00,0.00,0.37,21.81,0.27,0.37,0.31,0.63,0.00,0.22,0.00,0.29,0.00,0.00,0.00,0.00
16,patnt,SB1,Intn1,55,0.00,0.00,0.70,35.70,0.45,0.60,0.49,0.98,0.00,0.42,0.00,0.59,0.00,0.00,0.00,0.00
16,patnt,SB1,Intn1,65,0.00,0.00,1.12,51.03,0.66,0.84,0.69,1.39,0.00,0.68,0.00,1.00,0.00,0.00,0.00,0.00
16,patnt,SB1,Intn1,75,0.00,0.00,1.58,66.40,0.86,1.08,0.89,1.78,0.00,0.98,0.00,1.50,0.00,0.00,0.00,0.00
16,patnt,SB1,Intn1,85,0.00,0.00,2.04,80.60,1.05,1.29,1.06,2.13,0.00,1.25,0.00,2.02,0.00,0.00,0.00,0.00
16,patnt,SB1,Intn1,95,0.00,0.00,2.44,92.72,1.21,1.46,1.20,2.40,0.00,1.49,0.00,2.52,0.00,0.00,0.00,0.00
16,patnt,SB1,Intn1,105,0.00,0.00,2.73,102.05,1.34,1.58,1.28,2.57,0.00,1.65,0.00,2.94,0.00,0.00,0.00,0.00
16,patnt,SB1,Intn1,115,0.00,0.00,2.89,108.09,1.42,1.64,1.32,2.65,0.00,1.74,0.00,3.26,0.00,0.00,0.00,0.00
16,patnt,SB1,Intn1,125,0.00,0.00,2.92,110.58,1.45,1.65,1.31,2.62,0.00,1.76,0.00,3.44,0.00,0.00,0.00,0.00
16,patnt,SB1,Intn1,135,0.00,0.00,2.81,109.51,1.44,1.60,1.25,2.50,0.00,1.70,0.00,3.48,0.00,0.00,0.00,0.00
16,patnt,SB1,Intn1,145,0.00,0.00,2.59,105.15,1.38,1.50,1.15,2.30,0.00,1.58,0.00,3.38,0.00,0.00,0.00,0.00
16,patnt,SB1,Intn1,155,0.00,0.00,2.30,97.99,1.28,1.37,1.02,2.05,0.00,1.42,0.00,3.17,0.00,0.00,0.00,0.00
16,patnt,SB1,Intn1,165,0.00,0.00,1.96,88.70,1.16,1.22,0.88,1.77,0.00,1.24,0.00,2.86,0.00,0.00,0.00,0.00
16,patnt,SB1,Intn1,175,0.00,0.00,1.61,78.05,1.02,1.05,0.73,1.47,0.00,1.05,0.00,2.51,0.00,0.00,0.00,0.00
16,patnt,SB1,Intn1,185,0.00,0.00,1.28,66.79,0.87,0.88,0.59,1.19,0.00,0.86,0.00,2.12,0.00,0.00,0.00,0.00
16,patnt,SB1,Intn1,195,0.00,0.00,0.99,55.61,0.73,0.71,0.47,0.94,0.00,0.68,0.00,1.74,0.00,0.00,0.00,0.00
16,patnt,SB1,Intn1,205,0.00,0.00,0.73,45.07,0.59,0.56,0.35,0.71,0.00,0.53,0.00,1.39,0.00,0.00,0.00,0.00
16,patnt,SB1,Intn1,215,0.00,0.00,0.53,35.56,0.46,0.43,0.26,0.53,0.00,0.40,0.00,1.08,0.00,0.00,0.00,0.00
16,patnt,SB1,Intn1,225,0.00,0.00,0.37,27.33,0.36,0.32,0.19,0.38,0.00,0.29,0.00,0.81,0.00,0.00,0.00,0.00
16,patnt,SB1,Intn1,235,0.00,0.00,0.25,20.46,0.26,0.24,0.13,0.26,0.00,0.21,0.00,0.59,0.00,0.00,0.00,0.00
16,patnt,SB1,Intn1,245,0.00,0.00,0.16,14.92,0.19,0.17,0.09,0.18,0.00,0.14,0.00,0.42,0.00,0.00,0.00,0.00
16,patnt,SB1,Intn1,255,0.00,0.00,0.10,10.60,0.13,0.11,0.06,0.12,0.00,0.10,0.00,0.29,0.00,0.00,0.00,0.00
17,4e_5e,SB1,Intn2,5,0.00,0.00,0.00,0.00,0.00,0.00,0.00,0.00,0.00,0.00,0.00,0.00,0.00,0.00,0.00,0.00
17,4e_5e,SB1,Intn2,15,0.00,0.00,0.03,1.83,0.03,0.03,0.09,0.19,0.00,0.01,0.00,0.02,0.00,0.00,0.00,0.00
17,4e_5e,SB1,Intn2,25,0.00,0.00,0.13,8.28,0.11,0.14,0.19,0.39,0.00,0.06,0.00,0.08,0.00,0.00,0.00,0.00
17,4e_5e,SB1,Intn2,35,0.00,0.00,0.30,19.50,0.25,0.34,0.32,0.64,0.00,0.16,0.00,0.22,0.00,0.00,0.00,0.00
17,4e_5e,SB1,Intn2,45,0.00,0.00,0.58,33.45,0.42,0.57,0.48,0.96,0.00,0.33,0.00,0.45,0.00,0.00,0.00,0.00
17,4e_5e,SB1,Intn2,55,0.00,0.00,0.93,47.71,0.60,0.80,0.66,1.32,0.00,0.56,0.00,0.79,0.00,0.00,0.00,0.00
17,4e_5e,SB1,Intn2,65,0.00,0.00,1.33,60.68,0.78,1.00,0.82,1.65,0.00,0.81,0.00,1.19,0.00,0.00,0.00,0.00
17,4e_5e,SB1,Intn2,75,0.00,0.00,1.71,71.68,0.93,1.16,0.96,1.92,0.00,1.05,0.00,1.62,0.00,0.00,0.00,0.00
17,4e_5e,SB1,Intn2,85,0.00,0.00,2.04,80.64,1.05,1.29,1.06,2.13,0.00,1.25,0.00,2.02,0.00,0.00,0.00,0.00
17,4e_5e,SB1,Intn2,95,0.00,0.00,2.31,87.76,1.15,1.38,1.13,2.27,0.00,1.41,0.00,2.38,0.00,0.00,0.00,0.00
17,4e_5e,SB1,Intn2,105,0.00,0.00,2.49,93.26,1.22,1.44,1.17,2.35,0.00,1.51,0.00,2.69,0.00,0.00,0.00,0.00
17,4e_5e,SB1,Intn2,115,0.00,0.00,2.60,97.36,1.28,1.48,1.19,2.38,0.00,1.57,0.00,2.93,0.00,0.00,0.00,0.00
17,4e_5e,SB1,Intn2,125,0.00,0.00,2.64,100.19,1.31,1.49,1.18,2.37,0.00,1.59,0.00,3.12,0.00,0.00,0.00,0.00
17,4e_5e,SB1,Intn2,135,0.00,0.00,2.61,101.88,1.34,1.49,1.16,2.32,0.00,1.58,0.00,3.24,0.00,0.00,0.00,0.00
17,4e_5e,SB1,Intn2,145,0.00,0.00,2.53,102.52,1.34,1.47,1.12,2.24,0.00,1.54,0.00,3.30,0.00,0.00,0.00,0.00
17,4e_5e,SB1,Intn2,155,0.00,0.00,2.40,102.20,1.34,1.43,1.07,2.14,0.00,1.49,0.00,3.30,0.00,0.00,0.00,0.00
17,4e_5e,SB1,Intn2,165,0.00,0.00,2.24,101.01,1.33,1.39,1.00,2.01,0.00,1.41,0.00,3.26,0.00,0.00,0.00,0.00
17,4e_5e,SB1,Intn2,175,0.00,0.00,2.05,99.06,1.30,1.33,0.93,1.87,0.00,1.33,0.00,3.18,0.00,0.00,0.00,0.00
17,4e_5e,SB1,Intn2,185,0.00,0.00,1.85,96.43,1.27,1.27,0.86,1.73,0.00,1.24,0.00,3.07,0.00,0.00,0.00,0.00
17,4e_5e,SB1,Intn2,195,0.00,0.00,1.65,93.23,1.22,1.20,0.78,1.57,0.00,1.15,0.00,2.93,0.00,0.00,0.00,0.00
17,4e_5e,SB1,Intn2,205,0.00,0.00,1.46,89.54,1.18,1.13,0.71,1.42,0.00,1.06,0.00,2.77,0.00,0.00,0.00,0.00
17,4e_5e,SB1,Intn2,215,0.00,0.00,1.27,85.47,1.12,1.05,0.64,1.28,0.00,0.97,0.00,2.60,0.00,0.00,0.00,0.00
17,4e_5e,SB1,Intn2,225,0.00,0.00,1.10,81.10,1.06,0.97,0.57,1.14,0.00,0.88,0.00,2.42,0.00,0.00,0.00,0.00
17,4e_5e,SB1,Intn2,235,0.00,0.00,0.94,76.51,1.00,0.90,0.50,1.00,0.00,0.79,0.00,2.24,0.00,0.00,0.00,0.00
17,4e_5e,SB1,Intn2,245,0.00,0.00,0.80,71.78,0.94,0.82,0.44,0.88,0.00,0.71,0.00,2.05,0.00,0.00,0.00,0.00
17,4e_5e,SB1,Intn2,255,0.00,0.00,0.67,66.98,0.88,0.75,0.38,0.77,0.00,0.63,0.00,1.87,0.00,0.00,0.00,0.00
18,patnt,SB1,Intn2,5,0.00,0.00,0.00,0.00,0.00,0.00,0.00,0.00,0.00,0.00,0.00,0.00,0.00,0.00,0.00,0.00
18,patnt,SB1,Intn2,15,0.00,0.00,0.01,0.70,0.01,0.01,0.03,0.07,0.00,5.70281106959075e-03,0.00,7.66607563820153e-03,0.00,0.00,0.00,0.00
18,patnt,SB1,Intn2,25,0.00,0.00,0.06,3.85,0.05,0.06,0.09,0.18,0.00,0.02,0.00,0.03,0.00,0.00,0.00,0.00
18,patnt,SB1,Intn2,35,0.00,0.00,0.17,10.86,0.13,0.19,0.18,0.36,0.00,0.09,0.00,0.12,0.00,0.00,0.00,0.00
18,patnt,SB1,Intn2,45,0.00,0.00,0.37,21.81,0.27,0.37,0.31,0.63,0.00,0.22,0.00,0.29,0.00,0.00,0.00,0.00
18,patnt,SB1,Intn2,55,0.00,0.00,0.70,35.70,0.45,0.60,0.49,0.98,0.00,0.42,0.00,0.59,0.00,0.00,0.00,0.00
18,patnt,SB1,Intn2,65,0.00,0.00,1.12,51.03,0.66,0.84,0.69,1.39,0.00,0.68,0.00,1.00,0.00,0.00,0.00,0.00
18,patnt,SB1,Intn2,75,0.00,0.00,1.58,66.40,0.86,1.08,0.89,1.78,0.00,0.98,0.00,1.50,0.00,0.00,0.00,0.00
18,patnt,SB1,Intn2,85,0.00,0.00,2.04,80.60,1.05,1.29,1.06,2.13,0.00,1.25,0.00,2.02,0.00,0.00,0.00,0.00
18,patnt,SB1,Intn2,95,0.00,0.00,2.44,92.72,1.21,1.46,1.20,2.40,0.00,1.49,0.00,2.52,0.00,0.00,0.00,0.00
18,patnt,SB1,Intn2,105,0.00,0.00,2.73,102.05,1.34,1.58,1.28,2.57,0.00,1.65,0.00,2.94,0.00,0.00,0.00,0.00
18,patnt,SB1,Intn2,115,0.00,0.00,2.89,108.09,1.42,1.64,1.32,2.65,0.00,1.74,0.00,3.26,0.00,0.00,0.00,0.00
18,patnt,SB1,Intn2,125,0.00,0.00,2.92,110.58,1.45,1.65,1.31,2.62,0.00,1.76,0.00,3.44,0.00,0.00,0.00,0.00
18,patnt,SB1,Intn2,135,0.00,0.00,2.81,109.51,1.44,1.60,1.25,2.50,0.00,1.70,0.00,3.48,0.00,0.00,0.00,0.00
18,patnt,SB1,Intn2,145,0.00,0.00,2.59,105.15,1.38,1.50,1.15,2.30,0.00,1.58,0.00,3.38,0.00,0.00,0.00,0.00
18,patnt,SB1,Intn2,155,0.00,0.00,2.30,97.99,1.28,1.37,1.02,2.05,0.00,1.42,0.00,3.17,0.00,0.00,0.00,0.00
18,patnt,SB1,Intn2,165,0.00,0.00,1.96,88.70,1.16,1.22,0.88,1.77,0.00,1.24,0.00,2.86,0.00,0.00,0.00,0.00
18,patnt,SB1,Intn2,175,0.00,0.00,1.61,78.05,1.02,1.05,0.73,1.47,0.00,1.05,0.00,2.51,0.00,0.00,0.00,0.00
18,patnt,SB1,Intn2,185,0.00,0.00,1.28,66.79,0.87,0.88,0.59,1.19,0.00,0.86,0.00,2.12,0.00,0.00,0.00,0.00
18,patnt,SB1,Intn2,195,0.00,0.00,0.99,55.61,0.73,0.71,0.47,0.94,0.00,0.68,0.00,1.74,0.00,0.00,0.00,0.00
18,patnt,SB1,Intn2,205,0.00,0.00,0.73,45.07,0.59,0.56,0.35,0.71,0.00,0.53,0.00,1.39,0.00,0.00,0.00,0.00
18,patnt,SB1,Intn2,215,0.00,0.00,0.53,35.56,0.46,0.43,0.26,0.53,0.00,0.40,0.00,1.08,0.00,0.00,0.00,0.00
18,patnt,SB1,Intn2,225,0.00,0.00,0.37,27.33,0.36,0.32,0.19,0.38,0.00,0.29,0.00,0.81,0.00,0.00,0.00,0.00
18,patnt,SB1,Intn2,235,0.00,0.00,0.25,20.46,0.26,0.24,0.13,0.26,0.00,0.21,0.00,0.59,0.00,0.00,0.00,0.00
18,patnt,SB1,Intn2,245,0.00,0.00,0.16,14.92,0.19,0.17,0.09,0.18,0.00,0.14,0.00,0.42,0.00,0.00,0.00,0.00
18,patnt,SB1,Intn2,255,0.00,0.00,0.10,10.60,0.13,0.11,0.06,0.12,0.00,0.10,0.00,0.29,0.00,0.00,0.00,0.00
21,4e_5e,PJ1,Prsnt,5,0.00,0.00,0.00,0.00,0.00,0.00,0.00,0.00,0.00,0.00,0.00,0.00,0.00,0.00,0.00,0.00
21,4e_5e,PJ1,Prsnt,15,4.84625417452296e-03,0.00,0.90,0.05,0.00,0.00,0.00,0.00,0.00,0.02,0.00,7.82476044619229e-03,0.00,0.00,0.00,0.00
21,4e_5e,PJ1,Prsnt,25,0.05,0.00,9.15,0.71,0.00,0.00,0.00,0.00,0.00,0.34,0.00,0.09,0.00,0.00,0.00,0.00
21,4e_5e,PJ1,Prsnt,35,0.23,0.00,32.92,2.61,0.00,0.00,0.00,0.00,0.00,1.39,0.00,0.38,0.00,0.00,0.00,0.00
21,4e_5e,PJ1,Prsnt,45,0.53,0.00,67.52,4.87,0.00,0.00,0.00,0.00,0.00,3.06,0.00,0.86,0.00,0.00,0.00,0.00
21,4e_5e,PJ1,Prsnt,55,0.83,0.00,97.63,6.21,0.00,0.00,0.00,0.00,0.00,4.60,0.00,1.34,0.00,0.00,0.00,0.00
21,4e_5e,PJ1,Prsnt,65,1.06,0.00,116.10,6.61,0.00,0.00,0.00,0.00,0.00,5.57,0.00,1.69,0.00,0.00,0.00,0.00
21,4e_5e,PJ1,Prsnt,75,1.23,0.00,126.01,6.60,0.00,0.00,0.00,0.00,0.00,6.08,0.00,1.93,0.00,0.00,0.00,0.00
21,4e_5e,PJ1,Prsnt,85,1.35,0.00,130.45,6.44,0.00,0.00,0.00,0.00,0.00,6.27,0.00,2.09,0.00,0.00,0.00,0.00
21,4e_5e,PJ1,Prsnt,95,1.43,0.00,130.40,6.20,0.00,0.00,0.00,0.00,0.00,6.23,0.00,2.18,0.00,0.00,0.00,0.00
21,4e_5e,PJ1,Prsnt,105,1.47,0.00,126.38,5.91,0.00,0.00,0.00,0.00,0.00,6.00,0.00,2.21,0.00,0.00,0.00,0.00
21,4e_5e,PJ1,Prsnt,115,1.48,0.00,119.05,5.56,0.00,0.00,0.00,0.00,0.00,5.62,0.00,2.17,0.00,0.00,0.00,0.00
21,4e_5e,PJ1,Prsnt,125,1.44,0.00,109.20,5.17,0.00,0.00,0.00,0.00,0.00,5.15,0.00,2.09,0.00,0.00,0.00,0.00
21,4e_5e,PJ1,Prsnt,135,1.37,0.00,97.67,4.76,0.00,0.00,0.00,0.00,0.00,4.62,0.00,1.96,0.00,0.00,0.00,0.00
21,4e_5e,PJ1,Prsnt,145,1.28,0.00,85.29,4.32,0.00,0.00,0.00,0.00,0.00,4.07,0.00,1.80,0.00,0.00,0.00,0.00
21,4e_5e,PJ1,Prsnt,155,1.17,0.00,72.79,3.87,0.00,0.00,0.00,0.00,0.00,3.53,0.00,1.62,0.00,0.00,0.00,0.00
21,4e_5e,PJ1,Prsnt,165,1.04,0.00,60.78,3.43,0.00,0.00,0.00,0.00,0.00,3.01,0.00,1.44,0.00,0.00,0.00,0.00
21,4e_5e,PJ1,Prsnt,175,0.92,0.00,49.70,3.00,0.00,0.00,0.00,0.00,0.00,2.52,0.00,1.25,0.00,0.00,0.00,0.00
21,4e_5e,PJ1,Prsnt,185,0.79,0.00,39.82,2.58,0.00,0.00,0.00,0.00,0.00,2.09,0.00,1.06,0.00,0.00,0.00,0.00
21,4e_5e,PJ1,Prsnt,195,0.67,0.00,31.30,2.20,0.00,0.00,0.00,0.00,0.00,1.70,0.00,0.89,0.00,0.00,0.00,0.00
21,4e_5e,PJ1,Prsnt,205,0.56,0.00,24.14,1.85,0.00,0.00,0.00,0.00,0.00,1.37,0.00,0.74,0.00,0.00,0.00,0.00
21,4e_5e,PJ1,Prsnt,215,0.45,0.00,18.28,1.53,0.00,0.00,0.00,0.00,0.00,1.08,0.00,0.60,0.00,0.00,0.00,0.00
21,4e_5e,PJ1,Prsnt,225,0.37,0.00,13.60,1.25,0.00,0.00,0.00,0.00,0.00,0.84,0.00,0.48,0.00,0.00,0.00,0.00
21,4e_5e,PJ1,Prsnt,235,0.29,0.00,9.95,1.01,0.00,0.00,0.00,0.00,0.00,0.65,0.00,0.38,0.00,0.00,0.00,0.00
21,4e_5e,PJ1,Prsnt,245,0.22,0.00,7.15,0.80,0.00,0.00,0.00,0.00,0.00,0.49,0.00,0.29,0.00,0.00,0.00,0.00
21,4e_5e,PJ1,Prsnt,255,0.17,0.00,5.06,0.63,0.00,0.00,0.00,0.00,0.00,0.37,0.00,0.22,0.00,0.00,0.00,0.00
22,patnt,PJ1,Prsnt,5,0.00,0.00,0.00,0.00,0.00,0.00,0.00,0.00,0.00,0.00,0.00,0.00,0.00,0.00,0.00,0.00
22,patnt,PJ1,Prsnt,15,1.18511254178786e-03,0.00,0.22,0.01,0.00,0.00,0.00,0.00,0.00,6.85472080450355e-03,0.00,1.43511174929978e-03,0.00,0.00,0.00,0.00
22,patnt,PJ1,Prsnt,25,0.02,0.00,3.50,0.24,0.00,0.00,0.00,0.00,0.00,0.12,0.00,0.02,0.00,0.00,0.00,0.00
22,patnt,PJ1,Prsnt,35,0.12,0.00,17.86,1.24,0.00,0.00,0.00,0.00,0.00,0.74,0.00,0.15,0.00,0.00,0.00,0.00
22,patnt,PJ1,Prsnt,45,0.36,0.00,48.01,3.04,0.00,0.00,0.00,0.00,0.00,2.12,0.00,0.45,0.00,0.00,0.00,0.00
22,patnt,PJ1,Prsnt,55,0.70,0.00,84.32,4.71,0.00,0.00,0.00,0.00,0.00,3.88,0.00,0.84,0.00,0.00,0.00,0.00
22,patnt,PJ1,Prsnt,65,1.00,0.00,112.93,5.65,0.00,0.00,0.00,0.00,0.00,5.29,0.00,1.20,0.00,0.00,0.00,0.00
22,patnt,PJ1,Prsnt,75,1.21,0.00,127.98,5.88,0.00,0.00,0.00,0.00,0.00,6.02,0.00,1.43,0.00,0.00,0.00,0.00
22,patnt,PJ1,Prsnt,85,1.29,0.00,128.25,5.55,0.00,0.00,0.00,0.00,0.00,6.02,0.00,1.50,0.00,0.00,0.00,0.00
22,patnt,PJ1,Prsnt,95,1.23,0.00,115.05,4.80,0.00,0.00,0.00,0.00,0.00,5.36,0.00,1.41,0.00,0.00,0.00,0.00
22,patnt,PJ1,Prsnt,105,1.05,0.00,92.77,3.80,0.00,0.00,0.00,0.00,0.00,4.29,0.00,1.18,0.00,0.00,0.00,0.00
22,patnt,PJ1,Prsnt,115,0.81,0.00,67.40,2.76,0.00,0.00,0.00,0.00,0.00,3.10,0.00,0.90,0.00,0.00,0.00,0.00
22,patnt,PJ1,Prsnt,125,0.57,0.00,44.20,1.84,0.00,0.00,0.00,0.00,0.00,2.03,0.00,0.61,0.00,0.00,0.00,0.00
22,patnt,PJ1,Prsnt,135,0.36,0.00,26.20,1.12,0.00,0.00,0.00,0.00,0.00,1.21,0.00,0.38,0.00,0.00,0.00,0.00
22,patnt,PJ1,Prsnt,145,0.20,0.00,14.06,0.62,0.00,0.00,0.00,0.00,0.00,0.65,0.00,0.21,0.00,0.00,0.00,0.00
22,patnt,PJ1,Prsnt,155,0.10,0.00,6.83,0.31,0.00,0.00,0.00,0.00,0.00,0.32,0.00,0.11,0.00,0.00,0.00,0.00
22,patnt,PJ1,Prsnt,165,0.05,0.00,3.01,0.14,0.00,0.00,0.00,0.00,0.00,0.14,0.00,0.05,0.00,0.00,0.00,0.00
22,patnt,PJ1,Prsnt,175,0.02,0.00,1.20,0.06,0.00,0.00,0.00,0.00,0.00,0.05,0.00,0.02,0.00,0.00,0.00,0.00
22,patnt,PJ1,Prsnt,185,8.54360778749815e-03,0.00,0.43,0.02,0.00,0.00,0.00,0.00,0.00,0.02,0.00,8.61617926553456e-03,0.00,0.00,0.00,0.00
22,patnt,PJ1,Prsnt,195,3.04459910283994e-03,0.00,0.14,8.95809090093675e-03,0.00,0.00,0.00,0.00,0.00,7.70892936447967e-03,0.00,3.04598090133006e-03,0.00,0.00,0.00,0.00
22,patnt,PJ1,Prsnt,205,9.88514655534469e-04,0.00,0.04,2.93320343451633e-03,0.00,0.00,0.00,0.00,0.00,2.41647458481686e-03,0.00,9.82374191458409e-04,0.00,0.00,0.00,0.00
22,patnt,PJ1,Prsnt,215,2.92545977172862e-04,0.00,0.01,8.78394541238168e-04,0.00,0.00,0.00,0.00,0.00,6.92349552064442e-04,0.00,2.89162382082998e-04,0.00,0.00,0.00,0.00
22,patnt,PJ1,Prsnt,225,7.89465598519456e-05,0.00,2.97651150992288e-03,2.4056396702294e-04,0.00,0.00,0.00,0.00,0.00,1.81326341244029e-04,0.00,7.77084745495333e-05,0.00,0.00,0.00,0.00
22,patnt,PJ1,Prsnt,235,1.94334310169742e-05,0.00,6.76251373045507e-04,6.02482133124188e-05,0.00,0.00,0.00,0.00,0.00,4.34121450473827e-05,0.00,1.90711545998055e-05,0.00,0.00,0.00,0.00
22,patnt,PJ1,Prsnt,245,4.36489256392937e-06,0.00,1.40054883654931e-04,1.37979509091053e-05,0.00,0.00,0.00,0.00,0.00,9.50145293046444e-06,0.00,4.27529016951521e-06,0.00,0.00,0.00,0.00
22,patnt,PJ1,Prsnt,255,8.94786810988533e-07,0.00,2.64506380544156e-05,2.88954845233368e-06,0.00,0.00,0.00,0.00,0.00,1.90110263094652e-06,0.00,8.75615678818217e-07,0.00,0.00,0.00,0.00
23,4e_5e,PJ1,Exten,5,0.00,0.00,0.00,0.00,0.00,0.00,0.00,0.00,0.00,0.00,0.00,0.00,0.00,0.00,0.00,0.00
23,4e_5e,PJ1,Exten,15,4.84625417452296e-03,0.00,0.90,0.05,0.00,0.00,0.00,0.00,0.00,0.02,0.00,7.82476044619229e-03,0.00,0.00,0.00,0.00
23,4e_5e,PJ1,Exten,25,0.05,0.00,9.15,0.71,0.00,0.00,0.00,0.00,0.00,0.34,0.00,0.09,0.00,0.00,0.00,0.00
23,4e_5e,PJ1,Exten,35,0.23,0.00,32.92,2.61,0.00,0.00,0.00,0.00,0.00,1.39,0.00,0.38,0.00,0.00,0.00,0.00
23,4e_5e,PJ1,Exten,45,0.53,0.00,67.52,4.87,0.00,0.00,0.00,0.00,0.00,3.06,0.00,0.86,0.00,0.00,0.00,0.00
23,4e_5e,PJ1,Exten,55,0.83,0.00,97.63,6.21,0.00,0.00,0.00,0.00,0.00,4.60,0.00,1.34,0.00,0.00,0.00,0.00
23,4e_5e,PJ1,Exten,65,1.06,0.00,116.10,6.61,0.00,0.00,0.00,0.00,0.00,5.57,0.00,1.69,0.00,0.00,0.00,0.00
23,4e_5e,PJ1,Exten,75,1.23,0.00,126.01,6.60,0.00,0.00,0.00,0.00,0.00,6.08,0.00,1.93,0.00,0.00,0.00,0.00
23,4e_5e,PJ1,Exten,85,1.35,0.00,130.45,6.44,0.00,0.00,0.00,0.00,0.00,6.27,0.00,2.09,0.00,0.00,0.00,0.00
23,4e_5e,PJ1,Exten,95,1.43,0.00,130.40,6.20,0.00,0.00,0.00,0.00,0.00,6.23,0.00,2.18,0.00,0.00,0.00,0.00
23,4e_5e,PJ1,Exten,105,1.47,0.00,126.38,5.91,0.00,0.00,0.00,0.00,0.00,6.00,0.00,2.21,0.00,0.00,0.00,0.00
23,4e_5e,PJ1,Exten,115,1.48,0.00,119.05,5.56,0.00,0.00,0.00,0.00,0.00,5.62,0.00,2.17,0.00,0.00,0.00,0.00
23,4e_5e,PJ1,Exten,125,1.44,0.00,109.20,5.17,0.00,0.00,0.00,0.00,0.00,5.15,0.00,2.09,0.00,0.00,0.00,0.00
23,4e_5e,PJ1,Exten,135,1.37,0.00,97.67,4.76,0.00,0.00,0.00,0.00,0.00,4.62,0.00,1.96,0.00,0.00,0.00,0.00
23,4e_5e,PJ1,Exten,145,1.28,0.00,85.29,4.32,0.00,0.00,0.00,0.00,0.00,4.07,0.00,1.80,0.00,0.00,0.00,0.00
23,4e_5e,PJ1,Exten,155,1.17,0.00,72.79,3.87,0.00,0.00,0.00,0.00,0.00,3.53,0.00,1.62,0.00,0.00,0.00,0.00
23,4e_5e,PJ1,Exten,165,1.04,0.00,60.78,3.43,0.00,0.00,0.00,0.00,0.00,3.01,0.00,1.44,0.00,0.00,0.00,0.00
23,4e_5e,PJ1,Exten,175,0.92,0.00,49.70,3.00,0.00,0.00,0.00,0.00,0.00,2.52,0.00,1.25,0.00,0.00,0.00,0.00
23,4e_5e,PJ1,Exten,185,0.79,0.00,39.82,2.58,0.00,0.00,0.00,0.00,0.00,2.09,0.00,1.06,0.00,0.00,0.00,0.00
23,4e_5e,PJ1,Exten,195,0.67,0.00,31.30,2.20,0.00,0.00,0.00,0.00,0.00,1.70,0.00,0.89,0.00,0.00,0.00,0.00
23,4e_5e,PJ1,Exten,205,0.56,0.00,24.14,1.85,0.00,0.00,0.00,0.00,0.00,1.37,0.00,0.74,0.00,0.00,0.00,0.00
23,4e_5e,PJ1,Exten,215,0.45,0.00,18.28,1.53,0.00,0.00,0.00,0.00,0.00,1.08,0.00,0.60,0.00,0.00,0.00,0.00
23,4e_5e,PJ1,Exten,225,0.37,0.00,13.60,1.25,0.00,0.00,0.00,0.00,0.00,0.84,0.00,0.48,0.00,0.00,0.00,0.00
23,4e_5e,PJ1,Exten,235,0.29,0.00,9.95,1.01,0.00,0.00,0.00,0.00,0.00,0.65,0.00,0.38,0.00,0.00,0.00,0.00
23,4e_5e,PJ1,Exten,245,0.22,0.00,7.15,0.80,0.00,0.00,0.00,0.00,0.00,0.49,0.00,0.29,0.00,0.00,0.00,0.00
23,4e_5e,PJ1,Exten,255,0.17,0.00,5.06,0.63,0.00,0.00,0.00,0.00,0.00,0.37,0.00,0.22,0.00,0.00,0.00,0.00
24,patnt,PJ1,Exten,5,0.00,0.00,0.00,0.00,0.00,0.00,0.00,0.00,0.00,0.00,0.00,0.00,0.00,0.00,0.00,0.00
24,patnt,PJ1,Exten,15,1.18511254178786e-03,0.00,0.22,0.01,0.00,0.00,0.00,0.00,0.00,6.85472080450355e-03,0.00,1.43511174929978e-03,0.00,0.00,0.00,0.00
24,patnt,PJ1,Exten,25,0.02,0.00,3.50,0.24,0.00,0.00,0.00,0.00,0.00,0.12,0.00,0.02,0.00,0.00,0.00,0.00
24,patnt,PJ1,Exten,35,0.12,0.00,17.86,1.24,0.00,0.00,0.00,0.00,0.00,0.74,0.00,0.15,0.00,0.00,0.00,0.00
24,patnt,PJ1,Exten,45,0.36,0.00,48.01,3.04,0.00,0.00,0.00,0.00,0.00,2.12,0.00,0.45,0.00,0.00,0.00,0.00
24,patnt,PJ1,Exten,55,0.70,0.00,84.32,4.71,0.00,0.00,0.00,0.00,0.00,3.88,0.00,0.84,0.00,0.00,0.00,0.00
24,patnt,PJ1,Exten,65,1.00,0.00,112.93,5.65,0.00,0.00,0.00,0.00,0.00,5.29,0.00,1.20,0.00,0.00,0.00,0.00
24,patnt,PJ1,Exten,75,1.21,0.00,127.98,5.88,0.00,0.00,0.00,0.00,0.00,6.02,0.00,1.43,0.00,0.00,0.00,0.00
24,patnt,PJ1,Exten,85,1.29,0.00,128.25,5.55,0.00,0.00,0.00,0.00,0.00,6.02,0.00,1.50,0.00,0.00,0.00,0.00
24,patnt,PJ1,Exten,95,1.23,0.00,115.05,4.80,0.00,0.00,0.00,0.00,0.00,5.36,0.00,1.41,0.00,0.00,0.00,0.00
24,patnt,PJ1,Exten,105,1.05,0.00,92.77,3.80,0.00,0.00,0.00,0.00,0.00,4.29,0.00,1.18,0.00,0.00,0.00,0.00
24,patnt,PJ1,Exten,115,0.81,0.00,67.40,2.76,0.00,0.00,0.00,0.00,0.00,3.10,0.00,0.90,0.00,0.00,0.00,0.00
24,patnt,PJ1,Exten,125,0.57,0.00,44.20,1.84,0.00,0.00,0.00,0.00,0.00,2.03,0.00,0.61,0.00,0.00,0.00,0.00
24,patnt,PJ1,Exten,135,0.36,0.00,26.20,1.12,0.00,0.00,0.00,0.00,0.00,1.21,0.00,0.38,0.00,0.00,0.00,0.00
24,patnt,PJ1,Exten,145,0.20,0.00,14.06,0.62,0.00,0.00,0.00,0.00,0.00,0.65,0.00,0.21,0.00,0.00,0.00,0.00
24,patnt,PJ1,Exten,155,0.10,0.00,6.83,0.31,0.00,0.00,0.00,0.00,0.00,0.32,0.00,0.11,0.00,0.00,0.00,0.00
24,patnt,PJ1,Exten,165,0.05,0.00,3.01,0.14,0.00,0.00,0.00,0.00,0.00,0.14,0.00,0.05,0.00,0.00,0.00,0.00
24,patnt,PJ1,Exten,175,0.02,0.00,1.20,0.06,0.00,0.00,0.00,0.00,0.00,0.05,0.00,0.02,0.00,0.00,0.00,0.00
24,patnt,PJ1,Exten,185,8.54360778749815e-03,0.00,0.43,0.02,0.00,0.00,0.00,0.00,0.00,0.02,0.00,8.61617926553456e-03,0.00,0.00,0.00,0.00
24,patnt,PJ1,Exten,195,3.04459910283994e-03,0.00,0.14,8.95809090093675e-03,0.00,0.00,0.00,0.00,0.00,7.70892936447967e-03,0.00,3.04598090133006e-03,0.00,0.00,0.00,0.00
24,patnt,PJ1,Exten,205,9.88514655534469e-04,0.00,0.04,2.93320343451633e-03,0.00,0.00,0.00,0.00,0.00,2.41647458481686e-03,0.00,9.82374191458409e-04,0.00,0.00,0.00,0.00
24,patnt,PJ1,Exten,215,2.92545977172862e-04,0.00,0.01,8.78394541238168e-04,0.00,0.00,0.00,0.00,0.00,6.92349552064442e-04,0.00,2.89162382082998e-04,0.00,0.00,0.00,0.00
24,patnt,PJ1,Exten,225,7.89465598519456e-05,0.00,2.97651150992288e-03,2.4056396702294e-04,0.00,0.00,0.00,0.00,0.00,1.81326341244029e-04,0.00,7.77084745495333e-05,0.00,0.00,0.00,0.00
24,patnt,PJ1,Exten,235,1.94334310169742e-05,0.00,6.76251373045507e-04,6.02482133124188e-05,0.00,0.00,0.00,0.00,0.00,4.34121450473827e-05,0.00,1.90711545998055e-05,0.00,0.00,0.00,0.00
24,patnt,PJ1,Exten,245,4.36489256392937e-06,0.00,1.40054883654931e-04,1.37979509091053e-05,0.00,0.00,0.00,0.00,0.00,9.50145293046444e-06,0.00,4.27529016951521e-06,0.00,0.00,0.00,0.00
24,patnt,PJ1,Exten,255,8.94786810988533e-07,0.00,2.64506380544156e-05,2.88954845233368e-06,0.00,0.00,0.00,0.00,0.00,1.90110263094652e-06,0.00,8.75615678818217e-07,0.00,0.00,0.00,0.00
25,4e_5e,PJ1,Basc1,5,0.00,0.00,0.00,0.00,0.00,0.00,0.00,0.00,0.00,0.00,0.00,0.00,0.00,0.00,0.00,0.00
25,4e_5e,PJ1,Basc1,15,4.84625417452296e-03,0.00,0.90,0.05,0.00,0.00,0.00,0.00,0.00,0.02,0.00,7.82476044619229e-03,0.00,0.00,0.00,0.00
25,4e_5e,PJ1,Basc1,25,0.05,0.00,9.15,0.71,0.00,0.00,0.00,0.00,0.00,0.34,0.00,0.09,0.00,0.00,0.00,0.00
25,4e_5e,PJ1,Basc1,35,0.23,0.00,32.92,2.61,0.00,0.00,0.00,0.00,0.00,1.39,0.00,0.38,0.00,0.00,0.00,0.00
25,4e_5e,PJ1,Basc1,45,0.53,0.00,67.52,4.87,0.00,0.00,0.00,0.00,0.00,3.06,0.00,0.86,0.00,0.00,0.00,0.00
25,4e_5e,PJ1,Basc1,55,0.83,0.00,97.63,6.21,0.00,0.00,0.00,0.00,0.00,4.60,0.00,1.34,0.00,0.00,0.00,0.00
25,4e_5e,PJ1,Basc1,65,1.06,0.00,116.10,6.61,0.00,0.00,0.00,0.00,0.00,5.57,0.00,1.69,0.00,0.00,0.00,0.00
25,4e_5e,PJ1,Basc1,75,1.23,0.00,126.01,6.60,0.00,0.00,0.00,0.00,0.00,6.08,0.00,1.93,0.00,0.00,0.00,0.00
25,4e_5e,PJ1,Basc1,85,1.35,0.00,130.45,6.44,0.00,0.00,0.00,0.00,0.00,6.27,0.00,2.09,0.00,0.00,0.00,0.00
25,4e_5e,PJ1,Basc1,95,1.43,0.00,130.40,6.20,0.00,0.00,0.00,0.00,0.00,6.23,0.00,2.18,0.00,0.00,0.00,0.00
25,4e_5e,PJ1,Basc1,105,1.47,0.00,126.38,5.91,0.00,0.00,0.00,0.00,0.00,6.00,0.00,2.21,0.00,0.00,0.00,0.00
25,4e_5e,PJ1,Basc1,115,1.48,0.00,119.05,5.56,0.00,0.00,0.00,0.00,0.00,5.62,0.00,2.17,0.00,0.00,0.00,0.00
25,4e_5e,PJ1,Basc1,125,1.44,0.00,109.20,5.17,0.00,0.00,0.00,0.00,0.00,5.15,0.00,2.09,0.00,0.00,0.00,0.00
25,4e_5e,PJ1,Basc1,135,1.37,0.00,97.67,4.76,0.00,0.00,0.00,0.00,0.00,4.62,0.00,1.96,0.00,0.00,0.00,0.00
25,4e_5e,PJ1,Basc1,145,1.28,0.00,85.29,4.32,0.00,0.00,0.00,0.00,0.00,4.07,0.00,1.80,0.00,0.00,0.00,0.00
25,4e_5e,PJ1,Basc1,155,1.17,0.00,72.79,3.87,0.00,0.00,0.00,0.00,0.00,3.53,0.00,1.62,0.00,0.00,0.00,0.00
25,4e_5e,PJ1,Basc1,165,1.04,0.00,60.78,3.43,0.00,0.00,0.00,0.00,0.00,3.01,0.00,1.44,0.00,0.00,0.00,0.00
25,4e_5e,PJ1,Basc1,175,0.92,0.00,49.70,3.00,0.00,0.00,0.00,0.00,0.00,2.52,0.00,1.25,0.00,0.00,0.00,0.00
25,4e_5e,PJ1,Basc1,185,0.79,0.00,39.82,2.58,0.00,0.00,0.00,0.00,0.00,2.09,0.00,1.06,0.00,0.00,0.00,0.00
25,4e_5e,PJ1,Basc1,195,0.67,0.00,31.30,2.20,0.00,0.00,0.00,0.00,0.00,1.70,0.00,0.89,0.00,0.00,0.00,0.00
25,4e_5e,PJ1,Basc1,205,0.56,0.00,24.14,1.85,0.00,0.00,0.00,0.00,0.00,1.37,0.00,0.74,0.00,0.00,0.00,0.00
25,4e_5e,PJ1,Basc1,215,0.45,0.00,18.28,1.53,0.00,0.00,0.00,0.00,0.00,1.08,0.00,0.60,0.00,0.00,0.00,0.00
25,4e_5e,PJ1,Basc1,225,0.37,0.00,13.60,1.25,0.00,0.00,0.00,0.00,0.00,0.84,0.00,0.48,0.00,0.00,0.00,0.00
25,4e_5e,PJ1,Basc1,235,0.29,0.00,9.95,1.01,0.00,0.00,0.00,0.00,0.00,0.65,0.00,0.38,0.00,0.00,0.00,0.00
25,4e_5e,PJ1,Basc1,245,0.22,0.00,7.15,0.80,0.00,0.00,0.00,0.00,0.00,0.49,0.00,0.29,0.00,0.00,0.00,0.00
25,4e_5e,PJ1,Basc1,255,0.17,0.00,5.06,0.63,0.00,0.00,0.00,0.00,0.00,0.37,0.00,0.22,0.00,0.00,0.00,0.00
26,patnt,PJ1,Basc1,5,0.00,0.00,0.00,0.00,0.00,0.00,0.00,0.00,0.00,0.00,0.00,0.00,0.00,0.00,0.00,0.00
26,patnt,PJ1,Basc1,15,1.18511254178786e-03,0.00,0.22,0.01,0.00,0.00,0.00,0.00,0.00,6.85472080450355e-03,0.00,1.43511174929978e-03,0.00,0.00,0.00,0.00
26,patnt,PJ1,Basc1,25,0.02,0.00,3.50,0.24,0.00,0.00,0.00,0.00,0.00,0.12,0.00,0.02,0.00,0.00,0.00,0.00
26,patnt,PJ1,Basc1,35,0.12,0.00,17.86,1.24,0.00,0.00,0.00,0.00,0.00,0.74,0.00,0.15,0.00,0.00,0.00,0.00
26,patnt,PJ1,Basc1,45,0.36,0.00,48.01,3.04,0.00,0.00,0.00,0.00,0.00,2.12,0.00,0.45,0.00,0.00,0.00,0.00
26,patnt,PJ1,Basc1,55,0.70,0.00,84.32,4.71,0.00,0.00,0.00,0.00,0.00,3.88,0.00,0.84,0.00,0.00,0.00,0.00
26,patnt,PJ1,Basc1,65,1.00,0.00,112.93,5.65,0.00,0.00,0.00,0.00,0.00,5.29,0.00,1.20,0.00,0.00,0.00,0.00
26,patnt,PJ1,Basc1,75,1.21,0.00,127.98,5.88,0.00,0.00,0.00,0.00,0.00,6.02,0.00,1.43,0.00,0.00,0.00,0.00
26,patnt,PJ1,Basc1,85,1.29,0.00,128.25,5.55,0.00,0.00,0.00,0.00,0.00,6.02,0.00,1.50,0.00,0.00,0.00,0.00
26,patnt,PJ1,Basc1,95,1.23,0.00,115.05,4.80,0.00,0.00,0.00,0.00,0.00,5.36,0.00,1.41,0.00,0.00,0.00,0.00
26,patnt,PJ1,Basc1,105,1.05,0.00,92.77,3.80,0.00,0.00,0.00,0.00,0.00,4.29,0.00,1.18,0.00,0.00,0.00,0.00
26,patnt,PJ1,Basc1,115,0.81,0.00,67.40,2.76,0.00,0.00,0.00,0.00,0.00,3.10,0.00,0.90,0.00,0.00,0.00,0.00
26,patnt,PJ1,Basc1,125,0.57,0.00,44.20,1.84,0.00,0.00,0.00,0.00,0.00,2.03,0.00,0.61,0.00,0.00,0.00,0.00
26,patnt,PJ1,Basc1,135,0.36,0.00,26.20,1.12,0.00,0.00,0.00,0.00,0.00,1.21,0.00,0.38,0.00,0.00,0.00,0.00
26,patnt,PJ1,Basc1,145,0.20,0.00,14.06,0.62,0.00,0.00,0.00,0.00,0.00,0.65,0.00,0.21,0.00,0.00,0.00,0.00
26,patnt,PJ1,Basc1,155,0.10,0.00,6.83,0.31,0.00,0.00,0.00,0.00,0.00,0.32,0.00,0.11,0.00,0.00,0.00,0.00
26,patnt,PJ1,Basc1,165,0.05,0.00,3.01,0.14,0.00,0.00,0.00,0.00,0.00,0.14,0.00,0.05,0.00,0.00,0.00,0.00
26,patnt,PJ1,Basc1,175,0.02,0.00,1.20,0.06,0.00,0.00,0.00,0.00,0.00,0.05,0.00,0.02,0.00,0.00,0.00,0.00
26,patnt,PJ1,Basc1,185,8.54360778749815e-03,0.00,0.43,0.02,0.00,0.00,0.00,0.00,0.00,0.02,0.00,8.61617926553456e-03,0.00,0.00,0.00,0.00
26,patnt,PJ1,Basc1,195,3.04459910283994e-03,0.00,0.14,8.95809090093675e-03,0.00,0.00,0.00,0.00,0.00,7.70892936447967e-03,0.00,3.04598090133006e-03,0.00,0.00,0.00,0.00
26,patnt,PJ1,Basc1,205,9.88514655534469e-04,0.00,0.04,2.93320343451633e-03,0.00,0.00,0.00,0.00,0.00,2.41647458481686e-03,0.00,9.82374191458409e-04,0.00,0.00,0.00,0.00
26,patnt,PJ1,Basc1,215,2.92545977172862e-04,0.00,0.01,8.78394541238168e-04,0.00,0.00,0.00,0.00,0.00,6.92349552064442e-04,0.00,2.89162382082998e-04,0.00,0.00,0.00,0.00
26,patnt,PJ1,Basc1,225,7.89465598519456e-05,0.00,2.97651150992288e-03,2.4056396702294e-04,0.00,0.00,0.00,0.00,0.00,1.81326341244029e-04,0.00,7.77084745495333e-05,0.00,0.00,0.00,0.00
26,patnt,PJ1,Basc1,235,1.94334310169742e-05,0.00,6.76251373045507e-04,6.02482133124188e-05,0.00,0.00,0.00,0.00,0.00,4.34121450473827e-05,0.00,1.90711545998055e-05,0.00,0.00,0.00,0.00
26,patnt,PJ1,Basc1,245,4.36489256392937e-06,0.00,1.40054883654931e-04,1.37979509091053e-05,0.00,0.00,0.00,0.00,0.00,9.50145293046444e-06,0.00,4.27529016951521e-06,0.00,0.00,0.00,0.00
26,patnt,PJ1,Basc1,255,8.94786810988533e-07,0.00,2.64506380544156e-05,2.88954845233368e-06,0.00,0.00,0.00,0.00,0.00,1.90110263094652e-06,0.00,8.75615678818217e-07,0.00,0.00,0.00,0.00
27,4e_5e,PJ1,Intn1,5,0.00,0.00,0.00,0.00,0.00,0.00,0.00,0.00,0.00,0.00,0.00,0.00,0.00,0.00,0.00,0.00
27,4e_5e,PJ1,Intn1,15,0.00,0.00,1.24,0.01,0.01,0.00,0.00,0.00,0.00,0.02,0.00,4.69598843106889e-03,0.00,0.00,0.00,0.00
27,4e_5e,PJ1,Intn1,25,0.00,0.00,12.63,0.16,0.11,0.00,0.00,0.00,0.00,0.35,0.00,0.05,0.00,0.00,0.00,0.00
27,4e_5e,PJ1,Intn1,35,0.00,0.00,43.92,0.59,0.36,0.00,0.00,0.00,0.00,1.37,0.00,0.22,0.00,0.00,0.00,0.00
27,4e_5e,PJ1,Intn1,45,0.00,0.00,85.51,1.05,0.63,0.00,0.00,0.00,0.00,2.86,0.00,0.47,0.00,0.00,0.00,0.00
27,4e_5e,PJ1,Intn1,55,0.00,0.00,117.98,1.28,0.78,0.00,0.00,0.00,0.00,4.09,0.00,0.70,0.00,0.00,0.00,0.00
27,4e_5e,PJ1,Intn1,65,0.00,0.00,136.76,1.32,0.82,0.00,0.00,0.00,0.00,4.83,0.00,0.86,0.00,0.00,0.00,0.00
27,4e_5e,PJ1,Intn1,75,0.00,0.00,146.95,1.31,0.82,0.00,0.00,0.00,0.00,5.22,0.00,0.98,0.00,0.00,0.00,0.00
27,4e_5e,PJ1,Intn1,85,0.00,0.00,151.37,1.27,0.80,0.00,0.00,0.00,0.00,5.36,0.00,1.05,0.00,0.00,0.00,0.00
27,4e_5e,PJ1,Intn1,95,0.00,0.00,150.75,1.22,0.77,0.00,0.00,0.00,0.00,5.30,0.00,1.10,0.00,0.00,0.00,0.00
27,4e_5e,PJ1,Intn1,105,0.00,0.00,145.67,1.16,0.73,0.00,0.00,0.00,0.00,5.09,0.00,1.11,0.00,0.00,0.00,0.00
27,4e_5e,PJ1,Intn1,115,0.00,0.00,136.89,1.09,0.69,0.00,0.00,0.00,0.00,4.76,0.00,1.09,0.00,0.00,0.00,0.00
27,4e_5e,PJ1,Intn1,125,0.00,0.00,125.30,1.01,0.64,0.00,0.00,0.00,0.00,4.35,0.00,1.04,0.00,0.00,0.00,0.00
27,4e_5e,PJ1,Intn1,135,0.00,0.00,111.88,0.93,0.58,0.00,0.00,0.00,0.00,3.90,0.00,0.97,0.00,0.00,0.00,0.00
27,4e_5e,PJ1,Intn1,145,0.00,0.00,97.56,0.84,0.53,0.00,0.00,0.00,0.00,3.43,0.00,0.89,0.00,0.00,0.00,0.00
27,4e_5e,PJ1,Intn1,155,0.00,0.00,83.17,0.75,0.47,0.00,0.00,0.00,0.00,2.97,0.00,0.80,0.00,0.00,0.00,0.00
27,4e_5e,PJ1,Intn1,165,0.00,0.00,69.38,0.66,0.42,0.00,0.00,0.00,0.00,2.53,0.00,0.71,0.00,0.00,0.00,0.00
27,4e_5e,PJ1,Intn1,175,0.00,0.00,56.69,0.58,0.36,0.00,0.00,0.00,0.00,2.12,0.00,0.62,0.00,0.00,0.00,0.00
27,4e_5e,PJ1,Intn1,185,0.00,0.00,45.40,0.50,0.31,0.00,0.00,0.00,0.00,1.75,0.00,0.53,0.00,0.00,0.00,0.00
27,4e_5e,PJ1,Intn1,195,0.00,0.00,35.66,0.42,0.27,0.00,0.00,0.00,0.00,1.43,0.00,0.44,0.00,0.00,0.00,0.00
27,4e_5e,PJ1,Intn1,205,0.00,0.00,27.49,0.35,0.22,0.00,0.00,0.00,0.00,1.15,0.00,0.36,0.00,0.00,0.00,0.00
27,4e_5e,PJ1,Intn1,215,0.00,0.00,20.81,0.29,0.18,0.00,0.00,0.00,0.00,0.91,0.00,0.30,0.00,0.00,0.00,0.00
27,4e_5e,PJ1,Intn1,225,0.00,0.00,15.48,0.24,0.15,0.00,0.00,0.00,0.00,0.71,0.00,0.24,0.00,0.00,0.00,0.00
27,4e_5e,PJ1,Intn1,235,0.00,0.00,11.32,0.19,0.12,0.00,0.00,0.00,0.00,0.54,0.00,0.19,0.00,0.00,0.00,0.00
27,4e_5e,PJ1,Intn1,245,0.00,0.00,8.14,0.15,0.09,0.00,0.00,0.00,0.00,0.41,0.00,0.14,0.00,0.00,0.00,0.00
27,4e_5e,PJ1,Intn1,255,0.00,0.00,5.76,0.12,0.07,0.00,0.00,0.00,0.00,0.31,0.00,0.11,0.00,0.00,0.00,0.00
28,patnt,PJ1,Intn1,5,0.00,0.00,0.00,0.00,0.00,0.00,0.00,0.00,0.00,0.00,0.00,0.00,0.00,0.00,0.00,0.00
28,patnt,PJ1,Intn1,15,1.18511254178786e-03,0.00,0.22,0.01,0.00,0.00,0.00,0.00,0.00,6.85472080450355e-03,0.00,1.43511174929978e-03,0.00,0.00,0.00,0.00
28,patnt,PJ1,Intn1,25,0.02,0.00,3.50,0.24,0.00,0.00,0.00,0.00,0.00,0.12,0.00,0.02,0.00,0.00,0.00,0.00
28,patnt,PJ1,Intn1,35,0.12,0.00,17.86,1.24,0.00,0.00,0.00,0.00,0.00,0.74,0.00,0.15,0.00,0.00,0.00,0.00
28,patnt,PJ1,Intn1,45,0.36,0.00,48.01,3.04,0.00,0.00,0.00,0.00,0.00,2.12,0.00,0.45,0.00,0.00,0.00,0.00
28,patnt,PJ1,Intn1,55,0.70,0.00,84.32,4.71,0.00,0.00,0.00,0.00,0.00,3.88,0.00,0.84,0.00,0.00,0.00,0.00
28,patnt,PJ1,Intn1,65,1.00,0.00,112.93,5.65,0.00,0.00,0.00,0.00,0.00,5.29,0.00,1.20,0.00,0.00,0.00,0.00
28,patnt,PJ1,Intn1,75,1.21,0.00,127.98,5.88,0.00,0.00,0.00,0.00,0.00,6.02,0.00,1.43,0.00,0.00,0.00,0.00
28,patnt,PJ1,Intn1,85,1.29,0.00,128.25,5.55,0.00,0.00,0.00,0.00,0.00,6.02,0.00,1.50,0.00,0.00,0.00,0.00
28,patnt,PJ1,Intn1,95,1.23,0.00,115.05,4.80,0.00,0.00,0.00,0.00,0.00,5.36,0.00,1.41,0.00,0.00,0.00,0.00
28,patnt,PJ1,Intn1,105,1.05,0.00,92.77,3.80,0.00,0.00,0.00,0.00,0.00,4.29,0.00,1.18,0.00,0.00,0.00,0.00
28,patnt,PJ1,Intn1,115,0.81,0.00,67.40,2.76,0.00,0.00,0.00,0.00,0.00,3.10,0.00,0.90,0.00,0.00,0.00,0.00
28,patnt,PJ1,Intn1,125,0.57,0.00,44.20,1.84,0.00,0.00,0.00,0.00,0.00,2.03,0.00,0.61,0.00,0.00,0.00,0.00
28,patnt,PJ1,Intn1,135,0.36,0.00,26.20,1.12,0.00,0.00,0.00,0.00,0.00,1.21,0.00,0.38,0.00,0.00,0.00,0.00
28,patnt,PJ1,Intn1,145,0.20,0.00,14.06,0.62,0.00,0.00,0.00,0.00,0.00,0.65,0.00,0.21,0.00,0.00,0.00,0.00
28,patnt,PJ1,Intn1,155,0.10,0.00,6.83,0.31,0.00,0.00,0.00,0.00,0.00,0.32,0.00,0.11,0.00,0.00,0.00,0.00
28,patnt,PJ1,Intn1,165,0.05,0.00,3.01,0.14,0.00,0.00,0.00,0.00,0.00,0.14,0.00,0.05,0.00,0.00,0.00,0.00
28,patnt,PJ1,Intn1,175,0.02,0.00,1.20,0.06,0.00,0.00,0.00,0.00,0.00,0.05,0.00,0.02,0.00,0.00,0.00,0.00
28,patnt,PJ1,Intn1,185,8.54360778749815e-03,0.00,0.43,0.02,0.00,0.00,0.00,0.00,0.00,0.02,0.00,8.61617926553456e-03,0.00,0.00,0.00,0.00
28,patnt,PJ1,Intn1,195,3.04459910283994e-03,0.00,0.14,8.95809090093675e-03,0.00,0.00,0.00,0.00,0.00,7.70892936447967e-03,0.00,3.04598090133006e-03,0.00,0.00,0.00,0.00
28,patnt,PJ1,Intn1,205,9.88514655534469e-04,0.00,0.04,2.93320343451633e-03,0.00,0.00,0.00,0.00,0.00,2.41647458481686e-03,0.00,9.82374191458409e-04,0.00,0.00,0.00,0.00
28,patnt,PJ1,Intn1,215,2.92545977172862e-04,0.00,0.01,8.78394541238168e-04,0.00,0.00,0.00,0.00,0.00,6.92349552064442e-04,0.00,2.89162382082998e-04,0.00,0.00,0.00,0.00
28,patnt,PJ1,Intn1,225,7.89465598519456e-05,0.00,2.97651150992288e-03,2.4056396702294e-04,0.00,0.00,0.00,0.00,0.00,1.81326341244029e-04,0.00,7.77084745495333e-05,0.00,0.00,0.00,0.00
28,patnt,PJ1,Intn1,235,1.94334310169742e-05,0.00,6.76251373045507e-04,6.02482133124188e-05,0.00,0.00,0.00,0.00,0.00,4.34121450473827e-05,0.00,1.90711545998055e-05,0.00,0.00,0.00,0.00
28,patnt,PJ1,Intn1,245,4.36489256392937e-06,0.00,1.40054883654931e-04,1.37979509091053e-05,0.00,0.00,0.00,0.00,0.00,9.50145293046444e-06,0.00,4.27529016951521e-06,0.00,0.00,0.00,0.00
28,patnt,PJ1,Intn1,255,8.94786810988533e-07,0.00,2.64506380544156e-05,2.88954845233368e-06,0.00,0.00,0.00,0.00,0.00,1.90110263094652e-06,0.00,8.75615678818217e-07,0.00,0.00,0.00,0.00
29,4e_5e,PJ1,Intn2,5,0.00,0.00,0.00,0.00,0.00,0.00,0.00,0.00,0.00,0.00,0.00,0.00,0.00,0.00,0.00,0.00
29,4e_5e,PJ1,Intn2,15,4.84625417452296e-03,0.00,0.90,0.05,0.00,0.00,0.00,0.00,0.00,0.02,0.00,7.82476044619229e-03,0.00,0.00,0.00,0.00
29,4e_5e,PJ1,Intn2,25,0.05,0.00,9.15,0.71,0.00,0.00,0.00,0.00,0.00,0.34,0.00,0.09,0.00,0.00,0.00,0.00
29,4e_5e,PJ1,Intn2,35,0.23,0.00,32.92,2.61,0.00,0.00,0.00,0.00,0.00,1.39,0.00,0.38,0.00,0.00,0.00,0.00
29,4e_5e,PJ1,Intn2,45,0.53,0.00,67.52,4.87,0.00,0.00,0.00,0.00,0.00,3.06,0.00,0.86,0.00,0.00,0.00,0.00
29,4e_5e,PJ1,Intn2,55,0.83,0.00,97.63,6.21,0.00,0.00,0.00,0.00,0.00,4.60,0.00,1.34,0.00,0.00,0.00,0.00
29,4e_5e,PJ1,Intn2,65,1.06,0.00,116.10,6.61,0.00,0.00,0.00,0.00,0.00,5.57,0.00,1.69,0.00,0.00,0.00,0.00
29,4e_5e,PJ1,Intn2,75,1.23,0.00,126.01,6.60,0.00,0.00,0.00,0.00,0.00,6.08,0.00,1.93,0.00,0.00,0.00,0.00
29,4e_5e,PJ1,Intn2,85,1.35,0.00,130.45,6.44,0.00,0.00,0.00,0.00,0.00,6.27,0.00,2.09,0.00,0.00,0.00,0.00
29,4e_5e,PJ1,Intn2,95,1.43,0.00,130.40,6.20,0.00,0.00,0.00,0.00,0.00,6.23,0.00,2.18,0.00,0.00,0.00,0.00
29,4e_5e,PJ1,Intn2,105,1.47,0.00,126.38,5.91,0.00,0.00,0.00,0.00,0.00,6.00,0.00,2.21,0.00,0.00,0.00,0.00
29,4e_5e,PJ1,Intn2,115,1.48,0.00,119.05,5.56,0.00,0.00,0.00,0.00,0.00,5.62,0.00,2.17,0.00,0.00,0.00,0.00
29,4e_5e,PJ1,Intn2,125,1.44,0.00,109.20,5.17,0.00,0.00,0.00,0.00,0.00,5.15,0.00,2.09,0.00,0.00,0.00,0.00
29,4e_5e,PJ1,Intn2,135,1.37,0.00,97.67,4.76,0.00,0.00,0.00,0.00,0.00,4.62,0.00,1.96,0.00,0.00,0.00,0.00
29,4e_5e,PJ1,Intn2,145,1.28,0.00,85.29,4.32,0.00,0.00,0.00,0.00,0.00,4.07,0.00,1.80,0.00,0.00,0.00,0.00
29,4e_5e,PJ1,Intn2,155,1.17,0.00,72.79,3.87,0.00,0.00,0.00,0.00,0.00,3.53,0.00,1.62,0.00,0.00,0.00,0.00
29,4e_5e,PJ1,Intn2,165,1.04,0.00,60.78,3.43,0.00,0.00,0.00,0.00,0.00,3.01,0.00,1.44,0.00,0.00,0.00,0.00
29,4e_5e,PJ1,Intn2,175,0.92,0.00,49.70,3.00,0.00,0.00,0.00,0.00,0.00,2.52,0.00,1.25,0.00,0.00,0.00,0.00
29,4e_5e,PJ1,Intn2,185,0.79,0.00,39.82,2.58,0.00,0.00,0.00,0.00,0.00,2.09,0.00,1.06,0.00,0.00,0.00,0.00
29,4e_5e,PJ1,Intn2,195,0.67,0.00,31.30,2.20,0.00,0.00,0.00,0.00,0.00,1.70,0.00,0.89,0.00,0.00,0.00,0.00
29,4e_5e,PJ1,Intn2,205,0.56,0.00,24.14,1.85,0.00,0.00,0.00,0.00,0.00,1.37,0.00,0.74,0.00,0.00,0.00,0.00
29,4e_5e,PJ1,Intn2,215,0.45,0.00,18.28,1.53,0.00,0.00,0.00,0.00,0.00,1.08,0.00,0.60,0.00,0.00,0.00,0.00
29,4e_5e,PJ1,Intn2,225,0.37,0.00,13.60,1.25,0.00,0.00,0.00,0.00,0.00,0.84,0.00,0.48,0.00,0.00,0.00,0.00
29,4e_5e,PJ1,Intn2,235,0.29,0.00,9.95,1.01,0.00,0.00,0.00,0.00,0.00,0.65,0.00,0.38,0.00,0.00,0.00,0.00
29,4e_5e,PJ1,Intn2,245,0.22,0.00,7.15,0.80,0.00,0.00,0.00,0.00,0.00,0.49,0.00,0.29,0.00,0.00,0.00,0.00
29,4e_5e,PJ1,Intn2,255,0.17,0.00,5.06,0.63,0.00,0.00,0.00,0.00,0.00,0.37,0.00,0.22,0.00,0.00,0.00,0.00
30,patnt,PJ1,Intn2,5,0.00,0.00,0.00,0.00,0.00,0.00,0.00,0.00,0.00,0.00,0.00,0.00,0.00,0.00,0.00,0.00
30,patnt,PJ1,Intn2,15,1.18511254178786e-03,0.00,0.22,0.01,0.00,0.00,0.00,0.00,0.00,6.85472080450355e-03,0.00,1.43511174929978e-03,0.00,0.00,0.00,0.00
30,patnt,PJ1,Intn2,25,0.02,0.00,3.50,0.24,0.00,0.00,0.00,0.00,0.00,0.12,0.00,0.02,0.00,0.00,0.00,0.00
30,patnt,PJ1,Intn2,35,0.12,0.00,17.86,1.24,0.00,0.00,0.00,0.00,0.00,0.74,0.00,0.15,0.00,0.00,0.00,0.00
30,patnt,PJ1,Intn2,45,0.36,0.00,48.01,3.04,0.00,0.00,0.00,0.00,0.00,2.12,0.00,0.45,0.00,0.00,0.00,0.00
30,patnt,PJ1,Intn2,55,0.70,0.00,84.32,4.71,0.00,0.00,0.00,0.00,0.00,3.88,0.00,0.84,0.00,0.00,0.00,0.00
30,patnt,PJ1,Intn2,65,1.00,0.00,112.93,5.65,0.00,0.00,0.00,0.00,0.00,5.29,0.00,1.20,0.00,0.00,0.00,0.00
30,patnt,PJ1,Intn2,75,1.21,0.00,127.98,5.88,0.00,0.00,0.00,0.00,0.00,6.02,0.00,1.43,0.00,0.00,0.00,0.00
30,patnt,PJ1,Intn2,85,1.29,0.00,128.25,5.55,0.00,0.00,0.00,0.00,0.00,6.02,0.00,1.50,0.00,0.00,0.00,0.00
30,patnt,PJ1,Intn2,95,1.23,0.00,115.05,4.80,0.00,0.00,0.00,0.00,0.00,5.36,0.00,1.41,0.00,0.00,0.00,0.00
30,patnt,PJ1,Intn2,105,1.05,0.00,92.77,3.80,0.00,0.00,0.00,0.00,0.00,4.29,0.00,1.18,0.00,0.00,0.00,0.00
30,patnt,PJ1,Intn2,115,0.81,0.00,67.40,2.76,0.00,0.00,0.00,0.00,0.00,3.10,0.00,0.90,0.00,0.00,0.00,0.00
30,patnt,PJ1,Intn2,125,0.57,0.00,44.20,1.84,0.00,0.00,0.00,0.00,0.00,2.03,0.00,0.61,0.00,0.00,0.00,0.00
30,patnt,PJ1,Intn2,135,0.36,0.00,26.20,1.12,0.00,0.00,0.00,0.00,0.00,1.21,0.00,0.38,0.00,0.00,0.00,0.00
30,patnt,PJ1,Intn2,145,0.20,0.00,14.06,0.62,0.00,0.00,0.00,0.00,0.00,0.65,0.00,0.21,0.00,0.00,0.00,0.00
30,patnt,PJ1,Intn2,155,0.10,0.00,6.83,0.31,0.00,0.00,0.00,0.00,0.00,0.32,0.00,0.11,0.00,0.00,0.00,0.00
30,patnt,PJ1,Intn2,165,0.05,0.00,3.01,0.14,0.00,0.00,0.00,0.00,0.00,0.14,0.00,0.05,0.00,0.00,0.00,0.00
30,patnt,PJ1,Intn2,175,0.02,0.00,1.20,0.06,0.00,0.00,0.00,0.00,0.00,0.05,0.00,0.02,0.00,0.00,0.00,0.00
30,patnt,PJ1,Intn2,185,8.54360778749815e-03,0.00,0.43,0.02,0.00,0.00,0.00,0.00,0.00,0.02,0.00,8.61617926553456e-03,0.00,0.00,0.00,0.00
30,patnt,PJ1,Intn2,195,3.04459910283994e-03,0.00,0.14,8.95809090093675e-03,0.00,0.00,0.00,0.00,0.00,7.70892936447967e-03,0.00,3.04598090133006e-03,0.00,0.00,0.00,0.00
30,patnt,PJ1,Intn2,205,9.88514655534469e-04,0.00,0.04,2.93320343451633e-03,0.00,0.00,0.00,0.00,0.00,2.41647458481686e-03,0.00,9.82374191458409e-04,0.00,0.00,0.00,0.00
30,patnt,PJ1,Intn2,215,2.92545977172862e-04,0.00,0.01,8.78394541238168e-04,0.00,0.00,0.00,0.00,0.00,6.92349552064442e-04,0.00,2.89162382082998e-04,0.00,0.00,0.00,0.00
30,patnt,PJ1,Intn2,225,7.89465598519456e-05,0.00,2.97651150992288e-03,2.4056396702294e-04,0.00,0.00,0.00,0.00,0.00,1.81326341244029e-04,0.00,7.77084745495333e-05,0.00,0.00,0.00,0.00
30,patnt,PJ1,Intn2,235,1.94334310169742e-05,0.00,6.76251373045507e-04,6.02482133124188e-05,0.00,0.00,0.00,0.00,0.00,4.34121450473827e-05,0.00,1.90711545998055e-05,0.00,0.00,0.00,0.00
30,patnt,PJ1,Intn2,245,4.36489256392937e-06,0.00,1.40054883654931e-04,1.37979509091053e-05,0.00,0.00,0.00,0.00,0.00,9.50145293046444e-06,0.00,4.27529016951521e-06,0.00,0.00,0.00,0.00
30,patnt,PJ1,Intn2,255,8.94786810988533e-07,0.00,2.64506380544156e-05,2.88954845233368e-06,0.00,0.00,0.00,0.00,0.00,1.90110263094652e-06,0.00,8.75615678818217e-07,0.00,0.00,0.00,0.00
33,4e_5e,LC1,Prsnt,5,0.00,0.00,0.00,0.00,0.00,0.00,0.00,0.00,0.00,0.00,0.00,0.00,0.00,0.00,0.00,0.00
33,4e_5e,LC1,Prsnt,15,5.79632576999229e-03,0.00,0.00,0.40,0.01,0.02,1.06,0.55,0.00,6.01664329192337e-03,0.00,8.08794855749491e-03,0.00,0.00,0.00,0.00
33,4e_5e,LC1,Prsnt,25,0.04,0.00,0.00,3.27,0.08,0.21,3.79,1.96,0.00,0.04,0.00,0.06,0.00,0.00,0.00,0.00
33,4e_5e,LC1,Prsnt,35,0.13,0.00,0.00,9.52,0.22,0.60,7.76,4.02,0.00,0.14,0.00,0.19,0.00,0.00,0.00,0.00
33,4e_5e,LC1,Prsnt,45,0.30,0.00,0.00,17.38,0.39,1.08,12.35,6.40,0.00,0.31,0.00,0.43,0.00,0.00,0.00,0.00
33,4e_5e,LC1,Prsnt,55,0.53,0.00,0.00,24.85,0.57,1.51,16.88,8.75,0.00,0.53,0.00,0.75,0.00,0.00,0.00,0.00
33,4e_5e,LC1,Prsnt,65,0.81,0.00,0.00,31.15,0.73,1.87,20.82,10.79,0.00,0.76,0.00,1.11,0.00,0.00,0.00,0.00
33,4e_5e,LC1,Prsnt,75,1.09,0.00,0.00,36.36,0.86,2.15,23.98,12.43,0.00,0.97,0.00,1.49,0.00,0.00,0.00,0.00
33,4e_5e,LC1,Prsnt,85,1.38,0.00,0.00,40.74,0.97,2.37,26.44,13.71,0.00,1.15,0.00,1.85,0.00,0.00,0.00,0.00
33,4e_5e,LC1,Prsnt,95,1.67,0.00,0.00,44.54,1.06,2.55,28.31,14.68,0.00,1.30,0.00,2.20,0.00,0.00,0.00,0.00
33,4e_5e,LC1,Prsnt,105,1.94,0.00,0.00,47.90,1.14,2.69,29.69,15.39,0.00,1.41,0.00,2.51,0.00,0.00,0.00,0.00
33,4e_5e,LC1,Prsnt,115,2.19,0.00,0.00,50.90,1.21,2.81,30.63,15.88,0.00,1.49,0.00,2.79,0.00,0.00,0.00,0.00
33,4e_5e,LC1,Prsnt,125,2.42,0.00,0.00,53.57,1.28,2.90,31.17,16.16,0.00,1.55,0.00,3.03,0.00,0.00,0.00,0.00
33,4e_5e,LC1,Prsnt,135,2.62,0.00,0.00,55.96,1.33,2.97,31.35,16.25,0.00,1.58,0.00,3.23,0.00,0.00,0.00,0.00
33,4e_5e,LC1,Prsnt,145,2.79,0.00,0.00,58.09,1.38,3.02,31.21,16.18,0.00,1.59,0.00,3.39,0.00,0.00,0.00,0.00
33,4e_5e,LC1,Prsnt,155,2.93,0.00,0.00,59.99,1.43,3.06,30.81,15.97,0.00,1.58,0.00,3.52,0.00,0.00,0.00,0.00
33,4e_5e,LC1,Prsnt,165,3.05,0.00,0.00,61.68,1.47,3.08,30.17,15.64,0.00,1.57,0.00,3.62,0.00,0.00,0.00,0.00
33,4e_5e,LC1,Prsnt,175,3.14,0.00,0.00,63.17,1.51,3.09,29.35,15.22,0.00,1.54,0.00,3.69,0.00,0.00,0.00,0.00
33,4e_5e,LC1,Prsnt,185,3.21,0.00,0.00,64.51,1.54,3.09,28.38,14.71,0.00,1.51,0.00,3.73,0.00,0.00,0.00,0.00
33,4e_5e,LC1,Prsnt,195,3.25,0.00,0.00,65.68,1.57,3.07,27.29,14.15,0.00,1.47,0.00,3.75,0.00,0.00,0.00,0.00
33,4e_5e,LC1,Prsnt,205,3.28,0.00,0.00,66.73,1.59,3.05,26.12,13.54,0.00,1.43,0.00,3.75,0.00,0.00,0.00,0.00
33,4e_5e,LC1,Prsnt,215,3.28,0.00,0.00,67.65,1.61,3.03,24.89,12.90,0.00,1.39,0.00,3.74,0.00,0.00,0.00,0.00
33,4e_5e,LC1,Prsnt,225,3.27,0.00,0.00,68.46,1.63,2.99,23.63,12.25,0.00,1.35,0.00,3.71,0.00,0.00,0.00,0.00
33,4e_5e,LC1,Prsnt,235,3.25,0.00,0.00,69.18,1.65,2.96,22.36,11.59,0.00,1.30,0.00,3.68,0.00,0.00,0.00,0.00
33,4e_5e,LC1,Prsnt,245,3.22,0.00,0.00,69.80,1.67,2.91,21.08,10.93,0.00,1.25,0.00,3.63,0.00,0.00,0.00,0.00
33,4e_5e,LC1,Prsnt,255,3.17,0.00,0.00,70.35,1.68,2.87,19.83,10.28,0.00,1.21,0.00,3.58,0.00,0.00,0.00,0.00
34,patnt,LC1,Prsnt,5,0.00,0.00,0.00,0.00,0.00,0.00,0.00,0.00,0.00,0.00,0.00,0.00,0.00,0.00,0.00,0.00
34,patnt,LC1,Prsnt,15,4.59836178760603e-03,0.00,0.00,0.32,0.01,0.02,0.84,0.43,0.00,4.77314486816246e-03,0.00,6.4163601327324e-03,0.00,0.00,0.00,0.00
34,patnt,LC1,Prsnt,25,0.03,0.00,0.00,2.70,0.07,0.17,3.13,1.62,0.00,0.03,0.00,0.05,0.00,0.00,0.00,0.00
34,patnt,LC1,Prsnt,35,0.11,0.00,0.00,8.16,0.18,0.52,6.64,3.44,0.00,0.12,0.00,0.16,0.00,0.00,0.00,0.00
34,patnt,LC1,Prsnt,45,0.27,0.00,0.00,15.39,0.35,0.96,10.94,5.67,0.00,0.28,0.00,0.38,0.00,0.00,0.00,0.00
34,patnt,LC1,Prsnt,55,0.49,0.00,0.00,22.68,0.52,1.38,15.41,7.99,0.00,0.48,0.00,0.68,0.00,0.00,0.00,0.00
34,patnt,LC1,Prsnt,65,0.76,0.00,0.00,29.21,0.68,1.75,19.52,10.12,0.00,0.71,0.00,1.04,0.00,0.00,0.00,0.00
34,patnt,LC1,Prsnt,75,1.05,0.00,0.00,34.91,0.82,2.06,23.02,11.94,0.00,0.93,0.00,1.43,0.00,0.00,0.00,0.00
34,patnt,LC1,Prsnt,85,1.36,0.00,0.00,39.92,0.95,2.32,25.91,13.43,0.00,1.13,0.00,1.82,0.00,0.00,0.00,0.00
34,patnt,LC1,Prsnt,95,1.66,0.00,0.00,44.41,1.05,2.54,28.22,14.63,0.00,1.29,0.00,2.19,0.00,0.00,0.00,0.00
34,patnt,LC1,Prsnt,105,1.96,0.00,0.00,48.42,1.15,2.72,30.01,15.56,0.00,1.43,0.00,2.54,0.00,0.00,0.00,0.00
34,patnt,LC1,Prsnt,115,2.24,0.00,0.00,52.00,1.24,2.87,31.29,16.22,0.00,1.52,0.00,2.85,0.00,0.00,0.00,0.00
34,patnt,LC1,Prsnt,125,2.49,0.00,0.00,55.14,1.31,2.98,32.08,16.63,0.00,1.59,0.00,3.12,0.00,0.00,0.00,0.00
34,patnt,LC1,Prsnt,135,2.71,0.00,0.00,57.84,1.38,3.07,32.40,16.80,0.00,1.63,0.00,3.34,0.00,0.00,0.00,0.00
34,patnt,LC1,Prsnt,145,2.89,0.00,0.00,60.10,1.43,3.13,32.29,16.74,0.00,1.64,0.00,3.51,0.00,0.00,0.00,0.00
34,patnt,LC1,Prsnt,155,3.03,0.00,0.00,61.91,1.48,3.16,31.80,16.49,0.00,1.64,0.00,3.63,0.00,0.00,0.00,0.00
34,patnt,LC1,Prsnt,165,3.13,0.00,0.00,63.30,1.51,3.16,30.97,16.06,0.00,1.61,0.00,3.71,0.00,0.00,0.00,0.00
34,patnt,LC1,Prsnt,175,3.20,0.00,0.00,64.27,1.53,3.14,29.86,15.48,0.00,1.57,0.00,3.75,0.00,0.00,0.00,0.00
34,patnt,LC1,Prsnt,185,3.22,0.00,0.00,64.83,1.55,3.10,28.52,14.79,0.00,1.52,0.00,3.75,0.00,0.00,0.00,0.00
34,patnt,LC1,Prsnt,195,3.22,0.00,0.00,65.01,1.55,3.04,27.01,14.00,0.00,1.46,0.00,3.71,0.00,0.00,0.00,0.00
34,patnt,LC1,Prsnt,205,3.18,0.00,0.00,64.83,1.55,2.97,25.38,13.16,0.00,1.39,0.00,3.64,0.00,0.00,0.00,0.00
34,patnt,LC1,Prsnt,215,3.12,0.00,0.00,64.30,1.53,2.88,23.66,12.27,0.00,1.32,0.00,3.55,0.00,0.00,0.00,0.00
34,patnt,LC1,Prsnt,225,3.03,0.00,0.00,63.46,1.51,2.78,21.90,11.36,0.00,1.25,0.00,3.44,0.00,0.00,0.00,0.00
34,patnt,LC1,Prsnt,235,2.93,0.00,0.00,62.33,1.49,2.66,20.14,10.44,0.00,1.17,0.00,3.31,0.00,0.00,0.00,0.00
34,patnt,LC1,Prsnt,245,2.81,0.00,0.00,60.93,1.46,2.54,18.41,9.54,0.00,1.09,0.00,3.17,0.00,0.00,0.00,0.00
34,patnt,LC1,Prsnt,255,2.67,0.00,0.00,59.31,1.42,2.42,16.72,8.67,0.00,1.02,0.00,3.02,0.00,0.00,0.00,0.00
35,4e_5e,LC1,Exten,5,0.00,0.00,0.00,0.00,0.00,0.00,0.00,0.00,0.00,0.00,0.00,0.00,0.00,0.00,0.00,0.00
35,4e_5e,LC1,Exten,15,5.79632576999229e-03,0.00,0.00,0.40,0.01,0.02,1.06,0.55,0.00,6.01664329192337e-03,0.00,8.08794855749491e-03,0.00,0.00,0.00,0.00
35,4e_5e,LC1,Exten,25,0.04,0.00,0.00,3.27,0.08,0.21,3.79,1.96,0.00,0.04,0.00,0.06,0.00,0.00,0.00,0.00
35,4e_5e,LC1,Exten,35,0.13,0.00,0.00,9.52,0.22,0.60,7.76,4.02,0.00,0.14,0.00,0.19,0.00,0.00,0.00,0.00
35,4e_5e,LC1,Exten,45,0.30,0.00,0.00,17.38,0.39,1.08,12.35,6.40,0.00,0.31,0.00,0.43,0.00,0.00,0.00,0.00
35,4e_5e,LC1,Exten,55,0.53,0.00,0.00,24.85,0.57,1.51,16.88,8.75,0.00,0.53,0.00,0.75,0.00,0.00,0.00,0.00
35,4e_5e,LC1,Exten,65,0.81,0.00,0.00,31.15,0.73,1.87,20.82,10.79,0.00,0.76,0.00,1.11,0.00,0.00,0.00,0.00
35,4e_5e,LC1,Exten,75,1.09,0.00,0.00,36.36,0.86,2.15,23.98,12.43,0.00,0.97,0.00,1.49,0.00,0.00,0.00,0.00
35,4e_5e,LC1,Exten,85,1.38,0.00,0.00,40.74,0.97,2.37,26.44,13.71,0.00,1.15,0.00,1.85,0.00,0.00,0.00,0.00
35,4e_5e,LC1,Exten,95,1.67,0.00,0.00,44.54,1.06,2.55,28.31,14.68,0.00,1.30,0.00,2.20,0.00,0.00,0.00,0.00
35,4e_5e,LC1,Exten,105,1.94,0.00,0.00,47.90,1.14,2.69,29.69,15.39,0.00,1.41,0.00,2.51,0.00,0.00,0.00,0.00
35,4e_5e,LC1,Exten,115,2.19,0.00,0.00,50.90,1.21,2.81,30.63,15.88,0.00,1.49,0.00,2.79,0.00,0.00,0.00,0.00
35,4e_5e,LC1,Exten,125,2.42,0.00,0.00,53.57,1.28,2.90,31.17,16.16,0.00,1.55,0.00,3.03,0.00,0.00,0.00,0.00
35,4e_5e,LC1,Exten,135,2.62,0.00,0.00,55.96,1.33,2.97,31.35,16.25,0.00,1.58,0.00,3.23,0.00,0.00,0.00,0.00
35,4e_5e,LC1,Exten,145,2.79,0.00,0.00,58.09,1.38,3.02,31.21,16.18,0.00,1.59,0.00,3.39,0.00,0.00,0.00,0.00
35,4e_5e,LC1,Exten,155,2.93,0.00,0.00,59.99,1.43,3.06,30.81,15.97,0.00,1.58,0.00,3.52,0.00,0.00,0.00,0.00
35,4e_5e,LC1,Exten,165,3.05,0.00,0.00,61.68,1.47,3.08,30.17,15.64,0.00,1.57,0.00,3.62,0.00,0.00,0.00,0.00
35,4e_5e,LC1,Exten,175,3.14,0.00,0.00,63.17,1.51,3.09,29.35,15.22,0.00,1.54,0.00,3.69,0.00,0.00,0.00,0.00
35,4e_5e,LC1,Exten,185,3.21,0.00,0.00,64.51,1.54,3.09,28.38,14.71,0.00,1.51,0.00,3.73,0.00,0.00,0.00,0.00
35,4e_5e,LC1,Exten,195,3.25,0.00,0.00,65.68,1.57,3.07,27.29,14.15,0.00,1.47,0.00,3.75,0.00,0.00,0.00,0.00
35,4e_5e,LC1,Exten,205,3.28,0.00,0.00,66.73,1.59,3.05,26.12,13.54,0.00,1.43,0.00,3.75,0.00,0.00,0.00,0.00
35,4e_5e,LC1,Exten,215,3.28,0.00,0.00,67.65,1.61,3.03,24.89,12.90,0.00,1.39,0.00,3.74,0.00,0.00,0.00,0.00
35,4e_5e,LC1,Exten,225,3.27,0.00,0.00,68.46,1.63,2.99,23.63,12.25,0.00,1.35,0.00,3.71,0.00,0.00,0.00,0.00
35,4e_5e,LC1,Exten,235,3.25,0.00,0.00,69.18,1.65,2.96,22.36,11.59,0.00,1.30,0.00,3.68,0.00,0.00,0.00,0.00
35,4e_5e,LC1,Exten,245,3.22,0.00,0.00,69.80,1.67,2.91,21.08,10.93,0.00,1.25,0.00,3.63,0.00,0.00,0.00,0.00
35,4e_5e,LC1,Exten,255,3.17,0.00,0.00,70.35,1.68,2.87,19.83,10.28,0.00,1.21,0.00,3.58,0.00,0.00,0.00,0.00
36,patnt,LC1,Exten,5,0.00,0.00,0.00,0.00,0.00,0.00,0.00,0.00,0.00,0.00,0.00,0.00,0.00,0.00,0.00,0.00
36,patnt,LC1,Exten,15,4.59836178760603e-03,0.00,0.00,0.32,0.01,0.02,0.84,0.43,0.00,4.77314486816246e-03,0.00,6.4163601327324e-03,0.00,0.00,0.00,0.00
36,patnt,LC1,Exten,25,0.03,0.00,0.00,2.70,0.07,0.17,3.13,1.62,0.00,0.03,0.00,0.05,0.00,0.00,0.00,0.00
36,patnt,LC1,Exten,35,0.11,0.00,0.00,8.16,0.18,0.52,6.64,3.44,0.00,0.12,0.00,0.16,0.00,0.00,0.00,0.00
36,patnt,LC1,Exten,45,0.27,0.00,0.00,15.39,0.35,0.96,10.94,5.67,0.00,0.28,0.00,0.38,0.00,0.00,0.00,0.00
36,patnt,LC1,Exten,55,0.49,0.00,0.00,22.68,0.52,1.38,15.41,7.99,0.00,0.48,0.00,0.68,0.00,0.00,0.00,0.00
36,patnt,LC1,Exten,65,0.76,0.00,0.00,29.21,0.68,1.75,19.52,10.12,0.00,0.71,0.00,1.04,0.00,0.00,0.00,0.00
36,patnt,LC1,Exten,75,1.05,0.00,0.00,34.91,0.82,2.06,23.02,11.94,0.00,0.93,0.00,1.43,0.00,0.00,0.00,0.00
36,patnt,LC1,Exten,85,1.36,0.00,0.00,39.92,0.95,2.32,25.91,13.43,0.00,1.13,0.00,1.82,0.00,0.00,0.00,0.00
36,patnt,LC1,Exten,95,1.66,0.00,0.00,44.41,1.05,2.54,28.22,14.63,0.00,1.29,0.00,2.19,0.00,0.00,0.00,0.00
36,patnt,LC1,Exten,105,1.96,0.00,0.00,48.42,1.15,2.72,30.01,15.56,0.00,1.43,0.00,2.54,0.00,0.00,0.00,0.00
36,patnt,LC1,Exten,115,2.24,0.00,0.00,52.00,1.24,2.87,31.29,16.22,0.00,1.52,0.00,2.85,0.00,0.00,0.00,0.00
36,patnt,LC1,Exten,125,2.49,0.00,0.00,55.14,1.31,2.98,32.08,16.63,0.00,1.59,0.00,3.12,0.00,0.00,0.00,0.00
36,patnt,LC1,Exten,135,2.71,0.00,0.00,57.84,1.38,3.07,32.40,16.80,0.00,1.63,0.00,3.34,0.00,0.00,0.00,0.00
36,patnt,LC1,Exten,145,2.89,0.00,0.00,60.10,1.43,3.13,32.29,16.74,0.00,1.64,0.00,3.51,0.00,0.00,0.00,0.00
36,patnt,LC1,Exten,155,3.03,0.00,0.00,61.91,1.48,3.16,31.80,16.49,0.00,1.64,0.00,3.63,0.00,0.00,0.00,0.00
36,patnt,LC1,Exten,165,3.13,0.00,0.00,63.30,1.51,3.16,30.97,16.06,0.00,1.61,0.00,3.71,0.00,0.00,0.00,0.00
36,patnt,LC1,Exten,175,3.20,0.00,0.00,64.27,1.53,3.14,29.86,15.48,0.00,1.57,0.00,3.75,0.00,0.00,0.00,0.00
36,patnt,LC1,Exten,185,3.22,0.00,0.00,64.83,1.55,3.10,28.52,14.79,0.00,1.52,0.00,3.75,0.00,0.00,0.00,0.00
36,patnt,LC1,Exten,195,3.22,0.00,0.00,65.01,1.55,3.04,27.01,14.00,0.00,1.46,0.00,3.71,0.00,0.00,0.00,0.00
36,patnt,LC1,Exten,205,3.18,0.00,0.00,64.83,1.55,2.97,25.38,13.16,0.00,1.39,0.00,3.64,0.00,0.00,0.00,0.00
36,patnt,LC1,Exten,215,3.12,0.00,0.00,64.30,1.53,2.88,23.66,12.27,0.00,1.32,0.00,3.55,0.00,0.00,0.00,0.00
36,patnt,LC1,Exten,225,3.03,0.00,0.00,63.46,1.51,2.78,21.90,11.36,0.00,1.25,0.00,3.44,0.00,0.00,0.00,0.00
36,patnt,LC1,Exten,235,2.93,0.00,0.00,62.33,1.49,2.66,20.14,10.44,0.00,1.17,0.00,3.31,0.00,0.00,0.00,0.00
36,patnt,LC1,Exten,245,2.81,0.00,0.00,60.93,1.46,2.54,18.41,9.54,0.00,1.09,0.00,3.17,0.00,0.00,0.00,0.00
36,patnt,LC1,Exten,255,2.67,0.00,0.00,59.31,1.42,2.42,16.72,8.67,0.00,1.02,0.00,3.02,0.00,0.00,0.00,0.00
37,4e_5e,LC1,Basc1,5,0.00,0.00,0.00,0.00,0.00,0.00,0.00,0.00,0.00,0.00,0.00,0.00,0.00,0.00,0.00,0.00
37,4e_5e,LC1,Basc1,15,5.79632576999229e-03,0.00,0.00,0.40,0.01,0.02,1.06,0.55,0.00,6.01664329192337e-03,0.00,8.08794855749491e-03,0.00,0.00,0.00,0.00
37,4e_5e,LC1,Basc1,25,0.04,0.00,0.00,3.27,0.08,0.21,3.79,1.96,0.00,0.04,0.00,0.06,0.00,0.00,0.00,0.00
37,4e_5e,LC1,Basc1,35,0.13,0.00,0.00,9.52,0.22,0.60,7.76,4.02,0.00,0.14,0.00,0.19,0.00,0.00,0.00,0.00
37,4e_5e,LC1,Basc1,45,0.30,0.00,0.00,17.38,0.39,1.08,12.35,6.40,0.00,0.31,0.00,0.43,0.00,0.00,0.00,0.00
37,4e_5e,LC1,Basc1,55,0.53,0.00,0.00,24.85,0.57,1.51,16.88,8.75,0.00,0.53,0.00,0.75,0.00,0.00,0.00,0.00
37,4e_5e,LC1,Basc1,65,0.81,0.00,0.00,31.15,0.73,1.87,20.82,10.79,0.00,0.76,0.00,1.11,0.00,0.00,0.00,0.00
37,4e_5e,LC1,Basc1,75,1.09,0.00,0.00,36.36,0.86,2.15,23.98,12.43,0.00,0.97,0.00,1.49,0.00,0.00,0.00,0.00
37,4e_5e,LC1,Basc1,85,1.38,0.00,0.00,40.74,0.97,2.37,26.44,13.71,0.00,1.15,0.00,1.85,0.00,0.00,0.00,0.00
37,4e_5e,LC1,Basc1,95,1.67,0.00,0.00,44.54,1.06,2.55,28.31,14.68,0.00,1.30,0.00,2.20,0.00,0.00,0.00,0.00
37,4e_5e,LC1,Basc1,105,1.94,0.00,0.00,47.90,1.14,2.69,29.69,15.39,0.00,1.41,0.00,2.51,0.00,0.00,0.00,0.00
37,4e_5e,LC1,Basc1,115,2.19,0.00,0.00,50.90,1.21,2.81,30.63,15.88,0.00,1.49,0.00,2.79,0.00,0.00,0.00,0.00
37,4e_5e,LC1,Basc1,125,2.42,0.00,0.00,53.57,1.28,2.90,31.17,16.16,0.00,1.55,0.00,3.03,0.00,0.00,0.00,0.00
37,4e_5e,LC1,Basc1,135,2.62,0.00,0.00,55.96,1.33,2.97,31.35,16.25,0.00,1.58,0.00,3.23,0.00,0.00,0.00,0.00
37,4e_5e,LC1,Basc1,145,2.79,0.00,0.00,58.09,1.38,3.02,31.21,16.18,0.00,1.59,0.00,3.39,0.00,0.00,0.00,0.00
37,4e_5e,LC1,Basc1,155,2.93,0.00,0.00,59.99,1.43,3.06,30.81,15.97,0.00,1.58,0.00,3.52,0.00,0.00,0.00,0.00
37,4e_5e,LC1,Basc1,165,3.05,0.00,0.00,61.68,1.47,3.08,30.17,15.64,0.00,1.57,0.00,3.62,0.00,0.00,0.00,0.00
37,4e_5e,LC1,Basc1,175,3.14,0.00,0.00,63.17,1.51,3.09,29.35,15.22,0.00,1.54,0.00,3.69,0.00,0.00,0.00,0.00
37,4e_5e,LC1,Basc1,185,3.21,0.00,0.00,64.51,1.54,3.09,28.38,14.71,0.00,1.51,0.00,3.73,0.00,0.00,0.00,0.00
37,4e_5e,LC1,Basc1,195,3.25,0.00,0.00,65.68,1.57,3.07,27.29,14.15,0.00,1.47,0.00,3.75,0.00,0.00,0.00,0.00
37,4e_5e,LC1,Basc1,205,3.28,0.00,0.00,66.73,1.59,3.05,26.12,13.54,0.00,1.43,0.00,3.75,0.00,0.00,0.00,0.00
37,4e_5e,LC1,Basc1,215,3.28,0.00,0.00,67.65,1.61,3.03,24.89,12.90,0.00,1.39,0.00,3.74,0.00,0.00,0.00,0.00
37,4e_5e,LC1,Basc1,225,3.27,0.00,0.00,68.46,1.63,2.99,23.63,12.25,0.00,1.35,0.00,3.71,0.00,0.00,0.00,0.00
37,4e_5e,LC1,Basc1,235,3.25,0.00,0.00,69.18,1.65,2.96,22.36,11.59,0.00,1.30,0.00,3.68,0.00,0.00,0.00,0.00
37,4e_5e,LC1,Basc1,245,3.22,0.00,0.00,69.80,1.67,2.91,21.08,10.93,0.00,1.25,0.00,3.63,0.00,0.00,0.00,0.00
37,4e_5e,LC1,Basc1,255,3.17,0.00,0.00,70.35,1.68,2.87,19.83,10.28,0.00,1.21,0.00,3.58,0.00,0.00,0.00,0.00
38,patnt,LC1,Basc1,5,0.00,0.00,0.00,0.00,0.00,0.00,0.00,0.00,0.00,0.00,0.00,0.00,0.00,0.00,0.00,0.00
38,patnt,LC1,Basc1,15,4.59836178760603e-03,0.00,0.00,0.32,0.01,0.02,0.84,0.43,0.00,4.77314486816246e-03,0.00,6.4163601327324e-03,0.00,0.00,0.00,0.00
38,patnt,LC1,Basc1,25,0.03,0.00,0.00,2.70,0.07,0.17,3.13,1.62,0.00,0.03,0.00,0.05,0.00,0.00,0.00,0.00
38,patnt,LC1,Basc1,35,0.11,0.00,0.00,8.16,0.18,0.52,6.64,3.44,0.00,0.12,0.00,0.16,0.00,0.00,0.00,0.00
38,patnt,LC1,Basc1,45,0.27,0.00,0.00,15.39,0.35,0.96,10.94,5.67,0.00,0.28,0.00,0.38,0.00,0.00,0.00,0.00
38,patnt,LC1,Basc1,55,0.49,0.00,0.00,22.68,0.52,1.38,15.41,7.99,0.00,0.48,0.00,0.68,0.00,0.00,0.00,0.00
38,patnt,LC1,Basc1,65,0.76,0.00,0.00,29.21,0.68,1.75,19.52,10.12,0.00,0.71,0.00,1.04,0.00,0.00,0.00,0.00
38,patnt,LC1,Basc1,75,1.05,0.00,0.00,34.91,0.82,2.06,23.02,11.94,0.00,0.93,0.00,1.43,0.00,0.00,0.00,0.00
38,patnt,LC1,Basc1,85,1.36,0.00,0.00,39.92,0.95,2.32,25.91,13.43,0.00,1.13,0.00,1.82,0.00,0.00,0.00,0.00
38,patnt,LC1,Basc1,95,1.66,0.00,0.00,44.41,1.05,2.54,28.22,14.63,0.00,1.29,0.00,2.19,0.00,0.00,0.00,0.00
38,patnt,LC1,Basc1,105,1.96,0.00,0.00,48.42,1.15,2.72,30.01,15.56,0.00,1.43,0.00,2.54,0.00,0.00,0.00,0.00
38,patnt,LC1,Basc1,115,2.24,0.00,0.00,52.00,1.24,2.87,31.29,16.22,0.00,1.52,0.00,2.85,0.00,0.00,0.00,0.00
38,patnt,LC1,Basc1,125,2.49,0.00,0.00,55.14,1.31,2.98,32.08,16.63,0.00,1.59,0.00,3.12,0.00,0.00,0.00,0.00
38,patnt,LC1,Basc1,135,2.71,0.00,0.00,57.84,1.38,3.07,32.40,16.80,0.00,1.63,0.00,3.34,0.00,0.00,0.00,0.00
38,patnt,LC1,Basc1,145,2.89,0.00,0.00,60.10,1.43,3.13,32.29,16.74,0.00,1.64,0.00,3.51,0.00,0.00,0.00,0.00
38,patnt,LC1,Basc1,155,3.03,0.00,0.00,61.91,1.48,3.16,31.80,16.49,0.00,1.64,0.00,3.63,0.00,0.00,0.00,0.00
38,patnt,LC1,Basc1,165,3.13,0.00,0.00,63.30,1.51,3.16,30.97,16.06,0.00,1.61,0.00,3.71,0.00,0.00,0.00,0.00
38,patnt,LC1,Basc1,175,3.20,0.00,0.00,64.27,1.53,3.14,29.86,15.48,0.00,1.57,0.00,3.75,0.00,0.00,0.00,0.00
38,patnt,LC1,Basc1,185,3.22,0.00,0.00,64.83,1.55,3.10,28.52,14.79,0.00,1.52,0.00,3.75,0.00,0.00,0.00,0.00
38,patnt,LC1,Basc1,195,3.22,0.00,0.00,65.01,1.55,3.04,27.01,14.00,0.00,1.46,0.00,3.71,0.00,0.00,0.00,0.00
38,patnt,LC1,Basc1,205,3.18,0.00,0.00,64.83,1.55,2.97,25.38,13.16,0.00,1.39,0.00,3.64,0.00,0.00,0.00,0.00
38,patnt,LC1,Basc1,215,3.12,0.00,0.00,64.30,1.53,2.88,23.66,12.27,0.00,1.32,0.00,3.55,0.00,0.00,0.00,0.00
38,patnt,LC1,Basc1,225,3.03,0.00,0.00,63.46,1.51,2.78,21.90,11.36,0.00,1.25,0.00,3.44,0.00,0.00,0.00,0.00
38,patnt,LC1,Basc1,235,2.93,0.00,0.00,62.33,1.49,2.66,20.14,10.44,0.00,1.17,0.00,3.31,0.00,0.00,0.00,0.00
38,patnt,LC1,Basc1,245,2.81,0.00,0.00,60.93,1.46,2.54,18.41,9.54,0.00,1.09,0.00,3.17,0.00,0.00,0.00,0.00
38,patnt,LC1,Basc1,255,2.67,0.00,0.00,59.31,1.42,2.42,16.72,8.67,0.00,1.02,0.00,3.02,0.00,0.00,0.00,0.00
39,4e_5e,LC1,Intn1,5,0.00,0.00,0.00,0.00,0.00,0.00,0.00,0.00,0.00,0.00,0.00,0.00,0.00,0.00,0.00,0.00
39,4e_5e,LC1,Intn1,15,5.79632576999229e-03,0.00,0.00,0.40,0.01,0.02,1.06,0.55,0.00,6.01664329192337e-03,0.00,8.08794855749491e-03,0.00,0.00,0.00,0.00
39,4e_5e,LC1,Intn1,25,0.04,0.00,0.00,3.27,0.08,0.21,3.79,1.96,0.00,0.04,0.00,0.06,0.00,0.00,0.00,0.00
39,4e_5e,LC1,Intn1,35,0.13,0.00,0.00,9.52,0.22,0.60,7.76,4.02,0.00,0.14,0.00,0.19,0.00,0.00,0.00,0.00
39,4e_5e,LC1,Intn1,45,0.30,0.00,0.00,17.38,0.39,1.08,12.35,6.40,0.00,0.31,0.00,0.43,0.00,0.00,0.00,0.00
39,4e_5e,LC1,Intn1,55,0.53,0.00,0.00,24.85,0.57,1.51,16.88,8.75,0.00,0.53,0.00,0.75,0.00,0.00,0.00,0.00
39,4e_5e,LC1,Intn1,65,0.81,0.00,0.00,31.15,0.73,1.87,20.82,10.79,0.00,0.76,0.00,1.11,0.00,0.00,0.00,0.00
39,4e_5e,LC1,Intn1,75,1.09,0.00,0.00,36.36,0.86,2.15,23.98,12.43,0.00,0.97,0.00,1.49,0.00,0.00,0.00,0.00
39,4e_5e,LC1,Intn1,85,1.38,0.00,0.00,40.74,0.97,2.37,26.44,13.71,0.00,1.15,0.00,1.85,0.00,0.00,0.00,0.00
39,4e_5e,LC1,Intn1,95,1.67,0.00,0.00,44.54,1.06,2.55,28.31,14.68,0.00,1.30,0.00,2.20,0.00,0.00,0.00,0.00
39,4e_5e,LC1,Intn1,105,1.94,0.00,0.00,47.90,1.14,2.69,29.69,15.39,0.00,1.41,0.00,2.51,0.00,0.00,0.00,0.00
39,4e_5e,LC1,Intn1,115,2.19,0.00,0.00,50.90,1.21,2.81,30.63,15.88,0.00,1.49,0.00,2.79,0.00,0.00,0.00,0.00
39,4e_5e,LC1,Intn1,125,2.42,0.00,0.00,53.57,1.28,2.90,31.17,16.16,0.00,1.55,0.00,3.03,0.00,0.00,0.00,0.00
39,4e_5e,LC1,Intn1,135,2.62,0.00,0.00,55.96,1.33,2.97,31.35,16.25,0.00,1.58,0.00,3.23,0.00,0.00,0.00,0.00
39,4e_5e,LC1,Intn1,145,2.79,0.00,0.00,58.09,1.38,3.02,31.21,16.18,0.00,1.59,0.00,3.39,0.00,0.00,0.00,0.00
39,4e_5e,LC1,Intn1,155,2.93,0.00,0.00,59.99,1.43,3.06,30.81,15.97,0.00,1.58,0.00,3.52,0.00,0.00,0.00,0.00
39,4e_5e,LC1,Intn1,165,3.05,0.00,0.00,61.68,1.47,3.08,30.17,15.64,0.00,1.57,0.00,3.62,0.00,0.00,0.00,0.00
39,4e_5e,LC1,Intn1,175,3.14,0.00,0.00,63.17,1.51,3.09,29.35,15.22,0.00,1.54,0.00,3.69,0.00,0.00,0.00,0.00
39,4e_5e,LC1,Intn1,185,3.21,0.00,0.00,64.51,1.54,3.09,28.38,14.71,0.00,1.51,0.00,3.73,0.00,0.00,0.00,0.00
39,4e_5e,LC1,Intn1,195,3.25,0.00,0.00,65.68,1.57,3.07,27.29,14.15,0.00,1.47,0.00,3.75,0.00,0.00,0.00,0.00
39,4e_5e,LC1,Intn1,205,3.28,0.00,0.00,66.73,1.59,3.05,26.12,13.54,0.00,1.43,0.00,3.75,0.00,0.00,0.00,0.00
39,4e_5e,LC1,Intn1,215,3.28,0.00,0.00,67.65,1.61,3.03,24.89,12.90,0.00,1.39,0.00,3.74,0.00,0.00,0.00,0.00
39,4e_5e,LC1,Intn1,225,3.27,0.00,0.00,68.46,1.63,2.99,23.63,12.25,0.00,1.35,0.00,3.71,0.00,0.00,0.00,0.00
39,4e_5e,LC1,Intn1,235,3.25,0.00,0.00,69.18,1.65,2.96,22.36,11.59,0.00,1.30,0.00,3.68,0.00,0.00,0.00,0.00
39,4e_5e,LC1,Intn1,245,3.22,0.00,0.00,69.80,1.67,2.91,21.08,10.93,0.00,1.25,0.00,3.63,0.00,0.00,0.00,0.00
39,4e_5e,LC1,Intn1,255,3.17,0.00,0.00,70.35,1.68,2.87,19.83,10.28,0.00,1.21,0.00,3.58,0.00,0.00,0.00,0.00
40,patnt,LC1,Intn1,5,0.00,0.00,0.00,0.00,0.00,0.00,0.00,0.00,0.00,0.00,0.00,0.00,0.00,0.00,0.00,0.00
40,patnt,LC1,Intn1,15,4.59836178760603e-03,0.00,0.00,0.32,0.01,0.02,0.84,0.43,0.00,4.77314486816246e-03,0.00,6.4163601327324e-03,0.00,0.00,0.00,0.00
40,patnt,LC1,Intn1,25,0.03,0.00,0.00,2.70,0.07,0.17,3.13,1.62,0.00,0.03,0.00,0.05,0.00,0.00,0.00,0.00
40,patnt,LC1,Intn1,35,0.11,0.00,0.00,8.16,0.18,0.52,6.64,3.44,0.00,0.12,0.00,0.16,0.00,0.00,0.00,0.00
40,patnt,LC1,Intn1,45,0.27,0.00,0.00,15.39,0.35,0.96,10.94,5.67,0.00,0.28,0.00,0.38,0.00,0.00,0.00,0.00
40,patnt,LC1,Intn1,55,0.49,0.00,0.00,22.68,0.52,1.38,15.41,7.99,0.00,0.48,0.00,0.68,0.00,0.00,0.00,0.00
40,patnt,LC1,Intn1,65,0.76,0.00,0.00,29.21,0.68,1.75,19.52,10.12,0.00,0.71,0.00,1.04,0.00,0.00,0.00,0.00
40,patnt,LC1,Intn1,75,1.05,0.00,0.00,34.91,0.82,2.06,23.02,11.94,0.00,0.93,0.00,1.43,0.00,0.00,0.00,0.00
40,patnt,LC1,Intn1,85,1.36,0.00,0.00,39.92,0.95,2.32,25.91,13.43,0.00,1.13,0.00,1.82,0.00,0.00,0.00,0.00
40,patnt,LC1,Intn1,95,1.66,0.00,0.00,44.41,1.05,2.54,28.22,14.63,0.00,1.29,0.00,2.19,0.00,0.00,0.00,0.00
40,patnt,LC1,Intn1,105,1.96,0.00,0.00,48.42,1.15,2.72,30.01,15.56,0.00,1.43,0.00,2.54,0.00,0.00,0.00,0.00
40,patnt,LC1,Intn1,115,2.24,0.00,0.00,52.00,1.24,2.87,31.29,16.22,0.00,1.52,0.00,2.85,0.00,0.00,0.00,0.00
40,patnt,LC1,Intn1,125,2.49,0.00,0.00,55.14,1.31,2.98,32.08,16.63,0.00,1.59,0.00,3.12,0.00,0.00,0.00,0.00
40,patnt,LC1,Intn1,135,2.71,0.00,0.00,57.84,1.38,3.07,32.40,16.80,0.00,1.63,0.00,3.34,0.00,0.00,0.00,0.00
40,patnt,LC1,Intn1,145,2.89,0.00,0.00,60.10,1.43,3.13,32.29,16.74,0.00,1.64,0.00,3.51,0.00,0.00,0.00,0.00
40,patnt,LC1,Intn1,155,3.03,0.00,0.00,61.91,1.48,3.16,31.80,16.49,0.00,1.64,0.00,3.63,0.00,0.00,0.00,0.00
40,patnt,LC1,Intn1,165,3.13,0.00,0.00,63.30,1.51,3.16,30.97,16.06,0.00,1.61,0.00,3.71,0.00,0.00,0.00,0.00
40,patnt,LC1,Intn1,175,3.20,0.00,0.00,64.27,1.53,3.14,29.86,15.48,0.00,1.57,0.00,3.75,0.00,0.00,0.00,0.00
40,patnt,LC1,Intn1,185,3.22,0.00,0.00,64.83,1.55,3.10,28.52,14.79,0.00,1.52,0.00,3.75,0.00,0.00,0.00,0.00
40,patnt,LC1,Intn1,195,3.22,0.00,0.00,65.01,1.55,3.04,27.01,14.00,0.00,1.46,0.00,3.71,0.00,0.00,0.00,0.00
40,patnt,LC1,Intn1,205,3.18,0.00,0.00,64.83,1.55,2.97,25.38,13.16,0.00,1.39,0.00,3.64,0.00,0.00,0.00,0.00
40,patnt,LC1,Intn1,215,3.12,0.00,0.00,64.30,1.53,2.88,23.66,12.27,0.00,1.32,0.00,3.55,0.00,0.00,0.00,0.00
40,patnt,LC1,Intn1,225,3.03,0.00,0.00,63.46,1.51,2.78,21.90,11.36,0.00,1.25,0.00,3.44,0.00,0.00,0.00,0.00
40,patnt,LC1,Intn1,235,2.93,0.00,0.00,62.33,1.49,2.66,20.14,10.44,0.00,1.17,0.00,3.31,0.00,0.00,0.00,0.00
40,patnt,LC1,Intn1,245,2.81,0.00,0.00,60.93,1.46,2.54,18.41,9.54,0.00,1.09,0.00,3.17,0.00,0.00,0.00,0.00
40,patnt,LC1,Intn1,255,2.67,0.00,0.00,59.31,1.42,2.42,16.72,8.67,0.00,1.02,0.00,3.02,0.00,0.00,0.00,0.00
43,4e_5e,PJ2,Prsnt,5,0.00,0.00,0.00,0.00,0.00,0.00,0.00,0.00,0.00,0.00,0.00,0.00,0.00,0.00,0.00,0.00
43,4e_5e,PJ2,Prsnt,15,0.11,0.06,7.84,1.15,0.12,0.11,0.00,0.00,0.00,0.63,0.00,0.23,0.00,0.00,0.00,0.00
43,4e_5e,PJ2,Prsnt,25,0.37,0.20,20.98,3.94,0.31,0.39,0.00,0.00,0.00,2.05,0.00,0.76,0.00,0.00,0.00,0.00
43,4e_5e,PJ2,Prsnt,35,0.71,0.38,35.64,6.79,0.48,0.65,0.00,0.00,0.00,3.91,0.00,1.47,0.00,0.00,0.00,0.00
43,4e_5e,PJ2,Prsnt,45,1.10,0.59,49.70,8.60,0.60,0.81,0.00,0.00,0.00,5.84,0.00,2.24,0.00,0.00,0.00,0.00
43,4e_5e,PJ2,Prsnt,55,1.48,0.80,61.90,9.45,0.67,0.87,0.00,0.00,0.00,7.55,0.00,3.00,0.00,0.00,0.00,0.00
43,4e_5e,PJ2,Prsnt,65,1.84,1.00,71.60,9.78,0.70,0.89,0.00,0.00,0.00,8.89,0.00,3.68,0.00,0.00,0.00,0.00
43,4e_5e,PJ2,Prsnt,75,2.16,1.19,78.63,9.87,0.71,0.88,0.00,0.00,0.00,9.81,0.00,4.26,0.00,0.00,0.00,0.00
43,4e_5e,PJ2,Prsnt,85,2.43,1.36,83.10,9.84,0.71,0.86,0.00,0.00,0.00,10.34,0.00,4.71,0.00,0.00,0.00,0.00
43,4e_5e,PJ2,Prsnt,95,2.65,1.50,85.23,9.72,0.71,0.84,0.00,0.00,0.00,10.54,0.00,5.04,0.00,0.00,0.00,0.00
43,4e_5e,PJ2,Prsnt,105,2.81,1.62,85.30,9.56,0.70,0.81,0.00,0.00,0.00,10.47,0.00,5.26,0.00,0.00,0.00,0.00
43,4e_5e,PJ2,Prsnt,115,2.93,1.72,83.60,9.37,0.68,0.78,0.00,0.00,0.00,10.21,0.00,5.39,0.00,0.00,0.00,0.00
43,4e_5e,PJ2,Prsnt,125,3.00,1.80,80.47,9.15,0.67,0.75,0.00,0.00,0.00,9.82,0.00,5.43,0.00,0.00,0.00,0.00
43,4e_5e,PJ2,Prsnt,135,3.03,1.85,76.22,8.91,0.65,0.71,0.00,0.00,0.00,9.33,0.00,5.40,0.00,0.00,0.00,0.00
43,4e_5e,PJ2,Prsnt,145,3.02,1.89,71.19,8.65,0.63,0.68,0.00,0.00,0.00,8.80,0.00,5.31,0.00,0.00,0.00,0.00
43,4e_5e,PJ2,Prsnt,155,2.98,1.91,65.64,8.38,0.61,0.64,0.00,0.00,0.00,8.24,0.00,5.17,0.00,0.00,0.00,0.00
43,4e_5e,PJ2,Prsnt,165,2.91,1.92,59.85,8.10,0.59,0.61,0.00,0.00,0.00,7.67,0.00,5.00,0.00,0.00,0.00,0.00
43,4e_5e,PJ2,Prsnt,175,2.82,1.91,54.00,7.82,0.57,0.57,0.00,0.00,0.00,7.10,0.00,4.79,0.00,0.00,0.00,0.00
43,4e_5e,PJ2,Prsnt,185,2.72,1.88,48.28,7.52,0.55,0.54,0.00,0.00,0.00,6.56,0.00,4.57,0.00,0.00,0.00,0.00
43,4e_5e,PJ2,Prsnt,195,2.60,1.85,42.80,7.22,0.53,0.51,0.00,0.00,0.00,6.03,0.00,4.33,0.00,0.00,0.00,0.00
43,4e_5e,PJ2,Prsnt,205,2.46,1.80,37.65,6.92,0.50,0.48,0.00,0.00,0.00,5.53,0.00,4.08,0.00,0.00,0.00,0.00
43,4e_5e,PJ2,Prsnt,215,2.33,1.75,32.89,6.61,0.48,0.44,0.00,0.00,0.00,5.05,0.00,3.84,0.00,0.00,0.00,0.00
43,4e_5e,PJ2,Prsnt,225,2.19,1.70,28.55,6.30,0.46,0.41,0.00,0.00,0.00,4.61,0.00,3.59,0.00,0.00,0.00,0.00
43,4e_5e,PJ2,Prsnt,235,2.04,1.63,24.63,5.99,0.44,0.38,0.00,0.00,0.00,4.19,0.00,3.34,0.00,0.00,0.00,0.00
43,4e_5e,PJ2,Prsnt,245,1.90,1.56,21.14,5.69,0.41,0.36,0.00,0.00,0.00,3.80,0.00,3.11,0.00,0.00,0.00,0.00
43,4e_5e,PJ2,Prsnt,255,1.76,1.49,18.05,5.38,0.39,0.33,0.00,0.00,0.00,3.44,0.00,2.88,0.00,0.00,0.00,0.00
44,patnt,PJ2,Prsnt,5,0.00,0.00,0.00,0.00,0.00,0.00,0.00,0.00,0.00,0.00,0.00,0.00,0.00,0.00,0.00,0.00
44,patnt,PJ2,Prsnt,15,7.79492563995605e-03,4.21560685750589e-03,0.51,0.07,8.16234148548895e-03,7.59329658429145e-03,0.00,0.00,0.00,0.04,0.00,0.01,0.00,0.00,0.00,0.00
44,patnt,PJ2,Prsnt,25,0.05,0.02,2.85,0.53,0.04,0.05,0.00,0.00,0.00,0.28,0.00,0.10,0.00,0.00,0.00,0.00
44,patnt,PJ2,Prsnt,35,0.18,0.09,9.02,1.71,0.12,0.16,0.00,0.00,0.00,0.99,0.00,0.37,0.00,0.00,0.00,0.00
44,patnt,PJ2,Prsnt,45,0.46,0.24,20.92,3.62,0.25,0.34,0.00,0.00,0.00,2.45,0.00,0.94,0.00,0.00,0.00,0.00
44,patnt,PJ2,Prsnt,55,0.93,0.50,38.79,5.92,0.42,0.54,0.00,0.00,0.00,4.73,0.00,1.88,0.00,0.00,0.00,0.00
44,patnt,PJ2,Prsnt,65,1.54,0.84,59.76,8.17,0.58,0.74,0.00,0.00,0.00,7.42,0.00,3.07,0.00,0.00,0.00,0.00
44,patnt,PJ2,Prsnt,75,2.15,1.19,78.23,9.82,0.71,0.88,0.00,0.00,0.00,9.76,0.00,4.23,0.00,0.00,0.00,0.00
44,patnt,PJ2,Prsnt,85,2.58,1.44,88.20,10.44,0.76,0.92,0.00,0.00,0.00,10.98,0.00,5.00,0.00,0.00,0.00,0.00
44,patnt,PJ2,Prsnt,95,2.68,1.52,86.36,9.85,0.72,0.85,0.00,0.00,0.00,10.68,0.00,5.11,0.00,0.00,0.00,0.00
44,patnt,PJ2,Prsnt,105,2.43,1.40,73.83,8.28,0.60,0.70,0.00,0.00,0.00,9.06,0.00,4.56,0.00,0.00,0.00,0.00
44,patnt,PJ2,Prsnt,115,1.94,1.14,55.32,6.20,0.45,0.51,0.00,0.00,0.00,6.76,0.00,3.57,0.00,0.00,0.00,0.00
44,patnt,PJ2,Prsnt,125,1.35,0.81,36.42,4.14,0.30,0.33,0.00,0.00,0.00,4.44,0.00,2.46,0.00,0.00,0.00,0.00
44,patnt,PJ2,Prsnt,135,0.84,0.51,21.12,2.47,0.18,0.19,0.00,0.00,0.00,2.58,0.00,1.49,0.00,0.00,0.00,0.00
44,patnt,PJ2,Prsnt,145,0.45,0.28,10.80,1.31,0.09,0.10,0.00,0.00,0.00,1.33,0.00,0.80,0.00,0.00,0.00,0.00
44,patnt,PJ2,Prsnt,155,0.22,0.14,4.88,0.62,0.04,0.04,0.00,0.00,0.00,0.61,0.00,0.38,0.00,0.00,0.00,0.00
44,patnt,PJ2,Prsnt,165,0.09,0.06,1.95,0.26,0.01,0.02,0.00,0.00,0.00,0.25,0.00,0.16,0.00,0.00,0.00,0.00
44,patnt,PJ2,Prsnt,175,0.03,0.02,0.69,0.10,7.36223589653899e-03,7.43231293649402e-03,0.00,0.00,0.00,0.09,0.00,0.06,0.00,0.00,0.00,0.00
44,patnt,PJ2,Prsnt,185,0.01,8.50358850525452e-03,0.21,0.03,2.48960248656142e-03,2.45902171160531e-03,0.00,0.00,0.00,0.02,0.00,0.02,0.00,0.00,0.00,0.00
44,patnt,PJ2,Prsnt,195,3.68317865031553e-03,2.62524788534989e-03,0.06,0.01,7.51651391853069e-04,7.26136148506268e-04,0.00,0.00,0.00,8.54866256669418e-03,0.00,6.14141711606789e-03,0.00,0.00,0.00,0.00
44,patnt,PJ2,Prsnt,205,9.84233505143369e-04,7.21283445238948e-04,0.01,2.75825004410606e-03,2.02613685684707e-04,1.91381765361667e-04,0.00,0.00,0.00,2.20550833610727e-03,0.00,1.63019939125859e-03,0.00,0.00,0.00,0.00
44,patnt,PJ2,Prsnt,215,2.34032119868365e-04,1.76446415967245e-04,3.30120018107849e-03,6.63662655583584e-04,4.87624977244435e-05,4.50212732329495e-05,0.00,0.00,0.00,5.0771289131472e-04,0.00,3.85542162859656e-04,0.00,0.00,0.00,0.00
44,patnt,PJ2,Prsnt,225,4.95394211338696e-05,3.84473184763752e-05,6.45651696061444e-04,1.42568871063376e-04,1.0477721984147e-05,9.45315403653166e-06,0.00,0.00,0.00,1.04301380138641e-04,0.00,8.12708591229186e-05,0.00,0.00,0.00,0.00
44,patnt,PJ2,Prsnt,235,9.33885443038502e-06,7.46477239828342e-06,1.12337639804737e-04,2.73441678543774e-05,2.01006746482593e-06,1.77167452924512e-06,0.00,0.00,0.00,1.91234747752282e-05,0.00,1.52746004613893e-05,0.00,0.00,0.00,0.00
44,patnt,PJ2,Prsnt,245,1.56837273117892e-06,1.29179825783282e-06,1.73959036549135e-05,4.68238086041214e-06,3.44283789866423e-07,2.96377714843987e-07,0.00,0.00,0.00,3.12951605927503e-06,0.00,2.56029536486797e-06,0.00,0.00,0.00,0.00
44,patnt,PJ2,Prsnt,255,2.34716486495468e-07,1.99302572502237e-07,2.39846390302105e-06,7.15863828824907e-07,5.26482957722255e-08,4.42555183696806e-08,0.00,0.00,0.00,4.57131368216728e-07,0.00,3.82812667644453e-07,0.00,0.00,0.00,0.00
45,4e_5e,PJ2,Exten,5,0.00,0.00,0.00,0.00,0.00,0.00,0.00,0.00,0.00,0.00,0.00,0.00,0.00,0.00,0.00,0.00
45,4e_5e,PJ2,Exten,15,0.11,0.06,7.84,1.15,0.12,0.11,0.00,0.00,0.00,0.63,0.00,0.23,0.00,0.00,0.00,0.00
45,4e_5e,PJ2,Exten,25,0.37,0.20,20.98,3.94,0.31,0.39,0.00,0.00,0.00,2.05,0.00,0.76,0.00,0.00,0.00,0.00
45,4e_5e,PJ2,Exten,35,0.71,0.38,35.64,6.79,0.48,0.65,0.00,0.00,0.00,3.91,0.00,1.47,0.00,0.00,0.00,0.00
45,4e_5e,PJ2,Exten,45,1.10,0.59,49.70,8.60,0.60,0.81,0.00,0.00,0.00,5.84,0.00,2.24,0.00,0.00,0.00,0.00
45,4e_5e,PJ2,Exten,55,1.48,0.80,61.90,9.45,0.67,0.87,0.00,0.00,0.00,7.55,0.00,3.00,0.00,0.00,0.00,0.00
45,4e_5e,PJ2,Exten,65,1.84,1.00,71.60,9.78,0.70,0.89,0.00,0.00,0.00,8.89,0.00,3.68,0.00,0.00,0.00,0.00
45,4e_5e,PJ2,Exten,75,2.16,1.19,78.63,9.87,0.71,0.88,0.00,0.00,0.00,9.81,0.00,4.26,0.00,0.00,0.00,0.00
45,4e_5e,PJ2,Exten,85,2.43,1.36,83.10,9.84,0.71,0.86,0.00,0.00,0.00,10.34,0.00,4.71,0.00,0.00,0.00,0.00
45,4e_5e,PJ2,Exten,95,2.65,1.50,85.23,9.72,0.71,0.84,0.00,0.00,0.00,10.54,0.00,5.04,0.00,0.00,0.00,0.00
45,4e_5e,PJ2,Exten,105,2.81,1.62,85.30,9.56,0.70,0.81,0.00,0.00,0.00,10.47,0.00,5.26,0.00,0.00,0.00,0.00
45,4e_5e,PJ2,Exten,115,2.93,1.72,83.60,9.37,0.68,0.78,0.00,0.00,0.00,10.21,0.00,5.39,0.00,0.00,0.00,0.00
45,4e_5e,PJ2,Exten,125,3.00,1.80,80.47,9.15,0.67,0.75,0.00,0.00,0.00,9.82,0.00,5.43,0.00,0.00,0.00,0.00
45,4e_5e,PJ2,Exten,135,3.03,1.85,76.22,8.91,0.65,0.71,0.00,0.00,0.00,9.33,0.00,5.40,0.00,0.00,0.00,0.00
45,4e_5e,PJ2,Exten,145,3.02,1.89,71.19,8.65,0.63,0.68,0.00,0.00,0.00,8.80,0.00,5.31,0.00,0.00,0.00,0.00
45,4e_5e,PJ2,Exten,155,2.98,1.91,65.64,8.38,0.61,0.64,0.00,0.00,0.00,8.24,0.00,5.17,0.00,0.00,0.00,0.00
45,4e_5e,PJ2,Exten,165,2.91,1.92,59.85,8.10,0.59,0.61,0.00,0.00,0.00,7.67,0.00,5.00,0.00,0.00,0.00,0.00
45,4e_5e,PJ2,Exten,175,2.82,1.91,54.00,7.82,0.57,0.57,0.00,0.00,0.00,7.10,0.00,4.79,0.00,0.00,0.00,0.00
45,4e_5e,PJ2,Exten,185,2.72,1.88,48.28,7.52,0.55,0.54,0.00,0.00,0.00,6.56,0.00,4.57,0.00,0.00,0.00,0.00
45,4e_5e,PJ2,Exten,195,2.60,1.85,42.80,7.22,0.53,0.51,0.00,0.00,0.00,6.03,0.00,4.33,0.00,0.00,0.00,0.00
45,4e_5e,PJ2,Exten,205,2.46,1.80,37.65,6.92,0.50,0.48,0.00,0.00,0.00,5.53,0.00,4.08,0.00,0.00,0.00,0.00
45,4e_5e,PJ2,Exten,215,2.33,1.75,32.89,6.61,0.48,0.44,0.00,0.00,0.00,5.05,0.00,3.84,0.00,0.00,0.00,0.00
45,4e_5e,PJ2,Exten,225,2.19,1.70,28.55,6.30,0.46,0.41,0.00,0.00,0.00,4.61,0.00,3.59,0.00,0.00,0.00,0.00
45,4e_5e,PJ2,Exten,235,2.04,1.63,24.63,5.99,0.44,0.38,0.00,0.00,0.00,4.19,0.00,3.34,0.00,0.00,0.00,0.00
45,4e_5e,PJ2,Exten,245,1.90,1.56,21.14,5.69,0.41,0.36,0.00,0.00,0.00,3.80,0.00,3.11,0.00,0.00,0.00,0.00
45,4e_5e,PJ2,Exten,255,1.76,1.49,18.05,5.38,0.39,0.33,0.00,0.00,0.00,3.44,0.00,2.88,0.00,0.00,0.00,0.00
46,patnt,PJ2,Exten,5,0.00,0.00,0.00,0.00,0.00,0.00,0.00,0.00,0.00,0.00,0.00,0.00,0.00,0.00,0.00,0.00
46,patnt,PJ2,Exten,15,7.79492563995605e-03,4.21560685750589e-03,0.51,0.07,8.16234148548895e-03,7.59329658429145e-03,0.00,0.00,0.00,0.04,0.00,0.01,0.00,0.00,0.00,0.00
46,patnt,PJ2,Exten,25,0.05,0.02,2.85,0.53,0.04,0.05,0.00,0.00,0.00,0.28,0.00,0.10,0.00,0.00,0.00,0.00
46,patnt,PJ2,Exten,35,0.18,0.09,9.02,1.71,0.12,0.16,0.00,0.00,0.00,0.99,0.00,0.37,0.00,0.00,0.00,0.00
46,patnt,PJ2,Exten,45,0.46,0.24,20.92,3.62,0.25,0.34,0.00,0.00,0.00,2.45,0.00,0.94,0.00,0.00,0.00,0.00
46,patnt,PJ2,Exten,55,0.93,0.50,38.79,5.92,0.42,0.54,0.00,0.00,0.00,4.73,0.00,1.88,0.00,0.00,0.00,0.00
46,patnt,PJ2,Exten,65,1.54,0.84,59.76,8.17,0.58,0.74,0.00,0.00,0.00,7.42,0.00,3.07,0.00,0.00,0.00,0.00
46,patnt,PJ2,Exten,75,2.15,1.19,78.23,9.82,0.71,0.88,0.00,0.00,0.00,9.76,0.00,4.23,0.00,0.00,0.00,0.00
46,patnt,PJ2,Exten,85,2.58,1.44,88.20,10.44,0.76,0.92,0.00,0.00,0.00,10.98,0.00,5.00,0.00,0.00,0.00,0.00
46,patnt,PJ2,Exten,95,2.68,1.52,86.36,9.85,0.72,0.85,0.00,0.00,0.00,10.68,0.00,5.11,0.00,0.00,0.00,0.00
46,patnt,PJ2,Exten,105,2.43,1.40,73.83,8.28,0.60,0.70,0.00,0.00,0.00,9.06,0.00,4.56,0.00,0.00,0.00,0.00
46,patnt,PJ2,Exten,115,1.94,1.14,55.32,6.20,0.45,0.51,0.00,0.00,0.00,6.76,0.00,3.57,0.00,0.00,0.00,0.00
46,patnt,PJ2,Exten,125,1.35,0.81,36.42,4.14,0.30,0.33,0.00,0.00,0.00,4.44,0.00,2.46,0.00,0.00,0.00,0.00
46,patnt,PJ2,Exten,135,0.84,0.51,21.12,2.47,0.18,0.19,0.00,0.00,0.00,2.58,0.00,1.49,0.00,0.00,0.00,0.00
46,patnt,PJ2,Exten,145,0.45,0.28,10.80,1.31,0.09,0.10,0.00,0.00,0.00,1.33,0.00,0.80,0.00,0.00,0.00,0.00
46,patnt,PJ2,Exten,155,0.22,0.14,4.88,0.62,0.04,0.04,0.00,0.00,0.00,0.61,0.00,0.38,0.00,0.00,0.00,0.00
46,patnt,PJ2,Exten,165,0.09,0.06,1.95,0.26,0.01,0.02,0.00,0.00,0.00,0.25,0.00,0.16,0.00,0.00,0.00,0.00
46,patnt,PJ2,Exten,175,0.03,0.02,0.69,0.10,7.36223589653899e-03,7.43231293649402e-03,0.00,0.00,0.00,0.09,0.00,0.06,0.00,0.00,0.00,0.00
46,patnt,PJ2,Exten,185,0.01,8.50358850525452e-03,0.21,0.03,2.48960248656142e-03,2.45902171160531e-03,0.00,0.00,0.00,0.02,0.00,0.02,0.00,0.00,0.00,0.00
46,patnt,PJ2,Exten,195,3.68317865031553e-03,2.62524788534989e-03,0.06,0.01,7.51651391853069e-04,7.26136148506268e-04,0.00,0.00,0.00,8.54866256669418e-03,0.00,6.14141711606789e-03,0.00,0.00,0.00,0.00
46,patnt,PJ2,Exten,205,9.84233505143369e-04,7.21283445238948e-04,0.01,2.75825004410606e-03,2.02613685684707e-04,1.91381765361667e-04,0.00,0.00,0.00,2.20550833610727e-03,0.00,1.63019939125859e-03,0.00,0.00,0.00,0.00
46,patnt,PJ2,Exten,215,2.34032119868365e-04,1.76446415967245e-04,3.30120018107849e-03,6.63662655583584e-04,4.87624977244435e-05,4.50212732329495e-05,0.00,0.00,0.00,5.0771289131472e-04,0.00,3.85542162859656e-04,0.00,0.00,0.00,0.00
46,patnt,PJ2,Exten,225,4.95394211338696e-05,3.84473184763752e-05,6.45651696061444e-04,1.42568871063376e-04,1.0477721984147e-05,9.45315403653166e-06,0.00,0.00,0.00,1.04301380138641e-04,0.00,8.12708591229186e-05,0.00,0.00,0.00,0.00
46,patnt,PJ2,Exten,235,9.33885443038502e-06,7.46477239828342e-06,1.12337639804737e-04,2.73441678543774e-05,2.01006746482593e-06,1.77167452924512e-06,0.00,0.00,0.00,1.91234747752282e-05,0.00,1.52746004613893e-05,0.00,0.00,0.00,0.00
46,patnt,PJ2,Exten,245,1.56837273117892e-06,1.29179825783282e-06,1.73959036549135e-05,4.68238086041214e-06,3.44283789866423e-07,2.96377714843987e-07,0.00,0.00,0.00,3.12951605927503e-06,0.00,2.56029536486797e-06,0.00,0.00,0.00,0.00
46,patnt,PJ2,Exten,255,2.34716486495468e-07,1.99302572502237e-07,2.39846390302105e-06,7.15863828824907e-07,5.26482957722255e-08,4.42555183696806e-08,0.00,0.00,0.00,4.57131368216728e-07,0.00,3.82812667644453e-07,0.00,0.00,0.00,0.00
47,4e_5e,PJ2,Basc1,5,0.00,0.00,0.00,0.00,0.00,0.00,0.00,0.00,0.00,0.00,0.00,0.00,0.00,0.00,0.00,0.00
47,4e_5e,PJ2,Basc1,15,0.11,0.06,7.84,1.15,0.12,0.11,0.00,0.00,0.00,0.63,0.00,0.23,0.00,0.00,0.00,0.00
47,4e_5e,PJ2,Basc1,25,0.37,0.20,20.98,3.94,0.31,0.39,0.00,0.00,0.00,2.05,0.00,0.76,0.00,0.00,0.00,0.00
47,4e_5e,PJ2,Basc1,35,0.71,0.38,35.64,6.79,0.48,0.65,0.00,0.00,0.00,3.91,0.00,1.47,0.00,0.00,0.00,0.00
47,4e_5e,PJ2,Basc1,45,1.10,0.59,49.70,8.60,0.60,0.81,0.00,0.00,0.00,5.84,0.00,2.24,0.00,0.00,0.00,0.00
47,4e_5e,PJ2,Basc1,55,1.48,0.80,61.90,9.45,0.67,0.87,0.00,0.00,0.00,7.55,0.00,3.00,0.00,0.00,0.00,0.00
47,4e_5e,PJ2,Basc1,65,1.84,1.00,71.60,9.78,0.70,0.89,0.00,0.00,0.00,8.89,0.00,3.68,0.00,0.00,0.00,0.00
47,4e_5e,PJ2,Basc1,75,2.16,1.19,78.63,9.87,0.71,0.88,0.00,0.00,0.00,9.81,0.00,4.26,0.00,0.00,0.00,0.00
47,4e_5e,PJ2,Basc1,85,2.43,1.36,83.10,9.84,0.71,0.86,0.00,0.00,0.00,10.34,0.00,4.71,0.00,0.00,0.00,0.00
47,4e_5e,PJ2,Basc1,95,2.65,1.50,85.23,9.72,0.71,0.84,0.00,0.00,0.00,10.54,0.00,5.04,0.00,0.00,0.00,0.00
47,4e_5e,PJ2,Basc1,105,2.81,1.62,85.30,9.56,0.70,0.81,0.00,0.00,0.00,10.47,0.00,5.26,0.00,0.00,0.00,0.00
47,4e_5e,PJ2,Basc1,115,2.93,1.72,83.60,9.37,0.68,0.78,0.00,0.00,0.00,10.21,0.00,5.39,0.00,0.00,0.00,0.00
47,4e_5e,PJ2,Basc1,125,3.00,1.80,80.47,9.15,0.67,0.75,0.00,0.00,0.00,9.82,0.00,5.43,0.00,0.00,0.00,0.00
47,4e_5e,PJ2,Basc1,135,3.03,1.85,76.22,8.91,0.65,0.71,0.00,0.00,0.00,9.33,0.00,5.40,0.00,0.00,0.00,0.00
47,4e_5e,PJ2,Basc1,145,3.02,1.89,71.19,8.65,0.63,0.68,0.00,0.00,0.00,8.80,0.00,5.31,0.00,0.00,0.00,0.00
47,4e_5e,PJ2,Basc1,155,2.98,1.91,65.64,8.38,0.61,0.64,0.00,0.00,0.00,8.24,0.00,5.17,0.00,0.00,0.00,0.00
47,4e_5e,PJ2,Basc1,165,2.91,1.92,59.85,8.10,0.59,0.61,0.00,0.00,0.00,7.67,0.00,5.00,0.00,0.00,0.00,0.00
47,4e_5e,PJ2,Basc1,175,2.82,1.91,54.00,7.82,0.57,0.57,0.00,0.00,0.00,7.10,0.00,4.79,0.00,0.00,0.00,0.00
47,4e_5e,PJ2,Basc1,185,2.72,1.88,48.28,7.52,0.55,0.54,0.00,0.00,0.00,6.56,0.00,4.57,0.00,0.00,0.00,0.00
47,4e_5e,PJ2,Basc1,195,2.60,1.85,42.80,7.22,0.53,0.51,0.00,0.00,0.00,6.03,0.00,4.33,0.00,0.00,0.00,0.00
47,4e_5e,PJ2,Basc1,205,2.46,1.80,37.65,6.92,0.50,0.48,0.00,0.00,0.00,5.53,0.00,4.08,0.00,0.00,0.00,0.00
47,4e_5e,PJ2,Basc1,215,2.33,1.75,32.89,6.61,0.48,0.44,0.00,0.00,0.00,5.05,0.00,3.84,0.00,0.00,0.00,0.00
47,4e_5e,PJ2,Basc1,225,2.19,1.70,28.55,6.30,0.46,0.41,0.00,0.00,0.00,4.61,0.00,3.59,0.00,0.00,0.00,0.00
47,4e_5e,PJ2,Basc1,235,2.04,1.63,24.63,5.99,0.44,0.38,0.00,0.00,0.00,4.19,0.00,3.34,0.00,0.00,0.00,0.00
47,4e_5e,PJ2,Basc1,245,1.90,1.56,21.14,5.69,0.41,0.36,0.00,0.00,0.00,3.80,0.00,3.11,0.00,0.00,0.00,0.00
47,4e_5e,PJ2,Basc1,255,1.76,1.49,18.05,5.38,0.39,0.33,0.00,0.00,0.00,3.44,0.00,2.88,0.00,0.00,0.00,0.00
48,patnt,PJ2,Basc1,5,0.00,0.00,0.00,0.00,0.00,0.00,0.00,0.00,0.00,0.00,0.00,0.00,0.00,0.00,0.00,0.00
48,patnt,PJ2,Basc1,15,7.79492563995605e-03,4.21560685750589e-03,0.51,0.07,8.16234148548895e-03,7.59329658429145e-03,0.00,0.00,0.00,0.04,0.00,0.01,0.00,0.00,0.00,0.00
48,patnt,PJ2,Basc1,25,0.05,0.02,2.85,0.53,0.04,0.05,0.00,0.00,0.00,0.28,0.00,0.10,0.00,0.00,0.00,0.00
48,patnt,PJ2,Basc1,35,0.18,0.09,9.02,1.71,0.12,0.16,0.00,0.00,0.00,0.99,0.00,0.37,0.00,0.00,0.00,0.00
48,patnt,PJ2,Basc1,45,0.46,0.24,20.92,3.62,0.25,0.34,0.00,0.00,0.00,2.45,0.00,0.94,0.00,0.00,0.00,0.00
48,patnt,PJ2,Basc1,55,0.93,0.50,38.79,5.92,0.42,0.54,0.00,0.00,0.00,4.73,0.00,1.88,0.00,0.00,0.00,0.00
48,patnt,PJ2,Basc1,65,1.54,0.84,59.76,8.17,0.58,0.74,0.00,0.00,0.00,7.42,0.00,3.07,0.00,0.00,0.00,0.00
48,patnt,PJ2,Basc1,75,2.15,1.19,78.23,9.82,0.71,0.88,0.00,0.00,0.00,9.76,0.00,4.23,0.00,0.00,0.00,0.00
48,patnt,PJ2,Basc1,85,2.58,1.44,88.20,10.44,0.76,0.92,0.00,0.00,0.00,10.98,0.00,5.00,0.00,0.00,0.00,0.00
48,patnt,PJ2,Basc1,95,2.68,1.52,86.36,9.85,0.72,0.85,0.00,0.00,0.00,10.68,0.00,5.11,0.00,0.00,0.00,0.00
48,patnt,PJ2,Basc1,105,2.43,1.40,73.83,8.28,0.60,0.70,0.00,0.00,0.00,9.06,0.00,4.56,0.00,0.00,0.00,0.00
48,patnt,PJ2,Basc1,115,1.94,1.14,55.32,6.20,0.45,0.51,0.00,0.00,0.00,6.76,0.00,3.57,0.00,0.00,0.00,0.00
48,patnt,PJ2,Basc1,125,1.35,0.81,36.42,4.14,0.30,0.33,0.00,0.00,0.00,4.44,0.00,2.46,0.00,0.00,0.00,0.00
48,patnt,PJ2,Basc1,135,0.84,0.51,21.12,2.47,0.18,0.19,0.00,0.00,0.00,2.58,0.00,1.49,0.00,0.00,0.00,0.00
48,patnt,PJ2,Basc1,145,0.45,0.28,10.80,1.31,0.09,0.10,0.00,0.00,0.00,1.33,0.00,0.80,0.00,0.00,0.00,0.00
48,patnt,PJ2,Basc1,155,0.22,0.14,4.88,0.62,0.04,0.04,0.00,0.00,0.00,0.61,0.00,0.38,0.00,0.00,0.00,0.00
48,patnt,PJ2,Basc1,165,0.09,0.06,1.95,0.26,0.01,0.02,0.00,0.00,0.00,0.25,0.00,0.16,0.00,0.00,0.00,0.00
48,patnt,PJ2,Basc1,175,0.03,0.02,0.69,0.10,7.36223589653899e-03,7.43231293649402e-03,0.00,0.00,0.00,0.09,0.00,0.06,0.00,0.00,0.00,0.00
48,patnt,PJ2,Basc1,185,0.01,8.50358850525452e-03,0.21,0.03,2.48960248656142e-03,2.45902171160531e-03,0.00,0.00,0.00,0.02,0.00,0.02,0.00,0.00,0.00,0.00
48,patnt,PJ2,Basc1,195,3.68317865031553e-03,2.62524788534989e-03,0.06,0.01,7.51651391853069e-04,7.26136148506268e-04,0.00,0.00,0.00,8.54866256669418e-03,0.00,6.14141711606789e-03,0.00,0.00,0.00,0.00
48,patnt,PJ2,Basc1,205,9.84233505143369e-04,7.21283445238948e-04,0.01,2.75825004410606e-03,2.02613685684707e-04,1.91381765361667e-04,0.00,0.00,0.00,2.20550833610727e-03,0.00,1.63019939125859e-03,0.00,0.00,0.00,0.00
48,patnt,PJ2,Basc1,215,2.34032119868365e-04,1.76446415967245e-04,3.30120018107849e-03,6.63662655583584e-04,4.87624977244435e-05,4.50212732329495e-05,0.00,0.00,0.00,5.0771289131472e-04,0.00,3.85542162859656e-04,0.00,0.00,0.00,0.00
48,patnt,PJ2,Basc1,225,4.95394211338696e-05,3.84473184763752e-05,6.45651696061444e-04,1.42568871063376e-04,1.0477721984147e-05,9.45315403653166e-06,0.00,0.00,0.00,1.04301380138641e-04,0.00,8.12708591229186e-05,0.00,0.00,0.00,0.00
48,patnt,PJ2,Basc1,235,9.33885443038502e-06,7.46477239828342e-06,1.12337639804737e-04,2.73441678543774e-05,2.01006746482593e-06,1.77167452924512e-06,0.00,0.00,0.00,1.91234747752282e-05,0.00,1.52746004613893e-05,0.00,0.00,0.00,0.00
48,patnt,PJ2,Basc1,245,1.56837273117892e-06,1.29179825783282e-06,1.73959036549135e-05,4.68238086041214e-06,3.44283789866423e-07,2.96377714843987e-07,0.00,0.00,0.00,3.12951605927503e-06,0.00,2.56029536486797e-06,0.00,0.00,0.00,0.00
48,patnt,PJ2,Basc1,255,2.34716486495468e-07,1.99302572502237e-07,2.39846390302105e-06,7.15863828824907e-07,5.26482957722255e-08,4.42555183696806e-08,0.00,0.00,0.00,4.57131368216728e-07,0.00,3.82812667644453e-07,0.00,0.00,0.00,0.00
49,4e_5e,PJ2,Intn1,5,0.00,0.00,0.00,0.00,0.00,0.00,0.00,0.00,0.00,0.00,0.00,0.00,0.00,0.00,0.00,0.00
49,4e_5e,PJ2,Intn1,15,0.00,0.14,9.27,0.65,0.40,0.06,0.00,0.00,0.00,1.08,0.00,0.21,0.00,0.00,0.00,0.00
49,4e_5e,PJ2,Intn1,25,0.00,0.46,24.84,2.24,1.03,0.21,0.00,0.00,0.00,3.53,0.00,0.67,0.00,0.00,0.00,0.00
49,4e_5e,PJ2,Intn1,35,0.00,0.86,41.51,3.79,1.55,0.35,0.00,0.00,0.00,6.62,0.00,1.26,0.00,0.00,0.00,0.00
49,4e_5e,PJ2,Intn1,45,0.00,1.30,56.60,4.70,1.89,0.42,0.00,0.00,0.00,9.65,0.00,1.89,0.00,0.00,0.00,0.00
49,4e_5e,PJ2,Intn1,55,0.00,1.73,69.01,5.05,2.06,0.44,0.00,0.00,0.00,12.22,0.00,2.48,0.00,0.00,0.00,0.00
49,4e_5e,PJ2,Intn1,65,0.00,2.14,78.41,5.14,2.13,0.44,0.00,0.00,0.00,14.14,0.00,2.99,0.00,0.00,0.00,0.00
49,4e_5e,PJ2,Intn1,75,0.00,2.50,84.90,5.11,2.14,0.43,0.00,0.00,0.00,15.38,0.00,3.40,0.00,0.00,0.00,0.00
49,4e_5e,PJ2,Intn1,85,0.00,2.81,88.72,5.04,2.11,0.42,0.00,0.00,0.00,16.03,0.00,3.72,0.00,0.00,0.00,0.00
49,4e_5e,PJ2,Intn1,95,0.00,3.08,90.19,4.94,2.08,0.40,0.00,0.00,0.00,16.19,0.00,3.95,0.00,0.00,0.00,0.00
49,4e_5e,PJ2,Intn1,105,0.00,3.31,89.62,4.82,2.03,0.39,0.00,0.00,0.00,15.97,0.00,4.10,0.00,0.00,0.00,0.00
49,4e_5e,PJ2,Intn1,115,0.00,3.49,87.35,4.69,1.98,0.37,0.00,0.00,0.00,15.49,0.00,4.17,0.00,0.00,0.00,0.00
49,4e_5e,PJ2,Intn1,125,0.00,3.63,83.70,4.56,1.92,0.35,0.00,0.00,0.00,14.83,0.00,4.18,0.00,0.00,0.00,0.00
49,4e_5e,PJ2,Intn1,135,0.00,3.73,79.00,4.43,1.87,0.34,0.00,0.00,0.00,14.05,0.00,4.14,0.00,0.00,0.00,0.00
49,4e_5e,PJ2,Intn1,145,0.00,3.79,73.57,4.29,1.81,0.32,0.00,0.00,0.00,13.20,0.00,4.06,0.00,0.00,0.00,0.00
49,4e_5e,PJ2,Intn1,155,0.00,3.82,67.69,4.15,1.75,0.30,0.00,0.00,0.00,12.33,0.00,3.95,0.00,0.00,0.00,0.00
49,4e_5e,PJ2,Intn1,165,0.00,3.82,61.59,4.00,1.69,0.28,0.00,0.00,0.00,11.45,0.00,3.81,0.00,0.00,0.00,0.00
49,4e_5e,PJ2,Intn1,175,0.00,3.80,55.50,3.85,1.62,0.27,0.00,0.00,0.00,10.60,0.00,3.65,0.00,0.00,0.00,0.00
49,4e_5e,PJ2,Intn1,185,0.00,3.74,49.55,3.70,1.56,0.25,0.00,0.00,0.00,9.77,0.00,3.47,0.00,0.00,0.00,0.00
49,4e_5e,PJ2,Intn1,195,0.00,3.67,43.89,3.55,1.50,0.24,0.00,0.00,0.00,8.98,0.00,3.29,0.00,0.00,0.00,0.00
49,4e_5e,PJ2,Intn1,205,0.00,3.58,38.58,3.40,1.43,0.22,0.00,0.00,0.00,8.22,0.00,3.10,0.00,0.00,0.00,0.00
49,4e_5e,PJ2,Intn1,215,0.00,3.48,33.68,3.24,1.37,0.21,0.00,0.00,0.00,7.51,0.00,2.91,0.00,0.00,0.00,0.00
49,4e_5e,PJ2,Intn1,225,0.00,3.36,29.21,3.09,1.30,0.19,0.00,0.00,0.00,6.85,0.00,2.72,0.00,0.00,0.00,0.00
49,4e_5e,PJ2,Intn1,235,0.00,3.24,25.20,2.94,1.24,0.18,0.00,0.00,0.00,6.22,0.00,2.53,0.00,0.00,0.00,0.00
49,4e_5e,PJ2,Intn1,245,0.00,3.10,21.61,2.79,1.18,0.16,0.00,0.00,0.00,5.64,0.00,2.35,0.00,0.00,0.00,0.00
49,4e_5e,PJ2,Intn1,255,0.00,2.96,18.45,2.64,1.11,0.15,0.00,0.00,0.00,5.10,0.00,2.18,0.00,0.00,0.00,0.00
50,patnt,PJ2,Intn1,5,0.00,0.00,0.00,0.00,0.00,0.00,0.00,0.00,0.00,0.00,0.00,0.00,0.00,0.00,0.00,0.00
50,patnt,PJ2,Intn1,15,7.79492563995605e-03,4.21560685750589e-03,0.51,0.07,8.16234148548895e-03,7.59329658429145e-03,0.00,0.00,0.00,0.04,0.00,0.01,0.00,0.00,0.00,0.00
50,patnt,PJ2,Intn1,25,0.05,0.02,2.85,0.53,0.04,0.05,0.00,0.00,0.00,0.28,0.00,0.10,0.00,0.00,0.00,0.00
50,patnt,PJ2,Intn1,35,0.18,0.09,9.02,1.71,0.12,0.16,0.00,0.00,0.00,0.99,0.00,0.37,0.00,0.00,0.00,0.00
50,patnt,PJ2,Intn1,45,0.46,0.24,20.92,3.62,0.25,0.34,0.00,0.00,0.00,2.45,0.00,0.94,0.00,0.00,0.00,0.00
50,patnt,PJ2,Intn1,55,0.93,0.50,38.79,5.92,0.42,0.54,0.00,0.00,0.00,4.73,0.00,1.88,0.00,0.00,0.00,0.00
50,patnt,PJ2,Intn1,65,1.54,0.84,59.76,8.17,0.58,0.74,0.00,0.00,0.00,7.42,0.00,3.07,0.00,0.00,0.00,0.00
50,patnt,PJ2,Intn1,75,2.15,1.19,78.23,9.82,0.71,0.88,0.00,0.00,0.00,9.76,0.00,4.23,0.00,0.00,0.00,0.00
50,patnt,PJ2,Intn1,85,2.58,1.44,88.20,10.44,0.76,0.92,0.00,0.00,0.00,10.98,0.00,5.00,0.00,0.00,0.00,0.00
50,patnt,PJ2,Intn1,95,2.68,1.52,86.36,9.85,0.72,0.85,0.00,0.00,0.00,10.68,0.00,5.11,0.00,0.00,0.00,0.00
50,patnt,PJ2,Intn1,105,2.43,1.40,73.83,8.28,0.60,0.70,0.00,0.00,0.00,9.06,0.00,4.56,0.00,0.00,0.00,0.00
50,patnt,PJ2,Intn1,115,1.94,1.14,55.32,6.20,0.45,0.51,0.00,0.00,0.00,6.76,0.00,3.57,0.00,0.00,0.00,0.00
50,patnt,PJ2,Intn1,125,1.35,0.81,36.42,4.14,0.30,0.33,0.00,0.00,0.00,4.44,0.00,2.46,0.00,0.00,0.00,0.00
50,patnt,PJ2,Intn1,135,0.84,0.51,21.12,2.47,0.18,0.19,0.00,0.00,0.00,2.58,0.00,1.49,0.00,0.00,0.00,0.00
50,patnt,PJ2,Intn1,145,0.45,0.28,10.80,1.31,0.09,0.10,0.00,0.00,0.00,1.33,0.00,0.80,0.00,0.00,0.00,0.00
50,patnt,PJ2,Intn1,155,0.22,0.14,4.88,0.62,0.04,0.04,0.00,0.00,0.00,0.61,0.00,0.38,0.00,0.00,0.00,0.00
50,patnt,PJ2,Intn1,165,0.09,0.06,1.95,0.26,0.01,0.02,0.00,0.00,0.00,0.25,0.00,0.16,0.00,0.00,0.00,0.00
50,patnt,PJ2,Intn1,175,0.03,0.02,0.69,0.10,7.36223589653899e-03,7.43231293649402e-03,0.00,0.00,0.00,0.09,0.00,0.06,0.00,0.00,0.00,0.00
50,patnt,PJ2,Intn1,185,0.01,8.50358850525452e-03,0.21,0.03,2.48960248656142e-03,2.45902171160531e-03,0.00,0.00,0.00,0.02,0.00,0.02,0.00,0.00,0.00,0.00
50,patnt,PJ2,Intn1,195,3.68317865031553e-03,2.62524788534989e-03,0.06,0.01,7.51651391853069e-04,7.26136148506268e-04,0.00,0.00,0.00,8.54866256669418e-03,0.00,6.14141711606789e-03,0.00,0.00,0.00,0.00
50,patnt,PJ2,Intn1,205,9.84233505143369e-04,7.21283445238948e-04,0.01,2.75825004410606e-03,2.02613685684707e-04,1.91381765361667e-04,0.00,0.00,0.00,2.20550833610727e-03,0.00,1.63019939125859e-03,0.00,0.00,0.00,0.00
50,patnt,PJ2,Intn1,215,2.34032119868365e-04,1.76446415967245e-04,3.30120018107849e-03,6.63662655583584e-04,4.87624977244435e-05,4.50212732329495e-05,0.00,0.00,0.00,5.0771289131472e-04,0.00,3.85542162859656e-04,0.00,0.00,0.00,0.00
50,patnt,PJ2,Intn1,225,4.95394211338696e-05,3.84473184763752e-05,6.45651696061444e-04,1.42568871063376e-04,1.0477721984147e-05,9.45315403653166e-06,0.00,0.00,0.00,1.04301380138641e-04,0.00,8.12708591229186e-05,0.00,0.00,0.00,0.00
50,patnt,PJ2,Intn1,235,9.33885443038502e-06,7.46477239828342e-06,1.12337639804737e-04,2.73441678543774e-05,2.01006746482593e-06,1.77167452924512e-06,0.00,0.00,0.00,1.91234747752282e-05,0.00,1.52746004613893e-05,0.00,0.00,0.00,0.00
50,patnt,PJ2,Intn1,245,1.56837273117892e-06,1.29179825783282e-06,1.73959036549135e-05,4.68238086041214e-06,3.44283789866423e-07,2.96377714843987e-07,0.00,0.00,0.00,3.12951605927503e-06,0.00,2.56029536486797e-06,0.00,0.00,0.00,0.00
50,patnt,PJ2,Intn1,255,2.34716486495468e-07,1.99302572502237e-07,2.39846390302105e-06,7.15863828824907e-07,5.26482957722255e-08,4.42555183696806e-08,0.00,0.00,0.00,4.57131368216728e-07,0.00,3.82812667644453e-07,0.00,0.00,0.00,0.00
51,4e_5e,PJ2,Intn2,5,0.00,0.00,0.00,0.00,0.00,0.00,0.00,0.00,0.00,0.00,0.00,0.00,0.00,0.00,0.00,0.00
51,4e_5e,PJ2,Intn2,15,0.11,0.06,7.84,1.15,0.12,0.11,0.00,0.00,0.00,0.63,0.00,0.23,0.00,0.00,0.00,0.00
51,4e_5e,PJ2,Intn2,25,0.37,0.20,20.98,3.94,0.31,0.39,0.00,0.00,0.00,2.05,0.00,0.76,0.00,0.00,0.00,0.00
51,4e_5e,PJ2,Intn2,35,0.71,0.38,35.64,6.79,0.48,0.65,0.00,0.00,0.00,3.91,0.00,1.47,0.00,0.00,0.00,0.00
51,4e_5e,PJ2,Intn2,45,1.10,0.59,49.70,8.60,0.60,0.81,0.00,0.00,0.00,5.84,0.00,2.24,0.00,0.00,0.00,0.00
51,4e_5e,PJ2,Intn2,55,1.48,0.80,61.90,9.45,0.67,0.87,0.00,0.00,0.00,7.55,0.00,3.00,0.00,0.00,0.00,0.00
51,4e_5e,PJ2,Intn2,65,1.84,1.00,71.60,9.78,0.70,0.89,0.00,0.00,0.00,8.89,0.00,3.68,0.00,0.00,0.00,0.00
51,4e_5e,PJ2,Intn2,75,2.16,1.19,78.63,9.87,0.71,0.88,0.00,0.00,0.00,9.81,0.00,4.26,0.00,0.00,0.00,0.00
51,4e_5e,PJ2,Intn2,85,2.43,1.36,83.10,9.84,0.71,0.86,0.00,0.00,0.00,10.34,0.00,4.71,0.00,0.00,0.00,0.00
51,4e_5e,PJ2,Intn2,95,2.65,1.50,85.23,9.72,0.71,0.84,0.00,0.00,0.00,10.54,0.00,5.04,0.00,0.00,0.00,0.00
51,4e_5e,PJ2,Intn2,105,2.81,1.62,85.30,9.56,0.70,0.81,0.00,0.00,0.00,10.47,0.00,5.26,0.00,0.00,0.00,0.00
51,4e_5e,PJ2,Intn2,115,2.93,1.72,83.60,9.37,0.68,0.78,0.00,0.00,0.00,10.21,0.00,5.39,0.00,0.00,0.00,0.00
51,4e_5e,PJ2,Intn2,125,3.00,1.80,80.47,9.15,0.67,0.75,0.00,0.00,0.00,9.82,0.00,5.43,0.00,0.00,0.00,0.00
51,4e_5e,PJ2,Intn2,135,3.03,1.85,76.22,8.91,0.65,0.71,0.00,0.00,0.00,9.33,0.00,5.40,0.00,0.00,0.00,0.00
51,4e_5e,PJ2,Intn2,145,3.02,1.89,71.19,8.65,0.63,0.68,0.00,0.00,0.00,8.80,0.00,5.31,0.00,0.00,0.00,0.00
51,4e_5e,PJ2,Intn2,155,2.98,1.91,65.64,8.38,0.61,0.64,0.00,0.00,0.00,8.24,0.00,5.17,0.00,0.00,0.00,0.00
51,4e_5e,PJ2,Intn2,165,2.91,1.92,59.85,8.10,0.59,0.61,0.00,0.00,0.00,7.67,0.00,5.00,0.00,0.00,0.00,0.00
51,4e_5e,PJ2,Intn2,175,2.82,1.91,54.00,7.82,0.57,0.57,0.00,0.00,0.00,7.10,0.00,4.79,0.00,0.00,0.00,0.00
51,4e_5e,PJ2,Intn2,185,2.72,1.88,48.28,7.52,0.55,0.54,0.00,0.00,0.00,6.56,0.00,4.57,0.00,0.00,0.00,0.00
51,4e_5e,PJ2,Intn2,195,2.60,1.85,42.80,7.22,0.53,0.51,0.00,0.00,0.00,6.03,0.00,4.33,0.00,0.00,0.00,0.00
51,4e_5e,PJ2,Intn2,205,2.46,1.80,37.65,6.92,0.50,0.48,0.00,0.00,0.00,5.53,0.00,4.08,0.00,0.00,0.00,0.00
51,4e_5e,PJ2,Intn2,215,2.33,1.75,32.89,6.61,0.48,0.44,0.00,0.00,0.00,5.05,0.00,3.84,0.00,0.00,0.00,0.00
51,4e_5e,PJ2,Intn2,225,2.19,1.70,28.55,6.30,0.46,0.41,0.00,0.00,0.00,4.61,0.00,3.59,0.00,0.00,0.00,0.00
51,4e_5e,PJ2,Intn2,235,2.04,1.63,24.63,5.99,0.44,0.38,0.00,0.00,0.00,4.19,0.00,3.34,0.00,0.00,0.00,0.00
51,4e_5e,PJ2,Intn2,245,1.90,1.56,21.14,5.69,0.41,0.36,0.00,0.00,0.00,3.80,0.00,3.11,0.00,0.00,0.00,0.00
51,4e_5e,PJ2,Intn2,255,1.76,1.49,18.05,5.38,0.39,0.33,0.00,0.00,0.00,3.44,0.00,2.88,0.00,0.00,0.00,0.00
52,patnt,PJ2,Intn2,5,0.00,0.00,0.00,0.00,0.00,0.00,0.00,0.00,0.00,0.00,0.00,0.00,0.00,0.00,0.00,0.00
52,patnt,PJ2,Intn2,15,7.79492563995605e-03,4.21560685750589e-03,0.51,0.07,8.16234148548895e-03,7.59329658429145e-03,0.00,0.00,0.00,0.04,0.00,0.01,0.00,0.00,0.00,0.00
52,patnt,PJ2,Intn2,25,0.05,0.02,2.85,0.53,0.04,0.05,0.00,0.00,0.00,0.28,0.00,0.10,0.00,0.00,0.00,0.00
52,patnt,PJ2,Intn2,35,0.18,0.09,9.02,1.71,0.12,0.16,0.00,0.00,0.00,0.99,0.00,0.37,0.00,0.00,0.00,0.00
52,patnt,PJ2,Intn2,45,0.46,0.24,20.92,3.62,0.25,0.34,0.00,0.00,0.00,2.45,0.00,0.94,0.00,0.00,0.00,0.00
52,patnt,PJ2,Intn2,55,0.93,0.50,38.79,5.92,0.42,0.54,0.00,0.00,0.00,4.73,0.00,1.88,0.00,0.00,0.00,0.00
52,patnt,PJ2,Intn2,65,1.54,0.84,59.76,8.17,0.58,0.74,0.00,0.00,0.00,7.42,0.00,3.07,0.00,0.00,0.00,0.00
52,patnt,PJ2,Intn2,75,2.15,1.19,78.23,9.82,0.71,0.88,0.00,0.00,0.00,9.76,0.00,4.23,0.00,0.00,0.00,0.00
52,patnt,PJ2,Intn2,85,2.58,1.44,88.20,10.44,0.76,0.92,0.00,0.00,0.00,10.98,0.00,5.00,0.00,0.00,0.00,0.00
52,patnt,PJ2,Intn2,95,2.68,1.52,86.36,9.85,0.72,0.85,0.00,0.00,0.00,10.68,0.00,5.11,0.00,0.00,0.00,0.00
52,patnt,PJ2,Intn2,105,2.43,1.40,73.83,8.28,0.60,0.70,0.00,0.00,0.00,9.06,0.00,4.56,0.00,0.00,0.00,0.00
52,patnt,PJ2,Intn2,115,1.94,1.14,55.32,6.20,0.45,0.51,0.00,0.00,0.00,6.76,0.00,3.57,0.00,0.00,0.00,0.00
52,patnt,PJ2,Intn2,125,1.35,0.81,36.42,4.14,0.30,0.33,0.00,0.00,0.00,4.44,0.00,2.46,0.00,0.00,0.00,0.00
52,patnt,PJ2,Intn2,135,0.84,0.51,21.12,2.47,0.18,0.19,0.00,0.00,0.00,2.58,0.00,1.49,0.00,0.00,0.00,0.00
52,patnt,PJ2,Intn2,145,0.45,0.28,10.80,1.31,0.09,0.10,0.00,0.00,0.00,1.33,0.00,0.80,0.00,0.00,0.00,0.00
52,patnt,PJ2,Intn2,155,0.22,0.14,4.88,0.62,0.04,0.04,0.00,0.00,0.00,0.61,0.00,0.38,0.00,0.00,0.00,0.00
52,patnt,PJ2,Intn2,165,0.09,0.06,1.95,0.26,0.01,0.02,0.00,0.00,0.00,0.25,0.00,0.16,0.00,0.00,0.00,0.00
52,patnt,PJ2,Intn2,175,0.03,0.02,0.69,0.10,7.36223589653899e-03,7.43231293649402e-03,0.00,0.00,0.00,0.09,0.00,0.06,0.00,0.00,0.00,0.00
52,patnt,PJ2,Intn2,185,0.01,8.50358850525452e-03,0.21,0.03,2.48960248656142e-03,2.45902171160531e-03,0.00,0.00,0.00,0.02,0.00,0.02,0.00,0.00,0.00,0.00
52,patnt,PJ2,Intn2,195,3.68317865031553e-03,2.62524788534989e-03,0.06,0.01,7.51651391853069e-04,7.26136148506268e-04,0.00,0.00,0.00,8.54866256669418e-03,0.00,6.14141711606789e-03,0.00,0.00,0.00,0.00
52,patnt,PJ2,Intn2,205,9.84233505143369e-04,7.21283445238948e-04,0.01,2.75825004410606e-03,2.02613685684707e-04,1.91381765361667e-04,0.00,0.00,0.00,2.20550833610727e-03,0.00,1.63019939125859e-03,0.00,0.00,0.00,0.00
52,patnt,PJ2,Intn2,215,2.34032119868365e-04,1.76446415967245e-04,3.30120018107849e-03,6.63662655583584e-04,4.87624977244435e-05,4.50212732329495e-05,0.00,0.00,0.00,5.0771289131472e-04,0.00,3.85542162859656e-04,0.00,0.00,0.00,0.00
52,patnt,PJ2,Intn2,225,4.95394211338696e-05,3.84473184763752e-05,6.45651696061444e-04,1.42568871063376e-04,1.0477721984147e-05,9.45315403653166e-06,0.00,0.00,0.00,1.04301380138641e-04,0.00,8.12708591229186e-05,0.00,0.00,0.00,0.00
52,patnt,PJ2,Intn2,235,9.33885443038502e-06,7.46477239828342e-06,1.12337639804737e-04,2.73441678543774e-05,2.01006746482593e-06,1.77167452924512e-06,0.00,0.00,0.00,1.91234747752282e-05,0.00,1.52746004613893e-05,0.00,0.00,0.00,0.00
52,patnt,PJ2,Intn2,245,1.56837273117892e-06,1.29179825783282e-06,1.73959036549135e-05,4.68238086041214e-06,3.44283789866423e-07,2.96377714843987e-07,0.00,0.00,0.00,3.12951605927503e-06,0.00,2.56029536486797e-06,0.00,0.00,0.00,0.00
52,patnt,PJ2,Intn2,255,2.34716486495468e-07,1.99302572502237e-07,2.39846390302105e-06,7.15863828824907e-07,5.26482957722255e-08,4.42555183696806e-08,0.00,0.00,0.00,4.57131368216728e-07,0.00,3.82812667644453e-07,0.00,0.00,0.00,0.00
55,4e_5e,SP1,Prsnt,5,0.00,0.00,0.00,0.00,0.00,0.00,0.00,0.00,0.00,0.00,0.00,0.00,0.00,0.00,0.00,0.00
55,4e_5e,SP1,Prsnt,15,0.03,8.89032277034863e-03,0.44,0.60,0.06,0.05,0.06,0.00,0.00,0.06,0.00,0.04,0.00,0.00,0.00,1.29605521550804e-03
55,4e_5e,SP1,Prsnt,25,0.20,0.04,2.12,3.70,0.30,0.31,0.16,0.00,0.00,0.37,0.00,0.28,0.00,0.00,0.00,6.93116431842978e-03
55,4e_5e,SP1,Prsnt,35,0.60,0.14,5.62,9.91,0.72,0.82,0.31,0.00,0.00,1.12,0.00,0.85,0.00,0.00,0.00,0.01
55,4e_5e,SP1,Prsnt,45,1.28,0.31,10.95,17.52,1.25,1.42,0.48,0.00,0.00,2.34,0.00,1.81,0.00,0.00,0.00,0.04
55,4e_5e,SP1,Prsnt,55,2.21,0.55,17.35,24.52,1.77,1.95,0.64,0.00,0.00,3.85,0.00,3.09,0.00,0.00,0.00,0.07
55,4e_5e,SP1,Prsnt,65,3.25,0.81,23.73,30.01,2.20,2.35,0.77,0.00,0.00,5.36,0.00,4.49,0.00,0.00,0.00,0.10
55,4e_5e,SP1,Prsnt,75,4.28,1.08,29.25,33.98,2.52,2.62,0.86,0.00,0.00,6.64,0.00,5.82,0.00,0.00,0.00,0.13
55,4e_5e,SP1,Prsnt,85,5.22,1.34,33.57,36.76,2.73,2.79,0.92,0.00,0.00,7.60,0.00,6.99,0.00,0.00,0.00,0.15
55,4e_5e,SP1,Prsnt,95,6.05,1.58,36.64,38.68,2.88,2.88,0.94,0.00,0.00,8.25,0.00,7.96,0.00,0.00,0.00,0.18
55,4e_5e,SP1,Prsnt,105,6.76,1.79,38.53,39.98,2.98,2.93,0.95,0.00,0.00,8.61,0.00,8.74,0.00,0.00,0.00,0.20
55,4e_5e,SP1,Prsnt,115,7.33,1.98,39.36,40.81,3.04,2.93,0.94,0.00,0.00,8.75,0.00,9.33,0.00,0.00,0.00,0.22
55,4e_5e,SP1,Prsnt,125,7.77,2.14,39.23,41.27,3.08,2.91,0.92,0.00,0.00,8.71,0.00,9.74,0.00,0.00,0.00,0.23
55,4e_5e,SP1,Prsnt,135,8.09,2.28,38.31,41.43,3.09,2.87,0.89,0.00,0.00,8.54,0.00,9.98,0.00,0.00,0.00,0.24
55,4e_5e,SP1,Prsnt,145,8.28,2.38,36.73,41.31,3.08,2.80,0.85,0.00,0.00,8.26,0.00,10.07,0.00,0.00,0.00,0.25
55,4e_5e,SP1,Prsnt,155,8.37,2.46,34.66,40.96,3.06,2.72,0.81,0.00,0.00,7.92,0.00,10.04,0.00,0.00,0.00,0.25
55,4e_5e,SP1,Prsnt,165,8.35,2.52,32.24,40.41,3.02,2.63,0.76,0.00,0.00,7.52,0.00,9.90,0.00,0.00,0.00,0.25
55,4e_5e,SP1,Prsnt,175,8.24,2.55,29.62,39.68,2.96,2.53,0.71,0.00,0.00,7.09,0.00,9.66,0.00,0.00,0.00,0.25
55,4e_5e,SP1,Prsnt,185,8.05,2.56,26.91,38.80,2.90,2.42,0.65,0.00,0.00,6.65,0.00,9.36,0.00,0.00,0.00,0.24
55,4e_5e,SP1,Prsnt,195,7.81,2.55,24.20,37.79,2.82,2.30,0.60,0.00,0.00,6.21,0.00,9.00,0.00,0.00,0.00,0.24
55,4e_5e,SP1,Prsnt,205,7.51,2.52,21.57,36.67,2.74,2.19,0.55,0.00,0.00,5.77,0.00,8.60,0.00,0.00,0.00,0.23
55,4e_5e,SP1,Prsnt,215,7.18,2.48,19.07,35.46,2.65,2.07,0.50,0.00,0.00,5.34,0.00,8.18,0.00,0.00,0.00,0.22
55,4e_5e,SP1,Prsnt,225,6.82,2.43,16.74,34.18,2.56,1.95,0.45,0.00,0.00,4.92,0.00,7.74,0.00,0.00,0.00,0.21
55,4e_5e,SP1,Prsnt,235,6.44,2.36,14.59,32.85,2.46,1.83,0.41,0.00,0.00,4.52,0.00,7.28,0.00,0.00,0.00,0.20
55,4e_5e,SP1,Prsnt,245,6.05,2.29,12.64,31.48,2.35,1.71,0.36,0.00,0.00,4.14,0.00,6.83,0.00,0.00,0.00,0.19
55,4e_5e,SP1,Prsnt,255,5.66,2.20,10.89,30.08,2.25,1.60,0.32,0.00,0.00,3.78,0.00,6.38,0.00,0.00,0.00,0.17
56,patnt,SP1,Prsnt,5,0.00,0.00,0.00,0.00,0.00,0.00,0.00,0.00,0.00,0.00,0.00,0.00,0.00,0.00,0.00,0.00
56,patnt,SP1,Prsnt,15,0.01,3.56912846156834e-03,0.17,0.24,0.02,0.02,0.02,0.00,0.00,0.02,0.00,0.02,0.00,0.00,0.00,5.20317166983179e-04
56,patnt,SP1,Prsnt,25,0.10,0.02,1.14,1.99,0.16,0.17,0.08,0.00,0.00,0.20,0.00,0.15,0.00,0.00,0.00,3.73735971322486e-03
56,patnt,SP1,Prsnt,35,0.41,0.10,3.85,6.79,0.49,0.56,0.21,0.00,0.00,0.77,0.00,0.58,0.00,0.00,0.00,0.01
56,patnt,SP1,Prsnt,45,1.06,0.26,9.05,14.48,1.03,1.17,0.39,0.00,0.00,1.93,0.00,1.50,0.00,0.00,0.00,0.03
56,patnt,SP1,Prsnt,55,2.09,0.51,16.37,23.13,1.67,1.84,0.60,0.00,0.00,3.63,0.00,2.92,0.00,0.00,0.00,0.06
56,patnt,SP1,Prsnt,65,3.32,0.83,24.20,30.60,2.25,2.39,0.78,0.00,0.00,5.47,0.00,4.58,0.00,0.00,0.00,0.10
56,patnt,SP1,Prsnt,75,4.47,1.13,30.54,35.48,2.63,2.73,0.90,0.00,0.00,6.94,0.00,6.07,0.00,0.00,0.00,0.13
56,patnt,SP1,Prsnt,85,5.29,1.36,33.99,37.22,2.77,2.82,0.93,0.00,0.00,7.70,0.00,7.07,0.00,0.00,0.00,0.16
56,patnt,SP1,Prsnt,95,5.63,1.46,34.08,35.98,2.68,2.68,0.88,0.00,0.00,7.67,0.00,7.41,0.00,0.00,0.00,0.17
56,patnt,SP1,Prsnt,105,5.47,1.45,31.18,32.35,2.41,2.37,0.77,0.00,0.00,6.97,0.00,7.07,0.00,0.00,0.00,0.16
56,patnt,SP1,Prsnt,115,4.89,1.32,26.24,27.21,2.03,1.95,0.63,0.00,0.00,5.84,0.00,6.22,0.00,0.00,0.00,0.14
56,patnt,SP1,Prsnt,125,4.04,1.11,20.42,21.48,1.60,1.51,0.48,0.00,0.00,4.53,0.00,5.06,0.00,0.00,0.00,0.12
56,patnt,SP1,Prsnt,135,3.11,0.87,14.74,15.94,1.19,1.10,0.34,0.00,0.00,3.28,0.00,3.84,0.00,0.00,0.00,0.09
56,patnt,SP1,Prsnt,145,2.23,0.64,9.89,11.13,0.83,0.75,0.23,0.00,0.00,2.22,0.00,2.71,0.00,0.00,0.00,0.06
56,patnt,SP1,Prsnt,155,1.49,0.44,6.19,7.32,0.54,0.48,0.14,0.00,0.00,1.41,0.00,1.79,0.00,0.00,0.00,0.04
56,patnt,SP1,Prsnt,165,0.93,0.28,3.62,4.53,0.33,0.29,0.08,0.00,0.00,0.84,0.00,1.11,0.00,0.00,0.00,0.02
56,patnt,SP1,Prsnt,175,0.55,0.17,1.97,2.65,0.19,0.16,0.04,0.00,0.00,0.47,0.00,0.64,0.00,0.00,0.00,0.01
56,patnt,SP1,Prsnt,185,0.30,0.09,1.01,1.46,0.10,0.09,0.02,0.00,0.00,0.25,0.00,0.35,0.00,0.00,0.00,9.32751278190063e-03
56,patnt,SP1,Prsnt,195,0.15,0.05,0.48,0.75,0.05,0.04,0.01,0.00,0.00,0.12,0.00,0.18,0.00,0.00,0.00,4.84939662368537e-03
56,patnt,SP1,Prsnt,205,0.07,0.02,0.21,0.37,0.02,0.02,5.63352809116434e-03,0.00,0.00,0.05,0.00,0.08,0.00,0.00,0.00,2.37025597021441e-03
56,patnt,SP1,Prsnt,215,0.03,0.01,0.09,0.17,0.01,0.01,2.45249157161027e-03,0.00,0.00,0.02,0.00,0.03,0.00,0.00,0.00,1.0898822686813e-03
56,patnt,SP1,Prsnt,225,0.01,5.36797565787906e-03,0.03,0.07,5.65243332766448e-03,4.30851672044447e-03,1.00591718426983e-03,0.00,0.00,0.01,0.00,0.01,0.00,0.00,0.00,4.71730039463206e-04
56,patnt,SP1,Prsnt,235,6.11297060255641e-03,2.24357991519922e-03,0.01,0.03,2.33431629714422e-03,1.73826297519517e-03,3.88860059632962e-04,0.00,0.00,4.2886778041469e-03,0.00,6.91256581625716e-03,0.00,0.00,0.00,1.92290507022381e-04
56,patnt,SP1,Prsnt,245,2.33771113773452e-03,8.84102318097249e-04,4.8802009010285e-03,0.01,9.10434077306848e-04,6.62155430816789e-04,1.41721086574352e-04,0.00,0.00,1.59814676205629e-03,0.00,2.63841041094728e-03,0.00,0.00,0.00,7.38526592115261e-05
56,patnt,SP1,Prsnt,255,8.42806014782492e-04,3.28596706900387e-04,1.62093784209819e-03,4.47450923230973e-03,3.35396645800331e-04,2.38190425265016e-04,4.87086145490656e-05,0.00,0.00,5.62371062931635e-04,0.00,9.50344466134389e-04,0.00,0.00,0.00,2.67355311938149e-05
57,4e_5e,SP1,Exten,5,0.00,0.00,0.00,0.00,0.00,0.00,0.00,0.00,0.00,0.00,0.00,0.00,0.00,0.00,0.00,0.00
57,4e_5e,SP1,Exten,15,0.03,8.89032277034863e-03,0.44,0.60,0.06,0.05,0.06,0.00,0.00,0.06,0.00,0.04,0.00,0.00,0.00,1.29605521550804e-03
57,4e_5e,SP1,Exten,25,0.20,0.04,2.12,3.70,0.30,0.31,0.16,0.00,0.00,0.37,0.00,0.28,0.00,0.00,0.00,6.93116431842978e-03
57,4e_5e,SP1,Exten,35,0.60,0.14,5.62,9.91,0.72,0.82,0.31,0.00,0.00,1.12,0.00,0.85,0.00,0.00,0.00,0.01
57,4e_5e,SP1,Exten,45,1.28,0.31,10.95,17.52,1.25,1.42,0.48,0.00,0.00,2.34,0.00,1.81,0.00,0.00,0.00,0.04
57,4e_5e,SP1,Exten,55,2.21,0.55,17.35,24.52,1.77,1.95,0.64,0.00,0.00,3.85,0.00,3.09,0.00,0.00,0.00,0.07
57,4e_5e,SP1,Exten,65,3.25,0.81,23.73,30.01,2.20,2.35,0.77,0.00,0.00,5.36,0.00,4.49,0.00,0.00,0.00,0.10
57,4e_5e,SP1,Exten,75,4.28,1.08,29.25,33.98,2.52,2.62,0.86,0.00,0.00,6.64,0.00,5.82,0.00,0.00,0.00,0.13
57,4e_5e,SP1,Exten,85,5.22,1.34,33.57,36.76,2.73,2.79,0.92,0.00,0.00,7.60,0.00,6.99,0.00,0.00,0.00,0.15
57,4e_5e,SP1,Exten,95,6.05,1.58,36.64,38.68,2.88,2.88,0.94,0.00,0.00,8.25,0.00,7.96,0.00,0.00,0.00,0.18
57,4e_5e,SP1,Exten,105,6.76,1.79,38.53,39.98,2.98,2.93,0.95,0.00,0.00,8.61,0.00,8.74,0.00,0.00,0.00,0.20
57,4e_5e,SP1,Exten,115,7.33,1.98,39.36,40.81,3.04,2.93,0.94,0.00,0.00,8.75,0.00,9.33,0.00,0.00,0.00,0.22
57,4e_5e,SP1,Exten,125,7.77,2.14,39.23,41.27,3.08,2.91,0.92,0.00,0.00,8.71,0.00,9.74,0.00,0.00,0.00,0.23
57,4e_5e,SP1,Exten,135,8.09,2.28,38.31,41.43,3.09,2.87,0.89,0.00,0.00,8.54,0.00,9.98,0.00,0.00,0.00,0.24
57,4e_5e,SP1,Exten,145,8.28,2.38,36.73,41.31,3.08,2.80,0.85,0.00,0.00,8.26,0.00,10.07,0.00,0.00,0.00,0.25
57,4e_5e,SP1,Exten,155,8.37,2.46,34.66,40.96,3.06,2.72,0.81,0.00,0.00,7.92,0.00,10.04,0.00,0.00,0.00,0.25
57,4e_5e,SP1,Exten,165,8.35,2.52,32.24,40.41,3.02,2.63,0.76,0.00,0.00,7.52,0.00,9.90,0.00,0.00,0.00,0.25
57,4e_5e,SP1,Exten,175,8.24,2.55,29.62,39.68,2.96,2.53,0.71,0.00,0.00,7.09,0.00,9.66,0.00,0.00,0.00,0.25
57,4e_5e,SP1,Exten,185,8.05,2.56,26.91,38.80,2.90,2.42,0.65,0.00,0.00,6.65,0.00,9.36,0.00,0.00,0.00,0.24
57,4e_5e,SP1,Exten,195,7.81,2.55,24.20,37.79,2.82,2.30,0.60,0.00,0.00,6.21,0.00,9.00,0.00,0.00,0.00,0.24
57,4e_5e,SP1,Exten,205,7.51,2.52,21.57,36.67,2.74,2.19,0.55,0.00,0.00,5.77,0.00,8.60,0.00,0.00,0.00,0.23
57,4e_5e,SP1,Exten,215,7.18,2.48,19.07,35.46,2.65,2.07,0.50,0.00,0.00,5.34,0.00,8.18,0.00,0.00,0.00,0.22
57,4e_5e,SP1,Exten,225,6.82,2.43,16.74,34.18,2.56,1.95,0.45,0.00,0.00,4.92,0.00,7.74,0.00,0.00,0.00,0.21
57,4e_5e,SP1,Exten,235,6.44,2.36,14.59,32.85,2.46,1.83,0.41,0.00,0.00,4.52,0.00,7.28,0.00,0.00,0.00,0.20
57,4e_5e,SP1,Exten,245,6.05,2.29,12.64,31.48,2.35,1.71,0.36,0.00,0.00,4.14,0.00,6.83,0.00,0.00,0.00,0.19
57,4e_5e,SP1,Exten,255,5.66,2.20,10.89,30.08,2.25,1.60,0.32,0.00,0.00,3.78,0.00,6.38,0.00,0.00,0.00,0.17
58,patnt,SP1,Exten,5,0.00,0.00,0.00,0.00,0.00,0.00,0.00,0.00,0.00,0.00,0.00,0.00,0.00,0.00,0.00,0.00
58,patnt,SP1,Exten,15,0.01,3.56912846156834e-03,0.17,0.24,0.02,0.02,0.02,0.00,0.00,0.02,0.00,0.02,0.00,0.00,0.00,5.20317166983179e-04
58,patnt,SP1,Exten,25,0.10,0.02,1.14,1.99,0.16,0.17,0.08,0.00,0.00,0.20,0.00,0.15,0.00,0.00,0.00,3.73735971322486e-03
58,patnt,SP1,Exten,35,0.41,0.10,3.85,6.79,0.49,0.56,0.21,0.00,0.00,0.77,0.00,0.58,0.00,0.00,0.00,0.01
58,patnt,SP1,Exten,45,1.06,0.26,9.05,14.48,1.03,1.17,0.39,0.00,0.00,1.93,0.00,1.50,0.00,0.00,0.00,0.03
58,patnt,SP1,Exten,55,2.09,0.51,16.37,23.13,1.67,1.84,0.60,0.00,0.00,3.63,0.00,2.92,0.00,0.00,0.00,0.06
58,patnt,SP1,Exten,65,3.32,0.83,24.20,30.60,2.25,2.39,0.78,0.00,0.00,5.47,0.00,4.58,0.00,0.00,0.00,0.10
58,patnt,SP1,Exten,75,4.47,1.13,30.54,35.48,2.63,2.73,0.90,0.00,0.00,6.94,0.00,6.07,0.00,0.00,0.00,0.13
58,patnt,SP1,Exten,85,5.29,1.36,33.99,37.22,2.77,2.82,0.93,0.00,0.00,7.70,0.00,7.07,0.00,0.00,0.00,0.16
58,patnt,SP1,Exten,95,5.63,1.46,34.08,35.98,2.68,2.68,0.88,0.00,0.00,7.67,0.00,7.41,0.00,0.00,0.00,0.17
58,patnt,SP1,Exten,105,5.47,1.45,31.18,32.35,2.41,2.37,0.77,0.00,0.00,6.97,0.00,7.07,0.00,0.00,0.00,0.16
58,patnt,SP1,Exten,115,4.89,1.32,26.24,27.21,2.03,1.95,0.63,0.00,0.00,5.84,0.00,6.22,0.00,0.00,0.00,0.14
58,patnt,SP1,Exten,125,4.04,1.11,20.42,21.48,1.60,1.51,0.48,0.00,0.00,4.53,0.00,5.06,0.00,0.00,0.00,0.12
58,patnt,SP1,Exten,135,3.11,0.87,14.74,15.94,1.19,1.10,0.34,0.00,0.00,3.28,0.00,3.84,0.00,0.00,0.00,0.09
58,patnt,SP1,Exten,145,2.23,0.64,9.89,11.13,0.83,0.75,0.23,0.00,0.00,2.22,0.00,2.71,0.00,0.00,0.00,0.06
58,patnt,SP1,Exten,155,1.49,0.44,6.19,7.32,0.54,0.48,0.14,0.00,0.00,1.41,0.00,1.79,0.00,0.00,0.00,0.04
58,patnt,SP1,Exten,165,0.93,0.28,3.62,4.53,0.33,0.29,0.08,0.00,0.00,0.84,0.00,1.11,0.00,0.00,0.00,0.02
58,patnt,SP1,Exten,175,0.55,0.17,1.97,2.65,0.19,0.16,0.04,0.00,0.00,0.47,0.00,0.64,0.00,0.00,0.00,0.01
58,patnt,SP1,Exten,185,0.30,0.09,1.01,1.46,0.10,0.09,0.02,0.00,0.00,0.25,0.00,0.35,0.00,0.00,0.00,9.32751278190063e-03
58,patnt,SP1,Exten,195,0.15,0.05,0.48,0.75,0.05,0.04,0.01,0.00,0.00,0.12,0.00,0.18,0.00,0.00,0.00,4.84939662368537e-03
58,patnt,SP1,Exten,205,0.07,0.02,0.21,0.37,0.02,0.02,5.63352809116434e-03,0.00,0.00,0.05,0.00,0.08,0.00,0.00,0.00,2.37025597021441e-03
58,patnt,SP1,Exten,215,0.03,0.01,0.09,0.17,0.01,0.01,2.45249157161027e-03,0.00,0.00,0.02,0.00,0.03,0.00,0.00,0.00,1.0898822686813e-03
58,patnt,SP1,Exten,225,0.01,5.36797565787906e-03,0.03,0.07,5.65243332766448e-03,4.30851672044447e-03,1.00591718426983e-03,0.00,0.00,0.01,0.00,0.01,0.00,0.00,0.00,4.71730039463206e-04
58,patnt,SP1,Exten,235,6.11297060255641e-03,2.24357991519922e-03,0.01,0.03,2.33431629714422e-03,1.73826297519517e-03,3.88860059632962e-04,0.00,0.00,4.2886778041469e-03,0.00,6.91256581625716e-03,0.00,0.00,0.00,1.92290507022381e-04
58,patnt,SP1,Exten,245,2.33771113773452e-03,8.84102318097249e-04,4.8802009010285e-03,0.01,9.10434077306848e-04,6.62155430816789e-04,1.41721086574352e-04,0.00,0.00,1.59814676205629e-03,0.00,2.63841041094728e-03,0.00,0.00,0.00,7.38526592115261e-05
58,patnt,SP1,Exten,255,8.42806014782492e-04,3.28596706900387e-04,1.62093784209819e-03,4.47450923230973e-03,3.35396645800331e-04,2.38190425265016e-04,4.87086145490656e-05,0.00,0.00,5.62371062931635e-04,0.00,9.50344466134389e-04,0.00,0.00,0.00,2.67355311938149e-05
59,4e_5e,SP1,Basc1,5,0.00,0.00,0.00,0.00,0.00,0.00,0.00,0.00,0.00,0.00,0.00,0.00,0.00,0.00,0.00,0.00
59,4e_5e,SP1,Basc1,15,0.03,8.89032277034863e-03,0.44,0.60,0.06,0.05,0.06,0.00,0.00,0.06,0.00,0.04,0.00,0.00,0.00,1.29605521550804e-03
59,4e_5e,SP1,Basc1,25,0.20,0.04,2.12,3.70,0.30,0.31,0.16,0.00,0.00,0.37,0.00,0.28,0.00,0.00,0.00,6.93116431842978e-03
59,4e_5e,SP1,Basc1,35,0.60,0.14,5.62,9.91,0.72,0.82,0.31,0.00,0.00,1.12,0.00,0.85,0.00,0.00,0.00,0.01
59,4e_5e,SP1,Basc1,45,1.28,0.31,10.95,17.52,1.25,1.42,0.48,0.00,0.00,2.34,0.00,1.81,0.00,0.00,0.00,0.04
59,4e_5e,SP1,Basc1,55,2.21,0.55,17.35,24.52,1.77,1.95,0.64,0.00,0.00,3.85,0.00,3.09,0.00,0.00,0.00,0.07
59,4e_5e,SP1,Basc1,65,3.25,0.81,23.73,30.01,2.20,2.35,0.77,0.00,0.00,5.36,0.00,4.49,0.00,0.00,0.00,0.10
59,4e_5e,SP1,Basc1,75,4.28,1.08,29.25,33.98,2.52,2.62,0.86,0.00,0.00,6.64,0.00,5.82,0.00,0.00,0.00,0.13
59,4e_5e,SP1,Basc1,85,5.22,1.34,33.57,36.76,2.73,2.79,0.92,0.00,0.00,7.60,0.00,6.99,0.00,0.00,0.00,0.15
59,4e_5e,SP1,Basc1,95,6.05,1.58,36.64,38.68,2.88,2.88,0.94,0.00,0.00,8.25,0.00,7.96,0.00,0.00,0.00,0.18
59,4e_5e,SP1,Basc1,105,6.76,1.79,38.53,39.98,2.98,2.93,0.95,0.00,0.00,8.61,0.00,8.74,0.00,0.00,0.00,0.20
59,4e_5e,SP1,Basc1,115,7.33,1.98,39.36,40.81,3.04,2.93,0.94,0.00,0.00,8.75,0.00,9.33,0.00,0.00,0.00,0.22
59,4e_5e,SP1,Basc1,125,7.77,2.14,39.23,41.27,3.08,2.91,0.92,0.00,0.00,8.71,0.00,9.74,0.00,0.00,0.00,0.23
59,4e_5e,SP1,Basc1,135,8.09,2.28,38.31,41.43,3.09,2.87,0.89,0.00,0.00,8.54,0.00,9.98,0.00,0.00,0.00,0.24
59,4e_5e,SP1,Basc1,145,8.28,2.38,36.73,41.31,3.08,2.80,0.85,0.00,0.00,8.26,0.00,10.07,0.00,0.00,0.00,0.25
59,4e_5e,SP1,Basc1,155,8.37,2.46,34.66,40.96,3.06,2.72,0.81,0.00,0.00,7.92,0.00,10.04,0.00,0.00,0.00,0.25
59,4e_5e,SP1,Basc1,165,8.35,2.52,32.24,40.41,3.02,2.63,0.76,0.00,0.00,7.52,0.00,9.90,0.00,0.00,0.00,0.25
59,4e_5e,SP1,Basc1,175,8.24,2.55,29.62,39.68,2.96,2.53,0.71,0.00,0.00,7.09,0.00,9.66,0.00,0.00,0.00,0.25
59,4e_5e,SP1,Basc1,185,8.05,2.56,26.91,38.80,2.90,2.42,0.65,0.00,0.00,6.65,0.00,9.36,0.00,0.00,0.00,0.24
59,4e_5e,SP1,Basc1,195,7.81,2.55,24.20,37.79,2.82,2.30,0.60,0.00,0.00,6.21,0.00,9.00,0.00,0.00,0.00,0.24
59,4e_5e,SP1,Basc1,205,7.51,2.52,21.57,36.67,2.74,2.19,0.55,0.00,0.00,5.77,0.00,8.60,0.00,0.00,0.00,0.23
59,4e_5e,SP1,Basc1,215,7.18,2.48,19.07,35.46,2.65,2.07,0.50,0.00,0.00,5.34,0.00,8.18,0.00,0.00,0.00,0.22
59,4e_5e,SP1,Basc1,225,6.82,2.43,16.74,34.18,2.56,1.95,0.45,0.00,0.00,4.92,0.00,7.74,0.00,0.00,0.00,0.21
59,4e_5e,SP1,Basc1,235,6.44,2.36,14.59,32.85,2.46,1.83,0.41,0.00,0.00,4.52,0.00,7.28,0.00,0.00,0.00,0.20
59,4e_5e,SP1,Basc1,245,6.05,2.29,12.64,31.48,2.35,1.71,0.36,0.00,0.00,4.14,0.00,6.83,0.00,0.00,0.00,0.19
59,4e_5e,SP1,Basc1,255,5.66,2.20,10.89,30.08,2.25,1.60,0.32,0.00,0.00,3.78,0.00,6.38,0.00,0.00,0.00,0.17
60,patnt,SP1,Basc1,5,0.00,0.00,0.00,0.00,0.00,0.00,0.00,0.00,0.00,0.00,0.00,0.00,0.00,0.00,0.00,0.00
60,patnt,SP1,Basc1,15,0.01,3.56912846156834e-03,0.17,0.24,0.02,0.02,0.02,0.00,0.00,0.02,0.00,0.02,0.00,0.00,0.00,5.20317166983179e-04
60,patnt,SP1,Basc1,25,0.10,0.02,1.14,1.99,0.16,0.17,0.08,0.00,0.00,0.20,0.00,0.15,0.00,0.00,0.00,3.73735971322486e-03
60,patnt,SP1,Basc1,35,0.41,0.10,3.85,6.79,0.49,0.56,0.21,0.00,0.00,0.77,0.00,0.58,0.00,0.00,0.00,0.01
60,patnt,SP1,Basc1,45,1.06,0.26,9.05,14.48,1.03,1.17,0.39,0.00,0.00,1.93,0.00,1.50,0.00,0.00,0.00,0.03
60,patnt,SP1,Basc1,55,2.09,0.51,16.37,23.13,1.67,1.84,0.60,0.00,0.00,3.63,0.00,2.92,0.00,0.00,0.00,0.06
60,patnt,SP1,Basc1,65,3.32,0.83,24.20,30.60,2.25,2.39,0.78,0.00,0.00,5.47,0.00,4.58,0.00,0.00,0.00,0.10
60,patnt,SP1,Basc1,75,4.47,1.13,30.54,35.48,2.63,2.73,0.90,0.00,0.00,6.94,0.00,6.07,0.00,0.00,0.00,0.13
60,patnt,SP1,Basc1,85,5.29,1.36,33.99,37.22,2.77,2.82,0.93,0.00,0.00,7.70,0.00,7.07,0.00,0.00,0.00,0.16
60,patnt,SP1,Basc1,95,5.63,1.46,34.08,35.98,2.68,2.68,0.88,0.00,0.00,7.67,0.00,7.41,0.00,0.00,0.00,0.17
60,patnt,SP1,Basc1,105,5.47,1.45,31.18,32.35,2.41,2.37,0.77,0.00,0.00,6.97,0.00,7.07,0.00,0.00,0.00,0.16
60,patnt,SP1,Basc1,115,4.89,1.32,26.24,27.21,2.03,1.95,0.63,0.00,0.00,5.84,0.00,6.22,0.00,0.00,0.00,0.14
60,patnt,SP1,Basc1,125,4.04,1.11,20.42,21.48,1.60,1.51,0.48,0.00,0.00,4.53,0.00,5.06,0.00,0.00,0.00,0.12
60,patnt,SP1,Basc1,135,3.11,0.87,14.74,15.94,1.19,1.10,0.34,0.00,0.00,3.28,0.00,3.84,0.00,0.00,0.00,0.09
60,patnt,SP1,Basc1,145,2.23,0.64,9.89,11.13,0.83,0.75,0.23,0.00,0.00,2.22,0.00,2.71,0.00,0.00,0.00,0.06
60,patnt,SP1,Basc1,155,1.49,0.44,6.19,7.32,0.54,0.48,0.14,0.00,0.00,1.41,0.00,1.79,0.00,0.00,0.00,0.04
60,patnt,SP1,Basc1,165,0.93,0.28,3.62,4.53,0.33,0.29,0.08,0.00,0.00,0.84,0.00,1.11,0.00,0.00,0.00,0.02
60,patnt,SP1,Basc1,175,0.55,0.17,1.97,2.65,0.19,0.16,0.04,0.00,0.00,0.47,0.00,0.64,0.00,0.00,0.00,0.01
60,patnt,SP1,Basc1,185,0.30,0.09,1.01,1.46,0.10,0.09,0.02,0.00,0.00,0.25,0.00,0.35,0.00,0.00,0.00,9.32751278190063e-03
60,patnt,SP1,Basc1,195,0.15,0.05,0.48,0.75,0.05,0.04,0.01,0.00,0.00,0.12,0.00,0.18,0.00,0.00,0.00,4.84939662368537e-03
60,patnt,SP1,Basc1,205,0.07,0.02,0.21,0.37,0.02,0.02,5.63352809116434e-03,0.00,0.00,0.05,0.00,0.08,0.00,0.00,0.00,2.37025597021441e-03
60,patnt,SP1,Basc1,215,0.03,0.01,0.09,0.17,0.01,0.01,2.45249157161027e-03,0.00,0.00,0.02,0.00,0.03,0.00,0.00,0.00,1.0898822686813e-03
60,patnt,SP1,Basc1,225,0.01,5.36797565787906e-03,0.03,0.07,5.65243332766448e-03,4.30851672044447e-03,1.00591718426983e-03,0.00,0.00,0.01,0.00,0.01,0.00,0.00,0.00,4.71730039463206e-04
60,patnt,SP1,Basc1,235,6.11297060255641e-03,2.24357991519922e-03,0.01,0.03,2.33431629714422e-03,1.73826297519517e-03,3.88860059632962e-04,0.00,0.00,4.2886778041469e-03,0.00,6.91256581625716e-03,0.00,0.00,0.00,1.92290507022381e-04
60,patnt,SP1,Basc1,245,2.33771113773452e-03,8.84102318097249e-04,4.8802009010285e-03,0.01,9.10434077306848e-04,6.62155430816789e-04,1.41721086574352e-04,0.00,0.00,1.59814676205629e-03,0.00,2.63841041094728e-03,0.00,0.00,0.00,7.38526592115261e-05
60,patnt,SP1,Basc1,255,8.42806014782492e-04,3.28596706900387e-04,1.62093784209819e-03,4.47450923230973e-03,3.35396645800331e-04,2.38190425265016e-04,4.87086145490656e-05,0.00,0.00,5.62371062931635e-04,0.00,9.50344466134389e-04,0.00,0.00,0.00,2.67355311938149e-05
61,4e_5e,SP1,Intn1,5,0.00,0.00,0.00,0.00,0.00,0.00,0.00,0.00,0.00,0.00,0.00,0.00,0.00,0.00,0.00,0.00
61,4e_5e,SP1,Intn1,15,0.03,8.89032277034863e-03,0.44,0.60,0.06,0.05,0.06,0.00,0.00,0.06,0.00,0.04,0.00,0.00,0.00,1.29605521550804e-03
61,4e_5e,SP1,Intn1,25,0.20,0.04,2.12,3.70,0.30,0.31,0.16,0.00,0.00,0.37,0.00,0.28,0.00,0.00,0.00,6.93116431842978e-03
61,4e_5e,SP1,Intn1,35,0.60,0.14,5.62,9.91,0.72,0.82,0.31,0.00,0.00,1.12,0.00,0.85,0.00,0.00,0.00,0.01
61,4e_5e,SP1,Intn1,45,1.28,0.31,10.95,17.52,1.25,1.42,0.48,0.00,0.00,2.34,0.00,1.81,0.00,0.00,0.00,0.04
61,4e_5e,SP1,Intn1,55,2.21,0.55,17.35,24.52,1.77,1.95,0.64,0.00,0.00,3.85,0.00,3.09,0.00,0.00,0.00,0.07
61,4e_5e,SP1,Intn1,65,3.25,0.81,23.73,30.01,2.20,2.35,0.77,0.00,0.00,5.36,0.00,4.49,0.00,0.00,0.00,0.10
61,4e_5e,SP1,Intn1,75,4.28,1.08,29.25,33.98,2.52,2.62,0.86,0.00,0.00,6.64,0.00,5.82,0.00,0.00,0.00,0.13
61,4e_5e,SP1,Intn1,85,5.22,1.34,33.57,36.76,2.73,2.79,0.92,0.00,0.00,7.60,0.00,6.99,0.00,0.00,0.00,0.15
61,4e_5e,SP1,Intn1,95,6.05,1.58,36.64,38.68,2.88,2.88,0.94,0.00,0.00,8.25,0.00,7.96,0.00,0.00,0.00,0.18
61,4e_5e,SP1,Intn1,105,6.76,1.79,38.53,39.98,2.98,2.93,0.95,0.00,0.00,8.61,0.00,8.74,0.00,0.00,0.00,0.20
61,4e_5e,SP1,Intn1,115,7.33,1.98,39.36,40.81,3.04,2.93,0.94,0.00,0.00,8.75,0.00,9.33,0.00,0.00,0.00,0.22
61,4e_5e,SP1,Intn1,125,7.77,2.14,39.23,41.27,3.08,2.91,0.92,0.00,0.00,8.71,0.00,9.74,0.00,0.00,0.00,0.23
61,4e_5e,SP1,Intn1,135,8.09,2.28,38.31,41.43,3.09,2.87,0.89,0.00,0.00,8.54,0.00,9.98,0.00,0.00,0.00,0.24
61,4e_5e,SP1,Intn1,145,8.28,2.38,36.73,41.31,3.08,2.80,0.85,0.00,0.00,8.26,0.00,10.07,0.00,0.00,0.00,0.25
61,4e_5e,SP1,Intn1,155,8.37,2.46,34.66,40.96,3.06,2.72,0.81,0.00,0.00,7.92,0.00,10.04,0.00,0.00,0.00,0.25
61,4e_5e,SP1,Intn1,165,8.35,2.52,32.24,40.41,3.02,2.63,0.76,0.00,0.00,7.52,0.00,9.90,0.00,0.00,0.00,0.25
61,4e_5e,SP1,Intn1,175,8.24,2.55,29.62,39.68,2.96,2.53,0.71,0.00,0.00,7.09,0.00,9.66,0.00,0.00,0.00,0.25
61,4e_5e,SP1,Intn1,185,8.05,2.56,26.91,38.80,2.90,2.42,0.65,0.00,0.00,6.65,0.00,9.36,0.00,0.00,0.00,0.24
61,4e_5e,SP1,Intn1,195,7.81,2.55,24.20,37.79,2.82,2.30,0.60,0.00,0.00,6.21,0.00,9.00,0.00,0.00,0.00,0.24
61,4e_5e,SP1,Intn1,205,7.51,2.52,21.57,36.67,2.74,2.19,0.55,0.00,0.00,5.77,0.00,8.60,0.00,0.00,0.00,0.23
61,4e_5e,SP1,Intn1,215,7.18,2.48,19.07,35.46,2.65,2.07,0.50,0.00,0.00,5.34,0.00,8.18,0.00,0.00,0.00,0.22
61,4e_5e,SP1,Intn1,225,6.82,2.43,16.74,34.18,2.56,1.95,0.45,0.00,0.00,4.92,0.00,7.74,0.00,0.00,0.00,0.21
61,4e_5e,SP1,Intn1,235,6.44,2.36,14.59,32.85,2.46,1.83,0.41,0.00,0.00,4.52,0.00,7.28,0.00,0.00,0.00,0.20
61,4e_5e,SP1,Intn1,245,6.05,2.29,12.64,31.48,2.35,1.71,0.36,0.00,0.00,4.14,0.00,6.83,0.00,0.00,0.00,0.19
61,4e_5e,SP1,Intn1,255,5.66,2.20,10.89,30.08,2.25,1.60,0.32,0.00,0.00,3.78,0.00,6.38,0.00,0.00,0.00,0.17
62,patnt,SP1,Intn1,5,0.00,0.00,0.00,0.00,0.00,0.00,0.00,0.00,0.00,0.00,0.00,0.00,0.00,0.00,0.00,0.00
62,patnt,SP1,Intn1,15,0.01,3.56912846156834e-03,0.17,0.24,0.02,0.02,0.02,0.00,0.00,0.02,0.00,0.02,0.00,0.00,0.00,5.20317166983179e-04
62,patnt,SP1,Intn1,25,0.10,0.02,1.14,1.99,0.16,0.17,0.08,0.00,0.00,0.20,0.00,0.15,0.00,0.00,0.00,3.73735971322486e-03
62,patnt,SP1,Intn1,35,0.41,0.10,3.85,6.79,0.49,0.56,0.21,0.00,0.00,0.77,0.00,0.58,0.00,0.00,0.00,0.01
62,patnt,SP1,Intn1,45,1.06,0.26,9.05,14.48,1.03,1.17,0.39,0.00,0.00,1.93,0.00,1.50,0.00,0.00,0.00,0.03
62,patnt,SP1,Intn1,55,2.09,0.51,16.37,23.13,1.67,1.84,0.60,0.00,0.00,3.63,0.00,2.92,0.00,0.00,0.00,0.06
62,patnt,SP1,Intn1,65,3.32,0.83,24.20,30.60,2.25,2.39,0.78,0.00,0.00,5.47,0.00,4.58,0.00,0.00,0.00,0.10
62,patnt,SP1,Intn1,75,4.47,1.13,30.54,35.48,2.63,2.73,0.90,0.00,0.00,6.94,0.00,6.07,0.00,0.00,0.00,0.13
62,patnt,SP1,Intn1,85,5.29,1.36,33.99,37.22,2.77,2.82,0.93,0.00,0.00,7.70,0.00,7.07,0.00,0.00,0.00,0.16
62,patnt,SP1,Intn1,95,5.63,1.46,34.08,35.98,2.68,2.68,0.88,0.00,0.00,7.67,0.00,7.41,0.00,0.00,0.00,0.17
62,patnt,SP1,Intn1,105,5.47,1.45,31.18,32.35,2.41,2.37,0.77,0.00,0.00,6.97,0.00,7.07,0.00,0.00,0.00,0.16
62,patnt,SP1,Intn1,115,4.89,1.32,26.24,27.21,2.03,1.95,0.63,0.00,0.00,5.84,0.00,6.22,0.00,0.00,0.00,0.14
62,patnt,SP1,Intn1,125,4.04,1.11,20.42,21.48,1.60,1.51,0.48,0.00,0.00,4.53,0.00,5.06,0.00,0.00,0.00,0.12
62,patnt,SP1,Intn1,135,3.11,0.87,14.74,15.94,1.19,1.10,0.34,0.00,0.00,3.28,0.00,3.84,0.00,0.00,0.00,0.09
62,patnt,SP1,Intn1,145,2.23,0.64,9.89,11.13,0.83,0.75,0.23,0.00,0.00,2.22,0.00,2.71,0.00,0.00,0.00,0.06
62,patnt,SP1,Intn1,155,1.49,0.44,6.19,7.32,0.54,0.48,0.14,0.00,0.00,1.41,0.00,1.79,0.00,0.00,0.00,0.04
62,patnt,SP1,Intn1,165,0.93,0.28,3.62,4.53,0.33,0.29,0.08,0.00,0.00,0.84,0.00,1.11,0.00,0.00,0.00,0.02
62,patnt,SP1,Intn1,175,0.55,0.17,1.97,2.65,0.19,0.16,0.04,0.00,0.00,0.47,0.00,0.64,0.00,0.00,0.00,0.01
62,patnt,SP1,Intn1,185,0.30,0.09,1.01,1.46,0.10,0.09,0.02,0.00,0.00,0.25,0.00,0.35,0.00,0.00,0.00,9.32751278190063e-03
62,patnt,SP1,Intn1,195,0.15,0.05,0.48,0.75,0.05,0.04,0.01,0.00,0.00,0.12,0.00,0.18,0.00,0.00,0.00,4.84939662368537e-03
62,patnt,SP1,Intn1,205,0.07,0.02,0.21,0.37,0.02,0.02,5.63352809116434e-03,0.00,0.00,0.05,0.00,0.08,0.00,0.00,0.00,2.37025597021441e-03
62,patnt,SP1,Intn1,215,0.03,0.01,0.09,0.17,0.01,0.01,2.45249157161027e-03,0.00,0.00,0.02,0.00,0.03,0.00,0.00,0.00,1.0898822686813e-03
62,patnt,SP1,Intn1,225,0.01,5.36797565787906e-03,0.03,0.07,5.65243332766448e-03,4.30851672044447e-03,1.00591718426983e-03,0.00,0.00,0.01,0.00,0.01,0.00,0.00,0.00,4.71730039463206e-04
62,patnt,SP1,Intn1,235,6.11297060255641e-03,2.24357991519922e-03,0.01,0.03,2.33431629714422e-03,1.73826297519517e-03,3.88860059632962e-04,0.00,0.00,4.2886778041469e-03,0.00,6.91256581625716e-03,0.00,0.00,0.00,1.92290507022381e-04
62,patnt,SP1,Intn1,245,2.33771113773452e-03,8.84102318097249e-04,4.8802009010285e-03,0.01,9.10434077306848e-04,6.62155430816789e-04,1.41721086574352e-04,0.00,0.00,1.59814676205629e-03,0.00,2.63841041094728e-03,0.00,0.00,0.00,7.38526592115261e-05
62,patnt,SP1,Intn1,255,8.42806014782492e-04,3.28596706900387e-04,1.62093784209819e-03,4.47450923230973e-03,3.35396645800331e-04,2.38190425265016e-04,4.87086145490656e-05,0.00,0.00,5.62371062931635e-04,0.00,9.50344466134389e-04,0.00,0.00,0.00,2.67355311938149e-05
63,4e_5e,SP1,Intn2,5,0.00,0.00,0.00,0.00,0.00,0.00,0.00,0.00,0.00,0.00,0.00,0.00,0.00,0.00,0.00,0.00
63,4e_5e,SP1,Intn2,15,0.03,8.89032277034863e-03,0.44,0.60,0.06,0.05,0.06,0.00,0.00,0.06,0.00,0.04,0.00,0.00,0.00,1.29605521550804e-03
63,4e_5e,SP1,Intn2,25,0.20,0.04,2.12,3.70,0.30,0.31,0.16,0.00,0.00,0.37,0.00,0.28,0.00,0.00,0.00,6.93116431842978e-03
63,4e_5e,SP1,Intn2,35,0.60,0.14,5.62,9.91,0.72,0.82,0.31,0.00,0.00,1.12,0.00,0.85,0.00,0.00,0.00,0.01
63,4e_5e,SP1,Intn2,45,1.28,0.31,10.95,17.52,1.25,1.42,0.48,0.00,0.00,2.34,0.00,1.81,0.00,0.00,0.00,0.04
63,4e_5e,SP1,Intn2,55,2.21,0.55,17.35,24.52,1.77,1.95,0.64,0.00,0.00,3.85,0.00,3.09,0.00,0.00,0.00,0.07
63,4e_5e,SP1,Intn2,65,3.25,0.81,23.73,30.01,2.20,2.35,0.77,0.00,0.00,5.36,0.00,4.49,0.00,0.00,0.00,0.10
63,4e_5e,SP1,Intn2,75,4.28,1.08,29.25,33.98,2.52,2.62,0.86,0.00,0.00,6.64,0.00,5.82,0.00,0.00,0.00,0.13
63,4e_5e,SP1,Intn2,85,5.22,1.34,33.57,36.76,2.73,2.79,0.92,0.00,0.00,7.60,0.00,6.99,0.00,0.00,0.00,0.15
63,4e_5e,SP1,Intn2,95,6.05,1.58,36.64,38.68,2.88,2.88,0.94,0.00,0.00,8.25,0.00,7.96,0.00,0.00,0.00,0.18
63,4e_5e,SP1,Intn2,105,6.76,1.79,38.53,39.98,2.98,2.93,0.95,0.00,0.00,8.61,0.00,8.74,0.00,0.00,0.00,0.20
63,4e_5e,SP1,Intn2,115,7.33,1.98,39.36,40.81,3.04,2.93,0.94,0.00,0.00,8.75,0.00,9.33,0.00,0.00,0.00,0.22
63,4e_5e,SP1,Intn2,125,7.77,2.14,39.23,41.27,3.08,2.91,0.92,0.00,0.00,8.71,0.00,9.74,0.00,0.00,0.00,0.23
63,4e_5e,SP1,Intn2,135,8.09,2.28,38.31,41.43,3.09,2.87,0.89,0.00,0.00,8.54,0.00,9.98,0.00,0.00,0.00,0.24
63,4e_5e,SP1,Intn2,145,8.28,2.38,36.73,41.31,3.08,2.80,0.85,0.00,0.00,8.26,0.00,10.07,0.00,0.00,0.00,0.25
63,4e_5e,SP1,Intn2,155,8.37,2.46,34.66,40.96,3.06,2.72,0.81,0.00,0.00,7.92,0.00,10.04,0.00,0.00,0.00,0.25
63,4e_5e,SP1,Intn2,165,8.35,2.52,32.24,40.41,3.02,2.63,0.76,0.00,0.00,7.52,0.00,9.90,0.00,0.00,0.00,0.25
63,4e_5e,SP1,Intn2,175,8.24,2.55,29.62,39.68,2.96,2.53,0.71,0.00,0.00,7.09,0.00,9.66,0.00,0.00,0.00,0.25
63,4e_5e,SP1,Intn2,185,8.05,2.56,26.91,38.80,2.90,2.42,0.65,0.00,0.00,6.65,0.00,9.36,0.00,0.00,0.00,0.24
63,4e_5e,SP1,Intn2,195,7.81,2.55,24.20,37.79,2.82,2.30,0.60,0.00,0.00,6.21,0.00,9.00,0.00,0.00,0.00,0.24
63,4e_5e,SP1,Intn2,205,7.51,2.52,21.57,36.67,2.74,2.19,0.55,0.00,0.00,5.77,0.00,8.60,0.00,0.00,0.00,0.23
63,4e_5e,SP1,Intn2,215,7.18,2.48,19.07,35.46,2.65,2.07,0.50,0.00,0.00,5.34,0.00,8.18,0.00,0.00,0.00,0.22
63,4e_5e,SP1,Intn2,225,6.82,2.43,16.74,34.18,2.56,1.95,0.45,0.00,0.00,4.92,0.00,7.74,0.00,0.00,0.00,0.21
63,4e_5e,SP1,Intn2,235,6.44,2.36,14.59,32.85,2.46,1.83,0.41,0.00,0.00,4.52,0.00,7.28,0.00,0.00,0.00,0.20
63,4e_5e,SP1,Intn2,245,6.05,2.29,12.64,31.48,2.35,1.71,0.36,0.00,0.00,4.14,0.00,6.83,0.00,0.00,0.00,0.19
63,4e_5e,SP1,Intn2,255,5.66,2.20,10.89,30.08,2.25,1.60,0.32,0.00,0.00,3.78,0.00,6.38,0.00,0.00,0.00,0.17
64,patnt,SP1,Intn2,5,0.00,0.00,0.00,0.00,0.00,0.00,0.00,0.00,0.00,0.00,0.00,0.00,0.00,0.00,0.00,0.00
64,patnt,SP1,Intn2,15,0.01,3.56912846156834e-03,0.17,0.24,0.02,0.02,0.02,0.00,0.00,0.02,0.00,0.02,0.00,0.00,0.00,5.20317166983179e-04
64,patnt,SP1,Intn2,25,0.10,0.02,1.14,1.99,0.16,0.17,0.08,0.00,0.00,0.20,0.00,0.15,0.00,0.00,0.00,3.73735971322486e-03
64,patnt,SP1,Intn2,35,0.41,0.10,3.85,6.79,0.49,0.56,0.21,0.00,0.00,0.77,0.00,0.58,0.00,0.00,0.00,0.01
64,patnt,SP1,Intn2,45,1.06,0.26,9.05,14.48,1.03,1.17,0.39,0.00,0.00,1.93,0.00,1.50,0.00,0.00,0.00,0.03
64,patnt,SP1,Intn2,55,2.09,0.51,16.37,23.13,1.67,1.84,0.60,0.00,0.00,3.63,0.00,2.92,0.00,0.00,0.00,0.06
64,patnt,SP1,Intn2,65,3.32,0.83,24.20,30.60,2.25,2.39,0.78,0.00,0.00,5.47,0.00,4.58,0.00,0.00,0.00,0.10
64,patnt,SP1,Intn2,75,4.47,1.13,30.54,35.48,2.63,2.73,0.90,0.00,0.00,6.94,0.00,6.07,0.00,0.00,0.00,0.13
64,patnt,SP1,Intn2,85,5.29,1.36,33.99,37.22,2.77,2.82,0.93,0.00,0.00,7.70,0.00,7.07,0.00,0.00,0.00,0.16
64,patnt,SP1,Intn2,95,5.63,1.46,34.08,35.98,2.68,2.68,0.88,0.00,0.00,7.67,0.00,7.41,0.00,0.00,0.00,0.17
64,patnt,SP1,Intn2,105,5.47,1.45,31.18,32.35,2.41,2.37,0.77,0.00,0.00,6.97,0.00,7.07,0.00,0.00,0.00,0.16
64,patnt,SP1,Intn2,115,4.89,1.32,26.24,27.21,2.03,1.95,0.63,0.00,0.00,5.84,0.00,6.22,0.00,0.00,0.00,0.14
64,patnt,SP1,Intn2,125,4.04,1.11,20.42,21.48,1.60,1.51,0.48,0.00,0.00,4.53,0.00,5.06,0.00,0.00,0.00,0.12
64,patnt,SP1,Intn2,135,3.11,0.87,14.74,15.94,1.19,1.10,0.34,0.00,0.00,3.28,0.00,3.84,0.00,0.00,0.00,0.09
64,patnt,SP1,Intn2,145,2.23,0.64,9.89,11.13,0.83,0.75,0.23,0.00,0.00,2.22,0.00,2.71,0.00,0.00,0.00,0.06
64,patnt,SP1,Intn2,155,1.49,0.44,6.19,7.32,0.54,0.48,0.14,0.00,0.00,1.41,0.00,1.79,0.00,0.00,0.00,0.04
64,patnt,SP1,Intn2,165,0.93,0.28,3.62,4.53,0.33,0.29,0.08,0.00,0.00,0.84,0.00,1.11,0.00,0.00,0.00,0.02
64,patnt,SP1,Intn2,175,0.55,0.17,1.97,2.65,0.19,0.16,0.04,0.00,0.00,0.47,0.00,0.64,0.00,0.00,0.00,0.01
64,patnt,SP1,Intn2,185,0.30,0.09,1.01,1.46,0.10,0.09,0.02,0.00,0.00,0.25,0.00,0.35,0.00,0.00,0.00,9.32751278190063e-03
64,patnt,SP1,Intn2,195,0.15,0.05,0.48,0.75,0.05,0.04,0.01,0.00,0.00,0.12,0.00,0.18,0.00,0.00,0.00,4.84939662368537e-03
64,patnt,SP1,Intn2,205,0.07,0.02,0.21,0.37,0.02,0.02,5.63352809116434e-03,0.00,0.00,0.05,0.00,0.08,0.00,0.00,0.00,2.37025597021441e-03
64,patnt,SP1,Intn2,215,0.03,0.01,0.09,0.17,0.01,0.01,2.45249157161027e-03,0.00,0.00,0.02,0.00,0.03,0.00,0.00,0.00,1.0898822686813e-03
64,patnt,SP1,Intn2,225,0.01,5.36797565787906e-03,0.03,0.07,5.65243332766448e-03,4.30851672044447e-03,1.00591718426983e-03,0.00,0.00,0.01,0.00,0.01,0.00,0.00,0.00,4.71730039463206e-04
64,patnt,SP1,Intn2,235,6.11297060255641e-03,2.24357991519922e-03,0.01,0.03,2.33431629714422e-03,1.73826297519517e-03,3.88860059632962e-04,0.00,0.00,4.2886778041469e-03,0.00,6.91256581625716e-03,0.00,0.00,0.00,1.92290507022381e-04
64,patnt,SP1,Intn2,245,2.33771113773452e-03,8.84102318097249e-04,4.8802009010285e-03,0.01,9.10434077306848e-04,6.62155430816789e-04,1.41721086574352e-04,0.00,0.00,1.59814676205629e-03,0.00,2.63841041094728e-03,0.00,0.00,0.00,7.38526592115261e-05
64,patnt,SP1,Intn2,255,8.42806014782492e-04,3.28596706900387e-04,1.62093784209819e-03,4.47450923230973e-03,3.35396645800331e-04,2.38190425265016e-04,4.87086145490656e-05,0.00,0.00,5.62371062931635e-04,0.00,9.50344466134389e-04,0.00,0.00,0.00,2.67355311938149e-05
67,4e_5e,SF1,Prsnt,5,0.00,0.00,0.00,0.00,0.00,0.00,0.00,0.00,0.00,0.00,0.00,0.00,0.00,0.00,0.00,0.00
67,4e_5e,SF1,Prsnt,15,0.01,1.5388117722164e-03,8.10450702325179e-03,0.05,0.04,0.03,0.13,0.01,5.67499067485644e-03,6.43239315379894e-03,0.00,8.64682554795054e-03,0.00,0.00,3.01606998803368e-03,4.48664255412184e-04
67,4e_5e,SF1,Prsnt,25,0.16,0.02,0.10,0.91,0.56,0.55,1.00,0.07,0.05,0.10,0.00,0.13,0.00,0.00,0.03,6.44330091565379e-03
67,4e_5e,SF1,Prsnt,35,0.77,0.10,0.43,3.86,2.11,2.30,2.97,0.22,0.17,0.47,0.00,0.62,0.00,0.00,0.14,0.02
67,4e_5e,SF1,Prsnt,45,2.02,0.28,1.03,8.35,4.48,4.85,5.60,0.43,0.36,1.19,0.00,1.62,0.00,0.00,0.34,0.07
67,4e_5e,SF1,Prsnt,55,3.70,0.52,1.74,12.45,6.77,7.08,7.98,0.61,0.57,2.10,0.00,2.95,0.00,0.00,0.58,0.13
67,4e_5e,SF1,Prsnt,65,5.43,0.77,2.38,15.22,8.41,8.52,9.60,0.73,0.74,2.92,0.00,4.28,0.00,0.00,0.80,0.19
67,4e_5e,SF1,Prsnt,75,6.99,1.01,2.87,16.87,9.41,9.30,10.50,0.80,0.86,3.54,0.00,5.43,0.00,0.00,0.98,0.24
67,4e_5e,SF1,Prsnt,85,8.36,1.22,3.22,17.87,10.01,9.69,10.94,0.84,0.96,3.97,0.00,6.39,0.00,0.00,1.13,0.29
67,4e_5e,SF1,Prsnt,95,9.55,1.42,3.47,18.54,10.40,9.88,11.12,0.85,1.04,4.24,0.00,7.17,0.00,0.00,1.25,0.33
67,4e_5e,SF1,Prsnt,105,10.59,1.60,3.63,19.04,10.69,9.97,11.13,0.85,1.11,4.40,0.00,7.83,0.00,0.00,1.36,0.36
67,4e_5e,SF1,Prsnt,115,11.49,1.77,3.70,19.43,10.91,9.99,11.03,0.84,1.17,4.47,0.00,8.35,0.00,0.00,1.45,0.39
67,4e_5e,SF1,Prsnt,125,12.24,1.93,3.71,19.75,11.10,9.97,10.84,0.83,1.23,4.48,0.00,8.76,0.00,0.00,1.53,0.42
67,4e_5e,SF1,Prsnt,135,12.86,2.07,3.66,20.01,11.25,9.90,10.58,0.81,1.28,4.43,0.00,9.06,0.00,0.00,1.60,0.44
67,4e_5e,SF1,Prsnt,145,13.35,2.19,3.55,20.22,11.37,9.81,10.25,0.78,1.33,4.34,0.00,9.27,0.00,0.00,1.65,0.46
67,4e_5e,SF1,Prsnt,155,13.71,2.31,3.41,20.40,11.47,9.69,9.88,0.76,1.37,4.23,0.00,9.40,0.00,0.00,1.70,0.47
67,4e_5e,SF1,Prsnt,165,13.96,2.41,3.24,20.54,11.55,9.56,9.48,0.72,1.41,4.10,0.00,9.45,0.00,0.00,1.74,0.48
67,4e_5e,SF1,Prsnt,175,14.11,2.50,3.05,20.65,11.61,9.41,9.05,0.69,1.44,3.96,0.00,9.45,0.00,0.00,1.76,0.49
67,4e_5e,SF1,Prsnt,185,14.16,2.57,2.84,20.73,11.66,9.25,8.61,0.66,1.48,3.82,0.00,9.40,0.00,0.00,1.78,0.49
67,4e_5e,SF1,Prsnt,195,14.14,2.64,2.63,20.80,11.70,9.07,8.15,0.62,1.51,3.67,0.00,9.32,0.00,0.00,1.80,0.49
67,4e_5e,SF1,Prsnt,205,14.05,2.70,2.42,20.84,11.73,8.89,7.70,0.59,1.54,3.52,0.00,9.20,0.00,0.00,1.80,0.49
67,4e_5e,SF1,Prsnt,215,13.91,2.75,2.22,20.87,11.75,8.71,7.25,0.55,1.56,3.37,0.00,9.05,0.00,0.00,1.80,0.49
67,4e_5e,SF1,Prsnt,225,13.72,2.79,2.02,20.89,11.76,8.52,6.80,0.52,1.59,3.23,0.00,8.89,0.00,0.00,1.80,0.49
67,4e_5e,SF1,Prsnt,235,13.48,2.82,1.83,20.89,11.77,8.32,6.37,0.49,1.61,3.08,0.00,8.71,0.00,0.00,1.79,0.48
67,4e_5e,SF1,Prsnt,245,13.22,2.85,1.66,20.88,11.76,8.13,5.95,0.45,1.63,2.95,0.00,8.52,0.00,0.00,1.77,0.47
67,4e_5e,SF1,Prsnt,255,12.92,2.88,1.49,20.86,11.76,7.93,5.55,0.42,1.65,2.81,0.00,8.33,0.00,0.00,1.75,0.46
68,patnt,SF1,Prsnt,5,0.00,0.00,0.00,0.00,0.00,0.00,0.00,0.00,0.00,0.00,0.00,0.00,0.00,0.00,0.00,0.00
68,patnt,SF1,Prsnt,15,0.01,1.33171619317761e-03,7.01379040338429e-03,0.04,0.03,0.02,0.11,9.12744006572323e-03,4.91124198182667e-03,5.56671210765487e-03,0.00,7.483122893713e-03,0.00,0.00,2.61016279920728e-03,3.88282352020089e-04
68,patnt,SF1,Prsnt,25,0.16,0.02,0.09,0.77,0.49,0.49,0.88,0.06,0.04,0.08,0.00,0.11,0.00,0.00,0.03,5.66493588883432e-03
68,patnt,SF1,Prsnt,35,0.78,0.09,0.38,3.30,1.88,2.05,2.64,0.20,0.15,0.42,0.00,0.55,0.00,0.00,0.13,0.02
68,patnt,SF1,Prsnt,45,2.07,0.25,0.92,7.21,4.03,4.36,5.04,0.38,0.33,1.07,0.00,1.46,0.00,0.00,0.31,0.06
68,patnt,SF1,Prsnt,55,3.84,0.47,1.58,10.84,6.15,6.43,7.24,0.55,0.51,1.90,0.00,2.68,0.00,0.00,0.53,0.12
68,patnt,SF1,Prsnt,65,5.68,0.71,2.17,13.36,7.70,7.79,8.78,0.67,0.67,2.67,0.00,3.91,0.00,0.00,0.73,0.17
68,patnt,SF1,Prsnt,75,7.36,0.93,2.64,14.91,8.67,8.56,9.67,0.74,0.79,3.26,0.00,5.00,0.00,0.00,0.90,0.22
68,patnt,SF1,Prsnt,85,8.85,1.13,2.99,15.89,9.27,8.97,10.13,0.77,0.89,3.67,0.00,5.91,0.00,0.00,1.04,0.27
68,patnt,SF1,Prsnt,95,10.16,1.32,3.23,16.56,9.68,9.20,10.35,0.79,0.97,3.95,0.00,6.68,0.00,0.00,1.17,0.30
68,patnt,SF1,Prsnt,105,11.31,1.50,3.39,17.07,9.99,9.31,10.40,0.80,1.04,4.11,0.00,7.31,0.00,0.00,1.27,0.34
68,patnt,SF1,Prsnt,115,12.30,1.66,3.47,17.48,10.23,9.36,10.34,0.79,1.10,4.19,0.00,7.82,0.00,0.00,1.36,0.37
68,patnt,SF1,Prsnt,125,13.14,1.81,3.48,17.80,10.42,9.36,10.18,0.78,1.15,4.20,0.00,8.22,0.00,0.00,1.44,0.39
68,patnt,SF1,Prsnt,135,13.82,1.94,3.44,18.06,10.57,9.31,9.94,0.76,1.20,4.16,0.00,8.52,0.00,0.00,1.50,0.41
68,patnt,SF1,Prsnt,145,14.34,2.06,3.34,18.25,10.68,9.22,9.64,0.74,1.25,4.08,0.00,8.71,0.00,0.00,1.55,0.43
68,patnt,SF1,Prsnt,155,14.71,2.17,3.20,18.38,10.77,9.10,9.28,0.71,1.28,3.97,0.00,8.82,0.00,0.00,1.60,0.44
68,patnt,SF1,Prsnt,165,14.95,2.26,3.03,18.47,10.82,8.96,8.88,0.68,1.32,3.84,0.00,8.86,0.00,0.00,1.63,0.45
68,patnt,SF1,Prsnt,175,15.06,2.33,2.84,18.51,10.85,8.79,8.45,0.65,1.35,3.70,0.00,8.83,0.00,0.00,1.65,0.46
68,patnt,SF1,Prsnt,185,15.06,2.39,2.64,18.51,10.85,8.60,8.00,0.61,1.37,3.55,0.00,8.75,0.00,0.00,1.66,0.46
68,patnt,SF1,Prsnt,195,14.96,2.44,2.43,18.47,10.83,8.39,7.54,0.58,1.40,3.39,0.00,8.62,0.00,0.00,1.66,0.46
68,patnt,SF1,Prsnt,205,14.77,2.48,2.23,18.39,10.79,8.18,7.08,0.54,1.41,3.24,0.00,8.45,0.00,0.00,1.66,0.45
68,patnt,SF1,Prsnt,215,14.51,2.51,2.02,18.28,10.72,7.94,6.61,0.50,1.43,3.08,0.00,8.26,0.00,0.00,1.64,0.45
68,patnt,SF1,Prsnt,225,14.18,2.52,1.83,18.14,10.64,7.70,6.15,0.47,1.43,2.92,0.00,8.04,0.00,0.00,1.62,0.44
68,patnt,SF1,Prsnt,235,13.81,2.53,1.64,17.97,10.54,7.46,5.71,0.43,1.44,2.76,0.00,7.80,0.00,0.00,1.60,0.43
68,patnt,SF1,Prsnt,245,13.39,2.53,1.47,17.77,10.43,7.20,5.27,0.40,1.44,2.61,0.00,7.55,0.00,0.00,1.57,0.42
68,patnt,SF1,Prsnt,255,12.94,2.52,1.31,17.54,10.30,6.95,4.86,0.37,1.44,2.46,0.00,7.29,0.00,0.00,1.54,0.41
69,4e_5e,SF1,Exten,5,0.00,0.00,0.00,0.00,0.00,0.00,0.00,0.00,0.00,0.00,0.00,0.00,0.00,0.00,0.00,0.00
69,4e_5e,SF1,Exten,15,0.01,1.5388117722164e-03,8.10450702325179e-03,0.05,0.04,0.03,0.13,0.01,5.67499067485644e-03,6.43239315379894e-03,0.00,8.64682554795054e-03,0.00,0.00,3.01606998803368e-03,4.48664255412184e-04
69,4e_5e,SF1,Exten,25,0.16,0.02,0.10,0.91,0.56,0.55,1.00,0.07,0.05,0.10,0.00,0.13,0.00,0.00,0.03,6.44330091565379e-03
69,4e_5e,SF1,Exten,35,0.77,0.10,0.43,3.86,2.11,2.30,2.97,0.22,0.17,0.47,0.00,0.62,0.00,0.00,0.14,0.02
69,4e_5e,SF1,Exten,45,2.02,0.28,1.03,8.35,4.48,4.85,5.60,0.43,0.36,1.19,0.00,1.62,0.00,0.00,0.34,0.07
69,4e_5e,SF1,Exten,55,3.70,0.52,1.74,12.45,6.77,7.08,7.98,0.61,0.57,2.10,0.00,2.95,0.00,0.00,0.58,0.13
69,4e_5e,SF1,Exten,65,5.43,0.77,2.38,15.22,8.41,8.52,9.60,0.73,0.74,2.92,0.00,4.28,0.00,0.00,0.80,0.19
69,4e_5e,SF1,Exten,75,6.99,1.01,2.87,16.87,9.41,9.30,10.50,0.80,0.86,3.54,0.00,5.43,0.00,0.00,0.98,0.24
69,4e_5e,SF1,Exten,85,8.36,1.22,3.22,17.87,10.01,9.69,10.94,0.84,0.96,3.97,0.00,6.39,0.00,0.00,1.13,0.29
69,4e_5e,SF1,Exten,95,9.55,1.42,3.47,18.54,10.40,9.88,11.12,0.85,1.04,4.24,0.00,7.17,0.00,0.00,1.25,0.33
69,4e_5e,SF1,Exten,105,10.59,1.60,3.63,19.04,10.69,9.97,11.13,0.85,1.11,4.40,0.00,7.83,0.00,0.00,1.36,0.36
69,4e_5e,SF1,Exten,115,11.49,1.77,3.70,19.43,10.91,9.99,11.03,0.84,1.17,4.47,0.00,8.35,0.00,0.00,1.45,0.39
69,4e_5e,SF1,Exten,125,12.24,1.93,3.71,19.75,11.10,9.97,10.84,0.83,1.23,4.48,0.00,8.76,0.00,0.00,1.53,0.42
69,4e_5e,SF1,Exten,135,12.86,2.07,3.66,20.01,11.25,9.90,10.58,0.81,1.28,4.43,0.00,9.06,0.00,0.00,1.60,0.44
69,4e_5e,SF1,Exten,145,13.35,2.19,3.55,20.22,11.37,9.81,10.25,0.78,1.33,4.34,0.00,9.27,0.00,0.00,1.65,0.46
69,4e_5e,SF1,Exten,155,13.71,2.31,3.41,20.40,11.47,9.69,9.88,0.76,1.37,4.23,0.00,9.40,0.00,0.00,1.70,0.47
69,4e_5e,SF1,Exten,165,13.96,2.41,3.24,20.54,11.55,9.56,9.48,0.72,1.41,4.10,0.00,9.45,0.00,0.00,1.74,0.48
69,4e_5e,SF1,Exten,175,14.11,2.50,3.05,20.65,11.61,9.41,9.05,0.69,1.44,3.96,0.00,9.45,0.00,0.00,1.76,0.49
69,4e_5e,SF1,Exten,185,14.16,2.57,2.84,20.73,11.66,9.25,8.61,0.66,1.48,3.82,0.00,9.40,0.00,0.00,1.78,0.49
69,4e_5e,SF1,Exten,195,14.14,2.64,2.63,20.80,11.70,9.07,8.15,0.62,1.51,3.67,0.00,9.32,0.00,0.00,1.80,0.49
69,4e_5e,SF1,Exten,205,14.05,2.70,2.42,20.84,11.73,8.89,7.70,0.59,1.54,3.52,0.00,9.20,0.00,0.00,1.80,0.49
69,4e_5e,SF1,Exten,215,13.91,2.75,2.22,20.87,11.75,8.71,7.25,0.55,1.56,3.37,0.00,9.05,0.00,0.00,1.80,0.49
69,4e_5e,SF1,Exten,225,13.72,2.79,2.02,20.89,11.76,8.52,6.80,0.52,1.59,3.23,0.00,8.89,0.00,0.00,1.80,0.49
69,4e_5e,SF1,Exten,235,13.48,2.82,1.83,20.89,11.77,8.32,6.37,0.49,1.61,3.08,0.00,8.71,0.00,0.00,1.79,0.48
69,4e_5e,SF1,Exten,245,13.22,2.85,1.66,20.88,11.76,8.13,5.95,0.45,1.63,2.95,0.00,8.52,0.00,0.00,1.77,0.47
69,4e_5e,SF1,Exten,255,12.92,2.88,1.49,20.86,11.76,7.93,5.55,0.42,1.65,2.81,0.00,8.33,0.00,0.00,1.75,0.46
70,patnt,SF1,Exten,5,0.00,0.00,0.00,0.00,0.00,0.00,0.00,0.00,0.00,0.00,0.00,0.00,0.00,0.00,0.00,0.00
70,patnt,SF1,Exten,15,0.01,1.33171619317761e-03,7.01379040338429e-03,0.04,0.03,0.02,0.11,9.12744006572323e-03,4.91124198182667e-03,5.56671210765487e-03,0.00,7.483122893713e-03,0.00,0.00,2.61016279920728e-03,3.88282352020089e-04
70,patnt,SF1,Exten,25,0.16,0.02,0.09,0.77,0.49,0.49,0.88,0.06,0.04,0.08,0.00,0.11,0.00,0.00,0.03,5.66493588883432e-03
70,patnt,SF1,Exten,35,0.78,0.09,0.38,3.30,1.88,2.05,2.64,0.20,0.15,0.42,0.00,0.55,0.00,0.00,0.13,0.02
70,patnt,SF1,Exten,45,2.07,0.25,0.92,7.21,4.03,4.36,5.04,0.38,0.33,1.07,0.00,1.46,0.00,0.00,0.31,0.06
70,patnt,SF1,Exten,55,3.84,0.47,1.58,10.84,6.15,6.43,7.24,0.55,0.51,1.90,0.00,2.68,0.00,0.00,0.53,0.12
70,patnt,SF1,Exten,65,5.68,0.71,2.17,13.36,7.70,7.79,8.78,0.67,0.67,2.67,0.00,3.91,0.00,0.00,0.73,0.17
70,patnt,SF1,Exten,75,7.36,0.93,2.64,14.91,8.67,8.56,9.67,0.74,0.79,3.26,0.00,5.00,0.00,0.00,0.90,0.22
70,patnt,SF1,Exten,85,8.85,1.13,2.99,15.89,9.27,8.97,10.13,0.77,0.89,3.67,0.00,5.91,0.00,0.00,1.04,0.27
70,patnt,SF1,Exten,95,10.16,1.32,3.23,16.56,9.68,9.20,10.35,0.79,0.97,3.95,0.00,6.68,0.00,0.00,1.17,0.30
70,patnt,SF1,Exten,105,11.31,1.50,3.39,17.07,9.99,9.31,10.40,0.80,1.04,4.11,0.00,7.31,0.00,0.00,1.27,0.34
70,patnt,SF1,Exten,115,12.30,1.66,3.47,17.48,10.23,9.36,10.34,0.79,1.10,4.19,0.00,7.82,0.00,0.00,1.36,0.37
70,patnt,SF1,Exten,125,13.14,1.81,3.48,17.80,10.42,9.36,10.18,0.78,1.15,4.20,0.00,8.22,0.00,0.00,1.44,0.39
70,patnt,SF1,Exten,135,13.82,1.94,3.44,18.06,10.57,9.31,9.94,0.76,1.20,4.16,0.00,8.52,0.00,0.00,1.50,0.41
70,patnt,SF1,Exten,145,14.34,2.06,3.34,18.25,10.68,9.22,9.64,0.74,1.25,4.08,0.00,8.71,0.00,0.00,1.55,0.43
70,patnt,SF1,Exten,155,14.71,2.17,3.20,18.38,10.77,9.10,9.28,0.71,1.28,3.97,0.00,8.82,0.00,0.00,1.60,0.44
70,patnt,SF1,Exten,165,14.95,2.26,3.03,18.47,10.82,8.96,8.88,0.68,1.32,3.84,0.00,8.86,0.00,0.00,1.63,0.45
70,patnt,SF1,Exten,175,15.06,2.33,2.84,18.51,10.85,8.79,8.45,0.65,1.35,3.70,0.00,8.83,0.00,0.00,1.65,0.46
70,patnt,SF1,Exten,185,15.06,2.39,2.64,18.51,10.85,8.60,8.00,0.61,1.37,3.55,0.00,8.75,0.00,0.00,1.66,0.46
70,patnt,SF1,Exten,195,14.96,2.44,2.43,18.47,10.83,8.39,7.54,0.58,1.40,3.39,0.00,8.62,0.00,0.00,1.66,0.46
70,patnt,SF1,Exten,205,14.77,2.48,2.23,18.39,10.79,8.18,7.08,0.54,1.41,3.24,0.00,8.45,0.00,0.00,1.66,0.45
70,patnt,SF1,Exten,215,14.51,2.51,2.02,18.28,10.72,7.94,6.61,0.50,1.43,3.08,0.00,8.26,0.00,0.00,1.64,0.45
70,patnt,SF1,Exten,225,14.18,2.52,1.83,18.14,10.64,7.70,6.15,0.47,1.43,2.92,0.00,8.04,0.00,0.00,1.62,0.44
70,patnt,SF1,Exten,235,13.81,2.53,1.64,17.97,10.54,7.46,5.71,0.43,1.44,2.76,0.00,7.80,0.00,0.00,1.60,0.43
70,patnt,SF1,Exten,245,13.39,2.53,1.47,17.77,10.43,7.20,5.27,0.40,1.44,2.61,0.00,7.55,0.00,0.00,1.57,0.42
70,patnt,SF1,Exten,255,12.94,2.52,1.31,17.54,10.30,6.95,4.86,0.37,1.44,2.46,0.00,7.29,0.00,0.00,1.54,0.41
71,4e_5e,SF1,Basc1,5,0.00,0.00,0.00,0.00,0.00,0.00,0.00,0.00,0.00,0.00,0.00,0.00,0.00,0.00,0.00,0.00
71,4e_5e,SF1,Basc1,15,0.01,1.5388117722164e-03,8.10450702325179e-03,0.05,0.04,0.03,0.13,0.01,5.67499067485644e-03,6.43239315379894e-03,0.00,8.64682554795054e-03,0.00,0.00,3.01606998803368e-03,4.48664255412184e-04
71,4e_5e,SF1,Basc1,25,0.16,0.02,0.10,0.91,0.56,0.55,1.00,0.07,0.05,0.10,0.00,0.13,0.00,0.00,0.03,6.44330091565379e-03
71,4e_5e,SF1,Basc1,35,0.77,0.10,0.43,3.86,2.11,2.30,2.97,0.22,0.17,0.47,0.00,0.62,0.00,0.00,0.14,0.02
71,4e_5e,SF1,Basc1,45,2.02,0.28,1.03,8.35,4.48,4.85,5.60,0.43,0.36,1.19,0.00,1.62,0.00,0.00,0.34,0.07
71,4e_5e,SF1,Basc1,55,3.70,0.52,1.74,12.45,6.77,7.08,7.98,0.61,0.57,2.10,0.00,2.95,0.00,0.00,0.58,0.13
71,4e_5e,SF1,Basc1,65,5.43,0.77,2.38,15.22,8.41,8.52,9.60,0.73,0.74,2.92,0.00,4.28,0.00,0.00,0.80,0.19
71,4e_5e,SF1,Basc1,75,6.99,1.01,2.87,16.87,9.41,9.30,10.50,0.80,0.86,3.54,0.00,5.43,0.00,0.00,0.98,0.24
71,4e_5e,SF1,Basc1,85,8.36,1.22,3.22,17.87,10.01,9.69,10.94,0.84,0.96,3.97,0.00,6.39,0.00,0.00,1.13,0.29
71,4e_5e,SF1,Basc1,95,9.55,1.42,3.47,18.54,10.40,9.88,11.12,0.85,1.04,4.24,0.00,7.17,0.00,0.00,1.25,0.33
71,4e_5e,SF1,Basc1,105,10.59,1.60,3.63,19.04,10.69,9.97,11.13,0.85,1.11,4.40,0.00,7.83,0.00,0.00,1.36,0.36
71,4e_5e,SF1,Basc1,115,11.49,1.77,3.70,19.43,10.91,9.99,11.03,0.84,1.17,4.47,0.00,8.35,0.00,0.00,1.45,0.39
71,4e_5e,SF1,Basc1,125,12.24,1.93,3.71,19.75,11.10,9.97,10.84,0.83,1.23,4.48,0.00,8.76,0.00,0.00,1.53,0.42
71,4e_5e,SF1,Basc1,135,12.86,2.07,3.66,20.01,11.25,9.90,10.58,0.81,1.28,4.43,0.00,9.06,0.00,0.00,1.60,0.44
71,4e_5e,SF1,Basc1,145,13.35,2.19,3.55,20.22,11.37,9.81,10.25,0.78,1.33,4.34,0.00,9.27,0.00,0.00,1.65,0.46
71,4e_5e,SF1,Basc1,155,13.71,2.31,3.41,20.40,11.47,9.69,9.88,0.76,1.37,4.23,0.00,9.40,0.00,0.00,1.70,0.47
71,4e_5e,SF1,Basc1,165,13.96,2.41,3.24,20.54,11.55,9.56,9.48,0.72,1.41,4.10,0.00,9.45,0.00,0.00,1.74,0.48
71,4e_5e,SF1,Basc1,175,14.11,2.50,3.05,20.65,11.61,9.41,9.05,0.69,1.44,3.96,0.00,9.45,0.00,0.00,1.76,0.49
71,4e_5e,SF1,Basc1,185,14.16,2.57,2.84,20.73,11.66,9.25,8.61,0.66,1.48,3.82,0.00,9.40,0.00,0.00,1.78,0.49
71,4e_5e,SF1,Basc1,195,14.14,2.64,2.63,20.80,11.70,9.07,8.15,0.62,1.51,3.67,0.00,9.32,0.00,0.00,1.80,0.49
71,4e_5e,SF1,Basc1,205,14.05,2.70,2.42,20.84,11.73,8.89,7.70,0.59,1.54,3.52,0.00,9.20,0.00,0.00,1.80,0.49
71,4e_5e,SF1,Basc1,215,13.91,2.75,2.22,20.87,11.75,8.71,7.25,0.55,1.56,3.37,0.00,9.05,0.00,0.00,1.80,0.49
71,4e_5e,SF1,Basc1,225,13.72,2.79,2.02,20.89,11.76,8.52,6.80,0.52,1.59,3.23,0.00,8.89,0.00,0.00,1.80,0.49
71,4e_5e,SF1,Basc1,235,13.48,2.82,1.83,20.89,11.77,8.32,6.37,0.49,1.61,3.08,0.00,8.71,0.00,0.00,1.79,0.48
71,4e_5e,SF1,Basc1,245,13.22,2.85,1.66,20.88,11.76,8.13,5.95,0.45,1.63,2.95,0.00,8.52,0.00,0.00,1.77,0.47
71,4e_5e,SF1,Basc1,255,12.92,2.88,1.49,20.86,11.76,7.93,5.55,0.42,1.65,2.81,0.00,8.33,0.00,0.00,1.75,0.46
72,patnt,SF1,Basc1,5,0.00,0.00,0.00,0.00,0.00,0.00,0.00,0.00,0.00,0.00,0.00,0.00,0.00,0.00,0.00,0.00
72,patnt,SF1,Basc1,15,0.01,1.33171619317761e-03,7.01379040338429e-03,0.04,0.03,0.02,0.11,9.12744006572323e-03,4.91124198182667e-03,5.56671210765487e-03,0.00,7.483122893713e-03,0.00,0.00,2.61016279920728e-03,3.88282352020089e-04
72,patnt,SF1,Basc1,25,0.16,0.02,0.09,0.77,0.49,0.49,0.88,0.06,0.04,0.08,0.00,0.11,0.00,0.00,0.03,5.66493588883432e-03
72,patnt,SF1,Basc1,35,0.78,0.09,0.38,3.30,1.88,2.05,2.64,0.20,0.15,0.42,0.00,0.55,0.00,0.00,0.13,0.02
72,patnt,SF1,Basc1,45,2.07,0.25,0.92,7.21,4.03,4.36,5.04,0.38,0.33,1.07,0.00,1.46,0.00,0.00,0.31,0.06
72,patnt,SF1,Basc1,55,3.84,0.47,1.58,10.84,6.15,6.43,7.24,0.55,0.51,1.90,0.00,2.68,0.00,0.00,0.53,0.12
72,patnt,SF1,Basc1,65,5.68,0.71,2.17,13.36,7.70,7.79,8.78,0.67,0.67,2.67,0.00,3.91,0.00,0.00,0.73,0.17
72,patnt,SF1,Basc1,75,7.36,0.93,2.64,14.91,8.67,8.56,9.67,0.74,0.79,3.26,0.00,5.00,0.00,0.00,0.90,0.22
72,patnt,SF1,Basc1,85,8.85,1.13,2.99,15.89,9.27,8.97,10.13,0.77,0.89,3.67,0.00,5.91,0.00,0.00,1.04,0.27
72,patnt,SF1,Basc1,95,10.16,1.32,3.23,16.56,9.68,9.20,10.35,0.79,0.97,3.95,0.00,6.68,0.00,0.00,1.17,0.30
72,patnt,SF1,Basc1,105,11.31,1.50,3.39,17.07,9.99,9.31,10.40,0.80,1.04,4.11,0.00,7.31,0.00,0.00,1.27,0.34
72,patnt,SF1,Basc1,115,12.30,1.66,3.47,17.48,10.23,9.36,10.34,0.79,1.10,4.19,0.00,7.82,0.00,0.00,1.36,0.37
72,patnt,SF1,Basc1,125,13.14,1.81,3.48,17.80,10.42,9.36,10.18,0.78,1.15,4.20,0.00,8.22,0.00,0.00,1.44,0.39
72,patnt,SF1,Basc1,135,13.82,1.94,3.44,18.06,10.57,9.31,9.94,0.76,1.20,4.16,0.00,8.52,0.00,0.00,1.50,0.41
72,patnt,SF1,Basc1,145,14.34,2.06,3.34,18.25,10.68,9.22,9.64,0.74,1.25,4.08,0.00,8.71,0.00,0.00,1.55,0.43
72,patnt,SF1,Basc1,155,14.71,2.17,3.20,18.38,10.77,9.10,9.28,0.71,1.28,3.97,0.00,8.82,0.00,0.00,1.60,0.44
72,patnt,SF1,Basc1,165,14.95,2.26,3.03,18.47,10.82,8.96,8.88,0.68,1.32,3.84,0.00,8.86,0.00,0.00,1.63,0.45
72,patnt,SF1,Basc1,175,15.06,2.33,2.84,18.51,10.85,8.79,8.45,0.65,1.35,3.70,0.00,8.83,0.00,0.00,1.65,0.46
72,patnt,SF1,Basc1,185,15.06,2.39,2.64,18.51,10.85,8.60,8.00,0.61,1.37,3.55,0.00,8.75,0.00,0.00,1.66,0.46
72,patnt,SF1,Basc1,195,14.96,2.44,2.43,18.47,10.83,8.39,7.54,0.58,1.40,3.39,0.00,8.62,0.00,0.00,1.66,0.46
72,patnt,SF1,Basc1,205,14.77,2.48,2.23,18.39,10.79,8.18,7.08,0.54,1.41,3.24,0.00,8.45,0.00,0.00,1.66,0.45
72,patnt,SF1,Basc1,215,14.51,2.51,2.02,18.28,10.72,7.94,6.61,0.50,1.43,3.08,0.00,8.26,0.00,0.00,1.64,0.45
72,patnt,SF1,Basc1,225,14.18,2.52,1.83,18.14,10.64,7.70,6.15,0.47,1.43,2.92,0.00,8.04,0.00,0.00,1.62,0.44
72,patnt,SF1,Basc1,235,13.81,2.53,1.64,17.97,10.54,7.46,5.71,0.43,1.44,2.76,0.00,7.80,0.00,0.00,1.60,0.43
72,patnt,SF1,Basc1,245,13.39,2.53,1.47,17.77,10.43,7.20,5.27,0.40,1.44,2.61,0.00,7.55,0.00,0.00,1.57,0.42
72,patnt,SF1,Basc1,255,12.94,2.52,1.31,17.54,10.30,6.95,4.86,0.37,1.44,2.46,0.00,7.29,0.00,0.00,1.54,0.41
73,4e_5e,SF1,Intn1,5,0.00,0.00,0.00,0.00,0.00,0.00,0.00,0.00,0.00,0.00,0.00,0.00,0.00,0.00,0.00,0.00
73,4e_5e,SF1,Intn1,15,0.01,1.5388117722164e-03,8.10450702325179e-03,0.05,0.04,0.03,0.13,0.01,5.67499067485644e-03,6.43239315379894e-03,0.00,8.64682554795054e-03,0.00,0.00,3.01606998803368e-03,4.48664255412184e-04
73,4e_5e,SF1,Intn1,25,0.16,0.02,0.10,0.91,0.56,0.55,1.00,0.07,0.05,0.10,0.00,0.13,0.00,0.00,0.03,6.44330091565379e-03
73,4e_5e,SF1,Intn1,35,0.77,0.10,0.43,3.86,2.11,2.30,2.97,0.22,0.17,0.47,0.00,0.62,0.00,0.00,0.14,0.02
73,4e_5e,SF1,Intn1,45,2.02,0.28,1.03,8.35,4.48,4.85,5.60,0.43,0.36,1.19,0.00,1.62,0.00,0.00,0.34,0.07
73,4e_5e,SF1,Intn1,55,3.70,0.52,1.74,12.45,6.77,7.08,7.98,0.61,0.57,2.10,0.00,2.95,0.00,0.00,0.58,0.13
73,4e_5e,SF1,Intn1,65,5.43,0.77,2.38,15.22,8.41,8.52,9.60,0.73,0.74,2.92,0.00,4.28,0.00,0.00,0.80,0.19
73,4e_5e,SF1,Intn1,75,6.99,1.01,2.87,16.87,9.41,9.30,10.50,0.80,0.86,3.54,0.00,5.43,0.00,0.00,0.98,0.24
73,4e_5e,SF1,Intn1,85,8.36,1.22,3.22,17.87,10.01,9.69,10.94,0.84,0.96,3.97,0.00,6.39,0.00,0.00,1.13,0.29
73,4e_5e,SF1,Intn1,95,9.55,1.42,3.47,18.54,10.40,9.88,11.12,0.85,1.04,4.24,0.00,7.17,0.00,0.00,1.25,0.33
73,4e_5e,SF1,Intn1,105,10.59,1.60,3.63,19.04,10.69,9.97,11.13,0.85,1.11,4.40,0.00,7.83,0.00,0.00,1.36,0.36
73,4e_5e,SF1,Intn1,115,11.49,1.77,3.70,19.43,10.91,9.99,11.03,0.84,1.17,4.47,0.00,8.35,0.00,0.00,1.45,0.39
73,4e_5e,SF1,Intn1,125,12.24,1.93,3.71,19.75,11.10,9.97,10.84,0.83,1.23,4.48,0.00,8.76,0.00,0.00,1.53,0.42
73,4e_5e,SF1,Intn1,135,12.86,2.07,3.66,20.01,11.25,9.90,10.58,0.81,1.28,4.43,0.00,9.06,0.00,0.00,1.60,0.44
73,4e_5e,SF1,Intn1,145,13.35,2.19,3.55,20.22,11.37,9.81,10.25,0.78,1.33,4.34,0.00,9.27,0.00,0.00,1.65,0.46
73,4e_5e,SF1,Intn1,155,13.71,2.31,3.41,20.40,11.47,9.69,9.88,0.76,1.37,4.23,0.00,9.40,0.00,0.00,1.70,0.47
73,4e_5e,SF1,Intn1,165,13.96,2.41,3.24,20.54,11.55,9.56,9.48,0.72,1.41,4.10,0.00,9.45,0.00,0.00,1.74,0.48
73,4e_5e,SF1,Intn1,175,14.11,2.50,3.05,20.65,11.61,9.41,9.05,0.69,1.44,3.96,0.00,9.45,0.00,0.00,1.76,0.49
73,4e_5e,SF1,Intn1,185,14.16,2.57,2.84,20.73,11.66,9.25,8.61,0.66,1.48,3.82,0.00,9.40,0.00,0.00,1.78,0.49
73,4e_5e,SF1,Intn1,195,14.14,2.64,2.63,20.80,11.70,9.07,8.15,0.62,1.51,3.67,0.00,9.32,0.00,0.00,1.80,0.49
73,4e_5e,SF1,Intn1,205,14.05,2.70,2.42,20.84,11.73,8.89,7.70,0.59,1.54,3.52,0.00,9.20,0.00,0.00,1.80,0.49
73,4e_5e,SF1,Intn1,215,13.91,2.75,2.22,20.87,11.75,8.71,7.25,0.55,1.56,3.37,0.00,9.05,0.00,0.00,1.80,0.49
73,4e_5e,SF1,Intn1,225,13.72,2.79,2.02,20.89,11.76,8.52,6.80,0.52,1.59,3.23,0.00,8.89,0.00,0.00,1.80,0.49
73,4e_5e,SF1,Intn1,235,13.48,2.82,1.83,20.89,11.77,8.32,6.37,0.49,1.61,3.08,0.00,8.71,0.00,0.00,1.79,0.48
73,4e_5e,SF1,Intn1,245,13.22,2.85,1.66,20.88,11.76,8.13,5.95,0.45,1.63,2.95,0.00,8.52,0.00,0.00,1.77,0.47
73,4e_5e,SF1,Intn1,255,12.92,2.88,1.49,20.86,11.76,7.93,5.55,0.42,1.65,2.81,0.00,8.33,0.00,0.00,1.75,0.46
74,patnt,SF1,Intn1,5,0.00,0.00,0.00,0.00,0.00,0.00,0.00,0.00,0.00,0.00,0.00,0.00,0.00,0.00,0.00,0.00
74,patnt,SF1,Intn1,15,0.01,1.33171619317761e-03,7.01379040338429e-03,0.04,0.03,0.02,0.11,9.12744006572323e-03,4.91124198182667e-03,5.56671210765487e-03,0.00,7.483122893713e-03,0.00,0.00,2.61016279920728e-03,3.88282352020089e-04
74,patnt,SF1,Intn1,25,0.16,0.02,0.09,0.77,0.49,0.49,0.88,0.06,0.04,0.08,0.00,0.11,0.00,0.00,0.03,5.66493588883432e-03
74,patnt,SF1,Intn1,35,0.78,0.09,0.38,3.30,1.88,2.05,2.64,0.20,0.15,0.42,0.00,0.55,0.00,0.00,0.13,0.02
74,patnt,SF1,Intn1,45,2.07,0.25,0.92,7.21,4.03,4.36,5.04,0.38,0.33,1.07,0.00,1.46,0.00,0.00,0.31,0.06
74,patnt,SF1,Intn1,55,3.84,0.47,1.58,10.84,6.15,6.43,7.24,0.55,0.51,1.90,0.00,2.68,0.00,0.00,0.53,0.12
74,patnt,SF1,Intn1,65,5.68,0.71,2.17,13.36,7.70,7.79,8.78,0.67,0.67,2.67,0.00,3.91,0.00,0.00,0.73,0.17
74,patnt,SF1,Intn1,75,7.36,0.93,2.64,14.91,8.67,8.56,9.67,0.74,0.79,3.26,0.00,5.00,0.00,0.00,0.90,0.22
74,patnt,SF1,Intn1,85,8.85,1.13,2.99,15.89,9.27,8.97,10.13,0.77,0.89,3.67,0.00,5.91,0.00,0.00,1.04,0.27
74,patnt,SF1,Intn1,95,10.16,1.32,3.23,16.56,9.68,9.20,10.35,0.79,0.97,3.95,0.00,6.68,0.00,0.00,1.17,0.30
74,patnt,SF1,Intn1,105,11.31,1.50,3.39,17.07,9.99,9.31,10.40,0.80,1.04,4.11,0.00,7.31,0.00,0.00,1.27,0.34
74,patnt,SF1,Intn1,115,12.30,1.66,3.47,17.48,10.23,9.36,10.34,0.79,1.10,4.19,0.00,7.82,0.00,0.00,1.36,0.37
74,patnt,SF1,Intn1,125,13.14,1.81,3.48,17.80,10.42,9.36,10.18,0.78,1.15,4.20,0.00,8.22,0.00,0.00,1.44,0.39
74,patnt,SF1,Intn1,135,13.82,1.94,3.44,18.06,10.57,9.31,9.94,0.76,1.20,4.16,0.00,8.52,0.00,0.00,1.50,0.41
74,patnt,SF1,Intn1,145,14.34,2.06,3.34,18.25,10.68,9.22,9.64,0.74,1.25,4.08,0.00,8.71,0.00,0.00,1.55,0.43
74,patnt,SF1,Intn1,155,14.71,2.17,3.20,18.38,10.77,9.10,9.28,0.71,1.28,3.97,0.00,8.82,0.00,0.00,1.60,0.44
74,patnt,SF1,Intn1,165,14.95,2.26,3.03,18.47,10.82,8.96,8.88,0.68,1.32,3.84,0.00,8.86,0.00,0.00,1.63,0.45
74,patnt,SF1,Intn1,175,15.06,2.33,2.84,18.51,10.85,8.79,8.45,0.65,1.35,3.70,0.00,8.83,0.00,0.00,1.65,0.46
74,patnt,SF1,Intn1,185,15.06,2.39,2.64,18.51,10.85,8.60,8.00,0.61,1.37,3.55,0.00,8.75,0.00,0.00,1.66,0.46
74,patnt,SF1,Intn1,195,14.96,2.44,2.43,18.47,10.83,8.39,7.54,0.58,1.40,3.39,0.00,8.62,0.00,0.00,1.66,0.46
74,patnt,SF1,Intn1,205,14.77,2.48,2.23,18.39,10.79,8.18,7.08,0.54,1.41,3.24,0.00,8.45,0.00,0.00,1.66,0.45
74,patnt,SF1,Intn1,215,14.51,2.51,2.02,18.28,10.72,7.94,6.61,0.50,1.43,3.08,0.00,8.26,0.00,0.00,1.64,0.45
74,patnt,SF1,Intn1,225,14.18,2.52,1.83,18.14,10.64,7.70,6.15,0.47,1.43,2.92,0.00,8.04,0.00,0.00,1.62,0.44
74,patnt,SF1,Intn1,235,13.81,2.53,1.64,17.97,10.54,7.46,5.71,0.43,1.44,2.76,0.00,7.80,0.00,0.00,1.60,0.43
74,patnt,SF1,Intn1,245,13.39,2.53,1.47,17.77,10.43,7.20,5.27,0.40,1.44,2.61,0.00,7.55,0.00,0.00,1.57,0.42
74,patnt,SF1,Intn1,255,12.94,2.52,1.31,17.54,10.30,6.95,4.86,0.37,1.44,2.46,0.00,7.29,0.00,0.00,1.54,0.41
75,4e_5e,SF1,Intn2,5,0.00,0.00,0.00,0.00,0.00,0.00,0.00,0.00,0.00,0.00,0.00,0.00,0.00,0.00,0.00,0.00
75,4e_5e,SF1,Intn2,15,0.01,1.5388117722164e-03,8.10450702325179e-03,0.05,0.04,0.03,0.13,0.01,5.67499067485644e-03,6.43239315379894e-03,0.00,8.64682554795054e-03,0.00,0.00,3.01606998803368e-03,4.48664255412184e-04
75,4e_5e,SF1,Intn2,25,0.16,0.02,0.10,0.91,0.56,0.55,1.00,0.07,0.05,0.10,0.00,0.13,0.00,0.00,0.03,6.44330091565379e-03
75,4e_5e,SF1,Intn2,35,0.77,0.10,0.43,3.86,2.11,2.30,2.97,0.22,0.17,0.47,0.00,0.62,0.00,0.00,0.14,0.02
75,4e_5e,SF1,Intn2,45,2.02,0.28,1.03,8.35,4.48,4.85,5.60,0.43,0.36,1.19,0.00,1.62,0.00,0.00,0.34,0.07
75,4e_5e,SF1,Intn2,55,3.70,0.52,1.74,12.45,6.77,7.08,7.98,0.61,0.57,2.10,0.00,2.95,0.00,0.00,0.58,0.13
75,4e_5e,SF1,Intn2,65,5.43,0.77,2.38,15.22,8.41,8.52,9.60,0.73,0.74,2.92,0.00,4.28,0.00,0.00,0.80,0.19
75,4e_5e,SF1,Intn2,75,6.99,1.01,2.87,16.87,9.41,9.30,10.50,0.80,0.86,3.54,0.00,5.43,0.00,0.00,0.98,0.24
75,4e_5e,SF1,Intn2,85,8.36,1.22,3.22,17.87,10.01,9.69,10.94,0.84,0.96,3.97,0.00,6.39,0.00,0.00,1.13,0.29
75,4e_5e,SF1,Intn2,95,9.55,1.42,3.47,18.54,10.40,9.88,11.12,0.85,1.04,4.24,0.00,7.17,0.00,0.00,1.25,0.33
75,4e_5e,SF1,Intn2,105,10.59,1.60,3.63,19.04,10.69,9.97,11.13,0.85,1.11,4.40,0.00,7.83,0.00,0.00,1.36,0.36
75,4e_5e,SF1,Intn2,115,11.49,1.77,3.70,19.43,10.91,9.99,11.03,0.84,1.17,4.47,0.00,8.35,0.00,0.00,1.45,0.39
75,4e_5e,SF1,Intn2,125,12.24,1.93,3.71,19.75,11.10,9.97,10.84,0.83,1.23,4.48,0.00,8.76,0.00,0.00,1.53,0.42
75,4e_5e,SF1,Intn2,135,12.86,2.07,3.66,20.01,11.25,9.90,10.58,0.81,1.28,4.43,0.00,9.06,0.00,0.00,1.60,0.44
75,4e_5e,SF1,Intn2,145,13.35,2.19,3.55,20.22,11.37,9.81,10.25,0.78,1.33,4.34,0.00,9.27,0.00,0.00,1.65,0.46
75,4e_5e,SF1,Intn2,155,13.71,2.31,3.41,20.40,11.47,9.69,9.88,0.76,1.37,4.23,0.00,9.40,0.00,0.00,1.70,0.47
75,4e_5e,SF1,Intn2,165,13.96,2.41,3.24,20.54,11.55,9.56,9.48,0.72,1.41,4.10,0.00,9.45,0.00,0.00,1.74,0.48
75,4e_5e,SF1,Intn2,175,14.11,2.50,3.05,20.65,11.61,9.41,9.05,0.69,1.44,3.96,0.00,9.45,0.00,0.00,1.76,0.49
75,4e_5e,SF1,Intn2,185,14.16,2.57,2.84,20.73,11.66,9.25,8.61,0.66,1.48,3.82,0.00,9.40,0.00,0.00,1.78,0.49
75,4e_5e,SF1,Intn2,195,14.14,2.64,2.63,20.80,11.70,9.07,8.15,0.62,1.51,3.67,0.00,9.32,0.00,0.00,1.80,0.49
75,4e_5e,SF1,Intn2,205,14.05,2.70,2.42,20.84,11.73,8.89,7.70,0.59,1.54,3.52,0.00,9.20,0.00,0.00,1.80,0.49
75,4e_5e,SF1,Intn2,215,13.91,2.75,2.22,20.87,11.75,8.71,7.25,0.55,1.56,3.37,0.00,9.05,0.00,0.00,1.80,0.49
75,4e_5e,SF1,Intn2,225,13.72,2.79,2.02,20.89,11.76,8.52,6.80,0.52,1.59,3.23,0.00,8.89,0.00,0.00,1.80,0.49
75,4e_5e,SF1,Intn2,235,13.48,2.82,1.83,20.89,11.77,8.32,6.37,0.49,1.61,3.08,0.00,8.71,0.00,0.00,1.79,0.48
75,4e_5e,SF1,Intn2,245,13.22,2.85,1.66,20.88,11.76,8.13,5.95,0.45,1.63,2.95,0.00,8.52,0.00,0.00,1.77,0.47
75,4e_5e,SF1,Intn2,255,12.92,2.88,1.49,20.86,11.76,7.93,5.55,0.42,1.65,2.81,0.00,8.33,0.00,0.00,1.75,0.46
76,patnt,SF1,Intn2,5,0.00,0.00,0.00,0.00,0.00,0.00,0.00,0.00,0.00,0.00,0.00,0.00,0.00,0.00,0.00,0.00
76,patnt,SF1,Intn2,15,0.01,1.33171619317761e-03,7.01379040338429e-03,0.04,0.03,0.02,0.11,9.12744006572323e-03,4.91124198182667e-03,5.56671210765487e-03,0.00,7.483122893713e-03,0.00,0.00,2.61016279920728e-03,3.88282352020089e-04
76,patnt,SF1,Intn2,25,0.16,0.02,0.09,0.77,0.49,0.49,0.88,0.06,0.04,0.08,0.00,0.11,0.00,0.00,0.03,5.66493588883432e-03
76,patnt,SF1,Intn2,35,0.78,0.09,0.38,3.30,1.88,2.05,2.64,0.20,0.15,0.42,0.00,0.55,0.00,0.00,0.13,0.02
76,patnt,SF1,Intn2,45,2.07,0.25,0.92,7.21,4.03,4.36,5.04,0.38,0.33,1.07,0.00,1.46,0.00,0.00,0.31,0.06
76,patnt,SF1,Intn2,55,3.84,0.47,1.58,10.84,6.15,6.43,7.24,0.55,0.51,1.90,0.00,2.68,0.00,0.00,0.53,0.12
76,patnt,SF1,Intn2,65,5.68,0.71,2.17,13.36,7.70,7.79,8.78,0.67,0.67,2.67,0.00,3.91,0.00,0.00,0.73,0.17
76,patnt,SF1,Intn2,75,7.36,0.93,2.64,14.91,8.67,8.56,9.67,0.74,0.79,3.26,0.00,5.00,0.00,0.00,0.90,0.22
76,patnt,SF1,Intn2,85,8.85,1.13,2.99,15.89,9.27,8.97,10.13,0.77,0.89,3.67,0.00,5.91,0.00,0.00,1.04,0.27
76,patnt,SF1,Intn2,95,10.16,1.32,3.23,16.56,9.68,9.20,10.35,0.79,0.97,3.95,0.00,6.68,0.00,0.00,1.17,0.30
76,patnt,SF1,Intn2,105,11.31,1.50,3.39,17.07,9.99,9.31,10.40,0.80,1.04,4.11,0.00,7.31,0.00,0.00,1.27,0.34
76,patnt,SF1,Intn2,115,12.30,1.66,3.47,17.48,10.23,9.36,10.34,0.79,1.10,4.19,0.00,7.82,0.00,0.00,1.36,0.37
76,patnt,SF1,Intn2,125,13.14,1.81,3.48,17.80,10.42,9.36,10.18,0.78,1.15,4.20,0.00,8.22,0.00,0.00,1.44,0.39
76,patnt,SF1,Intn2,135,13.82,1.94,3.44,18.06,10.57,9.31,9.94,0.76,1.20,4.16,0.00,8.52,0.00,0.00,1.50,0.41
76,patnt,SF1,Intn2,145,14.34,2.06,3.34,18.25,10.68,9.22,9.64,0.74,1.25,4.08,0.00,8.71,0.00,0.00,1.55,0.43
76,patnt,SF1,Intn2,155,14.71,2.17,3.20,18.38,10.77,9.10,9.28,0.71,1.28,3.97,0.00,8.82,0.00,0.00,1.60,0.44
76,patnt,SF1,Intn2,165,14.95,2.26,3.03,18.47,10.82,8.96,8.88,0.68,1.32,3.84,0.00,8.86,0.00,0.00,1.63,0.45
76,patnt,SF1,Intn2,175,15.06,2.33,2.84,18.51,10.85,8.79,8.45,0.65,1.35,3.70,0.00,8.83,0.00,0.00,1.65,0.46
76,patnt,SF1,Intn2,185,15.06,2.39,2.64,18.51,10.85,8.60,8.00,0.61,1.37,3.55,0.00,8.75,0.00,0.00,1.66,0.46
76,patnt,SF1,Intn2,195,14.96,2.44,2.43,18.47,10.83,8.39,7.54,0.58,1.40,3.39,0.00,8.62,0.00,0.00,1.66,0.46
76,patnt,SF1,Intn2,205,14.77,2.48,2.23,18.39,10.79,8.18,7.08,0.54,1.41,3.24,0.00,8.45,0.00,0.00,1.66,0.45
76,patnt,SF1,Intn2,215,14.51,2.51,2.02,18.28,10.72,7.94,6.61,0.50,1.43,3.08,0.00,8.26,0.00,0.00,1.64,0.45
76,patnt,SF1,Intn2,225,14.18,2.52,1.83,18.14,10.64,7.70,6.15,0.47,1.43,2.92,0.00,8.04,0.00,0.00,1.62,0.44
76,patnt,SF1,Intn2,235,13.81,2.53,1.64,17.97,10.54,7.46,5.71,0.43,1.44,2.76,0.00,7.80,0.00,0.00,1.60,0.43
76,patnt,SF1,Intn2,245,13.39,2.53,1.47,17.77,10.43,7.20,5.27,0.40,1.44,2.61,0.00,7.55,0.00,0.00,1.57,0.42
76,patnt,SF1,Intn2,255,12.94,2.52,1.31,17.54,10.30,6.95,4.86,0.37,1.44,2.46,0.00,7.29,0.00,0.00,1.54,0.41
79,4e_5e,PO1,Prsnt,5,0.00,0.00,0.00,0.00,0.00,0.00,0.00,0.00,0.00,0.00,0.00,0.00,0.00,0.00,0.00,0.00
79,4e_5e,PO1,Prsnt,15,0.15,0.00,0.70,0.32,0.60,0.28,0.00,0.00,0.00,4.43,0.00,0.50,0.00,0.00,0.00,0.04
79,4e_5e,PO1,Prsnt,25,0.55,0.00,2.14,1.25,1.76,1.08,0.00,0.00,0.00,16.47,0.00,1.83,0.00,0.00,0.00,0.13
79,4e_5e,PO1,Prsnt,35,1.15,0.00,3.94,2.35,2.93,1.97,0.00,0.00,0.00,34.06,0.00,3.82,0.00,0.00,0.00,0.27
79,4e_5e,PO1,Prsnt,45,1.85,0.00,5.75,3.11,3.81,2.55,0.00,0.00,0.00,53.14,0.00,6.10,0.00,0.00,0.00,0.43
79,4e_5e,PO1,Prsnt,55,2.56,0.00,7.33,3.50,4.34,2.81,0.00,0.00,0.00,70.30,0.00,8.35,0.00,0.00,0.00,0.58
79,4e_5e,PO1,Prsnt,65,3.21,0.00,8.58,3.66,4.62,2.89,0.00,0.00,0.00,83.73,0.00,10.37,0.00,0.00,0.00,0.72
79,4e_5e,PO1,Prsnt,75,3.80,0.00,9.50,3.73,4.74,2.90,0.00,0.00,0.00,93.14,0.00,12.07,0.00,0.00,0.00,0.85
79,4e_5e,PO1,Prsnt,85,4.31,0.00,10.12,3.74,4.78,2.86,0.00,0.00,0.00,98.95,0.00,13.46,0.00,0.00,0.00,0.95
79,4e_5e,PO1,Prsnt,95,4.73,0.00,10.48,3.74,4.78,2.81,0.00,0.00,0.00,101.83,0.00,14.55,0.00,0.00,0.00,1.04
79,4e_5e,PO1,Prsnt,105,5.09,0.00,10.62,3.72,4.76,2.75,0.00,0.00,0.00,102.42,0.00,15.38,0.00,0.00,0.00,1.12
79,4e_5e,PO1,Prsnt,115,5.37,0.00,10.55,3.69,4.73,2.68,0.00,0.00,0.00,101.24,0.00,15.97,0.00,0.00,0.00,1.17
79,4e_5e,PO1,Prsnt,125,5.58,0.00,10.29,3.66,4.68,2.60,0.00,0.00,0.00,98.70,0.00,16.32,0.00,0.00,0.00,1.22
79,4e_5e,PO1,Prsnt,135,5.71,0.00,9.89,3.61,4.63,2.52,0.00,0.00,0.00,95.14,0.00,16.45,0.00,0.00,0.00,1.25
79,4e_5e,PO1,Prsnt,145,5.77,0.00,9.35,3.55,4.55,2.43,0.00,0.00,0.00,90.84,0.00,16.38,0.00,0.00,0.00,1.27
79,4e_5e,PO1,Prsnt,155,5.76,0.00,8.72,3.48,4.46,2.33,0.00,0.00,0.00,86.01,0.00,16.14,0.00,0.00,0.00,1.27
79,4e_5e,PO1,Prsnt,165,5.68,0.00,8.03,3.40,4.36,2.23,0.00,0.00,0.00,80.82,0.00,15.74,0.00,0.00,0.00,1.26
79,4e_5e,PO1,Prsnt,175,5.55,0.00,7.30,3.30,4.23,2.12,0.00,0.00,0.00,75.44,0.00,15.21,0.00,0.00,0.00,1.23
79,4e_5e,PO1,Prsnt,185,5.36,0.00,6.56,3.19,4.09,2.01,0.00,0.00,0.00,69.98,0.00,14.57,0.00,0.00,0.00,1.19
79,4e_5e,PO1,Prsnt,195,5.14,0.00,5.83,3.07,3.94,1.89,0.00,0.00,0.00,64.54,0.00,13.85,0.00,0.00,0.00,1.15
79,4e_5e,PO1,Prsnt,205,4.88,0.00,5.13,2.94,3.78,1.77,0.00,0.00,0.00,59.19,0.00,13.07,0.00,0.00,0.00,1.10
79,4e_5e,PO1,Prsnt,215,4.60,0.00,4.47,2.81,3.60,1.65,0.00,0.00,0.00,54.00,0.00,12.25,0.00,0.00,0.00,1.04
79,4e_5e,PO1,Prsnt,225,4.30,0.00,3.86,2.66,3.42,1.53,0.00,0.00,0.00,49.02,0.00,11.41,0.00,0.00,0.00,0.98
79,4e_5e,PO1,Prsnt,235,4.00,0.00,3.31,2.52,3.23,1.41,0.00,0.00,0.00,44.27,0.00,10.56,0.00,0.00,0.00,0.91
79,4e_5e,PO1,Prsnt,245,3.69,0.00,2.81,2.37,3.04,1.30,0.00,0.00,0.00,39.80,0.00,9.72,0.00,0.00,0.00,0.84
79,4e_5e,PO1,Prsnt,255,3.38,0.00,2.38,2.22,2.85,1.19,0.00,0.00,0.00,35.61,0.00,8.90,0.00,0.00,0.00,0.78
80,patnt,PO1,Prsnt,5,0.00,0.00,0.00,0.00,0.00,0.00,0.00,0.00,0.00,0.00,0.00,0.00,0.00,0.00,0.00,0.00
80,patnt,PO1,Prsnt,15,0.02,0.03,0.19,0.02,0.38,0.12,0.25,0.00,0.00,1.69,0.00,0.14,0.00,0.00,0.00,0.01
80,patnt,PO1,Prsnt,25,0.12,0.13,0.72,0.14,1.38,0.60,0.54,0.00,0.00,7.75,0.00,0.63,0.00,0.00,0.00,0.06
80,patnt,PO1,Prsnt,35,0.30,0.33,1.56,0.30,2.70,1.30,0.84,0.00,0.00,18.84,0.00,1.54,0.00,0.00,0.00,0.14
80,patnt,PO1,Prsnt,45,0.56,0.62,2.62,0.47,4.05,1.94,1.12,0.00,0.00,33.87,0.00,2.83,0.00,0.00,0.00,0.26
80,patnt,PO1,Prsnt,55,0.88,0.98,3.80,0.60,5.25,2.43,1.37,0.00,0.00,50.95,0.00,4.41,0.00,0.00,0.00,0.40
80,patnt,PO1,Prsnt,65,1.25,1.40,5.00,0.71,6.29,2.81,1.59,0.00,0.00,68.32,0.00,6.16,0.00,0.00,0.00,0.56
80,patnt,PO1,Prsnt,75,1.64,1.87,6.18,0.80,7.19,3.14,1.78,0.00,0.00,84.75,0.00,8.00,0.00,0.00,0.00,0.73
80,patnt,PO1,Prsnt,85,2.06,2.37,7.27,0.89,8.02,3.43,1.95,0.00,0.00,99.49,0.00,9.86,0.00,0.00,0.00,0.91
80,patnt,PO1,Prsnt,95,2.48,2.90,8.25,0.98,8.78,3.69,2.08,0.00,0.00,112.12,0.00,11.68,0.00,0.00,0.00,1.09
80,patnt,PO1,Prsnt,105,2.90,3.44,9.07,1.06,9.49,3.92,2.20,0.00,0.00,122.38,0.00,13.40,0.00,0.00,0.00,1.27
80,patnt,PO1,Prsnt,115,3.29,3.98,9.69,1.13,10.14,4.11,2.28,0.00,0.00,130.13,0.00,14.96,0.00,0.00,0.00,1.44
80,patnt,PO1,Prsnt,125,3.64,4.49,10.09,1.19,10.72,4.26,2.33,0.00,0.00,135.27,0.00,16.30,0.00,0.00,0.00,1.60
80,patnt,PO1,Prsnt,135,3.94,4.97,10.24,1.24,11.18,4.36,2.34,0.00,0.00,137.83,0.00,17.37,0.00,0.00,0.00,1.73
80,patnt,PO1,Prsnt,145,4.17,5.38,10.15,1.28,11.53,4.40,2.31,0.00,0.00,137.87,0.00,18.12,0.00,0.00,0.00,1.83
80,patnt,PO1,Prsnt,155,4.32,5.71,9.83,1.30,11.74,4.39,2.25,0.00,0.00,135.57,0.00,18.54,0.00,0.00,0.00,1.91
80,patnt,PO1,Prsnt,165,4.39,5.94,9.31,1.31,11.80,4.32,2.15,0.00,0.00,131.16,0.00,18.62,0.00,0.00,0.00,1.94
80,patnt,PO1,Prsnt,175,4.38,6.08,8.64,1.30,11.70,4.19,2.03,0.00,0.00,124.94,0.00,18.36,0.00,0.00,0.00,1.95
80,patnt,PO1,Prsnt,185,4.28,6.10,7.85,1.27,11.45,4.01,1.88,0.00,0.00,117.25,0.00,17.79,0.00,0.00,0.00,1.91
80,patnt,PO1,Prsnt,195,4.11,6.03,7.00,1.23,11.06,3.79,1.71,0.00,0.00,108.45,0.00,16.96,0.00,0.00,0.00,1.84
80,patnt,PO1,Prsnt,205,3.89,5.85,6.12,1.17,10.53,3.53,1.53,0.00,0.00,98.89,0.00,15.91,0.00,0.00,0.00,1.75
80,patnt,PO1,Prsnt,215,3.61,5.59,5.26,1.10,9.90,3.24,1.35,0.00,0.00,88.92,0.00,14.70,0.00,0.00,0.00,1.63
80,patnt,PO1,Prsnt,225,3.30,5.26,4.44,1.02,9.19,2.94,1.18,0.00,0.00,78.87,0.00,13.38,0.00,0.00,0.00,1.50
80,patnt,PO1,Prsnt,235,2.97,4.87,3.69,0.93,8.41,2.63,1.01,0.00,0.00,69.01,0.00,12.00,0.00,0.00,0.00,1.35
80,patnt,PO1,Prsnt,245,2.63,4.45,3.01,0.84,7.60,2.32,0.85,0.00,0.00,59.57,0.00,10.61,0.00,0.00,0.00,1.20
80,patnt,PO1,Prsnt,255,2.29,4.00,2.42,0.75,6.78,2.02,0.71,0.00,0.00,50.75,0.00,9.25,0.00,0.00,0.00,1.05
81,4e_5e,PO1,Exten,5,0.00,0.00,0.00,0.00,0.00,0.00,0.00,0.00,0.00,0.00,0.00,0.00,0.00,0.00,0.00,0.00
81,4e_5e,PO1,Exten,15,0.15,0.00,0.70,0.32,0.60,0.28,0.00,0.00,0.00,4.43,0.00,0.50,0.00,0.00,0.00,0.04
81,4e_5e,PO1,Exten,25,0.55,0.00,2.14,1.25,1.76,1.08,0.00,0.00,0.00,16.47,0.00,1.83,0.00,0.00,0.00,0.13
81,4e_5e,PO1,Exten,35,1.15,0.00,3.94,2.35,2.93,1.97,0.00,0.00,0.00,34.06,0.00,3.82,0.00,0.00,0.00,0.27
81,4e_5e,PO1,Exten,45,1.85,0.00,5.75,3.11,3.81,2.55,0.00,0.00,0.00,53.14,0.00,6.10,0.00,0.00,0.00,0.43
81,4e_5e,PO1,Exten,55,2.56,0.00,7.33,3.50,4.34,2.81,0.00,0.00,0.00,70.30,0.00,8.35,0.00,0.00,0.00,0.58
81,4e_5e,PO1,Exten,65,3.21,0.00,8.58,3.66,4.62,2.89,0.00,0.00,0.00,83.73,0.00,10.37,0.00,0.00,0.00,0.72
81,4e_5e,PO1,Exten,75,3.80,0.00,9.50,3.73,4.74,2.90,0.00,0.00,0.00,93.14,0.00,12.07,0.00,0.00,0.00,0.85
81,4e_5e,PO1,Exten,85,4.31,0.00,10.12,3.74,4.78,2.86,0.00,0.00,0.00,98.95,0.00,13.46,0.00,0.00,0.00,0.95
81,4e_5e,PO1,Exten,95,4.73,0.00,10.48,3.74,4.78,2.81,0.00,0.00,0.00,101.83,0.00,14.55,0.00,0.00,0.00,1.04
81,4e_5e,PO1,Exten,105,5.09,0.00,10.62,3.72,4.76,2.75,0.00,0.00,0.00,102.42,0.00,15.38,0.00,0.00,0.00,1.12
81,4e_5e,PO1,Exten,115,5.37,0.00,10.55,3.69,4.73,2.68,0.00,0.00,0.00,101.24,0.00,15.97,0.00,0.00,0.00,1.17
81,4e_5e,PO1,Exten,125,5.58,0.00,10.29,3.66,4.68,2.60,0.00,0.00,0.00,98.70,0.00,16.32,0.00,0.00,0.00,1.22
81,4e_5e,PO1,Exten,135,5.71,0.00,9.89,3.61,4.63,2.52,0.00,0.00,0.00,95.14,0.00,16.45,0.00,0.00,0.00,1.25
81,4e_5e,PO1,Exten,145,5.77,0.00,9.35,3.55,4.55,2.43,0.00,0.00,0.00,90.84,0.00,16.38,0.00,0.00,0.00,1.27
81,4e_5e,PO1,Exten,155,5.76,0.00,8.72,3.48,4.46,2.33,0.00,0.00,0.00,86.01,0.00,16.14,0.00,0.00,0.00,1.27
81,4e_5e,PO1,Exten,165,5.68,0.00,8.03,3.40,4.36,2.23,0.00,0.00,0.00,80.82,0.00,15.74,0.00,0.00,0.00,1.26
81,4e_5e,PO1,Exten,175,5.55,0.00,7.30,3.30,4.23,2.12,0.00,0.00,0.00,75.44,0.00,15.21,0.00,0.00,0.00,1.23
81,4e_5e,PO1,Exten,185,5.36,0.00,6.56,3.19,4.09,2.01,0.00,0.00,0.00,69.98,0.00,14.57,0.00,0.00,0.00,1.19
81,4e_5e,PO1,Exten,195,5.14,0.00,5.83,3.07,3.94,1.89,0.00,0.00,0.00,64.54,0.00,13.85,0.00,0.00,0.00,1.15
81,4e_5e,PO1,Exten,205,4.88,0.00,5.13,2.94,3.78,1.77,0.00,0.00,0.00,59.19,0.00,13.07,0.00,0.00,0.00,1.10
81,4e_5e,PO1,Exten,215,4.60,0.00,4.47,2.81,3.60,1.65,0.00,0.00,0.00,54.00,0.00,12.25,0.00,0.00,0.00,1.04
81,4e_5e,PO1,Exten,225,4.30,0.00,3.86,2.66,3.42,1.53,0.00,0.00,0.00,49.02,0.00,11.41,0.00,0.00,0.00,0.98
81,4e_5e,PO1,Exten,235,4.00,0.00,3.31,2.52,3.23,1.41,0.00,0.00,0.00,44.27,0.00,10.56,0.00,0.00,0.00,0.91
81,4e_5e,PO1,Exten,245,3.69,0.00,2.81,2.37,3.04,1.30,0.00,0.00,0.00,39.80,0.00,9.72,0.00,0.00,0.00,0.84
81,4e_5e,PO1,Exten,255,3.38,0.00,2.38,2.22,2.85,1.19,0.00,0.00,0.00,35.61,0.00,8.90,0.00,0.00,0.00,0.78
82,patnt,PO1,Exten,5,0.00,0.00,0.00,0.00,0.00,0.00,0.00,0.00,0.00,0.00,0.00,0.00,0.00,0.00,0.00,0.00
82,patnt,PO1,Exten,15,0.02,0.03,0.19,0.02,0.38,0.12,0.25,0.00,0.00,1.69,0.00,0.14,0.00,0.00,0.00,0.01
82,patnt,PO1,Exten,25,0.12,0.13,0.72,0.14,1.38,0.60,0.54,0.00,0.00,7.75,0.00,0.63,0.00,0.00,0.00,0.06
82,patnt,PO1,Exten,35,0.30,0.33,1.56,0.30,2.70,1.30,0.84,0.00,0.00,18.84,0.00,1.54,0.00,0.00,0.00,0.14
82,patnt,PO1,Exten,45,0.56,0.62,2.62,0.47,4.05,1.94,1.12,0.00,0.00,33.87,0.00,2.83,0.00,0.00,0.00,0.26
82,patnt,PO1,Exten,55,0.88,0.98,3.80,0.60,5.25,2.43,1.37,0.00,0.00,50.95,0.00,4.41,0.00,0.00,0.00,0.40
82,patnt,PO1,Exten,65,1.25,1.40,5.00,0.71,6.29,2.81,1.59,0.00,0.00,68.32,0.00,6.16,0.00,0.00,0.00,0.56
82,patnt,PO1,Exten,75,1.64,1.87,6.18,0.80,7.19,3.14,1.78,0.00,0.00,84.75,0.00,8.00,0.00,0.00,0.00,0.73
82,patnt,PO1,Exten,85,2.06,2.37,7.27,0.89,8.02,3.43,1.95,0.00,0.00,99.49,0.00,9.86,0.00,0.00,0.00,0.91
82,patnt,PO1,Exten,95,2.48,2.90,8.25,0.98,8.78,3.69,2.08,0.00,0.00,112.12,0.00,11.68,0.00,0.00,0.00,1.09
82,patnt,PO1,Exten,105,2.90,3.44,9.07,1.06,9.49,3.92,2.20,0.00,0.00,122.38,0.00,13.40,0.00,0.00,0.00,1.27
82,patnt,PO1,Exten,115,3.29,3.98,9.69,1.13,10.14,4.11,2.28,0.00,0.00,130.13,0.00,14.96,0.00,0.00,0.00,1.44
82,patnt,PO1,Exten,125,3.64,4.49,10.09,1.19,10.72,4.26,2.33,0.00,0.00,135.27,0.00,16.30,0.00,0.00,0.00,1.60
82,patnt,PO1,Exten,135,3.94,4.97,10.24,1.24,11.18,4.36,2.34,0.00,0.00,137.83,0.00,17.37,0.00,0.00,0.00,1.73
82,patnt,PO1,Exten,145,4.17,5.38,10.15,1.28,11.53,4.40,2.31,0.00,0.00,137.87,0.00,18.12,0.00,0.00,0.00,1.83
82,patnt,PO1,Exten,155,4.32,5.71,9.83,1.30,11.74,4.39,2.25,0.00,0.00,135.57,0.00,18.54,0.00,0.00,0.00,1.91
82,patnt,PO1,Exten,165,4.39,5.94,9.31,1.31,11.80,4.32,2.15,0.00,0.00,131.16,0.00,18.62,0.00,0.00,0.00,1.94
82,patnt,PO1,Exten,175,4.38,6.08,8.64,1.30,11.70,4.19,2.03,0.00,0.00,124.94,0.00,18.36,0.00,0.00,0.00,1.95
82,patnt,PO1,Exten,185,4.28,6.10,7.85,1.27,11.45,4.01,1.88,0.00,0.00,117.25,0.00,17.79,0.00,0.00,0.00,1.91
82,patnt,PO1,Exten,195,4.11,6.03,7.00,1.23,11.06,3.79,1.71,0.00,0.00,108.45,0.00,16.96,0.00,0.00,0.00,1.84
82,patnt,PO1,Exten,205,3.89,5.85,6.12,1.17,10.53,3.53,1.53,0.00,0.00,98.89,0.00,15.91,0.00,0.00,0.00,1.75
82,patnt,PO1,Exten,215,3.61,5.59,5.26,1.10,9.90,3.24,1.35,0.00,0.00,88.92,0.00,14.70,0.00,0.00,0.00,1.63
82,patnt,PO1,Exten,225,3.30,5.26,4.44,1.02,9.19,2.94,1.18,0.00,0.00,78.87,0.00,13.38,0.00,0.00,0.00,1.50
82,patnt,PO1,Exten,235,2.97,4.87,3.69,0.93,8.41,2.63,1.01,0.00,0.00,69.01,0.00,12.00,0.00,0.00,0.00,1.35
82,patnt,PO1,Exten,245,2.63,4.45,3.01,0.84,7.60,2.32,0.85,0.00,0.00,59.57,0.00,10.61,0.00,0.00,0.00,1.20
82,patnt,PO1,Exten,255,2.29,4.00,2.42,0.75,6.78,2.02,0.71,0.00,0.00,50.75,0.00,9.25,0.00,0.00,0.00,1.05
83,4e_5e,PO1,Basc1,5,0.00,0.00,0.00,0.00,0.00,0.00,0.00,0.00,0.00,0.00,0.00,0.00,0.00,0.00,0.00,0.00
83,4e_5e,PO1,Basc1,15,0.15,0.00,0.70,0.32,0.60,0.28,0.00,0.00,0.00,4.43,0.00,0.50,0.00,0.00,0.00,0.04
83,4e_5e,PO1,Basc1,25,0.55,0.00,2.14,1.25,1.76,1.08,0.00,0.00,0.00,16.47,0.00,1.83,0.00,0.00,0.00,0.13
83,4e_5e,PO1,Basc1,35,1.15,0.00,3.94,2.35,2.93,1.97,0.00,0.00,0.00,34.06,0.00,3.82,0.00,0.00,0.00,0.27
83,4e_5e,PO1,Basc1,45,1.85,0.00,5.75,3.11,3.81,2.55,0.00,0.00,0.00,53.14,0.00,6.10,0.00,0.00,0.00,0.43
83,4e_5e,PO1,Basc1,55,2.56,0.00,7.33,3.50,4.34,2.81,0.00,0.00,0.00,70.30,0.00,8.35,0.00,0.00,0.00,0.58
83,4e_5e,PO1,Basc1,65,3.21,0.00,8.58,3.66,4.62,2.89,0.00,0.00,0.00,83.73,0.00,10.37,0.00,0.00,0.00,0.72
83,4e_5e,PO1,Basc1,75,3.80,0.00,9.50,3.73,4.74,2.90,0.00,0.00,0.00,93.14,0.00,12.07,0.00,0.00,0.00,0.85
83,4e_5e,PO1,Basc1,85,4.31,0.00,10.12,3.74,4.78,2.86,0.00,0.00,0.00,98.95,0.00,13.46,0.00,0.00,0.00,0.95
83,4e_5e,PO1,Basc1,95,4.73,0.00,10.48,3.74,4.78,2.81,0.00,0.00,0.00,101.83,0.00,14.55,0.00,0.00,0.00,1.04
83,4e_5e,PO1,Basc1,105,5.09,0.00,10.62,3.72,4.76,2.75,0.00,0.00,0.00,102.42,0.00,15.38,0.00,0.00,0.00,1.12
83,4e_5e,PO1,Basc1,115,5.37,0.00,10.55,3.69,4.73,2.68,0.00,0.00,0.00,101.24,0.00,15.97,0.00,0.00,0.00,1.17
83,4e_5e,PO1,Basc1,125,5.58,0.00,10.29,3.66,4.68,2.60,0.00,0.00,0.00,98.70,0.00,16.32,0.00,0.00,0.00,1.22
83,4e_5e,PO1,Basc1,135,5.71,0.00,9.89,3.61,4.63,2.52,0.00,0.00,0.00,95.14,0.00,16.45,0.00,0.00,0.00,1.25
83,4e_5e,PO1,Basc1,145,5.77,0.00,9.35,3.55,4.55,2.43,0.00,0.00,0.00,90.84,0.00,16.38,0.00,0.00,0.00,1.27
83,4e_5e,PO1,Basc1,155,5.76,0.00,8.72,3.48,4.46,2.33,0.00,0.00,0.00,86.01,0.00,16.14,0.00,0.00,0.00,1.27
83,4e_5e,PO1,Basc1,165,5.68,0.00,8.03,3.40,4.36,2.23,0.00,0.00,0.00,80.82,0.00,15.74,0.00,0.00,0.00,1.26
83,4e_5e,PO1,Basc1,175,5.55,0.00,7.30,3.30,4.23,2.12,0.00,0.00,0.00,75.44,0.00,15.21,0.00,0.00,0.00,1.23
83,4e_5e,PO1,Basc1,185,5.36,0.00,6.56,3.19,4.09,2.01,0.00,0.00,0.00,69.98,0.00,14.57,0.00,0.00,0.00,1.19
83,4e_5e,PO1,Basc1,195,5.14,0.00,5.83,3.07,3.94,1.89,0.00,0.00,0.00,64.54,0.00,13.85,0.00,0.00,0.00,1.15
83,4e_5e,PO1,Basc1,205,4.88,0.00,5.13,2.94,3.78,1.77,0.00,0.00,0.00,59.19,0.00,13.07,0.00,0.00,0.00,1.10
83,4e_5e,PO1,Basc1,215,4.60,0.00,4.47,2.81,3.60,1.65,0.00,0.00,0.00,54.00,0.00,12.25,0.00,0.00,0.00,1.04
83,4e_5e,PO1,Basc1,225,4.30,0.00,3.86,2.66,3.42,1.53,0.00,0.00,0.00,49.02,0.00,11.41,0.00,0.00,0.00,0.98
83,4e_5e,PO1,Basc1,235,4.00,0.00,3.31,2.52,3.23,1.41,0.00,0.00,0.00,44.27,0.00,10.56,0.00,0.00,0.00,0.91
83,4e_5e,PO1,Basc1,245,3.69,0.00,2.81,2.37,3.04,1.30,0.00,0.00,0.00,39.80,0.00,9.72,0.00,0.00,0.00,0.84
83,4e_5e,PO1,Basc1,255,3.38,0.00,2.38,2.22,2.85,1.19,0.00,0.00,0.00,35.61,0.00,8.90,0.00,0.00,0.00,0.78
84,patnt,PO1,Basc1,5,0.00,0.00,0.00,0.00,0.00,0.00,0.00,0.00,0.00,0.00,0.00,0.00,0.00,0.00,0.00,0.00
84,patnt,PO1,Basc1,15,0.02,0.03,0.19,0.02,0.38,0.12,0.25,0.00,0.00,1.69,0.00,0.14,0.00,0.00,0.00,0.01
84,patnt,PO1,Basc1,25,0.12,0.13,0.72,0.14,1.38,0.60,0.54,0.00,0.00,7.75,0.00,0.63,0.00,0.00,0.00,0.06
84,patnt,PO1,Basc1,35,0.30,0.33,1.56,0.30,2.70,1.30,0.84,0.00,0.00,18.84,0.00,1.54,0.00,0.00,0.00,0.14
84,patnt,PO1,Basc1,45,0.56,0.62,2.62,0.47,4.05,1.94,1.12,0.00,0.00,33.87,0.00,2.83,0.00,0.00,0.00,0.26
84,patnt,PO1,Basc1,55,0.88,0.98,3.80,0.60,5.25,2.43,1.37,0.00,0.00,50.95,0.00,4.41,0.00,0.00,0.00,0.40
84,patnt,PO1,Basc1,65,1.25,1.40,5.00,0.71,6.29,2.81,1.59,0.00,0.00,68.32,0.00,6.16,0.00,0.00,0.00,0.56
84,patnt,PO1,Basc1,75,1.64,1.87,6.18,0.80,7.19,3.14,1.78,0.00,0.00,84.75,0.00,8.00,0.00,0.00,0.00,0.73
84,patnt,PO1,Basc1,85,2.06,2.37,7.27,0.89,8.02,3.43,1.95,0.00,0.00,99.49,0.00,9.86,0.00,0.00,0.00,0.91
84,patnt,PO1,Basc1,95,2.48,2.90,8.25,0.98,8.78,3.69,2.08,0.00,0.00,112.12,0.00,11.68,0.00,0.00,0.00,1.09
84,patnt,PO1,Basc1,105,2.90,3.44,9.07,1.06,9.49,3.92,2.20,0.00,0.00,122.38,0.00,13.40,0.00,0.00,0.00,1.27
84,patnt,PO1,Basc1,115,3.29,3.98,9.69,1.13,10.14,4.11,2.28,0.00,0.00,130.13,0.00,14.96,0.00,0.00,0.00,1.44
84,patnt,PO1,Basc1,125,3.64,4.49,10.09,1.19,10.72,4.26,2.33,0.00,0.00,135.27,0.00,16.30,0.00,0.00,0.00,1.60
84,patnt,PO1,Basc1,135,3.94,4.97,10.24,1.24,11.18,4.36,2.34,0.00,0.00,137.83,0.00,17.37,0.00,0.00,0.00,1.73
84,patnt,PO1,Basc1,145,4.17,5.38,10.15,1.28,11.53,4.40,2.31,0.00,0.00,137.87,0.00,18.12,0.00,0.00,0.00,1.83
84,patnt,PO1,Basc1,155,4.32,5.71,9.83,1.30,11.74,4.39,2.25,0.00,0.00,135.57,0.00,18.54,0.00,0.00,0.00,1.91
84,patnt,PO1,Basc1,165,4.39,5.94,9.31,1.31,11.80,4.32,2.15,0.00,0.00,131.16,0.00,18.62,0.00,0.00,0.00,1.94
84,patnt,PO1,Basc1,175,4.38,6.08,8.64,1.30,11.70,4.19,2.03,0.00,0.00,124.94,0.00,18.36,0.00,0.00,0.00,1.95
84,patnt,PO1,Basc1,185,4.28,6.10,7.85,1.27,11.45,4.01,1.88,0.00,0.00,117.25,0.00,17.79,0.00,0.00,0.00,1.91
84,patnt,PO1,Basc1,195,4.11,6.03,7.00,1.23,11.06,3.79,1.71,0.00,0.00,108.45,0.00,16.96,0.00,0.00,0.00,1.84
84,patnt,PO1,Basc1,205,3.89,5.85,6.12,1.17,10.53,3.53,1.53,0.00,0.00,98.89,0.00,15.91,0.00,0.00,0.00,1.75
84,patnt,PO1,Basc1,215,3.61,5.59,5.26,1.10,9.90,3.24,1.35,0.00,0.00,88.92,0.00,14.70,0.00,0.00,0.00,1.63
84,patnt,PO1,Basc1,225,3.30,5.26,4.44,1.02,9.19,2.94,1.18,0.00,0.00,78.87,0.00,13.38,0.00,0.00,0.00,1.50
84,patnt,PO1,Basc1,235,2.97,4.87,3.69,0.93,8.41,2.63,1.01,0.00,0.00,69.01,0.00,12.00,0.00,0.00,0.00,1.35
84,patnt,PO1,Basc1,245,2.63,4.45,3.01,0.84,7.60,2.32,0.85,0.00,0.00,59.57,0.00,10.61,0.00,0.00,0.00,1.20
84,patnt,PO1,Basc1,255,2.29,4.00,2.42,0.75,6.78,2.02,0.71,0.00,0.00,50.75,0.00,9.25,0.00,0.00,0.00,1.05
85,4e_5e,PO1,Intn1,5,0.00,0.00,0.00,0.00,0.00,0.00,0.00,0.00,0.00,0.00,0.00,0.00,0.00,0.00,0.00,0.00
85,4e_5e,PO1,Intn1,15,0.15,0.00,0.70,0.32,0.60,0.28,0.00,0.00,0.00,4.43,0.00,0.50,0.00,0.00,0.00,0.04
85,4e_5e,PO1,Intn1,25,0.55,0.00,2.14,1.25,1.76,1.08,0.00,0.00,0.00,16.47,0.00,1.83,0.00,0.00,0.00,0.13
85,4e_5e,PO1,Intn1,35,1.15,0.00,3.94,2.35,2.93,1.97,0.00,0.00,0.00,34.06,0.00,3.82,0.00,0.00,0.00,0.27
85,4e_5e,PO1,Intn1,45,1.85,0.00,5.75,3.11,3.81,2.55,0.00,0.00,0.00,53.14,0.00,6.10,0.00,0.00,0.00,0.43
85,4e_5e,PO1,Intn1,55,2.56,0.00,7.33,3.50,4.34,2.81,0.00,0.00,0.00,70.30,0.00,8.35,0.00,0.00,0.00,0.58
85,4e_5e,PO1,Intn1,65,3.21,0.00,8.58,3.66,4.62,2.89,0.00,0.00,0.00,83.73,0.00,10.37,0.00,0.00,0.00,0.72
85,4e_5e,PO1,Intn1,75,3.80,0.00,9.50,3.73,4.74,2.90,0.00,0.00,0.00,93.14,0.00,12.07,0.00,0.00,0.00,0.85
85,4e_5e,PO1,Intn1,85,4.31,0.00,10.12,3.74,4.78,2.86,0.00,0.00,0.00,98.95,0.00,13.46,0.00,0.00,0.00,0.95
85,4e_5e,PO1,Intn1,95,4.73,0.00,10.48,3.74,4.78,2.81,0.00,0.00,0.00,101.83,0.00,14.55,0.00,0.00,0.00,1.04
85,4e_5e,PO1,Intn1,105,5.09,0.00,10.62,3.72,4.76,2.75,0.00,0.00,0.00,102.42,0.00,15.38,0.00,0.00,0.00,1.12
85,4e_5e,PO1,Intn1,115,5.37,0.00,10.55,3.69,4.73,2.68,0.00,0.00,0.00,101.24,0.00,15.97,0.00,0.00,0.00,1.17
85,4e_5e,PO1,Intn1,125,5.58,0.00,10.29,3.66,4.68,2.60,0.00,0.00,0.00,98.70,0.00,16.32,0.00,0.00,0.00,1.22
85,4e_5e,PO1,Intn1,135,5.71,0.00,9.89,3.61,4.63,2.52,0.00,0.00,0.00,95.14,0.00,16.45,0.00,0.00,0.00,1.25
85,4e_5e,PO1,Intn1,145,5.77,0.00,9.35,3.55,4.55,2.43,0.00,0.00,0.00,90.84,0.00,16.38,0.00,0.00,0.00,1.27
85,4e_5e,PO1,Intn1,155,5.76,0.00,8.72,3.48,4.46,2.33,0.00,0.00,0.00,86.01,0.00,16.14,0.00,0.00,0.00,1.27
85,4e_5e,PO1,Intn1,165,5.68,0.00,8.03,3.40,4.36,2.23,0.00,0.00,0.00,80.82,0.00,15.74,0.00,0.00,0.00,1.26
85,4e_5e,PO1,Intn1,175,5.55,0.00,7.30,3.30,4.23,2.12,0.00,0.00,0.00,75.44,0.00,15.21,0.00,0.00,0.00,1.23
85,4e_5e,PO1,Intn1,185,5.36,0.00,6.56,3.19,4.09,2.01,0.00,0.00,0.00,69.98,0.00,14.57,0.00,0.00,0.00,1.19
85,4e_5e,PO1,Intn1,195,5.14,0.00,5.83,3.07,3.94,1.89,0.00,0.00,0.00,64.54,0.00,13.85,0.00,0.00,0.00,1.15
85,4e_5e,PO1,Intn1,205,4.88,0.00,5.13,2.94,3.78,1.77,0.00,0.00,0.00,59.19,0.00,13.07,0.00,0.00,0.00,1.10
85,4e_5e,PO1,Intn1,215,4.60,0.00,4.47,2.81,3.60,1.65,0.00,0.00,0.00,54.00,0.00,12.25,0.00,0.00,0.00,1.04
85,4e_5e,PO1,Intn1,225,4.30,0.00,3.86,2.66,3.42,1.53,0.00,0.00,0.00,49.02,0.00,11.41,0.00,0.00,0.00,0.98
85,4e_5e,PO1,Intn1,235,4.00,0.00,3.31,2.52,3.23,1.41,0.00,0.00,0.00,44.27,0.00,10.56,0.00,0.00,0.00,0.91
85,4e_5e,PO1,Intn1,245,3.69,0.00,2.81,2.37,3.04,1.30,0.00,0.00,0.00,39.80,0.00,9.72,0.00,0.00,0.00,0.84
85,4e_5e,PO1,Intn1,255,3.38,0.00,2.38,2.22,2.85,1.19,0.00,0.00,0.00,35.61,0.00,8.90,0.00,0.00,0.00,0.78
86,patnt,PO1,Intn1,5,0.00,0.00,0.00,0.00,0.00,0.00,0.00,0.00,0.00,0.00,0.00,0.00,0.00,0.00,0.00,0.00
86,patnt,PO1,Intn1,15,0.02,0.03,0.19,0.02,0.38,0.12,0.25,0.00,0.00,1.69,0.00,0.14,0.00,0.00,0.00,0.01
86,patnt,PO1,Intn1,25,0.12,0.13,0.72,0.14,1.38,0.60,0.54,0.00,0.00,7.75,0.00,0.63,0.00,0.00,0.00,0.06
86,patnt,PO1,Intn1,35,0.30,0.33,1.56,0.30,2.70,1.30,0.84,0.00,0.00,18.84,0.00,1.54,0.00,0.00,0.00,0.14
86,patnt,PO1,Intn1,45,0.56,0.62,2.62,0.47,4.05,1.94,1.12,0.00,0.00,33.87,0.00,2.83,0.00,0.00,0.00,0.26
86,patnt,PO1,Intn1,55,0.88,0.98,3.80,0.60,5.25,2.43,1.37,0.00,0.00,50.95,0.00,4.41,0.00,0.00,0.00,0.40
86,patnt,PO1,Intn1,65,1.25,1.40,5.00,0.71,6.29,2.81,1.59,0.00,0.00,68.32,0.00,6.16,0.00,0.00,0.00,0.56
86,patnt,PO1,Intn1,75,1.64,1.87,6.18,0.80,7.19,3.14,1.78,0.00,0.00,84.75,0.00,8.00,0.00,0.00,0.00,0.73
86,patnt,PO1,Intn1,85,2.06,2.37,7.27,0.89,8.02,3.43,1.95,0.00,0.00,99.49,0.00,9.86,0.00,0.00,0.00,0.91
86,patnt,PO1,Intn1,95,2.48,2.90,8.25,0.98,8.78,3.69,2.08,0.00,0.00,112.12,0.00,11.68,0.00,0.00,0.00,1.09
86,patnt,PO1,Intn1,105,2.90,3.44,9.07,1.06,9.49,3.92,2.20,0.00,0.00,122.38,0.00,13.40,0.00,0.00,0.00,1.27
86,patnt,PO1,Intn1,115,3.29,3.98,9.69,1.13,10.14,4.11,2.28,0.00,0.00,130.13,0.00,14.96,0.00,0.00,0.00,1.44
86,patnt,PO1,Intn1,125,3.64,4.49,10.09,1.19,10.72,4.26,2.33,0.00,0.00,135.27,0.00,16.30,0.00,0.00,0.00,1.60
86,patnt,PO1,Intn1,135,3.94,4.97,10.24,1.24,11.18,4.36,2.34,0.00,0.00,137.83,0.00,17.37,0.00,0.00,0.00,1.73
86,patnt,PO1,Intn1,145,4.17,5.38,10.15,1.28,11.53,4.40,2.31,0.00,0.00,137.87,0.00,18.12,0.00,0.00,0.00,1.83
86,patnt,PO1,Intn1,155,4.32,5.71,9.83,1.30,11.74,4.39,2.25,0.00,0.00,135.57,0.00,18.54,0.00,0.00,0.00,1.91
86,patnt,PO1,Intn1,165,4.39,5.94,9.31,1.31,11.80,4.32,2.15,0.00,0.00,131.16,0.00,18.62,0.00,0.00,0.00,1.94
86,patnt,PO1,Intn1,175,4.38,6.08,8.64,1.30,11.70,4.19,2.03,0.00,0.00,124.94,0.00,18.36,0.00,0.00,0.00,1.95
86,patnt,PO1,Intn1,185,4.28,6.10,7.85,1.27,11.45,4.01,1.88,0.00,0.00,117.25,0.00,17.79,0.00,0.00,0.00,1.91
86,patnt,PO1,Intn1,195,4.11,6.03,7.00,1.23,11.06,3.79,1.71,0.00,0.00,108.45,0.00,16.96,0.00,0.00,0.00,1.84
86,patnt,PO1,Intn1,205,3.89,5.85,6.12,1.17,10.53,3.53,1.53,0.00,0.00,98.89,0.00,15.91,0.00,0.00,0.00,1.75
86,patnt,PO1,Intn1,215,3.61,5.59,5.26,1.10,9.90,3.24,1.35,0.00,0.00,88.92,0.00,14.70,0.00,0.00,0.00,1.63
86,patnt,PO1,Intn1,225,3.30,5.26,4.44,1.02,9.19,2.94,1.18,0.00,0.00,78.87,0.00,13.38,0.00,0.00,0.00,1.50
86,patnt,PO1,Intn1,235,2.97,4.87,3.69,0.93,8.41,2.63,1.01,0.00,0.00,69.01,0.00,12.00,0.00,0.00,0.00,1.35
86,patnt,PO1,Intn1,245,2.63,4.45,3.01,0.84,7.60,2.32,0.85,0.00,0.00,59.57,0.00,10.61,0.00,0.00,0.00,1.20
86,patnt,PO1,Intn1,255,2.29,4.00,2.42,0.75,6.78,2.02,0.71,0.00,0.00,50.75,0.00,9.25,0.00,0.00,0.00,1.05
87,4e_5e,PO1,Intn2,5,0.00,0.00,0.00,0.00,0.00,0.00,0.00,0.00,0.00,0.00,0.00,0.00,0.00,0.00,0.00,0.00
87,4e_5e,PO1,Intn2,15,0.15,0.00,0.70,0.32,0.60,0.28,0.00,0.00,0.00,4.43,0.00,0.50,0.00,0.00,0.00,0.04
87,4e_5e,PO1,Intn2,25,0.55,0.00,2.14,1.25,1.76,1.08,0.00,0.00,0.00,16.47,0.00,1.83,0.00,0.00,0.00,0.13
87,4e_5e,PO1,Intn2,35,1.15,0.00,3.94,2.35,2.93,1.97,0.00,0.00,0.00,34.06,0.00,3.82,0.00,0.00,0.00,0.27
87,4e_5e,PO1,Intn2,45,1.85,0.00,5.75,3.11,3.81,2.55,0.00,0.00,0.00,53.14,0.00,6.10,0.00,0.00,0.00,0.43
87,4e_5e,PO1,Intn2,55,2.56,0.00,7.33,3.50,4.34,2.81,0.00,0.00,0.00,70.30,0.00,8.35,0.00,0.00,0.00,0.58
87,4e_5e,PO1,Intn2,65,3.21,0.00,8.58,3.66,4.62,2.89,0.00,0.00,0.00,83.73,0.00,10.37,0.00,0.00,0.00,0.72
87,4e_5e,PO1,Intn2,75,3.80,0.00,9.50,3.73,4.74,2.90,0.00,0.00,0.00,93.14,0.00,12.07,0.00,0.00,0.00,0.85
87,4e_5e,PO1,Intn2,85,4.31,0.00,10.12,3.74,4.78,2.86,0.00,0.00,0.00,98.95,0.00,13.46,0.00,0.00,0.00,0.95
87,4e_5e,PO1,Intn2,95,4.73,0.00,10.48,3.74,4.78,2.81,0.00,0.00,0.00,101.83,0.00,14.55,0.00,0.00,0.00,1.04
87,4e_5e,PO1,Intn2,105,5.09,0.00,10.62,3.72,4.76,2.75,0.00,0.00,0.00,102.42,0.00,15.38,0.00,0.00,0.00,1.12
87,4e_5e,PO1,Intn2,115,5.37,0.00,10.55,3.69,4.73,2.68,0.00,0.00,0.00,101.24,0.00,15.97,0.00,0.00,0.00,1.17
87,4e_5e,PO1,Intn2,125,5.58,0.00,10.29,3.66,4.68,2.60,0.00,0.00,0.00,98.70,0.00,16.32,0.00,0.00,0.00,1.22
87,4e_5e,PO1,Intn2,135,5.71,0.00,9.89,3.61,4.63,2.52,0.00,0.00,0.00,95.14,0.00,16.45,0.00,0.00,0.00,1.25
87,4e_5e,PO1,Intn2,145,5.77,0.00,9.35,3.55,4.55,2.43,0.00,0.00,0.00,90.84,0.00,16.38,0.00,0.00,0.00,1.27
87,4e_5e,PO1,Intn2,155,5.76,0.00,8.72,3.48,4.46,2.33,0.00,0.00,0.00,86.01,0.00,16.14,0.00,0.00,0.00,1.27
87,4e_5e,PO1,Intn2,165,5.68,0.00,8.03,3.40,4.36,2.23,0.00,0.00,0.00,80.82,0.00,15.74,0.00,0.00,0.00,1.26
87,4e_5e,PO1,Intn2,175,5.55,0.00,7.30,3.30,4.23,2.12,0.00,0.00,0.00,75.44,0.00,15.21,0.00,0.00,0.00,1.23
87,4e_5e,PO1,Intn2,185,5.36,0.00,6.56,3.19,4.09,2.01,0.00,0.00,0.00,69.98,0.00,14.57,0.00,0.00,0.00,1.19
87,4e_5e,PO1,Intn2,195,5.14,0.00,5.83,3.07,3.94,1.89,0.00,0.00,0.00,64.54,0.00,13.85,0.00,0.00,0.00,1.15
87,4e_5e,PO1,Intn2,205,4.88,0.00,5.13,2.94,3.78,1.77,0.00,0.00,0.00,59.19,0.00,13.07,0.00,0.00,0.00,1.10
87,4e_5e,PO1,Intn2,215,4.60,0.00,4.47,2.81,3.60,1.65,0.00,0.00,0.00,54.00,0.00,12.25,0.00,0.00,0.00,1.04
87,4e_5e,PO1,Intn2,225,4.30,0.00,3.86,2.66,3.42,1.53,0.00,0.00,0.00,49.02,0.00,11.41,0.00,0.00,0.00,0.98
87,4e_5e,PO1,Intn2,235,4.00,0.00,3.31,2.52,3.23,1.41,0.00,0.00,0.00,44.27,0.00,10.56,0.00,0.00,0.00,0.91
87,4e_5e,PO1,Intn2,245,3.69,0.00,2.81,2.37,3.04,1.30,0.00,0.00,0.00,39.80,0.00,9.72,0.00,0.00,0.00,0.84
87,4e_5e,PO1,Intn2,255,3.38,0.00,2.38,2.22,2.85,1.19,0.00,0.00,0.00,35.61,0.00,8.90,0.00,0.00,0.00,0.78
88,patnt,PO1,Intn2,5,0.00,0.00,0.00,0.00,0.00,0.00,0.00,0.00,0.00,0.00,0.00,0.00,0.00,0.00,0.00,0.00
88,patnt,PO1,Intn2,15,0.02,0.03,0.19,0.02,0.38,0.12,0.25,0.00,0.00,1.69,0.00,0.14,0.00,0.00,0.00,0.01
88,patnt,PO1,Intn2,25,0.12,0.13,0.72,0.14,1.38,0.60,0.54,0.00,0.00,7.75,0.00,0.63,0.00,0.00,0.00,0.06
88,patnt,PO1,Intn2,35,0.30,0.33,1.56,0.30,2.70,1.30,0.84,0.00,0.00,18.84,0.00,1.54,0.00,0.00,0.00,0.14
88,patnt,PO1,Intn2,45,0.56,0.62,2.62,0.47,4.05,1.94,1.12,0.00,0.00,33.87,0.00,2.83,0.00,0.00,0.00,0.26
88,patnt,PO1,Intn2,55,0.88,0.98,3.80,0.60,5.25,2.43,1.37,0.00,0.00,50.95,0.00,4.41,0.00,0.00,0.00,0.40
88,patnt,PO1,Intn2,65,1.25,1.40,5.00,0.71,6.29,2.81,1.59,0.00,0.00,68.32,0.00,6.16,0.00,0.00,0.00,0.56
88,patnt,PO1,Intn2,75,1.64,1.87,6.18,0.80,7.19,3.14,1.78,0.00,0.00,84.75,0.00,8.00,0.00,0.00,0.00,0.73
88,patnt,PO1,Intn2,85,2.06,2.37,7.27,0.89,8.02,3.43,1.95,0.00,0.00,99.49,0.00,9.86,0.00,0.00,0.00,0.91
88,patnt,PO1,Intn2,95,2.48,2.90,8.25,0.98,8.78,3.69,2.08,0.00,0.00,112.12,0.00,11.68,0.00,0.00,0.00,1.09
88,patnt,PO1,Intn2,105,2.90,3.44,9.07,1.06,9.49,3.92,2.20,0.00,0.00,122.38,0.00,13.40,0.00,0.00,0.00,1.27
88,patnt,PO1,Intn2,115,3.29,3.98,9.69,1.13,10.14,4.11,2.28,0.00,0.00,130.13,0.00,14.96,0.00,0.00,0.00,1.44
88,patnt,PO1,Intn2,125,3.64,4.49,10.09,1.19,10.72,4.26,2.33,0.00,0.00,135.27,0.00,16.30,0.00,0.00,0.00,1.60
88,patnt,PO1,Intn2,135,3.94,4.97,10.24,1.24,11.18,4.36,2.34,0.00,0.00,137.83,0.00,17.37,0.00,0.00,0.00,1.73
88,patnt,PO1,Intn2,145,4.17,5.38,10.15,1.28,11.53,4.40,2.31,0.00,0.00,137.87,0.00,18.12,0.00,0.00,0.00,1.83
88,patnt,PO1,Intn2,155,4.32,5.71,9.83,1.30,11.74,4.39,2.25,0.00,0.00,135.57,0.00,18.54,0.00,0.00,0.00,1.91
88,patnt,PO1,Intn2,165,4.39,5.94,9.31,1.31,11.80,4.32,2.15,0.00,0.00,131.16,0.00,18.62,0.00,0.00,0.00,1.94
88,patnt,PO1,Intn2,175,4.38,6.08,8.64,1.30,11.70,4.19,2.03,0.00,0.00,124.94,0.00,18.36,0.00,0.00,0.00,1.95
88,patnt,PO1,Intn2,185,4.28,6.10,7.85,1.27,11.45,4.01,1.88,0.00,0.00,117.25,0.00,17.79,0.00,0.00,0.00,1.91
88,patnt,PO1,Intn2,195,4.11,6.03,7.00,1.23,11.06,3.79,1.71,0.00,0.00,108.45,0.00,16.96,0.00,0.00,0.00,1.84
88,patnt,PO1,Intn2,205,3.89,5.85,6.12,1.17,10.53,3.53,1.53,0.00,0.00,98.89,0.00,15.91,0.00,0.00,0.00,1.75
88,patnt,PO1,Intn2,215,3.61,5.59,5.26,1.10,9.90,3.24,1.35,0.00,0.00,88.92,0.00,14.70,0.00,0.00,0.00,1.63
88,patnt,PO1,Intn2,225,3.30,5.26,4.44,1.02,9.19,2.94,1.18,0.00,0.00,78.87,0.00,13.38,0.00,0.00,0.00,1.50
88,patnt,PO1,Intn2,235,2.97,4.87,3.69,0.93,8.41,2.63,1.01,0.00,0.00,69.01,0.00,12.00,0.00,0.00,0.00,1.35
88,patnt,PO1,Intn2,245,2.63,4.45,3.01,0.84,7.60,2.32,0.85,0.00,0.00,59.57,0.00,10.61,0.00,0.00,0.00,1.20
88,patnt,PO1,Intn2,255,2.29,4.00,2.42,0.75,6.78,2.02,0.71,0.00,0.00,50.75,0.00,9.25,0.00,0.00,0.00,1.05
91,4e_5e,BW1,Prsnt,5,0.00,0.00,0.00,0.00,0.00,0.00,0.00,0.00,0.00,0.00,0.00,0.00,0.00,0.00,0.00,0.00
91,4e_5e,BW1,Prsnt,15,0.03,0.00,0.08,0.06,0.09,0.05,0.06,0.00,0.00,0.19,0.00,0.24,4.29823620142001e-03,5.0800702196398e-03,0.00,0.01
91,4e_5e,BW1,Prsnt,25,0.23,0.00,0.47,0.50,0.54,0.42,0.20,0.00,0.00,1.42,0.00,1.71,0.02,0.03,0.00,0.07
91,4e_5e,BW1,Prsnt,35,0.70,0.00,1.27,1.36,1.31,1.11,0.38,0.00,0.00,4.26,0.00,5.15,0.08,0.10,0.00,0.21
91,4e_5e,BW1,Prsnt,45,1.40,0.00,2.30,2.24,2.11,1.78,0.55,0.00,0.00,8.25,0.00,10.20,0.16,0.21,0.00,0.41
91,4e_5e,BW1,Prsnt,55,2.19,0.00,3.31,2.84,2.71,2.21,0.67,0.00,0.00,12.30,0.00,15.74,0.25,0.33,0.00,0.63
91,4e_5e,BW1,Prsnt,65,2.94,0.00,4.14,3.18,3.08,2.44,0.73,0.00,0.00,15.65,0.00,20.86,0.34,0.44,0.00,0.83
91,4e_5e,BW1,Prsnt,75,3.60,0.00,4.75,3.35,3.27,2.52,0.76,0.00,0.00,18.02,0.00,25.14,0.41,0.54,0.00,1.00
91,4e_5e,BW1,Prsnt,85,4.14,0.00,5.13,3.41,3.35,2.53,0.77,0.00,0.00,19.44,0.00,28.46,0.48,0.62,0.00,1.14
91,4e_5e,BW1,Prsnt,95,4.55,0.00,5.32,3.41,3.35,2.49,0.75,0.00,0.00,20.00,0.00,30.77,0.52,0.68,0.00,1.25
91,4e_5e,BW1,Prsnt,105,4.83,0.00,5.31,3.34,3.29,2.40,0.72,0.00,0.00,19.83,0.00,32.07,0.55,0.72,0.00,1.32
91,4e_5e,BW1,Prsnt,115,4.96,0.00,5.14,3.23,3.19,2.28,0.67,0.00,0.00,19.09,0.00,32.42,0.57,0.74,0.00,1.35
91,4e_5e,BW1,Prsnt,125,4.96,0.00,4.83,3.08,3.04,2.13,0.62,0.00,0.00,17.92,0.00,31.90,0.57,0.74,0.00,1.35
91,4e_5e,BW1,Prsnt,135,4.84,0.00,4.42,2.90,2.86,1.96,0.56,0.00,0.00,16.47,0.00,30.65,0.56,0.73,0.00,1.32
91,4e_5e,BW1,Prsnt,145,4.61,0.00,3.95,2.69,2.66,1.79,0.50,0.00,0.00,14.85,0.00,28.83,0.54,0.69,0.00,1.26
91,4e_5e,BW1,Prsnt,155,4.31,0.00,3.45,2.47,2.44,1.61,0.44,0.00,0.00,13.16,0.00,26.59,0.51,0.65,0.00,1.18
91,4e_5e,BW1,Prsnt,165,3.95,0.00,2.95,2.24,2.21,1.43,0.38,0.00,0.00,11.49,0.00,24.09,0.47,0.60,0.00,1.09
91,4e_5e,BW1,Prsnt,175,3.56,0.00,2.47,2.01,1.98,1.25,0.32,0.00,0.00,9.89,0.00,21.46,0.43,0.54,0.00,0.98
91,4e_5e,BW1,Prsnt,185,3.15,0.00,2.03,1.78,1.75,1.08,0.27,0.00,0.00,8.40,0.00,18.82,0.38,0.48,0.00,0.88
91,4e_5e,BW1,Prsnt,195,2.74,0.00,1.64,1.55,1.53,0.93,0.22,0.00,0.00,7.04,0.00,16.26,0.34,0.42,0.00,0.77
91,4e_5e,BW1,Prsnt,205,2.35,0.00,1.30,1.34,1.33,0.78,0.18,0.00,0.00,5.83,0.00,13.85,0.29,0.36,0.00,0.66
91,4e_5e,BW1,Prsnt,215,1.99,0.00,1.02,1.15,1.13,0.65,0.14,0.00,0.00,4.76,0.00,11.64,0.25,0.30,0.00,0.56
91,4e_5e,BW1,Prsnt,225,1.65,0.00,0.78,0.97,0.96,0.54,0.11,0.00,0.00,3.85,0.00,9.65,0.21,0.25,0.00,0.47
91,4e_5e,BW1,Prsnt,235,1.36,0.00,0.59,0.81,0.80,0.44,0.09,0.00,0.00,3.08,0.00,7.91,0.18,0.21,0.00,0.38
91,4e_5e,BW1,Prsnt,245,1.10,0.00,0.44,0.67,0.66,0.35,0.07,0.00,0.00,2.43,0.00,6.39,0.15,0.17,0.00,0.31
91,4e_5e,BW1,Prsnt,255,0.88,0.00,0.32,0.54,0.54,0.28,0.05,0.00,0.00,1.89,0.00,5.11,0.12,0.14,0.00,0.25
92,patnt,BW1,Prsnt,5,0.00,0.00,0.00,0.00,0.00,0.00,0.00,0.00,0.00,0.00,0.00,0.00,0.00,0.00,0.00,0.00
92,patnt,BW1,Prsnt,15,5.78817356191339e-03,0.00,0.01,0.01,0.01,9.69171100843681e-03,0.01,0.00,0.00,0.03,0.00,0.04,7.31013235349747e-04,8.63981966797433e-04,0.00,1.90107122954045e-03
92,patnt,BW1,Prsnt,25,0.06,0.00,0.14,0.14,0.16,0.12,0.05,0.00,0.00,0.41,0.00,0.50,8.51981919775e-03,0.01,0.00,0.02
92,patnt,BW1,Prsnt,35,0.32,0.00,0.58,0.62,0.60,0.51,0.17,0.00,0.00,1.95,0.00,2.36,0.03,0.04,0.00,0.09
92,patnt,BW1,Prsnt,45,0.91,0.00,1.49,1.45,1.37,1.16,0.35,0.00,0.00,5.35,0.00,6.62,0.10,0.13,0.00,0.26
92,patnt,BW1,Prsnt,55,1.82,0.00,2.75,2.36,2.25,1.84,0.55,0.00,0.00,10.23,0.00,13.09,0.21,0.27,0.00,0.52
92,patnt,BW1,Prsnt,65,2.83,0.00,3.99,3.06,2.97,2.35,0.71,0.00,0.00,15.08,0.00,20.10,0.33,0.42,0.00,0.80
92,patnt,BW1,Prsnt,75,3.64,0.00,4.79,3.38,3.31,2.55,0.77,0.00,0.00,18.21,0.00,25.40,0.42,0.54,0.00,1.01
92,patnt,BW1,Prsnt,85,3.97,0.00,4.92,3.27,3.22,2.43,0.73,0.00,0.00,18.64,0.00,27.30,0.46,0.59,0.00,1.10
92,patnt,BW1,Prsnt,95,3.75,0.00,4.38,2.81,2.76,2.05,0.62,0.00,0.00,16.48,0.00,25.36,0.43,0.56,0.00,1.03
92,patnt,BW1,Prsnt,105,3.09,0.00,3.40,2.14,2.11,1.53,0.46,0.00,0.00,12.71,0.00,20.55,0.35,0.46,0.00,0.84
92,patnt,BW1,Prsnt,115,2.23,0.00,2.31,1.46,1.43,1.02,0.30,0.00,0.00,8.61,0.00,14.62,0.25,0.33,0.00,0.61
92,patnt,BW1,Prsnt,125,1.42,0.00,1.38,0.88,0.87,0.61,0.17,0.00,0.00,5.15,0.00,9.16,0.16,0.21,0.00,0.39
92,patnt,BW1,Prsnt,135,0.80,0.00,0.73,0.48,0.47,0.32,0.09,0.00,0.00,2.72,0.00,5.07,0.09,0.12,0.00,0.21
92,patnt,BW1,Prsnt,145,0.39,0.00,0.34,0.23,0.23,0.15,0.04,0.00,0.00,1.28,0.00,2.49,0.04,0.06,0.00,0.10
92,patnt,BW1,Prsnt,155,0.17,0.00,0.14,0.10,0.09,0.06,0.01,0.00,0.00,0.53,0.00,1.08,0.02,0.02,0.00,0.04
92,patnt,BW1,Prsnt,165,0.06,0.00,0.05,0.03,0.03,0.02,6.66254444540015e-03,0.00,0.00,0.20,0.00,0.42,8.29740998411639e-03,0.01,0.00,0.01
92,patnt,BW1,Prsnt,175,0.02,0.00,0.01,0.01,0.01,8.47924061986536e-03,2.19285677638342e-03,0.00,0.00,0.06,0.00,0.14,2.92414745760409e-03,3.67091591824777e-03,0.00,6.68343651926348e-03
92,patnt,BW1,Prsnt,185,7.46023459482643e-03,0.00,4.80951417954282e-03,4.21131718498899e-03,4.1565899551144e-03,2.57237327001803e-03,6.43704524506921e-04,0.00,0.00,0.01,0.00,0.04,9.18158707569869e-04,1.14237446705855e-03,0.00,2.08079439672891e-03
92,patnt,BW1,Prsnt,195,2.05938075280434e-03,0.00,1.23160228894905e-03,1.16784216700663e-03,1.15293919772974e-03,6.97866652489877e-04,1.68585743848125e-04,0.00,0.00,5.27731112838347e-03,0.00,0.01,2.57061510396002e-04,3.16735996739887e-04,0.00,5.77027277875109e-04
92,patnt,BW1,Prsnt,205,5.06624929601953e-04,0.00,2.80651620995981e-04,2.89739550139896e-04,2.86110147808602e-04,1.69328277853179e-04,3.9404978321551e-05,0.00,0.00,1.2534233305718e-03,0.00,2.97865328814325e-03,6.42161333173454e-05,7.82978917155871e-05,0.00,1.42616190208441e-04
92,patnt,BW1,Prsnt,215,1.11140298043415e-04,0.00,5.69538376936073e-05,6.43175077527418e-05,6.35269649934288e-05,3.67497498651474e-05,8.22247967594035e-06,0.00,0.00,2.66204222917652e-04,0.00,6.49918331644765e-04,1.43213039071117e-05,1.72675040473638e-05,0.00,3.14324204503564e-05
92,patnt,BW1,Prsnt,225,2.17532198311874e-05,0.00,1.02997328368626e-05,1.27756518472779e-05,1.26216335098239e-05,7.13493267770937e-06,1.53211073664513e-06,0.00,0.00,5.05665513418725e-05,0.00,1.26677151396811e-04,2.85271915635595e-06,3.39907195598621e-06,0.00,6.18051143453286e-06
92,patnt,BW1,Prsnt,235,3.80051435153659e-06,0.00,1.66084501979575e-06,2.27090631885276e-06,2.24406524054557e-06,1.23929083040268e-06,2.54986346685543e-07,0.00,0.00,8.59243464646117e-06,0.00,2.20652802139466e-05,5.07748783848908e-07,5.9749438970039e-07,0.00,1.08463692576844e-06
92,patnt,BW1,Prsnt,245,5.92925718846201e-07,0.00,2.38920294911994e-07,3.61246358857789e-07,3.57062017691826e-07,1.925914819828e-07,3.79120645214886e-08,0.00,0.00,1.30625765891428e-06,0.00,3.43583178383519e-06,8.0779408360702e-08,9.38238006746534e-08,0.00,1.69946432297696e-07
92,patnt,BW1,Prsnt,255,8.26315079766166e-08,0.00,3.0675405472798e-08,5.14302029709763e-08,5.08466651347281e-08,2.67799670800541e-08,5.03683063177887e-09,0.00,0.00,1.77682135696787e-07,0.00,4.78386813877669e-07,1.14905217983734e-08,1.31654768653477e-08,0.00,2.37817243440193e-08
93,4e_5e,BW1,Exten,5,0.00,0.00,0.00,0.00,0.00,0.00,0.00,0.00,0.00,0.00,0.00,0.00,0.00,0.00,0.00,0.00
93,4e_5e,BW1,Exten,15,0.03,0.00,0.08,0.06,0.09,0.05,0.06,0.00,0.00,0.19,0.00,0.24,4.29823620142001e-03,5.0800702196398e-03,0.00,0.01
93,4e_5e,BW1,Exten,25,0.23,0.00,0.47,0.50,0.54,0.42,0.20,0.00,0.00,1.42,0.00,1.71,0.02,0.03,0.00,0.07
93,4e_5e,BW1,Exten,35,0.70,0.00,1.27,1.36,1.31,1.11,0.38,0.00,0.00,4.26,0.00,5.15,0.08,0.10,0.00,0.21
93,4e_5e,BW1,Exten,45,1.40,0.00,2.30,2.24,2.11,1.78,0.55,0.00,0.00,8.25,0.00,10.20,0.16,0.21,0.00,0.41
93,4e_5e,BW1,Exten,55,2.19,0.00,3.31,2.84,2.71,2.21,0.67,0.00,0.00,12.30,0.00,15.74,0.25,0.33,0.00,0.63
93,4e_5e,BW1,Exten,65,2.94,0.00,4.14,3.18,3.08,2.44,0.73,0.00,0.00,15.65,0.00,20.86,0.34,0.44,0.00,0.83
93,4e_5e,BW1,Exten,75,3.60,0.00,4.75,3.35,3.27,2.52,0.76,0.00,0.00,18.02,0.00,25.14,0.41,0.54,0.00,1.00
93,4e_5e,BW1,Exten,85,4.14,0.00,5.13,3.41,3.35,2.53,0.77,0.00,0.00,19.44,0.00,28.46,0.48,0.62,0.00,1.14
93,4e_5e,BW1,Exten,95,4.55,0.00,5.32,3.41,3.35,2.49,0.75,0.00,0.00,20.00,0.00,30.77,0.52,0.68,0.00,1.25
93,4e_5e,BW1,Exten,105,4.83,0.00,5.31,3.34,3.29,2.40,0.72,0.00,0.00,19.83,0.00,32.07,0.55,0.72,0.00,1.32
93,4e_5e,BW1,Exten,115,4.96,0.00,5.14,3.23,3.19,2.28,0.67,0.00,0.00,19.09,0.00,32.42,0.57,0.74,0.00,1.35
93,4e_5e,BW1,Exten,125,4.96,0.00,4.83,3.08,3.04,2.13,0.62,0.00,0.00,17.92,0.00,31.90,0.57,0.74,0.00,1.35
93,4e_5e,BW1,Exten,135,4.84,0.00,4.42,2.90,2.86,1.96,0.56,0.00,0.00,16.47,0.00,30.65,0.56,0.73,0.00,1.32
93,4e_5e,BW1,Exten,145,4.61,0.00,3.95,2.69,2.66,1.79,0.50,0.00,0.00,14.85,0.00,28.83,0.54,0.69,0.00,1.26
93,4e_5e,BW1,Exten,155,4.31,0.00,3.45,2.47,2.44,1.61,0.44,0.00,0.00,13.16,0.00,26.59,0.51,0.65,0.00,1.18
93,4e_5e,BW1,Exten,165,3.95,0.00,2.95,2.24,2.21,1.43,0.38,0.00,0.00,11.49,0.00,24.09,0.47,0.60,0.00,1.09
93,4e_5e,BW1,Exten,175,3.56,0.00,2.47,2.01,1.98,1.25,0.32,0.00,0.00,9.89,0.00,21.46,0.43,0.54,0.00,0.98
93,4e_5e,BW1,Exten,185,3.15,0.00,2.03,1.78,1.75,1.08,0.27,0.00,0.00,8.40,0.00,18.82,0.38,0.48,0.00,0.88
93,4e_5e,BW1,Exten,195,2.74,0.00,1.64,1.55,1.53,0.93,0.22,0.00,0.00,7.04,0.00,16.26,0.34,0.42,0.00,0.77
93,4e_5e,BW1,Exten,205,2.35,0.00,1.30,1.34,1.33,0.78,0.18,0.00,0.00,5.83,0.00,13.85,0.29,0.36,0.00,0.66
93,4e_5e,BW1,Exten,215,1.99,0.00,1.02,1.15,1.13,0.65,0.14,0.00,0.00,4.76,0.00,11.64,0.25,0.30,0.00,0.56
93,4e_5e,BW1,Exten,225,1.65,0.00,0.78,0.97,0.96,0.54,0.11,0.00,0.00,3.85,0.00,9.65,0.21,0.25,0.00,0.47
93,4e_5e,BW1,Exten,235,1.36,0.00,0.59,0.81,0.80,0.44,0.09,0.00,0.00,3.08,0.00,7.91,0.18,0.21,0.00,0.38
93,4e_5e,BW1,Exten,245,1.10,0.00,0.44,0.67,0.66,0.35,0.07,0.00,0.00,2.43,0.00,6.39,0.15,0.17,0.00,0.31
93,4e_5e,BW1,Exten,255,0.88,0.00,0.32,0.54,0.54,0.28,0.05,0.00,0.00,1.89,0.00,5.11,0.12,0.14,0.00,0.25
94,patnt,BW1,Exten,5,0.00,0.00,0.00,0.00,0.00,0.00,0.00,0.00,0.00,0.00,0.00,0.00,0.00,0.00,0.00,0.00
94,patnt,BW1,Exten,15,5.78817356191339e-03,0.00,0.01,0.01,0.01,9.69171100843681e-03,0.01,0.00,0.00,0.03,0.00,0.04,7.31013235349747e-04,8.63981966797433e-04,0.00,1.90107122954045e-03
94,patnt,BW1,Exten,25,0.06,0.00,0.14,0.14,0.16,0.12,0.05,0.00,0.00,0.41,0.00,0.50,8.51981919775e-03,0.01,0.00,0.02
94,patnt,BW1,Exten,35,0.32,0.00,0.58,0.62,0.60,0.51,0.17,0.00,0.00,1.95,0.00,2.36,0.03,0.04,0.00,0.09
94,patnt,BW1,Exten,45,0.91,0.00,1.49,1.45,1.37,1.16,0.35,0.00,0.00,5.35,0.00,6.62,0.10,0.13,0.00,0.26
94,patnt,BW1,Exten,55,1.82,0.00,2.75,2.36,2.25,1.84,0.55,0.00,0.00,10.23,0.00,13.09,0.21,0.27,0.00,0.52
94,patnt,BW1,Exten,65,2.83,0.00,3.99,3.06,2.97,2.35,0.71,0.00,0.00,15.08,0.00,20.10,0.33,0.42,0.00,0.80
94,patnt,BW1,Exten,75,3.64,0.00,4.79,3.38,3.31,2.55,0.77,0.00,0.00,18.21,0.00,25.40,0.42,0.54,0.00,1.01
94,patnt,BW1,Exten,85,3.97,0.00,4.92,3.27,3.22,2.43,0.73,0.00,0.00,18.64,0.00,27.30,0.46,0.59,0.00,1.10
94,patnt,BW1,Exten,95,3.75,0.00,4.38,2.81,2.76,2.05,0.62,0.00,0.00,16.48,0.00,25.36,0.43,0.56,0.00,1.03
94,patnt,BW1,Exten,105,3.09,0.00,3.40,2.14,2.11,1.53,0.46,0.00,0.00,12.71,0.00,20.55,0.35,0.46,0.00,0.84
94,patnt,BW1,Exten,115,2.23,0.00,2.31,1.46,1.43,1.02,0.30,0.00,0.00,8.61,0.00,14.62,0.25,0.33,0.00,0.61
94,patnt,BW1,Exten,125,1.42,0.00,1.38,0.88,0.87,0.61,0.17,0.00,0.00,5.15,0.00,9.16,0.16,0.21,0.00,0.39
94,patnt,BW1,Exten,135,0.80,0.00,0.73,0.48,0.47,0.32,0.09,0.00,0.00,2.72,0.00,5.07,0.09,0.12,0.00,0.21
94,patnt,BW1,Exten,145,0.39,0.00,0.34,0.23,0.23,0.15,0.04,0.00,0.00,1.28,0.00,2.49,0.04,0.06,0.00,0.10
94,patnt,BW1,Exten,155,0.17,0.00,0.14,0.10,0.09,0.06,0.01,0.00,0.00,0.53,0.00,1.08,0.02,0.02,0.00,0.04
94,patnt,BW1,Exten,165,0.06,0.00,0.05,0.03,0.03,0.02,6.66254444540015e-03,0.00,0.00,0.20,0.00,0.42,8.29740998411639e-03,0.01,0.00,0.01
94,patnt,BW1,Exten,175,0.02,0.00,0.01,0.01,0.01,8.47924061986536e-03,2.19285677638342e-03,0.00,0.00,0.06,0.00,0.14,2.92414745760409e-03,3.67091591824777e-03,0.00,6.68343651926348e-03
94,patnt,BW1,Exten,185,7.46023459482643e-03,0.00,4.80951417954282e-03,4.21131718498899e-03,4.1565899551144e-03,2.57237327001803e-03,6.43704524506921e-04,0.00,0.00,0.01,0.00,0.04,9.18158707569869e-04,1.14237446705855e-03,0.00,2.08079439672891e-03
94,patnt,BW1,Exten,195,2.05938075280434e-03,0.00,1.23160228894905e-03,1.16784216700663e-03,1.15293919772974e-03,6.97866652489877e-04,1.68585743848125e-04,0.00,0.00,5.27731112838347e-03,0.00,0.01,2.57061510396002e-04,3.16735996739887e-04,0.00,5.77027277875109e-04
94,patnt,BW1,Exten,205,5.06624929601953e-04,0.00,2.80651620995981e-04,2.89739550139896e-04,2.86110147808602e-04,1.69328277853179e-04,3.9404978321551e-05,0.00,0.00,1.2534233305718e-03,0.00,2.97865328814325e-03,6.42161333173454e-05,7.82978917155871e-05,0.00,1.42616190208441e-04
94,patnt,BW1,Exten,215,1.11140298043415e-04,0.00,5.69538376936073e-05,6.43175077527418e-05,6.35269649934288e-05,3.67497498651474e-05,8.22247967594035e-06,0.00,0.00,2.66204222917652e-04,0.00,6.49918331644765e-04,1.43213039071117e-05,1.72675040473638e-05,0.00,3.14324204503564e-05
94,patnt,BW1,Exten,225,2.17532198311874e-05,0.00,1.02997328368626e-05,1.27756518472779e-05,1.26216335098239e-05,7.13493267770937e-06,1.53211073664513e-06,0.00,0.00,5.05665513418725e-05,0.00,1.26677151396811e-04,2.85271915635595e-06,3.39907195598621e-06,0.00,6.18051143453286e-06
94,patnt,BW1,Exten,235,3.80051435153659e-06,0.00,1.66084501979575e-06,2.27090631885276e-06,2.24406524054557e-06,1.23929083040268e-06,2.54986346685543e-07,0.00,0.00,8.59243464646117e-06,0.00,2.20652802139466e-05,5.07748783848908e-07,5.9749438970039e-07,0.00,1.08463692576844e-06
94,patnt,BW1,Exten,245,5.92925718846201e-07,0.00,2.38920294911994e-07,3.61246358857789e-07,3.57062017691826e-07,1.925914819828e-07,3.79120645214886e-08,0.00,0.00,1.30625765891428e-06,0.00,3.43583178383519e-06,8.0779408360702e-08,9.38238006746534e-08,0.00,1.69946432297696e-07
94,patnt,BW1,Exten,255,8.26315079766166e-08,0.00,3.0675405472798e-08,5.14302029709763e-08,5.08466651347281e-08,2.67799670800541e-08,5.03683063177887e-09,0.00,0.00,1.77682135696787e-07,0.00,4.78386813877669e-07,1.14905217983734e-08,1.31654768653477e-08,0.00,2.37817243440193e-08
95,4e_5e,BW1,Basc1,5,0.00,0.00,0.00,0.00,0.00,0.00,0.00,0.00,0.00,0.00,0.00,0.00,0.00,0.00,0.00,0.00
95,4e_5e,BW1,Basc1,15,0.03,0.00,0.08,0.06,0.09,0.05,0.06,0.00,0.00,0.19,0.00,0.24,4.29823620142001e-03,5.0800702196398e-03,0.00,0.01
95,4e_5e,BW1,Basc1,25,0.23,0.00,0.47,0.50,0.54,0.42,0.20,0.00,0.00,1.42,0.00,1.71,0.02,0.03,0.00,0.07
95,4e_5e,BW1,Basc1,35,0.70,0.00,1.27,1.36,1.31,1.11,0.38,0.00,0.00,4.26,0.00,5.15,0.08,0.10,0.00,0.21
95,4e_5e,BW1,Basc1,45,1.40,0.00,2.30,2.24,2.11,1.78,0.55,0.00,0.00,8.25,0.00,10.20,0.16,0.21,0.00,0.41
95,4e_5e,BW1,Basc1,55,2.19,0.00,3.31,2.84,2.71,2.21,0.67,0.00,0.00,12.30,0.00,15.74,0.25,0.33,0.00,0.63
95,4e_5e,BW1,Basc1,65,2.94,0.00,4.14,3.18,3.08,2.44,0.73,0.00,0.00,15.65,0.00,20.86,0.34,0.44,0.00,0.83
95,4e_5e,BW1,Basc1,75,3.60,0.00,4.75,3.35,3.27,2.52,0.76,0.00,0.00,18.02,0.00,25.14,0.41,0.54,0.00,1.00
95,4e_5e,BW1,Basc1,85,4.14,0.00,5.13,3.41,3.35,2.53,0.77,0.00,0.00,19.44,0.00,28.46,0.48,0.62,0.00,1.14
95,4e_5e,BW1,Basc1,95,4.55,0.00,5.32,3.41,3.35,2.49,0.75,0.00,0.00,20.00,0.00,30.77,0.52,0.68,0.00,1.25
95,4e_5e,BW1,Basc1,105,4.83,0.00,5.31,3.34,3.29,2.40,0.72,0.00,0.00,19.83,0.00,32.07,0.55,0.72,0.00,1.32
95,4e_5e,BW1,Basc1,115,4.96,0.00,5.14,3.23,3.19,2.28,0.67,0.00,0.00,19.09,0.00,32.42,0.57,0.74,0.00,1.35
95,4e_5e,BW1,Basc1,125,4.96,0.00,4.83,3.08,3.04,2.13,0.62,0.00,0.00,17.92,0.00,31.90,0.57,0.74,0.00,1.35
95,4e_5e,BW1,Basc1,135,4.84,0.00,4.42,2.90,2.86,1.96,0.56,0.00,0.00,16.47,0.00,30.65,0.56,0.73,0.00,1.32
95,4e_5e,BW1,Basc1,145,4.61,0.00,3.95,2.69,2.66,1.79,0.50,0.00,0.00,14.85,0.00,28.83,0.54,0.69,0.00,1.26
95,4e_5e,BW1,Basc1,155,4.31,0.00,3.45,2.47,2.44,1.61,0.44,0.00,0.00,13.16,0.00,26.59,0.51,0.65,0.00,1.18
95,4e_5e,BW1,Basc1,165,3.95,0.00,2.95,2.24,2.21,1.43,0.38,0.00,0.00,11.49,0.00,24.09,0.47,0.60,0.00,1.09
95,4e_5e,BW1,Basc1,175,3.56,0.00,2.47,2.01,1.98,1.25,0.32,0.00,0.00,9.89,0.00,21.46,0.43,0.54,0.00,0.98
95,4e_5e,BW1,Basc1,185,3.15,0.00,2.03,1.78,1.75,1.08,0.27,0.00,0.00,8.40,0.00,18.82,0.38,0.48,0.00,0.88
95,4e_5e,BW1,Basc1,195,2.74,0.00,1.64,1.55,1.53,0.93,0.22,0.00,0.00,7.04,0.00,16.26,0.34,0.42,0.00,0.77
95,4e_5e,BW1,Basc1,205,2.35,0.00,1.30,1.34,1.33,0.78,0.18,0.00,0.00,5.83,0.00,13.85,0.29,0.36,0.00,0.66
95,4e_5e,BW1,Basc1,215,1.99,0.00,1.02,1.15,1.13,0.65,0.14,0.00,0.00,4.76,0.00,11.64,0.25,0.30,0.00,0.56
95,4e_5e,BW1,Basc1,225,1.65,0.00,0.78,0.97,0.96,0.54,0.11,0.00,0.00,3.85,0.00,9.65,0.21,0.25,0.00,0.47
95,4e_5e,BW1,Basc1,235,1.36,0.00,0.59,0.81,0.80,0.44,0.09,0.00,0.00,3.08,0.00,7.91,0.18,0.21,0.00,0.38
95,4e_5e,BW1,Basc1,245,1.10,0.00,0.44,0.67,0.66,0.35,0.07,0.00,0.00,2.43,0.00,6.39,0.15,0.17,0.00,0.31
95,4e_5e,BW1,Basc1,255,0.88,0.00,0.32,0.54,0.54,0.28,0.05,0.00,0.00,1.89,0.00,5.11,0.12,0.14,0.00,0.25
96,patnt,BW1,Basc1,5,0.00,0.00,0.00,0.00,0.00,0.00,0.00,0.00,0.00,0.00,0.00,0.00,0.00,0.00,0.00,0.00
96,patnt,BW1,Basc1,15,5.78817356191339e-03,0.00,0.01,0.01,0.01,9.69171100843681e-03,0.01,0.00,0.00,0.03,0.00,0.04,7.31013235349747e-04,8.63981966797433e-04,0.00,1.90107122954045e-03
96,patnt,BW1,Basc1,25,0.06,0.00,0.14,0.14,0.16,0.12,0.05,0.00,0.00,0.41,0.00,0.50,8.51981919775e-03,0.01,0.00,0.02
96,patnt,BW1,Basc1,35,0.32,0.00,0.58,0.62,0.60,0.51,0.17,0.00,0.00,1.95,0.00,2.36,0.03,0.04,0.00,0.09
96,patnt,BW1,Basc1,45,0.91,0.00,1.49,1.45,1.37,1.16,0.35,0.00,0.00,5.35,0.00,6.62,0.10,0.13,0.00,0.26
96,patnt,BW1,Basc1,55,1.82,0.00,2.75,2.36,2.25,1.84,0.55,0.00,0.00,10.23,0.00,13.09,0.21,0.27,0.00,0.52
96,patnt,BW1,Basc1,65,2.83,0.00,3.99,3.06,2.97,2.35,0.71,0.00,0.00,15.08,0.00,20.10,0.33,0.42,0.00,0.80
96,patnt,BW1,Basc1,75,3.64,0.00,4.79,3.38,3.31,2.55,0.77,0.00,0.00,18.21,0.00,25.40,0.42,0.54,0.00,1.01
96,patnt,BW1,Basc1,85,3.97,0.00,4.92,3.27,3.22,2.43,0.73,0.00,0.00,18.64,0.00,27.30,0.46,0.59,0.00,1.10
96,patnt,BW1,Basc1,95,3.75,0.00,4.38,2.81,2.76,2.05,0.62,0.00,0.00,16.48,0.00,25.36,0.43,0.56,0.00,1.03
96,patnt,BW1,Basc1,105,3.09,0.00,3.40,2.14,2.11,1.53,0.46,0.00,0.00,12.71,0.00,20.55,0.35,0.46,0.00,0.84
96,patnt,BW1,Basc1,115,2.23,0.00,2.31,1.46,1.43,1.02,0.30,0.00,0.00,8.61,0.00,14.62,0.25,0.33,0.00,0.61
96,patnt,BW1,Basc1,125,1.42,0.00,1.38,0.88,0.87,0.61,0.17,0.00,0.00,5.15,0.00,9.16,0.16,0.21,0.00,0.39
96,patnt,BW1,Basc1,135,0.80,0.00,0.73,0.48,0.47,0.32,0.09,0.00,0.00,2.72,0.00,5.07,0.09,0.12,0.00,0.21
96,patnt,BW1,Basc1,145,0.39,0.00,0.34,0.23,0.23,0.15,0.04,0.00,0.00,1.28,0.00,2.49,0.04,0.06,0.00,0.10
96,patnt,BW1,Basc1,155,0.17,0.00,0.14,0.10,0.09,0.06,0.01,0.00,0.00,0.53,0.00,1.08,0.02,0.02,0.00,0.04
96,patnt,BW1,Basc1,165,0.06,0.00,0.05,0.03,0.03,0.02,6.66254444540015e-03,0.00,0.00,0.20,0.00,0.42,8.29740998411639e-03,0.01,0.00,0.01
96,patnt,BW1,Basc1,175,0.02,0.00,0.01,0.01,0.01,8.47924061986536e-03,2.19285677638342e-03,0.00,0.00,0.06,0.00,0.14,2.92414745760409e-03,3.67091591824777e-03,0.00,6.68343651926348e-03
96,patnt,BW1,Basc1,185,7.46023459482643e-03,0.00,4.80951417954282e-03,4.21131718498899e-03,4.1565899551144e-03,2.57237327001803e-03,6.43704524506921e-04,0.00,0.00,0.01,0.00,0.04,9.18158707569869e-04,1.14237446705855e-03,0.00,2.08079439672891e-03
96,patnt,BW1,Basc1,195,2.05938075280434e-03,0.00,1.23160228894905e-03,1.16784216700663e-03,1.15293919772974e-03,6.97866652489877e-04,1.68585743848125e-04,0.00,0.00,5.27731112838347e-03,0.00,0.01,2.57061510396002e-04,3.16735996739887e-04,0.00,5.77027277875109e-04
96,patnt,BW1,Basc1,205,5.06624929601953e-04,0.00,2.80651620995981e-04,2.89739550139896e-04,2.86110147808602e-04,1.69328277853179e-04,3.9404978321551e-05,0.00,0.00,1.2534233305718e-03,0.00,2.97865328814325e-03,6.42161333173454e-05,7.82978917155871e-05,0.00,1.42616190208441e-04
96,patnt,BW1,Basc1,215,1.11140298043415e-04,0.00,5.69538376936073e-05,6.43175077527418e-05,6.35269649934288e-05,3.67497498651474e-05,8.22247967594035e-06,0.00,0.00,2.66204222917652e-04,0.00,6.49918331644765e-04,1.43213039071117e-05,1.72675040473638e-05,0.00,3.14324204503564e-05
96,patnt,BW1,Basc1,225,2.17532198311874e-05,0.00,1.02997328368626e-05,1.27756518472779e-05,1.26216335098239e-05,7.13493267770937e-06,1.53211073664513e-06,0.00,0.00,5.05665513418725e-05,0.00,1.26677151396811e-04,2.85271915635595e-06,3.39907195598621e-06,0.00,6.18051143453286e-06
96,patnt,BW1,Basc1,235,3.80051435153659e-06,0.00,1.66084501979575e-06,2.27090631885276e-06,2.24406524054557e-06,1.23929083040268e-06,2.54986346685543e-07,0.00,0.00,8.59243464646117e-06,0.00,2.20652802139466e-05,5.07748783848908e-07,5.9749438970039e-07,0.00,1.08463692576844e-06
96,patnt,BW1,Basc1,245,5.92925718846201e-07,0.00,2.38920294911994e-07,3.61246358857789e-07,3.57062017691826e-07,1.925914819828e-07,3.79120645214886e-08,0.00,0.00,1.30625765891428e-06,0.00,3.43583178383519e-06,8.0779408360702e-08,9.38238006746534e-08,0.00,1.69946432297696e-07
96,patnt,BW1,Basc1,255,8.26315079766166e-08,0.00,3.0675405472798e-08,5.14302029709763e-08,5.08466651347281e-08,2.67799670800541e-08,5.03683063177887e-09,0.00,0.00,1.77682135696787e-07,0.00,4.78386813877669e-07,1.14905217983734e-08,1.31654768653477e-08,0.00,2.37817243440193e-08
97,4e_5e,BW1,Intn1,5,0.00,0.00,0.00,0.00,0.00,0.00,0.00,0.00,0.00,0.00,0.00,0.00,0.00,0.00,0.00,0.00
97,4e_5e,BW1,Intn1,15,0.03,0.00,0.08,0.06,0.09,0.05,0.06,0.00,0.00,0.19,0.00,0.24,4.29823620142001e-03,5.0800702196398e-03,0.00,0.01
97,4e_5e,BW1,Intn1,25,0.23,0.00,0.47,0.50,0.54,0.42,0.20,0.00,0.00,1.42,0.00,1.71,0.02,0.03,0.00,0.07
97,4e_5e,BW1,Intn1,35,0.70,0.00,1.27,1.36,1.31,1.11,0.38,0.00,0.00,4.26,0.00,5.15,0.08,0.10,0.00,0.21
97,4e_5e,BW1,Intn1,45,1.40,0.00,2.30,2.24,2.11,1.78,0.55,0.00,0.00,8.25,0.00,10.20,0.16,0.21,0.00,0.41
97,4e_5e,BW1,Intn1,55,2.19,0.00,3.31,2.84,2.71,2.21,0.67,0.00,0.00,12.30,0.00,15.74,0.25,0.33,0.00,0.63
97,4e_5e,BW1,Intn1,65,2.94,0.00,4.14,3.18,3.08,2.44,0.73,0.00,0.00,15.65,0.00,20.86,0.34,0.44,0.00,0.83
97,4e_5e,BW1,Intn1,75,3.60,0.00,4.75,3.35,3.27,2.52,0.76,0.00,0.00,18.02,0.00,25.14,0.41,0.54,0.00,1.00
97,4e_5e,BW1,Intn1,85,4.14,0.00,5.13,3.41,3.35,2.53,0.77,0.00,0.00,19.44,0.00,28.46,0.48,0.62,0.00,1.14
97,4e_5e,BW1,Intn1,95,4.55,0.00,5.32,3.41,3.35,2.49,0.75,0.00,0.00,20.00,0.00,30.77,0.52,0.68,0.00,1.25
97,4e_5e,BW1,Intn1,105,4.83,0.00,5.31,3.34,3.29,2.40,0.72,0.00,0.00,19.83,0.00,32.07,0.55,0.72,0.00,1.32
97,4e_5e,BW1,Intn1,115,4.96,0.00,5.14,3.23,3.19,2.28,0.67,0.00,0.00,19.09,0.00,32.42,0.57,0.74,0.00,1.35
97,4e_5e,BW1,Intn1,125,4.96,0.00,4.83,3.08,3.04,2.13,0.62,0.00,0.00,17.92,0.00,31.90,0.57,0.74,0.00,1.35
97,4e_5e,BW1,Intn1,135,4.84,0.00,4.42,2.90,2.86,1.96,0.56,0.00,0.00,16.47,0.00,30.65,0.56,0.73,0.00,1.32
97,4e_5e,BW1,Intn1,145,4.61,0.00,3.95,2.69,2.66,1.79,0.50,0.00,0.00,14.85,0.00,28.83,0.54,0.69,0.00,1.26
97,4e_5e,BW1,Intn1,155,4.31,0.00,3.45,2.47,2.44,1.61,0.44,0.00,0.00,13.16,0.00,26.59,0.51,0.65,0.00,1.18
97,4e_5e,BW1,Intn1,165,3.95,0.00,2.95,2.24,2.21,1.43,0.38,0.00,0.00,11.49,0.00,24.09,0.47,0.60,0.00,1.09
97,4e_5e,BW1,Intn1,175,3.56,0.00,2.47,2.01,1.98,1.25,0.32,0.00,0.00,9.89,0.00,21.46,0.43,0.54,0.00,0.98
97,4e_5e,BW1,Intn1,185,3.15,0.00,2.03,1.78,1.75,1.08,0.27,0.00,0.00,8.40,0.00,18.82,0.38,0.48,0.00,0.88
97,4e_5e,BW1,Intn1,195,2.74,0.00,1.64,1.55,1.53,0.93,0.22,0.00,0.00,7.04,0.00,16.26,0.34,0.42,0.00,0.77
97,4e_5e,BW1,Intn1,205,2.35,0.00,1.30,1.34,1.33,0.78,0.18,0.00,0.00,5.83,0.00,13.85,0.29,0.36,0.00,0.66
97,4e_5e,BW1,Intn1,215,1.99,0.00,1.02,1.15,1.13,0.65,0.14,0.00,0.00,4.76,0.00,11.64,0.25,0.30,0.00,0.56
97,4e_5e,BW1,Intn1,225,1.65,0.00,0.78,0.97,0.96,0.54,0.11,0.00,0.00,3.85,0.00,9.65,0.21,0.25,0.00,0.47
97,4e_5e,BW1,Intn1,235,1.36,0.00,0.59,0.81,0.80,0.44,0.09,0.00,0.00,3.08,0.00,7.91,0.18,0.21,0.00,0.38
97,4e_5e,BW1,Intn1,245,1.10,0.00,0.44,0.67,0.66,0.35,0.07,0.00,0.00,2.43,0.00,6.39,0.15,0.17,0.00,0.31
97,4e_5e,BW1,Intn1,255,0.88,0.00,0.32,0.54,0.54,0.28,0.05,0.00,0.00,1.89,0.00,5.11,0.12,0.14,0.00,0.25
98,patnt,BW1,Intn1,5,0.00,0.00,0.00,0.00,0.00,0.00,0.00,0.00,0.00,0.00,0.00,0.00,0.00,0.00,0.00,0.00
98,patnt,BW1,Intn1,15,5.78817356191339e-03,0.00,0.01,0.01,0.01,9.69171100843681e-03,0.01,0.00,0.00,0.03,0.00,0.04,7.31013235349747e-04,8.63981966797433e-04,0.00,1.90107122954045e-03
98,patnt,BW1,Intn1,25,0.06,0.00,0.14,0.14,0.16,0.12,0.05,0.00,0.00,0.41,0.00,0.50,8.51981919775e-03,0.01,0.00,0.02
98,patnt,BW1,Intn1,35,0.32,0.00,0.58,0.62,0.60,0.51,0.17,0.00,0.00,1.95,0.00,2.36,0.03,0.04,0.00,0.09
98,patnt,BW1,Intn1,45,0.91,0.00,1.49,1.45,1.37,1.16,0.35,0.00,0.00,5.35,0.00,6.62,0.10,0.13,0.00,0.26
98,patnt,BW1,Intn1,55,1.82,0.00,2.75,2.36,2.25,1.84,0.55,0.00,0.00,10.23,0.00,13.09,0.21,0.27,0.00,0.52
98,patnt,BW1,Intn1,65,2.83,0.00,3.99,3.06,2.97,2.35,0.71,0.00,0.00,15.08,0.00,20.10,0.33,0.42,0.00,0.80
98,patnt,BW1,Intn1,75,3.64,0.00,4.79,3.38,3.31,2.55,0.77,0.00,0.00,18.21,0.00,25.40,0.42,0.54,0.00,1.01
98,patnt,BW1,Intn1,85,3.97,0.00,4.92,3.27,3.22,2.43,0.73,0.00,0.00,18.64,0.00,27.30,0.46,0.59,0.00,1.10
98,patnt,BW1,Intn1,95,3.75,0.00,4.38,2.81,2.76,2.05,0.62,0.00,0.00,16.48,0.00,25.36,0.43,0.56,0.00,1.03
98,patnt,BW1,Intn1,105,3.09,0.00,3.40,2.14,2.11,1.53,0.46,0.00,0.00,12.71,0.00,20.55,0.35,0.46,0.00,0.84
98,patnt,BW1,Intn1,115,2.23,0.00,2.31,1.46,1.43,1.02,0.30,0.00,0.00,8.61,0.00,14.62,0.25,0.33,0.00,0.61
98,patnt,BW1,Intn1,125,1.42,0.00,1.38,0.88,0.87,0.61,0.17,0.00,0.00,5.15,0.00,9.16,0.16,0.21,0.00,0.39
98,patnt,BW1,Intn1,135,0.80,0.00,0.73,0.48,0.47,0.32,0.09,0.00,0.00,2.72,0.00,5.07,0.09,0.12,0.00,0.21
98,patnt,BW1,Intn1,145,0.39,0.00,0.34,0.23,0.23,0.15,0.04,0.00,0.00,1.28,0.00,2.49,0.04,0.06,0.00,0.10
98,patnt,BW1,Intn1,155,0.17,0.00,0.14,0.10,0.09,0.06,0.01,0.00,0.00,0.53,0.00,1.08,0.02,0.02,0.00,0.04
98,patnt,BW1,Intn1,165,0.06,0.00,0.05,0.03,0.03,0.02,6.66254444540015e-03,0.00,0.00,0.20,0.00,0.42,8.29740998411639e-03,0.01,0.00,0.01
98,patnt,BW1,Intn1,175,0.02,0.00,0.01,0.01,0.01,8.47924061986536e-03,2.19285677638342e-03,0.00,0.00,0.06,0.00,0.14,2.92414745760409e-03,3.67091591824777e-03,0.00,6.68343651926348e-03
98,patnt,BW1,Intn1,185,7.46023459482643e-03,0.00,4.80951417954282e-03,4.21131718498899e-03,4.1565899551144e-03,2.57237327001803e-03,6.43704524506921e-04,0.00,0.00,0.01,0.00,0.04,9.18158707569869e-04,1.14237446705855e-03,0.00,2.08079439672891e-03
98,patnt,BW1,Intn1,195,2.05938075280434e-03,0.00,1.23160228894905e-03,1.16784216700663e-03,1.15293919772974e-03,6.97866652489877e-04,1.68585743848125e-04,0.00,0.00,5.27731112838347e-03,0.00,0.01,2.57061510396002e-04,3.16735996739887e-04,0.00,5.77027277875109e-04
98,patnt,BW1,Intn1,205,5.06624929601953e-04,0.00,2.80651620995981e-04,2.89739550139896e-04,2.86110147808602e-04,1.69328277853179e-04,3.9404978321551e-05,0.00,0.00,1.2534233305718e-03,0.00,2.97865328814325e-03,6.42161333173454e-05,7.82978917155871e-05,0.00,1.42616190208441e-04
98,patnt,BW1,Intn1,215,1.11140298043415e-04,0.00,5.69538376936073e-05,6.43175077527418e-05,6.35269649934288e-05,3.67497498651474e-05,8.22247967594035e-06,0.00,0.00,2.66204222917652e-04,0.00,6.49918331644765e-04,1.43213039071117e-05,1.72675040473638e-05,0.00,3.14324204503564e-05
98,patnt,BW1,Intn1,225,2.17532198311874e-05,0.00,1.02997328368626e-05,1.27756518472779e-05,1.26216335098239e-05,7.13493267770937e-06,1.53211073664513e-06,0.00,0.00,5.05665513418725e-05,0.00,1.26677151396811e-04,2.85271915635595e-06,3.39907195598621e-06,0.00,6.18051143453286e-06
98,patnt,BW1,Intn1,235,3.80051435153659e-06,0.00,1.66084501979575e-06,2.27090631885276e-06,2.24406524054557e-06,1.23929083040268e-06,2.54986346685543e-07,0.00,0.00,8.59243464646117e-06,0.00,2.20652802139466e-05,5.07748783848908e-07,5.9749438970039e-07,0.00,1.08463692576844e-06
98,patnt,BW1,Intn1,245,5.92925718846201e-07,0.00,2.38920294911994e-07,3.61246358857789e-07,3.57062017691826e-07,1.925914819828e-07,3.79120645214886e-08,0.00,0.00,1.30625765891428e-06,0.00,3.43583178383519e-06,8.0779408360702e-08,9.38238006746534e-08,0.00,1.69946432297696e-07
98,patnt,BW1,Intn1,255,8.26315079766166e-08,0.00,3.0675405472798e-08,5.14302029709763e-08,5.08466651347281e-08,2.67799670800541e-08,5.03683063177887e-09,0.00,0.00,1.77682135696787e-07,0.00,4.78386813877669e-07,1.14905217983734e-08,1.31654768653477e-08,0.00,2.37817243440193e-08
99,4e_5e,BW1,Intn2,5,0.00,0.00,0.00,0.00,0.00,0.00,0.00,0.00,0.00,0.00,0.00,0.00,0.00,0.00,0.00,0.00
99,4e_5e,BW1,Intn2,15,0.03,0.00,0.08,0.06,0.09,0.05,0.06,0.00,0.00,0.19,0.00,0.24,4.29823620142001e-03,5.0800702196398e-03,0.00,0.01
99,4e_5e,BW1,Intn2,25,0.23,0.00,0.47,0.50,0.54,0.42,0.20,0.00,0.00,1.42,0.00,1.71,0.02,0.03,0.00,0.07
99,4e_5e,BW1,Intn2,35,0.70,0.00,1.27,1.36,1.31,1.11,0.38,0.00,0.00,4.26,0.00,5.15,0.08,0.10,0.00,0.21
99,4e_5e,BW1,Intn2,45,1.40,0.00,2.30,2.24,2.11,1.78,0.55,0.00,0.00,8.25,0.00,10.20,0.16,0.21,0.00,0.41
99,4e_5e,BW1,Intn2,55,2.19,0.00,3.31,2.84,2.71,2.21,0.67,0.00,0.00,12.30,0.00,15.74,0.25,0.33,0.00,0.63
99,4e_5e,BW1,Intn2,65,2.94,0.00,4.14,3.18,3.08,2.44,0.73,0.00,0.00,15.65,0.00,20.86,0.34,0.44,0.00,0.83
99,4e_5e,BW1,Intn2,75,3.60,0.00,4.75,3.35,3.27,2.52,0.76,0.00,0.00,18.02,0.00,25.14,0.41,0.54,0.00,1.00
99,4e_5e,BW1,Intn2,85,4.14,0.00,5.13,3.41,3.35,2.53,0.77,0.00,0.00,19.44,0.00,28.46,0.48,0.62,0.00,1.14
99,4e_5e,BW1,Intn2,95,4.55,0.00,5.32,3.41,3.35,2.49,0.75,0.00,0.00,20.00,0.00,30.77,0.52,0.68,0.00,1.25
99,4e_5e,BW1,Intn2,105,4.83,0.00,5.31,3.34,3.29,2.40,0.72,0.00,0.00,19.83,0.00,32.07,0.55,0.72,0.00,1.32
99,4e_5e,BW1,Intn2,115,4.96,0.00,5.14,3.23,3.19,2.28,0.67,0.00,0.00,19.09,0.00,32.42,0.57,0.74,0.00,1.35
99,4e_5e,BW1,Intn2,125,4.96,0.00,4.83,3.08,3.04,2.13,0.62,0.00,0.00,17.92,0.00,31.90,0.57,0.74,0.00,1.35
99,4e_5e,BW1,Intn2,135,4.84,0.00,4.42,2.90,2.86,1.96,0.56,0.00,0.00,16.47,0.00,30.65,0.56,0.73,0.00,1.32
99,4e_5e,BW1,Intn2,145,4.61,0.00,3.95,2.69,2.66,1.79,0.50,0.00,0.00,14.85,0.00,28.83,0.54,0.69,0.00,1.26
99,4e_5e,BW1,Intn2,155,4.31,0.00,3.45,2.47,2.44,1.61,0.44,0.00,0.00,13.16,0.00,26.59,0.51,0.65,0.00,1.18
99,4e_5e,BW1,Intn2,165,3.95,0.00,2.95,2.24,2.21,1.43,0.38,0.00,0.00,11.49,0.00,24.09,0.47,0.60,0.00,1.09
99,4e_5e,BW1,Intn2,175,3.56,0.00,2.47,2.01,1.98,1.25,0.32,0.00,0.00,9.89,0.00,21.46,0.43,0.54,0.00,0.98
99,4e_5e,BW1,Intn2,185,3.15,0.00,2.03,1.78,1.75,1.08,0.27,0.00,0.00,8.40,0.00,18.82,0.38,0.48,0.00,0.88
99,4e_5e,BW1,Intn2,195,2.74,0.00,1.64,1.55,1.53,0.93,0.22,0.00,0.00,7.04,0.00,16.26,0.34,0.42,0.00,0.77
99,4e_5e,BW1,Intn2,205,2.35,0.00,1.30,1.34,1.33,0.78,0.18,0.00,0.00,5.83,0.00,13.85,0.29,0.36,0.00,0.66
99,4e_5e,BW1,Intn2,215,1.99,0.00,1.02,1.15,1.13,0.65,0.14,0.00,0.00,4.76,0.00,11.64,0.25,0.30,0.00,0.56
99,4e_5e,BW1,Intn2,225,1.65,0.00,0.78,0.97,0.96,0.54,0.11,0.00,0.00,3.85,0.00,9.65,0.21,0.25,0.00,0.47
99,4e_5e,BW1,Intn2,235,1.36,0.00,0.59,0.81,0.80,0.44,0.09,0.00,0.00,3.08,0.00,7.91,0.18,0.21,0.00,0.38
99,4e_5e,BW1,Intn2,245,1.10,0.00,0.44,0.67,0.66,0.35,0.07,0.00,0.00,2.43,0.00,6.39,0.15,0.17,0.00,0.31
99,4e_5e,BW1,Intn2,255,0.88,0.00,0.32,0.54,0.54,0.28,0.05,0.00,0.00,1.89,0.00,5.11,0.12,0.14,0.00,0.25
100,patnt,BW1,Intn2,5,0.00,0.00,0.00,0.00,0.00,0.00,0.00,0.00,0.00,0.00,0.00,0.00,0.00,0.00,0.00,0.00
100,patnt,BW1,Intn2,15,5.78817356191339e-03,0.00,0.01,0.01,0.01,9.69171100843681e-03,0.01,0.00,0.00,0.03,0.00,0.04,7.31013235349747e-04,8.63981966797433e-04,0.00,1.90107122954045e-03
100,patnt,BW1,Intn2,25,0.06,0.00,0.14,0.14,0.16,0.12,0.05,0.00,0.00,0.41,0.00,0.50,8.51981919775e-03,0.01,0.00,0.02
100,patnt,BW1,Intn2,35,0.32,0.00,0.58,0.62,0.60,0.51,0.17,0.00,0.00,1.95,0.00,2.36,0.03,0.04,0.00,0.09
100,patnt,BW1,Intn2,45,0.91,0.00,1.49,1.45,1.37,1.16,0.35,0.00,0.00,5.35,0.00,6.62,0.10,0.13,0.00,0.26
100,patnt,BW1,Intn2,55,1.82,0.00,2.75,2.36,2.25,1.84,0.55,0.00,0.00,10.23,0.00,13.09,0.21,0.27,0.00,0.52
100,patnt,BW1,Intn2,65,2.83,0.00,3.99,3.06,2.97,2.35,0.71,0.00,0.00,15.08,0.00,20.10,0.33,0.42,0.00,0.80
100,patnt,BW1,Intn2,75,3.64,0.00,4.79,3.38,3.31,2.55,0.77,0.00,0.00,18.21,0.00,25.40,0.42,0.54,0.00,1.01
100,patnt,BW1,Intn2,85,3.97,0.00,4.92,3.27,3.22,2.43,0.73,0.00,0.00,18.64,0.00,27.30,0.46,0.59,0.00,1.10
100,patnt,BW1,Intn2,95,3.75,0.00,4.38,2.81,2.76,2.05,0.62,0.00,0.00,16.48,0.00,25.36,0.43,0.56,0.00,1.03
100,patnt,BW1,Intn2,105,3.09,0.00,3.40,2.14,2.11,1.53,0.46,0.00,0.00,12.71,0.00,20.55,0.35,0.46,0.00,0.84
100,patnt,BW1,Intn2,115,2.23,0.00,2.31,1.46,1.43,1.02,0.30,0.00,0.00,8.61,0.00,14.62,0.25,0.33,0.00,0.61
100,patnt,BW1,Intn2,125,1.42,0.00,1.38,0.88,0.87,0.61,0.17,0.00,0.00,5.15,0.00,9.16,0.16,0.21,0.00,0.39
100,patnt,BW1,Intn2,135,0.80,0.00,0.73,0.48,0.47,0.32,0.09,0.00,0.00,2.72,0.00,5.07,0.09,0.12,0.00,0.21
100,patnt,BW1,Intn2,145,0.39,0.00,0.34,0.23,0.23,0.15,0.04,0.00,0.00,1.28,0.00,2.49,0.04,0.06,0.00,0.10
100,patnt,BW1,Intn2,155,0.17,0.00,0.14,0.10,0.09,0.06,0.01,0.00,0.00,0.53,0.00,1.08,0.02,0.02,0.00,0.04
100,patnt,BW1,Intn2,165,0.06,0.00,0.05,0.03,0.03,0.02,6.66254444540015e-03,0.00,0.00,0.20,0.00,0.42,8.29740998411639e-03,0.01,0.00,0.01
100,patnt,BW1,Intn2,175,0.02,0.00,0.01,0.01,0.01,8.47924061986536e-03,2.19285677638342e-03,0.00,0.00,0.06,0.00,0.14,2.92414745760409e-03,3.67091591824777e-03,0.00,6.68343651926348e-03
100,patnt,BW1,Intn2,185,7.46023459482643e-03,0.00,4.80951417954282e-03,4.21131718498899e-03,4.1565899551144e-03,2.57237327001803e-03,6.43704524506921e-04,0.00,0.00,0.01,0.00,0.04,9.18158707569869e-04,1.14237446705855e-03,0.00,2.08079439672891e-03
100,patnt,BW1,Intn2,195,2.05938075280434e-03,0.00,1.23160228894905e-03,1.16784216700663e-03,1.15293919772974e-03,6.97866652489877e-04,1.68585743848125e-04,0.00,0.00,5.27731112838347e-03,0.00,0.01,2.57061510396002e-04,3.16735996739887e-04,0.00,5.77027277875109e-04
100,patnt,BW1,Intn2,205,5.06624929601953e-04,0.00,2.80651620995981e-04,2.89739550139896e-04,2.86110147808602e-04,1.69328277853179e-04,3.9404978321551e-05,0.00,0.00,1.2534233305718e-03,0.00,2.97865328814325e-03,6.42161333173454e-05,7.82978917155871e-05,0.00,1.42616190208441e-04
100,patnt,BW1,Intn2,215,1.11140298043415e-04,0.00,5.69538376936073e-05,6.43175077527418e-05,6.35269649934288e-05,3.67497498651474e-05,8.22247967594035e-06,0.00,0.00,2.66204222917652e-04,0.00,6.49918331644765e-04,1.43213039071117e-05,1.72675040473638e-05,0.00,3.14324204503564e-05
100,patnt,BW1,Intn2,225,2.17532198311874e-05,0.00,1.02997328368626e-05,1.27756518472779e-05,1.26216335098239e-05,7.13493267770937e-06,1.53211073664513e-06,0.00,0.00,5.05665513418725e-05,0.00,1.26677151396811e-04,2.85271915635595e-06,3.39907195598621e-06,0.00,6.18051143453286e-06
100,patnt,BW1,Intn2,235,3.80051435153659e-06,0.00,1.66084501979575e-06,2.27090631885276e-06,2.24406524054557e-06,1.23929083040268e-06,2.54986346685543e-07,0.00,0.00,8.59243464646117e-06,0.00,2.20652802139466e-05,5.07748783848908e-07,5.9749438970039e-07,0.00,1.08463692576844e-06
100,patnt,BW1,Intn2,245,5.92925718846201e-07,0.00,2.38920294911994e-07,3.61246358857789e-07,3.57062017691826e-07,1.925914819828e-07,3.79120645214886e-08,0.00,0.00,1.30625765891428e-06,0.00,3.43583178383519e-06,8.0779408360702e-08,9.38238006746534e-08,0.00,1.69946432297696e-07
100,patnt,BW1,Intn2,255,8.26315079766166e-08,0.00,3.0675405472798e-08,5.14302029709763e-08,5.08466651347281e-08,2.67799670800541e-08,5.03683063177887e-09,0.00,0.00,1.77682135696787e-07,0.00,4.78386813877669e-07,1.14905217983734e-08,1.31654768653477e-08,0.00,2.37817243440193e-08
103,4e_5e,MW1,Prsnt,5,0.00,0.00,0.00,0.00,0.00,0.00,0.00,0.00,0.00,0.00,0.00,0.00,0.00,0.00,0.00,0.00
103,4e_5e,MW1,Prsnt,15,0.01,8.65003483467779e-03,0.28,0.04,0.02,0.01,0.00,0.00,0.00,0.09,0.00,0.04,0.00,0.00,0.00,1.32589869834228e-03
103,4e_5e,MW1,Prsnt,25,0.13,0.09,2.76,0.61,0.24,0.15,0.00,0.00,0.00,1.08,0.00,0.47,0.00,0.00,0.00,0.01
103,4e_5e,MW1,Prsnt,35,0.58,0.40,10.24,2.28,0.82,0.55,0.00,0.00,0.00,4.51,0.00,1.97,0.00,0.00,0.00,0.05
103,4e_5e,MW1,Prsnt,45,1.43,1.00,22.81,4.62,1.62,1.10,0.00,0.00,0.00,10.75,0.00,4.82,0.00,0.00,0.00,0.13
103,4e_5e,MW1,Prsnt,55,2.47,1.75,36.37,6.51,2.32,1.51,0.00,0.00,0.00,17.80,0.00,8.26,0.00,0.00,0.00,0.23
103,4e_5e,MW1,Prsnt,65,3.37,2.41,46.15,7.39,2.67,1.69,0.00,0.00,0.00,23.00,0.00,11.11,0.00,0.00,0.00,0.31
103,4e_5e,MW1,Prsnt,75,3.97,2.87,50.91,7.49,2.73,1.69,0.00,0.00,0.00,25.49,0.00,12.89,0.00,0.00,0.00,0.36
103,4e_5e,MW1,Prsnt,85,4.32,3.16,52.13,7.23,2.65,1.60,0.00,0.00,0.00,26.02,0.00,13.82,0.00,0.00,0.00,0.39
103,4e_5e,MW1,Prsnt,95,4.51,3.36,51.30,6.86,2.52,1.49,0.00,0.00,0.00,25.44,0.00,14.20,0.00,0.00,0.00,0.41
103,4e_5e,MW1,Prsnt,105,4.58,3.47,49.11,6.45,2.37,1.38,0.00,0.00,0.00,24.18,0.00,14.18,0.00,0.00,0.00,0.41
103,4e_5e,MW1,Prsnt,115,4.55,3.51,45.88,6.02,2.21,1.26,0.00,0.00,0.00,22.48,0.00,13.85,0.00,0.00,0.00,0.41
103,4e_5e,MW1,Prsnt,125,4.42,3.48,41.90,5.58,2.05,1.15,0.00,0.00,0.00,20.51,0.00,13.24,0.00,0.00,0.00,0.40
103,4e_5e,MW1,Prsnt,135,4.21,3.38,37.45,5.13,1.88,1.04,0.00,0.00,0.00,18.40,0.00,12.42,0.00,0.00,0.00,0.38
103,4e_5e,MW1,Prsnt,145,3.94,3.24,32.79,4.67,1.72,0.92,0.00,0.00,0.00,16.26,0.00,11.45,0.00,0.00,0.00,0.35
103,4e_5e,MW1,Prsnt,155,3.62,3.04,28.16,4.21,1.55,0.82,0.00,0.00,0.00,14.17,0.00,10.38,0.00,0.00,0.00,0.33
103,4e_5e,MW1,Prsnt,165,3.27,2.82,23.74,3.76,1.38,0.71,0.00,0.00,0.00,12.20,0.00,9.27,0.00,0.00,0.00,0.29
103,4e_5e,MW1,Prsnt,175,2.91,2.57,19.65,3.33,1.22,0.62,0.00,0.00,0.00,10.37,0.00,8.16,0.00,0.00,0.00,0.26
103,4e_5e,MW1,Prsnt,185,2.55,2.31,15.99,2.92,1.07,0.53,0.00,0.00,0.00,8.71,0.00,7.08,0.00,0.00,0.00,0.23
103,4e_5e,MW1,Prsnt,195,2.20,2.05,12.81,2.53,0.93,0.45,0.00,0.00,0.00,7.24,0.00,6.06,0.00,0.00,0.00,0.20
103,4e_5e,MW1,Prsnt,205,1.87,1.79,10.09,2.17,0.80,0.38,0.00,0.00,0.00,5.95,0.00,5.12,0.00,0.00,0.00,0.17
103,4e_5e,MW1,Prsnt,215,1.57,1.55,7.84,1.84,0.68,0.31,0.00,0.00,0.00,4.83,0.00,4.28,0.00,0.00,0.00,0.14
103,4e_5e,MW1,Prsnt,225,1.30,1.32,5.99,1.55,0.57,0.25,0.00,0.00,0.00,3.88,0.00,3.53,0.00,0.00,0.00,0.12
103,4e_5e,MW1,Prsnt,235,1.06,1.11,4.52,1.29,0.47,0.21,0.00,0.00,0.00,3.08,0.00,2.87,0.00,0.00,0.00,0.10
103,4e_5e,MW1,Prsnt,245,0.85,0.92,3.36,1.06,0.39,0.16,0.00,0.00,0.00,2.42,0.00,2.31,0.00,0.00,0.00,0.08
103,4e_5e,MW1,Prsnt,255,0.68,0.76,2.47,0.86,0.31,0.13,0.00,0.00,0.00,1.88,0.00,1.84,0.00,0.00,0.00,0.06
104,patnt,MW1,Prsnt,5,0.00,0.00,0.00,0.00,0.00,0.00,0.00,0.00,0.00,0.00,0.00,0.00,0.00,0.00,0.00,0.00
104,patnt,MW1,Prsnt,15,0.01,0.02,0.69,0.08,0.16,0.05,0.00,0.00,0.00,0.41,0.00,0.07,0.00,0.00,0.00,2.14214618299502e-03
104,patnt,MW1,Prsnt,25,0.08,0.19,4.15,0.68,0.95,0.42,0.00,0.00,0.00,3.01,0.00,0.50,0.00,0.00,0.00,0.01
104,patnt,MW1,Prsnt,35,0.26,0.58,11.42,1.90,2.37,1.14,0.00,0.00,0.00,9.30,0.00,1.56,0.00,0.00,0.00,0.04
104,patnt,MW1,Prsnt,45,0.55,1.21,21.42,3.24,3.96,1.90,0.00,0.00,0.00,18.66,0.00,3.20,0.00,0.00,0.00,0.08
104,patnt,MW1,Prsnt,55,0.89,1.99,32.04,4.28,5.31,2.45,0.00,0.00,0.00,29.00,0.00,5.15,0.00,0.00,0.00,0.13
104,patnt,MW1,Prsnt,65,1.25,2.80,41.65,4.98,6.28,2.81,0.00,0.00,0.00,38.37,0.00,7.10,0.00,0.00,0.00,0.18
104,patnt,MW1,Prsnt,75,1.58,3.59,49.43,5.43,6.91,3.02,0.00,0.00,0.00,45.76,0.00,8.86,0.00,0.00,0.00,0.23
104,patnt,MW1,Prsnt,85,1.87,4.30,55.03,5.70,7.28,3.11,0.00,0.00,0.00,50.78,0.00,10.33,0.00,0.00,0.00,0.27
104,patnt,MW1,Prsnt,95,2.10,4.91,58.28,5.82,7.44,3.13,0.00,0.00,0.00,53.43,0.00,11.42,0.00,0.00,0.00,0.31
104,patnt,MW1,Prsnt,105,2.26,5.38,59.15,5.80,7.43,3.06,0.00,0.00,0.00,53.86,0.00,12.10,0.00,0.00,0.00,0.33
104,patnt,MW1,Prsnt,115,2.35,5.69,57.79,5.67,7.26,2.94,0.00,0.00,0.00,52.36,0.00,12.35,0.00,0.00,0.00,0.34
104,patnt,MW1,Prsnt,125,2.36,5.82,54.49,5.42,6.94,2.76,0.00,0.00,0.00,49.31,0.00,12.19,0.00,0.00,0.00,0.34
104,patnt,MW1,Prsnt,135,2.29,5.78,49.71,5.08,6.51,2.53,0.00,0.00,0.00,45.15,0.00,11.67,0.00,0.00,0.00,0.33
104,patnt,MW1,Prsnt,145,2.16,5.59,43.94,4.67,5.99,2.28,0.00,0.00,0.00,40.28,0.00,10.86,0.00,0.00,0.00,0.31
104,patnt,MW1,Prsnt,155,1.99,5.25,37.70,4.21,5.40,2.02,0.00,0.00,0.00,35.08,0.00,9.84,0.00,0.00,0.00,0.29
104,patnt,MW1,Prsnt,165,1.78,4.81,31.43,3.72,4.77,1.75,0.00,0.00,0.00,29.86,0.00,8.69,0.00,0.00,0.00,0.26
104,patnt,MW1,Prsnt,175,1.55,4.30,25.50,3.23,4.14,1.48,0.00,0.00,0.00,24.88,0.00,7.50,0.00,0.00,0.00,0.23
104,patnt,MW1,Prsnt,185,1.31,3.75,20.15,2.74,3.52,1.23,0.00,0.00,0.00,20.29,0.00,6.31,0.00,0.00,0.00,0.19
104,patnt,MW1,Prsnt,195,1.09,3.20,15.52,2.29,2.94,1.00,0.00,0.00,0.00,16.22,0.00,5.20,0.00,0.00,0.00,0.16
104,patnt,MW1,Prsnt,205,0.88,2.67,11.66,1.87,2.40,0.80,0.00,0.00,0.00,12.71,0.00,4.19,0.00,0.00,0.00,0.13
104,patnt,MW1,Prsnt,215,0.70,2.18,8.56,1.50,1.93,0.63,0.00,0.00,0.00,9.76,0.00,3.31,0.00,0.00,0.00,0.10
104,patnt,MW1,Prsnt,225,0.54,1.74,6.13,1.18,1.52,0.48,0.00,0.00,0.00,7.35,0.00,2.55,0.00,0.00,0.00,0.08
104,patnt,MW1,Prsnt,235,0.41,1.36,4.30,0.91,1.17,0.36,0.00,0.00,0.00,5.43,0.00,1.93,0.00,0.00,0.00,0.06
104,patnt,MW1,Prsnt,245,0.30,1.04,2.95,0.69,0.89,0.27,0.00,0.00,0.00,3.93,0.00,1.43,0.00,0.00,0.00,0.04
104,patnt,MW1,Prsnt,255,0.22,0.78,1.97,0.51,0.66,0.19,0.00,0.00,0.00,2.79,0.00,1.04,0.00,0.00,0.00,0.03
105,4e_5e,MW1,Exten,5,0.00,0.00,0.00,0.00,0.00,0.00,0.00,0.00,0.00,0.00,0.00,0.00,0.00,0.00,0.00,0.00
105,4e_5e,MW1,Exten,15,0.01,8.65003483467779e-03,0.28,0.04,0.02,0.01,0.00,0.00,0.00,0.09,0.00,0.04,0.00,0.00,0.00,1.32589869834228e-03
105,4e_5e,MW1,Exten,25,0.13,0.09,2.76,0.61,0.24,0.15,0.00,0.00,0.00,1.08,0.00,0.47,0.00,0.00,0.00,0.01
105,4e_5e,MW1,Exten,35,0.58,0.40,10.24,2.28,0.82,0.55,0.00,0.00,0.00,4.51,0.00,1.97,0.00,0.00,0.00,0.05
105,4e_5e,MW1,Exten,45,1.43,1.00,22.81,4.62,1.62,1.10,0.00,0.00,0.00,10.75,0.00,4.82,0.00,0.00,0.00,0.13
105,4e_5e,MW1,Exten,55,2.47,1.75,36.37,6.51,2.32,1.51,0.00,0.00,0.00,17.80,0.00,8.26,0.00,0.00,0.00,0.23
105,4e_5e,MW1,Exten,65,3.37,2.41,46.15,7.39,2.67,1.69,0.00,0.00,0.00,23.00,0.00,11.11,0.00,0.00,0.00,0.31
105,4e_5e,MW1,Exten,75,3.97,2.87,50.91,7.49,2.73,1.69,0.00,0.00,0.00,25.49,0.00,12.89,0.00,0.00,0.00,0.36
105,4e_5e,MW1,Exten,85,4.32,3.16,52.13,7.23,2.65,1.60,0.00,0.00,0.00,26.02,0.00,13.82,0.00,0.00,0.00,0.39
105,4e_5e,MW1,Exten,95,4.51,3.36,51.30,6.86,2.52,1.49,0.00,0.00,0.00,25.44,0.00,14.20,0.00,0.00,0.00,0.41
105,4e_5e,MW1,Exten,105,4.58,3.47,49.11,6.45,2.37,1.38,0.00,0.00,0.00,24.18,0.00,14.18,0.00,0.00,0.00,0.41
105,4e_5e,MW1,Exten,115,4.55,3.51,45.88,6.02,2.21,1.26,0.00,0.00,0.00,22.48,0.00,13.85,0.00,0.00,0.00,0.41
105,4e_5e,MW1,Exten,125,4.42,3.48,41.90,5.58,2.05,1.15,0.00,0.00,0.00,20.51,0.00,13.24,0.00,0.00,0.00,0.40
105,4e_5e,MW1,Exten,135,4.21,3.38,37.45,5.13,1.88,1.04,0.00,0.00,0.00,18.40,0.00,12.42,0.00,0.00,0.00,0.38
105,4e_5e,MW1,Exten,145,3.94,3.24,32.79,4.67,1.72,0.92,0.00,0.00,0.00,16.26,0.00,11.45,0.00,0.00,0.00,0.35
105,4e_5e,MW1,Exten,155,3.62,3.04,28.16,4.21,1.55,0.82,0.00,0.00,0.00,14.17,0.00,10.38,0.00,0.00,0.00,0.33
105,4e_5e,MW1,Exten,165,3.27,2.82,23.74,3.76,1.38,0.71,0.00,0.00,0.00,12.20,0.00,9.27,0.00,0.00,0.00,0.29
105,4e_5e,MW1,Exten,175,2.91,2.57,19.65,3.33,1.22,0.62,0.00,0.00,0.00,10.37,0.00,8.16,0.00,0.00,0.00,0.26
105,4e_5e,MW1,Exten,185,2.55,2.31,15.99,2.92,1.07,0.53,0.00,0.00,0.00,8.71,0.00,7.08,0.00,0.00,0.00,0.23
105,4e_5e,MW1,Exten,195,2.20,2.05,12.81,2.53,0.93,0.45,0.00,0.00,0.00,7.24,0.00,6.06,0.00,0.00,0.00,0.20
105,4e_5e,MW1,Exten,205,1.87,1.79,10.09,2.17,0.80,0.38,0.00,0.00,0.00,5.95,0.00,5.12,0.00,0.00,0.00,0.17
105,4e_5e,MW1,Exten,215,1.57,1.55,7.84,1.84,0.68,0.31,0.00,0.00,0.00,4.83,0.00,4.28,0.00,0.00,0.00,0.14
105,4e_5e,MW1,Exten,225,1.30,1.32,5.99,1.55,0.57,0.25,0.00,0.00,0.00,3.88,0.00,3.53,0.00,0.00,0.00,0.12
105,4e_5e,MW1,Exten,235,1.06,1.11,4.52,1.29,0.47,0.21,0.00,0.00,0.00,3.08,0.00,2.87,0.00,0.00,0.00,0.10
105,4e_5e,MW1,Exten,245,0.85,0.92,3.36,1.06,0.39,0.16,0.00,0.00,0.00,2.42,0.00,2.31,0.00,0.00,0.00,0.08
105,4e_5e,MW1,Exten,255,0.68,0.76,2.47,0.86,0.31,0.13,0.00,0.00,0.00,1.88,0.00,1.84,0.00,0.00,0.00,0.06
106,patnt,MW1,Exten,5,0.00,0.00,0.00,0.00,0.00,0.00,0.00,0.00,0.00,0.00,0.00,0.00,0.00,0.00,0.00,0.00
106,patnt,MW1,Exten,15,0.01,0.02,0.69,0.08,0.16,0.05,0.00,0.00,0.00,0.41,0.00,0.07,0.00,0.00,0.00,2.14214618299502e-03
106,patnt,MW1,Exten,25,0.08,0.19,4.15,0.68,0.95,0.42,0.00,0.00,0.00,3.01,0.00,0.50,0.00,0.00,0.00,0.01
106,patnt,MW1,Exten,35,0.26,0.58,11.42,1.90,2.37,1.14,0.00,0.00,0.00,9.30,0.00,1.56,0.00,0.00,0.00,0.04
106,patnt,MW1,Exten,45,0.55,1.21,21.42,3.24,3.96,1.90,0.00,0.00,0.00,18.66,0.00,3.20,0.00,0.00,0.00,0.08
106,patnt,MW1,Exten,55,0.89,1.99,32.04,4.28,5.31,2.45,0.00,0.00,0.00,29.00,0.00,5.15,0.00,0.00,0.00,0.13
106,patnt,MW1,Exten,65,1.25,2.80,41.65,4.98,6.28,2.81,0.00,0.00,0.00,38.37,0.00,7.10,0.00,0.00,0.00,0.18
106,patnt,MW1,Exten,75,1.58,3.59,49.43,5.43,6.91,3.02,0.00,0.00,0.00,45.76,0.00,8.86,0.00,0.00,0.00,0.23
106,patnt,MW1,Exten,85,1.87,4.30,55.03,5.70,7.28,3.11,0.00,0.00,0.00,50.78,0.00,10.33,0.00,0.00,0.00,0.27
106,patnt,MW1,Exten,95,2.10,4.91,58.28,5.82,7.44,3.13,0.00,0.00,0.00,53.43,0.00,11.42,0.00,0.00,0.00,0.31
106,patnt,MW1,Exten,105,2.26,5.38,59.15,5.80,7.43,3.06,0.00,0.00,0.00,53.86,0.00,12.10,0.00,0.00,0.00,0.33
106,patnt,MW1,Exten,115,2.35,5.69,57.79,5.67,7.26,2.94,0.00,0.00,0.00,52.36,0.00,12.35,0.00,0.00,0.00,0.34
106,patnt,MW1,Exten,125,2.36,5.82,54.49,5.42,6.94,2.76,0.00,0.00,0.00,49.31,0.00,12.19,0.00,0.00,0.00,0.34
106,patnt,MW1,Exten,135,2.29,5.78,49.71,5.08,6.51,2.53,0.00,0.00,0.00,45.15,0.00,11.67,0.00,0.00,0.00,0.33
106,patnt,MW1,Exten,145,2.16,5.59,43.94,4.67,5.99,2.28,0.00,0.00,0.00,40.28,0.00,10.86,0.00,0.00,0.00,0.31
106,patnt,MW1,Exten,155,1.99,5.25,37.70,4.21,5.40,2.02,0.00,0.00,0.00,35.08,0.00,9.84,0.00,0.00,0.00,0.29
106,patnt,MW1,Exten,165,1.78,4.81,31.43,3.72,4.77,1.75,0.00,0.00,0.00,29.86,0.00,8.69,0.00,0.00,0.00,0.26
106,patnt,MW1,Exten,175,1.55,4.30,25.50,3.23,4.14,1.48,0.00,0.00,0.00,24.88,0.00,7.50,0.00,0.00,0.00,0.23
106,patnt,MW1,Exten,185,1.31,3.75,20.15,2.74,3.52,1.23,0.00,0.00,0.00,20.29,0.00,6.31,0.00,0.00,0.00,0.19
106,patnt,MW1,Exten,195,1.09,3.20,15.52,2.29,2.94,1.00,0.00,0.00,0.00,16.22,0.00,5.20,0.00,0.00,0.00,0.16
106,patnt,MW1,Exten,205,0.88,2.67,11.66,1.87,2.40,0.80,0.00,0.00,0.00,12.71,0.00,4.19,0.00,0.00,0.00,0.13
106,patnt,MW1,Exten,215,0.70,2.18,8.56,1.50,1.93,0.63,0.00,0.00,0.00,9.76,0.00,3.31,0.00,0.00,0.00,0.10
106,patnt,MW1,Exten,225,0.54,1.74,6.13,1.18,1.52,0.48,0.00,0.00,0.00,7.35,0.00,2.55,0.00,0.00,0.00,0.08
106,patnt,MW1,Exten,235,0.41,1.36,4.30,0.91,1.17,0.36,0.00,0.00,0.00,5.43,0.00,1.93,0.00,0.00,0.00,0.06
106,patnt,MW1,Exten,245,0.30,1.04,2.95,0.69,0.89,0.27,0.00,0.00,0.00,3.93,0.00,1.43,0.00,0.00,0.00,0.04
106,patnt,MW1,Exten,255,0.22,0.78,1.97,0.51,0.66,0.19,0.00,0.00,0.00,2.79,0.00,1.04,0.00,0.00,0.00,0.03
107,4e_5e,MW1,Basc1,5,0.00,0.00,0.00,0.00,0.00,0.00,0.00,0.00,0.00,0.00,0.00,0.00,0.00,0.00,0.00,0.00
107,4e_5e,MW1,Basc1,15,0.01,8.65003483467779e-03,0.28,0.04,0.02,0.01,0.00,0.00,0.00,0.09,0.00,0.04,0.00,0.00,0.00,1.32589869834228e-03
107,4e_5e,MW1,Basc1,25,0.13,0.09,2.76,0.61,0.24,0.15,0.00,0.00,0.00,1.08,0.00,0.47,0.00,0.00,0.00,0.01
107,4e_5e,MW1,Basc1,35,0.58,0.40,10.24,2.28,0.82,0.55,0.00,0.00,0.00,4.51,0.00,1.97,0.00,0.00,0.00,0.05
107,4e_5e,MW1,Basc1,45,1.43,1.00,22.81,4.62,1.62,1.10,0.00,0.00,0.00,10.75,0.00,4.82,0.00,0.00,0.00,0.13
107,4e_5e,MW1,Basc1,55,2.47,1.75,36.37,6.51,2.32,1.51,0.00,0.00,0.00,17.80,0.00,8.26,0.00,0.00,0.00,0.23
107,4e_5e,MW1,Basc1,65,3.37,2.41,46.15,7.39,2.67,1.69,0.00,0.00,0.00,23.00,0.00,11.11,0.00,0.00,0.00,0.31
107,4e_5e,MW1,Basc1,75,3.97,2.87,50.91,7.49,2.73,1.69,0.00,0.00,0.00,25.49,0.00,12.89,0.00,0.00,0.00,0.36
107,4e_5e,MW1,Basc1,85,4.32,3.16,52.13,7.23,2.65,1.60,0.00,0.00,0.00,26.02,0.00,13.82,0.00,0.00,0.00,0.39
107,4e_5e,MW1,Basc1,95,4.51,3.36,51.30,6.86,2.52,1.49,0.00,0.00,0.00,25.44,0.00,14.20,0.00,0.00,0.00,0.41
107,4e_5e,MW1,Basc1,105,4.58,3.47,49.11,6.45,2.37,1.38,0.00,0.00,0.00,24.18,0.00,14.18,0.00,0.00,0.00,0.41
107,4e_5e,MW1,Basc1,115,4.55,3.51,45.88,6.02,2.21,1.26,0.00,0.00,0.00,22.48,0.00,13.85,0.00,0.00,0.00,0.41
107,4e_5e,MW1,Basc1,125,4.42,3.48,41.90,5.58,2.05,1.15,0.00,0.00,0.00,20.51,0.00,13.24,0.00,0.00,0.00,0.40
107,4e_5e,MW1,Basc1,135,4.21,3.38,37.45,5.13,1.88,1.04,0.00,0.00,0.00,18.40,0.00,12.42,0.00,0.00,0.00,0.38
107,4e_5e,MW1,Basc1,145,3.94,3.24,32.79,4.67,1.72,0.92,0.00,0.00,0.00,16.26,0.00,11.45,0.00,0.00,0.00,0.35
107,4e_5e,MW1,Basc1,155,3.62,3.04,28.16,4.21,1.55,0.82,0.00,0.00,0.00,14.17,0.00,10.38,0.00,0.00,0.00,0.33
107,4e_5e,MW1,Basc1,165,3.27,2.82,23.74,3.76,1.38,0.71,0.00,0.00,0.00,12.20,0.00,9.27,0.00,0.00,0.00,0.29
107,4e_5e,MW1,Basc1,175,2.91,2.57,19.65,3.33,1.22,0.62,0.00,0.00,0.00,10.37,0.00,8.16,0.00,0.00,0.00,0.26
107,4e_5e,MW1,Basc1,185,2.55,2.31,15.99,2.92,1.07,0.53,0.00,0.00,0.00,8.71,0.00,7.08,0.00,0.00,0.00,0.23
107,4e_5e,MW1,Basc1,195,2.20,2.05,12.81,2.53,0.93,0.45,0.00,0.00,0.00,7.24,0.00,6.06,0.00,0.00,0.00,0.20
107,4e_5e,MW1,Basc1,205,1.87,1.79,10.09,2.17,0.80,0.38,0.00,0.00,0.00,5.95,0.00,5.12,0.00,0.00,0.00,0.17
107,4e_5e,MW1,Basc1,215,1.57,1.55,7.84,1.84,0.68,0.31,0.00,0.00,0.00,4.83,0.00,4.28,0.00,0.00,0.00,0.14
107,4e_5e,MW1,Basc1,225,1.30,1.32,5.99,1.55,0.57,0.25,0.00,0.00,0.00,3.88,0.00,3.53,0.00,0.00,0.00,0.12
107,4e_5e,MW1,Basc1,235,1.06,1.11,4.52,1.29,0.47,0.21,0.00,0.00,0.00,3.08,0.00,2.87,0.00,0.00,0.00,0.10
107,4e_5e,MW1,Basc1,245,0.85,0.92,3.36,1.06,0.39,0.16,0.00,0.00,0.00,2.42,0.00,2.31,0.00,0.00,0.00,0.08
107,4e_5e,MW1,Basc1,255,0.68,0.76,2.47,0.86,0.31,0.13,0.00,0.00,0.00,1.88,0.00,1.84,0.00,0.00,0.00,0.06
108,patnt,MW1,Basc1,5,0.00,0.00,0.00,0.00,0.00,0.00,0.00,0.00,0.00,0.00,0.00,0.00,0.00,0.00,0.00,0.00
108,patnt,MW1,Basc1,15,0.01,0.02,0.69,0.08,0.16,0.05,0.00,0.00,0.00,0.41,0.00,0.07,0.00,0.00,0.00,2.14214618299502e-03
108,patnt,MW1,Basc1,25,0.08,0.19,4.15,0.68,0.95,0.42,0.00,0.00,0.00,3.01,0.00,0.50,0.00,0.00,0.00,0.01
108,patnt,MW1,Basc1,35,0.26,0.58,11.42,1.90,2.37,1.14,0.00,0.00,0.00,9.30,0.00,1.56,0.00,0.00,0.00,0.04
108,patnt,MW1,Basc1,45,0.55,1.21,21.42,3.24,3.96,1.90,0.00,0.00,0.00,18.66,0.00,3.20,0.00,0.00,0.00,0.08
108,patnt,MW1,Basc1,55,0.89,1.99,32.04,4.28,5.31,2.45,0.00,0.00,0.00,29.00,0.00,5.15,0.00,0.00,0.00,0.13
108,patnt,MW1,Basc1,65,1.25,2.80,41.65,4.98,6.28,2.81,0.00,0.00,0.00,38.37,0.00,7.10,0.00,0.00,0.00,0.18
108,patnt,MW1,Basc1,75,1.58,3.59,49.43,5.43,6.91,3.02,0.00,0.00,0.00,45.76,0.00,8.86,0.00,0.00,0.00,0.23
108,patnt,MW1,Basc1,85,1.87,4.30,55.03,5.70,7.28,3.11,0.00,0.00,0.00,50.78,0.00,10.33,0.00,0.00,0.00,0.27
108,patnt,MW1,Basc1,95,2.10,4.91,58.28,5.82,7.44,3.13,0.00,0.00,0.00,53.43,0.00,11.42,0.00,0.00,0.00,0.31
108,patnt,MW1,Basc1,105,2.26,5.38,59.15,5.80,7.43,3.06,0.00,0.00,0.00,53.86,0.00,12.10,0.00,0.00,0.00,0.33
108,patnt,MW1,Basc1,115,2.35,5.69,57.79,5.67,7.26,2.94,0.00,0.00,0.00,52.36,0.00,12.35,0.00,0.00,0.00,0.34
108,patnt,MW1,Basc1,125,2.36,5.82,54.49,5.42,6.94,2.76,0.00,0.00,0.00,49.31,0.00,12.19,0.00,0.00,0.00,0.34
108,patnt,MW1,Basc1,135,2.29,5.78,49.71,5.08,6.51,2.53,0.00,0.00,0.00,45.15,0.00,11.67,0.00,0.00,0.00,0.33
108,patnt,MW1,Basc1,145,2.16,5.59,43.94,4.67,5.99,2.28,0.00,0.00,0.00,40.28,0.00,10.86,0.00,0.00,0.00,0.31
108,patnt,MW1,Basc1,155,1.99,5.25,37.70,4.21,5.40,2.02,0.00,0.00,0.00,35.08,0.00,9.84,0.00,0.00,0.00,0.29
108,patnt,MW1,Basc1,165,1.78,4.81,31.43,3.72,4.77,1.75,0.00,0.00,0.00,29.86,0.00,8.69,0.00,0.00,0.00,0.26
108,patnt,MW1,Basc1,175,1.55,4.30,25.50,3.23,4.14,1.48,0.00,0.00,0.00,24.88,0.00,7.50,0.00,0.00,0.00,0.23
108,patnt,MW1,Basc1,185,1.31,3.75,20.15,2.74,3.52,1.23,0.00,0.00,0.00,20.29,0.00,6.31,0.00,0.00,0.00,0.19
108,patnt,MW1,Basc1,195,1.09,3.20,15.52,2.29,2.94,1.00,0.00,0.00,0.00,16.22,0.00,5.20,0.00,0.00,0.00,0.16
108,patnt,MW1,Basc1,205,0.88,2.67,11.66,1.87,2.40,0.80,0.00,0.00,0.00,12.71,0.00,4.19,0.00,0.00,0.00,0.13
108,patnt,MW1,Basc1,215,0.70,2.18,8.56,1.50,1.93,0.63,0.00,0.00,0.00,9.76,0.00,3.31,0.00,0.00,0.00,0.10
108,patnt,MW1,Basc1,225,0.54,1.74,6.13,1.18,1.52,0.48,0.00,0.00,0.00,7.35,0.00,2.55,0.00,0.00,0.00,0.08
108,patnt,MW1,Basc1,235,0.41,1.36,4.30,0.91,1.17,0.36,0.00,0.00,0.00,5.43,0.00,1.93,0.00,0.00,0.00,0.06
108,patnt,MW1,Basc1,245,0.30,1.04,2.95,0.69,0.89,0.27,0.00,0.00,0.00,3.93,0.00,1.43,0.00,0.00,0.00,0.04
108,patnt,MW1,Basc1,255,0.22,0.78,1.97,0.51,0.66,0.19,0.00,0.00,0.00,2.79,0.00,1.04,0.00,0.00,0.00,0.03
109,4e_5e,MW1,Intn1,5,0.00,0.00,0.00,0.00,0.00,0.00,0.00,0.00,0.00,0.00,0.00,0.00,0.00,0.00,0.00,0.00
109,4e_5e,MW1,Intn1,15,0.01,8.65003483467779e-03,0.28,0.04,0.02,0.01,0.00,0.00,0.00,0.09,0.00,0.04,0.00,0.00,0.00,1.32589869834228e-03
109,4e_5e,MW1,Intn1,25,0.13,0.09,2.76,0.61,0.24,0.15,0.00,0.00,0.00,1.08,0.00,0.47,0.00,0.00,0.00,0.01
109,4e_5e,MW1,Intn1,35,0.58,0.40,10.24,2.28,0.82,0.55,0.00,0.00,0.00,4.51,0.00,1.97,0.00,0.00,0.00,0.05
109,4e_5e,MW1,Intn1,45,1.43,1.00,22.81,4.62,1.62,1.10,0.00,0.00,0.00,10.75,0.00,4.82,0.00,0.00,0.00,0.13
109,4e_5e,MW1,Intn1,55,2.47,1.75,36.37,6.51,2.32,1.51,0.00,0.00,0.00,17.80,0.00,8.26,0.00,0.00,0.00,0.23
109,4e_5e,MW1,Intn1,65,3.37,2.41,46.15,7.39,2.67,1.69,0.00,0.00,0.00,23.00,0.00,11.11,0.00,0.00,0.00,0.31
109,4e_5e,MW1,Intn1,75,3.97,2.87,50.91,7.49,2.73,1.69,0.00,0.00,0.00,25.49,0.00,12.89,0.00,0.00,0.00,0.36
109,4e_5e,MW1,Intn1,85,4.32,3.16,52.13,7.23,2.65,1.60,0.00,0.00,0.00,26.02,0.00,13.82,0.00,0.00,0.00,0.39
109,4e_5e,MW1,Intn1,95,4.51,3.36,51.30,6.86,2.52,1.49,0.00,0.00,0.00,25.44,0.00,14.20,0.00,0.00,0.00,0.41
109,4e_5e,MW1,Intn1,105,4.58,3.47,49.11,6.45,2.37,1.38,0.00,0.00,0.00,24.18,0.00,14.18,0.00,0.00,0.00,0.41
109,4e_5e,MW1,Intn1,115,4.55,3.51,45.88,6.02,2.21,1.26,0.00,0.00,0.00,22.48,0.00,13.85,0.00,0.00,0.00,0.41
109,4e_5e,MW1,Intn1,125,4.42,3.48,41.90,5.58,2.05,1.15,0.00,0.00,0.00,20.51,0.00,13.24,0.00,0.00,0.00,0.40
109,4e_5e,MW1,Intn1,135,4.21,3.38,37.45,5.13,1.88,1.04,0.00,0.00,0.00,18.40,0.00,12.42,0.00,0.00,0.00,0.38
109,4e_5e,MW1,Intn1,145,3.94,3.24,32.79,4.67,1.72,0.92,0.00,0.00,0.00,16.26,0.00,11.45,0.00,0.00,0.00,0.35
109,4e_5e,MW1,Intn1,155,3.62,3.04,28.16,4.21,1.55,0.82,0.00,0.00,0.00,14.17,0.00,10.38,0.00,0.00,0.00,0.33
109,4e_5e,MW1,Intn1,165,3.27,2.82,23.74,3.76,1.38,0.71,0.00,0.00,0.00,12.20,0.00,9.27,0.00,0.00,0.00,0.29
109,4e_5e,MW1,Intn1,175,2.91,2.57,19.65,3.33,1.22,0.62,0.00,0.00,0.00,10.37,0.00,8.16,0.00,0.00,0.00,0.26
109,4e_5e,MW1,Intn1,185,2.55,2.31,15.99,2.92,1.07,0.53,0.00,0.00,0.00,8.71,0.00,7.08,0.00,0.00,0.00,0.23
109,4e_5e,MW1,Intn1,195,2.20,2.05,12.81,2.53,0.93,0.45,0.00,0.00,0.00,7.24,0.00,6.06,0.00,0.00,0.00,0.20
109,4e_5e,MW1,Intn1,205,1.87,1.79,10.09,2.17,0.80,0.38,0.00,0.00,0.00,5.95,0.00,5.12,0.00,0.00,0.00,0.17
109,4e_5e,MW1,Intn1,215,1.57,1.55,7.84,1.84,0.68,0.31,0.00,0.00,0.00,4.83,0.00,4.28,0.00,0.00,0.00,0.14
109,4e_5e,MW1,Intn1,225,1.30,1.32,5.99,1.55,0.57,0.25,0.00,0.00,0.00,3.88,0.00,3.53,0.00,0.00,0.00,0.12
109,4e_5e,MW1,Intn1,235,1.06,1.11,4.52,1.29,0.47,0.21,0.00,0.00,0.00,3.08,0.00,2.87,0.00,0.00,0.00,0.10
109,4e_5e,MW1,Intn1,245,0.85,0.92,3.36,1.06,0.39,0.16,0.00,0.00,0.00,2.42,0.00,2.31,0.00,0.00,0.00,0.08
109,4e_5e,MW1,Intn1,255,0.68,0.76,2.47,0.86,0.31,0.13,0.00,0.00,0.00,1.88,0.00,1.84,0.00,0.00,0.00,0.06
110,patnt,MW1,Intn1,5,0.00,0.00,0.00,0.00,0.00,0.00,0.00,0.00,0.00,0.00,0.00,0.00,0.00,0.00,0.00,0.00
110,patnt,MW1,Intn1,15,0.01,0.02,0.69,0.08,0.16,0.05,0.00,0.00,0.00,0.41,0.00,0.07,0.00,0.00,0.00,2.14214618299502e-03
110,patnt,MW1,Intn1,25,0.08,0.19,4.15,0.68,0.95,0.42,0.00,0.00,0.00,3.01,0.00,0.50,0.00,0.00,0.00,0.01
110,patnt,MW1,Intn1,35,0.26,0.58,11.42,1.90,2.37,1.14,0.00,0.00,0.00,9.30,0.00,1.56,0.00,0.00,0.00,0.04
110,patnt,MW1,Intn1,45,0.55,1.21,21.42,3.24,3.96,1.90,0.00,0.00,0.00,18.66,0.00,3.20,0.00,0.00,0.00,0.08
110,patnt,MW1,Intn1,55,0.89,1.99,32.04,4.28,5.31,2.45,0.00,0.00,0.00,29.00,0.00,5.15,0.00,0.00,0.00,0.13
110,patnt,MW1,Intn1,65,1.25,2.80,41.65,4.98,6.28,2.81,0.00,0.00,0.00,38.37,0.00,7.10,0.00,0.00,0.00,0.18
110,patnt,MW1,Intn1,75,1.58,3.59,49.43,5.43,6.91,3.02,0.00,0.00,0.00,45.76,0.00,8.86,0.00,0.00,0.00,0.23
110,patnt,MW1,Intn1,85,1.87,4.30,55.03,5.70,7.28,3.11,0.00,0.00,0.00,50.78,0.00,10.33,0.00,0.00,0.00,0.27
110,patnt,MW1,Intn1,95,2.10,4.91,58.28,5.82,7.44,3.13,0.00,0.00,0.00,53.43,0.00,11.42,0.00,0.00,0.00,0.31
110,patnt,MW1,Intn1,105,2.26,5.38,59.15,5.80,7.43,3.06,0.00,0.00,0.00,53.86,0.00,12.10,0.00,0.00,0.00,0.33
110,patnt,MW1,Intn1,115,2.35,5.69,57.79,5.67,7.26,2.94,0.00,0.00,0.00,52.36,0.00,12.35,0.00,0.00,0.00,0.34
110,patnt,MW1,Intn1,125,2.36,5.82,54.49,5.42,6.94,2.76,0.00,0.00,0.00,49.31,0.00,12.19,0.00,0.00,0.00,0.34
110,patnt,MW1,Intn1,135,2.29,5.78,49.71,5.08,6.51,2.53,0.00,0.00,0.00,45.15,0.00,11.67,0.00,0.00,0.00,0.33
110,patnt,MW1,Intn1,145,2.16,5.59,43.94,4.67,5.99,2.28,0.00,0.00,0.00,40.28,0.00,10.86,0.00,0.00,0.00,0.31
110,patnt,MW1,Intn1,155,1.99,5.25,37.70,4.21,5.40,2.02,0.00,0.00,0.00,35.08,0.00,9.84,0.00,0.00,0.00,0.29
110,patnt,MW1,Intn1,165,1.78,4.81,31.43,3.72,4.77,1.75,0.00,0.00,0.00,29.86,0.00,8.69,0.00,0.00,0.00,0.26
110,patnt,MW1,Intn1,175,1.55,4.30,25.50,3.23,4.14,1.48,0.00,0.00,0.00,24.88,0.00,7.50,0.00,0.00,0.00,0.23
110,patnt,MW1,Intn1,185,1.31,3.75,20.15,2.74,3.52,1.23,0.00,0.00,0.00,20.29,0.00,6.31,0.00,0.00,0.00,0.19
110,patnt,MW1,Intn1,195,1.09,3.20,15.52,2.29,2.94,1.00,0.00,0.00,0.00,16.22,0.00,5.20,0.00,0.00,0.00,0.16
110,patnt,MW1,Intn1,205,0.88,2.67,11.66,1.87,2.40,0.80,0.00,0.00,0.00,12.71,0.00,4.19,0.00,0.00,0.00,0.13
110,patnt,MW1,Intn1,215,0.70,2.18,8.56,1.50,1.93,0.63,0.00,0.00,0.00,9.76,0.00,3.31,0.00,0.00,0.00,0.10
110,patnt,MW1,Intn1,225,0.54,1.74,6.13,1.18,1.52,0.48,0.00,0.00,0.00,7.35,0.00,2.55,0.00,0.00,0.00,0.08
110,patnt,MW1,Intn1,235,0.41,1.36,4.30,0.91,1.17,0.36,0.00,0.00,0.00,5.43,0.00,1.93,0.00,0.00,0.00,0.06
110,patnt,MW1,Intn1,245,0.30,1.04,2.95,0.69,0.89,0.27,0.00,0.00,0.00,3.93,0.00,1.43,0.00,0.00,0.00,0.04
110,patnt,MW1,Intn1,255,0.22,0.78,1.97,0.51,0.66,0.19,0.00,0.00,0.00,2.79,0.00,1.04,0.00,0.00,0.00,0.03
111,4e_5e,MW1,Intn2,5,0.00,0.00,0.00,0.00,0.00,0.00,0.00,0.00,0.00,0.00,0.00,0.00,0.00,0.00,0.00,0.00
111,4e_5e,MW1,Intn2,15,0.01,8.65003483467779e-03,0.28,0.04,0.02,0.01,0.00,0.00,0.00,0.09,0.00,0.04,0.00,0.00,0.00,1.32589869834228e-03
111,4e_5e,MW1,Intn2,25,0.13,0.09,2.76,0.61,0.24,0.15,0.00,0.00,0.00,1.08,0.00,0.47,0.00,0.00,0.00,0.01
111,4e_5e,MW1,Intn2,35,0.58,0.40,10.24,2.28,0.82,0.55,0.00,0.00,0.00,4.51,0.00,1.97,0.00,0.00,0.00,0.05
111,4e_5e,MW1,Intn2,45,1.43,1.00,22.81,4.62,1.62,1.10,0.00,0.00,0.00,10.75,0.00,4.82,0.00,0.00,0.00,0.13
111,4e_5e,MW1,Intn2,55,2.47,1.75,36.37,6.51,2.32,1.51,0.00,0.00,0.00,17.80,0.00,8.26,0.00,0.00,0.00,0.23
111,4e_5e,MW1,Intn2,65,3.37,2.41,46.15,7.39,2.67,1.69,0.00,0.00,0.00,23.00,0.00,11.11,0.00,0.00,0.00,0.31
111,4e_5e,MW1,Intn2,75,3.97,2.87,50.91,7.49,2.73,1.69,0.00,0.00,0.00,25.49,0.00,12.89,0.00,0.00,0.00,0.36
111,4e_5e,MW1,Intn2,85,4.32,3.16,52.13,7.23,2.65,1.60,0.00,0.00,0.00,26.02,0.00,13.82,0.00,0.00,0.00,0.39
111,4e_5e,MW1,Intn2,95,4.51,3.36,51.30,6.86,2.52,1.49,0.00,0.00,0.00,25.44,0.00,14.20,0.00,0.00,0.00,0.41
111,4e_5e,MW1,Intn2,105,4.58,3.47,49.11,6.45,2.37,1.38,0.00,0.00,0.00,24.18,0.00,14.18,0.00,0.00,0.00,0.41
111,4e_5e,MW1,Intn2,115,4.55,3.51,45.88,6.02,2.21,1.26,0.00,0.00,0.00,22.48,0.00,13.85,0.00,0.00,0.00,0.41
111,4e_5e,MW1,Intn2,125,4.42,3.48,41.90,5.58,2.05,1.15,0.00,0.00,0.00,20.51,0.00,13.24,0.00,0.00,0.00,0.40
111,4e_5e,MW1,Intn2,135,4.21,3.38,37.45,5.13,1.88,1.04,0.00,0.00,0.00,18.40,0.00,12.42,0.00,0.00,0.00,0.38
111,4e_5e,MW1,Intn2,145,3.94,3.24,32.79,4.67,1.72,0.92,0.00,0.00,0.00,16.26,0.00,11.45,0.00,0.00,0.00,0.35
111,4e_5e,MW1,Intn2,155,3.62,3.04,28.16,4.21,1.55,0.82,0.00,0.00,0.00,14.17,0.00,10.38,0.00,0.00,0.00,0.33
111,4e_5e,MW1,Intn2,165,3.27,2.82,23.74,3.76,1.38,0.71,0.00,0.00,0.00,12.20,0.00,9.27,0.00,0.00,0.00,0.29
111,4e_5e,MW1,Intn2,175,2.91,2.57,19.65,3.33,1.22,0.62,0.00,0.00,0.00,10.37,0.00,8.16,0.00,0.00,0.00,0.26
111,4e_5e,MW1,Intn2,185,2.55,2.31,15.99,2.92,1.07,0.53,0.00,0.00,0.00,8.71,0.00,7.08,0.00,0.00,0.00,0.23
111,4e_5e,MW1,Intn2,195,2.20,2.05,12.81,2.53,0.93,0.45,0.00,0.00,0.00,7.24,0.00,6.06,0.00,0.00,0.00,0.20
111,4e_5e,MW1,Intn2,205,1.87,1.79,10.09,2.17,0.80,0.38,0.00,0.00,0.00,5.95,0.00,5.12,0.00,0.00,0.00,0.17
111,4e_5e,MW1,Intn2,215,1.57,1.55,7.84,1.84,0.68,0.31,0.00,0.00,0.00,4.83,0.00,4.28,0.00,0.00,0.00,0.14
111,4e_5e,MW1,Intn2,225,1.30,1.32,5.99,1.55,0.57,0.25,0.00,0.00,0.00,3.88,0.00,3.53,0.00,0.00,0.00,0.12
111,4e_5e,MW1,Intn2,235,1.06,1.11,4.52,1.29,0.47,0.21,0.00,0.00,0.00,3.08,0.00,2.87,0.00,0.00,0.00,0.10
111,4e_5e,MW1,Intn2,245,0.85,0.92,3.36,1.06,0.39,0.16,0.00,0.00,0.00,2.42,0.00,2.31,0.00,0.00,0.00,0.08
111,4e_5e,MW1,Intn2,255,0.68,0.76,2.47,0.86,0.31,0.13,0.00,0.00,0.00,1.88,0.00,1.84,0.00,0.00,0.00,0.06
112,patnt,MW1,Intn2,5,0.00,0.00,0.00,0.00,0.00,0.00,0.00,0.00,0.00,0.00,0.00,0.00,0.00,0.00,0.00,0.00
112,patnt,MW1,Intn2,15,0.01,0.02,0.69,0.08,0.16,0.05,0.00,0.00,0.00,0.41,0.00,0.07,0.00,0.00,0.00,2.14214618299502e-03
112,patnt,MW1,Intn2,25,0.08,0.19,4.15,0.68,0.95,0.42,0.00,0.00,0.00,3.01,0.00,0.50,0.00,0.00,0.00,0.01
112,patnt,MW1,Intn2,35,0.26,0.58,11.42,1.90,2.37,1.14,0.00,0.00,0.00,9.30,0.00,1.56,0.00,0.00,0.00,0.04
112,patnt,MW1,Intn2,45,0.55,1.21,21.42,3.24,3.96,1.90,0.00,0.00,0.00,18.66,0.00,3.20,0.00,0.00,0.00,0.08
112,patnt,MW1,Intn2,55,0.89,1.99,32.04,4.28,5.31,2.45,0.00,0.00,0.00,29.00,0.00,5.15,0.00,0.00,0.00,0.13
112,patnt,MW1,Intn2,65,1.25,2.80,41.65,4.98,6.28,2.81,0.00,0.00,0.00,38.37,0.00,7.10,0.00,0.00,0.00,0.18
112,patnt,MW1,Intn2,75,1.58,3.59,49.43,5.43,6.91,3.02,0.00,0.00,0.00,45.76,0.00,8.86,0.00,0.00,0.00,0.23
112,patnt,MW1,Intn2,85,1.87,4.30,55.03,5.70,7.28,3.11,0.00,0.00,0.00,50.78,0.00,10.33,0.00,0.00,0.00,0.27
112,patnt,MW1,Intn2,95,2.10,4.91,58.28,5.82,7.44,3.13,0.00,0.00,0.00,53.43,0.00,11.42,0.00,0.00,0.00,0.31
112,patnt,MW1,Intn2,105,2.26,5.38,59.15,5.80,7.43,3.06,0.00,0.00,0.00,53.86,0.00,12.10,0.00,0.00,0.00,0.33
112,patnt,MW1,Intn2,115,2.35,5.69,57.79,5.67,7.26,2.94,0.00,0.00,0.00,52.36,0.00,12.35,0.00,0.00,0.00,0.34
112,patnt,MW1,Intn2,125,2.36,5.82,54.49,5.42,6.94,2.76,0.00,0.00,0.00,49.31,0.00,12.19,0.00,0.00,0.00,0.34
112,patnt,MW1,Intn2,135,2.29,5.78,49.71,5.08,6.51,2.53,0.00,0.00,0.00,45.15,0.00,11.67,0.00,0.00,0.00,0.33
112,patnt,MW1,Intn2,145,2.16,5.59,43.94,4.67,5.99,2.28,0.00,0.00,0.00,40.28,0.00,10.86,0.00,0.00,0.00,0.31
112,patnt,MW1,Intn2,155,1.99,5.25,37.70,4.21,5.40,2.02,0.00,0.00,0.00,35.08,0.00,9.84,0.00,0.00,0.00,0.29
112,patnt,MW1,Intn2,165,1.78,4.81,31.43,3.72,4.77,1.75,0.00,0.00,0.00,29.86,0.00,8.69,0.00,0.00,0.00,0.26
112,patnt,MW1,Intn2,175,1.55,4.30,25.50,3.23,4.14,1.48,0.00,0.00,0.00,24.88,0.00,7.50,0.00,0.00,0.00,0.23
112,patnt,MW1,Intn2,185,1.31,3.75,20.15,2.74,3.52,1.23,0.00,0.00,0.00,20.29,0.00,6.31,0.00,0.00,0.00,0.19
112,patnt,MW1,Intn2,195,1.09,3.20,15.52,2.29,2.94,1.00,0.00,0.00,0.00,16.22,0.00,5.20,0.00,0.00,0.00,0.16
112,patnt,MW1,Intn2,205,0.88,2.67,11.66,1.87,2.40,0.80,0.00,0.00,0.00,12.71,0.00,4.19,0.00,0.00,0.00,0.13
112,patnt,MW1,Intn2,215,0.70,2.18,8.56,1.50,1.93,0.63,0.00,0.00,0.00,9.76,0.00,3.31,0.00,0.00,0.00,0.10
112,patnt,MW1,Intn2,225,0.54,1.74,6.13,1.18,1.52,0.48,0.00,0.00,0.00,7.35,0.00,2.55,0.00,0.00,0.00,0.08
112,patnt,MW1,Intn2,235,0.41,1.36,4.30,0.91,1.17,0.36,0.00,0.00,0.00,5.43,0.00,1.93,0.00,0.00,0.00,0.06
112,patnt,MW1,Intn2,245,0.30,1.04,2.95,0.69,0.89,0.27,0.00,0.00,0.00,3.93,0.00,1.43,0.00,0.00,0.00,0.04
112,patnt,MW1,Intn2,255,0.22,0.78,1.97,0.51,0.66,0.19,0.00,0.00,0.00,2.79,0.00,1.04,0.00,0.00,0.00,0.03
115,4e_5e,MW2,Prsnt,5,0.00,0.00,0.00,0.00,0.00,0.00,0.00,0.00,0.00,0.00,0.00,0.00,0.00,0.00,0.00,0.00
115,4e_5e,MW2,Prsnt,15,0.23,0.03,0.13,0.39,0.55,0.34,0.59,0.00,0.00,0.42,0.00,0.35,0.01,0.00,0.02,0.02
115,4e_5e,MW2,Prsnt,25,1.14,0.15,0.57,2.11,2.16,1.78,1.40,0.00,0.00,2.13,0.00,1.75,0.05,0.00,0.09,0.11
115,4e_5e,MW2,Prsnt,35,2.71,0.36,1.19,4.49,4.10,3.70,2.09,0.00,0.00,5.03,0.00,4.15,0.12,0.00,0.19,0.26
115,4e_5e,MW2,Prsnt,45,4.56,0.61,1.83,6.23,5.58,5.01,2.53,0.00,0.00,8.22,0.00,6.94,0.20,0.00,0.30,0.42
115,4e_5e,MW2,Prsnt,55,6.32,0.85,2.33,7.03,6.38,5.54,2.73,0.00,0.00,10.91,0.00,9.53,0.27,0.00,0.38,0.58
115,4e_5e,MW2,Prsnt,65,7.83,1.07,2.70,7.26,6.69,5.63,2.77,0.00,0.00,12.83,0.00,11.67,0.33,0.00,0.44,0.71
115,4e_5e,MW2,Prsnt,75,9.11,1.26,2.94,7.27,6.76,5.54,2.74,0.00,0.00,14.04,0.00,13.37,0.39,0.00,0.49,0.81
115,4e_5e,MW2,Prsnt,85,10.17,1.42,3.08,7.19,6.71,5.40,2.66,0.00,0.00,14.69,0.00,14.68,0.43,0.00,0.53,0.90
115,4e_5e,MW2,Prsnt,95,11.02,1.56,3.15,7.08,6.62,5.22,2.57,0.00,0.00,14.90,0.00,15.65,0.47,0.00,0.56,0.97
115,4e_5e,MW2,Prsnt,105,11.67,1.69,3.14,6.94,6.50,5.03,2.46,0.00,0.00,14.77,0.00,16.30,0.49,0.00,0.58,1.02
115,4e_5e,MW2,Prsnt,115,12.13,1.79,3.07,6.79,6.36,4.83,2.33,0.00,0.00,14.38,0.00,16.67,0.51,0.00,0.59,1.06
115,4e_5e,MW2,Prsnt,125,12.41,1.86,2.96,6.62,6.21,4.63,2.20,0.00,0.00,13.82,0.00,16.79,0.53,0.00,0.60,1.09
115,4e_5e,MW2,Prsnt,135,12.53,1.92,2.80,6.45,6.04,4.42,2.06,0.00,0.00,13.13,0.00,16.69,0.54,0.00,0.60,1.10
115,4e_5e,MW2,Prsnt,145,12.50,1.96,2.61,6.26,5.87,4.21,1.92,0.00,0.00,12.38,0.00,16.41,0.54,0.00,0.60,1.10
115,4e_5e,MW2,Prsnt,155,12.33,1.98,2.41,6.07,5.69,3.99,1.78,0.00,0.00,11.58,0.00,15.98,0.54,0.00,0.59,1.09
115,4e_5e,MW2,Prsnt,165,12.06,1.99,2.20,5.87,5.50,3.78,1.64,0.00,0.00,10.78,0.00,15.43,0.53,0.00,0.58,1.06
115,4e_5e,MW2,Prsnt,175,11.68,1.97,1.98,5.66,5.31,3.57,1.50,0.00,0.00,9.99,0.00,14.80,0.52,0.00,0.56,1.04
115,4e_5e,MW2,Prsnt,185,11.24,1.95,1.77,5.44,5.10,3.36,1.36,0.00,0.00,9.22,0.00,14.10,0.51,0.00,0.54,1.00
115,4e_5e,MW2,Prsnt,195,10.73,1.91,1.57,5.22,4.90,3.15,1.24,0.00,0.00,8.47,0.00,13.36,0.49,0.00,0.52,0.96
115,4e_5e,MW2,Prsnt,205,10.19,1.87,1.38,5.00,4.69,2.95,1.11,0.00,0.00,7.76,0.00,12.60,0.47,0.00,0.50,0.92
115,4e_5e,MW2,Prsnt,215,9.61,1.81,1.20,4.77,4.48,2.75,1.00,0.00,0.00,7.09,0.00,11.82,0.45,0.00,0.48,0.87
115,4e_5e,MW2,Prsnt,225,9.02,1.75,1.04,4.54,4.27,2.56,0.89,0.00,0.00,6.46,0.00,11.05,0.43,0.00,0.45,0.82
115,4e_5e,MW2,Prsnt,235,8.42,1.68,0.90,4.32,4.05,2.38,0.79,0.00,0.00,5.86,0.00,10.29,0.41,0.00,0.43,0.77
115,4e_5e,MW2,Prsnt,245,7.83,1.61,0.77,4.09,3.84,2.20,0.70,0.00,0.00,5.31,0.00,9.54,0.39,0.00,0.40,0.72
115,4e_5e,MW2,Prsnt,255,7.24,1.54,0.65,3.87,3.63,2.03,0.62,0.00,0.00,4.80,0.00,8.82,0.37,0.00,0.38,0.66
116,patnt,MW2,Prsnt,5,0.00,0.00,0.00,0.00,0.00,0.00,0.00,0.00,0.00,0.00,0.00,0.00,0.00,0.00,0.00,0.00
116,patnt,MW2,Prsnt,15,0.22,0.03,0.13,0.38,0.53,0.33,0.57,0.00,0.00,0.43,0.00,0.34,0.01,0.00,0.02,0.02
116,patnt,MW2,Prsnt,25,1.11,0.14,0.55,2.05,2.10,1.73,1.36,0.00,0.00,2.21,0.00,1.70,0.05,0.00,0.09,0.11
116,patnt,MW2,Prsnt,35,2.64,0.35,1.17,4.39,4.00,3.62,2.04,0.00,0.00,5.24,0.00,4.05,0.11,0.00,0.19,0.25
116,patnt,MW2,Prsnt,45,4.46,0.60,1.79,6.10,5.46,4.91,2.48,0.00,0.00,8.59,0.00,6.80,0.19,0.00,0.29,0.41
116,patnt,MW2,Prsnt,55,6.19,0.84,2.29,6.89,6.25,5.43,2.67,0.00,0.00,11.41,0.00,9.34,0.26,0.00,0.37,0.57
116,patnt,MW2,Prsnt,65,7.67,1.05,2.64,7.11,6.55,5.51,2.71,0.00,0.00,13.40,0.00,11.43,0.33,0.00,0.43,0.69
116,patnt,MW2,Prsnt,75,8.89,1.23,2.87,7.09,6.60,5.41,2.67,0.00,0.00,14.62,0.00,13.05,0.38,0.00,0.48,0.79
116,patnt,MW2,Prsnt,85,9.88,1.38,3.00,6.98,6.52,5.24,2.59,0.00,0.00,15.22,0.00,14.26,0.42,0.00,0.51,0.87
116,patnt,MW2,Prsnt,95,10.63,1.51,3.04,6.83,6.39,5.04,2.48,0.00,0.00,15.33,0.00,15.10,0.45,0.00,0.54,0.93
116,patnt,MW2,Prsnt,105,11.16,1.61,3.00,6.64,6.21,4.81,2.35,0.00,0.00,15.06,0.00,15.59,0.47,0.00,0.55,0.98
116,patnt,MW2,Prsnt,115,11.47,1.69,2.91,6.42,6.01,4.57,2.20,0.00,0.00,14.51,0.00,15.76,0.49,0.00,0.56,1.00
116,patnt,MW2,Prsnt,125,11.59,1.74,2.76,6.18,5.79,4.32,2.05,0.00,0.00,13.75,0.00,15.66,0.49,0.00,0.56,1.01
116,patnt,MW2,Prsnt,135,11.51,1.77,2.57,5.92,5.55,4.06,1.89,0.00,0.00,12.87,0.00,15.33,0.49,0.00,0.55,1.01
116,patnt,MW2,Prsnt,145,11.28,1.77,2.36,5.65,5.30,3.80,1.73,0.00,0.00,11.92,0.00,14.81,0.49,0.00,0.54,0.99
116,patnt,MW2,Prsnt,155,10.92,1.75,2.13,5.37,5.04,3.53,1.57,0.00,0.00,10.94,0.00,14.14,0.47,0.00,0.52,0.96
116,patnt,MW2,Prsnt,165,10.44,1.72,1.90,5.08,4.76,3.27,1.42,0.00,0.00,9.96,0.00,13.37,0.46,0.00,0.50,0.92
116,patnt,MW2,Prsnt,175,9.88,1.67,1.67,4.78,4.48,3.01,1.27,0.00,0.00,9.01,0.00,12.51,0.44,0.00,0.47,0.88
116,patnt,MW2,Prsnt,185,9.25,1.60,1.46,4.48,4.20,2.76,1.12,0.00,0.00,8.09,0.00,11.61,0.42,0.00,0.45,0.82
116,patnt,MW2,Prsnt,195,8.59,1.53,1.25,4.18,3.92,2.52,0.99,0.00,0.00,7.23,0.00,10.69,0.39,0.00,0.42,0.77
116,patnt,MW2,Prsnt,205,7.90,1.45,1.07,3.88,3.64,2.29,0.86,0.00,0.00,6.42,0.00,9.77,0.36,0.00,0.39,0.71
116,patnt,MW2,Prsnt,215,7.22,1.36,0.90,3.58,3.36,2.07,0.75,0.00,0.00,5.68,0.00,8.87,0.34,0.00,0.36,0.65
116,patnt,MW2,Prsnt,225,6.54,1.27,0.75,3.29,3.09,1.86,0.65,0.00,0.00,4.99,0.00,8.01,0.31,0.00,0.33,0.59
116,patnt,MW2,Prsnt,235,5.88,1.17,0.62,3.01,2.83,1.66,0.55,0.00,0.00,4.37,0.00,7.18,0.29,0.00,0.30,0.53
116,patnt,MW2,Prsnt,245,5.25,1.08,0.51,2.74,2.58,1.48,0.47,0.00,0.00,3.80,0.00,6.40,0.26,0.00,0.27,0.48
116,patnt,MW2,Prsnt,255,4.66,0.99,0.42,2.49,2.34,1.31,0.40,0.00,0.00,3.29,0.00,5.68,0.23,0.00,0.24,0.43
117,4e_5e,MW2,Exten,5,0.00,0.00,0.00,0.00,0.00,0.00,0.00,0.00,0.00,0.00,0.00,0.00,0.00,0.00,0.00,0.00
117,4e_5e,MW2,Exten,15,0.23,0.03,0.13,0.39,0.55,0.34,0.59,0.00,0.00,0.42,0.00,0.35,0.01,0.00,0.02,0.02
117,4e_5e,MW2,Exten,25,1.14,0.15,0.57,2.11,2.16,1.78,1.40,0.00,0.00,2.13,0.00,1.75,0.05,0.00,0.09,0.11
117,4e_5e,MW2,Exten,35,2.71,0.36,1.19,4.49,4.10,3.70,2.09,0.00,0.00,5.03,0.00,4.15,0.12,0.00,0.19,0.26
117,4e_5e,MW2,Exten,45,4.56,0.61,1.83,6.23,5.58,5.01,2.53,0.00,0.00,8.22,0.00,6.94,0.20,0.00,0.30,0.42
117,4e_5e,MW2,Exten,55,6.32,0.85,2.33,7.03,6.38,5.54,2.73,0.00,0.00,10.91,0.00,9.53,0.27,0.00,0.38,0.58
117,4e_5e,MW2,Exten,65,7.83,1.07,2.70,7.26,6.69,5.63,2.77,0.00,0.00,12.83,0.00,11.67,0.33,0.00,0.44,0.71
117,4e_5e,MW2,Exten,75,9.11,1.26,2.94,7.27,6.76,5.54,2.74,0.00,0.00,14.04,0.00,13.37,0.39,0.00,0.49,0.81
117,4e_5e,MW2,Exten,85,10.17,1.42,3.08,7.19,6.71,5.40,2.66,0.00,0.00,14.69,0.00,14.68,0.43,0.00,0.53,0.90
117,4e_5e,MW2,Exten,95,11.02,1.56,3.15,7.08,6.62,5.22,2.57,0.00,0.00,14.90,0.00,15.65,0.47,0.00,0.56,0.97
117,4e_5e,MW2,Exten,105,11.67,1.69,3.14,6.94,6.50,5.03,2.46,0.00,0.00,14.77,0.00,16.30,0.49,0.00,0.58,1.02
117,4e_5e,MW2,Exten,115,12.13,1.79,3.07,6.79,6.36,4.83,2.33,0.00,0.00,14.38,0.00,16.67,0.51,0.00,0.59,1.06
117,4e_5e,MW2,Exten,125,12.41,1.86,2.96,6.62,6.21,4.63,2.20,0.00,0.00,13.82,0.00,16.79,0.53,0.00,0.60,1.09
117,4e_5e,MW2,Exten,135,12.53,1.92,2.80,6.45,6.04,4.42,2.06,0.00,0.00,13.13,0.00,16.69,0.54,0.00,0.60,1.10
117,4e_5e,MW2,Exten,145,12.50,1.96,2.61,6.26,5.87,4.21,1.92,0.00,0.00,12.38,0.00,16.41,0.54,0.00,0.60,1.10
117,4e_5e,MW2,Exten,155,12.33,1.98,2.41,6.07,5.69,3.99,1.78,0.00,0.00,11.58,0.00,15.98,0.54,0.00,0.59,1.09
117,4e_5e,MW2,Exten,165,12.06,1.99,2.20,5.87,5.50,3.78,1.64,0.00,0.00,10.78,0.00,15.43,0.53,0.00,0.58,1.06
117,4e_5e,MW2,Exten,175,11.68,1.97,1.98,5.66,5.31,3.57,1.50,0.00,0.00,9.99,0.00,14.80,0.52,0.00,0.56,1.04
117,4e_5e,MW2,Exten,185,11.24,1.95,1.77,5.44,5.10,3.36,1.36,0.00,0.00,9.22,0.00,14.10,0.51,0.00,0.54,1.00
117,4e_5e,MW2,Exten,195,10.73,1.91,1.57,5.22,4.90,3.15,1.24,0.00,0.00,8.47,0.00,13.36,0.49,0.00,0.52,0.96
117,4e_5e,MW2,Exten,205,10.19,1.87,1.38,5.00,4.69,2.95,1.11,0.00,0.00,7.76,0.00,12.60,0.47,0.00,0.50,0.92
117,4e_5e,MW2,Exten,215,9.61,1.81,1.20,4.77,4.48,2.75,1.00,0.00,0.00,7.09,0.00,11.82,0.45,0.00,0.48,0.87
117,4e_5e,MW2,Exten,225,9.02,1.75,1.04,4.54,4.27,2.56,0.89,0.00,0.00,6.46,0.00,11.05,0.43,0.00,0.45,0.82
117,4e_5e,MW2,Exten,235,8.42,1.68,0.90,4.32,4.05,2.38,0.79,0.00,0.00,5.86,0.00,10.29,0.41,0.00,0.43,0.77
117,4e_5e,MW2,Exten,245,7.83,1.61,0.77,4.09,3.84,2.20,0.70,0.00,0.00,5.31,0.00,9.54,0.39,0.00,0.40,0.72
117,4e_5e,MW2,Exten,255,7.24,1.54,0.65,3.87,3.63,2.03,0.62,0.00,0.00,4.80,0.00,8.82,0.37,0.00,0.38,0.66
118,patnt,MW2,Exten,5,0.00,0.00,0.00,0.00,0.00,0.00,0.00,0.00,0.00,0.00,0.00,0.00,0.00,0.00,0.00,0.00
118,patnt,MW2,Exten,15,0.22,0.03,0.13,0.38,0.53,0.33,0.57,0.00,0.00,0.43,0.00,0.34,0.01,0.00,0.02,0.02
118,patnt,MW2,Exten,25,1.11,0.14,0.55,2.05,2.10,1.73,1.36,0.00,0.00,2.21,0.00,1.70,0.05,0.00,0.09,0.11
118,patnt,MW2,Exten,35,2.64,0.35,1.17,4.39,4.00,3.62,2.04,0.00,0.00,5.24,0.00,4.05,0.11,0.00,0.19,0.25
118,patnt,MW2,Exten,45,4.46,0.60,1.79,6.10,5.46,4.91,2.48,0.00,0.00,8.59,0.00,6.80,0.19,0.00,0.29,0.41
118,patnt,MW2,Exten,55,6.19,0.84,2.29,6.89,6.25,5.43,2.67,0.00,0.00,11.41,0.00,9.34,0.26,0.00,0.37,0.57
118,patnt,MW2,Exten,65,7.67,1.05,2.64,7.11,6.55,5.51,2.71,0.00,0.00,13.40,0.00,11.43,0.33,0.00,0.43,0.69
118,patnt,MW2,Exten,75,8.89,1.23,2.87,7.09,6.60,5.41,2.67,0.00,0.00,14.62,0.00,13.05,0.38,0.00,0.48,0.79
118,patnt,MW2,Exten,85,9.88,1.38,3.00,6.98,6.52,5.24,2.59,0.00,0.00,15.22,0.00,14.26,0.42,0.00,0.51,0.87
118,patnt,MW2,Exten,95,10.63,1.51,3.04,6.83,6.39,5.04,2.48,0.00,0.00,15.33,0.00,15.10,0.45,0.00,0.54,0.93
118,patnt,MW2,Exten,105,11.16,1.61,3.00,6.64,6.21,4.81,2.35,0.00,0.00,15.06,0.00,15.59,0.47,0.00,0.55,0.98
118,patnt,MW2,Exten,115,11.47,1.69,2.91,6.42,6.01,4.57,2.20,0.00,0.00,14.51,0.00,15.76,0.49,0.00,0.56,1.00
118,patnt,MW2,Exten,125,11.59,1.74,2.76,6.18,5.79,4.32,2.05,0.00,0.00,13.75,0.00,15.66,0.49,0.00,0.56,1.01
118,patnt,MW2,Exten,135,11.51,1.77,2.57,5.92,5.55,4.06,1.89,0.00,0.00,12.87,0.00,15.33,0.49,0.00,0.55,1.01
118,patnt,MW2,Exten,145,11.28,1.77,2.36,5.65,5.30,3.80,1.73,0.00,0.00,11.92,0.00,14.81,0.49,0.00,0.54,0.99
118,patnt,MW2,Exten,155,10.92,1.75,2.13,5.37,5.04,3.53,1.57,0.00,0.00,10.94,0.00,14.14,0.47,0.00,0.52,0.96
118,patnt,MW2,Exten,165,10.44,1.72,1.90,5.08,4.76,3.27,1.42,0.00,0.00,9.96,0.00,13.37,0.46,0.00,0.50,0.92
118,patnt,MW2,Exten,175,9.88,1.67,1.67,4.78,4.48,3.01,1.27,0.00,0.00,9.01,0.00,12.51,0.44,0.00,0.47,0.88
118,patnt,MW2,Exten,185,9.25,1.60,1.46,4.48,4.20,2.76,1.12,0.00,0.00,8.09,0.00,11.61,0.42,0.00,0.45,0.82
118,patnt,MW2,Exten,195,8.59,1.53,1.25,4.18,3.92,2.52,0.99,0.00,0.00,7.23,0.00,10.69,0.39,0.00,0.42,0.77
118,patnt,MW2,Exten,205,7.90,1.45,1.07,3.88,3.64,2.29,0.86,0.00,0.00,6.42,0.00,9.77,0.36,0.00,0.39,0.71
118,patnt,MW2,Exten,215,7.22,1.36,0.90,3.58,3.36,2.07,0.75,0.00,0.00,5.68,0.00,8.87,0.34,0.00,0.36,0.65
118,patnt,MW2,Exten,225,6.54,1.27,0.75,3.29,3.09,1.86,0.65,0.00,0.00,4.99,0.00,8.01,0.31,0.00,0.33,0.59
118,patnt,MW2,Exten,235,5.88,1.17,0.62,3.01,2.83,1.66,0.55,0.00,0.00,4.37,0.00,7.18,0.29,0.00,0.30,0.53
118,patnt,MW2,Exten,245,5.25,1.08,0.51,2.74,2.58,1.48,0.47,0.00,0.00,3.80,0.00,6.40,0.26,0.00,0.27,0.48
118,patnt,MW2,Exten,255,4.66,0.99,0.42,2.49,2.34,1.31,0.40,0.00,0.00,3.29,0.00,5.68,0.23,0.00,0.24,0.43
119,4e_5e,MW2,Basc1,5,0.00,0.00,0.00,0.00,0.00,0.00,0.00,0.00,0.00,0.00,0.00,0.00,0.00,0.00,0.00,0.00
119,4e_5e,MW2,Basc1,15,0.23,0.03,0.13,0.39,0.55,0.34,0.59,0.00,0.00,0.42,0.00,0.35,0.01,0.00,0.02,0.02
119,4e_5e,MW2,Basc1,25,1.14,0.15,0.57,2.11,2.16,1.78,1.40,0.00,0.00,2.13,0.00,1.75,0.05,0.00,0.09,0.11
119,4e_5e,MW2,Basc1,35,2.71,0.36,1.19,4.49,4.10,3.70,2.09,0.00,0.00,5.03,0.00,4.15,0.12,0.00,0.19,0.26
119,4e_5e,MW2,Basc1,45,4.56,0.61,1.83,6.23,5.58,5.01,2.53,0.00,0.00,8.22,0.00,6.94,0.20,0.00,0.30,0.42
119,4e_5e,MW2,Basc1,55,6.32,0.85,2.33,7.03,6.38,5.54,2.73,0.00,0.00,10.91,0.00,9.53,0.27,0.00,0.38,0.58
119,4e_5e,MW2,Basc1,65,7.83,1.07,2.70,7.26,6.69,5.63,2.77,0.00,0.00,12.83,0.00,11.67,0.33,0.00,0.44,0.71
119,4e_5e,MW2,Basc1,75,9.11,1.26,2.94,7.27,6.76,5.54,2.74,0.00,0.00,14.04,0.00,13.37,0.39,0.00,0.49,0.81
119,4e_5e,MW2,Basc1,85,10.17,1.42,3.08,7.19,6.71,5.40,2.66,0.00,0.00,14.69,0.00,14.68,0.43,0.00,0.53,0.90
119,4e_5e,MW2,Basc1,95,11.02,1.56,3.15,7.08,6.62,5.22,2.57,0.00,0.00,14.90,0.00,15.65,0.47,0.00,0.56,0.97
119,4e_5e,MW2,Basc1,105,11.67,1.69,3.14,6.94,6.50,5.03,2.46,0.00,0.00,14.77,0.00,16.30,0.49,0.00,0.58,1.02
119,4e_5e,MW2,Basc1,115,12.13,1.79,3.07,6.79,6.36,4.83,2.33,0.00,0.00,14.38,0.00,16.67,0.51,0.00,0.59,1.06
119,4e_5e,MW2,Basc1,125,12.41,1.86,2.96,6.62,6.21,4.63,2.20,0.00,0.00,13.82,0.00,16.79,0.53,0.00,0.60,1.09
119,4e_5e,MW2,Basc1,135,12.53,1.92,2.80,6.45,6.04,4.42,2.06,0.00,0.00,13.13,0.00,16.69,0.54,0.00,0.60,1.10
119,4e_5e,MW2,Basc1,145,12.50,1.96,2.61,6.26,5.87,4.21,1.92,0.00,0.00,12.38,0.00,16.41,0.54,0.00,0.60,1.10
119,4e_5e,MW2,Basc1,155,12.33,1.98,2.41,6.07,5.69,3.99,1.78,0.00,0.00,11.58,0.00,15.98,0.54,0.00,0.59,1.09
119,4e_5e,MW2,Basc1,165,12.06,1.99,2.20,5.87,5.50,3.78,1.64,0.00,0.00,10.78,0.00,15.43,0.53,0.00,0.58,1.06
119,4e_5e,MW2,Basc1,175,11.68,1.97,1.98,5.66,5.31,3.57,1.50,0.00,0.00,9.99,0.00,14.80,0.52,0.00,0.56,1.04
119,4e_5e,MW2,Basc1,185,11.24,1.95,1.77,5.44,5.10,3.36,1.36,0.00,0.00,9.22,0.00,14.10,0.51,0.00,0.54,1.00
119,4e_5e,MW2,Basc1,195,10.73,1.91,1.57,5.22,4.90,3.15,1.24,0.00,0.00,8.47,0.00,13.36,0.49,0.00,0.52,0.96
119,4e_5e,MW2,Basc1,205,10.19,1.87,1.38,5.00,4.69,2.95,1.11,0.00,0.00,7.76,0.00,12.60,0.47,0.00,0.50,0.92
119,4e_5e,MW2,Basc1,215,9.61,1.81,1.20,4.77,4.48,2.75,1.00,0.00,0.00,7.09,0.00,11.82,0.45,0.00,0.48,0.87
119,4e_5e,MW2,Basc1,225,9.02,1.75,1.04,4.54,4.27,2.56,0.89,0.00,0.00,6.46,0.00,11.05,0.43,0.00,0.45,0.82
119,4e_5e,MW2,Basc1,235,8.42,1.68,0.90,4.32,4.05,2.38,0.79,0.00,0.00,5.86,0.00,10.29,0.41,0.00,0.43,0.77
119,4e_5e,MW2,Basc1,245,7.83,1.61,0.77,4.09,3.84,2.20,0.70,0.00,0.00,5.31,0.00,9.54,0.39,0.00,0.40,0.72
119,4e_5e,MW2,Basc1,255,7.24,1.54,0.65,3.87,3.63,2.03,0.62,0.00,0.00,4.80,0.00,8.82,0.37,0.00,0.38,0.66
120,patnt,MW2,Basc1,5,0.00,0.00,0.00,0.00,0.00,0.00,0.00,0.00,0.00,0.00,0.00,0.00,0.00,0.00,0.00,0.00
120,patnt,MW2,Basc1,15,0.22,0.03,0.13,0.38,0.53,0.33,0.57,0.00,0.00,0.43,0.00,0.34,0.01,0.00,0.02,0.02
120,patnt,MW2,Basc1,25,1.11,0.14,0.55,2.05,2.10,1.73,1.36,0.00,0.00,2.21,0.00,1.70,0.05,0.00,0.09,0.11
120,patnt,MW2,Basc1,35,2.64,0.35,1.17,4.39,4.00,3.62,2.04,0.00,0.00,5.24,0.00,4.05,0.11,0.00,0.19,0.25
120,patnt,MW2,Basc1,45,4.46,0.60,1.79,6.10,5.46,4.91,2.48,0.00,0.00,8.59,0.00,6.80,0.19,0.00,0.29,0.41
120,patnt,MW2,Basc1,55,6.19,0.84,2.29,6.89,6.25,5.43,2.67,0.00,0.00,11.41,0.00,9.34,0.26,0.00,0.37,0.57
120,patnt,MW2,Basc1,65,7.67,1.05,2.64,7.11,6.55,5.51,2.71,0.00,0.00,13.40,0.00,11.43,0.33,0.00,0.43,0.69
120,patnt,MW2,Basc1,75,8.89,1.23,2.87,7.09,6.60,5.41,2.67,0.00,0.00,14.62,0.00,13.05,0.38,0.00,0.48,0.79
120,patnt,MW2,Basc1,85,9.88,1.38,3.00,6.98,6.52,5.24,2.59,0.00,0.00,15.22,0.00,14.26,0.42,0.00,0.51,0.87
120,patnt,MW2,Basc1,95,10.63,1.51,3.04,6.83,6.39,5.04,2.48,0.00,0.00,15.33,0.00,15.10,0.45,0.00,0.54,0.93
120,patnt,MW2,Basc1,105,11.16,1.61,3.00,6.64,6.21,4.81,2.35,0.00,0.00,15.06,0.00,15.59,0.47,0.00,0.55,0.98
120,patnt,MW2,Basc1,115,11.47,1.69,2.91,6.42,6.01,4.57,2.20,0.00,0.00,14.51,0.00,15.76,0.49,0.00,0.56,1.00
120,patnt,MW2,Basc1,125,11.59,1.74,2.76,6.18,5.79,4.32,2.05,0.00,0.00,13.75,0.00,15.66,0.49,0.00,0.56,1.01
120,patnt,MW2,Basc1,135,11.51,1.77,2.57,5.92,5.55,4.06,1.89,0.00,0.00,12.87,0.00,15.33,0.49,0.00,0.55,1.01
120,patnt,MW2,Basc1,145,11.28,1.77,2.36,5.65,5.30,3.80,1.73,0.00,0.00,11.92,0.00,14.81,0.49,0.00,0.54,0.99
120,patnt,MW2,Basc1,155,10.92,1.75,2.13,5.37,5.04,3.53,1.57,0.00,0.00,10.94,0.00,14.14,0.47,0.00,0.52,0.96
120,patnt,MW2,Basc1,165,10.44,1.72,1.90,5.08,4.76,3.27,1.42,0.00,0.00,9.96,0.00,13.37,0.46,0.00,0.50,0.92
120,patnt,MW2,Basc1,175,9.88,1.67,1.67,4.78,4.48,3.01,1.27,0.00,0.00,9.01,0.00,12.51,0.44,0.00,0.47,0.88
120,patnt,MW2,Basc1,185,9.25,1.60,1.46,4.48,4.20,2.76,1.12,0.00,0.00,8.09,0.00,11.61,0.42,0.00,0.45,0.82
120,patnt,MW2,Basc1,195,8.59,1.53,1.25,4.18,3.92,2.52,0.99,0.00,0.00,7.23,0.00,10.69,0.39,0.00,0.42,0.77
120,patnt,MW2,Basc1,205,7.90,1.45,1.07,3.88,3.64,2.29,0.86,0.00,0.00,6.42,0.00,9.77,0.36,0.00,0.39,0.71
120,patnt,MW2,Basc1,215,7.22,1.36,0.90,3.58,3.36,2.07,0.75,0.00,0.00,5.68,0.00,8.87,0.34,0.00,0.36,0.65
120,patnt,MW2,Basc1,225,6.54,1.27,0.75,3.29,3.09,1.86,0.65,0.00,0.00,4.99,0.00,8.01,0.31,0.00,0.33,0.59
120,patnt,MW2,Basc1,235,5.88,1.17,0.62,3.01,2.83,1.66,0.55,0.00,0.00,4.37,0.00,7.18,0.29,0.00,0.30,0.53
120,patnt,MW2,Basc1,245,5.25,1.08,0.51,2.74,2.58,1.48,0.47,0.00,0.00,3.80,0.00,6.40,0.26,0.00,0.27,0.48
120,patnt,MW2,Basc1,255,4.66,0.99,0.42,2.49,2.34,1.31,0.40,0.00,0.00,3.29,0.00,5.68,0.23,0.00,0.24,0.43
121,4e_5e,MW2,Intn1,5,0.00,0.00,0.00,0.00,0.00,0.00,0.00,0.00,0.00,0.00,0.00,0.00,0.00,0.00,0.00,0.00
121,4e_5e,MW2,Intn1,15,0.23,0.03,0.13,0.39,0.55,0.34,0.59,0.00,0.00,0.42,0.00,0.35,0.01,0.00,0.02,0.02
121,4e_5e,MW2,Intn1,25,1.14,0.15,0.57,2.11,2.16,1.78,1.40,0.00,0.00,2.13,0.00,1.75,0.05,0.00,0.09,0.11
121,4e_5e,MW2,Intn1,35,2.71,0.36,1.19,4.49,4.10,3.70,2.09,0.00,0.00,5.03,0.00,4.15,0.12,0.00,0.19,0.26
121,4e_5e,MW2,Intn1,45,4.56,0.61,1.83,6.23,5.58,5.01,2.53,0.00,0.00,8.22,0.00,6.94,0.20,0.00,0.30,0.42
121,4e_5e,MW2,Intn1,55,6.32,0.85,2.33,7.03,6.38,5.54,2.73,0.00,0.00,10.91,0.00,9.53,0.27,0.00,0.38,0.58
121,4e_5e,MW2,Intn1,65,7.83,1.07,2.70,7.26,6.69,5.63,2.77,0.00,0.00,12.83,0.00,11.67,0.33,0.00,0.44,0.71
121,4e_5e,MW2,Intn1,75,9.11,1.26,2.94,7.27,6.76,5.54,2.74,0.00,0.00,14.04,0.00,13.37,0.39,0.00,0.49,0.81
121,4e_5e,MW2,Intn1,85,10.17,1.42,3.08,7.19,6.71,5.40,2.66,0.00,0.00,14.69,0.00,14.68,0.43,0.00,0.53,0.90
121,4e_5e,MW2,Intn1,95,11.02,1.56,3.15,7.08,6.62,5.22,2.57,0.00,0.00,14.90,0.00,15.65,0.47,0.00,0.56,0.97
121,4e_5e,MW2,Intn1,105,11.67,1.69,3.14,6.94,6.50,5.03,2.46,0.00,0.00,14.77,0.00,16.30,0.49,0.00,0.58,1.02
121,4e_5e,MW2,Intn1,115,12.13,1.79,3.07,6.79,6.36,4.83,2.33,0.00,0.00,14.38,0.00,16.67,0.51,0.00,0.59,1.06
121,4e_5e,MW2,Intn1,125,12.41,1.86,2.96,6.62,6.21,4.63,2.20,0.00,0.00,13.82,0.00,16.79,0.53,0.00,0.60,1.09
121,4e_5e,MW2,Intn1,135,12.53,1.92,2.80,6.45,6.04,4.42,2.06,0.00,0.00,13.13,0.00,16.69,0.54,0.00,0.60,1.10
121,4e_5e,MW2,Intn1,145,12.50,1.96,2.61,6.26,5.87,4.21,1.92,0.00,0.00,12.38,0.00,16.41,0.54,0.00,0.60,1.10
121,4e_5e,MW2,Intn1,155,12.33,1.98,2.41,6.07,5.69,3.99,1.78,0.00,0.00,11.58,0.00,15.98,0.54,0.00,0.59,1.09
121,4e_5e,MW2,Intn1,165,12.06,1.99,2.20,5.87,5.50,3.78,1.64,0.00,0.00,10.78,0.00,15.43,0.53,0.00,0.58,1.06
121,4e_5e,MW2,Intn1,175,11.68,1.97,1.98,5.66,5.31,3.57,1.50,0.00,0.00,9.99,0.00,14.80,0.52,0.00,0.56,1.04
121,4e_5e,MW2,Intn1,185,11.24,1.95,1.77,5.44,5.10,3.36,1.36,0.00,0.00,9.22,0.00,14.10,0.51,0.00,0.54,1.00
121,4e_5e,MW2,Intn1,195,10.73,1.91,1.57,5.22,4.90,3.15,1.24,0.00,0.00,8.47,0.00,13.36,0.49,0.00,0.52,0.96
121,4e_5e,MW2,Intn1,205,10.19,1.87,1.38,5.00,4.69,2.95,1.11,0.00,0.00,7.76,0.00,12.60,0.47,0.00,0.50,0.92
121,4e_5e,MW2,Intn1,215,9.61,1.81,1.20,4.77,4.48,2.75,1.00,0.00,0.00,7.09,0.00,11.82,0.45,0.00,0.48,0.87
121,4e_5e,MW2,Intn1,225,9.02,1.75,1.04,4.54,4.27,2.56,0.89,0.00,0.00,6.46,0.00,11.05,0.43,0.00,0.45,0.82
121,4e_5e,MW2,Intn1,235,8.42,1.68,0.90,4.32,4.05,2.38,0.79,0.00,0.00,5.86,0.00,10.29,0.41,0.00,0.43,0.77
121,4e_5e,MW2,Intn1,245,7.83,1.61,0.77,4.09,3.84,2.20,0.70,0.00,0.00,5.31,0.00,9.54,0.39,0.00,0.40,0.72
121,4e_5e,MW2,Intn1,255,7.24,1.54,0.65,3.87,3.63,2.03,0.62,0.00,0.00,4.80,0.00,8.82,0.37,0.00,0.38,0.66
122,patnt,MW2,Intn1,5,0.00,0.00,0.00,0.00,0.00,0.00,0.00,0.00,0.00,0.00,0.00,0.00,0.00,0.00,0.00,0.00
122,patnt,MW2,Intn1,15,0.22,0.03,0.13,0.38,0.53,0.33,0.57,0.00,0.00,0.43,0.00,0.34,0.01,0.00,0.02,0.02
122,patnt,MW2,Intn1,25,1.11,0.14,0.55,2.05,2.10,1.73,1.36,0.00,0.00,2.21,0.00,1.70,0.05,0.00,0.09,0.11
122,patnt,MW2,Intn1,35,2.64,0.35,1.17,4.39,4.00,3.62,2.04,0.00,0.00,5.24,0.00,4.05,0.11,0.00,0.19,0.25
122,patnt,MW2,Intn1,45,4.46,0.60,1.79,6.10,5.46,4.91,2.48,0.00,0.00,8.59,0.00,6.80,0.19,0.00,0.29,0.41
122,patnt,MW2,Intn1,55,6.19,0.84,2.29,6.89,6.25,5.43,2.67,0.00,0.00,11.41,0.00,9.34,0.26,0.00,0.37,0.57
122,patnt,MW2,Intn1,65,7.67,1.05,2.64,7.11,6.55,5.51,2.71,0.00,0.00,13.40,0.00,11.43,0.33,0.00,0.43,0.69
122,patnt,MW2,Intn1,75,8.89,1.23,2.87,7.09,6.60,5.41,2.67,0.00,0.00,14.62,0.00,13.05,0.38,0.00,0.48,0.79
122,patnt,MW2,Intn1,85,9.88,1.38,3.00,6.98,6.52,5.24,2.59,0.00,0.00,15.22,0.00,14.26,0.42,0.00,0.51,0.87
122,patnt,MW2,Intn1,95,10.63,1.51,3.04,6.83,6.39,5.04,2.48,0.00,0.00,15.33,0.00,15.10,0.45,0.00,0.54,0.93
122,patnt,MW2,Intn1,105,11.16,1.61,3.00,6.64,6.21,4.81,2.35,0.00,0.00,15.06,0.00,15.59,0.47,0.00,0.55,0.98
122,patnt,MW2,Intn1,115,11.47,1.69,2.91,6.42,6.01,4.57,2.20,0.00,0.00,14.51,0.00,15.76,0.49,0.00,0.56,1.00
122,patnt,MW2,Intn1,125,11.59,1.74,2.76,6.18,5.79,4.32,2.05,0.00,0.00,13.75,0.00,15.66,0.49,0.00,0.56,1.01
122,patnt,MW2,Intn1,135,11.51,1.77,2.57,5.92,5.55,4.06,1.89,0.00,0.00,12.87,0.00,15.33,0.49,0.00,0.55,1.01
122,patnt,MW2,Intn1,145,11.28,1.77,2.36,5.65,5.30,3.80,1.73,0.00,0.00,11.92,0.00,14.81,0.49,0.00,0.54,0.99
122,patnt,MW2,Intn1,155,10.92,1.75,2.13,5.37,5.04,3.53,1.57,0.00,0.00,10.94,0.00,14.14,0.47,0.00,0.52,0.96
122,patnt,MW2,Intn1,165,10.44,1.72,1.90,5.08,4.76,3.27,1.42,0.00,0.00,9.96,0.00,13.37,0.46,0.00,0.50,0.92
122,patnt,MW2,Intn1,175,9.88,1.67,1.67,4.78,4.48,3.01,1.27,0.00,0.00,9.01,0.00,12.51,0.44,0.00,0.47,0.88
122,patnt,MW2,Intn1,185,9.25,1.60,1.46,4.48,4.20,2.76,1.12,0.00,0.00,8.09,0.00,11.61,0.42,0.00,0.45,0.82
122,patnt,MW2,Intn1,195,8.59,1.53,1.25,4.18,3.92,2.52,0.99,0.00,0.00,7.23,0.00,10.69,0.39,0.00,0.42,0.77
122,patnt,MW2,Intn1,205,7.90,1.45,1.07,3.88,3.64,2.29,0.86,0.00,0.00,6.42,0.00,9.77,0.36,0.00,0.39,0.71
122,patnt,MW2,Intn1,215,7.22,1.36,0.90,3.58,3.36,2.07,0.75,0.00,0.00,5.68,0.00,8.87,0.34,0.00,0.36,0.65
122,patnt,MW2,Intn1,225,6.54,1.27,0.75,3.29,3.09,1.86,0.65,0.00,0.00,4.99,0.00,8.01,0.31,0.00,0.33,0.59
122,patnt,MW2,Intn1,235,5.88,1.17,0.62,3.01,2.83,1.66,0.55,0.00,0.00,4.37,0.00,7.18,0.29,0.00,0.30,0.53
122,patnt,MW2,Intn1,245,5.25,1.08,0.51,2.74,2.58,1.48,0.47,0.00,0.00,3.80,0.00,6.40,0.26,0.00,0.27,0.48
122,patnt,MW2,Intn1,255,4.66,0.99,0.42,2.49,2.34,1.31,0.40,0.00,0.00,3.29,0.00,5.68,0.23,0.00,0.24,0.43
123,4e_5e,MW2,Intn2,5,0.00,0.00,0.00,0.00,0.00,0.00,0.00,0.00,0.00,0.00,0.00,0.00,0.00,0.00,0.00,0.00
123,4e_5e,MW2,Intn2,15,0.23,0.03,0.13,0.39,0.55,0.34,0.59,0.00,0.00,0.42,0.00,0.35,0.01,0.00,0.02,0.02
123,4e_5e,MW2,Intn2,25,1.14,0.15,0.57,2.11,2.16,1.78,1.40,0.00,0.00,2.13,0.00,1.75,0.05,0.00,0.09,0.11
123,4e_5e,MW2,Intn2,35,2.71,0.36,1.19,4.49,4.10,3.70,2.09,0.00,0.00,5.03,0.00,4.15,0.12,0.00,0.19,0.26
123,4e_5e,MW2,Intn2,45,4.56,0.61,1.83,6.23,5.58,5.01,2.53,0.00,0.00,8.22,0.00,6.94,0.20,0.00,0.30,0.42
123,4e_5e,MW2,Intn2,55,6.32,0.85,2.33,7.03,6.38,5.54,2.73,0.00,0.00,10.91,0.00,9.53,0.27,0.00,0.38,0.58
123,4e_5e,MW2,Intn2,65,7.83,1.07,2.70,7.26,6.69,5.63,2.77,0.00,0.00,12.83,0.00,11.67,0.33,0.00,0.44,0.71
123,4e_5e,MW2,Intn2,75,9.11,1.26,2.94,7.27,6.76,5.54,2.74,0.00,0.00,14.04,0.00,13.37,0.39,0.00,0.49,0.81
123,4e_5e,MW2,Intn2,85,10.17,1.42,3.08,7.19,6.71,5.40,2.66,0.00,0.00,14.69,0.00,14.68,0.43,0.00,0.53,0.90
123,4e_5e,MW2,Intn2,95,11.02,1.56,3.15,7.08,6.62,5.22,2.57,0.00,0.00,14.90,0.00,15.65,0.47,0.00,0.56,0.97
123,4e_5e,MW2,Intn2,105,11.67,1.69,3.14,6.94,6.50,5.03,2.46,0.00,0.00,14.77,0.00,16.30,0.49,0.00,0.58,1.02
123,4e_5e,MW2,Intn2,115,12.13,1.79,3.07,6.79,6.36,4.83,2.33,0.00,0.00,14.38,0.00,16.67,0.51,0.00,0.59,1.06
123,4e_5e,MW2,Intn2,125,12.41,1.86,2.96,6.62,6.21,4.63,2.20,0.00,0.00,13.82,0.00,16.79,0.53,0.00,0.60,1.09
123,4e_5e,MW2,Intn2,135,12.53,1.92,2.80,6.45,6.04,4.42,2.06,0.00,0.00,13.13,0.00,16.69,0.54,0.00,0.60,1.10
123,4e_5e,MW2,Intn2,145,12.50,1.96,2.61,6.26,5.87,4.21,1.92,0.00,0.00,12.38,0.00,16.41,0.54,0.00,0.60,1.10
123,4e_5e,MW2,Intn2,155,12.33,1.98,2.41,6.07,5.69,3.99,1.78,0.00,0.00,11.58,0.00,15.98,0.54,0.00,0.59,1.09
123,4e_5e,MW2,Intn2,165,12.06,1.99,2.20,5.87,5.50,3.78,1.64,0.00,0.00,10.78,0.00,15.43,0.53,0.00,0.58,1.06
123,4e_5e,MW2,Intn2,175,11.68,1.97,1.98,5.66,5.31,3.57,1.50,0.00,0.00,9.99,0.00,14.80,0.52,0.00,0.56,1.04
123,4e_5e,MW2,Intn2,185,11.24,1.95,1.77,5.44,5.10,3.36,1.36,0.00,0.00,9.22,0.00,14.10,0.51,0.00,0.54,1.00
123,4e_5e,MW2,Intn2,195,10.73,1.91,1.57,5.22,4.90,3.15,1.24,0.00,0.00,8.47,0.00,13.36,0.49,0.00,0.52,0.96
123,4e_5e,MW2,Intn2,205,10.19,1.87,1.38,5.00,4.69,2.95,1.11,0.00,0.00,7.76,0.00,12.60,0.47,0.00,0.50,0.92
123,4e_5e,MW2,Intn2,215,9.61,1.81,1.20,4.77,4.48,2.75,1.00,0.00,0.00,7.09,0.00,11.82,0.45,0.00,0.48,0.87
123,4e_5e,MW2,Intn2,225,9.02,1.75,1.04,4.54,4.27,2.56,0.89,0.00,0.00,6.46,0.00,11.05,0.43,0.00,0.45,0.82
123,4e_5e,MW2,Intn2,235,8.42,1.68,0.90,4.32,4.05,2.38,0.79,0.00,0.00,5.86,0.00,10.29,0.41,0.00,0.43,0.77
123,4e_5e,MW2,Intn2,245,7.83,1.61,0.77,4.09,3.84,2.20,0.70,0.00,0.00,5.31,0.00,9.54,0.39,0.00,0.40,0.72
123,4e_5e,MW2,Intn2,255,7.24,1.54,0.65,3.87,3.63,2.03,0.62,0.00,0.00,4.80,0.00,8.82,0.37,0.00,0.38,0.66
124,patnt,MW2,Intn2,5,0.00,0.00,0.00,0.00,0.00,0.00,0.00,0.00,0.00,0.00,0.00,0.00,0.00,0.00,0.00,0.00
124,patnt,MW2,Intn2,15,0.22,0.03,0.13,0.38,0.53,0.33,0.57,0.00,0.00,0.43,0.00,0.34,0.01,0.00,0.02,0.02
124,patnt,MW2,Intn2,25,1.11,0.14,0.55,2.05,2.10,1.73,1.36,0.00,0.00,2.21,0.00,1.70,0.05,0.00,0.09,0.11
124,patnt,MW2,Intn2,35,2.64,0.35,1.17,4.39,4.00,3.62,2.04,0.00,0.00,5.24,0.00,4.05,0.11,0.00,0.19,0.25
124,patnt,MW2,Intn2,45,4.46,0.60,1.79,6.10,5.46,4.91,2.48,0.00,0.00,8.59,0.00,6.80,0.19,0.00,0.29,0.41
124,patnt,MW2,Intn2,55,6.19,0.84,2.29,6.89,6.25,5.43,2.67,0.00,0.00,11.41,0.00,9.34,0.26,0.00,0.37,0.57
124,patnt,MW2,Intn2,65,7.67,1.05,2.64,7.11,6.55,5.51,2.71,0.00,0.00,13.40,0.00,11.43,0.33,0.00,0.43,0.69
124,patnt,MW2,Intn2,75,8.89,1.23,2.87,7.09,6.60,5.41,2.67,0.00,0.00,14.62,0.00,13.05,0.38,0.00,0.48,0.79
124,patnt,MW2,Intn2,85,9.88,1.38,3.00,6.98,6.52,5.24,2.59,0.00,0.00,15.22,0.00,14.26,0.42,0.00,0.51,0.87
124,patnt,MW2,Intn2,95,10.63,1.51,3.04,6.83,6.39,5.04,2.48,0.00,0.00,15.33,0.00,15.10,0.45,0.00,0.54,0.93
124,patnt,MW2,Intn2,105,11.16,1.61,3.00,6.64,6.21,4.81,2.35,0.00,0.00,15.06,0.00,15.59,0.47,0.00,0.55,0.98
124,patnt,MW2,Intn2,115,11.47,1.69,2.91,6.42,6.01,4.57,2.20,0.00,0.00,14.51,0.00,15.76,0.49,0.00,0.56,1.00
124,patnt,MW2,Intn2,125,11.59,1.74,2.76,6.18,5.79,4.32,2.05,0.00,0.00,13.75,0.00,15.66,0.49,0.00,0.56,1.01
124,patnt,MW2,Intn2,135,11.51,1.77,2.57,5.92,5.55,4.06,1.89,0.00,0.00,12.87,0.00,15.33,0.49,0.00,0.55,1.01
124,patnt,MW2,Intn2,145,11.28,1.77,2.36,5.65,5.30,3.80,1.73,0.00,0.00,11.92,0.00,14.81,0.49,0.00,0.54,0.99
124,patnt,MW2,Intn2,155,10.92,1.75,2.13,5.37,5.04,3.53,1.57,0.00,0.00,10.94,0.00,14.14,0.47,0.00,0.52,0.96
124,patnt,MW2,Intn2,165,10.44,1.72,1.90,5.08,4.76,3.27,1.42,0.00,0.00,9.96,0.00,13.37,0.46,0.00,0.50,0.92
124,patnt,MW2,Intn2,175,9.88,1.67,1.67,4.78,4.48,3.01,1.27,0.00,0.00,9.01,0.00,12.51,0.44,0.00,0.47,0.88
124,patnt,MW2,Intn2,185,9.25,1.60,1.46,4.48,4.20,2.76,1.12,0.00,0.00,8.09,0.00,11.61,0.42,0.00,0.45,0.82
124,patnt,MW2,Intn2,195,8.59,1.53,1.25,4.18,3.92,2.52,0.99,0.00,0.00,7.23,0.00,10.69,0.39,0.00,0.42,0.77
124,patnt,MW2,Intn2,205,7.90,1.45,1.07,3.88,3.64,2.29,0.86,0.00,0.00,6.42,0.00,9.77,0.36,0.00,0.39,0.71
124,patnt,MW2,Intn2,215,7.22,1.36,0.90,3.58,3.36,2.07,0.75,0.00,0.00,5.68,0.00,8.87,0.34,0.00,0.36,0.65
124,patnt,MW2,Intn2,225,6.54,1.27,0.75,3.29,3.09,1.86,0.65,0.00,0.00,4.99,0.00,8.01,0.31,0.00,0.33,0.59
124,patnt,MW2,Intn2,235,5.88,1.17,0.62,3.01,2.83,1.66,0.55,0.00,0.00,4.37,0.00,7.18,0.29,0.00,0.30,0.53
124,patnt,MW2,Intn2,245,5.25,1.08,0.51,2.74,2.58,1.48,0.47,0.00,0.00,3.80,0.00,6.40,0.26,0.00,0.27,0.48
124,patnt,MW2,Intn2,255,4.66,0.99,0.42,2.49,2.34,1.31,0.40,0.00,0.00,3.29,0.00,5.68,0.23,0.00,0.24,0.43
127,4e_5e,PR1,Prsnt,5,0.00,0.00,0.00,0.00,0.00,0.00,0.00,0.00,0.00,0.00,0.00,0.00,0.00,0.00,0.00,0.00
127,4e_5e,PR1,Prsnt,15,1.34,32.69,1.52,0.00,0.65,0.00,0.00,0.00,0.00,1.26,0.00,0.25,0.00,0.00,0.00,0.00
127,4e_5e,PR1,Prsnt,25,3.00,72.50,2.88,0.00,1.18,0.00,0.00,0.00,0.00,2.91,0.00,0.58,0.00,0.00,0.00,0.00
127,4e_5e,PR1,Prsnt,35,4.84,116.72,4.12,0.00,1.52,0.00,0.00,0.00,0.00,4.67,0.00,0.93,0.00,0.00,0.00,0.00
127,4e_5e,PR1,Prsnt,45,6.70,161.88,5.17,0.00,1.70,0.00,0.00,0.00,0.00,6.27,0.00,1.28,0.00,0.00,0.00,0.00
127,4e_5e,PR1,Prsnt,55,8.46,205.69,6.02,0.00,1.77,0.00,0.00,0.00,0.00,7.58,0.00,1.61,0.00,0.00,0.00,0.00
127,4e_5e,PR1,Prsnt,65,10.05,246.48,6.66,0.00,1.78,0.00,0.00,0.00,0.00,8.54,0.00,1.88,0.00,0.00,0.00,0.00
127,4e_5e,PR1,Prsnt,75,11.42,283.00,7.08,0.00,1.76,0.00,0.00,0.00,0.00,9.13,0.00,2.11,0.00,0.00,0.00,0.00
127,4e_5e,PR1,Prsnt,85,12.52,314.36,7.30,0.00,1.71,0.00,0.00,0.00,0.00,9.38,0.00,2.28,0.00,0.00,0.00,0.00
127,4e_5e,PR1,Prsnt,95,13.33,339.95,7.33,0.00,1.66,0.00,0.00,0.00,0.00,9.35,0.00,2.38,0.00,0.00,0.00,0.00
127,4e_5e,PR1,Prsnt,105,13.86,359.43,7.18,0.00,1.60,0.00,0.00,0.00,0.00,9.09,0.00,2.44,0.00,0.00,0.00,0.00
127,4e_5e,PR1,Prsnt,115,14.10,372.66,6.88,0.00,1.53,0.00,0.00,0.00,0.00,8.67,0.00,2.44,0.00,0.00,0.00,0.00
127,4e_5e,PR1,Prsnt,125,14.09,379.75,6.46,0.00,1.46,0.00,0.00,0.00,0.00,8.13,0.00,2.40,0.00,0.00,0.00,0.00
127,4e_5e,PR1,Prsnt,135,13.83,380.97,5.95,0.00,1.38,0.00,0.00,0.00,0.00,7.52,0.00,2.32,0.00,0.00,0.00,0.00
127,4e_5e,PR1,Prsnt,145,13.38,376.75,5.38,0.00,1.30,0.00,0.00,0.00,0.00,6.87,0.00,2.21,0.00,0.00,0.00,0.00
127,4e_5e,PR1,Prsnt,155,12.75,367.66,4.79,0.00,1.22,0.00,0.00,0.00,0.00,6.21,0.00,2.08,0.00,0.00,0.00,0.00
127,4e_5e,PR1,Prsnt,165,11.99,354.32,4.20,0.00,1.13,0.00,0.00,0.00,0.00,5.56,0.00,1.93,0.00,0.00,0.00,0.00
127,4e_5e,PR1,Prsnt,175,11.13,337.45,3.63,0.00,1.05,0.00,0.00,0.00,0.00,4.93,0.00,1.77,0.00,0.00,0.00,0.00
127,4e_5e,PR1,Prsnt,185,10.20,317.76,3.09,0.00,0.96,0.00,0.00,0.00,0.00,4.34,0.00,1.61,0.00,0.00,0.00,0.00
127,4e_5e,PR1,Prsnt,195,9.25,295.99,2.60,0.00,0.87,0.00,0.00,0.00,0.00,3.79,0.00,1.45,0.00,0.00,0.00,0.00
127,4e_5e,PR1,Prsnt,205,8.29,272.84,2.16,0.00,0.79,0.00,0.00,0.00,0.00,3.28,0.00,1.29,0.00,0.00,0.00,0.00
127,4e_5e,PR1,Prsnt,215,7.35,248.94,1.77,0.00,0.71,0.00,0.00,0.00,0.00,2.81,0.00,1.14,0.00,0.00,0.00,0.00
127,4e_5e,PR1,Prsnt,225,6.45,224.89,1.43,0.00,0.63,0.00,0.00,0.00,0.00,2.39,0.00,0.99,0.00,0.00,0.00,0.00
127,4e_5e,PR1,Prsnt,235,5.61,201.19,1.15,0.00,0.56,0.00,0.00,0.00,0.00,2.02,0.00,0.86,0.00,0.00,0.00,0.00
127,4e_5e,PR1,Prsnt,245,4.82,178.29,0.91,0.00,0.49,0.00,0.00,0.00,0.00,1.69,0.00,0.74,0.00,0.00,0.00,0.00
127,4e_5e,PR1,Prsnt,255,4.10,156.52,0.71,0.00,0.42,0.00,0.00,0.00,0.00,1.41,0.00,0.63,0.00,0.00,0.00,0.00
128,patnt,PR1,Prsnt,5,0.00,0.00,0.00,0.00,0.00,0.00,0.00,0.00,0.00,0.00,0.00,0.00,0.00,0.00,0.00,0.00
128,patnt,PR1,Prsnt,15,1.14,36.43,1.75,0.00,0.76,0.00,0.00,0.00,0.00,1.80,0.00,0.29,0.00,0.00,0.00,0.00
128,patnt,PR1,Prsnt,25,2.44,77.38,3.18,0.00,1.32,0.00,0.00,0.00,0.00,3.99,0.00,0.64,0.00,0.00,0.00,0.00
128,patnt,PR1,Prsnt,35,3.79,120.07,4.38,0.00,1.64,0.00,0.00,0.00,0.00,6.17,0.00,1.00,0.00,0.00,0.00,0.00
128,patnt,PR1,Prsnt,45,5.08,161.38,5.33,0.00,1.78,0.00,0.00,0.00,0.00,8.04,0.00,1.33,0.00,0.00,0.00,0.00
128,patnt,PR1,Prsnt,55,6.26,199.95,6.05,0.00,1.81,0.00,0.00,0.00,0.00,9.48,0.00,1.63,0.00,0.00,0.00,0.00
128,patnt,PR1,Prsnt,65,7.30,235.23,6.57,0.00,1.78,0.00,0.00,0.00,0.00,10.47,0.00,1.88,0.00,0.00,0.00,0.00
128,patnt,PR1,Prsnt,75,8.20,267.10,6.92,0.00,1.74,0.00,0.00,0.00,0.00,11.07,0.00,2.08,0.00,0.00,0.00,0.00
128,patnt,PR1,Prsnt,85,8.95,295.64,7.11,0.00,1.69,0.00,0.00,0.00,0.00,11.34,0.00,2.23,0.00,0.00,0.00,0.00
128,patnt,PR1,Prsnt,95,9.57,321.02,7.16,0.00,1.64,0.00,0.00,0.00,0.00,11.35,0.00,2.35,0.00,0.00,0.00,0.00
128,patnt,PR1,Prsnt,105,10.07,343.48,7.10,0.00,1.60,0.00,0.00,0.00,0.00,11.17,0.00,2.43,0.00,0.00,0.00,0.00
128,patnt,PR1,Prsnt,115,10.46,363.28,6.93,0.00,1.57,0.00,0.00,0.00,0.00,10.87,0.00,2.48,0.00,0.00,0.00,0.00
128,patnt,PR1,Prsnt,125,10.74,380.67,6.70,0.00,1.54,0.00,0.00,0.00,0.00,10.48,0.00,2.51,0.00,0.00,0.00,0.00
128,patnt,PR1,Prsnt,135,10.93,395.90,6.39,0.00,1.51,0.00,0.00,0.00,0.00,10.04,0.00,2.51,0.00,0.00,0.00,0.00
128,patnt,PR1,Prsnt,145,11.05,409.19,6.05,0.00,1.48,0.00,0.00,0.00,0.00,9.59,0.00,2.50,0.00,0.00,0.00,0.00
128,patnt,PR1,Prsnt,155,11.10,420.76,5.68,0.00,1.46,0.00,0.00,0.00,0.00,9.14,0.00,2.48,0.00,0.00,0.00,0.00
128,patnt,PR1,Prsnt,165,11.08,430.81,5.29,0.00,1.45,0.00,0.00,0.00,0.00,8.69,0.00,2.45,0.00,0.00,0.00,0.00
128,patnt,PR1,Prsnt,175,11.02,439.52,4.90,0.00,1.43,0.00,0.00,0.00,0.00,8.26,0.00,2.41,0.00,0.00,0.00,0.00
128,patnt,PR1,Prsnt,185,10.92,447.05,4.51,0.00,1.42,0.00,0.00,0.00,0.00,7.85,0.00,2.37,0.00,0.00,0.00,0.00
128,patnt,PR1,Prsnt,195,10.78,453.54,4.13,0.00,1.41,0.00,0.00,0.00,0.00,7.46,0.00,2.32,0.00,0.00,0.00,0.00
128,patnt,PR1,Prsnt,205,10.62,459.13,3.76,0.00,1.40,0.00,0.00,0.00,0.00,7.09,0.00,2.27,0.00,0.00,0.00,0.00
128,patnt,PR1,Prsnt,215,10.43,463.92,3.42,0.00,1.39,0.00,0.00,0.00,0.00,6.74,0.00,2.21,0.00,0.00,0.00,0.00
128,patnt,PR1,Prsnt,225,10.22,468.03,3.10,0.00,1.38,0.00,0.00,0.00,0.00,6.41,0.00,2.16,0.00,0.00,0.00,0.00
128,patnt,PR1,Prsnt,235,10.00,471.53,2.79,0.00,1.38,0.00,0.00,0.00,0.00,6.10,0.00,2.11,0.00,0.00,0.00,0.00
128,patnt,PR1,Prsnt,245,9.76,474.50,2.52,0.00,1.37,0.00,0.00,0.00,0.00,5.81,0.00,2.05,0.00,0.00,0.00,0.00
128,patnt,PR1,Prsnt,255,9.52,477.03,2.26,0.00,1.36,0.00,0.00,0.00,0.00,5.53,0.00,2.00,0.00,0.00,0.00,0.00
129,4e_5e,PR1,Exten,5,0.00,0.00,0.00,0.00,0.00,0.00,0.00,0.00,0.00,0.00,0.00,0.00,0.00,0.00,0.00,0.00
129,4e_5e,PR1,Exten,15,2.12,14.53,0.41,0.00,1.10,0.00,0.00,0.00,0.00,0.85,0.00,0.14,0.00,0.08,0.00,0.00
129,4e_5e,PR1,Exten,25,4.95,33.71,0.82,0.00,2.08,0.00,0.00,0.00,0.00,2.05,0.00,0.33,0.00,0.18,0.00,0.00
129,4e_5e,PR1,Exten,35,8.30,56.47,1.22,0.00,2.80,0.00,0.00,0.00,0.00,3.43,0.00,0.56,0.00,0.31,0.00,0.00
129,4e_5e,PR1,Exten,45,11.85,80.83,1.59,0.00,3.23,0.00,0.00,0.00,0.00,4.76,0.00,0.80,0.00,0.45,0.00,0.00
129,4e_5e,PR1,Exten,55,15.34,105.33,1.89,0.00,3.45,0.00,0.00,0.00,0.00,5.90,0.00,1.03,0.00,0.59,0.00,0.00
129,4e_5e,PR1,Exten,65,18.60,128.81,2.14,0.00,3.54,0.00,0.00,0.00,0.00,6.78,0.00,1.23,0.00,0.71,0.00,0.00
129,4e_5e,PR1,Exten,75,21.49,150.40,2.31,0.00,3.55,0.00,0.00,0.00,0.00,7.37,0.00,1.40,0.00,0.82,0.00,0.00
129,4e_5e,PR1,Exten,85,23.89,169.43,2.42,0.00,3.52,0.00,0.00,0.00,0.00,7.68,0.00,1.53,0.00,0.91,0.00,0.00
129,4e_5e,PR1,Exten,95,25.74,185.41,2.46,0.00,3.45,0.00,0.00,0.00,0.00,7.75,0.00,1.63,0.00,0.98,0.00,0.00
129,4e_5e,PR1,Exten,105,27.03,198.03,2.43,0.00,3.36,0.00,0.00,0.00,0.00,7.61,0.00,1.68,0.00,1.03,0.00,0.00
129,4e_5e,PR1,Exten,115,27.76,207.12,2.35,0.00,3.24,0.00,0.00,0.00,0.00,7.32,0.00,1.70,0.00,1.06,0.00,0.00
129,4e_5e,PR1,Exten,125,27.93,212.67,2.22,0.00,3.11,0.00,0.00,0.00,0.00,6.92,0.00,1.68,0.00,1.07,0.00,0.00
129,4e_5e,PR1,Exten,135,27.61,214.76,2.06,0.00,2.97,0.00,0.00,0.00,0.00,6.44,0.00,1.64,0.00,1.06,0.00,0.00
129,4e_5e,PR1,Exten,145,26.85,213.62,1.88,0.00,2.81,0.00,0.00,0.00,0.00,5.92,0.00,1.57,0.00,1.03,0.00,0.00
129,4e_5e,PR1,Exten,155,25.72,209.52,1.68,0.00,2.65,0.00,0.00,0.00,0.00,5.37,0.00,1.48,0.00,0.99,0.00,0.00
129,4e_5e,PR1,Exten,165,24.29,202.83,1.48,0.00,2.47,0.00,0.00,0.00,0.00,4.83,0.00,1.38,0.00,0.94,0.00,0.00
129,4e_5e,PR1,Exten,175,22.64,193.94,1.28,0.00,2.29,0.00,0.00,0.00,0.00,4.31,0.00,1.27,0.00,0.88,0.00,0.00
129,4e_5e,PR1,Exten,185,20.84,183.27,1.10,0.00,2.11,0.00,0.00,0.00,0.00,3.80,0.00,1.16,0.00,0.81,0.00,0.00
129,4e_5e,PR1,Exten,195,18.95,171.24,0.92,0.00,1.93,0.00,0.00,0.00,0.00,3.33,0.00,1.05,0.00,0.74,0.00,0.00
129,4e_5e,PR1,Exten,205,17.04,158.28,0.77,0.00,1.75,0.00,0.00,0.00,0.00,2.89,0.00,0.93,0.00,0.67,0.00,0.00
129,4e_5e,PR1,Exten,215,15.15,144.77,0.63,0.00,1.57,0.00,0.00,0.00,0.00,2.48,0.00,0.83,0.00,0.60,0.00,0.00
129,4e_5e,PR1,Exten,225,13.32,131.07,0.51,0.00,1.40,0.00,0.00,0.00,0.00,2.12,0.00,0.72,0.00,0.53,0.00,0.00
129,4e_5e,PR1,Exten,235,11.59,117.49,0.41,0.00,1.24,0.00,0.00,0.00,0.00,1.79,0.00,0.63,0.00,0.46,0.00,0.00
129,4e_5e,PR1,Exten,245,9.99,104.29,0.32,0.00,1.09,0.00,0.00,0.00,0.00,1.50,0.00,0.54,0.00,0.40,0.00,0.00
129,4e_5e,PR1,Exten,255,8.52,91.70,0.25,0.00,0.95,0.00,0.00,0.00,0.00,1.25,0.00,0.46,0.00,0.34,0.00,0.00
130,patnt,PR1,Exten,5,0.00,0.00,0.00,0.00,0.00,0.00,0.00,0.00,0.00,0.00,0.00,0.00,0.00,0.00,0.00,0.00
130,patnt,PR1,Exten,15,1.14,36.43,1.75,0.00,0.76,0.00,0.00,0.00,0.00,1.80,0.00,0.29,0.00,0.00,0.00,0.00
130,patnt,PR1,Exten,25,2.44,77.38,3.18,0.00,1.32,0.00,0.00,0.00,0.00,3.99,0.00,0.64,0.00,0.00,0.00,0.00
130,patnt,PR1,Exten,35,3.79,120.07,4.38,0.00,1.64,0.00,0.00,0.00,0.00,6.17,0.00,1.00,0.00,0.00,0.00,0.00
130,patnt,PR1,Exten,45,5.08,161.38,5.33,0.00,1.78,0.00,0.00,0.00,0.00,8.04,0.00,1.33,0.00,0.00,0.00,0.00
130,patnt,PR1,Exten,55,6.26,199.95,6.05,0.00,1.81,0.00,0.00,0.00,0.00,9.48,0.00,1.63,0.00,0.00,0.00,0.00
130,patnt,PR1,Exten,65,7.30,235.23,6.57,0.00,1.78,0.00,0.00,0.00,0.00,10.47,0.00,1.88,0.00,0.00,0.00,0.00
130,patnt,PR1,Exten,75,8.20,267.10,6.92,0.00,1.74,0.00,0.00,0.00,0.00,11.07,0.00,2.08,0.00,0.00,0.00,0.00
130,patnt,PR1,Exten,85,8.95,295.64,7.11,0.00,1.69,0.00,0.00,0.00,0.00,11.34,0.00,2.23,0.00,0.00,0.00,0.00
130,patnt,PR1,Exten,95,9.57,321.02,7.16,0.00,1.64,0.00,0.00,0.00,0.00,11.35,0.00,2.35,0.00,0.00,0.00,0.00
130,patnt,PR1,Exten,105,10.07,343.48,7.10,0.00,1.60,0.00,0.00,0.00,0.00,11.17,0.00,2.43,0.00,0.00,0.00,0.00
130,patnt,PR1,Exten,115,10.46,363.28,6.93,0.00,1.57,0.00,0.00,0.00,0.00,10.87,0.00,2.48,0.00,0.00,0.00,0.00
130,patnt,PR1,Exten,125,10.74,380.67,6.70,0.00,1.54,0.00,0.00,0.00,0.00,10.48,0.00,2.51,0.00,0.00,0.00,0.00
130,patnt,PR1,Exten,135,10.93,395.90,6.39,0.00,1.51,0.00,0.00,0.00,0.00,10.04,0.00,2.51,0.00,0.00,0.00,0.00
130,patnt,PR1,Exten,145,11.05,409.19,6.05,0.00,1.48,0.00,0.00,0.00,0.00,9.59,0.00,2.50,0.00,0.00,0.00,0.00
130,patnt,PR1,Exten,155,11.10,420.76,5.68,0.00,1.46,0.00,0.00,0.00,0.00,9.14,0.00,2.48,0.00,0.00,0.00,0.00
130,patnt,PR1,Exten,165,11.08,430.81,5.29,0.00,1.45,0.00,0.00,0.00,0.00,8.69,0.00,2.45,0.00,0.00,0.00,0.00
130,patnt,PR1,Exten,175,11.02,439.52,4.90,0.00,1.43,0.00,0.00,0.00,0.00,8.26,0.00,2.41,0.00,0.00,0.00,0.00
130,patnt,PR1,Exten,185,10.92,447.05,4.51,0.00,1.42,0.00,0.00,0.00,0.00,7.85,0.00,2.37,0.00,0.00,0.00,0.00
130,patnt,PR1,Exten,195,10.78,453.54,4.13,0.00,1.41,0.00,0.00,0.00,0.00,7.46,0.00,2.32,0.00,0.00,0.00,0.00
130,patnt,PR1,Exten,205,10.62,459.13,3.76,0.00,1.40,0.00,0.00,0.00,0.00,7.09,0.00,2.27,0.00,0.00,0.00,0.00
130,patnt,PR1,Exten,215,10.43,463.92,3.42,0.00,1.39,0.00,0.00,0.00,0.00,6.74,0.00,2.21,0.00,0.00,0.00,0.00
130,patnt,PR1,Exten,225,10.22,468.03,3.10,0.00,1.38,0.00,0.00,0.00,0.00,6.41,0.00,2.16,0.00,0.00,0.00,0.00
130,patnt,PR1,Exten,235,10.00,471.53,2.79,0.00,1.38,0.00,0.00,0.00,0.00,6.10,0.00,2.11,0.00,0.00,0.00,0.00
130,patnt,PR1,Exten,245,9.76,474.50,2.52,0.00,1.37,0.00,0.00,0.00,0.00,5.81,0.00,2.05,0.00,0.00,0.00,0.00
130,patnt,PR1,Exten,255,9.52,477.03,2.26,0.00,1.36,0.00,0.00,0.00,0.00,5.53,0.00,2.00,0.00,0.00,0.00,0.00
131,4e_5e,PR1,Basc1,5,0.00,0.00,0.00,0.00,0.00,0.00,0.00,0.00,0.00,0.00,0.00,0.00,0.00,0.00,0.00,0.00
131,4e_5e,PR1,Basc1,15,1.34,32.69,1.52,0.00,0.65,0.00,0.00,0.00,0.00,1.26,0.00,0.25,0.00,0.00,0.00,0.00
131,4e_5e,PR1,Basc1,25,3.00,72.50,2.88,0.00,1.18,0.00,0.00,0.00,0.00,2.91,0.00,0.58,0.00,0.00,0.00,0.00
131,4e_5e,PR1,Basc1,35,4.84,116.72,4.12,0.00,1.52,0.00,0.00,0.00,0.00,4.67,0.00,0.93,0.00,0.00,0.00,0.00
131,4e_5e,PR1,Basc1,45,6.70,161.88,5.17,0.00,1.70,0.00,0.00,0.00,0.00,6.27,0.00,1.28,0.00,0.00,0.00,0.00
131,4e_5e,PR1,Basc1,55,8.46,205.69,6.02,0.00,1.77,0.00,0.00,0.00,0.00,7.58,0.00,1.61,0.00,0.00,0.00,0.00
131,4e_5e,PR1,Basc1,65,10.05,246.48,6.66,0.00,1.78,0.00,0.00,0.00,0.00,8.54,0.00,1.88,0.00,0.00,0.00,0.00
131,4e_5e,PR1,Basc1,75,11.42,283.00,7.08,0.00,1.76,0.00,0.00,0.00,0.00,9.13,0.00,2.11,0.00,0.00,0.00,0.00
131,4e_5e,PR1,Basc1,85,12.52,314.36,7.30,0.00,1.71,0.00,0.00,0.00,0.00,9.38,0.00,2.28,0.00,0.00,0.00,0.00
131,4e_5e,PR1,Basc1,95,13.33,339.95,7.33,0.00,1.66,0.00,0.00,0.00,0.00,9.35,0.00,2.38,0.00,0.00,0.00,0.00
131,4e_5e,PR1,Basc1,105,13.86,359.43,7.18,0.00,1.60,0.00,0.00,0.00,0.00,9.09,0.00,2.44,0.00,0.00,0.00,0.00
131,4e_5e,PR1,Basc1,115,14.10,372.66,6.88,0.00,1.53,0.00,0.00,0.00,0.00,8.67,0.00,2.44,0.00,0.00,0.00,0.00
131,4e_5e,PR1,Basc1,125,14.09,379.75,6.46,0.00,1.46,0.00,0.00,0.00,0.00,8.13,0.00,2.40,0.00,0.00,0.00,0.00
131,4e_5e,PR1,Basc1,135,13.83,380.97,5.95,0.00,1.38,0.00,0.00,0.00,0.00,7.52,0.00,2.32,0.00,0.00,0.00,0.00
131,4e_5e,PR1,Basc1,145,13.38,376.75,5.38,0.00,1.30,0.00,0.00,0.00,0.00,6.87,0.00,2.21,0.00,0.00,0.00,0.00
131,4e_5e,PR1,Basc1,155,12.75,367.66,4.79,0.00,1.22,0.00,0.00,0.00,0.00,6.21,0.00,2.08,0.00,0.00,0.00,0.00
131,4e_5e,PR1,Basc1,165,11.99,354.32,4.20,0.00,1.13,0.00,0.00,0.00,0.00,5.56,0.00,1.93,0.00,0.00,0.00,0.00
131,4e_5e,PR1,Basc1,175,11.13,337.45,3.63,0.00,1.05,0.00,0.00,0.00,0.00,4.93,0.00,1.77,0.00,0.00,0.00,0.00
131,4e_5e,PR1,Basc1,185,10.20,317.76,3.09,0.00,0.96,0.00,0.00,0.00,0.00,4.34,0.00,1.61,0.00,0.00,0.00,0.00
131,4e_5e,PR1,Basc1,195,9.25,295.99,2.60,0.00,0.87,0.00,0.00,0.00,0.00,3.79,0.00,1.45,0.00,0.00,0.00,0.00
131,4e_5e,PR1,Basc1,205,8.29,272.84,2.16,0.00,0.79,0.00,0.00,0.00,0.00,3.28,0.00,1.29,0.00,0.00,0.00,0.00
131,4e_5e,PR1,Basc1,215,7.35,248.94,1.77,0.00,0.71,0.00,0.00,0.00,0.00,2.81,0.00,1.14,0.00,0.00,0.00,0.00
131,4e_5e,PR1,Basc1,225,6.45,224.89,1.43,0.00,0.63,0.00,0.00,0.00,0.00,2.39,0.00,0.99,0.00,0.00,0.00,0.00
131,4e_5e,PR1,Basc1,235,5.61,201.19,1.15,0.00,0.56,0.00,0.00,0.00,0.00,2.02,0.00,0.86,0.00,0.00,0.00,0.00
131,4e_5e,PR1,Basc1,245,4.82,178.29,0.91,0.00,0.49,0.00,0.00,0.00,0.00,1.69,0.00,0.74,0.00,0.00,0.00,0.00
131,4e_5e,PR1,Basc1,255,4.10,156.52,0.71,0.00,0.42,0.00,0.00,0.00,0.00,1.41,0.00,0.63,0.00,0.00,0.00,0.00
132,patnt,PR1,Basc1,5,0.00,0.00,0.00,0.00,0.00,0.00,0.00,0.00,0.00,0.00,0.00,0.00,0.00,0.00,0.00,0.00
132,patnt,PR1,Basc1,15,1.14,36.43,1.75,0.00,0.76,0.00,0.00,0.00,0.00,1.80,0.00,0.29,0.00,0.00,0.00,0.00
132,patnt,PR1,Basc1,25,2.44,77.38,3.18,0.00,1.32,0.00,0.00,0.00,0.00,3.99,0.00,0.64,0.00,0.00,0.00,0.00
132,patnt,PR1,Basc1,35,3.79,120.07,4.38,0.00,1.64,0.00,0.00,0.00,0.00,6.17,0.00,1.00,0.00,0.00,0.00,0.00
132,patnt,PR1,Basc1,45,5.08,161.38,5.33,0.00,1.78,0.00,0.00,0.00,0.00,8.04,0.00,1.33,0.00,0.00,0.00,0.00
132,patnt,PR1,Basc1,55,6.26,199.95,6.05,0.00,1.81,0.00,0.00,0.00,0.00,9.48,0.00,1.63,0.00,0.00,0.00,0.00
132,patnt,PR1,Basc1,65,7.30,235.23,6.57,0.00,1.78,0.00,0.00,0.00,0.00,10.47,0.00,1.88,0.00,0.00,0.00,0.00
132,patnt,PR1,Basc1,75,8.20,267.10,6.92,0.00,1.74,0.00,0.00,0.00,0.00,11.07,0.00,2.08,0.00,0.00,0.00,0.00
132,patnt,PR1,Basc1,85,8.95,295.64,7.11,0.00,1.69,0.00,0.00,0.00,0.00,11.34,0.00,2.23,0.00,0.00,0.00,0.00
132,patnt,PR1,Basc1,95,9.57,321.02,7.16,0.00,1.64,0.00,0.00,0.00,0.00,11.35,0.00,2.35,0.00,0.00,0.00,0.00
132,patnt,PR1,Basc1,105,10.07,343.48,7.10,0.00,1.60,0.00,0.00,0.00,0.00,11.17,0.00,2.43,0.00,0.00,0.00,0.00
132,patnt,PR1,Basc1,115,10.46,363.28,6.93,0.00,1.57,0.00,0.00,0.00,0.00,10.87,0.00,2.48,0.00,0.00,0.00,0.00
132,patnt,PR1,Basc1,125,10.74,380.67,6.70,0.00,1.54,0.00,0.00,0.00,0.00,10.48,0.00,2.51,0.00,0.00,0.00,0.00
132,patnt,PR1,Basc1,135,10.93,395.90,6.39,0.00,1.51,0.00,0.00,0.00,0.00,10.04,0.00,2.51,0.00,0.00,0.00,0.00
132,patnt,PR1,Basc1,145,11.05,409.19,6.05,0.00,1.48,0.00,0.00,0.00,0.00,9.59,0.00,2.50,0.00,0.00,0.00,0.00
132,patnt,PR1,Basc1,155,11.10,420.76,5.68,0.00,1.46,0.00,0.00,0.00,0.00,9.14,0.00,2.48,0.00,0.00,0.00,0.00
132,patnt,PR1,Basc1,165,11.08,430.81,5.29,0.00,1.45,0.00,0.00,0.00,0.00,8.69,0.00,2.45,0.00,0.00,0.00,0.00
132,patnt,PR1,Basc1,175,11.02,439.52,4.90,0.00,1.43,0.00,0.00,0.00,0.00,8.26,0.00,2.41,0.00,0.00,0.00,0.00
132,patnt,PR1,Basc1,185,10.92,447.05,4.51,0.00,1.42,0.00,0.00,0.00,0.00,7.85,0.00,2.37,0.00,0.00,0.00,0.00
132,patnt,PR1,Basc1,195,10.78,453.54,4.13,0.00,1.41,0.00,0.00,0.00,0.00,7.46,0.00,2.32,0.00,0.00,0.00,0.00
132,patnt,PR1,Basc1,205,10.62,459.13,3.76,0.00,1.40,0.00,0.00,0.00,0.00,7.09,0.00,2.27,0.00,0.00,0.00,0.00
132,patnt,PR1,Basc1,215,10.43,463.92,3.42,0.00,1.39,0.00,0.00,0.00,0.00,6.74,0.00,2.21,0.00,0.00,0.00,0.00
132,patnt,PR1,Basc1,225,10.22,468.03,3.10,0.00,1.38,0.00,0.00,0.00,0.00,6.41,0.00,2.16,0.00,0.00,0.00,0.00
132,patnt,PR1,Basc1,235,10.00,471.53,2.79,0.00,1.38,0.00,0.00,0.00,0.00,6.10,0.00,2.11,0.00,0.00,0.00,0.00
132,patnt,PR1,Basc1,245,9.76,474.50,2.52,0.00,1.37,0.00,0.00,0.00,0.00,5.81,0.00,2.05,0.00,0.00,0.00,0.00
132,patnt,PR1,Basc1,255,9.52,477.03,2.26,0.00,1.36,0.00,0.00,0.00,0.00,5.53,0.00,2.00,0.00,0.00,0.00,0.00
133,4e_5e,PR1,Intn1,5,0.00,0.00,0.00,0.00,0.00,0.00,0.00,0.00,0.00,0.00,0.00,0.00,0.00,0.00,0.00,0.00
133,4e_5e,PR1,Intn1,15,0.68,33.33,2.38,0.00,0.69,0.00,0.00,0.00,0.00,1.63,0.00,0.13,0.00,0.00,0.00,0.00
133,4e_5e,PR1,Intn1,25,1.56,75.28,4.59,0.00,1.27,0.00,0.00,0.00,0.00,3.84,0.00,0.31,0.00,0.00,0.00,0.00
133,4e_5e,PR1,Intn1,35,2.56,123.02,6.66,0.00,1.66,0.00,0.00,0.00,0.00,6.25,0.00,0.50,0.00,0.00,0.00,0.00
133,4e_5e,PR1,Intn1,45,3.58,172.61,8.46,0.00,1.88,0.00,0.00,0.00,0.00,8.50,0.00,0.70,0.00,0.00,0.00,0.00
133,4e_5e,PR1,Intn1,55,4.56,221.35,9.94,0.00,1.98,0.00,0.00,0.00,0.00,10.37,0.00,0.89,0.00,0.00,0.00,0.00
133,4e_5e,PR1,Intn1,65,5.46,267.22,11.08,0.00,2.00,0.00,0.00,0.00,0.00,11.76,0.00,1.05,0.00,0.00,0.00,0.00
133,4e_5e,PR1,Intn1,75,6.24,308.70,11.86,0.00,1.99,0.00,0.00,0.00,0.00,12.65,0.00,1.18,0.00,0.00,0.00,0.00
133,4e_5e,PR1,Intn1,85,6.88,344.67,12.29,0.00,1.95,0.00,0.00,0.00,0.00,13.07,0.00,1.28,0.00,0.00,0.00,0.00
133,4e_5e,PR1,Intn1,95,7.36,374.35,12.38,0.00,1.90,0.00,0.00,0.00,0.00,13.09,0.00,1.35,0.00,0.00,0.00,0.00
133,4e_5e,PR1,Intn1,105,7.68,397.24,12.17,0.00,1.83,0.00,0.00,0.00,0.00,12.77,0.00,1.39,0.00,0.00,0.00,0.00
133,4e_5e,PR1,Intn1,115,7.84,413.15,11.70,0.00,1.76,0.00,0.00,0.00,0.00,12.22,0.00,1.39,0.00,0.00,0.00,0.00
133,4e_5e,PR1,Intn1,125,7.85,422.13,11.01,0.00,1.68,0.00,0.00,0.00,0.00,11.49,0.00,1.37,0.00,0.00,0.00,0.00
133,4e_5e,PR1,Intn1,135,7.72,424.46,10.17,0.00,1.60,0.00,0.00,0.00,0.00,10.65,0.00,1.33,0.00,0.00,0.00,0.00
133,4e_5e,PR1,Intn1,145,7.48,420.58,9.23,0.00,1.51,0.00,0.00,0.00,0.00,9.75,0.00,1.27,0.00,0.00,0.00,0.00
133,4e_5e,PR1,Intn1,155,7.14,411.12,8.23,0.00,1.41,0.00,0.00,0.00,0.00,8.83,0.00,1.20,0.00,0.00,0.00,0.00
133,4e_5e,PR1,Intn1,165,6.73,396.77,7.23,0.00,1.32,0.00,0.00,0.00,0.00,7.91,0.00,1.11,0.00,0.00,0.00,0.00
133,4e_5e,PR1,Intn1,175,6.25,378.35,6.25,0.00,1.22,0.00,0.00,0.00,0.00,7.03,0.00,1.02,0.00,0.00,0.00,0.00
133,4e_5e,PR1,Intn1,185,5.74,356.65,5.33,0.00,1.12,0.00,0.00,0.00,0.00,6.19,0.00,0.93,0.00,0.00,0.00,0.00
133,4e_5e,PR1,Intn1,195,5.21,332.52,4.49,0.00,1.02,0.00,0.00,0.00,0.00,5.41,0.00,0.84,0.00,0.00,0.00,0.00
133,4e_5e,PR1,Intn1,205,4.67,306.75,3.73,0.00,0.92,0.00,0.00,0.00,0.00,4.68,0.00,0.75,0.00,0.00,0.00,0.00
133,4e_5e,PR1,Intn1,215,4.15,280.07,3.06,0.00,0.83,0.00,0.00,0.00,0.00,4.02,0.00,0.66,0.00,0.00,0.00,0.00
133,4e_5e,PR1,Intn1,225,3.64,253.16,2.48,0.00,0.74,0.00,0.00,0.00,0.00,3.43,0.00,0.57,0.00,0.00,0.00,0.00
133,4e_5e,PR1,Intn1,235,3.16,226.60,1.99,0.00,0.65,0.00,0.00,0.00,0.00,2.90,0.00,0.50,0.00,0.00,0.00,0.00
133,4e_5e,PR1,Intn1,245,2.72,200.89,1.58,0.00,0.57,0.00,0.00,0.00,0.00,2.43,0.00,0.43,0.00,0.00,0.00,0.00
133,4e_5e,PR1,Intn1,255,2.32,176.42,1.24,0.00,0.50,0.00,0.00,0.00,0.00,2.02,0.00,0.36,0.00,0.00,0.00,0.00
134,patnt,PR1,Intn1,5,0.00,0.00,0.00,0.00,0.00,0.00,0.00,0.00,0.00,0.00,0.00,0.00,0.00,0.00,0.00,0.00
134,patnt,PR1,Intn1,15,1.14,36.43,1.75,0.00,0.76,0.00,0.00,0.00,0.00,1.80,0.00,0.29,0.00,0.00,0.00,0.00
134,patnt,PR1,Intn1,25,2.44,77.38,3.18,0.00,1.32,0.00,0.00,0.00,0.00,3.99,0.00,0.64,0.00,0.00,0.00,0.00
134,patnt,PR1,Intn1,35,3.79,120.07,4.38,0.00,1.64,0.00,0.00,0.00,0.00,6.17,0.00,1.00,0.00,0.00,0.00,0.00
134,patnt,PR1,Intn1,45,5.08,161.38,5.33,0.00,1.78,0.00,0.00,0.00,0.00,8.04,0.00,1.33,0.00,0.00,0.00,0.00
134,patnt,PR1,Intn1,55,6.26,199.95,6.05,0.00,1.81,0.00,0.00,0.00,0.00,9.48,0.00,1.63,0.00,0.00,0.00,0.00
134,patnt,PR1,Intn1,65,7.30,235.23,6.57,0.00,1.78,0.00,0.00,0.00,0.00,10.47,0.00,1.88,0.00,0.00,0.00,0.00
134,patnt,PR1,Intn1,75,8.20,267.10,6.92,0.00,1.74,0.00,0.00,0.00,0.00,11.07,0.00,2.08,0.00,0.00,0.00,0.00
134,patnt,PR1,Intn1,85,8.95,295.64,7.11,0.00,1.69,0.00,0.00,0.00,0.00,11.34,0.00,2.23,0.00,0.00,0.00,0.00
134,patnt,PR1,Intn1,95,9.57,321.02,7.16,0.00,1.64,0.00,0.00,0.00,0.00,11.35,0.00,2.35,0.00,0.00,0.00,0.00
134,patnt,PR1,Intn1,105,10.07,343.48,7.10,0.00,1.60,0.00,0.00,0.00,0.00,11.17,0.00,2.43,0.00,0.00,0.00,0.00
134,patnt,PR1,Intn1,115,10.46,363.28,6.93,0.00,1.57,0.00,0.00,0.00,0.00,10.87,0.00,2.48,0.00,0.00,0.00,0.00
134,patnt,PR1,Intn1,125,10.74,380.67,6.70,0.00,1.54,0.00,0.00,0.00,0.00,10.48,0.00,2.51,0.00,0.00,0.00,0.00
134,patnt,PR1,Intn1,135,10.93,395.90,6.39,0.00,1.51,0.00,0.00,0.00,0.00,10.04,0.00,2.51,0.00,0.00,0.00,0.00
134,patnt,PR1,Intn1,145,11.05,409.19,6.05,0.00,1.48,0.00,0.00,0.00,0.00,9.59,0.00,2.50,0.00,0.00,0.00,0.00
134,patnt,PR1,Intn1,155,11.10,420.76,5.68,0.00,1.46,0.00,0.00,0.00,0.00,9.14,0.00,2.48,0.00,0.00,0.00,0.00
134,patnt,PR1,Intn1,165,11.08,430.81,5.29,0.00,1.45,0.00,0.00,0.00,0.00,8.69,0.00,2.45,0.00,0.00,0.00,0.00
134,patnt,PR1,Intn1,175,11.02,439.52,4.90,0.00,1.43,0.00,0.00,0.00,0.00,8.26,0.00,2.41,0.00,0.00,0.00,0.00
134,patnt,PR1,Intn1,185,10.92,447.05,4.51,0.00,1.42,0.00,0.00,0.00,0.00,7.85,0.00,2.37,0.00,0.00,0.00,0.00
134,patnt,PR1,Intn1,195,10.78,453.54,4.13,0.00,1.41,0.00,0.00,0.00,0.00,7.46,0.00,2.32,0.00,0.00,0.00,0.00
134,patnt,PR1,Intn1,205,10.62,459.13,3.76,0.00,1.40,0.00,0.00,0.00,0.00,7.09,0.00,2.27,0.00,0.00,0.00,0.00
134,patnt,PR1,Intn1,215,10.43,463.92,3.42,0.00,1.39,0.00,0.00,0.00,0.00,6.74,0.00,2.21,0.00,0.00,0.00,0.00
134,patnt,PR1,Intn1,225,10.22,468.03,3.10,0.00,1.38,0.00,0.00,0.00,0.00,6.41,0.00,2.16,0.00,0.00,0.00,0.00
134,patnt,PR1,Intn1,235,10.00,471.53,2.79,0.00,1.38,0.00,0.00,0.00,0.00,6.10,0.00,2.11,0.00,0.00,0.00,0.00
134,patnt,PR1,Intn1,245,9.76,474.50,2.52,0.00,1.37,0.00,0.00,0.00,0.00,5.81,0.00,2.05,0.00,0.00,0.00,0.00
134,patnt,PR1,Intn1,255,9.52,477.03,2.26,0.00,1.36,0.00,0.00,0.00,0.00,5.53,0.00,2.00,0.00,0.00,0.00,0.00
135,4e_5e,PR1,Intn2,5,0.00,0.00,0.00,0.00,0.00,0.00,0.00,0.00,0.00,0.00,0.00,0.00,0.00,0.00,0.00,0.00
135,4e_5e,PR1,Intn2,15,1.34,32.69,1.52,0.00,0.65,0.00,0.00,0.00,0.00,1.26,0.00,0.25,0.00,0.00,0.00,0.00
135,4e_5e,PR1,Intn2,25,3.00,72.50,2.88,0.00,1.18,0.00,0.00,0.00,0.00,2.91,0.00,0.58,0.00,0.00,0.00,0.00
135,4e_5e,PR1,Intn2,35,4.84,116.72,4.12,0.00,1.52,0.00,0.00,0.00,0.00,4.67,0.00,0.93,0.00,0.00,0.00,0.00
135,4e_5e,PR1,Intn2,45,6.70,161.88,5.17,0.00,1.70,0.00,0.00,0.00,0.00,6.27,0.00,1.28,0.00,0.00,0.00,0.00
135,4e_5e,PR1,Intn2,55,8.46,205.69,6.02,0.00,1.77,0.00,0.00,0.00,0.00,7.58,0.00,1.61,0.00,0.00,0.00,0.00
135,4e_5e,PR1,Intn2,65,10.05,246.48,6.66,0.00,1.78,0.00,0.00,0.00,0.00,8.54,0.00,1.88,0.00,0.00,0.00,0.00
135,4e_5e,PR1,Intn2,75,11.42,283.00,7.08,0.00,1.76,0.00,0.00,0.00,0.00,9.13,0.00,2.11,0.00,0.00,0.00,0.00
135,4e_5e,PR1,Intn2,85,12.52,314.36,7.30,0.00,1.71,0.00,0.00,0.00,0.00,9.38,0.00,2.28,0.00,0.00,0.00,0.00
135,4e_5e,PR1,Intn2,95,13.33,339.95,7.33,0.00,1.66,0.00,0.00,0.00,0.00,9.35,0.00,2.38,0.00,0.00,0.00,0.00
135,4e_5e,PR1,Intn2,105,13.86,359.43,7.18,0.00,1.60,0.00,0.00,0.00,0.00,9.09,0.00,2.44,0.00,0.00,0.00,0.00
135,4e_5e,PR1,Intn2,115,14.10,372.66,6.88,0.00,1.53,0.00,0.00,0.00,0.00,8.67,0.00,2.44,0.00,0.00,0.00,0.00
135,4e_5e,PR1,Intn2,125,14.09,379.75,6.46,0.00,1.46,0.00,0.00,0.00,0.00,8.13,0.00,2.40,0.00,0.00,0.00,0.00
135,4e_5e,PR1,Intn2,135,13.83,380.97,5.95,0.00,1.38,0.00,0.00,0.00,0.00,7.52,0.00,2.32,0.00,0.00,0.00,0.00
135,4e_5e,PR1,Intn2,145,13.38,376.75,5.38,0.00,1.30,0.00,0.00,0.00,0.00,6.87,0.00,2.21,0.00,0.00,0.00,0.00
135,4e_5e,PR1,Intn2,155,12.75,367.66,4.79,0.00,1.22,0.00,0.00,0.00,0.00,6.21,0.00,2.08,0.00,0.00,0.00,0.00
135,4e_5e,PR1,Intn2,165,11.99,354.32,4.20,0.00,1.13,0.00,0.00,0.00,0.00,5.56,0.00,1.93,0.00,0.00,0.00,0.00
135,4e_5e,PR1,Intn2,175,11.13,337.45,3.63,0.00,1.05,0.00,0.00,0.00,0.00,4.93,0.00,1.77,0.00,0.00,0.00,0.00
135,4e_5e,PR1,Intn2,185,10.20,317.76,3.09,0.00,0.96,0.00,0.00,0.00,0.00,4.34,0.00,1.61,0.00,0.00,0.00,0.00
135,4e_5e,PR1,Intn2,195,9.25,295.99,2.60,0.00,0.87,0.00,0.00,0.00,0.00,3.79,0.00,1.45,0.00,0.00,0.00,0.00
135,4e_5e,PR1,Intn2,205,8.29,272.84,2.16,0.00,0.79,0.00,0.00,0.00,0.00,3.28,0.00,1.29,0.00,0.00,0.00,0.00
135,4e_5e,PR1,Intn2,215,7.35,248.94,1.77,0.00,0.71,0.00,0.00,0.00,0.00,2.81,0.00,1.14,0.00,0.00,0.00,0.00
135,4e_5e,PR1,Intn2,225,6.45,224.89,1.43,0.00,0.63,0.00,0.00,0.00,0.00,2.39,0.00,0.99,0.00,0.00,0.00,0.00
135,4e_5e,PR1,Intn2,235,5.61,201.19,1.15,0.00,0.56,0.00,0.00,0.00,0.00,2.02,0.00,0.86,0.00,0.00,0.00,0.00
135,4e_5e,PR1,Intn2,245,4.82,178.29,0.91,0.00,0.49,0.00,0.00,0.00,0.00,1.69,0.00,0.74,0.00,0.00,0.00,0.00
135,4e_5e,PR1,Intn2,255,4.10,156.52,0.71,0.00,0.42,0.00,0.00,0.00,0.00,1.41,0.00,0.63,0.00,0.00,0.00,0.00
136,patnt,PR1,Intn2,5,0.00,0.00,0.00,0.00,0.00,0.00,0.00,0.00,0.00,0.00,0.00,0.00,0.00,0.00,0.00,0.00
136,patnt,PR1,Intn2,15,1.14,36.43,1.75,0.00,0.76,0.00,0.00,0.00,0.00,1.80,0.00,0.29,0.00,0.00,0.00,0.00
136,patnt,PR1,Intn2,25,2.44,77.38,3.18,0.00,1.32,0.00,0.00,0.00,0.00,3.99,0.00,0.64,0.00,0.00,0.00,0.00
136,patnt,PR1,Intn2,35,3.79,120.07,4.38,0.00,1.64,0.00,0.00,0.00,0.00,6.17,0.00,1.00,0.00,0.00,0.00,0.00
136,patnt,PR1,Intn2,45,5.08,161.38,5.33,0.00,1.78,0.00,0.00,0.00,0.00,8.04,0.00,1.33,0.00,0.00,0.00,0.00
136,patnt,PR1,Intn2,55,6.26,199.95,6.05,0.00,1.81,0.00,0.00,0.00,0.00,9.48,0.00,1.63,0.00,0.00,0.00,0.00
136,patnt,PR1,Intn2,65,7.30,235.23,6.57,0.00,1.78,0.00,0.00,0.00,0.00,10.47,0.00,1.88,0.00,0.00,0.00,0.00
136,patnt,PR1,Intn2,75,8.20,267.10,6.92,0.00,1.74,0.00,0.00,0.00,0.00,11.07,0.00,2.08,0.00,0.00,0.00,0.00
136,patnt,PR1,Intn2,85,8.95,295.64,7.11,0.00,1.69,0.00,0.00,0.00,0.00,11.34,0.00,2.23,0.00,0.00,0.00,0.00
136,patnt,PR1,Intn2,95,9.57,321.02,7.16,0.00,1.64,0.00,0.00,0.00,0.00,11.35,0.00,2.35,0.00,0.00,0.00,0.00
136,patnt,PR1,Intn2,105,10.07,343.48,7.10,0.00,1.60,0.00,0.00,0.00,0.00,11.17,0.00,2.43,0.00,0.00,0.00,0.00
136,patnt,PR1,Intn2,115,10.46,363.28,6.93,0.00,1.57,0.00,0.00,0.00,0.00,10.87,0.00,2.48,0.00,0.00,0.00,0.00
136,patnt,PR1,Intn2,125,10.74,380.67,6.70,0.00,1.54,0.00,0.00,0.00,0.00,10.48,0.00,2.51,0.00,0.00,0.00,0.00
136,patnt,PR1,Intn2,135,10.93,395.90,6.39,0.00,1.51,0.00,0.00,0.00,0.00,10.04,0.00,2.51,0.00,0.00,0.00,0.00
136,patnt,PR1,Intn2,145,11.05,409.19,6.05,0.00,1.48,0.00,0.00,0.00,0.00,9.59,0.00,2.50,0.00,0.00,0.00,0.00
136,patnt,PR1,Intn2,155,11.10,420.76,5.68,0.00,1.46,0.00,0.00,0.00,0.00,9.14,0.00,2.48,0.00,0.00,0.00,0.00
136,patnt,PR1,Intn2,165,11.08,430.81,5.29,0.00,1.45,0.00,0.00,0.00,0.00,8.69,0.00,2.45,0.00,0.00,0.00,0.00
136,patnt,PR1,Intn2,175,11.02,439.52,4.90,0.00,1.43,0.00,0.00,0.00,0.00,8.26,0.00,2.41,0.00,0.00,0.00,0.00
136,patnt,PR1,Intn2,185,10.92,447.05,4.51,0.00,1.42,0.00,0.00,0.00,0.00,7.85,0.00,2.37,0.00,0.00,0.00,0.00
136,patnt,PR1,Intn2,195,10.78,453.54,4.13,0.00,1.41,0.00,0.00,0.00,0.00,7.46,0.00,2.32,0.00,0.00,0.00,0.00
136,patnt,PR1,Intn2,205,10.62,459.13,3.76,0.00,1.40,0.00,0.00,0.00,0.00,7.09,0.00,2.27,0.00,0.00,0.00,0.00
136,patnt,PR1,Intn2,215,10.43,463.92,3.42,0.00,1.39,0.00,0.00,0.00,0.00,6.74,0.00,2.21,0.00,0.00,0.00,0.00
136,patnt,PR1,Intn2,225,10.22,468.03,3.10,0.00,1.38,0.00,0.00,0.00,0.00,6.41,0.00,2.16,0.00,0.00,0.00,0.00
136,patnt,PR1,Intn2,235,10.00,471.53,2.79,0.00,1.38,0.00,0.00,0.00,0.00,6.10,0.00,2.11,0.00,0.00,0.00,0.00
136,patnt,PR1,Intn2,245,9.76,474.50,2.52,0.00,1.37,0.00,0.00,0.00,0.00,5.81,0.00,2.05,0.00,0.00,0.00,0.00
136,patnt,PR1,Intn2,255,9.52,477.03,2.26,0.00,1.36,0.00,0.00,0.00,0.00,5.53,0.00,2.00,0.00,0.00,0.00,0.00
139,4e_5e,PW1,Prsnt,5,0.00,0.00,0.00,0.00,0.00,0.00,0.00,0.00,0.00,0.00,0.00,0.00,0.00,0.00,0.00,0.00
139,4e_5e,PW1,Prsnt,15,2.62,0.48,0.32,0.40,1.17,0.34,0.37,0.00,0.00,0.65,0.00,0.36,0.02,0.05,0.05,0.06
139,4e_5e,PW1,Prsnt,25,8.66,1.57,0.90,1.47,3.12,1.21,0.60,0.00,0.00,2.22,0.00,1.22,0.08,0.18,0.15,0.19
139,4e_5e,PW1,Prsnt,35,17.85,3.25,1.65,2.72,5.16,2.20,0.78,0.00,0.00,4.56,0.00,2.51,0.16,0.39,0.27,0.39
139,4e_5e,PW1,Prsnt,45,29.36,5.36,2.46,3.70,6.86,2.91,0.92,0.00,0.00,7.28,0.00,4.11,0.26,0.64,0.40,0.62
139,4e_5e,PW1,Prsnt,55,42.12,7.73,3.25,4.32,8.12,3.32,1.03,0.00,0.00,10.00,0.00,5.85,0.37,0.92,0.54,0.87
139,4e_5e,PW1,Prsnt,65,55.20,10.22,3.97,4.71,9.01,3.57,1.10,0.00,0.00,12.42,0.00,7.56,0.49,1.20,0.66,1.13
139,4e_5e,PW1,Prsnt,75,67.93,12.72,4.58,4.99,9.63,3.72,1.16,0.00,0.00,14.39,0.00,9.17,0.60,1.48,0.77,1.38
139,4e_5e,PW1,Prsnt,85,79.92,15.17,5.06,5.21,10.08,3.82,1.19,0.00,0.00,15.87,0.00,10.62,0.70,1.74,0.88,1.61
139,4e_5e,PW1,Prsnt,95,90.95,17.53,5.43,5.38,10.44,3.88,1.20,0.00,0.00,16.90,0.00,11.89,0.80,1.98,0.97,1.82
139,4e_5e,PW1,Prsnt,105,100.89,19.78,5.68,5.53,10.73,3.92,1.20,0.00,0.00,17.55,0.00,12.97,0.89,2.20,1.05,2.01
139,4e_5e,PW1,Prsnt,115,109.70,21.91,5.81,5.65,10.98,3.93,1.19,0.00,0.00,17.87,0.00,13.87,0.97,2.40,1.13,2.18
139,4e_5e,PW1,Prsnt,125,117.38,23.91,5.84,5.77,11.21,3.94,1.18,0.00,0.00,17.95,0.00,14.60,1.04,2.57,1.19,2.33
139,4e_5e,PW1,Prsnt,135,123.93,25.79,5.79,5.88,11.42,3.93,1.15,0.00,0.00,17.85,0.00,15.18,1.10,2.71,1.25,2.47
139,4e_5e,PW1,Prsnt,145,129.40,27.55,5.66,5.97,11.61,3.92,1.13,0.00,0.00,17.61,0.00,15.63,1.16,2.84,1.30,2.58
139,4e_5e,PW1,Prsnt,155,133.85,29.18,5.47,6.07,11.80,3.90,1.09,0.00,0.00,17.28,0.00,15.96,1.21,2.94,1.35,2.68
139,4e_5e,PW1,Prsnt,165,137.34,30.68,5.23,6.16,11.97,3.88,1.06,0.00,0.00,16.89,0.00,16.18,1.26,3.03,1.39,2.76
139,4e_5e,PW1,Prsnt,175,139.94,32.07,4.96,6.24,12.14,3.85,1.02,0.00,0.00,16.45,0.00,16.31,1.29,3.10,1.42,2.82
139,4e_5e,PW1,Prsnt,185,141.73,33.35,4.67,6.32,12.30,3.81,0.97,0.00,0.00,15.98,0.00,16.37,1.33,3.15,1.45,2.87
139,4e_5e,PW1,Prsnt,195,142.78,34.52,4.36,6.40,12.45,3.78,0.93,0.00,0.00,15.49,0.00,16.36,1.36,3.19,1.47,2.90
139,4e_5e,PW1,Prsnt,205,143.17,35.59,4.05,6.47,12.59,3.74,0.89,0.00,0.00,15.00,0.00,16.29,1.38,3.21,1.49,2.93
139,4e_5e,PW1,Prsnt,215,142.97,36.57,3.74,6.54,12.73,3.69,0.84,0.00,0.00,14.50,0.00,16.18,1.40,3.23,1.50,2.93
139,4e_5e,PW1,Prsnt,225,142.25,37.45,3.44,6.60,12.86,3.64,0.80,0.00,0.00,14.00,0.00,16.03,1.42,3.23,1.51,2.93
139,4e_5e,PW1,Prsnt,235,141.07,38.25,3.15,6.66,12.97,3.59,0.75,0.00,0.00,13.50,0.00,15.85,1.43,3.22,1.52,2.92
139,4e_5e,PW1,Prsnt,245,139.49,38.98,2.87,6.72,13.08,3.54,0.71,0.00,0.00,13.01,0.00,15.64,1.45,3.20,1.52,2.90
139,4e_5e,PW1,Prsnt,255,137.57,39.63,2.61,6.77,13.19,3.48,0.67,0.00,0.00,12.53,0.00,15.41,1.46,3.18,1.52,2.87
140,patnt,PW1,Prsnt,5,0.00,0.00,0.00,0.00,0.00,0.00,0.00,0.00,0.00,0.00,0.00,0.00,0.00,0.00,0.00,0.00
140,patnt,PW1,Prsnt,15,0.81,0.13,0.09,0.09,0.29,0.09,0.10,0.00,0.00,0.17,0.00,0.09,7.35111582308105e-03,0.01,0.01,0.01
140,patnt,PW1,Prsnt,25,3.40,0.57,0.32,0.43,1.00,0.44,0.22,0.00,0.00,0.73,0.00,0.41,0.02,0.06,0.05,0.05
140,patnt,PW1,Prsnt,35,8.61,1.45,0.74,0.98,2.02,0.98,0.35,0.00,0.00,1.84,0.00,1.04,0.07,0.17,0.12,0.14
140,patnt,PW1,Prsnt,45,17.01,2.89,1.32,1.59,3.23,1.56,0.49,0.00,0.00,3.53,0.00,2.04,0.14,0.34,0.22,0.28
140,patnt,PW1,Prsnt,55,28.68,4.90,2.06,2.18,4.50,2.10,0.65,0.00,0.00,5.70,0.00,3.42,0.24,0.58,0.34,0.46
140,patnt,PW1,Prsnt,65,43.22,7.45,2.89,2.74,5.74,2.60,0.80,0.00,0.00,8.14,0.00,5.08,0.35,0.87,0.48,0.68
140,patnt,PW1,Prsnt,75,59.87,10.43,3.75,3.27,6.90,3.05,0.95,0.00,0.00,10.61,0.00,6.94,0.49,1.21,0.63,0.94
140,patnt,PW1,Prsnt,85,77.58,13.70,4.57,3.76,7.97,3.45,1.07,0.00,0.00,12.90,0.00,8.85,0.63,1.57,0.79,1.21
140,patnt,PW1,Prsnt,95,95.15,17.06,5.28,4.19,8.89,3.78,1.17,0.00,0.00,14.80,0.00,10.68,0.78,1.93,0.94,1.47
140,patnt,PW1,Prsnt,105,111.30,20.29,5.82,4.54,9.63,4.02,1.23,0.00,0.00,16.20,0.00,12.28,0.91,2.26,1.08,1.72
140,patnt,PW1,Prsnt,115,124.85,23.19,6.15,4.79,10.17,4.17,1.26,0.00,0.00,17.03,0.00,13.55,1.02,2.54,1.19,1.92
140,patnt,PW1,Prsnt,125,134.81,25.55,6.24,4.93,10.48,4.21,1.26,0.00,0.00,17.26,0.00,14.40,1.11,2.74,1.27,2.08
140,patnt,PW1,Prsnt,135,140.53,27.21,6.11,4.96,10.54,4.15,1.22,0.00,0.00,16.95,0.00,14.79,1.16,2.86,1.32,2.17
140,patnt,PW1,Prsnt,145,141.71,28.06,5.77,4.87,10.35,4.00,1.15,0.00,0.00,16.15,0.00,14.70,1.18,2.89,1.33,2.19
140,patnt,PW1,Prsnt,155,138.49,28.08,5.26,4.67,9.94,3.76,1.05,0.00,0.00,14.97,0.00,14.18,1.17,2.83,1.30,2.15
140,patnt,PW1,Prsnt,165,131.33,27.29,4.66,4.38,9.32,3.45,0.94,0.00,0.00,13.52,0.00,13.28,1.12,2.70,1.23,2.04
140,patnt,PW1,Prsnt,175,120.97,25.79,3.99,4.01,8.54,3.09,0.82,0.00,0.00,11.90,0.00,12.11,1.04,2.49,1.14,1.89
140,patnt,PW1,Prsnt,185,108.34,23.72,3.32,3.59,7.65,2.71,0.69,0.00,0.00,10.22,0.00,10.74,0.94,2.24,1.03,1.70
140,patnt,PW1,Prsnt,195,94.41,21.23,2.68,3.15,6.70,2.32,0.57,0.00,0.00,8.57,0.00,9.28,0.83,1.96,0.90,1.49
140,patnt,PW1,Prsnt,205,80.09,18.52,2.11,2.69,5.73,1.94,0.46,0.00,0.00,7.02,0.00,7.82,0.72,1.67,0.77,1.27
140,patnt,PW1,Prsnt,215,66.19,15.75,1.61,2.25,4.79,1.59,0.36,0.00,0.00,5.62,0.00,6.43,0.60,1.39,0.65,1.05
140,patnt,PW1,Prsnt,225,53.31,13.05,1.20,1.84,3.92,1.27,0.27,0.00,0.00,4.39,0.00,5.16,0.49,1.12,0.52,0.85
140,patnt,PW1,Prsnt,235,41.86,10.55,0.87,1.47,3.13,0.99,0.20,0.00,0.00,3.35,0.00,4.03,0.39,0.89,0.42,0.67
140,patnt,PW1,Prsnt,245,32.05,8.33,0.61,1.14,2.44,0.75,0.15,0.00,0.00,2.50,0.00,3.08,0.31,0.68,0.32,0.51
140,patnt,PW1,Prsnt,255,23.94,6.41,0.42,0.87,1.86,0.56,0.10,0.00,0.00,1.82,0.00,2.30,0.23,0.51,0.24,0.38
141,4e_5e,PW1,Exten,5,0.00,0.00,0.00,0.00,0.00,0.00,0.00,0.00,0.00,0.00,0.00,0.00,0.00,0.00,0.00,0.00
141,4e_5e,PW1,Exten,15,3.24,0.60,0.15,0.23,0.85,0.26,0.36,0.00,0.20,0.37,0.00,0.27,0.02,0.05,0.00,0.05
141,4e_5e,PW1,Exten,25,10.78,1.98,0.44,0.86,2.29,0.95,0.58,0.00,0.41,1.30,0.00,0.91,0.07,0.18,0.00,0.15
141,4e_5e,PW1,Exten,35,22.05,4.04,0.79,1.58,3.75,1.70,0.75,0.00,0.61,2.65,0.00,1.87,0.16,0.37,0.00,0.31
141,4e_5e,PW1,Exten,45,35.83,6.59,1.17,2.12,4.92,2.22,0.88,0.00,0.80,4.18,0.00,3.03,0.25,0.61,0.00,0.49
141,4e_5e,PW1,Exten,55,50.81,9.41,1.54,2.45,5.76,2.51,0.97,0.00,0.96,5.67,0.00,4.25,0.35,0.87,0.00,0.69
141,4e_5e,PW1,Exten,65,65.90,12.31,1.86,2.64,6.32,2.67,1.03,0.00,1.10,6.97,0.00,5.45,0.46,1.12,0.00,0.88
141,4e_5e,PW1,Exten,75,80.40,15.18,2.12,2.78,6.70,2.76,1.07,0.00,1.22,8.01,0.00,6.55,0.56,1.37,0.00,1.06
141,4e_5e,PW1,Exten,85,93.88,17.97,2.33,2.88,6.97,2.81,1.09,0.00,1.33,8.77,0.00,7.52,0.65,1.60,0.00,1.23
141,4e_5e,PW1,Exten,95,106.14,20.63,2.48,2.95,7.16,2.84,1.10,0.00,1.42,9.28,0.00,8.37,0.73,1.81,0.00,1.38
141,4e_5e,PW1,Exten,105,117.09,23.14,2.58,3.02,7.32,2.85,1.09,0.00,1.51,9.58,0.00,9.08,0.81,2.00,0.00,1.52
141,4e_5e,PW1,Exten,115,126.69,25.51,2.63,3.07,7.46,2.85,1.08,0.00,1.59,9.71,0.00,9.66,0.88,2.17,0.00,1.64
141,4e_5e,PW1,Exten,125,134.96,27.73,2.63,3.12,7.58,2.84,1.06,0.00,1.66,9.71,0.00,10.13,0.94,2.31,0.00,1.75
141,4e_5e,PW1,Exten,135,141.96,29.80,2.60,3.16,7.69,2.83,1.04,0.00,1.74,9.62,0.00,10.49,0.99,2.44,0.00,1.84
141,4e_5e,PW1,Exten,145,147.74,31.72,2.53,3.21,7.80,2.81,1.01,0.00,1.80,9.46,0.00,10.77,1.04,2.54,0.00,1.92
141,4e_5e,PW1,Exten,155,152.39,33.50,2.44,3.25,7.90,2.79,0.98,0.00,1.87,9.26,0.00,10.96,1.08,2.63,0.00,1.99
141,4e_5e,PW1,Exten,165,155.99,35.15,2.33,3.29,8.00,2.76,0.94,0.00,1.93,9.02,0.00,11.09,1.12,2.70,0.00,2.05
141,4e_5e,PW1,Exten,175,158.63,36.66,2.20,3.33,8.09,2.74,0.90,0.00,2.00,8.77,0.00,11.15,1.15,2.75,0.00,2.09
141,4e_5e,PW1,Exten,185,160.38,38.06,2.07,3.36,8.19,2.71,0.86,0.00,2.06,8.51,0.00,11.17,1.18,2.80,0.00,2.12
141,4e_5e,PW1,Exten,195,161.35,39.34,1.93,3.40,8.27,2.68,0.83,0.00,2.12,8.24,0.00,11.15,1.20,2.83,0.00,2.14
141,4e_5e,PW1,Exten,205,161.60,40.51,1.79,3.43,8.36,2.64,0.78,0.00,2.17,7.96,0.00,11.09,1.22,2.84,0.00,2.16
141,4e_5e,PW1,Exten,215,161.21,41.58,1.65,3.47,8.44,2.61,0.74,0.00,2.23,7.69,0.00,11.01,1.24,2.85,0.00,2.16
141,4e_5e,PW1,Exten,225,160.27,42.55,1.52,3.50,8.52,2.57,0.70,0.00,2.28,7.42,0.00,10.90,1.25,2.85,0.00,2.16
141,4e_5e,PW1,Exten,235,158.83,43.43,1.39,3.53,8.59,2.54,0.66,0.00,2.33,7.15,0.00,10.77,1.27,2.84,0.00,2.15
141,4e_5e,PW1,Exten,245,156.98,44.23,1.26,3.55,8.66,2.50,0.63,0.00,2.38,6.89,0.00,10.62,1.28,2.83,0.00,2.13
141,4e_5e,PW1,Exten,255,154.75,44.95,1.15,3.58,8.72,2.45,0.59,0.00,2.42,6.63,0.00,10.46,1.28,2.81,0.00,2.11
142,patnt,PW1,Exten,5,0.00,0.00,0.00,0.00,0.00,0.00,0.00,0.00,0.00,0.00,0.00,0.00,0.00,0.00,0.00,0.00
142,patnt,PW1,Exten,15,0.81,0.13,0.09,0.09,0.29,0.09,0.10,0.00,0.00,0.17,0.00,0.09,7.35111582308105e-03,0.01,0.01,0.01
142,patnt,PW1,Exten,25,3.40,0.57,0.32,0.43,1.00,0.44,0.22,0.00,0.00,0.73,0.00,0.41,0.02,0.06,0.05,0.05
142,patnt,PW1,Exten,35,8.61,1.45,0.74,0.98,2.02,0.98,0.35,0.00,0.00,1.84,0.00,1.04,0.07,0.17,0.12,0.14
142,patnt,PW1,Exten,45,17.01,2.89,1.32,1.59,3.23,1.56,0.49,0.00,0.00,3.53,0.00,2.04,0.14,0.34,0.22,0.28
142,patnt,PW1,Exten,55,28.68,4.90,2.06,2.18,4.50,2.10,0.65,0.00,0.00,5.70,0.00,3.42,0.24,0.58,0.34,0.46
142,patnt,PW1,Exten,65,43.22,7.45,2.89,2.74,5.74,2.60,0.80,0.00,0.00,8.14,0.00,5.08,0.35,0.87,0.48,0.68
142,patnt,PW1,Exten,75,59.87,10.43,3.75,3.27,6.90,3.05,0.95,0.00,0.00,10.61,0.00,6.94,0.49,1.21,0.63,0.94
142,patnt,PW1,Exten,85,77.58,13.70,4.57,3.76,7.97,3.45,1.07,0.00,0.00,12.90,0.00,8.85,0.63,1.57,0.79,1.21
142,patnt,PW1,Exten,95,95.15,17.06,5.28,4.19,8.89,3.78,1.17,0.00,0.00,14.80,0.00,10.68,0.78,1.93,0.94,1.47
142,patnt,PW1,Exten,105,111.30,20.29,5.82,4.54,9.63,4.02,1.23,0.00,0.00,16.20,0.00,12.28,0.91,2.26,1.08,1.72
142,patnt,PW1,Exten,115,124.85,23.19,6.15,4.79,10.17,4.17,1.26,0.00,0.00,17.03,0.00,13.55,1.02,2.54,1.19,1.92
142,patnt,PW1,Exten,125,134.81,25.55,6.24,4.93,10.48,4.21,1.26,0.00,0.00,17.26,0.00,14.40,1.11,2.74,1.27,2.08
142,patnt,PW1,Exten,135,140.53,27.21,6.11,4.96,10.54,4.15,1.22,0.00,0.00,16.95,0.00,14.79,1.16,2.86,1.32,2.17
142,patnt,PW1,Exten,145,141.71,28.06,5.77,4.87,10.35,4.00,1.15,0.00,0.00,16.15,0.00,14.70,1.18,2.89,1.33,2.19
142,patnt,PW1,Exten,155,138.49,28.08,5.26,4.67,9.94,3.76,1.05,0.00,0.00,14.97,0.00,14.18,1.17,2.83,1.30,2.15
142,patnt,PW1,Exten,165,131.33,27.29,4.66,4.38,9.32,3.45,0.94,0.00,0.00,13.52,0.00,13.28,1.12,2.70,1.23,2.04
142,patnt,PW1,Exten,175,120.97,25.79,3.99,4.01,8.54,3.09,0.82,0.00,0.00,11.90,0.00,12.11,1.04,2.49,1.14,1.89
142,patnt,PW1,Exten,185,108.34,23.72,3.32,3.59,7.65,2.71,0.69,0.00,0.00,10.22,0.00,10.74,0.94,2.24,1.03,1.70
142,patnt,PW1,Exten,195,94.41,21.23,2.68,3.15,6.70,2.32,0.57,0.00,0.00,8.57,0.00,9.28,0.83,1.96,0.90,1.49
142,patnt,PW1,Exten,205,80.09,18.52,2.11,2.69,5.73,1.94,0.46,0.00,0.00,7.02,0.00,7.82,0.72,1.67,0.77,1.27
142,patnt,PW1,Exten,215,66.19,15.75,1.61,2.25,4.79,1.59,0.36,0.00,0.00,5.62,0.00,6.43,0.60,1.39,0.65,1.05
142,patnt,PW1,Exten,225,53.31,13.05,1.20,1.84,3.92,1.27,0.27,0.00,0.00,4.39,0.00,5.16,0.49,1.12,0.52,0.85
142,patnt,PW1,Exten,235,41.86,10.55,0.87,1.47,3.13,0.99,0.20,0.00,0.00,3.35,0.00,4.03,0.39,0.89,0.42,0.67
142,patnt,PW1,Exten,245,32.05,8.33,0.61,1.14,2.44,0.75,0.15,0.00,0.00,2.50,0.00,3.08,0.31,0.68,0.32,0.51
142,patnt,PW1,Exten,255,23.94,6.41,0.42,0.87,1.86,0.56,0.10,0.00,0.00,1.82,0.00,2.30,0.23,0.51,0.24,0.38
143,4e_5e,PW1,Basc1,5,0.00,0.00,0.00,0.00,0.00,0.00,0.00,0.00,0.00,0.00,0.00,0.00,0.00,0.00,0.00,0.00
143,4e_5e,PW1,Basc1,15,3.63,0.56,0.33,0.33,0.75,0.35,0.38,0.00,0.22,0.33,0.00,0.28,0.00,0.02,0.06,0.04
143,4e_5e,PW1,Basc1,25,12.02,1.85,0.92,1.21,2.00,1.25,0.61,0.00,0.43,1.14,0.00,0.96,0.00,0.09,0.16,0.13
143,4e_5e,PW1,Basc1,35,24.57,3.78,1.68,2.22,3.29,2.24,0.79,0.00,0.64,2.32,0.00,1.97,0.00,0.19,0.28,0.26
143,4e_5e,PW1,Basc1,45,39.98,6.18,2.48,2.98,4.32,2.93,0.93,0.00,0.84,3.67,0.00,3.19,0.00,0.32,0.41,0.42
143,4e_5e,PW1,Basc1,55,56.76,8.82,3.25,3.44,5.07,3.32,1.03,0.00,1.01,4.99,0.00,4.49,0.00,0.45,0.53,0.58
143,4e_5e,PW1,Basc1,65,73.67,11.55,3.92,3.72,5.56,3.53,1.09,0.00,1.16,6.14,0.00,5.75,0.00,0.59,0.65,0.74
143,4e_5e,PW1,Basc1,75,89.90,14.25,4.49,3.91,5.90,3.65,1.13,0.00,1.29,7.05,0.00,6.91,0.00,0.72,0.76,0.90
143,4e_5e,PW1,Basc1,85,104.98,16.87,4.93,4.05,6.13,3.72,1.15,0.00,1.40,7.72,0.00,7.95,0.00,0.84,0.85,1.04
143,4e_5e,PW1,Basc1,95,118.68,19.36,5.25,4.16,6.30,3.75,1.16,0.00,1.50,8.17,0.00,8.84,0.00,0.96,0.94,1.17
143,4e_5e,PW1,Basc1,105,130.89,21.72,5.45,4.25,6.44,3.76,1.15,0.00,1.59,8.43,0.00,9.58,0.00,1.05,1.01,1.28
143,4e_5e,PW1,Basc1,115,141.58,23.93,5.55,4.32,6.56,3.76,1.14,0.00,1.68,8.54,0.00,10.20,0.00,1.14,1.08,1.39
143,4e_5e,PW1,Basc1,125,150.78,26.01,5.56,4.39,6.66,3.75,1.12,0.00,1.75,8.54,0.00,10.69,0.00,1.22,1.13,1.48
143,4e_5e,PW1,Basc1,135,158.54,27.94,5.49,4.45,6.76,3.73,1.09,0.00,1.83,8.46,0.00,11.07,0.00,1.28,1.19,1.56
143,4e_5e,PW1,Basc1,145,164.95,29.73,5.34,4.51,6.85,3.70,1.06,0.00,1.90,8.31,0.00,11.35,0.00,1.34,1.23,1.62
143,4e_5e,PW1,Basc1,155,170.09,31.39,5.15,4.57,6.94,3.67,1.03,0.00,1.97,8.13,0.00,11.55,0.00,1.38,1.27,1.68
143,4e_5e,PW1,Basc1,165,174.05,32.92,4.91,4.62,7.02,3.64,0.99,0.00,2.04,7.92,0.00,11.68,0.00,1.42,1.30,1.72
143,4e_5e,PW1,Basc1,175,176.94,34.33,4.65,4.68,7.10,3.60,0.95,0.00,2.10,7.70,0.00,11.75,0.00,1.45,1.33,1.76
143,4e_5e,PW1,Basc1,185,178.85,35.63,4.37,4.73,7.18,3.57,0.91,0.00,2.17,7.47,0.00,11.77,0.00,1.47,1.36,1.79
143,4e_5e,PW1,Basc1,195,179.87,36.82,4.07,4.77,7.26,3.52,0.87,0.00,2.23,7.23,0.00,11.74,0.00,1.48,1.37,1.80
143,4e_5e,PW1,Basc1,205,180.11,37.90,3.78,4.82,7.33,3.48,0.83,0.00,2.29,6.99,0.00,11.68,0.00,1.49,1.39,1.82
143,4e_5e,PW1,Basc1,215,179.63,38.89,3.48,4.87,7.40,3.43,0.78,0.00,2.34,6.74,0.00,11.58,0.00,1.50,1.40,1.82
143,4e_5e,PW1,Basc1,225,178.54,39.79,3.20,4.91,7.47,3.39,0.74,0.00,2.40,6.51,0.00,11.46,0.00,1.50,1.41,1.82
143,4e_5e,PW1,Basc1,235,176.91,40.61,2.93,4.95,7.53,3.33,0.70,0.00,2.45,6.27,0.00,11.32,0.00,1.49,1.41,1.81
143,4e_5e,PW1,Basc1,245,174.80,41.35,2.67,4.99,7.59,3.28,0.66,0.00,2.50,6.04,0.00,11.17,0.00,1.48,1.41,1.79
143,4e_5e,PW1,Basc1,255,172.29,42.01,2.42,5.02,7.64,3.23,0.62,0.00,2.55,5.81,0.00,11.00,0.00,1.47,1.41,1.78
144,patnt,PW1,Basc1,5,0.00,0.00,0.00,0.00,0.00,0.00,0.00,0.00,0.00,0.00,0.00,0.00,0.00,0.00,0.00,0.00
144,patnt,PW1,Basc1,15,0.81,0.13,0.09,0.09,0.29,0.09,0.10,0.00,0.00,0.17,0.00,0.09,7.35111582308105e-03,0.01,0.01,0.01
144,patnt,PW1,Basc1,25,3.40,0.57,0.32,0.43,1.00,0.44,0.22,0.00,0.00,0.73,0.00,0.41,0.02,0.06,0.05,0.05
144,patnt,PW1,Basc1,35,8.61,1.45,0.74,0.98,2.02,0.98,0.35,0.00,0.00,1.84,0.00,1.04,0.07,0.17,0.12,0.14
144,patnt,PW1,Basc1,45,17.01,2.89,1.32,1.59,3.23,1.56,0.49,0.00,0.00,3.53,0.00,2.04,0.14,0.34,0.22,0.28
144,patnt,PW1,Basc1,55,28.68,4.90,2.06,2.18,4.50,2.10,0.65,0.00,0.00,5.70,0.00,3.42,0.24,0.58,0.34,0.46
144,patnt,PW1,Basc1,65,43.22,7.45,2.89,2.74,5.74,2.60,0.80,0.00,0.00,8.14,0.00,5.08,0.35,0.87,0.48,0.68
144,patnt,PW1,Basc1,75,59.87,10.43,3.75,3.27,6.90,3.05,0.95,0.00,0.00,10.61,0.00,6.94,0.49,1.21,0.63,0.94
144,patnt,PW1,Basc1,85,77.58,13.70,4.57,3.76,7.97,3.45,1.07,0.00,0.00,12.90,0.00,8.85,0.63,1.57,0.79,1.21
144,patnt,PW1,Basc1,95,95.15,17.06,5.28,4.19,8.89,3.78,1.17,0.00,0.00,14.80,0.00,10.68,0.78,1.93,0.94,1.47
144,patnt,PW1,Basc1,105,111.30,20.29,5.82,4.54,9.63,4.02,1.23,0.00,0.00,16.20,0.00,12.28,0.91,2.26,1.08,1.72
144,patnt,PW1,Basc1,115,124.85,23.19,6.15,4.79,10.17,4.17,1.26,0.00,0.00,17.03,0.00,13.55,1.02,2.54,1.19,1.92
144,patnt,PW1,Basc1,125,134.81,25.55,6.24,4.93,10.48,4.21,1.26,0.00,0.00,17.26,0.00,14.40,1.11,2.74,1.27,2.08
144,patnt,PW1,Basc1,135,140.53,27.21,6.11,4.96,10.54,4.15,1.22,0.00,0.00,16.95,0.00,14.79,1.16,2.86,1.32,2.17
144,patnt,PW1,Basc1,145,141.71,28.06,5.77,4.87,10.35,4.00,1.15,0.00,0.00,16.15,0.00,14.70,1.18,2.89,1.33,2.19
144,patnt,PW1,Basc1,155,138.49,28.08,5.26,4.67,9.94,3.76,1.05,0.00,0.00,14.97,0.00,14.18,1.17,2.83,1.30,2.15
144,patnt,PW1,Basc1,165,131.33,27.29,4.66,4.38,9.32,3.45,0.94,0.00,0.00,13.52,0.00,13.28,1.12,2.70,1.23,2.04
144,patnt,PW1,Basc1,175,120.97,25.79,3.99,4.01,8.54,3.09,0.82,0.00,0.00,11.90,0.00,12.11,1.04,2.49,1.14,1.89
144,patnt,PW1,Basc1,185,108.34,23.72,3.32,3.59,7.65,2.71,0.69,0.00,0.00,10.22,0.00,10.74,0.94,2.24,1.03,1.70
144,patnt,PW1,Basc1,195,94.41,21.23,2.68,3.15,6.70,2.32,0.57,0.00,0.00,8.57,0.00,9.28,0.83,1.96,0.90,1.49
144,patnt,PW1,Basc1,205,80.09,18.52,2.11,2.69,5.73,1.94,0.46,0.00,0.00,7.02,0.00,7.82,0.72,1.67,0.77,1.27
144,patnt,PW1,Basc1,215,66.19,15.75,1.61,2.25,4.79,1.59,0.36,0.00,0.00,5.62,0.00,6.43,0.60,1.39,0.65,1.05
144,patnt,PW1,Basc1,225,53.31,13.05,1.20,1.84,3.92,1.27,0.27,0.00,0.00,4.39,0.00,5.16,0.49,1.12,0.52,0.85
144,patnt,PW1,Basc1,235,41.86,10.55,0.87,1.47,3.13,0.99,0.20,0.00,0.00,3.35,0.00,4.03,0.39,0.89,0.42,0.67
144,patnt,PW1,Basc1,245,32.05,8.33,0.61,1.14,2.44,0.75,0.15,0.00,0.00,2.50,0.00,3.08,0.31,0.68,0.32,0.51
144,patnt,PW1,Basc1,255,23.94,6.41,0.42,0.87,1.86,0.56,0.10,0.00,0.00,1.82,0.00,2.30,0.23,0.51,0.24,0.38
145,4e_5e,PW1,Intn1,5,0.00,0.00,0.00,0.00,0.00,0.00,0.00,0.00,0.00,0.00,0.00,0.00,0.00,0.00,0.00,0.00
145,4e_5e,PW1,Intn1,15,2.62,0.48,0.32,0.40,1.17,0.34,0.37,0.00,0.00,0.65,0.00,0.36,0.02,0.05,0.05,0.06
145,4e_5e,PW1,Intn1,25,8.66,1.57,0.90,1.47,3.12,1.21,0.60,0.00,0.00,2.22,0.00,1.22,0.08,0.18,0.15,0.19
145,4e_5e,PW1,Intn1,35,17.85,3.25,1.65,2.72,5.16,2.20,0.78,0.00,0.00,4.56,0.00,2.51,0.16,0.39,0.27,0.39
145,4e_5e,PW1,Intn1,45,29.36,5.36,2.46,3.70,6.86,2.91,0.92,0.00,0.00,7.28,0.00,4.11,0.26,0.64,0.40,0.62
145,4e_5e,PW1,Intn1,55,42.12,7.73,3.25,4.32,8.12,3.32,1.03,0.00,0.00,10.00,0.00,5.85,0.37,0.92,0.54,0.87
145,4e_5e,PW1,Intn1,65,55.20,10.22,3.97,4.71,9.01,3.57,1.10,0.00,0.00,12.42,0.00,7.56,0.49,1.20,0.66,1.13
145,4e_5e,PW1,Intn1,75,67.93,12.72,4.58,4.99,9.63,3.72,1.16,0.00,0.00,14.39,0.00,9.17,0.60,1.48,0.77,1.38
145,4e_5e,PW1,Intn1,85,79.92,15.17,5.06,5.21,10.08,3.82,1.19,0.00,0.00,15.87,0.00,10.62,0.70,1.74,0.88,1.61
145,4e_5e,PW1,Intn1,95,90.95,17.53,5.43,5.38,10.44,3.88,1.20,0.00,0.00,16.90,0.00,11.89,0.80,1.98,0.97,1.82
145,4e_5e,PW1,Intn1,105,100.89,19.78,5.68,5.53,10.73,3.92,1.20,0.00,0.00,17.55,0.00,12.97,0.89,2.20,1.05,2.01
145,4e_5e,PW1,Intn1,115,109.70,21.91,5.81,5.65,10.98,3.93,1.19,0.00,0.00,17.87,0.00,13.87,0.97,2.40,1.13,2.18
145,4e_5e,PW1,Intn1,125,117.38,23.91,5.84,5.77,11.21,3.94,1.18,0.00,0.00,17.95,0.00,14.60,1.04,2.57,1.19,2.33
145,4e_5e,PW1,Intn1,135,123.93,25.79,5.79,5.88,11.42,3.93,1.15,0.00,0.00,17.85,0.00,15.18,1.10,2.71,1.25,2.47
145,4e_5e,PW1,Intn1,145,129.40,27.55,5.66,5.97,11.61,3.92,1.13,0.00,0.00,17.61,0.00,15.63,1.16,2.84,1.30,2.58
145,4e_5e,PW1,Intn1,155,133.85,29.18,5.47,6.07,11.80,3.90,1.09,0.00,0.00,17.28,0.00,15.96,1.21,2.94,1.35,2.68
145,4e_5e,PW1,Intn1,165,137.34,30.68,5.23,6.16,11.97,3.88,1.06,0.00,0.00,16.89,0.00,16.18,1.26,3.03,1.39,2.76
145,4e_5e,PW1,Intn1,175,139.94,32.07,4.96,6.24,12.14,3.85,1.02,0.00,0.00,16.45,0.00,16.31,1.29,3.10,1.42,2.82
145,4e_5e,PW1,Intn1,185,141.73,33.35,4.67,6.32,12.30,3.81,0.97,0.00,0.00,15.98,0.00,16.37,1.33,3.15,1.45,2.87
145,4e_5e,PW1,Intn1,195,142.78,34.52,4.36,6.40,12.45,3.78,0.93,0.00,0.00,15.49,0.00,16.36,1.36,3.19,1.47,2.90
145,4e_5e,PW1,Intn1,205,143.17,35.59,4.05,6.47,12.59,3.74,0.89,0.00,0.00,15.00,0.00,16.29,1.38,3.21,1.49,2.93
145,4e_5e,PW1,Intn1,215,142.97,36.57,3.74,6.54,12.73,3.69,0.84,0.00,0.00,14.50,0.00,16.18,1.40,3.23,1.50,2.93
145,4e_5e,PW1,Intn1,225,142.25,37.45,3.44,6.60,12.86,3.64,0.80,0.00,0.00,14.00,0.00,16.03,1.42,3.23,1.51,2.93
145,4e_5e,PW1,Intn1,235,141.07,38.25,3.15,6.66,12.97,3.59,0.75,0.00,0.00,13.50,0.00,15.85,1.43,3.22,1.52,2.92
145,4e_5e,PW1,Intn1,245,139.49,38.98,2.87,6.72,13.08,3.54,0.71,0.00,0.00,13.01,0.00,15.64,1.45,3.20,1.52,2.90
145,4e_5e,PW1,Intn1,255,137.57,39.63,2.61,6.77,13.19,3.48,0.67,0.00,0.00,12.53,0.00,15.41,1.46,3.18,1.52,2.87
146,patnt,PW1,Intn1,5,0.00,0.00,0.00,0.00,0.00,0.00,0.00,0.00,0.00,0.00,0.00,0.00,0.00,0.00,0.00,0.00
146,patnt,PW1,Intn1,15,0.81,0.13,0.09,0.09,0.29,0.09,0.10,0.00,0.00,0.17,0.00,0.09,7.35111582308105e-03,0.01,0.01,0.01
146,patnt,PW1,Intn1,25,3.40,0.57,0.32,0.43,1.00,0.44,0.22,0.00,0.00,0.73,0.00,0.41,0.02,0.06,0.05,0.05
146,patnt,PW1,Intn1,35,8.61,1.45,0.74,0.98,2.02,0.98,0.35,0.00,0.00,1.84,0.00,1.04,0.07,0.17,0.12,0.14
146,patnt,PW1,Intn1,45,17.01,2.89,1.32,1.59,3.23,1.56,0.49,0.00,0.00,3.53,0.00,2.04,0.14,0.34,0.22,0.28
146,patnt,PW1,Intn1,55,28.68,4.90,2.06,2.18,4.50,2.10,0.65,0.00,0.00,5.70,0.00,3.42,0.24,0.58,0.34,0.46
146,patnt,PW1,Intn1,65,43.22,7.45,2.89,2.74,5.74,2.60,0.80,0.00,0.00,8.14,0.00,5.08,0.35,0.87,0.48,0.68
146,patnt,PW1,Intn1,75,59.87,10.43,3.75,3.27,6.90,3.05,0.95,0.00,0.00,10.61,0.00,6.94,0.49,1.21,0.63,0.94
146,patnt,PW1,Intn1,85,77.58,13.70,4.57,3.76,7.97,3.45,1.07,0.00,0.00,12.90,0.00,8.85,0.63,1.57,0.79,1.21
146,patnt,PW1,Intn1,95,95.15,17.06,5.28,4.19,8.89,3.78,1.17,0.00,0.00,14.80,0.00,10.68,0.78,1.93,0.94,1.47
146,patnt,PW1,Intn1,105,111.30,20.29,5.82,4.54,9.63,4.02,1.23,0.00,0.00,16.20,0.00,12.28,0.91,2.26,1.08,1.72
146,patnt,PW1,Intn1,115,124.85,23.19,6.15,4.79,10.17,4.17,1.26,0.00,0.00,17.03,0.00,13.55,1.02,2.54,1.19,1.92
146,patnt,PW1,Intn1,125,134.81,25.55,6.24,4.93,10.48,4.21,1.26,0.00,0.00,17.26,0.00,14.40,1.11,2.74,1.27,2.08
146,patnt,PW1,Intn1,135,140.53,27.21,6.11,4.96,10.54,4.15,1.22,0.00,0.00,16.95,0.00,14.79,1.16,2.86,1.32,2.17
146,patnt,PW1,Intn1,145,141.71,28.06,5.77,4.87,10.35,4.00,1.15,0.00,0.00,16.15,0.00,14.70,1.18,2.89,1.33,2.19
146,patnt,PW1,Intn1,155,138.49,28.08,5.26,4.67,9.94,3.76,1.05,0.00,0.00,14.97,0.00,14.18,1.17,2.83,1.30,2.15
146,patnt,PW1,Intn1,165,131.33,27.29,4.66,4.38,9.32,3.45,0.94,0.00,0.00,13.52,0.00,13.28,1.12,2.70,1.23,2.04
146,patnt,PW1,Intn1,175,120.97,25.79,3.99,4.01,8.54,3.09,0.82,0.00,0.00,11.90,0.00,12.11,1.04,2.49,1.14,1.89
146,patnt,PW1,Intn1,185,108.34,23.72,3.32,3.59,7.65,2.71,0.69,0.00,0.00,10.22,0.00,10.74,0.94,2.24,1.03,1.70
146,patnt,PW1,Intn1,195,94.41,21.23,2.68,3.15,6.70,2.32,0.57,0.00,0.00,8.57,0.00,9.28,0.83,1.96,0.90,1.49
146,patnt,PW1,Intn1,205,80.09,18.52,2.11,2.69,5.73,1.94,0.46,0.00,0.00,7.02,0.00,7.82,0.72,1.67,0.77,1.27
146,patnt,PW1,Intn1,215,66.19,15.75,1.61,2.25,4.79,1.59,0.36,0.00,0.00,5.62,0.00,6.43,0.60,1.39,0.65,1.05
146,patnt,PW1,Intn1,225,53.31,13.05,1.20,1.84,3.92,1.27,0.27,0.00,0.00,4.39,0.00,5.16,0.49,1.12,0.52,0.85
146,patnt,PW1,Intn1,235,41.86,10.55,0.87,1.47,3.13,0.99,0.20,0.00,0.00,3.35,0.00,4.03,0.39,0.89,0.42,0.67
146,patnt,PW1,Intn1,245,32.05,8.33,0.61,1.14,2.44,0.75,0.15,0.00,0.00,2.50,0.00,3.08,0.31,0.68,0.32,0.51
146,patnt,PW1,Intn1,255,23.94,6.41,0.42,0.87,1.86,0.56,0.10,0.00,0.00,1.82,0.00,2.30,0.23,0.51,0.24,0.38
147,4e_5e,PW1,Intn2,5,0.00,0.00,0.00,0.00,0.00,0.00,0.00,0.00,0.00,0.00,0.00,0.00,0.00,0.00,0.00,0.00
147,4e_5e,PW1,Intn2,15,2.62,0.48,0.32,0.40,1.17,0.34,0.37,0.00,0.00,0.65,0.00,0.36,0.02,0.05,0.05,0.06
147,4e_5e,PW1,Intn2,25,8.66,1.57,0.90,1.47,3.12,1.21,0.60,0.00,0.00,2.22,0.00,1.22,0.08,0.18,0.15,0.19
147,4e_5e,PW1,Intn2,35,17.85,3.25,1.65,2.72,5.16,2.20,0.78,0.00,0.00,4.56,0.00,2.51,0.16,0.39,0.27,0.39
147,4e_5e,PW1,Intn2,45,29.36,5.36,2.46,3.70,6.86,2.91,0.92,0.00,0.00,7.28,0.00,4.11,0.26,0.64,0.40,0.62
147,4e_5e,PW1,Intn2,55,42.12,7.73,3.25,4.32,8.12,3.32,1.03,0.00,0.00,10.00,0.00,5.85,0.37,0.92,0.54,0.87
147,4e_5e,PW1,Intn2,65,55.20,10.22,3.97,4.71,9.01,3.57,1.10,0.00,0.00,12.42,0.00,7.56,0.49,1.20,0.66,1.13
147,4e_5e,PW1,Intn2,75,67.93,12.72,4.58,4.99,9.63,3.72,1.16,0.00,0.00,14.39,0.00,9.17,0.60,1.48,0.77,1.38
147,4e_5e,PW1,Intn2,85,79.92,15.17,5.06,5.21,10.08,3.82,1.19,0.00,0.00,15.87,0.00,10.62,0.70,1.74,0.88,1.61
147,4e_5e,PW1,Intn2,95,90.95,17.53,5.43,5.38,10.44,3.88,1.20,0.00,0.00,16.90,0.00,11.89,0.80,1.98,0.97,1.82
147,4e_5e,PW1,Intn2,105,100.89,19.78,5.68,5.53,10.73,3.92,1.20,0.00,0.00,17.55,0.00,12.97,0.89,2.20,1.05,2.01
147,4e_5e,PW1,Intn2,115,109.70,21.91,5.81,5.65,10.98,3.93,1.19,0.00,0.00,17.87,0.00,13.87,0.97,2.40,1.13,2.18
147,4e_5e,PW1,Intn2,125,117.38,23.91,5.84,5.77,11.21,3.94,1.18,0.00,0.00,17.95,0.00,14.60,1.04,2.57,1.19,2.33
147,4e_5e,PW1,Intn2,135,123.93,25.79,5.79,5.88,11.42,3.93,1.15,0.00,0.00,17.85,0.00,15.18,1.10,2.71,1.25,2.47
147,4e_5e,PW1,Intn2,145,129.40,27.55,5.66,5.97,11.61,3.92,1.13,0.00,0.00,17.61,0.00,15.63,1.16,2.84,1.30,2.58
147,4e_5e,PW1,Intn2,155,133.85,29.18,5.47,6.07,11.80,3.90,1.09,0.00,0.00,17.28,0.00,15.96,1.21,2.94,1.35,2.68
147,4e_5e,PW1,Intn2,165,137.34,30.68,5.23,6.16,11.97,3.88,1.06,0.00,0.00,16.89,0.00,16.18,1.26,3.03,1.39,2.76
147,4e_5e,PW1,Intn2,175,139.94,32.07,4.96,6.24,12.14,3.85,1.02,0.00,0.00,16.45,0.00,16.31,1.29,3.10,1.42,2.82
147,4e_5e,PW1,Intn2,185,141.73,33.35,4.67,6.32,12.30,3.81,0.97,0.00,0.00,15.98,0.00,16.37,1.33,3.15,1.45,2.87
147,4e_5e,PW1,Intn2,195,142.78,34.52,4.36,6.40,12.45,3.78,0.93,0.00,0.00,15.49,0.00,16.36,1.36,3.19,1.47,2.90
147,4e_5e,PW1,Intn2,205,143.17,35.59,4.05,6.47,12.59,3.74,0.89,0.00,0.00,15.00,0.00,16.29,1.38,3.21,1.49,2.93
147,4e_5e,PW1,Intn2,215,142.97,36.57,3.74,6.54,12.73,3.69,0.84,0.00,0.00,14.50,0.00,16.18,1.40,3.23,1.50,2.93
147,4e_5e,PW1,Intn2,225,142.25,37.45,3.44,6.60,12.86,3.64,0.80,0.00,0.00,14.00,0.00,16.03,1.42,3.23,1.51,2.93
147,4e_5e,PW1,Intn2,235,141.07,38.25,3.15,6.66,12.97,3.59,0.75,0.00,0.00,13.50,0.00,15.85,1.43,3.22,1.52,2.92
147,4e_5e,PW1,Intn2,245,139.49,38.98,2.87,6.72,13.08,3.54,0.71,0.00,0.00,13.01,0.00,15.64,1.45,3.20,1.52,2.90
147,4e_5e,PW1,Intn2,255,137.57,39.63,2.61,6.77,13.19,3.48,0.67,0.00,0.00,12.53,0.00,15.41,1.46,3.18,1.52,2.87
148,patnt,PW1,Intn2,5,0.00,0.00,0.00,0.00,0.00,0.00,0.00,0.00,0.00,0.00,0.00,0.00,0.00,0.00,0.00,0.00
148,patnt,PW1,Intn2,15,0.81,0.13,0.09,0.09,0.29,0.09,0.10,0.00,0.00,0.17,0.00,0.09,7.35111582308105e-03,0.01,0.01,0.01
148,patnt,PW1,Intn2,25,3.40,0.57,0.32,0.43,1.00,0.44,0.22,0.00,0.00,0.73,0.00,0.41,0.02,0.06,0.05,0.05
148,patnt,PW1,Intn2,35,8.61,1.45,0.74,0.98,2.02,0.98,0.35,0.00,0.00,1.84,0.00,1.04,0.07,0.17,0.12,0.14
148,patnt,PW1,Intn2,45,17.01,2.89,1.32,1.59,3.23,1.56,0.49,0.00,0.00,3.53,0.00,2.04,0.14,0.34,0.22,0.28
148,patnt,PW1,Intn2,55,28.68,4.90,2.06,2.18,4.50,2.10,0.65,0.00,0.00,5.70,0.00,3.42,0.24,0.58,0.34,0.46
148,patnt,PW1,Intn2,65,43.22,7.45,2.89,2.74,5.74,2.60,0.80,0.00,0.00,8.14,0.00,5.08,0.35,0.87,0.48,0.68
148,patnt,PW1,Intn2,75,59.87,10.43,3.75,3.27,6.90,3.05,0.95,0.00,0.00,10.61,0.00,6.94,0.49,1.21,0.63,0.94
148,patnt,PW1,Intn2,85,77.58,13.70,4.57,3.76,7.97,3.45,1.07,0.00,0.00,12.90,0.00,8.85,0.63,1.57,0.79,1.21
148,patnt,PW1,Intn2,95,95.15,17.06,5.28,4.19,8.89,3.78,1.17,0.00,0.00,14.80,0.00,10.68,0.78,1.93,0.94,1.47
148,patnt,PW1,Intn2,105,111.30,20.29,5.82,4.54,9.63,4.02,1.23,0.00,0.00,16.20,0.00,12.28,0.91,2.26,1.08,1.72
148,patnt,PW1,Intn2,115,124.85,23.19,6.15,4.79,10.17,4.17,1.26,0.00,0.00,17.03,0.00,13.55,1.02,2.54,1.19,1.92
148,patnt,PW1,Intn2,125,134.81,25.55,6.24,4.93,10.48,4.21,1.26,0.00,0.00,17.26,0.00,14.40,1.11,2.74,1.27,2.08
148,patnt,PW1,Intn2,135,140.53,27.21,6.11,4.96,10.54,4.15,1.22,0.00,0.00,16.95,0.00,14.79,1.16,2.86,1.32,2.17
148,patnt,PW1,Intn2,145,141.71,28.06,5.77,4.87,10.35,4.00,1.15,0.00,0.00,16.15,0.00,14.70,1.18,2.89,1.33,2.19
148,patnt,PW1,Intn2,155,138.49,28.08,5.26,4.67,9.94,3.76,1.05,0.00,0.00,14.97,0.00,14.18,1.17,2.83,1.30,2.15
148,patnt,PW1,Intn2,165,131.33,27.29,4.66,4.38,9.32,3.45,0.94,0.00,0.00,13.52,0.00,13.28,1.12,2.70,1.23,2.04
148,patnt,PW1,Intn2,175,120.97,25.79,3.99,4.01,8.54,3.09,0.82,0.00,0.00,11.90,0.00,12.11,1.04,2.49,1.14,1.89
148,patnt,PW1,Intn2,185,108.34,23.72,3.32,3.59,7.65,2.71,0.69,0.00,0.00,10.22,0.00,10.74,0.94,2.24,1.03,1.70
148,patnt,PW1,Intn2,195,94.41,21.23,2.68,3.15,6.70,2.32,0.57,0.00,0.00,8.57,0.00,9.28,0.83,1.96,0.90,1.49
148,patnt,PW1,Intn2,205,80.09,18.52,2.11,2.69,5.73,1.94,0.46,0.00,0.00,7.02,0.00,7.82,0.72,1.67,0.77,1.27
148,patnt,PW1,Intn2,215,66.19,15.75,1.61,2.25,4.79,1.59,0.36,0.00,0.00,5.62,0.00,6.43,0.60,1.39,0.65,1.05
148,patnt,PW1,Intn2,225,53.31,13.05,1.20,1.84,3.92,1.27,0.27,0.00,0.00,4.39,0.00,5.16,0.49,1.12,0.52,0.85
148,patnt,PW1,Intn2,235,41.86,10.55,0.87,1.47,3.13,0.99,0.20,0.00,0.00,3.35,0.00,4.03,0.39,0.89,0.42,0.67
148,patnt,PW1,Intn2,245,32.05,8.33,0.61,1.14,2.44,0.75,0.15,0.00,0.00,2.50,0.00,3.08,0.31,0.68,0.32,0.51
148,patnt,PW1,Intn2,255,23.94,6.41,0.42,0.87,1.86,0.56,0.10,0.00,0.00,1.82,0.00,2.30,0.23,0.51,0.24,0.38
151,4e_5e,PRW,Prsnt,5,0.00,0.00,0.00,0.00,0.00,0.00,0.00,0.00,0.00,0.00,0.00,0.00,0.00,0.00,0.00,0.00
151,4e_5e,PRW,Prsnt,15,0.50,1.26,0.55,0.15,0.41,0.09,0.17,0.00,0.00,0.38,0.00,0.17,0.01,0.01,0.00,0.01
151,4e_5e,PRW,Prsnt,25,2.99,7.50,2.79,0.98,2.01,0.62,0.49,0.00,0.00,2.39,0.00,1.06,0.07,0.09,0.00,0.09
151,4e_5e,PRW,Prsnt,35,7.98,20.00,6.60,2.36,4.31,1.46,0.82,0.00,0.00,6.33,0.00,2.83,0.19,0.24,0.00,0.24
151,4e_5e,PRW,Prsnt,45,14.41,36.23,10.83,3.52,6.30,2.12,1.07,0.00,0.00,11.12,0.00,5.09,0.33,0.44,0.00,0.43
151,4e_5e,PRW,Prsnt,55,20.94,52.95,14.50,4.16,7.55,2.46,1.21,0.00,0.00,15.46,0.00,7.32,0.48,0.64,0.00,0.61
151,4e_5e,PRW,Prsnt,65,26.78,68.29,17.27,4.43,8.17,2.57,1.27,0.00,0.00,18.73,0.00,9.25,0.61,0.82,0.00,0.77
151,4e_5e,PRW,Prsnt,75,31.67,81.67,19.13,4.51,8.39,2.58,1.28,0.00,0.00,20.85,0.00,10.77,0.72,0.97,0.00,0.90
151,4e_5e,PRW,Prsnt,85,35.55,92.91,20.20,4.49,8.38,2.52,1.25,0.00,0.00,21.95,0.00,11.90,0.81,1.09,0.00,1.00
151,4e_5e,PRW,Prsnt,95,38.41,101.90,20.56,4.41,8.24,2.43,1.20,0.00,0.00,22.19,0.00,12.65,0.87,1.18,0.00,1.08
151,4e_5e,PRW,Prsnt,105,40.24,108.59,20.29,4.28,8.00,2.32,1.13,0.00,0.00,21.76,0.00,13.03,0.91,1.23,0.00,1.13
151,4e_5e,PRW,Prsnt,115,41.09,112.96,19.51,4.11,7.69,2.19,1.06,0.00,0.00,20.81,0.00,13.09,0.93,1.26,0.00,1.15
151,4e_5e,PRW,Prsnt,125,41.04,115.11,18.32,3.91,7.32,2.05,0.97,0.00,0.00,19.52,0.00,12.87,0.94,1.26,0.00,1.15
151,4e_5e,PRW,Prsnt,135,40.21,115.20,16.83,3.70,6.92,1.90,0.89,0.00,0.00,18.01,0.00,12.41,0.92,1.24,0.00,1.12
151,4e_5e,PRW,Prsnt,145,38.71,113.44,15.17,3.47,6.49,1.74,0.80,0.00,0.00,16.38,0.00,11.78,0.89,1.19,0.00,1.08
151,4e_5e,PRW,Prsnt,155,36.68,110.07,13.44,3.22,6.04,1.59,0.71,0.00,0.00,14.72,0.00,11.02,0.86,1.13,0.00,1.03
151,4e_5e,PRW,Prsnt,165,34.26,105.37,11.70,2.98,5.58,1.44,0.62,0.00,0.00,13.09,0.00,10.17,0.81,1.06,0.00,0.96
151,4e_5e,PRW,Prsnt,175,31.57,99.62,10.04,2.73,5.12,1.29,0.54,0.00,0.00,11.53,0.00,9.27,0.75,0.98,0.00,0.89
151,4e_5e,PRW,Prsnt,185,28.73,93.07,8.49,2.48,4.66,1.15,0.47,0.00,0.00,10.07,0.00,8.36,0.69,0.90,0.00,0.81
151,4e_5e,PRW,Prsnt,195,25.84,86.00,7.08,2.24,4.21,1.01,0.40,0.00,0.00,8.71,0.00,7.46,0.63,0.81,0.00,0.74
151,4e_5e,PRW,Prsnt,205,22.97,78.62,5.83,2.01,3.77,0.89,0.33,0.00,0.00,7.48,0.00,6.58,0.57,0.72,0.00,0.66
151,4e_5e,PRW,Prsnt,215,20.21,71.16,4.74,1.79,3.36,0.77,0.28,0.00,0.00,6.37,0.00,5.76,0.51,0.64,0.00,0.58
151,4e_5e,PRW,Prsnt,225,17.59,63.77,3.81,1.58,2.97,0.67,0.23,0.00,0.00,5.38,0.00,4.99,0.45,0.56,0.00,0.51
151,4e_5e,PRW,Prsnt,235,15.16,56.61,3.03,1.39,2.60,0.57,0.19,0.00,0.00,4.51,0.00,4.29,0.39,0.48,0.00,0.44
151,4e_5e,PRW,Prsnt,245,12.94,49.79,2.39,1.21,2.27,0.48,0.15,0.00,0.00,3.75,0.00,3.65,0.34,0.41,0.00,0.37
151,4e_5e,PRW,Prsnt,255,10.94,43.41,1.86,1.04,1.96,0.41,0.12,0.00,0.00,3.09,0.00,3.09,0.30,0.35,0.00,0.32
152,patnt,PRW,Prsnt,5,0.00,0.00,0.00,0.00,0.00,0.00,0.00,0.00,0.00,0.00,0.00,0.00,0.00,0.00,0.00,0.00
152,patnt,PRW,Prsnt,15,0.15,0.46,0.18,0.04,0.13,0.03,0.00,0.00,0.00,0.12,0.00,0.05,4.18912414098326e-03,5.3726667616618e-03,0.00,5.91090011077636e-03
152,patnt,PRW,Prsnt,25,1.18,3.42,1.16,0.39,0.82,0.25,0.00,0.00,0.00,0.99,0.00,0.40,0.03,0.04,0.00,0.04
152,patnt,PRW,Prsnt,35,3.90,11.25,3.38,1.17,2.17,0.73,0.00,0.00,0.00,3.26,0.00,1.32,0.09,0.13,0.00,0.13
152,patnt,PRW,Prsnt,45,8.52,24.66,6.71,2.11,3.84,1.29,0.00,0.00,0.00,6.93,0.00,2.88,0.21,0.28,0.00,0.28
152,patnt,PRW,Prsnt,55,14.67,42.70,10.64,2.96,5.46,1.77,0.00,0.00,0.00,11.42,0.00,4.92,0.35,0.49,0.00,0.47
152,patnt,PRW,Prsnt,65,21.73,63.80,14.68,3.65,6.84,2.15,0.00,0.00,0.00,16.03,0.00,7.19,0.52,0.73,0.00,0.69
152,patnt,PRW,Prsnt,75,29.09,86.38,18.42,4.21,7.95,2.44,0.00,0.00,0.00,20.21,0.00,9.49,0.70,0.98,0.00,0.91
152,patnt,PRW,Prsnt,85,36.11,108.63,21.50,4.63,8.79,2.64,0.00,0.00,0.00,23.52,0.00,11.59,0.86,1.22,0.00,1.12
152,patnt,PRW,Prsnt,95,42.10,128.58,23.61,4.91,9.32,2.74,0.00,0.00,0.00,25.66,0.00,13.29,1.01,1.42,0.00,1.30
152,patnt,PRW,Prsnt,105,46.45,144.30,24.54,5.01,9.53,2.76,0.00,0.00,0.00,26.49,0.00,14.42,1.11,1.57,0.00,1.43
152,patnt,PRW,Prsnt,115,48.74,154.24,24.24,4.95,9.41,2.67,0.00,0.00,0.00,26.04,0.00,14.88,1.17,1.65,0.00,1.50
152,patnt,PRW,Prsnt,125,48.80,157.55,22.82,4.73,8.99,2.50,0.00,0.00,0.00,24.48,0.00,14.67,1.17,1.65,0.00,1.50
152,patnt,PRW,Prsnt,135,46.73,154.16,20.50,4.37,8.31,2.27,0.00,0.00,0.00,22.08,0.00,13.83,1.13,1.58,0.00,1.44
152,patnt,PRW,Prsnt,145,42.90,144.74,17.62,3.90,7.43,1.99,0.00,0.00,0.00,19.15,0.00,12.52,1.04,1.46,0.00,1.32
152,patnt,PRW,Prsnt,155,37.80,130.60,14.51,3.38,6.43,1.68,0.00,0.00,0.00,16.01,0.00,10.89,0.93,1.29,0.00,1.17
152,patnt,PRW,Prsnt,165,32.01,113.36,11.46,2.83,5.38,1.38,0.00,0.00,0.00,12.91,0.00,9.11,0.79,1.09,0.00,0.99
152,patnt,PRW,Prsnt,175,26.08,94.74,8.69,2.29,4.36,1.09,0.00,0.00,0.00,10.05,0.00,7.34,0.65,0.89,0.00,0.81
152,patnt,PRW,Prsnt,185,20.46,76.30,6.33,1.79,3.42,0.84,0.00,0.00,0.00,7.56,0.00,5.70,0.52,0.70,0.00,0.64
152,patnt,PRW,Prsnt,195,15.46,59.24,4.44,1.36,2.60,0.62,0.00,0.00,0.00,5.50,0.00,4.27,0.40,0.53,0.00,0.48
152,patnt,PRW,Prsnt,205,11.26,44.37,2.99,1.00,1.91,0.44,0.00,0.00,0.00,3.87,0.00,3.09,0.29,0.39,0.00,0.35
152,patnt,PRW,Prsnt,215,7.91,32.07,1.94,0.71,1.35,0.31,0.00,0.00,0.00,2.63,0.00,2.16,0.21,0.27,0.00,0.25
152,patnt,PRW,Prsnt,225,5.36,22.38,1.22,0.49,0.93,0.21,0.00,0.00,0.00,1.73,0.00,1.46,0.14,0.18,0.00,0.17
152,patnt,PRW,Prsnt,235,3.50,15.07,0.73,0.32,0.62,0.13,0.00,0.00,0.00,1.10,0.00,0.95,0.09,0.12,0.00,0.11
152,patnt,PRW,Prsnt,245,2.21,9.81,0.42,0.21,0.40,0.08,0.00,0.00,0.00,0.67,0.00,0.60,0.06,0.07,0.00,0.07
152,patnt,PRW,Prsnt,255,1.35,6.16,0.24,0.13,0.24,0.05,0.00,0.00,0.00,0.40,0.00,0.36,0.03,0.04,0.00,0.04
153,4e_5e,PRW,Exten,5,0.00,0.00,0.00,0.00,0.00,0.00,0.00,0.00,0.00,0.00,0.00,0.00,0.00,0.00,0.00,0.00
153,4e_5e,PRW,Exten,15,0.48,1.17,0.40,0.06,0.41,0.08,0.00,0.00,0.00,0.38,0.00,0.09,0.01,0.01,0.00,0.01
153,4e_5e,PRW,Exten,25,2.84,6.84,2.00,0.41,1.97,0.52,0.00,0.00,0.00,2.34,0.00,0.54,0.06,0.07,0.00,0.08
153,4e_5e,PRW,Exten,35,7.53,18.09,4.71,0.98,4.19,1.21,0.00,0.00,0.00,6.15,0.00,1.45,0.15,0.20,0.00,0.20
153,4e_5e,PRW,Exten,45,13.54,32.61,7.70,1.46,6.09,1.76,0.00,0.00,0.00,10.75,0.00,2.59,0.28,0.36,0.00,0.35
153,4e_5e,PRW,Exten,55,19.60,47.49,10.27,1.72,7.27,2.03,0.00,0.00,0.00,14.90,0.00,3.72,0.40,0.53,0.00,0.50
153,4e_5e,PRW,Exten,65,25.01,61.12,12.20,1.82,7.85,2.12,0.00,0.00,0.00,18.01,0.00,4.69,0.50,0.67,0.00,0.63
153,4e_5e,PRW,Exten,75,29.55,73.00,13.50,1.86,8.06,2.12,0.00,0.00,0.00,20.03,0.00,5.46,0.59,0.80,0.00,0.74
153,4e_5e,PRW,Exten,85,33.15,82.98,14.24,1.85,8.05,2.08,0.00,0.00,0.00,21.07,0.00,6.02,0.66,0.89,0.00,0.82
153,4e_5e,PRW,Exten,95,35.80,90.98,14.49,1.81,7.90,2.00,0.00,0.00,0.00,21.29,0.00,6.40,0.72,0.97,0.00,0.89
153,4e_5e,PRW,Exten,105,37.49,96.92,14.30,1.75,7.67,1.91,0.00,0.00,0.00,20.87,0.00,6.59,0.75,1.01,0.00,0.92
153,4e_5e,PRW,Exten,115,38.28,100.81,13.74,1.69,7.37,1.80,0.00,0.00,0.00,19.96,0.00,6.62,0.77,1.03,0.00,0.94
153,4e_5e,PRW,Exten,125,38.23,102.72,12.90,1.61,7.02,1.68,0.00,0.00,0.00,18.72,0.00,6.51,0.77,1.03,0.00,0.94
153,4e_5e,PRW,Exten,135,37.45,102.79,11.86,1.52,6.64,1.56,0.00,0.00,0.00,17.26,0.00,6.28,0.76,1.02,0.00,0.92
153,4e_5e,PRW,Exten,145,36.05,101.20,10.69,1.42,6.22,1.43,0.00,0.00,0.00,15.70,0.00,5.95,0.73,0.98,0.00,0.89
153,4e_5e,PRW,Exten,155,34.15,98.18,9.46,1.32,5.79,1.30,0.00,0.00,0.00,14.11,0.00,5.57,0.70,0.93,0.00,0.84
153,4e_5e,PRW,Exten,165,31.89,93.98,8.24,1.22,5.35,1.18,0.00,0.00,0.00,12.55,0.00,5.14,0.66,0.87,0.00,0.79
153,4e_5e,PRW,Exten,175,29.39,88.83,7.07,1.12,4.90,1.06,0.00,0.00,0.00,11.05,0.00,4.68,0.62,0.80,0.00,0.73
153,4e_5e,PRW,Exten,185,26.74,82.99,5.97,1.02,4.46,0.94,0.00,0.00,0.00,9.65,0.00,4.22,0.57,0.73,0.00,0.67
153,4e_5e,PRW,Exten,195,24.04,76.67,4.98,0.92,4.03,0.83,0.00,0.00,0.00,8.35,0.00,3.76,0.52,0.66,0.00,0.60
153,4e_5e,PRW,Exten,205,21.37,70.08,4.10,0.82,3.61,0.73,0.00,0.00,0.00,7.16,0.00,3.32,0.47,0.59,0.00,0.54
153,4e_5e,PRW,Exten,215,18.80,63.41,3.34,0.73,3.22,0.63,0.00,0.00,0.00,6.10,0.00,2.91,0.42,0.52,0.00,0.48
153,4e_5e,PRW,Exten,225,16.36,56.82,2.68,0.65,2.84,0.55,0.00,0.00,0.00,5.15,0.00,2.52,0.37,0.46,0.00,0.41
153,4e_5e,PRW,Exten,235,14.10,50.44,2.13,0.57,2.49,0.47,0.00,0.00,0.00,4.32,0.00,2.16,0.32,0.40,0.00,0.36
153,4e_5e,PRW,Exten,245,12.04,44.36,1.68,0.49,2.17,0.40,0.00,0.00,0.00,3.59,0.00,1.84,0.28,0.34,0.00,0.31
153,4e_5e,PRW,Exten,255,10.18,38.67,1.31,0.42,1.87,0.33,0.00,0.00,0.00,2.96,0.00,1.56,0.24,0.29,0.00,0.26
154,patnt,PRW,Exten,5,0.00,0.00,0.00,0.00,0.00,0.00,0.00,0.00,0.00,0.00,0.00,0.00,0.00,0.00,0.00,0.00
154,patnt,PRW,Exten,15,0.15,0.46,0.18,0.04,0.13,0.03,0.00,0.00,0.00,0.12,0.00,0.05,4.18912414098326e-03,5.3726667616618e-03,0.00,5.91090011077636e-03
154,patnt,PRW,Exten,25,1.18,3.42,1.16,0.39,0.82,0.25,0.00,0.00,0.00,0.99,0.00,0.40,0.03,0.04,0.00,0.04
154,patnt,PRW,Exten,35,3.90,11.25,3.38,1.17,2.17,0.73,0.00,0.00,0.00,3.26,0.00,1.32,0.09,0.13,0.00,0.13
154,patnt,PRW,Exten,45,8.52,24.66,6.71,2.11,3.84,1.29,0.00,0.00,0.00,6.93,0.00,2.88,0.21,0.28,0.00,0.28
154,patnt,PRW,Exten,55,14.67,42.70,10.64,2.96,5.46,1.77,0.00,0.00,0.00,11.42,0.00,4.92,0.35,0.49,0.00,0.47
154,patnt,PRW,Exten,65,21.73,63.80,14.68,3.65,6.84,2.15,0.00,0.00,0.00,16.03,0.00,7.19,0.52,0.73,0.00,0.69
154,patnt,PRW,Exten,75,29.09,86.38,18.42,4.21,7.95,2.44,0.00,0.00,0.00,20.21,0.00,9.49,0.70,0.98,0.00,0.91
154,patnt,PRW,Exten,85,36.11,108.63,21.50,4.63,8.79,2.64,0.00,0.00,0.00,23.52,0.00,11.59,0.86,1.22,0.00,1.12
154,patnt,PRW,Exten,95,42.10,128.58,23.61,4.91,9.32,2.74,0.00,0.00,0.00,25.66,0.00,13.29,1.01,1.42,0.00,1.30
154,patnt,PRW,Exten,105,46.45,144.30,24.54,5.01,9.53,2.76,0.00,0.00,0.00,26.49,0.00,14.42,1.11,1.57,0.00,1.43
154,patnt,PRW,Exten,115,48.74,154.24,24.24,4.95,9.41,2.67,0.00,0.00,0.00,26.04,0.00,14.88,1.17,1.65,0.00,1.50
154,patnt,PRW,Exten,125,48.80,157.55,22.82,4.73,8.99,2.50,0.00,0.00,0.00,24.48,0.00,14.67,1.17,1.65,0.00,1.50
154,patnt,PRW,Exten,135,46.73,154.16,20.50,4.37,8.31,2.27,0.00,0.00,0.00,22.08,0.00,13.83,1.13,1.58,0.00,1.44
154,patnt,PRW,Exten,145,42.90,144.74,17.62,3.90,7.43,1.99,0.00,0.00,0.00,19.15,0.00,12.52,1.04,1.46,0.00,1.32
154,patnt,PRW,Exten,155,37.80,130.60,14.51,3.38,6.43,1.68,0.00,0.00,0.00,16.01,0.00,10.89,0.93,1.29,0.00,1.17
154,patnt,PRW,Exten,165,32.01,113.36,11.46,2.83,5.38,1.38,0.00,0.00,0.00,12.91,0.00,9.11,0.79,1.09,0.00,0.99
154,patnt,PRW,Exten,175,26.08,94.74,8.69,2.29,4.36,1.09,0.00,0.00,0.00,10.05,0.00,7.34,0.65,0.89,0.00,0.81
154,patnt,PRW,Exten,185,20.46,76.30,6.33,1.79,3.42,0.84,0.00,0.00,0.00,7.56,0.00,5.70,0.52,0.70,0.00,0.64
154,patnt,PRW,Exten,195,15.46,59.24,4.44,1.36,2.60,0.62,0.00,0.00,0.00,5.50,0.00,4.27,0.40,0.53,0.00,0.48
154,patnt,PRW,Exten,205,11.26,44.37,2.99,1.00,1.91,0.44,0.00,0.00,0.00,3.87,0.00,3.09,0.29,0.39,0.00,0.35
154,patnt,PRW,Exten,215,7.91,32.07,1.94,0.71,1.35,0.31,0.00,0.00,0.00,2.63,0.00,2.16,0.21,0.27,0.00,0.25
154,patnt,PRW,Exten,225,5.36,22.38,1.22,0.49,0.93,0.21,0.00,0.00,0.00,1.73,0.00,1.46,0.14,0.18,0.00,0.17
154,patnt,PRW,Exten,235,3.50,15.07,0.73,0.32,0.62,0.13,0.00,0.00,0.00,1.10,0.00,0.95,0.09,0.12,0.00,0.11
154,patnt,PRW,Exten,245,2.21,9.81,0.42,0.21,0.40,0.08,0.00,0.00,0.00,0.67,0.00,0.60,0.06,0.07,0.00,0.07
154,patnt,PRW,Exten,255,1.35,6.16,0.24,0.13,0.24,0.05,0.00,0.00,0.00,0.40,0.00,0.36,0.03,0.04,0.00,0.04
155,4e_5e,PRW,Basc1,5,0.00,0.00,0.00,0.00,0.00,0.00,0.00,0.00,0.00,0.00,0.00,0.00,0.00,0.00,0.00,0.00
155,4e_5e,PRW,Basc1,15,0.50,1.26,0.55,0.15,0.41,0.09,0.17,0.00,0.00,0.38,0.00,0.17,0.01,0.01,0.00,0.01
155,4e_5e,PRW,Basc1,25,2.99,7.50,2.79,0.98,2.01,0.62,0.49,0.00,0.00,2.39,0.00,1.06,0.07,0.09,0.00,0.09
155,4e_5e,PRW,Basc1,35,7.98,20.00,6.60,2.36,4.31,1.46,0.82,0.00,0.00,6.33,0.00,2.83,0.19,0.24,0.00,0.24
155,4e_5e,PRW,Basc1,45,14.41,36.23,10.83,3.52,6.30,2.12,1.07,0.00,0.00,11.12,0.00,5.09,0.33,0.44,0.00,0.43
155,4e_5e,PRW,Basc1,55,20.94,52.95,14.50,4.16,7.55,2.46,1.21,0.00,0.00,15.46,0.00,7.32,0.48,0.64,0.00,0.61
155,4e_5e,PRW,Basc1,65,26.78,68.29,17.27,4.43,8.17,2.57,1.27,0.00,0.00,18.73,0.00,9.25,0.61,0.82,0.00,0.77
155,4e_5e,PRW,Basc1,75,31.67,81.67,19.13,4.51,8.39,2.58,1.28,0.00,0.00,20.85,0.00,10.77,0.72,0.97,0.00,0.90
155,4e_5e,PRW,Basc1,85,35.55,92.91,20.20,4.49,8.38,2.52,1.25,0.00,0.00,21.95,0.00,11.90,0.81,1.09,0.00,1.00
155,4e_5e,PRW,Basc1,95,38.41,101.90,20.56,4.41,8.24,2.43,1.20,0.00,0.00,22.19,0.00,12.65,0.87,1.18,0.00,1.08
155,4e_5e,PRW,Basc1,105,40.24,108.59,20.29,4.28,8.00,2.32,1.13,0.00,0.00,21.76,0.00,13.03,0.91,1.23,0.00,1.13
155,4e_5e,PRW,Basc1,115,41.09,112.96,19.51,4.11,7.69,2.19,1.06,0.00,0.00,20.81,0.00,13.09,0.93,1.26,0.00,1.15
155,4e_5e,PRW,Basc1,125,41.04,115.11,18.32,3.91,7.32,2.05,0.97,0.00,0.00,19.52,0.00,12.87,0.94,1.26,0.00,1.15
155,4e_5e,PRW,Basc1,135,40.21,115.20,16.83,3.70,6.92,1.90,0.89,0.00,0.00,18.01,0.00,12.41,0.92,1.24,0.00,1.12
155,4e_5e,PRW,Basc1,145,38.71,113.44,15.17,3.47,6.49,1.74,0.80,0.00,0.00,16.38,0.00,11.78,0.89,1.19,0.00,1.08
155,4e_5e,PRW,Basc1,155,36.68,110.07,13.44,3.22,6.04,1.59,0.71,0.00,0.00,14.72,0.00,11.02,0.86,1.13,0.00,1.03
155,4e_5e,PRW,Basc1,165,34.26,105.37,11.70,2.98,5.58,1.44,0.62,0.00,0.00,13.09,0.00,10.17,0.81,1.06,0.00,0.96
155,4e_5e,PRW,Basc1,175,31.57,99.62,10.04,2.73,5.12,1.29,0.54,0.00,0.00,11.53,0.00,9.27,0.75,0.98,0.00,0.89
155,4e_5e,PRW,Basc1,185,28.73,93.07,8.49,2.48,4.66,1.15,0.47,0.00,0.00,10.07,0.00,8.36,0.69,0.90,0.00,0.81
155,4e_5e,PRW,Basc1,195,25.84,86.00,7.08,2.24,4.21,1.01,0.40,0.00,0.00,8.71,0.00,7.46,0.63,0.81,0.00,0.74
155,4e_5e,PRW,Basc1,205,22.97,78.62,5.83,2.01,3.77,0.89,0.33,0.00,0.00,7.48,0.00,6.58,0.57,0.72,0.00,0.66
155,4e_5e,PRW,Basc1,215,20.21,71.16,4.74,1.79,3.36,0.77,0.28,0.00,0.00,6.37,0.00,5.76,0.51,0.64,0.00,0.58
155,4e_5e,PRW,Basc1,225,17.59,63.77,3.81,1.58,2.97,0.67,0.23,0.00,0.00,5.38,0.00,4.99,0.45,0.56,0.00,0.51
155,4e_5e,PRW,Basc1,235,15.16,56.61,3.03,1.39,2.60,0.57,0.19,0.00,0.00,4.51,0.00,4.29,0.39,0.48,0.00,0.44
155,4e_5e,PRW,Basc1,245,12.94,49.79,2.39,1.21,2.27,0.48,0.15,0.00,0.00,3.75,0.00,3.65,0.34,0.41,0.00,0.37
155,4e_5e,PRW,Basc1,255,10.94,43.41,1.86,1.04,1.96,0.41,0.12,0.00,0.00,3.09,0.00,3.09,0.30,0.35,0.00,0.32
156,patnt,PRW,Basc1,5,0.00,0.00,0.00,0.00,0.00,0.00,0.00,0.00,0.00,0.00,0.00,0.00,0.00,0.00,0.00,0.00
156,patnt,PRW,Basc1,15,0.15,0.46,0.18,0.04,0.13,0.03,0.00,0.00,0.00,0.12,0.00,0.05,4.18912414098326e-03,5.3726667616618e-03,0.00,5.91090011077636e-03
156,patnt,PRW,Basc1,25,1.18,3.42,1.16,0.39,0.82,0.25,0.00,0.00,0.00,0.99,0.00,0.40,0.03,0.04,0.00,0.04
156,patnt,PRW,Basc1,35,3.90,11.25,3.38,1.17,2.17,0.73,0.00,0.00,0.00,3.26,0.00,1.32,0.09,0.13,0.00,0.13
156,patnt,PRW,Basc1,45,8.52,24.66,6.71,2.11,3.84,1.29,0.00,0.00,0.00,6.93,0.00,2.88,0.21,0.28,0.00,0.28
156,patnt,PRW,Basc1,55,14.67,42.70,10.64,2.96,5.46,1.77,0.00,0.00,0.00,11.42,0.00,4.92,0.35,0.49,0.00,0.47
156,patnt,PRW,Basc1,65,21.73,63.80,14.68,3.65,6.84,2.15,0.00,0.00,0.00,16.03,0.00,7.19,0.52,0.73,0.00,0.69
156,patnt,PRW,Basc1,75,29.09,86.38,18.42,4.21,7.95,2.44,0.00,0.00,0.00,20.21,0.00,9.49,0.70,0.98,0.00,0.91
156,patnt,PRW,Basc1,85,36.11,108.63,21.50,4.63,8.79,2.64,0.00,0.00,0.00,23.52,0.00,11.59,0.86,1.22,0.00,1.12
156,patnt,PRW,Basc1,95,42.10,128.58,23.61,4.91,9.32,2.74,0.00,0.00,0.00,25.66,0.00,13.29,1.01,1.42,0.00,1.30
156,patnt,PRW,Basc1,105,46.45,144.30,24.54,5.01,9.53,2.76,0.00,0.00,0.00,26.49,0.00,14.42,1.11,1.57,0.00,1.43
156,patnt,PRW,Basc1,115,48.74,154.24,24.24,4.95,9.41,2.67,0.00,0.00,0.00,26.04,0.00,14.88,1.17,1.65,0.00,1.50
156,patnt,PRW,Basc1,125,48.80,157.55,22.82,4.73,8.99,2.50,0.00,0.00,0.00,24.48,0.00,14.67,1.17,1.65,0.00,1.50
156,patnt,PRW,Basc1,135,46.73,154.16,20.50,4.37,8.31,2.27,0.00,0.00,0.00,22.08,0.00,13.83,1.13,1.58,0.00,1.44
156,patnt,PRW,Basc1,145,42.90,144.74,17.62,3.90,7.43,1.99,0.00,0.00,0.00,19.15,0.00,12.52,1.04,1.46,0.00,1.32
156,patnt,PRW,Basc1,155,37.80,130.60,14.51,3.38,6.43,1.68,0.00,0.00,0.00,16.01,0.00,10.89,0.93,1.29,0.00,1.17
156,patnt,PRW,Basc1,165,32.01,113.36,11.46,2.83,5.38,1.38,0.00,0.00,0.00,12.91,0.00,9.11,0.79,1.09,0.00,0.99
156,patnt,PRW,Basc1,175,26.08,94.74,8.69,2.29,4.36,1.09,0.00,0.00,0.00,10.05,0.00,7.34,0.65,0.89,0.00,0.81
156,patnt,PRW,Basc1,185,20.46,76.30,6.33,1.79,3.42,0.84,0.00,0.00,0.00,7.56,0.00,5.70,0.52,0.70,0.00,0.64
156,patnt,PRW,Basc1,195,15.46,59.24,4.44,1.36,2.60,0.62,0.00,0.00,0.00,5.50,0.00,4.27,0.40,0.53,0.00,0.48
156,patnt,PRW,Basc1,205,11.26,44.37,2.99,1.00,1.91,0.44,0.00,0.00,0.00,3.87,0.00,3.09,0.29,0.39,0.00,0.35
156,patnt,PRW,Basc1,215,7.91,32.07,1.94,0.71,1.35,0.31,0.00,0.00,0.00,2.63,0.00,2.16,0.21,0.27,0.00,0.25
156,patnt,PRW,Basc1,225,5.36,22.38,1.22,0.49,0.93,0.21,0.00,0.00,0.00,1.73,0.00,1.46,0.14,0.18,0.00,0.17
156,patnt,PRW,Basc1,235,3.50,15.07,0.73,0.32,0.62,0.13,0.00,0.00,0.00,1.10,0.00,0.95,0.09,0.12,0.00,0.11
156,patnt,PRW,Basc1,245,2.21,9.81,0.42,0.21,0.40,0.08,0.00,0.00,0.00,0.67,0.00,0.60,0.06,0.07,0.00,0.07
156,patnt,PRW,Basc1,255,1.35,6.16,0.24,0.13,0.24,0.05,0.00,0.00,0.00,0.40,0.00,0.36,0.03,0.04,0.00,0.04
157,4e_5e,PRW,Intn1,5,0.00,0.00,0.00,0.00,0.00,0.00,0.00,0.00,0.00,0.00,0.00,0.00,0.00,0.00,0.00,0.00
157,4e_5e,PRW,Intn1,15,0.36,3.33,1.65,0.05,0.40,0.04,0.23,0.00,0.00,0.49,0.00,0.09,0.00,0.00,0.00,0.00
157,4e_5e,PRW,Intn1,25,2.10,19.02,8.08,0.33,1.89,0.29,0.65,0.00,0.00,2.91,0.00,0.58,0.00,0.00,0.00,0.00
157,4e_5e,PRW,Intn1,35,5.36,48.38,18.25,0.76,3.85,0.64,1.04,0.00,0.00,7.38,0.00,1.48,0.00,0.00,0.00,0.00
157,4e_5e,PRW,Intn1,45,9.27,83.84,28.64,1.09,5.39,0.90,1.29,0.00,0.00,12.40,0.00,2.54,0.00,0.00,0.00,0.00
157,4e_5e,PRW,Intn1,55,12.96,117.95,36.91,1.24,6.22,1.00,1.41,0.00,0.00,16.60,0.00,3.52,0.00,0.00,0.00,0.00
157,4e_5e,PRW,Intn1,65,16.07,147.47,42.59,1.28,6.52,1.02,1.43,0.00,0.00,19.50,0.00,4.31,0.00,0.00,0.00,0.00
157,4e_5e,PRW,Intn1,75,18.53,171.93,46.01,1.27,6.53,0.99,1.40,0.00,0.00,21.16,0.00,4.90,0.00,0.00,0.00,0.00
157,4e_5e,PRW,Intn1,85,20.37,191.53,47.57,1.24,6.39,0.95,1.34,0.00,0.00,21.81,0.00,5.30,0.00,0.00,0.00,0.00
157,4e_5e,PRW,Intn1,95,21.63,206.44,47.57,1.20,6.17,0.90,1.27,0.00,0.00,21.67,0.00,5.53,0.00,0.00,0.00,0.00
157,4e_5e,PRW,Intn1,105,22.33,216.77,46.27,1.14,5.90,0.85,1.18,0.00,0.00,20.94,0.00,5.61,0.00,0.00,0.00,0.00
157,4e_5e,PRW,Intn1,115,22.52,222.72,43.94,1.08,5.60,0.79,1.09,0.00,0.00,19.78,0.00,5.57,0.00,0.00,0.00,0.00
157,4e_5e,PRW,Intn1,125,22.26,224.59,40.82,1.02,5.28,0.73,0.99,0.00,0.00,18.36,0.00,5.42,0.00,0.00,0.00,0.00
157,4e_5e,PRW,Intn1,135,21.61,222.77,37.19,0.96,4.95,0.67,0.89,0.00,0.00,16.78,0.00,5.18,0.00,0.00,0.00,0.00
157,4e_5e,PRW,Intn1,145,20.65,217.71,33.27,0.89,4.60,0.61,0.80,0.00,0.00,15.15,0.00,4.88,0.00,0.00,0.00,0.00
157,4e_5e,PRW,Intn1,155,19.44,209.90,29.27,0.82,4.26,0.55,0.70,0.00,0.00,13.53,0.00,4.53,0.00,0.00,0.00,0.00
157,4e_5e,PRW,Intn1,165,18.06,199.85,25.36,0.76,3.91,0.50,0.61,0.00,0.00,11.97,0.00,4.16,0.00,0.00,0.00,0.00
157,4e_5e,PRW,Intn1,175,16.57,188.07,21.65,0.69,3.57,0.44,0.53,0.00,0.00,10.50,0.00,3.78,0.00,0.00,0.00,0.00
157,4e_5e,PRW,Intn1,185,15.02,175.03,18.23,0.62,3.24,0.39,0.46,0.00,0.00,9.13,0.00,3.39,0.00,0.00,0.00,0.00
157,4e_5e,PRW,Intn1,195,13.46,161.19,15.16,0.56,2.91,0.35,0.39,0.00,0.00,7.87,0.00,3.01,0.00,0.00,0.00,0.00
157,4e_5e,PRW,Intn1,205,11.93,146.95,12.45,0.50,2.61,0.30,0.33,0.00,0.00,6.74,0.00,2.65,0.00,0.00,0.00,0.00
157,4e_5e,PRW,Intn1,215,10.47,132.68,10.11,0.44,2.31,0.26,0.27,0.00,0.00,5.72,0.00,2.32,0.00,0.00,0.00,0.00
157,4e_5e,PRW,Intn1,225,9.10,118.67,8.11,0.39,2.04,0.22,0.22,0.00,0.00,4.83,0.00,2.00,0.00,0.00,0.00,0.00
157,4e_5e,PRW,Intn1,235,7.83,105.17,6.44,0.34,1.79,0.19,0.18,0.00,0.00,4.04,0.00,1.72,0.00,0.00,0.00,0.00
157,4e_5e,PRW,Intn1,245,6.67,92.37,5.06,0.30,1.55,0.16,0.15,0.00,0.00,3.35,0.00,1.46,0.00,0.00,0.00,0.00
157,4e_5e,PRW,Intn1,255,5.63,80.43,3.94,0.26,1.34,0.14,0.12,0.00,0.00,2.76,0.00,1.23,0.00,0.00,0.00,0.00
158,patnt,PRW,Intn1,5,0.00,0.00,0.00,0.00,0.00,0.00,0.00,0.00,0.00,0.00,0.00,0.00,0.00,0.00,0.00,0.00
158,patnt,PRW,Intn1,15,0.15,0.46,0.18,0.04,0.13,0.03,0.00,0.00,0.00,0.12,0.00,0.05,4.18912414098326e-03,5.3726667616618e-03,0.00,5.91090011077636e-03
158,patnt,PRW,Intn1,25,1.18,3.42,1.16,0.39,0.82,0.25,0.00,0.00,0.00,0.99,0.00,0.40,0.03,0.04,0.00,0.04
158,patnt,PRW,Intn1,35,3.90,11.25,3.38,1.17,2.17,0.73,0.00,0.00,0.00,3.26,0.00,1.32,0.09,0.13,0.00,0.13
158,patnt,PRW,Intn1,45,8.52,24.66,6.71,2.11,3.84,1.29,0.00,0.00,0.00,6.93,0.00,2.88,0.21,0.28,0.00,0.28
158,patnt,PRW,Intn1,55,14.67,42.70,10.64,2.96,5.46,1.77,0.00,0.00,0.00,11.42,0.00,4.92,0.35,0.49,0.00,0.47
158,patnt,PRW,Intn1,65,21.73,63.80,14.68,3.65,6.84,2.15,0.00,0.00,0.00,16.03,0.00,7.19,0.52,0.73,0.00,0.69
158,patnt,PRW,Intn1,75,29.09,86.38,18.42,4.21,7.95,2.44,0.00,0.00,0.00,20.21,0.00,9.49,0.70,0.98,0.00,0.91
158,patnt,PRW,Intn1,85,36.11,108.63,21.50,4.63,8.79,2.64,0.00,0.00,0.00,23.52,0.00,11.59,0.86,1.22,0.00,1.12
158,patnt,PRW,Intn1,95,42.10,128.58,23.61,4.91,9.32,2.74,0.00,0.00,0.00,25.66,0.00,13.29,1.01,1.42,0.00,1.30
158,patnt,PRW,Intn1,105,46.45,144.30,24.54,5.01,9.53,2.76,0.00,0.00,0.00,26.49,0.00,14.42,1.11,1.57,0.00,1.43
158,patnt,PRW,Intn1,115,48.74,154.24,24.24,4.95,9.41,2.67,0.00,0.00,0.00,26.04,0.00,14.88,1.17,1.65,0.00,1.50
158,patnt,PRW,Intn1,125,48.80,157.55,22.82,4.73,8.99,2.50,0.00,0.00,0.00,24.48,0.00,14.67,1.17,1.65,0.00,1.50
158,patnt,PRW,Intn1,135,46.73,154.16,20.50,4.37,8.31,2.27,0.00,0.00,0.00,22.08,0.00,13.83,1.13,1.58,0.00,1.44
158,patnt,PRW,Intn1,145,42.90,144.74,17.62,3.90,7.43,1.99,0.00,0.00,0.00,19.15,0.00,12.52,1.04,1.46,0.00,1.32
158,patnt,PRW,Intn1,155,37.80,130.60,14.51,3.38,6.43,1.68,0.00,0.00,0.00,16.01,0.00,10.89,0.93,1.29,0.00,1.17
158,patnt,PRW,Intn1,165,32.01,113.36,11.46,2.83,5.38,1.38,0.00,0.00,0.00,12.91,0.00,9.11,0.79,1.09,0.00,0.99
158,patnt,PRW,Intn1,175,26.08,94.74,8.69,2.29,4.36,1.09,0.00,0.00,0.00,10.05,0.00,7.34,0.65,0.89,0.00,0.81
158,patnt,PRW,Intn1,185,20.46,76.30,6.33,1.79,3.42,0.84,0.00,0.00,0.00,7.56,0.00,5.70,0.52,0.70,0.00,0.64
158,patnt,PRW,Intn1,195,15.46,59.24,4.44,1.36,2.60,0.62,0.00,0.00,0.00,5.50,0.00,4.27,0.40,0.53,0.00,0.48
158,patnt,PRW,Intn1,205,11.26,44.37,2.99,1.00,1.91,0.44,0.00,0.00,0.00,3.87,0.00,3.09,0.29,0.39,0.00,0.35
158,patnt,PRW,Intn1,215,7.91,32.07,1.94,0.71,1.35,0.31,0.00,0.00,0.00,2.63,0.00,2.16,0.21,0.27,0.00,0.25
158,patnt,PRW,Intn1,225,5.36,22.38,1.22,0.49,0.93,0.21,0.00,0.00,0.00,1.73,0.00,1.46,0.14,0.18,0.00,0.17
158,patnt,PRW,Intn1,235,3.50,15.07,0.73,0.32,0.62,0.13,0.00,0.00,0.00,1.10,0.00,0.95,0.09,0.12,0.00,0.11
158,patnt,PRW,Intn1,245,2.21,9.81,0.42,0.21,0.40,0.08,0.00,0.00,0.00,0.67,0.00,0.60,0.06,0.07,0.00,0.07
158,patnt,PRW,Intn1,255,1.35,6.16,0.24,0.13,0.24,0.05,0.00,0.00,0.00,0.40,0.00,0.36,0.03,0.04,0.00,0.04
159,4e_5e,PRW,Intn2,5,0.00,0.00,0.00,0.00,0.00,0.00,0.00,0.00,0.00,0.00,0.00,0.00,0.00,0.00,0.00,0.00
159,4e_5e,PRW,Intn2,15,0.50,1.26,0.55,0.15,0.41,0.09,0.17,0.00,0.00,0.38,0.00,0.17,0.01,0.01,0.00,0.01
159,4e_5e,PRW,Intn2,25,2.99,7.50,2.79,0.98,2.01,0.62,0.49,0.00,0.00,2.39,0.00,1.06,0.07,0.09,0.00,0.09
159,4e_5e,PRW,Intn2,35,7.98,20.00,6.60,2.36,4.31,1.46,0.82,0.00,0.00,6.33,0.00,2.83,0.19,0.24,0.00,0.24
159,4e_5e,PRW,Intn2,45,14.41,36.23,10.83,3.52,6.30,2.12,1.07,0.00,0.00,11.12,0.00,5.09,0.33,0.44,0.00,0.43
159,4e_5e,PRW,Intn2,55,20.94,52.95,14.50,4.16,7.55,2.46,1.21,0.00,0.00,15.46,0.00,7.32,0.48,0.64,0.00,0.61
159,4e_5e,PRW,Intn2,65,26.78,68.29,17.27,4.43,8.17,2.57,1.27,0.00,0.00,18.73,0.00,9.25,0.61,0.82,0.00,0.77
159,4e_5e,PRW,Intn2,75,31.67,81.67,19.13,4.51,8.39,2.58,1.28,0.00,0.00,20.85,0.00,10.77,0.72,0.97,0.00,0.90
159,4e_5e,PRW,Intn2,85,35.55,92.91,20.20,4.49,8.38,2.52,1.25,0.00,0.00,21.95,0.00,11.90,0.81,1.09,0.00,1.00
159,4e_5e,PRW,Intn2,95,38.41,101.90,20.56,4.41,8.24,2.43,1.20,0.00,0.00,22.19,0.00,12.65,0.87,1.18,0.00,1.08
159,4e_5e,PRW,Intn2,105,40.24,108.59,20.29,4.28,8.00,2.32,1.13,0.00,0.00,21.76,0.00,13.03,0.91,1.23,0.00,1.13
159,4e_5e,PRW,Intn2,115,41.09,112.96,19.51,4.11,7.69,2.19,1.06,0.00,0.00,20.81,0.00,13.09,0.93,1.26,0.00,1.15
159,4e_5e,PRW,Intn2,125,41.04,115.11,18.32,3.91,7.32,2.05,0.97,0.00,0.00,19.52,0.00,12.87,0.94,1.26,0.00,1.15
159,4e_5e,PRW,Intn2,135,40.21,115.20,16.83,3.70,6.92,1.90,0.89,0.00,0.00,18.01,0.00,12.41,0.92,1.24,0.00,1.12
159,4e_5e,PRW,Intn2,145,38.71,113.44,15.17,3.47,6.49,1.74,0.80,0.00,0.00,16.38,0.00,11.78,0.89,1.19,0.00,1.08
159,4e_5e,PRW,Intn2,155,36.68,110.07,13.44,3.22,6.04,1.59,0.71,0.00,0.00,14.72,0.00,11.02,0.86,1.13,0.00,1.03
159,4e_5e,PRW,Intn2,165,34.26,105.37,11.70,2.98,5.58,1.44,0.62,0.00,0.00,13.09,0.00,10.17,0.81,1.06,0.00,0.96
159,4e_5e,PRW,Intn2,175,31.57,99.62,10.04,2.73,5.12,1.29,0.54,0.00,0.00,11.53,0.00,9.27,0.75,0.98,0.00,0.89
159,4e_5e,PRW,Intn2,185,28.73,93.07,8.49,2.48,4.66,1.15,0.47,0.00,0.00,10.07,0.00,8.36,0.69,0.90,0.00,0.81
159,4e_5e,PRW,Intn2,195,25.84,86.00,7.08,2.24,4.21,1.01,0.40,0.00,0.00,8.71,0.00,7.46,0.63,0.81,0.00,0.74
159,4e_5e,PRW,Intn2,205,22.97,78.62,5.83,2.01,3.77,0.89,0.33,0.00,0.00,7.48,0.00,6.58,0.57,0.72,0.00,0.66
159,4e_5e,PRW,Intn2,215,20.21,71.16,4.74,1.79,3.36,0.77,0.28,0.00,0.00,6.37,0.00,5.76,0.51,0.64,0.00,0.58
159,4e_5e,PRW,Intn2,225,17.59,63.77,3.81,1.58,2.97,0.67,0.23,0.00,0.00,5.38,0.00,4.99,0.45,0.56,0.00,0.51
159,4e_5e,PRW,Intn2,235,15.16,56.61,3.03,1.39,2.60,0.57,0.19,0.00,0.00,4.51,0.00,4.29,0.39,0.48,0.00,0.44
159,4e_5e,PRW,Intn2,245,12.94,49.79,2.39,1.21,2.27,0.48,0.15,0.00,0.00,3.75,0.00,3.65,0.34,0.41,0.00,0.37
159,4e_5e,PRW,Intn2,255,10.94,43.41,1.86,1.04,1.96,0.41,0.12,0.00,0.00,3.09,0.00,3.09,0.30,0.35,0.00,0.32
160,patnt,PRW,Intn2,5,0.00,0.00,0.00,0.00,0.00,0.00,0.00,0.00,0.00,0.00,0.00,0.00,0.00,0.00,0.00,0.00
160,patnt,PRW,Intn2,15,0.15,0.46,0.18,0.04,0.13,0.03,0.00,0.00,0.00,0.12,0.00,0.05,4.18912414098326e-03,5.3726667616618e-03,0.00,5.91090011077636e-03
160,patnt,PRW,Intn2,25,1.18,3.42,1.16,0.39,0.82,0.25,0.00,0.00,0.00,0.99,0.00,0.40,0.03,0.04,0.00,0.04
160,patnt,PRW,Intn2,35,3.90,11.25,3.38,1.17,2.17,0.73,0.00,0.00,0.00,3.26,0.00,1.32,0.09,0.13,0.00,0.13
160,patnt,PRW,Intn2,45,8.52,24.66,6.71,2.11,3.84,1.29,0.00,0.00,0.00,6.93,0.00,2.88,0.21,0.28,0.00,0.28
160,patnt,PRW,Intn2,55,14.67,42.70,10.64,2.96,5.46,1.77,0.00,0.00,0.00,11.42,0.00,4.92,0.35,0.49,0.00,0.47
160,patnt,PRW,Intn2,65,21.73,63.80,14.68,3.65,6.84,2.15,0.00,0.00,0.00,16.03,0.00,7.19,0.52,0.73,0.00,0.69
160,patnt,PRW,Intn2,75,29.09,86.38,18.42,4.21,7.95,2.44,0.00,0.00,0.00,20.21,0.00,9.49,0.70,0.98,0.00,0.91
160,patnt,PRW,Intn2,85,36.11,108.63,21.50,4.63,8.79,2.64,0.00,0.00,0.00,23.52,0.00,11.59,0.86,1.22,0.00,1.12
160,patnt,PRW,Intn2,95,42.10,128.58,23.61,4.91,9.32,2.74,0.00,0.00,0.00,25.66,0.00,13.29,1.01,1.42,0.00,1.30
160,patnt,PRW,Intn2,105,46.45,144.30,24.54,5.01,9.53,2.76,0.00,0.00,0.00,26.49,0.00,14.42,1.11,1.57,0.00,1.43
160,patnt,PRW,Intn2,115,48.74,154.24,24.24,4.95,9.41,2.67,0.00,0.00,0.00,26.04,0.00,14.88,1.17,1.65,0.00,1.50
160,patnt,PRW,Intn2,125,48.80,157.55,22.82,4.73,8.99,2.50,0.00,0.00,0.00,24.48,0.00,14.67,1.17,1.65,0.00,1.50
160,patnt,PRW,Intn2,135,46.73,154.16,20.50,4.37,8.31,2.27,0.00,0.00,0.00,22.08,0.00,13.83,1.13,1.58,0.00,1.44
160,patnt,PRW,Intn2,145,42.90,144.74,17.62,3.90,7.43,1.99,0.00,0.00,0.00,19.15,0.00,12.52,1.04,1.46,0.00,1.32
160,patnt,PRW,Intn2,155,37.80,130.60,14.51,3.38,6.43,1.68,0.00,0.00,0.00,16.01,0.00,10.89,0.93,1.29,0.00,1.17
160,patnt,PRW,Intn2,165,32.01,113.36,11.46,2.83,5.38,1.38,0.00,0.00,0.00,12.91,0.00,9.11,0.79,1.09,0.00,0.99
160,patnt,PRW,Intn2,175,26.08,94.74,8.69,2.29,4.36,1.09,0.00,0.00,0.00,10.05,0.00,7.34,0.65,0.89,0.00,0.81
160,patnt,PRW,Intn2,185,20.46,76.30,6.33,1.79,3.42,0.84,0.00,0.00,0.00,7.56,0.00,5.70,0.52,0.70,0.00,0.64
160,patnt,PRW,Intn2,195,15.46,59.24,4.44,1.36,2.60,0.62,0.00,0.00,0.00,5.50,0.00,4.27,0.40,0.53,0.00,0.48
160,patnt,PRW,Intn2,205,11.26,44.37,2.99,1.00,1.91,0.44,0.00,0.00,0.00,3.87,0.00,3.09,0.29,0.39,0.00,0.35
160,patnt,PRW,Intn2,215,7.91,32.07,1.94,0.71,1.35,0.31,0.00,0.00,0.00,2.63,0.00,2.16,0.21,0.27,0.00,0.25
160,patnt,PRW,Intn2,225,5.36,22.38,1.22,0.49,0.93,0.21,0.00,0.00,0.00,1.73,0.00,1.46,0.14,0.18,0.00,0.17
160,patnt,PRW,Intn2,235,3.50,15.07,0.73,0.32,0.62,0.13,0.00,0.00,0.00,1.10,0.00,0.95,0.09,0.12,0.00,0.11
160,patnt,PRW,Intn2,245,2.21,9.81,0.42,0.21,0.40,0.08,0.00,0.00,0.00,0.67,0.00,0.60,0.06,0.07,0.00,0.07
160,patnt,PRW,Intn2,255,1.35,6.16,0.24,0.13,0.24,0.05,0.00,0.00,0.00,0.40,0.00,0.36,0.03,0.04,0.00,0.04
9980001,4e_5e,PR1,Depl,0,1.00,22.00,0.00,0.00,0.00,0.00,0.00,0.00,0.00,1.00,0.00,0.00,0.00,0.00,0.00,0.00
9980001,patnt,PR1,Depl,0,1.00,22.00,0.00,0.00,0.00,0.00,0.00,0.00,0.00,1.00,0.00,0.00,0.00,0.00,0.00,0.00
9980002,4e_5e,PW1,Depl,0,12.00,2.00,0.00,1.00,2.00,1.00,0.00,0.00,0.00,2.00,0.00,3.00,0.00,0.00,0.00,1.00
9980002,patnt,PW1,Depl,0,12.00,2.00,0.00,1.00,2.00,1.00,0.00,0.00,0.00,2.00,0.00,3.00,0.00,0.00,0.00,1.00
9980003,4e_5e,PRW,Depl,0,4.00,10.00,2.00,1.00,2.00,1.00,0.00,0.00,0.00,3.00,0.00,3.00,0.00,0.00,0.00,1.00
9980003,patnt,PRW,Depl,0,4.00,10.00,2.00,1.00,2.00,1.00,0.00,0.00,0.00,3.00,0.00,3.00,0.00,0.00,0.00,1.00
9980004,4e_5e,LH1,Depl,0,1.00,0.00,0.00,0.00,1.00,2.00,0.00,0.00,0.00,3.00,0.00,3.00,1.00,0.00,1.00,12.00
9980004,patnt,LH1,Depl,0,1.00,0.00,0.00,0.00,1.00,2.00,0.00,0.00,0.00,3.00,0.00,3.00,1.00,0.00,1.00,12.00
9980005,4e_5e,TH1,Depl,0,1.00,0.00,0.00,0.00,1.00,2.00,1.00,0.00,1.00,2.00,0.00,3.00,8.00,1.00,3.00,3.00
9980005,patnt,TH1,Depl,0,1.00,0.00,0.00,0.00,1.00,2.00,1.00,0.00,1.00,2.00,0.00,3.00,8.00,1.00,3.00,3.00
9980006,4e_5e,BOG,Depl,0,0.00,0.00,0.00,20.00,0.00,0.00,1.00,4.00,0.00,0.00,0.00,0.00,0.00,0.00,0.00,0.00
9980006,4e_5e,PR1,Depl,5,1.00,22.00,0.00,0.00,0.00,0.00,0.00,0.00,0.00,1.00,0.00,0.00,0.00,0.00,0.00,0.00
9980006,patnt,BOG,Depl,0,0.00,0.00,0.00,20.00,0.00,0.00,1.00,4.00,0.00,0.00,0.00,0.00,0.00,0.00,0.00,0.00
9980006,patnt,PR1,Depl,5,1.00,22.00,0.00,0.00,0.00,0.00,0.00,0.00,0.00,1.00,0.00,0.00,0.00,0.00,0.00,0.00
9980007,4e_5e,PW1,Depl,5,12.00,2.00,0.00,1.00,2.00,1.00,0.00,0.00,0.00,2.00,0.00,3.00,0.00,0.00,0.00,1.00
9980007,4e_5e,SB1,Depl,0,0.00,0.00,0.00,22.00,0.00,0.00,0.00,0.00,0.00,0.00,0.00,0.00,0.00,0.00,0.00,0.00
9980007,patnt,PW1,Depl,5,12.00,2.00,0.00,1.00,2.00,1.00,0.00,0.00,0.00,2.00,0.00,3.00,0.00,0.00,0.00,1.00
9980007,patnt,SB1,Depl,0,0.00,0.00,0.00,22.00,0.00,0.00,0.00,0.00,0.00,0.00,0.00,0.00,0.00,0.00,0.00,0.00
9980008,4e_5e,PJ1,Depl,0,0.00,0.00,20.00,2.00,0.00,0.00,0.00,0.00,0.00,2.00,0.00,0.00,0.00,0.00,0.00,0.00
9980008,4e_5e,PRW,Depl,5,4.00,10.00,2.00,1.00,2.00,1.00,0.00,0.00,0.00,3.00,0.00,3.00,0.00,0.00,0.00,1.00
9980008,patnt,PJ1,Depl,0,0.00,0.00,20.00,2.00,0.00,0.00,0.00,0.00,0.00,2.00,0.00,0.00,0.00,0.00,0.00,0.00
9980008,patnt,PRW,Depl,5,4.00,10.00,2.00,1.00,2.00,1.00,0.00,0.00,0.00,3.00,0.00,3.00,0.00,0.00,0.00,1.00
9980009,4e_5e,LC1,Depl,0,0.00,0.00,0.00,11.00,0.00,1.00,8.00,4.00,0.00,0.00,0.00,1.00,0.00,0.00,0.00,0.00
9980009,4e_5e,LH1,Depl,5,1.00,0.00,0.00,0.00,1.00,2.00,0.00,0.00,0.00,3.00,0.00,3.00,1.00,0.00,1.00,12.00
9980009,patnt,LC1,Depl,0,0.00,0.00,0.00,11.00,0.00,1.00,8.00,4.00,0.00,0.00,0.00,1.00,0.00,0.00,0.00,0.00
9980009,patnt,LH1,Depl,5,1.00,0.00,0.00,0.00,1.00,2.00,0.00,0.00,0.00,3.00,0.00,3.00,1.00,0.00,1.00,12.00
9980010,4e_5e,PJ2,Depl,0,0.00,0.00,14.00,4.00,0.00,0.00,0.00,0.00,0.00,2.00,0.00,2.00,0.00,0.00,0.00,0.00
9980010,4e_5e,TH1,Depl,5,1.00,0.00,0.00,0.00,1.00,2.00,1.00,0.00,1.00,2.00,0.00,3.00,8.00,1.00,3.00,3.00
9980010,patnt,PJ2,Depl,0,0.00,0.00,14.00,4.00,0.00,0.00,0.00,0.00,0.00,2.00,0.00,2.00,0.00,0.00,0.00,0.00
9980010,patnt,TH1,Depl,5,1.00,0.00,0.00,0.00,1.00,2.00,1.00,0.00,1.00,2.00,0.00,3.00,8.00,1.00,3.00,3.00
9980011,4e_5e,BOG,Depl,5,0.00,0.00,0.00,20.00,0.00,0.00,1.00,4.00,0.00,0.00,0.00,0.00,0.00,0.00,0.00,0.00
9980011,4e_5e,SP1,Depl,0,1.00,0.00,5.00,12.00,1.00,2.00,0.00,0.00,0.00,2.00,0.00,3.00,0.00,0.00,0.00,0.00
9980011,patnt,BOG,Depl,5,0.00,0.00,0.00,20.00,0.00,0.00,1.00,4.00,0.00,0.00,0.00,0.00,0.00,0.00,0.00,0.00
9980011,patnt,SP1,Depl,0,1.00,0.00,5.00,12.00,1.00,2.00,0.00,0.00,0.00,2.00,0.00,3.00,0.00,0.00,0.00,0.00
9980012,4e_5e,SB1,Depl,5,0.00,0.00,0.00,22.00,0.00,0.00,0.00,0.00,0.00,0.00,0.00,0.00,0.00,0.00,0.00,0.00
9980012,4e_5e,SF1,Depl,0,2.00,0.00,0.00,5.00,4.00,5.00,3.00,0.00,0.00,1.00,0.00,3.00,0.00,0.00,0.00,0.00
9980012,patnt,SB1,Depl,5,0.00,0.00,0.00,22.00,0.00,0.00,0.00,0.00,0.00,0.00,0.00,0.00,0.00,0.00,0.00,0.00
9980012,patnt,SF1,Depl,0,2.00,0.00,0.00,5.00,4.00,5.00,3.00,0.00,0.00,1.00,0.00,3.00,0.00,0.00,0.00,0.00
9980013,4e_5e,PJ1,Depl,5,0.00,0.00,20.00,2.00,0.00,0.00,0.00,0.00,0.00,2.00,0.00,0.00,0.00,0.00,0.00,0.00
9980013,4e_5e,PO1,Depl,0,0.00,0.00,1.00,1.00,1.00,1.00,0.00,0.00,0.00,16.00,0.00,4.00,0.00,0.00,0.00,1.00
9980013,patnt,PJ1,Depl,5,0.00,0.00,20.00,2.00,0.00,0.00,0.00,0.00,0.00,2.00,0.00,0.00,0.00,0.00,0.00,0.00
9980013,patnt,PO1,Depl,0,0.00,0.00,1.00,1.00,1.00,1.00,0.00,0.00,0.00,16.00,0.00,4.00,0.00,0.00,0.00,1.00
9980014,4e_5e,BW1,Depl,0,1.00,0.00,1.00,1.00,1.00,2.00,0.00,0.00,0.00,4.00,0.00,14.00,0.00,0.00,0.00,2.00
9980014,4e_5e,LC1,Depl,5,0.00,0.00,0.00,11.00,0.00,1.00,8.00,4.00,0.00,0.00,0.00,1.00,0.00,0.00,0.00,0.00
9980014,patnt,BW1,Depl,0,1.00,0.00,1.00,1.00,1.00,2.00,0.00,0.00,0.00,4.00,0.00,14.00,0.00,0.00,0.00,2.00
9980014,patnt,LC1,Depl,5,0.00,0.00,0.00,11.00,0.00,1.00,8.00,4.00,0.00,0.00,0.00,1.00,0.00,0.00,0.00,0.00
9980015,4e_5e,MW1,Depl,0,1.00,0.00,7.00,2.00,1.00,1.00,0.00,0.00,0.00,6.00,0.00,6.00,0.00,0.00,0.00,0.00
9980015,4e_5e,PJ2,Depl,5,0.00,0.00,14.00,4.00,0.00,0.00,0.00,0.00,0.00,2.00,0.00,2.00,0.00,0.00,0.00,0.00
9980015,patnt,MW1,Depl,0,1.00,0.00,7.00,2.00,1.00,1.00,0.00,0.00,0.00,6.00,0.00,6.00,0.00,0.00,0.00,0.00
9980015,patnt,PJ2,Depl,5,0.00,0.00,14.00,4.00,0.00,0.00,0.00,0.00,0.00,2.00,0.00,2.00,0.00,0.00,0.00,0.00
9980016,4e_5e,MW2,Depl,0,2.00,0.00,0.00,3.00,2.00,3.00,1.00,0.00,0.00,4.00,0.00,8.00,0.00,0.00,0.00,1.00
9980016,4e_5e,PR1,Depl,15,1.00,22.00,0.00,0.00,0.00,0.00,0.00,0.00,0.00,1.00,0.00,0.00,0.00,0.00,0.00,0.00
9980016,4e_5e,SP1,Depl,5,1.00,0.00,5.00,12.00,1.00,2.00,0.00,0.00,0.00,2.00,0.00,3.00,0.00,0.00,0.00,0.00
9980016,patnt,MW2,Depl,0,2.00,0.00,0.00,3.00,2.00,3.00,1.00,0.00,0.00,4.00,0.00,8.00,0.00,0.00,0.00,1.00
9980016,patnt,PR1,Depl,15,1.00,22.00,0.00,0.00,0.00,0.00,0.00,0.00,0.00,1.00,0.00,0.00,0.00,0.00,0.00,0.00
9980016,patnt,SP1,Depl,5,1.00,0.00,5.00,12.00,1.00,2.00,0.00,0.00,0.00,2.00,0.00,3.00,0.00,0.00,0.00,0.00
9980017,4e_5e,PW1,Depl,15,12.00,2.00,0.00,1.00,2.00,1.00,0.00,0.00,0.00,2.00,0.00,3.00,0.00,0.00,0.00,1.00
9980017,4e_5e,SF1,Depl,5,2.00,0.00,0.00,5.00,4.00,5.00,3.00,0.00,0.00,1.00,0.00,3.00,0.00,0.00,0.00,0.00
9980017,patnt,PW1,Depl,15,12.00,2.00,0.00,1.00,2.00,1.00,0.00,0.00,0.00,2.00,0.00,3.00,0.00,0.00,0.00,1.00
9980017,patnt,SF1,Depl,5,2.00,0.00,0.00,5.00,4.00,5.00,3.00,0.00,0.00,1.00,0.00,3.00,0.00,0.00,0.00,0.00
9980018,4e_5e,PO1,Depl,5,0.00,0.00,1.00,1.00,1.00,1.00,0.00,0.00,0.00,16.00,0.00,4.00,0.00,0.00,0.00,1.00
9980018,4e_5e,PRW,Depl,15,4.00,10.00,2.00,1.00,2.00,1.00,0.00,0.00,0.00,3.00,0.00,3.00,0.00,0.00,0.00,1.00
9980018,patnt,PO1,Depl,5,0.00,0.00,1.00,1.00,1.00,1.00,0.00,0.00,0.00,16.00,0.00,4.00,0.00,0.00,0.00,1.00
9980018,patnt,PRW,Depl,15,4.00,10.00,2.00,1.00,2.00,1.00,0.00,0.00,0.00,3.00,0.00,3.00,0.00,0.00,0.00,1.00
9980019,4e_5e,BW1,Depl,5,1.00,0.00,1.00,1.00,1.00,2.00,0.00,0.00,0.00,4.00,0.00,14.00,0.00,0.00,0.00,2.00
9980019,4e_5e,LH1,Depl,15,1.00,0.00,0.00,0.00,1.00,2.00,0.00,0.00,0.00,3.00,0.00,3.00,1.00,0.00,1.00,12.00
9980019,patnt,BW1,Depl,5,1.00,0.00,1.00,1.00,1.00,2.00,0.00,0.00,0.00,4.00,0.00,14.00,0.00,0.00,0.00,2.00
9980019,patnt,LH1,Depl,15,1.00,0.00,0.00,0.00,1.00,2.00,0.00,0.00,0.00,3.00,0.00,3.00,1.00,0.00,1.00,12.00
9980020,4e_5e,MW1,Depl,5,1.00,0.00,7.00,2.00,1.00,1.00,0.00,0.00,0.00,6.00,0.00,6.00,0.00,0.00,0.00,0.00
9980020,4e_5e,TH1,Depl,15,1.00,0.00,0.00,0.00,1.00,2.00,1.00,0.00,1.00,2.00,0.00,3.00,8.00,1.00,3.00,3.00
9980020,patnt,MW1,Depl,5,1.00,0.00,7.00,2.00,1.00,1.00,0.00,0.00,0.00,6.00,0.00,6.00,0.00,0.00,0.00,0.00
9980020,patnt,TH1,Depl,15,1.00,0.00,0.00,0.00,1.00,2.00,1.00,0.00,1.00,2.00,0.00,3.00,8.00,1.00,3.00,3.00
9980021,4e_5e,BOG,Depl,15,0.00,0.00,0.00,20.00,0.00,0.00,1.00,4.00,0.00,0.00,0.00,0.00,0.00,0.00,0.00,0.00
9980021,4e_5e,MW2,Depl,5,2.00,0.00,0.00,3.00,2.00,3.00,1.00,0.00,0.00,4.00,0.00,8.00,0.00,0.00,0.00,1.00
9980021,patnt,BOG,Depl,15,0.00,0.00,0.00,20.00,0.00,0.00,1.00,4.00,0.00,0.00,0.00,0.00,0.00,0.00,0.00,0.00
9980021,patnt,MW2,Depl,5,2.00,0.00,0.00,3.00,2.00,3.00,1.00,0.00,0.00,4.00,0.00,8.00,0.00,0.00,0.00,1.00
9980022,4e_5e,SB1,Depl,15,0.00,0.00,0.00,22.00,0.00,0.00,0.00,0.00,0.00,0.00,0.00,0.00,0.00,0.00,0.00,0.00
9980022,patnt,SB1,Depl,15,0.00,0.00,0.00,22.00,0.00,0.00,0.00,0.00,0.00,0.00,0.00,0.00,0.00,0.00,0.00,0.00
9980023,4e_5e,PJ1,Depl,15,0.00,0.00,20.00,2.00,0.00,0.00,0.00,0.00,0.00,2.00,0.00,0.00,0.00,0.00,0.00,0.00
9980023,patnt,PJ1,Depl,15,0.00,0.00,20.00,2.00,0.00,0.00,0.00,0.00,0.00,2.00,0.00,0.00,0.00,0.00,0.00,0.00
9980024,4e_5e,LC1,Depl,15,0.00,0.00,0.00,11.00,0.00,1.00,8.00,4.00,0.00,0.00,0.00,1.00,0.00,0.00,0.00,0.00
9980024,patnt,LC1,Depl,15,0.00,0.00,0.00,11.00,0.00,1.00,8.00,4.00,0.00,0.00,0.00,1.00,0.00,0.00,0.00,0.00
9980025,4e_5e,PJ2,Depl,15,0.00,0.00,14.00,4.00,0.00,0.00,0.00,0.00,0.00,2.00,0.00,2.00,0.00,0.00,0.00,0.00
9980025,patnt,PJ2,Depl,15,0.00,0.00,14.00,4.00,0.00,0.00,0.00,0.00,0.00,2.00,0.00,2.00,0.00,0.00,0.00,0.00
9980026,4e_5e,PR1,Depl,25,1.00,22.00,0.00,0.00,0.00,0.00,0.00,0.00,0.00,1.00,0.00,0.00,0.00,0.00,0.00,0.00
9980026,4e_5e,SP1,Depl,15,1.00,0.00,5.00,12.00,1.00,2.00,0.00,0.00,0.00,2.00,0.00,3.00,0.00,0.00,0.00,0.00
9980026,patnt,PR1,Depl,25,1.00,22.00,0.00,0.00,0.00,0.00,0.00,0.00,0.00,1.00,0.00,0.00,0.00,0.00,0.00,0.00
9980026,patnt,SP1,Depl,15,1.00,0.00,5.00,12.00,1.00,2.00,0.00,0.00,0.00,2.00,0.00,3.00,0.00,0.00,0.00,0.00
9980027,4e_5e,PW1,Depl,25,12.00,2.00,0.00,1.00,2.00,1.00,0.00,0.00,0.00,2.00,0.00,3.00,0.00,0.00,0.00,1.00
9980027,4e_5e,SF1,Depl,15,2.00,0.00,0.00,5.00,4.00,5.00,3.00,0.00,0.00,1.00,0.00,3.00,0.00,0.00,0.00,0.00
9980027,patnt,PW1,Depl,25,12.00,2.00,0.00,1.00,2.00,1.00,0.00,0.00,0.00,2.00,0.00,3.00,0.00,0.00,0.00,1.00
9980027,patnt,SF1,Depl,15,2.00,0.00,0.00,5.00,4.00,5.00,3.00,0.00,0.00,1.00,0.00,3.00,0.00,0.00,0.00,0.00
9980028,4e_5e,PO1,Depl,15,0.00,0.00,1.00,1.00,1.00,1.00,0.00,0.00,0.00,16.00,0.00,4.00,0.00,0.00,0.00,1.00
9980028,4e_5e,PRW,Depl,25,4.00,10.00,2.00,1.00,2.00,1.00,0.00,0.00,0.00,3.00,0.00,3.00,0.00,0.00,0.00,1.00
9980028,patnt,PO1,Depl,15,0.00,0.00,1.00,1.00,1.00,1.00,0.00,0.00,0.00,16.00,0.00,4.00,0.00,0.00,0.00,1.00
9980028,patnt,PRW,Depl,25,4.00,10.00,2.00,1.00,2.00,1.00,0.00,0.00,0.00,3.00,0.00,3.00,0.00,0.00,0.00,1.00
9980029,4e_5e,BW1,Depl,15,1.00,0.00,1.00,1.00,1.00,2.00,0.00,0.00,0.00,4.00,0.00,14.00,0.00,0.00,0.00,2.00
9980029,4e_5e,LH1,Depl,25,1.00,0.00,0.00,0.00,1.00,2.00,0.00,0.00,0.00,3.00,0.00,3.00,1.00,0.00,1.00,12.00
9980029,patnt,BW1,Depl,15,1.00,0.00,1.00,1.00,1.00,2.00,0.00,0.00,0.00,4.00,0.00,14.00,0.00,0.00,0.00,2.00
9980029,patnt,LH1,Depl,25,1.00,0.00,0.00,0.00,1.00,2.00,0.00,0.00,0.00,3.00,0.00,3.00,1.00,0.00,1.00,12.00
9980030,4e_5e,MW1,Depl,15,1.00,0.00,7.00,2.00,1.00,1.00,0.00,0.00,0.00,6.00,0.00,6.00,0.00,0.00,0.00,0.00
9980030,4e_5e,TH1,Depl,25,1.00,0.00,0.00,0.00,1.00,2.00,1.00,0.00,1.00,2.00,0.00,3.00,8.00,1.00,3.00,3.00
9980030,patnt,MW1,Depl,15,1.00,0.00,7.00,2.00,1.00,1.00,0.00,0.00,0.00,6.00,0.00,6.00,0.00,0.00,0.00,0.00
9980030,patnt,TH1,Depl,25,1.00,0.00,0.00,0.00,1.00,2.00,1.00,0.00,1.00,2.00,0.00,3.00,8.00,1.00,3.00,3.00
9980031,4e_5e,BOG,Depl,25,0.00,0.00,0.00,20.00,0.00,0.00,1.00,4.00,0.00,0.00,0.00,0.00,0.00,0.00,0.00,0.00
9980031,4e_5e,MW2,Depl,15,2.00,0.00,0.00,3.00,2.00,3.00,1.00,0.00,0.00,4.00,0.00,8.00,0.00,0.00,0.00,1.00
9980031,patnt,BOG,Depl,25,0.00,0.00,0.00,20.00,0.00,0.00,1.00,4.00,0.00,0.00,0.00,0.00,0.00,0.00,0.00,0.00
9980031,patnt,MW2,Depl,15,2.00,0.00,0.00,3.00,2.00,3.00,1.00,0.00,0.00,4.00,0.00,8.00,0.00,0.00,0.00,1.00
9980032,4e_5e,SB1,Depl,25,0.00,0.00,0.00,22.00,0.00,0.00,0.00,0.00,0.00,0.00,0.00,0.00,0.00,0.00,0.00,0.00
9980032,patnt,SB1,Depl,25,0.00,0.00,0.00,22.00,0.00,0.00,0.00,0.00,0.00,0.00,0.00,0.00,0.00,0.00,0.00,0.00
9980033,4e_5e,PJ1,Depl,25,0.00,0.00,20.00,2.00,0.00,0.00,0.00,0.00,0.00,2.00,0.00,0.00,0.00,0.00,0.00,0.00
9980033,patnt,PJ1,Depl,25,0.00,0.00,20.00,2.00,0.00,0.00,0.00,0.00,0.00,2.00,0.00,0.00,0.00,0.00,0.00,0.00
9980034,4e_5e,LC1,Depl,25,0.00,0.00,0.00,11.00,0.00,1.00,8.00,4.00,0.00,0.00,0.00,1.00,0.00,0.00,0.00,0.00
9980034,patnt,LC1,Depl,25,0.00,0.00,0.00,11.00,0.00,1.00,8.00,4.00,0.00,0.00,0.00,1.00,0.00,0.00,0.00,0.00
9980035,4e_5e,PJ2,Depl,25,0.00,0.00,14.00,4.00,0.00,0.00,0.00,0.00,0.00,2.00,0.00,2.00,0.00,0.00,0.00,0.00
9980035,patnt,PJ2,Depl,25,0.00,0.00,14.00,4.00,0.00,0.00,0.00,0.00,0.00,2.00,0.00,2.00,0.00,0.00,0.00,0.00
9980036,4e_5e,PR1,Depl,35,1.00,22.00,0.00,0.00,0.00,0.00,0.00,0.00,0.00,1.00,0.00,0.00,0.00,0.00,0.00,0.00
9980036,4e_5e,SP1,Depl,25,1.00,0.00,5.00,12.00,1.00,2.00,0.00,0.00,0.00,2.00,0.00,3.00,0.00,0.00,0.00,0.00
9980036,patnt,PR1,Depl,35,1.00,22.00,0.00,0.00,0.00,0.00,0.00,0.00,0.00,1.00,0.00,0.00,0.00,0.00,0.00,0.00
9980036,patnt,SP1,Depl,25,1.00,0.00,5.00,12.00,1.00,2.00,0.00,0.00,0.00,2.00,0.00,3.00,0.00,0.00,0.00,0.00
9980037,4e_5e,PW1,Depl,35,12.00,2.00,0.00,1.00,2.00,1.00,0.00,0.00,0.00,2.00,0.00,3.00,0.00,0.00,0.00,1.00
9980037,4e_5e,SF1,Depl,25,2.00,0.00,0.00,5.00,4.00,5.00,3.00,0.00,0.00,1.00,0.00,3.00,0.00,0.00,0.00,0.00
9980037,patnt,PW1,Depl,35,12.00,2.00,0.00,1.00,2.00,1.00,0.00,0.00,0.00,2.00,0.00,3.00,0.00,0.00,0.00,1.00
9980037,patnt,SF1,Depl,25,2.00,0.00,0.00,5.00,4.00,5.00,3.00,0.00,0.00,1.00,0.00,3.00,0.00,0.00,0.00,0.00
9980038,4e_5e,PO1,Depl,25,0.00,0.00,1.00,1.00,1.00,1.00,0.00,0.00,0.00,16.00,0.00,4.00,0.00,0.00,0.00,1.00
9980038,4e_5e,PRW,Depl,35,4.00,10.00,2.00,1.00,2.00,1.00,0.00,0.00,0.00,3.00,0.00,3.00,0.00,0.00,0.00,1.00
9980038,patnt,PO1,Depl,25,0.00,0.00,1.00,1.00,1.00,1.00,0.00,0.00,0.00,16.00,0.00,4.00,0.00,0.00,0.00,1.00
9980038,patnt,PRW,Depl,35,4.00,10.00,2.00,1.00,2.00,1.00,0.00,0.00,0.00,3.00,0.00,3.00,0.00,0.00,0.00,1.00
9980039,4e_5e,BW1,Depl,25,1.00,0.00,1.00,1.00,1.00,2.00,0.00,0.00,0.00,4.00,0.00,14.00,0.00,0.00,0.00,2.00
9980039,4e_5e,LH1,Depl,35,1.00,0.00,0.00,0.00,1.00,2.00,0.00,0.00,0.00,3.00,0.00,3.00,1.00,0.00,1.00,12.00
9980039,patnt,BW1,Depl,25,1.00,0.00,1.00,1.00,1.00,2.00,0.00,0.00,0.00,4.00,0.00,14.00,0.00,0.00,0.00,2.00
9980039,patnt,LH1,Depl,35,1.00,0.00,0.00,0.00,1.00,2.00,0.00,0.00,0.00,3.00,0.00,3.00,1.00,0.00,1.00,12.00
9980040,4e_5e,MW1,Depl,25,1.00,0.00,7.00,2.00,1.00,1.00,0.00,0.00,0.00,6.00,0.00,6.00,0.00,0.00,0.00,0.00
9980040,4e_5e,TH1,Depl,35,1.00,0.00,0.00,0.00,1.00,2.00,1.00,0.00,1.00,2.00,0.00,3.00,8.00,1.00,3.00,3.00
9980040,patnt,MW1,Depl,25,1.00,0.00,7.00,2.00,1.00,1.00,0.00,0.00,0.00,6.00,0.00,6.00,0.00,0.00,0.00,0.00
9980040,patnt,TH1,Depl,35,1.00,0.00,0.00,0.00,1.00,2.00,1.00,0.00,1.00,2.00,0.00,3.00,8.00,1.00,3.00,3.00
9980041,4e_5e,BOG,Depl,35,0.00,0.00,0.00,20.00,0.00,0.00,1.00,4.00,0.00,0.00,0.00,0.00,0.00,0.00,0.00,0.00
9980041,4e_5e,MW2,Depl,25,2.00,0.00,0.00,3.00,2.00,3.00,1.00,0.00,0.00,4.00,0.00,8.00,0.00,0.00,0.00,1.00
9980041,patnt,BOG,Depl,35,0.00,0.00,0.00,20.00,0.00,0.00,1.00,4.00,0.00,0.00,0.00,0.00,0.00,0.00,0.00,0.00
9980041,patnt,MW2,Depl,25,2.00,0.00,0.00,3.00,2.00,3.00,1.00,0.00,0.00,4.00,0.00,8.00,0.00,0.00,0.00,1.00
9980042,4e_5e,SB1,Depl,35,0.00,0.00,0.00,22.00,0.00,0.00,0.00,0.00,0.00,0.00,0.00,0.00,0.00,0.00,0.00,0.00
9980042,patnt,SB1,Depl,35,0.00,0.00,0.00,22.00,0.00,0.00,0.00,0.00,0.00,0.00,0.00,0.00,0.00,0.00,0.00,0.00
9980043,4e_5e,PJ1,Depl,35,0.00,0.00,20.00,2.00,0.00,0.00,0.00,0.00,0.00,2.00,0.00,0.00,0.00,0.00,0.00,0.00
9980043,patnt,PJ1,Depl,35,0.00,0.00,20.00,2.00,0.00,0.00,0.00,0.00,0.00,2.00,0.00,0.00,0.00,0.00,0.00,0.00
9980044,4e_5e,LC1,Depl,35,0.00,0.00,0.00,11.00,0.00,1.00,8.00,4.00,0.00,0.00,0.00,1.00,0.00,0.00,0.00,0.00
9980044,patnt,LC1,Depl,35,0.00,0.00,0.00,11.00,0.00,1.00,8.00,4.00,0.00,0.00,0.00,1.00,0.00,0.00,0.00,0.00
9980045,4e_5e,PJ2,Depl,35,0.00,0.00,14.00,4.00,0.00,0.00,0.00,0.00,0.00,2.00,0.00,2.00,0.00,0.00,0.00,0.00
9980045,patnt,PJ2,Depl,35,0.00,0.00,14.00,4.00,0.00,0.00,0.00,0.00,0.00,2.00,0.00,2.00,0.00,0.00,0.00,0.00
9980046,4e_5e,PR1,Depl,45,1.00,22.00,0.00,0.00,0.00,0.00,0.00,0.00,0.00,1.00,0.00,0.00,0.00,0.00,0.00,0.00
9980046,4e_5e,SP1,Depl,35,1.00,0.00,5.00,12.00,1.00,2.00,0.00,0.00,0.00,2.00,0.00,3.00,0.00,0.00,0.00,0.00
9980046,patnt,PR1,Depl,45,1.00,22.00,0.00,0.00,0.00,0.00,0.00,0.00,0.00,1.00,0.00,0.00,0.00,0.00,0.00,0.00
9980046,patnt,SP1,Depl,35,1.00,0.00,5.00,12.00,1.00,2.00,0.00,0.00,0.00,2.00,0.00,3.00,0.00,0.00,0.00,0.00
9980047,4e_5e,PW1,Depl,45,12.00,2.00,0.00,1.00,2.00,1.00,0.00,0.00,0.00,2.00,0.00,3.00,0.00,0.00,0.00,1.00
9980047,4e_5e,SF1,Depl,35,2.00,0.00,0.00,5.00,4.00,5.00,3.00,0.00,0.00,1.00,0.00,3.00,0.00,0.00,0.00,0.00
9980047,patnt,PW1,Depl,45,12.00,2.00,0.00,1.00,2.00,1.00,0.00,0.00,0.00,2.00,0.00,3.00,0.00,0.00,0.00,1.00
9980047,patnt,SF1,Depl,35,2.00,0.00,0.00,5.00,4.00,5.00,3.00,0.00,0.00,1.00,0.00,3.00,0.00,0.00,0.00,0.00
9980048,4e_5e,PO1,Depl,35,0.00,0.00,1.00,1.00,1.00,1.00,0.00,0.00,0.00,16.00,0.00,4.00,0.00,0.00,0.00,1.00
9980048,4e_5e,PRW,Depl,45,4.00,10.00,2.00,1.00,2.00,1.00,0.00,0.00,0.00,3.00,0.00,3.00,0.00,0.00,0.00,1.00
9980048,patnt,PO1,Depl,35,0.00,0.00,1.00,1.00,1.00,1.00,0.00,0.00,0.00,16.00,0.00,4.00,0.00,0.00,0.00,1.00
9980048,patnt,PRW,Depl,45,4.00,10.00,2.00,1.00,2.00,1.00,0.00,0.00,0.00,3.00,0.00,3.00,0.00,0.00,0.00,1.00
9980049,4e_5e,BW1,Depl,35,1.00,0.00,1.00,1.00,1.00,2.00,0.00,0.00,0.00,4.00,0.00,14.00,0.00,0.00,0.00,2.00
9980049,4e_5e,LH1,Depl,45,1.00,0.00,0.00,0.00,1.00,2.00,0.00,0.00,0.00,3.00,0.00,3.00,1.00,0.00,1.00,12.00
9980049,patnt,BW1,Depl,35,1.00,0.00,1.00,1.00,1.00,2.00,0.00,0.00,0.00,4.00,0.00,14.00,0.00,0.00,0.00,2.00
9980049,patnt,LH1,Depl,45,1.00,0.00,0.00,0.00,1.00,2.00,0.00,0.00,0.00,3.00,0.00,3.00,1.00,0.00,1.00,12.00
9980050,4e_5e,MW1,Depl,35,1.00,0.00,7.00,2.00,1.00,1.00,0.00,0.00,0.00,6.00,0.00,6.00,0.00,0.00,0.00,0.00
9980050,4e_5e,TH1,Depl,45,1.00,0.00,0.00,0.00,1.00,2.00,1.00,0.00,1.00,2.00,0.00,3.00,8.00,1.00,3.00,3.00
9980050,patnt,MW1,Depl,35,1.00,0.00,7.00,2.00,1.00,1.00,0.00,0.00,0.00,6.00,0.00,6.00,0.00,0.00,0.00,0.00
9980050,patnt,TH1,Depl,45,1.00,0.00,0.00,0.00,1.00,2.00,1.00,0.00,1.00,2.00,0.00,3.00,8.00,1.00,3.00,3.00
9980051,4e_5e,BOG,Depl,45,0.00,0.00,0.00,20.00,0.00,0.00,1.00,4.00,0.00,0.00,0.00,0.00,0.00,0.00,0.00,0.00
9980051,4e_5e,MW2,Depl,35,2.00,0.00,0.00,3.00,2.00,3.00,1.00,0.00,0.00,4.00,0.00,8.00,0.00,0.00,0.00,1.00
9980051,patnt,BOG,Depl,45,0.00,0.00,0.00,20.00,0.00,0.00,1.00,4.00,0.00,0.00,0.00,0.00,0.00,0.00,0.00,0.00
9980051,patnt,MW2,Depl,35,2.00,0.00,0.00,3.00,2.00,3.00,1.00,0.00,0.00,4.00,0.00,8.00,0.00,0.00,0.00,1.00
9980052,4e_5e,SB1,Depl,45,0.00,0.00,0.00,22.00,0.00,0.00,0.00,0.00,0.00,0.00,0.00,0.00,0.00,0.00,0.00,0.00
9980052,patnt,SB1,Depl,45,0.00,0.00,0.00,22.00,0.00,0.00,0.00,0.00,0.00,0.00,0.00,0.00,0.00,0.00,0.00,0.00
9980053,4e_5e,PJ1,Depl,45,0.00,0.00,20.00,2.00,0.00,0.00,0.00,0.00,0.00,2.00,0.00,0.00,0.00,0.00,0.00,0.00
9980053,patnt,PJ1,Depl,45,0.00,0.00,20.00,2.00,0.00,0.00,0.00,0.00,0.00,2.00,0.00,0.00,0.00,0.00,0.00,0.00
9980054,4e_5e,LC1,Depl,45,0.00,0.00,0.00,11.00,0.00,1.00,8.00,4.00,0.00,0.00,0.00,1.00,0.00,0.00,0.00,0.00
9980054,patnt,LC1,Depl,45,0.00,0.00,0.00,11.00,0.00,1.00,8.00,4.00,0.00,0.00,0.00,1.00,0.00,0.00,0.00,0.00
9980055,4e_5e,PJ2,Depl,45,0.00,0.00,14.00,4.00,0.00,0.00,0.00,0.00,0.00,2.00,0.00,2.00,0.00,0.00,0.00,0.00
9980055,patnt,PJ2,Depl,45,0.00,0.00,14.00,4.00,0.00,0.00,0.00,0.00,0.00,2.00,0.00,2.00,0.00,0.00,0.00,0.00
9980056,4e_5e,PR1,Depl,55,1.00,22.00,0.00,0.00,0.00,0.00,0.00,0.00,0.00,1.00,0.00,0.00,0.00,0.00,0.00,0.00
9980056,4e_5e,SP1,Depl,45,1.00,0.00,5.00,12.00,1.00,2.00,0.00,0.00,0.00,2.00,0.00,3.00,0.00,0.00,0.00,0.00
9980056,patnt,PR1,Depl,55,1.00,22.00,0.00,0.00,0.00,0.00,0.00,0.00,0.00,1.00,0.00,0.00,0.00,0.00,0.00,0.00
9980056,patnt,SP1,Depl,45,1.00,0.00,5.00,12.00,1.00,2.00,0.00,0.00,0.00,2.00,0.00,3.00,0.00,0.00,0.00,0.00
9980057,4e_5e,PW1,Depl,55,12.00,2.00,0.00,1.00,2.00,1.00,0.00,0.00,0.00,2.00,0.00,3.00,0.00,0.00,0.00,1.00
9980057,4e_5e,SF1,Depl,45,2.00,0.00,0.00,5.00,4.00,5.00,3.00,0.00,0.00,1.00,0.00,3.00,0.00,0.00,0.00,0.00
9980057,patnt,PW1,Depl,55,12.00,2.00,0.00,1.00,2.00,1.00,0.00,0.00,0.00,2.00,0.00,3.00,0.00,0.00,0.00,1.00
9980057,patnt,SF1,Depl,45,2.00,0.00,0.00,5.00,4.00,5.00,3.00,0.00,0.00,1.00,0.00,3.00,0.00,0.00,0.00,0.00
9980058,4e_5e,PO1,Depl,45,0.00,0.00,1.00,1.00,1.00,1.00,0.00,0.00,0.00,16.00,0.00,4.00,0.00,0.00,0.00,1.00
9980058,4e_5e,PRW,Depl,55,4.00,10.00,2.00,1.00,2.00,1.00,0.00,0.00,0.00,3.00,0.00,3.00,0.00,0.00,0.00,1.00
9980058,patnt,PO1,Depl,45,0.00,0.00,1.00,1.00,1.00,1.00,0.00,0.00,0.00,16.00,0.00,4.00,0.00,0.00,0.00,1.00
9980058,patnt,PRW,Depl,55,4.00,10.00,2.00,1.00,2.00,1.00,0.00,0.00,0.00,3.00,0.00,3.00,0.00,0.00,0.00,1.00
9980059,4e_5e,BW1,Depl,45,1.00,0.00,1.00,1.00,1.00,2.00,0.00,0.00,0.00,4.00,0.00,14.00,0.00,0.00,0.00,2.00
9980059,4e_5e,LH1,Depl,55,1.00,0.00,0.00,0.00,1.00,2.00,0.00,0.00,0.00,3.00,0.00,3.00,1.00,0.00,1.00,12.00
9980059,patnt,BW1,Depl,45,1.00,0.00,1.00,1.00,1.00,2.00,0.00,0.00,0.00,4.00,0.00,14.00,0.00,0.00,0.00,2.00
9980059,patnt,LH1,Depl,55,1.00,0.00,0.00,0.00,1.00,2.00,0.00,0.00,0.00,3.00,0.00,3.00,1.00,0.00,1.00,12.00
9980060,4e_5e,MW1,Depl,45,1.00,0.00,7.00,2.00,1.00,1.00,0.00,0.00,0.00,6.00,0.00,6.00,0.00,0.00,0.00,0.00
9980060,4e_5e,TH1,Depl,55,1.00,0.00,0.00,0.00,1.00,2.00,1.00,0.00,1.00,2.00,0.00,3.00,8.00,1.00,3.00,3.00
9980060,patnt,MW1,Depl,45,1.00,0.00,7.00,2.00,1.00,1.00,0.00,0.00,0.00,6.00,0.00,6.00,0.00,0.00,0.00,0.00
9980060,patnt,TH1,Depl,55,1.00,0.00,0.00,0.00,1.00,2.00,1.00,0.00,1.00,2.00,0.00,3.00,8.00,1.00,3.00,3.00
9980061,4e_5e,BOG,Depl,55,0.00,0.00,0.00,20.00,0.00,0.00,1.00,4.00,0.00,0.00,0.00,0.00,0.00,0.00,0.00,0.00
9980061,4e_5e,MW2,Depl,45,2.00,0.00,0.00,3.00,2.00,3.00,1.00,0.00,0.00,4.00,0.00,8.00,0.00,0.00,0.00,1.00
9980061,patnt,BOG,Depl,55,0.00,0.00,0.00,20.00,0.00,0.00,1.00,4.00,0.00,0.00,0.00,0.00,0.00,0.00,0.00,0.00
9980061,patnt,MW2,Depl,45,2.00,0.00,0.00,3.00,2.00,3.00,1.00,0.00,0.00,4.00,0.00,8.00,0.00,0.00,0.00,1.00
9980062,4e_5e,SB1,Depl,55,0.00,0.00,0.00,22.00,0.00,0.00,0.00,0.00,0.00,0.00,0.00,0.00,0.00,0.00,0.00,0.00
9980062,patnt,SB1,Depl,55,0.00,0.00,0.00,22.00,0.00,0.00,0.00,0.00,0.00,0.00,0.00,0.00,0.00,0.00,0.00,0.00
9980063,4e_5e,PJ1,Depl,55,0.00,0.00,20.00,2.00,0.00,0.00,0.00,0.00,0.00,2.00,0.00,0.00,0.00,0.00,0.00,0.00
9980063,patnt,PJ1,Depl,55,0.00,0.00,20.00,2.00,0.00,0.00,0.00,0.00,0.00,2.00,0.00,0.00,0.00,0.00,0.00,0.00
9980064,4e_5e,LC1,Depl,55,0.00,0.00,0.00,11.00,0.00,1.00,8.00,4.00,0.00,0.00,0.00,1.00,0.00,0.00,0.00,0.00
9980064,patnt,LC1,Depl,55,0.00,0.00,0.00,11.00,0.00,1.00,8.00,4.00,0.00,0.00,0.00,1.00,0.00,0.00,0.00,0.00
9980065,4e_5e,PJ2,Depl,55,0.00,0.00,14.00,4.00,0.00,0.00,0.00,0.00,0.00,2.00,0.00,2.00,0.00,0.00,0.00,0.00
9980065,patnt,PJ2,Depl,55,0.00,0.00,14.00,4.00,0.00,0.00,0.00,0.00,0.00,2.00,0.00,2.00,0.00,0.00,0.00,0.00
9980066,4e_5e,PR1,Depl,65,1.00,22.00,0.00,0.00,0.00,0.00,0.00,0.00,0.00,1.00,0.00,0.00,0.00,0.00,0.00,0.00
9980066,4e_5e,SP1,Depl,55,1.00,0.00,5.00,12.00,1.00,2.00,0.00,0.00,0.00,2.00,0.00,3.00,0.00,0.00,0.00,0.00
9980066,patnt,PR1,Depl,65,1.00,22.00,0.00,0.00,0.00,0.00,0.00,0.00,0.00,1.00,0.00,0.00,0.00,0.00,0.00,0.00
9980066,patnt,SP1,Depl,55,1.00,0.00,5.00,12.00,1.00,2.00,0.00,0.00,0.00,2.00,0.00,3.00,0.00,0.00,0.00,0.00
9980067,4e_5e,PW1,Depl,65,12.00,2.00,0.00,1.00,2.00,1.00,0.00,0.00,0.00,2.00,0.00,3.00,0.00,0.00,0.00,1.00
9980067,4e_5e,SF1,Depl,55,2.00,0.00,0.00,5.00,4.00,5.00,3.00,0.00,0.00,1.00,0.00,3.00,0.00,0.00,0.00,0.00
9980067,patnt,PW1,Depl,65,12.00,2.00,0.00,1.00,2.00,1.00,0.00,0.00,0.00,2.00,0.00,3.00,0.00,0.00,0.00,1.00
9980067,patnt,SF1,Depl,55,2.00,0.00,0.00,5.00,4.00,5.00,3.00,0.00,0.00,1.00,0.00,3.00,0.00,0.00,0.00,0.00
9980068,4e_5e,PO1,Depl,55,0.00,0.00,1.00,1.00,1.00,1.00,0.00,0.00,0.00,16.00,0.00,4.00,0.00,0.00,0.00,1.00
9980068,4e_5e,PRW,Depl,65,4.00,10.00,2.00,1.00,2.00,1.00,0.00,0.00,0.00,3.00,0.00,3.00,0.00,0.00,0.00,1.00
9980068,patnt,PO1,Depl,55,0.00,0.00,1.00,1.00,1.00,1.00,0.00,0.00,0.00,16.00,0.00,4.00,0.00,0.00,0.00,1.00
9980068,patnt,PRW,Depl,65,4.00,10.00,2.00,1.00,2.00,1.00,0.00,0.00,0.00,3.00,0.00,3.00,0.00,0.00,0.00,1.00
9980069,4e_5e,BW1,Depl,55,1.00,0.00,1.00,1.00,1.00,2.00,0.00,0.00,0.00,4.00,0.00,14.00,0.00,0.00,0.00,2.00
9980069,4e_5e,LH1,Depl,65,1.00,0.00,0.00,0.00,1.00,2.00,0.00,0.00,0.00,3.00,0.00,3.00,1.00,0.00,1.00,12.00
9980069,patnt,BW1,Depl,55,1.00,0.00,1.00,1.00,1.00,2.00,0.00,0.00,0.00,4.00,0.00,14.00,0.00,0.00,0.00,2.00
9980069,patnt,LH1,Depl,65,1.00,0.00,0.00,0.00,1.00,2.00,0.00,0.00,0.00,3.00,0.00,3.00,1.00,0.00,1.00,12.00
9980070,4e_5e,MW1,Depl,55,1.00,0.00,7.00,2.00,1.00,1.00,0.00,0.00,0.00,6.00,0.00,6.00,0.00,0.00,0.00,0.00
9980070,4e_5e,TH1,Depl,65,1.00,0.00,0.00,0.00,1.00,2.00,1.00,0.00,1.00,2.00,0.00,3.00,8.00,1.00,3.00,3.00
9980070,patnt,MW1,Depl,55,1.00,0.00,7.00,2.00,1.00,1.00,0.00,0.00,0.00,6.00,0.00,6.00,0.00,0.00,0.00,0.00
9980070,patnt,TH1,Depl,65,1.00,0.00,0.00,0.00,1.00,2.00,1.00,0.00,1.00,2.00,0.00,3.00,8.00,1.00,3.00,3.00
9980071,4e_5e,BOG,Depl,65,0.00,0.00,0.00,20.00,0.00,0.00,1.00,4.00,0.00,0.00,0.00,0.00,0.00,0.00,0.00,0.00
9980071,4e_5e,MW2,Depl,55,2.00,0.00,0.00,3.00,2.00,3.00,1.00,0.00,0.00,4.00,0.00,8.00,0.00,0.00,0.00,1.00
9980071,patnt,BOG,Depl,65,0.00,0.00,0.00,20.00,0.00,0.00,1.00,4.00,0.00,0.00,0.00,0.00,0.00,0.00,0.00,0.00
9980071,patnt,MW2,Depl,55,2.00,0.00,0.00,3.00,2.00,3.00,1.00,0.00,0.00,4.00,0.00,8.00,0.00,0.00,0.00,1.00
9980072,4e_5e,SB1,Depl,65,0.00,0.00,0.00,22.00,0.00,0.00,0.00,0.00,0.00,0.00,0.00,0.00,0.00,0.00,0.00,0.00
9980072,patnt,SB1,Depl,65,0.00,0.00,0.00,22.00,0.00,0.00,0.00,0.00,0.00,0.00,0.00,0.00,0.00,0.00,0.00,0.00
9980073,4e_5e,PJ1,Depl,65,0.00,0.00,20.00,2.00,0.00,0.00,0.00,0.00,0.00,2.00,0.00,0.00,0.00,0.00,0.00,0.00
9980073,patnt,PJ1,Depl,65,0.00,0.00,20.00,2.00,0.00,0.00,0.00,0.00,0.00,2.00,0.00,0.00,0.00,0.00,0.00,0.00
9980074,4e_5e,LC1,Depl,65,0.00,0.00,0.00,11.00,0.00,1.00,8.00,4.00,0.00,0.00,0.00,1.00,0.00,0.00,0.00,0.00
9980074,patnt,LC1,Depl,65,0.00,0.00,0.00,11.00,0.00,1.00,8.00,4.00,0.00,0.00,0.00,1.00,0.00,0.00,0.00,0.00
9980075,4e_5e,PJ2,Depl,65,0.00,0.00,14.00,4.00,0.00,0.00,0.00,0.00,0.00,2.00,0.00,2.00,0.00,0.00,0.00,0.00
9980075,patnt,PJ2,Depl,65,0.00,0.00,14.00,4.00,0.00,0.00,0.00,0.00,0.00,2.00,0.00,2.00,0.00,0.00,0.00,0.00
9980076,4e_5e,PR1,Depl,75,1.00,22.00,0.00,0.00,0.00,0.00,0.00,0.00,0.00,1.00,0.00,0.00,0.00,0.00,0.00,0.00
9980076,4e_5e,SP1,Depl,65,1.00,0.00,5.00,12.00,1.00,2.00,0.00,0.00,0.00,2.00,0.00,3.00,0.00,0.00,0.00,0.00
9980076,patnt,PR1,Depl,75,1.00,22.00,0.00,0.00,0.00,0.00,0.00,0.00,0.00,1.00,0.00,0.00,0.00,0.00,0.00,0.00
9980076,patnt,SP1,Depl,65,1.00,0.00,5.00,12.00,1.00,2.00,0.00,0.00,0.00,2.00,0.00,3.00,0.00,0.00,0.00,0.00
9980077,4e_5e,PW1,Depl,75,12.00,2.00,0.00,1.00,2.00,1.00,0.00,0.00,0.00,2.00,0.00,3.00,0.00,0.00,0.00,1.00
9980077,4e_5e,SF1,Depl,65,2.00,0.00,0.00,5.00,4.00,5.00,3.00,0.00,0.00,1.00,0.00,3.00,0.00,0.00,0.00,0.00
9980077,patnt,PW1,Depl,75,12.00,2.00,0.00,1.00,2.00,1.00,0.00,0.00,0.00,2.00,0.00,3.00,0.00,0.00,0.00,1.00
9980077,patnt,SF1,Depl,65,2.00,0.00,0.00,5.00,4.00,5.00,3.00,0.00,0.00,1.00,0.00,3.00,0.00,0.00,0.00,0.00
9980078,4e_5e,PO1,Depl,65,0.00,0.00,1.00,1.00,1.00,1.00,0.00,0.00,0.00,16.00,0.00,4.00,0.00,0.00,0.00,1.00
9980078,4e_5e,PRW,Depl,75,4.00,10.00,2.00,1.00,2.00,1.00,0.00,0.00,0.00,3.00,0.00,3.00,0.00,0.00,0.00,1.00
9980078,patnt,PO1,Depl,65,0.00,0.00,1.00,1.00,1.00,1.00,0.00,0.00,0.00,16.00,0.00,4.00,0.00,0.00,0.00,1.00
9980078,patnt,PRW,Depl,75,4.00,10.00,2.00,1.00,2.00,1.00,0.00,0.00,0.00,3.00,0.00,3.00,0.00,0.00,0.00,1.00
9980079,4e_5e,BW1,Depl,65,1.00,0.00,1.00,1.00,1.00,2.00,0.00,0.00,0.00,4.00,0.00,14.00,0.00,0.00,0.00,2.00
9980079,4e_5e,LH1,Depl,75,1.00,0.00,0.00,0.00,1.00,2.00,0.00,0.00,0.00,3.00,0.00,3.00,1.00,0.00,1.00,12.00
9980079,patnt,BW1,Depl,65,1.00,0.00,1.00,1.00,1.00,2.00,0.00,0.00,0.00,4.00,0.00,14.00,0.00,0.00,0.00,2.00
9980079,patnt,LH1,Depl,75,1.00,0.00,0.00,0.00,1.00,2.00,0.00,0.00,0.00,3.00,0.00,3.00,1.00,0.00,1.00,12.00
9980080,4e_5e,MW1,Depl,65,1.00,0.00,7.00,2.00,1.00,1.00,0.00,0.00,0.00,6.00,0.00,6.00,0.00,0.00,0.00,0.00
9980080,4e_5e,TH1,Depl,75,1.00,0.00,0.00,0.00,1.00,2.00,1.00,0.00,1.00,2.00,0.00,3.00,8.00,1.00,3.00,3.00
9980080,patnt,MW1,Depl,65,1.00,0.00,7.00,2.00,1.00,1.00,0.00,0.00,0.00,6.00,0.00,6.00,0.00,0.00,0.00,0.00
9980080,patnt,TH1,Depl,75,1.00,0.00,0.00,0.00,1.00,2.00,1.00,0.00,1.00,2.00,0.00,3.00,8.00,1.00,3.00,3.00
9980081,4e_5e,BOG,Depl,75,0.00,0.00,0.00,20.00,0.00,0.00,1.00,4.00,0.00,0.00,0.00,0.00,0.00,0.00,0.00,0.00
9980081,4e_5e,MW2,Depl,65,2.00,0.00,0.00,3.00,2.00,3.00,1.00,0.00,0.00,4.00,0.00,8.00,0.00,0.00,0.00,1.00
9980081,patnt,BOG,Depl,75,0.00,0.00,0.00,20.00,0.00,0.00,1.00,4.00,0.00,0.00,0.00,0.00,0.00,0.00,0.00,0.00
9980081,patnt,MW2,Depl,65,2.00,0.00,0.00,3.00,2.00,3.00,1.00,0.00,0.00,4.00,0.00,8.00,0.00,0.00,0.00,1.00
9980082,4e_5e,SB1,Depl,75,0.00,0.00,0.00,22.00,0.00,0.00,0.00,0.00,0.00,0.00,0.00,0.00,0.00,0.00,0.00,0.00
9980082,patnt,SB1,Depl,75,0.00,0.00,0.00,22.00,0.00,0.00,0.00,0.00,0.00,0.00,0.00,0.00,0.00,0.00,0.00,0.00
9980083,4e_5e,PJ1,Depl,75,0.00,0.00,20.00,2.00,0.00,0.00,0.00,0.00,0.00,2.00,0.00,0.00,0.00,0.00,0.00,0.00
9980083,patnt,PJ1,Depl,75,0.00,0.00,20.00,2.00,0.00,0.00,0.00,0.00,0.00,2.00,0.00,0.00,0.00,0.00,0.00,0.00
9980084,4e_5e,LC1,Depl,75,0.00,0.00,0.00,11.00,0.00,1.00,8.00,4.00,0.00,0.00,0.00,1.00,0.00,0.00,0.00,0.00
9980084,patnt,LC1,Depl,75,0.00,0.00,0.00,11.00,0.00,1.00,8.00,4.00,0.00,0.00,0.00,1.00,0.00,0.00,0.00,0.00
9980085,4e_5e,PJ2,Depl,75,0.00,0.00,14.00,4.00,0.00,0.00,0.00,0.00,0.00,2.00,0.00,2.00,0.00,0.00,0.00,0.00
9980085,patnt,PJ2,Depl,75,0.00,0.00,14.00,4.00,0.00,0.00,0.00,0.00,0.00,2.00,0.00,2.00,0.00,0.00,0.00,0.00
9980086,4e_5e,PR1,Depl,85,1.00,22.00,0.00,0.00,0.00,0.00,0.00,0.00,0.00,1.00,0.00,0.00,0.00,0.00,0.00,0.00
9980086,4e_5e,SP1,Depl,75,1.00,0.00,5.00,12.00,1.00,2.00,0.00,0.00,0.00,2.00,0.00,3.00,0.00,0.00,0.00,0.00
9980086,patnt,PR1,Depl,85,1.00,22.00,0.00,0.00,0.00,0.00,0.00,0.00,0.00,1.00,0.00,0.00,0.00,0.00,0.00,0.00
9980086,patnt,SP1,Depl,75,1.00,0.00,5.00,12.00,1.00,2.00,0.00,0.00,0.00,2.00,0.00,3.00,0.00,0.00,0.00,0.00
9980087,4e_5e,PW1,Depl,85,12.00,2.00,0.00,1.00,2.00,1.00,0.00,0.00,0.00,2.00,0.00,3.00,0.00,0.00,0.00,1.00
9980087,4e_5e,SF1,Depl,75,2.00,0.00,0.00,5.00,4.00,5.00,3.00,0.00,0.00,1.00,0.00,3.00,0.00,0.00,0.00,0.00
9980087,patnt,PW1,Depl,85,12.00,2.00,0.00,1.00,2.00,1.00,0.00,0.00,0.00,2.00,0.00,3.00,0.00,0.00,0.00,1.00
9980087,patnt,SF1,Depl,75,2.00,0.00,0.00,5.00,4.00,5.00,3.00,0.00,0.00,1.00,0.00,3.00,0.00,0.00,0.00,0.00
9980088,4e_5e,PO1,Depl,75,0.00,0.00,1.00,1.00,1.00,1.00,0.00,0.00,0.00,16.00,0.00,4.00,0.00,0.00,0.00,1.00
9980088,4e_5e,PRW,Depl,85,4.00,10.00,2.00,1.00,2.00,1.00,0.00,0.00,0.00,3.00,0.00,3.00,0.00,0.00,0.00,1.00
9980088,patnt,PO1,Depl,75,0.00,0.00,1.00,1.00,1.00,1.00,0.00,0.00,0.00,16.00,0.00,4.00,0.00,0.00,0.00,1.00
9980088,patnt,PRW,Depl,85,4.00,10.00,2.00,1.00,2.00,1.00,0.00,0.00,0.00,3.00,0.00,3.00,0.00,0.00,0.00,1.00
9980089,4e_5e,BW1,Depl,75,1.00,0.00,1.00,1.00,1.00,2.00,0.00,0.00,0.00,4.00,0.00,14.00,0.00,0.00,0.00,2.00
9980089,4e_5e,LH1,Depl,85,1.00,0.00,0.00,0.00,1.00,2.00,0.00,0.00,0.00,3.00,0.00,3.00,1.00,0.00,1.00,12.00
9980089,patnt,BW1,Depl,75,1.00,0.00,1.00,1.00,1.00,2.00,0.00,0.00,0.00,4.00,0.00,14.00,0.00,0.00,0.00,2.00
9980089,patnt,LH1,Depl,85,1.00,0.00,0.00,0.00,1.00,2.00,0.00,0.00,0.00,3.00,0.00,3.00,1.00,0.00,1.00,12.00
9980090,4e_5e,MW1,Depl,75,1.00,0.00,7.00,2.00,1.00,1.00,0.00,0.00,0.00,6.00,0.00,6.00,0.00,0.00,0.00,0.00
9980090,4e_5e,TH1,Depl,85,1.00,0.00,0.00,0.00,1.00,2.00,1.00,0.00,1.00,2.00,0.00,3.00,8.00,1.00,3.00,3.00
9980090,patnt,MW1,Depl,75,1.00,0.00,7.00,2.00,1.00,1.00,0.00,0.00,0.00,6.00,0.00,6.00,0.00,0.00,0.00,0.00
9980090,patnt,TH1,Depl,85,1.00,0.00,0.00,0.00,1.00,2.00,1.00,0.00,1.00,2.00,0.00,3.00,8.00,1.00,3.00,3.00
9980091,4e_5e,BOG,Depl,85,0.00,0.00,0.00,20.00,0.00,0.00,1.00,4.00,0.00,0.00,0.00,0.00,0.00,0.00,0.00,0.00
9980091,4e_5e,MW2,Depl,75,2.00,0.00,0.00,3.00,2.00,3.00,1.00,0.00,0.00,4.00,0.00,8.00,0.00,0.00,0.00,1.00
9980091,patnt,BOG,Depl,85,0.00,0.00,0.00,20.00,0.00,0.00,1.00,4.00,0.00,0.00,0.00,0.00,0.00,0.00,0.00,0.00
9980091,patnt,MW2,Depl,75,2.00,0.00,0.00,3.00,2.00,3.00,1.00,0.00,0.00,4.00,0.00,8.00,0.00,0.00,0.00,1.00
9980092,4e_5e,SB1,Depl,85,0.00,0.00,0.00,22.00,0.00,0.00,0.00,0.00,0.00,0.00,0.00,0.00,0.00,0.00,0.00,0.00
9980092,patnt,SB1,Depl,85,0.00,0.00,0.00,22.00,0.00,0.00,0.00,0.00,0.00,0.00,0.00,0.00,0.00,0.00,0.00,0.00
9980093,4e_5e,PJ1,Depl,85,0.00,0.00,20.00,2.00,0.00,0.00,0.00,0.00,0.00,2.00,0.00,0.00,0.00,0.00,0.00,0.00
9980093,patnt,PJ1,Depl,85,0.00,0.00,20.00,2.00,0.00,0.00,0.00,0.00,0.00,2.00,0.00,0.00,0.00,0.00,0.00,0.00
9980094,4e_5e,LC1,Depl,85,0.00,0.00,0.00,11.00,0.00,1.00,8.00,4.00,0.00,0.00,0.00,1.00,0.00,0.00,0.00,0.00
9980094,patnt,LC1,Depl,85,0.00,0.00,0.00,11.00,0.00,1.00,8.00,4.00,0.00,0.00,0.00,1.00,0.00,0.00,0.00,0.00
9980095,4e_5e,PJ2,Depl,85,0.00,0.00,14.00,4.00,0.00,0.00,0.00,0.00,0.00,2.00,0.00,2.00,0.00,0.00,0.00,0.00
9980095,patnt,PJ2,Depl,85,0.00,0.00,14.00,4.00,0.00,0.00,0.00,0.00,0.00,2.00,0.00,2.00,0.00,0.00,0.00,0.00
9980096,4e_5e,PR1,Depl,95,1.00,22.00,0.00,0.00,0.00,0.00,0.00,0.00,0.00,1.00,0.00,0.00,0.00,0.00,0.00,0.00
9980096,4e_5e,SP1,Depl,85,1.00,0.00,5.00,12.00,1.00,2.00,0.00,0.00,0.00,2.00,0.00,3.00,0.00,0.00,0.00,0.00
9980096,patnt,PR1,Depl,95,1.00,22.00,0.00,0.00,0.00,0.00,0.00,0.00,0.00,1.00,0.00,0.00,0.00,0.00,0.00,0.00
9980096,patnt,SP1,Depl,85,1.00,0.00,5.00,12.00,1.00,2.00,0.00,0.00,0.00,2.00,0.00,3.00,0.00,0.00,0.00,0.00
9980097,4e_5e,PW1,Depl,95,12.00,2.00,0.00,1.00,2.00,1.00,0.00,0.00,0.00,2.00,0.00,3.00,0.00,0.00,0.00,1.00
9980097,4e_5e,SF1,Depl,85,2.00,0.00,0.00,5.00,4.00,5.00,3.00,0.00,0.00,1.00,0.00,3.00,0.00,0.00,0.00,0.00
9980097,patnt,PW1,Depl,95,12.00,2.00,0.00,1.00,2.00,1.00,0.00,0.00,0.00,2.00,0.00,3.00,0.00,0.00,0.00,1.00
9980097,patnt,SF1,Depl,85,2.00,0.00,0.00,5.00,4.00,5.00,3.00,0.00,0.00,1.00,0.00,3.00,0.00,0.00,0.00,0.00
9980098,4e_5e,PO1,Depl,85,0.00,0.00,1.00,1.00,1.00,1.00,0.00,0.00,0.00,16.00,0.00,4.00,0.00,0.00,0.00,1.00
9980098,4e_5e,PRW,Depl,95,4.00,10.00,2.00,1.00,2.00,1.00,0.00,0.00,0.00,3.00,0.00,3.00,0.00,0.00,0.00,1.00
9980098,patnt,PO1,Depl,85,0.00,0.00,1.00,1.00,1.00,1.00,0.00,0.00,0.00,16.00,0.00,4.00,0.00,0.00,0.00,1.00
9980098,patnt,PRW,Depl,95,4.00,10.00,2.00,1.00,2.00,1.00,0.00,0.00,0.00,3.00,0.00,3.00,0.00,0.00,0.00,1.00
9980099,4e_5e,BW1,Depl,85,1.00,0.00,1.00,1.00,1.00,2.00,0.00,0.00,0.00,4.00,0.00,14.00,0.00,0.00,0.00,2.00
9980099,4e_5e,LH1,Depl,95,1.00,0.00,0.00,0.00,1.00,2.00,0.00,0.00,0.00,3.00,0.00,3.00,1.00,0.00,1.00,12.00
9980099,patnt,BW1,Depl,85,1.00,0.00,1.00,1.00,1.00,2.00,0.00,0.00,0.00,4.00,0.00,14.00,0.00,0.00,0.00,2.00
9980099,patnt,LH1,Depl,95,1.00,0.00,0.00,0.00,1.00,2.00,0.00,0.00,0.00,3.00,0.00,3.00,1.00,0.00,1.00,12.00
9980100,4e_5e,MW1,Depl,85,1.00,0.00,7.00,2.00,1.00,1.00,0.00,0.00,0.00,6.00,0.00,6.00,0.00,0.00,0.00,0.00
9980100,4e_5e,TH1,Depl,95,1.00,0.00,0.00,0.00,1.00,2.00,1.00,0.00,1.00,2.00,0.00,3.00,8.00,1.00,3.00,3.00
9980100,patnt,MW1,Depl,85,1.00,0.00,7.00,2.00,1.00,1.00,0.00,0.00,0.00,6.00,0.00,6.00,0.00,0.00,0.00,0.00
9980100,patnt,TH1,Depl,95,1.00,0.00,0.00,0.00,1.00,2.00,1.00,0.00,1.00,2.00,0.00,3.00,8.00,1.00,3.00,3.00
9980101,4e_5e,BOG,Depl,95,0.00,0.00,0.00,20.00,0.00,0.00,1.00,4.00,0.00,0.00,0.00,0.00,0.00,0.00,0.00,0.00
9980101,4e_5e,MW2,Depl,85,2.00,0.00,0.00,3.00,2.00,3.00,1.00,0.00,0.00,4.00,0.00,8.00,0.00,0.00,0.00,1.00
9980101,patnt,BOG,Depl,95,0.00,0.00,0.00,20.00,0.00,0.00,1.00,4.00,0.00,0.00,0.00,0.00,0.00,0.00,0.00,0.00
9980101,patnt,MW2,Depl,85,2.00,0.00,0.00,3.00,2.00,3.00,1.00,0.00,0.00,4.00,0.00,8.00,0.00,0.00,0.00,1.00
9980102,4e_5e,SB1,Depl,95,0.00,0.00,0.00,22.00,0.00,0.00,0.00,0.00,0.00,0.00,0.00,0.00,0.00,0.00,0.00,0.00
9980102,patnt,SB1,Depl,95,0.00,0.00,0.00,22.00,0.00,0.00,0.00,0.00,0.00,0.00,0.00,0.00,0.00,0.00,0.00,0.00
9980103,4e_5e,PJ1,Depl,95,0.00,0.00,20.00,2.00,0.00,0.00,0.00,0.00,0.00,2.00,0.00,0.00,0.00,0.00,0.00,0.00
9980103,patnt,PJ1,Depl,95,0.00,0.00,20.00,2.00,0.00,0.00,0.00,0.00,0.00,2.00,0.00,0.00,0.00,0.00,0.00,0.00
9980104,4e_5e,LC1,Depl,95,0.00,0.00,0.00,11.00,0.00,1.00,8.00,4.00,0.00,0.00,0.00,1.00,0.00,0.00,0.00,0.00
9980104,patnt,LC1,Depl,95,0.00,0.00,0.00,11.00,0.00,1.00,8.00,4.00,0.00,0.00,0.00,1.00,0.00,0.00,0.00,0.00
9980105,4e_5e,PJ2,Depl,95,0.00,0.00,14.00,4.00,0.00,0.00,0.00,0.00,0.00,2.00,0.00,2.00,0.00,0.00,0.00,0.00
9980105,patnt,PJ2,Depl,95,0.00,0.00,14.00,4.00,0.00,0.00,0.00,0.00,0.00,2.00,0.00,2.00,0.00,0.00,0.00,0.00
9980106,4e_5e,PR1,Depl,105,1.00,22.00,0.00,0.00,0.00,0.00,0.00,0.00,0.00,1.00,0.00,0.00,0.00,0.00,0.00,0.00
9980106,4e_5e,SP1,Depl,95,1.00,0.00,5.00,12.00,1.00,2.00,0.00,0.00,0.00,2.00,0.00,3.00,0.00,0.00,0.00,0.00
9980106,patnt,PR1,Depl,105,1.00,22.00,0.00,0.00,0.00,0.00,0.00,0.00,0.00,1.00,0.00,0.00,0.00,0.00,0.00,0.00
9980106,patnt,SP1,Depl,95,1.00,0.00,5.00,12.00,1.00,2.00,0.00,0.00,0.00,2.00,0.00,3.00,0.00,0.00,0.00,0.00
9980107,4e_5e,PW1,Depl,105,12.00,2.00,0.00,1.00,2.00,1.00,0.00,0.00,0.00,2.00,0.00,3.00,0.00,0.00,0.00,1.00
9980107,4e_5e,SF1,Depl,95,2.00,0.00,0.00,5.00,4.00,5.00,3.00,0.00,0.00,1.00,0.00,3.00,0.00,0.00,0.00,0.00
9980107,patnt,PW1,Depl,105,12.00,2.00,0.00,1.00,2.00,1.00,0.00,0.00,0.00,2.00,0.00,3.00,0.00,0.00,0.00,1.00
9980107,patnt,SF1,Depl,95,2.00,0.00,0.00,5.00,4.00,5.00,3.00,0.00,0.00,1.00,0.00,3.00,0.00,0.00,0.00,0.00
9980108,4e_5e,PO1,Depl,95,0.00,0.00,1.00,1.00,1.00,1.00,0.00,0.00,0.00,16.00,0.00,4.00,0.00,0.00,0.00,1.00
9980108,4e_5e,PRW,Depl,105,4.00,10.00,2.00,1.00,2.00,1.00,0.00,0.00,0.00,3.00,0.00,3.00,0.00,0.00,0.00,1.00
9980108,patnt,PO1,Depl,95,0.00,0.00,1.00,1.00,1.00,1.00,0.00,0.00,0.00,16.00,0.00,4.00,0.00,0.00,0.00,1.00
9980108,patnt,PRW,Depl,105,4.00,10.00,2.00,1.00,2.00,1.00,0.00,0.00,0.00,3.00,0.00,3.00,0.00,0.00,0.00,1.00
9980109,4e_5e,BW1,Depl,95,1.00,0.00,1.00,1.00,1.00,2.00,0.00,0.00,0.00,4.00,0.00,14.00,0.00,0.00,0.00,2.00
9980109,4e_5e,LH1,Depl,105,1.00,0.00,0.00,0.00,1.00,2.00,0.00,0.00,0.00,3.00,0.00,3.00,1.00,0.00,1.00,12.00
9980109,patnt,BW1,Depl,95,1.00,0.00,1.00,1.00,1.00,2.00,0.00,0.00,0.00,4.00,0.00,14.00,0.00,0.00,0.00,2.00
9980109,patnt,LH1,Depl,105,1.00,0.00,0.00,0.00,1.00,2.00,0.00,0.00,0.00,3.00,0.00,3.00,1.00,0.00,1.00,12.00
9980110,4e_5e,MW1,Depl,95,1.00,0.00,7.00,2.00,1.00,1.00,0.00,0.00,0.00,6.00,0.00,6.00,0.00,0.00,0.00,0.00
9980110,4e_5e,TH1,Depl,105,1.00,0.00,0.00,0.00,1.00,2.00,1.00,0.00,1.00,2.00,0.00,3.00,8.00,1.00,3.00,3.00
9980110,patnt,MW1,Depl,95,1.00,0.00,7.00,2.00,1.00,1.00,0.00,0.00,0.00,6.00,0.00,6.00,0.00,0.00,0.00,0.00
9980110,patnt,TH1,Depl,105,1.00,0.00,0.00,0.00,1.00,2.00,1.00,0.00,1.00,2.00,0.00,3.00,8.00,1.00,3.00,3.00
9980111,4e_5e,BOG,Depl,105,0.00,0.00,0.00,20.00,0.00,0.00,1.00,4.00,0.00,0.00,0.00,0.00,0.00,0.00,0.00,0.00
9980111,4e_5e,MW2,Depl,95,2.00,0.00,0.00,3.00,2.00,3.00,1.00,0.00,0.00,4.00,0.00,8.00,0.00,0.00,0.00,1.00
9980111,patnt,BOG,Depl,105,0.00,0.00,0.00,20.00,0.00,0.00,1.00,4.00,0.00,0.00,0.00,0.00,0.00,0.00,0.00,0.00
9980111,patnt,MW2,Depl,95,2.00,0.00,0.00,3.00,2.00,3.00,1.00,0.00,0.00,4.00,0.00,8.00,0.00,0.00,0.00,1.00
9980112,4e_5e,SB1,Depl,105,0.00,0.00,0.00,22.00,0.00,0.00,0.00,0.00,0.00,0.00,0.00,0.00,0.00,0.00,0.00,0.00
9980112,patnt,SB1,Depl,105,0.00,0.00,0.00,22.00,0.00,0.00,0.00,0.00,0.00,0.00,0.00,0.00,0.00,0.00,0.00,0.00
9980113,4e_5e,PJ1,Depl,105,0.00,0.00,20.00,2.00,0.00,0.00,0.00,0.00,0.00,2.00,0.00,0.00,0.00,0.00,0.00,0.00
9980113,patnt,PJ1,Depl,105,0.00,0.00,20.00,2.00,0.00,0.00,0.00,0.00,0.00,2.00,0.00,0.00,0.00,0.00,0.00,0.00
9980114,4e_5e,LC1,Depl,105,0.00,0.00,0.00,11.00,0.00,1.00,8.00,4.00,0.00,0.00,0.00,1.00,0.00,0.00,0.00,0.00
9980114,patnt,LC1,Depl,105,0.00,0.00,0.00,11.00,0.00,1.00,8.00,4.00,0.00,0.00,0.00,1.00,0.00,0.00,0.00,0.00
9980115,4e_5e,PJ2,Depl,105,0.00,0.00,14.00,4.00,0.00,0.00,0.00,0.00,0.00,2.00,0.00,2.00,0.00,0.00,0.00,0.00
9980115,patnt,PJ2,Depl,105,0.00,0.00,14.00,4.00,0.00,0.00,0.00,0.00,0.00,2.00,0.00,2.00,0.00,0.00,0.00,0.00
9980116,4e_5e,PR1,Depl,115,1.00,22.00,0.00,0.00,0.00,0.00,0.00,0.00,0.00,1.00,0.00,0.00,0.00,0.00,0.00,0.00
9980116,4e_5e,SP1,Depl,105,1.00,0.00,5.00,12.00,1.00,2.00,0.00,0.00,0.00,2.00,0.00,3.00,0.00,0.00,0.00,0.00
9980116,patnt,PR1,Depl,115,1.00,22.00,0.00,0.00,0.00,0.00,0.00,0.00,0.00,1.00,0.00,0.00,0.00,0.00,0.00,0.00
9980116,patnt,SP1,Depl,105,1.00,0.00,5.00,12.00,1.00,2.00,0.00,0.00,0.00,2.00,0.00,3.00,0.00,0.00,0.00,0.00
9980117,4e_5e,PW1,Depl,115,12.00,2.00,0.00,1.00,2.00,1.00,0.00,0.00,0.00,2.00,0.00,3.00,0.00,0.00,0.00,1.00
9980117,4e_5e,SF1,Depl,105,2.00,0.00,0.00,5.00,4.00,5.00,3.00,0.00,0.00,1.00,0.00,3.00,0.00,0.00,0.00,0.00
9980117,patnt,PW1,Depl,115,12.00,2.00,0.00,1.00,2.00,1.00,0.00,0.00,0.00,2.00,0.00,3.00,0.00,0.00,0.00,1.00
9980117,patnt,SF1,Depl,105,2.00,0.00,0.00,5.00,4.00,5.00,3.00,0.00,0.00,1.00,0.00,3.00,0.00,0.00,0.00,0.00
9980118,4e_5e,PO1,Depl,105,0.00,0.00,1.00,1.00,1.00,1.00,0.00,0.00,0.00,16.00,0.00,4.00,0.00,0.00,0.00,1.00
9980118,4e_5e,PRW,Depl,115,4.00,10.00,2.00,1.00,2.00,1.00,0.00,0.00,0.00,3.00,0.00,3.00,0.00,0.00,0.00,1.00
9980118,patnt,PO1,Depl,105,0.00,0.00,1.00,1.00,1.00,1.00,0.00,0.00,0.00,16.00,0.00,4.00,0.00,0.00,0.00,1.00
9980118,patnt,PRW,Depl,115,4.00,10.00,2.00,1.00,2.00,1.00,0.00,0.00,0.00,3.00,0.00,3.00,0.00,0.00,0.00,1.00
9980119,4e_5e,BW1,Depl,105,1.00,0.00,1.00,1.00,1.00,2.00,0.00,0.00,0.00,4.00,0.00,14.00,0.00,0.00,0.00,2.00
9980119,4e_5e,LH1,Depl,115,1.00,0.00,0.00,0.00,1.00,2.00,0.00,0.00,0.00,3.00,0.00,3.00,1.00,0.00,1.00,12.00
9980119,patnt,BW1,Depl,105,1.00,0.00,1.00,1.00,1.00,2.00,0.00,0.00,0.00,4.00,0.00,14.00,0.00,0.00,0.00,2.00
9980119,patnt,LH1,Depl,115,1.00,0.00,0.00,0.00,1.00,2.00,0.00,0.00,0.00,3.00,0.00,3.00,1.00,0.00,1.00,12.00
9980120,4e_5e,MW1,Depl,105,1.00,0.00,7.00,2.00,1.00,1.00,0.00,0.00,0.00,6.00,0.00,6.00,0.00,0.00,0.00,0.00
9980120,4e_5e,TH1,Depl,115,1.00,0.00,0.00,0.00,1.00,2.00,1.00,0.00,1.00,2.00,0.00,3.00,8.00,1.00,3.00,3.00
9980120,patnt,MW1,Depl,105,1.00,0.00,7.00,2.00,1.00,1.00,0.00,0.00,0.00,6.00,0.00,6.00,0.00,0.00,0.00,0.00
9980120,patnt,TH1,Depl,115,1.00,0.00,0.00,0.00,1.00,2.00,1.00,0.00,1.00,2.00,0.00,3.00,8.00,1.00,3.00,3.00
9980121,4e_5e,BOG,Depl,115,0.00,0.00,0.00,20.00,0.00,0.00,1.00,4.00,0.00,0.00,0.00,0.00,0.00,0.00,0.00,0.00
9980121,4e_5e,MW2,Depl,105,2.00,0.00,0.00,3.00,2.00,3.00,1.00,0.00,0.00,4.00,0.00,8.00,0.00,0.00,0.00,1.00
9980121,patnt,BOG,Depl,115,0.00,0.00,0.00,20.00,0.00,0.00,1.00,4.00,0.00,0.00,0.00,0.00,0.00,0.00,0.00,0.00
9980121,patnt,MW2,Depl,105,2.00,0.00,0.00,3.00,2.00,3.00,1.00,0.00,0.00,4.00,0.00,8.00,0.00,0.00,0.00,1.00
9980122,4e_5e,SB1,Depl,115,0.00,0.00,0.00,22.00,0.00,0.00,0.00,0.00,0.00,0.00,0.00,0.00,0.00,0.00,0.00,0.00
9980122,patnt,SB1,Depl,115,0.00,0.00,0.00,22.00,0.00,0.00,0.00,0.00,0.00,0.00,0.00,0.00,0.00,0.00,0.00,0.00
9980123,4e_5e,PJ1,Depl,115,0.00,0.00,20.00,2.00,0.00,0.00,0.00,0.00,0.00,2.00,0.00,0.00,0.00,0.00,0.00,0.00
9980123,patnt,PJ1,Depl,115,0.00,0.00,20.00,2.00,0.00,0.00,0.00,0.00,0.00,2.00,0.00,0.00,0.00,0.00,0.00,0.00
9980124,4e_5e,LC1,Depl,115,0.00,0.00,0.00,11.00,0.00,1.00,8.00,4.00,0.00,0.00,0.00,1.00,0.00,0.00,0.00,0.00
9980124,patnt,LC1,Depl,115,0.00,0.00,0.00,11.00,0.00,1.00,8.00,4.00,0.00,0.00,0.00,1.00,0.00,0.00,0.00,0.00
9980125,4e_5e,PJ2,Depl,115,0.00,0.00,14.00,4.00,0.00,0.00,0.00,0.00,0.00,2.00,0.00,2.00,0.00,0.00,0.00,0.00
9980125,patnt,PJ2,Depl,115,0.00,0.00,14.00,4.00,0.00,0.00,0.00,0.00,0.00,2.00,0.00,2.00,0.00,0.00,0.00,0.00
9980126,4e_5e,PR1,Depl,125,1.00,22.00,0.00,0.00,0.00,0.00,0.00,0.00,0.00,1.00,0.00,0.00,0.00,0.00,0.00,0.00
9980126,4e_5e,SP1,Depl,115,1.00,0.00,5.00,12.00,1.00,2.00,0.00,0.00,0.00,2.00,0.00,3.00,0.00,0.00,0.00,0.00
9980126,patnt,PR1,Depl,125,1.00,22.00,0.00,0.00,0.00,0.00,0.00,0.00,0.00,1.00,0.00,0.00,0.00,0.00,0.00,0.00
9980126,patnt,SP1,Depl,115,1.00,0.00,5.00,12.00,1.00,2.00,0.00,0.00,0.00,2.00,0.00,3.00,0.00,0.00,0.00,0.00
9980127,4e_5e,PW1,Depl,125,12.00,2.00,0.00,1.00,2.00,1.00,0.00,0.00,0.00,2.00,0.00,3.00,0.00,0.00,0.00,1.00
9980127,4e_5e,SF1,Depl,115,2.00,0.00,0.00,5.00,4.00,5.00,3.00,0.00,0.00,1.00,0.00,3.00,0.00,0.00,0.00,0.00
9980127,patnt,PW1,Depl,125,12.00,2.00,0.00,1.00,2.00,1.00,0.00,0.00,0.00,2.00,0.00,3.00,0.00,0.00,0.00,1.00
9980127,patnt,SF1,Depl,115,2.00,0.00,0.00,5.00,4.00,5.00,3.00,0.00,0.00,1.00,0.00,3.00,0.00,0.00,0.00,0.00
9980128,4e_5e,PO1,Depl,115,0.00,0.00,1.00,1.00,1.00,1.00,0.00,0.00,0.00,16.00,0.00,4.00,0.00,0.00,0.00,1.00
9980128,4e_5e,PRW,Depl,125,4.00,10.00,2.00,1.00,2.00,1.00,0.00,0.00,0.00,3.00,0.00,3.00,0.00,0.00,0.00,1.00
9980128,patnt,PO1,Depl,115,0.00,0.00,1.00,1.00,1.00,1.00,0.00,0.00,0.00,16.00,0.00,4.00,0.00,0.00,0.00,1.00
9980128,patnt,PRW,Depl,125,4.00,10.00,2.00,1.00,2.00,1.00,0.00,0.00,0.00,3.00,0.00,3.00,0.00,0.00,0.00,1.00
9980129,4e_5e,BW1,Depl,115,1.00,0.00,1.00,1.00,1.00,2.00,0.00,0.00,0.00,4.00,0.00,14.00,0.00,0.00,0.00,2.00
9980129,4e_5e,LH1,Depl,125,1.00,0.00,0.00,0.00,1.00,2.00,0.00,0.00,0.00,3.00,0.00,3.00,1.00,0.00,1.00,12.00
9980129,patnt,BW1,Depl,115,1.00,0.00,1.00,1.00,1.00,2.00,0.00,0.00,0.00,4.00,0.00,14.00,0.00,0.00,0.00,2.00
9980129,patnt,LH1,Depl,125,1.00,0.00,0.00,0.00,1.00,2.00,0.00,0.00,0.00,3.00,0.00,3.00,1.00,0.00,1.00,12.00
9980130,4e_5e,MW1,Depl,115,1.00,0.00,7.00,2.00,1.00,1.00,0.00,0.00,0.00,6.00,0.00,6.00,0.00,0.00,0.00,0.00
9980130,4e_5e,TH1,Depl,125,1.00,0.00,0.00,0.00,1.00,2.00,1.00,0.00,1.00,2.00,0.00,3.00,8.00,1.00,3.00,3.00
9980130,patnt,MW1,Depl,115,1.00,0.00,7.00,2.00,1.00,1.00,0.00,0.00,0.00,6.00,0.00,6.00,0.00,0.00,0.00,0.00
9980130,patnt,TH1,Depl,125,1.00,0.00,0.00,0.00,1.00,2.00,1.00,0.00,1.00,2.00,0.00,3.00,8.00,1.00,3.00,3.00
9980131,4e_5e,BOG,Depl,125,0.00,0.00,0.00,20.00,0.00,0.00,1.00,4.00,0.00,0.00,0.00,0.00,0.00,0.00,0.00,0.00
9980131,4e_5e,MW2,Depl,115,2.00,0.00,0.00,3.00,2.00,3.00,1.00,0.00,0.00,4.00,0.00,8.00,0.00,0.00,0.00,1.00
9980131,patnt,BOG,Depl,125,0.00,0.00,0.00,20.00,0.00,0.00,1.00,4.00,0.00,0.00,0.00,0.00,0.00,0.00,0.00,0.00
9980131,patnt,MW2,Depl,115,2.00,0.00,0.00,3.00,2.00,3.00,1.00,0.00,0.00,4.00,0.00,8.00,0.00,0.00,0.00,1.00
9980132,4e_5e,SB1,Depl,125,0.00,0.00,0.00,22.00,0.00,0.00,0.00,0.00,0.00,0.00,0.00,0.00,0.00,0.00,0.00,0.00
9980132,patnt,SB1,Depl,125,0.00,0.00,0.00,22.00,0.00,0.00,0.00,0.00,0.00,0.00,0.00,0.00,0.00,0.00,0.00,0.00
9980133,4e_5e,PJ1,Depl,125,0.00,0.00,20.00,2.00,0.00,0.00,0.00,0.00,0.00,2.00,0.00,0.00,0.00,0.00,0.00,0.00
9980133,patnt,PJ1,Depl,125,0.00,0.00,20.00,2.00,0.00,0.00,0.00,0.00,0.00,2.00,0.00,0.00,0.00,0.00,0.00,0.00
9980134,4e_5e,LC1,Depl,125,0.00,0.00,0.00,11.00,0.00,1.00,8.00,4.00,0.00,0.00,0.00,1.00,0.00,0.00,0.00,0.00
9980134,patnt,LC1,Depl,125,0.00,0.00,0.00,11.00,0.00,1.00,8.00,4.00,0.00,0.00,0.00,1.00,0.00,0.00,0.00,0.00
9980135,4e_5e,PJ2,Depl,125,0.00,0.00,14.00,4.00,0.00,0.00,0.00,0.00,0.00,2.00,0.00,2.00,0.00,0.00,0.00,0.00
9980135,patnt,PJ2,Depl,125,0.00,0.00,14.00,4.00,0.00,0.00,0.00,0.00,0.00,2.00,0.00,2.00,0.00,0.00,0.00,0.00
9980136,4e_5e,PR1,Depl,135,1.00,22.00,0.00,0.00,0.00,0.00,0.00,0.00,0.00,1.00,0.00,0.00,0.00,0.00,0.00,0.00
9980136,4e_5e,SP1,Depl,125,1.00,0.00,5.00,12.00,1.00,2.00,0.00,0.00,0.00,2.00,0.00,3.00,0.00,0.00,0.00,0.00
9980136,patnt,PR1,Depl,135,1.00,22.00,0.00,0.00,0.00,0.00,0.00,0.00,0.00,1.00,0.00,0.00,0.00,0.00,0.00,0.00
9980136,patnt,SP1,Depl,125,1.00,0.00,5.00,12.00,1.00,2.00,0.00,0.00,0.00,2.00,0.00,3.00,0.00,0.00,0.00,0.00
9980137,4e_5e,PW1,Depl,135,12.00,2.00,0.00,1.00,2.00,1.00,0.00,0.00,0.00,2.00,0.00,3.00,0.00,0.00,0.00,1.00
9980137,4e_5e,SF1,Depl,125,2.00,0.00,0.00,5.00,4.00,5.00,3.00,0.00,0.00,1.00,0.00,3.00,0.00,0.00,0.00,0.00
9980137,patnt,PW1,Depl,135,12.00,2.00,0.00,1.00,2.00,1.00,0.00,0.00,0.00,2.00,0.00,3.00,0.00,0.00,0.00,1.00
9980137,patnt,SF1,Depl,125,2.00,0.00,0.00,5.00,4.00,5.00,3.00,0.00,0.00,1.00,0.00,3.00,0.00,0.00,0.00,0.00
9980138,4e_5e,PO1,Depl,125,0.00,0.00,1.00,1.00,1.00,1.00,0.00,0.00,0.00,16.00,0.00,4.00,0.00,0.00,0.00,1.00
9980138,4e_5e,PRW,Depl,135,4.00,10.00,2.00,1.00,2.00,1.00,0.00,0.00,0.00,3.00,0.00,3.00,0.00,0.00,0.00,1.00
9980138,patnt,PO1,Depl,125,0.00,0.00,1.00,1.00,1.00,1.00,0.00,0.00,0.00,16.00,0.00,4.00,0.00,0.00,0.00,1.00
9980138,patnt,PRW,Depl,135,4.00,10.00,2.00,1.00,2.00,1.00,0.00,0.00,0.00,3.00,0.00,3.00,0.00,0.00,0.00,1.00
9980139,4e_5e,BW1,Depl,125,1.00,0.00,1.00,1.00,1.00,2.00,0.00,0.00,0.00,4.00,0.00,14.00,0.00,0.00,0.00,2.00
9980139,4e_5e,LH1,Depl,135,1.00,0.00,0.00,0.00,1.00,2.00,0.00,0.00,0.00,3.00,0.00,3.00,1.00,0.00,1.00,12.00
9980139,patnt,BW1,Depl,125,1.00,0.00,1.00,1.00,1.00,2.00,0.00,0.00,0.00,4.00,0.00,14.00,0.00,0.00,0.00,2.00
9980139,patnt,LH1,Depl,135,1.00,0.00,0.00,0.00,1.00,2.00,0.00,0.00,0.00,3.00,0.00,3.00,1.00,0.00,1.00,12.00
9980140,4e_5e,MW1,Depl,125,1.00,0.00,7.00,2.00,1.00,1.00,0.00,0.00,0.00,6.00,0.00,6.00,0.00,0.00,0.00,0.00
9980140,4e_5e,TH1,Depl,135,1.00,0.00,0.00,0.00,1.00,2.00,1.00,0.00,1.00,2.00,0.00,3.00,8.00,1.00,3.00,3.00
9980140,patnt,MW1,Depl,125,1.00,0.00,7.00,2.00,1.00,1.00,0.00,0.00,0.00,6.00,0.00,6.00,0.00,0.00,0.00,0.00
9980140,patnt,TH1,Depl,135,1.00,0.00,0.00,0.00,1.00,2.00,1.00,0.00,1.00,2.00,0.00,3.00,8.00,1.00,3.00,3.00
9980141,4e_5e,BOG,Depl,135,0.00,0.00,0.00,20.00,0.00,0.00,1.00,4.00,0.00,0.00,0.00,0.00,0.00,0.00,0.00,0.00
9980141,4e_5e,MW2,Depl,125,2.00,0.00,0.00,3.00,2.00,3.00,1.00,0.00,0.00,4.00,0.00,8.00,0.00,0.00,0.00,1.00
9980141,patnt,BOG,Depl,135,0.00,0.00,0.00,20.00,0.00,0.00,1.00,4.00,0.00,0.00,0.00,0.00,0.00,0.00,0.00,0.00
9980141,patnt,MW2,Depl,125,2.00,0.00,0.00,3.00,2.00,3.00,1.00,0.00,0.00,4.00,0.00,8.00,0.00,0.00,0.00,1.00
9980142,4e_5e,SB1,Depl,135,0.00,0.00,0.00,22.00,0.00,0.00,0.00,0.00,0.00,0.00,0.00,0.00,0.00,0.00,0.00,0.00
9980142,patnt,SB1,Depl,135,0.00,0.00,0.00,22.00,0.00,0.00,0.00,0.00,0.00,0.00,0.00,0.00,0.00,0.00,0.00,0.00
9980143,4e_5e,PJ1,Depl,135,0.00,0.00,20.00,2.00,0.00,0.00,0.00,0.00,0.00,2.00,0.00,0.00,0.00,0.00,0.00,0.00
9980143,patnt,PJ1,Depl,135,0.00,0.00,20.00,2.00,0.00,0.00,0.00,0.00,0.00,2.00,0.00,0.00,0.00,0.00,0.00,0.00
9980144,4e_5e,LC1,Depl,135,0.00,0.00,0.00,11.00,0.00,1.00,8.00,4.00,0.00,0.00,0.00,1.00,0.00,0.00,0.00,0.00
9980144,patnt,LC1,Depl,135,0.00,0.00,0.00,11.00,0.00,1.00,8.00,4.00,0.00,0.00,0.00,1.00,0.00,0.00,0.00,0.00
9980145,4e_5e,PJ2,Depl,135,0.00,0.00,14.00,4.00,0.00,0.00,0.00,0.00,0.00,2.00,0.00,2.00,0.00,0.00,0.00,0.00
9980145,patnt,PJ2,Depl,135,0.00,0.00,14.00,4.00,0.00,0.00,0.00,0.00,0.00,2.00,0.00,2.00,0.00,0.00,0.00,0.00
9980146,4e_5e,PR1,Depl,145,1.00,22.00,0.00,0.00,0.00,0.00,0.00,0.00,0.00,1.00,0.00,0.00,0.00,0.00,0.00,0.00
9980146,4e_5e,SP1,Depl,135,1.00,0.00,5.00,12.00,1.00,2.00,0.00,0.00,0.00,2.00,0.00,3.00,0.00,0.00,0.00,0.00
9980146,patnt,PR1,Depl,145,1.00,22.00,0.00,0.00,0.00,0.00,0.00,0.00,0.00,1.00,0.00,0.00,0.00,0.00,0.00,0.00
9980146,patnt,SP1,Depl,135,1.00,0.00,5.00,12.00,1.00,2.00,0.00,0.00,0.00,2.00,0.00,3.00,0.00,0.00,0.00,0.00
9980147,4e_5e,PW1,Depl,145,12.00,2.00,0.00,1.00,2.00,1.00,0.00,0.00,0.00,2.00,0.00,3.00,0.00,0.00,0.00,1.00
9980147,4e_5e,SF1,Depl,135,2.00,0.00,0.00,5.00,4.00,5.00,3.00,0.00,0.00,1.00,0.00,3.00,0.00,0.00,0.00,0.00
9980147,patnt,PW1,Depl,145,12.00,2.00,0.00,1.00,2.00,1.00,0.00,0.00,0.00,2.00,0.00,3.00,0.00,0.00,0.00,1.00
9980147,patnt,SF1,Depl,135,2.00,0.00,0.00,5.00,4.00,5.00,3.00,0.00,0.00,1.00,0.00,3.00,0.00,0.00,0.00,0.00
9980148,4e_5e,PO1,Depl,135,0.00,0.00,1.00,1.00,1.00,1.00,0.00,0.00,0.00,16.00,0.00,4.00,0.00,0.00,0.00,1.00
9980148,4e_5e,PRW,Depl,145,4.00,10.00,2.00,1.00,2.00,1.00,0.00,0.00,0.00,3.00,0.00,3.00,0.00,0.00,0.00,1.00
9980148,patnt,PO1,Depl,135,0.00,0.00,1.00,1.00,1.00,1.00,0.00,0.00,0.00,16.00,0.00,4.00,0.00,0.00,0.00,1.00
9980148,patnt,PRW,Depl,145,4.00,10.00,2.00,1.00,2.00,1.00,0.00,0.00,0.00,3.00,0.00,3.00,0.00,0.00,0.00,1.00
9980149,4e_5e,BW1,Depl,135,1.00,0.00,1.00,1.00,1.00,2.00,0.00,0.00,0.00,4.00,0.00,14.00,0.00,0.00,0.00,2.00
9980149,4e_5e,LH1,Depl,145,1.00,0.00,0.00,0.00,1.00,2.00,0.00,0.00,0.00,3.00,0.00,3.00,1.00,0.00,1.00,12.00
9980149,patnt,BW1,Depl,135,1.00,0.00,1.00,1.00,1.00,2.00,0.00,0.00,0.00,4.00,0.00,14.00,0.00,0.00,0.00,2.00
9980149,patnt,LH1,Depl,145,1.00,0.00,0.00,0.00,1.00,2.00,0.00,0.00,0.00,3.00,0.00,3.00,1.00,0.00,1.00,12.00
9980150,4e_5e,MW1,Depl,135,1.00,0.00,7.00,2.00,1.00,1.00,0.00,0.00,0.00,6.00,0.00,6.00,0.00,0.00,0.00,0.00
9980150,4e_5e,TH1,Depl,145,1.00,0.00,0.00,0.00,1.00,2.00,1.00,0.00,1.00,2.00,0.00,3.00,8.00,1.00,3.00,3.00
9980150,patnt,MW1,Depl,135,1.00,0.00,7.00,2.00,1.00,1.00,0.00,0.00,0.00,6.00,0.00,6.00,0.00,0.00,0.00,0.00
9980150,patnt,TH1,Depl,145,1.00,0.00,0.00,0.00,1.00,2.00,1.00,0.00,1.00,2.00,0.00,3.00,8.00,1.00,3.00,3.00
9980151,4e_5e,BOG,Depl,145,0.00,0.00,0.00,20.00,0.00,0.00,1.00,4.00,0.00,0.00,0.00,0.00,0.00,0.00,0.00,0.00
9980151,4e_5e,MW2,Depl,135,2.00,0.00,0.00,3.00,2.00,3.00,1.00,0.00,0.00,4.00,0.00,8.00,0.00,0.00,0.00,1.00
9980151,patnt,BOG,Depl,145,0.00,0.00,0.00,20.00,0.00,0.00,1.00,4.00,0.00,0.00,0.00,0.00,0.00,0.00,0.00,0.00
9980151,patnt,MW2,Depl,135,2.00,0.00,0.00,3.00,2.00,3.00,1.00,0.00,0.00,4.00,0.00,8.00,0.00,0.00,0.00,1.00
9980152,4e_5e,SB1,Depl,145,0.00,0.00,0.00,22.00,0.00,0.00,0.00,0.00,0.00,0.00,0.00,0.00,0.00,0.00,0.00,0.00
9980152,patnt,SB1,Depl,145,0.00,0.00,0.00,22.00,0.00,0.00,0.00,0.00,0.00,0.00,0.00,0.00,0.00,0.00,0.00,0.00
9980153,4e_5e,PJ1,Depl,145,0.00,0.00,20.00,2.00,0.00,0.00,0.00,0.00,0.00,2.00,0.00,0.00,0.00,0.00,0.00,0.00
9980153,patnt,PJ1,Depl,145,0.00,0.00,20.00,2.00,0.00,0.00,0.00,0.00,0.00,2.00,0.00,0.00,0.00,0.00,0.00,0.00
9980154,4e_5e,LC1,Depl,145,0.00,0.00,0.00,11.00,0.00,1.00,8.00,4.00,0.00,0.00,0.00,1.00,0.00,0.00,0.00,0.00
9980154,patnt,LC1,Depl,145,0.00,0.00,0.00,11.00,0.00,1.00,8.00,4.00,0.00,0.00,0.00,1.00,0.00,0.00,0.00,0.00
9980155,4e_5e,PJ2,Depl,145,0.00,0.00,14.00,4.00,0.00,0.00,0.00,0.00,0.00,2.00,0.00,2.00,0.00,0.00,0.00,0.00
9980155,patnt,PJ2,Depl,145,0.00,0.00,14.00,4.00,0.00,0.00,0.00,0.00,0.00,2.00,0.00,2.00,0.00,0.00,0.00,0.00
9980156,4e_5e,PR1,Depl,155,1.00,22.00,0.00,0.00,0.00,0.00,0.00,0.00,0.00,1.00,0.00,0.00,0.00,0.00,0.00,0.00
9980156,4e_5e,SP1,Depl,145,1.00,0.00,5.00,12.00,1.00,2.00,0.00,0.00,0.00,2.00,0.00,3.00,0.00,0.00,0.00,0.00
9980156,patnt,PR1,Depl,155,1.00,22.00,0.00,0.00,0.00,0.00,0.00,0.00,0.00,1.00,0.00,0.00,0.00,0.00,0.00,0.00
9980156,patnt,SP1,Depl,145,1.00,0.00,5.00,12.00,1.00,2.00,0.00,0.00,0.00,2.00,0.00,3.00,0.00,0.00,0.00,0.00
9980157,4e_5e,PW1,Depl,155,12.00,2.00,0.00,1.00,2.00,1.00,0.00,0.00,0.00,2.00,0.00,3.00,0.00,0.00,0.00,1.00
9980157,4e_5e,SF1,Depl,145,2.00,0.00,0.00,5.00,4.00,5.00,3.00,0.00,0.00,1.00,0.00,3.00,0.00,0.00,0.00,0.00
9980157,patnt,PW1,Depl,155,12.00,2.00,0.00,1.00,2.00,1.00,0.00,0.00,0.00,2.00,0.00,3.00,0.00,0.00,0.00,1.00
9980157,patnt,SF1,Depl,145,2.00,0.00,0.00,5.00,4.00,5.00,3.00,0.00,0.00,1.00,0.00,3.00,0.00,0.00,0.00,0.00
9980158,4e_5e,PO1,Depl,145,0.00,0.00,1.00,1.00,1.00,1.00,0.00,0.00,0.00,16.00,0.00,4.00,0.00,0.00,0.00,1.00
9980158,4e_5e,PRW,Depl,155,4.00,10.00,2.00,1.00,2.00,1.00,0.00,0.00,0.00,3.00,0.00,3.00,0.00,0.00,0.00,1.00
9980158,patnt,PO1,Depl,145,0.00,0.00,1.00,1.00,1.00,1.00,0.00,0.00,0.00,16.00,0.00,4.00,0.00,0.00,0.00,1.00
9980158,patnt,PRW,Depl,155,4.00,10.00,2.00,1.00,2.00,1.00,0.00,0.00,0.00,3.00,0.00,3.00,0.00,0.00,0.00,1.00
9980159,4e_5e,BW1,Depl,145,1.00,0.00,1.00,1.00,1.00,2.00,0.00,0.00,0.00,4.00,0.00,14.00,0.00,0.00,0.00,2.00
9980159,4e_5e,LH1,Depl,155,1.00,0.00,0.00,0.00,1.00,2.00,0.00,0.00,0.00,3.00,0.00,3.00,1.00,0.00,1.00,12.00
9980159,patnt,BW1,Depl,145,1.00,0.00,1.00,1.00,1.00,2.00,0.00,0.00,0.00,4.00,0.00,14.00,0.00,0.00,0.00,2.00
9980159,patnt,LH1,Depl,155,1.00,0.00,0.00,0.00,1.00,2.00,0.00,0.00,0.00,3.00,0.00,3.00,1.00,0.00,1.00,12.00
9980160,4e_5e,MW1,Depl,145,1.00,0.00,7.00,2.00,1.00,1.00,0.00,0.00,0.00,6.00,0.00,6.00,0.00,0.00,0.00,0.00
9980160,4e_5e,TH1,Depl,155,1.00,0.00,0.00,0.00,1.00,2.00,1.00,0.00,1.00,2.00,0.00,3.00,8.00,1.00,3.00,3.00
9980160,patnt,MW1,Depl,145,1.00,0.00,7.00,2.00,1.00,1.00,0.00,0.00,0.00,6.00,0.00,6.00,0.00,0.00,0.00,0.00
9980160,patnt,TH1,Depl,155,1.00,0.00,0.00,0.00,1.00,2.00,1.00,0.00,1.00,2.00,0.00,3.00,8.00,1.00,3.00,3.00
9980161,4e_5e,BOG,Depl,155,0.00,0.00,0.00,20.00,0.00,0.00,1.00,4.00,0.00,0.00,0.00,0.00,0.00,0.00,0.00,0.00
9980161,4e_5e,MW2,Depl,145,2.00,0.00,0.00,3.00,2.00,3.00,1.00,0.00,0.00,4.00,0.00,8.00,0.00,0.00,0.00,1.00
9980161,patnt,BOG,Depl,155,0.00,0.00,0.00,20.00,0.00,0.00,1.00,4.00,0.00,0.00,0.00,0.00,0.00,0.00,0.00,0.00
9980161,patnt,MW2,Depl,145,2.00,0.00,0.00,3.00,2.00,3.00,1.00,0.00,0.00,4.00,0.00,8.00,0.00,0.00,0.00,1.00
9980162,4e_5e,SB1,Depl,155,0.00,0.00,0.00,22.00,0.00,0.00,0.00,0.00,0.00,0.00,0.00,0.00,0.00,0.00,0.00,0.00
9980162,patnt,SB1,Depl,155,0.00,0.00,0.00,22.00,0.00,0.00,0.00,0.00,0.00,0.00,0.00,0.00,0.00,0.00,0.00,0.00
9980163,4e_5e,PJ1,Depl,155,0.00,0.00,20.00,2.00,0.00,0.00,0.00,0.00,0.00,2.00,0.00,0.00,0.00,0.00,0.00,0.00
9980163,patnt,PJ1,Depl,155,0.00,0.00,20.00,2.00,0.00,0.00,0.00,0.00,0.00,2.00,0.00,0.00,0.00,0.00,0.00,0.00
9980164,4e_5e,LC1,Depl,155,0.00,0.00,0.00,11.00,0.00,1.00,8.00,4.00,0.00,0.00,0.00,1.00,0.00,0.00,0.00,0.00
9980164,patnt,LC1,Depl,155,0.00,0.00,0.00,11.00,0.00,1.00,8.00,4.00,0.00,0.00,0.00,1.00,0.00,0.00,0.00,0.00
9980165,4e_5e,PJ2,Depl,155,0.00,0.00,14.00,4.00,0.00,0.00,0.00,0.00,0.00,2.00,0.00,2.00,0.00,0.00,0.00,0.00
9980165,patnt,PJ2,Depl,155,0.00,0.00,14.00,4.00,0.00,0.00,0.00,0.00,0.00,2.00,0.00,2.00,0.00,0.00,0.00,0.00
9980166,4e_5e,PR1,Depl,165,1.00,22.00,0.00,0.00,0.00,0.00,0.00,0.00,0.00,1.00,0.00,0.00,0.00,0.00,0.00,0.00
9980166,4e_5e,SP1,Depl,155,1.00,0.00,5.00,12.00,1.00,2.00,0.00,0.00,0.00,2.00,0.00,3.00,0.00,0.00,0.00,0.00
9980166,patnt,PR1,Depl,165,1.00,22.00,0.00,0.00,0.00,0.00,0.00,0.00,0.00,1.00,0.00,0.00,0.00,0.00,0.00,0.00
9980166,patnt,SP1,Depl,155,1.00,0.00,5.00,12.00,1.00,2.00,0.00,0.00,0.00,2.00,0.00,3.00,0.00,0.00,0.00,0.00
9980167,4e_5e,PW1,Depl,165,12.00,2.00,0.00,1.00,2.00,1.00,0.00,0.00,0.00,2.00,0.00,3.00,0.00,0.00,0.00,1.00
9980167,4e_5e,SF1,Depl,155,2.00,0.00,0.00,5.00,4.00,5.00,3.00,0.00,0.00,1.00,0.00,3.00,0.00,0.00,0.00,0.00
9980167,patnt,PW1,Depl,165,12.00,2.00,0.00,1.00,2.00,1.00,0.00,0.00,0.00,2.00,0.00,3.00,0.00,0.00,0.00,1.00
9980167,patnt,SF1,Depl,155,2.00,0.00,0.00,5.00,4.00,5.00,3.00,0.00,0.00,1.00,0.00,3.00,0.00,0.00,0.00,0.00
9980168,4e_5e,PO1,Depl,155,0.00,0.00,1.00,1.00,1.00,1.00,0.00,0.00,0.00,16.00,0.00,4.00,0.00,0.00,0.00,1.00
9980168,4e_5e,PRW,Depl,165,4.00,10.00,2.00,1.00,2.00,1.00,0.00,0.00,0.00,3.00,0.00,3.00,0.00,0.00,0.00,1.00
9980168,patnt,PO1,Depl,155,0.00,0.00,1.00,1.00,1.00,1.00,0.00,0.00,0.00,16.00,0.00,4.00,0.00,0.00,0.00,1.00
9980168,patnt,PRW,Depl,165,4.00,10.00,2.00,1.00,2.00,1.00,0.00,0.00,0.00,3.00,0.00,3.00,0.00,0.00,0.00,1.00
9980169,4e_5e,BW1,Depl,155,1.00,0.00,1.00,1.00,1.00,2.00,0.00,0.00,0.00,4.00,0.00,14.00,0.00,0.00,0.00,2.00
9980169,4e_5e,LH1,Depl,165,1.00,0.00,0.00,0.00,1.00,2.00,0.00,0.00,0.00,3.00,0.00,3.00,1.00,0.00,1.00,12.00
9980169,patnt,BW1,Depl,155,1.00,0.00,1.00,1.00,1.00,2.00,0.00,0.00,0.00,4.00,0.00,14.00,0.00,0.00,0.00,2.00
9980169,patnt,LH1,Depl,165,1.00,0.00,0.00,0.00,1.00,2.00,0.00,0.00,0.00,3.00,0.00,3.00,1.00,0.00,1.00,12.00
9980170,4e_5e,MW1,Depl,155,1.00,0.00,7.00,2.00,1.00,1.00,0.00,0.00,0.00,6.00,0.00,6.00,0.00,0.00,0.00,0.00
9980170,4e_5e,TH1,Depl,165,1.00,0.00,0.00,0.00,1.00,2.00,1.00,0.00,1.00,2.00,0.00,3.00,8.00,1.00,3.00,3.00
9980170,patnt,MW1,Depl,155,1.00,0.00,7.00,2.00,1.00,1.00,0.00,0.00,0.00,6.00,0.00,6.00,0.00,0.00,0.00,0.00
9980170,patnt,TH1,Depl,165,1.00,0.00,0.00,0.00,1.00,2.00,1.00,0.00,1.00,2.00,0.00,3.00,8.00,1.00,3.00,3.00
9980171,4e_5e,BOG,Depl,165,0.00,0.00,0.00,20.00,0.00,0.00,1.00,4.00,0.00,0.00,0.00,0.00,0.00,0.00,0.00,0.00
9980171,4e_5e,MW2,Depl,155,2.00,0.00,0.00,3.00,2.00,3.00,1.00,0.00,0.00,4.00,0.00,8.00,0.00,0.00,0.00,1.00
9980171,patnt,BOG,Depl,165,0.00,0.00,0.00,20.00,0.00,0.00,1.00,4.00,0.00,0.00,0.00,0.00,0.00,0.00,0.00,0.00
9980171,patnt,MW2,Depl,155,2.00,0.00,0.00,3.00,2.00,3.00,1.00,0.00,0.00,4.00,0.00,8.00,0.00,0.00,0.00,1.00
9980172,4e_5e,SB1,Depl,165,0.00,0.00,0.00,22.00,0.00,0.00,0.00,0.00,0.00,0.00,0.00,0.00,0.00,0.00,0.00,0.00
9980172,patnt,SB1,Depl,165,0.00,0.00,0.00,22.00,0.00,0.00,0.00,0.00,0.00,0.00,0.00,0.00,0.00,0.00,0.00,0.00
9980173,4e_5e,PJ1,Depl,165,0.00,0.00,20.00,2.00,0.00,0.00,0.00,0.00,0.00,2.00,0.00,0.00,0.00,0.00,0.00,0.00
9980173,patnt,PJ1,Depl,165,0.00,0.00,20.00,2.00,0.00,0.00,0.00,0.00,0.00,2.00,0.00,0.00,0.00,0.00,0.00,0.00
9980174,4e_5e,LC1,Depl,165,0.00,0.00,0.00,11.00,0.00,1.00,8.00,4.00,0.00,0.00,0.00,1.00,0.00,0.00,0.00,0.00
9980174,patnt,LC1,Depl,165,0.00,0.00,0.00,11.00,0.00,1.00,8.00,4.00,0.00,0.00,0.00,1.00,0.00,0.00,0.00,0.00
9980175,4e_5e,PJ2,Depl,165,0.00,0.00,14.00,4.00,0.00,0.00,0.00,0.00,0.00,2.00,0.00,2.00,0.00,0.00,0.00,0.00
9980175,patnt,PJ2,Depl,165,0.00,0.00,14.00,4.00,0.00,0.00,0.00,0.00,0.00,2.00,0.00,2.00,0.00,0.00,0.00,0.00
9980176,4e_5e,PR1,Depl,175,1.00,22.00,0.00,0.00,0.00,0.00,0.00,0.00,0.00,1.00,0.00,0.00,0.00,0.00,0.00,0.00
9980176,4e_5e,SP1,Depl,165,1.00,0.00,5.00,12.00,1.00,2.00,0.00,0.00,0.00,2.00,0.00,3.00,0.00,0.00,0.00,0.00
9980176,patnt,PR1,Depl,175,1.00,22.00,0.00,0.00,0.00,0.00,0.00,0.00,0.00,1.00,0.00,0.00,0.00,0.00,0.00,0.00
9980176,patnt,SP1,Depl,165,1.00,0.00,5.00,12.00,1.00,2.00,0.00,0.00,0.00,2.00,0.00,3.00,0.00,0.00,0.00,0.00
9980177,4e_5e,PW1,Depl,175,12.00,2.00,0.00,1.00,2.00,1.00,0.00,0.00,0.00,2.00,0.00,3.00,0.00,0.00,0.00,1.00
9980177,4e_5e,SF1,Depl,165,2.00,0.00,0.00,5.00,4.00,5.00,3.00,0.00,0.00,1.00,0.00,3.00,0.00,0.00,0.00,0.00
9980177,patnt,PW1,Depl,175,12.00,2.00,0.00,1.00,2.00,1.00,0.00,0.00,0.00,2.00,0.00,3.00,0.00,0.00,0.00,1.00
9980177,patnt,SF1,Depl,165,2.00,0.00,0.00,5.00,4.00,5.00,3.00,0.00,0.00,1.00,0.00,3.00,0.00,0.00,0.00,0.00
9980178,4e_5e,PO1,Depl,165,0.00,0.00,1.00,1.00,1.00,1.00,0.00,0.00,0.00,16.00,0.00,4.00,0.00,0.00,0.00,1.00
9980178,4e_5e,PRW,Depl,175,4.00,10.00,2.00,1.00,2.00,1.00,0.00,0.00,0.00,3.00,0.00,3.00,0.00,0.00,0.00,1.00
9980178,patnt,PO1,Depl,165,0.00,0.00,1.00,1.00,1.00,1.00,0.00,0.00,0.00,16.00,0.00,4.00,0.00,0.00,0.00,1.00
9980178,patnt,PRW,Depl,175,4.00,10.00,2.00,1.00,2.00,1.00,0.00,0.00,0.00,3.00,0.00,3.00,0.00,0.00,0.00,1.00
9980179,4e_5e,BW1,Depl,165,1.00,0.00,1.00,1.00,1.00,2.00,0.00,0.00,0.00,4.00,0.00,14.00,0.00,0.00,0.00,2.00
9980179,4e_5e,LH1,Depl,175,1.00,0.00,0.00,0.00,1.00,2.00,0.00,0.00,0.00,3.00,0.00,3.00,1.00,0.00,1.00,12.00
9980179,patnt,BW1,Depl,165,1.00,0.00,1.00,1.00,1.00,2.00,0.00,0.00,0.00,4.00,0.00,14.00,0.00,0.00,0.00,2.00
9980179,patnt,LH1,Depl,175,1.00,0.00,0.00,0.00,1.00,2.00,0.00,0.00,0.00,3.00,0.00,3.00,1.00,0.00,1.00,12.00
9980180,4e_5e,MW1,Depl,165,1.00,0.00,7.00,2.00,1.00,1.00,0.00,0.00,0.00,6.00,0.00,6.00,0.00,0.00,0.00,0.00
9980180,4e_5e,TH1,Depl,175,1.00,0.00,0.00,0.00,1.00,2.00,1.00,0.00,1.00,2.00,0.00,3.00,8.00,1.00,3.00,3.00
9980180,patnt,MW1,Depl,165,1.00,0.00,7.00,2.00,1.00,1.00,0.00,0.00,0.00,6.00,0.00,6.00,0.00,0.00,0.00,0.00
9980180,patnt,TH1,Depl,175,1.00,0.00,0.00,0.00,1.00,2.00,1.00,0.00,1.00,2.00,0.00,3.00,8.00,1.00,3.00,3.00
9980181,4e_5e,BOG,Depl,175,0.00,0.00,0.00,20.00,0.00,0.00,1.00,4.00,0.00,0.00,0.00,0.00,0.00,0.00,0.00,0.00
9980181,4e_5e,MW2,Depl,165,2.00,0.00,0.00,3.00,2.00,3.00,1.00,0.00,0.00,4.00,0.00,8.00,0.00,0.00,0.00,1.00
9980181,patnt,BOG,Depl,175,0.00,0.00,0.00,20.00,0.00,0.00,1.00,4.00,0.00,0.00,0.00,0.00,0.00,0.00,0.00,0.00
9980181,patnt,MW2,Depl,165,2.00,0.00,0.00,3.00,2.00,3.00,1.00,0.00,0.00,4.00,0.00,8.00,0.00,0.00,0.00,1.00
9980182,4e_5e,SB1,Depl,175,0.00,0.00,0.00,22.00,0.00,0.00,0.00,0.00,0.00,0.00,0.00,0.00,0.00,0.00,0.00,0.00
9980182,patnt,SB1,Depl,175,0.00,0.00,0.00,22.00,0.00,0.00,0.00,0.00,0.00,0.00,0.00,0.00,0.00,0.00,0.00,0.00
9980183,4e_5e,PJ1,Depl,175,0.00,0.00,20.00,2.00,0.00,0.00,0.00,0.00,0.00,2.00,0.00,0.00,0.00,0.00,0.00,0.00
9980183,patnt,PJ1,Depl,175,0.00,0.00,20.00,2.00,0.00,0.00,0.00,0.00,0.00,2.00,0.00,0.00,0.00,0.00,0.00,0.00
9980184,4e_5e,LC1,Depl,175,0.00,0.00,0.00,11.00,0.00,1.00,8.00,4.00,0.00,0.00,0.00,1.00,0.00,0.00,0.00,0.00
9980184,patnt,LC1,Depl,175,0.00,0.00,0.00,11.00,0.00,1.00,8.00,4.00,0.00,0.00,0.00,1.00,0.00,0.00,0.00,0.00
9980185,4e_5e,PJ2,Depl,175,0.00,0.00,14.00,4.00,0.00,0.00,0.00,0.00,0.00,2.00,0.00,2.00,0.00,0.00,0.00,0.00
9980185,patnt,PJ2,Depl,175,0.00,0.00,14.00,4.00,0.00,0.00,0.00,0.00,0.00,2.00,0.00,2.00,0.00,0.00,0.00,0.00
9980186,4e_5e,PR1,Depl,185,1.00,22.00,0.00,0.00,0.00,0.00,0.00,0.00,0.00,1.00,0.00,0.00,0.00,0.00,0.00,0.00
9980186,4e_5e,SP1,Depl,175,1.00,0.00,5.00,12.00,1.00,2.00,0.00,0.00,0.00,2.00,0.00,3.00,0.00,0.00,0.00,0.00
9980186,patnt,PR1,Depl,185,1.00,22.00,0.00,0.00,0.00,0.00,0.00,0.00,0.00,1.00,0.00,0.00,0.00,0.00,0.00,0.00
9980186,patnt,SP1,Depl,175,1.00,0.00,5.00,12.00,1.00,2.00,0.00,0.00,0.00,2.00,0.00,3.00,0.00,0.00,0.00,0.00
9980187,4e_5e,PW1,Depl,185,12.00,2.00,0.00,1.00,2.00,1.00,0.00,0.00,0.00,2.00,0.00,3.00,0.00,0.00,0.00,1.00
9980187,4e_5e,SF1,Depl,175,2.00,0.00,0.00,5.00,4.00,5.00,3.00,0.00,0.00,1.00,0.00,3.00,0.00,0.00,0.00,0.00
9980187,patnt,PW1,Depl,185,12.00,2.00,0.00,1.00,2.00,1.00,0.00,0.00,0.00,2.00,0.00,3.00,0.00,0.00,0.00,1.00
9980187,patnt,SF1,Depl,175,2.00,0.00,0.00,5.00,4.00,5.00,3.00,0.00,0.00,1.00,0.00,3.00,0.00,0.00,0.00,0.00
9980188,4e_5e,PO1,Depl,175,0.00,0.00,1.00,1.00,1.00,1.00,0.00,0.00,0.00,16.00,0.00,4.00,0.00,0.00,0.00,1.00
9980188,4e_5e,PRW,Depl,185,4.00,10.00,2.00,1.00,2.00,1.00,0.00,0.00,0.00,3.00,0.00,3.00,0.00,0.00,0.00,1.00
9980188,patnt,PO1,Depl,175,0.00,0.00,1.00,1.00,1.00,1.00,0.00,0.00,0.00,16.00,0.00,4.00,0.00,0.00,0.00,1.00
9980188,patnt,PRW,Depl,185,4.00,10.00,2.00,1.00,2.00,1.00,0.00,0.00,0.00,3.00,0.00,3.00,0.00,0.00,0.00,1.00
9980189,4e_5e,BW1,Depl,175,1.00,0.00,1.00,1.00,1.00,2.00,0.00,0.00,0.00,4.00,0.00,14.00,0.00,0.00,0.00,2.00
9980189,4e_5e,LH1,Depl,185,1.00,0.00,0.00,0.00,1.00,2.00,0.00,0.00,0.00,3.00,0.00,3.00,1.00,0.00,1.00,12.00
9980189,patnt,BW1,Depl,175,1.00,0.00,1.00,1.00,1.00,2.00,0.00,0.00,0.00,4.00,0.00,14.00,0.00,0.00,0.00,2.00
9980189,patnt,LH1,Depl,185,1.00,0.00,0.00,0.00,1.00,2.00,0.00,0.00,0.00,3.00,0.00,3.00,1.00,0.00,1.00,12.00
9980190,4e_5e,MW1,Depl,175,1.00,0.00,7.00,2.00,1.00,1.00,0.00,0.00,0.00,6.00,0.00,6.00,0.00,0.00,0.00,0.00
9980190,4e_5e,TH1,Depl,185,1.00,0.00,0.00,0.00,1.00,2.00,1.00,0.00,1.00,2.00,0.00,3.00,8.00,1.00,3.00,3.00
9980190,patnt,MW1,Depl,175,1.00,0.00,7.00,2.00,1.00,1.00,0.00,0.00,0.00,6.00,0.00,6.00,0.00,0.00,0.00,0.00
9980190,patnt,TH1,Depl,185,1.00,0.00,0.00,0.00,1.00,2.00,1.00,0.00,1.00,2.00,0.00,3.00,8.00,1.00,3.00,3.00
9980191,4e_5e,BOG,Depl,185,0.00,0.00,0.00,20.00,0.00,0.00,1.00,4.00,0.00,0.00,0.00,0.00,0.00,0.00,0.00,0.00
9980191,4e_5e,MW2,Depl,175,2.00,0.00,0.00,3.00,2.00,3.00,1.00,0.00,0.00,4.00,0.00,8.00,0.00,0.00,0.00,1.00
9980191,patnt,BOG,Depl,185,0.00,0.00,0.00,20.00,0.00,0.00,1.00,4.00,0.00,0.00,0.00,0.00,0.00,0.00,0.00,0.00
9980191,patnt,MW2,Depl,175,2.00,0.00,0.00,3.00,2.00,3.00,1.00,0.00,0.00,4.00,0.00,8.00,0.00,0.00,0.00,1.00
9980192,4e_5e,SB1,Depl,185,0.00,0.00,0.00,22.00,0.00,0.00,0.00,0.00,0.00,0.00,0.00,0.00,0.00,0.00,0.00,0.00
9980192,patnt,SB1,Depl,185,0.00,0.00,0.00,22.00,0.00,0.00,0.00,0.00,0.00,0.00,0.00,0.00,0.00,0.00,0.00,0.00
9980193,4e_5e,PJ1,Depl,185,0.00,0.00,20.00,2.00,0.00,0.00,0.00,0.00,0.00,2.00,0.00,0.00,0.00,0.00,0.00,0.00
9980193,patnt,PJ1,Depl,185,0.00,0.00,20.00,2.00,0.00,0.00,0.00,0.00,0.00,2.00,0.00,0.00,0.00,0.00,0.00,0.00
9980194,4e_5e,LC1,Depl,185,0.00,0.00,0.00,11.00,0.00,1.00,8.00,4.00,0.00,0.00,0.00,1.00,0.00,0.00,0.00,0.00
9980194,patnt,LC1,Depl,185,0.00,0.00,0.00,11.00,0.00,1.00,8.00,4.00,0.00,0.00,0.00,1.00,0.00,0.00,0.00,0.00
9980195,4e_5e,PJ2,Depl,185,0.00,0.00,14.00,4.00,0.00,0.00,0.00,0.00,0.00,2.00,0.00,2.00,0.00,0.00,0.00,0.00
9980195,patnt,PJ2,Depl,185,0.00,0.00,14.00,4.00,0.00,0.00,0.00,0.00,0.00,2.00,0.00,2.00,0.00,0.00,0.00,0.00
9980196,4e_5e,PR1,Depl,195,1.00,22.00,0.00,0.00,0.00,0.00,0.00,0.00,0.00,1.00,0.00,0.00,0.00,0.00,0.00,0.00
9980196,4e_5e,SP1,Depl,185,1.00,0.00,5.00,12.00,1.00,2.00,0.00,0.00,0.00,2.00,0.00,3.00,0.00,0.00,0.00,0.00
9980196,patnt,PR1,Depl,195,1.00,22.00,0.00,0.00,0.00,0.00,0.00,0.00,0.00,1.00,0.00,0.00,0.00,0.00,0.00,0.00
9980196,patnt,SP1,Depl,185,1.00,0.00,5.00,12.00,1.00,2.00,0.00,0.00,0.00,2.00,0.00,3.00,0.00,0.00,0.00,0.00
9980197,4e_5e,PW1,Depl,195,12.00,2.00,0.00,1.00,2.00,1.00,0.00,0.00,0.00,2.00,0.00,3.00,0.00,0.00,0.00,1.00
9980197,4e_5e,SF1,Depl,185,2.00,0.00,0.00,5.00,4.00,5.00,3.00,0.00,0.00,1.00,0.00,3.00,0.00,0.00,0.00,0.00
9980197,patnt,PW1,Depl,195,12.00,2.00,0.00,1.00,2.00,1.00,0.00,0.00,0.00,2.00,0.00,3.00,0.00,0.00,0.00,1.00
9980197,patnt,SF1,Depl,185,2.00,0.00,0.00,5.00,4.00,5.00,3.00,0.00,0.00,1.00,0.00,3.00,0.00,0.00,0.00,0.00
9980198,4e_5e,PO1,Depl,185,0.00,0.00,1.00,1.00,1.00,1.00,0.00,0.00,0.00,16.00,0.00,4.00,0.00,0.00,0.00,1.00
9980198,4e_5e,PRW,Depl,195,4.00,10.00,2.00,1.00,2.00,1.00,0.00,0.00,0.00,3.00,0.00,3.00,0.00,0.00,0.00,1.00
9980198,patnt,PO1,Depl,185,0.00,0.00,1.00,1.00,1.00,1.00,0.00,0.00,0.00,16.00,0.00,4.00,0.00,0.00,0.00,1.00
9980198,patnt,PRW,Depl,195,4.00,10.00,2.00,1.00,2.00,1.00,0.00,0.00,0.00,3.00,0.00,3.00,0.00,0.00,0.00,1.00
9980199,4e_5e,BW1,Depl,185,1.00,0.00,1.00,1.00,1.00,2.00,0.00,0.00,0.00,4.00,0.00,14.00,0.00,0.00,0.00,2.00
9980199,4e_5e,LH1,Depl,195,1.00,0.00,0.00,0.00,1.00,2.00,0.00,0.00,0.00,3.00,0.00,3.00,1.00,0.00,1.00,12.00
9980199,patnt,BW1,Depl,185,1.00,0.00,1.00,1.00,1.00,2.00,0.00,0.00,0.00,4.00,0.00,14.00,0.00,0.00,0.00,2.00
9980199,patnt,LH1,Depl,195,1.00,0.00,0.00,0.00,1.00,2.00,0.00,0.00,0.00,3.00,0.00,3.00,1.00,0.00,1.00,12.00
9980200,4e_5e,MW1,Depl,185,1.00,0.00,7.00,2.00,1.00,1.00,0.00,0.00,0.00,6.00,0.00,6.00,0.00,0.00,0.00,0.00
9980200,4e_5e,TH1,Depl,195,1.00,0.00,0.00,0.00,1.00,2.00,1.00,0.00,1.00,2.00,0.00,3.00,8.00,1.00,3.00,3.00
9980200,patnt,MW1,Depl,185,1.00,0.00,7.00,2.00,1.00,1.00,0.00,0.00,0.00,6.00,0.00,6.00,0.00,0.00,0.00,0.00
9980200,patnt,TH1,Depl,195,1.00,0.00,0.00,0.00,1.00,2.00,1.00,0.00,1.00,2.00,0.00,3.00,8.00,1.00,3.00,3.00
9980201,4e_5e,BOG,Depl,195,0.00,0.00,0.00,20.00,0.00,0.00,1.00,4.00,0.00,0.00,0.00,0.00,0.00,0.00,0.00,0.00
9980201,4e_5e,MW2,Depl,185,2.00,0.00,0.00,3.00,2.00,3.00,1.00,0.00,0.00,4.00,0.00,8.00,0.00,0.00,0.00,1.00
9980201,patnt,BOG,Depl,195,0.00,0.00,0.00,20.00,0.00,0.00,1.00,4.00,0.00,0.00,0.00,0.00,0.00,0.00,0.00,0.00
9980201,patnt,MW2,Depl,185,2.00,0.00,0.00,3.00,2.00,3.00,1.00,0.00,0.00,4.00,0.00,8.00,0.00,0.00,0.00,1.00
9980202,4e_5e,SB1,Depl,195,0.00,0.00,0.00,22.00,0.00,0.00,0.00,0.00,0.00,0.00,0.00,0.00,0.00,0.00,0.00,0.00
9980202,patnt,SB1,Depl,195,0.00,0.00,0.00,22.00,0.00,0.00,0.00,0.00,0.00,0.00,0.00,0.00,0.00,0.00,0.00,0.00
9980203,4e_5e,PJ1,Depl,195,0.00,0.00,20.00,2.00,0.00,0.00,0.00,0.00,0.00,2.00,0.00,0.00,0.00,0.00,0.00,0.00
9980203,patnt,PJ1,Depl,195,0.00,0.00,20.00,2.00,0.00,0.00,0.00,0.00,0.00,2.00,0.00,0.00,0.00,0.00,0.00,0.00
9980204,4e_5e,LC1,Depl,195,0.00,0.00,0.00,11.00,0.00,1.00,8.00,4.00,0.00,0.00,0.00,1.00,0.00,0.00,0.00,0.00
9980204,patnt,LC1,Depl,195,0.00,0.00,0.00,11.00,0.00,1.00,8.00,4.00,0.00,0.00,0.00,1.00,0.00,0.00,0.00,0.00
9980205,4e_5e,PJ2,Depl,195,0.00,0.00,14.00,4.00,0.00,0.00,0.00,0.00,0.00,2.00,0.00,2.00,0.00,0.00,0.00,0.00
9980205,patnt,PJ2,Depl,195,0.00,0.00,14.00,4.00,0.00,0.00,0.00,0.00,0.00,2.00,0.00,2.00,0.00,0.00,0.00,0.00
9980206,4e_5e,PR1,Depl,205,1.00,22.00,0.00,0.00,0.00,0.00,0.00,0.00,0.00,1.00,0.00,0.00,0.00,0.00,0.00,0.00
9980206,4e_5e,SP1,Depl,195,1.00,0.00,5.00,12.00,1.00,2.00,0.00,0.00,0.00,2.00,0.00,3.00,0.00,0.00,0.00,0.00
9980206,patnt,PR1,Depl,205,1.00,22.00,0.00,0.00,0.00,0.00,0.00,0.00,0.00,1.00,0.00,0.00,0.00,0.00,0.00,0.00
9980206,patnt,SP1,Depl,195,1.00,0.00,5.00,12.00,1.00,2.00,0.00,0.00,0.00,2.00,0.00,3.00,0.00,0.00,0.00,0.00
9980207,4e_5e,PW1,Depl,205,12.00,2.00,0.00,1.00,2.00,1.00,0.00,0.00,0.00,2.00,0.00,3.00,0.00,0.00,0.00,1.00
9980207,4e_5e,SF1,Depl,195,2.00,0.00,0.00,5.00,4.00,5.00,3.00,0.00,0.00,1.00,0.00,3.00,0.00,0.00,0.00,0.00
9980207,patnt,PW1,Depl,205,12.00,2.00,0.00,1.00,2.00,1.00,0.00,0.00,0.00,2.00,0.00,3.00,0.00,0.00,0.00,1.00
9980207,patnt,SF1,Depl,195,2.00,0.00,0.00,5.00,4.00,5.00,3.00,0.00,0.00,1.00,0.00,3.00,0.00,0.00,0.00,0.00
9980208,4e_5e,PO1,Depl,195,0.00,0.00,1.00,1.00,1.00,1.00,0.00,0.00,0.00,16.00,0.00,4.00,0.00,0.00,0.00,1.00
9980208,4e_5e,PRW,Depl,205,4.00,10.00,2.00,1.00,2.00,1.00,0.00,0.00,0.00,3.00,0.00,3.00,0.00,0.00,0.00,1.00
9980208,patnt,PO1,Depl,195,0.00,0.00,1.00,1.00,1.00,1.00,0.00,0.00,0.00,16.00,0.00,4.00,0.00,0.00,0.00,1.00
9980208,patnt,PRW,Depl,205,4.00,10.00,2.00,1.00,2.00,1.00,0.00,0.00,0.00,3.00,0.00,3.00,0.00,0.00,0.00,1.00
9980209,4e_5e,BW1,Depl,195,1.00,0.00,1.00,1.00,1.00,2.00,0.00,0.00,0.00,4.00,0.00,14.00,0.00,0.00,0.00,2.00
9980209,4e_5e,LH1,Depl,205,1.00,0.00,0.00,0.00,1.00,2.00,0.00,0.00,0.00,3.00,0.00,3.00,1.00,0.00,1.00,12.00
9980209,patnt,BW1,Depl,195,1.00,0.00,1.00,1.00,1.00,2.00,0.00,0.00,0.00,4.00,0.00,14.00,0.00,0.00,0.00,2.00
9980209,patnt,LH1,Depl,205,1.00,0.00,0.00,0.00,1.00,2.00,0.00,0.00,0.00,3.00,0.00,3.00,1.00,0.00,1.00,12.00
9980210,4e_5e,MW1,Depl,195,1.00,0.00,7.00,2.00,1.00,1.00,0.00,0.00,0.00,6.00,0.00,6.00,0.00,0.00,0.00,0.00
9980210,4e_5e,TH1,Depl,205,1.00,0.00,0.00,0.00,1.00,2.00,1.00,0.00,1.00,2.00,0.00,3.00,8.00,1.00,3.00,3.00
9980210,patnt,MW1,Depl,195,1.00,0.00,7.00,2.00,1.00,1.00,0.00,0.00,0.00,6.00,0.00,6.00,0.00,0.00,0.00,0.00
9980210,patnt,TH1,Depl,205,1.00,0.00,0.00,0.00,1.00,2.00,1.00,0.00,1.00,2.00,0.00,3.00,8.00,1.00,3.00,3.00
9980211,4e_5e,BOG,Depl,205,0.00,0.00,0.00,20.00,0.00,0.00,1.00,4.00,0.00,0.00,0.00,0.00,0.00,0.00,0.00,0.00
9980211,4e_5e,MW2,Depl,195,2.00,0.00,0.00,3.00,2.00,3.00,1.00,0.00,0.00,4.00,0.00,8.00,0.00,0.00,0.00,1.00
9980211,patnt,BOG,Depl,205,0.00,0.00,0.00,20.00,0.00,0.00,1.00,4.00,0.00,0.00,0.00,0.00,0.00,0.00,0.00,0.00
9980211,patnt,MW2,Depl,195,2.00,0.00,0.00,3.00,2.00,3.00,1.00,0.00,0.00,4.00,0.00,8.00,0.00,0.00,0.00,1.00
9980212,4e_5e,SB1,Depl,205,0.00,0.00,0.00,22.00,0.00,0.00,0.00,0.00,0.00,0.00,0.00,0.00,0.00,0.00,0.00,0.00
9980212,patnt,SB1,Depl,205,0.00,0.00,0.00,22.00,0.00,0.00,0.00,0.00,0.00,0.00,0.00,0.00,0.00,0.00,0.00,0.00
9980213,4e_5e,PJ1,Depl,205,0.00,0.00,20.00,2.00,0.00,0.00,0.00,0.00,0.00,2.00,0.00,0.00,0.00,0.00,0.00,0.00
9980213,patnt,PJ1,Depl,205,0.00,0.00,20.00,2.00,0.00,0.00,0.00,0.00,0.00,2.00,0.00,0.00,0.00,0.00,0.00,0.00
9980214,4e_5e,LC1,Depl,205,0.00,0.00,0.00,11.00,0.00,1.00,8.00,4.00,0.00,0.00,0.00,1.00,0.00,0.00,0.00,0.00
9980214,patnt,LC1,Depl,205,0.00,0.00,0.00,11.00,0.00,1.00,8.00,4.00,0.00,0.00,0.00,1.00,0.00,0.00,0.00,0.00
9980215,4e_5e,PJ2,Depl,205,0.00,0.00,14.00,4.00,0.00,0.00,0.00,0.00,0.00,2.00,0.00,2.00,0.00,0.00,0.00,0.00
9980215,patnt,PJ2,Depl,205,0.00,0.00,14.00,4.00,0.00,0.00,0.00,0.00,0.00,2.00,0.00,2.00,0.00,0.00,0.00,0.00
9980216,4e_5e,PR1,Depl,215,1.00,22.00,0.00,0.00,0.00,0.00,0.00,0.00,0.00,1.00,0.00,0.00,0.00,0.00,0.00,0.00
9980216,4e_5e,SP1,Depl,205,1.00,0.00,5.00,12.00,1.00,2.00,0.00,0.00,0.00,2.00,0.00,3.00,0.00,0.00,0.00,0.00
9980216,patnt,PR1,Depl,215,1.00,22.00,0.00,0.00,0.00,0.00,0.00,0.00,0.00,1.00,0.00,0.00,0.00,0.00,0.00,0.00
9980216,patnt,SP1,Depl,205,1.00,0.00,5.00,12.00,1.00,2.00,0.00,0.00,0.00,2.00,0.00,3.00,0.00,0.00,0.00,0.00
9980217,4e_5e,PW1,Depl,215,12.00,2.00,0.00,1.00,2.00,1.00,0.00,0.00,0.00,2.00,0.00,3.00,0.00,0.00,0.00,1.00
9980217,4e_5e,SF1,Depl,205,2.00,0.00,0.00,5.00,4.00,5.00,3.00,0.00,0.00,1.00,0.00,3.00,0.00,0.00,0.00,0.00
9980217,patnt,PW1,Depl,215,12.00,2.00,0.00,1.00,2.00,1.00,0.00,0.00,0.00,2.00,0.00,3.00,0.00,0.00,0.00,1.00
9980217,patnt,SF1,Depl,205,2.00,0.00,0.00,5.00,4.00,5.00,3.00,0.00,0.00,1.00,0.00,3.00,0.00,0.00,0.00,0.00
9980218,4e_5e,PO1,Depl,205,0.00,0.00,1.00,1.00,1.00,1.00,0.00,0.00,0.00,16.00,0.00,4.00,0.00,0.00,0.00,1.00
9980218,4e_5e,PRW,Depl,215,4.00,10.00,2.00,1.00,2.00,1.00,0.00,0.00,0.00,3.00,0.00,3.00,0.00,0.00,0.00,1.00
9980218,patnt,PO1,Depl,205,0.00,0.00,1.00,1.00,1.00,1.00,0.00,0.00,0.00,16.00,0.00,4.00,0.00,0.00,0.00,1.00
9980218,patnt,PRW,Depl,215,4.00,10.00,2.00,1.00,2.00,1.00,0.00,0.00,0.00,3.00,0.00,3.00,0.00,0.00,0.00,1.00
9980219,4e_5e,BW1,Depl,205,1.00,0.00,1.00,1.00,1.00,2.00,0.00,0.00,0.00,4.00,0.00,14.00,0.00,0.00,0.00,2.00
9980219,4e_5e,LH1,Depl,215,1.00,0.00,0.00,0.00,1.00,2.00,0.00,0.00,0.00,3.00,0.00,3.00,1.00,0.00,1.00,12.00
9980219,patnt,BW1,Depl,205,1.00,0.00,1.00,1.00,1.00,2.00,0.00,0.00,0.00,4.00,0.00,14.00,0.00,0.00,0.00,2.00
9980219,patnt,LH1,Depl,215,1.00,0.00,0.00,0.00,1.00,2.00,0.00,0.00,0.00,3.00,0.00,3.00,1.00,0.00,1.00,12.00
9980220,4e_5e,MW1,Depl,205,1.00,0.00,7.00,2.00,1.00,1.00,0.00,0.00,0.00,6.00,0.00,6.00,0.00,0.00,0.00,0.00
9980220,4e_5e,TH1,Depl,215,1.00,0.00,0.00,0.00,1.00,2.00,1.00,0.00,1.00,2.00,0.00,3.00,8.00,1.00,3.00,3.00
9980220,patnt,MW1,Depl,205,1.00,0.00,7.00,2.00,1.00,1.00,0.00,0.00,0.00,6.00,0.00,6.00,0.00,0.00,0.00,0.00
9980220,patnt,TH1,Depl,215,1.00,0.00,0.00,0.00,1.00,2.00,1.00,0.00,1.00,2.00,0.00,3.00,8.00,1.00,3.00,3.00
9980221,4e_5e,BOG,Depl,215,0.00,0.00,0.00,20.00,0.00,0.00,1.00,4.00,0.00,0.00,0.00,0.00,0.00,0.00,0.00,0.00
9980221,4e_5e,MW2,Depl,205,2.00,0.00,0.00,3.00,2.00,3.00,1.00,0.00,0.00,4.00,0.00,8.00,0.00,0.00,0.00,1.00
9980221,patnt,BOG,Depl,215,0.00,0.00,0.00,20.00,0.00,0.00,1.00,4.00,0.00,0.00,0.00,0.00,0.00,0.00,0.00,0.00
9980221,patnt,MW2,Depl,205,2.00,0.00,0.00,3.00,2.00,3.00,1.00,0.00,0.00,4.00,0.00,8.00,0.00,0.00,0.00,1.00
9980222,4e_5e,SB1,Depl,215,0.00,0.00,0.00,22.00,0.00,0.00,0.00,0.00,0.00,0.00,0.00,0.00,0.00,0.00,0.00,0.00
9980222,patnt,SB1,Depl,215,0.00,0.00,0.00,22.00,0.00,0.00,0.00,0.00,0.00,0.00,0.00,0.00,0.00,0.00,0.00,0.00
9980223,4e_5e,PJ1,Depl,215,0.00,0.00,20.00,2.00,0.00,0.00,0.00,0.00,0.00,2.00,0.00,0.00,0.00,0.00,0.00,0.00
9980223,patnt,PJ1,Depl,215,0.00,0.00,20.00,2.00,0.00,0.00,0.00,0.00,0.00,2.00,0.00,0.00,0.00,0.00,0.00,0.00
9980224,4e_5e,LC1,Depl,215,0.00,0.00,0.00,11.00,0.00,1.00,8.00,4.00,0.00,0.00,0.00,1.00,0.00,0.00,0.00,0.00
9980224,patnt,LC1,Depl,215,0.00,0.00,0.00,11.00,0.00,1.00,8.00,4.00,0.00,0.00,0.00,1.00,0.00,0.00,0.00,0.00
9980225,4e_5e,PJ2,Depl,215,0.00,0.00,14.00,4.00,0.00,0.00,0.00,0.00,0.00,2.00,0.00,2.00,0.00,0.00,0.00,0.00
9980225,patnt,PJ2,Depl,215,0.00,0.00,14.00,4.00,0.00,0.00,0.00,0.00,0.00,2.00,0.00,2.00,0.00,0.00,0.00,0.00
9980226,4e_5e,PR1,Depl,225,1.00,22.00,0.00,0.00,0.00,0.00,0.00,0.00,0.00,1.00,0.00,0.00,0.00,0.00,0.00,0.00
9980226,4e_5e,SP1,Depl,215,1.00,0.00,5.00,12.00,1.00,2.00,0.00,0.00,0.00,2.00,0.00,3.00,0.00,0.00,0.00,0.00
9980226,patnt,PR1,Depl,225,1.00,22.00,0.00,0.00,0.00,0.00,0.00,0.00,0.00,1.00,0.00,0.00,0.00,0.00,0.00,0.00
9980226,patnt,SP1,Depl,215,1.00,0.00,5.00,12.00,1.00,2.00,0.00,0.00,0.00,2.00,0.00,3.00,0.00,0.00,0.00,0.00
9980227,4e_5e,PW1,Depl,225,12.00,2.00,0.00,1.00,2.00,1.00,0.00,0.00,0.00,2.00,0.00,3.00,0.00,0.00,0.00,1.00
9980227,4e_5e,SF1,Depl,215,2.00,0.00,0.00,5.00,4.00,5.00,3.00,0.00,0.00,1.00,0.00,3.00,0.00,0.00,0.00,0.00
9980227,patnt,PW1,Depl,225,12.00,2.00,0.00,1.00,2.00,1.00,0.00,0.00,0.00,2.00,0.00,3.00,0.00,0.00,0.00,1.00
9980227,patnt,SF1,Depl,215,2.00,0.00,0.00,5.00,4.00,5.00,3.00,0.00,0.00,1.00,0.00,3.00,0.00,0.00,0.00,0.00
9980228,4e_5e,PO1,Depl,215,0.00,0.00,1.00,1.00,1.00,1.00,0.00,0.00,0.00,16.00,0.00,4.00,0.00,0.00,0.00,1.00
9980228,4e_5e,PRW,Depl,225,4.00,10.00,2.00,1.00,2.00,1.00,0.00,0.00,0.00,3.00,0.00,3.00,0.00,0.00,0.00,1.00
9980228,patnt,PO1,Depl,215,0.00,0.00,1.00,1.00,1.00,1.00,0.00,0.00,0.00,16.00,0.00,4.00,0.00,0.00,0.00,1.00
9980228,patnt,PRW,Depl,225,4.00,10.00,2.00,1.00,2.00,1.00,0.00,0.00,0.00,3.00,0.00,3.00,0.00,0.00,0.00,1.00
9980229,4e_5e,BW1,Depl,215,1.00,0.00,1.00,1.00,1.00,2.00,0.00,0.00,0.00,4.00,0.00,14.00,0.00,0.00,0.00,2.00
9980229,4e_5e,LH1,Depl,225,1.00,0.00,0.00,0.00,1.00,2.00,0.00,0.00,0.00,3.00,0.00,3.00,1.00,0.00,1.00,12.00
9980229,patnt,BW1,Depl,215,1.00,0.00,1.00,1.00,1.00,2.00,0.00,0.00,0.00,4.00,0.00,14.00,0.00,0.00,0.00,2.00
9980229,patnt,LH1,Depl,225,1.00,0.00,0.00,0.00,1.00,2.00,0.00,0.00,0.00,3.00,0.00,3.00,1.00,0.00,1.00,12.00
9980230,4e_5e,MW1,Depl,215,1.00,0.00,7.00,2.00,1.00,1.00,0.00,0.00,0.00,6.00,0.00,6.00,0.00,0.00,0.00,0.00
9980230,4e_5e,TH1,Depl,225,1.00,0.00,0.00,0.00,1.00,2.00,1.00,0.00,1.00,2.00,0.00,3.00,8.00,1.00,3.00,3.00
9980230,patnt,MW1,Depl,215,1.00,0.00,7.00,2.00,1.00,1.00,0.00,0.00,0.00,6.00,0.00,6.00,0.00,0.00,0.00,0.00
9980230,patnt,TH1,Depl,225,1.00,0.00,0.00,0.00,1.00,2.00,1.00,0.00,1.00,2.00,0.00,3.00,8.00,1.00,3.00,3.00
9980231,4e_5e,BOG,Depl,225,0.00,0.00,0.00,20.00,0.00,0.00,1.00,4.00,0.00,0.00,0.00,0.00,0.00,0.00,0.00,0.00
9980231,4e_5e,MW2,Depl,215,2.00,0.00,0.00,3.00,2.00,3.00,1.00,0.00,0.00,4.00,0.00,8.00,0.00,0.00,0.00,1.00
9980231,patnt,BOG,Depl,225,0.00,0.00,0.00,20.00,0.00,0.00,1.00,4.00,0.00,0.00,0.00,0.00,0.00,0.00,0.00,0.00
9980231,patnt,MW2,Depl,215,2.00,0.00,0.00,3.00,2.00,3.00,1.00,0.00,0.00,4.00,0.00,8.00,0.00,0.00,0.00,1.00
9980232,4e_5e,SB1,Depl,225,0.00,0.00,0.00,22.00,0.00,0.00,0.00,0.00,0.00,0.00,0.00,0.00,0.00,0.00,0.00,0.00
9980232,patnt,SB1,Depl,225,0.00,0.00,0.00,22.00,0.00,0.00,0.00,0.00,0.00,0.00,0.00,0.00,0.00,0.00,0.00,0.00
9980233,4e_5e,PJ1,Depl,225,0.00,0.00,20.00,2.00,0.00,0.00,0.00,0.00,0.00,2.00,0.00,0.00,0.00,0.00,0.00,0.00
9980233,patnt,PJ1,Depl,225,0.00,0.00,20.00,2.00,0.00,0.00,0.00,0.00,0.00,2.00,0.00,0.00,0.00,0.00,0.00,0.00
9980234,4e_5e,LC1,Depl,225,0.00,0.00,0.00,11.00,0.00,1.00,8.00,4.00,0.00,0.00,0.00,1.00,0.00,0.00,0.00,0.00
9980234,patnt,LC1,Depl,225,0.00,0.00,0.00,11.00,0.00,1.00,8.00,4.00,0.00,0.00,0.00,1.00,0.00,0.00,0.00,0.00
9980235,4e_5e,PJ2,Depl,225,0.00,0.00,14.00,4.00,0.00,0.00,0.00,0.00,0.00,2.00,0.00,2.00,0.00,0.00,0.00,0.00
9980235,patnt,PJ2,Depl,225,0.00,0.00,14.00,4.00,0.00,0.00,0.00,0.00,0.00,2.00,0.00,2.00,0.00,0.00,0.00,0.00
9980236,4e_5e,PR1,Depl,235,1.00,22.00,0.00,0.00,0.00,0.00,0.00,0.00,0.00,1.00,0.00,0.00,0.00,0.00,0.00,0.00
9980236,4e_5e,SP1,Depl,225,1.00,0.00,5.00,12.00,1.00,2.00,0.00,0.00,0.00,2.00,0.00,3.00,0.00,0.00,0.00,0.00
9980236,patnt,PR1,Depl,235,1.00,22.00,0.00,0.00,0.00,0.00,0.00,0.00,0.00,1.00,0.00,0.00,0.00,0.00,0.00,0.00
9980236,patnt,SP1,Depl,225,1.00,0.00,5.00,12.00,1.00,2.00,0.00,0.00,0.00,2.00,0.00,3.00,0.00,0.00,0.00,0.00
9980237,4e_5e,PW1,Depl,235,12.00,2.00,0.00,1.00,2.00,1.00,0.00,0.00,0.00,2.00,0.00,3.00,0.00,0.00,0.00,1.00
9980237,4e_5e,SF1,Depl,225,2.00,0.00,0.00,5.00,4.00,5.00,3.00,0.00,0.00,1.00,0.00,3.00,0.00,0.00,0.00,0.00
9980237,patnt,PW1,Depl,235,12.00,2.00,0.00,1.00,2.00,1.00,0.00,0.00,0.00,2.00,0.00,3.00,0.00,0.00,0.00,1.00
9980237,patnt,SF1,Depl,225,2.00,0.00,0.00,5.00,4.00,5.00,3.00,0.00,0.00,1.00,0.00,3.00,0.00,0.00,0.00,0.00
9980238,4e_5e,PO1,Depl,225,0.00,0.00,1.00,1.00,1.00,1.00,0.00,0.00,0.00,16.00,0.00,4.00,0.00,0.00,0.00,1.00
9980238,4e_5e,PRW,Depl,235,4.00,10.00,2.00,1.00,2.00,1.00,0.00,0.00,0.00,3.00,0.00,3.00,0.00,0.00,0.00,1.00
9980238,patnt,PO1,Depl,225,0.00,0.00,1.00,1.00,1.00,1.00,0.00,0.00,0.00,16.00,0.00,4.00,0.00,0.00,0.00,1.00
9980238,patnt,PRW,Depl,235,4.00,10.00,2.00,1.00,2.00,1.00,0.00,0.00,0.00,3.00,0.00,3.00,0.00,0.00,0.00,1.00
9980239,4e_5e,BW1,Depl,225,1.00,0.00,1.00,1.00,1.00,2.00,0.00,0.00,0.00,4.00,0.00,14.00,0.00,0.00,0.00,2.00
9980239,4e_5e,LH1,Depl,235,1.00,0.00,0.00,0.00,1.00,2.00,0.00,0.00,0.00,3.00,0.00,3.00,1.00,0.00,1.00,12.00
9980239,patnt,BW1,Depl,225,1.00,0.00,1.00,1.00,1.00,2.00,0.00,0.00,0.00,4.00,0.00,14.00,0.00,0.00,0.00,2.00
9980239,patnt,LH1,Depl,235,1.00,0.00,0.00,0.00,1.00,2.00,0.00,0.00,0.00,3.00,0.00,3.00,1.00,0.00,1.00,12.00
9980240,4e_5e,MW1,Depl,225,1.00,0.00,7.00,2.00,1.00,1.00,0.00,0.00,0.00,6.00,0.00,6.00,0.00,0.00,0.00,0.00
9980240,4e_5e,TH1,Depl,235,1.00,0.00,0.00,0.00,1.00,2.00,1.00,0.00,1.00,2.00,0.00,3.00,8.00,1.00,3.00,3.00
9980240,patnt,MW1,Depl,225,1.00,0.00,7.00,2.00,1.00,1.00,0.00,0.00,0.00,6.00,0.00,6.00,0.00,0.00,0.00,0.00
9980240,patnt,TH1,Depl,235,1.00,0.00,0.00,0.00,1.00,2.00,1.00,0.00,1.00,2.00,0.00,3.00,8.00,1.00,3.00,3.00
9980241,4e_5e,BOG,Depl,235,0.00,0.00,0.00,20.00,0.00,0.00,1.00,4.00,0.00,0.00,0.00,0.00,0.00,0.00,0.00,0.00
9980241,4e_5e,MW2,Depl,225,2.00,0.00,0.00,3.00,2.00,3.00,1.00,0.00,0.00,4.00,0.00,8.00,0.00,0.00,0.00,1.00
9980241,patnt,BOG,Depl,235,0.00,0.00,0.00,20.00,0.00,0.00,1.00,4.00,0.00,0.00,0.00,0.00,0.00,0.00,0.00,0.00
9980241,patnt,MW2,Depl,225,2.00,0.00,0.00,3.00,2.00,3.00,1.00,0.00,0.00,4.00,0.00,8.00,0.00,0.00,0.00,1.00
9980242,4e_5e,SB1,Depl,235,0.00,0.00,0.00,22.00,0.00,0.00,0.00,0.00,0.00,0.00,0.00,0.00,0.00,0.00,0.00,0.00
9980242,patnt,SB1,Depl,235,0.00,0.00,0.00,22.00,0.00,0.00,0.00,0.00,0.00,0.00,0.00,0.00,0.00,0.00,0.00,0.00
9980243,4e_5e,PJ1,Depl,235,0.00,0.00,20.00,2.00,0.00,0.00,0.00,0.00,0.00,2.00,0.00,0.00,0.00,0.00,0.00,0.00
9980243,patnt,PJ1,Depl,235,0.00,0.00,20.00,2.00,0.00,0.00,0.00,0.00,0.00,2.00,0.00,0.00,0.00,0.00,0.00,0.00
9980244,4e_5e,LC1,Depl,235,0.00,0.00,0.00,11.00,0.00,1.00,8.00,4.00,0.00,0.00,0.00,1.00,0.00,0.00,0.00,0.00
9980244,patnt,LC1,Depl,235,0.00,0.00,0.00,11.00,0.00,1.00,8.00,4.00,0.00,0.00,0.00,1.00,0.00,0.00,0.00,0.00
9980245,4e_5e,PJ2,Depl,235,0.00,0.00,14.00,4.00,0.00,0.00,0.00,0.00,0.00,2.00,0.00,2.00,0.00,0.00,0.00,0.00
9980245,patnt,PJ2,Depl,235,0.00,0.00,14.00,4.00,0.00,0.00,0.00,0.00,0.00,2.00,0.00,2.00,0.00,0.00,0.00,0.00
9980246,4e_5e,PR1,Depl,245,1.00,22.00,0.00,0.00,0.00,0.00,0.00,0.00,0.00,1.00,0.00,0.00,0.00,0.00,0.00,0.00
9980246,4e_5e,SP1,Depl,235,1.00,0.00,5.00,12.00,1.00,2.00,0.00,0.00,0.00,2.00,0.00,3.00,0.00,0.00,0.00,0.00
9980246,patnt,PR1,Depl,245,1.00,22.00,0.00,0.00,0.00,0.00,0.00,0.00,0.00,1.00,0.00,0.00,0.00,0.00,0.00,0.00
9980246,patnt,SP1,Depl,235,1.00,0.00,5.00,12.00,1.00,2.00,0.00,0.00,0.00,2.00,0.00,3.00,0.00,0.00,0.00,0.00
9980247,4e_5e,PW1,Depl,245,12.00,2.00,0.00,1.00,2.00,1.00,0.00,0.00,0.00,2.00,0.00,3.00,0.00,0.00,0.00,1.00
9980247,4e_5e,SF1,Depl,235,2.00,0.00,0.00,5.00,4.00,5.00,3.00,0.00,0.00,1.00,0.00,3.00,0.00,0.00,0.00,0.00
9980247,patnt,PW1,Depl,245,12.00,2.00,0.00,1.00,2.00,1.00,0.00,0.00,0.00,2.00,0.00,3.00,0.00,0.00,0.00,1.00
9980247,patnt,SF1,Depl,235,2.00,0.00,0.00,5.00,4.00,5.00,3.00,0.00,0.00,1.00,0.00,3.00,0.00,0.00,0.00,0.00
9980248,4e_5e,PO1,Depl,235,0.00,0.00,1.00,1.00,1.00,1.00,0.00,0.00,0.00,16.00,0.00,4.00,0.00,0.00,0.00,1.00
9980248,4e_5e,PRW,Depl,245,4.00,10.00,2.00,1.00,2.00,1.00,0.00,0.00,0.00,3.00,0.00,3.00,0.00,0.00,0.00,1.00
9980248,patnt,PO1,Depl,235,0.00,0.00,1.00,1.00,1.00,1.00,0.00,0.00,0.00,16.00,0.00,4.00,0.00,0.00,0.00,1.00
9980248,patnt,PRW,Depl,245,4.00,10.00,2.00,1.00,2.00,1.00,0.00,0.00,0.00,3.00,0.00,3.00,0.00,0.00,0.00,1.00
9980249,4e_5e,BW1,Depl,235,1.00,0.00,1.00,1.00,1.00,2.00,0.00,0.00,0.00,4.00,0.00,14.00,0.00,0.00,0.00,2.00
9980249,4e_5e,LH1,Depl,245,1.00,0.00,0.00,0.00,1.00,2.00,0.00,0.00,0.00,3.00,0.00,3.00,1.00,0.00,1.00,12.00
9980249,patnt,BW1,Depl,235,1.00,0.00,1.00,1.00,1.00,2.00,0.00,0.00,0.00,4.00,0.00,14.00,0.00,0.00,0.00,2.00
9980249,patnt,LH1,Depl,245,1.00,0.00,0.00,0.00,1.00,2.00,0.00,0.00,0.00,3.00,0.00,3.00,1.00,0.00,1.00,12.00
9980250,4e_5e,MW1,Depl,235,1.00,0.00,7.00,2.00,1.00,1.00,0.00,0.00,0.00,6.00,0.00,6.00,0.00,0.00,0.00,0.00
9980250,4e_5e,TH1,Depl,245,1.00,0.00,0.00,0.00,1.00,2.00,1.00,0.00,1.00,2.00,0.00,3.00,8.00,1.00,3.00,3.00
9980250,patnt,MW1,Depl,235,1.00,0.00,7.00,2.00,1.00,1.00,0.00,0.00,0.00,6.00,0.00,6.00,0.00,0.00,0.00,0.00
9980250,patnt,TH1,Depl,245,1.00,0.00,0.00,0.00,1.00,2.00,1.00,0.00,1.00,2.00,0.00,3.00,8.00,1.00,3.00,3.00
9980251,4e_5e,BOG,Depl,245,0.00,0.00,0.00,20.00,0.00,0.00,1.00,4.00,0.00,0.00,0.00,0.00,0.00,0.00,0.00,0.00
9980251,4e_5e,MW2,Depl,235,2.00,0.00,0.00,3.00,2.00,3.00,1.00,0.00,0.00,4.00,0.00,8.00,0.00,0.00,0.00,1.00
9980251,patnt,BOG,Depl,245,0.00,0.00,0.00,20.00,0.00,0.00,1.00,4.00,0.00,0.00,0.00,0.00,0.00,0.00,0.00,0.00
9980251,patnt,MW2,Depl,235,2.00,0.00,0.00,3.00,2.00,3.00,1.00,0.00,0.00,4.00,0.00,8.00,0.00,0.00,0.00,1.00
9980252,4e_5e,SB1,Depl,245,0.00,0.00,0.00,22.00,0.00,0.00,0.00,0.00,0.00,0.00,0.00,0.00,0.00,0.00,0.00,0.00
9980252,patnt,SB1,Depl,245,0.00,0.00,0.00,22.00,0.00,0.00,0.00,0.00,0.00,0.00,0.00,0.00,0.00,0.00,0.00,0.00
9980253,4e_5e,PJ1,Depl,245,0.00,0.00,20.00,2.00,0.00,0.00,0.00,0.00,0.00,2.00,0.00,0.00,0.00,0.00,0.00,0.00
9980253,patnt,PJ1,Depl,245,0.00,0.00,20.00,2.00,0.00,0.00,0.00,0.00,0.00,2.00,0.00,0.00,0.00,0.00,0.00,0.00
9980254,4e_5e,LC1,Depl,245,0.00,0.00,0.00,11.00,0.00,1.00,8.00,4.00,0.00,0.00,0.00,1.00,0.00,0.00,0.00,0.00
9980254,patnt,LC1,Depl,245,0.00,0.00,0.00,11.00,0.00,1.00,8.00,4.00,0.00,0.00,0.00,1.00,0.00,0.00,0.00,0.00
9980255,4e_5e,PJ2,Depl,245,0.00,0.00,14.00,4.00,0.00,0.00,0.00,0.00,0.00,2.00,0.00,2.00,0.00,0.00,0.00,0.00
9980255,patnt,PJ2,Depl,245,0.00,0.00,14.00,4.00,0.00,0.00,0.00,0.00,0.00,2.00,0.00,2.00,0.00,0.00,0.00,0.00
9980256,4e_5e,PR1,Depl,255,1.00,22.00,0.00,0.00,0.00,0.00,0.00,0.00,0.00,1.00,0.00,0.00,0.00,0.00,0.00,0.00
9980256,4e_5e,SP1,Depl,245,1.00,0.00,5.00,12.00,1.00,2.00,0.00,0.00,0.00,2.00,0.00,3.00,0.00,0.00,0.00,0.00
9980256,patnt,PR1,Depl,255,1.00,22.00,0.00,0.00,0.00,0.00,0.00,0.00,0.00,1.00,0.00,0.00,0.00,0.00,0.00,0.00
9980256,patnt,SP1,Depl,245,1.00,0.00,5.00,12.00,1.00,2.00,0.00,0.00,0.00,2.00,0.00,3.00,0.00,0.00,0.00,0.00
9980257,4e_5e,PW1,Depl,255,12.00,2.00,0.00,1.00,2.00,1.00,0.00,0.00,0.00,2.00,0.00,3.00,0.00,0.00,0.00,1.00
9980257,4e_5e,SF1,Depl,245,2.00,0.00,0.00,5.00,4.00,5.00,3.00,0.00,0.00,1.00,0.00,3.00,0.00,0.00,0.00,0.00
9980257,patnt,PW1,Depl,255,12.00,2.00,0.00,1.00,2.00,1.00,0.00,0.00,0.00,2.00,0.00,3.00,0.00,0.00,0.00,1.00
9980257,patnt,SF1,Depl,245,2.00,0.00,0.00,5.00,4.00,5.00,3.00,0.00,0.00,1.00,0.00,3.00,0.00,0.00,0.00,0.00
9980258,4e_5e,PO1,Depl,245,0.00,0.00,1.00,1.00,1.00,1.00,0.00,0.00,0.00,16.00,0.00,4.00,0.00,0.00,0.00,1.00
9980258,4e_5e,PRW,Depl,255,4.00,10.00,2.00,1.00,2.00,1.00,0.00,0.00,0.00,3.00,0.00,3.00,0.00,0.00,0.00,1.00
9980258,patnt,PO1,Depl,245,0.00,0.00,1.00,1.00,1.00,1.00,0.00,0.00,0.00,16.00,0.00,4.00,0.00,0.00,0.00,1.00
9980258,patnt,PRW,Depl,255,4.00,10.00,2.00,1.00,2.00,1.00,0.00,0.00,0.00,3.00,0.00,3.00,0.00,0.00,0.00,1.00
9980259,4e_5e,BW1,Depl,245,1.00,0.00,1.00,1.00,1.00,2.00,0.00,0.00,0.00,4.00,0.00,14.00,0.00,0.00,0.00,2.00
9980259,4e_5e,LH1,Depl,255,1.00,0.00,0.00,0.00,1.00,2.00,0.00,0.00,0.00,3.00,0.00,3.00,1.00,0.00,1.00,12.00
9980259,patnt,BW1,Depl,245,1.00,0.00,1.00,1.00,1.00,2.00,0.00,0.00,0.00,4.00,0.00,14.00,0.00,0.00,0.00,2.00
9980259,patnt,LH1,Depl,255,1.00,0.00,0.00,0.00,1.00,2.00,0.00,0.00,0.00,3.00,0.00,3.00,1.00,0.00,1.00,12.00
9980260,4e_5e,MW1,Depl,245,1.00,0.00,7.00,2.00,1.00,1.00,0.00,0.00,0.00,6.00,0.00,6.00,0.00,0.00,0.00,0.00
9980260,4e_5e,TH1,Depl,255,1.00,0.00,0.00,0.00,1.00,2.00,1.00,0.00,1.00,2.00,0.00,3.00,8.00,1.00,3.00,3.00
9980260,patnt,MW1,Depl,245,1.00,0.00,7.00,2.00,1.00,1.00,0.00,0.00,0.00,6.00,0.00,6.00,0.00,0.00,0.00,0.00
9980260,patnt,TH1,Depl,255,1.00,0.00,0.00,0.00,1.00,2.00,1.00,0.00,1.00,2.00,0.00,3.00,8.00,1.00,3.00,3.00
9980261,4e_5e,BOG,Depl,255,0.00,0.00,0.00,20.00,0.00,0.00,1.00,4.00,0.00,0.00,0.00,0.00,0.00,0.00,0.00,0.00
9980261,4e_5e,MW2,Depl,245,2.00,0.00,0.00,3.00,2.00,3.00,1.00,0.00,0.00,4.00,0.00,8.00,0.00,0.00,0.00,1.00
9980261,patnt,BOG,Depl,255,0.00,0.00,0.00,20.00,0.00,0.00,1.00,4.00,0.00,0.00,0.00,0.00,0.00,0.00,0.00,0.00
9980261,patnt,MW2,Depl,245,2.00,0.00,0.00,3.00,2.00,3.00,1.00,0.00,0.00,4.00,0.00,8.00,0.00,0.00,0.00,1.00
9980262,4e_5e,SB1,Depl,255,0.00,0.00,0.00,22.00,0.00,0.00,0.00,0.00,0.00,0.00,0.00,0.00,0.00,0.00,0.00,0.00
9980262,patnt,SB1,Depl,255,0.00,0.00,0.00,22.00,0.00,0.00,0.00,0.00,0.00,0.00,0.00,0.00,0.00,0.00,0.00,0.00
9980263,4e_5e,PJ1,Depl,255,0.00,0.00,20.00,2.00,0.00,0.00,0.00,0.00,0.00,2.00,0.00,0.00,0.00,0.00,0.00,0.00
9980263,patnt,PJ1,Depl,255,0.00,0.00,20.00,2.00,0.00,0.00,0.00,0.00,0.00,2.00,0.00,0.00,0.00,0.00,0.00,0.00
9980264,4e_5e,LC1,Depl,255,0.00,0.00,0.00,11.00,0.00,1.00,8.00,4.00,0.00,0.00,0.00,1.00,0.00,0.00,0.00,0.00
9980264,patnt,LC1,Depl,255,0.00,0.00,0.00,11.00,0.00,1.00,8.00,4.00,0.00,0.00,0.00,1.00,0.00,0.00,0.00,0.00
9980265,4e_5e,PJ2,Depl,255,0.00,0.00,14.00,4.00,0.00,0.00,0.00,0.00,0.00,2.00,0.00,2.00,0.00,0.00,0.00,0.00
9980265,patnt,PJ2,Depl,255,0.00,0.00,14.00,4.00,0.00,0.00,0.00,0.00,0.00,2.00,0.00,2.00,0.00,0.00,0.00,0.00
9980266,4e_5e,SP1,Depl,255,1.00,0.00,5.00,12.00,1.00,2.00,0.00,0.00,0.00,2.00,0.00,3.00,0.00,0.00,0.00,0.00
9980266,patnt,SP1,Depl,255,1.00,0.00,5.00,12.00,1.00,2.00,0.00,0.00,0.00,2.00,0.00,3.00,0.00,0.00,0.00,0.00
9980267,4e_5e,SF1,Depl,255,2.00,0.00,0.00,5.00,4.00,5.00,3.00,0.00,0.00,1.00,0.00,3.00,0.00,0.00,0.00,0.00
9980267,patnt,SF1,Depl,255,2.00,0.00,0.00,5.00,4.00,5.00,3.00,0.00,0.00,1.00,0.00,3.00,0.00,0.00,0.00,0.00
9980268,4e_5e,PO1,Depl,255,0.00,0.00,1.00,1.00,1.00,1.00,0.00,0.00,0.00,16.00,0.00,4.00,0.00,0.00,0.00,1.00
9980268,patnt,PO1,Depl,255,0.00,0.00,1.00,1.00,1.00,1.00,0.00,0.00,0.00,16.00,0.00,4.00,0.00,0.00,0.00,1.00
9980269,4e_5e,BW1,Depl,255,1.00,0.00,1.00,1.00,1.00,2.00,0.00,0.00,0.00,4.00,0.00,14.00,0.00,0.00,0.00,2.00
9980269,patnt,BW1,Depl,255,1.00,0.00,1.00,1.00,1.00,2.00,0.00,0.00,0.00,4.00,0.00,14.00,0.00,0.00,0.00,2.00
9980270,4e_5e,MW1,Depl,255,1.00,0.00,7.00,2.00,1.00,1.00,0.00,0.00,0.00,6.00,0.00,6.00,0.00,0.00,0.00,0.00
9980270,patnt,MW1,Depl,255,1.00,0.00,7.00,2.00,1.00,1.00,0.00,0.00,0.00,6.00,0.00,6.00,0.00,0.00,0.00,0.00
9980271,4e_5e,MW2,Depl,255,2.00,0.00,0.00,3.00,2.00,3.00,1.00,0.00,0.00,4.00,0.00,8.00,0.00,0.00,0.00,1.00
9980271,patnt,MW2,Depl,255,2.00,0.00,0.00,3.00,2.00,3.00,1.00,0.00,0.00,4.00,0.00,8.00,0.00,0.00,0.00,1.00
