"CURVENO","SUBMU","FU","SI","AC10","PW","PR","PJ","SB","SW","BF","CE","OC","HE","PO","PB","BW","MH","QR","YB","OH"
1,"4s_3s","PwDom","Prsnt",5,0.00,0.00,0.00,0.00,0.00,0.00,0.00,0.00,0.00,0.00,0.00,0.00,0.00,0.00,0.00,0.00
1,"4s_3s","PwDom","Prsnt",15,2.38,0.46,0.24,0.24,0.55,0.36,1.42,0.00,0.00,0.44,0.00,0.23,0.00,0.00,0.00,0.00
1,"4s_3s","PwDom","Prsnt",25,8.59,1.67,0.74,0.97,1.61,1.40,2.48,0.00,0.00,1.65,0.00,0.85,0.00,0.00,0.00,0.00
1,"4s_3s","PwDom","Prsnt",35,18.54,3.61,1.42,1.88,2.79,2.66,3.38,0.00,0.00,3.55,0.00,1.84,0.00,0.00,0.00,0.00
1,"4s_3s","PwDom","Prsnt",45,31.42,6.14,2.19,2.64,3.82,3.63,4.12,0.00,0.00,5.84,0.00,3.10,0.00,0.00,0.00,0.00
1,"4s_3s","PwDom","Prsnt",55,45.95,9.04,2.96,3.14,4.61,4.23,4.69,0.00,0.00,8.18,0.00,4.50,0.00,0.00,0.00,0.00
1,"4s_3s","PwDom","Prsnt",65,60.80,12.07,3.64,3.46,5.17,4.59,5.09,0.00,0.00,10.26,0.00,5.87,0.00,0.00,0.00,0.00
1,"4s_3s","PwDom","Prsnt",75,74.88,15.03,4.20,3.67,5.53,4.79,5.32,0.00,0.00,11.89,0.00,7.13,0.00,0.00,0.00,0.00
1,"4s_3s","PwDom","Prsnt",85,87.39,17.77,4.61,3.79,5.74,4.87,5.42,0.00,0.00,13.02,0.00,8.19,0.00,0.00,0.00,0.00
1,"4s_3s","PwDom","Prsnt",95,97.82,20.20,4.87,3.86,5.84,4.87,5.39,0.00,0.00,13.63,0.00,9.01,0.00,0.00,0.00,0.00
1,"4s_3s","PwDom","Prsnt",105,105.85,22.23,4.96,3.86,5.86,4.79,5.27,0.00,0.00,13.80,0.00,9.59,0.00,0.00,0.00,0.00
1,"4s_3s","PwDom","Prsnt",115,111.33,23.82,4.91,3.82,5.80,4.66,5.06,0.00,0.00,13.60,0.00,9.92,0.00,0.00,0.00,0.00
1,"4s_3s","PwDom","Prsnt",125,114.26,24.94,4.74,3.74,5.68,4.47,4.79,0.00,0.00,13.11,0.00,10.02,0.00,0.00,0.00,0.00
1,"4s_3s","PwDom","Prsnt",135,114.78,25.60,4.47,3.63,5.51,4.25,4.47,0.00,0.00,12.40,0.00,9.92,0.00,0.00,0.00,0.00
1,"4s_3s","PwDom","Prsnt",145,113.10,25.80,4.12,3.48,5.28,4.00,4.11,0.00,0.00,11.55,0.00,9.63,0.00,0.00,0.00,0.00
1,"4s_3s","PwDom","Prsnt",155,109.50,25.57,3.73,3.31,5.02,3.72,3.74,0.00,0.00,10.60,0.00,9.20,0.00,0.00,0.00,0.00
1,"4s_3s","PwDom","Prsnt",165,104.31,24.97,3.31,3.12,4.73,3.44,3.35,0.00,0.00,9.62,0.00,8.66,0.00,0.00,0.00,0.00
1,"4s_3s","PwDom","Prsnt",175,97.87,24.03,2.89,2.91,4.42,3.14,2.97,0.00,0.00,8.62,0.00,8.04,0.00,0.00,0.00,0.00
1,"4s_3s","PwDom","Prsnt",185,90.53,22.82,2.48,2.69,4.09,2.84,2.60,0.00,0.00,7.65,0.00,7.37,0.00,0.00,0.00,0.00
1,"4s_3s","PwDom","Prsnt",195,82.61,21.40,2.10,2.46,3.75,2.55,2.25,0.00,0.00,6.72,0.00,6.67,0.00,0.00,0.00,0.00
1,"4s_3s","PwDom","Prsnt",205,74.41,19.82,1.75,2.24,3.41,2.26,1.93,0.00,0.00,5.84,0.00,5.97,0.00,0.00,0.00,0.00
1,"4s_3s","PwDom","Prsnt",215,66.21,18.14,1.44,2.02,3.07,1.99,1.63,0.00,0.00,5.03,0.00,5.28,0.00,0.00,0.00,0.00
1,"4s_3s","PwDom","Prsnt",225,58.21,16.42,1.17,1.80,2.74,1.74,1.36,0.00,0.00,4.29,0.00,4.62,0.00,0.00,0.00,0.00
1,"4s_3s","PwDom","Prsnt",235,50.58,14.69,0.94,1.59,2.42,1.50,1.13,0.00,0.00,3.63,0.00,4.00,0.00,0.00,0.00,0.00
1,"4s_3s","PwDom","Prsnt",245,43.47,13.01,0.74,1.39,2.12,1.28,0.92,0.00,0.00,3.04,0.00,3.43,0.00,0.00,0.00,0.00
1,"4s_3s","PwDom","Prsnt",255,36.95,11.40,0.58,1.21,1.84,1.09,0.75,0.00,0.00,2.52,0.00,2.92,0.00,0.00,0.00,0.00
2,"Patnt","PwDom","Prsnt",5,0.00,0.00,0.00,0.00,0.00,0.00,0.00,0.00,0.00,0.00,0.00,0.00,0.00,0.00,0.00,0.00
2,"Patnt","PwDom","Prsnt",15,1.12,0.22,0.11,0.11,0.26,0.17,0.67,0.00,0.00,0.20,0.00,0.11,0.00,0.00,0.00,0.00
2,"Patnt","PwDom","Prsnt",25,4.91,0.96,0.42,0.55,0.92,0.80,1.42,0.00,0.00,0.94,0.00,0.48,0.00,0.00,0.00,0.00
2,"Patnt","PwDom","Prsnt",35,12.50,2.43,0.96,1.27,1.88,1.79,2.28,0.00,0.00,2.39,0.00,1.24,0.00,0.00,0.00,0.00
2,"Patnt","PwDom","Prsnt",45,24.33,4.76,1.70,2.04,2.96,2.81,3.19,0.00,0.00,4.52,0.00,2.40,0.00,0.00,0.00,0.00
2,"Patnt","PwDom","Prsnt",55,39.85,7.84,2.56,2.72,4.00,3.67,4.07,0.00,0.00,7.09,0.00,3.90,0.00,0.00,0.00,0.00
2,"Patnt","PwDom","Prsnt",65,57.57,11.43,3.45,3.27,4.89,4.34,4.82,0.00,0.00,9.71,0.00,5.56,0.00,0.00,0.00,0.00
2,"Patnt","PwDom","Prsnt",75,75.48,15.15,4.24,3.70,5.57,4.83,5.37,0.00,0.00,11.99,0.00,7.18,0.00,0.00,0.00,0.00
2,"Patnt","PwDom","Prsnt",85,91.44,18.60,4.83,3.97,6.01,5.10,5.67,0.00,0.00,13.62,0.00,8.57,0.00,0.00,0.00,0.00
2,"Patnt","PwDom","Prsnt",95,103.58,21.39,5.15,4.08,6.19,5.16,5.71,0.00,0.00,14.44,0.00,9.54,0.00,0.00,0.00,0.00
2,"Patnt","PwDom","Prsnt",105,110.58,23.22,5.18,4.04,6.12,5.01,5.51,0.00,0.00,14.42,0.00,10.02,0.00,0.00,0.00,0.00
2,"Patnt","PwDom","Prsnt",115,111.88,23.94,4.94,3.84,5.83,4.68,5.09,0.00,0.00,13.67,0.00,9.97,0.00,0.00,0.00,0.00
2,"Patnt","PwDom","Prsnt",125,107.70,23.51,4.47,3.53,5.35,4.22,4.52,0.00,0.00,12.35,0.00,9.45,0.00,0.00,0.00,0.00
2,"Patnt","PwDom","Prsnt",135,98.93,22.06,3.85,3.12,4.74,3.66,3.85,0.00,0.00,10.69,0.00,8.55,0.00,0.00,0.00,0.00
2,"Patnt","PwDom","Prsnt",145,86.91,19.82,3.17,2.67,4.06,3.07,3.16,0.00,0.00,8.87,0.00,7.40,0.00,0.00,0.00,0.00
2,"Patnt","PwDom","Prsnt",155,73.15,17.08,2.49,2.21,3.35,2.49,2.50,0.00,0.00,7.08,0.00,6.15,0.00,0.00,0.00,0.00
2,"Patnt","PwDom","Prsnt",165,59.06,14.14,1.87,1.76,2.68,1.94,1.90,0.00,0.00,5.44,0.00,4.90,0.00,0.00,0.00,0.00
2,"Patnt","PwDom","Prsnt",175,45.79,11.24,1.35,1.36,2.06,1.47,1.39,0.00,0.00,4.03,0.00,3.76,0.00,0.00,0.00,0.00
2,"Patnt","PwDom","Prsnt",185,34.12,8.60,0.93,1.01,1.54,1.07,0.98,0.00,0.00,2.88,0.00,2.77,0.00,0.00,0.00,0.00
2,"Patnt","PwDom","Prsnt",195,24.46,6.33,0.62,0.73,1.11,0.75,0.66,0.00,0.00,1.99,0.00,1.97,0.00,0.00,0.00,0.00
2,"Patnt","PwDom","Prsnt",205,16.87,4.49,0.39,0.50,0.77,0.51,0.43,0.00,0.00,1.32,0.00,1.35,0.00,0.00,0.00,0.00
2,"Patnt","PwDom","Prsnt",215,11.21,3.07,0.24,0.34,0.52,0.33,0.27,0.00,0.00,0.85,0.00,0.89,0.00,0.00,0.00,0.00
2,"Patnt","PwDom","Prsnt",225,7.17,2.02,0.14,0.22,0.33,0.21,0.16,0.00,0.00,0.52,0.00,0.57,0.00,0.00,0.00,0.00
2,"Patnt","PwDom","Prsnt",235,4.42,1.28,0.08,0.13,0.21,0.13,0.09,0.00,0.00,0.31,0.00,0.35,0.00,0.00,0.00,0.00
2,"Patnt","PwDom","Prsnt",245,2.63,0.78,0.04,0.08,0.12,0.07,0.05,0.00,0.00,0.18,0.00,0.20,0.00,0.00,0.00,0.00
2,"Patnt","PwDom","Prsnt",255,1.50,0.46,0.02,0.04,0.07,0.04,0.03,0.00,0.00,0.10,0.00,0.11,0.00,0.00,0.00,0.00
3,"4s_3s","PwDom","Exten",5,0.00,0.00,0.00,0.00,0.00,0.00,0.00,0.00,0.00,0.00,0.00,0.00,0.00,0.00,0.00,0.00
3,"4s_3s","PwDom","Exten",15,2.38,0.46,0.24,0.24,0.55,0.36,1.42,0.00,0.00,0.44,0.00,0.23,0.00,0.00,0.00,0.00
3,"4s_3s","PwDom","Exten",25,8.59,1.67,0.74,0.97,1.61,1.40,2.48,0.00,0.00,1.65,0.00,0.85,0.00,0.00,0.00,0.00
3,"4s_3s","PwDom","Exten",35,18.54,3.61,1.42,1.88,2.79,2.66,3.38,0.00,0.00,3.55,0.00,1.84,0.00,0.00,0.00,0.00
3,"4s_3s","PwDom","Exten",45,31.42,6.14,2.19,2.64,3.82,3.63,4.12,0.00,0.00,5.84,0.00,3.10,0.00,0.00,0.00,0.00
3,"4s_3s","PwDom","Exten",55,45.95,9.04,2.96,3.14,4.61,4.23,4.69,0.00,0.00,8.18,0.00,4.50,0.00,0.00,0.00,0.00
3,"4s_3s","PwDom","Exten",65,60.80,12.07,3.64,3.46,5.17,4.59,5.09,0.00,0.00,10.26,0.00,5.87,0.00,0.00,0.00,0.00
3,"4s_3s","PwDom","Exten",75,74.88,15.03,4.20,3.67,5.53,4.79,5.32,0.00,0.00,11.89,0.00,7.13,0.00,0.00,0.00,0.00
3,"4s_3s","PwDom","Exten",85,87.39,17.77,4.61,3.79,5.74,4.87,5.42,0.00,0.00,13.02,0.00,8.19,0.00,0.00,0.00,0.00
3,"4s_3s","PwDom","Exten",95,97.82,20.20,4.87,3.86,5.84,4.87,5.39,0.00,0.00,13.63,0.00,9.01,0.00,0.00,0.00,0.00
3,"4s_3s","PwDom","Exten",105,105.85,22.23,4.96,3.86,5.86,4.79,5.27,0.00,0.00,13.80,0.00,9.59,0.00,0.00,0.00,0.00
3,"4s_3s","PwDom","Exten",115,111.33,23.82,4.91,3.82,5.80,4.66,5.06,0.00,0.00,13.60,0.00,9.92,0.00,0.00,0.00,0.00
3,"4s_3s","PwDom","Exten",125,114.26,24.94,4.74,3.74,5.68,4.47,4.79,0.00,0.00,13.11,0.00,10.02,0.00,0.00,0.00,0.00
3,"4s_3s","PwDom","Exten",135,114.78,25.60,4.47,3.63,5.51,4.25,4.47,0.00,0.00,12.40,0.00,9.92,0.00,0.00,0.00,0.00
3,"4s_3s","PwDom","Exten",145,113.10,25.80,4.12,3.48,5.28,4.00,4.11,0.00,0.00,11.55,0.00,9.63,0.00,0.00,0.00,0.00
3,"4s_3s","PwDom","Exten",155,109.50,25.57,3.73,3.31,5.02,3.72,3.74,0.00,0.00,10.60,0.00,9.20,0.00,0.00,0.00,0.00
3,"4s_3s","PwDom","Exten",165,104.31,24.97,3.31,3.12,4.73,3.44,3.35,0.00,0.00,9.62,0.00,8.66,0.00,0.00,0.00,0.00
3,"4s_3s","PwDom","Exten",175,97.87,24.03,2.89,2.91,4.42,3.14,2.97,0.00,0.00,8.62,0.00,8.04,0.00,0.00,0.00,0.00
3,"4s_3s","PwDom","Exten",185,90.53,22.82,2.48,2.69,4.09,2.84,2.60,0.00,0.00,7.65,0.00,7.37,0.00,0.00,0.00,0.00
3,"4s_3s","PwDom","Exten",195,82.61,21.40,2.10,2.46,3.75,2.55,2.25,0.00,0.00,6.72,0.00,6.67,0.00,0.00,0.00,0.00
3,"4s_3s","PwDom","Exten",205,74.41,19.82,1.75,2.24,3.41,2.26,1.93,0.00,0.00,5.84,0.00,5.97,0.00,0.00,0.00,0.00
3,"4s_3s","PwDom","Exten",215,66.21,18.14,1.44,2.02,3.07,1.99,1.63,0.00,0.00,5.03,0.00,5.28,0.00,0.00,0.00,0.00
3,"4s_3s","PwDom","Exten",225,58.21,16.42,1.17,1.80,2.74,1.74,1.36,0.00,0.00,4.29,0.00,4.62,0.00,0.00,0.00,0.00
3,"4s_3s","PwDom","Exten",235,50.58,14.69,0.94,1.59,2.42,1.50,1.13,0.00,0.00,3.63,0.00,4.00,0.00,0.00,0.00,0.00
3,"4s_3s","PwDom","Exten",245,43.47,13.01,0.74,1.39,2.12,1.28,0.92,0.00,0.00,3.04,0.00,3.43,0.00,0.00,0.00,0.00
3,"4s_3s","PwDom","Exten",255,36.95,11.40,0.58,1.21,1.84,1.09,0.75,0.00,0.00,2.52,0.00,2.92,0.00,0.00,0.00,0.00
4,"Patnt","PwDom","Exten",5,0.00,0.00,0.00,0.00,0.00,0.00,0.00,0.00,0.00,0.00,0.00,0.00,0.00,0.00,0.00,0.00
4,"Patnt","PwDom","Exten",15,1.12,0.22,0.11,0.11,0.26,0.17,0.67,0.00,0.00,0.20,0.00,0.11,0.00,0.00,0.00,0.00
4,"Patnt","PwDom","Exten",25,4.91,0.96,0.42,0.55,0.92,0.80,1.42,0.00,0.00,0.94,0.00,0.48,0.00,0.00,0.00,0.00
4,"Patnt","PwDom","Exten",35,12.50,2.43,0.96,1.27,1.88,1.79,2.28,0.00,0.00,2.39,0.00,1.24,0.00,0.00,0.00,0.00
4,"Patnt","PwDom","Exten",45,24.33,4.76,1.70,2.04,2.96,2.81,3.19,0.00,0.00,4.52,0.00,2.40,0.00,0.00,0.00,0.00
4,"Patnt","PwDom","Exten",55,39.85,7.84,2.56,2.72,4.00,3.67,4.07,0.00,0.00,7.09,0.00,3.90,0.00,0.00,0.00,0.00
4,"Patnt","PwDom","Exten",65,57.57,11.43,3.45,3.27,4.89,4.34,4.82,0.00,0.00,9.71,0.00,5.56,0.00,0.00,0.00,0.00
4,"Patnt","PwDom","Exten",75,75.48,15.15,4.24,3.70,5.57,4.83,5.37,0.00,0.00,11.99,0.00,7.18,0.00,0.00,0.00,0.00
4,"Patnt","PwDom","Exten",85,91.44,18.60,4.83,3.97,6.01,5.10,5.67,0.00,0.00,13.62,0.00,8.57,0.00,0.00,0.00,0.00
4,"Patnt","PwDom","Exten",95,103.58,21.39,5.15,4.08,6.19,5.16,5.71,0.00,0.00,14.44,0.00,9.54,0.00,0.00,0.00,0.00
4,"Patnt","PwDom","Exten",105,110.58,23.22,5.18,4.04,6.12,5.01,5.51,0.00,0.00,14.42,0.00,10.02,0.00,0.00,0.00,0.00
4,"Patnt","PwDom","Exten",115,111.88,23.94,4.94,3.84,5.83,4.68,5.09,0.00,0.00,13.67,0.00,9.97,0.00,0.00,0.00,0.00
4,"Patnt","PwDom","Exten",125,107.70,23.51,4.47,3.53,5.35,4.22,4.52,0.00,0.00,12.35,0.00,9.45,0.00,0.00,0.00,0.00
4,"Patnt","PwDom","Exten",135,98.93,22.06,3.85,3.12,4.74,3.66,3.85,0.00,0.00,10.69,0.00,8.55,0.00,0.00,0.00,0.00
4,"Patnt","PwDom","Exten",145,86.91,19.82,3.17,2.67,4.06,3.07,3.16,0.00,0.00,8.87,0.00,7.40,0.00,0.00,0.00,0.00
4,"Patnt","PwDom","Exten",155,73.15,17.08,2.49,2.21,3.35,2.49,2.50,0.00,0.00,7.08,0.00,6.15,0.00,0.00,0.00,0.00
4,"Patnt","PwDom","Exten",165,59.06,14.14,1.87,1.76,2.68,1.94,1.90,0.00,0.00,5.44,0.00,4.90,0.00,0.00,0.00,0.00
4,"Patnt","PwDom","Exten",175,45.79,11.24,1.35,1.36,2.06,1.47,1.39,0.00,0.00,4.03,0.00,3.76,0.00,0.00,0.00,0.00
4,"Patnt","PwDom","Exten",185,34.12,8.60,0.93,1.01,1.54,1.07,0.98,0.00,0.00,2.88,0.00,2.77,0.00,0.00,0.00,0.00
4,"Patnt","PwDom","Exten",195,24.46,6.33,0.62,0.73,1.11,0.75,0.66,0.00,0.00,1.99,0.00,1.97,0.00,0.00,0.00,0.00
4,"Patnt","PwDom","Exten",205,16.87,4.49,0.39,0.50,0.77,0.51,0.43,0.00,0.00,1.32,0.00,1.35,0.00,0.00,0.00,0.00
4,"Patnt","PwDom","Exten",215,11.21,3.07,0.24,0.34,0.52,0.33,0.27,0.00,0.00,0.85,0.00,0.89,0.00,0.00,0.00,0.00
4,"Patnt","PwDom","Exten",225,7.17,2.02,0.14,0.22,0.33,0.21,0.16,0.00,0.00,0.52,0.00,0.57,0.00,0.00,0.00,0.00
4,"Patnt","PwDom","Exten",235,4.42,1.28,0.08,0.13,0.21,0.13,0.09,0.00,0.00,0.31,0.00,0.35,0.00,0.00,0.00,0.00
4,"Patnt","PwDom","Exten",245,2.63,0.78,0.04,0.08,0.12,0.07,0.05,0.00,0.00,0.18,0.00,0.20,0.00,0.00,0.00,0.00
4,"Patnt","PwDom","Exten",255,1.50,0.46,0.02,0.04,0.07,0.04,0.03,0.00,0.00,0.10,0.00,0.11,0.00,0.00,0.00,0.00
5,"4s_3s","PwDom","Basc1",5,0.00,0.00,0.00,0.00,0.00,0.00,0.00,0.00,0.00,0.00,0.00,0.00,0.00,0.00,0.00,0.00
5,"4s_3s","PwDom","Basc1",15,2.38,0.46,0.24,0.24,0.55,0.36,1.42,0.00,0.00,0.44,0.00,0.23,0.00,0.00,0.00,0.00
5,"4s_3s","PwDom","Basc1",25,8.59,1.67,0.74,0.97,1.61,1.40,2.48,0.00,0.00,1.65,0.00,0.85,0.00,0.00,0.00,0.00
5,"4s_3s","PwDom","Basc1",35,18.54,3.61,1.42,1.88,2.79,2.66,3.38,0.00,0.00,3.55,0.00,1.84,0.00,0.00,0.00,0.00
5,"4s_3s","PwDom","Basc1",45,31.42,6.14,2.19,2.64,3.82,3.63,4.12,0.00,0.00,5.84,0.00,3.10,0.00,0.00,0.00,0.00
5,"4s_3s","PwDom","Basc1",55,45.95,9.04,2.96,3.14,4.61,4.23,4.69,0.00,0.00,8.18,0.00,4.50,0.00,0.00,0.00,0.00
5,"4s_3s","PwDom","Basc1",65,60.80,12.07,3.64,3.46,5.17,4.59,5.09,0.00,0.00,10.26,0.00,5.87,0.00,0.00,0.00,0.00
5,"4s_3s","PwDom","Basc1",75,74.88,15.03,4.20,3.67,5.53,4.79,5.32,0.00,0.00,11.89,0.00,7.13,0.00,0.00,0.00,0.00
5,"4s_3s","PwDom","Basc1",85,87.39,17.77,4.61,3.79,5.74,4.87,5.42,0.00,0.00,13.02,0.00,8.19,0.00,0.00,0.00,0.00
5,"4s_3s","PwDom","Basc1",95,97.82,20.20,4.87,3.86,5.84,4.87,5.39,0.00,0.00,13.63,0.00,9.01,0.00,0.00,0.00,0.00
5,"4s_3s","PwDom","Basc1",105,105.85,22.23,4.96,3.86,5.86,4.79,5.27,0.00,0.00,13.80,0.00,9.59,0.00,0.00,0.00,0.00
5,"4s_3s","PwDom","Basc1",115,111.33,23.82,4.91,3.82,5.80,4.66,5.06,0.00,0.00,13.60,0.00,9.92,0.00,0.00,0.00,0.00
5,"4s_3s","PwDom","Basc1",125,114.26,24.94,4.74,3.74,5.68,4.47,4.79,0.00,0.00,13.11,0.00,10.02,0.00,0.00,0.00,0.00
5,"4s_3s","PwDom","Basc1",135,114.78,25.60,4.47,3.63,5.51,4.25,4.47,0.00,0.00,12.40,0.00,9.92,0.00,0.00,0.00,0.00
5,"4s_3s","PwDom","Basc1",145,113.10,25.80,4.12,3.48,5.28,4.00,4.11,0.00,0.00,11.55,0.00,9.63,0.00,0.00,0.00,0.00
5,"4s_3s","PwDom","Basc1",155,109.50,25.57,3.73,3.31,5.02,3.72,3.74,0.00,0.00,10.60,0.00,9.20,0.00,0.00,0.00,0.00
5,"4s_3s","PwDom","Basc1",165,104.31,24.97,3.31,3.12,4.73,3.44,3.35,0.00,0.00,9.62,0.00,8.66,0.00,0.00,0.00,0.00
5,"4s_3s","PwDom","Basc1",175,97.87,24.03,2.89,2.91,4.42,3.14,2.97,0.00,0.00,8.62,0.00,8.04,0.00,0.00,0.00,0.00
5,"4s_3s","PwDom","Basc1",185,90.53,22.82,2.48,2.69,4.09,2.84,2.60,0.00,0.00,7.65,0.00,7.37,0.00,0.00,0.00,0.00
5,"4s_3s","PwDom","Basc1",195,82.61,21.40,2.10,2.46,3.75,2.55,2.25,0.00,0.00,6.72,0.00,6.67,0.00,0.00,0.00,0.00
5,"4s_3s","PwDom","Basc1",205,74.41,19.82,1.75,2.24,3.41,2.26,1.93,0.00,0.00,5.84,0.00,5.97,0.00,0.00,0.00,0.00
5,"4s_3s","PwDom","Basc1",215,66.21,18.14,1.44,2.02,3.07,1.99,1.63,0.00,0.00,5.03,0.00,5.28,0.00,0.00,0.00,0.00
5,"4s_3s","PwDom","Basc1",225,58.21,16.42,1.17,1.80,2.74,1.74,1.36,0.00,0.00,4.29,0.00,4.62,0.00,0.00,0.00,0.00
5,"4s_3s","PwDom","Basc1",235,50.58,14.69,0.94,1.59,2.42,1.50,1.13,0.00,0.00,3.63,0.00,4.00,0.00,0.00,0.00,0.00
5,"4s_3s","PwDom","Basc1",245,43.47,13.01,0.74,1.39,2.12,1.28,0.92,0.00,0.00,3.04,0.00,3.43,0.00,0.00,0.00,0.00
5,"4s_3s","PwDom","Basc1",255,36.95,11.40,0.58,1.21,1.84,1.09,0.75,0.00,0.00,2.52,0.00,2.92,0.00,0.00,0.00,0.00
6,"Patnt","PwDom","Basc1",5,0.00,0.00,0.00,0.00,0.00,0.00,0.00,0.00,0.00,0.00,0.00,0.00,0.00,0.00,0.00,0.00
6,"Patnt","PwDom","Basc1",15,1.12,0.22,0.11,0.11,0.26,0.17,0.67,0.00,0.00,0.20,0.00,0.11,0.00,0.00,0.00,0.00
6,"Patnt","PwDom","Basc1",25,4.91,0.96,0.42,0.55,0.92,0.80,1.42,0.00,0.00,0.94,0.00,0.48,0.00,0.00,0.00,0.00
6,"Patnt","PwDom","Basc1",35,12.50,2.43,0.96,1.27,1.88,1.79,2.28,0.00,0.00,2.39,0.00,1.24,0.00,0.00,0.00,0.00
6,"Patnt","PwDom","Basc1",45,24.33,4.76,1.70,2.04,2.96,2.81,3.19,0.00,0.00,4.52,0.00,2.40,0.00,0.00,0.00,0.00
6,"Patnt","PwDom","Basc1",55,39.85,7.84,2.56,2.72,4.00,3.67,4.07,0.00,0.00,7.09,0.00,3.90,0.00,0.00,0.00,0.00
6,"Patnt","PwDom","Basc1",65,57.57,11.43,3.45,3.27,4.89,4.34,4.82,0.00,0.00,9.71,0.00,5.56,0.00,0.00,0.00,0.00
6,"Patnt","PwDom","Basc1",75,75.48,15.15,4.24,3.70,5.57,4.83,5.37,0.00,0.00,11.99,0.00,7.18,0.00,0.00,0.00,0.00
6,"Patnt","PwDom","Basc1",85,91.44,18.60,4.83,3.97,6.01,5.10,5.67,0.00,0.00,13.62,0.00,8.57,0.00,0.00,0.00,0.00
6,"Patnt","PwDom","Basc1",95,103.58,21.39,5.15,4.08,6.19,5.16,5.71,0.00,0.00,14.44,0.00,9.54,0.00,0.00,0.00,0.00
6,"Patnt","PwDom","Basc1",105,110.58,23.22,5.18,4.04,6.12,5.01,5.51,0.00,0.00,14.42,0.00,10.02,0.00,0.00,0.00,0.00
6,"Patnt","PwDom","Basc1",115,111.88,23.94,4.94,3.84,5.83,4.68,5.09,0.00,0.00,13.67,0.00,9.97,0.00,0.00,0.00,0.00
6,"Patnt","PwDom","Basc1",125,107.70,23.51,4.47,3.53,5.35,4.22,4.52,0.00,0.00,12.35,0.00,9.45,0.00,0.00,0.00,0.00
6,"Patnt","PwDom","Basc1",135,98.93,22.06,3.85,3.12,4.74,3.66,3.85,0.00,0.00,10.69,0.00,8.55,0.00,0.00,0.00,0.00
6,"Patnt","PwDom","Basc1",145,86.91,19.82,3.17,2.67,4.06,3.07,3.16,0.00,0.00,8.87,0.00,7.40,0.00,0.00,0.00,0.00
6,"Patnt","PwDom","Basc1",155,73.15,17.08,2.49,2.21,3.35,2.49,2.50,0.00,0.00,7.08,0.00,6.15,0.00,0.00,0.00,0.00
6,"Patnt","PwDom","Basc1",165,59.06,14.14,1.87,1.76,2.68,1.94,1.90,0.00,0.00,5.44,0.00,4.90,0.00,0.00,0.00,0.00
6,"Patnt","PwDom","Basc1",175,45.79,11.24,1.35,1.36,2.06,1.47,1.39,0.00,0.00,4.03,0.00,3.76,0.00,0.00,0.00,0.00
6,"Patnt","PwDom","Basc1",185,34.12,8.60,0.93,1.01,1.54,1.07,0.98,0.00,0.00,2.88,0.00,2.77,0.00,0.00,0.00,0.00
6,"Patnt","PwDom","Basc1",195,24.46,6.33,0.62,0.73,1.11,0.75,0.66,0.00,0.00,1.99,0.00,1.97,0.00,0.00,0.00,0.00
6,"Patnt","PwDom","Basc1",205,16.87,4.49,0.39,0.50,0.77,0.51,0.43,0.00,0.00,1.32,0.00,1.35,0.00,0.00,0.00,0.00
6,"Patnt","PwDom","Basc1",215,11.21,3.07,0.24,0.34,0.52,0.33,0.27,0.00,0.00,0.85,0.00,0.89,0.00,0.00,0.00,0.00
6,"Patnt","PwDom","Basc1",225,7.17,2.02,0.14,0.22,0.33,0.21,0.16,0.00,0.00,0.52,0.00,0.57,0.00,0.00,0.00,0.00
6,"Patnt","PwDom","Basc1",235,4.42,1.28,0.08,0.13,0.21,0.13,0.09,0.00,0.00,0.31,0.00,0.35,0.00,0.00,0.00,0.00
6,"Patnt","PwDom","Basc1",245,2.63,0.78,0.04,0.08,0.12,0.07,0.05,0.00,0.00,0.18,0.00,0.20,0.00,0.00,0.00,0.00
6,"Patnt","PwDom","Basc1",255,1.50,0.46,0.02,0.04,0.07,0.04,0.03,0.00,0.00,0.10,0.00,0.11,0.00,0.00,0.00,0.00
7,"4s_3s","PwDom","Intn1",5,0.00,0.00,0.00,0.00,0.00,0.00,0.00,0.00,0.00,0.00,0.00,0.00,0.00,0.00,0.00,0.00
7,"4s_3s","PwDom","Intn1",15,2.38,0.46,0.24,0.24,0.55,0.36,1.42,0.00,0.00,0.44,0.00,0.23,0.00,0.00,0.00,0.00
7,"4s_3s","PwDom","Intn1",25,8.59,1.67,0.74,0.97,1.61,1.40,2.48,0.00,0.00,1.65,0.00,0.85,0.00,0.00,0.00,0.00
7,"4s_3s","PwDom","Intn1",35,18.54,3.61,1.42,1.88,2.79,2.66,3.38,0.00,0.00,3.55,0.00,1.84,0.00,0.00,0.00,0.00
7,"4s_3s","PwDom","Intn1",45,31.42,6.14,2.19,2.64,3.82,3.63,4.12,0.00,0.00,5.84,0.00,3.10,0.00,0.00,0.00,0.00
7,"4s_3s","PwDom","Intn1",55,45.95,9.04,2.96,3.14,4.61,4.23,4.69,0.00,0.00,8.18,0.00,4.50,0.00,0.00,0.00,0.00
7,"4s_3s","PwDom","Intn1",65,60.80,12.07,3.64,3.46,5.17,4.59,5.09,0.00,0.00,10.26,0.00,5.87,0.00,0.00,0.00,0.00
7,"4s_3s","PwDom","Intn1",75,74.88,15.03,4.20,3.67,5.53,4.79,5.32,0.00,0.00,11.89,0.00,7.13,0.00,0.00,0.00,0.00
7,"4s_3s","PwDom","Intn1",85,87.39,17.77,4.61,3.79,5.74,4.87,5.42,0.00,0.00,13.02,0.00,8.19,0.00,0.00,0.00,0.00
7,"4s_3s","PwDom","Intn1",95,97.82,20.20,4.87,3.86,5.84,4.87,5.39,0.00,0.00,13.63,0.00,9.01,0.00,0.00,0.00,0.00
7,"4s_3s","PwDom","Intn1",105,105.85,22.23,4.96,3.86,5.86,4.79,5.27,0.00,0.00,13.80,0.00,9.59,0.00,0.00,0.00,0.00
7,"4s_3s","PwDom","Intn1",115,111.33,23.82,4.91,3.82,5.80,4.66,5.06,0.00,0.00,13.60,0.00,9.92,0.00,0.00,0.00,0.00
7,"4s_3s","PwDom","Intn1",125,114.26,24.94,4.74,3.74,5.68,4.47,4.79,0.00,0.00,13.11,0.00,10.02,0.00,0.00,0.00,0.00
7,"4s_3s","PwDom","Intn1",135,114.78,25.60,4.47,3.63,5.51,4.25,4.47,0.00,0.00,12.40,0.00,9.92,0.00,0.00,0.00,0.00
7,"4s_3s","PwDom","Intn1",145,113.10,25.80,4.12,3.48,5.28,4.00,4.11,0.00,0.00,11.55,0.00,9.63,0.00,0.00,0.00,0.00
7,"4s_3s","PwDom","Intn1",155,109.50,25.57,3.73,3.31,5.02,3.72,3.74,0.00,0.00,10.60,0.00,9.20,0.00,0.00,0.00,0.00
7,"4s_3s","PwDom","Intn1",165,104.31,24.97,3.31,3.12,4.73,3.44,3.35,0.00,0.00,9.62,0.00,8.66,0.00,0.00,0.00,0.00
7,"4s_3s","PwDom","Intn1",175,97.87,24.03,2.89,2.91,4.42,3.14,2.97,0.00,0.00,8.62,0.00,8.04,0.00,0.00,0.00,0.00
7,"4s_3s","PwDom","Intn1",185,90.53,22.82,2.48,2.69,4.09,2.84,2.60,0.00,0.00,7.65,0.00,7.37,0.00,0.00,0.00,0.00
7,"4s_3s","PwDom","Intn1",195,82.61,21.40,2.10,2.46,3.75,2.55,2.25,0.00,0.00,6.72,0.00,6.67,0.00,0.00,0.00,0.00
7,"4s_3s","PwDom","Intn1",205,74.41,19.82,1.75,2.24,3.41,2.26,1.93,0.00,0.00,5.84,0.00,5.97,0.00,0.00,0.00,0.00
7,"4s_3s","PwDom","Intn1",215,66.21,18.14,1.44,2.02,3.07,1.99,1.63,0.00,0.00,5.03,0.00,5.28,0.00,0.00,0.00,0.00
7,"4s_3s","PwDom","Intn1",225,58.21,16.42,1.17,1.80,2.74,1.74,1.36,0.00,0.00,4.29,0.00,4.62,0.00,0.00,0.00,0.00
7,"4s_3s","PwDom","Intn1",235,50.58,14.69,0.94,1.59,2.42,1.50,1.13,0.00,0.00,3.63,0.00,4.00,0.00,0.00,0.00,0.00
7,"4s_3s","PwDom","Intn1",245,43.47,13.01,0.74,1.39,2.12,1.28,0.92,0.00,0.00,3.04,0.00,3.43,0.00,0.00,0.00,0.00
7,"4s_3s","PwDom","Intn1",255,36.95,11.40,0.58,1.21,1.84,1.09,0.75,0.00,0.00,2.52,0.00,2.92,0.00,0.00,0.00,0.00
8,"Patnt","PwDom","Intn1",5,0.00,0.00,0.00,0.00,0.00,0.00,0.00,0.00,0.00,0.00,0.00,0.00,0.00,0.00,0.00,0.00
8,"Patnt","PwDom","Intn1",15,1.12,0.22,0.11,0.11,0.26,0.17,0.67,0.00,0.00,0.20,0.00,0.11,0.00,0.00,0.00,0.00
8,"Patnt","PwDom","Intn1",25,4.91,0.96,0.42,0.55,0.92,0.80,1.42,0.00,0.00,0.94,0.00,0.48,0.00,0.00,0.00,0.00
8,"Patnt","PwDom","Intn1",35,12.50,2.43,0.96,1.27,1.88,1.79,2.28,0.00,0.00,2.39,0.00,1.24,0.00,0.00,0.00,0.00
8,"Patnt","PwDom","Intn1",45,24.33,4.76,1.70,2.04,2.96,2.81,3.19,0.00,0.00,4.52,0.00,2.40,0.00,0.00,0.00,0.00
8,"Patnt","PwDom","Intn1",55,39.85,7.84,2.56,2.72,4.00,3.67,4.07,0.00,0.00,7.09,0.00,3.90,0.00,0.00,0.00,0.00
8,"Patnt","PwDom","Intn1",65,57.57,11.43,3.45,3.27,4.89,4.34,4.82,0.00,0.00,9.71,0.00,5.56,0.00,0.00,0.00,0.00
8,"Patnt","PwDom","Intn1",75,75.48,15.15,4.24,3.70,5.57,4.83,5.37,0.00,0.00,11.99,0.00,7.18,0.00,0.00,0.00,0.00
8,"Patnt","PwDom","Intn1",85,91.44,18.60,4.83,3.97,6.01,5.10,5.67,0.00,0.00,13.62,0.00,8.57,0.00,0.00,0.00,0.00
8,"Patnt","PwDom","Intn1",95,103.58,21.39,5.15,4.08,6.19,5.16,5.71,0.00,0.00,14.44,0.00,9.54,0.00,0.00,0.00,0.00
8,"Patnt","PwDom","Intn1",105,110.58,23.22,5.18,4.04,6.12,5.01,5.51,0.00,0.00,14.42,0.00,10.02,0.00,0.00,0.00,0.00
8,"Patnt","PwDom","Intn1",115,111.88,23.94,4.94,3.84,5.83,4.68,5.09,0.00,0.00,13.67,0.00,9.97,0.00,0.00,0.00,0.00
8,"Patnt","PwDom","Intn1",125,107.70,23.51,4.47,3.53,5.35,4.22,4.52,0.00,0.00,12.35,0.00,9.45,0.00,0.00,0.00,0.00
8,"Patnt","PwDom","Intn1",135,98.93,22.06,3.85,3.12,4.74,3.66,3.85,0.00,0.00,10.69,0.00,8.55,0.00,0.00,0.00,0.00
8,"Patnt","PwDom","Intn1",145,86.91,19.82,3.17,2.67,4.06,3.07,3.16,0.00,0.00,8.87,0.00,7.40,0.00,0.00,0.00,0.00
8,"Patnt","PwDom","Intn1",155,73.15,17.08,2.49,2.21,3.35,2.49,2.50,0.00,0.00,7.08,0.00,6.15,0.00,0.00,0.00,0.00
8,"Patnt","PwDom","Intn1",165,59.06,14.14,1.87,1.76,2.68,1.94,1.90,0.00,0.00,5.44,0.00,4.90,0.00,0.00,0.00,0.00
8,"Patnt","PwDom","Intn1",175,45.79,11.24,1.35,1.36,2.06,1.47,1.39,0.00,0.00,4.03,0.00,3.76,0.00,0.00,0.00,0.00
8,"Patnt","PwDom","Intn1",185,34.12,8.60,0.93,1.01,1.54,1.07,0.98,0.00,0.00,2.88,0.00,2.77,0.00,0.00,0.00,0.00
8,"Patnt","PwDom","Intn1",195,24.46,6.33,0.62,0.73,1.11,0.75,0.66,0.00,0.00,1.99,0.00,1.97,0.00,0.00,0.00,0.00
8,"Patnt","PwDom","Intn1",205,16.87,4.49,0.39,0.50,0.77,0.51,0.43,0.00,0.00,1.32,0.00,1.35,0.00,0.00,0.00,0.00
8,"Patnt","PwDom","Intn1",215,11.21,3.07,0.24,0.34,0.52,0.33,0.27,0.00,0.00,0.85,0.00,0.89,0.00,0.00,0.00,0.00
8,"Patnt","PwDom","Intn1",225,7.17,2.02,0.14,0.22,0.33,0.21,0.16,0.00,0.00,0.52,0.00,0.57,0.00,0.00,0.00,0.00
8,"Patnt","PwDom","Intn1",235,4.42,1.28,0.08,0.13,0.21,0.13,0.09,0.00,0.00,0.31,0.00,0.35,0.00,0.00,0.00,0.00
8,"Patnt","PwDom","Intn1",245,2.63,0.78,0.04,0.08,0.12,0.07,0.05,0.00,0.00,0.18,0.00,0.20,0.00,0.00,0.00,0.00
8,"Patnt","PwDom","Intn1",255,1.50,0.46,0.02,0.04,0.07,0.04,0.03,0.00,0.00,0.10,0.00,0.11,0.00,0.00,0.00,0.00
9,"4s_3s","PrDom","Prsnt",5,0.00,0.00,0.00,0.00,0.00,0.00,0.00,0.00,0.00,0.00,0.00,0.00,0.00,0.00,0.00,0.00
9,"4s_3s","PrDom","Prsnt",15,1.01,14.40,1.19,0.76,0.00,0.16,0.00,0.00,0.00,0.64,0.00,0.20,0.00,0.00,0.00,0.00
9,"4s_3s","PrDom","Prsnt",25,2.74,38.89,2.74,2.26,0.00,0.47,0.00,0.00,0.00,1.82,0.00,0.56,0.00,0.00,0.00,0.00
9,"4s_3s","PrDom","Prsnt",35,5.02,71.00,4.45,3.72,0.00,0.76,0.00,0.00,0.00,3.32,0.00,1.02,0.00,0.00,0.00,0.00
9,"4s_3s","PrDom","Prsnt",45,7.53,106.82,6.06,4.60,0.00,0.92,0.00,0.00,0.00,4.84,0.00,1.53,0.00,0.00,0.00,0.00
9,"4s_3s","PrDom","Prsnt",55,9.98,142.45,7.41,4.96,0.00,0.97,0.00,0.00,0.00,6.14,0.00,2.01,0.00,0.00,0.00,0.00
9,"4s_3s","PrDom","Prsnt",65,12.12,174.51,8.37,5.02,0.00,0.97,0.00,0.00,0.00,7.06,0.00,2.41,0.00,0.00,0.00,0.00
9,"4s_3s","PrDom","Prsnt",75,13.78,200.53,8.92,4.91,0.00,0.93,0.00,0.00,0.00,7.56,0.00,2.70,0.00,0.00,0.00,0.00
9,"4s_3s","PrDom","Prsnt",85,14.84,218.93,9.03,4.69,0.00,0.88,0.00,0.00,0.00,7.64,0.00,2.86,0.00,0.00,0.00,0.00
9,"4s_3s","PrDom","Prsnt",95,15.29,228.99,8.77,4.39,0.00,0.80,0.00,0.00,0.00,7.36,0.00,2.90,0.00,0.00,0.00,0.00
9,"4s_3s","PrDom","Prsnt",105,15.15,230.77,8.18,4.03,0.00,0.72,0.00,0.00,0.00,6.82,0.00,2.83,0.00,0.00,0.00,0.00
9,"4s_3s","PrDom","Prsnt",115,14.50,224.96,7.37,3.62,0.00,0.64,0.00,0.00,0.00,6.12,0.00,2.66,0.00,0.00,0.00,0.00
9,"4s_3s","PrDom","Prsnt",125,13.44,212.73,6.42,3.20,0.00,0.55,0.00,0.00,0.00,5.32,0.00,2.43,0.00,0.00,0.00,0.00
9,"4s_3s","PrDom","Prsnt",135,12.09,195.57,5.42,2.78,0.00,0.47,0.00,0.00,0.00,4.51,0.00,2.15,0.00,0.00,0.00,0.00
9,"4s_3s","PrDom","Prsnt",145,10.58,175.07,4.44,2.37,0.00,0.39,0.00,0.00,0.00,3.73,0.00,1.85,0.00,0.00,0.00,0.00
9,"4s_3s","PrDom","Prsnt",155,9.02,152.79,3.54,1.98,0.00,0.32,0.00,0.00,0.00,3.01,0.00,1.56,0.00,0.00,0.00,0.00
9,"4s_3s","PrDom","Prsnt",165,7.49,130.13,2.74,1.63,0.00,0.26,0.00,0.00,0.00,2.38,0.00,1.28,0.00,0.00,0.00,0.00
9,"4s_3s","PrDom","Prsnt",175,6.08,108.25,2.07,1.31,0.00,0.20,0.00,0.00,0.00,1.85,0.00,1.03,0.00,0.00,0.00,0.00
9,"4s_3s","PrDom","Prsnt",185,4.81,88.00,1.52,1.04,0.00,0.16,0.00,0.00,0.00,1.40,0.00,0.80,0.00,0.00,0.00,0.00
9,"4s_3s","PrDom","Prsnt",195,3.72,69.95,1.09,0.81,0.00,0.12,0.00,0.00,0.00,1.04,0.00,0.62,0.00,0.00,0.00,0.00
9,"4s_3s","PrDom","Prsnt",205,2.81,54.39,0.76,0.61,0.00,0.09,0.00,0.00,0.00,0.76,0.00,0.46,0.00,0.00,0.00,0.00
9,"4s_3s","PrDom","Prsnt",215,2.08,41.38,0.52,0.46,0.00,0.06,0.00,0.00,0.00,0.54,0.00,0.34,0.00,0.00,0.00,0.00
9,"4s_3s","PrDom","Prsnt",225,1.50,30.81,0.35,0.33,0.00,0.04,0.00,0.00,0.00,0.38,0.00,0.24,0.00,0.00,0.00,0.00
9,"4s_3s","PrDom","Prsnt",235,1.06,22.47,0.22,0.24,0.00,0.03,0.00,0.00,0.00,0.26,0.00,0.17,0.00,0.00,0.00,0.00
9,"4s_3s","PrDom","Prsnt",245,0.73,16.04,0.14,0.17,0.00,0.02,0.00,0.00,0.00,0.17,0.00,0.12,0.00,0.00,0.00,0.00
9,"4s_3s","PrDom","Prsnt",255,0.50,11.21,0.09,0.11,0.00,0.01,0.00,0.00,0.00,0.11,0.00,0.08,0.00,0.00,0.00,0.00
10,"Patnt","PrDom","Prsnt",5,0.00,0.00,0.00,0.00,0.00,0.00,0.00,0.00,0.00,0.00,0.00,0.00,0.00,0.00,0.00,0.00
10,"Patnt","PrDom","Prsnt",15,1.22,17.86,1.44,0.69,0.00,0.19,0.00,0.00,0.00,0.78,0.00,0.16,0.00,0.00,0.00,0.00
10,"Patnt","PrDom","Prsnt",25,3.03,44.09,3.03,1.88,0.00,0.52,0.00,0.00,0.00,2.02,0.00,0.41,0.00,0.00,0.00,0.00
10,"Patnt","PrDom","Prsnt",35,5.16,74.87,4.57,2.87,0.00,0.78,0.00,0.00,0.00,3.41,0.00,0.70,0.00,0.00,0.00,0.00
10,"Patnt","PrDom","Prsnt",45,7.34,106.79,5.91,3.36,0.00,0.90,0.00,0.00,0.00,4.72,0.00,0.99,0.00,0.00,0.00,0.00
10,"Patnt","PrDom","Prsnt",55,9.41,137.72,6.98,3.51,0.00,0.92,0.00,0.00,0.00,5.79,0.00,1.26,0.00,0.00,0.00,0.00
10,"Patnt","PrDom","Prsnt",65,11.28,166.51,7.79,3.50,0.00,0.90,0.00,0.00,0.00,6.57,0.00,1.49,0.00,0.00,0.00,0.00
10,"Patnt","PrDom","Prsnt",75,12.91,192.67,8.35,3.45,0.00,0.87,0.00,0.00,0.00,7.08,0.00,1.69,0.00,0.00,0.00,0.00
10,"Patnt","PrDom","Prsnt",85,14.29,216.08,8.70,3.39,0.00,0.84,0.00,0.00,0.00,7.35,0.00,1.84,0.00,0.00,0.00,0.00
10,"Patnt","PrDom","Prsnt",95,15.43,236.86,8.84,3.32,0.00,0.81,0.00,0.00,0.00,7.43,0.00,1.95,0.00,0.00,0.00,0.00
10,"Patnt","PrDom","Prsnt",105,16.34,255.18,8.83,3.26,0.00,0.78,0.00,0.00,0.00,7.36,0.00,2.03,0.00,0.00,0.00,0.00
10,"Patnt","PrDom","Prsnt",115,17.05,271.27,8.67,3.20,0.00,0.75,0.00,0.00,0.00,7.20,0.00,2.09,0.00,0.00,0.00,0.00
10,"Patnt","PrDom","Prsnt",125,17.58,285.35,8.40,3.14,0.00,0.73,0.00,0.00,0.00,6.97,0.00,2.12,0.00,0.00,0.00,0.00
10,"Patnt","PrDom","Prsnt",135,17.95,297.64,8.05,3.09,0.00,0.70,0.00,0.00,0.00,6.70,0.00,2.13,0.00,0.00,0.00,0.00
10,"Patnt","PrDom","Prsnt",145,18.18,308.36,7.64,3.05,0.00,0.68,0.00,0.00,0.00,6.41,0.00,2.12,0.00,0.00,0.00,0.00
10,"Patnt","PrDom","Prsnt",155,18.29,317.69,7.18,3.02,0.00,0.66,0.00,0.00,0.00,6.12,0.00,2.11,0.00,0.00,0.00,0.00
10,"Patnt","PrDom","Prsnt",165,18.31,325.80,6.70,2.98,0.00,0.64,0.00,0.00,0.00,5.83,0.00,2.09,0.00,0.00,0.00,0.00
10,"Patnt","PrDom","Prsnt",175,18.23,332.85,6.21,2.96,0.00,0.62,0.00,0.00,0.00,5.55,0.00,2.06,0.00,0.00,0.00,0.00
10,"Patnt","PrDom","Prsnt",185,18.08,338.97,5.72,2.93,0.00,0.60,0.00,0.00,0.00,5.28,0.00,2.02,0.00,0.00,0.00,0.00
10,"Patnt","PrDom","Prsnt",195,17.87,344.28,5.25,2.91,0.00,0.58,0.00,0.00,0.00,5.02,0.00,1.98,0.00,0.00,0.00,0.00
10,"Patnt","PrDom","Prsnt",205,17.62,348.88,4.79,2.89,0.00,0.57,0.00,0.00,0.00,4.78,0.00,1.94,0.00,0.00,0.00,0.00
10,"Patnt","PrDom","Prsnt",215,17.32,352.87,4.36,2.88,0.00,0.55,0.00,0.00,0.00,4.55,0.00,1.90,0.00,0.00,0.00,0.00
10,"Patnt","PrDom","Prsnt",225,16.99,356.33,3.95,2.87,0.00,0.53,0.00,0.00,0.00,4.33,0.00,1.85,0.00,0.00,0.00,0.00
10,"Patnt","PrDom","Prsnt",235,16.63,359.32,3.57,2.86,0.00,0.52,0.00,0.00,0.00,4.12,0.00,1.81,0.00,0.00,0.00,0.00
10,"Patnt","PrDom","Prsnt",245,16.26,361.90,3.21,2.85,0.00,0.51,0.00,0.00,0.00,3.93,0.00,1.76,0.00,0.00,0.00,0.00
10,"Patnt","PrDom","Prsnt",255,15.87,364.13,2.89,2.84,0.00,0.49,0.00,0.00,0.00,3.74,0.00,1.72,0.00,0.00,0.00,0.00
11,"4s_3s","PrDom","Exten",5,0.00,0.00,0.00,0.00,0.00,0.00,0.00,0.00,0.00,0.00,0.00,0.00,0.00,0.00,0.00,0.00
11,"4s_3s","PrDom","Exten",15,1.01,14.40,1.19,0.76,0.00,0.16,0.00,0.00,0.00,0.64,0.00,0.20,0.00,0.00,0.00,0.00
11,"4s_3s","PrDom","Exten",25,2.74,38.89,2.74,2.26,0.00,0.47,0.00,0.00,0.00,1.82,0.00,0.56,0.00,0.00,0.00,0.00
11,"4s_3s","PrDom","Exten",35,5.02,71.00,4.45,3.72,0.00,0.76,0.00,0.00,0.00,3.32,0.00,1.02,0.00,0.00,0.00,0.00
11,"4s_3s","PrDom","Exten",45,7.53,106.82,6.06,4.60,0.00,0.92,0.00,0.00,0.00,4.84,0.00,1.53,0.00,0.00,0.00,0.00
11,"4s_3s","PrDom","Exten",55,9.98,142.45,7.41,4.96,0.00,0.97,0.00,0.00,0.00,6.14,0.00,2.01,0.00,0.00,0.00,0.00
11,"4s_3s","PrDom","Exten",65,12.12,174.51,8.37,5.02,0.00,0.97,0.00,0.00,0.00,7.06,0.00,2.41,0.00,0.00,0.00,0.00
11,"4s_3s","PrDom","Exten",75,13.78,200.53,8.92,4.91,0.00,0.93,0.00,0.00,0.00,7.56,0.00,2.70,0.00,0.00,0.00,0.00
11,"4s_3s","PrDom","Exten",85,14.84,218.93,9.03,4.69,0.00,0.88,0.00,0.00,0.00,7.64,0.00,2.86,0.00,0.00,0.00,0.00
11,"4s_3s","PrDom","Exten",95,15.29,228.99,8.77,4.39,0.00,0.80,0.00,0.00,0.00,7.36,0.00,2.90,0.00,0.00,0.00,0.00
11,"4s_3s","PrDom","Exten",105,15.15,230.77,8.18,4.03,0.00,0.72,0.00,0.00,0.00,6.82,0.00,2.83,0.00,0.00,0.00,0.00
11,"4s_3s","PrDom","Exten",115,14.50,224.96,7.37,3.62,0.00,0.64,0.00,0.00,0.00,6.12,0.00,2.66,0.00,0.00,0.00,0.00
11,"4s_3s","PrDom","Exten",125,13.44,212.73,6.42,3.20,0.00,0.55,0.00,0.00,0.00,5.32,0.00,2.43,0.00,0.00,0.00,0.00
11,"4s_3s","PrDom","Exten",135,12.09,195.57,5.42,2.78,0.00,0.47,0.00,0.00,0.00,4.51,0.00,2.15,0.00,0.00,0.00,0.00
11,"4s_3s","PrDom","Exten",145,10.58,175.07,4.44,2.37,0.00,0.39,0.00,0.00,0.00,3.73,0.00,1.85,0.00,0.00,0.00,0.00
11,"4s_3s","PrDom","Exten",155,9.02,152.79,3.54,1.98,0.00,0.32,0.00,0.00,0.00,3.01,0.00,1.56,0.00,0.00,0.00,0.00
11,"4s_3s","PrDom","Exten",165,7.49,130.13,2.74,1.63,0.00,0.26,0.00,0.00,0.00,2.38,0.00,1.28,0.00,0.00,0.00,0.00
11,"4s_3s","PrDom","Exten",175,6.08,108.25,2.07,1.31,0.00,0.20,0.00,0.00,0.00,1.85,0.00,1.03,0.00,0.00,0.00,0.00
11,"4s_3s","PrDom","Exten",185,4.81,88.00,1.52,1.04,0.00,0.16,0.00,0.00,0.00,1.40,0.00,0.80,0.00,0.00,0.00,0.00
11,"4s_3s","PrDom","Exten",195,3.72,69.95,1.09,0.81,0.00,0.12,0.00,0.00,0.00,1.04,0.00,0.62,0.00,0.00,0.00,0.00
11,"4s_3s","PrDom","Exten",205,2.81,54.39,0.76,0.61,0.00,0.09,0.00,0.00,0.00,0.76,0.00,0.46,0.00,0.00,0.00,0.00
11,"4s_3s","PrDom","Exten",215,2.08,41.38,0.52,0.46,0.00,0.06,0.00,0.00,0.00,0.54,0.00,0.34,0.00,0.00,0.00,0.00
11,"4s_3s","PrDom","Exten",225,1.50,30.81,0.35,0.33,0.00,0.04,0.00,0.00,0.00,0.38,0.00,0.24,0.00,0.00,0.00,0.00
11,"4s_3s","PrDom","Exten",235,1.06,22.47,0.22,0.24,0.00,0.03,0.00,0.00,0.00,0.26,0.00,0.17,0.00,0.00,0.00,0.00
11,"4s_3s","PrDom","Exten",245,0.73,16.04,0.14,0.17,0.00,0.02,0.00,0.00,0.00,0.17,0.00,0.12,0.00,0.00,0.00,0.00
11,"4s_3s","PrDom","Exten",255,0.50,11.21,0.09,0.11,0.00,0.01,0.00,0.00,0.00,0.11,0.00,0.08,0.00,0.00,0.00,0.00
12,"Patnt","PrDom","Exten",5,0.00,0.00,0.00,0.00,0.00,0.00,0.00,0.00,0.00,0.00,0.00,0.00,0.00,0.00,0.00,0.00
12,"Patnt","PrDom","Exten",15,1.22,17.86,1.44,0.69,0.00,0.19,0.00,0.00,0.00,0.78,0.00,0.16,0.00,0.00,0.00,0.00
12,"Patnt","PrDom","Exten",25,3.03,44.09,3.03,1.88,0.00,0.52,0.00,0.00,0.00,2.02,0.00,0.41,0.00,0.00,0.00,0.00
12,"Patnt","PrDom","Exten",35,5.16,74.87,4.57,2.87,0.00,0.78,0.00,0.00,0.00,3.41,0.00,0.70,0.00,0.00,0.00,0.00
12,"Patnt","PrDom","Exten",45,7.34,106.79,5.91,3.36,0.00,0.90,0.00,0.00,0.00,4.72,0.00,0.99,0.00,0.00,0.00,0.00
12,"Patnt","PrDom","Exten",55,9.41,137.72,6.98,3.51,0.00,0.92,0.00,0.00,0.00,5.79,0.00,1.26,0.00,0.00,0.00,0.00
12,"Patnt","PrDom","Exten",65,11.28,166.51,7.79,3.50,0.00,0.90,0.00,0.00,0.00,6.57,0.00,1.49,0.00,0.00,0.00,0.00
12,"Patnt","PrDom","Exten",75,12.91,192.67,8.35,3.45,0.00,0.87,0.00,0.00,0.00,7.08,0.00,1.69,0.00,0.00,0.00,0.00
12,"Patnt","PrDom","Exten",85,14.29,216.08,8.70,3.39,0.00,0.84,0.00,0.00,0.00,7.35,0.00,1.84,0.00,0.00,0.00,0.00
12,"Patnt","PrDom","Exten",95,15.43,236.86,8.84,3.32,0.00,0.81,0.00,0.00,0.00,7.43,0.00,1.95,0.00,0.00,0.00,0.00
12,"Patnt","PrDom","Exten",105,16.34,255.18,8.83,3.26,0.00,0.78,0.00,0.00,0.00,7.36,0.00,2.03,0.00,0.00,0.00,0.00
12,"Patnt","PrDom","Exten",115,17.05,271.27,8.67,3.20,0.00,0.75,0.00,0.00,0.00,7.20,0.00,2.09,0.00,0.00,0.00,0.00
12,"Patnt","PrDom","Exten",125,17.58,285.35,8.40,3.14,0.00,0.73,0.00,0.00,0.00,6.97,0.00,2.12,0.00,0.00,0.00,0.00
12,"Patnt","PrDom","Exten",135,17.95,297.64,8.05,3.09,0.00,0.70,0.00,0.00,0.00,6.70,0.00,2.13,0.00,0.00,0.00,0.00
12,"Patnt","PrDom","Exten",145,18.18,308.36,7.64,3.05,0.00,0.68,0.00,0.00,0.00,6.41,0.00,2.12,0.00,0.00,0.00,0.00
12,"Patnt","PrDom","Exten",155,18.29,317.69,7.18,3.02,0.00,0.66,0.00,0.00,0.00,6.12,0.00,2.11,0.00,0.00,0.00,0.00
12,"Patnt","PrDom","Exten",165,18.31,325.80,6.70,2.98,0.00,0.64,0.00,0.00,0.00,5.83,0.00,2.09,0.00,0.00,0.00,0.00
12,"Patnt","PrDom","Exten",175,18.23,332.85,6.21,2.96,0.00,0.62,0.00,0.00,0.00,5.55,0.00,2.06,0.00,0.00,0.00,0.00
12,"Patnt","PrDom","Exten",185,18.08,338.97,5.72,2.93,0.00,0.60,0.00,0.00,0.00,5.28,0.00,2.02,0.00,0.00,0.00,0.00
12,"Patnt","PrDom","Exten",195,17.87,344.28,5.25,2.91,0.00,0.58,0.00,0.00,0.00,5.02,0.00,1.98,0.00,0.00,0.00,0.00
12,"Patnt","PrDom","Exten",205,17.62,348.88,4.79,2.89,0.00,0.57,0.00,0.00,0.00,4.78,0.00,1.94,0.00,0.00,0.00,0.00
12,"Patnt","PrDom","Exten",215,17.32,352.87,4.36,2.88,0.00,0.55,0.00,0.00,0.00,4.55,0.00,1.90,0.00,0.00,0.00,0.00
12,"Patnt","PrDom","Exten",225,16.99,356.33,3.95,2.87,0.00,0.53,0.00,0.00,0.00,4.33,0.00,1.85,0.00,0.00,0.00,0.00
12,"Patnt","PrDom","Exten",235,16.63,359.32,3.57,2.86,0.00,0.52,0.00,0.00,0.00,4.12,0.00,1.81,0.00,0.00,0.00,0.00
12,"Patnt","PrDom","Exten",245,16.26,361.90,3.21,2.85,0.00,0.51,0.00,0.00,0.00,3.93,0.00,1.76,0.00,0.00,0.00,0.00
12,"Patnt","PrDom","Exten",255,15.87,364.13,2.89,2.84,0.00,0.49,0.00,0.00,0.00,3.74,0.00,1.72,0.00,0.00,0.00,0.00
13,"4s_3s","PrDom","Basc1",5,0.00,0.00,0.00,0.00,0.00,0.00,0.00,0.00,0.00,0.00,0.00,0.00,0.00,0.00,0.00,0.00
13,"4s_3s","PrDom","Basc1",15,1.01,14.40,1.19,0.76,0.00,0.16,0.00,0.00,0.00,0.64,0.00,0.20,0.00,0.00,0.00,0.00
13,"4s_3s","PrDom","Basc1",25,2.74,38.89,2.74,2.26,0.00,0.47,0.00,0.00,0.00,1.82,0.00,0.56,0.00,0.00,0.00,0.00
13,"4s_3s","PrDom","Basc1",35,5.02,71.00,4.45,3.72,0.00,0.76,0.00,0.00,0.00,3.32,0.00,1.02,0.00,0.00,0.00,0.00
13,"4s_3s","PrDom","Basc1",45,7.53,106.82,6.06,4.60,0.00,0.92,0.00,0.00,0.00,4.84,0.00,1.53,0.00,0.00,0.00,0.00
13,"4s_3s","PrDom","Basc1",55,9.98,142.45,7.41,4.96,0.00,0.97,0.00,0.00,0.00,6.14,0.00,2.01,0.00,0.00,0.00,0.00
13,"4s_3s","PrDom","Basc1",65,12.12,174.51,8.37,5.02,0.00,0.97,0.00,0.00,0.00,7.06,0.00,2.41,0.00,0.00,0.00,0.00
13,"4s_3s","PrDom","Basc1",75,13.78,200.53,8.92,4.91,0.00,0.93,0.00,0.00,0.00,7.56,0.00,2.70,0.00,0.00,0.00,0.00
13,"4s_3s","PrDom","Basc1",85,14.84,218.93,9.03,4.69,0.00,0.88,0.00,0.00,0.00,7.64,0.00,2.86,0.00,0.00,0.00,0.00
13,"4s_3s","PrDom","Basc1",95,15.29,228.99,8.77,4.39,0.00,0.80,0.00,0.00,0.00,7.36,0.00,2.90,0.00,0.00,0.00,0.00
13,"4s_3s","PrDom","Basc1",105,15.15,230.77,8.18,4.03,0.00,0.72,0.00,0.00,0.00,6.82,0.00,2.83,0.00,0.00,0.00,0.00
13,"4s_3s","PrDom","Basc1",115,14.50,224.96,7.37,3.62,0.00,0.64,0.00,0.00,0.00,6.12,0.00,2.66,0.00,0.00,0.00,0.00
13,"4s_3s","PrDom","Basc1",125,13.44,212.73,6.42,3.20,0.00,0.55,0.00,0.00,0.00,5.32,0.00,2.43,0.00,0.00,0.00,0.00
13,"4s_3s","PrDom","Basc1",135,12.09,195.57,5.42,2.78,0.00,0.47,0.00,0.00,0.00,4.51,0.00,2.15,0.00,0.00,0.00,0.00
13,"4s_3s","PrDom","Basc1",145,10.58,175.07,4.44,2.37,0.00,0.39,0.00,0.00,0.00,3.73,0.00,1.85,0.00,0.00,0.00,0.00
13,"4s_3s","PrDom","Basc1",155,9.02,152.79,3.54,1.98,0.00,0.32,0.00,0.00,0.00,3.01,0.00,1.56,0.00,0.00,0.00,0.00
13,"4s_3s","PrDom","Basc1",165,7.49,130.13,2.74,1.63,0.00,0.26,0.00,0.00,0.00,2.38,0.00,1.28,0.00,0.00,0.00,0.00
13,"4s_3s","PrDom","Basc1",175,6.08,108.25,2.07,1.31,0.00,0.20,0.00,0.00,0.00,1.85,0.00,1.03,0.00,0.00,0.00,0.00
13,"4s_3s","PrDom","Basc1",185,4.81,88.00,1.52,1.04,0.00,0.16,0.00,0.00,0.00,1.40,0.00,0.80,0.00,0.00,0.00,0.00
13,"4s_3s","PrDom","Basc1",195,3.72,69.95,1.09,0.81,0.00,0.12,0.00,0.00,0.00,1.04,0.00,0.62,0.00,0.00,0.00,0.00
13,"4s_3s","PrDom","Basc1",205,2.81,54.39,0.76,0.61,0.00,0.09,0.00,0.00,0.00,0.76,0.00,0.46,0.00,0.00,0.00,0.00
13,"4s_3s","PrDom","Basc1",215,2.08,41.38,0.52,0.46,0.00,0.06,0.00,0.00,0.00,0.54,0.00,0.34,0.00,0.00,0.00,0.00
13,"4s_3s","PrDom","Basc1",225,1.50,30.81,0.35,0.33,0.00,0.04,0.00,0.00,0.00,0.38,0.00,0.24,0.00,0.00,0.00,0.00
13,"4s_3s","PrDom","Basc1",235,1.06,22.47,0.22,0.24,0.00,0.03,0.00,0.00,0.00,0.26,0.00,0.17,0.00,0.00,0.00,0.00
13,"4s_3s","PrDom","Basc1",245,0.73,16.04,0.14,0.17,0.00,0.02,0.00,0.00,0.00,0.17,0.00,0.12,0.00,0.00,0.00,0.00
13,"4s_3s","PrDom","Basc1",255,0.50,11.21,0.09,0.11,0.00,0.01,0.00,0.00,0.00,0.11,0.00,0.08,0.00,0.00,0.00,0.00
14,"Patnt","PrDom","Basc1",5,0.00,0.00,0.00,0.00,0.00,0.00,0.00,0.00,0.00,0.00,0.00,0.00,0.00,0.00,0.00,0.00
14,"Patnt","PrDom","Basc1",15,1.22,17.86,1.44,0.69,0.00,0.19,0.00,0.00,0.00,0.78,0.00,0.16,0.00,0.00,0.00,0.00
14,"Patnt","PrDom","Basc1",25,3.03,44.09,3.03,1.88,0.00,0.52,0.00,0.00,0.00,2.02,0.00,0.41,0.00,0.00,0.00,0.00
14,"Patnt","PrDom","Basc1",35,5.16,74.87,4.57,2.87,0.00,0.78,0.00,0.00,0.00,3.41,0.00,0.70,0.00,0.00,0.00,0.00
14,"Patnt","PrDom","Basc1",45,7.34,106.79,5.91,3.36,0.00,0.90,0.00,0.00,0.00,4.72,0.00,0.99,0.00,0.00,0.00,0.00
14,"Patnt","PrDom","Basc1",55,9.41,137.72,6.98,3.51,0.00,0.92,0.00,0.00,0.00,5.79,0.00,1.26,0.00,0.00,0.00,0.00
14,"Patnt","PrDom","Basc1",65,11.28,166.51,7.79,3.50,0.00,0.90,0.00,0.00,0.00,6.57,0.00,1.49,0.00,0.00,0.00,0.00
14,"Patnt","PrDom","Basc1",75,12.91,192.67,8.35,3.45,0.00,0.87,0.00,0.00,0.00,7.08,0.00,1.69,0.00,0.00,0.00,0.00
14,"Patnt","PrDom","Basc1",85,14.29,216.08,8.70,3.39,0.00,0.84,0.00,0.00,0.00,7.35,0.00,1.84,0.00,0.00,0.00,0.00
14,"Patnt","PrDom","Basc1",95,15.43,236.86,8.84,3.32,0.00,0.81,0.00,0.00,0.00,7.43,0.00,1.95,0.00,0.00,0.00,0.00
14,"Patnt","PrDom","Basc1",105,16.34,255.18,8.83,3.26,0.00,0.78,0.00,0.00,0.00,7.36,0.00,2.03,0.00,0.00,0.00,0.00
14,"Patnt","PrDom","Basc1",115,17.05,271.27,8.67,3.20,0.00,0.75,0.00,0.00,0.00,7.20,0.00,2.09,0.00,0.00,0.00,0.00
14,"Patnt","PrDom","Basc1",125,17.58,285.35,8.40,3.14,0.00,0.73,0.00,0.00,0.00,6.97,0.00,2.12,0.00,0.00,0.00,0.00
14,"Patnt","PrDom","Basc1",135,17.95,297.64,8.05,3.09,0.00,0.70,0.00,0.00,0.00,6.70,0.00,2.13,0.00,0.00,0.00,0.00
14,"Patnt","PrDom","Basc1",145,18.18,308.36,7.64,3.05,0.00,0.68,0.00,0.00,0.00,6.41,0.00,2.12,0.00,0.00,0.00,0.00
14,"Patnt","PrDom","Basc1",155,18.29,317.69,7.18,3.02,0.00,0.66,0.00,0.00,0.00,6.12,0.00,2.11,0.00,0.00,0.00,0.00
14,"Patnt","PrDom","Basc1",165,18.31,325.80,6.70,2.98,0.00,0.64,0.00,0.00,0.00,5.83,0.00,2.09,0.00,0.00,0.00,0.00
14,"Patnt","PrDom","Basc1",175,18.23,332.85,6.21,2.96,0.00,0.62,0.00,0.00,0.00,5.55,0.00,2.06,0.00,0.00,0.00,0.00
14,"Patnt","PrDom","Basc1",185,18.08,338.97,5.72,2.93,0.00,0.60,0.00,0.00,0.00,5.28,0.00,2.02,0.00,0.00,0.00,0.00
14,"Patnt","PrDom","Basc1",195,17.87,344.28,5.25,2.91,0.00,0.58,0.00,0.00,0.00,5.02,0.00,1.98,0.00,0.00,0.00,0.00
14,"Patnt","PrDom","Basc1",205,17.62,348.88,4.79,2.89,0.00,0.57,0.00,0.00,0.00,4.78,0.00,1.94,0.00,0.00,0.00,0.00
14,"Patnt","PrDom","Basc1",215,17.32,352.87,4.36,2.88,0.00,0.55,0.00,0.00,0.00,4.55,0.00,1.90,0.00,0.00,0.00,0.00
14,"Patnt","PrDom","Basc1",225,16.99,356.33,3.95,2.87,0.00,0.53,0.00,0.00,0.00,4.33,0.00,1.85,0.00,0.00,0.00,0.00
14,"Patnt","PrDom","Basc1",235,16.63,359.32,3.57,2.86,0.00,0.52,0.00,0.00,0.00,4.12,0.00,1.81,0.00,0.00,0.00,0.00
14,"Patnt","PrDom","Basc1",245,16.26,361.90,3.21,2.85,0.00,0.51,0.00,0.00,0.00,3.93,0.00,1.76,0.00,0.00,0.00,0.00
14,"Patnt","PrDom","Basc1",255,15.87,364.13,2.89,2.84,0.00,0.49,0.00,0.00,0.00,3.74,0.00,1.72,0.00,0.00,0.00,0.00
15,"4s_3s","PrDom","Intn1",5,0.00,0.00,0.00,0.00,0.00,0.00,0.00,0.00,0.00,0.00,0.00,0.00,0.00,0.00,0.00,0.00
15,"4s_3s","PrDom","Intn1",15,1.01,14.40,1.19,0.76,0.00,0.16,0.00,0.00,0.00,0.64,0.00,0.20,0.00,0.00,0.00,0.00
15,"4s_3s","PrDom","Intn1",25,2.74,38.89,2.74,2.26,0.00,0.47,0.00,0.00,0.00,1.82,0.00,0.56,0.00,0.00,0.00,0.00
15,"4s_3s","PrDom","Intn1",35,5.02,71.00,4.45,3.72,0.00,0.76,0.00,0.00,0.00,3.32,0.00,1.02,0.00,0.00,0.00,0.00
15,"4s_3s","PrDom","Intn1",45,7.53,106.82,6.06,4.60,0.00,0.92,0.00,0.00,0.00,4.84,0.00,1.53,0.00,0.00,0.00,0.00
15,"4s_3s","PrDom","Intn1",55,9.98,142.45,7.41,4.96,0.00,0.97,0.00,0.00,0.00,6.14,0.00,2.01,0.00,0.00,0.00,0.00
15,"4s_3s","PrDom","Intn1",65,12.12,174.51,8.37,5.02,0.00,0.97,0.00,0.00,0.00,7.06,0.00,2.41,0.00,0.00,0.00,0.00
15,"4s_3s","PrDom","Intn1",75,13.78,200.53,8.92,4.91,0.00,0.93,0.00,0.00,0.00,7.56,0.00,2.70,0.00,0.00,0.00,0.00
15,"4s_3s","PrDom","Intn1",85,14.84,218.93,9.03,4.69,0.00,0.88,0.00,0.00,0.00,7.64,0.00,2.86,0.00,0.00,0.00,0.00
15,"4s_3s","PrDom","Intn1",95,15.29,228.99,8.77,4.39,0.00,0.80,0.00,0.00,0.00,7.36,0.00,2.90,0.00,0.00,0.00,0.00
15,"4s_3s","PrDom","Intn1",105,15.15,230.77,8.18,4.03,0.00,0.72,0.00,0.00,0.00,6.82,0.00,2.83,0.00,0.00,0.00,0.00
15,"4s_3s","PrDom","Intn1",115,14.50,224.96,7.37,3.62,0.00,0.64,0.00,0.00,0.00,6.12,0.00,2.66,0.00,0.00,0.00,0.00
15,"4s_3s","PrDom","Intn1",125,13.44,212.73,6.42,3.20,0.00,0.55,0.00,0.00,0.00,5.32,0.00,2.43,0.00,0.00,0.00,0.00
15,"4s_3s","PrDom","Intn1",135,12.09,195.57,5.42,2.78,0.00,0.47,0.00,0.00,0.00,4.51,0.00,2.15,0.00,0.00,0.00,0.00
15,"4s_3s","PrDom","Intn1",145,10.58,175.07,4.44,2.37,0.00,0.39,0.00,0.00,0.00,3.73,0.00,1.85,0.00,0.00,0.00,0.00
15,"4s_3s","PrDom","Intn1",155,9.02,152.79,3.54,1.98,0.00,0.32,0.00,0.00,0.00,3.01,0.00,1.56,0.00,0.00,0.00,0.00
15,"4s_3s","PrDom","Intn1",165,7.49,130.13,2.74,1.63,0.00,0.26,0.00,0.00,0.00,2.38,0.00,1.28,0.00,0.00,0.00,0.00
15,"4s_3s","PrDom","Intn1",175,6.08,108.25,2.07,1.31,0.00,0.20,0.00,0.00,0.00,1.85,0.00,1.03,0.00,0.00,0.00,0.00
15,"4s_3s","PrDom","Intn1",185,4.81,88.00,1.52,1.04,0.00,0.16,0.00,0.00,0.00,1.40,0.00,0.80,0.00,0.00,0.00,0.00
15,"4s_3s","PrDom","Intn1",195,3.72,69.95,1.09,0.81,0.00,0.12,0.00,0.00,0.00,1.04,0.00,0.62,0.00,0.00,0.00,0.00
15,"4s_3s","PrDom","Intn1",205,2.81,54.39,0.76,0.61,0.00,0.09,0.00,0.00,0.00,0.76,0.00,0.46,0.00,0.00,0.00,0.00
15,"4s_3s","PrDom","Intn1",215,2.08,41.38,0.52,0.46,0.00,0.06,0.00,0.00,0.00,0.54,0.00,0.34,0.00,0.00,0.00,0.00
15,"4s_3s","PrDom","Intn1",225,1.50,30.81,0.35,0.33,0.00,0.04,0.00,0.00,0.00,0.38,0.00,0.24,0.00,0.00,0.00,0.00
15,"4s_3s","PrDom","Intn1",235,1.06,22.47,0.22,0.24,0.00,0.03,0.00,0.00,0.00,0.26,0.00,0.17,0.00,0.00,0.00,0.00
15,"4s_3s","PrDom","Intn1",245,0.73,16.04,0.14,0.17,0.00,0.02,0.00,0.00,0.00,0.17,0.00,0.12,0.00,0.00,0.00,0.00
15,"4s_3s","PrDom","Intn1",255,0.50,11.21,0.09,0.11,0.00,0.01,0.00,0.00,0.00,0.11,0.00,0.08,0.00,0.00,0.00,0.00
16,"Patnt","PrDom","Intn1",5,0.00,0.00,0.00,0.00,0.00,0.00,0.00,0.00,0.00,0.00,0.00,0.00,0.00,0.00,0.00,0.00
16,"Patnt","PrDom","Intn1",15,1.22,17.86,1.44,0.69,0.00,0.19,0.00,0.00,0.00,0.78,0.00,0.16,0.00,0.00,0.00,0.00
16,"Patnt","PrDom","Intn1",25,3.03,44.09,3.03,1.88,0.00,0.52,0.00,0.00,0.00,2.02,0.00,0.41,0.00,0.00,0.00,0.00
16,"Patnt","PrDom","Intn1",35,5.16,74.87,4.57,2.87,0.00,0.78,0.00,0.00,0.00,3.41,0.00,0.70,0.00,0.00,0.00,0.00
16,"Patnt","PrDom","Intn1",45,7.34,106.79,5.91,3.36,0.00,0.90,0.00,0.00,0.00,4.72,0.00,0.99,0.00,0.00,0.00,0.00
16,"Patnt","PrDom","Intn1",55,9.41,137.72,6.98,3.51,0.00,0.92,0.00,0.00,0.00,5.79,0.00,1.26,0.00,0.00,0.00,0.00
16,"Patnt","PrDom","Intn1",65,11.28,166.51,7.79,3.50,0.00,0.90,0.00,0.00,0.00,6.57,0.00,1.49,0.00,0.00,0.00,0.00
16,"Patnt","PrDom","Intn1",75,12.91,192.67,8.35,3.45,0.00,0.87,0.00,0.00,0.00,7.08,0.00,1.69,0.00,0.00,0.00,0.00
16,"Patnt","PrDom","Intn1",85,14.29,216.08,8.70,3.39,0.00,0.84,0.00,0.00,0.00,7.35,0.00,1.84,0.00,0.00,0.00,0.00
16,"Patnt","PrDom","Intn1",95,15.43,236.86,8.84,3.32,0.00,0.81,0.00,0.00,0.00,7.43,0.00,1.95,0.00,0.00,0.00,0.00
16,"Patnt","PrDom","Intn1",105,16.34,255.18,8.83,3.26,0.00,0.78,0.00,0.00,0.00,7.36,0.00,2.03,0.00,0.00,0.00,0.00
16,"Patnt","PrDom","Intn1",115,17.05,271.27,8.67,3.20,0.00,0.75,0.00,0.00,0.00,7.20,0.00,2.09,0.00,0.00,0.00,0.00
16,"Patnt","PrDom","Intn1",125,17.58,285.35,8.40,3.14,0.00,0.73,0.00,0.00,0.00,6.97,0.00,2.12,0.00,0.00,0.00,0.00
16,"Patnt","PrDom","Intn1",135,17.95,297.64,8.05,3.09,0.00,0.70,0.00,0.00,0.00,6.70,0.00,2.13,0.00,0.00,0.00,0.00
16,"Patnt","PrDom","Intn1",145,18.18,308.36,7.64,3.05,0.00,0.68,0.00,0.00,0.00,6.41,0.00,2.12,0.00,0.00,0.00,0.00
16,"Patnt","PrDom","Intn1",155,18.29,317.69,7.18,3.02,0.00,0.66,0.00,0.00,0.00,6.12,0.00,2.11,0.00,0.00,0.00,0.00
16,"Patnt","PrDom","Intn1",165,18.31,325.80,6.70,2.98,0.00,0.64,0.00,0.00,0.00,5.83,0.00,2.09,0.00,0.00,0.00,0.00
16,"Patnt","PrDom","Intn1",175,18.23,332.85,6.21,2.96,0.00,0.62,0.00,0.00,0.00,5.55,0.00,2.06,0.00,0.00,0.00,0.00
16,"Patnt","PrDom","Intn1",185,18.08,338.97,5.72,2.93,0.00,0.60,0.00,0.00,0.00,5.28,0.00,2.02,0.00,0.00,0.00,0.00
16,"Patnt","PrDom","Intn1",195,17.87,344.28,5.25,2.91,0.00,0.58,0.00,0.00,0.00,5.02,0.00,1.98,0.00,0.00,0.00,0.00
16,"Patnt","PrDom","Intn1",205,17.62,348.88,4.79,2.89,0.00,0.57,0.00,0.00,0.00,4.78,0.00,1.94,0.00,0.00,0.00,0.00
16,"Patnt","PrDom","Intn1",215,17.32,352.87,4.36,2.88,0.00,0.55,0.00,0.00,0.00,4.55,0.00,1.90,0.00,0.00,0.00,0.00
16,"Patnt","PrDom","Intn1",225,16.99,356.33,3.95,2.87,0.00,0.53,0.00,0.00,0.00,4.33,0.00,1.85,0.00,0.00,0.00,0.00
16,"Patnt","PrDom","Intn1",235,16.63,359.32,3.57,2.86,0.00,0.52,0.00,0.00,0.00,4.12,0.00,1.81,0.00,0.00,0.00,0.00
16,"Patnt","PrDom","Intn1",245,16.26,361.90,3.21,2.85,0.00,0.51,0.00,0.00,0.00,3.93,0.00,1.76,0.00,0.00,0.00,0.00
16,"Patnt","PrDom","Intn1",255,15.87,364.13,2.89,2.84,0.00,0.49,0.00,0.00,0.00,3.74,0.00,1.72,0.00,0.00,0.00,0.00
17,"4s_3s","PrDom","Intn2",5,0.00,0.00,0.00,0.00,0.00,0.00,0.00,0.00,0.00,0.00,0.00,0.00,0.00,0.00,0.00,0.00
17,"4s_3s","PrDom","Intn2",15,1.01,14.40,1.19,0.76,0.00,0.16,0.00,0.00,0.00,0.64,0.00,0.20,0.00,0.00,0.00,0.00
17,"4s_3s","PrDom","Intn2",25,2.74,38.89,2.74,2.26,0.00,0.47,0.00,0.00,0.00,1.82,0.00,0.56,0.00,0.00,0.00,0.00
17,"4s_3s","PrDom","Intn2",35,5.02,71.00,4.45,3.72,0.00,0.76,0.00,0.00,0.00,3.32,0.00,1.02,0.00,0.00,0.00,0.00
17,"4s_3s","PrDom","Intn2",45,7.53,106.82,6.06,4.60,0.00,0.92,0.00,0.00,0.00,4.84,0.00,1.53,0.00,0.00,0.00,0.00
17,"4s_3s","PrDom","Intn2",55,9.98,142.45,7.41,4.96,0.00,0.97,0.00,0.00,0.00,6.14,0.00,2.01,0.00,0.00,0.00,0.00
17,"4s_3s","PrDom","Intn2",65,12.12,174.51,8.37,5.02,0.00,0.97,0.00,0.00,0.00,7.06,0.00,2.41,0.00,0.00,0.00,0.00
17,"4s_3s","PrDom","Intn2",75,13.78,200.53,8.92,4.91,0.00,0.93,0.00,0.00,0.00,7.56,0.00,2.70,0.00,0.00,0.00,0.00
17,"4s_3s","PrDom","Intn2",85,14.84,218.93,9.03,4.69,0.00,0.88,0.00,0.00,0.00,7.64,0.00,2.86,0.00,0.00,0.00,0.00
17,"4s_3s","PrDom","Intn2",95,15.29,228.99,8.77,4.39,0.00,0.80,0.00,0.00,0.00,7.36,0.00,2.90,0.00,0.00,0.00,0.00
17,"4s_3s","PrDom","Intn2",105,15.15,230.77,8.18,4.03,0.00,0.72,0.00,0.00,0.00,6.82,0.00,2.83,0.00,0.00,0.00,0.00
17,"4s_3s","PrDom","Intn2",115,14.50,224.96,7.37,3.62,0.00,0.64,0.00,0.00,0.00,6.12,0.00,2.66,0.00,0.00,0.00,0.00
17,"4s_3s","PrDom","Intn2",125,13.44,212.73,6.42,3.20,0.00,0.55,0.00,0.00,0.00,5.32,0.00,2.43,0.00,0.00,0.00,0.00
17,"4s_3s","PrDom","Intn2",135,12.09,195.57,5.42,2.78,0.00,0.47,0.00,0.00,0.00,4.51,0.00,2.15,0.00,0.00,0.00,0.00
17,"4s_3s","PrDom","Intn2",145,10.58,175.07,4.44,2.37,0.00,0.39,0.00,0.00,0.00,3.73,0.00,1.85,0.00,0.00,0.00,0.00
17,"4s_3s","PrDom","Intn2",155,9.02,152.79,3.54,1.98,0.00,0.32,0.00,0.00,0.00,3.01,0.00,1.56,0.00,0.00,0.00,0.00
17,"4s_3s","PrDom","Intn2",165,7.49,130.13,2.74,1.63,0.00,0.26,0.00,0.00,0.00,2.38,0.00,1.28,0.00,0.00,0.00,0.00
17,"4s_3s","PrDom","Intn2",175,6.08,108.25,2.07,1.31,0.00,0.20,0.00,0.00,0.00,1.85,0.00,1.03,0.00,0.00,0.00,0.00
17,"4s_3s","PrDom","Intn2",185,4.81,88.00,1.52,1.04,0.00,0.16,0.00,0.00,0.00,1.40,0.00,0.80,0.00,0.00,0.00,0.00
17,"4s_3s","PrDom","Intn2",195,3.72,69.95,1.09,0.81,0.00,0.12,0.00,0.00,0.00,1.04,0.00,0.62,0.00,0.00,0.00,0.00
17,"4s_3s","PrDom","Intn2",205,2.81,54.39,0.76,0.61,0.00,0.09,0.00,0.00,0.00,0.76,0.00,0.46,0.00,0.00,0.00,0.00
17,"4s_3s","PrDom","Intn2",215,2.08,41.38,0.52,0.46,0.00,0.06,0.00,0.00,0.00,0.54,0.00,0.34,0.00,0.00,0.00,0.00
17,"4s_3s","PrDom","Intn2",225,1.50,30.81,0.35,0.33,0.00,0.04,0.00,0.00,0.00,0.38,0.00,0.24,0.00,0.00,0.00,0.00
17,"4s_3s","PrDom","Intn2",235,1.06,22.47,0.22,0.24,0.00,0.03,0.00,0.00,0.00,0.26,0.00,0.17,0.00,0.00,0.00,0.00
17,"4s_3s","PrDom","Intn2",245,0.73,16.04,0.14,0.17,0.00,0.02,0.00,0.00,0.00,0.17,0.00,0.12,0.00,0.00,0.00,0.00
17,"4s_3s","PrDom","Intn2",255,0.50,11.21,0.09,0.11,0.00,0.01,0.00,0.00,0.00,0.11,0.00,0.08,0.00,0.00,0.00,0.00
18,"Patnt","PrDom","Intn2",5,0.00,0.00,0.00,0.00,0.00,0.00,0.00,0.00,0.00,0.00,0.00,0.00,0.00,0.00,0.00,0.00
18,"Patnt","PrDom","Intn2",15,1.22,17.86,1.44,0.69,0.00,0.19,0.00,0.00,0.00,0.78,0.00,0.16,0.00,0.00,0.00,0.00
18,"Patnt","PrDom","Intn2",25,3.03,44.09,3.03,1.88,0.00,0.52,0.00,0.00,0.00,2.02,0.00,0.41,0.00,0.00,0.00,0.00
18,"Patnt","PrDom","Intn2",35,5.16,74.87,4.57,2.87,0.00,0.78,0.00,0.00,0.00,3.41,0.00,0.70,0.00,0.00,0.00,0.00
18,"Patnt","PrDom","Intn2",45,7.34,106.79,5.91,3.36,0.00,0.90,0.00,0.00,0.00,4.72,0.00,0.99,0.00,0.00,0.00,0.00
18,"Patnt","PrDom","Intn2",55,9.41,137.72,6.98,3.51,0.00,0.92,0.00,0.00,0.00,5.79,0.00,1.26,0.00,0.00,0.00,0.00
18,"Patnt","PrDom","Intn2",65,11.28,166.51,7.79,3.50,0.00,0.90,0.00,0.00,0.00,6.57,0.00,1.49,0.00,0.00,0.00,0.00
18,"Patnt","PrDom","Intn2",75,12.91,192.67,8.35,3.45,0.00,0.87,0.00,0.00,0.00,7.08,0.00,1.69,0.00,0.00,0.00,0.00
18,"Patnt","PrDom","Intn2",85,14.29,216.08,8.70,3.39,0.00,0.84,0.00,0.00,0.00,7.35,0.00,1.84,0.00,0.00,0.00,0.00
18,"Patnt","PrDom","Intn2",95,15.43,236.86,8.84,3.32,0.00,0.81,0.00,0.00,0.00,7.43,0.00,1.95,0.00,0.00,0.00,0.00
18,"Patnt","PrDom","Intn2",105,16.34,255.18,8.83,3.26,0.00,0.78,0.00,0.00,0.00,7.36,0.00,2.03,0.00,0.00,0.00,0.00
18,"Patnt","PrDom","Intn2",115,17.05,271.27,8.67,3.20,0.00,0.75,0.00,0.00,0.00,7.20,0.00,2.09,0.00,0.00,0.00,0.00
18,"Patnt","PrDom","Intn2",125,17.58,285.35,8.40,3.14,0.00,0.73,0.00,0.00,0.00,6.97,0.00,2.12,0.00,0.00,0.00,0.00
18,"Patnt","PrDom","Intn2",135,17.95,297.64,8.05,3.09,0.00,0.70,0.00,0.00,0.00,6.70,0.00,2.13,0.00,0.00,0.00,0.00
18,"Patnt","PrDom","Intn2",145,18.18,308.36,7.64,3.05,0.00,0.68,0.00,0.00,0.00,6.41,0.00,2.12,0.00,0.00,0.00,0.00
18,"Patnt","PrDom","Intn2",155,18.29,317.69,7.18,3.02,0.00,0.66,0.00,0.00,0.00,6.12,0.00,2.11,0.00,0.00,0.00,0.00
18,"Patnt","PrDom","Intn2",165,18.31,325.80,6.70,2.98,0.00,0.64,0.00,0.00,0.00,5.83,0.00,2.09,0.00,0.00,0.00,0.00
18,"Patnt","PrDom","Intn2",175,18.23,332.85,6.21,2.96,0.00,0.62,0.00,0.00,0.00,5.55,0.00,2.06,0.00,0.00,0.00,0.00
18,"Patnt","PrDom","Intn2",185,18.08,338.97,5.72,2.93,0.00,0.60,0.00,0.00,0.00,5.28,0.00,2.02,0.00,0.00,0.00,0.00
18,"Patnt","PrDom","Intn2",195,17.87,344.28,5.25,2.91,0.00,0.58,0.00,0.00,0.00,5.02,0.00,1.98,0.00,0.00,0.00,0.00
18,"Patnt","PrDom","Intn2",205,17.62,348.88,4.79,2.89,0.00,0.57,0.00,0.00,0.00,4.78,0.00,1.94,0.00,0.00,0.00,0.00
18,"Patnt","PrDom","Intn2",215,17.32,352.87,4.36,2.88,0.00,0.55,0.00,0.00,0.00,4.55,0.00,1.90,0.00,0.00,0.00,0.00
18,"Patnt","PrDom","Intn2",225,16.99,356.33,3.95,2.87,0.00,0.53,0.00,0.00,0.00,4.33,0.00,1.85,0.00,0.00,0.00,0.00
18,"Patnt","PrDom","Intn2",235,16.63,359.32,3.57,2.86,0.00,0.52,0.00,0.00,0.00,4.12,0.00,1.81,0.00,0.00,0.00,0.00
18,"Patnt","PrDom","Intn2",245,16.26,361.90,3.21,2.85,0.00,0.51,0.00,0.00,0.00,3.93,0.00,1.76,0.00,0.00,0.00,0.00
18,"Patnt","PrDom","Intn2",255,15.87,364.13,2.89,2.84,0.00,0.49,0.00,0.00,0.00,3.74,0.00,1.72,0.00,0.00,0.00,0.00
19,"4s_3s","PrDom","Succ",5,0.00,0.00,0.00,0.00,0.00,0.00,0.00,0.00,0.00,0.00,0.00,0.00,0.00,0.00,0.00,0.00
19,"4s_3s","PrDom","Succ",15,1.01,14.40,1.19,0.76,0.00,0.16,0.00,0.00,0.00,0.64,0.00,0.20,0.00,0.00,0.00,0.00
19,"4s_3s","PrDom","Succ",25,2.74,38.89,2.74,2.26,0.00,0.47,0.00,0.00,0.00,1.82,0.00,0.56,0.00,0.00,0.00,0.00
19,"4s_3s","PrDom","Succ",35,5.02,71.00,4.45,3.72,0.00,0.76,0.00,0.00,0.00,3.32,0.00,1.02,0.00,0.00,0.00,0.00
19,"4s_3s","PrDom","Succ",45,7.53,106.82,6.06,4.60,0.00,0.92,0.00,0.00,0.00,4.84,0.00,1.53,0.00,0.00,0.00,0.00
19,"4s_3s","PrDom","Succ",55,9.98,142.45,7.41,4.96,0.00,0.97,0.00,0.00,0.00,6.14,0.00,2.01,0.00,0.00,0.00,0.00
19,"4s_3s","PrDom","Succ",65,12.12,174.51,8.37,5.02,0.00,0.97,0.00,0.00,0.00,7.06,0.00,2.41,0.00,0.00,0.00,0.00
19,"4s_3s","PrDom","Succ",75,13.78,200.53,8.92,4.91,0.00,0.93,0.00,0.00,0.00,7.56,0.00,2.70,0.00,0.00,0.00,0.00
19,"4s_3s","PrDom","Succ",85,14.84,218.93,9.03,4.69,0.00,0.88,0.00,0.00,0.00,7.64,0.00,2.86,0.00,0.00,0.00,0.00
19,"4s_3s","PrDom","Succ",95,15.29,228.99,8.77,4.39,0.00,0.80,0.00,0.00,0.00,7.36,0.00,2.90,0.00,0.00,0.00,0.00
19,"4s_3s","PrDom","Succ",105,15.15,230.77,8.18,4.03,0.00,0.72,0.00,0.00,0.00,6.82,0.00,2.83,0.00,0.00,0.00,0.00
19,"4s_3s","PrDom","Succ",115,14.50,224.96,7.37,3.62,0.00,0.64,0.00,0.00,0.00,6.12,0.00,2.66,0.00,0.00,0.00,0.00
19,"4s_3s","PrDom","Succ",125,13.44,212.73,6.42,3.20,0.00,0.55,0.00,0.00,0.00,5.32,0.00,2.43,0.00,0.00,0.00,0.00
19,"4s_3s","PrDom","Succ",135,12.09,195.57,5.42,2.78,0.00,0.47,0.00,0.00,0.00,4.51,0.00,2.15,0.00,0.00,0.00,0.00
19,"4s_3s","PrDom","Succ",145,10.58,175.07,4.44,2.37,0.00,0.39,0.00,0.00,0.00,3.73,0.00,1.85,0.00,0.00,0.00,0.00
19,"4s_3s","PrDom","Succ",155,9.02,152.79,3.54,1.98,0.00,0.32,0.00,0.00,0.00,3.01,0.00,1.56,0.00,0.00,0.00,0.00
19,"4s_3s","PrDom","Succ",165,7.49,130.13,2.74,1.63,0.00,0.26,0.00,0.00,0.00,2.38,0.00,1.28,0.00,0.00,0.00,0.00
19,"4s_3s","PrDom","Succ",175,6.08,108.25,2.07,1.31,0.00,0.20,0.00,0.00,0.00,1.85,0.00,1.03,0.00,0.00,0.00,0.00
19,"4s_3s","PrDom","Succ",185,4.81,88.00,1.52,1.04,0.00,0.16,0.00,0.00,0.00,1.40,0.00,0.80,0.00,0.00,0.00,0.00
19,"4s_3s","PrDom","Succ",195,3.72,69.95,1.09,0.81,0.00,0.12,0.00,0.00,0.00,1.04,0.00,0.62,0.00,0.00,0.00,0.00
19,"4s_3s","PrDom","Succ",205,2.81,54.39,0.76,0.61,0.00,0.09,0.00,0.00,0.00,0.76,0.00,0.46,0.00,0.00,0.00,0.00
19,"4s_3s","PrDom","Succ",215,2.08,41.38,0.52,0.46,0.00,0.06,0.00,0.00,0.00,0.54,0.00,0.34,0.00,0.00,0.00,0.00
19,"4s_3s","PrDom","Succ",225,1.50,30.81,0.35,0.33,0.00,0.04,0.00,0.00,0.00,0.38,0.00,0.24,0.00,0.00,0.00,0.00
19,"4s_3s","PrDom","Succ",235,1.06,22.47,0.22,0.24,0.00,0.03,0.00,0.00,0.00,0.26,0.00,0.17,0.00,0.00,0.00,0.00
19,"4s_3s","PrDom","Succ",245,0.73,16.04,0.14,0.17,0.00,0.02,0.00,0.00,0.00,0.17,0.00,0.12,0.00,0.00,0.00,0.00
19,"4s_3s","PrDom","Succ",255,0.50,11.21,0.09,0.11,0.00,0.01,0.00,0.00,0.00,0.11,0.00,0.08,0.00,0.00,0.00,0.00
20,"Patnt","PrDom","Succ",5,0.00,0.00,0.00,0.00,0.00,0.00,0.00,0.00,0.00,0.00,0.00,0.00,0.00,0.00,0.00,0.00
20,"Patnt","PrDom","Succ",15,1.22,17.86,1.44,0.69,0.00,0.19,0.00,0.00,0.00,0.78,0.00,0.16,0.00,0.00,0.00,0.00
20,"Patnt","PrDom","Succ",25,3.03,44.09,3.03,1.88,0.00,0.52,0.00,0.00,0.00,2.02,0.00,0.41,0.00,0.00,0.00,0.00
20,"Patnt","PrDom","Succ",35,5.16,74.87,4.57,2.87,0.00,0.78,0.00,0.00,0.00,3.41,0.00,0.70,0.00,0.00,0.00,0.00
20,"Patnt","PrDom","Succ",45,7.34,106.79,5.91,3.36,0.00,0.90,0.00,0.00,0.00,4.72,0.00,0.99,0.00,0.00,0.00,0.00
20,"Patnt","PrDom","Succ",55,9.41,137.72,6.98,3.51,0.00,0.92,0.00,0.00,0.00,5.79,0.00,1.26,0.00,0.00,0.00,0.00
20,"Patnt","PrDom","Succ",65,11.28,166.51,7.79,3.50,0.00,0.90,0.00,0.00,0.00,6.57,0.00,1.49,0.00,0.00,0.00,0.00
20,"Patnt","PrDom","Succ",75,12.91,192.67,8.35,3.45,0.00,0.87,0.00,0.00,0.00,7.08,0.00,1.69,0.00,0.00,0.00,0.00
20,"Patnt","PrDom","Succ",85,14.29,216.08,8.70,3.39,0.00,0.84,0.00,0.00,0.00,7.35,0.00,1.84,0.00,0.00,0.00,0.00
20,"Patnt","PrDom","Succ",95,15.43,236.86,8.84,3.32,0.00,0.81,0.00,0.00,0.00,7.43,0.00,1.95,0.00,0.00,0.00,0.00
20,"Patnt","PrDom","Succ",105,16.34,255.18,8.83,3.26,0.00,0.78,0.00,0.00,0.00,7.36,0.00,2.03,0.00,0.00,0.00,0.00
20,"Patnt","PrDom","Succ",115,17.05,271.27,8.67,3.20,0.00,0.75,0.00,0.00,0.00,7.20,0.00,2.09,0.00,0.00,0.00,0.00
20,"Patnt","PrDom","Succ",125,17.58,285.35,8.40,3.14,0.00,0.73,0.00,0.00,0.00,6.97,0.00,2.12,0.00,0.00,0.00,0.00
20,"Patnt","PrDom","Succ",135,17.95,297.64,8.05,3.09,0.00,0.70,0.00,0.00,0.00,6.70,0.00,2.13,0.00,0.00,0.00,0.00
20,"Patnt","PrDom","Succ",145,18.18,308.36,7.64,3.05,0.00,0.68,0.00,0.00,0.00,6.41,0.00,2.12,0.00,0.00,0.00,0.00
20,"Patnt","PrDom","Succ",155,18.29,317.69,7.18,3.02,0.00,0.66,0.00,0.00,0.00,6.12,0.00,2.11,0.00,0.00,0.00,0.00
20,"Patnt","PrDom","Succ",165,18.31,325.80,6.70,2.98,0.00,0.64,0.00,0.00,0.00,5.83,0.00,2.09,0.00,0.00,0.00,0.00
20,"Patnt","PrDom","Succ",175,18.23,332.85,6.21,2.96,0.00,0.62,0.00,0.00,0.00,5.55,0.00,2.06,0.00,0.00,0.00,0.00
20,"Patnt","PrDom","Succ",185,18.08,338.97,5.72,2.93,0.00,0.60,0.00,0.00,0.00,5.28,0.00,2.02,0.00,0.00,0.00,0.00
20,"Patnt","PrDom","Succ",195,17.87,344.28,5.25,2.91,0.00,0.58,0.00,0.00,0.00,5.02,0.00,1.98,0.00,0.00,0.00,0.00
20,"Patnt","PrDom","Succ",205,17.62,348.88,4.79,2.89,0.00,0.57,0.00,0.00,0.00,4.78,0.00,1.94,0.00,0.00,0.00,0.00
20,"Patnt","PrDom","Succ",215,17.32,352.87,4.36,2.88,0.00,0.55,0.00,0.00,0.00,4.55,0.00,1.90,0.00,0.00,0.00,0.00
20,"Patnt","PrDom","Succ",225,16.99,356.33,3.95,2.87,0.00,0.53,0.00,0.00,0.00,4.33,0.00,1.85,0.00,0.00,0.00,0.00
20,"Patnt","PrDom","Succ",235,16.63,359.32,3.57,2.86,0.00,0.52,0.00,0.00,0.00,4.12,0.00,1.81,0.00,0.00,0.00,0.00
20,"Patnt","PrDom","Succ",245,16.26,361.90,3.21,2.85,0.00,0.51,0.00,0.00,0.00,3.93,0.00,1.76,0.00,0.00,0.00,0.00
20,"Patnt","PrDom","Succ",255,15.87,364.13,2.89,2.84,0.00,0.49,0.00,0.00,0.00,3.74,0.00,1.72,0.00,0.00,0.00,0.00
21,"4s_3s","PrwMx","Prsnt",5,0.00,0.00,0.00,0.00,0.00,0.00,0.00,0.00,0.00,0.00,0.00,0.00,0.00,0.00,0.00,0.00
21,"4s_3s","PrwMx","Prsnt",15,0.83,1.25,0.58,0.33,0.34,0.28,1.06,0.00,0.00,0.52,0.00,0.16,0.00,0.00,0.00,0.00
21,"4s_3s","PrwMx","Prsnt",25,3.16,4.75,1.89,1.37,1.06,1.15,1.95,0.00,0.00,2.05,0.00,0.64,0.00,0.00,0.00,0.00
21,"4s_3s","PrwMx","Prsnt",35,7.26,10.92,3.86,2.82,1.96,2.32,2.82,0.00,0.00,4.68,0.00,1.48,0.00,0.00,0.00,0.00
21,"4s_3s","PrwMx","Prsnt",45,13.13,19.80,6.34,4.21,2.86,3.38,3.67,0.00,0.00,8.22,0.00,2.67,0.00,0.00,0.00,0.00
21,"4s_3s","PrwMx","Prsnt",55,20.40,30.95,9.08,5.32,3.67,4.19,4.44,0.00,0.00,12.23,0.00,4.11,0.00,0.00,0.00,0.00
21,"4s_3s","PrwMx","Prsnt",65,28.46,43.56,11.80,6.19,4.34,4.79,5.08,0.00,0.00,16.18,0.00,5.67,0.00,0.00,0.00,0.00
21,"4s_3s","PrwMx","Prsnt",75,36.63,56.67,14.22,6.86,4.85,5.22,5.55,0.00,0.00,19.60,0.00,7.19,0.00,0.00,0.00,0.00
21,"4s_3s","PrwMx","Prsnt",85,44.21,69.32,16.15,7.34,5.21,5.50,5.84,0.00,0.00,22.18,0.00,8.54,0.00,0.00,0.00,0.00
21,"4s_3s","PrwMx","Prsnt",95,50.64,80.61,17.42,7.63,5.43,5.62,5.95,0.00,0.00,23.78,0.00,9.62,0.00,0.00,0.00,0.00
21,"4s_3s","PrwMx","Prsnt",105,55.47,89.80,17.98,7.74,5.51,5.60,5.88,0.00,0.00,24.37,0.00,10.36,0.00,0.00,0.00,0.00
21,"4s_3s","PrwMx","Prsnt",115,58.41,96.34,17.83,7.67,5.46,5.45,5.66,0.00,0.00,24.04,0.00,10.73,0.00,0.00,0.00,0.00
21,"4s_3s","PrwMx","Prsnt",125,59.39,99.93,17.04,7.44,5.30,5.19,5.31,0.00,0.00,22.95,0.00,10.74,0.00,0.00,0.00,0.00
21,"4s_3s","PrwMx","Prsnt",135,58.46,100.50,15.74,7.06,5.03,4.83,4.85,0.00,0.00,21.27,0.00,10.41,0.00,0.00,0.00,0.00
21,"4s_3s","PrwMx","Prsnt",145,55.87,98.23,14.08,6.57,4.68,4.41,4.33,0.00,0.00,19.21,0.00,9.81,0.00,0.00,0.00,0.00
21,"4s_3s","PrwMx","Prsnt",155,51.92,93.47,12.23,6.00,4.27,3.94,3.78,0.00,0.00,16.93,0.00,9.00,0.00,0.00,0.00,0.00
21,"4s_3s","PrwMx","Prsnt",165,46.99,86.72,10.32,5.37,3.83,3.45,3.22,0.00,0.00,14.59,0.00,8.05,0.00,0.00,0.00,0.00
21,"4s_3s","PrwMx","Prsnt",175,41.49,78.54,8.48,4.71,3.36,2.97,2.68,0.00,0.00,12.31,0.00,7.03,0.00,0.00,0.00,0.00
21,"4s_3s","PrwMx","Prsnt",185,35.75,69.50,6.79,4.06,2.90,2.50,2.19,0.00,0.00,10.18,0.00,6.00,0.00,0.00,0.00,0.00
21,"4s_3s","PrwMx","Prsnt",195,30.11,60.14,5.30,3.43,2.45,2.07,1.75,0.00,0.00,8.25,0.00,5.01,0.00,0.00,0.00,0.00
21,"4s_3s","PrwMx","Prsnt",205,24.80,50.92,4.04,2.85,2.03,1.68,1.37,0.00,0.00,6.56,0.00,4.10,0.00,0.00,0.00,0.00
21,"4s_3s","PrwMx","Prsnt",215,19.98,42.22,3.01,2.32,1.66,1.34,1.05,0.00,0.00,5.12,0.00,3.28,0.00,0.00,0.00,0.00
21,"4s_3s","PrwMx","Prsnt",225,15.77,34.29,2.20,1.86,1.33,1.05,0.79,0.00,0.00,3.92,0.00,2.58,0.00,0.00,0.00,0.00
21,"4s_3s","PrwMx","Prsnt",235,12.18,27.29,1.56,1.46,1.04,0.80,0.58,0.00,0.00,2.94,0.00,1.99,0.00,0.00,0.00,0.00
21,"4s_3s","PrwMx","Prsnt",245,9.23,21.30,1.09,1.13,0.80,0.60,0.41,0.00,0.00,2.17,0.00,1.50,0.00,0.00,0.00,0.00
21,"4s_3s","PrwMx","Prsnt",255,6.85,16.30,0.74,0.85,0.61,0.45,0.29,0.00,0.00,1.57,0.00,1.11,0.00,0.00,0.00,0.00
22,"Patnt","PrwMx","Prsnt",5,0.00,0.00,0.00,0.00,0.00,0.00,0.00,0.00,0.00,0.00,0.00,0.00,0.00,0.00,0.00,0.00
22,"Patnt","PrwMx","Prsnt",15,0.36,0.57,0.31,0.15,0.15,0.12,0.48,0.00,0.00,0.23,0.00,0.07,0.00,0.00,0.00,0.00
22,"Patnt","PrwMx","Prsnt",25,1.46,2.31,1.07,0.66,0.51,0.56,0.94,0.00,0.00,0.99,0.00,0.31,0.00,0.00,0.00,0.00
22,"Patnt","PrwMx","Prsnt",35,3.59,5.68,2.34,1.47,1.02,1.21,1.47,0.00,0.00,2.43,0.00,0.77,0.00,0.00,0.00,0.00
22,"Patnt","PrwMx","Prsnt",45,6.99,11.09,4.14,2.36,1.60,1.89,2.06,0.00,0.00,4.61,0.00,1.50,0.00,0.00,0.00,0.00
22,"Patnt","PrwMx","Prsnt",55,11.78,18.82,6.44,3.24,2.23,2.55,2.70,0.00,0.00,7.44,0.00,2.50,0.00,0.00,0.00,0.00
22,"Patnt","PrwMx","Prsnt",65,17.98,28.96,9.15,4.11,2.88,3.18,3.37,0.00,0.00,10.76,0.00,3.77,0.00,0.00,0.00,0.00
22,"Patnt","PrwMx","Prsnt",75,25.49,41.52,12.16,5.02,3.55,3.82,4.06,0.00,0.00,14.35,0.00,5.26,0.00,0.00,0.00,0.00
22,"Patnt","PrwMx","Prsnt",85,34.16,56.37,15.32,5.97,4.24,4.47,4.75,0.00,0.00,18.04,0.00,6.94,0.00,0.00,0.00,0.00
22,"Patnt","PrwMx","Prsnt",95,43.76,73.32,18.49,6.94,4.94,5.11,5.41,0.00,0.00,21.63,0.00,8.75,0.00,0.00,0.00,0.00
22,"Patnt","PrwMx","Prsnt",105,54.01,92.05,21.50,7.93,5.65,5.74,6.03,0.00,0.00,24.98,0.00,10.62,0.00,0.00,0.00,0.00
22,"Patnt","PrwMx","Prsnt",115,64.59,112.13,24.21,8.93,6.36,6.35,6.59,0.00,0.00,27.98,0.00,12.49,0.00,0.00,0.00,0.00
22,"Patnt","PrwMx","Prsnt",125,75.12,133.07,26.47,9.90,7.06,6.91,7.07,0.00,0.00,30.56,0.00,14.30,0.00,0.00,0.00,0.00
22,"Patnt","PrwMx","Prsnt",135,85.26,154.28,28.18,10.84,7.73,7.42,7.45,0.00,0.00,32.66,0.00,15.99,0.00,0.00,0.00,0.00
22,"Patnt","PrwMx","Prsnt",145,94.64,175.16,29.29,11.72,8.35,7.86,7.73,0.00,0.00,34.26,0.00,17.49,0.00,0.00,0.00,0.00
22,"Patnt","PrwMx","Prsnt",155,102.94,195.08,29.77,12.52,8.92,8.22,7.89,0.00,0.00,35.34,0.00,18.78,0.00,0.00,0.00,0.00
22,"Patnt","PrwMx","Prsnt",165,109.89,213.45,29.64,13.21,9.42,8.50,7.93,0.00,0.00,35.93,0.00,19.81,0.00,0.00,0.00,0.00
22,"Patnt","PrwMx","Prsnt",175,115.28,229.71,28.94,13.79,9.84,8.69,7.86,0.00,0.00,36.03,0.00,20.56,0.00,0.00,0.00,0.00
22,"Patnt","PrwMx","Prsnt",185,118.97,243.40,27.75,14.23,10.16,8.78,7.68,0.00,0.00,35.66,0.00,21.02,0.00,0.00,0.00,0.00
22,"Patnt","PrwMx","Prsnt",195,120.89,254.12,26.16,14.53,10.37,8.76,7.41,0.00,0.00,34.88,0.00,21.19,0.00,0.00,0.00,0.00
22,"Patnt","PrwMx","Prsnt",205,121.04,261.61,24.26,14.67,10.47,8.65,7.04,0.00,0.00,33.72,0.00,21.08,0.00,0.00,0.00,0.00
22,"Patnt","PrwMx","Prsnt",215,119.50,265.71,22.16,14.66,10.47,8.45,6.61,0.00,0.00,32.23,0.00,20.70,0.00,0.00,0.00,0.00
22,"Patnt","PrwMx","Prsnt",225,116.39,266.41,19.94,14.49,10.35,8.17,6.13,0.00,0.00,30.47,0.00,20.07,0.00,0.00,0.00,0.00
22,"Patnt","PrwMx","Prsnt",235,111.90,263.78,17.69,14.17,10.12,7.80,5.62,0.00,0.00,28.48,0.00,19.24,0.00,0.00,0.00,0.00
22,"Patnt","PrwMx","Prsnt",245,106.22,258.02,15.49,13.71,9.80,7.38,5.08,0.00,0.00,26.35,0.00,18.23,0.00,0.00,0.00,0.00
22,"Patnt","PrwMx","Prsnt",255,99.59,249.41,13.38,13.14,9.39,6.90,4.54,0.00,0.00,24.11,0.00,17.08,0.00,0.00,0.00,0.00
23,"4s_3s","PrwMx","Exten",5,0.00,0.00,0.00,0.00,0.00,0.00,0.00,0.00,0.00,0.00,0.00,0.00,0.00,0.00,0.00,0.00
23,"4s_3s","PrwMx","Exten",15,0.83,1.25,0.58,0.33,0.34,0.28,1.06,0.00,0.00,0.52,0.00,0.16,0.00,0.00,0.00,0.00
23,"4s_3s","PrwMx","Exten",25,3.16,4.75,1.89,1.37,1.06,1.15,1.95,0.00,0.00,2.05,0.00,0.64,0.00,0.00,0.00,0.00
23,"4s_3s","PrwMx","Exten",35,7.26,10.92,3.86,2.82,1.96,2.32,2.82,0.00,0.00,4.68,0.00,1.48,0.00,0.00,0.00,0.00
23,"4s_3s","PrwMx","Exten",45,13.13,19.80,6.34,4.21,2.86,3.38,3.67,0.00,0.00,8.22,0.00,2.67,0.00,0.00,0.00,0.00
23,"4s_3s","PrwMx","Exten",55,20.40,30.95,9.08,5.32,3.67,4.19,4.44,0.00,0.00,12.23,0.00,4.11,0.00,0.00,0.00,0.00
23,"4s_3s","PrwMx","Exten",65,28.46,43.56,11.80,6.19,4.34,4.79,5.08,0.00,0.00,16.18,0.00,5.67,0.00,0.00,0.00,0.00
23,"4s_3s","PrwMx","Exten",75,36.63,56.67,14.22,6.86,4.85,5.22,5.55,0.00,0.00,19.60,0.00,7.19,0.00,0.00,0.00,0.00
23,"4s_3s","PrwMx","Exten",85,44.21,69.32,16.15,7.34,5.21,5.50,5.84,0.00,0.00,22.18,0.00,8.54,0.00,0.00,0.00,0.00
23,"4s_3s","PrwMx","Exten",95,50.64,80.61,17.42,7.63,5.43,5.62,5.95,0.00,0.00,23.78,0.00,9.62,0.00,0.00,0.00,0.00
23,"4s_3s","PrwMx","Exten",105,55.47,89.80,17.98,7.74,5.51,5.60,5.88,0.00,0.00,24.37,0.00,10.36,0.00,0.00,0.00,0.00
23,"4s_3s","PrwMx","Exten",115,58.41,96.34,17.83,7.67,5.46,5.45,5.66,0.00,0.00,24.04,0.00,10.73,0.00,0.00,0.00,0.00
23,"4s_3s","PrwMx","Exten",125,59.39,99.93,17.04,7.44,5.30,5.19,5.31,0.00,0.00,22.95,0.00,10.74,0.00,0.00,0.00,0.00
23,"4s_3s","PrwMx","Exten",135,58.46,100.50,15.74,7.06,5.03,4.83,4.85,0.00,0.00,21.27,0.00,10.41,0.00,0.00,0.00,0.00
23,"4s_3s","PrwMx","Exten",145,55.87,98.23,14.08,6.57,4.68,4.41,4.33,0.00,0.00,19.21,0.00,9.81,0.00,0.00,0.00,0.00
23,"4s_3s","PrwMx","Exten",155,51.92,93.47,12.23,6.00,4.27,3.94,3.78,0.00,0.00,16.93,0.00,9.00,0.00,0.00,0.00,0.00
23,"4s_3s","PrwMx","Exten",165,46.99,86.72,10.32,5.37,3.83,3.45,3.22,0.00,0.00,14.59,0.00,8.05,0.00,0.00,0.00,0.00
23,"4s_3s","PrwMx","Exten",175,41.49,78.54,8.48,4.71,3.36,2.97,2.68,0.00,0.00,12.31,0.00,7.03,0.00,0.00,0.00,0.00
23,"4s_3s","PrwMx","Exten",185,35.75,69.50,6.79,4.06,2.90,2.50,2.19,0.00,0.00,10.18,0.00,6.00,0.00,0.00,0.00,0.00
23,"4s_3s","PrwMx","Exten",195,30.11,60.14,5.30,3.43,2.45,2.07,1.75,0.00,0.00,8.25,0.00,5.01,0.00,0.00,0.00,0.00
23,"4s_3s","PrwMx","Exten",205,24.80,50.92,4.04,2.85,2.03,1.68,1.37,0.00,0.00,6.56,0.00,4.10,0.00,0.00,0.00,0.00
23,"4s_3s","PrwMx","Exten",215,19.98,42.22,3.01,2.32,1.66,1.34,1.05,0.00,0.00,5.12,0.00,3.28,0.00,0.00,0.00,0.00
23,"4s_3s","PrwMx","Exten",225,15.77,34.29,2.20,1.86,1.33,1.05,0.79,0.00,0.00,3.92,0.00,2.58,0.00,0.00,0.00,0.00
23,"4s_3s","PrwMx","Exten",235,12.18,27.29,1.56,1.46,1.04,0.80,0.58,0.00,0.00,2.94,0.00,1.99,0.00,0.00,0.00,0.00
23,"4s_3s","PrwMx","Exten",245,9.23,21.30,1.09,1.13,0.80,0.60,0.41,0.00,0.00,2.17,0.00,1.50,0.00,0.00,0.00,0.00
23,"4s_3s","PrwMx","Exten",255,6.85,16.30,0.74,0.85,0.61,0.45,0.29,0.00,0.00,1.57,0.00,1.11,0.00,0.00,0.00,0.00
24,"Patnt","PrwMx","Exten",5,0.00,0.00,0.00,0.00,0.00,0.00,0.00,0.00,0.00,0.00,0.00,0.00,0.00,0.00,0.00,0.00
24,"Patnt","PrwMx","Exten",15,0.36,0.57,0.31,0.15,0.15,0.12,0.48,0.00,0.00,0.23,0.00,0.07,0.00,0.00,0.00,0.00
24,"Patnt","PrwMx","Exten",25,1.46,2.31,1.07,0.66,0.51,0.56,0.94,0.00,0.00,0.99,0.00,0.31,0.00,0.00,0.00,0.00
24,"Patnt","PrwMx","Exten",35,3.59,5.68,2.34,1.47,1.02,1.21,1.47,0.00,0.00,2.43,0.00,0.77,0.00,0.00,0.00,0.00
24,"Patnt","PrwMx","Exten",45,6.99,11.09,4.14,2.36,1.60,1.89,2.06,0.00,0.00,4.61,0.00,1.50,0.00,0.00,0.00,0.00
24,"Patnt","PrwMx","Exten",55,11.78,18.82,6.44,3.24,2.23,2.55,2.70,0.00,0.00,7.44,0.00,2.50,0.00,0.00,0.00,0.00
24,"Patnt","PrwMx","Exten",65,17.98,28.96,9.15,4.11,2.88,3.18,3.37,0.00,0.00,10.76,0.00,3.77,0.00,0.00,0.00,0.00
24,"Patnt","PrwMx","Exten",75,25.49,41.52,12.16,5.02,3.55,3.82,4.06,0.00,0.00,14.35,0.00,5.26,0.00,0.00,0.00,0.00
24,"Patnt","PrwMx","Exten",85,34.16,56.37,15.32,5.97,4.24,4.47,4.75,0.00,0.00,18.04,0.00,6.94,0.00,0.00,0.00,0.00
24,"Patnt","PrwMx","Exten",95,43.76,73.32,18.49,6.94,4.94,5.11,5.41,0.00,0.00,21.63,0.00,8.75,0.00,0.00,0.00,0.00
24,"Patnt","PrwMx","Exten",105,54.01,92.05,21.50,7.93,5.65,5.74,6.03,0.00,0.00,24.98,0.00,10.62,0.00,0.00,0.00,0.00
24,"Patnt","PrwMx","Exten",115,64.59,112.13,24.21,8.93,6.36,6.35,6.59,0.00,0.00,27.98,0.00,12.49,0.00,0.00,0.00,0.00
24,"Patnt","PrwMx","Exten",125,75.12,133.07,26.47,9.90,7.06,6.91,7.07,0.00,0.00,30.56,0.00,14.30,0.00,0.00,0.00,0.00
24,"Patnt","PrwMx","Exten",135,85.26,154.28,28.18,10.84,7.73,7.42,7.45,0.00,0.00,32.66,0.00,15.99,0.00,0.00,0.00,0.00
24,"Patnt","PrwMx","Exten",145,94.64,175.16,29.29,11.72,8.35,7.86,7.73,0.00,0.00,34.26,0.00,17.49,0.00,0.00,0.00,0.00
24,"Patnt","PrwMx","Exten",155,102.94,195.08,29.77,12.52,8.92,8.22,7.89,0.00,0.00,35.34,0.00,18.78,0.00,0.00,0.00,0.00
24,"Patnt","PrwMx","Exten",165,109.89,213.45,29.64,13.21,9.42,8.50,7.93,0.00,0.00,35.93,0.00,19.81,0.00,0.00,0.00,0.00
24,"Patnt","PrwMx","Exten",175,115.28,229.71,28.94,13.79,9.84,8.69,7.86,0.00,0.00,36.03,0.00,20.56,0.00,0.00,0.00,0.00
24,"Patnt","PrwMx","Exten",185,118.97,243.40,27.75,14.23,10.16,8.78,7.68,0.00,0.00,35.66,0.00,21.02,0.00,0.00,0.00,0.00
24,"Patnt","PrwMx","Exten",195,120.89,254.12,26.16,14.53,10.37,8.76,7.41,0.00,0.00,34.88,0.00,21.19,0.00,0.00,0.00,0.00
24,"Patnt","PrwMx","Exten",205,121.04,261.61,24.26,14.67,10.47,8.65,7.04,0.00,0.00,33.72,0.00,21.08,0.00,0.00,0.00,0.00
24,"Patnt","PrwMx","Exten",215,119.50,265.71,22.16,14.66,10.47,8.45,6.61,0.00,0.00,32.23,0.00,20.70,0.00,0.00,0.00,0.00
24,"Patnt","PrwMx","Exten",225,116.39,266.41,19.94,14.49,10.35,8.17,6.13,0.00,0.00,30.47,0.00,20.07,0.00,0.00,0.00,0.00
24,"Patnt","PrwMx","Exten",235,111.90,263.78,17.69,14.17,10.12,7.80,5.62,0.00,0.00,28.48,0.00,19.24,0.00,0.00,0.00,0.00
24,"Patnt","PrwMx","Exten",245,106.22,258.02,15.49,13.71,9.80,7.38,5.08,0.00,0.00,26.35,0.00,18.23,0.00,0.00,0.00,0.00
24,"Patnt","PrwMx","Exten",255,99.59,249.41,13.38,13.14,9.39,6.90,4.54,0.00,0.00,24.11,0.00,17.08,0.00,0.00,0.00,0.00
25,"4s_3s","PrwMx","Basc1",5,0.00,0.00,0.00,0.00,0.00,0.00,0.00,0.00,0.00,0.00,0.00,0.00,0.00,0.00,0.00,0.00
25,"4s_3s","PrwMx","Basc1",15,0.83,1.25,0.58,0.33,0.34,0.28,1.06,0.00,0.00,0.52,0.00,0.16,0.00,0.00,0.00,0.00
25,"4s_3s","PrwMx","Basc1",25,3.16,4.75,1.89,1.37,1.06,1.15,1.95,0.00,0.00,2.05,0.00,0.64,0.00,0.00,0.00,0.00
25,"4s_3s","PrwMx","Basc1",35,7.26,10.92,3.86,2.82,1.96,2.32,2.82,0.00,0.00,4.68,0.00,1.48,0.00,0.00,0.00,0.00
25,"4s_3s","PrwMx","Basc1",45,13.13,19.80,6.34,4.21,2.86,3.38,3.67,0.00,0.00,8.22,0.00,2.67,0.00,0.00,0.00,0.00
25,"4s_3s","PrwMx","Basc1",55,20.40,30.95,9.08,5.32,3.67,4.19,4.44,0.00,0.00,12.23,0.00,4.11,0.00,0.00,0.00,0.00
25,"4s_3s","PrwMx","Basc1",65,28.46,43.56,11.80,6.19,4.34,4.79,5.08,0.00,0.00,16.18,0.00,5.67,0.00,0.00,0.00,0.00
25,"4s_3s","PrwMx","Basc1",75,36.63,56.67,14.22,6.86,4.85,5.22,5.55,0.00,0.00,19.60,0.00,7.19,0.00,0.00,0.00,0.00
25,"4s_3s","PrwMx","Basc1",85,44.21,69.32,16.15,7.34,5.21,5.50,5.84,0.00,0.00,22.18,0.00,8.54,0.00,0.00,0.00,0.00
25,"4s_3s","PrwMx","Basc1",95,50.64,80.61,17.42,7.63,5.43,5.62,5.95,0.00,0.00,23.78,0.00,9.62,0.00,0.00,0.00,0.00
25,"4s_3s","PrwMx","Basc1",105,55.47,89.80,17.98,7.74,5.51,5.60,5.88,0.00,0.00,24.37,0.00,10.36,0.00,0.00,0.00,0.00
25,"4s_3s","PrwMx","Basc1",115,58.41,96.34,17.83,7.67,5.46,5.45,5.66,0.00,0.00,24.04,0.00,10.73,0.00,0.00,0.00,0.00
25,"4s_3s","PrwMx","Basc1",125,59.39,99.93,17.04,7.44,5.30,5.19,5.31,0.00,0.00,22.95,0.00,10.74,0.00,0.00,0.00,0.00
25,"4s_3s","PrwMx","Basc1",135,58.46,100.50,15.74,7.06,5.03,4.83,4.85,0.00,0.00,21.27,0.00,10.41,0.00,0.00,0.00,0.00
25,"4s_3s","PrwMx","Basc1",145,55.87,98.23,14.08,6.57,4.68,4.41,4.33,0.00,0.00,19.21,0.00,9.81,0.00,0.00,0.00,0.00
25,"4s_3s","PrwMx","Basc1",155,51.92,93.47,12.23,6.00,4.27,3.94,3.78,0.00,0.00,16.93,0.00,9.00,0.00,0.00,0.00,0.00
25,"4s_3s","PrwMx","Basc1",165,46.99,86.72,10.32,5.37,3.83,3.45,3.22,0.00,0.00,14.59,0.00,8.05,0.00,0.00,0.00,0.00
25,"4s_3s","PrwMx","Basc1",175,41.49,78.54,8.48,4.71,3.36,2.97,2.68,0.00,0.00,12.31,0.00,7.03,0.00,0.00,0.00,0.00
25,"4s_3s","PrwMx","Basc1",185,35.75,69.50,6.79,4.06,2.90,2.50,2.19,0.00,0.00,10.18,0.00,6.00,0.00,0.00,0.00,0.00
25,"4s_3s","PrwMx","Basc1",195,30.11,60.14,5.30,3.43,2.45,2.07,1.75,0.00,0.00,8.25,0.00,5.01,0.00,0.00,0.00,0.00
25,"4s_3s","PrwMx","Basc1",205,24.80,50.92,4.04,2.85,2.03,1.68,1.37,0.00,0.00,6.56,0.00,4.10,0.00,0.00,0.00,0.00
25,"4s_3s","PrwMx","Basc1",215,19.98,42.22,3.01,2.32,1.66,1.34,1.05,0.00,0.00,5.12,0.00,3.28,0.00,0.00,0.00,0.00
25,"4s_3s","PrwMx","Basc1",225,15.77,34.29,2.20,1.86,1.33,1.05,0.79,0.00,0.00,3.92,0.00,2.58,0.00,0.00,0.00,0.00
25,"4s_3s","PrwMx","Basc1",235,12.18,27.29,1.56,1.46,1.04,0.80,0.58,0.00,0.00,2.94,0.00,1.99,0.00,0.00,0.00,0.00
25,"4s_3s","PrwMx","Basc1",245,9.23,21.30,1.09,1.13,0.80,0.60,0.41,0.00,0.00,2.17,0.00,1.50,0.00,0.00,0.00,0.00
25,"4s_3s","PrwMx","Basc1",255,6.85,16.30,0.74,0.85,0.61,0.45,0.29,0.00,0.00,1.57,0.00,1.11,0.00,0.00,0.00,0.00
26,"Patnt","PrwMx","Basc1",5,0.00,0.00,0.00,0.00,0.00,0.00,0.00,0.00,0.00,0.00,0.00,0.00,0.00,0.00,0.00,0.00
26,"Patnt","PrwMx","Basc1",15,0.36,0.57,0.31,0.15,0.15,0.12,0.48,0.00,0.00,0.23,0.00,0.07,0.00,0.00,0.00,0.00
26,"Patnt","PrwMx","Basc1",25,1.46,2.31,1.07,0.66,0.51,0.56,0.94,0.00,0.00,0.99,0.00,0.31,0.00,0.00,0.00,0.00
26,"Patnt","PrwMx","Basc1",35,3.59,5.68,2.34,1.47,1.02,1.21,1.47,0.00,0.00,2.43,0.00,0.77,0.00,0.00,0.00,0.00
26,"Patnt","PrwMx","Basc1",45,6.99,11.09,4.14,2.36,1.60,1.89,2.06,0.00,0.00,4.61,0.00,1.50,0.00,0.00,0.00,0.00
26,"Patnt","PrwMx","Basc1",55,11.78,18.82,6.44,3.24,2.23,2.55,2.70,0.00,0.00,7.44,0.00,2.50,0.00,0.00,0.00,0.00
26,"Patnt","PrwMx","Basc1",65,17.98,28.96,9.15,4.11,2.88,3.18,3.37,0.00,0.00,10.76,0.00,3.77,0.00,0.00,0.00,0.00
26,"Patnt","PrwMx","Basc1",75,25.49,41.52,12.16,5.02,3.55,3.82,4.06,0.00,0.00,14.35,0.00,5.26,0.00,0.00,0.00,0.00
26,"Patnt","PrwMx","Basc1",85,34.16,56.37,15.32,5.97,4.24,4.47,4.75,0.00,0.00,18.04,0.00,6.94,0.00,0.00,0.00,0.00
26,"Patnt","PrwMx","Basc1",95,43.76,73.32,18.49,6.94,4.94,5.11,5.41,0.00,0.00,21.63,0.00,8.75,0.00,0.00,0.00,0.00
26,"Patnt","PrwMx","Basc1",105,54.01,92.05,21.50,7.93,5.65,5.74,6.03,0.00,0.00,24.98,0.00,10.62,0.00,0.00,0.00,0.00
26,"Patnt","PrwMx","Basc1",115,64.59,112.13,24.21,8.93,6.36,6.35,6.59,0.00,0.00,27.98,0.00,12.49,0.00,0.00,0.00,0.00
26,"Patnt","PrwMx","Basc1",125,75.12,133.07,26.47,9.90,7.06,6.91,7.07,0.00,0.00,30.56,0.00,14.30,0.00,0.00,0.00,0.00
26,"Patnt","PrwMx","Basc1",135,85.26,154.28,28.18,10.84,7.73,7.42,7.45,0.00,0.00,32.66,0.00,15.99,0.00,0.00,0.00,0.00
26,"Patnt","PrwMx","Basc1",145,94.64,175.16,29.29,11.72,8.35,7.86,7.73,0.00,0.00,34.26,0.00,17.49,0.00,0.00,0.00,0.00
26,"Patnt","PrwMx","Basc1",155,102.94,195.08,29.77,12.52,8.92,8.22,7.89,0.00,0.00,35.34,0.00,18.78,0.00,0.00,0.00,0.00
26,"Patnt","PrwMx","Basc1",165,109.89,213.45,29.64,13.21,9.42,8.50,7.93,0.00,0.00,35.93,0.00,19.81,0.00,0.00,0.00,0.00
26,"Patnt","PrwMx","Basc1",175,115.28,229.71,28.94,13.79,9.84,8.69,7.86,0.00,0.00,36.03,0.00,20.56,0.00,0.00,0.00,0.00
26,"Patnt","PrwMx","Basc1",185,118.97,243.40,27.75,14.23,10.16,8.78,7.68,0.00,0.00,35.66,0.00,21.02,0.00,0.00,0.00,0.00
26,"Patnt","PrwMx","Basc1",195,120.89,254.12,26.16,14.53,10.37,8.76,7.41,0.00,0.00,34.88,0.00,21.19,0.00,0.00,0.00,0.00
26,"Patnt","PrwMx","Basc1",205,121.04,261.61,24.26,14.67,10.47,8.65,7.04,0.00,0.00,33.72,0.00,21.08,0.00,0.00,0.00,0.00
26,"Patnt","PrwMx","Basc1",215,119.50,265.71,22.16,14.66,10.47,8.45,6.61,0.00,0.00,32.23,0.00,20.70,0.00,0.00,0.00,0.00
26,"Patnt","PrwMx","Basc1",225,116.39,266.41,19.94,14.49,10.35,8.17,6.13,0.00,0.00,30.47,0.00,20.07,0.00,0.00,0.00,0.00
26,"Patnt","PrwMx","Basc1",235,111.90,263.78,17.69,14.17,10.12,7.80,5.62,0.00,0.00,28.48,0.00,19.24,0.00,0.00,0.00,0.00
26,"Patnt","PrwMx","Basc1",245,106.22,258.02,15.49,13.71,9.80,7.38,5.08,0.00,0.00,26.35,0.00,18.23,0.00,0.00,0.00,0.00
26,"Patnt","PrwMx","Basc1",255,99.59,249.41,13.38,13.14,9.39,6.90,4.54,0.00,0.00,24.11,0.00,17.08,0.00,0.00,0.00,0.00
27,"4s_3s","PrwMx","Intn1",5,0.00,0.00,0.00,0.00,0.00,0.00,0.00,0.00,0.00,0.00,0.00,0.00,0.00,0.00,0.00,0.00
27,"4s_3s","PrwMx","Intn1",15,1.11,1.66,0.75,0.36,0.33,0.46,0.00,0.00,0.00,1.02,0.00,0.12,0.00,0.00,0.00,0.00
27,"4s_3s","PrwMx","Intn1",25,3.78,5.62,2.16,1.34,0.91,1.69,0.00,0.00,0.00,3.60,0.00,0.44,0.00,0.00,0.00,0.00
27,"4s_3s","PrwMx","Intn1",35,8.33,12.36,4.22,2.64,1.60,3.27,0.00,0.00,0.00,7.87,0.00,0.97,0.00,0.00,0.00,0.00
27,"4s_3s","PrwMx","Intn1",45,14.73,21.91,6.77,3.86,2.29,4.65,0.00,0.00,0.00,13.52,0.00,1.71,0.00,0.00,0.00,0.00
27,"4s_3s","PrwMx","Intn1",55,22.58,33.79,9.57,4.81,2.90,5.68,0.00,0.00,0.00,19.84,0.00,2.60,0.00,0.00,0.00,0.00
27,"4s_3s","PrwMx","Intn1",65,31.24,47.16,12.33,5.55,3.40,6.44,0.00,0.00,0.00,26.02,0.00,3.55,0.00,0.00,0.00,0.00
27,"4s_3s","PrwMx","Intn1",75,39.99,61.03,14.79,6.11,3.78,6.98,0.00,0.00,0.00,31.35,0.00,4.48,0.00,0.00,0.00,0.00
27,"4s_3s","PrwMx","Intn1",85,48.12,74.42,16.74,6.52,4.05,7.33,0.00,0.00,0.00,35.37,0.00,5.31,0.00,0.00,0.00,0.00
27,"4s_3s","PrwMx","Intn1",95,55.02,86.39,18.03,6.77,4.21,7.48,0.00,0.00,0.00,37.85,0.00,5.97,0.00,0.00,0.00,0.00
27,"4s_3s","PrwMx","Intn1",105,60.21,96.15,18.59,6.86,4.27,7.45,0.00,0.00,0.00,38.76,0.00,6.42,0.00,0.00,0.00,0.00
27,"4s_3s","PrwMx","Intn1",115,63.38,103.12,18.42,6.79,4.23,7.25,0.00,0.00,0.00,38.22,0.00,6.65,0.00,0.00,0.00,0.00
27,"4s_3s","PrwMx","Intn1",125,64.44,106.96,17.61,6.59,4.10,6.89,0.00,0.00,0.00,36.49,0.00,6.66,0.00,0.00,0.00,0.00
27,"4s_3s","PrwMx","Intn1",135,63.46,107.60,16.27,6.26,3.90,6.42,0.00,0.00,0.00,33.83,0.00,6.46,0.00,0.00,0.00,0.00
27,"4s_3s","PrwMx","Intn1",145,60.66,105.21,14.56,5.82,3.63,5.86,0.00,0.00,0.00,30.56,0.00,6.08,0.00,0.00,0.00,0.00
27,"4s_3s","PrwMx","Intn1",155,56.39,100.15,12.65,5.32,3.31,5.24,0.00,0.00,0.00,26.95,0.00,5.58,0.00,0.00,0.00,0.00
27,"4s_3s","PrwMx","Intn1",165,51.07,92.95,10.68,4.76,2.97,4.59,0.00,0.00,0.00,23.24,0.00,4.99,0.00,0.00,0.00,0.00
27,"4s_3s","PrwMx","Intn1",175,45.10,84.21,8.78,4.18,2.61,3.95,0.00,0.00,0.00,19.62,0.00,4.36,0.00,0.00,0.00,0.00
27,"4s_3s","PrwMx","Intn1",185,38.88,74.54,7.03,3.60,2.25,3.33,0.00,0.00,0.00,16.22,0.00,3.73,0.00,0.00,0.00,0.00
27,"4s_3s","PrwMx","Intn1",195,32.75,64.52,5.49,3.05,1.90,2.76,0.00,0.00,0.00,13.15,0.00,3.11,0.00,0.00,0.00,0.00
27,"4s_3s","PrwMx","Intn1",205,26.98,54.64,4.19,2.53,1.58,2.24,0.00,0.00,0.00,10.46,0.00,2.55,0.00,0.00,0.00,0.00
27,"4s_3s","PrwMx","Intn1",215,21.74,45.31,3.12,2.06,1.29,1.79,0.00,0.00,0.00,8.16,0.00,2.04,0.00,0.00,0.00,0.00
27,"4s_3s","PrwMx","Intn1",225,17.16,36.81,2.28,1.65,1.03,1.40,0.00,0.00,0.00,6.25,0.00,1.60,0.00,0.00,0.00,0.00
27,"4s_3s","PrwMx","Intn1",235,13.26,29.30,1.62,1.30,0.81,1.07,0.00,0.00,0.00,4.70,0.00,1.23,0.00,0.00,0.00,0.00
27,"4s_3s","PrwMx","Intn1",245,10.04,22.87,1.13,1.00,0.62,0.81,0.00,0.00,0.00,3.47,0.00,0.93,0.00,0.00,0.00,0.00
27,"4s_3s","PrwMx","Intn1",255,7.46,17.50,0.77,0.76,0.47,0.60,0.00,0.00,0.00,2.51,0.00,0.69,0.00,0.00,0.00,0.00
28,"Patnt","PrwMx","Intn1",5,0.00,0.00,0.00,0.00,0.00,0.00,0.00,0.00,0.00,0.00,0.00,0.00,0.00,0.00,0.00,0.00
28,"Patnt","PrwMx","Intn1",15,0.36,0.57,0.31,0.15,0.15,0.12,0.48,0.00,0.00,0.23,0.00,0.07,0.00,0.00,0.00,0.00
28,"Patnt","PrwMx","Intn1",25,1.46,2.31,1.07,0.66,0.51,0.56,0.94,0.00,0.00,0.99,0.00,0.31,0.00,0.00,0.00,0.00
28,"Patnt","PrwMx","Intn1",35,3.59,5.68,2.34,1.47,1.02,1.21,1.47,0.00,0.00,2.43,0.00,0.77,0.00,0.00,0.00,0.00
28,"Patnt","PrwMx","Intn1",45,6.99,11.09,4.14,2.36,1.60,1.89,2.06,0.00,0.00,4.61,0.00,1.50,0.00,0.00,0.00,0.00
28,"Patnt","PrwMx","Intn1",55,11.78,18.82,6.44,3.24,2.23,2.55,2.70,0.00,0.00,7.44,0.00,2.50,0.00,0.00,0.00,0.00
28,"Patnt","PrwMx","Intn1",65,17.98,28.96,9.15,4.11,2.88,3.18,3.37,0.00,0.00,10.76,0.00,3.77,0.00,0.00,0.00,0.00
28,"Patnt","PrwMx","Intn1",75,25.49,41.52,12.16,5.02,3.55,3.82,4.06,0.00,0.00,14.35,0.00,5.26,0.00,0.00,0.00,0.00
28,"Patnt","PrwMx","Intn1",85,34.16,56.37,15.32,5.97,4.24,4.47,4.75,0.00,0.00,18.04,0.00,6.94,0.00,0.00,0.00,0.00
28,"Patnt","PrwMx","Intn1",95,43.76,73.32,18.49,6.94,4.94,5.11,5.41,0.00,0.00,21.63,0.00,8.75,0.00,0.00,0.00,0.00
28,"Patnt","PrwMx","Intn1",105,54.01,92.05,21.50,7.93,5.65,5.74,6.03,0.00,0.00,24.98,0.00,10.62,0.00,0.00,0.00,0.00
28,"Patnt","PrwMx","Intn1",115,64.59,112.13,24.21,8.93,6.36,6.35,6.59,0.00,0.00,27.98,0.00,12.49,0.00,0.00,0.00,0.00
28,"Patnt","PrwMx","Intn1",125,75.12,133.07,26.47,9.90,7.06,6.91,7.07,0.00,0.00,30.56,0.00,14.30,0.00,0.00,0.00,0.00
28,"Patnt","PrwMx","Intn1",135,85.26,154.28,28.18,10.84,7.73,7.42,7.45,0.00,0.00,32.66,0.00,15.99,0.00,0.00,0.00,0.00
28,"Patnt","PrwMx","Intn1",145,94.64,175.16,29.29,11.72,8.35,7.86,7.73,0.00,0.00,34.26,0.00,17.49,0.00,0.00,0.00,0.00
28,"Patnt","PrwMx","Intn1",155,102.94,195.08,29.77,12.52,8.92,8.22,7.89,0.00,0.00,35.34,0.00,18.78,0.00,0.00,0.00,0.00
28,"Patnt","PrwMx","Intn1",165,109.89,213.45,29.64,13.21,9.42,8.50,7.93,0.00,0.00,35.93,0.00,19.81,0.00,0.00,0.00,0.00
28,"Patnt","PrwMx","Intn1",175,115.28,229.71,28.94,13.79,9.84,8.69,7.86,0.00,0.00,36.03,0.00,20.56,0.00,0.00,0.00,0.00
28,"Patnt","PrwMx","Intn1",185,118.97,243.40,27.75,14.23,10.16,8.78,7.68,0.00,0.00,35.66,0.00,21.02,0.00,0.00,0.00,0.00
28,"Patnt","PrwMx","Intn1",195,120.89,254.12,26.16,14.53,10.37,8.76,7.41,0.00,0.00,34.88,0.00,21.19,0.00,0.00,0.00,0.00
28,"Patnt","PrwMx","Intn1",205,121.04,261.61,24.26,14.67,10.47,8.65,7.04,0.00,0.00,33.72,0.00,21.08,0.00,0.00,0.00,0.00
28,"Patnt","PrwMx","Intn1",215,119.50,265.71,22.16,14.66,10.47,8.45,6.61,0.00,0.00,32.23,0.00,20.70,0.00,0.00,0.00,0.00
28,"Patnt","PrwMx","Intn1",225,116.39,266.41,19.94,14.49,10.35,8.17,6.13,0.00,0.00,30.47,0.00,20.07,0.00,0.00,0.00,0.00
28,"Patnt","PrwMx","Intn1",235,111.90,263.78,17.69,14.17,10.12,7.80,5.62,0.00,0.00,28.48,0.00,19.24,0.00,0.00,0.00,0.00
28,"Patnt","PrwMx","Intn1",245,106.22,258.02,15.49,13.71,9.80,7.38,5.08,0.00,0.00,26.35,0.00,18.23,0.00,0.00,0.00,0.00
28,"Patnt","PrwMx","Intn1",255,99.59,249.41,13.38,13.14,9.39,6.90,4.54,0.00,0.00,24.11,0.00,17.08,0.00,0.00,0.00,0.00
29,"4s_3s","PrwMx","Intn2",5,0.00,0.00,0.00,0.00,0.00,0.00,0.00,0.00,0.00,0.00,0.00,0.00,0.00,0.00,0.00,0.00
29,"4s_3s","PrwMx","Intn2",15,0.83,1.25,0.58,0.33,0.34,0.28,1.06,0.00,0.00,0.52,0.00,0.16,0.00,0.00,0.00,0.00
29,"4s_3s","PrwMx","Intn2",25,3.16,4.75,1.89,1.37,1.06,1.15,1.95,0.00,0.00,2.05,0.00,0.64,0.00,0.00,0.00,0.00
29,"4s_3s","PrwMx","Intn2",35,7.26,10.92,3.86,2.82,1.96,2.32,2.82,0.00,0.00,4.68,0.00,1.48,0.00,0.00,0.00,0.00
29,"4s_3s","PrwMx","Intn2",45,13.13,19.80,6.34,4.21,2.86,3.38,3.67,0.00,0.00,8.22,0.00,2.67,0.00,0.00,0.00,0.00
29,"4s_3s","PrwMx","Intn2",55,20.40,30.95,9.08,5.32,3.67,4.19,4.44,0.00,0.00,12.23,0.00,4.11,0.00,0.00,0.00,0.00
29,"4s_3s","PrwMx","Intn2",65,28.46,43.56,11.80,6.19,4.34,4.79,5.08,0.00,0.00,16.18,0.00,5.67,0.00,0.00,0.00,0.00
29,"4s_3s","PrwMx","Intn2",75,36.63,56.67,14.22,6.86,4.85,5.22,5.55,0.00,0.00,19.60,0.00,7.19,0.00,0.00,0.00,0.00
29,"4s_3s","PrwMx","Intn2",85,44.21,69.32,16.15,7.34,5.21,5.50,5.84,0.00,0.00,22.18,0.00,8.54,0.00,0.00,0.00,0.00
29,"4s_3s","PrwMx","Intn2",95,50.64,80.61,17.42,7.63,5.43,5.62,5.95,0.00,0.00,23.78,0.00,9.62,0.00,0.00,0.00,0.00
29,"4s_3s","PrwMx","Intn2",105,55.47,89.80,17.98,7.74,5.51,5.60,5.88,0.00,0.00,24.37,0.00,10.36,0.00,0.00,0.00,0.00
29,"4s_3s","PrwMx","Intn2",115,58.41,96.34,17.83,7.67,5.46,5.45,5.66,0.00,0.00,24.04,0.00,10.73,0.00,0.00,0.00,0.00
29,"4s_3s","PrwMx","Intn2",125,59.39,99.93,17.04,7.44,5.30,5.19,5.31,0.00,0.00,22.95,0.00,10.74,0.00,0.00,0.00,0.00
29,"4s_3s","PrwMx","Intn2",135,58.46,100.50,15.74,7.06,5.03,4.83,4.85,0.00,0.00,21.27,0.00,10.41,0.00,0.00,0.00,0.00
29,"4s_3s","PrwMx","Intn2",145,55.87,98.23,14.08,6.57,4.68,4.41,4.33,0.00,0.00,19.21,0.00,9.81,0.00,0.00,0.00,0.00
29,"4s_3s","PrwMx","Intn2",155,51.92,93.47,12.23,6.00,4.27,3.94,3.78,0.00,0.00,16.93,0.00,9.00,0.00,0.00,0.00,0.00
29,"4s_3s","PrwMx","Intn2",165,46.99,86.72,10.32,5.37,3.83,3.45,3.22,0.00,0.00,14.59,0.00,8.05,0.00,0.00,0.00,0.00
29,"4s_3s","PrwMx","Intn2",175,41.49,78.54,8.48,4.71,3.36,2.97,2.68,0.00,0.00,12.31,0.00,7.03,0.00,0.00,0.00,0.00
29,"4s_3s","PrwMx","Intn2",185,35.75,69.50,6.79,4.06,2.90,2.50,2.19,0.00,0.00,10.18,0.00,6.00,0.00,0.00,0.00,0.00
29,"4s_3s","PrwMx","Intn2",195,30.11,60.14,5.30,3.43,2.45,2.07,1.75,0.00,0.00,8.25,0.00,5.01,0.00,0.00,0.00,0.00
29,"4s_3s","PrwMx","Intn2",205,24.80,50.92,4.04,2.85,2.03,1.68,1.37,0.00,0.00,6.56,0.00,4.10,0.00,0.00,0.00,0.00
29,"4s_3s","PrwMx","Intn2",215,19.98,42.22,3.01,2.32,1.66,1.34,1.05,0.00,0.00,5.12,0.00,3.28,0.00,0.00,0.00,0.00
29,"4s_3s","PrwMx","Intn2",225,15.77,34.29,2.20,1.86,1.33,1.05,0.79,0.00,0.00,3.92,0.00,2.58,0.00,0.00,0.00,0.00
29,"4s_3s","PrwMx","Intn2",235,12.18,27.29,1.56,1.46,1.04,0.80,0.58,0.00,0.00,2.94,0.00,1.99,0.00,0.00,0.00,0.00
29,"4s_3s","PrwMx","Intn2",245,9.23,21.30,1.09,1.13,0.80,0.60,0.41,0.00,0.00,2.17,0.00,1.50,0.00,0.00,0.00,0.00
29,"4s_3s","PrwMx","Intn2",255,6.85,16.30,0.74,0.85,0.61,0.45,0.29,0.00,0.00,1.57,0.00,1.11,0.00,0.00,0.00,0.00
30,"Patnt","PrwMx","Intn2",5,0.00,0.00,0.00,0.00,0.00,0.00,0.00,0.00,0.00,0.00,0.00,0.00,0.00,0.00,0.00,0.00
30,"Patnt","PrwMx","Intn2",15,0.36,0.57,0.31,0.15,0.15,0.12,0.48,0.00,0.00,0.23,0.00,0.07,0.00,0.00,0.00,0.00
30,"Patnt","PrwMx","Intn2",25,1.46,2.31,1.07,0.66,0.51,0.56,0.94,0.00,0.00,0.99,0.00,0.31,0.00,0.00,0.00,0.00
30,"Patnt","PrwMx","Intn2",35,3.59,5.68,2.34,1.47,1.02,1.21,1.47,0.00,0.00,2.43,0.00,0.77,0.00,0.00,0.00,0.00
30,"Patnt","PrwMx","Intn2",45,6.99,11.09,4.14,2.36,1.60,1.89,2.06,0.00,0.00,4.61,0.00,1.50,0.00,0.00,0.00,0.00
30,"Patnt","PrwMx","Intn2",55,11.78,18.82,6.44,3.24,2.23,2.55,2.70,0.00,0.00,7.44,0.00,2.50,0.00,0.00,0.00,0.00
30,"Patnt","PrwMx","Intn2",65,17.98,28.96,9.15,4.11,2.88,3.18,3.37,0.00,0.00,10.76,0.00,3.77,0.00,0.00,0.00,0.00
30,"Patnt","PrwMx","Intn2",75,25.49,41.52,12.16,5.02,3.55,3.82,4.06,0.00,0.00,14.35,0.00,5.26,0.00,0.00,0.00,0.00
30,"Patnt","PrwMx","Intn2",85,34.16,56.37,15.32,5.97,4.24,4.47,4.75,0.00,0.00,18.04,0.00,6.94,0.00,0.00,0.00,0.00
30,"Patnt","PrwMx","Intn2",95,43.76,73.32,18.49,6.94,4.94,5.11,5.41,0.00,0.00,21.63,0.00,8.75,0.00,0.00,0.00,0.00
30,"Patnt","PrwMx","Intn2",105,54.01,92.05,21.50,7.93,5.65,5.74,6.03,0.00,0.00,24.98,0.00,10.62,0.00,0.00,0.00,0.00
30,"Patnt","PrwMx","Intn2",115,64.59,112.13,24.21,8.93,6.36,6.35,6.59,0.00,0.00,27.98,0.00,12.49,0.00,0.00,0.00,0.00
30,"Patnt","PrwMx","Intn2",125,75.12,133.07,26.47,9.90,7.06,6.91,7.07,0.00,0.00,30.56,0.00,14.30,0.00,0.00,0.00,0.00
30,"Patnt","PrwMx","Intn2",135,85.26,154.28,28.18,10.84,7.73,7.42,7.45,0.00,0.00,32.66,0.00,15.99,0.00,0.00,0.00,0.00
30,"Patnt","PrwMx","Intn2",145,94.64,175.16,29.29,11.72,8.35,7.86,7.73,0.00,0.00,34.26,0.00,17.49,0.00,0.00,0.00,0.00
30,"Patnt","PrwMx","Intn2",155,102.94,195.08,29.77,12.52,8.92,8.22,7.89,0.00,0.00,35.34,0.00,18.78,0.00,0.00,0.00,0.00
30,"Patnt","PrwMx","Intn2",165,109.89,213.45,29.64,13.21,9.42,8.50,7.93,0.00,0.00,35.93,0.00,19.81,0.00,0.00,0.00,0.00
30,"Patnt","PrwMx","Intn2",175,115.28,229.71,28.94,13.79,9.84,8.69,7.86,0.00,0.00,36.03,0.00,20.56,0.00,0.00,0.00,0.00
30,"Patnt","PrwMx","Intn2",185,118.97,243.40,27.75,14.23,10.16,8.78,7.68,0.00,0.00,35.66,0.00,21.02,0.00,0.00,0.00,0.00
30,"Patnt","PrwMx","Intn2",195,120.89,254.12,26.16,14.53,10.37,8.76,7.41,0.00,0.00,34.88,0.00,21.19,0.00,0.00,0.00,0.00
30,"Patnt","PrwMx","Intn2",205,121.04,261.61,24.26,14.67,10.47,8.65,7.04,0.00,0.00,33.72,0.00,21.08,0.00,0.00,0.00,0.00
30,"Patnt","PrwMx","Intn2",215,119.50,265.71,22.16,14.66,10.47,8.45,6.61,0.00,0.00,32.23,0.00,20.70,0.00,0.00,0.00,0.00
30,"Patnt","PrwMx","Intn2",225,116.39,266.41,19.94,14.49,10.35,8.17,6.13,0.00,0.00,30.47,0.00,20.07,0.00,0.00,0.00,0.00
30,"Patnt","PrwMx","Intn2",235,111.90,263.78,17.69,14.17,10.12,7.80,5.62,0.00,0.00,28.48,0.00,19.24,0.00,0.00,0.00,0.00
30,"Patnt","PrwMx","Intn2",245,106.22,258.02,15.49,13.71,9.80,7.38,5.08,0.00,0.00,26.35,0.00,18.23,0.00,0.00,0.00,0.00
30,"Patnt","PrwMx","Intn2",255,99.59,249.41,13.38,13.14,9.39,6.90,4.54,0.00,0.00,24.11,0.00,17.08,0.00,0.00,0.00,0.00
31,"4s_3s","UplCe","Prsnt",5,0.00,0.00,0.00,0.00,0.00,0.00,0.00,0.00,0.00,0.00,0.00,0.00,0.00,0.00,0.00,0.00
31,"4s_3s","UplCe","Prsnt",15,1.18880012204917e-03,0.00,1.61472597314175e-03,0.01,4.68384544195989e-03,5.17571929194086e-03,0.23,0.00,0.00,6.34187939687768e-03,0.00,3.19823901066707e-03,0.00,0.00,0.00,8.07182724464516e-05
31,"4s_3s","UplCe","Prsnt",25,0.02,0.00,0.02,0.24,0.07,0.11,2.32,0.00,0.00,0.13,0.00,0.06,0.00,0.00,0.00,1.56949950497545e-03
31,"4s_3s","UplCe","Prsnt",35,0.14,0.00,0.14,1.27,0.35,0.57,8.46,0.00,0.00,0.77,0.00,0.38,0.00,0.00,0.00,8.73334322116342e-03
31,"4s_3s","UplCe","Prsnt",45,0.42,0.00,0.39,3.17,0.87,1.39,18.36,0.00,0.00,2.26,0.00,1.15,0.00,0.00,0.00,0.02
31,"4s_3s","UplCe","Prsnt",55,0.86,0.00,0.73,5.25,1.46,2.26,29.05,0.00,0.00,4.39,0.00,2.31,0.00,0.00,0.00,0.05
31,"4s_3s","UplCe","Prsnt",65,1.36,0.00,1.08,6.91,1.95,2.93,37.63,0.00,0.00,6.58,0.00,3.61,0.00,0.00,0.00,0.07
31,"4s_3s","UplCe","Prsnt",75,1.84,0.00,1.37,8.05,2.29,3.36,43.25,0.00,0.00,8.39,0.00,4.82,0.00,0.00,0.00,0.10
31,"4s_3s","UplCe","Prsnt",85,2.27,0.00,1.59,8.81,2.52,3.61,46.55,0.00,0.00,9.71,0.00,5.85,0.00,0.00,0.00,0.13
31,"4s_3s","UplCe","Prsnt",95,2.65,0.00,1.75,9.35,2.68,3.77,48.40,0.00,0.00,10.62,0.00,6.73,0.00,0.00,0.00,0.15
31,"4s_3s","UplCe","Prsnt",105,3.00,0.00,1.87,9.79,2.81,3.88,49.39,0.00,0.00,11.23,0.00,7.48,0.00,0.00,0.00,0.17
31,"4s_3s","UplCe","Prsnt",115,3.31,0.00,1.94,10.16,2.91,3.95,49.78,0.00,0.00,11.61,0.00,8.12,0.00,0.00,0.00,0.18
31,"4s_3s","UplCe","Prsnt",125,3.58,0.00,1.97,10.50,3.01,4.00,49.71,0.00,0.00,11.80,0.00,8.65,0.00,0.00,0.00,0.20
31,"4s_3s","UplCe","Prsnt",135,3.82,0.00,1.97,10.80,3.10,4.04,49.24,0.00,0.00,11.85,0.00,9.09,0.00,0.00,0.00,0.21
31,"4s_3s","UplCe","Prsnt",145,4.02,0.00,1.95,11.07,3.18,4.06,48.42,0.00,0.00,11.79,0.00,9.43,0.00,0.00,0.00,0.22
31,"4s_3s","UplCe","Prsnt",155,4.19,0.00,1.89,11.31,3.25,4.07,47.30,0.00,0.00,11.64,0.00,9.69,0.00,0.00,0.00,0.23
31,"4s_3s","UplCe","Prsnt",165,4.32,0.00,1.82,11.53,3.31,4.06,45.93,0.00,0.00,11.43,0.00,9.87,0.00,0.00,0.00,0.24
31,"4s_3s","UplCe","Prsnt",175,4.41,0.00,1.73,11.73,3.37,4.04,44.36,0.00,0.00,11.17,0.00,9.98,0.00,0.00,0.00,0.25
31,"4s_3s","UplCe","Prsnt",185,4.48,0.00,1.63,11.90,3.42,4.01,42.63,0.00,0.00,10.87,0.00,10.04,0.00,0.00,0.00,0.25
31,"4s_3s","UplCe","Prsnt",195,4.51,0.00,1.53,12.06,3.47,3.98,40.78,0.00,0.00,10.55,0.00,10.04,0.00,0.00,0.00,0.26
31,"4s_3s","UplCe","Prsnt",205,4.53,0.00,1.42,12.19,3.51,3.93,38.85,0.00,0.00,10.21,0.00,10.00,0.00,0.00,0.00,0.26
31,"4s_3s","UplCe","Prsnt",215,4.52,0.00,1.31,12.31,3.54,3.88,36.88,0.00,0.00,9.87,0.00,9.93,0.00,0.00,0.00,0.26
31,"4s_3s","UplCe","Prsnt",225,4.49,0.00,1.20,12.41,3.57,3.83,34.88,0.00,0.00,9.51,0.00,9.82,0.00,0.00,0.00,0.26
31,"4s_3s","UplCe","Prsnt",235,4.44,0.00,1.10,12.50,3.60,3.77,32.89,0.00,0.00,9.16,0.00,9.69,0.00,0.00,0.00,0.26
31,"4s_3s","UplCe","Prsnt",245,4.38,0.00,1.00,12.58,3.62,3.70,30.93,0.00,0.00,8.81,0.00,9.55,0.00,0.00,0.00,0.26
31,"4s_3s","UplCe","Prsnt",255,4.31,0.00,0.90,12.64,3.64,3.63,29.01,0.00,0.00,8.46,0.00,9.38,0.00,0.00,0.00,0.25
32,"Patnt","UplCe","Prsnt",5,0.00,0.00,0.00,0.00,0.00,0.00,0.00,0.00,0.00,0.00,0.00,0.00,0.00,0.00,0.00,0.00
32,"Patnt","UplCe","Prsnt",15,0.00,0.00,0.00,0.01,8.49754925833787e-03,8.04850205893958e-03,0.22,9.66363503217635e-03,0.00,8.97436474407405e-03,0.00,2.53192363907108e-03,0.00,0.00,0.00,1.75729324460711e-04
32,"Patnt","UplCe","Prsnt",25,0.00,0.00,0.00,0.30,0.13,0.17,2.19,0.09,0.00,0.18,0.00,0.05,0.00,0.00,0.00,3.33558011651779e-03
32,"Patnt","UplCe","Prsnt",35,0.00,0.00,0.00,1.56,0.62,0.86,7.87,0.33,0.00,1.05,0.00,0.29,0.00,0.00,0.00,0.01
32,"Patnt","UplCe","Prsnt",45,0.00,0.00,0.00,3.87,1.51,2.08,17.04,0.72,0.00,3.07,0.00,0.87,0.00,0.00,0.00,0.05
32,"Patnt","UplCe","Prsnt",55,0.00,0.00,0.00,6.42,2.55,3.38,27.00,1.14,0.00,5.99,0.00,1.76,0.00,0.00,0.00,0.10
32,"Patnt","UplCe","Prsnt",65,0.00,0.00,0.00,8.49,3.42,4.40,35.10,1.49,0.00,9.01,0.00,2.76,0.00,0.00,0.00,0.16
32,"Patnt","UplCe","Prsnt",75,0.00,0.00,0.00,9.93,4.04,5.07,40.54,1.72,0.00,11.53,0.00,3.70,0.00,0.00,0.00,0.22
32,"Patnt","UplCe","Prsnt",85,0.00,0.00,0.00,10.92,4.46,5.48,43.85,1.86,0.00,13.41,0.00,4.52,0.00,0.00,0.00,0.27
32,"Patnt","UplCe","Prsnt",95,0.00,0.00,0.00,11.66,4.77,5.76,45.85,1.95,0.00,14.75,0.00,5.23,0.00,0.00,0.00,0.32
32,"Patnt","UplCe","Prsnt",105,0.00,0.00,0.00,12.27,5.03,5.95,47.04,2.00,0.00,15.68,0.00,5.84,0.00,0.00,0.00,0.36
32,"Patnt","UplCe","Prsnt",115,0.00,0.00,0.00,12.80,5.25,6.10,47.68,2.02,0.00,16.30,0.00,6.38,0.00,0.00,0.00,0.40
32,"Patnt","UplCe","Prsnt",125,0.00,0.00,0.00,13.30,5.45,6.21,47.86,2.03,0.00,16.66,0.00,6.83,0.00,0.00,0.00,0.44
32,"Patnt","UplCe","Prsnt",135,0.00,0.00,0.00,13.75,5.64,6.30,47.65,2.02,0.00,16.82,0.00,7.21,0.00,0.00,0.00,0.47
32,"Patnt","UplCe","Prsnt",145,0.00,0.00,0.00,14.16,5.81,6.36,47.09,2.00,0.00,16.81,0.00,7.52,0.00,0.00,0.00,0.50
32,"Patnt","UplCe","Prsnt",155,0.00,0.00,0.00,14.54,5.97,6.40,46.21,1.96,0.00,16.68,0.00,7.76,0.00,0.00,0.00,0.52
32,"Patnt","UplCe","Prsnt",165,0.00,0.00,0.00,14.89,6.11,6.42,45.08,1.91,0.00,16.44,0.00,7.94,0.00,0.00,0.00,0.54
32,"Patnt","UplCe","Prsnt",175,0.00,0.00,0.00,15.21,6.25,6.42,43.72,1.86,0.00,16.14,0.00,8.07,0.00,0.00,0.00,0.56
32,"Patnt","UplCe","Prsnt",185,0.00,0.00,0.00,15.50,6.37,6.40,42.19,1.79,0.00,15.77,0.00,8.15,0.00,0.00,0.00,0.57
32,"Patnt","UplCe","Prsnt",195,0.00,0.00,0.00,15.76,6.47,6.37,40.51,1.72,0.00,15.37,0.00,8.18,0.00,0.00,0.00,0.58
32,"Patnt","UplCe","Prsnt",205,0.00,0.00,0.00,16.00,6.57,6.32,38.74,1.64,0.00,14.93,0.00,8.18,0.00,0.00,0.00,0.59
32,"Patnt","UplCe","Prsnt",215,0.00,0.00,0.00,16.21,6.66,6.26,36.90,1.57,0.00,14.48,0.00,8.14,0.00,0.00,0.00,0.59
32,"Patnt","UplCe","Prsnt",225,0.00,0.00,0.00,16.40,6.74,6.19,35.03,1.49,0.00,14.01,0.00,8.09,0.00,0.00,0.00,0.59
32,"Patnt","UplCe","Prsnt",235,0.00,0.00,0.00,16.57,6.82,6.12,33.14,1.41,0.00,13.53,0.00,8.01,0.00,0.00,0.00,0.59
32,"Patnt","UplCe","Prsnt",245,0.00,0.00,0.00,16.73,6.88,6.03,31.27,1.33,0.00,13.05,0.00,7.91,0.00,0.00,0.00,0.59
32,"Patnt","UplCe","Prsnt",255,0.00,0.00,0.00,16.87,6.94,5.94,29.42,1.25,0.00,12.57,0.00,7.80,0.00,0.00,0.00,0.58
33,"4s_3s","UplCe","Exten",5,0.00,0.00,0.00,0.00,0.00,0.00,0.00,0.00,0.00,0.00,0.00,0.00,0.00,0.00,0.00,0.00
33,"4s_3s","UplCe","Exten",15,1.18880012204917e-03,0.00,1.61472597314175e-03,0.01,4.68384544195989e-03,5.17571929194086e-03,0.23,0.00,0.00,6.34187939687768e-03,0.00,3.19823901066707e-03,0.00,0.00,0.00,8.07182724464516e-05
33,"4s_3s","UplCe","Exten",25,0.02,0.00,0.02,0.24,0.07,0.11,2.32,0.00,0.00,0.13,0.00,0.06,0.00,0.00,0.00,1.56949950497545e-03
33,"4s_3s","UplCe","Exten",35,0.14,0.00,0.14,1.27,0.35,0.57,8.46,0.00,0.00,0.77,0.00,0.38,0.00,0.00,0.00,8.73334322116342e-03
33,"4s_3s","UplCe","Exten",45,0.42,0.00,0.39,3.17,0.87,1.39,18.36,0.00,0.00,2.26,0.00,1.15,0.00,0.00,0.00,0.02
33,"4s_3s","UplCe","Exten",55,0.86,0.00,0.73,5.25,1.46,2.26,29.05,0.00,0.00,4.39,0.00,2.31,0.00,0.00,0.00,0.05
33,"4s_3s","UplCe","Exten",65,1.36,0.00,1.08,6.91,1.95,2.93,37.63,0.00,0.00,6.58,0.00,3.61,0.00,0.00,0.00,0.07
33,"4s_3s","UplCe","Exten",75,1.84,0.00,1.37,8.05,2.29,3.36,43.25,0.00,0.00,8.39,0.00,4.82,0.00,0.00,0.00,0.10
33,"4s_3s","UplCe","Exten",85,2.27,0.00,1.59,8.81,2.52,3.61,46.55,0.00,0.00,9.71,0.00,5.85,0.00,0.00,0.00,0.13
33,"4s_3s","UplCe","Exten",95,2.65,0.00,1.75,9.35,2.68,3.77,48.40,0.00,0.00,10.62,0.00,6.73,0.00,0.00,0.00,0.15
33,"4s_3s","UplCe","Exten",105,3.00,0.00,1.87,9.79,2.81,3.88,49.39,0.00,0.00,11.23,0.00,7.48,0.00,0.00,0.00,0.17
33,"4s_3s","UplCe","Exten",115,3.31,0.00,1.94,10.16,2.91,3.95,49.78,0.00,0.00,11.61,0.00,8.12,0.00,0.00,0.00,0.18
33,"4s_3s","UplCe","Exten",125,3.58,0.00,1.97,10.50,3.01,4.00,49.71,0.00,0.00,11.80,0.00,8.65,0.00,0.00,0.00,0.20
33,"4s_3s","UplCe","Exten",135,3.82,0.00,1.97,10.80,3.10,4.04,49.24,0.00,0.00,11.85,0.00,9.09,0.00,0.00,0.00,0.21
33,"4s_3s","UplCe","Exten",145,4.02,0.00,1.95,11.07,3.18,4.06,48.42,0.00,0.00,11.79,0.00,9.43,0.00,0.00,0.00,0.22
33,"4s_3s","UplCe","Exten",155,4.19,0.00,1.89,11.31,3.25,4.07,47.30,0.00,0.00,11.64,0.00,9.69,0.00,0.00,0.00,0.23
33,"4s_3s","UplCe","Exten",165,4.32,0.00,1.82,11.53,3.31,4.06,45.93,0.00,0.00,11.43,0.00,9.87,0.00,0.00,0.00,0.24
33,"4s_3s","UplCe","Exten",175,4.41,0.00,1.73,11.73,3.37,4.04,44.36,0.00,0.00,11.17,0.00,9.98,0.00,0.00,0.00,0.25
33,"4s_3s","UplCe","Exten",185,4.48,0.00,1.63,11.90,3.42,4.01,42.63,0.00,0.00,10.87,0.00,10.04,0.00,0.00,0.00,0.25
33,"4s_3s","UplCe","Exten",195,4.51,0.00,1.53,12.06,3.47,3.98,40.78,0.00,0.00,10.55,0.00,10.04,0.00,0.00,0.00,0.26
33,"4s_3s","UplCe","Exten",205,4.53,0.00,1.42,12.19,3.51,3.93,38.85,0.00,0.00,10.21,0.00,10.00,0.00,0.00,0.00,0.26
33,"4s_3s","UplCe","Exten",215,4.52,0.00,1.31,12.31,3.54,3.88,36.88,0.00,0.00,9.87,0.00,9.93,0.00,0.00,0.00,0.26
33,"4s_3s","UplCe","Exten",225,4.49,0.00,1.20,12.41,3.57,3.83,34.88,0.00,0.00,9.51,0.00,9.82,0.00,0.00,0.00,0.26
33,"4s_3s","UplCe","Exten",235,4.44,0.00,1.10,12.50,3.60,3.77,32.89,0.00,0.00,9.16,0.00,9.69,0.00,0.00,0.00,0.26
33,"4s_3s","UplCe","Exten",245,4.38,0.00,1.00,12.58,3.62,3.70,30.93,0.00,0.00,8.81,0.00,9.55,0.00,0.00,0.00,0.26
33,"4s_3s","UplCe","Exten",255,4.31,0.00,0.90,12.64,3.64,3.63,29.01,0.00,0.00,8.46,0.00,9.38,0.00,0.00,0.00,0.25
34,"Patnt","UplCe","Exten",5,0.00,0.00,0.00,0.00,0.00,0.00,0.00,0.00,0.00,0.00,0.00,0.00,0.00,0.00,0.00,0.00
34,"Patnt","UplCe","Exten",15,0.00,0.00,0.00,0.01,8.49754925833787e-03,8.04850205893958e-03,0.22,9.66363503217635e-03,0.00,8.97436474407405e-03,0.00,2.53192363907108e-03,0.00,0.00,0.00,1.75729324460711e-04
34,"Patnt","UplCe","Exten",25,0.00,0.00,0.00,0.30,0.13,0.17,2.19,0.09,0.00,0.18,0.00,0.05,0.00,0.00,0.00,3.33558011651779e-03
34,"Patnt","UplCe","Exten",35,0.00,0.00,0.00,1.56,0.62,0.86,7.87,0.33,0.00,1.05,0.00,0.29,0.00,0.00,0.00,0.01
34,"Patnt","UplCe","Exten",45,0.00,0.00,0.00,3.87,1.51,2.08,17.04,0.72,0.00,3.07,0.00,0.87,0.00,0.00,0.00,0.05
34,"Patnt","UplCe","Exten",55,0.00,0.00,0.00,6.42,2.55,3.38,27.00,1.14,0.00,5.99,0.00,1.76,0.00,0.00,0.00,0.10
34,"Patnt","UplCe","Exten",65,0.00,0.00,0.00,8.49,3.42,4.40,35.10,1.49,0.00,9.01,0.00,2.76,0.00,0.00,0.00,0.16
34,"Patnt","UplCe","Exten",75,0.00,0.00,0.00,9.93,4.04,5.07,40.54,1.72,0.00,11.53,0.00,3.70,0.00,0.00,0.00,0.22
34,"Patnt","UplCe","Exten",85,0.00,0.00,0.00,10.92,4.46,5.48,43.85,1.86,0.00,13.41,0.00,4.52,0.00,0.00,0.00,0.27
34,"Patnt","UplCe","Exten",95,0.00,0.00,0.00,11.66,4.77,5.76,45.85,1.95,0.00,14.75,0.00,5.23,0.00,0.00,0.00,0.32
34,"Patnt","UplCe","Exten",105,0.00,0.00,0.00,12.27,5.03,5.95,47.04,2.00,0.00,15.68,0.00,5.84,0.00,0.00,0.00,0.36
34,"Patnt","UplCe","Exten",115,0.00,0.00,0.00,12.80,5.25,6.10,47.68,2.02,0.00,16.30,0.00,6.38,0.00,0.00,0.00,0.40
34,"Patnt","UplCe","Exten",125,0.00,0.00,0.00,13.30,5.45,6.21,47.86,2.03,0.00,16.66,0.00,6.83,0.00,0.00,0.00,0.44
34,"Patnt","UplCe","Exten",135,0.00,0.00,0.00,13.75,5.64,6.30,47.65,2.02,0.00,16.82,0.00,7.21,0.00,0.00,0.00,0.47
34,"Patnt","UplCe","Exten",145,0.00,0.00,0.00,14.16,5.81,6.36,47.09,2.00,0.00,16.81,0.00,7.52,0.00,0.00,0.00,0.50
34,"Patnt","UplCe","Exten",155,0.00,0.00,0.00,14.54,5.97,6.40,46.21,1.96,0.00,16.68,0.00,7.76,0.00,0.00,0.00,0.52
34,"Patnt","UplCe","Exten",165,0.00,0.00,0.00,14.89,6.11,6.42,45.08,1.91,0.00,16.44,0.00,7.94,0.00,0.00,0.00,0.54
34,"Patnt","UplCe","Exten",175,0.00,0.00,0.00,15.21,6.25,6.42,43.72,1.86,0.00,16.14,0.00,8.07,0.00,0.00,0.00,0.56
34,"Patnt","UplCe","Exten",185,0.00,0.00,0.00,15.50,6.37,6.40,42.19,1.79,0.00,15.77,0.00,8.15,0.00,0.00,0.00,0.57
34,"Patnt","UplCe","Exten",195,0.00,0.00,0.00,15.76,6.47,6.37,40.51,1.72,0.00,15.37,0.00,8.18,0.00,0.00,0.00,0.58
34,"Patnt","UplCe","Exten",205,0.00,0.00,0.00,16.00,6.57,6.32,38.74,1.64,0.00,14.93,0.00,8.18,0.00,0.00,0.00,0.59
34,"Patnt","UplCe","Exten",215,0.00,0.00,0.00,16.21,6.66,6.26,36.90,1.57,0.00,14.48,0.00,8.14,0.00,0.00,0.00,0.59
34,"Patnt","UplCe","Exten",225,0.00,0.00,0.00,16.40,6.74,6.19,35.03,1.49,0.00,14.01,0.00,8.09,0.00,0.00,0.00,0.59
34,"Patnt","UplCe","Exten",235,0.00,0.00,0.00,16.57,6.82,6.12,33.14,1.41,0.00,13.53,0.00,8.01,0.00,0.00,0.00,0.59
34,"Patnt","UplCe","Exten",245,0.00,0.00,0.00,16.73,6.88,6.03,31.27,1.33,0.00,13.05,0.00,7.91,0.00,0.00,0.00,0.59
34,"Patnt","UplCe","Exten",255,0.00,0.00,0.00,16.87,6.94,5.94,29.42,1.25,0.00,12.57,0.00,7.80,0.00,0.00,0.00,0.58
35,"4s_3s","UplCe","Basc1",5,0.00,0.00,0.00,0.00,0.00,0.00,0.00,0.00,0.00,0.00,0.00,0.00,0.00,0.00,0.00,0.00
35,"4s_3s","UplCe","Basc1",15,1.18880012204917e-03,0.00,1.61472597314175e-03,0.01,4.68384544195989e-03,5.17571929194086e-03,0.23,0.00,0.00,6.34187939687768e-03,0.00,3.19823901066707e-03,0.00,0.00,0.00,8.07182724464516e-05
35,"4s_3s","UplCe","Basc1",25,0.02,0.00,0.02,0.24,0.07,0.11,2.32,0.00,0.00,0.13,0.00,0.06,0.00,0.00,0.00,1.56949950497545e-03
35,"4s_3s","UplCe","Basc1",35,0.14,0.00,0.14,1.27,0.35,0.57,8.46,0.00,0.00,0.77,0.00,0.38,0.00,0.00,0.00,8.73334322116342e-03
35,"4s_3s","UplCe","Basc1",45,0.42,0.00,0.39,3.17,0.87,1.39,18.36,0.00,0.00,2.26,0.00,1.15,0.00,0.00,0.00,0.02
35,"4s_3s","UplCe","Basc1",55,0.86,0.00,0.73,5.25,1.46,2.26,29.05,0.00,0.00,4.39,0.00,2.31,0.00,0.00,0.00,0.05
35,"4s_3s","UplCe","Basc1",65,1.36,0.00,1.08,6.91,1.95,2.93,37.63,0.00,0.00,6.58,0.00,3.61,0.00,0.00,0.00,0.07
35,"4s_3s","UplCe","Basc1",75,1.84,0.00,1.37,8.05,2.29,3.36,43.25,0.00,0.00,8.39,0.00,4.82,0.00,0.00,0.00,0.10
35,"4s_3s","UplCe","Basc1",85,2.27,0.00,1.59,8.81,2.52,3.61,46.55,0.00,0.00,9.71,0.00,5.85,0.00,0.00,0.00,0.13
35,"4s_3s","UplCe","Basc1",95,2.65,0.00,1.75,9.35,2.68,3.77,48.40,0.00,0.00,10.62,0.00,6.73,0.00,0.00,0.00,0.15
35,"4s_3s","UplCe","Basc1",105,3.00,0.00,1.87,9.79,2.81,3.88,49.39,0.00,0.00,11.23,0.00,7.48,0.00,0.00,0.00,0.17
35,"4s_3s","UplCe","Basc1",115,3.31,0.00,1.94,10.16,2.91,3.95,49.78,0.00,0.00,11.61,0.00,8.12,0.00,0.00,0.00,0.18
35,"4s_3s","UplCe","Basc1",125,3.58,0.00,1.97,10.50,3.01,4.00,49.71,0.00,0.00,11.80,0.00,8.65,0.00,0.00,0.00,0.20
35,"4s_3s","UplCe","Basc1",135,3.82,0.00,1.97,10.80,3.10,4.04,49.24,0.00,0.00,11.85,0.00,9.09,0.00,0.00,0.00,0.21
35,"4s_3s","UplCe","Basc1",145,4.02,0.00,1.95,11.07,3.18,4.06,48.42,0.00,0.00,11.79,0.00,9.43,0.00,0.00,0.00,0.22
35,"4s_3s","UplCe","Basc1",155,4.19,0.00,1.89,11.31,3.25,4.07,47.30,0.00,0.00,11.64,0.00,9.69,0.00,0.00,0.00,0.23
35,"4s_3s","UplCe","Basc1",165,4.32,0.00,1.82,11.53,3.31,4.06,45.93,0.00,0.00,11.43,0.00,9.87,0.00,0.00,0.00,0.24
35,"4s_3s","UplCe","Basc1",175,4.41,0.00,1.73,11.73,3.37,4.04,44.36,0.00,0.00,11.17,0.00,9.98,0.00,0.00,0.00,0.25
35,"4s_3s","UplCe","Basc1",185,4.48,0.00,1.63,11.90,3.42,4.01,42.63,0.00,0.00,10.87,0.00,10.04,0.00,0.00,0.00,0.25
35,"4s_3s","UplCe","Basc1",195,4.51,0.00,1.53,12.06,3.47,3.98,40.78,0.00,0.00,10.55,0.00,10.04,0.00,0.00,0.00,0.26
35,"4s_3s","UplCe","Basc1",205,4.53,0.00,1.42,12.19,3.51,3.93,38.85,0.00,0.00,10.21,0.00,10.00,0.00,0.00,0.00,0.26
35,"4s_3s","UplCe","Basc1",215,4.52,0.00,1.31,12.31,3.54,3.88,36.88,0.00,0.00,9.87,0.00,9.93,0.00,0.00,0.00,0.26
35,"4s_3s","UplCe","Basc1",225,4.49,0.00,1.20,12.41,3.57,3.83,34.88,0.00,0.00,9.51,0.00,9.82,0.00,0.00,0.00,0.26
35,"4s_3s","UplCe","Basc1",235,4.44,0.00,1.10,12.50,3.60,3.77,32.89,0.00,0.00,9.16,0.00,9.69,0.00,0.00,0.00,0.26
35,"4s_3s","UplCe","Basc1",245,4.38,0.00,1.00,12.58,3.62,3.70,30.93,0.00,0.00,8.81,0.00,9.55,0.00,0.00,0.00,0.26
35,"4s_3s","UplCe","Basc1",255,4.31,0.00,0.90,12.64,3.64,3.63,29.01,0.00,0.00,8.46,0.00,9.38,0.00,0.00,0.00,0.25
36,"Patnt","UplCe","Basc1",5,0.00,0.00,0.00,0.00,0.00,0.00,0.00,0.00,0.00,0.00,0.00,0.00,0.00,0.00,0.00,0.00
36,"Patnt","UplCe","Basc1",15,0.00,0.00,0.00,0.01,8.49754925833787e-03,8.04850205893958e-03,0.22,9.66363503217635e-03,0.00,8.97436474407405e-03,0.00,2.53192363907108e-03,0.00,0.00,0.00,1.75729324460711e-04
36,"Patnt","UplCe","Basc1",25,0.00,0.00,0.00,0.30,0.13,0.17,2.19,0.09,0.00,0.18,0.00,0.05,0.00,0.00,0.00,3.33558011651779e-03
36,"Patnt","UplCe","Basc1",35,0.00,0.00,0.00,1.56,0.62,0.86,7.87,0.33,0.00,1.05,0.00,0.29,0.00,0.00,0.00,0.01
36,"Patnt","UplCe","Basc1",45,0.00,0.00,0.00,3.87,1.51,2.08,17.04,0.72,0.00,3.07,0.00,0.87,0.00,0.00,0.00,0.05
36,"Patnt","UplCe","Basc1",55,0.00,0.00,0.00,6.42,2.55,3.38,27.00,1.14,0.00,5.99,0.00,1.76,0.00,0.00,0.00,0.10
36,"Patnt","UplCe","Basc1",65,0.00,0.00,0.00,8.49,3.42,4.40,35.10,1.49,0.00,9.01,0.00,2.76,0.00,0.00,0.00,0.16
36,"Patnt","UplCe","Basc1",75,0.00,0.00,0.00,9.93,4.04,5.07,40.54,1.72,0.00,11.53,0.00,3.70,0.00,0.00,0.00,0.22
36,"Patnt","UplCe","Basc1",85,0.00,0.00,0.00,10.92,4.46,5.48,43.85,1.86,0.00,13.41,0.00,4.52,0.00,0.00,0.00,0.27
36,"Patnt","UplCe","Basc1",95,0.00,0.00,0.00,11.66,4.77,5.76,45.85,1.95,0.00,14.75,0.00,5.23,0.00,0.00,0.00,0.32
36,"Patnt","UplCe","Basc1",105,0.00,0.00,0.00,12.27,5.03,5.95,47.04,2.00,0.00,15.68,0.00,5.84,0.00,0.00,0.00,0.36
36,"Patnt","UplCe","Basc1",115,0.00,0.00,0.00,12.80,5.25,6.10,47.68,2.02,0.00,16.30,0.00,6.38,0.00,0.00,0.00,0.40
36,"Patnt","UplCe","Basc1",125,0.00,0.00,0.00,13.30,5.45,6.21,47.86,2.03,0.00,16.66,0.00,6.83,0.00,0.00,0.00,0.44
36,"Patnt","UplCe","Basc1",135,0.00,0.00,0.00,13.75,5.64,6.30,47.65,2.02,0.00,16.82,0.00,7.21,0.00,0.00,0.00,0.47
36,"Patnt","UplCe","Basc1",145,0.00,0.00,0.00,14.16,5.81,6.36,47.09,2.00,0.00,16.81,0.00,7.52,0.00,0.00,0.00,0.50
36,"Patnt","UplCe","Basc1",155,0.00,0.00,0.00,14.54,5.97,6.40,46.21,1.96,0.00,16.68,0.00,7.76,0.00,0.00,0.00,0.52
36,"Patnt","UplCe","Basc1",165,0.00,0.00,0.00,14.89,6.11,6.42,45.08,1.91,0.00,16.44,0.00,7.94,0.00,0.00,0.00,0.54
36,"Patnt","UplCe","Basc1",175,0.00,0.00,0.00,15.21,6.25,6.42,43.72,1.86,0.00,16.14,0.00,8.07,0.00,0.00,0.00,0.56
36,"Patnt","UplCe","Basc1",185,0.00,0.00,0.00,15.50,6.37,6.40,42.19,1.79,0.00,15.77,0.00,8.15,0.00,0.00,0.00,0.57
36,"Patnt","UplCe","Basc1",195,0.00,0.00,0.00,15.76,6.47,6.37,40.51,1.72,0.00,15.37,0.00,8.18,0.00,0.00,0.00,0.58
36,"Patnt","UplCe","Basc1",205,0.00,0.00,0.00,16.00,6.57,6.32,38.74,1.64,0.00,14.93,0.00,8.18,0.00,0.00,0.00,0.59
36,"Patnt","UplCe","Basc1",215,0.00,0.00,0.00,16.21,6.66,6.26,36.90,1.57,0.00,14.48,0.00,8.14,0.00,0.00,0.00,0.59
36,"Patnt","UplCe","Basc1",225,0.00,0.00,0.00,16.40,6.74,6.19,35.03,1.49,0.00,14.01,0.00,8.09,0.00,0.00,0.00,0.59
36,"Patnt","UplCe","Basc1",235,0.00,0.00,0.00,16.57,6.82,6.12,33.14,1.41,0.00,13.53,0.00,8.01,0.00,0.00,0.00,0.59
36,"Patnt","UplCe","Basc1",245,0.00,0.00,0.00,16.73,6.88,6.03,31.27,1.33,0.00,13.05,0.00,7.91,0.00,0.00,0.00,0.59
36,"Patnt","UplCe","Basc1",255,0.00,0.00,0.00,16.87,6.94,5.94,29.42,1.25,0.00,12.57,0.00,7.80,0.00,0.00,0.00,0.58
37,"4s_3s","UplCe","Intn1",5,0.00,0.00,0.00,0.00,0.00,0.00,0.00,0.00,0.00,0.00,0.00,0.00,0.00,0.00,0.00,0.00
37,"4s_3s","UplCe","Intn1",15,1.18880012204917e-03,0.00,1.61472597314175e-03,0.01,4.68384544195989e-03,5.17571929194086e-03,0.23,0.00,0.00,6.34187939687768e-03,0.00,3.19823901066707e-03,0.00,0.00,0.00,8.07182724464516e-05
37,"4s_3s","UplCe","Intn1",25,0.02,0.00,0.02,0.24,0.07,0.11,2.32,0.00,0.00,0.13,0.00,0.06,0.00,0.00,0.00,1.56949950497545e-03
37,"4s_3s","UplCe","Intn1",35,0.14,0.00,0.14,1.27,0.35,0.57,8.46,0.00,0.00,0.77,0.00,0.38,0.00,0.00,0.00,8.73334322116342e-03
37,"4s_3s","UplCe","Intn1",45,0.42,0.00,0.39,3.17,0.87,1.39,18.36,0.00,0.00,2.26,0.00,1.15,0.00,0.00,0.00,0.02
37,"4s_3s","UplCe","Intn1",55,0.86,0.00,0.73,5.25,1.46,2.26,29.05,0.00,0.00,4.39,0.00,2.31,0.00,0.00,0.00,0.05
37,"4s_3s","UplCe","Intn1",65,1.36,0.00,1.08,6.91,1.95,2.93,37.63,0.00,0.00,6.58,0.00,3.61,0.00,0.00,0.00,0.07
37,"4s_3s","UplCe","Intn1",75,1.84,0.00,1.37,8.05,2.29,3.36,43.25,0.00,0.00,8.39,0.00,4.82,0.00,0.00,0.00,0.10
37,"4s_3s","UplCe","Intn1",85,2.27,0.00,1.59,8.81,2.52,3.61,46.55,0.00,0.00,9.71,0.00,5.85,0.00,0.00,0.00,0.13
37,"4s_3s","UplCe","Intn1",95,2.65,0.00,1.75,9.35,2.68,3.77,48.40,0.00,0.00,10.62,0.00,6.73,0.00,0.00,0.00,0.15
37,"4s_3s","UplCe","Intn1",105,3.00,0.00,1.87,9.79,2.81,3.88,49.39,0.00,0.00,11.23,0.00,7.48,0.00,0.00,0.00,0.17
37,"4s_3s","UplCe","Intn1",115,3.31,0.00,1.94,10.16,2.91,3.95,49.78,0.00,0.00,11.61,0.00,8.12,0.00,0.00,0.00,0.18
37,"4s_3s","UplCe","Intn1",125,3.58,0.00,1.97,10.50,3.01,4.00,49.71,0.00,0.00,11.80,0.00,8.65,0.00,0.00,0.00,0.20
37,"4s_3s","UplCe","Intn1",135,3.82,0.00,1.97,10.80,3.10,4.04,49.24,0.00,0.00,11.85,0.00,9.09,0.00,0.00,0.00,0.21
37,"4s_3s","UplCe","Intn1",145,4.02,0.00,1.95,11.07,3.18,4.06,48.42,0.00,0.00,11.79,0.00,9.43,0.00,0.00,0.00,0.22
37,"4s_3s","UplCe","Intn1",155,4.19,0.00,1.89,11.31,3.25,4.07,47.30,0.00,0.00,11.64,0.00,9.69,0.00,0.00,0.00,0.23
37,"4s_3s","UplCe","Intn1",165,4.32,0.00,1.82,11.53,3.31,4.06,45.93,0.00,0.00,11.43,0.00,9.87,0.00,0.00,0.00,0.24
37,"4s_3s","UplCe","Intn1",175,4.41,0.00,1.73,11.73,3.37,4.04,44.36,0.00,0.00,11.17,0.00,9.98,0.00,0.00,0.00,0.25
37,"4s_3s","UplCe","Intn1",185,4.48,0.00,1.63,11.90,3.42,4.01,42.63,0.00,0.00,10.87,0.00,10.04,0.00,0.00,0.00,0.25
37,"4s_3s","UplCe","Intn1",195,4.51,0.00,1.53,12.06,3.47,3.98,40.78,0.00,0.00,10.55,0.00,10.04,0.00,0.00,0.00,0.26
37,"4s_3s","UplCe","Intn1",205,4.53,0.00,1.42,12.19,3.51,3.93,38.85,0.00,0.00,10.21,0.00,10.00,0.00,0.00,0.00,0.26
37,"4s_3s","UplCe","Intn1",215,4.52,0.00,1.31,12.31,3.54,3.88,36.88,0.00,0.00,9.87,0.00,9.93,0.00,0.00,0.00,0.26
37,"4s_3s","UplCe","Intn1",225,4.49,0.00,1.20,12.41,3.57,3.83,34.88,0.00,0.00,9.51,0.00,9.82,0.00,0.00,0.00,0.26
37,"4s_3s","UplCe","Intn1",235,4.44,0.00,1.10,12.50,3.60,3.77,32.89,0.00,0.00,9.16,0.00,9.69,0.00,0.00,0.00,0.26
37,"4s_3s","UplCe","Intn1",245,4.38,0.00,1.00,12.58,3.62,3.70,30.93,0.00,0.00,8.81,0.00,9.55,0.00,0.00,0.00,0.26
37,"4s_3s","UplCe","Intn1",255,4.31,0.00,0.90,12.64,3.64,3.63,29.01,0.00,0.00,8.46,0.00,9.38,0.00,0.00,0.00,0.25
38,"Patnt","UplCe","Intn1",5,0.00,0.00,0.00,0.00,0.00,0.00,0.00,0.00,0.00,0.00,0.00,0.00,0.00,0.00,0.00,0.00
38,"Patnt","UplCe","Intn1",15,0.00,0.00,0.00,0.01,8.49754925833787e-03,8.04850205893958e-03,0.22,9.66363503217635e-03,0.00,8.97436474407405e-03,0.00,2.53192363907108e-03,0.00,0.00,0.00,1.75729324460711e-04
38,"Patnt","UplCe","Intn1",25,0.00,0.00,0.00,0.30,0.13,0.17,2.19,0.09,0.00,0.18,0.00,0.05,0.00,0.00,0.00,3.33558011651779e-03
38,"Patnt","UplCe","Intn1",35,0.00,0.00,0.00,1.56,0.62,0.86,7.87,0.33,0.00,1.05,0.00,0.29,0.00,0.00,0.00,0.01
38,"Patnt","UplCe","Intn1",45,0.00,0.00,0.00,3.87,1.51,2.08,17.04,0.72,0.00,3.07,0.00,0.87,0.00,0.00,0.00,0.05
38,"Patnt","UplCe","Intn1",55,0.00,0.00,0.00,6.42,2.55,3.38,27.00,1.14,0.00,5.99,0.00,1.76,0.00,0.00,0.00,0.10
38,"Patnt","UplCe","Intn1",65,0.00,0.00,0.00,8.49,3.42,4.40,35.10,1.49,0.00,9.01,0.00,2.76,0.00,0.00,0.00,0.16
38,"Patnt","UplCe","Intn1",75,0.00,0.00,0.00,9.93,4.04,5.07,40.54,1.72,0.00,11.53,0.00,3.70,0.00,0.00,0.00,0.22
38,"Patnt","UplCe","Intn1",85,0.00,0.00,0.00,10.92,4.46,5.48,43.85,1.86,0.00,13.41,0.00,4.52,0.00,0.00,0.00,0.27
38,"Patnt","UplCe","Intn1",95,0.00,0.00,0.00,11.66,4.77,5.76,45.85,1.95,0.00,14.75,0.00,5.23,0.00,0.00,0.00,0.32
38,"Patnt","UplCe","Intn1",105,0.00,0.00,0.00,12.27,5.03,5.95,47.04,2.00,0.00,15.68,0.00,5.84,0.00,0.00,0.00,0.36
38,"Patnt","UplCe","Intn1",115,0.00,0.00,0.00,12.80,5.25,6.10,47.68,2.02,0.00,16.30,0.00,6.38,0.00,0.00,0.00,0.40
38,"Patnt","UplCe","Intn1",125,0.00,0.00,0.00,13.30,5.45,6.21,47.86,2.03,0.00,16.66,0.00,6.83,0.00,0.00,0.00,0.44
38,"Patnt","UplCe","Intn1",135,0.00,0.00,0.00,13.75,5.64,6.30,47.65,2.02,0.00,16.82,0.00,7.21,0.00,0.00,0.00,0.47
38,"Patnt","UplCe","Intn1",145,0.00,0.00,0.00,14.16,5.81,6.36,47.09,2.00,0.00,16.81,0.00,7.52,0.00,0.00,0.00,0.50
38,"Patnt","UplCe","Intn1",155,0.00,0.00,0.00,14.54,5.97,6.40,46.21,1.96,0.00,16.68,0.00,7.76,0.00,0.00,0.00,0.52
38,"Patnt","UplCe","Intn1",165,0.00,0.00,0.00,14.89,6.11,6.42,45.08,1.91,0.00,16.44,0.00,7.94,0.00,0.00,0.00,0.54
38,"Patnt","UplCe","Intn1",175,0.00,0.00,0.00,15.21,6.25,6.42,43.72,1.86,0.00,16.14,0.00,8.07,0.00,0.00,0.00,0.56
38,"Patnt","UplCe","Intn1",185,0.00,0.00,0.00,15.50,6.37,6.40,42.19,1.79,0.00,15.77,0.00,8.15,0.00,0.00,0.00,0.57
38,"Patnt","UplCe","Intn1",195,0.00,0.00,0.00,15.76,6.47,6.37,40.51,1.72,0.00,15.37,0.00,8.18,0.00,0.00,0.00,0.58
38,"Patnt","UplCe","Intn1",205,0.00,0.00,0.00,16.00,6.57,6.32,38.74,1.64,0.00,14.93,0.00,8.18,0.00,0.00,0.00,0.59
38,"Patnt","UplCe","Intn1",215,0.00,0.00,0.00,16.21,6.66,6.26,36.90,1.57,0.00,14.48,0.00,8.14,0.00,0.00,0.00,0.59
38,"Patnt","UplCe","Intn1",225,0.00,0.00,0.00,16.40,6.74,6.19,35.03,1.49,0.00,14.01,0.00,8.09,0.00,0.00,0.00,0.59
38,"Patnt","UplCe","Intn1",235,0.00,0.00,0.00,16.57,6.82,6.12,33.14,1.41,0.00,13.53,0.00,8.01,0.00,0.00,0.00,0.59
38,"Patnt","UplCe","Intn1",245,0.00,0.00,0.00,16.73,6.88,6.03,31.27,1.33,0.00,13.05,0.00,7.91,0.00,0.00,0.00,0.59
38,"Patnt","UplCe","Intn1",255,0.00,0.00,0.00,16.87,6.94,5.94,29.42,1.25,0.00,12.57,0.00,7.80,0.00,0.00,0.00,0.58
39,"4s_3s","OCLow","Prsnt",5,0.00,0.00,0.00,0.00,0.00,0.00,0.00,0.00,0.00,0.00,0.00,0.00,0.00,0.00,0.00,0.00
39,"4s_3s","OCLow","Prsnt",15,0.00,0.00,0.00,0.23,0.00,0.01,2.21,1.15,0.00,6.88314502341392e-03,0.00,0.00,0.00,0.00,0.00,2.62822204831852e-03
39,"4s_3s","OCLow","Prsnt",25,0.00,0.00,0.00,1.27,0.00,0.08,5.24,2.73,0.00,0.03,0.00,0.00,0.00,0.00,0.00,0.01
39,"4s_3s","OCLow","Prsnt",35,0.00,0.00,0.00,3.11,0.00,0.20,8.97,4.68,0.00,0.09,0.00,0.00,0.00,0.00,0.00,0.03
39,"4s_3s","OCLow","Prsnt",45,0.00,0.00,0.00,5.27,0.00,0.33,13.23,6.90,0.00,0.18,0.00,0.00,0.00,0.00,0.00,0.06
39,"4s_3s","OCLow","Prsnt",55,0.00,0.00,0.00,7.40,0.00,0.45,17.77,9.27,0.00,0.31,0.00,0.00,0.00,0.00,0.00,0.10
39,"4s_3s","OCLow","Prsnt",65,0.00,0.00,0.00,9.42,0.00,0.57,22.25,11.61,0.00,0.44,0.00,0.00,0.00,0.00,0.00,0.16
39,"4s_3s","OCLow","Prsnt",75,0.00,0.00,0.00,11.31,0.00,0.67,26.35,13.75,0.00,0.58,0.00,0.00,0.00,0.00,0.00,0.22
39,"4s_3s","OCLow","Prsnt",85,0.00,0.00,0.00,13.02,0.00,0.76,29.85,15.57,0.00,0.71,0.00,0.00,0.00,0.00,0.00,0.28
39,"4s_3s","OCLow","Prsnt",95,0.00,0.00,0.00,14.51,0.00,0.83,32.59,17.00,0.00,0.82,0.00,0.00,0.00,0.00,0.00,0.35
39,"4s_3s","OCLow","Prsnt",105,0.00,0.00,0.00,15.76,0.00,0.89,34.50,18.00,0.00,0.90,0.00,0.00,0.00,0.00,0.00,0.41
39,"4s_3s","OCLow","Prsnt",115,0.00,0.00,0.00,16.73,0.00,0.93,35.57,18.55,0.00,0.95,0.00,0.00,0.00,0.00,0.00,0.46
39,"4s_3s","OCLow","Prsnt",125,0.00,0.00,0.00,17.43,0.00,0.95,35.82,18.69,0.00,0.98,0.00,0.00,0.00,0.00,0.00,0.50
39,"4s_3s","OCLow","Prsnt",135,0.00,0.00,0.00,17.86,0.00,0.95,35.33,18.43,0.00,0.98,0.00,0.00,0.00,0.00,0.00,0.53
39,"4s_3s","OCLow","Prsnt",145,0.00,0.00,0.00,18.02,0.00,0.94,34.20,17.84,0.00,0.95,0.00,0.00,0.00,0.00,0.00,0.55
39,"4s_3s","OCLow","Prsnt",155,0.00,0.00,0.00,17.93,0.00,0.92,32.53,16.97,0.00,0.92,0.00,0.00,0.00,0.00,0.00,0.56
39,"4s_3s","OCLow","Prsnt",165,0.00,0.00,0.00,17.62,0.00,0.88,30.45,15.88,0.00,0.87,0.00,0.00,0.00,0.00,0.00,0.56
39,"4s_3s","OCLow","Prsnt",175,0.00,0.00,0.00,17.11,0.00,0.84,28.07,14.64,0.00,0.81,0.00,0.00,0.00,0.00,0.00,0.55
39,"4s_3s","OCLow","Prsnt",185,0.00,0.00,0.00,16.43,0.00,0.79,25.52,13.31,0.00,0.75,0.00,0.00,0.00,0.00,0.00,0.53
39,"4s_3s","OCLow","Prsnt",195,0.00,0.00,0.00,15.60,0.00,0.73,22.90,11.95,0.00,0.68,0.00,0.00,0.00,0.00,0.00,0.50
39,"4s_3s","OCLow","Prsnt",205,0.00,0.00,0.00,14.67,0.00,0.67,20.29,10.58,0.00,0.61,0.00,0.00,0.00,0.00,0.00,0.47
39,"4s_3s","OCLow","Prsnt",215,0.00,0.00,0.00,13.66,0.00,0.61,17.76,9.26,0.00,0.54,0.00,0.00,0.00,0.00,0.00,0.44
39,"4s_3s","OCLow","Prsnt",225,0.00,0.00,0.00,12.60,0.00,0.55,15.36,8.01,0.00,0.48,0.00,0.00,0.00,0.00,0.00,0.40
39,"4s_3s","OCLow","Prsnt",235,0.00,0.00,0.00,11.51,0.00,0.49,13.14,6.85,0.00,0.42,0.00,0.00,0.00,0.00,0.00,0.36
39,"4s_3s","OCLow","Prsnt",245,0.00,0.00,0.00,10.43,0.00,0.43,11.12,5.80,0.00,0.36,0.00,0.00,0.00,0.00,0.00,0.32
39,"4s_3s","OCLow","Prsnt",255,0.00,0.00,0.00,9.36,0.00,0.38,9.31,4.86,0.00,0.31,0.00,0.00,0.00,0.00,0.00,0.28
40,"Patnt","OCLow","Prsnt",5,0.00,0.00,0.00,0.00,0.00,0.00,0.00,0.00,0.00,0.00,0.00,0.00,0.00,0.00,0.00,0.00
40,"Patnt","OCLow","Prsnt",15,0.00,0.00,0.00,0.12,0.00,3.06670270433881e-03,0.70,0.53,0.00,2.52970557699556e-03,0.00,0.00,0.00,0.00,0.00,8.59801769245373e-04
40,"Patnt","OCLow","Prsnt",25,0.00,0.00,0.00,0.71,0.00,0.01,1.84,1.39,0.00,0.01,0.00,0.00,0.00,0.00,0.00,4.44322158970837e-03
40,"Patnt","OCLow","Prsnt",35,0.00,0.00,0.00,1.95,0.00,0.04,3.56,2.69,0.00,0.04,0.00,0.00,0.00,0.00,0.00,0.01
40,"Patnt","OCLow","Prsnt",45,0.00,0.00,0.00,3.72,0.00,0.08,5.91,4.47,0.00,0.09,0.00,0.00,0.00,0.00,0.00,0.02
40,"Patnt","OCLow","Prsnt",55,0.00,0.00,0.00,5.84,0.00,0.13,8.86,6.70,0.00,0.17,0.00,0.00,0.00,0.00,0.00,0.05
40,"Patnt","OCLow","Prsnt",65,0.00,0.00,0.00,8.16,0.00,0.18,12.18,9.21,0.00,0.28,0.00,0.00,0.00,0.00,0.00,0.09
40,"Patnt","OCLow","Prsnt",75,0.00,0.00,0.00,10.54,0.00,0.23,15.53,11.75,0.00,0.40,0.00,0.00,0.00,0.00,0.00,0.13
40,"Patnt","OCLow","Prsnt",85,0.00,0.00,0.00,12.82,0.00,0.28,18.58,14.06,0.00,0.51,0.00,0.00,0.00,0.00,0.00,0.18
40,"Patnt","OCLow","Prsnt",95,0.00,0.00,0.00,14.79,0.00,0.32,20.99,15.88,0.00,0.61,0.00,0.00,0.00,0.00,0.00,0.23
40,"Patnt","OCLow","Prsnt",105,0.00,0.00,0.00,16.26,0.00,0.35,22.51,17.04,0.00,0.68,0.00,0.00,0.00,0.00,0.00,0.27
40,"Patnt","OCLow","Prsnt",115,0.00,0.00,0.00,17.13,0.00,0.36,23.03,17.42,0.00,0.71,0.00,0.00,0.00,0.00,0.00,0.30
40,"Patnt","OCLow","Prsnt",125,0.00,0.00,0.00,17.33,0.00,0.36,22.52,17.04,0.00,0.71,0.00,0.00,0.00,0.00,0.00,0.32
40,"Patnt","OCLow","Prsnt",135,0.00,0.00,0.00,16.88,0.00,0.34,21.11,15.98,0.00,0.67,0.00,0.00,0.00,0.00,0.00,0.33
40,"Patnt","OCLow","Prsnt",145,0.00,0.00,0.00,15.84,0.00,0.31,19.01,14.38,0.00,0.61,0.00,0.00,0.00,0.00,0.00,0.32
40,"Patnt","OCLow","Prsnt",155,0.00,0.00,0.00,14.35,0.00,0.28,16.46,12.45,0.00,0.54,0.00,0.00,0.00,0.00,0.00,0.29
40,"Patnt","OCLow","Prsnt",165,0.00,0.00,0.00,12.56,0.00,0.24,13.72,10.38,0.00,0.45,0.00,0.00,0.00,0.00,0.00,0.26
40,"Patnt","OCLow","Prsnt",175,0.00,0.00,0.00,10.63,0.00,0.19,11.03,8.34,0.00,0.37,0.00,0.00,0.00,0.00,0.00,0.22
40,"Patnt","OCLow","Prsnt",185,0.00,0.00,0.00,8.70,0.00,0.16,8.55,6.47,0.00,0.29,0.00,0.00,0.00,0.00,0.00,0.18
40,"Patnt","OCLow","Prsnt",195,0.00,0.00,0.00,6.90,0.00,0.12,6.40,4.84,0.00,0.22,0.00,0.00,0.00,0.00,0.00,0.14
40,"Patnt","OCLow","Prsnt",205,0.00,0.00,0.00,5.29,0.00,0.09,4.63,3.50,0.00,0.16,0.00,0.00,0.00,0.00,0.00,0.11
40,"Patnt","OCLow","Prsnt",215,0.00,0.00,0.00,3.94,0.00,0.06,3.23,2.45,0.00,0.11,0.00,0.00,0.00,0.00,0.00,0.08
40,"Patnt","OCLow","Prsnt",225,0.00,0.00,0.00,2.84,0.00,0.04,2.18,1.65,0.00,0.07,0.00,0.00,0.00,0.00,0.00,0.05
40,"Patnt","OCLow","Prsnt",235,0.00,0.00,0.00,1.98,0.00,0.03,1.43,1.08,0.00,0.05,0.00,0.00,0.00,0.00,0.00,0.04
40,"Patnt","OCLow","Prsnt",245,0.00,0.00,0.00,1.34,0.00,0.02,0.90,0.68,0.00,0.03,0.00,0.00,0.00,0.00,0.00,0.02
40,"Patnt","OCLow","Prsnt",255,0.00,0.00,0.00,0.88,0.00,0.01,0.55,0.42,0.00,0.02,0.00,0.00,0.00,0.00,0.00,0.01
41,"4s_3s","OCLow","Exten",5,0.00,0.00,0.00,0.00,0.00,0.00,0.00,0.00,0.00,0.00,0.00,0.00,0.00,0.00,0.00,0.00
41,"4s_3s","OCLow","Exten",15,0.00,0.00,0.00,0.23,0.00,0.01,2.21,1.15,0.00,6.88314502341392e-03,0.00,0.00,0.00,0.00,0.00,2.62822204831852e-03
41,"4s_3s","OCLow","Exten",25,0.00,0.00,0.00,1.27,0.00,0.08,5.24,2.73,0.00,0.03,0.00,0.00,0.00,0.00,0.00,0.01
41,"4s_3s","OCLow","Exten",35,0.00,0.00,0.00,3.11,0.00,0.20,8.97,4.68,0.00,0.09,0.00,0.00,0.00,0.00,0.00,0.03
41,"4s_3s","OCLow","Exten",45,0.00,0.00,0.00,5.27,0.00,0.33,13.23,6.90,0.00,0.18,0.00,0.00,0.00,0.00,0.00,0.06
41,"4s_3s","OCLow","Exten",55,0.00,0.00,0.00,7.40,0.00,0.45,17.77,9.27,0.00,0.31,0.00,0.00,0.00,0.00,0.00,0.10
41,"4s_3s","OCLow","Exten",65,0.00,0.00,0.00,9.42,0.00,0.57,22.25,11.61,0.00,0.44,0.00,0.00,0.00,0.00,0.00,0.16
41,"4s_3s","OCLow","Exten",75,0.00,0.00,0.00,11.31,0.00,0.67,26.35,13.75,0.00,0.58,0.00,0.00,0.00,0.00,0.00,0.22
41,"4s_3s","OCLow","Exten",85,0.00,0.00,0.00,13.02,0.00,0.76,29.85,15.57,0.00,0.71,0.00,0.00,0.00,0.00,0.00,0.28
41,"4s_3s","OCLow","Exten",95,0.00,0.00,0.00,14.51,0.00,0.83,32.59,17.00,0.00,0.82,0.00,0.00,0.00,0.00,0.00,0.35
41,"4s_3s","OCLow","Exten",105,0.00,0.00,0.00,15.76,0.00,0.89,34.50,18.00,0.00,0.90,0.00,0.00,0.00,0.00,0.00,0.41
41,"4s_3s","OCLow","Exten",115,0.00,0.00,0.00,16.73,0.00,0.93,35.57,18.55,0.00,0.95,0.00,0.00,0.00,0.00,0.00,0.46
41,"4s_3s","OCLow","Exten",125,0.00,0.00,0.00,17.43,0.00,0.95,35.82,18.69,0.00,0.98,0.00,0.00,0.00,0.00,0.00,0.50
41,"4s_3s","OCLow","Exten",135,0.00,0.00,0.00,17.86,0.00,0.95,35.33,18.43,0.00,0.98,0.00,0.00,0.00,0.00,0.00,0.53
41,"4s_3s","OCLow","Exten",145,0.00,0.00,0.00,18.02,0.00,0.94,34.20,17.84,0.00,0.95,0.00,0.00,0.00,0.00,0.00,0.55
41,"4s_3s","OCLow","Exten",155,0.00,0.00,0.00,17.93,0.00,0.92,32.53,16.97,0.00,0.92,0.00,0.00,0.00,0.00,0.00,0.56
41,"4s_3s","OCLow","Exten",165,0.00,0.00,0.00,17.62,0.00,0.88,30.45,15.88,0.00,0.87,0.00,0.00,0.00,0.00,0.00,0.56
41,"4s_3s","OCLow","Exten",175,0.00,0.00,0.00,17.11,0.00,0.84,28.07,14.64,0.00,0.81,0.00,0.00,0.00,0.00,0.00,0.55
41,"4s_3s","OCLow","Exten",185,0.00,0.00,0.00,16.43,0.00,0.79,25.52,13.31,0.00,0.75,0.00,0.00,0.00,0.00,0.00,0.53
41,"4s_3s","OCLow","Exten",195,0.00,0.00,0.00,15.60,0.00,0.73,22.90,11.95,0.00,0.68,0.00,0.00,0.00,0.00,0.00,0.50
41,"4s_3s","OCLow","Exten",205,0.00,0.00,0.00,14.67,0.00,0.67,20.29,10.58,0.00,0.61,0.00,0.00,0.00,0.00,0.00,0.47
41,"4s_3s","OCLow","Exten",215,0.00,0.00,0.00,13.66,0.00,0.61,17.76,9.26,0.00,0.54,0.00,0.00,0.00,0.00,0.00,0.44
41,"4s_3s","OCLow","Exten",225,0.00,0.00,0.00,12.60,0.00,0.55,15.36,8.01,0.00,0.48,0.00,0.00,0.00,0.00,0.00,0.40
41,"4s_3s","OCLow","Exten",235,0.00,0.00,0.00,11.51,0.00,0.49,13.14,6.85,0.00,0.42,0.00,0.00,0.00,0.00,0.00,0.36
41,"4s_3s","OCLow","Exten",245,0.00,0.00,0.00,10.43,0.00,0.43,11.12,5.80,0.00,0.36,0.00,0.00,0.00,0.00,0.00,0.32
41,"4s_3s","OCLow","Exten",255,0.00,0.00,0.00,9.36,0.00,0.38,9.31,4.86,0.00,0.31,0.00,0.00,0.00,0.00,0.00,0.28
42,"Patnt","OCLow","Exten",5,0.00,0.00,0.00,0.00,0.00,0.00,0.00,0.00,0.00,0.00,0.00,0.00,0.00,0.00,0.00,0.00
42,"Patnt","OCLow","Exten",15,0.00,0.00,0.00,0.12,0.00,3.06670270433881e-03,0.70,0.53,0.00,2.52970557699556e-03,0.00,0.00,0.00,0.00,0.00,8.59801769245373e-04
42,"Patnt","OCLow","Exten",25,0.00,0.00,0.00,0.71,0.00,0.01,1.84,1.39,0.00,0.01,0.00,0.00,0.00,0.00,0.00,4.44322158970837e-03
42,"Patnt","OCLow","Exten",35,0.00,0.00,0.00,1.95,0.00,0.04,3.56,2.69,0.00,0.04,0.00,0.00,0.00,0.00,0.00,0.01
42,"Patnt","OCLow","Exten",45,0.00,0.00,0.00,3.72,0.00,0.08,5.91,4.47,0.00,0.09,0.00,0.00,0.00,0.00,0.00,0.02
42,"Patnt","OCLow","Exten",55,0.00,0.00,0.00,5.84,0.00,0.13,8.86,6.70,0.00,0.17,0.00,0.00,0.00,0.00,0.00,0.05
42,"Patnt","OCLow","Exten",65,0.00,0.00,0.00,8.16,0.00,0.18,12.18,9.21,0.00,0.28,0.00,0.00,0.00,0.00,0.00,0.09
42,"Patnt","OCLow","Exten",75,0.00,0.00,0.00,10.54,0.00,0.23,15.53,11.75,0.00,0.40,0.00,0.00,0.00,0.00,0.00,0.13
42,"Patnt","OCLow","Exten",85,0.00,0.00,0.00,12.82,0.00,0.28,18.58,14.06,0.00,0.51,0.00,0.00,0.00,0.00,0.00,0.18
42,"Patnt","OCLow","Exten",95,0.00,0.00,0.00,14.79,0.00,0.32,20.99,15.88,0.00,0.61,0.00,0.00,0.00,0.00,0.00,0.23
42,"Patnt","OCLow","Exten",105,0.00,0.00,0.00,16.26,0.00,0.35,22.51,17.04,0.00,0.68,0.00,0.00,0.00,0.00,0.00,0.27
42,"Patnt","OCLow","Exten",115,0.00,0.00,0.00,17.13,0.00,0.36,23.03,17.42,0.00,0.71,0.00,0.00,0.00,0.00,0.00,0.30
42,"Patnt","OCLow","Exten",125,0.00,0.00,0.00,17.33,0.00,0.36,22.52,17.04,0.00,0.71,0.00,0.00,0.00,0.00,0.00,0.32
42,"Patnt","OCLow","Exten",135,0.00,0.00,0.00,16.88,0.00,0.34,21.11,15.98,0.00,0.67,0.00,0.00,0.00,0.00,0.00,0.33
42,"Patnt","OCLow","Exten",145,0.00,0.00,0.00,15.84,0.00,0.31,19.01,14.38,0.00,0.61,0.00,0.00,0.00,0.00,0.00,0.32
42,"Patnt","OCLow","Exten",155,0.00,0.00,0.00,14.35,0.00,0.28,16.46,12.45,0.00,0.54,0.00,0.00,0.00,0.00,0.00,0.29
42,"Patnt","OCLow","Exten",165,0.00,0.00,0.00,12.56,0.00,0.24,13.72,10.38,0.00,0.45,0.00,0.00,0.00,0.00,0.00,0.26
42,"Patnt","OCLow","Exten",175,0.00,0.00,0.00,10.63,0.00,0.19,11.03,8.34,0.00,0.37,0.00,0.00,0.00,0.00,0.00,0.22
42,"Patnt","OCLow","Exten",185,0.00,0.00,0.00,8.70,0.00,0.16,8.55,6.47,0.00,0.29,0.00,0.00,0.00,0.00,0.00,0.18
42,"Patnt","OCLow","Exten",195,0.00,0.00,0.00,6.90,0.00,0.12,6.40,4.84,0.00,0.22,0.00,0.00,0.00,0.00,0.00,0.14
42,"Patnt","OCLow","Exten",205,0.00,0.00,0.00,5.29,0.00,0.09,4.63,3.50,0.00,0.16,0.00,0.00,0.00,0.00,0.00,0.11
42,"Patnt","OCLow","Exten",215,0.00,0.00,0.00,3.94,0.00,0.06,3.23,2.45,0.00,0.11,0.00,0.00,0.00,0.00,0.00,0.08
42,"Patnt","OCLow","Exten",225,0.00,0.00,0.00,2.84,0.00,0.04,2.18,1.65,0.00,0.07,0.00,0.00,0.00,0.00,0.00,0.05
42,"Patnt","OCLow","Exten",235,0.00,0.00,0.00,1.98,0.00,0.03,1.43,1.08,0.00,0.05,0.00,0.00,0.00,0.00,0.00,0.04
42,"Patnt","OCLow","Exten",245,0.00,0.00,0.00,1.34,0.00,0.02,0.90,0.68,0.00,0.03,0.00,0.00,0.00,0.00,0.00,0.02
42,"Patnt","OCLow","Exten",255,0.00,0.00,0.00,0.88,0.00,0.01,0.55,0.42,0.00,0.02,0.00,0.00,0.00,0.00,0.00,0.01
43,"4s_3s","OCLow","Basc1",5,0.00,0.00,0.00,0.00,0.00,0.00,0.00,0.00,0.00,0.00,0.00,0.00,0.00,0.00,0.00,0.00
43,"4s_3s","OCLow","Basc1",15,0.00,0.00,0.00,0.23,0.00,0.01,2.21,1.15,0.00,6.88314502341392e-03,0.00,0.00,0.00,0.00,0.00,2.62822204831852e-03
43,"4s_3s","OCLow","Basc1",25,0.00,0.00,0.00,1.27,0.00,0.08,5.24,2.73,0.00,0.03,0.00,0.00,0.00,0.00,0.00,0.01
43,"4s_3s","OCLow","Basc1",35,0.00,0.00,0.00,3.11,0.00,0.20,8.97,4.68,0.00,0.09,0.00,0.00,0.00,0.00,0.00,0.03
43,"4s_3s","OCLow","Basc1",45,0.00,0.00,0.00,5.27,0.00,0.33,13.23,6.90,0.00,0.18,0.00,0.00,0.00,0.00,0.00,0.06
43,"4s_3s","OCLow","Basc1",55,0.00,0.00,0.00,7.40,0.00,0.45,17.77,9.27,0.00,0.31,0.00,0.00,0.00,0.00,0.00,0.10
43,"4s_3s","OCLow","Basc1",65,0.00,0.00,0.00,9.42,0.00,0.57,22.25,11.61,0.00,0.44,0.00,0.00,0.00,0.00,0.00,0.16
43,"4s_3s","OCLow","Basc1",75,0.00,0.00,0.00,11.31,0.00,0.67,26.35,13.75,0.00,0.58,0.00,0.00,0.00,0.00,0.00,0.22
43,"4s_3s","OCLow","Basc1",85,0.00,0.00,0.00,13.02,0.00,0.76,29.85,15.57,0.00,0.71,0.00,0.00,0.00,0.00,0.00,0.28
43,"4s_3s","OCLow","Basc1",95,0.00,0.00,0.00,14.51,0.00,0.83,32.59,17.00,0.00,0.82,0.00,0.00,0.00,0.00,0.00,0.35
43,"4s_3s","OCLow","Basc1",105,0.00,0.00,0.00,15.76,0.00,0.89,34.50,18.00,0.00,0.90,0.00,0.00,0.00,0.00,0.00,0.41
43,"4s_3s","OCLow","Basc1",115,0.00,0.00,0.00,16.73,0.00,0.93,35.57,18.55,0.00,0.95,0.00,0.00,0.00,0.00,0.00,0.46
43,"4s_3s","OCLow","Basc1",125,0.00,0.00,0.00,17.43,0.00,0.95,35.82,18.69,0.00,0.98,0.00,0.00,0.00,0.00,0.00,0.50
43,"4s_3s","OCLow","Basc1",135,0.00,0.00,0.00,17.86,0.00,0.95,35.33,18.43,0.00,0.98,0.00,0.00,0.00,0.00,0.00,0.53
43,"4s_3s","OCLow","Basc1",145,0.00,0.00,0.00,18.02,0.00,0.94,34.20,17.84,0.00,0.95,0.00,0.00,0.00,0.00,0.00,0.55
43,"4s_3s","OCLow","Basc1",155,0.00,0.00,0.00,17.93,0.00,0.92,32.53,16.97,0.00,0.92,0.00,0.00,0.00,0.00,0.00,0.56
43,"4s_3s","OCLow","Basc1",165,0.00,0.00,0.00,17.62,0.00,0.88,30.45,15.88,0.00,0.87,0.00,0.00,0.00,0.00,0.00,0.56
43,"4s_3s","OCLow","Basc1",175,0.00,0.00,0.00,17.11,0.00,0.84,28.07,14.64,0.00,0.81,0.00,0.00,0.00,0.00,0.00,0.55
43,"4s_3s","OCLow","Basc1",185,0.00,0.00,0.00,16.43,0.00,0.79,25.52,13.31,0.00,0.75,0.00,0.00,0.00,0.00,0.00,0.53
43,"4s_3s","OCLow","Basc1",195,0.00,0.00,0.00,15.60,0.00,0.73,22.90,11.95,0.00,0.68,0.00,0.00,0.00,0.00,0.00,0.50
43,"4s_3s","OCLow","Basc1",205,0.00,0.00,0.00,14.67,0.00,0.67,20.29,10.58,0.00,0.61,0.00,0.00,0.00,0.00,0.00,0.47
43,"4s_3s","OCLow","Basc1",215,0.00,0.00,0.00,13.66,0.00,0.61,17.76,9.26,0.00,0.54,0.00,0.00,0.00,0.00,0.00,0.44
43,"4s_3s","OCLow","Basc1",225,0.00,0.00,0.00,12.60,0.00,0.55,15.36,8.01,0.00,0.48,0.00,0.00,0.00,0.00,0.00,0.40
43,"4s_3s","OCLow","Basc1",235,0.00,0.00,0.00,11.51,0.00,0.49,13.14,6.85,0.00,0.42,0.00,0.00,0.00,0.00,0.00,0.36
43,"4s_3s","OCLow","Basc1",245,0.00,0.00,0.00,10.43,0.00,0.43,11.12,5.80,0.00,0.36,0.00,0.00,0.00,0.00,0.00,0.32
43,"4s_3s","OCLow","Basc1",255,0.00,0.00,0.00,9.36,0.00,0.38,9.31,4.86,0.00,0.31,0.00,0.00,0.00,0.00,0.00,0.28
44,"Patnt","OCLow","Basc1",5,0.00,0.00,0.00,0.00,0.00,0.00,0.00,0.00,0.00,0.00,0.00,0.00,0.00,0.00,0.00,0.00
44,"Patnt","OCLow","Basc1",15,0.00,0.00,0.00,0.12,0.00,3.06670270433881e-03,0.70,0.53,0.00,2.52970557699556e-03,0.00,0.00,0.00,0.00,0.00,8.59801769245373e-04
44,"Patnt","OCLow","Basc1",25,0.00,0.00,0.00,0.71,0.00,0.01,1.84,1.39,0.00,0.01,0.00,0.00,0.00,0.00,0.00,4.44322158970837e-03
44,"Patnt","OCLow","Basc1",35,0.00,0.00,0.00,1.95,0.00,0.04,3.56,2.69,0.00,0.04,0.00,0.00,0.00,0.00,0.00,0.01
44,"Patnt","OCLow","Basc1",45,0.00,0.00,0.00,3.72,0.00,0.08,5.91,4.47,0.00,0.09,0.00,0.00,0.00,0.00,0.00,0.02
44,"Patnt","OCLow","Basc1",55,0.00,0.00,0.00,5.84,0.00,0.13,8.86,6.70,0.00,0.17,0.00,0.00,0.00,0.00,0.00,0.05
44,"Patnt","OCLow","Basc1",65,0.00,0.00,0.00,8.16,0.00,0.18,12.18,9.21,0.00,0.28,0.00,0.00,0.00,0.00,0.00,0.09
44,"Patnt","OCLow","Basc1",75,0.00,0.00,0.00,10.54,0.00,0.23,15.53,11.75,0.00,0.40,0.00,0.00,0.00,0.00,0.00,0.13
44,"Patnt","OCLow","Basc1",85,0.00,0.00,0.00,12.82,0.00,0.28,18.58,14.06,0.00,0.51,0.00,0.00,0.00,0.00,0.00,0.18
44,"Patnt","OCLow","Basc1",95,0.00,0.00,0.00,14.79,0.00,0.32,20.99,15.88,0.00,0.61,0.00,0.00,0.00,0.00,0.00,0.23
44,"Patnt","OCLow","Basc1",105,0.00,0.00,0.00,16.26,0.00,0.35,22.51,17.04,0.00,0.68,0.00,0.00,0.00,0.00,0.00,0.27
44,"Patnt","OCLow","Basc1",115,0.00,0.00,0.00,17.13,0.00,0.36,23.03,17.42,0.00,0.71,0.00,0.00,0.00,0.00,0.00,0.30
44,"Patnt","OCLow","Basc1",125,0.00,0.00,0.00,17.33,0.00,0.36,22.52,17.04,0.00,0.71,0.00,0.00,0.00,0.00,0.00,0.32
44,"Patnt","OCLow","Basc1",135,0.00,0.00,0.00,16.88,0.00,0.34,21.11,15.98,0.00,0.67,0.00,0.00,0.00,0.00,0.00,0.33
44,"Patnt","OCLow","Basc1",145,0.00,0.00,0.00,15.84,0.00,0.31,19.01,14.38,0.00,0.61,0.00,0.00,0.00,0.00,0.00,0.32
44,"Patnt","OCLow","Basc1",155,0.00,0.00,0.00,14.35,0.00,0.28,16.46,12.45,0.00,0.54,0.00,0.00,0.00,0.00,0.00,0.29
44,"Patnt","OCLow","Basc1",165,0.00,0.00,0.00,12.56,0.00,0.24,13.72,10.38,0.00,0.45,0.00,0.00,0.00,0.00,0.00,0.26
44,"Patnt","OCLow","Basc1",175,0.00,0.00,0.00,10.63,0.00,0.19,11.03,8.34,0.00,0.37,0.00,0.00,0.00,0.00,0.00,0.22
44,"Patnt","OCLow","Basc1",185,0.00,0.00,0.00,8.70,0.00,0.16,8.55,6.47,0.00,0.29,0.00,0.00,0.00,0.00,0.00,0.18
44,"Patnt","OCLow","Basc1",195,0.00,0.00,0.00,6.90,0.00,0.12,6.40,4.84,0.00,0.22,0.00,0.00,0.00,0.00,0.00,0.14
44,"Patnt","OCLow","Basc1",205,0.00,0.00,0.00,5.29,0.00,0.09,4.63,3.50,0.00,0.16,0.00,0.00,0.00,0.00,0.00,0.11
44,"Patnt","OCLow","Basc1",215,0.00,0.00,0.00,3.94,0.00,0.06,3.23,2.45,0.00,0.11,0.00,0.00,0.00,0.00,0.00,0.08
44,"Patnt","OCLow","Basc1",225,0.00,0.00,0.00,2.84,0.00,0.04,2.18,1.65,0.00,0.07,0.00,0.00,0.00,0.00,0.00,0.05
44,"Patnt","OCLow","Basc1",235,0.00,0.00,0.00,1.98,0.00,0.03,1.43,1.08,0.00,0.05,0.00,0.00,0.00,0.00,0.00,0.04
44,"Patnt","OCLow","Basc1",245,0.00,0.00,0.00,1.34,0.00,0.02,0.90,0.68,0.00,0.03,0.00,0.00,0.00,0.00,0.00,0.02
44,"Patnt","OCLow","Basc1",255,0.00,0.00,0.00,0.88,0.00,0.01,0.55,0.42,0.00,0.02,0.00,0.00,0.00,0.00,0.00,0.01
45,"4s_3s","OCLow","Basc2",5,0.00,0.00,0.00,0.00,0.00,0.00,0.00,0.00,0.00,0.00,0.00,0.00,0.00,0.00,0.00,0.00
45,"4s_3s","OCLow","Basc2",15,0.00,0.00,0.00,0.23,0.00,0.01,2.21,1.15,0.00,6.88314502341392e-03,0.00,0.00,0.00,0.00,0.00,2.62822204831852e-03
45,"4s_3s","OCLow","Basc2",25,0.00,0.00,0.00,1.27,0.00,0.08,5.24,2.73,0.00,0.03,0.00,0.00,0.00,0.00,0.00,0.01
45,"4s_3s","OCLow","Basc2",35,0.00,0.00,0.00,3.11,0.00,0.20,8.97,4.68,0.00,0.09,0.00,0.00,0.00,0.00,0.00,0.03
45,"4s_3s","OCLow","Basc2",45,0.00,0.00,0.00,5.27,0.00,0.33,13.23,6.90,0.00,0.18,0.00,0.00,0.00,0.00,0.00,0.06
45,"4s_3s","OCLow","Basc2",55,0.00,0.00,0.00,7.40,0.00,0.45,17.77,9.27,0.00,0.31,0.00,0.00,0.00,0.00,0.00,0.10
45,"4s_3s","OCLow","Basc2",65,0.00,0.00,0.00,9.42,0.00,0.57,22.25,11.61,0.00,0.44,0.00,0.00,0.00,0.00,0.00,0.16
45,"4s_3s","OCLow","Basc2",75,0.00,0.00,0.00,11.31,0.00,0.67,26.35,13.75,0.00,0.58,0.00,0.00,0.00,0.00,0.00,0.22
45,"4s_3s","OCLow","Basc2",85,0.00,0.00,0.00,13.02,0.00,0.76,29.85,15.57,0.00,0.71,0.00,0.00,0.00,0.00,0.00,0.28
45,"4s_3s","OCLow","Basc2",95,0.00,0.00,0.00,14.51,0.00,0.83,32.59,17.00,0.00,0.82,0.00,0.00,0.00,0.00,0.00,0.35
45,"4s_3s","OCLow","Basc2",105,0.00,0.00,0.00,15.76,0.00,0.89,34.50,18.00,0.00,0.90,0.00,0.00,0.00,0.00,0.00,0.41
45,"4s_3s","OCLow","Basc2",115,0.00,0.00,0.00,16.73,0.00,0.93,35.57,18.55,0.00,0.95,0.00,0.00,0.00,0.00,0.00,0.46
45,"4s_3s","OCLow","Basc2",125,0.00,0.00,0.00,17.43,0.00,0.95,35.82,18.69,0.00,0.98,0.00,0.00,0.00,0.00,0.00,0.50
45,"4s_3s","OCLow","Basc2",135,0.00,0.00,0.00,17.86,0.00,0.95,35.33,18.43,0.00,0.98,0.00,0.00,0.00,0.00,0.00,0.53
45,"4s_3s","OCLow","Basc2",145,0.00,0.00,0.00,18.02,0.00,0.94,34.20,17.84,0.00,0.95,0.00,0.00,0.00,0.00,0.00,0.55
45,"4s_3s","OCLow","Basc2",155,0.00,0.00,0.00,17.93,0.00,0.92,32.53,16.97,0.00,0.92,0.00,0.00,0.00,0.00,0.00,0.56
45,"4s_3s","OCLow","Basc2",165,0.00,0.00,0.00,17.62,0.00,0.88,30.45,15.88,0.00,0.87,0.00,0.00,0.00,0.00,0.00,0.56
45,"4s_3s","OCLow","Basc2",175,0.00,0.00,0.00,17.11,0.00,0.84,28.07,14.64,0.00,0.81,0.00,0.00,0.00,0.00,0.00,0.55
45,"4s_3s","OCLow","Basc2",185,0.00,0.00,0.00,16.43,0.00,0.79,25.52,13.31,0.00,0.75,0.00,0.00,0.00,0.00,0.00,0.53
45,"4s_3s","OCLow","Basc2",195,0.00,0.00,0.00,15.60,0.00,0.73,22.90,11.95,0.00,0.68,0.00,0.00,0.00,0.00,0.00,0.50
45,"4s_3s","OCLow","Basc2",205,0.00,0.00,0.00,14.67,0.00,0.67,20.29,10.58,0.00,0.61,0.00,0.00,0.00,0.00,0.00,0.47
45,"4s_3s","OCLow","Basc2",215,0.00,0.00,0.00,13.66,0.00,0.61,17.76,9.26,0.00,0.54,0.00,0.00,0.00,0.00,0.00,0.44
45,"4s_3s","OCLow","Basc2",225,0.00,0.00,0.00,12.60,0.00,0.55,15.36,8.01,0.00,0.48,0.00,0.00,0.00,0.00,0.00,0.40
45,"4s_3s","OCLow","Basc2",235,0.00,0.00,0.00,11.51,0.00,0.49,13.14,6.85,0.00,0.42,0.00,0.00,0.00,0.00,0.00,0.36
45,"4s_3s","OCLow","Basc2",245,0.00,0.00,0.00,10.43,0.00,0.43,11.12,5.80,0.00,0.36,0.00,0.00,0.00,0.00,0.00,0.32
45,"4s_3s","OCLow","Basc2",255,0.00,0.00,0.00,9.36,0.00,0.38,9.31,4.86,0.00,0.31,0.00,0.00,0.00,0.00,0.00,0.28
46,"Patnt","OCLow","Basc2",5,0.00,0.00,0.00,0.00,0.00,0.00,0.00,0.00,0.00,0.00,0.00,0.00,0.00,0.00,0.00,0.00
46,"Patnt","OCLow","Basc2",15,0.00,0.00,0.00,0.12,0.00,3.06670270433881e-03,0.70,0.53,0.00,2.52970557699556e-03,0.00,0.00,0.00,0.00,0.00,8.59801769245373e-04
46,"Patnt","OCLow","Basc2",25,0.00,0.00,0.00,0.71,0.00,0.01,1.84,1.39,0.00,0.01,0.00,0.00,0.00,0.00,0.00,4.44322158970837e-03
46,"Patnt","OCLow","Basc2",35,0.00,0.00,0.00,1.95,0.00,0.04,3.56,2.69,0.00,0.04,0.00,0.00,0.00,0.00,0.00,0.01
46,"Patnt","OCLow","Basc2",45,0.00,0.00,0.00,3.72,0.00,0.08,5.91,4.47,0.00,0.09,0.00,0.00,0.00,0.00,0.00,0.02
46,"Patnt","OCLow","Basc2",55,0.00,0.00,0.00,5.84,0.00,0.13,8.86,6.70,0.00,0.17,0.00,0.00,0.00,0.00,0.00,0.05
46,"Patnt","OCLow","Basc2",65,0.00,0.00,0.00,8.16,0.00,0.18,12.18,9.21,0.00,0.28,0.00,0.00,0.00,0.00,0.00,0.09
46,"Patnt","OCLow","Basc2",75,0.00,0.00,0.00,10.54,0.00,0.23,15.53,11.75,0.00,0.40,0.00,0.00,0.00,0.00,0.00,0.13
46,"Patnt","OCLow","Basc2",85,0.00,0.00,0.00,12.82,0.00,0.28,18.58,14.06,0.00,0.51,0.00,0.00,0.00,0.00,0.00,0.18
46,"Patnt","OCLow","Basc2",95,0.00,0.00,0.00,14.79,0.00,0.32,20.99,15.88,0.00,0.61,0.00,0.00,0.00,0.00,0.00,0.23
46,"Patnt","OCLow","Basc2",105,0.00,0.00,0.00,16.26,0.00,0.35,22.51,17.04,0.00,0.68,0.00,0.00,0.00,0.00,0.00,0.27
46,"Patnt","OCLow","Basc2",115,0.00,0.00,0.00,17.13,0.00,0.36,23.03,17.42,0.00,0.71,0.00,0.00,0.00,0.00,0.00,0.30
46,"Patnt","OCLow","Basc2",125,0.00,0.00,0.00,17.33,0.00,0.36,22.52,17.04,0.00,0.71,0.00,0.00,0.00,0.00,0.00,0.32
46,"Patnt","OCLow","Basc2",135,0.00,0.00,0.00,16.88,0.00,0.34,21.11,15.98,0.00,0.67,0.00,0.00,0.00,0.00,0.00,0.33
46,"Patnt","OCLow","Basc2",145,0.00,0.00,0.00,15.84,0.00,0.31,19.01,14.38,0.00,0.61,0.00,0.00,0.00,0.00,0.00,0.32
46,"Patnt","OCLow","Basc2",155,0.00,0.00,0.00,14.35,0.00,0.28,16.46,12.45,0.00,0.54,0.00,0.00,0.00,0.00,0.00,0.29
46,"Patnt","OCLow","Basc2",165,0.00,0.00,0.00,12.56,0.00,0.24,13.72,10.38,0.00,0.45,0.00,0.00,0.00,0.00,0.00,0.26
46,"Patnt","OCLow","Basc2",175,0.00,0.00,0.00,10.63,0.00,0.19,11.03,8.34,0.00,0.37,0.00,0.00,0.00,0.00,0.00,0.22
46,"Patnt","OCLow","Basc2",185,0.00,0.00,0.00,8.70,0.00,0.16,8.55,6.47,0.00,0.29,0.00,0.00,0.00,0.00,0.00,0.18
46,"Patnt","OCLow","Basc2",195,0.00,0.00,0.00,6.90,0.00,0.12,6.40,4.84,0.00,0.22,0.00,0.00,0.00,0.00,0.00,0.14
46,"Patnt","OCLow","Basc2",205,0.00,0.00,0.00,5.29,0.00,0.09,4.63,3.50,0.00,0.16,0.00,0.00,0.00,0.00,0.00,0.11
46,"Patnt","OCLow","Basc2",215,0.00,0.00,0.00,3.94,0.00,0.06,3.23,2.45,0.00,0.11,0.00,0.00,0.00,0.00,0.00,0.08
46,"Patnt","OCLow","Basc2",225,0.00,0.00,0.00,2.84,0.00,0.04,2.18,1.65,0.00,0.07,0.00,0.00,0.00,0.00,0.00,0.05
46,"Patnt","OCLow","Basc2",235,0.00,0.00,0.00,1.98,0.00,0.03,1.43,1.08,0.00,0.05,0.00,0.00,0.00,0.00,0.00,0.04
46,"Patnt","OCLow","Basc2",245,0.00,0.00,0.00,1.34,0.00,0.02,0.90,0.68,0.00,0.03,0.00,0.00,0.00,0.00,0.00,0.02
46,"Patnt","OCLow","Basc2",255,0.00,0.00,0.00,0.88,0.00,0.01,0.55,0.42,0.00,0.02,0.00,0.00,0.00,0.00,0.00,0.01
47,"4s_3s","OCLow","Intn1",5,0.00,0.00,0.00,0.00,0.00,0.00,0.00,0.00,0.00,0.00,0.00,0.00,0.00,0.00,0.00,0.00
47,"4s_3s","OCLow","Intn1",15,0.00,0.00,0.00,0.23,0.00,0.01,2.21,1.15,0.00,6.88314502341392e-03,0.00,0.00,0.00,0.00,0.00,2.62822204831852e-03
47,"4s_3s","OCLow","Intn1",25,0.00,0.00,0.00,1.27,0.00,0.08,5.24,2.73,0.00,0.03,0.00,0.00,0.00,0.00,0.00,0.01
47,"4s_3s","OCLow","Intn1",35,0.00,0.00,0.00,3.11,0.00,0.20,8.97,4.68,0.00,0.09,0.00,0.00,0.00,0.00,0.00,0.03
47,"4s_3s","OCLow","Intn1",45,0.00,0.00,0.00,5.27,0.00,0.33,13.23,6.90,0.00,0.18,0.00,0.00,0.00,0.00,0.00,0.06
47,"4s_3s","OCLow","Intn1",55,0.00,0.00,0.00,7.40,0.00,0.45,17.77,9.27,0.00,0.31,0.00,0.00,0.00,0.00,0.00,0.10
47,"4s_3s","OCLow","Intn1",65,0.00,0.00,0.00,9.42,0.00,0.57,22.25,11.61,0.00,0.44,0.00,0.00,0.00,0.00,0.00,0.16
47,"4s_3s","OCLow","Intn1",75,0.00,0.00,0.00,11.31,0.00,0.67,26.35,13.75,0.00,0.58,0.00,0.00,0.00,0.00,0.00,0.22
47,"4s_3s","OCLow","Intn1",85,0.00,0.00,0.00,13.02,0.00,0.76,29.85,15.57,0.00,0.71,0.00,0.00,0.00,0.00,0.00,0.28
47,"4s_3s","OCLow","Intn1",95,0.00,0.00,0.00,14.51,0.00,0.83,32.59,17.00,0.00,0.82,0.00,0.00,0.00,0.00,0.00,0.35
47,"4s_3s","OCLow","Intn1",105,0.00,0.00,0.00,15.76,0.00,0.89,34.50,18.00,0.00,0.90,0.00,0.00,0.00,0.00,0.00,0.41
47,"4s_3s","OCLow","Intn1",115,0.00,0.00,0.00,16.73,0.00,0.93,35.57,18.55,0.00,0.95,0.00,0.00,0.00,0.00,0.00,0.46
47,"4s_3s","OCLow","Intn1",125,0.00,0.00,0.00,17.43,0.00,0.95,35.82,18.69,0.00,0.98,0.00,0.00,0.00,0.00,0.00,0.50
47,"4s_3s","OCLow","Intn1",135,0.00,0.00,0.00,17.86,0.00,0.95,35.33,18.43,0.00,0.98,0.00,0.00,0.00,0.00,0.00,0.53
47,"4s_3s","OCLow","Intn1",145,0.00,0.00,0.00,18.02,0.00,0.94,34.20,17.84,0.00,0.95,0.00,0.00,0.00,0.00,0.00,0.55
47,"4s_3s","OCLow","Intn1",155,0.00,0.00,0.00,17.93,0.00,0.92,32.53,16.97,0.00,0.92,0.00,0.00,0.00,0.00,0.00,0.56
47,"4s_3s","OCLow","Intn1",165,0.00,0.00,0.00,17.62,0.00,0.88,30.45,15.88,0.00,0.87,0.00,0.00,0.00,0.00,0.00,0.56
47,"4s_3s","OCLow","Intn1",175,0.00,0.00,0.00,17.11,0.00,0.84,28.07,14.64,0.00,0.81,0.00,0.00,0.00,0.00,0.00,0.55
47,"4s_3s","OCLow","Intn1",185,0.00,0.00,0.00,16.43,0.00,0.79,25.52,13.31,0.00,0.75,0.00,0.00,0.00,0.00,0.00,0.53
47,"4s_3s","OCLow","Intn1",195,0.00,0.00,0.00,15.60,0.00,0.73,22.90,11.95,0.00,0.68,0.00,0.00,0.00,0.00,0.00,0.50
47,"4s_3s","OCLow","Intn1",205,0.00,0.00,0.00,14.67,0.00,0.67,20.29,10.58,0.00,0.61,0.00,0.00,0.00,0.00,0.00,0.47
47,"4s_3s","OCLow","Intn1",215,0.00,0.00,0.00,13.66,0.00,0.61,17.76,9.26,0.00,0.54,0.00,0.00,0.00,0.00,0.00,0.44
47,"4s_3s","OCLow","Intn1",225,0.00,0.00,0.00,12.60,0.00,0.55,15.36,8.01,0.00,0.48,0.00,0.00,0.00,0.00,0.00,0.40
47,"4s_3s","OCLow","Intn1",235,0.00,0.00,0.00,11.51,0.00,0.49,13.14,6.85,0.00,0.42,0.00,0.00,0.00,0.00,0.00,0.36
47,"4s_3s","OCLow","Intn1",245,0.00,0.00,0.00,10.43,0.00,0.43,11.12,5.80,0.00,0.36,0.00,0.00,0.00,0.00,0.00,0.32
47,"4s_3s","OCLow","Intn1",255,0.00,0.00,0.00,9.36,0.00,0.38,9.31,4.86,0.00,0.31,0.00,0.00,0.00,0.00,0.00,0.28
48,"Patnt","OCLow","Intn1",5,0.00,0.00,0.00,0.00,0.00,0.00,0.00,0.00,0.00,0.00,0.00,0.00,0.00,0.00,0.00,0.00
48,"Patnt","OCLow","Intn1",15,0.00,0.00,0.00,0.12,0.00,3.06670270433881e-03,0.70,0.53,0.00,2.52970557699556e-03,0.00,0.00,0.00,0.00,0.00,8.59801769245373e-04
48,"Patnt","OCLow","Intn1",25,0.00,0.00,0.00,0.71,0.00,0.01,1.84,1.39,0.00,0.01,0.00,0.00,0.00,0.00,0.00,4.44322158970837e-03
48,"Patnt","OCLow","Intn1",35,0.00,0.00,0.00,1.95,0.00,0.04,3.56,2.69,0.00,0.04,0.00,0.00,0.00,0.00,0.00,0.01
48,"Patnt","OCLow","Intn1",45,0.00,0.00,0.00,3.72,0.00,0.08,5.91,4.47,0.00,0.09,0.00,0.00,0.00,0.00,0.00,0.02
48,"Patnt","OCLow","Intn1",55,0.00,0.00,0.00,5.84,0.00,0.13,8.86,6.70,0.00,0.17,0.00,0.00,0.00,0.00,0.00,0.05
48,"Patnt","OCLow","Intn1",65,0.00,0.00,0.00,8.16,0.00,0.18,12.18,9.21,0.00,0.28,0.00,0.00,0.00,0.00,0.00,0.09
48,"Patnt","OCLow","Intn1",75,0.00,0.00,0.00,10.54,0.00,0.23,15.53,11.75,0.00,0.40,0.00,0.00,0.00,0.00,0.00,0.13
48,"Patnt","OCLow","Intn1",85,0.00,0.00,0.00,12.82,0.00,0.28,18.58,14.06,0.00,0.51,0.00,0.00,0.00,0.00,0.00,0.18
48,"Patnt","OCLow","Intn1",95,0.00,0.00,0.00,14.79,0.00,0.32,20.99,15.88,0.00,0.61,0.00,0.00,0.00,0.00,0.00,0.23
48,"Patnt","OCLow","Intn1",105,0.00,0.00,0.00,16.26,0.00,0.35,22.51,17.04,0.00,0.68,0.00,0.00,0.00,0.00,0.00,0.27
48,"Patnt","OCLow","Intn1",115,0.00,0.00,0.00,17.13,0.00,0.36,23.03,17.42,0.00,0.71,0.00,0.00,0.00,0.00,0.00,0.30
48,"Patnt","OCLow","Intn1",125,0.00,0.00,0.00,17.33,0.00,0.36,22.52,17.04,0.00,0.71,0.00,0.00,0.00,0.00,0.00,0.32
48,"Patnt","OCLow","Intn1",135,0.00,0.00,0.00,16.88,0.00,0.34,21.11,15.98,0.00,0.67,0.00,0.00,0.00,0.00,0.00,0.33
48,"Patnt","OCLow","Intn1",145,0.00,0.00,0.00,15.84,0.00,0.31,19.01,14.38,0.00,0.61,0.00,0.00,0.00,0.00,0.00,0.32
48,"Patnt","OCLow","Intn1",155,0.00,0.00,0.00,14.35,0.00,0.28,16.46,12.45,0.00,0.54,0.00,0.00,0.00,0.00,0.00,0.29
48,"Patnt","OCLow","Intn1",165,0.00,0.00,0.00,12.56,0.00,0.24,13.72,10.38,0.00,0.45,0.00,0.00,0.00,0.00,0.00,0.26
48,"Patnt","OCLow","Intn1",175,0.00,0.00,0.00,10.63,0.00,0.19,11.03,8.34,0.00,0.37,0.00,0.00,0.00,0.00,0.00,0.22
48,"Patnt","OCLow","Intn1",185,0.00,0.00,0.00,8.70,0.00,0.16,8.55,6.47,0.00,0.29,0.00,0.00,0.00,0.00,0.00,0.18
48,"Patnt","OCLow","Intn1",195,0.00,0.00,0.00,6.90,0.00,0.12,6.40,4.84,0.00,0.22,0.00,0.00,0.00,0.00,0.00,0.14
48,"Patnt","OCLow","Intn1",205,0.00,0.00,0.00,5.29,0.00,0.09,4.63,3.50,0.00,0.16,0.00,0.00,0.00,0.00,0.00,0.11
48,"Patnt","OCLow","Intn1",215,0.00,0.00,0.00,3.94,0.00,0.06,3.23,2.45,0.00,0.11,0.00,0.00,0.00,0.00,0.00,0.08
48,"Patnt","OCLow","Intn1",225,0.00,0.00,0.00,2.84,0.00,0.04,2.18,1.65,0.00,0.07,0.00,0.00,0.00,0.00,0.00,0.05
48,"Patnt","OCLow","Intn1",235,0.00,0.00,0.00,1.98,0.00,0.03,1.43,1.08,0.00,0.05,0.00,0.00,0.00,0.00,0.00,0.04
48,"Patnt","OCLow","Intn1",245,0.00,0.00,0.00,1.34,0.00,0.02,0.90,0.68,0.00,0.03,0.00,0.00,0.00,0.00,0.00,0.02
48,"Patnt","OCLow","Intn1",255,0.00,0.00,0.00,0.88,0.00,0.01,0.55,0.42,0.00,0.02,0.00,0.00,0.00,0.00,0.00,0.01
49,"4s_3s","OCLow","Succ",5,0.00,0.00,0.00,0.00,0.00,0.00,0.00,0.00,0.00,0.00,0.00,0.00,0.00,0.00,0.00,0.00
49,"4s_3s","OCLow","Succ",15,0.00,0.00,0.00,0.23,0.00,0.01,2.21,1.15,0.00,6.88314502341392e-03,0.00,0.00,0.00,0.00,0.00,2.62822204831852e-03
49,"4s_3s","OCLow","Succ",25,0.00,0.00,0.00,1.27,0.00,0.08,5.24,2.73,0.00,0.03,0.00,0.00,0.00,0.00,0.00,0.01
49,"4s_3s","OCLow","Succ",35,0.00,0.00,0.00,3.11,0.00,0.20,8.97,4.68,0.00,0.09,0.00,0.00,0.00,0.00,0.00,0.03
49,"4s_3s","OCLow","Succ",45,0.00,0.00,0.00,5.27,0.00,0.33,13.23,6.90,0.00,0.18,0.00,0.00,0.00,0.00,0.00,0.06
49,"4s_3s","OCLow","Succ",55,0.00,0.00,0.00,7.40,0.00,0.45,17.77,9.27,0.00,0.31,0.00,0.00,0.00,0.00,0.00,0.10
49,"4s_3s","OCLow","Succ",65,0.00,0.00,0.00,9.42,0.00,0.57,22.25,11.61,0.00,0.44,0.00,0.00,0.00,0.00,0.00,0.16
49,"4s_3s","OCLow","Succ",75,0.00,0.00,0.00,11.31,0.00,0.67,26.35,13.75,0.00,0.58,0.00,0.00,0.00,0.00,0.00,0.22
49,"4s_3s","OCLow","Succ",85,0.00,0.00,0.00,13.02,0.00,0.76,29.85,15.57,0.00,0.71,0.00,0.00,0.00,0.00,0.00,0.28
49,"4s_3s","OCLow","Succ",95,0.00,0.00,0.00,14.51,0.00,0.83,32.59,17.00,0.00,0.82,0.00,0.00,0.00,0.00,0.00,0.35
49,"4s_3s","OCLow","Succ",105,0.00,0.00,0.00,15.76,0.00,0.89,34.50,18.00,0.00,0.90,0.00,0.00,0.00,0.00,0.00,0.41
49,"4s_3s","OCLow","Succ",115,0.00,0.00,0.00,16.73,0.00,0.93,35.57,18.55,0.00,0.95,0.00,0.00,0.00,0.00,0.00,0.46
49,"4s_3s","OCLow","Succ",125,0.00,0.00,0.00,17.43,0.00,0.95,35.82,18.69,0.00,0.98,0.00,0.00,0.00,0.00,0.00,0.50
49,"4s_3s","OCLow","Succ",135,0.00,0.00,0.00,17.86,0.00,0.95,35.33,18.43,0.00,0.98,0.00,0.00,0.00,0.00,0.00,0.53
49,"4s_3s","OCLow","Succ",145,0.00,0.00,0.00,18.02,0.00,0.94,34.20,17.84,0.00,0.95,0.00,0.00,0.00,0.00,0.00,0.55
49,"4s_3s","OCLow","Succ",155,0.00,0.00,0.00,17.93,0.00,0.92,32.53,16.97,0.00,0.92,0.00,0.00,0.00,0.00,0.00,0.56
49,"4s_3s","OCLow","Succ",165,0.00,0.00,0.00,17.62,0.00,0.88,30.45,15.88,0.00,0.87,0.00,0.00,0.00,0.00,0.00,0.56
49,"4s_3s","OCLow","Succ",175,0.00,0.00,0.00,17.11,0.00,0.84,28.07,14.64,0.00,0.81,0.00,0.00,0.00,0.00,0.00,0.55
49,"4s_3s","OCLow","Succ",185,0.00,0.00,0.00,16.43,0.00,0.79,25.52,13.31,0.00,0.75,0.00,0.00,0.00,0.00,0.00,0.53
49,"4s_3s","OCLow","Succ",195,0.00,0.00,0.00,15.60,0.00,0.73,22.90,11.95,0.00,0.68,0.00,0.00,0.00,0.00,0.00,0.50
49,"4s_3s","OCLow","Succ",205,0.00,0.00,0.00,14.67,0.00,0.67,20.29,10.58,0.00,0.61,0.00,0.00,0.00,0.00,0.00,0.47
49,"4s_3s","OCLow","Succ",215,0.00,0.00,0.00,13.66,0.00,0.61,17.76,9.26,0.00,0.54,0.00,0.00,0.00,0.00,0.00,0.44
49,"4s_3s","OCLow","Succ",225,0.00,0.00,0.00,12.60,0.00,0.55,15.36,8.01,0.00,0.48,0.00,0.00,0.00,0.00,0.00,0.40
49,"4s_3s","OCLow","Succ",235,0.00,0.00,0.00,11.51,0.00,0.49,13.14,6.85,0.00,0.42,0.00,0.00,0.00,0.00,0.00,0.36
49,"4s_3s","OCLow","Succ",245,0.00,0.00,0.00,10.43,0.00,0.43,11.12,5.80,0.00,0.36,0.00,0.00,0.00,0.00,0.00,0.32
49,"4s_3s","OCLow","Succ",255,0.00,0.00,0.00,9.36,0.00,0.38,9.31,4.86,0.00,0.31,0.00,0.00,0.00,0.00,0.00,0.28
50,"Patnt","OCLow","Succ",5,0.00,0.00,0.00,0.00,0.00,0.00,0.00,0.00,0.00,0.00,0.00,0.00,0.00,0.00,0.00,0.00
50,"Patnt","OCLow","Succ",15,0.00,0.00,0.00,0.12,0.00,3.06670270433881e-03,0.70,0.53,0.00,2.52970557699556e-03,0.00,0.00,0.00,0.00,0.00,8.59801769245373e-04
50,"Patnt","OCLow","Succ",25,0.00,0.00,0.00,0.71,0.00,0.01,1.84,1.39,0.00,0.01,0.00,0.00,0.00,0.00,0.00,4.44322158970837e-03
50,"Patnt","OCLow","Succ",35,0.00,0.00,0.00,1.95,0.00,0.04,3.56,2.69,0.00,0.04,0.00,0.00,0.00,0.00,0.00,0.01
50,"Patnt","OCLow","Succ",45,0.00,0.00,0.00,3.72,0.00,0.08,5.91,4.47,0.00,0.09,0.00,0.00,0.00,0.00,0.00,0.02
50,"Patnt","OCLow","Succ",55,0.00,0.00,0.00,5.84,0.00,0.13,8.86,6.70,0.00,0.17,0.00,0.00,0.00,0.00,0.00,0.05
50,"Patnt","OCLow","Succ",65,0.00,0.00,0.00,8.16,0.00,0.18,12.18,9.21,0.00,0.28,0.00,0.00,0.00,0.00,0.00,0.09
50,"Patnt","OCLow","Succ",75,0.00,0.00,0.00,10.54,0.00,0.23,15.53,11.75,0.00,0.40,0.00,0.00,0.00,0.00,0.00,0.13
50,"Patnt","OCLow","Succ",85,0.00,0.00,0.00,12.82,0.00,0.28,18.58,14.06,0.00,0.51,0.00,0.00,0.00,0.00,0.00,0.18
50,"Patnt","OCLow","Succ",95,0.00,0.00,0.00,14.79,0.00,0.32,20.99,15.88,0.00,0.61,0.00,0.00,0.00,0.00,0.00,0.23
50,"Patnt","OCLow","Succ",105,0.00,0.00,0.00,16.26,0.00,0.35,22.51,17.04,0.00,0.68,0.00,0.00,0.00,0.00,0.00,0.27
50,"Patnt","OCLow","Succ",115,0.00,0.00,0.00,17.13,0.00,0.36,23.03,17.42,0.00,0.71,0.00,0.00,0.00,0.00,0.00,0.30
50,"Patnt","OCLow","Succ",125,0.00,0.00,0.00,17.33,0.00,0.36,22.52,17.04,0.00,0.71,0.00,0.00,0.00,0.00,0.00,0.32
50,"Patnt","OCLow","Succ",135,0.00,0.00,0.00,16.88,0.00,0.34,21.11,15.98,0.00,0.67,0.00,0.00,0.00,0.00,0.00,0.33
50,"Patnt","OCLow","Succ",145,0.00,0.00,0.00,15.84,0.00,0.31,19.01,14.38,0.00,0.61,0.00,0.00,0.00,0.00,0.00,0.32
50,"Patnt","OCLow","Succ",155,0.00,0.00,0.00,14.35,0.00,0.28,16.46,12.45,0.00,0.54,0.00,0.00,0.00,0.00,0.00,0.29
50,"Patnt","OCLow","Succ",165,0.00,0.00,0.00,12.56,0.00,0.24,13.72,10.38,0.00,0.45,0.00,0.00,0.00,0.00,0.00,0.26
50,"Patnt","OCLow","Succ",175,0.00,0.00,0.00,10.63,0.00,0.19,11.03,8.34,0.00,0.37,0.00,0.00,0.00,0.00,0.00,0.22
50,"Patnt","OCLow","Succ",185,0.00,0.00,0.00,8.70,0.00,0.16,8.55,6.47,0.00,0.29,0.00,0.00,0.00,0.00,0.00,0.18
50,"Patnt","OCLow","Succ",195,0.00,0.00,0.00,6.90,0.00,0.12,6.40,4.84,0.00,0.22,0.00,0.00,0.00,0.00,0.00,0.14
50,"Patnt","OCLow","Succ",205,0.00,0.00,0.00,5.29,0.00,0.09,4.63,3.50,0.00,0.16,0.00,0.00,0.00,0.00,0.00,0.11
50,"Patnt","OCLow","Succ",215,0.00,0.00,0.00,3.94,0.00,0.06,3.23,2.45,0.00,0.11,0.00,0.00,0.00,0.00,0.00,0.08
50,"Patnt","OCLow","Succ",225,0.00,0.00,0.00,2.84,0.00,0.04,2.18,1.65,0.00,0.07,0.00,0.00,0.00,0.00,0.00,0.05
50,"Patnt","OCLow","Succ",235,0.00,0.00,0.00,1.98,0.00,0.03,1.43,1.08,0.00,0.05,0.00,0.00,0.00,0.00,0.00,0.04
50,"Patnt","OCLow","Succ",245,0.00,0.00,0.00,1.34,0.00,0.02,0.90,0.68,0.00,0.03,0.00,0.00,0.00,0.00,0.00,0.02
50,"Patnt","OCLow","Succ",255,0.00,0.00,0.00,0.88,0.00,0.01,0.55,0.42,0.00,0.02,0.00,0.00,0.00,0.00,0.00,0.01
51,"4s_3s","SbLow","Prsnt",5,0.00,0.00,0.00,0.00,0.00,0.00,0.00,0.00,0.00,0.00,0.00,0.00,0.00,0.00,0.00,0.00
51,"4s_3s","SbLow","Prsnt",15,0.00,0.00,0.08,1.34,0.00,0.01,0.22,0.45,0.00,0.01,0.00,4.98845308723265e-03,0.00,0.00,0.00,0.00
51,"4s_3s","SbLow","Prsnt",25,0.00,0.00,0.25,5.21,0.00,0.04,0.39,0.78,0.00,0.04,0.00,0.01,0.00,0.00,0.00,0.00
51,"4s_3s","SbLow","Prsnt",35,0.00,0.00,0.54,11.38,0.00,0.10,0.60,1.20,0.00,0.09,0.00,0.04,0.00,0.00,0.00,0.00
51,"4s_3s","SbLow","Prsnt",45,0.00,0.00,1.00,19.08,0.00,0.16,0.88,1.76,0.00,0.19,0.00,0.08,0.00,0.00,0.00,0.00
51,"4s_3s","SbLow","Prsnt",55,0.00,0.00,1.63,27.55,0.00,0.23,1.21,2.43,0.00,0.32,0.00,0.15,0.00,0.00,0.00,0.00
51,"4s_3s","SbLow","Prsnt",65,0.00,0.00,2.39,36.12,0.00,0.30,1.57,3.14,0.00,0.48,0.00,0.24,0.00,0.00,0.00,0.00
51,"4s_3s","SbLow","Prsnt",75,0.00,0.00,3.19,44.28,0.00,0.37,1.89,3.79,0.00,0.65,0.00,0.34,0.00,0.00,0.00,0.00
51,"4s_3s","SbLow","Prsnt",85,0.00,0.00,3.95,51.59,0.00,0.42,2.17,4.35,0.00,0.80,0.00,0.44,0.00,0.00,0.00,0.00
51,"4s_3s","SbLow","Prsnt",95,0.00,0.00,4.58,57.73,0.00,0.46,2.38,4.77,0.00,0.92,0.00,0.53,0.00,0.00,0.00,0.00
51,"4s_3s","SbLow","Prsnt",105,0.00,0.00,5.05,62.48,0.00,0.49,2.51,5.03,0.00,1.01,0.00,0.61,0.00,0.00,0.00,0.00
51,"4s_3s","SbLow","Prsnt",115,0.00,0.00,5.31,65.73,0.00,0.51,2.57,5.14,0.00,1.05,0.00,0.67,0.00,0.00,0.00,0.00
51,"4s_3s","SbLow","Prsnt",125,0.00,0.00,5.37,67.43,0.00,0.51,2.55,5.10,0.00,1.07,0.00,0.71,0.00,0.00,0.00,0.00
51,"4s_3s","SbLow","Prsnt",135,0.00,0.00,5.24,67.63,0.00,0.51,2.46,4.92,0.00,1.04,0.00,0.73,0.00,0.00,0.00,0.00
51,"4s_3s","SbLow","Prsnt",145,0.00,0.00,4.95,66.44,0.00,0.49,2.32,4.64,0.00,0.99,0.00,0.72,0.00,0.00,0.00,0.00
51,"4s_3s","SbLow","Prsnt",155,0.00,0.00,4.54,64.03,0.00,0.46,2.13,4.27,0.00,0.93,0.00,0.70,0.00,0.00,0.00,0.00
51,"4s_3s","SbLow","Prsnt",165,0.00,0.00,4.05,60.58,0.00,0.43,1.92,3.85,0.00,0.84,0.00,0.66,0.00,0.00,0.00,0.00
51,"4s_3s","SbLow","Prsnt",175,0.00,0.00,3.52,56.33,0.00,0.39,1.70,3.40,0.00,0.75,0.00,0.61,0.00,0.00,0.00,0.00
51,"4s_3s","SbLow","Prsnt",185,0.00,0.00,2.99,51.50,0.00,0.35,1.47,2.94,0.00,0.66,0.00,0.55,0.00,0.00,0.00,0.00
51,"4s_3s","SbLow","Prsnt",195,0.00,0.00,2.48,46.32,0.00,0.30,1.25,2.50,0.00,0.57,0.00,0.49,0.00,0.00,0.00,0.00
51,"4s_3s","SbLow","Prsnt",205,0.00,0.00,2.02,41.00,0.00,0.26,1.04,2.08,0.00,0.48,0.00,0.43,0.00,0.00,0.00,0.00
51,"4s_3s","SbLow","Prsnt",215,0.00,0.00,1.61,35.73,0.00,0.22,0.85,1.71,0.00,0.40,0.00,0.36,0.00,0.00,0.00,0.00
51,"4s_3s","SbLow","Prsnt",225,0.00,0.00,1.26,30.66,0.00,0.19,0.68,1.37,0.00,0.33,0.00,0.31,0.00,0.00,0.00,0.00
51,"4s_3s","SbLow","Prsnt",235,0.00,0.00,0.96,25.92,0.00,0.15,0.54,1.08,0.00,0.26,0.00,0.25,0.00,0.00,0.00,0.00
51,"4s_3s","SbLow","Prsnt",245,0.00,0.00,0.72,21.58,0.00,0.12,0.42,0.84,0.00,0.21,0.00,0.21,0.00,0.00,0.00,0.00
51,"4s_3s","SbLow","Prsnt",255,0.00,0.00,0.53,17.71,0.00,0.10,0.32,0.64,0.00,0.16,0.00,0.16,0.00,0.00,0.00,0.00
52,"Patnt","SbLow","Prsnt",5,0.00,0.00,0.00,0.00,0.00,0.00,0.00,0.00,0.00,0.00,0.00,0.00,0.00,0.00,0.00,0.00
52,"Patnt","SbLow","Prsnt",15,0.00,0.00,0.05,0.89,0.00,8.50211954768455e-03,0.15,0.30,0.00,7.29243407988661e-03,0.00,3.34328010779982e-03,0.00,0.00,0.00,0.00
52,"Patnt","SbLow","Prsnt",25,0.00,0.00,0.18,3.79,0.00,0.03,0.28,0.57,0.00,0.02,0.00,0.01,0.00,0.00,0.00,0.00
52,"Patnt","SbLow","Prsnt",35,0.00,0.00,0.42,8.88,0.00,0.08,0.47,0.94,0.00,0.07,0.00,0.03,0.00,0.00,0.00,0.00
52,"Patnt","SbLow","Prsnt",45,0.00,0.00,0.83,15.86,0.00,0.14,0.73,1.46,0.00,0.15,0.00,0.07,0.00,0.00,0.00,0.00
52,"Patnt","SbLow","Prsnt",55,0.00,0.00,1.43,24.18,0.00,0.21,1.06,2.13,0.00,0.28,0.00,0.13,0.00,0.00,0.00,0.00
52,"Patnt","SbLow","Prsnt",65,0.00,0.00,2.20,33.16,0.00,0.28,1.44,2.88,0.00,0.44,0.00,0.22,0.00,0.00,0.00,0.00
52,"Patnt","SbLow","Prsnt",75,0.00,0.00,3.04,42.15,0.00,0.35,1.80,3.61,0.00,0.61,0.00,0.32,0.00,0.00,0.00,0.00
52,"Patnt","SbLow","Prsnt",85,0.00,0.00,3.86,50.47,0.00,0.41,2.12,4.25,0.00,0.78,0.00,0.43,0.00,0.00,0.00,0.00
52,"Patnt","SbLow","Prsnt",95,0.00,0.00,4.57,57.53,0.00,0.46,2.37,4.75,0.00,0.92,0.00,0.53,0.00,0.00,0.00,0.00
52,"Patnt","SbLow","Prsnt",105,0.00,0.00,5.08,62.85,0.00,0.50,2.53,5.06,0.00,1.01,0.00,0.61,0.00,0.00,0.00,0.00
52,"Patnt","SbLow","Prsnt",115,0.00,0.00,5.35,66.15,0.00,0.51,2.58,5.17,0.00,1.06,0.00,0.67,0.00,0.00,0.00,0.00
52,"Patnt","SbLow","Prsnt",125,0.00,0.00,5.36,67.29,0.00,0.51,2.54,5.09,0.00,1.06,0.00,0.71,0.00,0.00,0.00,0.00
52,"Patnt","SbLow","Prsnt",135,0.00,0.00,5.14,66.33,0.00,0.50,2.41,4.83,0.00,1.02,0.00,0.71,0.00,0.00,0.00,0.00
52,"Patnt","SbLow","Prsnt",145,0.00,0.00,4.73,63.48,0.00,0.46,2.21,4.43,0.00,0.95,0.00,0.69,0.00,0.00,0.00,0.00
52,"Patnt","SbLow","Prsnt",155,0.00,0.00,4.19,59.06,0.00,0.42,1.97,3.94,0.00,0.85,0.00,0.64,0.00,0.00,0.00,0.00
52,"Patnt","SbLow","Prsnt",165,0.00,0.00,3.58,53.47,0.00,0.37,1.70,3.40,0.00,0.74,0.00,0.58,0.00,0.00,0.00,0.00
52,"Patnt","SbLow","Prsnt",175,0.00,0.00,2.95,47.15,0.00,0.32,1.42,2.84,0.00,0.63,0.00,0.51,0.00,0.00,0.00,0.00
52,"Patnt","SbLow","Prsnt",185,0.00,0.00,2.35,40.51,0.00,0.27,1.15,2.31,0.00,0.52,0.00,0.43,0.00,0.00,0.00,0.00
52,"Patnt","SbLow","Prsnt",195,0.00,0.00,1.82,33.94,0.00,0.22,0.91,1.83,0.00,0.41,0.00,0.36,0.00,0.00,0.00,0.00
52,"Patnt","SbLow","Prsnt",205,0.00,0.00,1.36,27.74,0.00,0.18,0.70,1.41,0.00,0.32,0.00,0.29,0.00,0.00,0.00,0.00
52,"Patnt","SbLow","Prsnt",215,0.00,0.00,0.99,22.12,0.00,0.14,0.52,1.05,0.00,0.25,0.00,0.22,0.00,0.00,0.00,0.00
52,"Patnt","SbLow","Prsnt",225,0.00,0.00,0.70,17.22,0.00,0.10,0.38,0.77,0.00,0.18,0.00,0.17,0.00,0.00,0.00,0.00
52,"Patnt","SbLow","Prsnt",235,0.00,0.00,0.48,13.08,0.00,0.07,0.27,0.55,0.00,0.13,0.00,0.13,0.00,0.00,0.00,0.00
52,"Patnt","SbLow","Prsnt",245,0.00,0.00,0.32,9.71,0.00,0.05,0.19,0.38,0.00,0.09,0.00,0.09,0.00,0.00,0.00,0.00
52,"Patnt","SbLow","Prsnt",255,0.00,0.00,0.21,7.03,0.00,0.04,0.12,0.25,0.00,0.06,0.00,0.06,0.00,0.00,0.00,0.00
53,"4s_3s","SbLow","Exten",5,0.00,0.00,0.00,0.00,0.00,0.00,0.00,0.00,0.00,0.00,0.00,0.00,0.00,0.00,0.00,0.00
53,"4s_3s","SbLow","Exten",15,0.00,0.00,0.08,1.34,0.00,0.01,0.22,0.45,0.00,0.01,0.00,4.98845308723265e-03,0.00,0.00,0.00,0.00
53,"4s_3s","SbLow","Exten",25,0.00,0.00,0.25,5.21,0.00,0.04,0.39,0.78,0.00,0.04,0.00,0.01,0.00,0.00,0.00,0.00
53,"4s_3s","SbLow","Exten",35,0.00,0.00,0.54,11.38,0.00,0.10,0.60,1.20,0.00,0.09,0.00,0.04,0.00,0.00,0.00,0.00
53,"4s_3s","SbLow","Exten",45,0.00,0.00,1.00,19.08,0.00,0.16,0.88,1.76,0.00,0.19,0.00,0.08,0.00,0.00,0.00,0.00
53,"4s_3s","SbLow","Exten",55,0.00,0.00,1.63,27.55,0.00,0.23,1.21,2.43,0.00,0.32,0.00,0.15,0.00,0.00,0.00,0.00
53,"4s_3s","SbLow","Exten",65,0.00,0.00,2.39,36.12,0.00,0.30,1.57,3.14,0.00,0.48,0.00,0.24,0.00,0.00,0.00,0.00
53,"4s_3s","SbLow","Exten",75,0.00,0.00,3.19,44.28,0.00,0.37,1.89,3.79,0.00,0.65,0.00,0.34,0.00,0.00,0.00,0.00
53,"4s_3s","SbLow","Exten",85,0.00,0.00,3.95,51.59,0.00,0.42,2.17,4.35,0.00,0.80,0.00,0.44,0.00,0.00,0.00,0.00
53,"4s_3s","SbLow","Exten",95,0.00,0.00,4.58,57.73,0.00,0.46,2.38,4.77,0.00,0.92,0.00,0.53,0.00,0.00,0.00,0.00
53,"4s_3s","SbLow","Exten",105,0.00,0.00,5.05,62.48,0.00,0.49,2.51,5.03,0.00,1.01,0.00,0.61,0.00,0.00,0.00,0.00
53,"4s_3s","SbLow","Exten",115,0.00,0.00,5.31,65.73,0.00,0.51,2.57,5.14,0.00,1.05,0.00,0.67,0.00,0.00,0.00,0.00
53,"4s_3s","SbLow","Exten",125,0.00,0.00,5.37,67.43,0.00,0.51,2.55,5.10,0.00,1.07,0.00,0.71,0.00,0.00,0.00,0.00
53,"4s_3s","SbLow","Exten",135,0.00,0.00,5.24,67.63,0.00,0.51,2.46,4.92,0.00,1.04,0.00,0.73,0.00,0.00,0.00,0.00
53,"4s_3s","SbLow","Exten",145,0.00,0.00,4.95,66.44,0.00,0.49,2.32,4.64,0.00,0.99,0.00,0.72,0.00,0.00,0.00,0.00
53,"4s_3s","SbLow","Exten",155,0.00,0.00,4.54,64.03,0.00,0.46,2.13,4.27,0.00,0.93,0.00,0.70,0.00,0.00,0.00,0.00
53,"4s_3s","SbLow","Exten",165,0.00,0.00,4.05,60.58,0.00,0.43,1.92,3.85,0.00,0.84,0.00,0.66,0.00,0.00,0.00,0.00
53,"4s_3s","SbLow","Exten",175,0.00,0.00,3.52,56.33,0.00,0.39,1.70,3.40,0.00,0.75,0.00,0.61,0.00,0.00,0.00,0.00
53,"4s_3s","SbLow","Exten",185,0.00,0.00,2.99,51.50,0.00,0.35,1.47,2.94,0.00,0.66,0.00,0.55,0.00,0.00,0.00,0.00
53,"4s_3s","SbLow","Exten",195,0.00,0.00,2.48,46.32,0.00,0.30,1.25,2.50,0.00,0.57,0.00,0.49,0.00,0.00,0.00,0.00
53,"4s_3s","SbLow","Exten",205,0.00,0.00,2.02,41.00,0.00,0.26,1.04,2.08,0.00,0.48,0.00,0.43,0.00,0.00,0.00,0.00
53,"4s_3s","SbLow","Exten",215,0.00,0.00,1.61,35.73,0.00,0.22,0.85,1.71,0.00,0.40,0.00,0.36,0.00,0.00,0.00,0.00
53,"4s_3s","SbLow","Exten",225,0.00,0.00,1.26,30.66,0.00,0.19,0.68,1.37,0.00,0.33,0.00,0.31,0.00,0.00,0.00,0.00
53,"4s_3s","SbLow","Exten",235,0.00,0.00,0.96,25.92,0.00,0.15,0.54,1.08,0.00,0.26,0.00,0.25,0.00,0.00,0.00,0.00
53,"4s_3s","SbLow","Exten",245,0.00,0.00,0.72,21.58,0.00,0.12,0.42,0.84,0.00,0.21,0.00,0.21,0.00,0.00,0.00,0.00
53,"4s_3s","SbLow","Exten",255,0.00,0.00,0.53,17.71,0.00,0.10,0.32,0.64,0.00,0.16,0.00,0.16,0.00,0.00,0.00,0.00
54,"Patnt","SbLow","Exten",5,0.00,0.00,0.00,0.00,0.00,0.00,0.00,0.00,0.00,0.00,0.00,0.00,0.00,0.00,0.00,0.00
54,"Patnt","SbLow","Exten",15,0.00,0.00,0.05,0.89,0.00,8.50211954768455e-03,0.15,0.30,0.00,7.29243407988661e-03,0.00,3.34328010779982e-03,0.00,0.00,0.00,0.00
54,"Patnt","SbLow","Exten",25,0.00,0.00,0.18,3.79,0.00,0.03,0.28,0.57,0.00,0.02,0.00,0.01,0.00,0.00,0.00,0.00
54,"Patnt","SbLow","Exten",35,0.00,0.00,0.42,8.88,0.00,0.08,0.47,0.94,0.00,0.07,0.00,0.03,0.00,0.00,0.00,0.00
54,"Patnt","SbLow","Exten",45,0.00,0.00,0.83,15.86,0.00,0.14,0.73,1.46,0.00,0.15,0.00,0.07,0.00,0.00,0.00,0.00
54,"Patnt","SbLow","Exten",55,0.00,0.00,1.43,24.18,0.00,0.21,1.06,2.13,0.00,0.28,0.00,0.13,0.00,0.00,0.00,0.00
54,"Patnt","SbLow","Exten",65,0.00,0.00,2.20,33.16,0.00,0.28,1.44,2.88,0.00,0.44,0.00,0.22,0.00,0.00,0.00,0.00
54,"Patnt","SbLow","Exten",75,0.00,0.00,3.04,42.15,0.00,0.35,1.80,3.61,0.00,0.61,0.00,0.32,0.00,0.00,0.00,0.00
54,"Patnt","SbLow","Exten",85,0.00,0.00,3.86,50.47,0.00,0.41,2.12,4.25,0.00,0.78,0.00,0.43,0.00,0.00,0.00,0.00
54,"Patnt","SbLow","Exten",95,0.00,0.00,4.57,57.53,0.00,0.46,2.37,4.75,0.00,0.92,0.00,0.53,0.00,0.00,0.00,0.00
54,"Patnt","SbLow","Exten",105,0.00,0.00,5.08,62.85,0.00,0.50,2.53,5.06,0.00,1.01,0.00,0.61,0.00,0.00,0.00,0.00
54,"Patnt","SbLow","Exten",115,0.00,0.00,5.35,66.15,0.00,0.51,2.58,5.17,0.00,1.06,0.00,0.67,0.00,0.00,0.00,0.00
54,"Patnt","SbLow","Exten",125,0.00,0.00,5.36,67.29,0.00,0.51,2.54,5.09,0.00,1.06,0.00,0.71,0.00,0.00,0.00,0.00
54,"Patnt","SbLow","Exten",135,0.00,0.00,5.14,66.33,0.00,0.50,2.41,4.83,0.00,1.02,0.00,0.71,0.00,0.00,0.00,0.00
54,"Patnt","SbLow","Exten",145,0.00,0.00,4.73,63.48,0.00,0.46,2.21,4.43,0.00,0.95,0.00,0.69,0.00,0.00,0.00,0.00
54,"Patnt","SbLow","Exten",155,0.00,0.00,4.19,59.06,0.00,0.42,1.97,3.94,0.00,0.85,0.00,0.64,0.00,0.00,0.00,0.00
54,"Patnt","SbLow","Exten",165,0.00,0.00,3.58,53.47,0.00,0.37,1.70,3.40,0.00,0.74,0.00,0.58,0.00,0.00,0.00,0.00
54,"Patnt","SbLow","Exten",175,0.00,0.00,2.95,47.15,0.00,0.32,1.42,2.84,0.00,0.63,0.00,0.51,0.00,0.00,0.00,0.00
54,"Patnt","SbLow","Exten",185,0.00,0.00,2.35,40.51,0.00,0.27,1.15,2.31,0.00,0.52,0.00,0.43,0.00,0.00,0.00,0.00
54,"Patnt","SbLow","Exten",195,0.00,0.00,1.82,33.94,0.00,0.22,0.91,1.83,0.00,0.41,0.00,0.36,0.00,0.00,0.00,0.00
54,"Patnt","SbLow","Exten",205,0.00,0.00,1.36,27.74,0.00,0.18,0.70,1.41,0.00,0.32,0.00,0.29,0.00,0.00,0.00,0.00
54,"Patnt","SbLow","Exten",215,0.00,0.00,0.99,22.12,0.00,0.14,0.52,1.05,0.00,0.25,0.00,0.22,0.00,0.00,0.00,0.00
54,"Patnt","SbLow","Exten",225,0.00,0.00,0.70,17.22,0.00,0.10,0.38,0.77,0.00,0.18,0.00,0.17,0.00,0.00,0.00,0.00
54,"Patnt","SbLow","Exten",235,0.00,0.00,0.48,13.08,0.00,0.07,0.27,0.55,0.00,0.13,0.00,0.13,0.00,0.00,0.00,0.00
54,"Patnt","SbLow","Exten",245,0.00,0.00,0.32,9.71,0.00,0.05,0.19,0.38,0.00,0.09,0.00,0.09,0.00,0.00,0.00,0.00
54,"Patnt","SbLow","Exten",255,0.00,0.00,0.21,7.03,0.00,0.04,0.12,0.25,0.00,0.06,0.00,0.06,0.00,0.00,0.00,0.00
55,"4s_3s","SbLow","Basc1",5,0.00,0.00,0.00,0.00,0.00,0.00,0.00,0.00,0.00,0.00,0.00,0.00,0.00,0.00,0.00,0.00
55,"4s_3s","SbLow","Basc1",15,0.00,0.00,0.08,1.34,0.00,0.01,0.22,0.45,0.00,0.01,0.00,4.98845308723265e-03,0.00,0.00,0.00,0.00
55,"4s_3s","SbLow","Basc1",25,0.00,0.00,0.25,5.21,0.00,0.04,0.39,0.78,0.00,0.04,0.00,0.01,0.00,0.00,0.00,0.00
55,"4s_3s","SbLow","Basc1",35,0.00,0.00,0.54,11.38,0.00,0.10,0.60,1.20,0.00,0.09,0.00,0.04,0.00,0.00,0.00,0.00
55,"4s_3s","SbLow","Basc1",45,0.00,0.00,1.00,19.08,0.00,0.16,0.88,1.76,0.00,0.19,0.00,0.08,0.00,0.00,0.00,0.00
55,"4s_3s","SbLow","Basc1",55,0.00,0.00,1.63,27.55,0.00,0.23,1.21,2.43,0.00,0.32,0.00,0.15,0.00,0.00,0.00,0.00
55,"4s_3s","SbLow","Basc1",65,0.00,0.00,2.39,36.12,0.00,0.30,1.57,3.14,0.00,0.48,0.00,0.24,0.00,0.00,0.00,0.00
55,"4s_3s","SbLow","Basc1",75,0.00,0.00,3.19,44.28,0.00,0.37,1.89,3.79,0.00,0.65,0.00,0.34,0.00,0.00,0.00,0.00
55,"4s_3s","SbLow","Basc1",85,0.00,0.00,3.95,51.59,0.00,0.42,2.17,4.35,0.00,0.80,0.00,0.44,0.00,0.00,0.00,0.00
55,"4s_3s","SbLow","Basc1",95,0.00,0.00,4.58,57.73,0.00,0.46,2.38,4.77,0.00,0.92,0.00,0.53,0.00,0.00,0.00,0.00
55,"4s_3s","SbLow","Basc1",105,0.00,0.00,5.05,62.48,0.00,0.49,2.51,5.03,0.00,1.01,0.00,0.61,0.00,0.00,0.00,0.00
55,"4s_3s","SbLow","Basc1",115,0.00,0.00,5.31,65.73,0.00,0.51,2.57,5.14,0.00,1.05,0.00,0.67,0.00,0.00,0.00,0.00
55,"4s_3s","SbLow","Basc1",125,0.00,0.00,5.37,67.43,0.00,0.51,2.55,5.10,0.00,1.07,0.00,0.71,0.00,0.00,0.00,0.00
55,"4s_3s","SbLow","Basc1",135,0.00,0.00,5.24,67.63,0.00,0.51,2.46,4.92,0.00,1.04,0.00,0.73,0.00,0.00,0.00,0.00
55,"4s_3s","SbLow","Basc1",145,0.00,0.00,4.95,66.44,0.00,0.49,2.32,4.64,0.00,0.99,0.00,0.72,0.00,0.00,0.00,0.00
55,"4s_3s","SbLow","Basc1",155,0.00,0.00,4.54,64.03,0.00,0.46,2.13,4.27,0.00,0.93,0.00,0.70,0.00,0.00,0.00,0.00
55,"4s_3s","SbLow","Basc1",165,0.00,0.00,4.05,60.58,0.00,0.43,1.92,3.85,0.00,0.84,0.00,0.66,0.00,0.00,0.00,0.00
55,"4s_3s","SbLow","Basc1",175,0.00,0.00,3.52,56.33,0.00,0.39,1.70,3.40,0.00,0.75,0.00,0.61,0.00,0.00,0.00,0.00
55,"4s_3s","SbLow","Basc1",185,0.00,0.00,2.99,51.50,0.00,0.35,1.47,2.94,0.00,0.66,0.00,0.55,0.00,0.00,0.00,0.00
55,"4s_3s","SbLow","Basc1",195,0.00,0.00,2.48,46.32,0.00,0.30,1.25,2.50,0.00,0.57,0.00,0.49,0.00,0.00,0.00,0.00
55,"4s_3s","SbLow","Basc1",205,0.00,0.00,2.02,41.00,0.00,0.26,1.04,2.08,0.00,0.48,0.00,0.43,0.00,0.00,0.00,0.00
55,"4s_3s","SbLow","Basc1",215,0.00,0.00,1.61,35.73,0.00,0.22,0.85,1.71,0.00,0.40,0.00,0.36,0.00,0.00,0.00,0.00
55,"4s_3s","SbLow","Basc1",225,0.00,0.00,1.26,30.66,0.00,0.19,0.68,1.37,0.00,0.33,0.00,0.31,0.00,0.00,0.00,0.00
55,"4s_3s","SbLow","Basc1",235,0.00,0.00,0.96,25.92,0.00,0.15,0.54,1.08,0.00,0.26,0.00,0.25,0.00,0.00,0.00,0.00
55,"4s_3s","SbLow","Basc1",245,0.00,0.00,0.72,21.58,0.00,0.12,0.42,0.84,0.00,0.21,0.00,0.21,0.00,0.00,0.00,0.00
55,"4s_3s","SbLow","Basc1",255,0.00,0.00,0.53,17.71,0.00,0.10,0.32,0.64,0.00,0.16,0.00,0.16,0.00,0.00,0.00,0.00
56,"Patnt","SbLow","Basc1",5,0.00,0.00,0.00,0.00,0.00,0.00,0.00,0.00,0.00,0.00,0.00,0.00,0.00,0.00,0.00,0.00
56,"Patnt","SbLow","Basc1",15,0.00,0.00,0.05,0.89,0.00,8.50211954768455e-03,0.15,0.30,0.00,7.29243407988661e-03,0.00,3.34328010779982e-03,0.00,0.00,0.00,0.00
56,"Patnt","SbLow","Basc1",25,0.00,0.00,0.18,3.79,0.00,0.03,0.28,0.57,0.00,0.02,0.00,0.01,0.00,0.00,0.00,0.00
56,"Patnt","SbLow","Basc1",35,0.00,0.00,0.42,8.88,0.00,0.08,0.47,0.94,0.00,0.07,0.00,0.03,0.00,0.00,0.00,0.00
56,"Patnt","SbLow","Basc1",45,0.00,0.00,0.83,15.86,0.00,0.14,0.73,1.46,0.00,0.15,0.00,0.07,0.00,0.00,0.00,0.00
56,"Patnt","SbLow","Basc1",55,0.00,0.00,1.43,24.18,0.00,0.21,1.06,2.13,0.00,0.28,0.00,0.13,0.00,0.00,0.00,0.00
56,"Patnt","SbLow","Basc1",65,0.00,0.00,2.20,33.16,0.00,0.28,1.44,2.88,0.00,0.44,0.00,0.22,0.00,0.00,0.00,0.00
56,"Patnt","SbLow","Basc1",75,0.00,0.00,3.04,42.15,0.00,0.35,1.80,3.61,0.00,0.61,0.00,0.32,0.00,0.00,0.00,0.00
56,"Patnt","SbLow","Basc1",85,0.00,0.00,3.86,50.47,0.00,0.41,2.12,4.25,0.00,0.78,0.00,0.43,0.00,0.00,0.00,0.00
56,"Patnt","SbLow","Basc1",95,0.00,0.00,4.57,57.53,0.00,0.46,2.37,4.75,0.00,0.92,0.00,0.53,0.00,0.00,0.00,0.00
56,"Patnt","SbLow","Basc1",105,0.00,0.00,5.08,62.85,0.00,0.50,2.53,5.06,0.00,1.01,0.00,0.61,0.00,0.00,0.00,0.00
56,"Patnt","SbLow","Basc1",115,0.00,0.00,5.35,66.15,0.00,0.51,2.58,5.17,0.00,1.06,0.00,0.67,0.00,0.00,0.00,0.00
56,"Patnt","SbLow","Basc1",125,0.00,0.00,5.36,67.29,0.00,0.51,2.54,5.09,0.00,1.06,0.00,0.71,0.00,0.00,0.00,0.00
56,"Patnt","SbLow","Basc1",135,0.00,0.00,5.14,66.33,0.00,0.50,2.41,4.83,0.00,1.02,0.00,0.71,0.00,0.00,0.00,0.00
56,"Patnt","SbLow","Basc1",145,0.00,0.00,4.73,63.48,0.00,0.46,2.21,4.43,0.00,0.95,0.00,0.69,0.00,0.00,0.00,0.00
56,"Patnt","SbLow","Basc1",155,0.00,0.00,4.19,59.06,0.00,0.42,1.97,3.94,0.00,0.85,0.00,0.64,0.00,0.00,0.00,0.00
56,"Patnt","SbLow","Basc1",165,0.00,0.00,3.58,53.47,0.00,0.37,1.70,3.40,0.00,0.74,0.00,0.58,0.00,0.00,0.00,0.00
56,"Patnt","SbLow","Basc1",175,0.00,0.00,2.95,47.15,0.00,0.32,1.42,2.84,0.00,0.63,0.00,0.51,0.00,0.00,0.00,0.00
56,"Patnt","SbLow","Basc1",185,0.00,0.00,2.35,40.51,0.00,0.27,1.15,2.31,0.00,0.52,0.00,0.43,0.00,0.00,0.00,0.00
56,"Patnt","SbLow","Basc1",195,0.00,0.00,1.82,33.94,0.00,0.22,0.91,1.83,0.00,0.41,0.00,0.36,0.00,0.00,0.00,0.00
56,"Patnt","SbLow","Basc1",205,0.00,0.00,1.36,27.74,0.00,0.18,0.70,1.41,0.00,0.32,0.00,0.29,0.00,0.00,0.00,0.00
56,"Patnt","SbLow","Basc1",215,0.00,0.00,0.99,22.12,0.00,0.14,0.52,1.05,0.00,0.25,0.00,0.22,0.00,0.00,0.00,0.00
56,"Patnt","SbLow","Basc1",225,0.00,0.00,0.70,17.22,0.00,0.10,0.38,0.77,0.00,0.18,0.00,0.17,0.00,0.00,0.00,0.00
56,"Patnt","SbLow","Basc1",235,0.00,0.00,0.48,13.08,0.00,0.07,0.27,0.55,0.00,0.13,0.00,0.13,0.00,0.00,0.00,0.00
56,"Patnt","SbLow","Basc1",245,0.00,0.00,0.32,9.71,0.00,0.05,0.19,0.38,0.00,0.09,0.00,0.09,0.00,0.00,0.00,0.00
56,"Patnt","SbLow","Basc1",255,0.00,0.00,0.21,7.03,0.00,0.04,0.12,0.25,0.00,0.06,0.00,0.06,0.00,0.00,0.00,0.00
57,"4s_3s","SbLow","Basc2",5,0.00,0.00,0.00,0.00,0.00,0.00,0.00,0.00,0.00,0.00,0.00,0.00,0.00,0.00,0.00,0.00
57,"4s_3s","SbLow","Basc2",15,0.00,0.00,0.08,1.34,0.00,0.01,0.22,0.45,0.00,0.01,0.00,4.98845308723265e-03,0.00,0.00,0.00,0.00
57,"4s_3s","SbLow","Basc2",25,0.00,0.00,0.25,5.21,0.00,0.04,0.39,0.78,0.00,0.04,0.00,0.01,0.00,0.00,0.00,0.00
57,"4s_3s","SbLow","Basc2",35,0.00,0.00,0.54,11.38,0.00,0.10,0.60,1.20,0.00,0.09,0.00,0.04,0.00,0.00,0.00,0.00
57,"4s_3s","SbLow","Basc2",45,0.00,0.00,1.00,19.08,0.00,0.16,0.88,1.76,0.00,0.19,0.00,0.08,0.00,0.00,0.00,0.00
57,"4s_3s","SbLow","Basc2",55,0.00,0.00,1.63,27.55,0.00,0.23,1.21,2.43,0.00,0.32,0.00,0.15,0.00,0.00,0.00,0.00
57,"4s_3s","SbLow","Basc2",65,0.00,0.00,2.39,36.12,0.00,0.30,1.57,3.14,0.00,0.48,0.00,0.24,0.00,0.00,0.00,0.00
57,"4s_3s","SbLow","Basc2",75,0.00,0.00,3.19,44.28,0.00,0.37,1.89,3.79,0.00,0.65,0.00,0.34,0.00,0.00,0.00,0.00
57,"4s_3s","SbLow","Basc2",85,0.00,0.00,3.95,51.59,0.00,0.42,2.17,4.35,0.00,0.80,0.00,0.44,0.00,0.00,0.00,0.00
57,"4s_3s","SbLow","Basc2",95,0.00,0.00,4.58,57.73,0.00,0.46,2.38,4.77,0.00,0.92,0.00,0.53,0.00,0.00,0.00,0.00
57,"4s_3s","SbLow","Basc2",105,0.00,0.00,5.05,62.48,0.00,0.49,2.51,5.03,0.00,1.01,0.00,0.61,0.00,0.00,0.00,0.00
57,"4s_3s","SbLow","Basc2",115,0.00,0.00,5.31,65.73,0.00,0.51,2.57,5.14,0.00,1.05,0.00,0.67,0.00,0.00,0.00,0.00
57,"4s_3s","SbLow","Basc2",125,0.00,0.00,5.37,67.43,0.00,0.51,2.55,5.10,0.00,1.07,0.00,0.71,0.00,0.00,0.00,0.00
57,"4s_3s","SbLow","Basc2",135,0.00,0.00,5.24,67.63,0.00,0.51,2.46,4.92,0.00,1.04,0.00,0.73,0.00,0.00,0.00,0.00
57,"4s_3s","SbLow","Basc2",145,0.00,0.00,4.95,66.44,0.00,0.49,2.32,4.64,0.00,0.99,0.00,0.72,0.00,0.00,0.00,0.00
57,"4s_3s","SbLow","Basc2",155,0.00,0.00,4.54,64.03,0.00,0.46,2.13,4.27,0.00,0.93,0.00,0.70,0.00,0.00,0.00,0.00
57,"4s_3s","SbLow","Basc2",165,0.00,0.00,4.05,60.58,0.00,0.43,1.92,3.85,0.00,0.84,0.00,0.66,0.00,0.00,0.00,0.00
57,"4s_3s","SbLow","Basc2",175,0.00,0.00,3.52,56.33,0.00,0.39,1.70,3.40,0.00,0.75,0.00,0.61,0.00,0.00,0.00,0.00
57,"4s_3s","SbLow","Basc2",185,0.00,0.00,2.99,51.50,0.00,0.35,1.47,2.94,0.00,0.66,0.00,0.55,0.00,0.00,0.00,0.00
57,"4s_3s","SbLow","Basc2",195,0.00,0.00,2.48,46.32,0.00,0.30,1.25,2.50,0.00,0.57,0.00,0.49,0.00,0.00,0.00,0.00
57,"4s_3s","SbLow","Basc2",205,0.00,0.00,2.02,41.00,0.00,0.26,1.04,2.08,0.00,0.48,0.00,0.43,0.00,0.00,0.00,0.00
57,"4s_3s","SbLow","Basc2",215,0.00,0.00,1.61,35.73,0.00,0.22,0.85,1.71,0.00,0.40,0.00,0.36,0.00,0.00,0.00,0.00
57,"4s_3s","SbLow","Basc2",225,0.00,0.00,1.26,30.66,0.00,0.19,0.68,1.37,0.00,0.33,0.00,0.31,0.00,0.00,0.00,0.00
57,"4s_3s","SbLow","Basc2",235,0.00,0.00,0.96,25.92,0.00,0.15,0.54,1.08,0.00,0.26,0.00,0.25,0.00,0.00,0.00,0.00
57,"4s_3s","SbLow","Basc2",245,0.00,0.00,0.72,21.58,0.00,0.12,0.42,0.84,0.00,0.21,0.00,0.21,0.00,0.00,0.00,0.00
57,"4s_3s","SbLow","Basc2",255,0.00,0.00,0.53,17.71,0.00,0.10,0.32,0.64,0.00,0.16,0.00,0.16,0.00,0.00,0.00,0.00
58,"Patnt","SbLow","Basc2",5,0.00,0.00,0.00,0.00,0.00,0.00,0.00,0.00,0.00,0.00,0.00,0.00,0.00,0.00,0.00,0.00
58,"Patnt","SbLow","Basc2",15,0.00,0.00,0.05,0.89,0.00,8.50211954768455e-03,0.15,0.30,0.00,7.29243407988661e-03,0.00,3.34328010779982e-03,0.00,0.00,0.00,0.00
58,"Patnt","SbLow","Basc2",25,0.00,0.00,0.18,3.79,0.00,0.03,0.28,0.57,0.00,0.02,0.00,0.01,0.00,0.00,0.00,0.00
58,"Patnt","SbLow","Basc2",35,0.00,0.00,0.42,8.88,0.00,0.08,0.47,0.94,0.00,0.07,0.00,0.03,0.00,0.00,0.00,0.00
58,"Patnt","SbLow","Basc2",45,0.00,0.00,0.83,15.86,0.00,0.14,0.73,1.46,0.00,0.15,0.00,0.07,0.00,0.00,0.00,0.00
58,"Patnt","SbLow","Basc2",55,0.00,0.00,1.43,24.18,0.00,0.21,1.06,2.13,0.00,0.28,0.00,0.13,0.00,0.00,0.00,0.00
58,"Patnt","SbLow","Basc2",65,0.00,0.00,2.20,33.16,0.00,0.28,1.44,2.88,0.00,0.44,0.00,0.22,0.00,0.00,0.00,0.00
58,"Patnt","SbLow","Basc2",75,0.00,0.00,3.04,42.15,0.00,0.35,1.80,3.61,0.00,0.61,0.00,0.32,0.00,0.00,0.00,0.00
58,"Patnt","SbLow","Basc2",85,0.00,0.00,3.86,50.47,0.00,0.41,2.12,4.25,0.00,0.78,0.00,0.43,0.00,0.00,0.00,0.00
58,"Patnt","SbLow","Basc2",95,0.00,0.00,4.57,57.53,0.00,0.46,2.37,4.75,0.00,0.92,0.00,0.53,0.00,0.00,0.00,0.00
58,"Patnt","SbLow","Basc2",105,0.00,0.00,5.08,62.85,0.00,0.50,2.53,5.06,0.00,1.01,0.00,0.61,0.00,0.00,0.00,0.00
58,"Patnt","SbLow","Basc2",115,0.00,0.00,5.35,66.15,0.00,0.51,2.58,5.17,0.00,1.06,0.00,0.67,0.00,0.00,0.00,0.00
58,"Patnt","SbLow","Basc2",125,0.00,0.00,5.36,67.29,0.00,0.51,2.54,5.09,0.00,1.06,0.00,0.71,0.00,0.00,0.00,0.00
58,"Patnt","SbLow","Basc2",135,0.00,0.00,5.14,66.33,0.00,0.50,2.41,4.83,0.00,1.02,0.00,0.71,0.00,0.00,0.00,0.00
58,"Patnt","SbLow","Basc2",145,0.00,0.00,4.73,63.48,0.00,0.46,2.21,4.43,0.00,0.95,0.00,0.69,0.00,0.00,0.00,0.00
58,"Patnt","SbLow","Basc2",155,0.00,0.00,4.19,59.06,0.00,0.42,1.97,3.94,0.00,0.85,0.00,0.64,0.00,0.00,0.00,0.00
58,"Patnt","SbLow","Basc2",165,0.00,0.00,3.58,53.47,0.00,0.37,1.70,3.40,0.00,0.74,0.00,0.58,0.00,0.00,0.00,0.00
58,"Patnt","SbLow","Basc2",175,0.00,0.00,2.95,47.15,0.00,0.32,1.42,2.84,0.00,0.63,0.00,0.51,0.00,0.00,0.00,0.00
58,"Patnt","SbLow","Basc2",185,0.00,0.00,2.35,40.51,0.00,0.27,1.15,2.31,0.00,0.52,0.00,0.43,0.00,0.00,0.00,0.00
58,"Patnt","SbLow","Basc2",195,0.00,0.00,1.82,33.94,0.00,0.22,0.91,1.83,0.00,0.41,0.00,0.36,0.00,0.00,0.00,0.00
58,"Patnt","SbLow","Basc2",205,0.00,0.00,1.36,27.74,0.00,0.18,0.70,1.41,0.00,0.32,0.00,0.29,0.00,0.00,0.00,0.00
58,"Patnt","SbLow","Basc2",215,0.00,0.00,0.99,22.12,0.00,0.14,0.52,1.05,0.00,0.25,0.00,0.22,0.00,0.00,0.00,0.00
58,"Patnt","SbLow","Basc2",225,0.00,0.00,0.70,17.22,0.00,0.10,0.38,0.77,0.00,0.18,0.00,0.17,0.00,0.00,0.00,0.00
58,"Patnt","SbLow","Basc2",235,0.00,0.00,0.48,13.08,0.00,0.07,0.27,0.55,0.00,0.13,0.00,0.13,0.00,0.00,0.00,0.00
58,"Patnt","SbLow","Basc2",245,0.00,0.00,0.32,9.71,0.00,0.05,0.19,0.38,0.00,0.09,0.00,0.09,0.00,0.00,0.00,0.00
58,"Patnt","SbLow","Basc2",255,0.00,0.00,0.21,7.03,0.00,0.04,0.12,0.25,0.00,0.06,0.00,0.06,0.00,0.00,0.00,0.00
59,"4s_3s","SbLow","Intn1",5,0.00,0.00,0.00,0.00,0.00,0.00,0.00,0.00,0.00,0.00,0.00,0.00,0.00,0.00,0.00,0.00
59,"4s_3s","SbLow","Intn1",15,0.00,0.00,0.08,1.34,0.00,0.01,0.22,0.45,0.00,0.01,0.00,4.98845308723265e-03,0.00,0.00,0.00,0.00
59,"4s_3s","SbLow","Intn1",25,0.00,0.00,0.25,5.21,0.00,0.04,0.39,0.78,0.00,0.04,0.00,0.01,0.00,0.00,0.00,0.00
59,"4s_3s","SbLow","Intn1",35,0.00,0.00,0.54,11.38,0.00,0.10,0.60,1.20,0.00,0.09,0.00,0.04,0.00,0.00,0.00,0.00
59,"4s_3s","SbLow","Intn1",45,0.00,0.00,1.00,19.08,0.00,0.16,0.88,1.76,0.00,0.19,0.00,0.08,0.00,0.00,0.00,0.00
59,"4s_3s","SbLow","Intn1",55,0.00,0.00,1.63,27.55,0.00,0.23,1.21,2.43,0.00,0.32,0.00,0.15,0.00,0.00,0.00,0.00
59,"4s_3s","SbLow","Intn1",65,0.00,0.00,2.39,36.12,0.00,0.30,1.57,3.14,0.00,0.48,0.00,0.24,0.00,0.00,0.00,0.00
59,"4s_3s","SbLow","Intn1",75,0.00,0.00,3.19,44.28,0.00,0.37,1.89,3.79,0.00,0.65,0.00,0.34,0.00,0.00,0.00,0.00
59,"4s_3s","SbLow","Intn1",85,0.00,0.00,3.95,51.59,0.00,0.42,2.17,4.35,0.00,0.80,0.00,0.44,0.00,0.00,0.00,0.00
59,"4s_3s","SbLow","Intn1",95,0.00,0.00,4.58,57.73,0.00,0.46,2.38,4.77,0.00,0.92,0.00,0.53,0.00,0.00,0.00,0.00
59,"4s_3s","SbLow","Intn1",105,0.00,0.00,5.05,62.48,0.00,0.49,2.51,5.03,0.00,1.01,0.00,0.61,0.00,0.00,0.00,0.00
59,"4s_3s","SbLow","Intn1",115,0.00,0.00,5.31,65.73,0.00,0.51,2.57,5.14,0.00,1.05,0.00,0.67,0.00,0.00,0.00,0.00
59,"4s_3s","SbLow","Intn1",125,0.00,0.00,5.37,67.43,0.00,0.51,2.55,5.10,0.00,1.07,0.00,0.71,0.00,0.00,0.00,0.00
59,"4s_3s","SbLow","Intn1",135,0.00,0.00,5.24,67.63,0.00,0.51,2.46,4.92,0.00,1.04,0.00,0.73,0.00,0.00,0.00,0.00
59,"4s_3s","SbLow","Intn1",145,0.00,0.00,4.95,66.44,0.00,0.49,2.32,4.64,0.00,0.99,0.00,0.72,0.00,0.00,0.00,0.00
59,"4s_3s","SbLow","Intn1",155,0.00,0.00,4.54,64.03,0.00,0.46,2.13,4.27,0.00,0.93,0.00,0.70,0.00,0.00,0.00,0.00
59,"4s_3s","SbLow","Intn1",165,0.00,0.00,4.05,60.58,0.00,0.43,1.92,3.85,0.00,0.84,0.00,0.66,0.00,0.00,0.00,0.00
59,"4s_3s","SbLow","Intn1",175,0.00,0.00,3.52,56.33,0.00,0.39,1.70,3.40,0.00,0.75,0.00,0.61,0.00,0.00,0.00,0.00
59,"4s_3s","SbLow","Intn1",185,0.00,0.00,2.99,51.50,0.00,0.35,1.47,2.94,0.00,0.66,0.00,0.55,0.00,0.00,0.00,0.00
59,"4s_3s","SbLow","Intn1",195,0.00,0.00,2.48,46.32,0.00,0.30,1.25,2.50,0.00,0.57,0.00,0.49,0.00,0.00,0.00,0.00
59,"4s_3s","SbLow","Intn1",205,0.00,0.00,2.02,41.00,0.00,0.26,1.04,2.08,0.00,0.48,0.00,0.43,0.00,0.00,0.00,0.00
59,"4s_3s","SbLow","Intn1",215,0.00,0.00,1.61,35.73,0.00,0.22,0.85,1.71,0.00,0.40,0.00,0.36,0.00,0.00,0.00,0.00
59,"4s_3s","SbLow","Intn1",225,0.00,0.00,1.26,30.66,0.00,0.19,0.68,1.37,0.00,0.33,0.00,0.31,0.00,0.00,0.00,0.00
59,"4s_3s","SbLow","Intn1",235,0.00,0.00,0.96,25.92,0.00,0.15,0.54,1.08,0.00,0.26,0.00,0.25,0.00,0.00,0.00,0.00
59,"4s_3s","SbLow","Intn1",245,0.00,0.00,0.72,21.58,0.00,0.12,0.42,0.84,0.00,0.21,0.00,0.21,0.00,0.00,0.00,0.00
59,"4s_3s","SbLow","Intn1",255,0.00,0.00,0.53,17.71,0.00,0.10,0.32,0.64,0.00,0.16,0.00,0.16,0.00,0.00,0.00,0.00
60,"Patnt","SbLow","Intn1",5,0.00,0.00,0.00,0.00,0.00,0.00,0.00,0.00,0.00,0.00,0.00,0.00,0.00,0.00,0.00,0.00
60,"Patnt","SbLow","Intn1",15,0.00,0.00,0.05,0.89,0.00,8.50211954768455e-03,0.15,0.30,0.00,7.29243407988661e-03,0.00,3.34328010779982e-03,0.00,0.00,0.00,0.00
60,"Patnt","SbLow","Intn1",25,0.00,0.00,0.18,3.79,0.00,0.03,0.28,0.57,0.00,0.02,0.00,0.01,0.00,0.00,0.00,0.00
60,"Patnt","SbLow","Intn1",35,0.00,0.00,0.42,8.88,0.00,0.08,0.47,0.94,0.00,0.07,0.00,0.03,0.00,0.00,0.00,0.00
60,"Patnt","SbLow","Intn1",45,0.00,0.00,0.83,15.86,0.00,0.14,0.73,1.46,0.00,0.15,0.00,0.07,0.00,0.00,0.00,0.00
60,"Patnt","SbLow","Intn1",55,0.00,0.00,1.43,24.18,0.00,0.21,1.06,2.13,0.00,0.28,0.00,0.13,0.00,0.00,0.00,0.00
60,"Patnt","SbLow","Intn1",65,0.00,0.00,2.20,33.16,0.00,0.28,1.44,2.88,0.00,0.44,0.00,0.22,0.00,0.00,0.00,0.00
60,"Patnt","SbLow","Intn1",75,0.00,0.00,3.04,42.15,0.00,0.35,1.80,3.61,0.00,0.61,0.00,0.32,0.00,0.00,0.00,0.00
60,"Patnt","SbLow","Intn1",85,0.00,0.00,3.86,50.47,0.00,0.41,2.12,4.25,0.00,0.78,0.00,0.43,0.00,0.00,0.00,0.00
60,"Patnt","SbLow","Intn1",95,0.00,0.00,4.57,57.53,0.00,0.46,2.37,4.75,0.00,0.92,0.00,0.53,0.00,0.00,0.00,0.00
60,"Patnt","SbLow","Intn1",105,0.00,0.00,5.08,62.85,0.00,0.50,2.53,5.06,0.00,1.01,0.00,0.61,0.00,0.00,0.00,0.00
60,"Patnt","SbLow","Intn1",115,0.00,0.00,5.35,66.15,0.00,0.51,2.58,5.17,0.00,1.06,0.00,0.67,0.00,0.00,0.00,0.00
60,"Patnt","SbLow","Intn1",125,0.00,0.00,5.36,67.29,0.00,0.51,2.54,5.09,0.00,1.06,0.00,0.71,0.00,0.00,0.00,0.00
60,"Patnt","SbLow","Intn1",135,0.00,0.00,5.14,66.33,0.00,0.50,2.41,4.83,0.00,1.02,0.00,0.71,0.00,0.00,0.00,0.00
60,"Patnt","SbLow","Intn1",145,0.00,0.00,4.73,63.48,0.00,0.46,2.21,4.43,0.00,0.95,0.00,0.69,0.00,0.00,0.00,0.00
60,"Patnt","SbLow","Intn1",155,0.00,0.00,4.19,59.06,0.00,0.42,1.97,3.94,0.00,0.85,0.00,0.64,0.00,0.00,0.00,0.00
60,"Patnt","SbLow","Intn1",165,0.00,0.00,3.58,53.47,0.00,0.37,1.70,3.40,0.00,0.74,0.00,0.58,0.00,0.00,0.00,0.00
60,"Patnt","SbLow","Intn1",175,0.00,0.00,2.95,47.15,0.00,0.32,1.42,2.84,0.00,0.63,0.00,0.51,0.00,0.00,0.00,0.00
60,"Patnt","SbLow","Intn1",185,0.00,0.00,2.35,40.51,0.00,0.27,1.15,2.31,0.00,0.52,0.00,0.43,0.00,0.00,0.00,0.00
60,"Patnt","SbLow","Intn1",195,0.00,0.00,1.82,33.94,0.00,0.22,0.91,1.83,0.00,0.41,0.00,0.36,0.00,0.00,0.00,0.00
60,"Patnt","SbLow","Intn1",205,0.00,0.00,1.36,27.74,0.00,0.18,0.70,1.41,0.00,0.32,0.00,0.29,0.00,0.00,0.00,0.00
60,"Patnt","SbLow","Intn1",215,0.00,0.00,0.99,22.12,0.00,0.14,0.52,1.05,0.00,0.25,0.00,0.22,0.00,0.00,0.00,0.00
60,"Patnt","SbLow","Intn1",225,0.00,0.00,0.70,17.22,0.00,0.10,0.38,0.77,0.00,0.18,0.00,0.17,0.00,0.00,0.00,0.00
60,"Patnt","SbLow","Intn1",235,0.00,0.00,0.48,13.08,0.00,0.07,0.27,0.55,0.00,0.13,0.00,0.13,0.00,0.00,0.00,0.00
60,"Patnt","SbLow","Intn1",245,0.00,0.00,0.32,9.71,0.00,0.05,0.19,0.38,0.00,0.09,0.00,0.09,0.00,0.00,0.00,0.00
60,"Patnt","SbLow","Intn1",255,0.00,0.00,0.21,7.03,0.00,0.04,0.12,0.25,0.00,0.06,0.00,0.06,0.00,0.00,0.00,0.00
61,"4s_3s","SbLow","Succ",5,0.00,0.00,0.00,0.00,0.00,0.00,0.00,0.00,0.00,0.00,0.00,0.00,0.00,0.00,0.00,0.00
61,"4s_3s","SbLow","Succ",15,0.00,0.00,0.08,1.34,0.00,0.01,0.22,0.45,0.00,0.01,0.00,4.98845308723265e-03,0.00,0.00,0.00,0.00
61,"4s_3s","SbLow","Succ",25,0.00,0.00,0.25,5.21,0.00,0.04,0.39,0.78,0.00,0.04,0.00,0.01,0.00,0.00,0.00,0.00
61,"4s_3s","SbLow","Succ",35,0.00,0.00,0.54,11.38,0.00,0.10,0.60,1.20,0.00,0.09,0.00,0.04,0.00,0.00,0.00,0.00
61,"4s_3s","SbLow","Succ",45,0.00,0.00,1.00,19.08,0.00,0.16,0.88,1.76,0.00,0.19,0.00,0.08,0.00,0.00,0.00,0.00
61,"4s_3s","SbLow","Succ",55,0.00,0.00,1.63,27.55,0.00,0.23,1.21,2.43,0.00,0.32,0.00,0.15,0.00,0.00,0.00,0.00
61,"4s_3s","SbLow","Succ",65,0.00,0.00,2.39,36.12,0.00,0.30,1.57,3.14,0.00,0.48,0.00,0.24,0.00,0.00,0.00,0.00
61,"4s_3s","SbLow","Succ",75,0.00,0.00,3.19,44.28,0.00,0.37,1.89,3.79,0.00,0.65,0.00,0.34,0.00,0.00,0.00,0.00
61,"4s_3s","SbLow","Succ",85,0.00,0.00,3.95,51.59,0.00,0.42,2.17,4.35,0.00,0.80,0.00,0.44,0.00,0.00,0.00,0.00
61,"4s_3s","SbLow","Succ",95,0.00,0.00,4.58,57.73,0.00,0.46,2.38,4.77,0.00,0.92,0.00,0.53,0.00,0.00,0.00,0.00
61,"4s_3s","SbLow","Succ",105,0.00,0.00,5.05,62.48,0.00,0.49,2.51,5.03,0.00,1.01,0.00,0.61,0.00,0.00,0.00,0.00
61,"4s_3s","SbLow","Succ",115,0.00,0.00,5.31,65.73,0.00,0.51,2.57,5.14,0.00,1.05,0.00,0.67,0.00,0.00,0.00,0.00
61,"4s_3s","SbLow","Succ",125,0.00,0.00,5.37,67.43,0.00,0.51,2.55,5.10,0.00,1.07,0.00,0.71,0.00,0.00,0.00,0.00
61,"4s_3s","SbLow","Succ",135,0.00,0.00,5.24,67.63,0.00,0.51,2.46,4.92,0.00,1.04,0.00,0.73,0.00,0.00,0.00,0.00
61,"4s_3s","SbLow","Succ",145,0.00,0.00,4.95,66.44,0.00,0.49,2.32,4.64,0.00,0.99,0.00,0.72,0.00,0.00,0.00,0.00
61,"4s_3s","SbLow","Succ",155,0.00,0.00,4.54,64.03,0.00,0.46,2.13,4.27,0.00,0.93,0.00,0.70,0.00,0.00,0.00,0.00
61,"4s_3s","SbLow","Succ",165,0.00,0.00,4.05,60.58,0.00,0.43,1.92,3.85,0.00,0.84,0.00,0.66,0.00,0.00,0.00,0.00
61,"4s_3s","SbLow","Succ",175,0.00,0.00,3.52,56.33,0.00,0.39,1.70,3.40,0.00,0.75,0.00,0.61,0.00,0.00,0.00,0.00
61,"4s_3s","SbLow","Succ",185,0.00,0.00,2.99,51.50,0.00,0.35,1.47,2.94,0.00,0.66,0.00,0.55,0.00,0.00,0.00,0.00
61,"4s_3s","SbLow","Succ",195,0.00,0.00,2.48,46.32,0.00,0.30,1.25,2.50,0.00,0.57,0.00,0.49,0.00,0.00,0.00,0.00
61,"4s_3s","SbLow","Succ",205,0.00,0.00,2.02,41.00,0.00,0.26,1.04,2.08,0.00,0.48,0.00,0.43,0.00,0.00,0.00,0.00
61,"4s_3s","SbLow","Succ",215,0.00,0.00,1.61,35.73,0.00,0.22,0.85,1.71,0.00,0.40,0.00,0.36,0.00,0.00,0.00,0.00
61,"4s_3s","SbLow","Succ",225,0.00,0.00,1.26,30.66,0.00,0.19,0.68,1.37,0.00,0.33,0.00,0.31,0.00,0.00,0.00,0.00
61,"4s_3s","SbLow","Succ",235,0.00,0.00,0.96,25.92,0.00,0.15,0.54,1.08,0.00,0.26,0.00,0.25,0.00,0.00,0.00,0.00
61,"4s_3s","SbLow","Succ",245,0.00,0.00,0.72,21.58,0.00,0.12,0.42,0.84,0.00,0.21,0.00,0.21,0.00,0.00,0.00,0.00
61,"4s_3s","SbLow","Succ",255,0.00,0.00,0.53,17.71,0.00,0.10,0.32,0.64,0.00,0.16,0.00,0.16,0.00,0.00,0.00,0.00
62,"Patnt","SbLow","Succ",5,0.00,0.00,0.00,0.00,0.00,0.00,0.00,0.00,0.00,0.00,0.00,0.00,0.00,0.00,0.00,0.00
62,"Patnt","SbLow","Succ",15,0.00,0.00,0.05,0.89,0.00,8.50211954768455e-03,0.15,0.30,0.00,7.29243407988661e-03,0.00,3.34328010779982e-03,0.00,0.00,0.00,0.00
62,"Patnt","SbLow","Succ",25,0.00,0.00,0.18,3.79,0.00,0.03,0.28,0.57,0.00,0.02,0.00,0.01,0.00,0.00,0.00,0.00
62,"Patnt","SbLow","Succ",35,0.00,0.00,0.42,8.88,0.00,0.08,0.47,0.94,0.00,0.07,0.00,0.03,0.00,0.00,0.00,0.00
62,"Patnt","SbLow","Succ",45,0.00,0.00,0.83,15.86,0.00,0.14,0.73,1.46,0.00,0.15,0.00,0.07,0.00,0.00,0.00,0.00
62,"Patnt","SbLow","Succ",55,0.00,0.00,1.43,24.18,0.00,0.21,1.06,2.13,0.00,0.28,0.00,0.13,0.00,0.00,0.00,0.00
62,"Patnt","SbLow","Succ",65,0.00,0.00,2.20,33.16,0.00,0.28,1.44,2.88,0.00,0.44,0.00,0.22,0.00,0.00,0.00,0.00
62,"Patnt","SbLow","Succ",75,0.00,0.00,3.04,42.15,0.00,0.35,1.80,3.61,0.00,0.61,0.00,0.32,0.00,0.00,0.00,0.00
62,"Patnt","SbLow","Succ",85,0.00,0.00,3.86,50.47,0.00,0.41,2.12,4.25,0.00,0.78,0.00,0.43,0.00,0.00,0.00,0.00
62,"Patnt","SbLow","Succ",95,0.00,0.00,4.57,57.53,0.00,0.46,2.37,4.75,0.00,0.92,0.00,0.53,0.00,0.00,0.00,0.00
62,"Patnt","SbLow","Succ",105,0.00,0.00,5.08,62.85,0.00,0.50,2.53,5.06,0.00,1.01,0.00,0.61,0.00,0.00,0.00,0.00
62,"Patnt","SbLow","Succ",115,0.00,0.00,5.35,66.15,0.00,0.51,2.58,5.17,0.00,1.06,0.00,0.67,0.00,0.00,0.00,0.00
62,"Patnt","SbLow","Succ",125,0.00,0.00,5.36,67.29,0.00,0.51,2.54,5.09,0.00,1.06,0.00,0.71,0.00,0.00,0.00,0.00
62,"Patnt","SbLow","Succ",135,0.00,0.00,5.14,66.33,0.00,0.50,2.41,4.83,0.00,1.02,0.00,0.71,0.00,0.00,0.00,0.00
62,"Patnt","SbLow","Succ",145,0.00,0.00,4.73,63.48,0.00,0.46,2.21,4.43,0.00,0.95,0.00,0.69,0.00,0.00,0.00,0.00
62,"Patnt","SbLow","Succ",155,0.00,0.00,4.19,59.06,0.00,0.42,1.97,3.94,0.00,0.85,0.00,0.64,0.00,0.00,0.00,0.00
62,"Patnt","SbLow","Succ",165,0.00,0.00,3.58,53.47,0.00,0.37,1.70,3.40,0.00,0.74,0.00,0.58,0.00,0.00,0.00,0.00
62,"Patnt","SbLow","Succ",175,0.00,0.00,2.95,47.15,0.00,0.32,1.42,2.84,0.00,0.63,0.00,0.51,0.00,0.00,0.00,0.00
62,"Patnt","SbLow","Succ",185,0.00,0.00,2.35,40.51,0.00,0.27,1.15,2.31,0.00,0.52,0.00,0.43,0.00,0.00,0.00,0.00
62,"Patnt","SbLow","Succ",195,0.00,0.00,1.82,33.94,0.00,0.22,0.91,1.83,0.00,0.41,0.00,0.36,0.00,0.00,0.00,0.00
62,"Patnt","SbLow","Succ",205,0.00,0.00,1.36,27.74,0.00,0.18,0.70,1.41,0.00,0.32,0.00,0.29,0.00,0.00,0.00,0.00
62,"Patnt","SbLow","Succ",215,0.00,0.00,0.99,22.12,0.00,0.14,0.52,1.05,0.00,0.25,0.00,0.22,0.00,0.00,0.00,0.00
62,"Patnt","SbLow","Succ",225,0.00,0.00,0.70,17.22,0.00,0.10,0.38,0.77,0.00,0.18,0.00,0.17,0.00,0.00,0.00,0.00
62,"Patnt","SbLow","Succ",235,0.00,0.00,0.48,13.08,0.00,0.07,0.27,0.55,0.00,0.13,0.00,0.13,0.00,0.00,0.00,0.00
62,"Patnt","SbLow","Succ",245,0.00,0.00,0.32,9.71,0.00,0.05,0.19,0.38,0.00,0.09,0.00,0.09,0.00,0.00,0.00,0.00
62,"Patnt","SbLow","Succ",255,0.00,0.00,0.21,7.03,0.00,0.04,0.12,0.25,0.00,0.06,0.00,0.06,0.00,0.00,0.00,0.00
63,"4s_3s","SbSha","Prsnt",5,0.00,0.00,0.00,0.00,0.00,0.00,0.00,0.00,0.00,0.00,0.00,0.00,0.00,0.00,0.00,0.00
63,"4s_3s","SbSha","Prsnt",15,0.00,0.00,2.34,7.08,0.00,0.14,0.00,0.00,0.00,0.13,0.00,0.05,0.00,0.00,0.00,0.00
63,"4s_3s","SbSha","Prsnt",25,0.00,0.00,4.77,18.51,0.00,0.37,0.00,0.00,0.00,0.33,0.00,0.14,0.00,0.00,0.00,0.00
63,"4s_3s","SbSha","Prsnt",35,0.00,0.00,7.98,31.34,0.00,0.62,0.00,0.00,0.00,0.62,0.00,0.27,0.00,0.00,0.00,0.00
63,"4s_3s","SbSha","Prsnt",45,0.00,0.00,12.06,43.00,0.00,0.83,0.00,0.00,0.00,1.01,0.00,0.44,0.00,0.00,0.00,0.00
63,"4s_3s","SbSha","Prsnt",55,0.00,0.00,16.69,52.50,0.00,0.99,0.00,0.00,0.00,1.45,0.00,0.66,0.00,0.00,0.00,0.00
63,"4s_3s","SbSha","Prsnt",65,0.00,0.00,21.24,59.80,0.00,1.11,0.00,0.00,0.00,1.88,0.00,0.89,0.00,0.00,0.00,0.00
63,"4s_3s","SbSha","Prsnt",75,0.00,0.00,25.20,65.19,0.00,1.19,0.00,0.00,0.00,2.24,0.00,1.12,0.00,0.00,0.00,0.00
63,"4s_3s","SbSha","Prsnt",85,0.00,0.00,28.27,68.94,0.00,1.24,0.00,0.00,0.00,2.50,0.00,1.31,0.00,0.00,0.00,0.00
63,"4s_3s","SbSha","Prsnt",95,0.00,0.00,30.31,71.24,0.00,1.26,0.00,0.00,0.00,2.67,0.00,1.47,0.00,0.00,0.00,0.00
63,"4s_3s","SbSha","Prsnt",105,0.00,0.00,31.29,72.27,0.00,1.26,0.00,0.00,0.00,2.73,0.00,1.58,0.00,0.00,0.00,0.00
63,"4s_3s","SbSha","Prsnt",115,0.00,0.00,31.26,72.18,0.00,1.23,0.00,0.00,0.00,2.72,0.00,1.65,0.00,0.00,0.00,0.00
63,"4s_3s","SbSha","Prsnt",125,0.00,0.00,30.36,71.11,0.00,1.19,0.00,0.00,0.00,2.64,0.00,1.68,0.00,0.00,0.00,0.00
63,"4s_3s","SbSha","Prsnt",135,0.00,0.00,28.74,69.19,0.00,1.14,0.00,0.00,0.00,2.50,0.00,1.67,0.00,0.00,0.00,0.00
63,"4s_3s","SbSha","Prsnt",145,0.00,0.00,26.58,66.57,0.00,1.07,0.00,0.00,0.00,2.34,0.00,1.63,0.00,0.00,0.00,0.00
63,"4s_3s","SbSha","Prsnt",155,0.00,0.00,24.08,63.36,0.00,1.00,0.00,0.00,0.00,2.15,0.00,1.56,0.00,0.00,0.00,0.00
63,"4s_3s","SbSha","Prsnt",165,0.00,0.00,21.39,59.69,0.00,0.92,0.00,0.00,0.00,1.95,0.00,1.46,0.00,0.00,0.00,0.00
63,"4s_3s","SbSha","Prsnt",175,0.00,0.00,18.67,55.68,0.00,0.84,0.00,0.00,0.00,1.75,0.00,1.36,0.00,0.00,0.00,0.00
63,"4s_3s","SbSha","Prsnt",185,0.00,0.00,16.03,51.46,0.00,0.76,0.00,0.00,0.00,1.55,0.00,1.24,0.00,0.00,0.00,0.00
63,"4s_3s","SbSha","Prsnt",195,0.00,0.00,13.55,47.11,0.00,0.68,0.00,0.00,0.00,1.36,0.00,1.12,0.00,0.00,0.00,0.00
63,"4s_3s","SbSha","Prsnt",205,0.00,0.00,11.29,42.74,0.00,0.60,0.00,0.00,0.00,1.18,0.00,1.00,0.00,0.00,0.00,0.00
63,"4s_3s","SbSha","Prsnt",215,0.00,0.00,9.28,38.44,0.00,0.53,0.00,0.00,0.00,1.01,0.00,0.89,0.00,0.00,0.00,0.00
63,"4s_3s","SbSha","Prsnt",225,0.00,0.00,7.53,34.26,0.00,0.46,0.00,0.00,0.00,0.86,0.00,0.77,0.00,0.00,0.00,0.00
63,"4s_3s","SbSha","Prsnt",235,0.00,0.00,6.04,30.28,0.00,0.40,0.00,0.00,0.00,0.73,0.00,0.67,0.00,0.00,0.00,0.00
63,"4s_3s","SbSha","Prsnt",245,0.00,0.00,4.78,26.53,0.00,0.34,0.00,0.00,0.00,0.61,0.00,0.57,0.00,0.00,0.00,0.00
63,"4s_3s","SbSha","Prsnt",255,0.00,0.00,3.75,23.06,0.00,0.29,0.00,0.00,0.00,0.50,0.00,0.49,0.00,0.00,0.00,0.00
64,"Patnt","SbSha","Prsnt",5,0.00,0.00,0.00,0.00,0.00,0.00,0.00,0.00,0.00,0.00,0.00,0.00,0.00,0.00,0.00,0.00
64,"Patnt","SbSha","Prsnt",15,0.00,0.00,0.81,2.45,0.00,0.05,0.00,0.00,0.00,0.04,0.00,0.02,0.00,0.00,0.00,0.00
64,"Patnt","SbSha","Prsnt",25,0.00,0.00,2.24,8.70,0.00,0.17,0.00,0.00,0.00,0.15,0.00,0.06,0.00,0.00,0.00,0.00
64,"Patnt","SbSha","Prsnt",35,0.00,0.00,4.85,19.03,0.00,0.37,0.00,0.00,0.00,0.37,0.00,0.16,0.00,0.00,0.00,0.00
64,"Patnt","SbSha","Prsnt",45,0.00,0.00,8.98,32.02,0.00,0.62,0.00,0.00,0.00,0.75,0.00,0.33,0.00,0.00,0.00,0.00
64,"Patnt","SbSha","Prsnt",55,0.00,0.00,14.47,45.53,0.00,0.86,0.00,0.00,0.00,1.25,0.00,0.57,0.00,0.00,0.00,0.00
64,"Patnt","SbSha","Prsnt",65,0.00,0.00,20.38,57.38,0.00,1.07,0.00,0.00,0.00,1.80,0.00,0.86,0.00,0.00,0.00,0.00
64,"Patnt","SbSha","Prsnt",75,0.00,0.00,25.42,65.74,0.00,1.20,0.00,0.00,0.00,2.26,0.00,1.13,0.00,0.00,0.00,0.00
64,"Patnt","SbSha","Prsnt",85,0.00,0.00,28.46,69.39,0.00,1.25,0.00,0.00,0.00,2.52,0.00,1.32,0.00,0.00,0.00,0.00
64,"Patnt","SbSha","Prsnt",95,0.00,0.00,28.92,67.97,0.00,1.20,0.00,0.00,0.00,2.54,0.00,1.40,0.00,0.00,0.00,0.00
64,"Patnt","SbSha","Prsnt",105,0.00,0.00,26.88,62.08,0.00,1.08,0.00,0.00,0.00,2.35,0.00,1.36,0.00,0.00,0.00,0.00
64,"Patnt","SbSha","Prsnt",115,0.00,0.00,22.97,53.02,0.00,0.90,0.00,0.00,0.00,2.00,0.00,1.21,0.00,0.00,0.00,0.00
64,"Patnt","SbSha","Prsnt",125,0.00,0.00,18.11,42.43,0.00,0.71,0.00,0.00,0.00,1.57,0.00,1.00,0.00,0.00,0.00,0.00
64,"Patnt","SbSha","Prsnt",135,0.00,0.00,13.23,31.85,0.00,0.52,0.00,0.00,0.00,1.15,0.00,0.77,0.00,0.00,0.00,0.00
64,"Patnt","SbSha","Prsnt",145,0.00,0.00,8.96,22.45,0.00,0.36,0.00,0.00,0.00,0.78,0.00,0.55,0.00,0.00,0.00,0.00
64,"Patnt","SbSha","Prsnt",155,0.00,0.00,5.65,14.87,0.00,0.23,0.00,0.00,0.00,0.50,0.00,0.36,0.00,0.00,0.00,0.00
64,"Patnt","SbSha","Prsnt",165,0.00,0.00,3.32,9.26,0.00,0.14,0.00,0.00,0.00,0.30,0.00,0.22,0.00,0.00,0.00,0.00
64,"Patnt","SbSha","Prsnt",175,0.00,0.00,1.81,5.42,0.00,0.08,0.00,0.00,0.00,0.17,0.00,0.13,0.00,0.00,0.00,0.00
64,"Patnt","SbSha","Prsnt",185,0.00,0.00,0.93,2.99,0.00,0.04,0.00,0.00,0.00,0.09,0.00,0.07,0.00,0.00,0.00,0.00
64,"Patnt","SbSha","Prsnt",195,0.00,0.00,0.44,1.55,0.00,0.02,0.00,0.00,0.00,0.04,0.00,0.03,0.00,0.00,0.00,0.00
64,"Patnt","SbSha","Prsnt",205,0.00,0.00,0.20,0.75,0.00,0.01,0.00,0.00,0.00,0.02,0.00,0.01,0.00,0.00,0.00,0.00
64,"Patnt","SbSha","Prsnt",215,0.00,0.00,0.08,0.34,0.00,4.84073787712477e-03,0.00,0.00,0.00,9.20511934469063e-03,0.00,8.06045958648088e-03,0.00,0.00,0.00,0.00
64,"Patnt","SbSha","Prsnt",225,0.00,0.00,0.03,0.15,0.00,2.0469716111023e-03,0.00,0.00,0.00,3.80840020076743e-03,0.00,3.42187442299079e-03,0.00,0.00,0.00,0.00
64,"Patnt","SbSha","Prsnt",235,0.00,0.00,0.01,0.06,0.00,8.14864737620788e-04,0.00,0.00,0.00,1.48315257362893e-03,0.00,1.36604678719862e-03,0.00,0.00,0.00,0.00
64,"Patnt","SbSha","Prsnt",245,0.00,0.00,4.2432011368375e-03,0.02,0.00,3.05410646376983e-04,0.00,0.00,0.00,5.43792546686798e-04,0.00,5.13006453997515e-04,0.00,0.00,0.00,0.00
64,"Patnt","SbSha","Prsnt",255,0.00,0.00,1.38269346753997e-03,8.49719861178901e-03,0.00,1.07783469281166e-04,0.00,0.00,0.00,1.87734110407537e-04,0.00,1.81286372451071e-04,0.00,0.00,0.00,0.00
65,"4s_3s","SbSha","Exten",5,0.00,0.00,0.00,0.00,0.00,0.00,0.00,0.00,0.00,0.00,0.00,0.00,0.00,0.00,0.00,0.00
65,"4s_3s","SbSha","Exten",15,0.00,0.00,2.34,7.08,0.00,0.14,0.00,0.00,0.00,0.13,0.00,0.05,0.00,0.00,0.00,0.00
65,"4s_3s","SbSha","Exten",25,0.00,0.00,4.77,18.51,0.00,0.37,0.00,0.00,0.00,0.33,0.00,0.14,0.00,0.00,0.00,0.00
65,"4s_3s","SbSha","Exten",35,0.00,0.00,7.98,31.34,0.00,0.62,0.00,0.00,0.00,0.62,0.00,0.27,0.00,0.00,0.00,0.00
65,"4s_3s","SbSha","Exten",45,0.00,0.00,12.06,43.00,0.00,0.83,0.00,0.00,0.00,1.01,0.00,0.44,0.00,0.00,0.00,0.00
65,"4s_3s","SbSha","Exten",55,0.00,0.00,16.69,52.50,0.00,0.99,0.00,0.00,0.00,1.45,0.00,0.66,0.00,0.00,0.00,0.00
65,"4s_3s","SbSha","Exten",65,0.00,0.00,21.24,59.80,0.00,1.11,0.00,0.00,0.00,1.88,0.00,0.89,0.00,0.00,0.00,0.00
65,"4s_3s","SbSha","Exten",75,0.00,0.00,25.20,65.19,0.00,1.19,0.00,0.00,0.00,2.24,0.00,1.12,0.00,0.00,0.00,0.00
65,"4s_3s","SbSha","Exten",85,0.00,0.00,28.27,68.94,0.00,1.24,0.00,0.00,0.00,2.50,0.00,1.31,0.00,0.00,0.00,0.00
65,"4s_3s","SbSha","Exten",95,0.00,0.00,30.31,71.24,0.00,1.26,0.00,0.00,0.00,2.67,0.00,1.47,0.00,0.00,0.00,0.00
65,"4s_3s","SbSha","Exten",105,0.00,0.00,31.29,72.27,0.00,1.26,0.00,0.00,0.00,2.73,0.00,1.58,0.00,0.00,0.00,0.00
65,"4s_3s","SbSha","Exten",115,0.00,0.00,31.26,72.18,0.00,1.23,0.00,0.00,0.00,2.72,0.00,1.65,0.00,0.00,0.00,0.00
65,"4s_3s","SbSha","Exten",125,0.00,0.00,30.36,71.11,0.00,1.19,0.00,0.00,0.00,2.64,0.00,1.68,0.00,0.00,0.00,0.00
65,"4s_3s","SbSha","Exten",135,0.00,0.00,28.74,69.19,0.00,1.14,0.00,0.00,0.00,2.50,0.00,1.67,0.00,0.00,0.00,0.00
65,"4s_3s","SbSha","Exten",145,0.00,0.00,26.58,66.57,0.00,1.07,0.00,0.00,0.00,2.34,0.00,1.63,0.00,0.00,0.00,0.00
65,"4s_3s","SbSha","Exten",155,0.00,0.00,24.08,63.36,0.00,1.00,0.00,0.00,0.00,2.15,0.00,1.56,0.00,0.00,0.00,0.00
65,"4s_3s","SbSha","Exten",165,0.00,0.00,21.39,59.69,0.00,0.92,0.00,0.00,0.00,1.95,0.00,1.46,0.00,0.00,0.00,0.00
65,"4s_3s","SbSha","Exten",175,0.00,0.00,18.67,55.68,0.00,0.84,0.00,0.00,0.00,1.75,0.00,1.36,0.00,0.00,0.00,0.00
65,"4s_3s","SbSha","Exten",185,0.00,0.00,16.03,51.46,0.00,0.76,0.00,0.00,0.00,1.55,0.00,1.24,0.00,0.00,0.00,0.00
65,"4s_3s","SbSha","Exten",195,0.00,0.00,13.55,47.11,0.00,0.68,0.00,0.00,0.00,1.36,0.00,1.12,0.00,0.00,0.00,0.00
65,"4s_3s","SbSha","Exten",205,0.00,0.00,11.29,42.74,0.00,0.60,0.00,0.00,0.00,1.18,0.00,1.00,0.00,0.00,0.00,0.00
65,"4s_3s","SbSha","Exten",215,0.00,0.00,9.28,38.44,0.00,0.53,0.00,0.00,0.00,1.01,0.00,0.89,0.00,0.00,0.00,0.00
65,"4s_3s","SbSha","Exten",225,0.00,0.00,7.53,34.26,0.00,0.46,0.00,0.00,0.00,0.86,0.00,0.77,0.00,0.00,0.00,0.00
65,"4s_3s","SbSha","Exten",235,0.00,0.00,6.04,30.28,0.00,0.40,0.00,0.00,0.00,0.73,0.00,0.67,0.00,0.00,0.00,0.00
65,"4s_3s","SbSha","Exten",245,0.00,0.00,4.78,26.53,0.00,0.34,0.00,0.00,0.00,0.61,0.00,0.57,0.00,0.00,0.00,0.00
65,"4s_3s","SbSha","Exten",255,0.00,0.00,3.75,23.06,0.00,0.29,0.00,0.00,0.00,0.50,0.00,0.49,0.00,0.00,0.00,0.00
66,"Patnt","SbSha","Exten",5,0.00,0.00,0.00,0.00,0.00,0.00,0.00,0.00,0.00,0.00,0.00,0.00,0.00,0.00,0.00,0.00
66,"Patnt","SbSha","Exten",15,0.00,0.00,0.81,2.45,0.00,0.05,0.00,0.00,0.00,0.04,0.00,0.02,0.00,0.00,0.00,0.00
66,"Patnt","SbSha","Exten",25,0.00,0.00,2.24,8.70,0.00,0.17,0.00,0.00,0.00,0.15,0.00,0.06,0.00,0.00,0.00,0.00
66,"Patnt","SbSha","Exten",35,0.00,0.00,4.85,19.03,0.00,0.37,0.00,0.00,0.00,0.37,0.00,0.16,0.00,0.00,0.00,0.00
66,"Patnt","SbSha","Exten",45,0.00,0.00,8.98,32.02,0.00,0.62,0.00,0.00,0.00,0.75,0.00,0.33,0.00,0.00,0.00,0.00
66,"Patnt","SbSha","Exten",55,0.00,0.00,14.47,45.53,0.00,0.86,0.00,0.00,0.00,1.25,0.00,0.57,0.00,0.00,0.00,0.00
66,"Patnt","SbSha","Exten",65,0.00,0.00,20.38,57.38,0.00,1.07,0.00,0.00,0.00,1.80,0.00,0.86,0.00,0.00,0.00,0.00
66,"Patnt","SbSha","Exten",75,0.00,0.00,25.42,65.74,0.00,1.20,0.00,0.00,0.00,2.26,0.00,1.13,0.00,0.00,0.00,0.00
66,"Patnt","SbSha","Exten",85,0.00,0.00,28.46,69.39,0.00,1.25,0.00,0.00,0.00,2.52,0.00,1.32,0.00,0.00,0.00,0.00
66,"Patnt","SbSha","Exten",95,0.00,0.00,28.92,67.97,0.00,1.20,0.00,0.00,0.00,2.54,0.00,1.40,0.00,0.00,0.00,0.00
66,"Patnt","SbSha","Exten",105,0.00,0.00,26.88,62.08,0.00,1.08,0.00,0.00,0.00,2.35,0.00,1.36,0.00,0.00,0.00,0.00
66,"Patnt","SbSha","Exten",115,0.00,0.00,22.97,53.02,0.00,0.90,0.00,0.00,0.00,2.00,0.00,1.21,0.00,0.00,0.00,0.00
66,"Patnt","SbSha","Exten",125,0.00,0.00,18.11,42.43,0.00,0.71,0.00,0.00,0.00,1.57,0.00,1.00,0.00,0.00,0.00,0.00
66,"Patnt","SbSha","Exten",135,0.00,0.00,13.23,31.85,0.00,0.52,0.00,0.00,0.00,1.15,0.00,0.77,0.00,0.00,0.00,0.00
66,"Patnt","SbSha","Exten",145,0.00,0.00,8.96,22.45,0.00,0.36,0.00,0.00,0.00,0.78,0.00,0.55,0.00,0.00,0.00,0.00
66,"Patnt","SbSha","Exten",155,0.00,0.00,5.65,14.87,0.00,0.23,0.00,0.00,0.00,0.50,0.00,0.36,0.00,0.00,0.00,0.00
66,"Patnt","SbSha","Exten",165,0.00,0.00,3.32,9.26,0.00,0.14,0.00,0.00,0.00,0.30,0.00,0.22,0.00,0.00,0.00,0.00
66,"Patnt","SbSha","Exten",175,0.00,0.00,1.81,5.42,0.00,0.08,0.00,0.00,0.00,0.17,0.00,0.13,0.00,0.00,0.00,0.00
66,"Patnt","SbSha","Exten",185,0.00,0.00,0.93,2.99,0.00,0.04,0.00,0.00,0.00,0.09,0.00,0.07,0.00,0.00,0.00,0.00
66,"Patnt","SbSha","Exten",195,0.00,0.00,0.44,1.55,0.00,0.02,0.00,0.00,0.00,0.04,0.00,0.03,0.00,0.00,0.00,0.00
66,"Patnt","SbSha","Exten",205,0.00,0.00,0.20,0.75,0.00,0.01,0.00,0.00,0.00,0.02,0.00,0.01,0.00,0.00,0.00,0.00
66,"Patnt","SbSha","Exten",215,0.00,0.00,0.08,0.34,0.00,4.84073787712477e-03,0.00,0.00,0.00,9.20511934469063e-03,0.00,8.06045958648088e-03,0.00,0.00,0.00,0.00
66,"Patnt","SbSha","Exten",225,0.00,0.00,0.03,0.15,0.00,2.0469716111023e-03,0.00,0.00,0.00,3.80840020076743e-03,0.00,3.42187442299079e-03,0.00,0.00,0.00,0.00
66,"Patnt","SbSha","Exten",235,0.00,0.00,0.01,0.06,0.00,8.14864737620788e-04,0.00,0.00,0.00,1.48315257362893e-03,0.00,1.36604678719862e-03,0.00,0.00,0.00,0.00
66,"Patnt","SbSha","Exten",245,0.00,0.00,4.2432011368375e-03,0.02,0.00,3.05410646376983e-04,0.00,0.00,0.00,5.43792546686798e-04,0.00,5.13006453997515e-04,0.00,0.00,0.00,0.00
66,"Patnt","SbSha","Exten",255,0.00,0.00,1.38269346753997e-03,8.49719861178901e-03,0.00,1.07783469281166e-04,0.00,0.00,0.00,1.87734110407537e-04,0.00,1.81286372451071e-04,0.00,0.00,0.00,0.00
67,"4s_3s","SbSha","Basc1",5,0.00,0.00,0.00,0.00,0.00,0.00,0.00,0.00,0.00,0.00,0.00,0.00,0.00,0.00,0.00,0.00
67,"4s_3s","SbSha","Basc1",15,0.00,0.00,2.34,7.08,0.00,0.14,0.00,0.00,0.00,0.13,0.00,0.05,0.00,0.00,0.00,0.00
67,"4s_3s","SbSha","Basc1",25,0.00,0.00,4.77,18.51,0.00,0.37,0.00,0.00,0.00,0.33,0.00,0.14,0.00,0.00,0.00,0.00
67,"4s_3s","SbSha","Basc1",35,0.00,0.00,7.98,31.34,0.00,0.62,0.00,0.00,0.00,0.62,0.00,0.27,0.00,0.00,0.00,0.00
67,"4s_3s","SbSha","Basc1",45,0.00,0.00,12.06,43.00,0.00,0.83,0.00,0.00,0.00,1.01,0.00,0.44,0.00,0.00,0.00,0.00
67,"4s_3s","SbSha","Basc1",55,0.00,0.00,16.69,52.50,0.00,0.99,0.00,0.00,0.00,1.45,0.00,0.66,0.00,0.00,0.00,0.00
67,"4s_3s","SbSha","Basc1",65,0.00,0.00,21.24,59.80,0.00,1.11,0.00,0.00,0.00,1.88,0.00,0.89,0.00,0.00,0.00,0.00
67,"4s_3s","SbSha","Basc1",75,0.00,0.00,25.20,65.19,0.00,1.19,0.00,0.00,0.00,2.24,0.00,1.12,0.00,0.00,0.00,0.00
67,"4s_3s","SbSha","Basc1",85,0.00,0.00,28.27,68.94,0.00,1.24,0.00,0.00,0.00,2.50,0.00,1.31,0.00,0.00,0.00,0.00
67,"4s_3s","SbSha","Basc1",95,0.00,0.00,30.31,71.24,0.00,1.26,0.00,0.00,0.00,2.67,0.00,1.47,0.00,0.00,0.00,0.00
67,"4s_3s","SbSha","Basc1",105,0.00,0.00,31.29,72.27,0.00,1.26,0.00,0.00,0.00,2.73,0.00,1.58,0.00,0.00,0.00,0.00
67,"4s_3s","SbSha","Basc1",115,0.00,0.00,31.26,72.18,0.00,1.23,0.00,0.00,0.00,2.72,0.00,1.65,0.00,0.00,0.00,0.00
67,"4s_3s","SbSha","Basc1",125,0.00,0.00,30.36,71.11,0.00,1.19,0.00,0.00,0.00,2.64,0.00,1.68,0.00,0.00,0.00,0.00
67,"4s_3s","SbSha","Basc1",135,0.00,0.00,28.74,69.19,0.00,1.14,0.00,0.00,0.00,2.50,0.00,1.67,0.00,0.00,0.00,0.00
67,"4s_3s","SbSha","Basc1",145,0.00,0.00,26.58,66.57,0.00,1.07,0.00,0.00,0.00,2.34,0.00,1.63,0.00,0.00,0.00,0.00
67,"4s_3s","SbSha","Basc1",155,0.00,0.00,24.08,63.36,0.00,1.00,0.00,0.00,0.00,2.15,0.00,1.56,0.00,0.00,0.00,0.00
67,"4s_3s","SbSha","Basc1",165,0.00,0.00,21.39,59.69,0.00,0.92,0.00,0.00,0.00,1.95,0.00,1.46,0.00,0.00,0.00,0.00
67,"4s_3s","SbSha","Basc1",175,0.00,0.00,18.67,55.68,0.00,0.84,0.00,0.00,0.00,1.75,0.00,1.36,0.00,0.00,0.00,0.00
67,"4s_3s","SbSha","Basc1",185,0.00,0.00,16.03,51.46,0.00,0.76,0.00,0.00,0.00,1.55,0.00,1.24,0.00,0.00,0.00,0.00
67,"4s_3s","SbSha","Basc1",195,0.00,0.00,13.55,47.11,0.00,0.68,0.00,0.00,0.00,1.36,0.00,1.12,0.00,0.00,0.00,0.00
67,"4s_3s","SbSha","Basc1",205,0.00,0.00,11.29,42.74,0.00,0.60,0.00,0.00,0.00,1.18,0.00,1.00,0.00,0.00,0.00,0.00
67,"4s_3s","SbSha","Basc1",215,0.00,0.00,9.28,38.44,0.00,0.53,0.00,0.00,0.00,1.01,0.00,0.89,0.00,0.00,0.00,0.00
67,"4s_3s","SbSha","Basc1",225,0.00,0.00,7.53,34.26,0.00,0.46,0.00,0.00,0.00,0.86,0.00,0.77,0.00,0.00,0.00,0.00
67,"4s_3s","SbSha","Basc1",235,0.00,0.00,6.04,30.28,0.00,0.40,0.00,0.00,0.00,0.73,0.00,0.67,0.00,0.00,0.00,0.00
67,"4s_3s","SbSha","Basc1",245,0.00,0.00,4.78,26.53,0.00,0.34,0.00,0.00,0.00,0.61,0.00,0.57,0.00,0.00,0.00,0.00
67,"4s_3s","SbSha","Basc1",255,0.00,0.00,3.75,23.06,0.00,0.29,0.00,0.00,0.00,0.50,0.00,0.49,0.00,0.00,0.00,0.00
68,"Patnt","SbSha","Basc1",5,0.00,0.00,0.00,0.00,0.00,0.00,0.00,0.00,0.00,0.00,0.00,0.00,0.00,0.00,0.00,0.00
68,"Patnt","SbSha","Basc1",15,0.00,0.00,0.81,2.45,0.00,0.05,0.00,0.00,0.00,0.04,0.00,0.02,0.00,0.00,0.00,0.00
68,"Patnt","SbSha","Basc1",25,0.00,0.00,2.24,8.70,0.00,0.17,0.00,0.00,0.00,0.15,0.00,0.06,0.00,0.00,0.00,0.00
68,"Patnt","SbSha","Basc1",35,0.00,0.00,4.85,19.03,0.00,0.37,0.00,0.00,0.00,0.37,0.00,0.16,0.00,0.00,0.00,0.00
68,"Patnt","SbSha","Basc1",45,0.00,0.00,8.98,32.02,0.00,0.62,0.00,0.00,0.00,0.75,0.00,0.33,0.00,0.00,0.00,0.00
68,"Patnt","SbSha","Basc1",55,0.00,0.00,14.47,45.53,0.00,0.86,0.00,0.00,0.00,1.25,0.00,0.57,0.00,0.00,0.00,0.00
68,"Patnt","SbSha","Basc1",65,0.00,0.00,20.38,57.38,0.00,1.07,0.00,0.00,0.00,1.80,0.00,0.86,0.00,0.00,0.00,0.00
68,"Patnt","SbSha","Basc1",75,0.00,0.00,25.42,65.74,0.00,1.20,0.00,0.00,0.00,2.26,0.00,1.13,0.00,0.00,0.00,0.00
68,"Patnt","SbSha","Basc1",85,0.00,0.00,28.46,69.39,0.00,1.25,0.00,0.00,0.00,2.52,0.00,1.32,0.00,0.00,0.00,0.00
68,"Patnt","SbSha","Basc1",95,0.00,0.00,28.92,67.97,0.00,1.20,0.00,0.00,0.00,2.54,0.00,1.40,0.00,0.00,0.00,0.00
68,"Patnt","SbSha","Basc1",105,0.00,0.00,26.88,62.08,0.00,1.08,0.00,0.00,0.00,2.35,0.00,1.36,0.00,0.00,0.00,0.00
68,"Patnt","SbSha","Basc1",115,0.00,0.00,22.97,53.02,0.00,0.90,0.00,0.00,0.00,2.00,0.00,1.21,0.00,0.00,0.00,0.00
68,"Patnt","SbSha","Basc1",125,0.00,0.00,18.11,42.43,0.00,0.71,0.00,0.00,0.00,1.57,0.00,1.00,0.00,0.00,0.00,0.00
68,"Patnt","SbSha","Basc1",135,0.00,0.00,13.23,31.85,0.00,0.52,0.00,0.00,0.00,1.15,0.00,0.77,0.00,0.00,0.00,0.00
68,"Patnt","SbSha","Basc1",145,0.00,0.00,8.96,22.45,0.00,0.36,0.00,0.00,0.00,0.78,0.00,0.55,0.00,0.00,0.00,0.00
68,"Patnt","SbSha","Basc1",155,0.00,0.00,5.65,14.87,0.00,0.23,0.00,0.00,0.00,0.50,0.00,0.36,0.00,0.00,0.00,0.00
68,"Patnt","SbSha","Basc1",165,0.00,0.00,3.32,9.26,0.00,0.14,0.00,0.00,0.00,0.30,0.00,0.22,0.00,0.00,0.00,0.00
68,"Patnt","SbSha","Basc1",175,0.00,0.00,1.81,5.42,0.00,0.08,0.00,0.00,0.00,0.17,0.00,0.13,0.00,0.00,0.00,0.00
68,"Patnt","SbSha","Basc1",185,0.00,0.00,0.93,2.99,0.00,0.04,0.00,0.00,0.00,0.09,0.00,0.07,0.00,0.00,0.00,0.00
68,"Patnt","SbSha","Basc1",195,0.00,0.00,0.44,1.55,0.00,0.02,0.00,0.00,0.00,0.04,0.00,0.03,0.00,0.00,0.00,0.00
68,"Patnt","SbSha","Basc1",205,0.00,0.00,0.20,0.75,0.00,0.01,0.00,0.00,0.00,0.02,0.00,0.01,0.00,0.00,0.00,0.00
68,"Patnt","SbSha","Basc1",215,0.00,0.00,0.08,0.34,0.00,4.84073787712477e-03,0.00,0.00,0.00,9.20511934469063e-03,0.00,8.06045958648088e-03,0.00,0.00,0.00,0.00
68,"Patnt","SbSha","Basc1",225,0.00,0.00,0.03,0.15,0.00,2.0469716111023e-03,0.00,0.00,0.00,3.80840020076743e-03,0.00,3.42187442299079e-03,0.00,0.00,0.00,0.00
68,"Patnt","SbSha","Basc1",235,0.00,0.00,0.01,0.06,0.00,8.14864737620788e-04,0.00,0.00,0.00,1.48315257362893e-03,0.00,1.36604678719862e-03,0.00,0.00,0.00,0.00
68,"Patnt","SbSha","Basc1",245,0.00,0.00,4.2432011368375e-03,0.02,0.00,3.05410646376983e-04,0.00,0.00,0.00,5.43792546686798e-04,0.00,5.13006453997515e-04,0.00,0.00,0.00,0.00
68,"Patnt","SbSha","Basc1",255,0.00,0.00,1.38269346753997e-03,8.49719861178901e-03,0.00,1.07783469281166e-04,0.00,0.00,0.00,1.87734110407537e-04,0.00,1.81286372451071e-04,0.00,0.00,0.00,0.00
69,"4s_3s","SbSha","Basc2",5,0.00,0.00,0.00,0.00,0.00,0.00,0.00,0.00,0.00,0.00,0.00,0.00,0.00,0.00,0.00,0.00
69,"4s_3s","SbSha","Basc2",15,0.00,0.00,2.34,7.08,0.00,0.14,0.00,0.00,0.00,0.13,0.00,0.05,0.00,0.00,0.00,0.00
69,"4s_3s","SbSha","Basc2",25,0.00,0.00,4.77,18.51,0.00,0.37,0.00,0.00,0.00,0.33,0.00,0.14,0.00,0.00,0.00,0.00
69,"4s_3s","SbSha","Basc2",35,0.00,0.00,7.98,31.34,0.00,0.62,0.00,0.00,0.00,0.62,0.00,0.27,0.00,0.00,0.00,0.00
69,"4s_3s","SbSha","Basc2",45,0.00,0.00,12.06,43.00,0.00,0.83,0.00,0.00,0.00,1.01,0.00,0.44,0.00,0.00,0.00,0.00
69,"4s_3s","SbSha","Basc2",55,0.00,0.00,16.69,52.50,0.00,0.99,0.00,0.00,0.00,1.45,0.00,0.66,0.00,0.00,0.00,0.00
69,"4s_3s","SbSha","Basc2",65,0.00,0.00,21.24,59.80,0.00,1.11,0.00,0.00,0.00,1.88,0.00,0.89,0.00,0.00,0.00,0.00
69,"4s_3s","SbSha","Basc2",75,0.00,0.00,25.20,65.19,0.00,1.19,0.00,0.00,0.00,2.24,0.00,1.12,0.00,0.00,0.00,0.00
69,"4s_3s","SbSha","Basc2",85,0.00,0.00,28.27,68.94,0.00,1.24,0.00,0.00,0.00,2.50,0.00,1.31,0.00,0.00,0.00,0.00
69,"4s_3s","SbSha","Basc2",95,0.00,0.00,30.31,71.24,0.00,1.26,0.00,0.00,0.00,2.67,0.00,1.47,0.00,0.00,0.00,0.00
69,"4s_3s","SbSha","Basc2",105,0.00,0.00,31.29,72.27,0.00,1.26,0.00,0.00,0.00,2.73,0.00,1.58,0.00,0.00,0.00,0.00
69,"4s_3s","SbSha","Basc2",115,0.00,0.00,31.26,72.18,0.00,1.23,0.00,0.00,0.00,2.72,0.00,1.65,0.00,0.00,0.00,0.00
69,"4s_3s","SbSha","Basc2",125,0.00,0.00,30.36,71.11,0.00,1.19,0.00,0.00,0.00,2.64,0.00,1.68,0.00,0.00,0.00,0.00
69,"4s_3s","SbSha","Basc2",135,0.00,0.00,28.74,69.19,0.00,1.14,0.00,0.00,0.00,2.50,0.00,1.67,0.00,0.00,0.00,0.00
69,"4s_3s","SbSha","Basc2",145,0.00,0.00,26.58,66.57,0.00,1.07,0.00,0.00,0.00,2.34,0.00,1.63,0.00,0.00,0.00,0.00
69,"4s_3s","SbSha","Basc2",155,0.00,0.00,24.08,63.36,0.00,1.00,0.00,0.00,0.00,2.15,0.00,1.56,0.00,0.00,0.00,0.00
69,"4s_3s","SbSha","Basc2",165,0.00,0.00,21.39,59.69,0.00,0.92,0.00,0.00,0.00,1.95,0.00,1.46,0.00,0.00,0.00,0.00
69,"4s_3s","SbSha","Basc2",175,0.00,0.00,18.67,55.68,0.00,0.84,0.00,0.00,0.00,1.75,0.00,1.36,0.00,0.00,0.00,0.00
69,"4s_3s","SbSha","Basc2",185,0.00,0.00,16.03,51.46,0.00,0.76,0.00,0.00,0.00,1.55,0.00,1.24,0.00,0.00,0.00,0.00
69,"4s_3s","SbSha","Basc2",195,0.00,0.00,13.55,47.11,0.00,0.68,0.00,0.00,0.00,1.36,0.00,1.12,0.00,0.00,0.00,0.00
69,"4s_3s","SbSha","Basc2",205,0.00,0.00,11.29,42.74,0.00,0.60,0.00,0.00,0.00,1.18,0.00,1.00,0.00,0.00,0.00,0.00
69,"4s_3s","SbSha","Basc2",215,0.00,0.00,9.28,38.44,0.00,0.53,0.00,0.00,0.00,1.01,0.00,0.89,0.00,0.00,0.00,0.00
69,"4s_3s","SbSha","Basc2",225,0.00,0.00,7.53,34.26,0.00,0.46,0.00,0.00,0.00,0.86,0.00,0.77,0.00,0.00,0.00,0.00
69,"4s_3s","SbSha","Basc2",235,0.00,0.00,6.04,30.28,0.00,0.40,0.00,0.00,0.00,0.73,0.00,0.67,0.00,0.00,0.00,0.00
69,"4s_3s","SbSha","Basc2",245,0.00,0.00,4.78,26.53,0.00,0.34,0.00,0.00,0.00,0.61,0.00,0.57,0.00,0.00,0.00,0.00
69,"4s_3s","SbSha","Basc2",255,0.00,0.00,3.75,23.06,0.00,0.29,0.00,0.00,0.00,0.50,0.00,0.49,0.00,0.00,0.00,0.00
70,"Patnt","SbSha","Basc2",5,0.00,0.00,0.00,0.00,0.00,0.00,0.00,0.00,0.00,0.00,0.00,0.00,0.00,0.00,0.00,0.00
70,"Patnt","SbSha","Basc2",15,0.00,0.00,0.81,2.45,0.00,0.05,0.00,0.00,0.00,0.04,0.00,0.02,0.00,0.00,0.00,0.00
70,"Patnt","SbSha","Basc2",25,0.00,0.00,2.24,8.70,0.00,0.17,0.00,0.00,0.00,0.15,0.00,0.06,0.00,0.00,0.00,0.00
70,"Patnt","SbSha","Basc2",35,0.00,0.00,4.85,19.03,0.00,0.37,0.00,0.00,0.00,0.37,0.00,0.16,0.00,0.00,0.00,0.00
70,"Patnt","SbSha","Basc2",45,0.00,0.00,8.98,32.02,0.00,0.62,0.00,0.00,0.00,0.75,0.00,0.33,0.00,0.00,0.00,0.00
70,"Patnt","SbSha","Basc2",55,0.00,0.00,14.47,45.53,0.00,0.86,0.00,0.00,0.00,1.25,0.00,0.57,0.00,0.00,0.00,0.00
70,"Patnt","SbSha","Basc2",65,0.00,0.00,20.38,57.38,0.00,1.07,0.00,0.00,0.00,1.80,0.00,0.86,0.00,0.00,0.00,0.00
70,"Patnt","SbSha","Basc2",75,0.00,0.00,25.42,65.74,0.00,1.20,0.00,0.00,0.00,2.26,0.00,1.13,0.00,0.00,0.00,0.00
70,"Patnt","SbSha","Basc2",85,0.00,0.00,28.46,69.39,0.00,1.25,0.00,0.00,0.00,2.52,0.00,1.32,0.00,0.00,0.00,0.00
70,"Patnt","SbSha","Basc2",95,0.00,0.00,28.92,67.97,0.00,1.20,0.00,0.00,0.00,2.54,0.00,1.40,0.00,0.00,0.00,0.00
70,"Patnt","SbSha","Basc2",105,0.00,0.00,26.88,62.08,0.00,1.08,0.00,0.00,0.00,2.35,0.00,1.36,0.00,0.00,0.00,0.00
70,"Patnt","SbSha","Basc2",115,0.00,0.00,22.97,53.02,0.00,0.90,0.00,0.00,0.00,2.00,0.00,1.21,0.00,0.00,0.00,0.00
70,"Patnt","SbSha","Basc2",125,0.00,0.00,18.11,42.43,0.00,0.71,0.00,0.00,0.00,1.57,0.00,1.00,0.00,0.00,0.00,0.00
70,"Patnt","SbSha","Basc2",135,0.00,0.00,13.23,31.85,0.00,0.52,0.00,0.00,0.00,1.15,0.00,0.77,0.00,0.00,0.00,0.00
70,"Patnt","SbSha","Basc2",145,0.00,0.00,8.96,22.45,0.00,0.36,0.00,0.00,0.00,0.78,0.00,0.55,0.00,0.00,0.00,0.00
70,"Patnt","SbSha","Basc2",155,0.00,0.00,5.65,14.87,0.00,0.23,0.00,0.00,0.00,0.50,0.00,0.36,0.00,0.00,0.00,0.00
70,"Patnt","SbSha","Basc2",165,0.00,0.00,3.32,9.26,0.00,0.14,0.00,0.00,0.00,0.30,0.00,0.22,0.00,0.00,0.00,0.00
70,"Patnt","SbSha","Basc2",175,0.00,0.00,1.81,5.42,0.00,0.08,0.00,0.00,0.00,0.17,0.00,0.13,0.00,0.00,0.00,0.00
70,"Patnt","SbSha","Basc2",185,0.00,0.00,0.93,2.99,0.00,0.04,0.00,0.00,0.00,0.09,0.00,0.07,0.00,0.00,0.00,0.00
70,"Patnt","SbSha","Basc2",195,0.00,0.00,0.44,1.55,0.00,0.02,0.00,0.00,0.00,0.04,0.00,0.03,0.00,0.00,0.00,0.00
70,"Patnt","SbSha","Basc2",205,0.00,0.00,0.20,0.75,0.00,0.01,0.00,0.00,0.00,0.02,0.00,0.01,0.00,0.00,0.00,0.00
70,"Patnt","SbSha","Basc2",215,0.00,0.00,0.08,0.34,0.00,4.84073787712477e-03,0.00,0.00,0.00,9.20511934469063e-03,0.00,8.06045958648088e-03,0.00,0.00,0.00,0.00
70,"Patnt","SbSha","Basc2",225,0.00,0.00,0.03,0.15,0.00,2.0469716111023e-03,0.00,0.00,0.00,3.80840020076743e-03,0.00,3.42187442299079e-03,0.00,0.00,0.00,0.00
70,"Patnt","SbSha","Basc2",235,0.00,0.00,0.01,0.06,0.00,8.14864737620788e-04,0.00,0.00,0.00,1.48315257362893e-03,0.00,1.36604678719862e-03,0.00,0.00,0.00,0.00
70,"Patnt","SbSha","Basc2",245,0.00,0.00,4.2432011368375e-03,0.02,0.00,3.05410646376983e-04,0.00,0.00,0.00,5.43792546686798e-04,0.00,5.13006453997515e-04,0.00,0.00,0.00,0.00
70,"Patnt","SbSha","Basc2",255,0.00,0.00,1.38269346753997e-03,8.49719861178901e-03,0.00,1.07783469281166e-04,0.00,0.00,0.00,1.87734110407537e-04,0.00,1.81286372451071e-04,0.00,0.00,0.00,0.00
71,"4s_3s","SbSha","Intn1",5,0.00,0.00,0.00,0.00,0.00,0.00,0.00,0.00,0.00,0.00,0.00,0.00,0.00,0.00,0.00,0.00
71,"4s_3s","SbSha","Intn1",15,0.00,0.00,2.34,7.08,0.00,0.14,0.00,0.00,0.00,0.13,0.00,0.05,0.00,0.00,0.00,0.00
71,"4s_3s","SbSha","Intn1",25,0.00,0.00,4.77,18.51,0.00,0.37,0.00,0.00,0.00,0.33,0.00,0.14,0.00,0.00,0.00,0.00
71,"4s_3s","SbSha","Intn1",35,0.00,0.00,7.98,31.34,0.00,0.62,0.00,0.00,0.00,0.62,0.00,0.27,0.00,0.00,0.00,0.00
71,"4s_3s","SbSha","Intn1",45,0.00,0.00,12.06,43.00,0.00,0.83,0.00,0.00,0.00,1.01,0.00,0.44,0.00,0.00,0.00,0.00
71,"4s_3s","SbSha","Intn1",55,0.00,0.00,16.69,52.50,0.00,0.99,0.00,0.00,0.00,1.45,0.00,0.66,0.00,0.00,0.00,0.00
71,"4s_3s","SbSha","Intn1",65,0.00,0.00,21.24,59.80,0.00,1.11,0.00,0.00,0.00,1.88,0.00,0.89,0.00,0.00,0.00,0.00
71,"4s_3s","SbSha","Intn1",75,0.00,0.00,25.20,65.19,0.00,1.19,0.00,0.00,0.00,2.24,0.00,1.12,0.00,0.00,0.00,0.00
71,"4s_3s","SbSha","Intn1",85,0.00,0.00,28.27,68.94,0.00,1.24,0.00,0.00,0.00,2.50,0.00,1.31,0.00,0.00,0.00,0.00
71,"4s_3s","SbSha","Intn1",95,0.00,0.00,30.31,71.24,0.00,1.26,0.00,0.00,0.00,2.67,0.00,1.47,0.00,0.00,0.00,0.00
71,"4s_3s","SbSha","Intn1",105,0.00,0.00,31.29,72.27,0.00,1.26,0.00,0.00,0.00,2.73,0.00,1.58,0.00,0.00,0.00,0.00
71,"4s_3s","SbSha","Intn1",115,0.00,0.00,31.26,72.18,0.00,1.23,0.00,0.00,0.00,2.72,0.00,1.65,0.00,0.00,0.00,0.00
71,"4s_3s","SbSha","Intn1",125,0.00,0.00,30.36,71.11,0.00,1.19,0.00,0.00,0.00,2.64,0.00,1.68,0.00,0.00,0.00,0.00
71,"4s_3s","SbSha","Intn1",135,0.00,0.00,28.74,69.19,0.00,1.14,0.00,0.00,0.00,2.50,0.00,1.67,0.00,0.00,0.00,0.00
71,"4s_3s","SbSha","Intn1",145,0.00,0.00,26.58,66.57,0.00,1.07,0.00,0.00,0.00,2.34,0.00,1.63,0.00,0.00,0.00,0.00
71,"4s_3s","SbSha","Intn1",155,0.00,0.00,24.08,63.36,0.00,1.00,0.00,0.00,0.00,2.15,0.00,1.56,0.00,0.00,0.00,0.00
71,"4s_3s","SbSha","Intn1",165,0.00,0.00,21.39,59.69,0.00,0.92,0.00,0.00,0.00,1.95,0.00,1.46,0.00,0.00,0.00,0.00
71,"4s_3s","SbSha","Intn1",175,0.00,0.00,18.67,55.68,0.00,0.84,0.00,0.00,0.00,1.75,0.00,1.36,0.00,0.00,0.00,0.00
71,"4s_3s","SbSha","Intn1",185,0.00,0.00,16.03,51.46,0.00,0.76,0.00,0.00,0.00,1.55,0.00,1.24,0.00,0.00,0.00,0.00
71,"4s_3s","SbSha","Intn1",195,0.00,0.00,13.55,47.11,0.00,0.68,0.00,0.00,0.00,1.36,0.00,1.12,0.00,0.00,0.00,0.00
71,"4s_3s","SbSha","Intn1",205,0.00,0.00,11.29,42.74,0.00,0.60,0.00,0.00,0.00,1.18,0.00,1.00,0.00,0.00,0.00,0.00
71,"4s_3s","SbSha","Intn1",215,0.00,0.00,9.28,38.44,0.00,0.53,0.00,0.00,0.00,1.01,0.00,0.89,0.00,0.00,0.00,0.00
71,"4s_3s","SbSha","Intn1",225,0.00,0.00,7.53,34.26,0.00,0.46,0.00,0.00,0.00,0.86,0.00,0.77,0.00,0.00,0.00,0.00
71,"4s_3s","SbSha","Intn1",235,0.00,0.00,6.04,30.28,0.00,0.40,0.00,0.00,0.00,0.73,0.00,0.67,0.00,0.00,0.00,0.00
71,"4s_3s","SbSha","Intn1",245,0.00,0.00,4.78,26.53,0.00,0.34,0.00,0.00,0.00,0.61,0.00,0.57,0.00,0.00,0.00,0.00
71,"4s_3s","SbSha","Intn1",255,0.00,0.00,3.75,23.06,0.00,0.29,0.00,0.00,0.00,0.50,0.00,0.49,0.00,0.00,0.00,0.00
72,"Patnt","SbSha","Intn1",5,0.00,0.00,0.00,0.00,0.00,0.00,0.00,0.00,0.00,0.00,0.00,0.00,0.00,0.00,0.00,0.00
72,"Patnt","SbSha","Intn1",15,0.00,0.00,0.81,2.45,0.00,0.05,0.00,0.00,0.00,0.04,0.00,0.02,0.00,0.00,0.00,0.00
72,"Patnt","SbSha","Intn1",25,0.00,0.00,2.24,8.70,0.00,0.17,0.00,0.00,0.00,0.15,0.00,0.06,0.00,0.00,0.00,0.00
72,"Patnt","SbSha","Intn1",35,0.00,0.00,4.85,19.03,0.00,0.37,0.00,0.00,0.00,0.37,0.00,0.16,0.00,0.00,0.00,0.00
72,"Patnt","SbSha","Intn1",45,0.00,0.00,8.98,32.02,0.00,0.62,0.00,0.00,0.00,0.75,0.00,0.33,0.00,0.00,0.00,0.00
72,"Patnt","SbSha","Intn1",55,0.00,0.00,14.47,45.53,0.00,0.86,0.00,0.00,0.00,1.25,0.00,0.57,0.00,0.00,0.00,0.00
72,"Patnt","SbSha","Intn1",65,0.00,0.00,20.38,57.38,0.00,1.07,0.00,0.00,0.00,1.80,0.00,0.86,0.00,0.00,0.00,0.00
72,"Patnt","SbSha","Intn1",75,0.00,0.00,25.42,65.74,0.00,1.20,0.00,0.00,0.00,2.26,0.00,1.13,0.00,0.00,0.00,0.00
72,"Patnt","SbSha","Intn1",85,0.00,0.00,28.46,69.39,0.00,1.25,0.00,0.00,0.00,2.52,0.00,1.32,0.00,0.00,0.00,0.00
72,"Patnt","SbSha","Intn1",95,0.00,0.00,28.92,67.97,0.00,1.20,0.00,0.00,0.00,2.54,0.00,1.40,0.00,0.00,0.00,0.00
72,"Patnt","SbSha","Intn1",105,0.00,0.00,26.88,62.08,0.00,1.08,0.00,0.00,0.00,2.35,0.00,1.36,0.00,0.00,0.00,0.00
72,"Patnt","SbSha","Intn1",115,0.00,0.00,22.97,53.02,0.00,0.90,0.00,0.00,0.00,2.00,0.00,1.21,0.00,0.00,0.00,0.00
72,"Patnt","SbSha","Intn1",125,0.00,0.00,18.11,42.43,0.00,0.71,0.00,0.00,0.00,1.57,0.00,1.00,0.00,0.00,0.00,0.00
72,"Patnt","SbSha","Intn1",135,0.00,0.00,13.23,31.85,0.00,0.52,0.00,0.00,0.00,1.15,0.00,0.77,0.00,0.00,0.00,0.00
72,"Patnt","SbSha","Intn1",145,0.00,0.00,8.96,22.45,0.00,0.36,0.00,0.00,0.00,0.78,0.00,0.55,0.00,0.00,0.00,0.00
72,"Patnt","SbSha","Intn1",155,0.00,0.00,5.65,14.87,0.00,0.23,0.00,0.00,0.00,0.50,0.00,0.36,0.00,0.00,0.00,0.00
72,"Patnt","SbSha","Intn1",165,0.00,0.00,3.32,9.26,0.00,0.14,0.00,0.00,0.00,0.30,0.00,0.22,0.00,0.00,0.00,0.00
72,"Patnt","SbSha","Intn1",175,0.00,0.00,1.81,5.42,0.00,0.08,0.00,0.00,0.00,0.17,0.00,0.13,0.00,0.00,0.00,0.00
72,"Patnt","SbSha","Intn1",185,0.00,0.00,0.93,2.99,0.00,0.04,0.00,0.00,0.00,0.09,0.00,0.07,0.00,0.00,0.00,0.00
72,"Patnt","SbSha","Intn1",195,0.00,0.00,0.44,1.55,0.00,0.02,0.00,0.00,0.00,0.04,0.00,0.03,0.00,0.00,0.00,0.00
72,"Patnt","SbSha","Intn1",205,0.00,0.00,0.20,0.75,0.00,0.01,0.00,0.00,0.00,0.02,0.00,0.01,0.00,0.00,0.00,0.00
72,"Patnt","SbSha","Intn1",215,0.00,0.00,0.08,0.34,0.00,4.84073787712477e-03,0.00,0.00,0.00,9.20511934469063e-03,0.00,8.06045958648088e-03,0.00,0.00,0.00,0.00
72,"Patnt","SbSha","Intn1",225,0.00,0.00,0.03,0.15,0.00,2.0469716111023e-03,0.00,0.00,0.00,3.80840020076743e-03,0.00,3.42187442299079e-03,0.00,0.00,0.00,0.00
72,"Patnt","SbSha","Intn1",235,0.00,0.00,0.01,0.06,0.00,8.14864737620788e-04,0.00,0.00,0.00,1.48315257362893e-03,0.00,1.36604678719862e-03,0.00,0.00,0.00,0.00
72,"Patnt","SbSha","Intn1",245,0.00,0.00,4.2432011368375e-03,0.02,0.00,3.05410646376983e-04,0.00,0.00,0.00,5.43792546686798e-04,0.00,5.13006453997515e-04,0.00,0.00,0.00,0.00
72,"Patnt","SbSha","Intn1",255,0.00,0.00,1.38269346753997e-03,8.49719861178901e-03,0.00,1.07783469281166e-04,0.00,0.00,0.00,1.87734110407537e-04,0.00,1.81286372451071e-04,0.00,0.00,0.00,0.00
73,"4s_3s","SbSha","Intn2",5,0.00,0.00,0.00,0.00,0.00,0.00,0.00,0.00,0.00,0.00,0.00,0.00,0.00,0.00,0.00,0.00
73,"4s_3s","SbSha","Intn2",15,0.00,0.00,2.34,7.08,0.00,0.14,0.00,0.00,0.00,0.13,0.00,0.05,0.00,0.00,0.00,0.00
73,"4s_3s","SbSha","Intn2",25,0.00,0.00,4.77,18.51,0.00,0.37,0.00,0.00,0.00,0.33,0.00,0.14,0.00,0.00,0.00,0.00
73,"4s_3s","SbSha","Intn2",35,0.00,0.00,7.98,31.34,0.00,0.62,0.00,0.00,0.00,0.62,0.00,0.27,0.00,0.00,0.00,0.00
73,"4s_3s","SbSha","Intn2",45,0.00,0.00,12.06,43.00,0.00,0.83,0.00,0.00,0.00,1.01,0.00,0.44,0.00,0.00,0.00,0.00
73,"4s_3s","SbSha","Intn2",55,0.00,0.00,16.69,52.50,0.00,0.99,0.00,0.00,0.00,1.45,0.00,0.66,0.00,0.00,0.00,0.00
73,"4s_3s","SbSha","Intn2",65,0.00,0.00,21.24,59.80,0.00,1.11,0.00,0.00,0.00,1.88,0.00,0.89,0.00,0.00,0.00,0.00
73,"4s_3s","SbSha","Intn2",75,0.00,0.00,25.20,65.19,0.00,1.19,0.00,0.00,0.00,2.24,0.00,1.12,0.00,0.00,0.00,0.00
73,"4s_3s","SbSha","Intn2",85,0.00,0.00,28.27,68.94,0.00,1.24,0.00,0.00,0.00,2.50,0.00,1.31,0.00,0.00,0.00,0.00
73,"4s_3s","SbSha","Intn2",95,0.00,0.00,30.31,71.24,0.00,1.26,0.00,0.00,0.00,2.67,0.00,1.47,0.00,0.00,0.00,0.00
73,"4s_3s","SbSha","Intn2",105,0.00,0.00,31.29,72.27,0.00,1.26,0.00,0.00,0.00,2.73,0.00,1.58,0.00,0.00,0.00,0.00
73,"4s_3s","SbSha","Intn2",115,0.00,0.00,31.26,72.18,0.00,1.23,0.00,0.00,0.00,2.72,0.00,1.65,0.00,0.00,0.00,0.00
73,"4s_3s","SbSha","Intn2",125,0.00,0.00,30.36,71.11,0.00,1.19,0.00,0.00,0.00,2.64,0.00,1.68,0.00,0.00,0.00,0.00
73,"4s_3s","SbSha","Intn2",135,0.00,0.00,28.74,69.19,0.00,1.14,0.00,0.00,0.00,2.50,0.00,1.67,0.00,0.00,0.00,0.00
73,"4s_3s","SbSha","Intn2",145,0.00,0.00,26.58,66.57,0.00,1.07,0.00,0.00,0.00,2.34,0.00,1.63,0.00,0.00,0.00,0.00
73,"4s_3s","SbSha","Intn2",155,0.00,0.00,24.08,63.36,0.00,1.00,0.00,0.00,0.00,2.15,0.00,1.56,0.00,0.00,0.00,0.00
73,"4s_3s","SbSha","Intn2",165,0.00,0.00,21.39,59.69,0.00,0.92,0.00,0.00,0.00,1.95,0.00,1.46,0.00,0.00,0.00,0.00
73,"4s_3s","SbSha","Intn2",175,0.00,0.00,18.67,55.68,0.00,0.84,0.00,0.00,0.00,1.75,0.00,1.36,0.00,0.00,0.00,0.00
73,"4s_3s","SbSha","Intn2",185,0.00,0.00,16.03,51.46,0.00,0.76,0.00,0.00,0.00,1.55,0.00,1.24,0.00,0.00,0.00,0.00
73,"4s_3s","SbSha","Intn2",195,0.00,0.00,13.55,47.11,0.00,0.68,0.00,0.00,0.00,1.36,0.00,1.12,0.00,0.00,0.00,0.00
73,"4s_3s","SbSha","Intn2",205,0.00,0.00,11.29,42.74,0.00,0.60,0.00,0.00,0.00,1.18,0.00,1.00,0.00,0.00,0.00,0.00
73,"4s_3s","SbSha","Intn2",215,0.00,0.00,9.28,38.44,0.00,0.53,0.00,0.00,0.00,1.01,0.00,0.89,0.00,0.00,0.00,0.00
73,"4s_3s","SbSha","Intn2",225,0.00,0.00,7.53,34.26,0.00,0.46,0.00,0.00,0.00,0.86,0.00,0.77,0.00,0.00,0.00,0.00
73,"4s_3s","SbSha","Intn2",235,0.00,0.00,6.04,30.28,0.00,0.40,0.00,0.00,0.00,0.73,0.00,0.67,0.00,0.00,0.00,0.00
73,"4s_3s","SbSha","Intn2",245,0.00,0.00,4.78,26.53,0.00,0.34,0.00,0.00,0.00,0.61,0.00,0.57,0.00,0.00,0.00,0.00
73,"4s_3s","SbSha","Intn2",255,0.00,0.00,3.75,23.06,0.00,0.29,0.00,0.00,0.00,0.50,0.00,0.49,0.00,0.00,0.00,0.00
74,"Patnt","SbSha","Intn2",5,0.00,0.00,0.00,0.00,0.00,0.00,0.00,0.00,0.00,0.00,0.00,0.00,0.00,0.00,0.00,0.00
74,"Patnt","SbSha","Intn2",15,0.00,0.00,0.81,2.45,0.00,0.05,0.00,0.00,0.00,0.04,0.00,0.02,0.00,0.00,0.00,0.00
74,"Patnt","SbSha","Intn2",25,0.00,0.00,2.24,8.70,0.00,0.17,0.00,0.00,0.00,0.15,0.00,0.06,0.00,0.00,0.00,0.00
74,"Patnt","SbSha","Intn2",35,0.00,0.00,4.85,19.03,0.00,0.37,0.00,0.00,0.00,0.37,0.00,0.16,0.00,0.00,0.00,0.00
74,"Patnt","SbSha","Intn2",45,0.00,0.00,8.98,32.02,0.00,0.62,0.00,0.00,0.00,0.75,0.00,0.33,0.00,0.00,0.00,0.00
74,"Patnt","SbSha","Intn2",55,0.00,0.00,14.47,45.53,0.00,0.86,0.00,0.00,0.00,1.25,0.00,0.57,0.00,0.00,0.00,0.00
74,"Patnt","SbSha","Intn2",65,0.00,0.00,20.38,57.38,0.00,1.07,0.00,0.00,0.00,1.80,0.00,0.86,0.00,0.00,0.00,0.00
74,"Patnt","SbSha","Intn2",75,0.00,0.00,25.42,65.74,0.00,1.20,0.00,0.00,0.00,2.26,0.00,1.13,0.00,0.00,0.00,0.00
74,"Patnt","SbSha","Intn2",85,0.00,0.00,28.46,69.39,0.00,1.25,0.00,0.00,0.00,2.52,0.00,1.32,0.00,0.00,0.00,0.00
74,"Patnt","SbSha","Intn2",95,0.00,0.00,28.92,67.97,0.00,1.20,0.00,0.00,0.00,2.54,0.00,1.40,0.00,0.00,0.00,0.00
74,"Patnt","SbSha","Intn2",105,0.00,0.00,26.88,62.08,0.00,1.08,0.00,0.00,0.00,2.35,0.00,1.36,0.00,0.00,0.00,0.00
74,"Patnt","SbSha","Intn2",115,0.00,0.00,22.97,53.02,0.00,0.90,0.00,0.00,0.00,2.00,0.00,1.21,0.00,0.00,0.00,0.00
74,"Patnt","SbSha","Intn2",125,0.00,0.00,18.11,42.43,0.00,0.71,0.00,0.00,0.00,1.57,0.00,1.00,0.00,0.00,0.00,0.00
74,"Patnt","SbSha","Intn2",135,0.00,0.00,13.23,31.85,0.00,0.52,0.00,0.00,0.00,1.15,0.00,0.77,0.00,0.00,0.00,0.00
74,"Patnt","SbSha","Intn2",145,0.00,0.00,8.96,22.45,0.00,0.36,0.00,0.00,0.00,0.78,0.00,0.55,0.00,0.00,0.00,0.00
74,"Patnt","SbSha","Intn2",155,0.00,0.00,5.65,14.87,0.00,0.23,0.00,0.00,0.00,0.50,0.00,0.36,0.00,0.00,0.00,0.00
74,"Patnt","SbSha","Intn2",165,0.00,0.00,3.32,9.26,0.00,0.14,0.00,0.00,0.00,0.30,0.00,0.22,0.00,0.00,0.00,0.00
74,"Patnt","SbSha","Intn2",175,0.00,0.00,1.81,5.42,0.00,0.08,0.00,0.00,0.00,0.17,0.00,0.13,0.00,0.00,0.00,0.00
74,"Patnt","SbSha","Intn2",185,0.00,0.00,0.93,2.99,0.00,0.04,0.00,0.00,0.00,0.09,0.00,0.07,0.00,0.00,0.00,0.00
74,"Patnt","SbSha","Intn2",195,0.00,0.00,0.44,1.55,0.00,0.02,0.00,0.00,0.00,0.04,0.00,0.03,0.00,0.00,0.00,0.00
74,"Patnt","SbSha","Intn2",205,0.00,0.00,0.20,0.75,0.00,0.01,0.00,0.00,0.00,0.02,0.00,0.01,0.00,0.00,0.00,0.00
74,"Patnt","SbSha","Intn2",215,0.00,0.00,0.08,0.34,0.00,4.84073787712477e-03,0.00,0.00,0.00,9.20511934469063e-03,0.00,8.06045958648088e-03,0.00,0.00,0.00,0.00
74,"Patnt","SbSha","Intn2",225,0.00,0.00,0.03,0.15,0.00,2.0469716111023e-03,0.00,0.00,0.00,3.80840020076743e-03,0.00,3.42187442299079e-03,0.00,0.00,0.00,0.00
74,"Patnt","SbSha","Intn2",235,0.00,0.00,0.01,0.06,0.00,8.14864737620788e-04,0.00,0.00,0.00,1.48315257362893e-03,0.00,1.36604678719862e-03,0.00,0.00,0.00,0.00
74,"Patnt","SbSha","Intn2",245,0.00,0.00,4.2432011368375e-03,0.02,0.00,3.05410646376983e-04,0.00,0.00,0.00,5.43792546686798e-04,0.00,5.13006453997515e-04,0.00,0.00,0.00,0.00
74,"Patnt","SbSha","Intn2",255,0.00,0.00,1.38269346753997e-03,8.49719861178901e-03,0.00,1.07783469281166e-04,0.00,0.00,0.00,1.87734110407537e-04,0.00,1.81286372451071e-04,0.00,0.00,0.00,0.00
75,"4s_3s","SbSha","Succ",5,0.00,0.00,0.00,0.00,0.00,0.00,0.00,0.00,0.00,0.00,0.00,0.00,0.00,0.00,0.00,0.00
75,"4s_3s","SbSha","Succ",15,0.00,0.00,2.34,7.08,0.00,0.14,0.00,0.00,0.00,0.13,0.00,0.05,0.00,0.00,0.00,0.00
75,"4s_3s","SbSha","Succ",25,0.00,0.00,4.77,18.51,0.00,0.37,0.00,0.00,0.00,0.33,0.00,0.14,0.00,0.00,0.00,0.00
75,"4s_3s","SbSha","Succ",35,0.00,0.00,7.98,31.34,0.00,0.62,0.00,0.00,0.00,0.62,0.00,0.27,0.00,0.00,0.00,0.00
75,"4s_3s","SbSha","Succ",45,0.00,0.00,12.06,43.00,0.00,0.83,0.00,0.00,0.00,1.01,0.00,0.44,0.00,0.00,0.00,0.00
75,"4s_3s","SbSha","Succ",55,0.00,0.00,16.69,52.50,0.00,0.99,0.00,0.00,0.00,1.45,0.00,0.66,0.00,0.00,0.00,0.00
75,"4s_3s","SbSha","Succ",65,0.00,0.00,21.24,59.80,0.00,1.11,0.00,0.00,0.00,1.88,0.00,0.89,0.00,0.00,0.00,0.00
75,"4s_3s","SbSha","Succ",75,0.00,0.00,25.20,65.19,0.00,1.19,0.00,0.00,0.00,2.24,0.00,1.12,0.00,0.00,0.00,0.00
75,"4s_3s","SbSha","Succ",85,0.00,0.00,28.27,68.94,0.00,1.24,0.00,0.00,0.00,2.50,0.00,1.31,0.00,0.00,0.00,0.00
75,"4s_3s","SbSha","Succ",95,0.00,0.00,30.31,71.24,0.00,1.26,0.00,0.00,0.00,2.67,0.00,1.47,0.00,0.00,0.00,0.00
75,"4s_3s","SbSha","Succ",105,0.00,0.00,31.29,72.27,0.00,1.26,0.00,0.00,0.00,2.73,0.00,1.58,0.00,0.00,0.00,0.00
75,"4s_3s","SbSha","Succ",115,0.00,0.00,31.26,72.18,0.00,1.23,0.00,0.00,0.00,2.72,0.00,1.65,0.00,0.00,0.00,0.00
75,"4s_3s","SbSha","Succ",125,0.00,0.00,30.36,71.11,0.00,1.19,0.00,0.00,0.00,2.64,0.00,1.68,0.00,0.00,0.00,0.00
75,"4s_3s","SbSha","Succ",135,0.00,0.00,28.74,69.19,0.00,1.14,0.00,0.00,0.00,2.50,0.00,1.67,0.00,0.00,0.00,0.00
75,"4s_3s","SbSha","Succ",145,0.00,0.00,26.58,66.57,0.00,1.07,0.00,0.00,0.00,2.34,0.00,1.63,0.00,0.00,0.00,0.00
75,"4s_3s","SbSha","Succ",155,0.00,0.00,24.08,63.36,0.00,1.00,0.00,0.00,0.00,2.15,0.00,1.56,0.00,0.00,0.00,0.00
75,"4s_3s","SbSha","Succ",165,0.00,0.00,21.39,59.69,0.00,0.92,0.00,0.00,0.00,1.95,0.00,1.46,0.00,0.00,0.00,0.00
75,"4s_3s","SbSha","Succ",175,0.00,0.00,18.67,55.68,0.00,0.84,0.00,0.00,0.00,1.75,0.00,1.36,0.00,0.00,0.00,0.00
75,"4s_3s","SbSha","Succ",185,0.00,0.00,16.03,51.46,0.00,0.76,0.00,0.00,0.00,1.55,0.00,1.24,0.00,0.00,0.00,0.00
75,"4s_3s","SbSha","Succ",195,0.00,0.00,13.55,47.11,0.00,0.68,0.00,0.00,0.00,1.36,0.00,1.12,0.00,0.00,0.00,0.00
75,"4s_3s","SbSha","Succ",205,0.00,0.00,11.29,42.74,0.00,0.60,0.00,0.00,0.00,1.18,0.00,1.00,0.00,0.00,0.00,0.00
75,"4s_3s","SbSha","Succ",215,0.00,0.00,9.28,38.44,0.00,0.53,0.00,0.00,0.00,1.01,0.00,0.89,0.00,0.00,0.00,0.00
75,"4s_3s","SbSha","Succ",225,0.00,0.00,7.53,34.26,0.00,0.46,0.00,0.00,0.00,0.86,0.00,0.77,0.00,0.00,0.00,0.00
75,"4s_3s","SbSha","Succ",235,0.00,0.00,6.04,30.28,0.00,0.40,0.00,0.00,0.00,0.73,0.00,0.67,0.00,0.00,0.00,0.00
75,"4s_3s","SbSha","Succ",245,0.00,0.00,4.78,26.53,0.00,0.34,0.00,0.00,0.00,0.61,0.00,0.57,0.00,0.00,0.00,0.00
75,"4s_3s","SbSha","Succ",255,0.00,0.00,3.75,23.06,0.00,0.29,0.00,0.00,0.00,0.50,0.00,0.49,0.00,0.00,0.00,0.00
76,"Patnt","SbSha","Succ",5,0.00,0.00,0.00,0.00,0.00,0.00,0.00,0.00,0.00,0.00,0.00,0.00,0.00,0.00,0.00,0.00
76,"Patnt","SbSha","Succ",15,0.00,0.00,0.81,2.45,0.00,0.05,0.00,0.00,0.00,0.04,0.00,0.02,0.00,0.00,0.00,0.00
76,"Patnt","SbSha","Succ",25,0.00,0.00,2.24,8.70,0.00,0.17,0.00,0.00,0.00,0.15,0.00,0.06,0.00,0.00,0.00,0.00
76,"Patnt","SbSha","Succ",35,0.00,0.00,4.85,19.03,0.00,0.37,0.00,0.00,0.00,0.37,0.00,0.16,0.00,0.00,0.00,0.00
76,"Patnt","SbSha","Succ",45,0.00,0.00,8.98,32.02,0.00,0.62,0.00,0.00,0.00,0.75,0.00,0.33,0.00,0.00,0.00,0.00
76,"Patnt","SbSha","Succ",55,0.00,0.00,14.47,45.53,0.00,0.86,0.00,0.00,0.00,1.25,0.00,0.57,0.00,0.00,0.00,0.00
76,"Patnt","SbSha","Succ",65,0.00,0.00,20.38,57.38,0.00,1.07,0.00,0.00,0.00,1.80,0.00,0.86,0.00,0.00,0.00,0.00
76,"Patnt","SbSha","Succ",75,0.00,0.00,25.42,65.74,0.00,1.20,0.00,0.00,0.00,2.26,0.00,1.13,0.00,0.00,0.00,0.00
76,"Patnt","SbSha","Succ",85,0.00,0.00,28.46,69.39,0.00,1.25,0.00,0.00,0.00,2.52,0.00,1.32,0.00,0.00,0.00,0.00
76,"Patnt","SbSha","Succ",95,0.00,0.00,28.92,67.97,0.00,1.20,0.00,0.00,0.00,2.54,0.00,1.40,0.00,0.00,0.00,0.00
76,"Patnt","SbSha","Succ",105,0.00,0.00,26.88,62.08,0.00,1.08,0.00,0.00,0.00,2.35,0.00,1.36,0.00,0.00,0.00,0.00
76,"Patnt","SbSha","Succ",115,0.00,0.00,22.97,53.02,0.00,0.90,0.00,0.00,0.00,2.00,0.00,1.21,0.00,0.00,0.00,0.00
76,"Patnt","SbSha","Succ",125,0.00,0.00,18.11,42.43,0.00,0.71,0.00,0.00,0.00,1.57,0.00,1.00,0.00,0.00,0.00,0.00
76,"Patnt","SbSha","Succ",135,0.00,0.00,13.23,31.85,0.00,0.52,0.00,0.00,0.00,1.15,0.00,0.77,0.00,0.00,0.00,0.00
76,"Patnt","SbSha","Succ",145,0.00,0.00,8.96,22.45,0.00,0.36,0.00,0.00,0.00,0.78,0.00,0.55,0.00,0.00,0.00,0.00
76,"Patnt","SbSha","Succ",155,0.00,0.00,5.65,14.87,0.00,0.23,0.00,0.00,0.00,0.50,0.00,0.36,0.00,0.00,0.00,0.00
76,"Patnt","SbSha","Succ",165,0.00,0.00,3.32,9.26,0.00,0.14,0.00,0.00,0.00,0.30,0.00,0.22,0.00,0.00,0.00,0.00
76,"Patnt","SbSha","Succ",175,0.00,0.00,1.81,5.42,0.00,0.08,0.00,0.00,0.00,0.17,0.00,0.13,0.00,0.00,0.00,0.00
76,"Patnt","SbSha","Succ",185,0.00,0.00,0.93,2.99,0.00,0.04,0.00,0.00,0.00,0.09,0.00,0.07,0.00,0.00,0.00,0.00
76,"Patnt","SbSha","Succ",195,0.00,0.00,0.44,1.55,0.00,0.02,0.00,0.00,0.00,0.04,0.00,0.03,0.00,0.00,0.00,0.00
76,"Patnt","SbSha","Succ",205,0.00,0.00,0.20,0.75,0.00,0.01,0.00,0.00,0.00,0.02,0.00,0.01,0.00,0.00,0.00,0.00
76,"Patnt","SbSha","Succ",215,0.00,0.00,0.08,0.34,0.00,4.84073787712477e-03,0.00,0.00,0.00,9.20511934469063e-03,0.00,8.06045958648088e-03,0.00,0.00,0.00,0.00
76,"Patnt","SbSha","Succ",225,0.00,0.00,0.03,0.15,0.00,2.0469716111023e-03,0.00,0.00,0.00,3.80840020076743e-03,0.00,3.42187442299079e-03,0.00,0.00,0.00,0.00
76,"Patnt","SbSha","Succ",235,0.00,0.00,0.01,0.06,0.00,8.14864737620788e-04,0.00,0.00,0.00,1.48315257362893e-03,0.00,1.36604678719862e-03,0.00,0.00,0.00,0.00
76,"Patnt","SbSha","Succ",245,0.00,0.00,4.2432011368375e-03,0.02,0.00,3.05410646376983e-04,0.00,0.00,0.00,5.43792546686798e-04,0.00,5.13006453997515e-04,0.00,0.00,0.00,0.00
76,"Patnt","SbSha","Succ",255,0.00,0.00,1.38269346753997e-03,8.49719861178901e-03,0.00,1.07783469281166e-04,0.00,0.00,0.00,1.87734110407537e-04,0.00,1.81286372451071e-04,0.00,0.00,0.00,0.00
77,"4s_3s","SbDee","Prsnt",5,0.00,0.00,0.00,0.00,0.00,0.00,0.00,0.00,0.00,0.00,0.00,0.00,0.00,0.00,0.00,0.00
77,"4s_3s","SbDee","Prsnt",15,0.00,0.00,0.54,2.37,0.05,0.04,0.00,0.00,0.00,0.04,0.00,0.01,0.00,0.00,0.00,0.00
77,"4s_3s","SbDee","Prsnt",25,0.00,0.00,1.81,10.21,0.16,0.20,0.00,0.00,0.00,0.17,0.00,0.07,0.00,0.00,0.00,0.00
77,"4s_3s","SbDee","Prsnt",35,0.00,0.00,4.17,23.79,0.33,0.45,0.00,0.00,0.00,0.45,0.00,0.19,0.00,0.00,0.00,0.00
77,"4s_3s","SbDee","Prsnt",45,0.00,0.00,7.83,40.54,0.55,0.75,0.00,0.00,0.00,0.91,0.00,0.40,0.00,0.00,0.00,0.00
77,"4s_3s","SbDee","Prsnt",55,0.00,0.00,12.57,57.45,0.79,1.05,0.00,0.00,0.00,1.53,0.00,0.70,0.00,0.00,0.00,0.00
77,"4s_3s","SbDee","Prsnt",65,0.00,0.00,17.74,72.55,1.02,1.30,0.00,0.00,0.00,2.19,0.00,1.05,0.00,0.00,0.00,0.00
77,"4s_3s","SbDee","Prsnt",75,0.00,0.00,22.61,84.96,1.21,1.50,0.00,0.00,0.00,2.81,0.00,1.40,0.00,0.00,0.00,0.00
77,"4s_3s","SbDee","Prsnt",85,0.00,0.00,26.67,94.45,1.35,1.64,0.00,0.00,0.00,3.31,0.00,1.73,0.00,0.00,0.00,0.00
77,"4s_3s","SbDee","Prsnt",95,0.00,0.00,29.62,101.13,1.45,1.73,0.00,0.00,0.00,3.65,0.00,2.01,0.00,0.00,0.00,0.00
77,"4s_3s","SbDee","Prsnt",105,0.00,0.00,31.36,105.21,1.50,1.77,0.00,0.00,0.00,3.84,0.00,2.22,0.00,0.00,0.00,0.00
77,"4s_3s","SbDee","Prsnt",115,0.00,0.00,31.88,106.92,1.53,1.76,0.00,0.00,0.00,3.88,0.00,2.36,0.00,0.00,0.00,0.00
77,"4s_3s","SbDee","Prsnt",125,0.00,0.00,31.31,106.51,1.52,1.72,0.00,0.00,0.00,3.81,0.00,2.43,0.00,0.00,0.00,0.00
77,"4s_3s","SbDee","Prsnt",135,0.00,0.00,29.80,104.21,1.49,1.65,0.00,0.00,0.00,3.64,0.00,2.43,0.00,0.00,0.00,0.00
77,"4s_3s","SbDee","Prsnt",145,0.00,0.00,27.57,100.28,1.44,1.56,0.00,0.00,0.00,3.40,0.00,2.36,0.00,0.00,0.00,0.00
77,"4s_3s","SbDee","Prsnt",155,0.00,0.00,24.85,94.99,1.36,1.45,0.00,0.00,0.00,3.11,0.00,2.25,0.00,0.00,0.00,0.00
77,"4s_3s","SbDee","Prsnt",165,0.00,0.00,21.87,88.64,1.27,1.32,0.00,0.00,0.00,2.79,0.00,2.10,0.00,0.00,0.00,0.00
77,"4s_3s","SbDee","Prsnt",175,0.00,0.00,18.82,81.51,1.17,1.19,0.00,0.00,0.00,2.47,0.00,1.92,0.00,0.00,0.00,0.00
77,"4s_3s","SbDee","Prsnt",185,0.00,0.00,15.85,73.90,1.06,1.06,0.00,0.00,0.00,2.14,0.00,1.72,0.00,0.00,0.00,0.00
77,"4s_3s","SbDee","Prsnt",195,0.00,0.00,13.09,66.08,0.95,0.92,0.00,0.00,0.00,1.84,0.00,1.52,0.00,0.00,0.00,0.00
77,"4s_3s","SbDee","Prsnt",205,0.00,0.00,10.60,58.29,0.83,0.79,0.00,0.00,0.00,1.55,0.00,1.32,0.00,0.00,0.00,0.00
77,"4s_3s","SbDee","Prsnt",215,0.00,0.00,8.43,50.73,0.73,0.68,0.00,0.00,0.00,1.29,0.00,1.13,0.00,0.00,0.00,0.00
77,"4s_3s","SbDee","Prsnt",225,0.00,0.00,6.59,43.58,0.62,0.57,0.00,0.00,0.00,1.06,0.00,0.95,0.00,0.00,0.00,0.00
77,"4s_3s","SbDee","Prsnt",235,0.00,0.00,5.07,36.95,0.53,0.47,0.00,0.00,0.00,0.86,0.00,0.79,0.00,0.00,0.00,0.00
77,"4s_3s","SbDee","Prsnt",245,0.00,0.00,3.84,30.92,0.44,0.38,0.00,0.00,0.00,0.68,0.00,0.65,0.00,0.00,0.00,0.00
77,"4s_3s","SbDee","Prsnt",255,0.00,0.00,2.86,25.55,0.36,0.31,0.00,0.00,0.00,0.54,0.00,0.52,0.00,0.00,0.00,0.00
78,"Patnt","SbDee","Prsnt",5,0.00,0.00,0.00,0.00,0.00,0.00,0.00,0.00,0.00,0.00,0.00,0.00,0.00,0.00,0.00,0.00
78,"Patnt","SbDee","Prsnt",15,0.00,0.00,0.43,1.88,0.03,0.03,0.00,0.00,0.00,0.03,0.00,0.01,0.00,0.00,0.00,0.00
78,"Patnt","SbDee","Prsnt",25,0.00,0.00,1.55,8.72,0.13,0.17,0.00,0.00,0.00,0.15,0.00,0.06,0.00,0.00,0.00,0.00
78,"Patnt","SbDee","Prsnt",35,0.00,0.00,3.78,21.57,0.30,0.41,0.00,0.00,0.00,0.41,0.00,0.17,0.00,0.00,0.00,0.00
78,"Patnt","SbDee","Prsnt",45,0.00,0.00,7.44,38.51,0.52,0.71,0.00,0.00,0.00,0.87,0.00,0.38,0.00,0.00,0.00,0.00
78,"Patnt","SbDee","Prsnt",55,0.00,0.00,12.36,56.48,0.78,1.03,0.00,0.00,0.00,1.50,0.00,0.69,0.00,0.00,0.00,0.00
78,"Patnt","SbDee","Prsnt",65,0.00,0.00,17.83,72.91,1.03,1.31,0.00,0.00,0.00,2.21,0.00,1.05,0.00,0.00,0.00,0.00
78,"Patnt","SbDee","Prsnt",75,0.00,0.00,22.94,86.19,1.22,1.52,0.00,0.00,0.00,2.85,0.00,1.42,0.00,0.00,0.00,0.00
78,"Patnt","SbDee","Prsnt",85,0.00,0.00,26.98,95.56,1.36,1.66,0.00,0.00,0.00,3.35,0.00,1.75,0.00,0.00,0.00,0.00
78,"Patnt","SbDee","Prsnt",95,0.00,0.00,29.52,100.77,1.44,1.72,0.00,0.00,0.00,3.64,0.00,2.00,0.00,0.00,0.00,0.00
78,"Patnt","SbDee","Prsnt",105,0.00,0.00,30.40,101.98,1.46,1.71,0.00,0.00,0.00,3.72,0.00,2.16,0.00,0.00,0.00,0.00
78,"Patnt","SbDee","Prsnt",115,0.00,0.00,29.70,99.58,1.42,1.64,0.00,0.00,0.00,3.62,0.00,2.20,0.00,0.00,0.00,0.00
78,"Patnt","SbDee","Prsnt",125,0.00,0.00,27.67,94.14,1.35,1.52,0.00,0.00,0.00,3.36,0.00,2.15,0.00,0.00,0.00,0.00
78,"Patnt","SbDee","Prsnt",135,0.00,0.00,24.68,86.33,1.24,1.37,0.00,0.00,0.00,3.01,0.00,2.01,0.00,0.00,0.00,0.00
78,"Patnt","SbDee","Prsnt",145,0.00,0.00,21.14,76.91,1.10,1.19,0.00,0.00,0.00,2.60,0.00,1.81,0.00,0.00,0.00,0.00
78,"Patnt","SbDee","Prsnt",155,0.00,0.00,17.43,66.61,0.95,1.01,0.00,0.00,0.00,2.18,0.00,1.58,0.00,0.00,0.00,0.00
78,"Patnt","SbDee","Prsnt",165,0.00,0.00,13.85,56.13,0.80,0.84,0.00,0.00,0.00,1.77,0.00,1.33,0.00,0.00,0.00,0.00
78,"Patnt","SbDee","Prsnt",175,0.00,0.00,10.63,46.04,0.66,0.67,0.00,0.00,0.00,1.39,0.00,1.08,0.00,0.00,0.00,0.00
78,"Patnt","SbDee","Prsnt",185,0.00,0.00,7.89,36.78,0.52,0.52,0.00,0.00,0.00,1.06,0.00,0.85,0.00,0.00,0.00,0.00
78,"Patnt","SbDee","Prsnt",195,0.00,0.00,5.66,28.61,0.41,0.40,0.00,0.00,0.00,0.79,0.00,0.66,0.00,0.00,0.00,0.00
78,"Patnt","SbDee","Prsnt",205,0.00,0.00,3.94,21.69,0.31,0.29,0.00,0.00,0.00,0.57,0.00,0.49,0.00,0.00,0.00,0.00
78,"Patnt","SbDee","Prsnt",215,0.00,0.00,2.66,16.02,0.23,0.21,0.00,0.00,0.00,0.40,0.00,0.35,0.00,0.00,0.00,0.00
78,"Patnt","SbDee","Prsnt",225,0.00,0.00,1.74,11.54,0.16,0.15,0.00,0.00,0.00,0.28,0.00,0.25,0.00,0.00,0.00,0.00
78,"Patnt","SbDee","Prsnt",235,0.00,0.00,1.11,8.10,0.11,0.10,0.00,0.00,0.00,0.18,0.00,0.17,0.00,0.00,0.00,0.00
78,"Patnt","SbDee","Prsnt",245,0.00,0.00,0.68,5.54,0.07,0.06,0.00,0.00,0.00,0.12,0.00,0.11,0.00,0.00,0.00,0.00
78,"Patnt","SbDee","Prsnt",255,0.00,0.00,0.41,3.70,0.05,0.04,0.00,0.00,0.00,0.07,0.00,0.07,0.00,0.00,0.00,0.00
79,"4s_3s","SbDee","Exten",5,0.00,0.00,0.00,0.00,0.00,0.00,0.00,0.00,0.00,0.00,0.00,0.00,0.00,0.00,0.00,0.00
79,"4s_3s","SbDee","Exten",15,0.00,0.00,0.54,2.37,0.05,0.04,0.00,0.00,0.00,0.04,0.00,0.01,0.00,0.00,0.00,0.00
79,"4s_3s","SbDee","Exten",25,0.00,0.00,1.81,10.21,0.16,0.20,0.00,0.00,0.00,0.17,0.00,0.07,0.00,0.00,0.00,0.00
79,"4s_3s","SbDee","Exten",35,0.00,0.00,4.17,23.79,0.33,0.45,0.00,0.00,0.00,0.45,0.00,0.19,0.00,0.00,0.00,0.00
79,"4s_3s","SbDee","Exten",45,0.00,0.00,7.83,40.54,0.55,0.75,0.00,0.00,0.00,0.91,0.00,0.40,0.00,0.00,0.00,0.00
79,"4s_3s","SbDee","Exten",55,0.00,0.00,12.57,57.45,0.79,1.05,0.00,0.00,0.00,1.53,0.00,0.70,0.00,0.00,0.00,0.00
79,"4s_3s","SbDee","Exten",65,0.00,0.00,17.74,72.55,1.02,1.30,0.00,0.00,0.00,2.19,0.00,1.05,0.00,0.00,0.00,0.00
79,"4s_3s","SbDee","Exten",75,0.00,0.00,22.61,84.96,1.21,1.50,0.00,0.00,0.00,2.81,0.00,1.40,0.00,0.00,0.00,0.00
79,"4s_3s","SbDee","Exten",85,0.00,0.00,26.67,94.45,1.35,1.64,0.00,0.00,0.00,3.31,0.00,1.73,0.00,0.00,0.00,0.00
79,"4s_3s","SbDee","Exten",95,0.00,0.00,29.62,101.13,1.45,1.73,0.00,0.00,0.00,3.65,0.00,2.01,0.00,0.00,0.00,0.00
79,"4s_3s","SbDee","Exten",105,0.00,0.00,31.36,105.21,1.50,1.77,0.00,0.00,0.00,3.84,0.00,2.22,0.00,0.00,0.00,0.00
79,"4s_3s","SbDee","Exten",115,0.00,0.00,31.88,106.92,1.53,1.76,0.00,0.00,0.00,3.88,0.00,2.36,0.00,0.00,0.00,0.00
79,"4s_3s","SbDee","Exten",125,0.00,0.00,31.31,106.51,1.52,1.72,0.00,0.00,0.00,3.81,0.00,2.43,0.00,0.00,0.00,0.00
79,"4s_3s","SbDee","Exten",135,0.00,0.00,29.80,104.21,1.49,1.65,0.00,0.00,0.00,3.64,0.00,2.43,0.00,0.00,0.00,0.00
79,"4s_3s","SbDee","Exten",145,0.00,0.00,27.57,100.28,1.44,1.56,0.00,0.00,0.00,3.40,0.00,2.36,0.00,0.00,0.00,0.00
79,"4s_3s","SbDee","Exten",155,0.00,0.00,24.85,94.99,1.36,1.45,0.00,0.00,0.00,3.11,0.00,2.25,0.00,0.00,0.00,0.00
79,"4s_3s","SbDee","Exten",165,0.00,0.00,21.87,88.64,1.27,1.32,0.00,0.00,0.00,2.79,0.00,2.10,0.00,0.00,0.00,0.00
79,"4s_3s","SbDee","Exten",175,0.00,0.00,18.82,81.51,1.17,1.19,0.00,0.00,0.00,2.47,0.00,1.92,0.00,0.00,0.00,0.00
79,"4s_3s","SbDee","Exten",185,0.00,0.00,15.85,73.90,1.06,1.06,0.00,0.00,0.00,2.14,0.00,1.72,0.00,0.00,0.00,0.00
79,"4s_3s","SbDee","Exten",195,0.00,0.00,13.09,66.08,0.95,0.92,0.00,0.00,0.00,1.84,0.00,1.52,0.00,0.00,0.00,0.00
79,"4s_3s","SbDee","Exten",205,0.00,0.00,10.60,58.29,0.83,0.79,0.00,0.00,0.00,1.55,0.00,1.32,0.00,0.00,0.00,0.00
79,"4s_3s","SbDee","Exten",215,0.00,0.00,8.43,50.73,0.73,0.68,0.00,0.00,0.00,1.29,0.00,1.13,0.00,0.00,0.00,0.00
79,"4s_3s","SbDee","Exten",225,0.00,0.00,6.59,43.58,0.62,0.57,0.00,0.00,0.00,1.06,0.00,0.95,0.00,0.00,0.00,0.00
79,"4s_3s","SbDee","Exten",235,0.00,0.00,5.07,36.95,0.53,0.47,0.00,0.00,0.00,0.86,0.00,0.79,0.00,0.00,0.00,0.00
79,"4s_3s","SbDee","Exten",245,0.00,0.00,3.84,30.92,0.44,0.38,0.00,0.00,0.00,0.68,0.00,0.65,0.00,0.00,0.00,0.00
79,"4s_3s","SbDee","Exten",255,0.00,0.00,2.86,25.55,0.36,0.31,0.00,0.00,0.00,0.54,0.00,0.52,0.00,0.00,0.00,0.00
80,"Patnt","SbDee","Exten",5,0.00,0.00,0.00,0.00,0.00,0.00,0.00,0.00,0.00,0.00,0.00,0.00,0.00,0.00,0.00,0.00
80,"Patnt","SbDee","Exten",15,0.00,0.00,0.43,1.88,0.03,0.03,0.00,0.00,0.00,0.03,0.00,0.01,0.00,0.00,0.00,0.00
80,"Patnt","SbDee","Exten",25,0.00,0.00,1.55,8.72,0.13,0.17,0.00,0.00,0.00,0.15,0.00,0.06,0.00,0.00,0.00,0.00
80,"Patnt","SbDee","Exten",35,0.00,0.00,3.78,21.57,0.30,0.41,0.00,0.00,0.00,0.41,0.00,0.17,0.00,0.00,0.00,0.00
80,"Patnt","SbDee","Exten",45,0.00,0.00,7.44,38.51,0.52,0.71,0.00,0.00,0.00,0.87,0.00,0.38,0.00,0.00,0.00,0.00
80,"Patnt","SbDee","Exten",55,0.00,0.00,12.36,56.48,0.78,1.03,0.00,0.00,0.00,1.50,0.00,0.69,0.00,0.00,0.00,0.00
80,"Patnt","SbDee","Exten",65,0.00,0.00,17.83,72.91,1.03,1.31,0.00,0.00,0.00,2.21,0.00,1.05,0.00,0.00,0.00,0.00
80,"Patnt","SbDee","Exten",75,0.00,0.00,22.94,86.19,1.22,1.52,0.00,0.00,0.00,2.85,0.00,1.42,0.00,0.00,0.00,0.00
80,"Patnt","SbDee","Exten",85,0.00,0.00,26.98,95.56,1.36,1.66,0.00,0.00,0.00,3.35,0.00,1.75,0.00,0.00,0.00,0.00
80,"Patnt","SbDee","Exten",95,0.00,0.00,29.52,100.77,1.44,1.72,0.00,0.00,0.00,3.64,0.00,2.00,0.00,0.00,0.00,0.00
80,"Patnt","SbDee","Exten",105,0.00,0.00,30.40,101.98,1.46,1.71,0.00,0.00,0.00,3.72,0.00,2.16,0.00,0.00,0.00,0.00
80,"Patnt","SbDee","Exten",115,0.00,0.00,29.70,99.58,1.42,1.64,0.00,0.00,0.00,3.62,0.00,2.20,0.00,0.00,0.00,0.00
80,"Patnt","SbDee","Exten",125,0.00,0.00,27.67,94.14,1.35,1.52,0.00,0.00,0.00,3.36,0.00,2.15,0.00,0.00,0.00,0.00
80,"Patnt","SbDee","Exten",135,0.00,0.00,24.68,86.33,1.24,1.37,0.00,0.00,0.00,3.01,0.00,2.01,0.00,0.00,0.00,0.00
80,"Patnt","SbDee","Exten",145,0.00,0.00,21.14,76.91,1.10,1.19,0.00,0.00,0.00,2.60,0.00,1.81,0.00,0.00,0.00,0.00
80,"Patnt","SbDee","Exten",155,0.00,0.00,17.43,66.61,0.95,1.01,0.00,0.00,0.00,2.18,0.00,1.58,0.00,0.00,0.00,0.00
80,"Patnt","SbDee","Exten",165,0.00,0.00,13.85,56.13,0.80,0.84,0.00,0.00,0.00,1.77,0.00,1.33,0.00,0.00,0.00,0.00
80,"Patnt","SbDee","Exten",175,0.00,0.00,10.63,46.04,0.66,0.67,0.00,0.00,0.00,1.39,0.00,1.08,0.00,0.00,0.00,0.00
80,"Patnt","SbDee","Exten",185,0.00,0.00,7.89,36.78,0.52,0.52,0.00,0.00,0.00,1.06,0.00,0.85,0.00,0.00,0.00,0.00
80,"Patnt","SbDee","Exten",195,0.00,0.00,5.66,28.61,0.41,0.40,0.00,0.00,0.00,0.79,0.00,0.66,0.00,0.00,0.00,0.00
80,"Patnt","SbDee","Exten",205,0.00,0.00,3.94,21.69,0.31,0.29,0.00,0.00,0.00,0.57,0.00,0.49,0.00,0.00,0.00,0.00
80,"Patnt","SbDee","Exten",215,0.00,0.00,2.66,16.02,0.23,0.21,0.00,0.00,0.00,0.40,0.00,0.35,0.00,0.00,0.00,0.00
80,"Patnt","SbDee","Exten",225,0.00,0.00,1.74,11.54,0.16,0.15,0.00,0.00,0.00,0.28,0.00,0.25,0.00,0.00,0.00,0.00
80,"Patnt","SbDee","Exten",235,0.00,0.00,1.11,8.10,0.11,0.10,0.00,0.00,0.00,0.18,0.00,0.17,0.00,0.00,0.00,0.00
80,"Patnt","SbDee","Exten",245,0.00,0.00,0.68,5.54,0.07,0.06,0.00,0.00,0.00,0.12,0.00,0.11,0.00,0.00,0.00,0.00
80,"Patnt","SbDee","Exten",255,0.00,0.00,0.41,3.70,0.05,0.04,0.00,0.00,0.00,0.07,0.00,0.07,0.00,0.00,0.00,0.00
81,"4s_3s","SbDee","Basc1",5,0.00,0.00,0.00,0.00,0.00,0.00,0.00,0.00,0.00,0.00,0.00,0.00,0.00,0.00,0.00,0.00
81,"4s_3s","SbDee","Basc1",15,0.00,0.00,0.54,2.37,0.05,0.04,0.00,0.00,0.00,0.04,0.00,0.01,0.00,0.00,0.00,0.00
81,"4s_3s","SbDee","Basc1",25,0.00,0.00,1.81,10.21,0.16,0.20,0.00,0.00,0.00,0.17,0.00,0.07,0.00,0.00,0.00,0.00
81,"4s_3s","SbDee","Basc1",35,0.00,0.00,4.17,23.79,0.33,0.45,0.00,0.00,0.00,0.45,0.00,0.19,0.00,0.00,0.00,0.00
81,"4s_3s","SbDee","Basc1",45,0.00,0.00,7.83,40.54,0.55,0.75,0.00,0.00,0.00,0.91,0.00,0.40,0.00,0.00,0.00,0.00
81,"4s_3s","SbDee","Basc1",55,0.00,0.00,12.57,57.45,0.79,1.05,0.00,0.00,0.00,1.53,0.00,0.70,0.00,0.00,0.00,0.00
81,"4s_3s","SbDee","Basc1",65,0.00,0.00,17.74,72.55,1.02,1.30,0.00,0.00,0.00,2.19,0.00,1.05,0.00,0.00,0.00,0.00
81,"4s_3s","SbDee","Basc1",75,0.00,0.00,22.61,84.96,1.21,1.50,0.00,0.00,0.00,2.81,0.00,1.40,0.00,0.00,0.00,0.00
81,"4s_3s","SbDee","Basc1",85,0.00,0.00,26.67,94.45,1.35,1.64,0.00,0.00,0.00,3.31,0.00,1.73,0.00,0.00,0.00,0.00
81,"4s_3s","SbDee","Basc1",95,0.00,0.00,29.62,101.13,1.45,1.73,0.00,0.00,0.00,3.65,0.00,2.01,0.00,0.00,0.00,0.00
81,"4s_3s","SbDee","Basc1",105,0.00,0.00,31.36,105.21,1.50,1.77,0.00,0.00,0.00,3.84,0.00,2.22,0.00,0.00,0.00,0.00
81,"4s_3s","SbDee","Basc1",115,0.00,0.00,31.88,106.92,1.53,1.76,0.00,0.00,0.00,3.88,0.00,2.36,0.00,0.00,0.00,0.00
81,"4s_3s","SbDee","Basc1",125,0.00,0.00,31.31,106.51,1.52,1.72,0.00,0.00,0.00,3.81,0.00,2.43,0.00,0.00,0.00,0.00
81,"4s_3s","SbDee","Basc1",135,0.00,0.00,29.80,104.21,1.49,1.65,0.00,0.00,0.00,3.64,0.00,2.43,0.00,0.00,0.00,0.00
81,"4s_3s","SbDee","Basc1",145,0.00,0.00,27.57,100.28,1.44,1.56,0.00,0.00,0.00,3.40,0.00,2.36,0.00,0.00,0.00,0.00
81,"4s_3s","SbDee","Basc1",155,0.00,0.00,24.85,94.99,1.36,1.45,0.00,0.00,0.00,3.11,0.00,2.25,0.00,0.00,0.00,0.00
81,"4s_3s","SbDee","Basc1",165,0.00,0.00,21.87,88.64,1.27,1.32,0.00,0.00,0.00,2.79,0.00,2.10,0.00,0.00,0.00,0.00
81,"4s_3s","SbDee","Basc1",175,0.00,0.00,18.82,81.51,1.17,1.19,0.00,0.00,0.00,2.47,0.00,1.92,0.00,0.00,0.00,0.00
81,"4s_3s","SbDee","Basc1",185,0.00,0.00,15.85,73.90,1.06,1.06,0.00,0.00,0.00,2.14,0.00,1.72,0.00,0.00,0.00,0.00
81,"4s_3s","SbDee","Basc1",195,0.00,0.00,13.09,66.08,0.95,0.92,0.00,0.00,0.00,1.84,0.00,1.52,0.00,0.00,0.00,0.00
81,"4s_3s","SbDee","Basc1",205,0.00,0.00,10.60,58.29,0.83,0.79,0.00,0.00,0.00,1.55,0.00,1.32,0.00,0.00,0.00,0.00
81,"4s_3s","SbDee","Basc1",215,0.00,0.00,8.43,50.73,0.73,0.68,0.00,0.00,0.00,1.29,0.00,1.13,0.00,0.00,0.00,0.00
81,"4s_3s","SbDee","Basc1",225,0.00,0.00,6.59,43.58,0.62,0.57,0.00,0.00,0.00,1.06,0.00,0.95,0.00,0.00,0.00,0.00
81,"4s_3s","SbDee","Basc1",235,0.00,0.00,5.07,36.95,0.53,0.47,0.00,0.00,0.00,0.86,0.00,0.79,0.00,0.00,0.00,0.00
81,"4s_3s","SbDee","Basc1",245,0.00,0.00,3.84,30.92,0.44,0.38,0.00,0.00,0.00,0.68,0.00,0.65,0.00,0.00,0.00,0.00
81,"4s_3s","SbDee","Basc1",255,0.00,0.00,2.86,25.55,0.36,0.31,0.00,0.00,0.00,0.54,0.00,0.52,0.00,0.00,0.00,0.00
82,"Patnt","SbDee","Basc1",5,0.00,0.00,0.00,0.00,0.00,0.00,0.00,0.00,0.00,0.00,0.00,0.00,0.00,0.00,0.00,0.00
82,"Patnt","SbDee","Basc1",15,0.00,0.00,0.43,1.88,0.03,0.03,0.00,0.00,0.00,0.03,0.00,0.01,0.00,0.00,0.00,0.00
82,"Patnt","SbDee","Basc1",25,0.00,0.00,1.55,8.72,0.13,0.17,0.00,0.00,0.00,0.15,0.00,0.06,0.00,0.00,0.00,0.00
82,"Patnt","SbDee","Basc1",35,0.00,0.00,3.78,21.57,0.30,0.41,0.00,0.00,0.00,0.41,0.00,0.17,0.00,0.00,0.00,0.00
82,"Patnt","SbDee","Basc1",45,0.00,0.00,7.44,38.51,0.52,0.71,0.00,0.00,0.00,0.87,0.00,0.38,0.00,0.00,0.00,0.00
82,"Patnt","SbDee","Basc1",55,0.00,0.00,12.36,56.48,0.78,1.03,0.00,0.00,0.00,1.50,0.00,0.69,0.00,0.00,0.00,0.00
82,"Patnt","SbDee","Basc1",65,0.00,0.00,17.83,72.91,1.03,1.31,0.00,0.00,0.00,2.21,0.00,1.05,0.00,0.00,0.00,0.00
82,"Patnt","SbDee","Basc1",75,0.00,0.00,22.94,86.19,1.22,1.52,0.00,0.00,0.00,2.85,0.00,1.42,0.00,0.00,0.00,0.00
82,"Patnt","SbDee","Basc1",85,0.00,0.00,26.98,95.56,1.36,1.66,0.00,0.00,0.00,3.35,0.00,1.75,0.00,0.00,0.00,0.00
82,"Patnt","SbDee","Basc1",95,0.00,0.00,29.52,100.77,1.44,1.72,0.00,0.00,0.00,3.64,0.00,2.00,0.00,0.00,0.00,0.00
82,"Patnt","SbDee","Basc1",105,0.00,0.00,30.40,101.98,1.46,1.71,0.00,0.00,0.00,3.72,0.00,2.16,0.00,0.00,0.00,0.00
82,"Patnt","SbDee","Basc1",115,0.00,0.00,29.70,99.58,1.42,1.64,0.00,0.00,0.00,3.62,0.00,2.20,0.00,0.00,0.00,0.00
82,"Patnt","SbDee","Basc1",125,0.00,0.00,27.67,94.14,1.35,1.52,0.00,0.00,0.00,3.36,0.00,2.15,0.00,0.00,0.00,0.00
82,"Patnt","SbDee","Basc1",135,0.00,0.00,24.68,86.33,1.24,1.37,0.00,0.00,0.00,3.01,0.00,2.01,0.00,0.00,0.00,0.00
82,"Patnt","SbDee","Basc1",145,0.00,0.00,21.14,76.91,1.10,1.19,0.00,0.00,0.00,2.60,0.00,1.81,0.00,0.00,0.00,0.00
82,"Patnt","SbDee","Basc1",155,0.00,0.00,17.43,66.61,0.95,1.01,0.00,0.00,0.00,2.18,0.00,1.58,0.00,0.00,0.00,0.00
82,"Patnt","SbDee","Basc1",165,0.00,0.00,13.85,56.13,0.80,0.84,0.00,0.00,0.00,1.77,0.00,1.33,0.00,0.00,0.00,0.00
82,"Patnt","SbDee","Basc1",175,0.00,0.00,10.63,46.04,0.66,0.67,0.00,0.00,0.00,1.39,0.00,1.08,0.00,0.00,0.00,0.00
82,"Patnt","SbDee","Basc1",185,0.00,0.00,7.89,36.78,0.52,0.52,0.00,0.00,0.00,1.06,0.00,0.85,0.00,0.00,0.00,0.00
82,"Patnt","SbDee","Basc1",195,0.00,0.00,5.66,28.61,0.41,0.40,0.00,0.00,0.00,0.79,0.00,0.66,0.00,0.00,0.00,0.00
82,"Patnt","SbDee","Basc1",205,0.00,0.00,3.94,21.69,0.31,0.29,0.00,0.00,0.00,0.57,0.00,0.49,0.00,0.00,0.00,0.00
82,"Patnt","SbDee","Basc1",215,0.00,0.00,2.66,16.02,0.23,0.21,0.00,0.00,0.00,0.40,0.00,0.35,0.00,0.00,0.00,0.00
82,"Patnt","SbDee","Basc1",225,0.00,0.00,1.74,11.54,0.16,0.15,0.00,0.00,0.00,0.28,0.00,0.25,0.00,0.00,0.00,0.00
82,"Patnt","SbDee","Basc1",235,0.00,0.00,1.11,8.10,0.11,0.10,0.00,0.00,0.00,0.18,0.00,0.17,0.00,0.00,0.00,0.00
82,"Patnt","SbDee","Basc1",245,0.00,0.00,0.68,5.54,0.07,0.06,0.00,0.00,0.00,0.12,0.00,0.11,0.00,0.00,0.00,0.00
82,"Patnt","SbDee","Basc1",255,0.00,0.00,0.41,3.70,0.05,0.04,0.00,0.00,0.00,0.07,0.00,0.07,0.00,0.00,0.00,0.00
83,"4s_3s","SbDee","Basc2",5,0.00,0.00,0.00,0.00,0.00,0.00,0.00,0.00,0.00,0.00,0.00,0.00,0.00,0.00,0.00,0.00
83,"4s_3s","SbDee","Basc2",15,0.00,0.00,0.54,2.37,0.05,0.04,0.00,0.00,0.00,0.04,0.00,0.01,0.00,0.00,0.00,0.00
83,"4s_3s","SbDee","Basc2",25,0.00,0.00,1.81,10.21,0.16,0.20,0.00,0.00,0.00,0.17,0.00,0.07,0.00,0.00,0.00,0.00
83,"4s_3s","SbDee","Basc2",35,0.00,0.00,4.17,23.79,0.33,0.45,0.00,0.00,0.00,0.45,0.00,0.19,0.00,0.00,0.00,0.00
83,"4s_3s","SbDee","Basc2",45,0.00,0.00,7.83,40.54,0.55,0.75,0.00,0.00,0.00,0.91,0.00,0.40,0.00,0.00,0.00,0.00
83,"4s_3s","SbDee","Basc2",55,0.00,0.00,12.57,57.45,0.79,1.05,0.00,0.00,0.00,1.53,0.00,0.70,0.00,0.00,0.00,0.00
83,"4s_3s","SbDee","Basc2",65,0.00,0.00,17.74,72.55,1.02,1.30,0.00,0.00,0.00,2.19,0.00,1.05,0.00,0.00,0.00,0.00
83,"4s_3s","SbDee","Basc2",75,0.00,0.00,22.61,84.96,1.21,1.50,0.00,0.00,0.00,2.81,0.00,1.40,0.00,0.00,0.00,0.00
83,"4s_3s","SbDee","Basc2",85,0.00,0.00,26.67,94.45,1.35,1.64,0.00,0.00,0.00,3.31,0.00,1.73,0.00,0.00,0.00,0.00
83,"4s_3s","SbDee","Basc2",95,0.00,0.00,29.62,101.13,1.45,1.73,0.00,0.00,0.00,3.65,0.00,2.01,0.00,0.00,0.00,0.00
83,"4s_3s","SbDee","Basc2",105,0.00,0.00,31.36,105.21,1.50,1.77,0.00,0.00,0.00,3.84,0.00,2.22,0.00,0.00,0.00,0.00
83,"4s_3s","SbDee","Basc2",115,0.00,0.00,31.88,106.92,1.53,1.76,0.00,0.00,0.00,3.88,0.00,2.36,0.00,0.00,0.00,0.00
83,"4s_3s","SbDee","Basc2",125,0.00,0.00,31.31,106.51,1.52,1.72,0.00,0.00,0.00,3.81,0.00,2.43,0.00,0.00,0.00,0.00
83,"4s_3s","SbDee","Basc2",135,0.00,0.00,29.80,104.21,1.49,1.65,0.00,0.00,0.00,3.64,0.00,2.43,0.00,0.00,0.00,0.00
83,"4s_3s","SbDee","Basc2",145,0.00,0.00,27.57,100.28,1.44,1.56,0.00,0.00,0.00,3.40,0.00,2.36,0.00,0.00,0.00,0.00
83,"4s_3s","SbDee","Basc2",155,0.00,0.00,24.85,94.99,1.36,1.45,0.00,0.00,0.00,3.11,0.00,2.25,0.00,0.00,0.00,0.00
83,"4s_3s","SbDee","Basc2",165,0.00,0.00,21.87,88.64,1.27,1.32,0.00,0.00,0.00,2.79,0.00,2.10,0.00,0.00,0.00,0.00
83,"4s_3s","SbDee","Basc2",175,0.00,0.00,18.82,81.51,1.17,1.19,0.00,0.00,0.00,2.47,0.00,1.92,0.00,0.00,0.00,0.00
83,"4s_3s","SbDee","Basc2",185,0.00,0.00,15.85,73.90,1.06,1.06,0.00,0.00,0.00,2.14,0.00,1.72,0.00,0.00,0.00,0.00
83,"4s_3s","SbDee","Basc2",195,0.00,0.00,13.09,66.08,0.95,0.92,0.00,0.00,0.00,1.84,0.00,1.52,0.00,0.00,0.00,0.00
83,"4s_3s","SbDee","Basc2",205,0.00,0.00,10.60,58.29,0.83,0.79,0.00,0.00,0.00,1.55,0.00,1.32,0.00,0.00,0.00,0.00
83,"4s_3s","SbDee","Basc2",215,0.00,0.00,8.43,50.73,0.73,0.68,0.00,0.00,0.00,1.29,0.00,1.13,0.00,0.00,0.00,0.00
83,"4s_3s","SbDee","Basc2",225,0.00,0.00,6.59,43.58,0.62,0.57,0.00,0.00,0.00,1.06,0.00,0.95,0.00,0.00,0.00,0.00
83,"4s_3s","SbDee","Basc2",235,0.00,0.00,5.07,36.95,0.53,0.47,0.00,0.00,0.00,0.86,0.00,0.79,0.00,0.00,0.00,0.00
83,"4s_3s","SbDee","Basc2",245,0.00,0.00,3.84,30.92,0.44,0.38,0.00,0.00,0.00,0.68,0.00,0.65,0.00,0.00,0.00,0.00
83,"4s_3s","SbDee","Basc2",255,0.00,0.00,2.86,25.55,0.36,0.31,0.00,0.00,0.00,0.54,0.00,0.52,0.00,0.00,0.00,0.00
84,"Patnt","SbDee","Basc2",5,0.00,0.00,0.00,0.00,0.00,0.00,0.00,0.00,0.00,0.00,0.00,0.00,0.00,0.00,0.00,0.00
84,"Patnt","SbDee","Basc2",15,0.00,0.00,0.43,1.88,0.03,0.03,0.00,0.00,0.00,0.03,0.00,0.01,0.00,0.00,0.00,0.00
84,"Patnt","SbDee","Basc2",25,0.00,0.00,1.55,8.72,0.13,0.17,0.00,0.00,0.00,0.15,0.00,0.06,0.00,0.00,0.00,0.00
84,"Patnt","SbDee","Basc2",35,0.00,0.00,3.78,21.57,0.30,0.41,0.00,0.00,0.00,0.41,0.00,0.17,0.00,0.00,0.00,0.00
84,"Patnt","SbDee","Basc2",45,0.00,0.00,7.44,38.51,0.52,0.71,0.00,0.00,0.00,0.87,0.00,0.38,0.00,0.00,0.00,0.00
84,"Patnt","SbDee","Basc2",55,0.00,0.00,12.36,56.48,0.78,1.03,0.00,0.00,0.00,1.50,0.00,0.69,0.00,0.00,0.00,0.00
84,"Patnt","SbDee","Basc2",65,0.00,0.00,17.83,72.91,1.03,1.31,0.00,0.00,0.00,2.21,0.00,1.05,0.00,0.00,0.00,0.00
84,"Patnt","SbDee","Basc2",75,0.00,0.00,22.94,86.19,1.22,1.52,0.00,0.00,0.00,2.85,0.00,1.42,0.00,0.00,0.00,0.00
84,"Patnt","SbDee","Basc2",85,0.00,0.00,26.98,95.56,1.36,1.66,0.00,0.00,0.00,3.35,0.00,1.75,0.00,0.00,0.00,0.00
84,"Patnt","SbDee","Basc2",95,0.00,0.00,29.52,100.77,1.44,1.72,0.00,0.00,0.00,3.64,0.00,2.00,0.00,0.00,0.00,0.00
84,"Patnt","SbDee","Basc2",105,0.00,0.00,30.40,101.98,1.46,1.71,0.00,0.00,0.00,3.72,0.00,2.16,0.00,0.00,0.00,0.00
84,"Patnt","SbDee","Basc2",115,0.00,0.00,29.70,99.58,1.42,1.64,0.00,0.00,0.00,3.62,0.00,2.20,0.00,0.00,0.00,0.00
84,"Patnt","SbDee","Basc2",125,0.00,0.00,27.67,94.14,1.35,1.52,0.00,0.00,0.00,3.36,0.00,2.15,0.00,0.00,0.00,0.00
84,"Patnt","SbDee","Basc2",135,0.00,0.00,24.68,86.33,1.24,1.37,0.00,0.00,0.00,3.01,0.00,2.01,0.00,0.00,0.00,0.00
84,"Patnt","SbDee","Basc2",145,0.00,0.00,21.14,76.91,1.10,1.19,0.00,0.00,0.00,2.60,0.00,1.81,0.00,0.00,0.00,0.00
84,"Patnt","SbDee","Basc2",155,0.00,0.00,17.43,66.61,0.95,1.01,0.00,0.00,0.00,2.18,0.00,1.58,0.00,0.00,0.00,0.00
84,"Patnt","SbDee","Basc2",165,0.00,0.00,13.85,56.13,0.80,0.84,0.00,0.00,0.00,1.77,0.00,1.33,0.00,0.00,0.00,0.00
84,"Patnt","SbDee","Basc2",175,0.00,0.00,10.63,46.04,0.66,0.67,0.00,0.00,0.00,1.39,0.00,1.08,0.00,0.00,0.00,0.00
84,"Patnt","SbDee","Basc2",185,0.00,0.00,7.89,36.78,0.52,0.52,0.00,0.00,0.00,1.06,0.00,0.85,0.00,0.00,0.00,0.00
84,"Patnt","SbDee","Basc2",195,0.00,0.00,5.66,28.61,0.41,0.40,0.00,0.00,0.00,0.79,0.00,0.66,0.00,0.00,0.00,0.00
84,"Patnt","SbDee","Basc2",205,0.00,0.00,3.94,21.69,0.31,0.29,0.00,0.00,0.00,0.57,0.00,0.49,0.00,0.00,0.00,0.00
84,"Patnt","SbDee","Basc2",215,0.00,0.00,2.66,16.02,0.23,0.21,0.00,0.00,0.00,0.40,0.00,0.35,0.00,0.00,0.00,0.00
84,"Patnt","SbDee","Basc2",225,0.00,0.00,1.74,11.54,0.16,0.15,0.00,0.00,0.00,0.28,0.00,0.25,0.00,0.00,0.00,0.00
84,"Patnt","SbDee","Basc2",235,0.00,0.00,1.11,8.10,0.11,0.10,0.00,0.00,0.00,0.18,0.00,0.17,0.00,0.00,0.00,0.00
84,"Patnt","SbDee","Basc2",245,0.00,0.00,0.68,5.54,0.07,0.06,0.00,0.00,0.00,0.12,0.00,0.11,0.00,0.00,0.00,0.00
84,"Patnt","SbDee","Basc2",255,0.00,0.00,0.41,3.70,0.05,0.04,0.00,0.00,0.00,0.07,0.00,0.07,0.00,0.00,0.00,0.00
85,"4s_3s","SbDee","Intn1",5,0.00,0.00,0.00,0.00,0.00,0.00,0.00,0.00,0.00,0.00,0.00,0.00,0.00,0.00,0.00,0.00
85,"4s_3s","SbDee","Intn1",15,0.00,0.00,0.54,2.37,0.05,0.04,0.00,0.00,0.00,0.04,0.00,0.01,0.00,0.00,0.00,0.00
85,"4s_3s","SbDee","Intn1",25,0.00,0.00,1.81,10.21,0.16,0.20,0.00,0.00,0.00,0.17,0.00,0.07,0.00,0.00,0.00,0.00
85,"4s_3s","SbDee","Intn1",35,0.00,0.00,4.17,23.79,0.33,0.45,0.00,0.00,0.00,0.45,0.00,0.19,0.00,0.00,0.00,0.00
85,"4s_3s","SbDee","Intn1",45,0.00,0.00,7.83,40.54,0.55,0.75,0.00,0.00,0.00,0.91,0.00,0.40,0.00,0.00,0.00,0.00
85,"4s_3s","SbDee","Intn1",55,0.00,0.00,12.57,57.45,0.79,1.05,0.00,0.00,0.00,1.53,0.00,0.70,0.00,0.00,0.00,0.00
85,"4s_3s","SbDee","Intn1",65,0.00,0.00,17.74,72.55,1.02,1.30,0.00,0.00,0.00,2.19,0.00,1.05,0.00,0.00,0.00,0.00
85,"4s_3s","SbDee","Intn1",75,0.00,0.00,22.61,84.96,1.21,1.50,0.00,0.00,0.00,2.81,0.00,1.40,0.00,0.00,0.00,0.00
85,"4s_3s","SbDee","Intn1",85,0.00,0.00,26.67,94.45,1.35,1.64,0.00,0.00,0.00,3.31,0.00,1.73,0.00,0.00,0.00,0.00
85,"4s_3s","SbDee","Intn1",95,0.00,0.00,29.62,101.13,1.45,1.73,0.00,0.00,0.00,3.65,0.00,2.01,0.00,0.00,0.00,0.00
85,"4s_3s","SbDee","Intn1",105,0.00,0.00,31.36,105.21,1.50,1.77,0.00,0.00,0.00,3.84,0.00,2.22,0.00,0.00,0.00,0.00
85,"4s_3s","SbDee","Intn1",115,0.00,0.00,31.88,106.92,1.53,1.76,0.00,0.00,0.00,3.88,0.00,2.36,0.00,0.00,0.00,0.00
85,"4s_3s","SbDee","Intn1",125,0.00,0.00,31.31,106.51,1.52,1.72,0.00,0.00,0.00,3.81,0.00,2.43,0.00,0.00,0.00,0.00
85,"4s_3s","SbDee","Intn1",135,0.00,0.00,29.80,104.21,1.49,1.65,0.00,0.00,0.00,3.64,0.00,2.43,0.00,0.00,0.00,0.00
85,"4s_3s","SbDee","Intn1",145,0.00,0.00,27.57,100.28,1.44,1.56,0.00,0.00,0.00,3.40,0.00,2.36,0.00,0.00,0.00,0.00
85,"4s_3s","SbDee","Intn1",155,0.00,0.00,24.85,94.99,1.36,1.45,0.00,0.00,0.00,3.11,0.00,2.25,0.00,0.00,0.00,0.00
85,"4s_3s","SbDee","Intn1",165,0.00,0.00,21.87,88.64,1.27,1.32,0.00,0.00,0.00,2.79,0.00,2.10,0.00,0.00,0.00,0.00
85,"4s_3s","SbDee","Intn1",175,0.00,0.00,18.82,81.51,1.17,1.19,0.00,0.00,0.00,2.47,0.00,1.92,0.00,0.00,0.00,0.00
85,"4s_3s","SbDee","Intn1",185,0.00,0.00,15.85,73.90,1.06,1.06,0.00,0.00,0.00,2.14,0.00,1.72,0.00,0.00,0.00,0.00
85,"4s_3s","SbDee","Intn1",195,0.00,0.00,13.09,66.08,0.95,0.92,0.00,0.00,0.00,1.84,0.00,1.52,0.00,0.00,0.00,0.00
85,"4s_3s","SbDee","Intn1",205,0.00,0.00,10.60,58.29,0.83,0.79,0.00,0.00,0.00,1.55,0.00,1.32,0.00,0.00,0.00,0.00
85,"4s_3s","SbDee","Intn1",215,0.00,0.00,8.43,50.73,0.73,0.68,0.00,0.00,0.00,1.29,0.00,1.13,0.00,0.00,0.00,0.00
85,"4s_3s","SbDee","Intn1",225,0.00,0.00,6.59,43.58,0.62,0.57,0.00,0.00,0.00,1.06,0.00,0.95,0.00,0.00,0.00,0.00
85,"4s_3s","SbDee","Intn1",235,0.00,0.00,5.07,36.95,0.53,0.47,0.00,0.00,0.00,0.86,0.00,0.79,0.00,0.00,0.00,0.00
85,"4s_3s","SbDee","Intn1",245,0.00,0.00,3.84,30.92,0.44,0.38,0.00,0.00,0.00,0.68,0.00,0.65,0.00,0.00,0.00,0.00
85,"4s_3s","SbDee","Intn1",255,0.00,0.00,2.86,25.55,0.36,0.31,0.00,0.00,0.00,0.54,0.00,0.52,0.00,0.00,0.00,0.00
86,"Patnt","SbDee","Intn1",5,0.00,0.00,0.00,0.00,0.00,0.00,0.00,0.00,0.00,0.00,0.00,0.00,0.00,0.00,0.00,0.00
86,"Patnt","SbDee","Intn1",15,0.00,0.00,0.43,1.88,0.03,0.03,0.00,0.00,0.00,0.03,0.00,0.01,0.00,0.00,0.00,0.00
86,"Patnt","SbDee","Intn1",25,0.00,0.00,1.55,8.72,0.13,0.17,0.00,0.00,0.00,0.15,0.00,0.06,0.00,0.00,0.00,0.00
86,"Patnt","SbDee","Intn1",35,0.00,0.00,3.78,21.57,0.30,0.41,0.00,0.00,0.00,0.41,0.00,0.17,0.00,0.00,0.00,0.00
86,"Patnt","SbDee","Intn1",45,0.00,0.00,7.44,38.51,0.52,0.71,0.00,0.00,0.00,0.87,0.00,0.38,0.00,0.00,0.00,0.00
86,"Patnt","SbDee","Intn1",55,0.00,0.00,12.36,56.48,0.78,1.03,0.00,0.00,0.00,1.50,0.00,0.69,0.00,0.00,0.00,0.00
86,"Patnt","SbDee","Intn1",65,0.00,0.00,17.83,72.91,1.03,1.31,0.00,0.00,0.00,2.21,0.00,1.05,0.00,0.00,0.00,0.00
86,"Patnt","SbDee","Intn1",75,0.00,0.00,22.94,86.19,1.22,1.52,0.00,0.00,0.00,2.85,0.00,1.42,0.00,0.00,0.00,0.00
86,"Patnt","SbDee","Intn1",85,0.00,0.00,26.98,95.56,1.36,1.66,0.00,0.00,0.00,3.35,0.00,1.75,0.00,0.00,0.00,0.00
86,"Patnt","SbDee","Intn1",95,0.00,0.00,29.52,100.77,1.44,1.72,0.00,0.00,0.00,3.64,0.00,2.00,0.00,0.00,0.00,0.00
86,"Patnt","SbDee","Intn1",105,0.00,0.00,30.40,101.98,1.46,1.71,0.00,0.00,0.00,3.72,0.00,2.16,0.00,0.00,0.00,0.00
86,"Patnt","SbDee","Intn1",115,0.00,0.00,29.70,99.58,1.42,1.64,0.00,0.00,0.00,3.62,0.00,2.20,0.00,0.00,0.00,0.00
86,"Patnt","SbDee","Intn1",125,0.00,0.00,27.67,94.14,1.35,1.52,0.00,0.00,0.00,3.36,0.00,2.15,0.00,0.00,0.00,0.00
86,"Patnt","SbDee","Intn1",135,0.00,0.00,24.68,86.33,1.24,1.37,0.00,0.00,0.00,3.01,0.00,2.01,0.00,0.00,0.00,0.00
86,"Patnt","SbDee","Intn1",145,0.00,0.00,21.14,76.91,1.10,1.19,0.00,0.00,0.00,2.60,0.00,1.81,0.00,0.00,0.00,0.00
86,"Patnt","SbDee","Intn1",155,0.00,0.00,17.43,66.61,0.95,1.01,0.00,0.00,0.00,2.18,0.00,1.58,0.00,0.00,0.00,0.00
86,"Patnt","SbDee","Intn1",165,0.00,0.00,13.85,56.13,0.80,0.84,0.00,0.00,0.00,1.77,0.00,1.33,0.00,0.00,0.00,0.00
86,"Patnt","SbDee","Intn1",175,0.00,0.00,10.63,46.04,0.66,0.67,0.00,0.00,0.00,1.39,0.00,1.08,0.00,0.00,0.00,0.00
86,"Patnt","SbDee","Intn1",185,0.00,0.00,7.89,36.78,0.52,0.52,0.00,0.00,0.00,1.06,0.00,0.85,0.00,0.00,0.00,0.00
86,"Patnt","SbDee","Intn1",195,0.00,0.00,5.66,28.61,0.41,0.40,0.00,0.00,0.00,0.79,0.00,0.66,0.00,0.00,0.00,0.00
86,"Patnt","SbDee","Intn1",205,0.00,0.00,3.94,21.69,0.31,0.29,0.00,0.00,0.00,0.57,0.00,0.49,0.00,0.00,0.00,0.00
86,"Patnt","SbDee","Intn1",215,0.00,0.00,2.66,16.02,0.23,0.21,0.00,0.00,0.00,0.40,0.00,0.35,0.00,0.00,0.00,0.00
86,"Patnt","SbDee","Intn1",225,0.00,0.00,1.74,11.54,0.16,0.15,0.00,0.00,0.00,0.28,0.00,0.25,0.00,0.00,0.00,0.00
86,"Patnt","SbDee","Intn1",235,0.00,0.00,1.11,8.10,0.11,0.10,0.00,0.00,0.00,0.18,0.00,0.17,0.00,0.00,0.00,0.00
86,"Patnt","SbDee","Intn1",245,0.00,0.00,0.68,5.54,0.07,0.06,0.00,0.00,0.00,0.12,0.00,0.11,0.00,0.00,0.00,0.00
86,"Patnt","SbDee","Intn1",255,0.00,0.00,0.41,3.70,0.05,0.04,0.00,0.00,0.00,0.07,0.00,0.07,0.00,0.00,0.00,0.00
87,"4s_3s","SbDee","Succ",5,0.00,0.00,0.00,0.00,0.00,0.00,0.00,0.00,0.00,0.00,0.00,0.00,0.00,0.00,0.00,0.00
87,"4s_3s","SbDee","Succ",15,0.00,0.00,0.54,2.37,0.05,0.04,0.00,0.00,0.00,0.04,0.00,0.01,0.00,0.00,0.00,0.00
87,"4s_3s","SbDee","Succ",25,0.00,0.00,1.81,10.21,0.16,0.20,0.00,0.00,0.00,0.17,0.00,0.07,0.00,0.00,0.00,0.00
87,"4s_3s","SbDee","Succ",35,0.00,0.00,4.17,23.79,0.33,0.45,0.00,0.00,0.00,0.45,0.00,0.19,0.00,0.00,0.00,0.00
87,"4s_3s","SbDee","Succ",45,0.00,0.00,7.83,40.54,0.55,0.75,0.00,0.00,0.00,0.91,0.00,0.40,0.00,0.00,0.00,0.00
87,"4s_3s","SbDee","Succ",55,0.00,0.00,12.57,57.45,0.79,1.05,0.00,0.00,0.00,1.53,0.00,0.70,0.00,0.00,0.00,0.00
87,"4s_3s","SbDee","Succ",65,0.00,0.00,17.74,72.55,1.02,1.30,0.00,0.00,0.00,2.19,0.00,1.05,0.00,0.00,0.00,0.00
87,"4s_3s","SbDee","Succ",75,0.00,0.00,22.61,84.96,1.21,1.50,0.00,0.00,0.00,2.81,0.00,1.40,0.00,0.00,0.00,0.00
87,"4s_3s","SbDee","Succ",85,0.00,0.00,26.67,94.45,1.35,1.64,0.00,0.00,0.00,3.31,0.00,1.73,0.00,0.00,0.00,0.00
87,"4s_3s","SbDee","Succ",95,0.00,0.00,29.62,101.13,1.45,1.73,0.00,0.00,0.00,3.65,0.00,2.01,0.00,0.00,0.00,0.00
87,"4s_3s","SbDee","Succ",105,0.00,0.00,31.36,105.21,1.50,1.77,0.00,0.00,0.00,3.84,0.00,2.22,0.00,0.00,0.00,0.00
87,"4s_3s","SbDee","Succ",115,0.00,0.00,31.88,106.92,1.53,1.76,0.00,0.00,0.00,3.88,0.00,2.36,0.00,0.00,0.00,0.00
87,"4s_3s","SbDee","Succ",125,0.00,0.00,31.31,106.51,1.52,1.72,0.00,0.00,0.00,3.81,0.00,2.43,0.00,0.00,0.00,0.00
87,"4s_3s","SbDee","Succ",135,0.00,0.00,29.80,104.21,1.49,1.65,0.00,0.00,0.00,3.64,0.00,2.43,0.00,0.00,0.00,0.00
87,"4s_3s","SbDee","Succ",145,0.00,0.00,27.57,100.28,1.44,1.56,0.00,0.00,0.00,3.40,0.00,2.36,0.00,0.00,0.00,0.00
87,"4s_3s","SbDee","Succ",155,0.00,0.00,24.85,94.99,1.36,1.45,0.00,0.00,0.00,3.11,0.00,2.25,0.00,0.00,0.00,0.00
87,"4s_3s","SbDee","Succ",165,0.00,0.00,21.87,88.64,1.27,1.32,0.00,0.00,0.00,2.79,0.00,2.10,0.00,0.00,0.00,0.00
87,"4s_3s","SbDee","Succ",175,0.00,0.00,18.82,81.51,1.17,1.19,0.00,0.00,0.00,2.47,0.00,1.92,0.00,0.00,0.00,0.00
87,"4s_3s","SbDee","Succ",185,0.00,0.00,15.85,73.90,1.06,1.06,0.00,0.00,0.00,2.14,0.00,1.72,0.00,0.00,0.00,0.00
87,"4s_3s","SbDee","Succ",195,0.00,0.00,13.09,66.08,0.95,0.92,0.00,0.00,0.00,1.84,0.00,1.52,0.00,0.00,0.00,0.00
87,"4s_3s","SbDee","Succ",205,0.00,0.00,10.60,58.29,0.83,0.79,0.00,0.00,0.00,1.55,0.00,1.32,0.00,0.00,0.00,0.00
87,"4s_3s","SbDee","Succ",215,0.00,0.00,8.43,50.73,0.73,0.68,0.00,0.00,0.00,1.29,0.00,1.13,0.00,0.00,0.00,0.00
87,"4s_3s","SbDee","Succ",225,0.00,0.00,6.59,43.58,0.62,0.57,0.00,0.00,0.00,1.06,0.00,0.95,0.00,0.00,0.00,0.00
87,"4s_3s","SbDee","Succ",235,0.00,0.00,5.07,36.95,0.53,0.47,0.00,0.00,0.00,0.86,0.00,0.79,0.00,0.00,0.00,0.00
87,"4s_3s","SbDee","Succ",245,0.00,0.00,3.84,30.92,0.44,0.38,0.00,0.00,0.00,0.68,0.00,0.65,0.00,0.00,0.00,0.00
87,"4s_3s","SbDee","Succ",255,0.00,0.00,2.86,25.55,0.36,0.31,0.00,0.00,0.00,0.54,0.00,0.52,0.00,0.00,0.00,0.00
88,"Patnt","SbDee","Succ",5,0.00,0.00,0.00,0.00,0.00,0.00,0.00,0.00,0.00,0.00,0.00,0.00,0.00,0.00,0.00,0.00
88,"Patnt","SbDee","Succ",15,0.00,0.00,0.43,1.88,0.03,0.03,0.00,0.00,0.00,0.03,0.00,0.01,0.00,0.00,0.00,0.00
88,"Patnt","SbDee","Succ",25,0.00,0.00,1.55,8.72,0.13,0.17,0.00,0.00,0.00,0.15,0.00,0.06,0.00,0.00,0.00,0.00
88,"Patnt","SbDee","Succ",35,0.00,0.00,3.78,21.57,0.30,0.41,0.00,0.00,0.00,0.41,0.00,0.17,0.00,0.00,0.00,0.00
88,"Patnt","SbDee","Succ",45,0.00,0.00,7.44,38.51,0.52,0.71,0.00,0.00,0.00,0.87,0.00,0.38,0.00,0.00,0.00,0.00
88,"Patnt","SbDee","Succ",55,0.00,0.00,12.36,56.48,0.78,1.03,0.00,0.00,0.00,1.50,0.00,0.69,0.00,0.00,0.00,0.00
88,"Patnt","SbDee","Succ",65,0.00,0.00,17.83,72.91,1.03,1.31,0.00,0.00,0.00,2.21,0.00,1.05,0.00,0.00,0.00,0.00
88,"Patnt","SbDee","Succ",75,0.00,0.00,22.94,86.19,1.22,1.52,0.00,0.00,0.00,2.85,0.00,1.42,0.00,0.00,0.00,0.00
88,"Patnt","SbDee","Succ",85,0.00,0.00,26.98,95.56,1.36,1.66,0.00,0.00,0.00,3.35,0.00,1.75,0.00,0.00,0.00,0.00
88,"Patnt","SbDee","Succ",95,0.00,0.00,29.52,100.77,1.44,1.72,0.00,0.00,0.00,3.64,0.00,2.00,0.00,0.00,0.00,0.00
88,"Patnt","SbDee","Succ",105,0.00,0.00,30.40,101.98,1.46,1.71,0.00,0.00,0.00,3.72,0.00,2.16,0.00,0.00,0.00,0.00
88,"Patnt","SbDee","Succ",115,0.00,0.00,29.70,99.58,1.42,1.64,0.00,0.00,0.00,3.62,0.00,2.20,0.00,0.00,0.00,0.00
88,"Patnt","SbDee","Succ",125,0.00,0.00,27.67,94.14,1.35,1.52,0.00,0.00,0.00,3.36,0.00,2.15,0.00,0.00,0.00,0.00
88,"Patnt","SbDee","Succ",135,0.00,0.00,24.68,86.33,1.24,1.37,0.00,0.00,0.00,3.01,0.00,2.01,0.00,0.00,0.00,0.00
88,"Patnt","SbDee","Succ",145,0.00,0.00,21.14,76.91,1.10,1.19,0.00,0.00,0.00,2.60,0.00,1.81,0.00,0.00,0.00,0.00
88,"Patnt","SbDee","Succ",155,0.00,0.00,17.43,66.61,0.95,1.01,0.00,0.00,0.00,2.18,0.00,1.58,0.00,0.00,0.00,0.00
88,"Patnt","SbDee","Succ",165,0.00,0.00,13.85,56.13,0.80,0.84,0.00,0.00,0.00,1.77,0.00,1.33,0.00,0.00,0.00,0.00
88,"Patnt","SbDee","Succ",175,0.00,0.00,10.63,46.04,0.66,0.67,0.00,0.00,0.00,1.39,0.00,1.08,0.00,0.00,0.00,0.00
88,"Patnt","SbDee","Succ",185,0.00,0.00,7.89,36.78,0.52,0.52,0.00,0.00,0.00,1.06,0.00,0.85,0.00,0.00,0.00,0.00
88,"Patnt","SbDee","Succ",195,0.00,0.00,5.66,28.61,0.41,0.40,0.00,0.00,0.00,0.79,0.00,0.66,0.00,0.00,0.00,0.00
88,"Patnt","SbDee","Succ",205,0.00,0.00,3.94,21.69,0.31,0.29,0.00,0.00,0.00,0.57,0.00,0.49,0.00,0.00,0.00,0.00
88,"Patnt","SbDee","Succ",215,0.00,0.00,2.66,16.02,0.23,0.21,0.00,0.00,0.00,0.40,0.00,0.35,0.00,0.00,0.00,0.00
88,"Patnt","SbDee","Succ",225,0.00,0.00,1.74,11.54,0.16,0.15,0.00,0.00,0.00,0.28,0.00,0.25,0.00,0.00,0.00,0.00
88,"Patnt","SbDee","Succ",235,0.00,0.00,1.11,8.10,0.11,0.10,0.00,0.00,0.00,0.18,0.00,0.17,0.00,0.00,0.00,0.00
88,"Patnt","SbDee","Succ",245,0.00,0.00,0.68,5.54,0.07,0.06,0.00,0.00,0.00,0.12,0.00,0.11,0.00,0.00,0.00,0.00
88,"Patnt","SbDee","Succ",255,0.00,0.00,0.41,3.70,0.05,0.04,0.00,0.00,0.00,0.07,0.00,0.07,0.00,0.00,0.00,0.00
89,"4s_3s","PjSha","Prsnt",5,0.00,0.00,0.00,0.00,0.00,0.00,0.00,0.00,0.00,0.00,0.00,0.00,0.00,0.00,0.00,0.00
89,"4s_3s","PjSha","Prsnt",15,0.00,0.00,6.39,0.59,0.00,0.00,0.00,0.00,0.00,0.12,0.00,0.01,0.00,0.00,0.00,0.00
89,"4s_3s","PjSha","Prsnt",25,0.00,0.00,18.59,2.22,0.00,0.00,0.00,0.00,0.00,0.46,0.00,0.04,0.00,0.00,0.00,0.00
89,"4s_3s","PjSha","Prsnt",35,0.00,0.00,34.07,4.13,0.00,0.00,0.00,0.00,0.00,0.94,0.00,0.09,0.00,0.00,0.00,0.00
89,"4s_3s","PjSha","Prsnt",45,0.00,0.00,50.26,5.54,0.00,0.00,0.00,0.00,0.00,1.49,0.00,0.16,0.00,0.00,0.00,0.00
89,"4s_3s","PjSha","Prsnt",55,0.00,0.00,64.98,6.32,0.00,0.00,0.00,0.00,0.00,2.00,0.00,0.22,0.00,0.00,0.00,0.00
89,"4s_3s","PjSha","Prsnt",65,0.00,0.00,76.67,6.67,0.00,0.00,0.00,0.00,0.00,2.40,0.00,0.27,0.00,0.00,0.00,0.00
89,"4s_3s","PjSha","Prsnt",75,0.00,0.00,84.47,6.76,0.00,0.00,0.00,0.00,0.00,2.66,0.00,0.32,0.00,0.00,0.00,0.00
89,"4s_3s","PjSha","Prsnt",85,0.00,0.00,88.11,6.64,0.00,0.00,0.00,0.00,0.00,2.77,0.00,0.35,0.00,0.00,0.00,0.00
89,"4s_3s","PjSha","Prsnt",95,0.00,0.00,87.80,6.38,0.00,0.00,0.00,0.00,0.00,2.74,0.00,0.36,0.00,0.00,0.00,0.00
89,"4s_3s","PjSha","Prsnt",105,0.00,0.00,84.04,6.00,0.00,0.00,0.00,0.00,0.00,2.60,0.00,0.36,0.00,0.00,0.00,0.00
89,"4s_3s","PjSha","Prsnt",115,0.00,0.00,77.58,5.54,0.00,0.00,0.00,0.00,0.00,2.39,0.00,0.35,0.00,0.00,0.00,0.00
89,"4s_3s","PjSha","Prsnt",125,0.00,0.00,69.28,5.02,0.00,0.00,0.00,0.00,0.00,2.13,0.00,0.33,0.00,0.00,0.00,0.00
89,"4s_3s","PjSha","Prsnt",135,0.00,0.00,59.98,4.46,0.00,0.00,0.00,0.00,0.00,1.85,0.00,0.30,0.00,0.00,0.00,0.00
89,"4s_3s","PjSha","Prsnt",145,0.00,0.00,50.44,3.90,0.00,0.00,0.00,0.00,0.00,1.57,0.00,0.26,0.00,0.00,0.00,0.00
89,"4s_3s","PjSha","Prsnt",155,0.00,0.00,41.27,3.36,0.00,0.00,0.00,0.00,0.00,1.30,0.00,0.22,0.00,0.00,0.00,0.00
89,"4s_3s","PjSha","Prsnt",165,0.00,0.00,32.89,2.84,0.00,0.00,0.00,0.00,0.00,1.06,0.00,0.19,0.00,0.00,0.00,0.00
89,"4s_3s","PjSha","Prsnt",175,0.00,0.00,25.57,2.36,0.00,0.00,0.00,0.00,0.00,0.85,0.00,0.16,0.00,0.00,0.00,0.00
89,"4s_3s","PjSha","Prsnt",185,0.00,0.00,19.41,1.92,0.00,0.00,0.00,0.00,0.00,0.66,0.00,0.12,0.00,0.00,0.00,0.00
89,"4s_3s","PjSha","Prsnt",195,0.00,0.00,14.40,1.54,0.00,0.00,0.00,0.00,0.00,0.51,0.00,0.10,0.00,0.00,0.00,0.00
89,"4s_3s","PjSha","Prsnt",205,0.00,0.00,10.45,1.22,0.00,0.00,0.00,0.00,0.00,0.38,0.00,0.08,0.00,0.00,0.00,0.00
89,"4s_3s","PjSha","Prsnt",215,0.00,0.00,7.42,0.95,0.00,0.00,0.00,0.00,0.00,0.28,0.00,0.06,0.00,0.00,0.00,0.00
89,"4s_3s","PjSha","Prsnt",225,0.00,0.00,5.16,0.72,0.00,0.00,0.00,0.00,0.00,0.21,0.00,0.04,0.00,0.00,0.00,0.00
89,"4s_3s","PjSha","Prsnt",235,0.00,0.00,3.51,0.54,0.00,0.00,0.00,0.00,0.00,0.15,0.00,0.03,0.00,0.00,0.00,0.00
89,"4s_3s","PjSha","Prsnt",245,0.00,0.00,2.35,0.40,0.00,0.00,0.00,0.00,0.00,0.10,0.00,0.02,0.00,0.00,0.00,0.00
89,"4s_3s","PjSha","Prsnt",255,0.00,0.00,1.54,0.29,0.00,0.00,0.00,0.00,0.00,0.07,0.00,0.01,0.00,0.00,0.00,0.00
90,"Patnt","PjSha","Prsnt",5,0.00,0.00,0.00,0.00,0.00,0.00,0.00,0.00,0.00,0.00,0.00,0.00,0.00,0.00,0.00,0.00
90,"Patnt","PjSha","Prsnt",15,0.00,0.00,9.02,0.78,0.00,0.00,0.00,0.00,0.00,0.18,0.00,0.03,0.00,0.00,0.00,0.00
90,"Patnt","PjSha","Prsnt",25,0.00,0.00,24.54,2.74,0.00,0.00,0.00,0.00,0.00,0.60,0.00,0.12,0.00,0.00,0.00,0.00
90,"Patnt","PjSha","Prsnt",35,0.00,0.00,42.21,4.78,0.00,0.00,0.00,0.00,0.00,1.17,0.00,0.24,0.00,0.00,0.00,0.00
90,"Patnt","PjSha","Prsnt",45,0.00,0.00,58.67,6.03,0.00,0.00,0.00,0.00,0.00,1.74,0.00,0.37,0.00,0.00,0.00,0.00
90,"Patnt","PjSha","Prsnt",55,0.00,0.00,71.80,6.52,0.00,0.00,0.00,0.00,0.00,2.21,0.00,0.49,0.00,0.00,0.00,0.00
90,"Patnt","PjSha","Prsnt",65,0.00,0.00,80.56,6.55,0.00,0.00,0.00,0.00,0.00,2.53,0.00,0.58,0.00,0.00,0.00,0.00
90,"Patnt","PjSha","Prsnt",75,0.00,0.00,84.80,6.33,0.00,0.00,0.00,0.00,0.00,2.67,0.00,0.64,0.00,0.00,0.00,0.00
90,"Patnt","PjSha","Prsnt",85,0.00,0.00,84.91,5.97,0.00,0.00,0.00,0.00,0.00,2.67,0.00,0.68,0.00,0.00,0.00,0.00
90,"Patnt","PjSha","Prsnt",95,0.00,0.00,81.59,5.53,0.00,0.00,0.00,0.00,0.00,2.55,0.00,0.68,0.00,0.00,0.00,0.00
90,"Patnt","PjSha","Prsnt",105,0.00,0.00,75.66,5.04,0.00,0.00,0.00,0.00,0.00,2.34,0.00,0.66,0.00,0.00,0.00,0.00
90,"Patnt","PjSha","Prsnt",115,0.00,0.00,67.98,4.53,0.00,0.00,0.00,0.00,0.00,2.10,0.00,0.61,0.00,0.00,0.00,0.00
90,"Patnt","PjSha","Prsnt",125,0.00,0.00,59.36,4.01,0.00,0.00,0.00,0.00,0.00,1.83,0.00,0.56,0.00,0.00,0.00,0.00
90,"Patnt","PjSha","Prsnt",135,0.00,0.00,50.48,3.51,0.00,0.00,0.00,0.00,0.00,1.56,0.00,0.50,0.00,0.00,0.00,0.00
90,"Patnt","PjSha","Prsnt",145,0.00,0.00,41.89,3.02,0.00,0.00,0.00,0.00,0.00,1.30,0.00,0.44,0.00,0.00,0.00,0.00
90,"Patnt","PjSha","Prsnt",155,0.00,0.00,33.98,2.58,0.00,0.00,0.00,0.00,0.00,1.07,0.00,0.37,0.00,0.00,0.00,0.00
90,"Patnt","PjSha","Prsnt",165,0.00,0.00,26.97,2.17,0.00,0.00,0.00,0.00,0.00,0.87,0.00,0.31,0.00,0.00,0.00,0.00
90,"Patnt","PjSha","Prsnt",175,0.00,0.00,20.97,1.80,0.00,0.00,0.00,0.00,0.00,0.69,0.00,0.26,0.00,0.00,0.00,0.00
90,"Patnt","PjSha","Prsnt",185,0.00,0.00,16.00,1.48,0.00,0.00,0.00,0.00,0.00,0.54,0.00,0.21,0.00,0.00,0.00,0.00
90,"Patnt","PjSha","Prsnt",195,0.00,0.00,11.98,1.20,0.00,0.00,0.00,0.00,0.00,0.42,0.00,0.17,0.00,0.00,0.00,0.00
90,"Patnt","PjSha","Prsnt",205,0.00,0.00,8.81,0.96,0.00,0.00,0.00,0.00,0.00,0.32,0.00,0.13,0.00,0.00,0.00,0.00
90,"Patnt","PjSha","Prsnt",215,0.00,0.00,6.38,0.76,0.00,0.00,0.00,0.00,0.00,0.24,0.00,0.10,0.00,0.00,0.00,0.00
90,"Patnt","PjSha","Prsnt",225,0.00,0.00,4.54,0.59,0.00,0.00,0.00,0.00,0.00,0.18,0.00,0.08,0.00,0.00,0.00,0.00
90,"Patnt","PjSha","Prsnt",235,0.00,0.00,3.18,0.46,0.00,0.00,0.00,0.00,0.00,0.13,0.00,0.06,0.00,0.00,0.00,0.00
90,"Patnt","PjSha","Prsnt",245,0.00,0.00,2.19,0.35,0.00,0.00,0.00,0.00,0.00,0.09,0.00,0.04,0.00,0.00,0.00,0.00
90,"Patnt","PjSha","Prsnt",255,0.00,0.00,1.49,0.26,0.00,0.00,0.00,0.00,0.00,0.07,0.00,0.03,0.00,0.00,0.00,0.00
91,"4s_3s","PjSha","Exten",5,0.00,0.00,0.00,0.00,0.00,0.00,0.00,0.00,0.00,0.00,0.00,0.00,0.00,0.00,0.00,0.00
91,"4s_3s","PjSha","Exten",15,0.00,0.00,4.86,0.33,0.00,0.00,0.00,0.00,0.00,0.04,0.00,0.01,0.00,0.00,0.00,0.00
91,"4s_3s","PjSha","Exten",25,0.00,0.00,14.26,1.26,0.00,0.00,0.00,0.00,0.00,0.16,0.00,0.06,0.00,0.00,0.00,0.00
91,"4s_3s","PjSha","Exten",35,0.00,0.00,26.01,2.33,0.00,0.00,0.00,0.00,0.00,0.34,0.00,0.14,0.00,0.00,0.00,0.00
91,"4s_3s","PjSha","Exten",45,0.00,0.00,38.05,3.09,0.00,0.00,0.00,0.00,0.00,0.54,0.00,0.22,0.00,0.00,0.00,0.00
91,"4s_3s","PjSha","Exten",55,0.00,0.00,48.77,3.50,0.00,0.00,0.00,0.00,0.00,0.72,0.00,0.31,0.00,0.00,0.00,0.00
91,"4s_3s","PjSha","Exten",65,0.00,0.00,57.09,3.67,0.00,0.00,0.00,0.00,0.00,0.86,0.00,0.39,0.00,0.00,0.00,0.00
91,"4s_3s","PjSha","Exten",75,0.00,0.00,62.46,3.69,0.00,0.00,0.00,0.00,0.00,0.94,0.00,0.45,0.00,0.00,0.00,0.00
91,"4s_3s","PjSha","Exten",85,0.00,0.00,64.76,3.60,0.00,0.00,0.00,0.00,0.00,0.97,0.00,0.48,0.00,0.00,0.00,0.00
91,"4s_3s","PjSha","Exten",95,0.00,0.00,64.19,3.44,0.00,0.00,0.00,0.00,0.00,0.96,0.00,0.50,0.00,0.00,0.00,0.00
91,"4s_3s","PjSha","Exten",105,0.00,0.00,61.15,3.22,0.00,0.00,0.00,0.00,0.00,0.91,0.00,0.50,0.00,0.00,0.00,0.00
91,"4s_3s","PjSha","Exten",115,0.00,0.00,56.22,2.96,0.00,0.00,0.00,0.00,0.00,0.83,0.00,0.48,0.00,0.00,0.00,0.00
91,"4s_3s","PjSha","Exten",125,0.00,0.00,50.02,2.67,0.00,0.00,0.00,0.00,0.00,0.74,0.00,0.45,0.00,0.00,0.00,0.00
91,"4s_3s","PjSha","Exten",135,0.00,0.00,43.16,2.37,0.00,0.00,0.00,0.00,0.00,0.64,0.00,0.40,0.00,0.00,0.00,0.00
91,"4s_3s","PjSha","Exten",145,0.00,0.00,36.20,2.07,0.00,0.00,0.00,0.00,0.00,0.54,0.00,0.36,0.00,0.00,0.00,0.00
91,"4s_3s","PjSha","Exten",155,0.00,0.00,29.54,1.77,0.00,0.00,0.00,0.00,0.00,0.44,0.00,0.31,0.00,0.00,0.00,0.00
91,"4s_3s","PjSha","Exten",165,0.00,0.00,23.49,1.49,0.00,0.00,0.00,0.00,0.00,0.36,0.00,0.26,0.00,0.00,0.00,0.00
91,"4s_3s","PjSha","Exten",175,0.00,0.00,18.23,1.24,0.00,0.00,0.00,0.00,0.00,0.29,0.00,0.21,0.00,0.00,0.00,0.00
91,"4s_3s","PjSha","Exten",185,0.00,0.00,13.81,1.01,0.00,0.00,0.00,0.00,0.00,0.22,0.00,0.17,0.00,0.00,0.00,0.00
91,"4s_3s","PjSha","Exten",195,0.00,0.00,10.23,0.81,0.00,0.00,0.00,0.00,0.00,0.17,0.00,0.13,0.00,0.00,0.00,0.00
91,"4s_3s","PjSha","Exten",205,0.00,0.00,7.41,0.64,0.00,0.00,0.00,0.00,0.00,0.13,0.00,0.10,0.00,0.00,0.00,0.00
91,"4s_3s","PjSha","Exten",215,0.00,0.00,5.26,0.49,0.00,0.00,0.00,0.00,0.00,0.09,0.00,0.08,0.00,0.00,0.00,0.00
91,"4s_3s","PjSha","Exten",225,0.00,0.00,3.65,0.38,0.00,0.00,0.00,0.00,0.00,0.07,0.00,0.06,0.00,0.00,0.00,0.00
91,"4s_3s","PjSha","Exten",235,0.00,0.00,2.49,0.28,0.00,0.00,0.00,0.00,0.00,0.05,0.00,0.04,0.00,0.00,0.00,0.00
91,"4s_3s","PjSha","Exten",245,0.00,0.00,1.66,0.21,0.00,0.00,0.00,0.00,0.00,0.03,0.00,0.03,0.00,0.00,0.00,0.00
91,"4s_3s","PjSha","Exten",255,0.00,0.00,1.08,0.15,0.00,0.00,0.00,0.00,0.00,0.02,0.00,0.02,0.00,0.00,0.00,0.00
92,"Patnt","PjSha","Exten",5,0.00,0.00,0.00,0.00,0.00,0.00,0.00,0.00,0.00,0.00,0.00,0.00,0.00,0.00,0.00,0.00
92,"Patnt","PjSha","Exten",15,0.00,0.00,9.02,0.78,0.00,0.00,0.00,0.00,0.00,0.18,0.00,0.03,0.00,0.00,0.00,0.00
92,"Patnt","PjSha","Exten",25,0.00,0.00,24.54,2.74,0.00,0.00,0.00,0.00,0.00,0.60,0.00,0.12,0.00,0.00,0.00,0.00
92,"Patnt","PjSha","Exten",35,0.00,0.00,42.21,4.78,0.00,0.00,0.00,0.00,0.00,1.17,0.00,0.24,0.00,0.00,0.00,0.00
92,"Patnt","PjSha","Exten",45,0.00,0.00,58.67,6.03,0.00,0.00,0.00,0.00,0.00,1.74,0.00,0.37,0.00,0.00,0.00,0.00
92,"Patnt","PjSha","Exten",55,0.00,0.00,71.80,6.52,0.00,0.00,0.00,0.00,0.00,2.21,0.00,0.49,0.00,0.00,0.00,0.00
92,"Patnt","PjSha","Exten",65,0.00,0.00,80.56,6.55,0.00,0.00,0.00,0.00,0.00,2.53,0.00,0.58,0.00,0.00,0.00,0.00
92,"Patnt","PjSha","Exten",75,0.00,0.00,84.80,6.33,0.00,0.00,0.00,0.00,0.00,2.67,0.00,0.64,0.00,0.00,0.00,0.00
92,"Patnt","PjSha","Exten",85,0.00,0.00,84.91,5.97,0.00,0.00,0.00,0.00,0.00,2.67,0.00,0.68,0.00,0.00,0.00,0.00
92,"Patnt","PjSha","Exten",95,0.00,0.00,81.59,5.53,0.00,0.00,0.00,0.00,0.00,2.55,0.00,0.68,0.00,0.00,0.00,0.00
92,"Patnt","PjSha","Exten",105,0.00,0.00,75.66,5.04,0.00,0.00,0.00,0.00,0.00,2.34,0.00,0.66,0.00,0.00,0.00,0.00
92,"Patnt","PjSha","Exten",115,0.00,0.00,67.98,4.53,0.00,0.00,0.00,0.00,0.00,2.10,0.00,0.61,0.00,0.00,0.00,0.00
92,"Patnt","PjSha","Exten",125,0.00,0.00,59.36,4.01,0.00,0.00,0.00,0.00,0.00,1.83,0.00,0.56,0.00,0.00,0.00,0.00
92,"Patnt","PjSha","Exten",135,0.00,0.00,50.48,3.51,0.00,0.00,0.00,0.00,0.00,1.56,0.00,0.50,0.00,0.00,0.00,0.00
92,"Patnt","PjSha","Exten",145,0.00,0.00,41.89,3.02,0.00,0.00,0.00,0.00,0.00,1.30,0.00,0.44,0.00,0.00,0.00,0.00
92,"Patnt","PjSha","Exten",155,0.00,0.00,33.98,2.58,0.00,0.00,0.00,0.00,0.00,1.07,0.00,0.37,0.00,0.00,0.00,0.00
92,"Patnt","PjSha","Exten",165,0.00,0.00,26.97,2.17,0.00,0.00,0.00,0.00,0.00,0.87,0.00,0.31,0.00,0.00,0.00,0.00
92,"Patnt","PjSha","Exten",175,0.00,0.00,20.97,1.80,0.00,0.00,0.00,0.00,0.00,0.69,0.00,0.26,0.00,0.00,0.00,0.00
92,"Patnt","PjSha","Exten",185,0.00,0.00,16.00,1.48,0.00,0.00,0.00,0.00,0.00,0.54,0.00,0.21,0.00,0.00,0.00,0.00
92,"Patnt","PjSha","Exten",195,0.00,0.00,11.98,1.20,0.00,0.00,0.00,0.00,0.00,0.42,0.00,0.17,0.00,0.00,0.00,0.00
92,"Patnt","PjSha","Exten",205,0.00,0.00,8.81,0.96,0.00,0.00,0.00,0.00,0.00,0.32,0.00,0.13,0.00,0.00,0.00,0.00
92,"Patnt","PjSha","Exten",215,0.00,0.00,6.38,0.76,0.00,0.00,0.00,0.00,0.00,0.24,0.00,0.10,0.00,0.00,0.00,0.00
92,"Patnt","PjSha","Exten",225,0.00,0.00,4.54,0.59,0.00,0.00,0.00,0.00,0.00,0.18,0.00,0.08,0.00,0.00,0.00,0.00
92,"Patnt","PjSha","Exten",235,0.00,0.00,3.18,0.46,0.00,0.00,0.00,0.00,0.00,0.13,0.00,0.06,0.00,0.00,0.00,0.00
92,"Patnt","PjSha","Exten",245,0.00,0.00,2.19,0.35,0.00,0.00,0.00,0.00,0.00,0.09,0.00,0.04,0.00,0.00,0.00,0.00
92,"Patnt","PjSha","Exten",255,0.00,0.00,1.49,0.26,0.00,0.00,0.00,0.00,0.00,0.07,0.00,0.03,0.00,0.00,0.00,0.00
93,"4s_3s","PjSha","Basc1",5,0.00,0.00,0.00,0.00,0.00,0.00,0.00,0.00,0.00,0.00,0.00,0.00,0.00,0.00,0.00,0.00
93,"4s_3s","PjSha","Basc1",15,0.00,0.00,7.11,0.61,0.00,0.00,0.00,0.00,0.00,0.18,0.00,0.04,0.00,0.00,0.00,0.00
93,"4s_3s","PjSha","Basc1",25,0.00,0.00,20.67,2.29,0.00,0.00,0.00,0.00,0.00,0.66,0.00,0.16,0.00,0.00,0.00,0.00
93,"4s_3s","PjSha","Basc1",35,0.00,0.00,37.57,4.23,0.00,0.00,0.00,0.00,0.00,1.34,0.00,0.33,0.00,0.00,0.00,0.00
93,"4s_3s","PjSha","Basc1",45,0.00,0.00,54.91,5.61,0.00,0.00,0.00,0.00,0.00,2.10,0.00,0.53,0.00,0.00,0.00,0.00
93,"4s_3s","PjSha","Basc1",55,0.00,0.00,70.37,6.35,0.00,0.00,0.00,0.00,0.00,2.80,0.00,0.73,0.00,0.00,0.00,0.00
93,"4s_3s","PjSha","Basc1",65,0.00,0.00,82.37,6.65,0.00,0.00,0.00,0.00,0.00,3.34,0.00,0.91,0.00,0.00,0.00,0.00
93,"4s_3s","PjSha","Basc1",75,0.00,0.00,90.11,6.69,0.00,0.00,0.00,0.00,0.00,3.67,0.00,1.05,0.00,0.00,0.00,0.00
93,"4s_3s","PjSha","Basc1",85,0.00,0.00,93.42,6.54,0.00,0.00,0.00,0.00,0.00,3.79,0.00,1.14,0.00,0.00,0.00,0.00
93,"4s_3s","PjSha","Basc1",95,0.00,0.00,92.58,6.24,0.00,0.00,0.00,0.00,0.00,3.73,0.00,1.18,0.00,0.00,0.00,0.00
93,"4s_3s","PjSha","Basc1",105,0.00,0.00,88.20,5.85,0.00,0.00,0.00,0.00,0.00,3.53,0.00,1.17,0.00,0.00,0.00,0.00
93,"4s_3s","PjSha","Basc1",115,0.00,0.00,81.10,5.37,0.00,0.00,0.00,0.00,0.00,3.23,0.00,1.12,0.00,0.00,0.00,0.00
93,"4s_3s","PjSha","Basc1",125,0.00,0.00,72.16,4.85,0.00,0.00,0.00,0.00,0.00,2.87,0.00,1.05,0.00,0.00,0.00,0.00
93,"4s_3s","PjSha","Basc1",135,0.00,0.00,62.28,4.30,0.00,0.00,0.00,0.00,0.00,2.49,0.00,0.95,0.00,0.00,0.00,0.00
93,"4s_3s","PjSha","Basc1",145,0.00,0.00,52.24,3.75,0.00,0.00,0.00,0.00,0.00,2.10,0.00,0.84,0.00,0.00,0.00,0.00
93,"4s_3s","PjSha","Basc1",155,0.00,0.00,42.64,3.22,0.00,0.00,0.00,0.00,0.00,1.74,0.00,0.72,0.00,0.00,0.00,0.00
93,"4s_3s","PjSha","Basc1",165,0.00,0.00,33.92,2.71,0.00,0.00,0.00,0.00,0.00,1.41,0.00,0.61,0.00,0.00,0.00,0.00
93,"4s_3s","PjSha","Basc1",175,0.00,0.00,26.32,2.25,0.00,0.00,0.00,0.00,0.00,1.13,0.00,0.50,0.00,0.00,0.00,0.00
93,"4s_3s","PjSha","Basc1",185,0.00,0.00,19.95,1.83,0.00,0.00,0.00,0.00,0.00,0.88,0.00,0.40,0.00,0.00,0.00,0.00
93,"4s_3s","PjSha","Basc1",195,0.00,0.00,14.78,1.47,0.00,0.00,0.00,0.00,0.00,0.68,0.00,0.32,0.00,0.00,0.00,0.00
93,"4s_3s","PjSha","Basc1",205,0.00,0.00,10.71,1.16,0.00,0.00,0.00,0.00,0.00,0.51,0.00,0.25,0.00,0.00,0.00,0.00
93,"4s_3s","PjSha","Basc1",215,0.00,0.00,7.60,0.90,0.00,0.00,0.00,0.00,0.00,0.38,0.00,0.19,0.00,0.00,0.00,0.00
93,"4s_3s","PjSha","Basc1",225,0.00,0.00,5.28,0.68,0.00,0.00,0.00,0.00,0.00,0.27,0.00,0.14,0.00,0.00,0.00,0.00
93,"4s_3s","PjSha","Basc1",235,0.00,0.00,3.59,0.51,0.00,0.00,0.00,0.00,0.00,0.19,0.00,0.10,0.00,0.00,0.00,0.00
93,"4s_3s","PjSha","Basc1",245,0.00,0.00,2.40,0.38,0.00,0.00,0.00,0.00,0.00,0.14,0.00,0.07,0.00,0.00,0.00,0.00
93,"4s_3s","PjSha","Basc1",255,0.00,0.00,1.57,0.27,0.00,0.00,0.00,0.00,0.00,0.09,0.00,0.05,0.00,0.00,0.00,0.00
94,"Patnt","PjSha","Basc1",5,0.00,0.00,0.00,0.00,0.00,0.00,0.00,0.00,0.00,0.00,0.00,0.00,0.00,0.00,0.00,0.00
94,"Patnt","PjSha","Basc1",15,0.00,0.00,9.02,0.78,0.00,0.00,0.00,0.00,0.00,0.18,0.00,0.03,0.00,0.00,0.00,0.00
94,"Patnt","PjSha","Basc1",25,0.00,0.00,24.54,2.74,0.00,0.00,0.00,0.00,0.00,0.60,0.00,0.12,0.00,0.00,0.00,0.00
94,"Patnt","PjSha","Basc1",35,0.00,0.00,42.21,4.78,0.00,0.00,0.00,0.00,0.00,1.17,0.00,0.24,0.00,0.00,0.00,0.00
94,"Patnt","PjSha","Basc1",45,0.00,0.00,58.67,6.03,0.00,0.00,0.00,0.00,0.00,1.74,0.00,0.37,0.00,0.00,0.00,0.00
94,"Patnt","PjSha","Basc1",55,0.00,0.00,71.80,6.52,0.00,0.00,0.00,0.00,0.00,2.21,0.00,0.49,0.00,0.00,0.00,0.00
94,"Patnt","PjSha","Basc1",65,0.00,0.00,80.56,6.55,0.00,0.00,0.00,0.00,0.00,2.53,0.00,0.58,0.00,0.00,0.00,0.00
94,"Patnt","PjSha","Basc1",75,0.00,0.00,84.80,6.33,0.00,0.00,0.00,0.00,0.00,2.67,0.00,0.64,0.00,0.00,0.00,0.00
94,"Patnt","PjSha","Basc1",85,0.00,0.00,84.91,5.97,0.00,0.00,0.00,0.00,0.00,2.67,0.00,0.68,0.00,0.00,0.00,0.00
94,"Patnt","PjSha","Basc1",95,0.00,0.00,81.59,5.53,0.00,0.00,0.00,0.00,0.00,2.55,0.00,0.68,0.00,0.00,0.00,0.00
94,"Patnt","PjSha","Basc1",105,0.00,0.00,75.66,5.04,0.00,0.00,0.00,0.00,0.00,2.34,0.00,0.66,0.00,0.00,0.00,0.00
94,"Patnt","PjSha","Basc1",115,0.00,0.00,67.98,4.53,0.00,0.00,0.00,0.00,0.00,2.10,0.00,0.61,0.00,0.00,0.00,0.00
94,"Patnt","PjSha","Basc1",125,0.00,0.00,59.36,4.01,0.00,0.00,0.00,0.00,0.00,1.83,0.00,0.56,0.00,0.00,0.00,0.00
94,"Patnt","PjSha","Basc1",135,0.00,0.00,50.48,3.51,0.00,0.00,0.00,0.00,0.00,1.56,0.00,0.50,0.00,0.00,0.00,0.00
94,"Patnt","PjSha","Basc1",145,0.00,0.00,41.89,3.02,0.00,0.00,0.00,0.00,0.00,1.30,0.00,0.44,0.00,0.00,0.00,0.00
94,"Patnt","PjSha","Basc1",155,0.00,0.00,33.98,2.58,0.00,0.00,0.00,0.00,0.00,1.07,0.00,0.37,0.00,0.00,0.00,0.00
94,"Patnt","PjSha","Basc1",165,0.00,0.00,26.97,2.17,0.00,0.00,0.00,0.00,0.00,0.87,0.00,0.31,0.00,0.00,0.00,0.00
94,"Patnt","PjSha","Basc1",175,0.00,0.00,20.97,1.80,0.00,0.00,0.00,0.00,0.00,0.69,0.00,0.26,0.00,0.00,0.00,0.00
94,"Patnt","PjSha","Basc1",185,0.00,0.00,16.00,1.48,0.00,0.00,0.00,0.00,0.00,0.54,0.00,0.21,0.00,0.00,0.00,0.00
94,"Patnt","PjSha","Basc1",195,0.00,0.00,11.98,1.20,0.00,0.00,0.00,0.00,0.00,0.42,0.00,0.17,0.00,0.00,0.00,0.00
94,"Patnt","PjSha","Basc1",205,0.00,0.00,8.81,0.96,0.00,0.00,0.00,0.00,0.00,0.32,0.00,0.13,0.00,0.00,0.00,0.00
94,"Patnt","PjSha","Basc1",215,0.00,0.00,6.38,0.76,0.00,0.00,0.00,0.00,0.00,0.24,0.00,0.10,0.00,0.00,0.00,0.00
94,"Patnt","PjSha","Basc1",225,0.00,0.00,4.54,0.59,0.00,0.00,0.00,0.00,0.00,0.18,0.00,0.08,0.00,0.00,0.00,0.00
94,"Patnt","PjSha","Basc1",235,0.00,0.00,3.18,0.46,0.00,0.00,0.00,0.00,0.00,0.13,0.00,0.06,0.00,0.00,0.00,0.00
94,"Patnt","PjSha","Basc1",245,0.00,0.00,2.19,0.35,0.00,0.00,0.00,0.00,0.00,0.09,0.00,0.04,0.00,0.00,0.00,0.00
94,"Patnt","PjSha","Basc1",255,0.00,0.00,1.49,0.26,0.00,0.00,0.00,0.00,0.00,0.07,0.00,0.03,0.00,0.00,0.00,0.00
95,"4s_3s","PjSha","Basc2",5,0.00,0.00,0.00,0.00,0.00,0.00,0.00,0.00,0.00,0.00,0.00,0.00,0.00,0.00,0.00,0.00
95,"4s_3s","PjSha","Basc2",15,0.00,0.00,6.39,0.59,0.00,0.00,0.00,0.00,0.00,0.12,0.00,0.01,0.00,0.00,0.00,0.00
95,"4s_3s","PjSha","Basc2",25,0.00,0.00,18.59,2.22,0.00,0.00,0.00,0.00,0.00,0.46,0.00,0.04,0.00,0.00,0.00,0.00
95,"4s_3s","PjSha","Basc2",35,0.00,0.00,34.07,4.13,0.00,0.00,0.00,0.00,0.00,0.94,0.00,0.09,0.00,0.00,0.00,0.00
95,"4s_3s","PjSha","Basc2",45,0.00,0.00,50.26,5.54,0.00,0.00,0.00,0.00,0.00,1.49,0.00,0.16,0.00,0.00,0.00,0.00
95,"4s_3s","PjSha","Basc2",55,0.00,0.00,64.98,6.32,0.00,0.00,0.00,0.00,0.00,2.00,0.00,0.22,0.00,0.00,0.00,0.00
95,"4s_3s","PjSha","Basc2",65,0.00,0.00,76.67,6.67,0.00,0.00,0.00,0.00,0.00,2.40,0.00,0.27,0.00,0.00,0.00,0.00
95,"4s_3s","PjSha","Basc2",75,0.00,0.00,84.47,6.76,0.00,0.00,0.00,0.00,0.00,2.66,0.00,0.32,0.00,0.00,0.00,0.00
95,"4s_3s","PjSha","Basc2",85,0.00,0.00,88.11,6.64,0.00,0.00,0.00,0.00,0.00,2.77,0.00,0.35,0.00,0.00,0.00,0.00
95,"4s_3s","PjSha","Basc2",95,0.00,0.00,87.80,6.38,0.00,0.00,0.00,0.00,0.00,2.74,0.00,0.36,0.00,0.00,0.00,0.00
95,"4s_3s","PjSha","Basc2",105,0.00,0.00,84.04,6.00,0.00,0.00,0.00,0.00,0.00,2.60,0.00,0.36,0.00,0.00,0.00,0.00
95,"4s_3s","PjSha","Basc2",115,0.00,0.00,77.58,5.54,0.00,0.00,0.00,0.00,0.00,2.39,0.00,0.35,0.00,0.00,0.00,0.00
95,"4s_3s","PjSha","Basc2",125,0.00,0.00,69.28,5.02,0.00,0.00,0.00,0.00,0.00,2.13,0.00,0.33,0.00,0.00,0.00,0.00
95,"4s_3s","PjSha","Basc2",135,0.00,0.00,59.98,4.46,0.00,0.00,0.00,0.00,0.00,1.85,0.00,0.30,0.00,0.00,0.00,0.00
95,"4s_3s","PjSha","Basc2",145,0.00,0.00,50.44,3.90,0.00,0.00,0.00,0.00,0.00,1.57,0.00,0.26,0.00,0.00,0.00,0.00
95,"4s_3s","PjSha","Basc2",155,0.00,0.00,41.27,3.36,0.00,0.00,0.00,0.00,0.00,1.30,0.00,0.22,0.00,0.00,0.00,0.00
95,"4s_3s","PjSha","Basc2",165,0.00,0.00,32.89,2.84,0.00,0.00,0.00,0.00,0.00,1.06,0.00,0.19,0.00,0.00,0.00,0.00
95,"4s_3s","PjSha","Basc2",175,0.00,0.00,25.57,2.36,0.00,0.00,0.00,0.00,0.00,0.85,0.00,0.16,0.00,0.00,0.00,0.00
95,"4s_3s","PjSha","Basc2",185,0.00,0.00,19.41,1.92,0.00,0.00,0.00,0.00,0.00,0.66,0.00,0.12,0.00,0.00,0.00,0.00
95,"4s_3s","PjSha","Basc2",195,0.00,0.00,14.40,1.54,0.00,0.00,0.00,0.00,0.00,0.51,0.00,0.10,0.00,0.00,0.00,0.00
95,"4s_3s","PjSha","Basc2",205,0.00,0.00,10.45,1.22,0.00,0.00,0.00,0.00,0.00,0.38,0.00,0.08,0.00,0.00,0.00,0.00
95,"4s_3s","PjSha","Basc2",215,0.00,0.00,7.42,0.95,0.00,0.00,0.00,0.00,0.00,0.28,0.00,0.06,0.00,0.00,0.00,0.00
95,"4s_3s","PjSha","Basc2",225,0.00,0.00,5.16,0.72,0.00,0.00,0.00,0.00,0.00,0.21,0.00,0.04,0.00,0.00,0.00,0.00
95,"4s_3s","PjSha","Basc2",235,0.00,0.00,3.51,0.54,0.00,0.00,0.00,0.00,0.00,0.15,0.00,0.03,0.00,0.00,0.00,0.00
95,"4s_3s","PjSha","Basc2",245,0.00,0.00,2.35,0.40,0.00,0.00,0.00,0.00,0.00,0.10,0.00,0.02,0.00,0.00,0.00,0.00
95,"4s_3s","PjSha","Basc2",255,0.00,0.00,1.54,0.29,0.00,0.00,0.00,0.00,0.00,0.07,0.00,0.01,0.00,0.00,0.00,0.00
96,"Patnt","PjSha","Basc2",5,0.00,0.00,0.00,0.00,0.00,0.00,0.00,0.00,0.00,0.00,0.00,0.00,0.00,0.00,0.00,0.00
96,"Patnt","PjSha","Basc2",15,0.00,0.00,9.02,0.78,0.00,0.00,0.00,0.00,0.00,0.18,0.00,0.03,0.00,0.00,0.00,0.00
96,"Patnt","PjSha","Basc2",25,0.00,0.00,24.54,2.74,0.00,0.00,0.00,0.00,0.00,0.60,0.00,0.12,0.00,0.00,0.00,0.00
96,"Patnt","PjSha","Basc2",35,0.00,0.00,42.21,4.78,0.00,0.00,0.00,0.00,0.00,1.17,0.00,0.24,0.00,0.00,0.00,0.00
96,"Patnt","PjSha","Basc2",45,0.00,0.00,58.67,6.03,0.00,0.00,0.00,0.00,0.00,1.74,0.00,0.37,0.00,0.00,0.00,0.00
96,"Patnt","PjSha","Basc2",55,0.00,0.00,71.80,6.52,0.00,0.00,0.00,0.00,0.00,2.21,0.00,0.49,0.00,0.00,0.00,0.00
96,"Patnt","PjSha","Basc2",65,0.00,0.00,80.56,6.55,0.00,0.00,0.00,0.00,0.00,2.53,0.00,0.58,0.00,0.00,0.00,0.00
96,"Patnt","PjSha","Basc2",75,0.00,0.00,84.80,6.33,0.00,0.00,0.00,0.00,0.00,2.67,0.00,0.64,0.00,0.00,0.00,0.00
96,"Patnt","PjSha","Basc2",85,0.00,0.00,84.91,5.97,0.00,0.00,0.00,0.00,0.00,2.67,0.00,0.68,0.00,0.00,0.00,0.00
96,"Patnt","PjSha","Basc2",95,0.00,0.00,81.59,5.53,0.00,0.00,0.00,0.00,0.00,2.55,0.00,0.68,0.00,0.00,0.00,0.00
96,"Patnt","PjSha","Basc2",105,0.00,0.00,75.66,5.04,0.00,0.00,0.00,0.00,0.00,2.34,0.00,0.66,0.00,0.00,0.00,0.00
96,"Patnt","PjSha","Basc2",115,0.00,0.00,67.98,4.53,0.00,0.00,0.00,0.00,0.00,2.10,0.00,0.61,0.00,0.00,0.00,0.00
96,"Patnt","PjSha","Basc2",125,0.00,0.00,59.36,4.01,0.00,0.00,0.00,0.00,0.00,1.83,0.00,0.56,0.00,0.00,0.00,0.00
96,"Patnt","PjSha","Basc2",135,0.00,0.00,50.48,3.51,0.00,0.00,0.00,0.00,0.00,1.56,0.00,0.50,0.00,0.00,0.00,0.00
96,"Patnt","PjSha","Basc2",145,0.00,0.00,41.89,3.02,0.00,0.00,0.00,0.00,0.00,1.30,0.00,0.44,0.00,0.00,0.00,0.00
96,"Patnt","PjSha","Basc2",155,0.00,0.00,33.98,2.58,0.00,0.00,0.00,0.00,0.00,1.07,0.00,0.37,0.00,0.00,0.00,0.00
96,"Patnt","PjSha","Basc2",165,0.00,0.00,26.97,2.17,0.00,0.00,0.00,0.00,0.00,0.87,0.00,0.31,0.00,0.00,0.00,0.00
96,"Patnt","PjSha","Basc2",175,0.00,0.00,20.97,1.80,0.00,0.00,0.00,0.00,0.00,0.69,0.00,0.26,0.00,0.00,0.00,0.00
96,"Patnt","PjSha","Basc2",185,0.00,0.00,16.00,1.48,0.00,0.00,0.00,0.00,0.00,0.54,0.00,0.21,0.00,0.00,0.00,0.00
96,"Patnt","PjSha","Basc2",195,0.00,0.00,11.98,1.20,0.00,0.00,0.00,0.00,0.00,0.42,0.00,0.17,0.00,0.00,0.00,0.00
96,"Patnt","PjSha","Basc2",205,0.00,0.00,8.81,0.96,0.00,0.00,0.00,0.00,0.00,0.32,0.00,0.13,0.00,0.00,0.00,0.00
96,"Patnt","PjSha","Basc2",215,0.00,0.00,6.38,0.76,0.00,0.00,0.00,0.00,0.00,0.24,0.00,0.10,0.00,0.00,0.00,0.00
96,"Patnt","PjSha","Basc2",225,0.00,0.00,4.54,0.59,0.00,0.00,0.00,0.00,0.00,0.18,0.00,0.08,0.00,0.00,0.00,0.00
96,"Patnt","PjSha","Basc2",235,0.00,0.00,3.18,0.46,0.00,0.00,0.00,0.00,0.00,0.13,0.00,0.06,0.00,0.00,0.00,0.00
96,"Patnt","PjSha","Basc2",245,0.00,0.00,2.19,0.35,0.00,0.00,0.00,0.00,0.00,0.09,0.00,0.04,0.00,0.00,0.00,0.00
96,"Patnt","PjSha","Basc2",255,0.00,0.00,1.49,0.26,0.00,0.00,0.00,0.00,0.00,0.07,0.00,0.03,0.00,0.00,0.00,0.00
97,"4s_3s","PjSha","Intn1",5,0.00,0.00,0.00,0.00,0.00,0.00,0.00,0.00,0.00,0.00,0.00,0.00,0.00,0.00,0.00,0.00
97,"4s_3s","PjSha","Intn1",15,0.00,0.00,6.39,0.59,0.00,0.00,0.00,0.00,0.00,0.12,0.00,0.01,0.00,0.00,0.00,0.00
97,"4s_3s","PjSha","Intn1",25,0.00,0.00,18.59,2.22,0.00,0.00,0.00,0.00,0.00,0.46,0.00,0.04,0.00,0.00,0.00,0.00
97,"4s_3s","PjSha","Intn1",35,0.00,0.00,34.07,4.13,0.00,0.00,0.00,0.00,0.00,0.94,0.00,0.09,0.00,0.00,0.00,0.00
97,"4s_3s","PjSha","Intn1",45,0.00,0.00,50.26,5.54,0.00,0.00,0.00,0.00,0.00,1.49,0.00,0.16,0.00,0.00,0.00,0.00
97,"4s_3s","PjSha","Intn1",55,0.00,0.00,64.98,6.32,0.00,0.00,0.00,0.00,0.00,2.00,0.00,0.22,0.00,0.00,0.00,0.00
97,"4s_3s","PjSha","Intn1",65,0.00,0.00,76.67,6.67,0.00,0.00,0.00,0.00,0.00,2.40,0.00,0.27,0.00,0.00,0.00,0.00
97,"4s_3s","PjSha","Intn1",75,0.00,0.00,84.47,6.76,0.00,0.00,0.00,0.00,0.00,2.66,0.00,0.32,0.00,0.00,0.00,0.00
97,"4s_3s","PjSha","Intn1",85,0.00,0.00,88.11,6.64,0.00,0.00,0.00,0.00,0.00,2.77,0.00,0.35,0.00,0.00,0.00,0.00
97,"4s_3s","PjSha","Intn1",95,0.00,0.00,87.80,6.38,0.00,0.00,0.00,0.00,0.00,2.74,0.00,0.36,0.00,0.00,0.00,0.00
97,"4s_3s","PjSha","Intn1",105,0.00,0.00,84.04,6.00,0.00,0.00,0.00,0.00,0.00,2.60,0.00,0.36,0.00,0.00,0.00,0.00
97,"4s_3s","PjSha","Intn1",115,0.00,0.00,77.58,5.54,0.00,0.00,0.00,0.00,0.00,2.39,0.00,0.35,0.00,0.00,0.00,0.00
97,"4s_3s","PjSha","Intn1",125,0.00,0.00,69.28,5.02,0.00,0.00,0.00,0.00,0.00,2.13,0.00,0.33,0.00,0.00,0.00,0.00
97,"4s_3s","PjSha","Intn1",135,0.00,0.00,59.98,4.46,0.00,0.00,0.00,0.00,0.00,1.85,0.00,0.30,0.00,0.00,0.00,0.00
97,"4s_3s","PjSha","Intn1",145,0.00,0.00,50.44,3.90,0.00,0.00,0.00,0.00,0.00,1.57,0.00,0.26,0.00,0.00,0.00,0.00
97,"4s_3s","PjSha","Intn1",155,0.00,0.00,41.27,3.36,0.00,0.00,0.00,0.00,0.00,1.30,0.00,0.22,0.00,0.00,0.00,0.00
97,"4s_3s","PjSha","Intn1",165,0.00,0.00,32.89,2.84,0.00,0.00,0.00,0.00,0.00,1.06,0.00,0.19,0.00,0.00,0.00,0.00
97,"4s_3s","PjSha","Intn1",175,0.00,0.00,25.57,2.36,0.00,0.00,0.00,0.00,0.00,0.85,0.00,0.16,0.00,0.00,0.00,0.00
97,"4s_3s","PjSha","Intn1",185,0.00,0.00,19.41,1.92,0.00,0.00,0.00,0.00,0.00,0.66,0.00,0.12,0.00,0.00,0.00,0.00
97,"4s_3s","PjSha","Intn1",195,0.00,0.00,14.40,1.54,0.00,0.00,0.00,0.00,0.00,0.51,0.00,0.10,0.00,0.00,0.00,0.00
97,"4s_3s","PjSha","Intn1",205,0.00,0.00,10.45,1.22,0.00,0.00,0.00,0.00,0.00,0.38,0.00,0.08,0.00,0.00,0.00,0.00
97,"4s_3s","PjSha","Intn1",215,0.00,0.00,7.42,0.95,0.00,0.00,0.00,0.00,0.00,0.28,0.00,0.06,0.00,0.00,0.00,0.00
97,"4s_3s","PjSha","Intn1",225,0.00,0.00,5.16,0.72,0.00,0.00,0.00,0.00,0.00,0.21,0.00,0.04,0.00,0.00,0.00,0.00
97,"4s_3s","PjSha","Intn1",235,0.00,0.00,3.51,0.54,0.00,0.00,0.00,0.00,0.00,0.15,0.00,0.03,0.00,0.00,0.00,0.00
97,"4s_3s","PjSha","Intn1",245,0.00,0.00,2.35,0.40,0.00,0.00,0.00,0.00,0.00,0.10,0.00,0.02,0.00,0.00,0.00,0.00
97,"4s_3s","PjSha","Intn1",255,0.00,0.00,1.54,0.29,0.00,0.00,0.00,0.00,0.00,0.07,0.00,0.01,0.00,0.00,0.00,0.00
98,"Patnt","PjSha","Intn1",5,0.00,0.00,0.00,0.00,0.00,0.00,0.00,0.00,0.00,0.00,0.00,0.00,0.00,0.00,0.00,0.00
98,"Patnt","PjSha","Intn1",15,0.00,0.00,9.02,0.78,0.00,0.00,0.00,0.00,0.00,0.18,0.00,0.03,0.00,0.00,0.00,0.00
98,"Patnt","PjSha","Intn1",25,0.00,0.00,24.54,2.74,0.00,0.00,0.00,0.00,0.00,0.60,0.00,0.12,0.00,0.00,0.00,0.00
98,"Patnt","PjSha","Intn1",35,0.00,0.00,42.21,4.78,0.00,0.00,0.00,0.00,0.00,1.17,0.00,0.24,0.00,0.00,0.00,0.00
98,"Patnt","PjSha","Intn1",45,0.00,0.00,58.67,6.03,0.00,0.00,0.00,0.00,0.00,1.74,0.00,0.37,0.00,0.00,0.00,0.00
98,"Patnt","PjSha","Intn1",55,0.00,0.00,71.80,6.52,0.00,0.00,0.00,0.00,0.00,2.21,0.00,0.49,0.00,0.00,0.00,0.00
98,"Patnt","PjSha","Intn1",65,0.00,0.00,80.56,6.55,0.00,0.00,0.00,0.00,0.00,2.53,0.00,0.58,0.00,0.00,0.00,0.00
98,"Patnt","PjSha","Intn1",75,0.00,0.00,84.80,6.33,0.00,0.00,0.00,0.00,0.00,2.67,0.00,0.64,0.00,0.00,0.00,0.00
98,"Patnt","PjSha","Intn1",85,0.00,0.00,84.91,5.97,0.00,0.00,0.00,0.00,0.00,2.67,0.00,0.68,0.00,0.00,0.00,0.00
98,"Patnt","PjSha","Intn1",95,0.00,0.00,81.59,5.53,0.00,0.00,0.00,0.00,0.00,2.55,0.00,0.68,0.00,0.00,0.00,0.00
98,"Patnt","PjSha","Intn1",105,0.00,0.00,75.66,5.04,0.00,0.00,0.00,0.00,0.00,2.34,0.00,0.66,0.00,0.00,0.00,0.00
98,"Patnt","PjSha","Intn1",115,0.00,0.00,67.98,4.53,0.00,0.00,0.00,0.00,0.00,2.10,0.00,0.61,0.00,0.00,0.00,0.00
98,"Patnt","PjSha","Intn1",125,0.00,0.00,59.36,4.01,0.00,0.00,0.00,0.00,0.00,1.83,0.00,0.56,0.00,0.00,0.00,0.00
98,"Patnt","PjSha","Intn1",135,0.00,0.00,50.48,3.51,0.00,0.00,0.00,0.00,0.00,1.56,0.00,0.50,0.00,0.00,0.00,0.00
98,"Patnt","PjSha","Intn1",145,0.00,0.00,41.89,3.02,0.00,0.00,0.00,0.00,0.00,1.30,0.00,0.44,0.00,0.00,0.00,0.00
98,"Patnt","PjSha","Intn1",155,0.00,0.00,33.98,2.58,0.00,0.00,0.00,0.00,0.00,1.07,0.00,0.37,0.00,0.00,0.00,0.00
98,"Patnt","PjSha","Intn1",165,0.00,0.00,26.97,2.17,0.00,0.00,0.00,0.00,0.00,0.87,0.00,0.31,0.00,0.00,0.00,0.00
98,"Patnt","PjSha","Intn1",175,0.00,0.00,20.97,1.80,0.00,0.00,0.00,0.00,0.00,0.69,0.00,0.26,0.00,0.00,0.00,0.00
98,"Patnt","PjSha","Intn1",185,0.00,0.00,16.00,1.48,0.00,0.00,0.00,0.00,0.00,0.54,0.00,0.21,0.00,0.00,0.00,0.00
98,"Patnt","PjSha","Intn1",195,0.00,0.00,11.98,1.20,0.00,0.00,0.00,0.00,0.00,0.42,0.00,0.17,0.00,0.00,0.00,0.00
98,"Patnt","PjSha","Intn1",205,0.00,0.00,8.81,0.96,0.00,0.00,0.00,0.00,0.00,0.32,0.00,0.13,0.00,0.00,0.00,0.00
98,"Patnt","PjSha","Intn1",215,0.00,0.00,6.38,0.76,0.00,0.00,0.00,0.00,0.00,0.24,0.00,0.10,0.00,0.00,0.00,0.00
98,"Patnt","PjSha","Intn1",225,0.00,0.00,4.54,0.59,0.00,0.00,0.00,0.00,0.00,0.18,0.00,0.08,0.00,0.00,0.00,0.00
98,"Patnt","PjSha","Intn1",235,0.00,0.00,3.18,0.46,0.00,0.00,0.00,0.00,0.00,0.13,0.00,0.06,0.00,0.00,0.00,0.00
98,"Patnt","PjSha","Intn1",245,0.00,0.00,2.19,0.35,0.00,0.00,0.00,0.00,0.00,0.09,0.00,0.04,0.00,0.00,0.00,0.00
98,"Patnt","PjSha","Intn1",255,0.00,0.00,1.49,0.26,0.00,0.00,0.00,0.00,0.00,0.07,0.00,0.03,0.00,0.00,0.00,0.00
99,"4s_3s","PjSha","Succ",5,0.00,0.00,0.00,0.00,0.00,0.00,0.00,0.00,0.00,0.00,0.00,0.00,0.00,0.00,0.00,0.00
99,"4s_3s","PjSha","Succ",15,0.00,0.00,6.39,0.59,0.00,0.00,0.00,0.00,0.00,0.12,0.00,0.01,0.00,0.00,0.00,0.00
99,"4s_3s","PjSha","Succ",25,0.00,0.00,18.59,2.22,0.00,0.00,0.00,0.00,0.00,0.46,0.00,0.04,0.00,0.00,0.00,0.00
99,"4s_3s","PjSha","Succ",35,0.00,0.00,34.07,4.13,0.00,0.00,0.00,0.00,0.00,0.94,0.00,0.09,0.00,0.00,0.00,0.00
99,"4s_3s","PjSha","Succ",45,0.00,0.00,50.26,5.54,0.00,0.00,0.00,0.00,0.00,1.49,0.00,0.16,0.00,0.00,0.00,0.00
99,"4s_3s","PjSha","Succ",55,0.00,0.00,64.98,6.32,0.00,0.00,0.00,0.00,0.00,2.00,0.00,0.22,0.00,0.00,0.00,0.00
99,"4s_3s","PjSha","Succ",65,0.00,0.00,76.67,6.67,0.00,0.00,0.00,0.00,0.00,2.40,0.00,0.27,0.00,0.00,0.00,0.00
99,"4s_3s","PjSha","Succ",75,0.00,0.00,84.47,6.76,0.00,0.00,0.00,0.00,0.00,2.66,0.00,0.32,0.00,0.00,0.00,0.00
99,"4s_3s","PjSha","Succ",85,0.00,0.00,88.11,6.64,0.00,0.00,0.00,0.00,0.00,2.77,0.00,0.35,0.00,0.00,0.00,0.00
99,"4s_3s","PjSha","Succ",95,0.00,0.00,87.80,6.38,0.00,0.00,0.00,0.00,0.00,2.74,0.00,0.36,0.00,0.00,0.00,0.00
99,"4s_3s","PjSha","Succ",105,0.00,0.00,84.04,6.00,0.00,0.00,0.00,0.00,0.00,2.60,0.00,0.36,0.00,0.00,0.00,0.00
99,"4s_3s","PjSha","Succ",115,0.00,0.00,77.58,5.54,0.00,0.00,0.00,0.00,0.00,2.39,0.00,0.35,0.00,0.00,0.00,0.00
99,"4s_3s","PjSha","Succ",125,0.00,0.00,69.28,5.02,0.00,0.00,0.00,0.00,0.00,2.13,0.00,0.33,0.00,0.00,0.00,0.00
99,"4s_3s","PjSha","Succ",135,0.00,0.00,59.98,4.46,0.00,0.00,0.00,0.00,0.00,1.85,0.00,0.30,0.00,0.00,0.00,0.00
99,"4s_3s","PjSha","Succ",145,0.00,0.00,50.44,3.90,0.00,0.00,0.00,0.00,0.00,1.57,0.00,0.26,0.00,0.00,0.00,0.00
99,"4s_3s","PjSha","Succ",155,0.00,0.00,41.27,3.36,0.00,0.00,0.00,0.00,0.00,1.30,0.00,0.22,0.00,0.00,0.00,0.00
99,"4s_3s","PjSha","Succ",165,0.00,0.00,32.89,2.84,0.00,0.00,0.00,0.00,0.00,1.06,0.00,0.19,0.00,0.00,0.00,0.00
99,"4s_3s","PjSha","Succ",175,0.00,0.00,25.57,2.36,0.00,0.00,0.00,0.00,0.00,0.85,0.00,0.16,0.00,0.00,0.00,0.00
99,"4s_3s","PjSha","Succ",185,0.00,0.00,19.41,1.92,0.00,0.00,0.00,0.00,0.00,0.66,0.00,0.12,0.00,0.00,0.00,0.00
99,"4s_3s","PjSha","Succ",195,0.00,0.00,14.40,1.54,0.00,0.00,0.00,0.00,0.00,0.51,0.00,0.10,0.00,0.00,0.00,0.00
99,"4s_3s","PjSha","Succ",205,0.00,0.00,10.45,1.22,0.00,0.00,0.00,0.00,0.00,0.38,0.00,0.08,0.00,0.00,0.00,0.00
99,"4s_3s","PjSha","Succ",215,0.00,0.00,7.42,0.95,0.00,0.00,0.00,0.00,0.00,0.28,0.00,0.06,0.00,0.00,0.00,0.00
99,"4s_3s","PjSha","Succ",225,0.00,0.00,5.16,0.72,0.00,0.00,0.00,0.00,0.00,0.21,0.00,0.04,0.00,0.00,0.00,0.00
99,"4s_3s","PjSha","Succ",235,0.00,0.00,3.51,0.54,0.00,0.00,0.00,0.00,0.00,0.15,0.00,0.03,0.00,0.00,0.00,0.00
99,"4s_3s","PjSha","Succ",245,0.00,0.00,2.35,0.40,0.00,0.00,0.00,0.00,0.00,0.10,0.00,0.02,0.00,0.00,0.00,0.00
99,"4s_3s","PjSha","Succ",255,0.00,0.00,1.54,0.29,0.00,0.00,0.00,0.00,0.00,0.07,0.00,0.01,0.00,0.00,0.00,0.00
100,"Patnt","PjSha","Succ",5,0.00,0.00,0.00,0.00,0.00,0.00,0.00,0.00,0.00,0.00,0.00,0.00,0.00,0.00,0.00,0.00
100,"Patnt","PjSha","Succ",15,0.00,0.00,9.02,0.78,0.00,0.00,0.00,0.00,0.00,0.18,0.00,0.03,0.00,0.00,0.00,0.00
100,"Patnt","PjSha","Succ",25,0.00,0.00,24.54,2.74,0.00,0.00,0.00,0.00,0.00,0.60,0.00,0.12,0.00,0.00,0.00,0.00
100,"Patnt","PjSha","Succ",35,0.00,0.00,42.21,4.78,0.00,0.00,0.00,0.00,0.00,1.17,0.00,0.24,0.00,0.00,0.00,0.00
100,"Patnt","PjSha","Succ",45,0.00,0.00,58.67,6.03,0.00,0.00,0.00,0.00,0.00,1.74,0.00,0.37,0.00,0.00,0.00,0.00
100,"Patnt","PjSha","Succ",55,0.00,0.00,71.80,6.52,0.00,0.00,0.00,0.00,0.00,2.21,0.00,0.49,0.00,0.00,0.00,0.00
100,"Patnt","PjSha","Succ",65,0.00,0.00,80.56,6.55,0.00,0.00,0.00,0.00,0.00,2.53,0.00,0.58,0.00,0.00,0.00,0.00
100,"Patnt","PjSha","Succ",75,0.00,0.00,84.80,6.33,0.00,0.00,0.00,0.00,0.00,2.67,0.00,0.64,0.00,0.00,0.00,0.00
100,"Patnt","PjSha","Succ",85,0.00,0.00,84.91,5.97,0.00,0.00,0.00,0.00,0.00,2.67,0.00,0.68,0.00,0.00,0.00,0.00
100,"Patnt","PjSha","Succ",95,0.00,0.00,81.59,5.53,0.00,0.00,0.00,0.00,0.00,2.55,0.00,0.68,0.00,0.00,0.00,0.00
100,"Patnt","PjSha","Succ",105,0.00,0.00,75.66,5.04,0.00,0.00,0.00,0.00,0.00,2.34,0.00,0.66,0.00,0.00,0.00,0.00
100,"Patnt","PjSha","Succ",115,0.00,0.00,67.98,4.53,0.00,0.00,0.00,0.00,0.00,2.10,0.00,0.61,0.00,0.00,0.00,0.00
100,"Patnt","PjSha","Succ",125,0.00,0.00,59.36,4.01,0.00,0.00,0.00,0.00,0.00,1.83,0.00,0.56,0.00,0.00,0.00,0.00
100,"Patnt","PjSha","Succ",135,0.00,0.00,50.48,3.51,0.00,0.00,0.00,0.00,0.00,1.56,0.00,0.50,0.00,0.00,0.00,0.00
100,"Patnt","PjSha","Succ",145,0.00,0.00,41.89,3.02,0.00,0.00,0.00,0.00,0.00,1.30,0.00,0.44,0.00,0.00,0.00,0.00
100,"Patnt","PjSha","Succ",155,0.00,0.00,33.98,2.58,0.00,0.00,0.00,0.00,0.00,1.07,0.00,0.37,0.00,0.00,0.00,0.00
100,"Patnt","PjSha","Succ",165,0.00,0.00,26.97,2.17,0.00,0.00,0.00,0.00,0.00,0.87,0.00,0.31,0.00,0.00,0.00,0.00
100,"Patnt","PjSha","Succ",175,0.00,0.00,20.97,1.80,0.00,0.00,0.00,0.00,0.00,0.69,0.00,0.26,0.00,0.00,0.00,0.00
100,"Patnt","PjSha","Succ",185,0.00,0.00,16.00,1.48,0.00,0.00,0.00,0.00,0.00,0.54,0.00,0.21,0.00,0.00,0.00,0.00
100,"Patnt","PjSha","Succ",195,0.00,0.00,11.98,1.20,0.00,0.00,0.00,0.00,0.00,0.42,0.00,0.17,0.00,0.00,0.00,0.00
100,"Patnt","PjSha","Succ",205,0.00,0.00,8.81,0.96,0.00,0.00,0.00,0.00,0.00,0.32,0.00,0.13,0.00,0.00,0.00,0.00
100,"Patnt","PjSha","Succ",215,0.00,0.00,6.38,0.76,0.00,0.00,0.00,0.00,0.00,0.24,0.00,0.10,0.00,0.00,0.00,0.00
100,"Patnt","PjSha","Succ",225,0.00,0.00,4.54,0.59,0.00,0.00,0.00,0.00,0.00,0.18,0.00,0.08,0.00,0.00,0.00,0.00
100,"Patnt","PjSha","Succ",235,0.00,0.00,3.18,0.46,0.00,0.00,0.00,0.00,0.00,0.13,0.00,0.06,0.00,0.00,0.00,0.00
100,"Patnt","PjSha","Succ",245,0.00,0.00,2.19,0.35,0.00,0.00,0.00,0.00,0.00,0.09,0.00,0.04,0.00,0.00,0.00,0.00
100,"Patnt","PjSha","Succ",255,0.00,0.00,1.49,0.26,0.00,0.00,0.00,0.00,0.00,0.07,0.00,0.03,0.00,0.00,0.00,0.00
101,"4s_3s","PjDee","Prsnt",5,0.00,0.00,0.00,0.00,0.00,0.00,0.00,0.00,0.00,0.00,0.00,0.00,0.00,0.00,0.00,0.00
101,"4s_3s","PjDee","Prsnt",15,0.00,0.00,14.56,1.21,0.00,0.00,0.00,0.00,0.00,0.29,0.00,0.03,0.00,0.00,0.00,0.00
101,"4s_3s","PjDee","Prsnt",25,0.00,0.00,35.90,3.84,0.00,0.00,0.00,0.00,0.00,0.88,0.00,0.09,0.00,0.00,0.00,0.00
101,"4s_3s","PjDee","Prsnt",35,0.00,0.00,58.24,6.31,0.00,0.00,0.00,0.00,0.00,1.60,0.00,0.16,0.00,0.00,0.00,0.00
101,"4s_3s","PjDee","Prsnt",45,0.00,0.00,78.67,7.75,0.00,0.00,0.00,0.00,0.00,2.32,0.00,0.24,0.00,0.00,0.00,0.00
101,"4s_3s","PjDee","Prsnt",55,0.00,0.00,95.78,8.33,0.00,0.00,0.00,0.00,0.00,2.93,0.00,0.32,0.00,0.00,0.00,0.00
101,"4s_3s","PjDee","Prsnt",65,0.00,0.00,108.94,8.48,0.00,0.00,0.00,0.00,0.00,3.40,0.00,0.38,0.00,0.00,0.00,0.00
101,"4s_3s","PjDee","Prsnt",75,0.00,0.00,118.09,8.44,0.00,0.00,0.00,0.00,0.00,3.70,0.00,0.44,0.00,0.00,0.00,0.00
101,"4s_3s","PjDee","Prsnt",85,0.00,0.00,123.40,8.31,0.00,0.00,0.00,0.00,0.00,3.86,0.00,0.48,0.00,0.00,0.00,0.00
101,"4s_3s","PjDee","Prsnt",95,0.00,0.00,125.19,8.13,0.00,0.00,0.00,0.00,0.00,3.89,0.00,0.51,0.00,0.00,0.00,0.00
101,"4s_3s","PjDee","Prsnt",105,0.00,0.00,123.86,7.91,0.00,0.00,0.00,0.00,0.00,3.82,0.00,0.52,0.00,0.00,0.00,0.00
101,"4s_3s","PjDee","Prsnt",115,0.00,0.00,119.88,7.65,0.00,0.00,0.00,0.00,0.00,3.68,0.00,0.53,0.00,0.00,0.00,0.00
101,"4s_3s","PjDee","Prsnt",125,0.00,0.00,113.77,7.36,0.00,0.00,0.00,0.00,0.00,3.49,0.00,0.53,0.00,0.00,0.00,0.00
101,"4s_3s","PjDee","Prsnt",135,0.00,0.00,106.06,7.06,0.00,0.00,0.00,0.00,0.00,3.26,0.00,0.52,0.00,0.00,0.00,0.00
101,"4s_3s","PjDee","Prsnt",145,0.00,0.00,97.29,6.73,0.00,0.00,0.00,0.00,0.00,3.02,0.00,0.50,0.00,0.00,0.00,0.00
101,"4s_3s","PjDee","Prsnt",155,0.00,0.00,87.93,6.39,0.00,0.00,0.00,0.00,0.00,2.77,0.00,0.47,0.00,0.00,0.00,0.00
101,"4s_3s","PjDee","Prsnt",165,0.00,0.00,78.39,6.04,0.00,0.00,0.00,0.00,0.00,2.52,0.00,0.45,0.00,0.00,0.00,0.00
101,"4s_3s","PjDee","Prsnt",175,0.00,0.00,69.02,5.69,0.00,0.00,0.00,0.00,0.00,2.28,0.00,0.42,0.00,0.00,0.00,0.00
101,"4s_3s","PjDee","Prsnt",185,0.00,0.00,60.06,5.33,0.00,0.00,0.00,0.00,0.00,2.05,0.00,0.39,0.00,0.00,0.00,0.00
101,"4s_3s","PjDee","Prsnt",195,0.00,0.00,51.70,4.96,0.00,0.00,0.00,0.00,0.00,1.83,0.00,0.36,0.00,0.00,0.00,0.00
101,"4s_3s","PjDee","Prsnt",205,0.00,0.00,44.07,4.61,0.00,0.00,0.00,0.00,0.00,1.62,0.00,0.33,0.00,0.00,0.00,0.00
101,"4s_3s","PjDee","Prsnt",215,0.00,0.00,37.21,4.25,0.00,0.00,0.00,0.00,0.00,1.43,0.00,0.30,0.00,0.00,0.00,0.00
101,"4s_3s","PjDee","Prsnt",225,0.00,0.00,31.14,3.91,0.00,0.00,0.00,0.00,0.00,1.26,0.00,0.27,0.00,0.00,0.00,0.00
101,"4s_3s","PjDee","Prsnt",235,0.00,0.00,25.85,3.58,0.00,0.00,0.00,0.00,0.00,1.10,0.00,0.24,0.00,0.00,0.00,0.00
101,"4s_3s","PjDee","Prsnt",245,0.00,0.00,21.29,3.26,0.00,0.00,0.00,0.00,0.00,0.96,0.00,0.21,0.00,0.00,0.00,0.00
101,"4s_3s","PjDee","Prsnt",255,0.00,0.00,17.41,2.95,0.00,0.00,0.00,0.00,0.00,0.83,0.00,0.19,0.00,0.00,0.00,0.00
102,"Patnt","PjDee","Prsnt",5,0.00,0.00,0.00,0.00,0.00,0.00,0.00,0.00,0.00,0.00,0.00,0.00,0.00,0.00,0.00,0.00
102,"Patnt","PjDee","Prsnt",15,0.00,0.00,11.85,0.98,0.00,0.00,0.00,0.00,0.00,0.23,0.00,0.02,0.00,0.00,0.00,0.00
102,"Patnt","PjDee","Prsnt",25,0.00,0.00,31.66,3.39,0.00,0.00,0.00,0.00,0.00,0.78,0.00,0.08,0.00,0.00,0.00,0.00
102,"Patnt","PjDee","Prsnt",35,0.00,0.00,54.84,5.94,0.00,0.00,0.00,0.00,0.00,1.51,0.00,0.15,0.00,0.00,0.00,0.00
102,"Patnt","PjDee","Prsnt",45,0.00,0.00,77.94,7.68,0.00,0.00,0.00,0.00,0.00,2.30,0.00,0.24,0.00,0.00,0.00,0.00
102,"Patnt","PjDee","Prsnt",55,0.00,0.00,98.38,8.55,0.00,0.00,0.00,0.00,0.00,3.01,0.00,0.33,0.00,0.00,0.00,0.00
102,"Patnt","PjDee","Prsnt",65,0.00,0.00,114.34,8.90,0.00,0.00,0.00,0.00,0.00,3.57,0.00,0.40,0.00,0.00,0.00,0.00
102,"Patnt","PjDee","Prsnt",75,0.00,0.00,124.79,8.92,0.00,0.00,0.00,0.00,0.00,3.91,0.00,0.46,0.00,0.00,0.00,0.00
102,"Patnt","PjDee","Prsnt",85,0.00,0.00,129.39,8.72,0.00,0.00,0.00,0.00,0.00,4.05,0.00,0.50,0.00,0.00,0.00,0.00
102,"Patnt","PjDee","Prsnt",95,0.00,0.00,128.35,8.34,0.00,0.00,0.00,0.00,0.00,3.99,0.00,0.52,0.00,0.00,0.00,0.00
102,"Patnt","PjDee","Prsnt",105,0.00,0.00,122.35,7.81,0.00,0.00,0.00,0.00,0.00,3.77,0.00,0.52,0.00,0.00,0.00,0.00
102,"Patnt","PjDee","Prsnt",115,0.00,0.00,112.44,7.17,0.00,0.00,0.00,0.00,0.00,3.45,0.00,0.50,0.00,0.00,0.00,0.00
102,"Patnt","PjDee","Prsnt",125,0.00,0.00,99.84,6.46,0.00,0.00,0.00,0.00,0.00,3.06,0.00,0.46,0.00,0.00,0.00,0.00
102,"Patnt","PjDee","Prsnt",135,0.00,0.00,85.82,5.71,0.00,0.00,0.00,0.00,0.00,2.64,0.00,0.42,0.00,0.00,0.00,0.00
102,"Patnt","PjDee","Prsnt",145,0.00,0.00,71.52,4.95,0.00,0.00,0.00,0.00,0.00,2.22,0.00,0.36,0.00,0.00,0.00,0.00
102,"Patnt","PjDee","Prsnt",155,0.00,0.00,57.88,4.21,0.00,0.00,0.00,0.00,0.00,1.82,0.00,0.31,0.00,0.00,0.00,0.00
102,"Patnt","PjDee","Prsnt",165,0.00,0.00,45.52,3.51,0.00,0.00,0.00,0.00,0.00,1.46,0.00,0.26,0.00,0.00,0.00,0.00
102,"Patnt","PjDee","Prsnt",175,0.00,0.00,34.85,2.87,0.00,0.00,0.00,0.00,0.00,1.15,0.00,0.21,0.00,0.00,0.00,0.00
102,"Patnt","PjDee","Prsnt",185,0.00,0.00,25.98,2.30,0.00,0.00,0.00,0.00,0.00,0.88,0.00,0.17,0.00,0.00,0.00,0.00
102,"Patnt","PjDee","Prsnt",195,0.00,0.00,18.88,1.81,0.00,0.00,0.00,0.00,0.00,0.66,0.00,0.13,0.00,0.00,0.00,0.00
102,"Patnt","PjDee","Prsnt",205,0.00,0.00,13.39,1.40,0.00,0.00,0.00,0.00,0.00,0.49,0.00,0.10,0.00,0.00,0.00,0.00
102,"Patnt","PjDee","Prsnt",215,0.00,0.00,9.27,1.06,0.00,0.00,0.00,0.00,0.00,0.35,0.00,0.07,0.00,0.00,0.00,0.00
102,"Patnt","PjDee","Prsnt",225,0.00,0.00,6.27,0.78,0.00,0.00,0.00,0.00,0.00,0.25,0.00,0.05,0.00,0.00,0.00,0.00
102,"Patnt","PjDee","Prsnt",235,0.00,0.00,4.14,0.57,0.00,0.00,0.00,0.00,0.00,0.17,0.00,0.03,0.00,0.00,0.00,0.00
102,"Patnt","PjDee","Prsnt",245,0.00,0.00,2.67,0.41,0.00,0.00,0.00,0.00,0.00,0.12,0.00,0.02,0.00,0.00,0.00,0.00
102,"Patnt","PjDee","Prsnt",255,0.00,0.00,1.69,0.28,0.00,0.00,0.00,0.00,0.00,0.08,0.00,0.01,0.00,0.00,0.00,0.00
103,"4s_3s","PjDee","Exten",5,0.00,0.00,0.00,0.00,0.00,0.00,0.00,0.00,0.00,0.00,0.00,0.00,0.00,0.00,0.00,0.00
103,"4s_3s","PjDee","Exten",15,0.00,0.00,14.56,1.21,0.00,0.00,0.00,0.00,0.00,0.29,0.00,0.03,0.00,0.00,0.00,0.00
103,"4s_3s","PjDee","Exten",25,0.00,0.00,35.90,3.84,0.00,0.00,0.00,0.00,0.00,0.88,0.00,0.09,0.00,0.00,0.00,0.00
103,"4s_3s","PjDee","Exten",35,0.00,0.00,58.24,6.31,0.00,0.00,0.00,0.00,0.00,1.60,0.00,0.16,0.00,0.00,0.00,0.00
103,"4s_3s","PjDee","Exten",45,0.00,0.00,78.67,7.75,0.00,0.00,0.00,0.00,0.00,2.32,0.00,0.24,0.00,0.00,0.00,0.00
103,"4s_3s","PjDee","Exten",55,0.00,0.00,95.78,8.33,0.00,0.00,0.00,0.00,0.00,2.93,0.00,0.32,0.00,0.00,0.00,0.00
103,"4s_3s","PjDee","Exten",65,0.00,0.00,108.94,8.48,0.00,0.00,0.00,0.00,0.00,3.40,0.00,0.38,0.00,0.00,0.00,0.00
103,"4s_3s","PjDee","Exten",75,0.00,0.00,118.09,8.44,0.00,0.00,0.00,0.00,0.00,3.70,0.00,0.44,0.00,0.00,0.00,0.00
103,"4s_3s","PjDee","Exten",85,0.00,0.00,123.40,8.31,0.00,0.00,0.00,0.00,0.00,3.86,0.00,0.48,0.00,0.00,0.00,0.00
103,"4s_3s","PjDee","Exten",95,0.00,0.00,125.19,8.13,0.00,0.00,0.00,0.00,0.00,3.89,0.00,0.51,0.00,0.00,0.00,0.00
103,"4s_3s","PjDee","Exten",105,0.00,0.00,123.86,7.91,0.00,0.00,0.00,0.00,0.00,3.82,0.00,0.52,0.00,0.00,0.00,0.00
103,"4s_3s","PjDee","Exten",115,0.00,0.00,119.88,7.65,0.00,0.00,0.00,0.00,0.00,3.68,0.00,0.53,0.00,0.00,0.00,0.00
103,"4s_3s","PjDee","Exten",125,0.00,0.00,113.77,7.36,0.00,0.00,0.00,0.00,0.00,3.49,0.00,0.53,0.00,0.00,0.00,0.00
103,"4s_3s","PjDee","Exten",135,0.00,0.00,106.06,7.06,0.00,0.00,0.00,0.00,0.00,3.26,0.00,0.52,0.00,0.00,0.00,0.00
103,"4s_3s","PjDee","Exten",145,0.00,0.00,97.29,6.73,0.00,0.00,0.00,0.00,0.00,3.02,0.00,0.50,0.00,0.00,0.00,0.00
103,"4s_3s","PjDee","Exten",155,0.00,0.00,87.93,6.39,0.00,0.00,0.00,0.00,0.00,2.77,0.00,0.47,0.00,0.00,0.00,0.00
103,"4s_3s","PjDee","Exten",165,0.00,0.00,78.39,6.04,0.00,0.00,0.00,0.00,0.00,2.52,0.00,0.45,0.00,0.00,0.00,0.00
103,"4s_3s","PjDee","Exten",175,0.00,0.00,69.02,5.69,0.00,0.00,0.00,0.00,0.00,2.28,0.00,0.42,0.00,0.00,0.00,0.00
103,"4s_3s","PjDee","Exten",185,0.00,0.00,60.06,5.33,0.00,0.00,0.00,0.00,0.00,2.05,0.00,0.39,0.00,0.00,0.00,0.00
103,"4s_3s","PjDee","Exten",195,0.00,0.00,51.70,4.96,0.00,0.00,0.00,0.00,0.00,1.83,0.00,0.36,0.00,0.00,0.00,0.00
103,"4s_3s","PjDee","Exten",205,0.00,0.00,44.07,4.61,0.00,0.00,0.00,0.00,0.00,1.62,0.00,0.33,0.00,0.00,0.00,0.00
103,"4s_3s","PjDee","Exten",215,0.00,0.00,37.21,4.25,0.00,0.00,0.00,0.00,0.00,1.43,0.00,0.30,0.00,0.00,0.00,0.00
103,"4s_3s","PjDee","Exten",225,0.00,0.00,31.14,3.91,0.00,0.00,0.00,0.00,0.00,1.26,0.00,0.27,0.00,0.00,0.00,0.00
103,"4s_3s","PjDee","Exten",235,0.00,0.00,25.85,3.58,0.00,0.00,0.00,0.00,0.00,1.10,0.00,0.24,0.00,0.00,0.00,0.00
103,"4s_3s","PjDee","Exten",245,0.00,0.00,21.29,3.26,0.00,0.00,0.00,0.00,0.00,0.96,0.00,0.21,0.00,0.00,0.00,0.00
103,"4s_3s","PjDee","Exten",255,0.00,0.00,17.41,2.95,0.00,0.00,0.00,0.00,0.00,0.83,0.00,0.19,0.00,0.00,0.00,0.00
104,"Patnt","PjDee","Exten",5,0.00,0.00,0.00,0.00,0.00,0.00,0.00,0.00,0.00,0.00,0.00,0.00,0.00,0.00,0.00,0.00
104,"Patnt","PjDee","Exten",15,0.00,0.00,11.85,0.98,0.00,0.00,0.00,0.00,0.00,0.23,0.00,0.02,0.00,0.00,0.00,0.00
104,"Patnt","PjDee","Exten",25,0.00,0.00,31.66,3.39,0.00,0.00,0.00,0.00,0.00,0.78,0.00,0.08,0.00,0.00,0.00,0.00
104,"Patnt","PjDee","Exten",35,0.00,0.00,54.84,5.94,0.00,0.00,0.00,0.00,0.00,1.51,0.00,0.15,0.00,0.00,0.00,0.00
104,"Patnt","PjDee","Exten",45,0.00,0.00,77.94,7.68,0.00,0.00,0.00,0.00,0.00,2.30,0.00,0.24,0.00,0.00,0.00,0.00
104,"Patnt","PjDee","Exten",55,0.00,0.00,98.38,8.55,0.00,0.00,0.00,0.00,0.00,3.01,0.00,0.33,0.00,0.00,0.00,0.00
104,"Patnt","PjDee","Exten",65,0.00,0.00,114.34,8.90,0.00,0.00,0.00,0.00,0.00,3.57,0.00,0.40,0.00,0.00,0.00,0.00
104,"Patnt","PjDee","Exten",75,0.00,0.00,124.79,8.92,0.00,0.00,0.00,0.00,0.00,3.91,0.00,0.46,0.00,0.00,0.00,0.00
104,"Patnt","PjDee","Exten",85,0.00,0.00,129.39,8.72,0.00,0.00,0.00,0.00,0.00,4.05,0.00,0.50,0.00,0.00,0.00,0.00
104,"Patnt","PjDee","Exten",95,0.00,0.00,128.35,8.34,0.00,0.00,0.00,0.00,0.00,3.99,0.00,0.52,0.00,0.00,0.00,0.00
104,"Patnt","PjDee","Exten",105,0.00,0.00,122.35,7.81,0.00,0.00,0.00,0.00,0.00,3.77,0.00,0.52,0.00,0.00,0.00,0.00
104,"Patnt","PjDee","Exten",115,0.00,0.00,112.44,7.17,0.00,0.00,0.00,0.00,0.00,3.45,0.00,0.50,0.00,0.00,0.00,0.00
104,"Patnt","PjDee","Exten",125,0.00,0.00,99.84,6.46,0.00,0.00,0.00,0.00,0.00,3.06,0.00,0.46,0.00,0.00,0.00,0.00
104,"Patnt","PjDee","Exten",135,0.00,0.00,85.82,5.71,0.00,0.00,0.00,0.00,0.00,2.64,0.00,0.42,0.00,0.00,0.00,0.00
104,"Patnt","PjDee","Exten",145,0.00,0.00,71.52,4.95,0.00,0.00,0.00,0.00,0.00,2.22,0.00,0.36,0.00,0.00,0.00,0.00
104,"Patnt","PjDee","Exten",155,0.00,0.00,57.88,4.21,0.00,0.00,0.00,0.00,0.00,1.82,0.00,0.31,0.00,0.00,0.00,0.00
104,"Patnt","PjDee","Exten",165,0.00,0.00,45.52,3.51,0.00,0.00,0.00,0.00,0.00,1.46,0.00,0.26,0.00,0.00,0.00,0.00
104,"Patnt","PjDee","Exten",175,0.00,0.00,34.85,2.87,0.00,0.00,0.00,0.00,0.00,1.15,0.00,0.21,0.00,0.00,0.00,0.00
104,"Patnt","PjDee","Exten",185,0.00,0.00,25.98,2.30,0.00,0.00,0.00,0.00,0.00,0.88,0.00,0.17,0.00,0.00,0.00,0.00
104,"Patnt","PjDee","Exten",195,0.00,0.00,18.88,1.81,0.00,0.00,0.00,0.00,0.00,0.66,0.00,0.13,0.00,0.00,0.00,0.00
104,"Patnt","PjDee","Exten",205,0.00,0.00,13.39,1.40,0.00,0.00,0.00,0.00,0.00,0.49,0.00,0.10,0.00,0.00,0.00,0.00
104,"Patnt","PjDee","Exten",215,0.00,0.00,9.27,1.06,0.00,0.00,0.00,0.00,0.00,0.35,0.00,0.07,0.00,0.00,0.00,0.00
104,"Patnt","PjDee","Exten",225,0.00,0.00,6.27,0.78,0.00,0.00,0.00,0.00,0.00,0.25,0.00,0.05,0.00,0.00,0.00,0.00
104,"Patnt","PjDee","Exten",235,0.00,0.00,4.14,0.57,0.00,0.00,0.00,0.00,0.00,0.17,0.00,0.03,0.00,0.00,0.00,0.00
104,"Patnt","PjDee","Exten",245,0.00,0.00,2.67,0.41,0.00,0.00,0.00,0.00,0.00,0.12,0.00,0.02,0.00,0.00,0.00,0.00
104,"Patnt","PjDee","Exten",255,0.00,0.00,1.69,0.28,0.00,0.00,0.00,0.00,0.00,0.08,0.00,0.01,0.00,0.00,0.00,0.00
105,"4s_3s","PjDee","Basc1",5,0.00,0.00,0.00,0.00,0.00,0.00,0.00,0.00,0.00,0.00,0.00,0.00,0.00,0.00,0.00,0.00
105,"4s_3s","PjDee","Basc1",15,0.00,0.00,15.33,1.19,0.00,0.00,0.00,0.00,0.00,0.56,0.00,0.06,0.00,0.00,0.00,0.00
105,"4s_3s","PjDee","Basc1",25,0.00,0.00,37.65,3.77,0.00,0.00,0.00,0.00,0.00,1.69,0.00,0.19,0.00,0.00,0.00,0.00
105,"4s_3s","PjDee","Basc1",35,0.00,0.00,60.49,6.14,0.00,0.00,0.00,0.00,0.00,3.05,0.00,0.35,0.00,0.00,0.00,0.00
105,"4s_3s","PjDee","Basc1",45,0.00,0.00,80.88,7.46,0.00,0.00,0.00,0.00,0.00,4.37,0.00,0.52,0.00,0.00,0.00,0.00
105,"4s_3s","PjDee","Basc1",55,0.00,0.00,97.54,7.94,0.00,0.00,0.00,0.00,0.00,5.47,0.00,0.67,0.00,0.00,0.00,0.00
105,"4s_3s","PjDee","Basc1",65,0.00,0.00,110.05,8.02,0.00,0.00,0.00,0.00,0.00,6.28,0.00,0.80,0.00,0.00,0.00,0.00
105,"4s_3s","PjDee","Basc1",75,0.00,0.00,118.45,7.93,0.00,0.00,0.00,0.00,0.00,6.80,0.00,0.91,0.00,0.00,0.00,0.00
105,"4s_3s","PjDee","Basc1",85,0.00,0.00,123.05,7.76,0.00,0.00,0.00,0.00,0.00,7.04,0.00,0.99,0.00,0.00,0.00,0.00
105,"4s_3s","PjDee","Basc1",95,0.00,0.00,124.21,7.55,0.00,0.00,0.00,0.00,0.00,7.06,0.00,1.04,0.00,0.00,0.00,0.00
105,"4s_3s","PjDee","Basc1",105,0.00,0.00,122.37,7.31,0.00,0.00,0.00,0.00,0.00,6.91,0.00,1.07,0.00,0.00,0.00,0.00
105,"4s_3s","PjDee","Basc1",115,0.00,0.00,118.02,7.05,0.00,0.00,0.00,0.00,0.00,6.63,0.00,1.08,0.00,0.00,0.00,0.00
105,"4s_3s","PjDee","Basc1",125,0.00,0.00,111.66,6.77,0.00,0.00,0.00,0.00,0.00,6.26,0.00,1.07,0.00,0.00,0.00,0.00
105,"4s_3s","PjDee","Basc1",135,0.00,0.00,103.84,6.47,0.00,0.00,0.00,0.00,0.00,5.84,0.00,1.04,0.00,0.00,0.00,0.00
105,"4s_3s","PjDee","Basc1",145,0.00,0.00,95.04,6.16,0.00,0.00,0.00,0.00,0.00,5.40,0.00,1.01,0.00,0.00,0.00,0.00
105,"4s_3s","PjDee","Basc1",155,0.00,0.00,85.74,5.84,0.00,0.00,0.00,0.00,0.00,4.94,0.00,0.96,0.00,0.00,0.00,0.00
105,"4s_3s","PjDee","Basc1",165,0.00,0.00,76.32,5.51,0.00,0.00,0.00,0.00,0.00,4.49,0.00,0.90,0.00,0.00,0.00,0.00
105,"4s_3s","PjDee","Basc1",175,0.00,0.00,67.10,5.18,0.00,0.00,0.00,0.00,0.00,4.06,0.00,0.84,0.00,0.00,0.00,0.00
105,"4s_3s","PjDee","Basc1",185,0.00,0.00,58.32,4.84,0.00,0.00,0.00,0.00,0.00,3.64,0.00,0.78,0.00,0.00,0.00,0.00
105,"4s_3s","PjDee","Basc1",195,0.00,0.00,50.15,4.51,0.00,0.00,0.00,0.00,0.00,3.25,0.00,0.72,0.00,0.00,0.00,0.00
105,"4s_3s","PjDee","Basc1",205,0.00,0.00,42.71,4.18,0.00,0.00,0.00,0.00,0.00,2.88,0.00,0.66,0.00,0.00,0.00,0.00
105,"4s_3s","PjDee","Basc1",215,0.00,0.00,36.03,3.86,0.00,0.00,0.00,0.00,0.00,2.54,0.00,0.59,0.00,0.00,0.00,0.00
105,"4s_3s","PjDee","Basc1",225,0.00,0.00,30.14,3.54,0.00,0.00,0.00,0.00,0.00,2.23,0.00,0.54,0.00,0.00,0.00,0.00
105,"4s_3s","PjDee","Basc1",235,0.00,0.00,25.00,3.24,0.00,0.00,0.00,0.00,0.00,1.95,0.00,0.48,0.00,0.00,0.00,0.00
105,"4s_3s","PjDee","Basc1",245,0.00,0.00,20.58,2.95,0.00,0.00,0.00,0.00,0.00,1.70,0.00,0.43,0.00,0.00,0.00,0.00
105,"4s_3s","PjDee","Basc1",255,0.00,0.00,16.82,2.67,0.00,0.00,0.00,0.00,0.00,1.47,0.00,0.38,0.00,0.00,0.00,0.00
106,"Patnt","PjDee","Basc1",5,0.00,0.00,0.00,0.00,0.00,0.00,0.00,0.00,0.00,0.00,0.00,0.00,0.00,0.00,0.00,0.00
106,"Patnt","PjDee","Basc1",15,0.00,0.00,11.85,0.98,0.00,0.00,0.00,0.00,0.00,0.23,0.00,0.02,0.00,0.00,0.00,0.00
106,"Patnt","PjDee","Basc1",25,0.00,0.00,31.66,3.39,0.00,0.00,0.00,0.00,0.00,0.78,0.00,0.08,0.00,0.00,0.00,0.00
106,"Patnt","PjDee","Basc1",35,0.00,0.00,54.84,5.94,0.00,0.00,0.00,0.00,0.00,1.51,0.00,0.15,0.00,0.00,0.00,0.00
106,"Patnt","PjDee","Basc1",45,0.00,0.00,77.94,7.68,0.00,0.00,0.00,0.00,0.00,2.30,0.00,0.24,0.00,0.00,0.00,0.00
106,"Patnt","PjDee","Basc1",55,0.00,0.00,98.38,8.55,0.00,0.00,0.00,0.00,0.00,3.01,0.00,0.33,0.00,0.00,0.00,0.00
106,"Patnt","PjDee","Basc1",65,0.00,0.00,114.34,8.90,0.00,0.00,0.00,0.00,0.00,3.57,0.00,0.40,0.00,0.00,0.00,0.00
106,"Patnt","PjDee","Basc1",75,0.00,0.00,124.79,8.92,0.00,0.00,0.00,0.00,0.00,3.91,0.00,0.46,0.00,0.00,0.00,0.00
106,"Patnt","PjDee","Basc1",85,0.00,0.00,129.39,8.72,0.00,0.00,0.00,0.00,0.00,4.05,0.00,0.50,0.00,0.00,0.00,0.00
106,"Patnt","PjDee","Basc1",95,0.00,0.00,128.35,8.34,0.00,0.00,0.00,0.00,0.00,3.99,0.00,0.52,0.00,0.00,0.00,0.00
106,"Patnt","PjDee","Basc1",105,0.00,0.00,122.35,7.81,0.00,0.00,0.00,0.00,0.00,3.77,0.00,0.52,0.00,0.00,0.00,0.00
106,"Patnt","PjDee","Basc1",115,0.00,0.00,112.44,7.17,0.00,0.00,0.00,0.00,0.00,3.45,0.00,0.50,0.00,0.00,0.00,0.00
106,"Patnt","PjDee","Basc1",125,0.00,0.00,99.84,6.46,0.00,0.00,0.00,0.00,0.00,3.06,0.00,0.46,0.00,0.00,0.00,0.00
106,"Patnt","PjDee","Basc1",135,0.00,0.00,85.82,5.71,0.00,0.00,0.00,0.00,0.00,2.64,0.00,0.42,0.00,0.00,0.00,0.00
106,"Patnt","PjDee","Basc1",145,0.00,0.00,71.52,4.95,0.00,0.00,0.00,0.00,0.00,2.22,0.00,0.36,0.00,0.00,0.00,0.00
106,"Patnt","PjDee","Basc1",155,0.00,0.00,57.88,4.21,0.00,0.00,0.00,0.00,0.00,1.82,0.00,0.31,0.00,0.00,0.00,0.00
106,"Patnt","PjDee","Basc1",165,0.00,0.00,45.52,3.51,0.00,0.00,0.00,0.00,0.00,1.46,0.00,0.26,0.00,0.00,0.00,0.00
106,"Patnt","PjDee","Basc1",175,0.00,0.00,34.85,2.87,0.00,0.00,0.00,0.00,0.00,1.15,0.00,0.21,0.00,0.00,0.00,0.00
106,"Patnt","PjDee","Basc1",185,0.00,0.00,25.98,2.30,0.00,0.00,0.00,0.00,0.00,0.88,0.00,0.17,0.00,0.00,0.00,0.00
106,"Patnt","PjDee","Basc1",195,0.00,0.00,18.88,1.81,0.00,0.00,0.00,0.00,0.00,0.66,0.00,0.13,0.00,0.00,0.00,0.00
106,"Patnt","PjDee","Basc1",205,0.00,0.00,13.39,1.40,0.00,0.00,0.00,0.00,0.00,0.49,0.00,0.10,0.00,0.00,0.00,0.00
106,"Patnt","PjDee","Basc1",215,0.00,0.00,9.27,1.06,0.00,0.00,0.00,0.00,0.00,0.35,0.00,0.07,0.00,0.00,0.00,0.00
106,"Patnt","PjDee","Basc1",225,0.00,0.00,6.27,0.78,0.00,0.00,0.00,0.00,0.00,0.25,0.00,0.05,0.00,0.00,0.00,0.00
106,"Patnt","PjDee","Basc1",235,0.00,0.00,4.14,0.57,0.00,0.00,0.00,0.00,0.00,0.17,0.00,0.03,0.00,0.00,0.00,0.00
106,"Patnt","PjDee","Basc1",245,0.00,0.00,2.67,0.41,0.00,0.00,0.00,0.00,0.00,0.12,0.00,0.02,0.00,0.00,0.00,0.00
106,"Patnt","PjDee","Basc1",255,0.00,0.00,1.69,0.28,0.00,0.00,0.00,0.00,0.00,0.08,0.00,0.01,0.00,0.00,0.00,0.00
107,"4s_3s","PjDee","Basc2",5,0.00,0.00,0.00,0.00,0.00,0.00,0.00,0.00,0.00,0.00,0.00,0.00,0.00,0.00,0.00,0.00
107,"4s_3s","PjDee","Basc2",15,0.00,0.00,14.56,1.21,0.00,0.00,0.00,0.00,0.00,0.29,0.00,0.03,0.00,0.00,0.00,0.00
107,"4s_3s","PjDee","Basc2",25,0.00,0.00,35.90,3.84,0.00,0.00,0.00,0.00,0.00,0.88,0.00,0.09,0.00,0.00,0.00,0.00
107,"4s_3s","PjDee","Basc2",35,0.00,0.00,58.24,6.31,0.00,0.00,0.00,0.00,0.00,1.60,0.00,0.16,0.00,0.00,0.00,0.00
107,"4s_3s","PjDee","Basc2",45,0.00,0.00,78.67,7.75,0.00,0.00,0.00,0.00,0.00,2.32,0.00,0.24,0.00,0.00,0.00,0.00
107,"4s_3s","PjDee","Basc2",55,0.00,0.00,95.78,8.33,0.00,0.00,0.00,0.00,0.00,2.93,0.00,0.32,0.00,0.00,0.00,0.00
107,"4s_3s","PjDee","Basc2",65,0.00,0.00,108.94,8.48,0.00,0.00,0.00,0.00,0.00,3.40,0.00,0.38,0.00,0.00,0.00,0.00
107,"4s_3s","PjDee","Basc2",75,0.00,0.00,118.09,8.44,0.00,0.00,0.00,0.00,0.00,3.70,0.00,0.44,0.00,0.00,0.00,0.00
107,"4s_3s","PjDee","Basc2",85,0.00,0.00,123.40,8.31,0.00,0.00,0.00,0.00,0.00,3.86,0.00,0.48,0.00,0.00,0.00,0.00
107,"4s_3s","PjDee","Basc2",95,0.00,0.00,125.19,8.13,0.00,0.00,0.00,0.00,0.00,3.89,0.00,0.51,0.00,0.00,0.00,0.00
107,"4s_3s","PjDee","Basc2",105,0.00,0.00,123.86,7.91,0.00,0.00,0.00,0.00,0.00,3.82,0.00,0.52,0.00,0.00,0.00,0.00
107,"4s_3s","PjDee","Basc2",115,0.00,0.00,119.88,7.65,0.00,0.00,0.00,0.00,0.00,3.68,0.00,0.53,0.00,0.00,0.00,0.00
107,"4s_3s","PjDee","Basc2",125,0.00,0.00,113.77,7.36,0.00,0.00,0.00,0.00,0.00,3.49,0.00,0.53,0.00,0.00,0.00,0.00
107,"4s_3s","PjDee","Basc2",135,0.00,0.00,106.06,7.06,0.00,0.00,0.00,0.00,0.00,3.26,0.00,0.52,0.00,0.00,0.00,0.00
107,"4s_3s","PjDee","Basc2",145,0.00,0.00,97.29,6.73,0.00,0.00,0.00,0.00,0.00,3.02,0.00,0.50,0.00,0.00,0.00,0.00
107,"4s_3s","PjDee","Basc2",155,0.00,0.00,87.93,6.39,0.00,0.00,0.00,0.00,0.00,2.77,0.00,0.47,0.00,0.00,0.00,0.00
107,"4s_3s","PjDee","Basc2",165,0.00,0.00,78.39,6.04,0.00,0.00,0.00,0.00,0.00,2.52,0.00,0.45,0.00,0.00,0.00,0.00
107,"4s_3s","PjDee","Basc2",175,0.00,0.00,69.02,5.69,0.00,0.00,0.00,0.00,0.00,2.28,0.00,0.42,0.00,0.00,0.00,0.00
107,"4s_3s","PjDee","Basc2",185,0.00,0.00,60.06,5.33,0.00,0.00,0.00,0.00,0.00,2.05,0.00,0.39,0.00,0.00,0.00,0.00
107,"4s_3s","PjDee","Basc2",195,0.00,0.00,51.70,4.96,0.00,0.00,0.00,0.00,0.00,1.83,0.00,0.36,0.00,0.00,0.00,0.00
107,"4s_3s","PjDee","Basc2",205,0.00,0.00,44.07,4.61,0.00,0.00,0.00,0.00,0.00,1.62,0.00,0.33,0.00,0.00,0.00,0.00
107,"4s_3s","PjDee","Basc2",215,0.00,0.00,37.21,4.25,0.00,0.00,0.00,0.00,0.00,1.43,0.00,0.30,0.00,0.00,0.00,0.00
107,"4s_3s","PjDee","Basc2",225,0.00,0.00,31.14,3.91,0.00,0.00,0.00,0.00,0.00,1.26,0.00,0.27,0.00,0.00,0.00,0.00
107,"4s_3s","PjDee","Basc2",235,0.00,0.00,25.85,3.58,0.00,0.00,0.00,0.00,0.00,1.10,0.00,0.24,0.00,0.00,0.00,0.00
107,"4s_3s","PjDee","Basc2",245,0.00,0.00,21.29,3.26,0.00,0.00,0.00,0.00,0.00,0.96,0.00,0.21,0.00,0.00,0.00,0.00
107,"4s_3s","PjDee","Basc2",255,0.00,0.00,17.41,2.95,0.00,0.00,0.00,0.00,0.00,0.83,0.00,0.19,0.00,0.00,0.00,0.00
108,"Patnt","PjDee","Basc2",5,0.00,0.00,0.00,0.00,0.00,0.00,0.00,0.00,0.00,0.00,0.00,0.00,0.00,0.00,0.00,0.00
108,"Patnt","PjDee","Basc2",15,0.00,0.00,11.85,0.98,0.00,0.00,0.00,0.00,0.00,0.23,0.00,0.02,0.00,0.00,0.00,0.00
108,"Patnt","PjDee","Basc2",25,0.00,0.00,31.66,3.39,0.00,0.00,0.00,0.00,0.00,0.78,0.00,0.08,0.00,0.00,0.00,0.00
108,"Patnt","PjDee","Basc2",35,0.00,0.00,54.84,5.94,0.00,0.00,0.00,0.00,0.00,1.51,0.00,0.15,0.00,0.00,0.00,0.00
108,"Patnt","PjDee","Basc2",45,0.00,0.00,77.94,7.68,0.00,0.00,0.00,0.00,0.00,2.30,0.00,0.24,0.00,0.00,0.00,0.00
108,"Patnt","PjDee","Basc2",55,0.00,0.00,98.38,8.55,0.00,0.00,0.00,0.00,0.00,3.01,0.00,0.33,0.00,0.00,0.00,0.00
108,"Patnt","PjDee","Basc2",65,0.00,0.00,114.34,8.90,0.00,0.00,0.00,0.00,0.00,3.57,0.00,0.40,0.00,0.00,0.00,0.00
108,"Patnt","PjDee","Basc2",75,0.00,0.00,124.79,8.92,0.00,0.00,0.00,0.00,0.00,3.91,0.00,0.46,0.00,0.00,0.00,0.00
108,"Patnt","PjDee","Basc2",85,0.00,0.00,129.39,8.72,0.00,0.00,0.00,0.00,0.00,4.05,0.00,0.50,0.00,0.00,0.00,0.00
108,"Patnt","PjDee","Basc2",95,0.00,0.00,128.35,8.34,0.00,0.00,0.00,0.00,0.00,3.99,0.00,0.52,0.00,0.00,0.00,0.00
108,"Patnt","PjDee","Basc2",105,0.00,0.00,122.35,7.81,0.00,0.00,0.00,0.00,0.00,3.77,0.00,0.52,0.00,0.00,0.00,0.00
108,"Patnt","PjDee","Basc2",115,0.00,0.00,112.44,7.17,0.00,0.00,0.00,0.00,0.00,3.45,0.00,0.50,0.00,0.00,0.00,0.00
108,"Patnt","PjDee","Basc2",125,0.00,0.00,99.84,6.46,0.00,0.00,0.00,0.00,0.00,3.06,0.00,0.46,0.00,0.00,0.00,0.00
108,"Patnt","PjDee","Basc2",135,0.00,0.00,85.82,5.71,0.00,0.00,0.00,0.00,0.00,2.64,0.00,0.42,0.00,0.00,0.00,0.00
108,"Patnt","PjDee","Basc2",145,0.00,0.00,71.52,4.95,0.00,0.00,0.00,0.00,0.00,2.22,0.00,0.36,0.00,0.00,0.00,0.00
108,"Patnt","PjDee","Basc2",155,0.00,0.00,57.88,4.21,0.00,0.00,0.00,0.00,0.00,1.82,0.00,0.31,0.00,0.00,0.00,0.00
108,"Patnt","PjDee","Basc2",165,0.00,0.00,45.52,3.51,0.00,0.00,0.00,0.00,0.00,1.46,0.00,0.26,0.00,0.00,0.00,0.00
108,"Patnt","PjDee","Basc2",175,0.00,0.00,34.85,2.87,0.00,0.00,0.00,0.00,0.00,1.15,0.00,0.21,0.00,0.00,0.00,0.00
108,"Patnt","PjDee","Basc2",185,0.00,0.00,25.98,2.30,0.00,0.00,0.00,0.00,0.00,0.88,0.00,0.17,0.00,0.00,0.00,0.00
108,"Patnt","PjDee","Basc2",195,0.00,0.00,18.88,1.81,0.00,0.00,0.00,0.00,0.00,0.66,0.00,0.13,0.00,0.00,0.00,0.00
108,"Patnt","PjDee","Basc2",205,0.00,0.00,13.39,1.40,0.00,0.00,0.00,0.00,0.00,0.49,0.00,0.10,0.00,0.00,0.00,0.00
108,"Patnt","PjDee","Basc2",215,0.00,0.00,9.27,1.06,0.00,0.00,0.00,0.00,0.00,0.35,0.00,0.07,0.00,0.00,0.00,0.00
108,"Patnt","PjDee","Basc2",225,0.00,0.00,6.27,0.78,0.00,0.00,0.00,0.00,0.00,0.25,0.00,0.05,0.00,0.00,0.00,0.00
108,"Patnt","PjDee","Basc2",235,0.00,0.00,4.14,0.57,0.00,0.00,0.00,0.00,0.00,0.17,0.00,0.03,0.00,0.00,0.00,0.00
108,"Patnt","PjDee","Basc2",245,0.00,0.00,2.67,0.41,0.00,0.00,0.00,0.00,0.00,0.12,0.00,0.02,0.00,0.00,0.00,0.00
108,"Patnt","PjDee","Basc2",255,0.00,0.00,1.69,0.28,0.00,0.00,0.00,0.00,0.00,0.08,0.00,0.01,0.00,0.00,0.00,0.00
109,"4s_3s","PjDee","Intn1",5,0.00,0.00,0.00,0.00,0.00,0.00,0.00,0.00,0.00,0.00,0.00,0.00,0.00,0.00,0.00,0.00
109,"4s_3s","PjDee","Intn1",15,0.00,0.00,14.56,1.21,0.00,0.00,0.00,0.00,0.00,0.29,0.00,0.03,0.00,0.00,0.00,0.00
109,"4s_3s","PjDee","Intn1",25,0.00,0.00,35.90,3.84,0.00,0.00,0.00,0.00,0.00,0.88,0.00,0.09,0.00,0.00,0.00,0.00
109,"4s_3s","PjDee","Intn1",35,0.00,0.00,58.24,6.31,0.00,0.00,0.00,0.00,0.00,1.60,0.00,0.16,0.00,0.00,0.00,0.00
109,"4s_3s","PjDee","Intn1",45,0.00,0.00,78.67,7.75,0.00,0.00,0.00,0.00,0.00,2.32,0.00,0.24,0.00,0.00,0.00,0.00
109,"4s_3s","PjDee","Intn1",55,0.00,0.00,95.78,8.33,0.00,0.00,0.00,0.00,0.00,2.93,0.00,0.32,0.00,0.00,0.00,0.00
109,"4s_3s","PjDee","Intn1",65,0.00,0.00,108.94,8.48,0.00,0.00,0.00,0.00,0.00,3.40,0.00,0.38,0.00,0.00,0.00,0.00
109,"4s_3s","PjDee","Intn1",75,0.00,0.00,118.09,8.44,0.00,0.00,0.00,0.00,0.00,3.70,0.00,0.44,0.00,0.00,0.00,0.00
109,"4s_3s","PjDee","Intn1",85,0.00,0.00,123.40,8.31,0.00,0.00,0.00,0.00,0.00,3.86,0.00,0.48,0.00,0.00,0.00,0.00
109,"4s_3s","PjDee","Intn1",95,0.00,0.00,125.19,8.13,0.00,0.00,0.00,0.00,0.00,3.89,0.00,0.51,0.00,0.00,0.00,0.00
109,"4s_3s","PjDee","Intn1",105,0.00,0.00,123.86,7.91,0.00,0.00,0.00,0.00,0.00,3.82,0.00,0.52,0.00,0.00,0.00,0.00
109,"4s_3s","PjDee","Intn1",115,0.00,0.00,119.88,7.65,0.00,0.00,0.00,0.00,0.00,3.68,0.00,0.53,0.00,0.00,0.00,0.00
109,"4s_3s","PjDee","Intn1",125,0.00,0.00,113.77,7.36,0.00,0.00,0.00,0.00,0.00,3.49,0.00,0.53,0.00,0.00,0.00,0.00
109,"4s_3s","PjDee","Intn1",135,0.00,0.00,106.06,7.06,0.00,0.00,0.00,0.00,0.00,3.26,0.00,0.52,0.00,0.00,0.00,0.00
109,"4s_3s","PjDee","Intn1",145,0.00,0.00,97.29,6.73,0.00,0.00,0.00,0.00,0.00,3.02,0.00,0.50,0.00,0.00,0.00,0.00
109,"4s_3s","PjDee","Intn1",155,0.00,0.00,87.93,6.39,0.00,0.00,0.00,0.00,0.00,2.77,0.00,0.47,0.00,0.00,0.00,0.00
109,"4s_3s","PjDee","Intn1",165,0.00,0.00,78.39,6.04,0.00,0.00,0.00,0.00,0.00,2.52,0.00,0.45,0.00,0.00,0.00,0.00
109,"4s_3s","PjDee","Intn1",175,0.00,0.00,69.02,5.69,0.00,0.00,0.00,0.00,0.00,2.28,0.00,0.42,0.00,0.00,0.00,0.00
109,"4s_3s","PjDee","Intn1",185,0.00,0.00,60.06,5.33,0.00,0.00,0.00,0.00,0.00,2.05,0.00,0.39,0.00,0.00,0.00,0.00
109,"4s_3s","PjDee","Intn1",195,0.00,0.00,51.70,4.96,0.00,0.00,0.00,0.00,0.00,1.83,0.00,0.36,0.00,0.00,0.00,0.00
109,"4s_3s","PjDee","Intn1",205,0.00,0.00,44.07,4.61,0.00,0.00,0.00,0.00,0.00,1.62,0.00,0.33,0.00,0.00,0.00,0.00
109,"4s_3s","PjDee","Intn1",215,0.00,0.00,37.21,4.25,0.00,0.00,0.00,0.00,0.00,1.43,0.00,0.30,0.00,0.00,0.00,0.00
109,"4s_3s","PjDee","Intn1",225,0.00,0.00,31.14,3.91,0.00,0.00,0.00,0.00,0.00,1.26,0.00,0.27,0.00,0.00,0.00,0.00
109,"4s_3s","PjDee","Intn1",235,0.00,0.00,25.85,3.58,0.00,0.00,0.00,0.00,0.00,1.10,0.00,0.24,0.00,0.00,0.00,0.00
109,"4s_3s","PjDee","Intn1",245,0.00,0.00,21.29,3.26,0.00,0.00,0.00,0.00,0.00,0.96,0.00,0.21,0.00,0.00,0.00,0.00
109,"4s_3s","PjDee","Intn1",255,0.00,0.00,17.41,2.95,0.00,0.00,0.00,0.00,0.00,0.83,0.00,0.19,0.00,0.00,0.00,0.00
110,"Patnt","PjDee","Intn1",5,0.00,0.00,0.00,0.00,0.00,0.00,0.00,0.00,0.00,0.00,0.00,0.00,0.00,0.00,0.00,0.00
110,"Patnt","PjDee","Intn1",15,0.00,0.00,11.85,0.98,0.00,0.00,0.00,0.00,0.00,0.23,0.00,0.02,0.00,0.00,0.00,0.00
110,"Patnt","PjDee","Intn1",25,0.00,0.00,31.66,3.39,0.00,0.00,0.00,0.00,0.00,0.78,0.00,0.08,0.00,0.00,0.00,0.00
110,"Patnt","PjDee","Intn1",35,0.00,0.00,54.84,5.94,0.00,0.00,0.00,0.00,0.00,1.51,0.00,0.15,0.00,0.00,0.00,0.00
110,"Patnt","PjDee","Intn1",45,0.00,0.00,77.94,7.68,0.00,0.00,0.00,0.00,0.00,2.30,0.00,0.24,0.00,0.00,0.00,0.00
110,"Patnt","PjDee","Intn1",55,0.00,0.00,98.38,8.55,0.00,0.00,0.00,0.00,0.00,3.01,0.00,0.33,0.00,0.00,0.00,0.00
110,"Patnt","PjDee","Intn1",65,0.00,0.00,114.34,8.90,0.00,0.00,0.00,0.00,0.00,3.57,0.00,0.40,0.00,0.00,0.00,0.00
110,"Patnt","PjDee","Intn1",75,0.00,0.00,124.79,8.92,0.00,0.00,0.00,0.00,0.00,3.91,0.00,0.46,0.00,0.00,0.00,0.00
110,"Patnt","PjDee","Intn1",85,0.00,0.00,129.39,8.72,0.00,0.00,0.00,0.00,0.00,4.05,0.00,0.50,0.00,0.00,0.00,0.00
110,"Patnt","PjDee","Intn1",95,0.00,0.00,128.35,8.34,0.00,0.00,0.00,0.00,0.00,3.99,0.00,0.52,0.00,0.00,0.00,0.00
110,"Patnt","PjDee","Intn1",105,0.00,0.00,122.35,7.81,0.00,0.00,0.00,0.00,0.00,3.77,0.00,0.52,0.00,0.00,0.00,0.00
110,"Patnt","PjDee","Intn1",115,0.00,0.00,112.44,7.17,0.00,0.00,0.00,0.00,0.00,3.45,0.00,0.50,0.00,0.00,0.00,0.00
110,"Patnt","PjDee","Intn1",125,0.00,0.00,99.84,6.46,0.00,0.00,0.00,0.00,0.00,3.06,0.00,0.46,0.00,0.00,0.00,0.00
110,"Patnt","PjDee","Intn1",135,0.00,0.00,85.82,5.71,0.00,0.00,0.00,0.00,0.00,2.64,0.00,0.42,0.00,0.00,0.00,0.00
110,"Patnt","PjDee","Intn1",145,0.00,0.00,71.52,4.95,0.00,0.00,0.00,0.00,0.00,2.22,0.00,0.36,0.00,0.00,0.00,0.00
110,"Patnt","PjDee","Intn1",155,0.00,0.00,57.88,4.21,0.00,0.00,0.00,0.00,0.00,1.82,0.00,0.31,0.00,0.00,0.00,0.00
110,"Patnt","PjDee","Intn1",165,0.00,0.00,45.52,3.51,0.00,0.00,0.00,0.00,0.00,1.46,0.00,0.26,0.00,0.00,0.00,0.00
110,"Patnt","PjDee","Intn1",175,0.00,0.00,34.85,2.87,0.00,0.00,0.00,0.00,0.00,1.15,0.00,0.21,0.00,0.00,0.00,0.00
110,"Patnt","PjDee","Intn1",185,0.00,0.00,25.98,2.30,0.00,0.00,0.00,0.00,0.00,0.88,0.00,0.17,0.00,0.00,0.00,0.00
110,"Patnt","PjDee","Intn1",195,0.00,0.00,18.88,1.81,0.00,0.00,0.00,0.00,0.00,0.66,0.00,0.13,0.00,0.00,0.00,0.00
110,"Patnt","PjDee","Intn1",205,0.00,0.00,13.39,1.40,0.00,0.00,0.00,0.00,0.00,0.49,0.00,0.10,0.00,0.00,0.00,0.00
110,"Patnt","PjDee","Intn1",215,0.00,0.00,9.27,1.06,0.00,0.00,0.00,0.00,0.00,0.35,0.00,0.07,0.00,0.00,0.00,0.00
110,"Patnt","PjDee","Intn1",225,0.00,0.00,6.27,0.78,0.00,0.00,0.00,0.00,0.00,0.25,0.00,0.05,0.00,0.00,0.00,0.00
110,"Patnt","PjDee","Intn1",235,0.00,0.00,4.14,0.57,0.00,0.00,0.00,0.00,0.00,0.17,0.00,0.03,0.00,0.00,0.00,0.00
110,"Patnt","PjDee","Intn1",245,0.00,0.00,2.67,0.41,0.00,0.00,0.00,0.00,0.00,0.12,0.00,0.02,0.00,0.00,0.00,0.00
110,"Patnt","PjDee","Intn1",255,0.00,0.00,1.69,0.28,0.00,0.00,0.00,0.00,0.00,0.08,0.00,0.01,0.00,0.00,0.00,0.00
111,"4s_3s","PjDee","Succ",5,0.00,0.00,0.00,0.00,0.00,0.00,0.00,0.00,0.00,0.00,0.00,0.00,0.00,0.00,0.00,0.00
111,"4s_3s","PjDee","Succ",15,0.00,0.00,14.56,1.21,0.00,0.00,0.00,0.00,0.00,0.29,0.00,0.03,0.00,0.00,0.00,0.00
111,"4s_3s","PjDee","Succ",25,0.00,0.00,35.90,3.84,0.00,0.00,0.00,0.00,0.00,0.88,0.00,0.09,0.00,0.00,0.00,0.00
111,"4s_3s","PjDee","Succ",35,0.00,0.00,58.24,6.31,0.00,0.00,0.00,0.00,0.00,1.60,0.00,0.16,0.00,0.00,0.00,0.00
111,"4s_3s","PjDee","Succ",45,0.00,0.00,78.67,7.75,0.00,0.00,0.00,0.00,0.00,2.32,0.00,0.24,0.00,0.00,0.00,0.00
111,"4s_3s","PjDee","Succ",55,0.00,0.00,95.78,8.33,0.00,0.00,0.00,0.00,0.00,2.93,0.00,0.32,0.00,0.00,0.00,0.00
111,"4s_3s","PjDee","Succ",65,0.00,0.00,108.94,8.48,0.00,0.00,0.00,0.00,0.00,3.40,0.00,0.38,0.00,0.00,0.00,0.00
111,"4s_3s","PjDee","Succ",75,0.00,0.00,118.09,8.44,0.00,0.00,0.00,0.00,0.00,3.70,0.00,0.44,0.00,0.00,0.00,0.00
111,"4s_3s","PjDee","Succ",85,0.00,0.00,123.40,8.31,0.00,0.00,0.00,0.00,0.00,3.86,0.00,0.48,0.00,0.00,0.00,0.00
111,"4s_3s","PjDee","Succ",95,0.00,0.00,125.19,8.13,0.00,0.00,0.00,0.00,0.00,3.89,0.00,0.51,0.00,0.00,0.00,0.00
111,"4s_3s","PjDee","Succ",105,0.00,0.00,123.86,7.91,0.00,0.00,0.00,0.00,0.00,3.82,0.00,0.52,0.00,0.00,0.00,0.00
111,"4s_3s","PjDee","Succ",115,0.00,0.00,119.88,7.65,0.00,0.00,0.00,0.00,0.00,3.68,0.00,0.53,0.00,0.00,0.00,0.00
111,"4s_3s","PjDee","Succ",125,0.00,0.00,113.77,7.36,0.00,0.00,0.00,0.00,0.00,3.49,0.00,0.53,0.00,0.00,0.00,0.00
111,"4s_3s","PjDee","Succ",135,0.00,0.00,106.06,7.06,0.00,0.00,0.00,0.00,0.00,3.26,0.00,0.52,0.00,0.00,0.00,0.00
111,"4s_3s","PjDee","Succ",145,0.00,0.00,97.29,6.73,0.00,0.00,0.00,0.00,0.00,3.02,0.00,0.50,0.00,0.00,0.00,0.00
111,"4s_3s","PjDee","Succ",155,0.00,0.00,87.93,6.39,0.00,0.00,0.00,0.00,0.00,2.77,0.00,0.47,0.00,0.00,0.00,0.00
111,"4s_3s","PjDee","Succ",165,0.00,0.00,78.39,6.04,0.00,0.00,0.00,0.00,0.00,2.52,0.00,0.45,0.00,0.00,0.00,0.00
111,"4s_3s","PjDee","Succ",175,0.00,0.00,69.02,5.69,0.00,0.00,0.00,0.00,0.00,2.28,0.00,0.42,0.00,0.00,0.00,0.00
111,"4s_3s","PjDee","Succ",185,0.00,0.00,60.06,5.33,0.00,0.00,0.00,0.00,0.00,2.05,0.00,0.39,0.00,0.00,0.00,0.00
111,"4s_3s","PjDee","Succ",195,0.00,0.00,51.70,4.96,0.00,0.00,0.00,0.00,0.00,1.83,0.00,0.36,0.00,0.00,0.00,0.00
111,"4s_3s","PjDee","Succ",205,0.00,0.00,44.07,4.61,0.00,0.00,0.00,0.00,0.00,1.62,0.00,0.33,0.00,0.00,0.00,0.00
111,"4s_3s","PjDee","Succ",215,0.00,0.00,37.21,4.25,0.00,0.00,0.00,0.00,0.00,1.43,0.00,0.30,0.00,0.00,0.00,0.00
111,"4s_3s","PjDee","Succ",225,0.00,0.00,31.14,3.91,0.00,0.00,0.00,0.00,0.00,1.26,0.00,0.27,0.00,0.00,0.00,0.00
111,"4s_3s","PjDee","Succ",235,0.00,0.00,25.85,3.58,0.00,0.00,0.00,0.00,0.00,1.10,0.00,0.24,0.00,0.00,0.00,0.00
111,"4s_3s","PjDee","Succ",245,0.00,0.00,21.29,3.26,0.00,0.00,0.00,0.00,0.00,0.96,0.00,0.21,0.00,0.00,0.00,0.00
111,"4s_3s","PjDee","Succ",255,0.00,0.00,17.41,2.95,0.00,0.00,0.00,0.00,0.00,0.83,0.00,0.19,0.00,0.00,0.00,0.00
112,"Patnt","PjDee","Succ",5,0.00,0.00,0.00,0.00,0.00,0.00,0.00,0.00,0.00,0.00,0.00,0.00,0.00,0.00,0.00,0.00
112,"Patnt","PjDee","Succ",15,0.00,0.00,11.85,0.98,0.00,0.00,0.00,0.00,0.00,0.23,0.00,0.02,0.00,0.00,0.00,0.00
112,"Patnt","PjDee","Succ",25,0.00,0.00,31.66,3.39,0.00,0.00,0.00,0.00,0.00,0.78,0.00,0.08,0.00,0.00,0.00,0.00
112,"Patnt","PjDee","Succ",35,0.00,0.00,54.84,5.94,0.00,0.00,0.00,0.00,0.00,1.51,0.00,0.15,0.00,0.00,0.00,0.00
112,"Patnt","PjDee","Succ",45,0.00,0.00,77.94,7.68,0.00,0.00,0.00,0.00,0.00,2.30,0.00,0.24,0.00,0.00,0.00,0.00
112,"Patnt","PjDee","Succ",55,0.00,0.00,98.38,8.55,0.00,0.00,0.00,0.00,0.00,3.01,0.00,0.33,0.00,0.00,0.00,0.00
112,"Patnt","PjDee","Succ",65,0.00,0.00,114.34,8.90,0.00,0.00,0.00,0.00,0.00,3.57,0.00,0.40,0.00,0.00,0.00,0.00
112,"Patnt","PjDee","Succ",75,0.00,0.00,124.79,8.92,0.00,0.00,0.00,0.00,0.00,3.91,0.00,0.46,0.00,0.00,0.00,0.00
112,"Patnt","PjDee","Succ",85,0.00,0.00,129.39,8.72,0.00,0.00,0.00,0.00,0.00,4.05,0.00,0.50,0.00,0.00,0.00,0.00
112,"Patnt","PjDee","Succ",95,0.00,0.00,128.35,8.34,0.00,0.00,0.00,0.00,0.00,3.99,0.00,0.52,0.00,0.00,0.00,0.00
112,"Patnt","PjDee","Succ",105,0.00,0.00,122.35,7.81,0.00,0.00,0.00,0.00,0.00,3.77,0.00,0.52,0.00,0.00,0.00,0.00
112,"Patnt","PjDee","Succ",115,0.00,0.00,112.44,7.17,0.00,0.00,0.00,0.00,0.00,3.45,0.00,0.50,0.00,0.00,0.00,0.00
112,"Patnt","PjDee","Succ",125,0.00,0.00,99.84,6.46,0.00,0.00,0.00,0.00,0.00,3.06,0.00,0.46,0.00,0.00,0.00,0.00
112,"Patnt","PjDee","Succ",135,0.00,0.00,85.82,5.71,0.00,0.00,0.00,0.00,0.00,2.64,0.00,0.42,0.00,0.00,0.00,0.00
112,"Patnt","PjDee","Succ",145,0.00,0.00,71.52,4.95,0.00,0.00,0.00,0.00,0.00,2.22,0.00,0.36,0.00,0.00,0.00,0.00
112,"Patnt","PjDee","Succ",155,0.00,0.00,57.88,4.21,0.00,0.00,0.00,0.00,0.00,1.82,0.00,0.31,0.00,0.00,0.00,0.00
112,"Patnt","PjDee","Succ",165,0.00,0.00,45.52,3.51,0.00,0.00,0.00,0.00,0.00,1.46,0.00,0.26,0.00,0.00,0.00,0.00
112,"Patnt","PjDee","Succ",175,0.00,0.00,34.85,2.87,0.00,0.00,0.00,0.00,0.00,1.15,0.00,0.21,0.00,0.00,0.00,0.00
112,"Patnt","PjDee","Succ",185,0.00,0.00,25.98,2.30,0.00,0.00,0.00,0.00,0.00,0.88,0.00,0.17,0.00,0.00,0.00,0.00
112,"Patnt","PjDee","Succ",195,0.00,0.00,18.88,1.81,0.00,0.00,0.00,0.00,0.00,0.66,0.00,0.13,0.00,0.00,0.00,0.00
112,"Patnt","PjDee","Succ",205,0.00,0.00,13.39,1.40,0.00,0.00,0.00,0.00,0.00,0.49,0.00,0.10,0.00,0.00,0.00,0.00
112,"Patnt","PjDee","Succ",215,0.00,0.00,9.27,1.06,0.00,0.00,0.00,0.00,0.00,0.35,0.00,0.07,0.00,0.00,0.00,0.00
112,"Patnt","PjDee","Succ",225,0.00,0.00,6.27,0.78,0.00,0.00,0.00,0.00,0.00,0.25,0.00,0.05,0.00,0.00,0.00,0.00
112,"Patnt","PjDee","Succ",235,0.00,0.00,4.14,0.57,0.00,0.00,0.00,0.00,0.00,0.17,0.00,0.03,0.00,0.00,0.00,0.00
112,"Patnt","PjDee","Succ",245,0.00,0.00,2.67,0.41,0.00,0.00,0.00,0.00,0.00,0.12,0.00,0.02,0.00,0.00,0.00,0.00
112,"Patnt","PjDee","Succ",255,0.00,0.00,1.69,0.28,0.00,0.00,0.00,0.00,0.00,0.08,0.00,0.01,0.00,0.00,0.00,0.00
113,"4s_3s","PoDom","Prsnt",5,0.00,0.00,0.00,0.00,0.00,0.00,0.00,0.00,0.00,0.00,0.00,0.00,0.00,0.00,0.00,0.00
113,"4s_3s","PoDom","Prsnt",15,0.00,0.00,0.36,0.32,0.23,0.14,0.00,0.00,0.00,2.90,0.00,0.06,0.00,0.00,0.00,0.00
113,"4s_3s","PoDom","Prsnt",25,0.00,0.00,1.66,1.89,1.01,0.82,0.00,0.00,0.00,16.27,0.00,0.33,0.00,0.00,0.00,0.00
113,"4s_3s","PoDom","Prsnt",35,0.00,0.00,3.69,4.25,2.02,1.81,0.00,0.00,0.00,40.45,0.00,0.83,0.00,0.00,0.00,0.00
113,"4s_3s","PoDom","Prsnt",45,0.00,0.00,5.77,6.04,2.82,2.51,0.00,0.00,0.00,67.74,0.00,1.42,0.00,0.00,0.00,0.00
113,"4s_3s","PoDom","Prsnt",55,0.00,0.00,7.43,6.86,3.25,2.79,0.00,0.00,0.00,90.53,0.00,1.97,0.00,0.00,0.00,0.00
113,"4s_3s","PoDom","Prsnt",65,0.00,0.00,8.54,7.06,3.39,2.82,0.00,0.00,0.00,105.88,0.00,2.40,0.00,0.00,0.00,0.00
113,"4s_3s","PoDom","Prsnt",75,0.00,0.00,9.18,6.97,3.38,2.75,0.00,0.00,0.00,114.38,0.00,2.72,0.00,0.00,0.00,0.00
113,"4s_3s","PoDom","Prsnt",85,0.00,0.00,9.47,6.78,3.30,2.63,0.00,0.00,0.00,117.71,0.00,2.93,0.00,0.00,0.00,0.00
113,"4s_3s","PoDom","Prsnt",95,0.00,0.00,9.51,6.56,3.20,2.50,0.00,0.00,0.00,117.35,0.00,3.07,0.00,0.00,0.00,0.00
113,"4s_3s","PoDom","Prsnt",105,0.00,0.00,9.33,6.33,3.09,2.37,0.00,0.00,0.00,114.40,0.00,3.15,0.00,0.00,0.00,0.00
113,"4s_3s","PoDom","Prsnt",115,0.00,0.00,8.99,6.09,2.98,2.24,0.00,0.00,0.00,109.67,0.00,3.17,0.00,0.00,0.00,0.00
113,"4s_3s","PoDom","Prsnt",125,0.00,0.00,8.52,5.86,2.86,2.11,0.00,0.00,0.00,103.78,0.00,3.14,0.00,0.00,0.00,0.00
113,"4s_3s","PoDom","Prsnt",135,0.00,0.00,7.95,5.62,2.74,1.99,0.00,0.00,0.00,97.20,0.00,3.08,0.00,0.00,0.00,0.00
113,"4s_3s","PoDom","Prsnt",145,0.00,0.00,7.31,5.38,2.63,1.86,0.00,0.00,0.00,90.28,0.00,2.98,0.00,0.00,0.00,0.00
113,"4s_3s","PoDom","Prsnt",155,0.00,0.00,6.64,5.13,2.51,1.74,0.00,0.00,0.00,83.26,0.00,2.86,0.00,0.00,0.00,0.00
113,"4s_3s","PoDom","Prsnt",165,0.00,0.00,5.97,4.89,2.39,1.63,0.00,0.00,0.00,76.34,0.00,2.72,0.00,0.00,0.00,0.00
113,"4s_3s","PoDom","Prsnt",175,0.00,0.00,5.30,4.64,2.27,1.51,0.00,0.00,0.00,69.64,0.00,2.57,0.00,0.00,0.00,0.00
113,"4s_3s","PoDom","Prsnt",185,0.00,0.00,4.66,4.39,2.15,1.40,0.00,0.00,0.00,63.25,0.00,2.41,0.00,0.00,0.00,0.00
113,"4s_3s","PoDom","Prsnt",195,0.00,0.00,4.06,4.15,2.03,1.29,0.00,0.00,0.00,57.21,0.00,2.25,0.00,0.00,0.00,0.00
113,"4s_3s","PoDom","Prsnt",205,0.00,0.00,3.51,3.90,1.91,1.19,0.00,0.00,0.00,51.56,0.00,2.08,0.00,0.00,0.00,0.00
113,"4s_3s","PoDom","Prsnt",215,0.00,0.00,3.01,3.67,1.79,1.09,0.00,0.00,0.00,46.31,0.00,1.92,0.00,0.00,0.00,0.00
113,"4s_3s","PoDom","Prsnt",225,0.00,0.00,2.57,3.43,1.68,1.00,0.00,0.00,0.00,41.47,0.00,1.77,0.00,0.00,0.00,0.00
113,"4s_3s","PoDom","Prsnt",235,0.00,0.00,2.17,3.20,1.57,0.91,0.00,0.00,0.00,37.01,0.00,1.62,0.00,0.00,0.00,0.00
113,"4s_3s","PoDom","Prsnt",245,0.00,0.00,1.83,2.98,1.46,0.83,0.00,0.00,0.00,32.95,0.00,1.47,0.00,0.00,0.00,0.00
113,"4s_3s","PoDom","Prsnt",255,0.00,0.00,1.53,2.77,1.36,0.75,0.00,0.00,0.00,29.24,0.00,1.34,0.00,0.00,0.00,0.00
114,"Patnt","PoDom","Prsnt",5,0.00,0.00,0.00,0.00,0.00,0.00,0.00,0.00,0.00,0.00,0.00,0.00,0.00,0.00,0.00,0.00
114,"Patnt","PoDom","Prsnt",15,0.00,0.00,0.27,0.17,0.28,0.18,0.00,0.00,0.00,2.13,0.00,0.02,0.00,0.00,0.00,0.00
114,"Patnt","PoDom","Prsnt",25,0.00,0.00,1.44,1.23,1.46,1.26,0.00,0.00,0.00,13.99,0.00,0.14,0.00,0.00,0.00,0.00
114,"Patnt","PoDom","Prsnt",35,0.00,0.00,3.60,3.11,3.29,3.10,0.00,0.00,0.00,39.02,0.00,0.40,0.00,0.00,0.00,0.00
114,"Patnt","PoDom","Prsnt",45,0.00,0.00,6.09,4.78,4.95,4.63,0.00,0.00,0.00,70.48,0.00,0.75,0.00,0.00,0.00,0.00
114,"Patnt","PoDom","Prsnt",55,0.00,0.00,8.12,5.63,5.92,5.35,0.00,0.00,0.00,97.68,0.00,1.07,0.00,0.00,0.00,0.00
114,"Patnt","PoDom","Prsnt",65,0.00,0.00,9.30,5.77,6.16,5.39,0.00,0.00,0.00,113.91,0.00,1.31,0.00,0.00,0.00,0.00
114,"Patnt","PoDom","Prsnt",75,0.00,0.00,9.60,5.46,5.89,5.03,0.00,0.00,0.00,118.03,0.00,1.42,0.00,0.00,0.00,0.00
114,"Patnt","PoDom","Prsnt",85,0.00,0.00,9.14,4.91,5.31,4.44,0.00,0.00,0.00,112.09,0.00,1.41,0.00,0.00,0.00,0.00
114,"Patnt","PoDom","Prsnt",95,0.00,0.00,8.14,4.21,4.57,3.75,0.00,0.00,0.00,99.23,0.00,1.31,0.00,0.00,0.00,0.00
114,"Patnt","PoDom","Prsnt",105,0.00,0.00,6.83,3.47,3.77,3.04,0.00,0.00,0.00,82.67,0.00,1.15,0.00,0.00,0.00,0.00
114,"Patnt","PoDom","Prsnt",115,0.00,0.00,5.41,2.75,2.99,2.36,0.00,0.00,0.00,65.18,0.00,0.95,0.00,0.00,0.00,0.00
114,"Patnt","PoDom","Prsnt",125,0.00,0.00,4.06,2.09,2.27,1.76,0.00,0.00,0.00,48.83,0.00,0.75,0.00,0.00,0.00,0.00
114,"Patnt","PoDom","Prsnt",135,0.00,0.00,2.88,1.53,1.66,1.26,0.00,0.00,0.00,34.85,0.00,0.56,0.00,0.00,0.00,0.00
114,"Patnt","PoDom","Prsnt",145,0.00,0.00,1.94,1.07,1.16,0.87,0.00,0.00,0.00,23.74,0.00,0.39,0.00,0.00,0.00,0.00
114,"Patnt","PoDom","Prsnt",155,0.00,0.00,1.25,0.72,0.78,0.57,0.00,0.00,0.00,15.45,0.00,0.26,0.00,0.00,0.00,0.00
114,"Patnt","PoDom","Prsnt",165,0.00,0.00,0.76,0.46,0.50,0.36,0.00,0.00,0.00,9.63,0.00,0.17,0.00,0.00,0.00,0.00
114,"Patnt","PoDom","Prsnt",175,0.00,0.00,0.44,0.29,0.31,0.22,0.00,0.00,0.00,5.74,0.00,0.10,0.00,0.00,0.00,0.00
114,"Patnt","PoDom","Prsnt",185,0.00,0.00,0.24,0.17,0.18,0.12,0.00,0.00,0.00,3.28,0.00,0.06,0.00,0.00,0.00,0.00
114,"Patnt","PoDom","Prsnt",195,0.00,0.00,0.12,0.09,0.10,0.07,0.00,0.00,0.00,1.80,0.00,0.03,0.00,0.00,0.00,0.00
114,"Patnt","PoDom","Prsnt",205,0.00,0.00,0.06,0.05,0.05,0.03,0.00,0.00,0.00,0.94,0.00,0.01,0.00,0.00,0.00,0.00
114,"Patnt","PoDom","Prsnt",215,0.00,0.00,0.03,0.02,0.03,0.02,0.00,0.00,0.00,0.47,0.00,0.01,0.00,0.00,0.00,0.00
114,"Patnt","PoDom","Prsnt",225,0.00,0.00,0.01,0.01,0.01,9.91809610003274e-03,0.00,0.00,0.00,0.23,0.00,5.00397066922021e-03,0.00,0.00,0.00,0.00
114,"Patnt","PoDom","Prsnt",235,0.00,0.00,6.40837339629068e-03,7.0749675846306e-03,7.7041945021563e-03,4.70895905285457e-03,0.00,0.00,0.00,0.10,0.00,2.38253428550685e-03,0.00,0.00,0.00,0.00
114,"Patnt","PoDom","Prsnt",245,0.00,0.00,2.70343682274455e-03,3.3004502939907e-03,3.59484274460726e-03,2.146017381715e-03,0.00,0.00,0.00,0.04,0.00,1.08794286252153e-03,0.00,0.00,0.00,0.00
114,"Patnt","PoDom","Prsnt",255,0.00,0.00,1.09202532068889e-03,1.47831563485544e-03,1.61056378805507e-03,9.38826657434996e-04,0.00,0.00,0.00,0.02,0.00,4.7657648354014e-04,0.00,0.00,0.00,0.00
115,"4s_3s","PoDom","Exten",5,0.00,0.00,0.00,0.00,0.00,0.00,0.00,0.00,0.00,0.00,0.00,0.00,0.00,0.00,0.00,0.00
115,"4s_3s","PoDom","Exten",15,0.00,0.00,0.36,0.32,0.23,0.14,0.00,0.00,0.00,2.90,0.00,0.06,0.00,0.00,0.00,0.00
115,"4s_3s","PoDom","Exten",25,0.00,0.00,1.66,1.89,1.01,0.82,0.00,0.00,0.00,16.27,0.00,0.33,0.00,0.00,0.00,0.00
115,"4s_3s","PoDom","Exten",35,0.00,0.00,3.69,4.25,2.02,1.81,0.00,0.00,0.00,40.45,0.00,0.83,0.00,0.00,0.00,0.00
115,"4s_3s","PoDom","Exten",45,0.00,0.00,5.77,6.04,2.82,2.51,0.00,0.00,0.00,67.74,0.00,1.42,0.00,0.00,0.00,0.00
115,"4s_3s","PoDom","Exten",55,0.00,0.00,7.43,6.86,3.25,2.79,0.00,0.00,0.00,90.53,0.00,1.97,0.00,0.00,0.00,0.00
115,"4s_3s","PoDom","Exten",65,0.00,0.00,8.54,7.06,3.39,2.82,0.00,0.00,0.00,105.88,0.00,2.40,0.00,0.00,0.00,0.00
115,"4s_3s","PoDom","Exten",75,0.00,0.00,9.18,6.97,3.38,2.75,0.00,0.00,0.00,114.38,0.00,2.72,0.00,0.00,0.00,0.00
115,"4s_3s","PoDom","Exten",85,0.00,0.00,9.47,6.78,3.30,2.63,0.00,0.00,0.00,117.71,0.00,2.93,0.00,0.00,0.00,0.00
115,"4s_3s","PoDom","Exten",95,0.00,0.00,9.51,6.56,3.20,2.50,0.00,0.00,0.00,117.35,0.00,3.07,0.00,0.00,0.00,0.00
115,"4s_3s","PoDom","Exten",105,0.00,0.00,9.33,6.33,3.09,2.37,0.00,0.00,0.00,114.40,0.00,3.15,0.00,0.00,0.00,0.00
115,"4s_3s","PoDom","Exten",115,0.00,0.00,8.99,6.09,2.98,2.24,0.00,0.00,0.00,109.67,0.00,3.17,0.00,0.00,0.00,0.00
115,"4s_3s","PoDom","Exten",125,0.00,0.00,8.52,5.86,2.86,2.11,0.00,0.00,0.00,103.78,0.00,3.14,0.00,0.00,0.00,0.00
115,"4s_3s","PoDom","Exten",135,0.00,0.00,7.95,5.62,2.74,1.99,0.00,0.00,0.00,97.20,0.00,3.08,0.00,0.00,0.00,0.00
115,"4s_3s","PoDom","Exten",145,0.00,0.00,7.31,5.38,2.63,1.86,0.00,0.00,0.00,90.28,0.00,2.98,0.00,0.00,0.00,0.00
115,"4s_3s","PoDom","Exten",155,0.00,0.00,6.64,5.13,2.51,1.74,0.00,0.00,0.00,83.26,0.00,2.86,0.00,0.00,0.00,0.00
115,"4s_3s","PoDom","Exten",165,0.00,0.00,5.97,4.89,2.39,1.63,0.00,0.00,0.00,76.34,0.00,2.72,0.00,0.00,0.00,0.00
115,"4s_3s","PoDom","Exten",175,0.00,0.00,5.30,4.64,2.27,1.51,0.00,0.00,0.00,69.64,0.00,2.57,0.00,0.00,0.00,0.00
115,"4s_3s","PoDom","Exten",185,0.00,0.00,4.66,4.39,2.15,1.40,0.00,0.00,0.00,63.25,0.00,2.41,0.00,0.00,0.00,0.00
115,"4s_3s","PoDom","Exten",195,0.00,0.00,4.06,4.15,2.03,1.29,0.00,0.00,0.00,57.21,0.00,2.25,0.00,0.00,0.00,0.00
115,"4s_3s","PoDom","Exten",205,0.00,0.00,3.51,3.90,1.91,1.19,0.00,0.00,0.00,51.56,0.00,2.08,0.00,0.00,0.00,0.00
115,"4s_3s","PoDom","Exten",215,0.00,0.00,3.01,3.67,1.79,1.09,0.00,0.00,0.00,46.31,0.00,1.92,0.00,0.00,0.00,0.00
115,"4s_3s","PoDom","Exten",225,0.00,0.00,2.57,3.43,1.68,1.00,0.00,0.00,0.00,41.47,0.00,1.77,0.00,0.00,0.00,0.00
115,"4s_3s","PoDom","Exten",235,0.00,0.00,2.17,3.20,1.57,0.91,0.00,0.00,0.00,37.01,0.00,1.62,0.00,0.00,0.00,0.00
115,"4s_3s","PoDom","Exten",245,0.00,0.00,1.83,2.98,1.46,0.83,0.00,0.00,0.00,32.95,0.00,1.47,0.00,0.00,0.00,0.00
115,"4s_3s","PoDom","Exten",255,0.00,0.00,1.53,2.77,1.36,0.75,0.00,0.00,0.00,29.24,0.00,1.34,0.00,0.00,0.00,0.00
116,"Patnt","PoDom","Exten",5,0.00,0.00,0.00,0.00,0.00,0.00,0.00,0.00,0.00,0.00,0.00,0.00,0.00,0.00,0.00,0.00
116,"Patnt","PoDom","Exten",15,0.00,0.00,0.27,0.17,0.28,0.18,0.00,0.00,0.00,2.13,0.00,0.02,0.00,0.00,0.00,0.00
116,"Patnt","PoDom","Exten",25,0.00,0.00,1.44,1.23,1.46,1.26,0.00,0.00,0.00,13.99,0.00,0.14,0.00,0.00,0.00,0.00
116,"Patnt","PoDom","Exten",35,0.00,0.00,3.60,3.11,3.29,3.10,0.00,0.00,0.00,39.02,0.00,0.40,0.00,0.00,0.00,0.00
116,"Patnt","PoDom","Exten",45,0.00,0.00,6.09,4.78,4.95,4.63,0.00,0.00,0.00,70.48,0.00,0.75,0.00,0.00,0.00,0.00
116,"Patnt","PoDom","Exten",55,0.00,0.00,8.12,5.63,5.92,5.35,0.00,0.00,0.00,97.68,0.00,1.07,0.00,0.00,0.00,0.00
116,"Patnt","PoDom","Exten",65,0.00,0.00,9.30,5.77,6.16,5.39,0.00,0.00,0.00,113.91,0.00,1.31,0.00,0.00,0.00,0.00
116,"Patnt","PoDom","Exten",75,0.00,0.00,9.60,5.46,5.89,5.03,0.00,0.00,0.00,118.03,0.00,1.42,0.00,0.00,0.00,0.00
116,"Patnt","PoDom","Exten",85,0.00,0.00,9.14,4.91,5.31,4.44,0.00,0.00,0.00,112.09,0.00,1.41,0.00,0.00,0.00,0.00
116,"Patnt","PoDom","Exten",95,0.00,0.00,8.14,4.21,4.57,3.75,0.00,0.00,0.00,99.23,0.00,1.31,0.00,0.00,0.00,0.00
116,"Patnt","PoDom","Exten",105,0.00,0.00,6.83,3.47,3.77,3.04,0.00,0.00,0.00,82.67,0.00,1.15,0.00,0.00,0.00,0.00
116,"Patnt","PoDom","Exten",115,0.00,0.00,5.41,2.75,2.99,2.36,0.00,0.00,0.00,65.18,0.00,0.95,0.00,0.00,0.00,0.00
116,"Patnt","PoDom","Exten",125,0.00,0.00,4.06,2.09,2.27,1.76,0.00,0.00,0.00,48.83,0.00,0.75,0.00,0.00,0.00,0.00
116,"Patnt","PoDom","Exten",135,0.00,0.00,2.88,1.53,1.66,1.26,0.00,0.00,0.00,34.85,0.00,0.56,0.00,0.00,0.00,0.00
116,"Patnt","PoDom","Exten",145,0.00,0.00,1.94,1.07,1.16,0.87,0.00,0.00,0.00,23.74,0.00,0.39,0.00,0.00,0.00,0.00
116,"Patnt","PoDom","Exten",155,0.00,0.00,1.25,0.72,0.78,0.57,0.00,0.00,0.00,15.45,0.00,0.26,0.00,0.00,0.00,0.00
116,"Patnt","PoDom","Exten",165,0.00,0.00,0.76,0.46,0.50,0.36,0.00,0.00,0.00,9.63,0.00,0.17,0.00,0.00,0.00,0.00
116,"Patnt","PoDom","Exten",175,0.00,0.00,0.44,0.29,0.31,0.22,0.00,0.00,0.00,5.74,0.00,0.10,0.00,0.00,0.00,0.00
116,"Patnt","PoDom","Exten",185,0.00,0.00,0.24,0.17,0.18,0.12,0.00,0.00,0.00,3.28,0.00,0.06,0.00,0.00,0.00,0.00
116,"Patnt","PoDom","Exten",195,0.00,0.00,0.12,0.09,0.10,0.07,0.00,0.00,0.00,1.80,0.00,0.03,0.00,0.00,0.00,0.00
116,"Patnt","PoDom","Exten",205,0.00,0.00,0.06,0.05,0.05,0.03,0.00,0.00,0.00,0.94,0.00,0.01,0.00,0.00,0.00,0.00
116,"Patnt","PoDom","Exten",215,0.00,0.00,0.03,0.02,0.03,0.02,0.00,0.00,0.00,0.47,0.00,0.01,0.00,0.00,0.00,0.00
116,"Patnt","PoDom","Exten",225,0.00,0.00,0.01,0.01,0.01,9.91809610003274e-03,0.00,0.00,0.00,0.23,0.00,5.00397066922021e-03,0.00,0.00,0.00,0.00
116,"Patnt","PoDom","Exten",235,0.00,0.00,6.40837339629068e-03,7.0749675846306e-03,7.7041945021563e-03,4.70895905285457e-03,0.00,0.00,0.00,0.10,0.00,2.38253428550685e-03,0.00,0.00,0.00,0.00
116,"Patnt","PoDom","Exten",245,0.00,0.00,2.70343682274455e-03,3.3004502939907e-03,3.59484274460726e-03,2.146017381715e-03,0.00,0.00,0.00,0.04,0.00,1.08794286252153e-03,0.00,0.00,0.00,0.00
116,"Patnt","PoDom","Exten",255,0.00,0.00,1.09202532068889e-03,1.47831563485544e-03,1.61056378805507e-03,9.38826657434996e-04,0.00,0.00,0.00,0.02,0.00,4.7657648354014e-04,0.00,0.00,0.00,0.00
117,"4s_3s","PoDom","Basc1",5,0.00,0.00,0.00,0.00,0.00,0.00,0.00,0.00,0.00,0.00,0.00,0.00,0.00,0.00,0.00,0.00
117,"4s_3s","PoDom","Basc1",15,0.00,0.00,0.36,0.32,0.23,0.14,0.00,0.00,0.00,2.90,0.00,0.06,0.00,0.00,0.00,0.00
117,"4s_3s","PoDom","Basc1",25,0.00,0.00,1.66,1.89,1.01,0.82,0.00,0.00,0.00,16.27,0.00,0.33,0.00,0.00,0.00,0.00
117,"4s_3s","PoDom","Basc1",35,0.00,0.00,3.69,4.25,2.02,1.81,0.00,0.00,0.00,40.45,0.00,0.83,0.00,0.00,0.00,0.00
117,"4s_3s","PoDom","Basc1",45,0.00,0.00,5.77,6.04,2.82,2.51,0.00,0.00,0.00,67.74,0.00,1.42,0.00,0.00,0.00,0.00
117,"4s_3s","PoDom","Basc1",55,0.00,0.00,7.43,6.86,3.25,2.79,0.00,0.00,0.00,90.53,0.00,1.97,0.00,0.00,0.00,0.00
117,"4s_3s","PoDom","Basc1",65,0.00,0.00,8.54,7.06,3.39,2.82,0.00,0.00,0.00,105.88,0.00,2.40,0.00,0.00,0.00,0.00
117,"4s_3s","PoDom","Basc1",75,0.00,0.00,9.18,6.97,3.38,2.75,0.00,0.00,0.00,114.38,0.00,2.72,0.00,0.00,0.00,0.00
117,"4s_3s","PoDom","Basc1",85,0.00,0.00,9.47,6.78,3.30,2.63,0.00,0.00,0.00,117.71,0.00,2.93,0.00,0.00,0.00,0.00
117,"4s_3s","PoDom","Basc1",95,0.00,0.00,9.51,6.56,3.20,2.50,0.00,0.00,0.00,117.35,0.00,3.07,0.00,0.00,0.00,0.00
117,"4s_3s","PoDom","Basc1",105,0.00,0.00,9.33,6.33,3.09,2.37,0.00,0.00,0.00,114.40,0.00,3.15,0.00,0.00,0.00,0.00
117,"4s_3s","PoDom","Basc1",115,0.00,0.00,8.99,6.09,2.98,2.24,0.00,0.00,0.00,109.67,0.00,3.17,0.00,0.00,0.00,0.00
117,"4s_3s","PoDom","Basc1",125,0.00,0.00,8.52,5.86,2.86,2.11,0.00,0.00,0.00,103.78,0.00,3.14,0.00,0.00,0.00,0.00
117,"4s_3s","PoDom","Basc1",135,0.00,0.00,7.95,5.62,2.74,1.99,0.00,0.00,0.00,97.20,0.00,3.08,0.00,0.00,0.00,0.00
117,"4s_3s","PoDom","Basc1",145,0.00,0.00,7.31,5.38,2.63,1.86,0.00,0.00,0.00,90.28,0.00,2.98,0.00,0.00,0.00,0.00
117,"4s_3s","PoDom","Basc1",155,0.00,0.00,6.64,5.13,2.51,1.74,0.00,0.00,0.00,83.26,0.00,2.86,0.00,0.00,0.00,0.00
117,"4s_3s","PoDom","Basc1",165,0.00,0.00,5.97,4.89,2.39,1.63,0.00,0.00,0.00,76.34,0.00,2.72,0.00,0.00,0.00,0.00
117,"4s_3s","PoDom","Basc1",175,0.00,0.00,5.30,4.64,2.27,1.51,0.00,0.00,0.00,69.64,0.00,2.57,0.00,0.00,0.00,0.00
117,"4s_3s","PoDom","Basc1",185,0.00,0.00,4.66,4.39,2.15,1.40,0.00,0.00,0.00,63.25,0.00,2.41,0.00,0.00,0.00,0.00
117,"4s_3s","PoDom","Basc1",195,0.00,0.00,4.06,4.15,2.03,1.29,0.00,0.00,0.00,57.21,0.00,2.25,0.00,0.00,0.00,0.00
117,"4s_3s","PoDom","Basc1",205,0.00,0.00,3.51,3.90,1.91,1.19,0.00,0.00,0.00,51.56,0.00,2.08,0.00,0.00,0.00,0.00
117,"4s_3s","PoDom","Basc1",215,0.00,0.00,3.01,3.67,1.79,1.09,0.00,0.00,0.00,46.31,0.00,1.92,0.00,0.00,0.00,0.00
117,"4s_3s","PoDom","Basc1",225,0.00,0.00,2.57,3.43,1.68,1.00,0.00,0.00,0.00,41.47,0.00,1.77,0.00,0.00,0.00,0.00
117,"4s_3s","PoDom","Basc1",235,0.00,0.00,2.17,3.20,1.57,0.91,0.00,0.00,0.00,37.01,0.00,1.62,0.00,0.00,0.00,0.00
117,"4s_3s","PoDom","Basc1",245,0.00,0.00,1.83,2.98,1.46,0.83,0.00,0.00,0.00,32.95,0.00,1.47,0.00,0.00,0.00,0.00
117,"4s_3s","PoDom","Basc1",255,0.00,0.00,1.53,2.77,1.36,0.75,0.00,0.00,0.00,29.24,0.00,1.34,0.00,0.00,0.00,0.00
118,"Patnt","PoDom","Basc1",5,0.00,0.00,0.00,0.00,0.00,0.00,0.00,0.00,0.00,0.00,0.00,0.00,0.00,0.00,0.00,0.00
118,"Patnt","PoDom","Basc1",15,0.00,0.00,0.27,0.17,0.28,0.18,0.00,0.00,0.00,2.13,0.00,0.02,0.00,0.00,0.00,0.00
118,"Patnt","PoDom","Basc1",25,0.00,0.00,1.44,1.23,1.46,1.26,0.00,0.00,0.00,13.99,0.00,0.14,0.00,0.00,0.00,0.00
118,"Patnt","PoDom","Basc1",35,0.00,0.00,3.60,3.11,3.29,3.10,0.00,0.00,0.00,39.02,0.00,0.40,0.00,0.00,0.00,0.00
118,"Patnt","PoDom","Basc1",45,0.00,0.00,6.09,4.78,4.95,4.63,0.00,0.00,0.00,70.48,0.00,0.75,0.00,0.00,0.00,0.00
118,"Patnt","PoDom","Basc1",55,0.00,0.00,8.12,5.63,5.92,5.35,0.00,0.00,0.00,97.68,0.00,1.07,0.00,0.00,0.00,0.00
118,"Patnt","PoDom","Basc1",65,0.00,0.00,9.30,5.77,6.16,5.39,0.00,0.00,0.00,113.91,0.00,1.31,0.00,0.00,0.00,0.00
118,"Patnt","PoDom","Basc1",75,0.00,0.00,9.60,5.46,5.89,5.03,0.00,0.00,0.00,118.03,0.00,1.42,0.00,0.00,0.00,0.00
118,"Patnt","PoDom","Basc1",85,0.00,0.00,9.14,4.91,5.31,4.44,0.00,0.00,0.00,112.09,0.00,1.41,0.00,0.00,0.00,0.00
118,"Patnt","PoDom","Basc1",95,0.00,0.00,8.14,4.21,4.57,3.75,0.00,0.00,0.00,99.23,0.00,1.31,0.00,0.00,0.00,0.00
118,"Patnt","PoDom","Basc1",105,0.00,0.00,6.83,3.47,3.77,3.04,0.00,0.00,0.00,82.67,0.00,1.15,0.00,0.00,0.00,0.00
118,"Patnt","PoDom","Basc1",115,0.00,0.00,5.41,2.75,2.99,2.36,0.00,0.00,0.00,65.18,0.00,0.95,0.00,0.00,0.00,0.00
118,"Patnt","PoDom","Basc1",125,0.00,0.00,4.06,2.09,2.27,1.76,0.00,0.00,0.00,48.83,0.00,0.75,0.00,0.00,0.00,0.00
118,"Patnt","PoDom","Basc1",135,0.00,0.00,2.88,1.53,1.66,1.26,0.00,0.00,0.00,34.85,0.00,0.56,0.00,0.00,0.00,0.00
118,"Patnt","PoDom","Basc1",145,0.00,0.00,1.94,1.07,1.16,0.87,0.00,0.00,0.00,23.74,0.00,0.39,0.00,0.00,0.00,0.00
118,"Patnt","PoDom","Basc1",155,0.00,0.00,1.25,0.72,0.78,0.57,0.00,0.00,0.00,15.45,0.00,0.26,0.00,0.00,0.00,0.00
118,"Patnt","PoDom","Basc1",165,0.00,0.00,0.76,0.46,0.50,0.36,0.00,0.00,0.00,9.63,0.00,0.17,0.00,0.00,0.00,0.00
118,"Patnt","PoDom","Basc1",175,0.00,0.00,0.44,0.29,0.31,0.22,0.00,0.00,0.00,5.74,0.00,0.10,0.00,0.00,0.00,0.00
118,"Patnt","PoDom","Basc1",185,0.00,0.00,0.24,0.17,0.18,0.12,0.00,0.00,0.00,3.28,0.00,0.06,0.00,0.00,0.00,0.00
118,"Patnt","PoDom","Basc1",195,0.00,0.00,0.12,0.09,0.10,0.07,0.00,0.00,0.00,1.80,0.00,0.03,0.00,0.00,0.00,0.00
118,"Patnt","PoDom","Basc1",205,0.00,0.00,0.06,0.05,0.05,0.03,0.00,0.00,0.00,0.94,0.00,0.01,0.00,0.00,0.00,0.00
118,"Patnt","PoDom","Basc1",215,0.00,0.00,0.03,0.02,0.03,0.02,0.00,0.00,0.00,0.47,0.00,0.01,0.00,0.00,0.00,0.00
118,"Patnt","PoDom","Basc1",225,0.00,0.00,0.01,0.01,0.01,9.91809610003274e-03,0.00,0.00,0.00,0.23,0.00,5.00397066922021e-03,0.00,0.00,0.00,0.00
118,"Patnt","PoDom","Basc1",235,0.00,0.00,6.40837339629068e-03,7.0749675846306e-03,7.7041945021563e-03,4.70895905285457e-03,0.00,0.00,0.00,0.10,0.00,2.38253428550685e-03,0.00,0.00,0.00,0.00
118,"Patnt","PoDom","Basc1",245,0.00,0.00,2.70343682274455e-03,3.3004502939907e-03,3.59484274460726e-03,2.146017381715e-03,0.00,0.00,0.00,0.04,0.00,1.08794286252153e-03,0.00,0.00,0.00,0.00
118,"Patnt","PoDom","Basc1",255,0.00,0.00,1.09202532068889e-03,1.47831563485544e-03,1.61056378805507e-03,9.38826657434996e-04,0.00,0.00,0.00,0.02,0.00,4.7657648354014e-04,0.00,0.00,0.00,0.00
119,"4s_3s","PoDom","Intn1",5,0.00,0.00,0.00,0.00,0.00,0.00,0.00,0.00,0.00,0.00,0.00,0.00,0.00,0.00,0.00,0.00
119,"4s_3s","PoDom","Intn1",15,0.00,0.00,0.36,0.32,0.23,0.14,0.00,0.00,0.00,2.90,0.00,0.06,0.00,0.00,0.00,0.00
119,"4s_3s","PoDom","Intn1",25,0.00,0.00,1.66,1.89,1.01,0.82,0.00,0.00,0.00,16.27,0.00,0.33,0.00,0.00,0.00,0.00
119,"4s_3s","PoDom","Intn1",35,0.00,0.00,3.69,4.25,2.02,1.81,0.00,0.00,0.00,40.45,0.00,0.83,0.00,0.00,0.00,0.00
119,"4s_3s","PoDom","Intn1",45,0.00,0.00,5.77,6.04,2.82,2.51,0.00,0.00,0.00,67.74,0.00,1.42,0.00,0.00,0.00,0.00
119,"4s_3s","PoDom","Intn1",55,0.00,0.00,7.43,6.86,3.25,2.79,0.00,0.00,0.00,90.53,0.00,1.97,0.00,0.00,0.00,0.00
119,"4s_3s","PoDom","Intn1",65,0.00,0.00,8.54,7.06,3.39,2.82,0.00,0.00,0.00,105.88,0.00,2.40,0.00,0.00,0.00,0.00
119,"4s_3s","PoDom","Intn1",75,0.00,0.00,9.18,6.97,3.38,2.75,0.00,0.00,0.00,114.38,0.00,2.72,0.00,0.00,0.00,0.00
119,"4s_3s","PoDom","Intn1",85,0.00,0.00,9.47,6.78,3.30,2.63,0.00,0.00,0.00,117.71,0.00,2.93,0.00,0.00,0.00,0.00
119,"4s_3s","PoDom","Intn1",95,0.00,0.00,9.51,6.56,3.20,2.50,0.00,0.00,0.00,117.35,0.00,3.07,0.00,0.00,0.00,0.00
119,"4s_3s","PoDom","Intn1",105,0.00,0.00,9.33,6.33,3.09,2.37,0.00,0.00,0.00,114.40,0.00,3.15,0.00,0.00,0.00,0.00
119,"4s_3s","PoDom","Intn1",115,0.00,0.00,8.99,6.09,2.98,2.24,0.00,0.00,0.00,109.67,0.00,3.17,0.00,0.00,0.00,0.00
119,"4s_3s","PoDom","Intn1",125,0.00,0.00,8.52,5.86,2.86,2.11,0.00,0.00,0.00,103.78,0.00,3.14,0.00,0.00,0.00,0.00
119,"4s_3s","PoDom","Intn1",135,0.00,0.00,7.95,5.62,2.74,1.99,0.00,0.00,0.00,97.20,0.00,3.08,0.00,0.00,0.00,0.00
119,"4s_3s","PoDom","Intn1",145,0.00,0.00,7.31,5.38,2.63,1.86,0.00,0.00,0.00,90.28,0.00,2.98,0.00,0.00,0.00,0.00
119,"4s_3s","PoDom","Intn1",155,0.00,0.00,6.64,5.13,2.51,1.74,0.00,0.00,0.00,83.26,0.00,2.86,0.00,0.00,0.00,0.00
119,"4s_3s","PoDom","Intn1",165,0.00,0.00,5.97,4.89,2.39,1.63,0.00,0.00,0.00,76.34,0.00,2.72,0.00,0.00,0.00,0.00
119,"4s_3s","PoDom","Intn1",175,0.00,0.00,5.30,4.64,2.27,1.51,0.00,0.00,0.00,69.64,0.00,2.57,0.00,0.00,0.00,0.00
119,"4s_3s","PoDom","Intn1",185,0.00,0.00,4.66,4.39,2.15,1.40,0.00,0.00,0.00,63.25,0.00,2.41,0.00,0.00,0.00,0.00
119,"4s_3s","PoDom","Intn1",195,0.00,0.00,4.06,4.15,2.03,1.29,0.00,0.00,0.00,57.21,0.00,2.25,0.00,0.00,0.00,0.00
119,"4s_3s","PoDom","Intn1",205,0.00,0.00,3.51,3.90,1.91,1.19,0.00,0.00,0.00,51.56,0.00,2.08,0.00,0.00,0.00,0.00
119,"4s_3s","PoDom","Intn1",215,0.00,0.00,3.01,3.67,1.79,1.09,0.00,0.00,0.00,46.31,0.00,1.92,0.00,0.00,0.00,0.00
119,"4s_3s","PoDom","Intn1",225,0.00,0.00,2.57,3.43,1.68,1.00,0.00,0.00,0.00,41.47,0.00,1.77,0.00,0.00,0.00,0.00
119,"4s_3s","PoDom","Intn1",235,0.00,0.00,2.17,3.20,1.57,0.91,0.00,0.00,0.00,37.01,0.00,1.62,0.00,0.00,0.00,0.00
119,"4s_3s","PoDom","Intn1",245,0.00,0.00,1.83,2.98,1.46,0.83,0.00,0.00,0.00,32.95,0.00,1.47,0.00,0.00,0.00,0.00
119,"4s_3s","PoDom","Intn1",255,0.00,0.00,1.53,2.77,1.36,0.75,0.00,0.00,0.00,29.24,0.00,1.34,0.00,0.00,0.00,0.00
120,"Patnt","PoDom","Intn1",5,0.00,0.00,0.00,0.00,0.00,0.00,0.00,0.00,0.00,0.00,0.00,0.00,0.00,0.00,0.00,0.00
120,"Patnt","PoDom","Intn1",15,0.00,0.00,0.27,0.17,0.28,0.18,0.00,0.00,0.00,2.13,0.00,0.02,0.00,0.00,0.00,0.00
120,"Patnt","PoDom","Intn1",25,0.00,0.00,1.44,1.23,1.46,1.26,0.00,0.00,0.00,13.99,0.00,0.14,0.00,0.00,0.00,0.00
120,"Patnt","PoDom","Intn1",35,0.00,0.00,3.60,3.11,3.29,3.10,0.00,0.00,0.00,39.02,0.00,0.40,0.00,0.00,0.00,0.00
120,"Patnt","PoDom","Intn1",45,0.00,0.00,6.09,4.78,4.95,4.63,0.00,0.00,0.00,70.48,0.00,0.75,0.00,0.00,0.00,0.00
120,"Patnt","PoDom","Intn1",55,0.00,0.00,8.12,5.63,5.92,5.35,0.00,0.00,0.00,97.68,0.00,1.07,0.00,0.00,0.00,0.00
120,"Patnt","PoDom","Intn1",65,0.00,0.00,9.30,5.77,6.16,5.39,0.00,0.00,0.00,113.91,0.00,1.31,0.00,0.00,0.00,0.00
120,"Patnt","PoDom","Intn1",75,0.00,0.00,9.60,5.46,5.89,5.03,0.00,0.00,0.00,118.03,0.00,1.42,0.00,0.00,0.00,0.00
120,"Patnt","PoDom","Intn1",85,0.00,0.00,9.14,4.91,5.31,4.44,0.00,0.00,0.00,112.09,0.00,1.41,0.00,0.00,0.00,0.00
120,"Patnt","PoDom","Intn1",95,0.00,0.00,8.14,4.21,4.57,3.75,0.00,0.00,0.00,99.23,0.00,1.31,0.00,0.00,0.00,0.00
120,"Patnt","PoDom","Intn1",105,0.00,0.00,6.83,3.47,3.77,3.04,0.00,0.00,0.00,82.67,0.00,1.15,0.00,0.00,0.00,0.00
120,"Patnt","PoDom","Intn1",115,0.00,0.00,5.41,2.75,2.99,2.36,0.00,0.00,0.00,65.18,0.00,0.95,0.00,0.00,0.00,0.00
120,"Patnt","PoDom","Intn1",125,0.00,0.00,4.06,2.09,2.27,1.76,0.00,0.00,0.00,48.83,0.00,0.75,0.00,0.00,0.00,0.00
120,"Patnt","PoDom","Intn1",135,0.00,0.00,2.88,1.53,1.66,1.26,0.00,0.00,0.00,34.85,0.00,0.56,0.00,0.00,0.00,0.00
120,"Patnt","PoDom","Intn1",145,0.00,0.00,1.94,1.07,1.16,0.87,0.00,0.00,0.00,23.74,0.00,0.39,0.00,0.00,0.00,0.00
120,"Patnt","PoDom","Intn1",155,0.00,0.00,1.25,0.72,0.78,0.57,0.00,0.00,0.00,15.45,0.00,0.26,0.00,0.00,0.00,0.00
120,"Patnt","PoDom","Intn1",165,0.00,0.00,0.76,0.46,0.50,0.36,0.00,0.00,0.00,9.63,0.00,0.17,0.00,0.00,0.00,0.00
120,"Patnt","PoDom","Intn1",175,0.00,0.00,0.44,0.29,0.31,0.22,0.00,0.00,0.00,5.74,0.00,0.10,0.00,0.00,0.00,0.00
120,"Patnt","PoDom","Intn1",185,0.00,0.00,0.24,0.17,0.18,0.12,0.00,0.00,0.00,3.28,0.00,0.06,0.00,0.00,0.00,0.00
120,"Patnt","PoDom","Intn1",195,0.00,0.00,0.12,0.09,0.10,0.07,0.00,0.00,0.00,1.80,0.00,0.03,0.00,0.00,0.00,0.00
120,"Patnt","PoDom","Intn1",205,0.00,0.00,0.06,0.05,0.05,0.03,0.00,0.00,0.00,0.94,0.00,0.01,0.00,0.00,0.00,0.00
120,"Patnt","PoDom","Intn1",215,0.00,0.00,0.03,0.02,0.03,0.02,0.00,0.00,0.00,0.47,0.00,0.01,0.00,0.00,0.00,0.00
120,"Patnt","PoDom","Intn1",225,0.00,0.00,0.01,0.01,0.01,9.91809610003274e-03,0.00,0.00,0.00,0.23,0.00,5.00397066922021e-03,0.00,0.00,0.00,0.00
120,"Patnt","PoDom","Intn1",235,0.00,0.00,6.40837339629068e-03,7.0749675846306e-03,7.7041945021563e-03,4.70895905285457e-03,0.00,0.00,0.00,0.10,0.00,2.38253428550685e-03,0.00,0.00,0.00,0.00
120,"Patnt","PoDom","Intn1",245,0.00,0.00,2.70343682274455e-03,3.3004502939907e-03,3.59484274460726e-03,2.146017381715e-03,0.00,0.00,0.00,0.04,0.00,1.08794286252153e-03,0.00,0.00,0.00,0.00
120,"Patnt","PoDom","Intn1",255,0.00,0.00,1.09202532068889e-03,1.47831563485544e-03,1.61056378805507e-03,9.38826657434996e-04,0.00,0.00,0.00,0.02,0.00,4.7657648354014e-04,0.00,0.00,0.00,0.00
121,"4s_3s","PoDom","Succ",5,0.00,0.00,0.00,0.00,0.00,0.00,0.00,0.00,0.00,0.00,0.00,0.00,0.00,0.00,0.00,0.00
121,"4s_3s","PoDom","Succ",15,0.00,0.00,0.36,0.32,0.23,0.14,0.00,0.00,0.00,2.90,0.00,0.06,0.00,0.00,0.00,0.00
121,"4s_3s","PoDom","Succ",25,0.00,0.00,1.66,1.89,1.01,0.82,0.00,0.00,0.00,16.27,0.00,0.33,0.00,0.00,0.00,0.00
121,"4s_3s","PoDom","Succ",35,0.00,0.00,3.69,4.25,2.02,1.81,0.00,0.00,0.00,40.45,0.00,0.83,0.00,0.00,0.00,0.00
121,"4s_3s","PoDom","Succ",45,0.00,0.00,5.77,6.04,2.82,2.51,0.00,0.00,0.00,67.74,0.00,1.42,0.00,0.00,0.00,0.00
121,"4s_3s","PoDom","Succ",55,0.00,0.00,7.43,6.86,3.25,2.79,0.00,0.00,0.00,90.53,0.00,1.97,0.00,0.00,0.00,0.00
121,"4s_3s","PoDom","Succ",65,0.00,0.00,8.54,7.06,3.39,2.82,0.00,0.00,0.00,105.88,0.00,2.40,0.00,0.00,0.00,0.00
121,"4s_3s","PoDom","Succ",75,0.00,0.00,9.18,6.97,3.38,2.75,0.00,0.00,0.00,114.38,0.00,2.72,0.00,0.00,0.00,0.00
121,"4s_3s","PoDom","Succ",85,0.00,0.00,9.47,6.78,3.30,2.63,0.00,0.00,0.00,117.71,0.00,2.93,0.00,0.00,0.00,0.00
121,"4s_3s","PoDom","Succ",95,0.00,0.00,9.51,6.56,3.20,2.50,0.00,0.00,0.00,117.35,0.00,3.07,0.00,0.00,0.00,0.00
121,"4s_3s","PoDom","Succ",105,0.00,0.00,9.33,6.33,3.09,2.37,0.00,0.00,0.00,114.40,0.00,3.15,0.00,0.00,0.00,0.00
121,"4s_3s","PoDom","Succ",115,0.00,0.00,8.99,6.09,2.98,2.24,0.00,0.00,0.00,109.67,0.00,3.17,0.00,0.00,0.00,0.00
121,"4s_3s","PoDom","Succ",125,0.00,0.00,8.52,5.86,2.86,2.11,0.00,0.00,0.00,103.78,0.00,3.14,0.00,0.00,0.00,0.00
121,"4s_3s","PoDom","Succ",135,0.00,0.00,7.95,5.62,2.74,1.99,0.00,0.00,0.00,97.20,0.00,3.08,0.00,0.00,0.00,0.00
121,"4s_3s","PoDom","Succ",145,0.00,0.00,7.31,5.38,2.63,1.86,0.00,0.00,0.00,90.28,0.00,2.98,0.00,0.00,0.00,0.00
121,"4s_3s","PoDom","Succ",155,0.00,0.00,6.64,5.13,2.51,1.74,0.00,0.00,0.00,83.26,0.00,2.86,0.00,0.00,0.00,0.00
121,"4s_3s","PoDom","Succ",165,0.00,0.00,5.97,4.89,2.39,1.63,0.00,0.00,0.00,76.34,0.00,2.72,0.00,0.00,0.00,0.00
121,"4s_3s","PoDom","Succ",175,0.00,0.00,5.30,4.64,2.27,1.51,0.00,0.00,0.00,69.64,0.00,2.57,0.00,0.00,0.00,0.00
121,"4s_3s","PoDom","Succ",185,0.00,0.00,4.66,4.39,2.15,1.40,0.00,0.00,0.00,63.25,0.00,2.41,0.00,0.00,0.00,0.00
121,"4s_3s","PoDom","Succ",195,0.00,0.00,4.06,4.15,2.03,1.29,0.00,0.00,0.00,57.21,0.00,2.25,0.00,0.00,0.00,0.00
121,"4s_3s","PoDom","Succ",205,0.00,0.00,3.51,3.90,1.91,1.19,0.00,0.00,0.00,51.56,0.00,2.08,0.00,0.00,0.00,0.00
121,"4s_3s","PoDom","Succ",215,0.00,0.00,3.01,3.67,1.79,1.09,0.00,0.00,0.00,46.31,0.00,1.92,0.00,0.00,0.00,0.00
121,"4s_3s","PoDom","Succ",225,0.00,0.00,2.57,3.43,1.68,1.00,0.00,0.00,0.00,41.47,0.00,1.77,0.00,0.00,0.00,0.00
121,"4s_3s","PoDom","Succ",235,0.00,0.00,2.17,3.20,1.57,0.91,0.00,0.00,0.00,37.01,0.00,1.62,0.00,0.00,0.00,0.00
121,"4s_3s","PoDom","Succ",245,0.00,0.00,1.83,2.98,1.46,0.83,0.00,0.00,0.00,32.95,0.00,1.47,0.00,0.00,0.00,0.00
121,"4s_3s","PoDom","Succ",255,0.00,0.00,1.53,2.77,1.36,0.75,0.00,0.00,0.00,29.24,0.00,1.34,0.00,0.00,0.00,0.00
122,"Patnt","PoDom","Succ",5,0.00,0.00,0.00,0.00,0.00,0.00,0.00,0.00,0.00,0.00,0.00,0.00,0.00,0.00,0.00,0.00
122,"Patnt","PoDom","Succ",15,0.00,0.00,0.27,0.17,0.28,0.18,0.00,0.00,0.00,2.13,0.00,0.02,0.00,0.00,0.00,0.00
122,"Patnt","PoDom","Succ",25,0.00,0.00,1.44,1.23,1.46,1.26,0.00,0.00,0.00,13.99,0.00,0.14,0.00,0.00,0.00,0.00
122,"Patnt","PoDom","Succ",35,0.00,0.00,3.60,3.11,3.29,3.10,0.00,0.00,0.00,39.02,0.00,0.40,0.00,0.00,0.00,0.00
122,"Patnt","PoDom","Succ",45,0.00,0.00,6.09,4.78,4.95,4.63,0.00,0.00,0.00,70.48,0.00,0.75,0.00,0.00,0.00,0.00
122,"Patnt","PoDom","Succ",55,0.00,0.00,8.12,5.63,5.92,5.35,0.00,0.00,0.00,97.68,0.00,1.07,0.00,0.00,0.00,0.00
122,"Patnt","PoDom","Succ",65,0.00,0.00,9.30,5.77,6.16,5.39,0.00,0.00,0.00,113.91,0.00,1.31,0.00,0.00,0.00,0.00
122,"Patnt","PoDom","Succ",75,0.00,0.00,9.60,5.46,5.89,5.03,0.00,0.00,0.00,118.03,0.00,1.42,0.00,0.00,0.00,0.00
122,"Patnt","PoDom","Succ",85,0.00,0.00,9.14,4.91,5.31,4.44,0.00,0.00,0.00,112.09,0.00,1.41,0.00,0.00,0.00,0.00
122,"Patnt","PoDom","Succ",95,0.00,0.00,8.14,4.21,4.57,3.75,0.00,0.00,0.00,99.23,0.00,1.31,0.00,0.00,0.00,0.00
122,"Patnt","PoDom","Succ",105,0.00,0.00,6.83,3.47,3.77,3.04,0.00,0.00,0.00,82.67,0.00,1.15,0.00,0.00,0.00,0.00
122,"Patnt","PoDom","Succ",115,0.00,0.00,5.41,2.75,2.99,2.36,0.00,0.00,0.00,65.18,0.00,0.95,0.00,0.00,0.00,0.00
122,"Patnt","PoDom","Succ",125,0.00,0.00,4.06,2.09,2.27,1.76,0.00,0.00,0.00,48.83,0.00,0.75,0.00,0.00,0.00,0.00
122,"Patnt","PoDom","Succ",135,0.00,0.00,2.88,1.53,1.66,1.26,0.00,0.00,0.00,34.85,0.00,0.56,0.00,0.00,0.00,0.00
122,"Patnt","PoDom","Succ",145,0.00,0.00,1.94,1.07,1.16,0.87,0.00,0.00,0.00,23.74,0.00,0.39,0.00,0.00,0.00,0.00
122,"Patnt","PoDom","Succ",155,0.00,0.00,1.25,0.72,0.78,0.57,0.00,0.00,0.00,15.45,0.00,0.26,0.00,0.00,0.00,0.00
122,"Patnt","PoDom","Succ",165,0.00,0.00,0.76,0.46,0.50,0.36,0.00,0.00,0.00,9.63,0.00,0.17,0.00,0.00,0.00,0.00
122,"Patnt","PoDom","Succ",175,0.00,0.00,0.44,0.29,0.31,0.22,0.00,0.00,0.00,5.74,0.00,0.10,0.00,0.00,0.00,0.00
122,"Patnt","PoDom","Succ",185,0.00,0.00,0.24,0.17,0.18,0.12,0.00,0.00,0.00,3.28,0.00,0.06,0.00,0.00,0.00,0.00
122,"Patnt","PoDom","Succ",195,0.00,0.00,0.12,0.09,0.10,0.07,0.00,0.00,0.00,1.80,0.00,0.03,0.00,0.00,0.00,0.00
122,"Patnt","PoDom","Succ",205,0.00,0.00,0.06,0.05,0.05,0.03,0.00,0.00,0.00,0.94,0.00,0.01,0.00,0.00,0.00,0.00
122,"Patnt","PoDom","Succ",215,0.00,0.00,0.03,0.02,0.03,0.02,0.00,0.00,0.00,0.47,0.00,0.01,0.00,0.00,0.00,0.00
122,"Patnt","PoDom","Succ",225,0.00,0.00,0.01,0.01,0.01,9.91809610003274e-03,0.00,0.00,0.00,0.23,0.00,5.00397066922021e-03,0.00,0.00,0.00,0.00
122,"Patnt","PoDom","Succ",235,0.00,0.00,6.40837339629068e-03,7.0749675846306e-03,7.7041945021563e-03,4.70895905285457e-03,0.00,0.00,0.00,0.10,0.00,2.38253428550685e-03,0.00,0.00,0.00,0.00
122,"Patnt","PoDom","Succ",245,0.00,0.00,2.70343682274455e-03,3.3004502939907e-03,3.59484274460726e-03,2.146017381715e-03,0.00,0.00,0.00,0.04,0.00,1.08794286252153e-03,0.00,0.00,0.00,0.00
122,"Patnt","PoDom","Succ",255,0.00,0.00,1.09202532068889e-03,1.47831563485544e-03,1.61056378805507e-03,9.38826657434996e-04,0.00,0.00,0.00,0.02,0.00,4.7657648354014e-04,0.00,0.00,0.00,0.00
123,"4s_3s","BwDom","Prsnt",5,0.00,0.00,0.00,0.00,0.00,0.00,0.00,0.00,0.00,0.00,0.00,0.00,0.00,0.00,0.00,0.00
123,"4s_3s","BwDom","Prsnt",15,0.00,0.00,0.20,0.53,0.17,0.25,0.21,0.00,0.00,0.45,0.00,1.16,0.00,0.00,0.00,0.00
123,"4s_3s","BwDom","Prsnt",25,0.00,0.00,0.79,2.68,0.66,1.23,0.48,0.00,0.00,2.17,0.00,5.42,0.00,0.00,0.00,0.00
123,"4s_3s","BwDom","Prsnt",35,0.00,0.00,1.62,5.59,1.23,2.51,0.71,0.00,0.00,5.01,0.00,12.60,0.00,0.00,0.00,0.00
123,"4s_3s","BwDom","Prsnt",45,0.00,0.00,2.44,7.64,1.65,3.35,0.84,0.00,0.00,8.06,0.00,20.74,0.00,0.00,0.00,0.00
123,"4s_3s","BwDom","Prsnt",55,0.00,0.00,3.07,8.46,1.86,3.63,0.89,0.00,0.00,10.50,0.00,27.95,0.00,0.00,0.00,0.00
123,"4s_3s","BwDom","Prsnt",65,0.00,0.00,3.47,8.55,1.91,3.61,0.89,0.00,0.00,12.09,0.00,33.50,0.00,0.00,0.00,0.00
123,"4s_3s","BwDom","Prsnt",75,0.00,0.00,3.68,8.35,1.88,3.47,0.85,0.00,0.00,12.90,0.00,37.43,0.00,0.00,0.00,0.00
123,"4s_3s","BwDom","Prsnt",85,0.00,0.00,3.75,8.01,1.81,3.28,0.81,0.00,0.00,13.10,0.00,39.89,0.00,0.00,0.00,0.00
123,"4s_3s","BwDom","Prsnt",95,0.00,0.00,3.69,7.61,1.72,3.06,0.75,0.00,0.00,12.81,0.00,41.00,0.00,0.00,0.00,0.00
123,"4s_3s","BwDom","Prsnt",105,0.00,0.00,3.53,7.14,1.62,2.82,0.69,0.00,0.00,12.16,0.00,40.89,0.00,0.00,0.00,0.00
123,"4s_3s","BwDom","Prsnt",115,0.00,0.00,3.28,6.64,1.50,2.57,0.62,0.00,0.00,11.25,0.00,39.72,0.00,0.00,0.00,0.00
123,"4s_3s","BwDom","Prsnt",125,0.00,0.00,2.97,6.10,1.38,2.32,0.55,0.00,0.00,10.18,0.00,37.70,0.00,0.00,0.00,0.00
123,"4s_3s","BwDom","Prsnt",135,0.00,0.00,2.63,5.55,1.26,2.07,0.48,0.00,0.00,9.05,0.00,35.02,0.00,0.00,0.00,0.00
123,"4s_3s","BwDom","Prsnt",145,0.00,0.00,2.28,5.00,1.13,1.83,0.41,0.00,0.00,7.90,0.00,31.90,0.00,0.00,0.00,0.00
123,"4s_3s","BwDom","Prsnt",155,0.00,0.00,1.93,4.44,1.01,1.59,0.35,0.00,0.00,6.79,0.00,28.52,0.00,0.00,0.00,0.00
123,"4s_3s","BwDom","Prsnt",165,0.00,0.00,1.60,3.91,0.88,1.37,0.29,0.00,0.00,5.75,0.00,25.06,0.00,0.00,0.00,0.00
123,"4s_3s","BwDom","Prsnt",175,0.00,0.00,1.30,3.39,0.77,1.17,0.24,0.00,0.00,4.80,0.00,21.66,0.00,0.00,0.00,0.00
123,"4s_3s","BwDom","Prsnt",185,0.00,0.00,1.03,2.91,0.66,0.98,0.20,0.00,0.00,3.95,0.00,18.42,0.00,0.00,0.00,0.00
123,"4s_3s","BwDom","Prsnt",195,0.00,0.00,0.81,2.47,0.56,0.81,0.16,0.00,0.00,3.21,0.00,15.43,0.00,0.00,0.00,0.00
123,"4s_3s","BwDom","Prsnt",205,0.00,0.00,0.62,2.07,0.47,0.66,0.12,0.00,0.00,2.57,0.00,12.73,0.00,0.00,0.00,0.00
123,"4s_3s","BwDom","Prsnt",215,0.00,0.00,0.47,1.71,0.39,0.54,0.09,0.00,0.00,2.04,0.00,10.36,0.00,0.00,0.00,0.00
123,"4s_3s","BwDom","Prsnt",225,0.00,0.00,0.35,1.40,0.31,0.43,0.07,0.00,0.00,1.59,0.00,8.31,0.00,0.00,0.00,0.00
123,"4s_3s","BwDom","Prsnt",235,0.00,0.00,0.25,1.13,0.25,0.34,0.05,0.00,0.00,1.23,0.00,6.58,0.00,0.00,0.00,0.00
123,"4s_3s","BwDom","Prsnt",245,0.00,0.00,0.18,0.90,0.20,0.26,0.04,0.00,0.00,0.93,0.00,5.13,0.00,0.00,0.00,0.00
123,"4s_3s","BwDom","Prsnt",255,0.00,0.00,0.13,0.71,0.16,0.20,0.03,0.00,0.00,0.70,0.00,3.96,0.00,0.00,0.00,0.00
124,"Patnt","BwDom","Prsnt",5,0.00,0.00,0.00,0.00,0.00,0.00,0.00,0.00,0.00,0.00,0.00,0.00,0.00,0.00,0.00,0.00
124,"Patnt","BwDom","Prsnt",15,0.00,0.00,0.00,0.33,0.20,0.28,0.00,0.00,0.00,0.56,0.00,0.80,0.00,0.00,0.00,0.00
124,"Patnt","BwDom","Prsnt",25,0.00,0.00,0.00,1.85,0.84,1.56,0.00,0.00,0.00,2.99,0.00,4.16,0.00,0.00,0.00,0.00
124,"Patnt","BwDom","Prsnt",35,0.00,0.00,0.00,4.28,1.73,3.53,0.00,0.00,0.00,7.67,0.00,10.72,0.00,0.00,0.00,0.00
124,"Patnt","BwDom","Prsnt",45,0.00,0.00,0.00,6.31,2.51,5.08,0.00,0.00,0.00,13.33,0.00,19.07,0.00,0.00,0.00,0.00
124,"Patnt","BwDom","Prsnt",55,0.00,0.00,0.00,7.33,2.95,5.77,0.00,0.00,0.00,18.21,0.00,26.95,0.00,0.00,0.00,0.00
124,"Patnt","BwDom","Prsnt",65,0.00,0.00,0.00,7.53,3.08,5.83,0.00,0.00,0.00,21.28,0.00,32.81,0.00,0.00,0.00,0.00
124,"Patnt","BwDom","Prsnt",75,0.00,0.00,0.00,7.22,2.98,5.51,0.00,0.00,0.00,22.33,0.00,36.04,0.00,0.00,0.00,0.00
124,"Patnt","BwDom","Prsnt",85,0.00,0.00,0.00,6.60,2.74,4.95,0.00,0.00,0.00,21.57,0.00,36.54,0.00,0.00,0.00,0.00
124,"Patnt","BwDom","Prsnt",95,0.00,0.00,0.00,5.76,2.39,4.25,0.00,0.00,0.00,19.41,0.00,34.55,0.00,0.00,0.00,0.00
124,"Patnt","BwDom","Prsnt",105,0.00,0.00,0.00,4.81,2.00,3.49,0.00,0.00,0.00,16.38,0.00,30.65,0.00,0.00,0.00,0.00
124,"Patnt","BwDom","Prsnt",115,0.00,0.00,0.00,3.84,1.60,2.74,0.00,0.00,0.00,13.04,0.00,25.61,0.00,0.00,0.00,0.00
124,"Patnt","BwDom","Prsnt",125,0.00,0.00,0.00,2.94,1.22,2.05,0.00,0.00,0.00,9.81,0.00,20.20,0.00,0.00,0.00,0.00
124,"Patnt","BwDom","Prsnt",135,0.00,0.00,0.00,2.15,0.89,1.47,0.00,0.00,0.00,7.00,0.00,15.07,0.00,0.00,0.00,0.00
124,"Patnt","BwDom","Prsnt",145,0.00,0.00,0.00,1.50,0.62,1.00,0.00,0.00,0.00,4.74,0.00,10.66,0.00,0.00,0.00,0.00
124,"Patnt","BwDom","Prsnt",155,0.00,0.00,0.00,1.00,0.41,0.65,0.00,0.00,0.00,3.06,0.00,7.15,0.00,0.00,0.00,0.00
124,"Patnt","BwDom","Prsnt",165,0.00,0.00,0.00,0.63,0.26,0.41,0.00,0.00,0.00,1.87,0.00,4.55,0.00,0.00,0.00,0.00
124,"Patnt","BwDom","Prsnt",175,0.00,0.00,0.00,0.38,0.16,0.24,0.00,0.00,0.00,1.09,0.00,2.75,0.00,0.00,0.00,0.00
124,"Patnt","BwDom","Prsnt",185,0.00,0.00,0.00,0.22,0.09,0.13,0.00,0.00,0.00,0.61,0.00,1.58,0.00,0.00,0.00,0.00
124,"Patnt","BwDom","Prsnt",195,0.00,0.00,0.00,0.12,0.05,0.07,0.00,0.00,0.00,0.32,0.00,0.87,0.00,0.00,0.00,0.00
124,"Patnt","BwDom","Prsnt",205,0.00,0.00,0.00,0.06,0.02,0.03,0.00,0.00,0.00,0.16,0.00,0.45,0.00,0.00,0.00,0.00
124,"Patnt","BwDom","Prsnt",215,0.00,0.00,0.00,0.03,0.01,0.01,0.00,0.00,0.00,0.07,0.00,0.22,0.00,0.00,0.00,0.00
124,"Patnt","BwDom","Prsnt",225,0.00,0.00,0.00,0.01,6.77432753328322e-03,9.16324245455765e-03,0.00,0.00,0.00,0.03,0.00,0.10,0.00,0.00,0.00,0.00
124,"Patnt","BwDom","Prsnt",235,0.00,0.00,0.00,7.47877642591417e-03,3.12266405141313e-03,4.12640351171617e-03,0.00,0.00,0.00,0.01,0.00,0.04,0.00,0.00,0.00,0.00
124,"Patnt","BwDom","Prsnt",245,0.00,0.00,0.00,3.29006421848044e-03,1.37405148103361e-03,1.7733934418312e-03,0.00,0.00,0.00,6.83491925768453e-03,0.00,0.02,0.00,0.00,0.00,0.00
124,"Patnt","BwDom","Prsnt",255,0.00,0.00,0.00,1.38166685706614e-03,5.77173029810359e-04,7.27381526443256e-04,0.00,0.00,0.00,2.74241079317773e-03,0.00,8.54127882001093e-03,0.00,0.00,0.00,0.00
125,"4s_3s","BwDom","Exten",5,0.00,0.00,0.00,0.00,0.00,0.00,0.00,0.00,0.00,0.00,0.00,0.00,0.00,0.00,0.00,0.00
125,"4s_3s","BwDom","Exten",15,0.00,0.00,0.20,0.53,0.17,0.25,0.21,0.00,0.00,0.45,0.00,1.16,0.00,0.00,0.00,0.00
125,"4s_3s","BwDom","Exten",25,0.00,0.00,0.79,2.68,0.66,1.23,0.48,0.00,0.00,2.17,0.00,5.42,0.00,0.00,0.00,0.00
125,"4s_3s","BwDom","Exten",35,0.00,0.00,1.62,5.59,1.23,2.51,0.71,0.00,0.00,5.01,0.00,12.60,0.00,0.00,0.00,0.00
125,"4s_3s","BwDom","Exten",45,0.00,0.00,2.44,7.64,1.65,3.35,0.84,0.00,0.00,8.06,0.00,20.74,0.00,0.00,0.00,0.00
125,"4s_3s","BwDom","Exten",55,0.00,0.00,3.07,8.46,1.86,3.63,0.89,0.00,0.00,10.50,0.00,27.95,0.00,0.00,0.00,0.00
125,"4s_3s","BwDom","Exten",65,0.00,0.00,3.47,8.55,1.91,3.61,0.89,0.00,0.00,12.09,0.00,33.50,0.00,0.00,0.00,0.00
125,"4s_3s","BwDom","Exten",75,0.00,0.00,3.68,8.35,1.88,3.47,0.85,0.00,0.00,12.90,0.00,37.43,0.00,0.00,0.00,0.00
125,"4s_3s","BwDom","Exten",85,0.00,0.00,3.75,8.01,1.81,3.28,0.81,0.00,0.00,13.10,0.00,39.89,0.00,0.00,0.00,0.00
125,"4s_3s","BwDom","Exten",95,0.00,0.00,3.69,7.61,1.72,3.06,0.75,0.00,0.00,12.81,0.00,41.00,0.00,0.00,0.00,0.00
125,"4s_3s","BwDom","Exten",105,0.00,0.00,3.53,7.14,1.62,2.82,0.69,0.00,0.00,12.16,0.00,40.89,0.00,0.00,0.00,0.00
125,"4s_3s","BwDom","Exten",115,0.00,0.00,3.28,6.64,1.50,2.57,0.62,0.00,0.00,11.25,0.00,39.72,0.00,0.00,0.00,0.00
125,"4s_3s","BwDom","Exten",125,0.00,0.00,2.97,6.10,1.38,2.32,0.55,0.00,0.00,10.18,0.00,37.70,0.00,0.00,0.00,0.00
125,"4s_3s","BwDom","Exten",135,0.00,0.00,2.63,5.55,1.26,2.07,0.48,0.00,0.00,9.05,0.00,35.02,0.00,0.00,0.00,0.00
125,"4s_3s","BwDom","Exten",145,0.00,0.00,2.28,5.00,1.13,1.83,0.41,0.00,0.00,7.90,0.00,31.90,0.00,0.00,0.00,0.00
125,"4s_3s","BwDom","Exten",155,0.00,0.00,1.93,4.44,1.01,1.59,0.35,0.00,0.00,6.79,0.00,28.52,0.00,0.00,0.00,0.00
125,"4s_3s","BwDom","Exten",165,0.00,0.00,1.60,3.91,0.88,1.37,0.29,0.00,0.00,5.75,0.00,25.06,0.00,0.00,0.00,0.00
125,"4s_3s","BwDom","Exten",175,0.00,0.00,1.30,3.39,0.77,1.17,0.24,0.00,0.00,4.80,0.00,21.66,0.00,0.00,0.00,0.00
125,"4s_3s","BwDom","Exten",185,0.00,0.00,1.03,2.91,0.66,0.98,0.20,0.00,0.00,3.95,0.00,18.42,0.00,0.00,0.00,0.00
125,"4s_3s","BwDom","Exten",195,0.00,0.00,0.81,2.47,0.56,0.81,0.16,0.00,0.00,3.21,0.00,15.43,0.00,0.00,0.00,0.00
125,"4s_3s","BwDom","Exten",205,0.00,0.00,0.62,2.07,0.47,0.66,0.12,0.00,0.00,2.57,0.00,12.73,0.00,0.00,0.00,0.00
125,"4s_3s","BwDom","Exten",215,0.00,0.00,0.47,1.71,0.39,0.54,0.09,0.00,0.00,2.04,0.00,10.36,0.00,0.00,0.00,0.00
125,"4s_3s","BwDom","Exten",225,0.00,0.00,0.35,1.40,0.31,0.43,0.07,0.00,0.00,1.59,0.00,8.31,0.00,0.00,0.00,0.00
125,"4s_3s","BwDom","Exten",235,0.00,0.00,0.25,1.13,0.25,0.34,0.05,0.00,0.00,1.23,0.00,6.58,0.00,0.00,0.00,0.00
125,"4s_3s","BwDom","Exten",245,0.00,0.00,0.18,0.90,0.20,0.26,0.04,0.00,0.00,0.93,0.00,5.13,0.00,0.00,0.00,0.00
125,"4s_3s","BwDom","Exten",255,0.00,0.00,0.13,0.71,0.16,0.20,0.03,0.00,0.00,0.70,0.00,3.96,0.00,0.00,0.00,0.00
126,"Patnt","BwDom","Exten",5,0.00,0.00,0.00,0.00,0.00,0.00,0.00,0.00,0.00,0.00,0.00,0.00,0.00,0.00,0.00,0.00
126,"Patnt","BwDom","Exten",15,0.00,0.00,0.00,0.33,0.20,0.28,0.00,0.00,0.00,0.56,0.00,0.80,0.00,0.00,0.00,0.00
126,"Patnt","BwDom","Exten",25,0.00,0.00,0.00,1.85,0.84,1.56,0.00,0.00,0.00,2.99,0.00,4.16,0.00,0.00,0.00,0.00
126,"Patnt","BwDom","Exten",35,0.00,0.00,0.00,4.28,1.73,3.53,0.00,0.00,0.00,7.67,0.00,10.72,0.00,0.00,0.00,0.00
126,"Patnt","BwDom","Exten",45,0.00,0.00,0.00,6.31,2.51,5.08,0.00,0.00,0.00,13.33,0.00,19.07,0.00,0.00,0.00,0.00
126,"Patnt","BwDom","Exten",55,0.00,0.00,0.00,7.33,2.95,5.77,0.00,0.00,0.00,18.21,0.00,26.95,0.00,0.00,0.00,0.00
126,"Patnt","BwDom","Exten",65,0.00,0.00,0.00,7.53,3.08,5.83,0.00,0.00,0.00,21.28,0.00,32.81,0.00,0.00,0.00,0.00
126,"Patnt","BwDom","Exten",75,0.00,0.00,0.00,7.22,2.98,5.51,0.00,0.00,0.00,22.33,0.00,36.04,0.00,0.00,0.00,0.00
126,"Patnt","BwDom","Exten",85,0.00,0.00,0.00,6.60,2.74,4.95,0.00,0.00,0.00,21.57,0.00,36.54,0.00,0.00,0.00,0.00
126,"Patnt","BwDom","Exten",95,0.00,0.00,0.00,5.76,2.39,4.25,0.00,0.00,0.00,19.41,0.00,34.55,0.00,0.00,0.00,0.00
126,"Patnt","BwDom","Exten",105,0.00,0.00,0.00,4.81,2.00,3.49,0.00,0.00,0.00,16.38,0.00,30.65,0.00,0.00,0.00,0.00
126,"Patnt","BwDom","Exten",115,0.00,0.00,0.00,3.84,1.60,2.74,0.00,0.00,0.00,13.04,0.00,25.61,0.00,0.00,0.00,0.00
126,"Patnt","BwDom","Exten",125,0.00,0.00,0.00,2.94,1.22,2.05,0.00,0.00,0.00,9.81,0.00,20.20,0.00,0.00,0.00,0.00
126,"Patnt","BwDom","Exten",135,0.00,0.00,0.00,2.15,0.89,1.47,0.00,0.00,0.00,7.00,0.00,15.07,0.00,0.00,0.00,0.00
126,"Patnt","BwDom","Exten",145,0.00,0.00,0.00,1.50,0.62,1.00,0.00,0.00,0.00,4.74,0.00,10.66,0.00,0.00,0.00,0.00
126,"Patnt","BwDom","Exten",155,0.00,0.00,0.00,1.00,0.41,0.65,0.00,0.00,0.00,3.06,0.00,7.15,0.00,0.00,0.00,0.00
126,"Patnt","BwDom","Exten",165,0.00,0.00,0.00,0.63,0.26,0.41,0.00,0.00,0.00,1.87,0.00,4.55,0.00,0.00,0.00,0.00
126,"Patnt","BwDom","Exten",175,0.00,0.00,0.00,0.38,0.16,0.24,0.00,0.00,0.00,1.09,0.00,2.75,0.00,0.00,0.00,0.00
126,"Patnt","BwDom","Exten",185,0.00,0.00,0.00,0.22,0.09,0.13,0.00,0.00,0.00,0.61,0.00,1.58,0.00,0.00,0.00,0.00
126,"Patnt","BwDom","Exten",195,0.00,0.00,0.00,0.12,0.05,0.07,0.00,0.00,0.00,0.32,0.00,0.87,0.00,0.00,0.00,0.00
126,"Patnt","BwDom","Exten",205,0.00,0.00,0.00,0.06,0.02,0.03,0.00,0.00,0.00,0.16,0.00,0.45,0.00,0.00,0.00,0.00
126,"Patnt","BwDom","Exten",215,0.00,0.00,0.00,0.03,0.01,0.01,0.00,0.00,0.00,0.07,0.00,0.22,0.00,0.00,0.00,0.00
126,"Patnt","BwDom","Exten",225,0.00,0.00,0.00,0.01,6.77432753328322e-03,9.16324245455765e-03,0.00,0.00,0.00,0.03,0.00,0.10,0.00,0.00,0.00,0.00
126,"Patnt","BwDom","Exten",235,0.00,0.00,0.00,7.47877642591417e-03,3.12266405141313e-03,4.12640351171617e-03,0.00,0.00,0.00,0.01,0.00,0.04,0.00,0.00,0.00,0.00
126,"Patnt","BwDom","Exten",245,0.00,0.00,0.00,3.29006421848044e-03,1.37405148103361e-03,1.7733934418312e-03,0.00,0.00,0.00,6.83491925768453e-03,0.00,0.02,0.00,0.00,0.00,0.00
126,"Patnt","BwDom","Exten",255,0.00,0.00,0.00,1.38166685706614e-03,5.77173029810359e-04,7.27381526443256e-04,0.00,0.00,0.00,2.74241079317773e-03,0.00,8.54127882001093e-03,0.00,0.00,0.00,0.00
127,"4s_3s","BwDom","Basc1",5,0.00,0.00,0.00,0.00,0.00,0.00,0.00,0.00,0.00,0.00,0.00,0.00,0.00,0.00,0.00,0.00
127,"4s_3s","BwDom","Basc1",15,0.00,0.00,0.20,0.53,0.17,0.25,0.21,0.00,0.00,0.45,0.00,1.16,0.00,0.00,0.00,0.00
127,"4s_3s","BwDom","Basc1",25,0.00,0.00,0.79,2.68,0.66,1.23,0.48,0.00,0.00,2.17,0.00,5.42,0.00,0.00,0.00,0.00
127,"4s_3s","BwDom","Basc1",35,0.00,0.00,1.62,5.59,1.23,2.51,0.71,0.00,0.00,5.01,0.00,12.60,0.00,0.00,0.00,0.00
127,"4s_3s","BwDom","Basc1",45,0.00,0.00,2.44,7.64,1.65,3.35,0.84,0.00,0.00,8.06,0.00,20.74,0.00,0.00,0.00,0.00
127,"4s_3s","BwDom","Basc1",55,0.00,0.00,3.07,8.46,1.86,3.63,0.89,0.00,0.00,10.50,0.00,27.95,0.00,0.00,0.00,0.00
127,"4s_3s","BwDom","Basc1",65,0.00,0.00,3.47,8.55,1.91,3.61,0.89,0.00,0.00,12.09,0.00,33.50,0.00,0.00,0.00,0.00
127,"4s_3s","BwDom","Basc1",75,0.00,0.00,3.68,8.35,1.88,3.47,0.85,0.00,0.00,12.90,0.00,37.43,0.00,0.00,0.00,0.00
127,"4s_3s","BwDom","Basc1",85,0.00,0.00,3.75,8.01,1.81,3.28,0.81,0.00,0.00,13.10,0.00,39.89,0.00,0.00,0.00,0.00
127,"4s_3s","BwDom","Basc1",95,0.00,0.00,3.69,7.61,1.72,3.06,0.75,0.00,0.00,12.81,0.00,41.00,0.00,0.00,0.00,0.00
127,"4s_3s","BwDom","Basc1",105,0.00,0.00,3.53,7.14,1.62,2.82,0.69,0.00,0.00,12.16,0.00,40.89,0.00,0.00,0.00,0.00
127,"4s_3s","BwDom","Basc1",115,0.00,0.00,3.28,6.64,1.50,2.57,0.62,0.00,0.00,11.25,0.00,39.72,0.00,0.00,0.00,0.00
127,"4s_3s","BwDom","Basc1",125,0.00,0.00,2.97,6.10,1.38,2.32,0.55,0.00,0.00,10.18,0.00,37.70,0.00,0.00,0.00,0.00
127,"4s_3s","BwDom","Basc1",135,0.00,0.00,2.63,5.55,1.26,2.07,0.48,0.00,0.00,9.05,0.00,35.02,0.00,0.00,0.00,0.00
127,"4s_3s","BwDom","Basc1",145,0.00,0.00,2.28,5.00,1.13,1.83,0.41,0.00,0.00,7.90,0.00,31.90,0.00,0.00,0.00,0.00
127,"4s_3s","BwDom","Basc1",155,0.00,0.00,1.93,4.44,1.01,1.59,0.35,0.00,0.00,6.79,0.00,28.52,0.00,0.00,0.00,0.00
127,"4s_3s","BwDom","Basc1",165,0.00,0.00,1.60,3.91,0.88,1.37,0.29,0.00,0.00,5.75,0.00,25.06,0.00,0.00,0.00,0.00
127,"4s_3s","BwDom","Basc1",175,0.00,0.00,1.30,3.39,0.77,1.17,0.24,0.00,0.00,4.80,0.00,21.66,0.00,0.00,0.00,0.00
127,"4s_3s","BwDom","Basc1",185,0.00,0.00,1.03,2.91,0.66,0.98,0.20,0.00,0.00,3.95,0.00,18.42,0.00,0.00,0.00,0.00
127,"4s_3s","BwDom","Basc1",195,0.00,0.00,0.81,2.47,0.56,0.81,0.16,0.00,0.00,3.21,0.00,15.43,0.00,0.00,0.00,0.00
127,"4s_3s","BwDom","Basc1",205,0.00,0.00,0.62,2.07,0.47,0.66,0.12,0.00,0.00,2.57,0.00,12.73,0.00,0.00,0.00,0.00
127,"4s_3s","BwDom","Basc1",215,0.00,0.00,0.47,1.71,0.39,0.54,0.09,0.00,0.00,2.04,0.00,10.36,0.00,0.00,0.00,0.00
127,"4s_3s","BwDom","Basc1",225,0.00,0.00,0.35,1.40,0.31,0.43,0.07,0.00,0.00,1.59,0.00,8.31,0.00,0.00,0.00,0.00
127,"4s_3s","BwDom","Basc1",235,0.00,0.00,0.25,1.13,0.25,0.34,0.05,0.00,0.00,1.23,0.00,6.58,0.00,0.00,0.00,0.00
127,"4s_3s","BwDom","Basc1",245,0.00,0.00,0.18,0.90,0.20,0.26,0.04,0.00,0.00,0.93,0.00,5.13,0.00,0.00,0.00,0.00
127,"4s_3s","BwDom","Basc1",255,0.00,0.00,0.13,0.71,0.16,0.20,0.03,0.00,0.00,0.70,0.00,3.96,0.00,0.00,0.00,0.00
128,"Patnt","BwDom","Basc1",5,0.00,0.00,0.00,0.00,0.00,0.00,0.00,0.00,0.00,0.00,0.00,0.00,0.00,0.00,0.00,0.00
128,"Patnt","BwDom","Basc1",15,0.00,0.00,0.00,0.33,0.20,0.28,0.00,0.00,0.00,0.56,0.00,0.80,0.00,0.00,0.00,0.00
128,"Patnt","BwDom","Basc1",25,0.00,0.00,0.00,1.85,0.84,1.56,0.00,0.00,0.00,2.99,0.00,4.16,0.00,0.00,0.00,0.00
128,"Patnt","BwDom","Basc1",35,0.00,0.00,0.00,4.28,1.73,3.53,0.00,0.00,0.00,7.67,0.00,10.72,0.00,0.00,0.00,0.00
128,"Patnt","BwDom","Basc1",45,0.00,0.00,0.00,6.31,2.51,5.08,0.00,0.00,0.00,13.33,0.00,19.07,0.00,0.00,0.00,0.00
128,"Patnt","BwDom","Basc1",55,0.00,0.00,0.00,7.33,2.95,5.77,0.00,0.00,0.00,18.21,0.00,26.95,0.00,0.00,0.00,0.00
128,"Patnt","BwDom","Basc1",65,0.00,0.00,0.00,7.53,3.08,5.83,0.00,0.00,0.00,21.28,0.00,32.81,0.00,0.00,0.00,0.00
128,"Patnt","BwDom","Basc1",75,0.00,0.00,0.00,7.22,2.98,5.51,0.00,0.00,0.00,22.33,0.00,36.04,0.00,0.00,0.00,0.00
128,"Patnt","BwDom","Basc1",85,0.00,0.00,0.00,6.60,2.74,4.95,0.00,0.00,0.00,21.57,0.00,36.54,0.00,0.00,0.00,0.00
128,"Patnt","BwDom","Basc1",95,0.00,0.00,0.00,5.76,2.39,4.25,0.00,0.00,0.00,19.41,0.00,34.55,0.00,0.00,0.00,0.00
128,"Patnt","BwDom","Basc1",105,0.00,0.00,0.00,4.81,2.00,3.49,0.00,0.00,0.00,16.38,0.00,30.65,0.00,0.00,0.00,0.00
128,"Patnt","BwDom","Basc1",115,0.00,0.00,0.00,3.84,1.60,2.74,0.00,0.00,0.00,13.04,0.00,25.61,0.00,0.00,0.00,0.00
128,"Patnt","BwDom","Basc1",125,0.00,0.00,0.00,2.94,1.22,2.05,0.00,0.00,0.00,9.81,0.00,20.20,0.00,0.00,0.00,0.00
128,"Patnt","BwDom","Basc1",135,0.00,0.00,0.00,2.15,0.89,1.47,0.00,0.00,0.00,7.00,0.00,15.07,0.00,0.00,0.00,0.00
128,"Patnt","BwDom","Basc1",145,0.00,0.00,0.00,1.50,0.62,1.00,0.00,0.00,0.00,4.74,0.00,10.66,0.00,0.00,0.00,0.00
128,"Patnt","BwDom","Basc1",155,0.00,0.00,0.00,1.00,0.41,0.65,0.00,0.00,0.00,3.06,0.00,7.15,0.00,0.00,0.00,0.00
128,"Patnt","BwDom","Basc1",165,0.00,0.00,0.00,0.63,0.26,0.41,0.00,0.00,0.00,1.87,0.00,4.55,0.00,0.00,0.00,0.00
128,"Patnt","BwDom","Basc1",175,0.00,0.00,0.00,0.38,0.16,0.24,0.00,0.00,0.00,1.09,0.00,2.75,0.00,0.00,0.00,0.00
128,"Patnt","BwDom","Basc1",185,0.00,0.00,0.00,0.22,0.09,0.13,0.00,0.00,0.00,0.61,0.00,1.58,0.00,0.00,0.00,0.00
128,"Patnt","BwDom","Basc1",195,0.00,0.00,0.00,0.12,0.05,0.07,0.00,0.00,0.00,0.32,0.00,0.87,0.00,0.00,0.00,0.00
128,"Patnt","BwDom","Basc1",205,0.00,0.00,0.00,0.06,0.02,0.03,0.00,0.00,0.00,0.16,0.00,0.45,0.00,0.00,0.00,0.00
128,"Patnt","BwDom","Basc1",215,0.00,0.00,0.00,0.03,0.01,0.01,0.00,0.00,0.00,0.07,0.00,0.22,0.00,0.00,0.00,0.00
128,"Patnt","BwDom","Basc1",225,0.00,0.00,0.00,0.01,6.77432753328322e-03,9.16324245455765e-03,0.00,0.00,0.00,0.03,0.00,0.10,0.00,0.00,0.00,0.00
128,"Patnt","BwDom","Basc1",235,0.00,0.00,0.00,7.47877642591417e-03,3.12266405141313e-03,4.12640351171617e-03,0.00,0.00,0.00,0.01,0.00,0.04,0.00,0.00,0.00,0.00
128,"Patnt","BwDom","Basc1",245,0.00,0.00,0.00,3.29006421848044e-03,1.37405148103361e-03,1.7733934418312e-03,0.00,0.00,0.00,6.83491925768453e-03,0.00,0.02,0.00,0.00,0.00,0.00
128,"Patnt","BwDom","Basc1",255,0.00,0.00,0.00,1.38166685706614e-03,5.77173029810359e-04,7.27381526443256e-04,0.00,0.00,0.00,2.74241079317773e-03,0.00,8.54127882001093e-03,0.00,0.00,0.00,0.00
129,"4s_3s","BwDom","Basc2",5,0.00,0.00,0.00,0.00,0.00,0.00,0.00,0.00,0.00,0.00,0.00,0.00,0.00,0.00,0.00,0.00
129,"4s_3s","BwDom","Basc2",15,0.00,0.00,0.20,0.53,0.17,0.25,0.21,0.00,0.00,0.45,0.00,1.16,0.00,0.00,0.00,0.00
129,"4s_3s","BwDom","Basc2",25,0.00,0.00,0.79,2.68,0.66,1.23,0.48,0.00,0.00,2.17,0.00,5.42,0.00,0.00,0.00,0.00
129,"4s_3s","BwDom","Basc2",35,0.00,0.00,1.62,5.59,1.23,2.51,0.71,0.00,0.00,5.01,0.00,12.60,0.00,0.00,0.00,0.00
129,"4s_3s","BwDom","Basc2",45,0.00,0.00,2.44,7.64,1.65,3.35,0.84,0.00,0.00,8.06,0.00,20.74,0.00,0.00,0.00,0.00
129,"4s_3s","BwDom","Basc2",55,0.00,0.00,3.07,8.46,1.86,3.63,0.89,0.00,0.00,10.50,0.00,27.95,0.00,0.00,0.00,0.00
129,"4s_3s","BwDom","Basc2",65,0.00,0.00,3.47,8.55,1.91,3.61,0.89,0.00,0.00,12.09,0.00,33.50,0.00,0.00,0.00,0.00
129,"4s_3s","BwDom","Basc2",75,0.00,0.00,3.68,8.35,1.88,3.47,0.85,0.00,0.00,12.90,0.00,37.43,0.00,0.00,0.00,0.00
129,"4s_3s","BwDom","Basc2",85,0.00,0.00,3.75,8.01,1.81,3.28,0.81,0.00,0.00,13.10,0.00,39.89,0.00,0.00,0.00,0.00
129,"4s_3s","BwDom","Basc2",95,0.00,0.00,3.69,7.61,1.72,3.06,0.75,0.00,0.00,12.81,0.00,41.00,0.00,0.00,0.00,0.00
129,"4s_3s","BwDom","Basc2",105,0.00,0.00,3.53,7.14,1.62,2.82,0.69,0.00,0.00,12.16,0.00,40.89,0.00,0.00,0.00,0.00
129,"4s_3s","BwDom","Basc2",115,0.00,0.00,3.28,6.64,1.50,2.57,0.62,0.00,0.00,11.25,0.00,39.72,0.00,0.00,0.00,0.00
129,"4s_3s","BwDom","Basc2",125,0.00,0.00,2.97,6.10,1.38,2.32,0.55,0.00,0.00,10.18,0.00,37.70,0.00,0.00,0.00,0.00
129,"4s_3s","BwDom","Basc2",135,0.00,0.00,2.63,5.55,1.26,2.07,0.48,0.00,0.00,9.05,0.00,35.02,0.00,0.00,0.00,0.00
129,"4s_3s","BwDom","Basc2",145,0.00,0.00,2.28,5.00,1.13,1.83,0.41,0.00,0.00,7.90,0.00,31.90,0.00,0.00,0.00,0.00
129,"4s_3s","BwDom","Basc2",155,0.00,0.00,1.93,4.44,1.01,1.59,0.35,0.00,0.00,6.79,0.00,28.52,0.00,0.00,0.00,0.00
129,"4s_3s","BwDom","Basc2",165,0.00,0.00,1.60,3.91,0.88,1.37,0.29,0.00,0.00,5.75,0.00,25.06,0.00,0.00,0.00,0.00
129,"4s_3s","BwDom","Basc2",175,0.00,0.00,1.30,3.39,0.77,1.17,0.24,0.00,0.00,4.80,0.00,21.66,0.00,0.00,0.00,0.00
129,"4s_3s","BwDom","Basc2",185,0.00,0.00,1.03,2.91,0.66,0.98,0.20,0.00,0.00,3.95,0.00,18.42,0.00,0.00,0.00,0.00
129,"4s_3s","BwDom","Basc2",195,0.00,0.00,0.81,2.47,0.56,0.81,0.16,0.00,0.00,3.21,0.00,15.43,0.00,0.00,0.00,0.00
129,"4s_3s","BwDom","Basc2",205,0.00,0.00,0.62,2.07,0.47,0.66,0.12,0.00,0.00,2.57,0.00,12.73,0.00,0.00,0.00,0.00
129,"4s_3s","BwDom","Basc2",215,0.00,0.00,0.47,1.71,0.39,0.54,0.09,0.00,0.00,2.04,0.00,10.36,0.00,0.00,0.00,0.00
129,"4s_3s","BwDom","Basc2",225,0.00,0.00,0.35,1.40,0.31,0.43,0.07,0.00,0.00,1.59,0.00,8.31,0.00,0.00,0.00,0.00
129,"4s_3s","BwDom","Basc2",235,0.00,0.00,0.25,1.13,0.25,0.34,0.05,0.00,0.00,1.23,0.00,6.58,0.00,0.00,0.00,0.00
129,"4s_3s","BwDom","Basc2",245,0.00,0.00,0.18,0.90,0.20,0.26,0.04,0.00,0.00,0.93,0.00,5.13,0.00,0.00,0.00,0.00
129,"4s_3s","BwDom","Basc2",255,0.00,0.00,0.13,0.71,0.16,0.20,0.03,0.00,0.00,0.70,0.00,3.96,0.00,0.00,0.00,0.00
130,"Patnt","BwDom","Basc2",5,0.00,0.00,0.00,0.00,0.00,0.00,0.00,0.00,0.00,0.00,0.00,0.00,0.00,0.00,0.00,0.00
130,"Patnt","BwDom","Basc2",15,0.00,0.00,0.00,0.33,0.20,0.28,0.00,0.00,0.00,0.56,0.00,0.80,0.00,0.00,0.00,0.00
130,"Patnt","BwDom","Basc2",25,0.00,0.00,0.00,1.85,0.84,1.56,0.00,0.00,0.00,2.99,0.00,4.16,0.00,0.00,0.00,0.00
130,"Patnt","BwDom","Basc2",35,0.00,0.00,0.00,4.28,1.73,3.53,0.00,0.00,0.00,7.67,0.00,10.72,0.00,0.00,0.00,0.00
130,"Patnt","BwDom","Basc2",45,0.00,0.00,0.00,6.31,2.51,5.08,0.00,0.00,0.00,13.33,0.00,19.07,0.00,0.00,0.00,0.00
130,"Patnt","BwDom","Basc2",55,0.00,0.00,0.00,7.33,2.95,5.77,0.00,0.00,0.00,18.21,0.00,26.95,0.00,0.00,0.00,0.00
130,"Patnt","BwDom","Basc2",65,0.00,0.00,0.00,7.53,3.08,5.83,0.00,0.00,0.00,21.28,0.00,32.81,0.00,0.00,0.00,0.00
130,"Patnt","BwDom","Basc2",75,0.00,0.00,0.00,7.22,2.98,5.51,0.00,0.00,0.00,22.33,0.00,36.04,0.00,0.00,0.00,0.00
130,"Patnt","BwDom","Basc2",85,0.00,0.00,0.00,6.60,2.74,4.95,0.00,0.00,0.00,21.57,0.00,36.54,0.00,0.00,0.00,0.00
130,"Patnt","BwDom","Basc2",95,0.00,0.00,0.00,5.76,2.39,4.25,0.00,0.00,0.00,19.41,0.00,34.55,0.00,0.00,0.00,0.00
130,"Patnt","BwDom","Basc2",105,0.00,0.00,0.00,4.81,2.00,3.49,0.00,0.00,0.00,16.38,0.00,30.65,0.00,0.00,0.00,0.00
130,"Patnt","BwDom","Basc2",115,0.00,0.00,0.00,3.84,1.60,2.74,0.00,0.00,0.00,13.04,0.00,25.61,0.00,0.00,0.00,0.00
130,"Patnt","BwDom","Basc2",125,0.00,0.00,0.00,2.94,1.22,2.05,0.00,0.00,0.00,9.81,0.00,20.20,0.00,0.00,0.00,0.00
130,"Patnt","BwDom","Basc2",135,0.00,0.00,0.00,2.15,0.89,1.47,0.00,0.00,0.00,7.00,0.00,15.07,0.00,0.00,0.00,0.00
130,"Patnt","BwDom","Basc2",145,0.00,0.00,0.00,1.50,0.62,1.00,0.00,0.00,0.00,4.74,0.00,10.66,0.00,0.00,0.00,0.00
130,"Patnt","BwDom","Basc2",155,0.00,0.00,0.00,1.00,0.41,0.65,0.00,0.00,0.00,3.06,0.00,7.15,0.00,0.00,0.00,0.00
130,"Patnt","BwDom","Basc2",165,0.00,0.00,0.00,0.63,0.26,0.41,0.00,0.00,0.00,1.87,0.00,4.55,0.00,0.00,0.00,0.00
130,"Patnt","BwDom","Basc2",175,0.00,0.00,0.00,0.38,0.16,0.24,0.00,0.00,0.00,1.09,0.00,2.75,0.00,0.00,0.00,0.00
130,"Patnt","BwDom","Basc2",185,0.00,0.00,0.00,0.22,0.09,0.13,0.00,0.00,0.00,0.61,0.00,1.58,0.00,0.00,0.00,0.00
130,"Patnt","BwDom","Basc2",195,0.00,0.00,0.00,0.12,0.05,0.07,0.00,0.00,0.00,0.32,0.00,0.87,0.00,0.00,0.00,0.00
130,"Patnt","BwDom","Basc2",205,0.00,0.00,0.00,0.06,0.02,0.03,0.00,0.00,0.00,0.16,0.00,0.45,0.00,0.00,0.00,0.00
130,"Patnt","BwDom","Basc2",215,0.00,0.00,0.00,0.03,0.01,0.01,0.00,0.00,0.00,0.07,0.00,0.22,0.00,0.00,0.00,0.00
130,"Patnt","BwDom","Basc2",225,0.00,0.00,0.00,0.01,6.77432753328322e-03,9.16324245455765e-03,0.00,0.00,0.00,0.03,0.00,0.10,0.00,0.00,0.00,0.00
130,"Patnt","BwDom","Basc2",235,0.00,0.00,0.00,7.47877642591417e-03,3.12266405141313e-03,4.12640351171617e-03,0.00,0.00,0.00,0.01,0.00,0.04,0.00,0.00,0.00,0.00
130,"Patnt","BwDom","Basc2",245,0.00,0.00,0.00,3.29006421848044e-03,1.37405148103361e-03,1.7733934418312e-03,0.00,0.00,0.00,6.83491925768453e-03,0.00,0.02,0.00,0.00,0.00,0.00
130,"Patnt","BwDom","Basc2",255,0.00,0.00,0.00,1.38166685706614e-03,5.77173029810359e-04,7.27381526443256e-04,0.00,0.00,0.00,2.74241079317773e-03,0.00,8.54127882001093e-03,0.00,0.00,0.00,0.00
131,"4s_3s","BwDom","Intn1",5,0.00,0.00,0.00,0.00,0.00,0.00,0.00,0.00,0.00,0.00,0.00,0.00,0.00,0.00,0.00,0.00
131,"4s_3s","BwDom","Intn1",15,0.00,0.00,0.20,0.53,0.17,0.25,0.21,0.00,0.00,0.45,0.00,1.16,0.00,0.00,0.00,0.00
131,"4s_3s","BwDom","Intn1",25,0.00,0.00,0.79,2.68,0.66,1.23,0.48,0.00,0.00,2.17,0.00,5.42,0.00,0.00,0.00,0.00
131,"4s_3s","BwDom","Intn1",35,0.00,0.00,1.62,5.59,1.23,2.51,0.71,0.00,0.00,5.01,0.00,12.60,0.00,0.00,0.00,0.00
131,"4s_3s","BwDom","Intn1",45,0.00,0.00,2.44,7.64,1.65,3.35,0.84,0.00,0.00,8.06,0.00,20.74,0.00,0.00,0.00,0.00
131,"4s_3s","BwDom","Intn1",55,0.00,0.00,3.07,8.46,1.86,3.63,0.89,0.00,0.00,10.50,0.00,27.95,0.00,0.00,0.00,0.00
131,"4s_3s","BwDom","Intn1",65,0.00,0.00,3.47,8.55,1.91,3.61,0.89,0.00,0.00,12.09,0.00,33.50,0.00,0.00,0.00,0.00
131,"4s_3s","BwDom","Intn1",75,0.00,0.00,3.68,8.35,1.88,3.47,0.85,0.00,0.00,12.90,0.00,37.43,0.00,0.00,0.00,0.00
131,"4s_3s","BwDom","Intn1",85,0.00,0.00,3.75,8.01,1.81,3.28,0.81,0.00,0.00,13.10,0.00,39.89,0.00,0.00,0.00,0.00
131,"4s_3s","BwDom","Intn1",95,0.00,0.00,3.69,7.61,1.72,3.06,0.75,0.00,0.00,12.81,0.00,41.00,0.00,0.00,0.00,0.00
131,"4s_3s","BwDom","Intn1",105,0.00,0.00,3.53,7.14,1.62,2.82,0.69,0.00,0.00,12.16,0.00,40.89,0.00,0.00,0.00,0.00
131,"4s_3s","BwDom","Intn1",115,0.00,0.00,3.28,6.64,1.50,2.57,0.62,0.00,0.00,11.25,0.00,39.72,0.00,0.00,0.00,0.00
131,"4s_3s","BwDom","Intn1",125,0.00,0.00,2.97,6.10,1.38,2.32,0.55,0.00,0.00,10.18,0.00,37.70,0.00,0.00,0.00,0.00
131,"4s_3s","BwDom","Intn1",135,0.00,0.00,2.63,5.55,1.26,2.07,0.48,0.00,0.00,9.05,0.00,35.02,0.00,0.00,0.00,0.00
131,"4s_3s","BwDom","Intn1",145,0.00,0.00,2.28,5.00,1.13,1.83,0.41,0.00,0.00,7.90,0.00,31.90,0.00,0.00,0.00,0.00
131,"4s_3s","BwDom","Intn1",155,0.00,0.00,1.93,4.44,1.01,1.59,0.35,0.00,0.00,6.79,0.00,28.52,0.00,0.00,0.00,0.00
131,"4s_3s","BwDom","Intn1",165,0.00,0.00,1.60,3.91,0.88,1.37,0.29,0.00,0.00,5.75,0.00,25.06,0.00,0.00,0.00,0.00
131,"4s_3s","BwDom","Intn1",175,0.00,0.00,1.30,3.39,0.77,1.17,0.24,0.00,0.00,4.80,0.00,21.66,0.00,0.00,0.00,0.00
131,"4s_3s","BwDom","Intn1",185,0.00,0.00,1.03,2.91,0.66,0.98,0.20,0.00,0.00,3.95,0.00,18.42,0.00,0.00,0.00,0.00
131,"4s_3s","BwDom","Intn1",195,0.00,0.00,0.81,2.47,0.56,0.81,0.16,0.00,0.00,3.21,0.00,15.43,0.00,0.00,0.00,0.00
131,"4s_3s","BwDom","Intn1",205,0.00,0.00,0.62,2.07,0.47,0.66,0.12,0.00,0.00,2.57,0.00,12.73,0.00,0.00,0.00,0.00
131,"4s_3s","BwDom","Intn1",215,0.00,0.00,0.47,1.71,0.39,0.54,0.09,0.00,0.00,2.04,0.00,10.36,0.00,0.00,0.00,0.00
131,"4s_3s","BwDom","Intn1",225,0.00,0.00,0.35,1.40,0.31,0.43,0.07,0.00,0.00,1.59,0.00,8.31,0.00,0.00,0.00,0.00
131,"4s_3s","BwDom","Intn1",235,0.00,0.00,0.25,1.13,0.25,0.34,0.05,0.00,0.00,1.23,0.00,6.58,0.00,0.00,0.00,0.00
131,"4s_3s","BwDom","Intn1",245,0.00,0.00,0.18,0.90,0.20,0.26,0.04,0.00,0.00,0.93,0.00,5.13,0.00,0.00,0.00,0.00
131,"4s_3s","BwDom","Intn1",255,0.00,0.00,0.13,0.71,0.16,0.20,0.03,0.00,0.00,0.70,0.00,3.96,0.00,0.00,0.00,0.00
132,"Patnt","BwDom","Intn1",5,0.00,0.00,0.00,0.00,0.00,0.00,0.00,0.00,0.00,0.00,0.00,0.00,0.00,0.00,0.00,0.00
132,"Patnt","BwDom","Intn1",15,0.00,0.00,0.00,0.33,0.20,0.28,0.00,0.00,0.00,0.56,0.00,0.80,0.00,0.00,0.00,0.00
132,"Patnt","BwDom","Intn1",25,0.00,0.00,0.00,1.85,0.84,1.56,0.00,0.00,0.00,2.99,0.00,4.16,0.00,0.00,0.00,0.00
132,"Patnt","BwDom","Intn1",35,0.00,0.00,0.00,4.28,1.73,3.53,0.00,0.00,0.00,7.67,0.00,10.72,0.00,0.00,0.00,0.00
132,"Patnt","BwDom","Intn1",45,0.00,0.00,0.00,6.31,2.51,5.08,0.00,0.00,0.00,13.33,0.00,19.07,0.00,0.00,0.00,0.00
132,"Patnt","BwDom","Intn1",55,0.00,0.00,0.00,7.33,2.95,5.77,0.00,0.00,0.00,18.21,0.00,26.95,0.00,0.00,0.00,0.00
132,"Patnt","BwDom","Intn1",65,0.00,0.00,0.00,7.53,3.08,5.83,0.00,0.00,0.00,21.28,0.00,32.81,0.00,0.00,0.00,0.00
132,"Patnt","BwDom","Intn1",75,0.00,0.00,0.00,7.22,2.98,5.51,0.00,0.00,0.00,22.33,0.00,36.04,0.00,0.00,0.00,0.00
132,"Patnt","BwDom","Intn1",85,0.00,0.00,0.00,6.60,2.74,4.95,0.00,0.00,0.00,21.57,0.00,36.54,0.00,0.00,0.00,0.00
132,"Patnt","BwDom","Intn1",95,0.00,0.00,0.00,5.76,2.39,4.25,0.00,0.00,0.00,19.41,0.00,34.55,0.00,0.00,0.00,0.00
132,"Patnt","BwDom","Intn1",105,0.00,0.00,0.00,4.81,2.00,3.49,0.00,0.00,0.00,16.38,0.00,30.65,0.00,0.00,0.00,0.00
132,"Patnt","BwDom","Intn1",115,0.00,0.00,0.00,3.84,1.60,2.74,0.00,0.00,0.00,13.04,0.00,25.61,0.00,0.00,0.00,0.00
132,"Patnt","BwDom","Intn1",125,0.00,0.00,0.00,2.94,1.22,2.05,0.00,0.00,0.00,9.81,0.00,20.20,0.00,0.00,0.00,0.00
132,"Patnt","BwDom","Intn1",135,0.00,0.00,0.00,2.15,0.89,1.47,0.00,0.00,0.00,7.00,0.00,15.07,0.00,0.00,0.00,0.00
132,"Patnt","BwDom","Intn1",145,0.00,0.00,0.00,1.50,0.62,1.00,0.00,0.00,0.00,4.74,0.00,10.66,0.00,0.00,0.00,0.00
132,"Patnt","BwDom","Intn1",155,0.00,0.00,0.00,1.00,0.41,0.65,0.00,0.00,0.00,3.06,0.00,7.15,0.00,0.00,0.00,0.00
132,"Patnt","BwDom","Intn1",165,0.00,0.00,0.00,0.63,0.26,0.41,0.00,0.00,0.00,1.87,0.00,4.55,0.00,0.00,0.00,0.00
132,"Patnt","BwDom","Intn1",175,0.00,0.00,0.00,0.38,0.16,0.24,0.00,0.00,0.00,1.09,0.00,2.75,0.00,0.00,0.00,0.00
132,"Patnt","BwDom","Intn1",185,0.00,0.00,0.00,0.22,0.09,0.13,0.00,0.00,0.00,0.61,0.00,1.58,0.00,0.00,0.00,0.00
132,"Patnt","BwDom","Intn1",195,0.00,0.00,0.00,0.12,0.05,0.07,0.00,0.00,0.00,0.32,0.00,0.87,0.00,0.00,0.00,0.00
132,"Patnt","BwDom","Intn1",205,0.00,0.00,0.00,0.06,0.02,0.03,0.00,0.00,0.00,0.16,0.00,0.45,0.00,0.00,0.00,0.00
132,"Patnt","BwDom","Intn1",215,0.00,0.00,0.00,0.03,0.01,0.01,0.00,0.00,0.00,0.07,0.00,0.22,0.00,0.00,0.00,0.00
132,"Patnt","BwDom","Intn1",225,0.00,0.00,0.00,0.01,6.77432753328322e-03,9.16324245455765e-03,0.00,0.00,0.00,0.03,0.00,0.10,0.00,0.00,0.00,0.00
132,"Patnt","BwDom","Intn1",235,0.00,0.00,0.00,7.47877642591417e-03,3.12266405141313e-03,4.12640351171617e-03,0.00,0.00,0.00,0.01,0.00,0.04,0.00,0.00,0.00,0.00
132,"Patnt","BwDom","Intn1",245,0.00,0.00,0.00,3.29006421848044e-03,1.37405148103361e-03,1.7733934418312e-03,0.00,0.00,0.00,6.83491925768453e-03,0.00,0.02,0.00,0.00,0.00,0.00
132,"Patnt","BwDom","Intn1",255,0.00,0.00,0.00,1.38166685706614e-03,5.77173029810359e-04,7.27381526443256e-04,0.00,0.00,0.00,2.74241079317773e-03,0.00,8.54127882001093e-03,0.00,0.00,0.00,0.00
133,"4s_3s","BwDom","Succ",5,0.00,0.00,0.00,0.00,0.00,0.00,0.00,0.00,0.00,0.00,0.00,0.00,0.00,0.00,0.00,0.00
133,"4s_3s","BwDom","Succ",15,0.00,0.00,0.20,0.53,0.17,0.25,0.21,0.00,0.00,0.45,0.00,1.16,0.00,0.00,0.00,0.00
133,"4s_3s","BwDom","Succ",25,0.00,0.00,0.79,2.68,0.66,1.23,0.48,0.00,0.00,2.17,0.00,5.42,0.00,0.00,0.00,0.00
133,"4s_3s","BwDom","Succ",35,0.00,0.00,1.62,5.59,1.23,2.51,0.71,0.00,0.00,5.01,0.00,12.60,0.00,0.00,0.00,0.00
133,"4s_3s","BwDom","Succ",45,0.00,0.00,2.44,7.64,1.65,3.35,0.84,0.00,0.00,8.06,0.00,20.74,0.00,0.00,0.00,0.00
133,"4s_3s","BwDom","Succ",55,0.00,0.00,3.07,8.46,1.86,3.63,0.89,0.00,0.00,10.50,0.00,27.95,0.00,0.00,0.00,0.00
133,"4s_3s","BwDom","Succ",65,0.00,0.00,3.47,8.55,1.91,3.61,0.89,0.00,0.00,12.09,0.00,33.50,0.00,0.00,0.00,0.00
133,"4s_3s","BwDom","Succ",75,0.00,0.00,3.68,8.35,1.88,3.47,0.85,0.00,0.00,12.90,0.00,37.43,0.00,0.00,0.00,0.00
133,"4s_3s","BwDom","Succ",85,0.00,0.00,3.75,8.01,1.81,3.28,0.81,0.00,0.00,13.10,0.00,39.89,0.00,0.00,0.00,0.00
133,"4s_3s","BwDom","Succ",95,0.00,0.00,3.69,7.61,1.72,3.06,0.75,0.00,0.00,12.81,0.00,41.00,0.00,0.00,0.00,0.00
133,"4s_3s","BwDom","Succ",105,0.00,0.00,3.53,7.14,1.62,2.82,0.69,0.00,0.00,12.16,0.00,40.89,0.00,0.00,0.00,0.00
133,"4s_3s","BwDom","Succ",115,0.00,0.00,3.28,6.64,1.50,2.57,0.62,0.00,0.00,11.25,0.00,39.72,0.00,0.00,0.00,0.00
133,"4s_3s","BwDom","Succ",125,0.00,0.00,2.97,6.10,1.38,2.32,0.55,0.00,0.00,10.18,0.00,37.70,0.00,0.00,0.00,0.00
133,"4s_3s","BwDom","Succ",135,0.00,0.00,2.63,5.55,1.26,2.07,0.48,0.00,0.00,9.05,0.00,35.02,0.00,0.00,0.00,0.00
133,"4s_3s","BwDom","Succ",145,0.00,0.00,2.28,5.00,1.13,1.83,0.41,0.00,0.00,7.90,0.00,31.90,0.00,0.00,0.00,0.00
133,"4s_3s","BwDom","Succ",155,0.00,0.00,1.93,4.44,1.01,1.59,0.35,0.00,0.00,6.79,0.00,28.52,0.00,0.00,0.00,0.00
133,"4s_3s","BwDom","Succ",165,0.00,0.00,1.60,3.91,0.88,1.37,0.29,0.00,0.00,5.75,0.00,25.06,0.00,0.00,0.00,0.00
133,"4s_3s","BwDom","Succ",175,0.00,0.00,1.30,3.39,0.77,1.17,0.24,0.00,0.00,4.80,0.00,21.66,0.00,0.00,0.00,0.00
133,"4s_3s","BwDom","Succ",185,0.00,0.00,1.03,2.91,0.66,0.98,0.20,0.00,0.00,3.95,0.00,18.42,0.00,0.00,0.00,0.00
133,"4s_3s","BwDom","Succ",195,0.00,0.00,0.81,2.47,0.56,0.81,0.16,0.00,0.00,3.21,0.00,15.43,0.00,0.00,0.00,0.00
133,"4s_3s","BwDom","Succ",205,0.00,0.00,0.62,2.07,0.47,0.66,0.12,0.00,0.00,2.57,0.00,12.73,0.00,0.00,0.00,0.00
133,"4s_3s","BwDom","Succ",215,0.00,0.00,0.47,1.71,0.39,0.54,0.09,0.00,0.00,2.04,0.00,10.36,0.00,0.00,0.00,0.00
133,"4s_3s","BwDom","Succ",225,0.00,0.00,0.35,1.40,0.31,0.43,0.07,0.00,0.00,1.59,0.00,8.31,0.00,0.00,0.00,0.00
133,"4s_3s","BwDom","Succ",235,0.00,0.00,0.25,1.13,0.25,0.34,0.05,0.00,0.00,1.23,0.00,6.58,0.00,0.00,0.00,0.00
133,"4s_3s","BwDom","Succ",245,0.00,0.00,0.18,0.90,0.20,0.26,0.04,0.00,0.00,0.93,0.00,5.13,0.00,0.00,0.00,0.00
133,"4s_3s","BwDom","Succ",255,0.00,0.00,0.13,0.71,0.16,0.20,0.03,0.00,0.00,0.70,0.00,3.96,0.00,0.00,0.00,0.00
134,"Patnt","BwDom","Succ",5,0.00,0.00,0.00,0.00,0.00,0.00,0.00,0.00,0.00,0.00,0.00,0.00,0.00,0.00,0.00,0.00
134,"Patnt","BwDom","Succ",15,0.00,0.00,0.00,0.33,0.20,0.28,0.00,0.00,0.00,0.56,0.00,0.80,0.00,0.00,0.00,0.00
134,"Patnt","BwDom","Succ",25,0.00,0.00,0.00,1.85,0.84,1.56,0.00,0.00,0.00,2.99,0.00,4.16,0.00,0.00,0.00,0.00
134,"Patnt","BwDom","Succ",35,0.00,0.00,0.00,4.28,1.73,3.53,0.00,0.00,0.00,7.67,0.00,10.72,0.00,0.00,0.00,0.00
134,"Patnt","BwDom","Succ",45,0.00,0.00,0.00,6.31,2.51,5.08,0.00,0.00,0.00,13.33,0.00,19.07,0.00,0.00,0.00,0.00
134,"Patnt","BwDom","Succ",55,0.00,0.00,0.00,7.33,2.95,5.77,0.00,0.00,0.00,18.21,0.00,26.95,0.00,0.00,0.00,0.00
134,"Patnt","BwDom","Succ",65,0.00,0.00,0.00,7.53,3.08,5.83,0.00,0.00,0.00,21.28,0.00,32.81,0.00,0.00,0.00,0.00
134,"Patnt","BwDom","Succ",75,0.00,0.00,0.00,7.22,2.98,5.51,0.00,0.00,0.00,22.33,0.00,36.04,0.00,0.00,0.00,0.00
134,"Patnt","BwDom","Succ",85,0.00,0.00,0.00,6.60,2.74,4.95,0.00,0.00,0.00,21.57,0.00,36.54,0.00,0.00,0.00,0.00
134,"Patnt","BwDom","Succ",95,0.00,0.00,0.00,5.76,2.39,4.25,0.00,0.00,0.00,19.41,0.00,34.55,0.00,0.00,0.00,0.00
134,"Patnt","BwDom","Succ",105,0.00,0.00,0.00,4.81,2.00,3.49,0.00,0.00,0.00,16.38,0.00,30.65,0.00,0.00,0.00,0.00
134,"Patnt","BwDom","Succ",115,0.00,0.00,0.00,3.84,1.60,2.74,0.00,0.00,0.00,13.04,0.00,25.61,0.00,0.00,0.00,0.00
134,"Patnt","BwDom","Succ",125,0.00,0.00,0.00,2.94,1.22,2.05,0.00,0.00,0.00,9.81,0.00,20.20,0.00,0.00,0.00,0.00
134,"Patnt","BwDom","Succ",135,0.00,0.00,0.00,2.15,0.89,1.47,0.00,0.00,0.00,7.00,0.00,15.07,0.00,0.00,0.00,0.00
134,"Patnt","BwDom","Succ",145,0.00,0.00,0.00,1.50,0.62,1.00,0.00,0.00,0.00,4.74,0.00,10.66,0.00,0.00,0.00,0.00
134,"Patnt","BwDom","Succ",155,0.00,0.00,0.00,1.00,0.41,0.65,0.00,0.00,0.00,3.06,0.00,7.15,0.00,0.00,0.00,0.00
134,"Patnt","BwDom","Succ",165,0.00,0.00,0.00,0.63,0.26,0.41,0.00,0.00,0.00,1.87,0.00,4.55,0.00,0.00,0.00,0.00
134,"Patnt","BwDom","Succ",175,0.00,0.00,0.00,0.38,0.16,0.24,0.00,0.00,0.00,1.09,0.00,2.75,0.00,0.00,0.00,0.00
134,"Patnt","BwDom","Succ",185,0.00,0.00,0.00,0.22,0.09,0.13,0.00,0.00,0.00,0.61,0.00,1.58,0.00,0.00,0.00,0.00
134,"Patnt","BwDom","Succ",195,0.00,0.00,0.00,0.12,0.05,0.07,0.00,0.00,0.00,0.32,0.00,0.87,0.00,0.00,0.00,0.00
134,"Patnt","BwDom","Succ",205,0.00,0.00,0.00,0.06,0.02,0.03,0.00,0.00,0.00,0.16,0.00,0.45,0.00,0.00,0.00,0.00
134,"Patnt","BwDom","Succ",215,0.00,0.00,0.00,0.03,0.01,0.01,0.00,0.00,0.00,0.07,0.00,0.22,0.00,0.00,0.00,0.00
134,"Patnt","BwDom","Succ",225,0.00,0.00,0.00,0.01,6.77432753328322e-03,9.16324245455765e-03,0.00,0.00,0.00,0.03,0.00,0.10,0.00,0.00,0.00,0.00
134,"Patnt","BwDom","Succ",235,0.00,0.00,0.00,7.47877642591417e-03,3.12266405141313e-03,4.12640351171617e-03,0.00,0.00,0.00,0.01,0.00,0.04,0.00,0.00,0.00,0.00
134,"Patnt","BwDom","Succ",245,0.00,0.00,0.00,3.29006421848044e-03,1.37405148103361e-03,1.7733934418312e-03,0.00,0.00,0.00,6.83491925768453e-03,0.00,0.02,0.00,0.00,0.00,0.00
134,"Patnt","BwDom","Succ",255,0.00,0.00,0.00,1.38166685706614e-03,5.77173029810359e-04,7.27381526443256e-04,0.00,0.00,0.00,2.74241079317773e-03,0.00,8.54127882001093e-03,0.00,0.00,0.00,0.00
135,"4s_3s","TolHd","Prsnt",5,0.00,0.00,0.00,0.00,0.00,0.00,0.00,0.00,0.00,0.00,0.00,0.00,0.00,0.00,0.00,0.00
135,"4s_3s","TolHd","Prsnt",15,0.00,0.00,0.00,0.17,0.09,0.08,0.57,0.11,0.00,0.33,0.00,0.03,0.00,0.00,0.00,0.18
135,"4s_3s","TolHd","Prsnt",25,0.00,0.00,0.00,0.85,0.32,0.40,1.24,0.24,0.00,1.57,0.00,0.15,0.00,0.00,0.00,0.80
135,"4s_3s","TolHd","Prsnt",35,0.00,0.00,0.00,1.89,0.63,0.87,1.93,0.38,0.00,3.84,0.00,0.38,0.00,0.00,0.00,1.90
135,"4s_3s","TolHd","Prsnt",45,0.00,0.00,0.00,2.91,0.96,1.30,2.59,0.51,0.00,6.95,0.00,0.71,0.00,0.00,0.00,3.45
135,"4s_3s","TolHd","Prsnt",55,0.00,0.00,0.00,3.72,1.25,1.64,3.18,0.63,0.00,10.48,0.00,1.10,0.00,0.00,0.00,5.33
135,"4s_3s","TolHd","Prsnt",65,0.00,0.00,0.00,4.35,1.48,1.88,3.65,0.73,0.00,13.93,0.00,1.53,0.00,0.00,0.00,7.36
135,"4s_3s","TolHd","Prsnt",75,0.00,0.00,0.00,4.84,1.66,2.06,4.01,0.80,0.00,16.94,0.00,1.95,0.00,0.00,0.00,9.40
135,"4s_3s","TolHd","Prsnt",85,0.00,0.00,0.00,5.21,1.80,2.18,4.25,0.85,0.00,19.31,0.00,2.33,0.00,0.00,0.00,11.33
135,"4s_3s","TolHd","Prsnt",95,0.00,0.00,0.00,5.50,1.90,2.27,4.39,0.87,0.00,21.00,0.00,2.67,0.00,0.00,0.00,13.09
135,"4s_3s","TolHd","Prsnt",105,0.00,0.00,0.00,5.71,1.98,2.31,4.45,0.89,0.00,22.02,0.00,2.94,0.00,0.00,0.00,14.62
135,"4s_3s","TolHd","Prsnt",115,0.00,0.00,0.00,5.85,2.02,2.32,4.42,0.88,0.00,22.46,0.00,3.15,0.00,0.00,0.00,15.88
135,"4s_3s","TolHd","Prsnt",125,0.00,0.00,0.00,5.92,2.05,2.31,4.33,0.86,0.00,22.39,0.00,3.29,0.00,0.00,0.00,16.87
135,"4s_3s","TolHd","Prsnt",135,0.00,0.00,0.00,5.94,2.06,2.27,4.18,0.83,0.00,21.94,0.00,3.37,0.00,0.00,0.00,17.56
135,"4s_3s","TolHd","Prsnt",145,0.00,0.00,0.00,5.91,2.05,2.22,3.99,0.79,0.00,21.17,0.00,3.40,0.00,0.00,0.00,17.98
135,"4s_3s","TolHd","Prsnt",155,0.00,0.00,0.00,5.83,2.02,2.14,3.77,0.75,0.00,20.19,0.00,3.37,0.00,0.00,0.00,18.12
135,"4s_3s","TolHd","Prsnt",165,0.00,0.00,0.00,5.72,1.98,2.06,3.51,0.70,0.00,19.04,0.00,3.30,0.00,0.00,0.00,18.02
135,"4s_3s","TolHd","Prsnt",175,0.00,0.00,0.00,5.56,1.93,1.96,3.25,0.65,0.00,17.80,0.00,3.19,0.00,0.00,0.00,17.69
135,"4s_3s","TolHd","Prsnt",185,0.00,0.00,0.00,5.37,1.86,1.85,2.97,0.59,0.00,16.49,0.00,3.05,0.00,0.00,0.00,17.16
135,"4s_3s","TolHd","Prsnt",195,0.00,0.00,0.00,5.16,1.79,1.74,2.69,0.53,0.00,15.17,0.00,2.89,0.00,0.00,0.00,16.48
135,"4s_3s","TolHd","Prsnt",205,0.00,0.00,0.00,4.92,1.71,1.62,2.42,0.48,0.00,13.86,0.00,2.72,0.00,0.00,0.00,15.66
135,"4s_3s","TolHd","Prsnt",215,0.00,0.00,0.00,4.67,1.62,1.50,2.16,0.43,0.00,12.57,0.00,2.53,0.00,0.00,0.00,14.75
135,"4s_3s","TolHd","Prsnt",225,0.00,0.00,0.00,4.40,1.53,1.38,1.91,0.38,0.00,11.33,0.00,2.34,0.00,0.00,0.00,13.76
135,"4s_3s","TolHd","Prsnt",235,0.00,0.00,0.00,4.12,1.43,1.27,1.67,0.33,0.00,10.15,0.00,2.15,0.00,0.00,0.00,12.73
135,"4s_3s","TolHd","Prsnt",245,0.00,0.00,0.00,3.84,1.33,1.15,1.46,0.29,0.00,9.04,0.00,1.96,0.00,0.00,0.00,11.69
135,"4s_3s","TolHd","Prsnt",255,0.00,0.00,0.00,3.56,1.23,1.04,1.26,0.25,0.00,8.00,0.00,1.78,0.00,0.00,0.00,10.64
136,"Patnt","TolHd","Prsnt",5,0.00,0.00,0.00,0.00,0.00,0.00,0.00,0.00,0.00,0.00,0.00,0.00,0.00,0.00,0.00,0.00
136,"Patnt","TolHd","Prsnt",15,0.00,0.00,0.00,0.27,0.05,0.20,0.28,0.14,0.00,0.68,0.00,0.00,0.00,0.00,0.00,0.19
136,"Patnt","TolHd","Prsnt",25,0.00,0.00,0.00,1.17,0.17,0.85,0.53,0.26,0.00,2.74,0.00,0.00,0.00,0.00,0.00,0.73
136,"Patnt","TolHd","Prsnt",35,0.00,0.00,0.00,2.44,0.32,1.75,0.77,0.38,0.00,6.35,0.00,0.00,0.00,0.00,0.00,1.65
136,"Patnt","TolHd","Prsnt",45,0.00,0.00,0.00,3.63,0.46,2.53,1.00,0.50,0.00,11.12,0.00,0.00,0.00,0.00,0.00,2.89
136,"Patnt","TolHd","Prsnt",55,0.00,0.00,0.00,4.50,0.58,3.08,1.19,0.59,0.00,16.22,0.00,0.00,0.00,0.00,0.00,4.33
136,"Patnt","TolHd","Prsnt",65,0.00,0.00,0.00,5.06,0.67,3.41,1.32,0.66,0.00,20.78,0.00,0.00,0.00,0.00,0.00,5.76
136,"Patnt","TolHd","Prsnt",75,0.00,0.00,0.00,5.39,0.72,3.57,1.39,0.69,0.00,24.17,0.00,0.00,0.00,0.00,0.00,7.04
136,"Patnt","TolHd","Prsnt",85,0.00,0.00,0.00,5.51,0.74,3.59,1.39,0.69,0.00,26.14,0.00,0.00,0.00,0.00,0.00,8.05
136,"Patnt","TolHd","Prsnt",95,0.00,0.00,0.00,5.46,0.73,3.50,1.35,0.67,0.00,26.72,0.00,0.00,0.00,0.00,0.00,8.74
136,"Patnt","TolHd","Prsnt",105,0.00,0.00,0.00,5.28,0.71,3.32,1.28,0.64,0.00,26.08,0.00,0.00,0.00,0.00,0.00,9.08
136,"Patnt","TolHd","Prsnt",115,0.00,0.00,0.00,4.98,0.67,3.08,1.17,0.58,0.00,24.50,0.00,0.00,0.00,0.00,0.00,9.09
136,"Patnt","TolHd","Prsnt",125,0.00,0.00,0.00,4.60,0.62,2.79,1.04,0.52,0.00,22.27,0.00,0.00,0.00,0.00,0.00,8.80
136,"Patnt","TolHd","Prsnt",135,0.00,0.00,0.00,4.16,0.56,2.47,0.91,0.45,0.00,19.67,0.00,0.00,0.00,0.00,0.00,8.26
136,"Patnt","TolHd","Prsnt",145,0.00,0.00,0.00,3.69,0.49,2.15,0.77,0.38,0.00,16.93,0.00,0.00,0.00,0.00,0.00,7.54
136,"Patnt","TolHd","Prsnt",155,0.00,0.00,0.00,3.21,0.43,1.83,0.64,0.32,0.00,14.23,0.00,0.00,0.00,0.00,0.00,6.70
136,"Patnt","TolHd","Prsnt",165,0.00,0.00,0.00,2.74,0.37,1.53,0.52,0.26,0.00,11.70,0.00,0.00,0.00,0.00,0.00,5.81
136,"Patnt","TolHd","Prsnt",175,0.00,0.00,0.00,2.30,0.31,1.26,0.41,0.20,0.00,9.42,0.00,0.00,0.00,0.00,0.00,4.91
136,"Patnt","TolHd","Prsnt",185,0.00,0.00,0.00,1.89,0.25,1.01,0.32,0.16,0.00,7.44,0.00,0.00,0.00,0.00,0.00,4.06
136,"Patnt","TolHd","Prsnt",195,0.00,0.00,0.00,1.53,0.20,0.80,0.24,0.12,0.00,5.77,0.00,0.00,0.00,0.00,0.00,3.28
136,"Patnt","TolHd","Prsnt",205,0.00,0.00,0.00,1.21,0.16,0.62,0.18,0.09,0.00,4.39,0.00,0.00,0.00,0.00,0.00,2.60
136,"Patnt","TolHd","Prsnt",215,0.00,0.00,0.00,0.95,0.12,0.47,0.13,0.06,0.00,3.28,0.00,0.00,0.00,0.00,0.00,2.01
136,"Patnt","TolHd","Prsnt",225,0.00,0.00,0.00,0.73,0.09,0.35,0.09,0.04,0.00,2.40,0.00,0.00,0.00,0.00,0.00,1.53
136,"Patnt","TolHd","Prsnt",235,0.00,0.00,0.00,0.55,0.07,0.26,0.06,0.03,0.00,1.73,0.00,0.00,0.00,0.00,0.00,1.14
136,"Patnt","TolHd","Prsnt",245,0.00,0.00,0.00,0.40,0.05,0.19,0.04,0.02,0.00,1.23,0.00,0.00,0.00,0.00,0.00,0.83
136,"Patnt","TolHd","Prsnt",255,0.00,0.00,0.00,0.29,0.04,0.13,0.03,0.01,0.00,0.85,0.00,0.00,0.00,0.00,0.00,0.59
137,"4s_3s","TolHd","Exten",5,0.00,0.00,0.00,0.00,0.00,0.00,0.00,0.00,0.00,0.00,0.00,0.00,0.00,0.00,0.00,0.00
137,"4s_3s","TolHd","Exten",15,0.00,0.00,0.00,0.17,0.09,0.08,0.57,0.11,0.00,0.33,0.00,0.03,0.00,0.00,0.00,0.18
137,"4s_3s","TolHd","Exten",25,0.00,0.00,0.00,0.85,0.32,0.40,1.24,0.24,0.00,1.57,0.00,0.15,0.00,0.00,0.00,0.80
137,"4s_3s","TolHd","Exten",35,0.00,0.00,0.00,1.89,0.63,0.87,1.93,0.38,0.00,3.84,0.00,0.38,0.00,0.00,0.00,1.90
137,"4s_3s","TolHd","Exten",45,0.00,0.00,0.00,2.91,0.96,1.30,2.59,0.51,0.00,6.95,0.00,0.71,0.00,0.00,0.00,3.45
137,"4s_3s","TolHd","Exten",55,0.00,0.00,0.00,3.72,1.25,1.64,3.18,0.63,0.00,10.48,0.00,1.10,0.00,0.00,0.00,5.33
137,"4s_3s","TolHd","Exten",65,0.00,0.00,0.00,4.35,1.48,1.88,3.65,0.73,0.00,13.93,0.00,1.53,0.00,0.00,0.00,7.36
137,"4s_3s","TolHd","Exten",75,0.00,0.00,0.00,4.84,1.66,2.06,4.01,0.80,0.00,16.94,0.00,1.95,0.00,0.00,0.00,9.40
137,"4s_3s","TolHd","Exten",85,0.00,0.00,0.00,5.21,1.80,2.18,4.25,0.85,0.00,19.31,0.00,2.33,0.00,0.00,0.00,11.33
137,"4s_3s","TolHd","Exten",95,0.00,0.00,0.00,5.50,1.90,2.27,4.39,0.87,0.00,21.00,0.00,2.67,0.00,0.00,0.00,13.09
137,"4s_3s","TolHd","Exten",105,0.00,0.00,0.00,5.71,1.98,2.31,4.45,0.89,0.00,22.02,0.00,2.94,0.00,0.00,0.00,14.62
137,"4s_3s","TolHd","Exten",115,0.00,0.00,0.00,5.85,2.02,2.32,4.42,0.88,0.00,22.46,0.00,3.15,0.00,0.00,0.00,15.88
137,"4s_3s","TolHd","Exten",125,0.00,0.00,0.00,5.92,2.05,2.31,4.33,0.86,0.00,22.39,0.00,3.29,0.00,0.00,0.00,16.87
137,"4s_3s","TolHd","Exten",135,0.00,0.00,0.00,5.94,2.06,2.27,4.18,0.83,0.00,21.94,0.00,3.37,0.00,0.00,0.00,17.56
137,"4s_3s","TolHd","Exten",145,0.00,0.00,0.00,5.91,2.05,2.22,3.99,0.79,0.00,21.17,0.00,3.40,0.00,0.00,0.00,17.98
137,"4s_3s","TolHd","Exten",155,0.00,0.00,0.00,5.83,2.02,2.14,3.77,0.75,0.00,20.19,0.00,3.37,0.00,0.00,0.00,18.12
137,"4s_3s","TolHd","Exten",165,0.00,0.00,0.00,5.72,1.98,2.06,3.51,0.70,0.00,19.04,0.00,3.30,0.00,0.00,0.00,18.02
137,"4s_3s","TolHd","Exten",175,0.00,0.00,0.00,5.56,1.93,1.96,3.25,0.65,0.00,17.80,0.00,3.19,0.00,0.00,0.00,17.69
137,"4s_3s","TolHd","Exten",185,0.00,0.00,0.00,5.37,1.86,1.85,2.97,0.59,0.00,16.49,0.00,3.05,0.00,0.00,0.00,17.16
137,"4s_3s","TolHd","Exten",195,0.00,0.00,0.00,5.16,1.79,1.74,2.69,0.53,0.00,15.17,0.00,2.89,0.00,0.00,0.00,16.48
137,"4s_3s","TolHd","Exten",205,0.00,0.00,0.00,4.92,1.71,1.62,2.42,0.48,0.00,13.86,0.00,2.72,0.00,0.00,0.00,15.66
137,"4s_3s","TolHd","Exten",215,0.00,0.00,0.00,4.67,1.62,1.50,2.16,0.43,0.00,12.57,0.00,2.53,0.00,0.00,0.00,14.75
137,"4s_3s","TolHd","Exten",225,0.00,0.00,0.00,4.40,1.53,1.38,1.91,0.38,0.00,11.33,0.00,2.34,0.00,0.00,0.00,13.76
137,"4s_3s","TolHd","Exten",235,0.00,0.00,0.00,4.12,1.43,1.27,1.67,0.33,0.00,10.15,0.00,2.15,0.00,0.00,0.00,12.73
137,"4s_3s","TolHd","Exten",245,0.00,0.00,0.00,3.84,1.33,1.15,1.46,0.29,0.00,9.04,0.00,1.96,0.00,0.00,0.00,11.69
137,"4s_3s","TolHd","Exten",255,0.00,0.00,0.00,3.56,1.23,1.04,1.26,0.25,0.00,8.00,0.00,1.78,0.00,0.00,0.00,10.64
138,"Patnt","TolHd","Exten",5,0.00,0.00,0.00,0.00,0.00,0.00,0.00,0.00,0.00,0.00,0.00,0.00,0.00,0.00,0.00,0.00
138,"Patnt","TolHd","Exten",15,0.00,0.00,0.00,0.27,0.05,0.20,0.28,0.14,0.00,0.68,0.00,0.00,0.00,0.00,0.00,0.19
138,"Patnt","TolHd","Exten",25,0.00,0.00,0.00,1.17,0.17,0.85,0.53,0.26,0.00,2.74,0.00,0.00,0.00,0.00,0.00,0.73
138,"Patnt","TolHd","Exten",35,0.00,0.00,0.00,2.44,0.32,1.75,0.77,0.38,0.00,6.35,0.00,0.00,0.00,0.00,0.00,1.65
138,"Patnt","TolHd","Exten",45,0.00,0.00,0.00,3.63,0.46,2.53,1.00,0.50,0.00,11.12,0.00,0.00,0.00,0.00,0.00,2.89
138,"Patnt","TolHd","Exten",55,0.00,0.00,0.00,4.50,0.58,3.08,1.19,0.59,0.00,16.22,0.00,0.00,0.00,0.00,0.00,4.33
138,"Patnt","TolHd","Exten",65,0.00,0.00,0.00,5.06,0.67,3.41,1.32,0.66,0.00,20.78,0.00,0.00,0.00,0.00,0.00,5.76
138,"Patnt","TolHd","Exten",75,0.00,0.00,0.00,5.39,0.72,3.57,1.39,0.69,0.00,24.17,0.00,0.00,0.00,0.00,0.00,7.04
138,"Patnt","TolHd","Exten",85,0.00,0.00,0.00,5.51,0.74,3.59,1.39,0.69,0.00,26.14,0.00,0.00,0.00,0.00,0.00,8.05
138,"Patnt","TolHd","Exten",95,0.00,0.00,0.00,5.46,0.73,3.50,1.35,0.67,0.00,26.72,0.00,0.00,0.00,0.00,0.00,8.74
138,"Patnt","TolHd","Exten",105,0.00,0.00,0.00,5.28,0.71,3.32,1.28,0.64,0.00,26.08,0.00,0.00,0.00,0.00,0.00,9.08
138,"Patnt","TolHd","Exten",115,0.00,0.00,0.00,4.98,0.67,3.08,1.17,0.58,0.00,24.50,0.00,0.00,0.00,0.00,0.00,9.09
138,"Patnt","TolHd","Exten",125,0.00,0.00,0.00,4.60,0.62,2.79,1.04,0.52,0.00,22.27,0.00,0.00,0.00,0.00,0.00,8.80
138,"Patnt","TolHd","Exten",135,0.00,0.00,0.00,4.16,0.56,2.47,0.91,0.45,0.00,19.67,0.00,0.00,0.00,0.00,0.00,8.26
138,"Patnt","TolHd","Exten",145,0.00,0.00,0.00,3.69,0.49,2.15,0.77,0.38,0.00,16.93,0.00,0.00,0.00,0.00,0.00,7.54
138,"Patnt","TolHd","Exten",155,0.00,0.00,0.00,3.21,0.43,1.83,0.64,0.32,0.00,14.23,0.00,0.00,0.00,0.00,0.00,6.70
138,"Patnt","TolHd","Exten",165,0.00,0.00,0.00,2.74,0.37,1.53,0.52,0.26,0.00,11.70,0.00,0.00,0.00,0.00,0.00,5.81
138,"Patnt","TolHd","Exten",175,0.00,0.00,0.00,2.30,0.31,1.26,0.41,0.20,0.00,9.42,0.00,0.00,0.00,0.00,0.00,4.91
138,"Patnt","TolHd","Exten",185,0.00,0.00,0.00,1.89,0.25,1.01,0.32,0.16,0.00,7.44,0.00,0.00,0.00,0.00,0.00,4.06
138,"Patnt","TolHd","Exten",195,0.00,0.00,0.00,1.53,0.20,0.80,0.24,0.12,0.00,5.77,0.00,0.00,0.00,0.00,0.00,3.28
138,"Patnt","TolHd","Exten",205,0.00,0.00,0.00,1.21,0.16,0.62,0.18,0.09,0.00,4.39,0.00,0.00,0.00,0.00,0.00,2.60
138,"Patnt","TolHd","Exten",215,0.00,0.00,0.00,0.95,0.12,0.47,0.13,0.06,0.00,3.28,0.00,0.00,0.00,0.00,0.00,2.01
138,"Patnt","TolHd","Exten",225,0.00,0.00,0.00,0.73,0.09,0.35,0.09,0.04,0.00,2.40,0.00,0.00,0.00,0.00,0.00,1.53
138,"Patnt","TolHd","Exten",235,0.00,0.00,0.00,0.55,0.07,0.26,0.06,0.03,0.00,1.73,0.00,0.00,0.00,0.00,0.00,1.14
138,"Patnt","TolHd","Exten",245,0.00,0.00,0.00,0.40,0.05,0.19,0.04,0.02,0.00,1.23,0.00,0.00,0.00,0.00,0.00,0.83
138,"Patnt","TolHd","Exten",255,0.00,0.00,0.00,0.29,0.04,0.13,0.03,0.01,0.00,0.85,0.00,0.00,0.00,0.00,0.00,0.59
139,"4s_3s","TolHd","Basc1",5,0.00,0.00,0.00,0.00,0.00,0.00,0.00,0.00,0.00,0.00,0.00,0.00,0.00,0.00,0.00,0.00
139,"4s_3s","TolHd","Basc1",15,0.00,0.00,0.00,0.17,0.09,0.08,0.57,0.11,0.00,0.33,0.00,0.03,0.00,0.00,0.00,0.18
139,"4s_3s","TolHd","Basc1",25,0.00,0.00,0.00,0.85,0.32,0.40,1.24,0.24,0.00,1.57,0.00,0.15,0.00,0.00,0.00,0.80
139,"4s_3s","TolHd","Basc1",35,0.00,0.00,0.00,1.89,0.63,0.87,1.93,0.38,0.00,3.84,0.00,0.38,0.00,0.00,0.00,1.90
139,"4s_3s","TolHd","Basc1",45,0.00,0.00,0.00,2.91,0.96,1.30,2.59,0.51,0.00,6.95,0.00,0.71,0.00,0.00,0.00,3.45
139,"4s_3s","TolHd","Basc1",55,0.00,0.00,0.00,3.72,1.25,1.64,3.18,0.63,0.00,10.48,0.00,1.10,0.00,0.00,0.00,5.33
139,"4s_3s","TolHd","Basc1",65,0.00,0.00,0.00,4.35,1.48,1.88,3.65,0.73,0.00,13.93,0.00,1.53,0.00,0.00,0.00,7.36
139,"4s_3s","TolHd","Basc1",75,0.00,0.00,0.00,4.84,1.66,2.06,4.01,0.80,0.00,16.94,0.00,1.95,0.00,0.00,0.00,9.40
139,"4s_3s","TolHd","Basc1",85,0.00,0.00,0.00,5.21,1.80,2.18,4.25,0.85,0.00,19.31,0.00,2.33,0.00,0.00,0.00,11.33
139,"4s_3s","TolHd","Basc1",95,0.00,0.00,0.00,5.50,1.90,2.27,4.39,0.87,0.00,21.00,0.00,2.67,0.00,0.00,0.00,13.09
139,"4s_3s","TolHd","Basc1",105,0.00,0.00,0.00,5.71,1.98,2.31,4.45,0.89,0.00,22.02,0.00,2.94,0.00,0.00,0.00,14.62
139,"4s_3s","TolHd","Basc1",115,0.00,0.00,0.00,5.85,2.02,2.32,4.42,0.88,0.00,22.46,0.00,3.15,0.00,0.00,0.00,15.88
139,"4s_3s","TolHd","Basc1",125,0.00,0.00,0.00,5.92,2.05,2.31,4.33,0.86,0.00,22.39,0.00,3.29,0.00,0.00,0.00,16.87
139,"4s_3s","TolHd","Basc1",135,0.00,0.00,0.00,5.94,2.06,2.27,4.18,0.83,0.00,21.94,0.00,3.37,0.00,0.00,0.00,17.56
139,"4s_3s","TolHd","Basc1",145,0.00,0.00,0.00,5.91,2.05,2.22,3.99,0.79,0.00,21.17,0.00,3.40,0.00,0.00,0.00,17.98
139,"4s_3s","TolHd","Basc1",155,0.00,0.00,0.00,5.83,2.02,2.14,3.77,0.75,0.00,20.19,0.00,3.37,0.00,0.00,0.00,18.12
139,"4s_3s","TolHd","Basc1",165,0.00,0.00,0.00,5.72,1.98,2.06,3.51,0.70,0.00,19.04,0.00,3.30,0.00,0.00,0.00,18.02
139,"4s_3s","TolHd","Basc1",175,0.00,0.00,0.00,5.56,1.93,1.96,3.25,0.65,0.00,17.80,0.00,3.19,0.00,0.00,0.00,17.69
139,"4s_3s","TolHd","Basc1",185,0.00,0.00,0.00,5.37,1.86,1.85,2.97,0.59,0.00,16.49,0.00,3.05,0.00,0.00,0.00,17.16
139,"4s_3s","TolHd","Basc1",195,0.00,0.00,0.00,5.16,1.79,1.74,2.69,0.53,0.00,15.17,0.00,2.89,0.00,0.00,0.00,16.48
139,"4s_3s","TolHd","Basc1",205,0.00,0.00,0.00,4.92,1.71,1.62,2.42,0.48,0.00,13.86,0.00,2.72,0.00,0.00,0.00,15.66
139,"4s_3s","TolHd","Basc1",215,0.00,0.00,0.00,4.67,1.62,1.50,2.16,0.43,0.00,12.57,0.00,2.53,0.00,0.00,0.00,14.75
139,"4s_3s","TolHd","Basc1",225,0.00,0.00,0.00,4.40,1.53,1.38,1.91,0.38,0.00,11.33,0.00,2.34,0.00,0.00,0.00,13.76
139,"4s_3s","TolHd","Basc1",235,0.00,0.00,0.00,4.12,1.43,1.27,1.67,0.33,0.00,10.15,0.00,2.15,0.00,0.00,0.00,12.73
139,"4s_3s","TolHd","Basc1",245,0.00,0.00,0.00,3.84,1.33,1.15,1.46,0.29,0.00,9.04,0.00,1.96,0.00,0.00,0.00,11.69
139,"4s_3s","TolHd","Basc1",255,0.00,0.00,0.00,3.56,1.23,1.04,1.26,0.25,0.00,8.00,0.00,1.78,0.00,0.00,0.00,10.64
140,"Patnt","TolHd","Basc1",5,0.00,0.00,0.00,0.00,0.00,0.00,0.00,0.00,0.00,0.00,0.00,0.00,0.00,0.00,0.00,0.00
140,"Patnt","TolHd","Basc1",15,0.00,0.00,0.00,0.27,0.05,0.20,0.28,0.14,0.00,0.68,0.00,0.00,0.00,0.00,0.00,0.19
140,"Patnt","TolHd","Basc1",25,0.00,0.00,0.00,1.17,0.17,0.85,0.53,0.26,0.00,2.74,0.00,0.00,0.00,0.00,0.00,0.73
140,"Patnt","TolHd","Basc1",35,0.00,0.00,0.00,2.44,0.32,1.75,0.77,0.38,0.00,6.35,0.00,0.00,0.00,0.00,0.00,1.65
140,"Patnt","TolHd","Basc1",45,0.00,0.00,0.00,3.63,0.46,2.53,1.00,0.50,0.00,11.12,0.00,0.00,0.00,0.00,0.00,2.89
140,"Patnt","TolHd","Basc1",55,0.00,0.00,0.00,4.50,0.58,3.08,1.19,0.59,0.00,16.22,0.00,0.00,0.00,0.00,0.00,4.33
140,"Patnt","TolHd","Basc1",65,0.00,0.00,0.00,5.06,0.67,3.41,1.32,0.66,0.00,20.78,0.00,0.00,0.00,0.00,0.00,5.76
140,"Patnt","TolHd","Basc1",75,0.00,0.00,0.00,5.39,0.72,3.57,1.39,0.69,0.00,24.17,0.00,0.00,0.00,0.00,0.00,7.04
140,"Patnt","TolHd","Basc1",85,0.00,0.00,0.00,5.51,0.74,3.59,1.39,0.69,0.00,26.14,0.00,0.00,0.00,0.00,0.00,8.05
140,"Patnt","TolHd","Basc1",95,0.00,0.00,0.00,5.46,0.73,3.50,1.35,0.67,0.00,26.72,0.00,0.00,0.00,0.00,0.00,8.74
140,"Patnt","TolHd","Basc1",105,0.00,0.00,0.00,5.28,0.71,3.32,1.28,0.64,0.00,26.08,0.00,0.00,0.00,0.00,0.00,9.08
140,"Patnt","TolHd","Basc1",115,0.00,0.00,0.00,4.98,0.67,3.08,1.17,0.58,0.00,24.50,0.00,0.00,0.00,0.00,0.00,9.09
140,"Patnt","TolHd","Basc1",125,0.00,0.00,0.00,4.60,0.62,2.79,1.04,0.52,0.00,22.27,0.00,0.00,0.00,0.00,0.00,8.80
140,"Patnt","TolHd","Basc1",135,0.00,0.00,0.00,4.16,0.56,2.47,0.91,0.45,0.00,19.67,0.00,0.00,0.00,0.00,0.00,8.26
140,"Patnt","TolHd","Basc1",145,0.00,0.00,0.00,3.69,0.49,2.15,0.77,0.38,0.00,16.93,0.00,0.00,0.00,0.00,0.00,7.54
140,"Patnt","TolHd","Basc1",155,0.00,0.00,0.00,3.21,0.43,1.83,0.64,0.32,0.00,14.23,0.00,0.00,0.00,0.00,0.00,6.70
140,"Patnt","TolHd","Basc1",165,0.00,0.00,0.00,2.74,0.37,1.53,0.52,0.26,0.00,11.70,0.00,0.00,0.00,0.00,0.00,5.81
140,"Patnt","TolHd","Basc1",175,0.00,0.00,0.00,2.30,0.31,1.26,0.41,0.20,0.00,9.42,0.00,0.00,0.00,0.00,0.00,4.91
140,"Patnt","TolHd","Basc1",185,0.00,0.00,0.00,1.89,0.25,1.01,0.32,0.16,0.00,7.44,0.00,0.00,0.00,0.00,0.00,4.06
140,"Patnt","TolHd","Basc1",195,0.00,0.00,0.00,1.53,0.20,0.80,0.24,0.12,0.00,5.77,0.00,0.00,0.00,0.00,0.00,3.28
140,"Patnt","TolHd","Basc1",205,0.00,0.00,0.00,1.21,0.16,0.62,0.18,0.09,0.00,4.39,0.00,0.00,0.00,0.00,0.00,2.60
140,"Patnt","TolHd","Basc1",215,0.00,0.00,0.00,0.95,0.12,0.47,0.13,0.06,0.00,3.28,0.00,0.00,0.00,0.00,0.00,2.01
140,"Patnt","TolHd","Basc1",225,0.00,0.00,0.00,0.73,0.09,0.35,0.09,0.04,0.00,2.40,0.00,0.00,0.00,0.00,0.00,1.53
140,"Patnt","TolHd","Basc1",235,0.00,0.00,0.00,0.55,0.07,0.26,0.06,0.03,0.00,1.73,0.00,0.00,0.00,0.00,0.00,1.14
140,"Patnt","TolHd","Basc1",245,0.00,0.00,0.00,0.40,0.05,0.19,0.04,0.02,0.00,1.23,0.00,0.00,0.00,0.00,0.00,0.83
140,"Patnt","TolHd","Basc1",255,0.00,0.00,0.00,0.29,0.04,0.13,0.03,0.01,0.00,0.85,0.00,0.00,0.00,0.00,0.00,0.59
141,"4s_3s","TolHd","Intn1",5,0.00,0.00,0.00,0.00,0.00,0.00,0.00,0.00,0.00,0.00,0.00,0.00,0.00,0.00,0.00,0.00
141,"4s_3s","TolHd","Intn1",15,0.00,0.00,0.00,0.17,0.09,0.08,0.57,0.11,0.00,0.33,0.00,0.03,0.00,0.00,0.00,0.18
141,"4s_3s","TolHd","Intn1",25,0.00,0.00,0.00,0.85,0.32,0.40,1.24,0.24,0.00,1.57,0.00,0.15,0.00,0.00,0.00,0.80
141,"4s_3s","TolHd","Intn1",35,0.00,0.00,0.00,1.89,0.63,0.87,1.93,0.38,0.00,3.84,0.00,0.38,0.00,0.00,0.00,1.90
141,"4s_3s","TolHd","Intn1",45,0.00,0.00,0.00,2.91,0.96,1.30,2.59,0.51,0.00,6.95,0.00,0.71,0.00,0.00,0.00,3.45
141,"4s_3s","TolHd","Intn1",55,0.00,0.00,0.00,3.72,1.25,1.64,3.18,0.63,0.00,10.48,0.00,1.10,0.00,0.00,0.00,5.33
141,"4s_3s","TolHd","Intn1",65,0.00,0.00,0.00,4.35,1.48,1.88,3.65,0.73,0.00,13.93,0.00,1.53,0.00,0.00,0.00,7.36
141,"4s_3s","TolHd","Intn1",75,0.00,0.00,0.00,4.84,1.66,2.06,4.01,0.80,0.00,16.94,0.00,1.95,0.00,0.00,0.00,9.40
141,"4s_3s","TolHd","Intn1",85,0.00,0.00,0.00,5.21,1.80,2.18,4.25,0.85,0.00,19.31,0.00,2.33,0.00,0.00,0.00,11.33
141,"4s_3s","TolHd","Intn1",95,0.00,0.00,0.00,5.50,1.90,2.27,4.39,0.87,0.00,21.00,0.00,2.67,0.00,0.00,0.00,13.09
141,"4s_3s","TolHd","Intn1",105,0.00,0.00,0.00,5.71,1.98,2.31,4.45,0.89,0.00,22.02,0.00,2.94,0.00,0.00,0.00,14.62
141,"4s_3s","TolHd","Intn1",115,0.00,0.00,0.00,5.85,2.02,2.32,4.42,0.88,0.00,22.46,0.00,3.15,0.00,0.00,0.00,15.88
141,"4s_3s","TolHd","Intn1",125,0.00,0.00,0.00,5.92,2.05,2.31,4.33,0.86,0.00,22.39,0.00,3.29,0.00,0.00,0.00,16.87
141,"4s_3s","TolHd","Intn1",135,0.00,0.00,0.00,5.94,2.06,2.27,4.18,0.83,0.00,21.94,0.00,3.37,0.00,0.00,0.00,17.56
141,"4s_3s","TolHd","Intn1",145,0.00,0.00,0.00,5.91,2.05,2.22,3.99,0.79,0.00,21.17,0.00,3.40,0.00,0.00,0.00,17.98
141,"4s_3s","TolHd","Intn1",155,0.00,0.00,0.00,5.83,2.02,2.14,3.77,0.75,0.00,20.19,0.00,3.37,0.00,0.00,0.00,18.12
141,"4s_3s","TolHd","Intn1",165,0.00,0.00,0.00,5.72,1.98,2.06,3.51,0.70,0.00,19.04,0.00,3.30,0.00,0.00,0.00,18.02
141,"4s_3s","TolHd","Intn1",175,0.00,0.00,0.00,5.56,1.93,1.96,3.25,0.65,0.00,17.80,0.00,3.19,0.00,0.00,0.00,17.69
141,"4s_3s","TolHd","Intn1",185,0.00,0.00,0.00,5.37,1.86,1.85,2.97,0.59,0.00,16.49,0.00,3.05,0.00,0.00,0.00,17.16
141,"4s_3s","TolHd","Intn1",195,0.00,0.00,0.00,5.16,1.79,1.74,2.69,0.53,0.00,15.17,0.00,2.89,0.00,0.00,0.00,16.48
141,"4s_3s","TolHd","Intn1",205,0.00,0.00,0.00,4.92,1.71,1.62,2.42,0.48,0.00,13.86,0.00,2.72,0.00,0.00,0.00,15.66
141,"4s_3s","TolHd","Intn1",215,0.00,0.00,0.00,4.67,1.62,1.50,2.16,0.43,0.00,12.57,0.00,2.53,0.00,0.00,0.00,14.75
141,"4s_3s","TolHd","Intn1",225,0.00,0.00,0.00,4.40,1.53,1.38,1.91,0.38,0.00,11.33,0.00,2.34,0.00,0.00,0.00,13.76
141,"4s_3s","TolHd","Intn1",235,0.00,0.00,0.00,4.12,1.43,1.27,1.67,0.33,0.00,10.15,0.00,2.15,0.00,0.00,0.00,12.73
141,"4s_3s","TolHd","Intn1",245,0.00,0.00,0.00,3.84,1.33,1.15,1.46,0.29,0.00,9.04,0.00,1.96,0.00,0.00,0.00,11.69
141,"4s_3s","TolHd","Intn1",255,0.00,0.00,0.00,3.56,1.23,1.04,1.26,0.25,0.00,8.00,0.00,1.78,0.00,0.00,0.00,10.64
142,"Patnt","TolHd","Intn1",5,0.00,0.00,0.00,0.00,0.00,0.00,0.00,0.00,0.00,0.00,0.00,0.00,0.00,0.00,0.00,0.00
142,"Patnt","TolHd","Intn1",15,0.00,0.00,0.00,0.27,0.05,0.20,0.28,0.14,0.00,0.68,0.00,0.00,0.00,0.00,0.00,0.19
142,"Patnt","TolHd","Intn1",25,0.00,0.00,0.00,1.17,0.17,0.85,0.53,0.26,0.00,2.74,0.00,0.00,0.00,0.00,0.00,0.73
142,"Patnt","TolHd","Intn1",35,0.00,0.00,0.00,2.44,0.32,1.75,0.77,0.38,0.00,6.35,0.00,0.00,0.00,0.00,0.00,1.65
142,"Patnt","TolHd","Intn1",45,0.00,0.00,0.00,3.63,0.46,2.53,1.00,0.50,0.00,11.12,0.00,0.00,0.00,0.00,0.00,2.89
142,"Patnt","TolHd","Intn1",55,0.00,0.00,0.00,4.50,0.58,3.08,1.19,0.59,0.00,16.22,0.00,0.00,0.00,0.00,0.00,4.33
142,"Patnt","TolHd","Intn1",65,0.00,0.00,0.00,5.06,0.67,3.41,1.32,0.66,0.00,20.78,0.00,0.00,0.00,0.00,0.00,5.76
142,"Patnt","TolHd","Intn1",75,0.00,0.00,0.00,5.39,0.72,3.57,1.39,0.69,0.00,24.17,0.00,0.00,0.00,0.00,0.00,7.04
142,"Patnt","TolHd","Intn1",85,0.00,0.00,0.00,5.51,0.74,3.59,1.39,0.69,0.00,26.14,0.00,0.00,0.00,0.00,0.00,8.05
142,"Patnt","TolHd","Intn1",95,0.00,0.00,0.00,5.46,0.73,3.50,1.35,0.67,0.00,26.72,0.00,0.00,0.00,0.00,0.00,8.74
142,"Patnt","TolHd","Intn1",105,0.00,0.00,0.00,5.28,0.71,3.32,1.28,0.64,0.00,26.08,0.00,0.00,0.00,0.00,0.00,9.08
142,"Patnt","TolHd","Intn1",115,0.00,0.00,0.00,4.98,0.67,3.08,1.17,0.58,0.00,24.50,0.00,0.00,0.00,0.00,0.00,9.09
142,"Patnt","TolHd","Intn1",125,0.00,0.00,0.00,4.60,0.62,2.79,1.04,0.52,0.00,22.27,0.00,0.00,0.00,0.00,0.00,8.80
142,"Patnt","TolHd","Intn1",135,0.00,0.00,0.00,4.16,0.56,2.47,0.91,0.45,0.00,19.67,0.00,0.00,0.00,0.00,0.00,8.26
142,"Patnt","TolHd","Intn1",145,0.00,0.00,0.00,3.69,0.49,2.15,0.77,0.38,0.00,16.93,0.00,0.00,0.00,0.00,0.00,7.54
142,"Patnt","TolHd","Intn1",155,0.00,0.00,0.00,3.21,0.43,1.83,0.64,0.32,0.00,14.23,0.00,0.00,0.00,0.00,0.00,6.70
142,"Patnt","TolHd","Intn1",165,0.00,0.00,0.00,2.74,0.37,1.53,0.52,0.26,0.00,11.70,0.00,0.00,0.00,0.00,0.00,5.81
142,"Patnt","TolHd","Intn1",175,0.00,0.00,0.00,2.30,0.31,1.26,0.41,0.20,0.00,9.42,0.00,0.00,0.00,0.00,0.00,4.91
142,"Patnt","TolHd","Intn1",185,0.00,0.00,0.00,1.89,0.25,1.01,0.32,0.16,0.00,7.44,0.00,0.00,0.00,0.00,0.00,4.06
142,"Patnt","TolHd","Intn1",195,0.00,0.00,0.00,1.53,0.20,0.80,0.24,0.12,0.00,5.77,0.00,0.00,0.00,0.00,0.00,3.28
142,"Patnt","TolHd","Intn1",205,0.00,0.00,0.00,1.21,0.16,0.62,0.18,0.09,0.00,4.39,0.00,0.00,0.00,0.00,0.00,2.60
142,"Patnt","TolHd","Intn1",215,0.00,0.00,0.00,0.95,0.12,0.47,0.13,0.06,0.00,3.28,0.00,0.00,0.00,0.00,0.00,2.01
142,"Patnt","TolHd","Intn1",225,0.00,0.00,0.00,0.73,0.09,0.35,0.09,0.04,0.00,2.40,0.00,0.00,0.00,0.00,0.00,1.53
142,"Patnt","TolHd","Intn1",235,0.00,0.00,0.00,0.55,0.07,0.26,0.06,0.03,0.00,1.73,0.00,0.00,0.00,0.00,0.00,1.14
142,"Patnt","TolHd","Intn1",245,0.00,0.00,0.00,0.40,0.05,0.19,0.04,0.02,0.00,1.23,0.00,0.00,0.00,0.00,0.00,0.83
142,"Patnt","TolHd","Intn1",255,0.00,0.00,0.00,0.29,0.04,0.13,0.03,0.01,0.00,0.85,0.00,0.00,0.00,0.00,0.00,0.59
143,"4s_3s","SbMx1","Prsnt",5,0.00,0.00,0.00,0.00,0.00,0.00,0.00,0.00,0.00,0.00,0.00,0.00,0.00,0.00,0.00,0.00
143,"4s_3s","SbMx1","Prsnt",15,0.00,0.00,1.76,2.08,0.19,0.12,0.00,0.00,0.00,0.19,0.00,0.06,0.00,0.00,0.00,0.00
143,"4s_3s","SbMx1","Prsnt",25,0.00,0.00,6.38,9.69,0.67,0.56,0.00,0.00,0.00,0.87,0.00,0.26,0.00,0.00,0.00,0.00
143,"4s_3s","SbMx1","Prsnt",35,0.00,0.00,14.07,21.63,1.34,1.22,0.00,0.00,0.00,2.15,0.00,0.66,0.00,0.00,0.00,0.00
143,"4s_3s","SbMx1","Prsnt",45,0.00,0.00,23.97,33.49,2.04,1.85,0.00,0.00,0.00,3.93,0.00,1.24,0.00,0.00,0.00,0.00
143,"4s_3s","SbMx1","Prsnt",55,0.00,0.00,34.43,42.45,2.62,2.30,0.00,0.00,0.00,5.86,0.00,1.92,0.00,0.00,0.00,0.00
143,"4s_3s","SbMx1","Prsnt",65,0.00,0.00,43.81,48.35,3.03,2.58,0.00,0.00,0.00,7.60,0.00,2.59,0.00,0.00,0.00,0.00
143,"4s_3s","SbMx1","Prsnt",75,0.00,0.00,51.32,52.03,3.29,2.73,0.00,0.00,0.00,8.94,0.00,3.19,0.00,0.00,0.00,0.00
143,"4s_3s","SbMx1","Prsnt",85,0.00,0.00,56.75,54.24,3.45,2.80,0.00,0.00,0.00,9.86,0.00,3.70,0.00,0.00,0.00,0.00
143,"4s_3s","SbMx1","Prsnt",95,0.00,0.00,60.17,55.43,3.53,2.81,0.00,0.00,0.00,10.39,0.00,4.09,0.00,0.00,0.00,0.00
143,"4s_3s","SbMx1","Prsnt",105,0.00,0.00,61.68,55.84,3.56,2.78,0.00,0.00,0.00,10.57,0.00,4.38,0.00,0.00,0.00,0.00
143,"4s_3s","SbMx1","Prsnt",115,0.00,0.00,61.43,55.59,3.54,2.72,0.00,0.00,0.00,10.48,0.00,4.56,0.00,0.00,0.00,0.00
143,"4s_3s","SbMx1","Prsnt",125,0.00,0.00,59.66,54.77,3.49,2.63,0.00,0.00,0.00,10.16,0.00,4.63,0.00,0.00,0.00,0.00
143,"4s_3s","SbMx1","Prsnt",135,0.00,0.00,56.62,53.44,3.41,2.52,0.00,0.00,0.00,9.68,0.00,4.61,0.00,0.00,0.00,0.00
143,"4s_3s","SbMx1","Prsnt",145,0.00,0.00,52.64,51.67,3.30,2.38,0.00,0.00,0.00,9.08,0.00,4.52,0.00,0.00,0.00,0.00
143,"4s_3s","SbMx1","Prsnt",155,0.00,0.00,48.02,49.53,3.16,2.24,0.00,0.00,0.00,8.41,0.00,4.35,0.00,0.00,0.00,0.00
143,"4s_3s","SbMx1","Prsnt",165,0.00,0.00,43.05,47.08,3.00,2.08,0.00,0.00,0.00,7.70,0.00,4.13,0.00,0.00,0.00,0.00
143,"4s_3s","SbMx1","Prsnt",175,0.00,0.00,37.97,44.39,2.83,1.92,0.00,0.00,0.00,6.97,0.00,3.87,0.00,0.00,0.00,0.00
143,"4s_3s","SbMx1","Prsnt",185,0.00,0.00,33.00,41.52,2.65,1.76,0.00,0.00,0.00,6.26,0.00,3.59,0.00,0.00,0.00,0.00
143,"4s_3s","SbMx1","Prsnt",195,0.00,0.00,28.28,38.54,2.46,1.60,0.00,0.00,0.00,5.56,0.00,3.29,0.00,0.00,0.00,0.00
143,"4s_3s","SbMx1","Prsnt",205,0.00,0.00,23.93,35.50,2.27,1.44,0.00,0.00,0.00,4.91,0.00,2.99,0.00,0.00,0.00,0.00
143,"4s_3s","SbMx1","Prsnt",215,0.00,0.00,20.00,32.46,2.07,1.29,0.00,0.00,0.00,4.29,0.00,2.68,0.00,0.00,0.00,0.00
143,"4s_3s","SbMx1","Prsnt",225,0.00,0.00,16.53,29.47,1.88,1.14,0.00,0.00,0.00,3.73,0.00,2.39,0.00,0.00,0.00,0.00
143,"4s_3s","SbMx1","Prsnt",235,0.00,0.00,13.52,26.56,1.70,1.00,0.00,0.00,0.00,3.21,0.00,2.11,0.00,0.00,0.00,0.00
143,"4s_3s","SbMx1","Prsnt",245,0.00,0.00,10.94,23.77,1.52,0.88,0.00,0.00,0.00,2.74,0.00,1.85,0.00,0.00,0.00,0.00
143,"4s_3s","SbMx1","Prsnt",255,0.00,0.00,8.76,21.12,1.35,0.76,0.00,0.00,0.00,2.33,0.00,1.60,0.00,0.00,0.00,0.00
144,"Patnt","SbMx1","Prsnt",5,0.00,0.00,0.00,0.00,0.00,0.00,0.00,0.00,0.00,0.00,0.00,0.00,0.00,0.00,0.00,0.00
144,"Patnt","SbMx1","Prsnt",15,0.00,0.00,2.00,2.36,0.22,0.13,0.00,0.00,0.00,0.22,0.00,0.07,0.00,0.00,0.00,0.00
144,"Patnt","SbMx1","Prsnt",25,0.00,0.00,7.01,10.65,0.74,0.62,0.00,0.00,0.00,0.96,0.00,0.29,0.00,0.00,0.00,0.00
144,"Patnt","SbMx1","Prsnt",35,0.00,0.00,15.04,23.13,1.43,1.31,0.00,0.00,0.00,2.30,0.00,0.71,0.00,0.00,0.00,0.00
144,"Patnt","SbMx1","Prsnt",45,0.00,0.00,25.00,34.92,2.13,1.93,0.00,0.00,0.00,4.10,0.00,1.30,0.00,0.00,0.00,0.00
144,"Patnt","SbMx1","Prsnt",55,0.00,0.00,35.11,43.29,2.67,2.34,0.00,0.00,0.00,5.98,0.00,1.96,0.00,0.00,0.00,0.00
144,"Patnt","SbMx1","Prsnt",65,0.00,0.00,43.81,48.35,3.03,2.58,0.00,0.00,0.00,7.60,0.00,2.59,0.00,0.00,0.00,0.00
144,"Patnt","SbMx1","Prsnt",75,0.00,0.00,50.45,51.15,3.24,2.68,0.00,0.00,0.00,8.79,0.00,3.14,0.00,0.00,0.00,0.00
144,"Patnt","SbMx1","Prsnt",85,0.00,0.00,55.00,52.56,3.34,2.71,0.00,0.00,0.00,9.56,0.00,3.58,0.00,0.00,0.00,0.00
144,"Patnt","SbMx1","Prsnt",95,0.00,0.00,57.63,53.09,3.38,2.69,0.00,0.00,0.00,9.95,0.00,3.92,0.00,0.00,0.00,0.00
144,"Patnt","SbMx1","Prsnt",105,0.00,0.00,58.54,53.00,3.38,2.64,0.00,0.00,0.00,10.04,0.00,4.15,0.00,0.00,0.00,0.00
144,"Patnt","SbMx1","Prsnt",115,0.00,0.00,57.93,52.42,3.34,2.56,0.00,0.00,0.00,9.88,0.00,4.30,0.00,0.00,0.00,0.00
144,"Patnt","SbMx1","Prsnt",125,0.00,0.00,56.04,51.45,3.28,2.47,0.00,0.00,0.00,9.55,0.00,4.35,0.00,0.00,0.00,0.00
144,"Patnt","SbMx1","Prsnt",135,0.00,0.00,53.13,50.14,3.20,2.36,0.00,0.00,0.00,9.09,0.00,4.33,0.00,0.00,0.00,0.00
144,"Patnt","SbMx1","Prsnt",145,0.00,0.00,49.47,48.55,3.10,2.24,0.00,0.00,0.00,8.54,0.00,4.24,0.00,0.00,0.00,0.00
144,"Patnt","SbMx1","Prsnt",155,0.00,0.00,45.31,46.73,2.98,2.11,0.00,0.00,0.00,7.94,0.00,4.11,0.00,0.00,0.00,0.00
144,"Patnt","SbMx1","Prsnt",165,0.00,0.00,40.89,44.72,2.85,1.98,0.00,0.00,0.00,7.31,0.00,3.93,0.00,0.00,0.00,0.00
144,"Patnt","SbMx1","Prsnt",175,0.00,0.00,36.41,42.56,2.72,1.84,0.00,0.00,0.00,6.69,0.00,3.72,0.00,0.00,0.00,0.00
144,"Patnt","SbMx1","Prsnt",185,0.00,0.00,32.03,40.30,2.57,1.71,0.00,0.00,0.00,6.07,0.00,3.48,0.00,0.00,0.00,0.00
144,"Patnt","SbMx1","Prsnt",195,0.00,0.00,27.86,37.96,2.42,1.57,0.00,0.00,0.00,5.48,0.00,3.24,0.00,0.00,0.00,0.00
144,"Patnt","SbMx1","Prsnt",205,0.00,0.00,23.98,35.58,2.27,1.44,0.00,0.00,0.00,4.92,0.00,2.99,0.00,0.00,0.00,0.00
144,"Patnt","SbMx1","Prsnt",215,0.00,0.00,20.45,33.19,2.12,1.32,0.00,0.00,0.00,4.39,0.00,2.74,0.00,0.00,0.00,0.00
144,"Patnt","SbMx1","Prsnt",225,0.00,0.00,17.29,30.81,1.97,1.19,0.00,0.00,0.00,3.90,0.00,2.50,0.00,0.00,0.00,0.00
144,"Patnt","SbMx1","Prsnt",235,0.00,0.00,14.49,28.48,1.82,1.08,0.00,0.00,0.00,3.44,0.00,2.26,0.00,0.00,0.00,0.00
144,"Patnt","SbMx1","Prsnt",245,0.00,0.00,12.06,26.21,1.67,0.97,0.00,0.00,0.00,3.03,0.00,2.04,0.00,0.00,0.00,0.00
144,"Patnt","SbMx1","Prsnt",255,0.00,0.00,9.97,24.01,1.53,0.87,0.00,0.00,0.00,2.65,0.00,1.83,0.00,0.00,0.00,0.00
145,"4s_3s","SbMx1","Exten",5,0.00,0.00,0.00,0.00,0.00,0.00,0.00,0.00,0.00,0.00,0.00,0.00,0.00,0.00,0.00,0.00
145,"4s_3s","SbMx1","Exten",15,0.00,0.00,1.76,2.08,0.19,0.12,0.00,0.00,0.00,0.19,0.00,0.06,0.00,0.00,0.00,0.00
145,"4s_3s","SbMx1","Exten",25,0.00,0.00,6.38,9.69,0.67,0.56,0.00,0.00,0.00,0.87,0.00,0.26,0.00,0.00,0.00,0.00
145,"4s_3s","SbMx1","Exten",35,0.00,0.00,14.07,21.63,1.34,1.22,0.00,0.00,0.00,2.15,0.00,0.66,0.00,0.00,0.00,0.00
145,"4s_3s","SbMx1","Exten",45,0.00,0.00,23.97,33.49,2.04,1.85,0.00,0.00,0.00,3.93,0.00,1.24,0.00,0.00,0.00,0.00
145,"4s_3s","SbMx1","Exten",55,0.00,0.00,34.43,42.45,2.62,2.30,0.00,0.00,0.00,5.86,0.00,1.92,0.00,0.00,0.00,0.00
145,"4s_3s","SbMx1","Exten",65,0.00,0.00,43.81,48.35,3.03,2.58,0.00,0.00,0.00,7.60,0.00,2.59,0.00,0.00,0.00,0.00
145,"4s_3s","SbMx1","Exten",75,0.00,0.00,51.32,52.03,3.29,2.73,0.00,0.00,0.00,8.94,0.00,3.19,0.00,0.00,0.00,0.00
145,"4s_3s","SbMx1","Exten",85,0.00,0.00,56.75,54.24,3.45,2.80,0.00,0.00,0.00,9.86,0.00,3.70,0.00,0.00,0.00,0.00
145,"4s_3s","SbMx1","Exten",95,0.00,0.00,60.17,55.43,3.53,2.81,0.00,0.00,0.00,10.39,0.00,4.09,0.00,0.00,0.00,0.00
145,"4s_3s","SbMx1","Exten",105,0.00,0.00,61.68,55.84,3.56,2.78,0.00,0.00,0.00,10.57,0.00,4.38,0.00,0.00,0.00,0.00
145,"4s_3s","SbMx1","Exten",115,0.00,0.00,61.43,55.59,3.54,2.72,0.00,0.00,0.00,10.48,0.00,4.56,0.00,0.00,0.00,0.00
145,"4s_3s","SbMx1","Exten",125,0.00,0.00,59.66,54.77,3.49,2.63,0.00,0.00,0.00,10.16,0.00,4.63,0.00,0.00,0.00,0.00
145,"4s_3s","SbMx1","Exten",135,0.00,0.00,56.62,53.44,3.41,2.52,0.00,0.00,0.00,9.68,0.00,4.61,0.00,0.00,0.00,0.00
145,"4s_3s","SbMx1","Exten",145,0.00,0.00,52.64,51.67,3.30,2.38,0.00,0.00,0.00,9.08,0.00,4.52,0.00,0.00,0.00,0.00
145,"4s_3s","SbMx1","Exten",155,0.00,0.00,48.02,49.53,3.16,2.24,0.00,0.00,0.00,8.41,0.00,4.35,0.00,0.00,0.00,0.00
145,"4s_3s","SbMx1","Exten",165,0.00,0.00,43.05,47.08,3.00,2.08,0.00,0.00,0.00,7.70,0.00,4.13,0.00,0.00,0.00,0.00
145,"4s_3s","SbMx1","Exten",175,0.00,0.00,37.97,44.39,2.83,1.92,0.00,0.00,0.00,6.97,0.00,3.87,0.00,0.00,0.00,0.00
145,"4s_3s","SbMx1","Exten",185,0.00,0.00,33.00,41.52,2.65,1.76,0.00,0.00,0.00,6.26,0.00,3.59,0.00,0.00,0.00,0.00
145,"4s_3s","SbMx1","Exten",195,0.00,0.00,28.28,38.54,2.46,1.60,0.00,0.00,0.00,5.56,0.00,3.29,0.00,0.00,0.00,0.00
145,"4s_3s","SbMx1","Exten",205,0.00,0.00,23.93,35.50,2.27,1.44,0.00,0.00,0.00,4.91,0.00,2.99,0.00,0.00,0.00,0.00
145,"4s_3s","SbMx1","Exten",215,0.00,0.00,20.00,32.46,2.07,1.29,0.00,0.00,0.00,4.29,0.00,2.68,0.00,0.00,0.00,0.00
145,"4s_3s","SbMx1","Exten",225,0.00,0.00,16.53,29.47,1.88,1.14,0.00,0.00,0.00,3.73,0.00,2.39,0.00,0.00,0.00,0.00
145,"4s_3s","SbMx1","Exten",235,0.00,0.00,13.52,26.56,1.70,1.00,0.00,0.00,0.00,3.21,0.00,2.11,0.00,0.00,0.00,0.00
145,"4s_3s","SbMx1","Exten",245,0.00,0.00,10.94,23.77,1.52,0.88,0.00,0.00,0.00,2.74,0.00,1.85,0.00,0.00,0.00,0.00
145,"4s_3s","SbMx1","Exten",255,0.00,0.00,8.76,21.12,1.35,0.76,0.00,0.00,0.00,2.33,0.00,1.60,0.00,0.00,0.00,0.00
146,"Patnt","SbMx1","Exten",5,0.00,0.00,0.00,0.00,0.00,0.00,0.00,0.00,0.00,0.00,0.00,0.00,0.00,0.00,0.00,0.00
146,"Patnt","SbMx1","Exten",15,0.00,0.00,2.00,2.36,0.22,0.13,0.00,0.00,0.00,0.22,0.00,0.07,0.00,0.00,0.00,0.00
146,"Patnt","SbMx1","Exten",25,0.00,0.00,7.01,10.65,0.74,0.62,0.00,0.00,0.00,0.96,0.00,0.29,0.00,0.00,0.00,0.00
146,"Patnt","SbMx1","Exten",35,0.00,0.00,15.04,23.13,1.43,1.31,0.00,0.00,0.00,2.30,0.00,0.71,0.00,0.00,0.00,0.00
146,"Patnt","SbMx1","Exten",45,0.00,0.00,25.00,34.92,2.13,1.93,0.00,0.00,0.00,4.10,0.00,1.30,0.00,0.00,0.00,0.00
146,"Patnt","SbMx1","Exten",55,0.00,0.00,35.11,43.29,2.67,2.34,0.00,0.00,0.00,5.98,0.00,1.96,0.00,0.00,0.00,0.00
146,"Patnt","SbMx1","Exten",65,0.00,0.00,43.81,48.35,3.03,2.58,0.00,0.00,0.00,7.60,0.00,2.59,0.00,0.00,0.00,0.00
146,"Patnt","SbMx1","Exten",75,0.00,0.00,50.45,51.15,3.24,2.68,0.00,0.00,0.00,8.79,0.00,3.14,0.00,0.00,0.00,0.00
146,"Patnt","SbMx1","Exten",85,0.00,0.00,55.00,52.56,3.34,2.71,0.00,0.00,0.00,9.56,0.00,3.58,0.00,0.00,0.00,0.00
146,"Patnt","SbMx1","Exten",95,0.00,0.00,57.63,53.09,3.38,2.69,0.00,0.00,0.00,9.95,0.00,3.92,0.00,0.00,0.00,0.00
146,"Patnt","SbMx1","Exten",105,0.00,0.00,58.54,53.00,3.38,2.64,0.00,0.00,0.00,10.04,0.00,4.15,0.00,0.00,0.00,0.00
146,"Patnt","SbMx1","Exten",115,0.00,0.00,57.93,52.42,3.34,2.56,0.00,0.00,0.00,9.88,0.00,4.30,0.00,0.00,0.00,0.00
146,"Patnt","SbMx1","Exten",125,0.00,0.00,56.04,51.45,3.28,2.47,0.00,0.00,0.00,9.55,0.00,4.35,0.00,0.00,0.00,0.00
146,"Patnt","SbMx1","Exten",135,0.00,0.00,53.13,50.14,3.20,2.36,0.00,0.00,0.00,9.09,0.00,4.33,0.00,0.00,0.00,0.00
146,"Patnt","SbMx1","Exten",145,0.00,0.00,49.47,48.55,3.10,2.24,0.00,0.00,0.00,8.54,0.00,4.24,0.00,0.00,0.00,0.00
146,"Patnt","SbMx1","Exten",155,0.00,0.00,45.31,46.73,2.98,2.11,0.00,0.00,0.00,7.94,0.00,4.11,0.00,0.00,0.00,0.00
146,"Patnt","SbMx1","Exten",165,0.00,0.00,40.89,44.72,2.85,1.98,0.00,0.00,0.00,7.31,0.00,3.93,0.00,0.00,0.00,0.00
146,"Patnt","SbMx1","Exten",175,0.00,0.00,36.41,42.56,2.72,1.84,0.00,0.00,0.00,6.69,0.00,3.72,0.00,0.00,0.00,0.00
146,"Patnt","SbMx1","Exten",185,0.00,0.00,32.03,40.30,2.57,1.71,0.00,0.00,0.00,6.07,0.00,3.48,0.00,0.00,0.00,0.00
146,"Patnt","SbMx1","Exten",195,0.00,0.00,27.86,37.96,2.42,1.57,0.00,0.00,0.00,5.48,0.00,3.24,0.00,0.00,0.00,0.00
146,"Patnt","SbMx1","Exten",205,0.00,0.00,23.98,35.58,2.27,1.44,0.00,0.00,0.00,4.92,0.00,2.99,0.00,0.00,0.00,0.00
146,"Patnt","SbMx1","Exten",215,0.00,0.00,20.45,33.19,2.12,1.32,0.00,0.00,0.00,4.39,0.00,2.74,0.00,0.00,0.00,0.00
146,"Patnt","SbMx1","Exten",225,0.00,0.00,17.29,30.81,1.97,1.19,0.00,0.00,0.00,3.90,0.00,2.50,0.00,0.00,0.00,0.00
146,"Patnt","SbMx1","Exten",235,0.00,0.00,14.49,28.48,1.82,1.08,0.00,0.00,0.00,3.44,0.00,2.26,0.00,0.00,0.00,0.00
146,"Patnt","SbMx1","Exten",245,0.00,0.00,12.06,26.21,1.67,0.97,0.00,0.00,0.00,3.03,0.00,2.04,0.00,0.00,0.00,0.00
146,"Patnt","SbMx1","Exten",255,0.00,0.00,9.97,24.01,1.53,0.87,0.00,0.00,0.00,2.65,0.00,1.83,0.00,0.00,0.00,0.00
147,"4s_3s","SbMx1","Basc1",5,0.00,0.00,0.00,0.00,0.00,0.00,0.00,0.00,0.00,0.00,0.00,0.00,0.00,0.00,0.00,0.00
147,"4s_3s","SbMx1","Basc1",15,0.00,0.00,1.76,2.08,0.19,0.12,0.00,0.00,0.00,0.19,0.00,0.06,0.00,0.00,0.00,0.00
147,"4s_3s","SbMx1","Basc1",25,0.00,0.00,6.38,9.69,0.67,0.56,0.00,0.00,0.00,0.87,0.00,0.26,0.00,0.00,0.00,0.00
147,"4s_3s","SbMx1","Basc1",35,0.00,0.00,14.07,21.63,1.34,1.22,0.00,0.00,0.00,2.15,0.00,0.66,0.00,0.00,0.00,0.00
147,"4s_3s","SbMx1","Basc1",45,0.00,0.00,23.97,33.49,2.04,1.85,0.00,0.00,0.00,3.93,0.00,1.24,0.00,0.00,0.00,0.00
147,"4s_3s","SbMx1","Basc1",55,0.00,0.00,34.43,42.45,2.62,2.30,0.00,0.00,0.00,5.86,0.00,1.92,0.00,0.00,0.00,0.00
147,"4s_3s","SbMx1","Basc1",65,0.00,0.00,43.81,48.35,3.03,2.58,0.00,0.00,0.00,7.60,0.00,2.59,0.00,0.00,0.00,0.00
147,"4s_3s","SbMx1","Basc1",75,0.00,0.00,51.32,52.03,3.29,2.73,0.00,0.00,0.00,8.94,0.00,3.19,0.00,0.00,0.00,0.00
147,"4s_3s","SbMx1","Basc1",85,0.00,0.00,56.75,54.24,3.45,2.80,0.00,0.00,0.00,9.86,0.00,3.70,0.00,0.00,0.00,0.00
147,"4s_3s","SbMx1","Basc1",95,0.00,0.00,60.17,55.43,3.53,2.81,0.00,0.00,0.00,10.39,0.00,4.09,0.00,0.00,0.00,0.00
147,"4s_3s","SbMx1","Basc1",105,0.00,0.00,61.68,55.84,3.56,2.78,0.00,0.00,0.00,10.57,0.00,4.38,0.00,0.00,0.00,0.00
147,"4s_3s","SbMx1","Basc1",115,0.00,0.00,61.43,55.59,3.54,2.72,0.00,0.00,0.00,10.48,0.00,4.56,0.00,0.00,0.00,0.00
147,"4s_3s","SbMx1","Basc1",125,0.00,0.00,59.66,54.77,3.49,2.63,0.00,0.00,0.00,10.16,0.00,4.63,0.00,0.00,0.00,0.00
147,"4s_3s","SbMx1","Basc1",135,0.00,0.00,56.62,53.44,3.41,2.52,0.00,0.00,0.00,9.68,0.00,4.61,0.00,0.00,0.00,0.00
147,"4s_3s","SbMx1","Basc1",145,0.00,0.00,52.64,51.67,3.30,2.38,0.00,0.00,0.00,9.08,0.00,4.52,0.00,0.00,0.00,0.00
147,"4s_3s","SbMx1","Basc1",155,0.00,0.00,48.02,49.53,3.16,2.24,0.00,0.00,0.00,8.41,0.00,4.35,0.00,0.00,0.00,0.00
147,"4s_3s","SbMx1","Basc1",165,0.00,0.00,43.05,47.08,3.00,2.08,0.00,0.00,0.00,7.70,0.00,4.13,0.00,0.00,0.00,0.00
147,"4s_3s","SbMx1","Basc1",175,0.00,0.00,37.97,44.39,2.83,1.92,0.00,0.00,0.00,6.97,0.00,3.87,0.00,0.00,0.00,0.00
147,"4s_3s","SbMx1","Basc1",185,0.00,0.00,33.00,41.52,2.65,1.76,0.00,0.00,0.00,6.26,0.00,3.59,0.00,0.00,0.00,0.00
147,"4s_3s","SbMx1","Basc1",195,0.00,0.00,28.28,38.54,2.46,1.60,0.00,0.00,0.00,5.56,0.00,3.29,0.00,0.00,0.00,0.00
147,"4s_3s","SbMx1","Basc1",205,0.00,0.00,23.93,35.50,2.27,1.44,0.00,0.00,0.00,4.91,0.00,2.99,0.00,0.00,0.00,0.00
147,"4s_3s","SbMx1","Basc1",215,0.00,0.00,20.00,32.46,2.07,1.29,0.00,0.00,0.00,4.29,0.00,2.68,0.00,0.00,0.00,0.00
147,"4s_3s","SbMx1","Basc1",225,0.00,0.00,16.53,29.47,1.88,1.14,0.00,0.00,0.00,3.73,0.00,2.39,0.00,0.00,0.00,0.00
147,"4s_3s","SbMx1","Basc1",235,0.00,0.00,13.52,26.56,1.70,1.00,0.00,0.00,0.00,3.21,0.00,2.11,0.00,0.00,0.00,0.00
147,"4s_3s","SbMx1","Basc1",245,0.00,0.00,10.94,23.77,1.52,0.88,0.00,0.00,0.00,2.74,0.00,1.85,0.00,0.00,0.00,0.00
147,"4s_3s","SbMx1","Basc1",255,0.00,0.00,8.76,21.12,1.35,0.76,0.00,0.00,0.00,2.33,0.00,1.60,0.00,0.00,0.00,0.00
148,"Patnt","SbMx1","Basc1",5,0.00,0.00,0.00,0.00,0.00,0.00,0.00,0.00,0.00,0.00,0.00,0.00,0.00,0.00,0.00,0.00
148,"Patnt","SbMx1","Basc1",15,0.00,0.00,2.00,2.36,0.22,0.13,0.00,0.00,0.00,0.22,0.00,0.07,0.00,0.00,0.00,0.00
148,"Patnt","SbMx1","Basc1",25,0.00,0.00,7.01,10.65,0.74,0.62,0.00,0.00,0.00,0.96,0.00,0.29,0.00,0.00,0.00,0.00
148,"Patnt","SbMx1","Basc1",35,0.00,0.00,15.04,23.13,1.43,1.31,0.00,0.00,0.00,2.30,0.00,0.71,0.00,0.00,0.00,0.00
148,"Patnt","SbMx1","Basc1",45,0.00,0.00,25.00,34.92,2.13,1.93,0.00,0.00,0.00,4.10,0.00,1.30,0.00,0.00,0.00,0.00
148,"Patnt","SbMx1","Basc1",55,0.00,0.00,35.11,43.29,2.67,2.34,0.00,0.00,0.00,5.98,0.00,1.96,0.00,0.00,0.00,0.00
148,"Patnt","SbMx1","Basc1",65,0.00,0.00,43.81,48.35,3.03,2.58,0.00,0.00,0.00,7.60,0.00,2.59,0.00,0.00,0.00,0.00
148,"Patnt","SbMx1","Basc1",75,0.00,0.00,50.45,51.15,3.24,2.68,0.00,0.00,0.00,8.79,0.00,3.14,0.00,0.00,0.00,0.00
148,"Patnt","SbMx1","Basc1",85,0.00,0.00,55.00,52.56,3.34,2.71,0.00,0.00,0.00,9.56,0.00,3.58,0.00,0.00,0.00,0.00
148,"Patnt","SbMx1","Basc1",95,0.00,0.00,57.63,53.09,3.38,2.69,0.00,0.00,0.00,9.95,0.00,3.92,0.00,0.00,0.00,0.00
148,"Patnt","SbMx1","Basc1",105,0.00,0.00,58.54,53.00,3.38,2.64,0.00,0.00,0.00,10.04,0.00,4.15,0.00,0.00,0.00,0.00
148,"Patnt","SbMx1","Basc1",115,0.00,0.00,57.93,52.42,3.34,2.56,0.00,0.00,0.00,9.88,0.00,4.30,0.00,0.00,0.00,0.00
148,"Patnt","SbMx1","Basc1",125,0.00,0.00,56.04,51.45,3.28,2.47,0.00,0.00,0.00,9.55,0.00,4.35,0.00,0.00,0.00,0.00
148,"Patnt","SbMx1","Basc1",135,0.00,0.00,53.13,50.14,3.20,2.36,0.00,0.00,0.00,9.09,0.00,4.33,0.00,0.00,0.00,0.00
148,"Patnt","SbMx1","Basc1",145,0.00,0.00,49.47,48.55,3.10,2.24,0.00,0.00,0.00,8.54,0.00,4.24,0.00,0.00,0.00,0.00
148,"Patnt","SbMx1","Basc1",155,0.00,0.00,45.31,46.73,2.98,2.11,0.00,0.00,0.00,7.94,0.00,4.11,0.00,0.00,0.00,0.00
148,"Patnt","SbMx1","Basc1",165,0.00,0.00,40.89,44.72,2.85,1.98,0.00,0.00,0.00,7.31,0.00,3.93,0.00,0.00,0.00,0.00
148,"Patnt","SbMx1","Basc1",175,0.00,0.00,36.41,42.56,2.72,1.84,0.00,0.00,0.00,6.69,0.00,3.72,0.00,0.00,0.00,0.00
148,"Patnt","SbMx1","Basc1",185,0.00,0.00,32.03,40.30,2.57,1.71,0.00,0.00,0.00,6.07,0.00,3.48,0.00,0.00,0.00,0.00
148,"Patnt","SbMx1","Basc1",195,0.00,0.00,27.86,37.96,2.42,1.57,0.00,0.00,0.00,5.48,0.00,3.24,0.00,0.00,0.00,0.00
148,"Patnt","SbMx1","Basc1",205,0.00,0.00,23.98,35.58,2.27,1.44,0.00,0.00,0.00,4.92,0.00,2.99,0.00,0.00,0.00,0.00
148,"Patnt","SbMx1","Basc1",215,0.00,0.00,20.45,33.19,2.12,1.32,0.00,0.00,0.00,4.39,0.00,2.74,0.00,0.00,0.00,0.00
148,"Patnt","SbMx1","Basc1",225,0.00,0.00,17.29,30.81,1.97,1.19,0.00,0.00,0.00,3.90,0.00,2.50,0.00,0.00,0.00,0.00
148,"Patnt","SbMx1","Basc1",235,0.00,0.00,14.49,28.48,1.82,1.08,0.00,0.00,0.00,3.44,0.00,2.26,0.00,0.00,0.00,0.00
148,"Patnt","SbMx1","Basc1",245,0.00,0.00,12.06,26.21,1.67,0.97,0.00,0.00,0.00,3.03,0.00,2.04,0.00,0.00,0.00,0.00
148,"Patnt","SbMx1","Basc1",255,0.00,0.00,9.97,24.01,1.53,0.87,0.00,0.00,0.00,2.65,0.00,1.83,0.00,0.00,0.00,0.00
149,"4s_3s","SbMx1","Basc2",5,0.00,0.00,0.00,0.00,0.00,0.00,0.00,0.00,0.00,0.00,0.00,0.00,0.00,0.00,0.00,0.00
149,"4s_3s","SbMx1","Basc2",15,0.00,0.00,1.76,2.08,0.19,0.12,0.00,0.00,0.00,0.19,0.00,0.06,0.00,0.00,0.00,0.00
149,"4s_3s","SbMx1","Basc2",25,0.00,0.00,6.38,9.69,0.67,0.56,0.00,0.00,0.00,0.87,0.00,0.26,0.00,0.00,0.00,0.00
149,"4s_3s","SbMx1","Basc2",35,0.00,0.00,14.07,21.63,1.34,1.22,0.00,0.00,0.00,2.15,0.00,0.66,0.00,0.00,0.00,0.00
149,"4s_3s","SbMx1","Basc2",45,0.00,0.00,23.97,33.49,2.04,1.85,0.00,0.00,0.00,3.93,0.00,1.24,0.00,0.00,0.00,0.00
149,"4s_3s","SbMx1","Basc2",55,0.00,0.00,34.43,42.45,2.62,2.30,0.00,0.00,0.00,5.86,0.00,1.92,0.00,0.00,0.00,0.00
149,"4s_3s","SbMx1","Basc2",65,0.00,0.00,43.81,48.35,3.03,2.58,0.00,0.00,0.00,7.60,0.00,2.59,0.00,0.00,0.00,0.00
149,"4s_3s","SbMx1","Basc2",75,0.00,0.00,51.32,52.03,3.29,2.73,0.00,0.00,0.00,8.94,0.00,3.19,0.00,0.00,0.00,0.00
149,"4s_3s","SbMx1","Basc2",85,0.00,0.00,56.75,54.24,3.45,2.80,0.00,0.00,0.00,9.86,0.00,3.70,0.00,0.00,0.00,0.00
149,"4s_3s","SbMx1","Basc2",95,0.00,0.00,60.17,55.43,3.53,2.81,0.00,0.00,0.00,10.39,0.00,4.09,0.00,0.00,0.00,0.00
149,"4s_3s","SbMx1","Basc2",105,0.00,0.00,61.68,55.84,3.56,2.78,0.00,0.00,0.00,10.57,0.00,4.38,0.00,0.00,0.00,0.00
149,"4s_3s","SbMx1","Basc2",115,0.00,0.00,61.43,55.59,3.54,2.72,0.00,0.00,0.00,10.48,0.00,4.56,0.00,0.00,0.00,0.00
149,"4s_3s","SbMx1","Basc2",125,0.00,0.00,59.66,54.77,3.49,2.63,0.00,0.00,0.00,10.16,0.00,4.63,0.00,0.00,0.00,0.00
149,"4s_3s","SbMx1","Basc2",135,0.00,0.00,56.62,53.44,3.41,2.52,0.00,0.00,0.00,9.68,0.00,4.61,0.00,0.00,0.00,0.00
149,"4s_3s","SbMx1","Basc2",145,0.00,0.00,52.64,51.67,3.30,2.38,0.00,0.00,0.00,9.08,0.00,4.52,0.00,0.00,0.00,0.00
149,"4s_3s","SbMx1","Basc2",155,0.00,0.00,48.02,49.53,3.16,2.24,0.00,0.00,0.00,8.41,0.00,4.35,0.00,0.00,0.00,0.00
149,"4s_3s","SbMx1","Basc2",165,0.00,0.00,43.05,47.08,3.00,2.08,0.00,0.00,0.00,7.70,0.00,4.13,0.00,0.00,0.00,0.00
149,"4s_3s","SbMx1","Basc2",175,0.00,0.00,37.97,44.39,2.83,1.92,0.00,0.00,0.00,6.97,0.00,3.87,0.00,0.00,0.00,0.00
149,"4s_3s","SbMx1","Basc2",185,0.00,0.00,33.00,41.52,2.65,1.76,0.00,0.00,0.00,6.26,0.00,3.59,0.00,0.00,0.00,0.00
149,"4s_3s","SbMx1","Basc2",195,0.00,0.00,28.28,38.54,2.46,1.60,0.00,0.00,0.00,5.56,0.00,3.29,0.00,0.00,0.00,0.00
149,"4s_3s","SbMx1","Basc2",205,0.00,0.00,23.93,35.50,2.27,1.44,0.00,0.00,0.00,4.91,0.00,2.99,0.00,0.00,0.00,0.00
149,"4s_3s","SbMx1","Basc2",215,0.00,0.00,20.00,32.46,2.07,1.29,0.00,0.00,0.00,4.29,0.00,2.68,0.00,0.00,0.00,0.00
149,"4s_3s","SbMx1","Basc2",225,0.00,0.00,16.53,29.47,1.88,1.14,0.00,0.00,0.00,3.73,0.00,2.39,0.00,0.00,0.00,0.00
149,"4s_3s","SbMx1","Basc2",235,0.00,0.00,13.52,26.56,1.70,1.00,0.00,0.00,0.00,3.21,0.00,2.11,0.00,0.00,0.00,0.00
149,"4s_3s","SbMx1","Basc2",245,0.00,0.00,10.94,23.77,1.52,0.88,0.00,0.00,0.00,2.74,0.00,1.85,0.00,0.00,0.00,0.00
149,"4s_3s","SbMx1","Basc2",255,0.00,0.00,8.76,21.12,1.35,0.76,0.00,0.00,0.00,2.33,0.00,1.60,0.00,0.00,0.00,0.00
150,"Patnt","SbMx1","Basc2",5,0.00,0.00,0.00,0.00,0.00,0.00,0.00,0.00,0.00,0.00,0.00,0.00,0.00,0.00,0.00,0.00
150,"Patnt","SbMx1","Basc2",15,0.00,0.00,2.00,2.36,0.22,0.13,0.00,0.00,0.00,0.22,0.00,0.07,0.00,0.00,0.00,0.00
150,"Patnt","SbMx1","Basc2",25,0.00,0.00,7.01,10.65,0.74,0.62,0.00,0.00,0.00,0.96,0.00,0.29,0.00,0.00,0.00,0.00
150,"Patnt","SbMx1","Basc2",35,0.00,0.00,15.04,23.13,1.43,1.31,0.00,0.00,0.00,2.30,0.00,0.71,0.00,0.00,0.00,0.00
150,"Patnt","SbMx1","Basc2",45,0.00,0.00,25.00,34.92,2.13,1.93,0.00,0.00,0.00,4.10,0.00,1.30,0.00,0.00,0.00,0.00
150,"Patnt","SbMx1","Basc2",55,0.00,0.00,35.11,43.29,2.67,2.34,0.00,0.00,0.00,5.98,0.00,1.96,0.00,0.00,0.00,0.00
150,"Patnt","SbMx1","Basc2",65,0.00,0.00,43.81,48.35,3.03,2.58,0.00,0.00,0.00,7.60,0.00,2.59,0.00,0.00,0.00,0.00
150,"Patnt","SbMx1","Basc2",75,0.00,0.00,50.45,51.15,3.24,2.68,0.00,0.00,0.00,8.79,0.00,3.14,0.00,0.00,0.00,0.00
150,"Patnt","SbMx1","Basc2",85,0.00,0.00,55.00,52.56,3.34,2.71,0.00,0.00,0.00,9.56,0.00,3.58,0.00,0.00,0.00,0.00
150,"Patnt","SbMx1","Basc2",95,0.00,0.00,57.63,53.09,3.38,2.69,0.00,0.00,0.00,9.95,0.00,3.92,0.00,0.00,0.00,0.00
150,"Patnt","SbMx1","Basc2",105,0.00,0.00,58.54,53.00,3.38,2.64,0.00,0.00,0.00,10.04,0.00,4.15,0.00,0.00,0.00,0.00
150,"Patnt","SbMx1","Basc2",115,0.00,0.00,57.93,52.42,3.34,2.56,0.00,0.00,0.00,9.88,0.00,4.30,0.00,0.00,0.00,0.00
150,"Patnt","SbMx1","Basc2",125,0.00,0.00,56.04,51.45,3.28,2.47,0.00,0.00,0.00,9.55,0.00,4.35,0.00,0.00,0.00,0.00
150,"Patnt","SbMx1","Basc2",135,0.00,0.00,53.13,50.14,3.20,2.36,0.00,0.00,0.00,9.09,0.00,4.33,0.00,0.00,0.00,0.00
150,"Patnt","SbMx1","Basc2",145,0.00,0.00,49.47,48.55,3.10,2.24,0.00,0.00,0.00,8.54,0.00,4.24,0.00,0.00,0.00,0.00
150,"Patnt","SbMx1","Basc2",155,0.00,0.00,45.31,46.73,2.98,2.11,0.00,0.00,0.00,7.94,0.00,4.11,0.00,0.00,0.00,0.00
150,"Patnt","SbMx1","Basc2",165,0.00,0.00,40.89,44.72,2.85,1.98,0.00,0.00,0.00,7.31,0.00,3.93,0.00,0.00,0.00,0.00
150,"Patnt","SbMx1","Basc2",175,0.00,0.00,36.41,42.56,2.72,1.84,0.00,0.00,0.00,6.69,0.00,3.72,0.00,0.00,0.00,0.00
150,"Patnt","SbMx1","Basc2",185,0.00,0.00,32.03,40.30,2.57,1.71,0.00,0.00,0.00,6.07,0.00,3.48,0.00,0.00,0.00,0.00
150,"Patnt","SbMx1","Basc2",195,0.00,0.00,27.86,37.96,2.42,1.57,0.00,0.00,0.00,5.48,0.00,3.24,0.00,0.00,0.00,0.00
150,"Patnt","SbMx1","Basc2",205,0.00,0.00,23.98,35.58,2.27,1.44,0.00,0.00,0.00,4.92,0.00,2.99,0.00,0.00,0.00,0.00
150,"Patnt","SbMx1","Basc2",215,0.00,0.00,20.45,33.19,2.12,1.32,0.00,0.00,0.00,4.39,0.00,2.74,0.00,0.00,0.00,0.00
150,"Patnt","SbMx1","Basc2",225,0.00,0.00,17.29,30.81,1.97,1.19,0.00,0.00,0.00,3.90,0.00,2.50,0.00,0.00,0.00,0.00
150,"Patnt","SbMx1","Basc2",235,0.00,0.00,14.49,28.48,1.82,1.08,0.00,0.00,0.00,3.44,0.00,2.26,0.00,0.00,0.00,0.00
150,"Patnt","SbMx1","Basc2",245,0.00,0.00,12.06,26.21,1.67,0.97,0.00,0.00,0.00,3.03,0.00,2.04,0.00,0.00,0.00,0.00
150,"Patnt","SbMx1","Basc2",255,0.00,0.00,9.97,24.01,1.53,0.87,0.00,0.00,0.00,2.65,0.00,1.83,0.00,0.00,0.00,0.00
151,"4s_3s","SbMx1","Intn1",5,0.00,0.00,0.00,0.00,0.00,0.00,0.00,0.00,0.00,0.00,0.00,0.00,0.00,0.00,0.00,0.00
151,"4s_3s","SbMx1","Intn1",15,0.00,0.00,1.76,2.08,0.19,0.12,0.00,0.00,0.00,0.19,0.00,0.06,0.00,0.00,0.00,0.00
151,"4s_3s","SbMx1","Intn1",25,0.00,0.00,6.38,9.69,0.67,0.56,0.00,0.00,0.00,0.87,0.00,0.26,0.00,0.00,0.00,0.00
151,"4s_3s","SbMx1","Intn1",35,0.00,0.00,14.07,21.63,1.34,1.22,0.00,0.00,0.00,2.15,0.00,0.66,0.00,0.00,0.00,0.00
151,"4s_3s","SbMx1","Intn1",45,0.00,0.00,23.97,33.49,2.04,1.85,0.00,0.00,0.00,3.93,0.00,1.24,0.00,0.00,0.00,0.00
151,"4s_3s","SbMx1","Intn1",55,0.00,0.00,34.43,42.45,2.62,2.30,0.00,0.00,0.00,5.86,0.00,1.92,0.00,0.00,0.00,0.00
151,"4s_3s","SbMx1","Intn1",65,0.00,0.00,43.81,48.35,3.03,2.58,0.00,0.00,0.00,7.60,0.00,2.59,0.00,0.00,0.00,0.00
151,"4s_3s","SbMx1","Intn1",75,0.00,0.00,51.32,52.03,3.29,2.73,0.00,0.00,0.00,8.94,0.00,3.19,0.00,0.00,0.00,0.00
151,"4s_3s","SbMx1","Intn1",85,0.00,0.00,56.75,54.24,3.45,2.80,0.00,0.00,0.00,9.86,0.00,3.70,0.00,0.00,0.00,0.00
151,"4s_3s","SbMx1","Intn1",95,0.00,0.00,60.17,55.43,3.53,2.81,0.00,0.00,0.00,10.39,0.00,4.09,0.00,0.00,0.00,0.00
151,"4s_3s","SbMx1","Intn1",105,0.00,0.00,61.68,55.84,3.56,2.78,0.00,0.00,0.00,10.57,0.00,4.38,0.00,0.00,0.00,0.00
151,"4s_3s","SbMx1","Intn1",115,0.00,0.00,61.43,55.59,3.54,2.72,0.00,0.00,0.00,10.48,0.00,4.56,0.00,0.00,0.00,0.00
151,"4s_3s","SbMx1","Intn1",125,0.00,0.00,59.66,54.77,3.49,2.63,0.00,0.00,0.00,10.16,0.00,4.63,0.00,0.00,0.00,0.00
151,"4s_3s","SbMx1","Intn1",135,0.00,0.00,56.62,53.44,3.41,2.52,0.00,0.00,0.00,9.68,0.00,4.61,0.00,0.00,0.00,0.00
151,"4s_3s","SbMx1","Intn1",145,0.00,0.00,52.64,51.67,3.30,2.38,0.00,0.00,0.00,9.08,0.00,4.52,0.00,0.00,0.00,0.00
151,"4s_3s","SbMx1","Intn1",155,0.00,0.00,48.02,49.53,3.16,2.24,0.00,0.00,0.00,8.41,0.00,4.35,0.00,0.00,0.00,0.00
151,"4s_3s","SbMx1","Intn1",165,0.00,0.00,43.05,47.08,3.00,2.08,0.00,0.00,0.00,7.70,0.00,4.13,0.00,0.00,0.00,0.00
151,"4s_3s","SbMx1","Intn1",175,0.00,0.00,37.97,44.39,2.83,1.92,0.00,0.00,0.00,6.97,0.00,3.87,0.00,0.00,0.00,0.00
151,"4s_3s","SbMx1","Intn1",185,0.00,0.00,33.00,41.52,2.65,1.76,0.00,0.00,0.00,6.26,0.00,3.59,0.00,0.00,0.00,0.00
151,"4s_3s","SbMx1","Intn1",195,0.00,0.00,28.28,38.54,2.46,1.60,0.00,0.00,0.00,5.56,0.00,3.29,0.00,0.00,0.00,0.00
151,"4s_3s","SbMx1","Intn1",205,0.00,0.00,23.93,35.50,2.27,1.44,0.00,0.00,0.00,4.91,0.00,2.99,0.00,0.00,0.00,0.00
151,"4s_3s","SbMx1","Intn1",215,0.00,0.00,20.00,32.46,2.07,1.29,0.00,0.00,0.00,4.29,0.00,2.68,0.00,0.00,0.00,0.00
151,"4s_3s","SbMx1","Intn1",225,0.00,0.00,16.53,29.47,1.88,1.14,0.00,0.00,0.00,3.73,0.00,2.39,0.00,0.00,0.00,0.00
151,"4s_3s","SbMx1","Intn1",235,0.00,0.00,13.52,26.56,1.70,1.00,0.00,0.00,0.00,3.21,0.00,2.11,0.00,0.00,0.00,0.00
151,"4s_3s","SbMx1","Intn1",245,0.00,0.00,10.94,23.77,1.52,0.88,0.00,0.00,0.00,2.74,0.00,1.85,0.00,0.00,0.00,0.00
151,"4s_3s","SbMx1","Intn1",255,0.00,0.00,8.76,21.12,1.35,0.76,0.00,0.00,0.00,2.33,0.00,1.60,0.00,0.00,0.00,0.00
152,"Patnt","SbMx1","Intn1",5,0.00,0.00,0.00,0.00,0.00,0.00,0.00,0.00,0.00,0.00,0.00,0.00,0.00,0.00,0.00,0.00
152,"Patnt","SbMx1","Intn1",15,0.00,0.00,2.00,2.36,0.22,0.13,0.00,0.00,0.00,0.22,0.00,0.07,0.00,0.00,0.00,0.00
152,"Patnt","SbMx1","Intn1",25,0.00,0.00,7.01,10.65,0.74,0.62,0.00,0.00,0.00,0.96,0.00,0.29,0.00,0.00,0.00,0.00
152,"Patnt","SbMx1","Intn1",35,0.00,0.00,15.04,23.13,1.43,1.31,0.00,0.00,0.00,2.30,0.00,0.71,0.00,0.00,0.00,0.00
152,"Patnt","SbMx1","Intn1",45,0.00,0.00,25.00,34.92,2.13,1.93,0.00,0.00,0.00,4.10,0.00,1.30,0.00,0.00,0.00,0.00
152,"Patnt","SbMx1","Intn1",55,0.00,0.00,35.11,43.29,2.67,2.34,0.00,0.00,0.00,5.98,0.00,1.96,0.00,0.00,0.00,0.00
152,"Patnt","SbMx1","Intn1",65,0.00,0.00,43.81,48.35,3.03,2.58,0.00,0.00,0.00,7.60,0.00,2.59,0.00,0.00,0.00,0.00
152,"Patnt","SbMx1","Intn1",75,0.00,0.00,50.45,51.15,3.24,2.68,0.00,0.00,0.00,8.79,0.00,3.14,0.00,0.00,0.00,0.00
152,"Patnt","SbMx1","Intn1",85,0.00,0.00,55.00,52.56,3.34,2.71,0.00,0.00,0.00,9.56,0.00,3.58,0.00,0.00,0.00,0.00
152,"Patnt","SbMx1","Intn1",95,0.00,0.00,57.63,53.09,3.38,2.69,0.00,0.00,0.00,9.95,0.00,3.92,0.00,0.00,0.00,0.00
152,"Patnt","SbMx1","Intn1",105,0.00,0.00,58.54,53.00,3.38,2.64,0.00,0.00,0.00,10.04,0.00,4.15,0.00,0.00,0.00,0.00
152,"Patnt","SbMx1","Intn1",115,0.00,0.00,57.93,52.42,3.34,2.56,0.00,0.00,0.00,9.88,0.00,4.30,0.00,0.00,0.00,0.00
152,"Patnt","SbMx1","Intn1",125,0.00,0.00,56.04,51.45,3.28,2.47,0.00,0.00,0.00,9.55,0.00,4.35,0.00,0.00,0.00,0.00
152,"Patnt","SbMx1","Intn1",135,0.00,0.00,53.13,50.14,3.20,2.36,0.00,0.00,0.00,9.09,0.00,4.33,0.00,0.00,0.00,0.00
152,"Patnt","SbMx1","Intn1",145,0.00,0.00,49.47,48.55,3.10,2.24,0.00,0.00,0.00,8.54,0.00,4.24,0.00,0.00,0.00,0.00
152,"Patnt","SbMx1","Intn1",155,0.00,0.00,45.31,46.73,2.98,2.11,0.00,0.00,0.00,7.94,0.00,4.11,0.00,0.00,0.00,0.00
152,"Patnt","SbMx1","Intn1",165,0.00,0.00,40.89,44.72,2.85,1.98,0.00,0.00,0.00,7.31,0.00,3.93,0.00,0.00,0.00,0.00
152,"Patnt","SbMx1","Intn1",175,0.00,0.00,36.41,42.56,2.72,1.84,0.00,0.00,0.00,6.69,0.00,3.72,0.00,0.00,0.00,0.00
152,"Patnt","SbMx1","Intn1",185,0.00,0.00,32.03,40.30,2.57,1.71,0.00,0.00,0.00,6.07,0.00,3.48,0.00,0.00,0.00,0.00
152,"Patnt","SbMx1","Intn1",195,0.00,0.00,27.86,37.96,2.42,1.57,0.00,0.00,0.00,5.48,0.00,3.24,0.00,0.00,0.00,0.00
152,"Patnt","SbMx1","Intn1",205,0.00,0.00,23.98,35.58,2.27,1.44,0.00,0.00,0.00,4.92,0.00,2.99,0.00,0.00,0.00,0.00
152,"Patnt","SbMx1","Intn1",215,0.00,0.00,20.45,33.19,2.12,1.32,0.00,0.00,0.00,4.39,0.00,2.74,0.00,0.00,0.00,0.00
152,"Patnt","SbMx1","Intn1",225,0.00,0.00,17.29,30.81,1.97,1.19,0.00,0.00,0.00,3.90,0.00,2.50,0.00,0.00,0.00,0.00
152,"Patnt","SbMx1","Intn1",235,0.00,0.00,14.49,28.48,1.82,1.08,0.00,0.00,0.00,3.44,0.00,2.26,0.00,0.00,0.00,0.00
152,"Patnt","SbMx1","Intn1",245,0.00,0.00,12.06,26.21,1.67,0.97,0.00,0.00,0.00,3.03,0.00,2.04,0.00,0.00,0.00,0.00
152,"Patnt","SbMx1","Intn1",255,0.00,0.00,9.97,24.01,1.53,0.87,0.00,0.00,0.00,2.65,0.00,1.83,0.00,0.00,0.00,0.00
153,"4s_3s","SbMx1","Intn2",5,0.00,0.00,0.00,0.00,0.00,0.00,0.00,0.00,0.00,0.00,0.00,0.00,0.00,0.00,0.00,0.00
153,"4s_3s","SbMx1","Intn2",15,0.00,0.00,1.76,2.08,0.19,0.12,0.00,0.00,0.00,0.19,0.00,0.06,0.00,0.00,0.00,0.00
153,"4s_3s","SbMx1","Intn2",25,0.00,0.00,6.38,9.69,0.67,0.56,0.00,0.00,0.00,0.87,0.00,0.26,0.00,0.00,0.00,0.00
153,"4s_3s","SbMx1","Intn2",35,0.00,0.00,14.07,21.63,1.34,1.22,0.00,0.00,0.00,2.15,0.00,0.66,0.00,0.00,0.00,0.00
153,"4s_3s","SbMx1","Intn2",45,0.00,0.00,23.97,33.49,2.04,1.85,0.00,0.00,0.00,3.93,0.00,1.24,0.00,0.00,0.00,0.00
153,"4s_3s","SbMx1","Intn2",55,0.00,0.00,34.43,42.45,2.62,2.30,0.00,0.00,0.00,5.86,0.00,1.92,0.00,0.00,0.00,0.00
153,"4s_3s","SbMx1","Intn2",65,0.00,0.00,43.81,48.35,3.03,2.58,0.00,0.00,0.00,7.60,0.00,2.59,0.00,0.00,0.00,0.00
153,"4s_3s","SbMx1","Intn2",75,0.00,0.00,51.32,52.03,3.29,2.73,0.00,0.00,0.00,8.94,0.00,3.19,0.00,0.00,0.00,0.00
153,"4s_3s","SbMx1","Intn2",85,0.00,0.00,56.75,54.24,3.45,2.80,0.00,0.00,0.00,9.86,0.00,3.70,0.00,0.00,0.00,0.00
153,"4s_3s","SbMx1","Intn2",95,0.00,0.00,60.17,55.43,3.53,2.81,0.00,0.00,0.00,10.39,0.00,4.09,0.00,0.00,0.00,0.00
153,"4s_3s","SbMx1","Intn2",105,0.00,0.00,61.68,55.84,3.56,2.78,0.00,0.00,0.00,10.57,0.00,4.38,0.00,0.00,0.00,0.00
153,"4s_3s","SbMx1","Intn2",115,0.00,0.00,61.43,55.59,3.54,2.72,0.00,0.00,0.00,10.48,0.00,4.56,0.00,0.00,0.00,0.00
153,"4s_3s","SbMx1","Intn2",125,0.00,0.00,59.66,54.77,3.49,2.63,0.00,0.00,0.00,10.16,0.00,4.63,0.00,0.00,0.00,0.00
153,"4s_3s","SbMx1","Intn2",135,0.00,0.00,56.62,53.44,3.41,2.52,0.00,0.00,0.00,9.68,0.00,4.61,0.00,0.00,0.00,0.00
153,"4s_3s","SbMx1","Intn2",145,0.00,0.00,52.64,51.67,3.30,2.38,0.00,0.00,0.00,9.08,0.00,4.52,0.00,0.00,0.00,0.00
153,"4s_3s","SbMx1","Intn2",155,0.00,0.00,48.02,49.53,3.16,2.24,0.00,0.00,0.00,8.41,0.00,4.35,0.00,0.00,0.00,0.00
153,"4s_3s","SbMx1","Intn2",165,0.00,0.00,43.05,47.08,3.00,2.08,0.00,0.00,0.00,7.70,0.00,4.13,0.00,0.00,0.00,0.00
153,"4s_3s","SbMx1","Intn2",175,0.00,0.00,37.97,44.39,2.83,1.92,0.00,0.00,0.00,6.97,0.00,3.87,0.00,0.00,0.00,0.00
153,"4s_3s","SbMx1","Intn2",185,0.00,0.00,33.00,41.52,2.65,1.76,0.00,0.00,0.00,6.26,0.00,3.59,0.00,0.00,0.00,0.00
153,"4s_3s","SbMx1","Intn2",195,0.00,0.00,28.28,38.54,2.46,1.60,0.00,0.00,0.00,5.56,0.00,3.29,0.00,0.00,0.00,0.00
153,"4s_3s","SbMx1","Intn2",205,0.00,0.00,23.93,35.50,2.27,1.44,0.00,0.00,0.00,4.91,0.00,2.99,0.00,0.00,0.00,0.00
153,"4s_3s","SbMx1","Intn2",215,0.00,0.00,20.00,32.46,2.07,1.29,0.00,0.00,0.00,4.29,0.00,2.68,0.00,0.00,0.00,0.00
153,"4s_3s","SbMx1","Intn2",225,0.00,0.00,16.53,29.47,1.88,1.14,0.00,0.00,0.00,3.73,0.00,2.39,0.00,0.00,0.00,0.00
153,"4s_3s","SbMx1","Intn2",235,0.00,0.00,13.52,26.56,1.70,1.00,0.00,0.00,0.00,3.21,0.00,2.11,0.00,0.00,0.00,0.00
153,"4s_3s","SbMx1","Intn2",245,0.00,0.00,10.94,23.77,1.52,0.88,0.00,0.00,0.00,2.74,0.00,1.85,0.00,0.00,0.00,0.00
153,"4s_3s","SbMx1","Intn2",255,0.00,0.00,8.76,21.12,1.35,0.76,0.00,0.00,0.00,2.33,0.00,1.60,0.00,0.00,0.00,0.00
154,"Patnt","SbMx1","Intn2",5,0.00,0.00,0.00,0.00,0.00,0.00,0.00,0.00,0.00,0.00,0.00,0.00,0.00,0.00,0.00,0.00
154,"Patnt","SbMx1","Intn2",15,0.00,0.00,2.00,2.36,0.22,0.13,0.00,0.00,0.00,0.22,0.00,0.07,0.00,0.00,0.00,0.00
154,"Patnt","SbMx1","Intn2",25,0.00,0.00,7.01,10.65,0.74,0.62,0.00,0.00,0.00,0.96,0.00,0.29,0.00,0.00,0.00,0.00
154,"Patnt","SbMx1","Intn2",35,0.00,0.00,15.04,23.13,1.43,1.31,0.00,0.00,0.00,2.30,0.00,0.71,0.00,0.00,0.00,0.00
154,"Patnt","SbMx1","Intn2",45,0.00,0.00,25.00,34.92,2.13,1.93,0.00,0.00,0.00,4.10,0.00,1.30,0.00,0.00,0.00,0.00
154,"Patnt","SbMx1","Intn2",55,0.00,0.00,35.11,43.29,2.67,2.34,0.00,0.00,0.00,5.98,0.00,1.96,0.00,0.00,0.00,0.00
154,"Patnt","SbMx1","Intn2",65,0.00,0.00,43.81,48.35,3.03,2.58,0.00,0.00,0.00,7.60,0.00,2.59,0.00,0.00,0.00,0.00
154,"Patnt","SbMx1","Intn2",75,0.00,0.00,50.45,51.15,3.24,2.68,0.00,0.00,0.00,8.79,0.00,3.14,0.00,0.00,0.00,0.00
154,"Patnt","SbMx1","Intn2",85,0.00,0.00,55.00,52.56,3.34,2.71,0.00,0.00,0.00,9.56,0.00,3.58,0.00,0.00,0.00,0.00
154,"Patnt","SbMx1","Intn2",95,0.00,0.00,57.63,53.09,3.38,2.69,0.00,0.00,0.00,9.95,0.00,3.92,0.00,0.00,0.00,0.00
154,"Patnt","SbMx1","Intn2",105,0.00,0.00,58.54,53.00,3.38,2.64,0.00,0.00,0.00,10.04,0.00,4.15,0.00,0.00,0.00,0.00
154,"Patnt","SbMx1","Intn2",115,0.00,0.00,57.93,52.42,3.34,2.56,0.00,0.00,0.00,9.88,0.00,4.30,0.00,0.00,0.00,0.00
154,"Patnt","SbMx1","Intn2",125,0.00,0.00,56.04,51.45,3.28,2.47,0.00,0.00,0.00,9.55,0.00,4.35,0.00,0.00,0.00,0.00
154,"Patnt","SbMx1","Intn2",135,0.00,0.00,53.13,50.14,3.20,2.36,0.00,0.00,0.00,9.09,0.00,4.33,0.00,0.00,0.00,0.00
154,"Patnt","SbMx1","Intn2",145,0.00,0.00,49.47,48.55,3.10,2.24,0.00,0.00,0.00,8.54,0.00,4.24,0.00,0.00,0.00,0.00
154,"Patnt","SbMx1","Intn2",155,0.00,0.00,45.31,46.73,2.98,2.11,0.00,0.00,0.00,7.94,0.00,4.11,0.00,0.00,0.00,0.00
154,"Patnt","SbMx1","Intn2",165,0.00,0.00,40.89,44.72,2.85,1.98,0.00,0.00,0.00,7.31,0.00,3.93,0.00,0.00,0.00,0.00
154,"Patnt","SbMx1","Intn2",175,0.00,0.00,36.41,42.56,2.72,1.84,0.00,0.00,0.00,6.69,0.00,3.72,0.00,0.00,0.00,0.00
154,"Patnt","SbMx1","Intn2",185,0.00,0.00,32.03,40.30,2.57,1.71,0.00,0.00,0.00,6.07,0.00,3.48,0.00,0.00,0.00,0.00
154,"Patnt","SbMx1","Intn2",195,0.00,0.00,27.86,37.96,2.42,1.57,0.00,0.00,0.00,5.48,0.00,3.24,0.00,0.00,0.00,0.00
154,"Patnt","SbMx1","Intn2",205,0.00,0.00,23.98,35.58,2.27,1.44,0.00,0.00,0.00,4.92,0.00,2.99,0.00,0.00,0.00,0.00
154,"Patnt","SbMx1","Intn2",215,0.00,0.00,20.45,33.19,2.12,1.32,0.00,0.00,0.00,4.39,0.00,2.74,0.00,0.00,0.00,0.00
154,"Patnt","SbMx1","Intn2",225,0.00,0.00,17.29,30.81,1.97,1.19,0.00,0.00,0.00,3.90,0.00,2.50,0.00,0.00,0.00,0.00
154,"Patnt","SbMx1","Intn2",235,0.00,0.00,14.49,28.48,1.82,1.08,0.00,0.00,0.00,3.44,0.00,2.26,0.00,0.00,0.00,0.00
154,"Patnt","SbMx1","Intn2",245,0.00,0.00,12.06,26.21,1.67,0.97,0.00,0.00,0.00,3.03,0.00,2.04,0.00,0.00,0.00,0.00
154,"Patnt","SbMx1","Intn2",255,0.00,0.00,9.97,24.01,1.53,0.87,0.00,0.00,0.00,2.65,0.00,1.83,0.00,0.00,0.00,0.00
155,"4s_3s","SbMx1","Succ",5,0.00,0.00,0.00,0.00,0.00,0.00,0.00,0.00,0.00,0.00,0.00,0.00,0.00,0.00,0.00,0.00
155,"4s_3s","SbMx1","Succ",15,0.00,0.00,1.76,2.08,0.19,0.12,0.00,0.00,0.00,0.19,0.00,0.06,0.00,0.00,0.00,0.00
155,"4s_3s","SbMx1","Succ",25,0.00,0.00,6.38,9.69,0.67,0.56,0.00,0.00,0.00,0.87,0.00,0.26,0.00,0.00,0.00,0.00
155,"4s_3s","SbMx1","Succ",35,0.00,0.00,14.07,21.63,1.34,1.22,0.00,0.00,0.00,2.15,0.00,0.66,0.00,0.00,0.00,0.00
155,"4s_3s","SbMx1","Succ",45,0.00,0.00,23.97,33.49,2.04,1.85,0.00,0.00,0.00,3.93,0.00,1.24,0.00,0.00,0.00,0.00
155,"4s_3s","SbMx1","Succ",55,0.00,0.00,34.43,42.45,2.62,2.30,0.00,0.00,0.00,5.86,0.00,1.92,0.00,0.00,0.00,0.00
155,"4s_3s","SbMx1","Succ",65,0.00,0.00,43.81,48.35,3.03,2.58,0.00,0.00,0.00,7.60,0.00,2.59,0.00,0.00,0.00,0.00
155,"4s_3s","SbMx1","Succ",75,0.00,0.00,51.32,52.03,3.29,2.73,0.00,0.00,0.00,8.94,0.00,3.19,0.00,0.00,0.00,0.00
155,"4s_3s","SbMx1","Succ",85,0.00,0.00,56.75,54.24,3.45,2.80,0.00,0.00,0.00,9.86,0.00,3.70,0.00,0.00,0.00,0.00
155,"4s_3s","SbMx1","Succ",95,0.00,0.00,60.17,55.43,3.53,2.81,0.00,0.00,0.00,10.39,0.00,4.09,0.00,0.00,0.00,0.00
155,"4s_3s","SbMx1","Succ",105,0.00,0.00,61.68,55.84,3.56,2.78,0.00,0.00,0.00,10.57,0.00,4.38,0.00,0.00,0.00,0.00
155,"4s_3s","SbMx1","Succ",115,0.00,0.00,61.43,55.59,3.54,2.72,0.00,0.00,0.00,10.48,0.00,4.56,0.00,0.00,0.00,0.00
155,"4s_3s","SbMx1","Succ",125,0.00,0.00,59.66,54.77,3.49,2.63,0.00,0.00,0.00,10.16,0.00,4.63,0.00,0.00,0.00,0.00
155,"4s_3s","SbMx1","Succ",135,0.00,0.00,56.62,53.44,3.41,2.52,0.00,0.00,0.00,9.68,0.00,4.61,0.00,0.00,0.00,0.00
155,"4s_3s","SbMx1","Succ",145,0.00,0.00,52.64,51.67,3.30,2.38,0.00,0.00,0.00,9.08,0.00,4.52,0.00,0.00,0.00,0.00
155,"4s_3s","SbMx1","Succ",155,0.00,0.00,48.02,49.53,3.16,2.24,0.00,0.00,0.00,8.41,0.00,4.35,0.00,0.00,0.00,0.00
155,"4s_3s","SbMx1","Succ",165,0.00,0.00,43.05,47.08,3.00,2.08,0.00,0.00,0.00,7.70,0.00,4.13,0.00,0.00,0.00,0.00
155,"4s_3s","SbMx1","Succ",175,0.00,0.00,37.97,44.39,2.83,1.92,0.00,0.00,0.00,6.97,0.00,3.87,0.00,0.00,0.00,0.00
155,"4s_3s","SbMx1","Succ",185,0.00,0.00,33.00,41.52,2.65,1.76,0.00,0.00,0.00,6.26,0.00,3.59,0.00,0.00,0.00,0.00
155,"4s_3s","SbMx1","Succ",195,0.00,0.00,28.28,38.54,2.46,1.60,0.00,0.00,0.00,5.56,0.00,3.29,0.00,0.00,0.00,0.00
155,"4s_3s","SbMx1","Succ",205,0.00,0.00,23.93,35.50,2.27,1.44,0.00,0.00,0.00,4.91,0.00,2.99,0.00,0.00,0.00,0.00
155,"4s_3s","SbMx1","Succ",215,0.00,0.00,20.00,32.46,2.07,1.29,0.00,0.00,0.00,4.29,0.00,2.68,0.00,0.00,0.00,0.00
155,"4s_3s","SbMx1","Succ",225,0.00,0.00,16.53,29.47,1.88,1.14,0.00,0.00,0.00,3.73,0.00,2.39,0.00,0.00,0.00,0.00
155,"4s_3s","SbMx1","Succ",235,0.00,0.00,13.52,26.56,1.70,1.00,0.00,0.00,0.00,3.21,0.00,2.11,0.00,0.00,0.00,0.00
155,"4s_3s","SbMx1","Succ",245,0.00,0.00,10.94,23.77,1.52,0.88,0.00,0.00,0.00,2.74,0.00,1.85,0.00,0.00,0.00,0.00
155,"4s_3s","SbMx1","Succ",255,0.00,0.00,8.76,21.12,1.35,0.76,0.00,0.00,0.00,2.33,0.00,1.60,0.00,0.00,0.00,0.00
156,"Patnt","SbMx1","Succ",5,0.00,0.00,0.00,0.00,0.00,0.00,0.00,0.00,0.00,0.00,0.00,0.00,0.00,0.00,0.00,0.00
156,"Patnt","SbMx1","Succ",15,0.00,0.00,2.00,2.36,0.22,0.13,0.00,0.00,0.00,0.22,0.00,0.07,0.00,0.00,0.00,0.00
156,"Patnt","SbMx1","Succ",25,0.00,0.00,7.01,10.65,0.74,0.62,0.00,0.00,0.00,0.96,0.00,0.29,0.00,0.00,0.00,0.00
156,"Patnt","SbMx1","Succ",35,0.00,0.00,15.04,23.13,1.43,1.31,0.00,0.00,0.00,2.30,0.00,0.71,0.00,0.00,0.00,0.00
156,"Patnt","SbMx1","Succ",45,0.00,0.00,25.00,34.92,2.13,1.93,0.00,0.00,0.00,4.10,0.00,1.30,0.00,0.00,0.00,0.00
156,"Patnt","SbMx1","Succ",55,0.00,0.00,35.11,43.29,2.67,2.34,0.00,0.00,0.00,5.98,0.00,1.96,0.00,0.00,0.00,0.00
156,"Patnt","SbMx1","Succ",65,0.00,0.00,43.81,48.35,3.03,2.58,0.00,0.00,0.00,7.60,0.00,2.59,0.00,0.00,0.00,0.00
156,"Patnt","SbMx1","Succ",75,0.00,0.00,50.45,51.15,3.24,2.68,0.00,0.00,0.00,8.79,0.00,3.14,0.00,0.00,0.00,0.00
156,"Patnt","SbMx1","Succ",85,0.00,0.00,55.00,52.56,3.34,2.71,0.00,0.00,0.00,9.56,0.00,3.58,0.00,0.00,0.00,0.00
156,"Patnt","SbMx1","Succ",95,0.00,0.00,57.63,53.09,3.38,2.69,0.00,0.00,0.00,9.95,0.00,3.92,0.00,0.00,0.00,0.00
156,"Patnt","SbMx1","Succ",105,0.00,0.00,58.54,53.00,3.38,2.64,0.00,0.00,0.00,10.04,0.00,4.15,0.00,0.00,0.00,0.00
156,"Patnt","SbMx1","Succ",115,0.00,0.00,57.93,52.42,3.34,2.56,0.00,0.00,0.00,9.88,0.00,4.30,0.00,0.00,0.00,0.00
156,"Patnt","SbMx1","Succ",125,0.00,0.00,56.04,51.45,3.28,2.47,0.00,0.00,0.00,9.55,0.00,4.35,0.00,0.00,0.00,0.00
156,"Patnt","SbMx1","Succ",135,0.00,0.00,53.13,50.14,3.20,2.36,0.00,0.00,0.00,9.09,0.00,4.33,0.00,0.00,0.00,0.00
156,"Patnt","SbMx1","Succ",145,0.00,0.00,49.47,48.55,3.10,2.24,0.00,0.00,0.00,8.54,0.00,4.24,0.00,0.00,0.00,0.00
156,"Patnt","SbMx1","Succ",155,0.00,0.00,45.31,46.73,2.98,2.11,0.00,0.00,0.00,7.94,0.00,4.11,0.00,0.00,0.00,0.00
156,"Patnt","SbMx1","Succ",165,0.00,0.00,40.89,44.72,2.85,1.98,0.00,0.00,0.00,7.31,0.00,3.93,0.00,0.00,0.00,0.00
156,"Patnt","SbMx1","Succ",175,0.00,0.00,36.41,42.56,2.72,1.84,0.00,0.00,0.00,6.69,0.00,3.72,0.00,0.00,0.00,0.00
156,"Patnt","SbMx1","Succ",185,0.00,0.00,32.03,40.30,2.57,1.71,0.00,0.00,0.00,6.07,0.00,3.48,0.00,0.00,0.00,0.00
156,"Patnt","SbMx1","Succ",195,0.00,0.00,27.86,37.96,2.42,1.57,0.00,0.00,0.00,5.48,0.00,3.24,0.00,0.00,0.00,0.00
156,"Patnt","SbMx1","Succ",205,0.00,0.00,23.98,35.58,2.27,1.44,0.00,0.00,0.00,4.92,0.00,2.99,0.00,0.00,0.00,0.00
156,"Patnt","SbMx1","Succ",215,0.00,0.00,20.45,33.19,2.12,1.32,0.00,0.00,0.00,4.39,0.00,2.74,0.00,0.00,0.00,0.00
156,"Patnt","SbMx1","Succ",225,0.00,0.00,17.29,30.81,1.97,1.19,0.00,0.00,0.00,3.90,0.00,2.50,0.00,0.00,0.00,0.00
156,"Patnt","SbMx1","Succ",235,0.00,0.00,14.49,28.48,1.82,1.08,0.00,0.00,0.00,3.44,0.00,2.26,0.00,0.00,0.00,0.00
156,"Patnt","SbMx1","Succ",245,0.00,0.00,12.06,26.21,1.67,0.97,0.00,0.00,0.00,3.03,0.00,2.04,0.00,0.00,0.00,0.00
156,"Patnt","SbMx1","Succ",255,0.00,0.00,9.97,24.01,1.53,0.87,0.00,0.00,0.00,2.65,0.00,1.83,0.00,0.00,0.00,0.00
157,"4s_3s","PjMx1","Prsnt",5,0.00,0.00,0.00,0.00,0.00,0.00,0.00,0.00,0.00,0.00,0.00,0.00,0.00,0.00,0.00,0.00
157,"4s_3s","PjMx1","Prsnt",15,0.00,0.00,9.94,2.79,0.16,0.07,0.00,0.00,0.00,0.59,0.00,0.09,0.00,0.00,0.00,0.00
157,"4s_3s","PjMx1","Prsnt",25,0.00,0.00,22.52,8.12,0.34,0.21,0.00,0.00,0.00,1.63,0.00,0.25,0.00,0.00,0.00,0.00
157,"4s_3s","PjMx1","Prsnt",35,0.00,0.00,36.08,13.17,0.50,0.33,0.00,0.00,0.00,2.93,0.00,0.45,0.00,0.00,0.00,0.00
157,"4s_3s","PjMx1","Prsnt",45,0.00,0.00,49.48,16.41,0.61,0.41,0.00,0.00,0.00,4.30,0.00,0.68,0.00,0.00,0.00,0.00
157,"4s_3s","PjMx1","Prsnt",55,0.00,0.00,61.40,17.97,0.67,0.44,0.00,0.00,0.00,5.55,0.00,0.91,0.00,0.00,0.00,0.00
157,"4s_3s","PjMx1","Prsnt",65,0.00,0.00,70.68,18.52,0.70,0.44,0.00,0.00,0.00,6.50,0.00,1.11,0.00,0.00,0.00,0.00
157,"4s_3s","PjMx1","Prsnt",75,0.00,0.00,76.75,18.47,0.71,0.43,0.00,0.00,0.00,7.09,0.00,1.27,0.00,0.00,0.00,0.00
157,"4s_3s","PjMx1","Prsnt",85,0.00,0.00,79.46,18.03,0.70,0.42,0.00,0.00,0.00,7.32,0.00,1.37,0.00,0.00,0.00,0.00
157,"4s_3s","PjMx1","Prsnt",95,0.00,0.00,78.97,17.27,0.67,0.39,0.00,0.00,0.00,7.23,0.00,1.42,0.00,0.00,0.00,0.00
157,"4s_3s","PjMx1","Prsnt",105,0.00,0.00,75.68,16.27,0.63,0.36,0.00,0.00,0.00,6.88,0.00,1.42,0.00,0.00,0.00,0.00
157,"4s_3s","PjMx1","Prsnt",115,0.00,0.00,70.15,15.07,0.58,0.33,0.00,0.00,0.00,6.34,0.00,1.38,0.00,0.00,0.00,0.00
157,"4s_3s","PjMx1","Prsnt",125,0.00,0.00,63.03,13.74,0.53,0.29,0.00,0.00,0.00,5.69,0.00,1.30,0.00,0.00,0.00,0.00
157,"4s_3s","PjMx1","Prsnt",135,0.00,0.00,55.00,12.32,0.48,0.26,0.00,0.00,0.00,4.99,0.00,1.19,0.00,0.00,0.00,0.00
157,"4s_3s","PjMx1","Prsnt",145,0.00,0.00,46.68,10.88,0.42,0.22,0.00,0.00,0.00,4.27,0.00,1.06,0.00,0.00,0.00,0.00
157,"4s_3s","PjMx1","Prsnt",155,0.00,0.00,38.57,9.44,0.36,0.19,0.00,0.00,0.00,3.58,0.00,0.92,0.00,0.00,0.00,0.00
157,"4s_3s","PjMx1","Prsnt",165,0.00,0.00,31.08,8.07,0.31,0.16,0.00,0.00,0.00,2.95,0.00,0.79,0.00,0.00,0.00,0.00
157,"4s_3s","PjMx1","Prsnt",175,0.00,0.00,24.44,6.78,0.26,0.13,0.00,0.00,0.00,2.38,0.00,0.66,0.00,0.00,0.00,0.00
157,"4s_3s","PjMx1","Prsnt",185,0.00,0.00,18.77,5.60,0.21,0.10,0.00,0.00,0.00,1.88,0.00,0.54,0.00,0.00,0.00,0.00
157,"4s_3s","PjMx1","Prsnt",195,0.00,0.00,14.10,4.56,0.17,0.08,0.00,0.00,0.00,1.47,0.00,0.43,0.00,0.00,0.00,0.00
157,"4s_3s","PjMx1","Prsnt",205,0.00,0.00,10.36,3.64,0.14,0.06,0.00,0.00,0.00,1.12,0.00,0.34,0.00,0.00,0.00,0.00
157,"4s_3s","PjMx1","Prsnt",215,0.00,0.00,7.45,2.87,0.11,0.05,0.00,0.00,0.00,0.84,0.00,0.26,0.00,0.00,0.00,0.00
157,"4s_3s","PjMx1","Prsnt",225,0.00,0.00,5.25,2.22,0.08,0.03,0.00,0.00,0.00,0.62,0.00,0.20,0.00,0.00,0.00,0.00
157,"4s_3s","PjMx1","Prsnt",235,0.00,0.00,3.62,1.69,0.06,0.02,0.00,0.00,0.00,0.45,0.00,0.15,0.00,0.00,0.00,0.00
157,"4s_3s","PjMx1","Prsnt",245,0.00,0.00,2.45,1.26,0.04,0.02,0.00,0.00,0.00,0.32,0.00,0.11,0.00,0.00,0.00,0.00
157,"4s_3s","PjMx1","Prsnt",255,0.00,0.00,1.63,0.93,0.03,0.01,0.00,0.00,0.00,0.23,0.00,0.07,0.00,0.00,0.00,0.00
158,"Patnt","PjMx1","Prsnt",5,0.00,0.00,0.00,0.00,0.00,0.00,0.00,0.00,0.00,0.00,0.00,0.00,0.00,0.00,0.00,0.00
158,"Patnt","PjMx1","Prsnt",15,0.00,0.00,7.17,2.01,0.11,0.05,0.00,0.00,0.00,0.42,0.00,0.06,0.00,0.00,0.00,0.00
158,"Patnt","PjMx1","Prsnt",25,0.00,0.00,18.10,6.52,0.27,0.17,0.00,0.00,0.00,1.31,0.00,0.20,0.00,0.00,0.00,0.00
158,"Patnt","PjMx1","Prsnt",35,0.00,0.00,31.66,11.56,0.43,0.29,0.00,0.00,0.00,2.57,0.00,0.39,0.00,0.00,0.00,0.00
158,"Patnt","PjMx1","Prsnt",45,0.00,0.00,46.42,15.39,0.57,0.38,0.00,0.00,0.00,4.04,0.00,0.64,0.00,0.00,0.00,0.00
158,"Patnt","PjMx1","Prsnt",55,0.00,0.00,60.29,17.65,0.66,0.43,0.00,0.00,0.00,5.45,0.00,0.89,0.00,0.00,0.00,0.00
158,"Patnt","PjMx1","Prsnt",65,0.00,0.00,71.17,18.65,0.71,0.45,0.00,0.00,0.00,6.55,0.00,1.12,0.00,0.00,0.00,0.00
158,"Patnt","PjMx1","Prsnt",75,0.00,0.00,77.61,18.68,0.72,0.44,0.00,0.00,0.00,7.17,0.00,1.28,0.00,0.00,0.00,0.00
158,"Patnt","PjMx1","Prsnt",85,0.00,0.00,79.02,17.93,0.69,0.41,0.00,0.00,0.00,7.28,0.00,1.36,0.00,0.00,0.00,0.00
158,"Patnt","PjMx1","Prsnt",95,0.00,0.00,75.65,16.55,0.64,0.38,0.00,0.00,0.00,6.92,0.00,1.36,0.00,0.00,0.00,0.00
158,"Patnt","PjMx1","Prsnt",105,0.00,0.00,68.40,14.70,0.57,0.33,0.00,0.00,0.00,6.22,0.00,1.29,0.00,0.00,0.00,0.00
158,"Patnt","PjMx1","Prsnt",115,0.00,0.00,58.58,12.58,0.49,0.27,0.00,0.00,0.00,5.30,0.00,1.15,0.00,0.00,0.00,0.00
158,"Patnt","PjMx1","Prsnt",125,0.00,0.00,47.64,10.38,0.40,0.22,0.00,0.00,0.00,4.30,0.00,0.98,0.00,0.00,0.00,0.00
158,"Patnt","PjMx1","Prsnt",135,0.00,0.00,36.84,8.25,0.32,0.17,0.00,0.00,0.00,3.34,0.00,0.79,0.00,0.00,0.00,0.00
158,"Patnt","PjMx1","Prsnt",145,0.00,0.00,27.14,6.32,0.24,0.13,0.00,0.00,0.00,2.48,0.00,0.61,0.00,0.00,0.00,0.00
158,"Patnt","PjMx1","Prsnt",155,0.00,0.00,19.06,4.67,0.18,0.09,0.00,0.00,0.00,1.77,0.00,0.45,0.00,0.00,0.00,0.00
158,"Patnt","PjMx1","Prsnt",165,0.00,0.00,12.79,3.32,0.12,0.06,0.00,0.00,0.00,1.21,0.00,0.32,0.00,0.00,0.00,0.00
158,"Patnt","PjMx1","Prsnt",175,0.00,0.00,8.20,2.27,0.08,0.04,0.00,0.00,0.00,0.79,0.00,0.22,0.00,0.00,0.00,0.00
158,"Patnt","PjMx1","Prsnt",185,0.00,0.00,5.03,1.50,0.05,0.02,0.00,0.00,0.00,0.50,0.00,0.14,0.00,0.00,0.00,0.00
158,"Patnt","PjMx1","Prsnt",195,0.00,0.00,2.95,0.95,0.03,0.01,0.00,0.00,0.00,0.30,0.00,0.09,0.00,0.00,0.00,0.00
158,"Patnt","PjMx1","Prsnt",205,0.00,0.00,1.66,0.58,0.02,0.01,0.00,0.00,0.00,0.18,0.00,0.05,0.00,0.00,0.00,0.00
158,"Patnt","PjMx1","Prsnt",215,0.00,0.00,0.89,0.34,0.01,6.23752295594454e-03,0.00,0.00,0.00,0.10,0.00,0.03,0.00,0.00,0.00,0.00
158,"Patnt","PjMx1","Prsnt",225,0.00,0.00,0.46,0.19,7.68700919535778e-03,3.4676660687265e-03,0.00,0.00,0.00,0.05,0.00,0.01,0.00,0.00,0.00,0.00
158,"Patnt","PjMx1","Prsnt",235,0.00,0.00,0.23,0.10,4.21295069629591e-03,1.85664848872108e-03,0.00,0.00,0.00,0.02,0.00,9.60432519438214e-03,0.00,0.00,0.00,0.00
158,"Patnt","PjMx1","Prsnt",245,0.00,0.00,0.11,0.05,2.22432164186881e-03,9.57406919377295e-04,0.00,0.00,0.00,0.01,0.00,4.96240650063286e-03,0.00,0.00,0.00,0.00
158,"Patnt","PjMx1","Prsnt",255,0.00,0.00,0.05,0.02,1.13133912740177e-03,4.75494969026906e-04,0.00,0.00,0.00,7.14408832340761e-03,0.00,2.46783457860585e-03,0.00,0.00,0.00,0.00
159,"4s_3s","PjMx1","Exten",5,0.00,0.00,0.00,0.00,0.00,0.00,0.00,0.00,0.00,0.00,0.00,0.00,0.00,0.00,0.00,0.00
159,"4s_3s","PjMx1","Exten",15,0.00,0.00,9.94,2.79,0.16,0.07,0.00,0.00,0.00,0.59,0.00,0.09,0.00,0.00,0.00,0.00
159,"4s_3s","PjMx1","Exten",25,0.00,0.00,22.52,8.12,0.34,0.21,0.00,0.00,0.00,1.63,0.00,0.25,0.00,0.00,0.00,0.00
159,"4s_3s","PjMx1","Exten",35,0.00,0.00,36.08,13.17,0.50,0.33,0.00,0.00,0.00,2.93,0.00,0.45,0.00,0.00,0.00,0.00
159,"4s_3s","PjMx1","Exten",45,0.00,0.00,49.48,16.41,0.61,0.41,0.00,0.00,0.00,4.30,0.00,0.68,0.00,0.00,0.00,0.00
159,"4s_3s","PjMx1","Exten",55,0.00,0.00,61.40,17.97,0.67,0.44,0.00,0.00,0.00,5.55,0.00,0.91,0.00,0.00,0.00,0.00
159,"4s_3s","PjMx1","Exten",65,0.00,0.00,70.68,18.52,0.70,0.44,0.00,0.00,0.00,6.50,0.00,1.11,0.00,0.00,0.00,0.00
159,"4s_3s","PjMx1","Exten",75,0.00,0.00,76.75,18.47,0.71,0.43,0.00,0.00,0.00,7.09,0.00,1.27,0.00,0.00,0.00,0.00
159,"4s_3s","PjMx1","Exten",85,0.00,0.00,79.46,18.03,0.70,0.42,0.00,0.00,0.00,7.32,0.00,1.37,0.00,0.00,0.00,0.00
159,"4s_3s","PjMx1","Exten",95,0.00,0.00,78.97,17.27,0.67,0.39,0.00,0.00,0.00,7.23,0.00,1.42,0.00,0.00,0.00,0.00
159,"4s_3s","PjMx1","Exten",105,0.00,0.00,75.68,16.27,0.63,0.36,0.00,0.00,0.00,6.88,0.00,1.42,0.00,0.00,0.00,0.00
159,"4s_3s","PjMx1","Exten",115,0.00,0.00,70.15,15.07,0.58,0.33,0.00,0.00,0.00,6.34,0.00,1.38,0.00,0.00,0.00,0.00
159,"4s_3s","PjMx1","Exten",125,0.00,0.00,63.03,13.74,0.53,0.29,0.00,0.00,0.00,5.69,0.00,1.30,0.00,0.00,0.00,0.00
159,"4s_3s","PjMx1","Exten",135,0.00,0.00,55.00,12.32,0.48,0.26,0.00,0.00,0.00,4.99,0.00,1.19,0.00,0.00,0.00,0.00
159,"4s_3s","PjMx1","Exten",145,0.00,0.00,46.68,10.88,0.42,0.22,0.00,0.00,0.00,4.27,0.00,1.06,0.00,0.00,0.00,0.00
159,"4s_3s","PjMx1","Exten",155,0.00,0.00,38.57,9.44,0.36,0.19,0.00,0.00,0.00,3.58,0.00,0.92,0.00,0.00,0.00,0.00
159,"4s_3s","PjMx1","Exten",165,0.00,0.00,31.08,8.07,0.31,0.16,0.00,0.00,0.00,2.95,0.00,0.79,0.00,0.00,0.00,0.00
159,"4s_3s","PjMx1","Exten",175,0.00,0.00,24.44,6.78,0.26,0.13,0.00,0.00,0.00,2.38,0.00,0.66,0.00,0.00,0.00,0.00
159,"4s_3s","PjMx1","Exten",185,0.00,0.00,18.77,5.60,0.21,0.10,0.00,0.00,0.00,1.88,0.00,0.54,0.00,0.00,0.00,0.00
159,"4s_3s","PjMx1","Exten",195,0.00,0.00,14.10,4.56,0.17,0.08,0.00,0.00,0.00,1.47,0.00,0.43,0.00,0.00,0.00,0.00
159,"4s_3s","PjMx1","Exten",205,0.00,0.00,10.36,3.64,0.14,0.06,0.00,0.00,0.00,1.12,0.00,0.34,0.00,0.00,0.00,0.00
159,"4s_3s","PjMx1","Exten",215,0.00,0.00,7.45,2.87,0.11,0.05,0.00,0.00,0.00,0.84,0.00,0.26,0.00,0.00,0.00,0.00
159,"4s_3s","PjMx1","Exten",225,0.00,0.00,5.25,2.22,0.08,0.03,0.00,0.00,0.00,0.62,0.00,0.20,0.00,0.00,0.00,0.00
159,"4s_3s","PjMx1","Exten",235,0.00,0.00,3.62,1.69,0.06,0.02,0.00,0.00,0.00,0.45,0.00,0.15,0.00,0.00,0.00,0.00
159,"4s_3s","PjMx1","Exten",245,0.00,0.00,2.45,1.26,0.04,0.02,0.00,0.00,0.00,0.32,0.00,0.11,0.00,0.00,0.00,0.00
159,"4s_3s","PjMx1","Exten",255,0.00,0.00,1.63,0.93,0.03,0.01,0.00,0.00,0.00,0.23,0.00,0.07,0.00,0.00,0.00,0.00
160,"Patnt","PjMx1","Exten",5,0.00,0.00,0.00,0.00,0.00,0.00,0.00,0.00,0.00,0.00,0.00,0.00,0.00,0.00,0.00,0.00
160,"Patnt","PjMx1","Exten",15,0.00,0.00,7.17,2.01,0.11,0.05,0.00,0.00,0.00,0.42,0.00,0.06,0.00,0.00,0.00,0.00
160,"Patnt","PjMx1","Exten",25,0.00,0.00,18.10,6.52,0.27,0.17,0.00,0.00,0.00,1.31,0.00,0.20,0.00,0.00,0.00,0.00
160,"Patnt","PjMx1","Exten",35,0.00,0.00,31.66,11.56,0.43,0.29,0.00,0.00,0.00,2.57,0.00,0.39,0.00,0.00,0.00,0.00
160,"Patnt","PjMx1","Exten",45,0.00,0.00,46.42,15.39,0.57,0.38,0.00,0.00,0.00,4.04,0.00,0.64,0.00,0.00,0.00,0.00
160,"Patnt","PjMx1","Exten",55,0.00,0.00,60.29,17.65,0.66,0.43,0.00,0.00,0.00,5.45,0.00,0.89,0.00,0.00,0.00,0.00
160,"Patnt","PjMx1","Exten",65,0.00,0.00,71.17,18.65,0.71,0.45,0.00,0.00,0.00,6.55,0.00,1.12,0.00,0.00,0.00,0.00
160,"Patnt","PjMx1","Exten",75,0.00,0.00,77.61,18.68,0.72,0.44,0.00,0.00,0.00,7.17,0.00,1.28,0.00,0.00,0.00,0.00
160,"Patnt","PjMx1","Exten",85,0.00,0.00,79.02,17.93,0.69,0.41,0.00,0.00,0.00,7.28,0.00,1.36,0.00,0.00,0.00,0.00
160,"Patnt","PjMx1","Exten",95,0.00,0.00,75.65,16.55,0.64,0.38,0.00,0.00,0.00,6.92,0.00,1.36,0.00,0.00,0.00,0.00
160,"Patnt","PjMx1","Exten",105,0.00,0.00,68.40,14.70,0.57,0.33,0.00,0.00,0.00,6.22,0.00,1.29,0.00,0.00,0.00,0.00
160,"Patnt","PjMx1","Exten",115,0.00,0.00,58.58,12.58,0.49,0.27,0.00,0.00,0.00,5.30,0.00,1.15,0.00,0.00,0.00,0.00
160,"Patnt","PjMx1","Exten",125,0.00,0.00,47.64,10.38,0.40,0.22,0.00,0.00,0.00,4.30,0.00,0.98,0.00,0.00,0.00,0.00
160,"Patnt","PjMx1","Exten",135,0.00,0.00,36.84,8.25,0.32,0.17,0.00,0.00,0.00,3.34,0.00,0.79,0.00,0.00,0.00,0.00
160,"Patnt","PjMx1","Exten",145,0.00,0.00,27.14,6.32,0.24,0.13,0.00,0.00,0.00,2.48,0.00,0.61,0.00,0.00,0.00,0.00
160,"Patnt","PjMx1","Exten",155,0.00,0.00,19.06,4.67,0.18,0.09,0.00,0.00,0.00,1.77,0.00,0.45,0.00,0.00,0.00,0.00
160,"Patnt","PjMx1","Exten",165,0.00,0.00,12.79,3.32,0.12,0.06,0.00,0.00,0.00,1.21,0.00,0.32,0.00,0.00,0.00,0.00
160,"Patnt","PjMx1","Exten",175,0.00,0.00,8.20,2.27,0.08,0.04,0.00,0.00,0.00,0.79,0.00,0.22,0.00,0.00,0.00,0.00
160,"Patnt","PjMx1","Exten",185,0.00,0.00,5.03,1.50,0.05,0.02,0.00,0.00,0.00,0.50,0.00,0.14,0.00,0.00,0.00,0.00
160,"Patnt","PjMx1","Exten",195,0.00,0.00,2.95,0.95,0.03,0.01,0.00,0.00,0.00,0.30,0.00,0.09,0.00,0.00,0.00,0.00
160,"Patnt","PjMx1","Exten",205,0.00,0.00,1.66,0.58,0.02,0.01,0.00,0.00,0.00,0.18,0.00,0.05,0.00,0.00,0.00,0.00
160,"Patnt","PjMx1","Exten",215,0.00,0.00,0.89,0.34,0.01,6.23752295594454e-03,0.00,0.00,0.00,0.10,0.00,0.03,0.00,0.00,0.00,0.00
160,"Patnt","PjMx1","Exten",225,0.00,0.00,0.46,0.19,7.68700919535778e-03,3.4676660687265e-03,0.00,0.00,0.00,0.05,0.00,0.01,0.00,0.00,0.00,0.00
160,"Patnt","PjMx1","Exten",235,0.00,0.00,0.23,0.10,4.21295069629591e-03,1.85664848872108e-03,0.00,0.00,0.00,0.02,0.00,9.60432519438214e-03,0.00,0.00,0.00,0.00
160,"Patnt","PjMx1","Exten",245,0.00,0.00,0.11,0.05,2.22432164186881e-03,9.57406919377295e-04,0.00,0.00,0.00,0.01,0.00,4.96240650063286e-03,0.00,0.00,0.00,0.00
160,"Patnt","PjMx1","Exten",255,0.00,0.00,0.05,0.02,1.13133912740177e-03,4.75494969026906e-04,0.00,0.00,0.00,7.14408832340761e-03,0.00,2.46783457860585e-03,0.00,0.00,0.00,0.00
161,"4s_3s","PjMx1","Basc1",5,0.00,0.00,0.00,0.00,0.00,0.00,0.00,0.00,0.00,0.00,0.00,0.00,0.00,0.00,0.00,0.00
161,"4s_3s","PjMx1","Basc1",15,0.00,0.00,9.93,2.48,0.00,0.07,0.00,0.00,0.00,0.65,0.00,0.15,0.00,0.00,0.00,0.00
161,"4s_3s","PjMx1","Basc1",25,0.00,0.00,22.55,7.24,0.00,0.21,0.00,0.00,0.00,1.80,0.00,0.41,0.00,0.00,0.00,0.00
161,"4s_3s","PjMx1","Basc1",35,0.00,0.00,36.05,11.71,0.00,0.33,0.00,0.00,0.00,3.24,0.00,0.74,0.00,0.00,0.00,0.00
161,"4s_3s","PjMx1","Basc1",45,0.00,0.00,49.22,14.53,0.00,0.40,0.00,0.00,0.00,4.73,0.00,1.11,0.00,0.00,0.00,0.00
161,"4s_3s","PjMx1","Basc1",55,0.00,0.00,60.79,15.84,0.00,0.42,0.00,0.00,0.00,6.07,0.00,1.47,0.00,0.00,0.00,0.00
161,"4s_3s","PjMx1","Basc1",65,0.00,0.00,69.71,16.25,0.00,0.43,0.00,0.00,0.00,7.08,0.00,1.79,0.00,0.00,0.00,0.00
161,"4s_3s","PjMx1","Basc1",75,0.00,0.00,75.46,16.17,0.00,0.42,0.00,0.00,0.00,7.71,0.00,2.04,0.00,0.00,0.00,0.00
161,"4s_3s","PjMx1","Basc1",85,0.00,0.00,77.94,15.74,0.00,0.40,0.00,0.00,0.00,7.93,0.00,2.20,0.00,0.00,0.00,0.00
161,"4s_3s","PjMx1","Basc1",95,0.00,0.00,77.33,15.05,0.00,0.38,0.00,0.00,0.00,7.82,0.00,2.28,0.00,0.00,0.00,0.00
161,"4s_3s","PjMx1","Basc1",105,0.00,0.00,74.01,14.16,0.00,0.35,0.00,0.00,0.00,7.43,0.00,2.28,0.00,0.00,0.00,0.00
161,"4s_3s","PjMx1","Basc1",115,0.00,0.00,68.53,13.10,0.00,0.32,0.00,0.00,0.00,6.85,0.00,2.21,0.00,0.00,0.00,0.00
161,"4s_3s","PjMx1","Basc1",125,0.00,0.00,61.53,11.94,0.00,0.28,0.00,0.00,0.00,6.14,0.00,2.07,0.00,0.00,0.00,0.00
161,"4s_3s","PjMx1","Basc1",135,0.00,0.00,53.66,10.70,0.00,0.25,0.00,0.00,0.00,5.37,0.00,1.90,0.00,0.00,0.00,0.00
161,"4s_3s","PjMx1","Basc1",145,0.00,0.00,45.51,9.44,0.00,0.21,0.00,0.00,0.00,4.60,0.00,1.69,0.00,0.00,0.00,0.00
161,"4s_3s","PjMx1","Basc1",155,0.00,0.00,37.60,8.19,0.00,0.18,0.00,0.00,0.00,3.86,0.00,1.48,0.00,0.00,0.00,0.00
161,"4s_3s","PjMx1","Basc1",165,0.00,0.00,30.28,7.00,0.00,0.15,0.00,0.00,0.00,3.17,0.00,1.26,0.00,0.00,0.00,0.00
161,"4s_3s","PjMx1","Basc1",175,0.00,0.00,23.81,5.88,0.00,0.12,0.00,0.00,0.00,2.56,0.00,1.05,0.00,0.00,0.00,0.00
161,"4s_3s","PjMx1","Basc1",185,0.00,0.00,18.28,4.86,0.00,0.10,0.00,0.00,0.00,2.03,0.00,0.86,0.00,0.00,0.00,0.00
161,"4s_3s","PjMx1","Basc1",195,0.00,0.00,13.73,3.95,0.00,0.08,0.00,0.00,0.00,1.58,0.00,0.69,0.00,0.00,0.00,0.00
161,"4s_3s","PjMx1","Basc1",205,0.00,0.00,10.09,3.16,0.00,0.06,0.00,0.00,0.00,1.21,0.00,0.54,0.00,0.00,0.00,0.00
161,"4s_3s","PjMx1","Basc1",215,0.00,0.00,7.25,2.48,0.00,0.04,0.00,0.00,0.00,0.91,0.00,0.42,0.00,0.00,0.00,0.00
161,"4s_3s","PjMx1","Basc1",225,0.00,0.00,5.11,1.92,0.00,0.03,0.00,0.00,0.00,0.67,0.00,0.32,0.00,0.00,0.00,0.00
161,"4s_3s","PjMx1","Basc1",235,0.00,0.00,3.53,1.46,0.00,0.02,0.00,0.00,0.00,0.49,0.00,0.24,0.00,0.00,0.00,0.00
161,"4s_3s","PjMx1","Basc1",245,0.00,0.00,2.39,1.09,0.00,0.02,0.00,0.00,0.00,0.35,0.00,0.17,0.00,0.00,0.00,0.00
161,"4s_3s","PjMx1","Basc1",255,0.00,0.00,1.58,0.80,0.00,0.01,0.00,0.00,0.00,0.24,0.00,0.12,0.00,0.00,0.00,0.00
162,"Patnt","PjMx1","Basc1",5,0.00,0.00,0.00,0.00,0.00,0.00,0.00,0.00,0.00,0.00,0.00,0.00,0.00,0.00,0.00,0.00
162,"Patnt","PjMx1","Basc1",15,0.00,0.00,7.17,2.01,0.11,0.05,0.00,0.00,0.00,0.42,0.00,0.06,0.00,0.00,0.00,0.00
162,"Patnt","PjMx1","Basc1",25,0.00,0.00,18.10,6.52,0.27,0.17,0.00,0.00,0.00,1.31,0.00,0.20,0.00,0.00,0.00,0.00
162,"Patnt","PjMx1","Basc1",35,0.00,0.00,31.66,11.56,0.43,0.29,0.00,0.00,0.00,2.57,0.00,0.39,0.00,0.00,0.00,0.00
162,"Patnt","PjMx1","Basc1",45,0.00,0.00,46.42,15.39,0.57,0.38,0.00,0.00,0.00,4.04,0.00,0.64,0.00,0.00,0.00,0.00
162,"Patnt","PjMx1","Basc1",55,0.00,0.00,60.29,17.65,0.66,0.43,0.00,0.00,0.00,5.45,0.00,0.89,0.00,0.00,0.00,0.00
162,"Patnt","PjMx1","Basc1",65,0.00,0.00,71.17,18.65,0.71,0.45,0.00,0.00,0.00,6.55,0.00,1.12,0.00,0.00,0.00,0.00
162,"Patnt","PjMx1","Basc1",75,0.00,0.00,77.61,18.68,0.72,0.44,0.00,0.00,0.00,7.17,0.00,1.28,0.00,0.00,0.00,0.00
162,"Patnt","PjMx1","Basc1",85,0.00,0.00,79.02,17.93,0.69,0.41,0.00,0.00,0.00,7.28,0.00,1.36,0.00,0.00,0.00,0.00
162,"Patnt","PjMx1","Basc1",95,0.00,0.00,75.65,16.55,0.64,0.38,0.00,0.00,0.00,6.92,0.00,1.36,0.00,0.00,0.00,0.00
162,"Patnt","PjMx1","Basc1",105,0.00,0.00,68.40,14.70,0.57,0.33,0.00,0.00,0.00,6.22,0.00,1.29,0.00,0.00,0.00,0.00
162,"Patnt","PjMx1","Basc1",115,0.00,0.00,58.58,12.58,0.49,0.27,0.00,0.00,0.00,5.30,0.00,1.15,0.00,0.00,0.00,0.00
162,"Patnt","PjMx1","Basc1",125,0.00,0.00,47.64,10.38,0.40,0.22,0.00,0.00,0.00,4.30,0.00,0.98,0.00,0.00,0.00,0.00
162,"Patnt","PjMx1","Basc1",135,0.00,0.00,36.84,8.25,0.32,0.17,0.00,0.00,0.00,3.34,0.00,0.79,0.00,0.00,0.00,0.00
162,"Patnt","PjMx1","Basc1",145,0.00,0.00,27.14,6.32,0.24,0.13,0.00,0.00,0.00,2.48,0.00,0.61,0.00,0.00,0.00,0.00
162,"Patnt","PjMx1","Basc1",155,0.00,0.00,19.06,4.67,0.18,0.09,0.00,0.00,0.00,1.77,0.00,0.45,0.00,0.00,0.00,0.00
162,"Patnt","PjMx1","Basc1",165,0.00,0.00,12.79,3.32,0.12,0.06,0.00,0.00,0.00,1.21,0.00,0.32,0.00,0.00,0.00,0.00
162,"Patnt","PjMx1","Basc1",175,0.00,0.00,8.20,2.27,0.08,0.04,0.00,0.00,0.00,0.79,0.00,0.22,0.00,0.00,0.00,0.00
162,"Patnt","PjMx1","Basc1",185,0.00,0.00,5.03,1.50,0.05,0.02,0.00,0.00,0.00,0.50,0.00,0.14,0.00,0.00,0.00,0.00
162,"Patnt","PjMx1","Basc1",195,0.00,0.00,2.95,0.95,0.03,0.01,0.00,0.00,0.00,0.30,0.00,0.09,0.00,0.00,0.00,0.00
162,"Patnt","PjMx1","Basc1",205,0.00,0.00,1.66,0.58,0.02,0.01,0.00,0.00,0.00,0.18,0.00,0.05,0.00,0.00,0.00,0.00
162,"Patnt","PjMx1","Basc1",215,0.00,0.00,0.89,0.34,0.01,6.23752295594454e-03,0.00,0.00,0.00,0.10,0.00,0.03,0.00,0.00,0.00,0.00
162,"Patnt","PjMx1","Basc1",225,0.00,0.00,0.46,0.19,7.68700919535778e-03,3.4676660687265e-03,0.00,0.00,0.00,0.05,0.00,0.01,0.00,0.00,0.00,0.00
162,"Patnt","PjMx1","Basc1",235,0.00,0.00,0.23,0.10,4.21295069629591e-03,1.85664848872108e-03,0.00,0.00,0.00,0.02,0.00,9.60432519438214e-03,0.00,0.00,0.00,0.00
162,"Patnt","PjMx1","Basc1",245,0.00,0.00,0.11,0.05,2.22432164186881e-03,9.57406919377295e-04,0.00,0.00,0.00,0.01,0.00,4.96240650063286e-03,0.00,0.00,0.00,0.00
162,"Patnt","PjMx1","Basc1",255,0.00,0.00,0.05,0.02,1.13133912740177e-03,4.75494969026906e-04,0.00,0.00,0.00,7.14408832340761e-03,0.00,2.46783457860585e-03,0.00,0.00,0.00,0.00
163,"4s_3s","PjMx1","Basc2",5,0.00,0.00,0.00,0.00,0.00,0.00,0.00,0.00,0.00,0.00,0.00,0.00,0.00,0.00,0.00,0.00
163,"4s_3s","PjMx1","Basc2",15,0.00,0.00,9.94,2.79,0.16,0.07,0.00,0.00,0.00,0.59,0.00,0.09,0.00,0.00,0.00,0.00
163,"4s_3s","PjMx1","Basc2",25,0.00,0.00,22.52,8.12,0.34,0.21,0.00,0.00,0.00,1.63,0.00,0.25,0.00,0.00,0.00,0.00
163,"4s_3s","PjMx1","Basc2",35,0.00,0.00,36.08,13.17,0.50,0.33,0.00,0.00,0.00,2.93,0.00,0.45,0.00,0.00,0.00,0.00
163,"4s_3s","PjMx1","Basc2",45,0.00,0.00,49.48,16.41,0.61,0.41,0.00,0.00,0.00,4.30,0.00,0.68,0.00,0.00,0.00,0.00
163,"4s_3s","PjMx1","Basc2",55,0.00,0.00,61.40,17.97,0.67,0.44,0.00,0.00,0.00,5.55,0.00,0.91,0.00,0.00,0.00,0.00
163,"4s_3s","PjMx1","Basc2",65,0.00,0.00,70.68,18.52,0.70,0.44,0.00,0.00,0.00,6.50,0.00,1.11,0.00,0.00,0.00,0.00
163,"4s_3s","PjMx1","Basc2",75,0.00,0.00,76.75,18.47,0.71,0.43,0.00,0.00,0.00,7.09,0.00,1.27,0.00,0.00,0.00,0.00
163,"4s_3s","PjMx1","Basc2",85,0.00,0.00,79.46,18.03,0.70,0.42,0.00,0.00,0.00,7.32,0.00,1.37,0.00,0.00,0.00,0.00
163,"4s_3s","PjMx1","Basc2",95,0.00,0.00,78.97,17.27,0.67,0.39,0.00,0.00,0.00,7.23,0.00,1.42,0.00,0.00,0.00,0.00
163,"4s_3s","PjMx1","Basc2",105,0.00,0.00,75.68,16.27,0.63,0.36,0.00,0.00,0.00,6.88,0.00,1.42,0.00,0.00,0.00,0.00
163,"4s_3s","PjMx1","Basc2",115,0.00,0.00,70.15,15.07,0.58,0.33,0.00,0.00,0.00,6.34,0.00,1.38,0.00,0.00,0.00,0.00
163,"4s_3s","PjMx1","Basc2",125,0.00,0.00,63.03,13.74,0.53,0.29,0.00,0.00,0.00,5.69,0.00,1.30,0.00,0.00,0.00,0.00
163,"4s_3s","PjMx1","Basc2",135,0.00,0.00,55.00,12.32,0.48,0.26,0.00,0.00,0.00,4.99,0.00,1.19,0.00,0.00,0.00,0.00
163,"4s_3s","PjMx1","Basc2",145,0.00,0.00,46.68,10.88,0.42,0.22,0.00,0.00,0.00,4.27,0.00,1.06,0.00,0.00,0.00,0.00
163,"4s_3s","PjMx1","Basc2",155,0.00,0.00,38.57,9.44,0.36,0.19,0.00,0.00,0.00,3.58,0.00,0.92,0.00,0.00,0.00,0.00
163,"4s_3s","PjMx1","Basc2",165,0.00,0.00,31.08,8.07,0.31,0.16,0.00,0.00,0.00,2.95,0.00,0.79,0.00,0.00,0.00,0.00
163,"4s_3s","PjMx1","Basc2",175,0.00,0.00,24.44,6.78,0.26,0.13,0.00,0.00,0.00,2.38,0.00,0.66,0.00,0.00,0.00,0.00
163,"4s_3s","PjMx1","Basc2",185,0.00,0.00,18.77,5.60,0.21,0.10,0.00,0.00,0.00,1.88,0.00,0.54,0.00,0.00,0.00,0.00
163,"4s_3s","PjMx1","Basc2",195,0.00,0.00,14.10,4.56,0.17,0.08,0.00,0.00,0.00,1.47,0.00,0.43,0.00,0.00,0.00,0.00
163,"4s_3s","PjMx1","Basc2",205,0.00,0.00,10.36,3.64,0.14,0.06,0.00,0.00,0.00,1.12,0.00,0.34,0.00,0.00,0.00,0.00
163,"4s_3s","PjMx1","Basc2",215,0.00,0.00,7.45,2.87,0.11,0.05,0.00,0.00,0.00,0.84,0.00,0.26,0.00,0.00,0.00,0.00
163,"4s_3s","PjMx1","Basc2",225,0.00,0.00,5.25,2.22,0.08,0.03,0.00,0.00,0.00,0.62,0.00,0.20,0.00,0.00,0.00,0.00
163,"4s_3s","PjMx1","Basc2",235,0.00,0.00,3.62,1.69,0.06,0.02,0.00,0.00,0.00,0.45,0.00,0.15,0.00,0.00,0.00,0.00
163,"4s_3s","PjMx1","Basc2",245,0.00,0.00,2.45,1.26,0.04,0.02,0.00,0.00,0.00,0.32,0.00,0.11,0.00,0.00,0.00,0.00
163,"4s_3s","PjMx1","Basc2",255,0.00,0.00,1.63,0.93,0.03,0.01,0.00,0.00,0.00,0.23,0.00,0.07,0.00,0.00,0.00,0.00
164,"Patnt","PjMx1","Basc2",5,0.00,0.00,0.00,0.00,0.00,0.00,0.00,0.00,0.00,0.00,0.00,0.00,0.00,0.00,0.00,0.00
164,"Patnt","PjMx1","Basc2",15,0.00,0.00,7.17,2.01,0.11,0.05,0.00,0.00,0.00,0.42,0.00,0.06,0.00,0.00,0.00,0.00
164,"Patnt","PjMx1","Basc2",25,0.00,0.00,18.10,6.52,0.27,0.17,0.00,0.00,0.00,1.31,0.00,0.20,0.00,0.00,0.00,0.00
164,"Patnt","PjMx1","Basc2",35,0.00,0.00,31.66,11.56,0.43,0.29,0.00,0.00,0.00,2.57,0.00,0.39,0.00,0.00,0.00,0.00
164,"Patnt","PjMx1","Basc2",45,0.00,0.00,46.42,15.39,0.57,0.38,0.00,0.00,0.00,4.04,0.00,0.64,0.00,0.00,0.00,0.00
164,"Patnt","PjMx1","Basc2",55,0.00,0.00,60.29,17.65,0.66,0.43,0.00,0.00,0.00,5.45,0.00,0.89,0.00,0.00,0.00,0.00
164,"Patnt","PjMx1","Basc2",65,0.00,0.00,71.17,18.65,0.71,0.45,0.00,0.00,0.00,6.55,0.00,1.12,0.00,0.00,0.00,0.00
164,"Patnt","PjMx1","Basc2",75,0.00,0.00,77.61,18.68,0.72,0.44,0.00,0.00,0.00,7.17,0.00,1.28,0.00,0.00,0.00,0.00
164,"Patnt","PjMx1","Basc2",85,0.00,0.00,79.02,17.93,0.69,0.41,0.00,0.00,0.00,7.28,0.00,1.36,0.00,0.00,0.00,0.00
164,"Patnt","PjMx1","Basc2",95,0.00,0.00,75.65,16.55,0.64,0.38,0.00,0.00,0.00,6.92,0.00,1.36,0.00,0.00,0.00,0.00
164,"Patnt","PjMx1","Basc2",105,0.00,0.00,68.40,14.70,0.57,0.33,0.00,0.00,0.00,6.22,0.00,1.29,0.00,0.00,0.00,0.00
164,"Patnt","PjMx1","Basc2",115,0.00,0.00,58.58,12.58,0.49,0.27,0.00,0.00,0.00,5.30,0.00,1.15,0.00,0.00,0.00,0.00
164,"Patnt","PjMx1","Basc2",125,0.00,0.00,47.64,10.38,0.40,0.22,0.00,0.00,0.00,4.30,0.00,0.98,0.00,0.00,0.00,0.00
164,"Patnt","PjMx1","Basc2",135,0.00,0.00,36.84,8.25,0.32,0.17,0.00,0.00,0.00,3.34,0.00,0.79,0.00,0.00,0.00,0.00
164,"Patnt","PjMx1","Basc2",145,0.00,0.00,27.14,6.32,0.24,0.13,0.00,0.00,0.00,2.48,0.00,0.61,0.00,0.00,0.00,0.00
164,"Patnt","PjMx1","Basc2",155,0.00,0.00,19.06,4.67,0.18,0.09,0.00,0.00,0.00,1.77,0.00,0.45,0.00,0.00,0.00,0.00
164,"Patnt","PjMx1","Basc2",165,0.00,0.00,12.79,3.32,0.12,0.06,0.00,0.00,0.00,1.21,0.00,0.32,0.00,0.00,0.00,0.00
164,"Patnt","PjMx1","Basc2",175,0.00,0.00,8.20,2.27,0.08,0.04,0.00,0.00,0.00,0.79,0.00,0.22,0.00,0.00,0.00,0.00
164,"Patnt","PjMx1","Basc2",185,0.00,0.00,5.03,1.50,0.05,0.02,0.00,0.00,0.00,0.50,0.00,0.14,0.00,0.00,0.00,0.00
164,"Patnt","PjMx1","Basc2",195,0.00,0.00,2.95,0.95,0.03,0.01,0.00,0.00,0.00,0.30,0.00,0.09,0.00,0.00,0.00,0.00
164,"Patnt","PjMx1","Basc2",205,0.00,0.00,1.66,0.58,0.02,0.01,0.00,0.00,0.00,0.18,0.00,0.05,0.00,0.00,0.00,0.00
164,"Patnt","PjMx1","Basc2",215,0.00,0.00,0.89,0.34,0.01,6.23752295594454e-03,0.00,0.00,0.00,0.10,0.00,0.03,0.00,0.00,0.00,0.00
164,"Patnt","PjMx1","Basc2",225,0.00,0.00,0.46,0.19,7.68700919535778e-03,3.4676660687265e-03,0.00,0.00,0.00,0.05,0.00,0.01,0.00,0.00,0.00,0.00
164,"Patnt","PjMx1","Basc2",235,0.00,0.00,0.23,0.10,4.21295069629591e-03,1.85664848872108e-03,0.00,0.00,0.00,0.02,0.00,9.60432519438214e-03,0.00,0.00,0.00,0.00
164,"Patnt","PjMx1","Basc2",245,0.00,0.00,0.11,0.05,2.22432164186881e-03,9.57406919377295e-04,0.00,0.00,0.00,0.01,0.00,4.96240650063286e-03,0.00,0.00,0.00,0.00
164,"Patnt","PjMx1","Basc2",255,0.00,0.00,0.05,0.02,1.13133912740177e-03,4.75494969026906e-04,0.00,0.00,0.00,7.14408832340761e-03,0.00,2.46783457860585e-03,0.00,0.00,0.00,0.00
165,"4s_3s","PjMx1","Intn1",5,0.00,0.00,0.00,0.00,0.00,0.00,0.00,0.00,0.00,0.00,0.00,0.00,0.00,0.00,0.00,0.00
165,"4s_3s","PjMx1","Intn1",15,0.00,0.00,9.94,2.79,0.16,0.07,0.00,0.00,0.00,0.59,0.00,0.09,0.00,0.00,0.00,0.00
165,"4s_3s","PjMx1","Intn1",25,0.00,0.00,22.52,8.12,0.34,0.21,0.00,0.00,0.00,1.63,0.00,0.25,0.00,0.00,0.00,0.00
165,"4s_3s","PjMx1","Intn1",35,0.00,0.00,36.08,13.17,0.50,0.33,0.00,0.00,0.00,2.93,0.00,0.45,0.00,0.00,0.00,0.00
165,"4s_3s","PjMx1","Intn1",45,0.00,0.00,49.48,16.41,0.61,0.41,0.00,0.00,0.00,4.30,0.00,0.68,0.00,0.00,0.00,0.00
165,"4s_3s","PjMx1","Intn1",55,0.00,0.00,61.40,17.97,0.67,0.44,0.00,0.00,0.00,5.55,0.00,0.91,0.00,0.00,0.00,0.00
165,"4s_3s","PjMx1","Intn1",65,0.00,0.00,70.68,18.52,0.70,0.44,0.00,0.00,0.00,6.50,0.00,1.11,0.00,0.00,0.00,0.00
165,"4s_3s","PjMx1","Intn1",75,0.00,0.00,76.75,18.47,0.71,0.43,0.00,0.00,0.00,7.09,0.00,1.27,0.00,0.00,0.00,0.00
165,"4s_3s","PjMx1","Intn1",85,0.00,0.00,79.46,18.03,0.70,0.42,0.00,0.00,0.00,7.32,0.00,1.37,0.00,0.00,0.00,0.00
165,"4s_3s","PjMx1","Intn1",95,0.00,0.00,78.97,17.27,0.67,0.39,0.00,0.00,0.00,7.23,0.00,1.42,0.00,0.00,0.00,0.00
165,"4s_3s","PjMx1","Intn1",105,0.00,0.00,75.68,16.27,0.63,0.36,0.00,0.00,0.00,6.88,0.00,1.42,0.00,0.00,0.00,0.00
165,"4s_3s","PjMx1","Intn1",115,0.00,0.00,70.15,15.07,0.58,0.33,0.00,0.00,0.00,6.34,0.00,1.38,0.00,0.00,0.00,0.00
165,"4s_3s","PjMx1","Intn1",125,0.00,0.00,63.03,13.74,0.53,0.29,0.00,0.00,0.00,5.69,0.00,1.30,0.00,0.00,0.00,0.00
165,"4s_3s","PjMx1","Intn1",135,0.00,0.00,55.00,12.32,0.48,0.26,0.00,0.00,0.00,4.99,0.00,1.19,0.00,0.00,0.00,0.00
165,"4s_3s","PjMx1","Intn1",145,0.00,0.00,46.68,10.88,0.42,0.22,0.00,0.00,0.00,4.27,0.00,1.06,0.00,0.00,0.00,0.00
165,"4s_3s","PjMx1","Intn1",155,0.00,0.00,38.57,9.44,0.36,0.19,0.00,0.00,0.00,3.58,0.00,0.92,0.00,0.00,0.00,0.00
165,"4s_3s","PjMx1","Intn1",165,0.00,0.00,31.08,8.07,0.31,0.16,0.00,0.00,0.00,2.95,0.00,0.79,0.00,0.00,0.00,0.00
165,"4s_3s","PjMx1","Intn1",175,0.00,0.00,24.44,6.78,0.26,0.13,0.00,0.00,0.00,2.38,0.00,0.66,0.00,0.00,0.00,0.00
165,"4s_3s","PjMx1","Intn1",185,0.00,0.00,18.77,5.60,0.21,0.10,0.00,0.00,0.00,1.88,0.00,0.54,0.00,0.00,0.00,0.00
165,"4s_3s","PjMx1","Intn1",195,0.00,0.00,14.10,4.56,0.17,0.08,0.00,0.00,0.00,1.47,0.00,0.43,0.00,0.00,0.00,0.00
165,"4s_3s","PjMx1","Intn1",205,0.00,0.00,10.36,3.64,0.14,0.06,0.00,0.00,0.00,1.12,0.00,0.34,0.00,0.00,0.00,0.00
165,"4s_3s","PjMx1","Intn1",215,0.00,0.00,7.45,2.87,0.11,0.05,0.00,0.00,0.00,0.84,0.00,0.26,0.00,0.00,0.00,0.00
165,"4s_3s","PjMx1","Intn1",225,0.00,0.00,5.25,2.22,0.08,0.03,0.00,0.00,0.00,0.62,0.00,0.20,0.00,0.00,0.00,0.00
165,"4s_3s","PjMx1","Intn1",235,0.00,0.00,3.62,1.69,0.06,0.02,0.00,0.00,0.00,0.45,0.00,0.15,0.00,0.00,0.00,0.00
165,"4s_3s","PjMx1","Intn1",245,0.00,0.00,2.45,1.26,0.04,0.02,0.00,0.00,0.00,0.32,0.00,0.11,0.00,0.00,0.00,0.00
165,"4s_3s","PjMx1","Intn1",255,0.00,0.00,1.63,0.93,0.03,0.01,0.00,0.00,0.00,0.23,0.00,0.07,0.00,0.00,0.00,0.00
166,"Patnt","PjMx1","Intn1",5,0.00,0.00,0.00,0.00,0.00,0.00,0.00,0.00,0.00,0.00,0.00,0.00,0.00,0.00,0.00,0.00
166,"Patnt","PjMx1","Intn1",15,0.00,0.00,7.17,2.01,0.11,0.05,0.00,0.00,0.00,0.42,0.00,0.06,0.00,0.00,0.00,0.00
166,"Patnt","PjMx1","Intn1",25,0.00,0.00,18.10,6.52,0.27,0.17,0.00,0.00,0.00,1.31,0.00,0.20,0.00,0.00,0.00,0.00
166,"Patnt","PjMx1","Intn1",35,0.00,0.00,31.66,11.56,0.43,0.29,0.00,0.00,0.00,2.57,0.00,0.39,0.00,0.00,0.00,0.00
166,"Patnt","PjMx1","Intn1",45,0.00,0.00,46.42,15.39,0.57,0.38,0.00,0.00,0.00,4.04,0.00,0.64,0.00,0.00,0.00,0.00
166,"Patnt","PjMx1","Intn1",55,0.00,0.00,60.29,17.65,0.66,0.43,0.00,0.00,0.00,5.45,0.00,0.89,0.00,0.00,0.00,0.00
166,"Patnt","PjMx1","Intn1",65,0.00,0.00,71.17,18.65,0.71,0.45,0.00,0.00,0.00,6.55,0.00,1.12,0.00,0.00,0.00,0.00
166,"Patnt","PjMx1","Intn1",75,0.00,0.00,77.61,18.68,0.72,0.44,0.00,0.00,0.00,7.17,0.00,1.28,0.00,0.00,0.00,0.00
166,"Patnt","PjMx1","Intn1",85,0.00,0.00,79.02,17.93,0.69,0.41,0.00,0.00,0.00,7.28,0.00,1.36,0.00,0.00,0.00,0.00
166,"Patnt","PjMx1","Intn1",95,0.00,0.00,75.65,16.55,0.64,0.38,0.00,0.00,0.00,6.92,0.00,1.36,0.00,0.00,0.00,0.00
166,"Patnt","PjMx1","Intn1",105,0.00,0.00,68.40,14.70,0.57,0.33,0.00,0.00,0.00,6.22,0.00,1.29,0.00,0.00,0.00,0.00
166,"Patnt","PjMx1","Intn1",115,0.00,0.00,58.58,12.58,0.49,0.27,0.00,0.00,0.00,5.30,0.00,1.15,0.00,0.00,0.00,0.00
166,"Patnt","PjMx1","Intn1",125,0.00,0.00,47.64,10.38,0.40,0.22,0.00,0.00,0.00,4.30,0.00,0.98,0.00,0.00,0.00,0.00
166,"Patnt","PjMx1","Intn1",135,0.00,0.00,36.84,8.25,0.32,0.17,0.00,0.00,0.00,3.34,0.00,0.79,0.00,0.00,0.00,0.00
166,"Patnt","PjMx1","Intn1",145,0.00,0.00,27.14,6.32,0.24,0.13,0.00,0.00,0.00,2.48,0.00,0.61,0.00,0.00,0.00,0.00
166,"Patnt","PjMx1","Intn1",155,0.00,0.00,19.06,4.67,0.18,0.09,0.00,0.00,0.00,1.77,0.00,0.45,0.00,0.00,0.00,0.00
166,"Patnt","PjMx1","Intn1",165,0.00,0.00,12.79,3.32,0.12,0.06,0.00,0.00,0.00,1.21,0.00,0.32,0.00,0.00,0.00,0.00
166,"Patnt","PjMx1","Intn1",175,0.00,0.00,8.20,2.27,0.08,0.04,0.00,0.00,0.00,0.79,0.00,0.22,0.00,0.00,0.00,0.00
166,"Patnt","PjMx1","Intn1",185,0.00,0.00,5.03,1.50,0.05,0.02,0.00,0.00,0.00,0.50,0.00,0.14,0.00,0.00,0.00,0.00
166,"Patnt","PjMx1","Intn1",195,0.00,0.00,2.95,0.95,0.03,0.01,0.00,0.00,0.00,0.30,0.00,0.09,0.00,0.00,0.00,0.00
166,"Patnt","PjMx1","Intn1",205,0.00,0.00,1.66,0.58,0.02,0.01,0.00,0.00,0.00,0.18,0.00,0.05,0.00,0.00,0.00,0.00
166,"Patnt","PjMx1","Intn1",215,0.00,0.00,0.89,0.34,0.01,6.23752295594454e-03,0.00,0.00,0.00,0.10,0.00,0.03,0.00,0.00,0.00,0.00
166,"Patnt","PjMx1","Intn1",225,0.00,0.00,0.46,0.19,7.68700919535778e-03,3.4676660687265e-03,0.00,0.00,0.00,0.05,0.00,0.01,0.00,0.00,0.00,0.00
166,"Patnt","PjMx1","Intn1",235,0.00,0.00,0.23,0.10,4.21295069629591e-03,1.85664848872108e-03,0.00,0.00,0.00,0.02,0.00,9.60432519438214e-03,0.00,0.00,0.00,0.00
166,"Patnt","PjMx1","Intn1",245,0.00,0.00,0.11,0.05,2.22432164186881e-03,9.57406919377295e-04,0.00,0.00,0.00,0.01,0.00,4.96240650063286e-03,0.00,0.00,0.00,0.00
166,"Patnt","PjMx1","Intn1",255,0.00,0.00,0.05,0.02,1.13133912740177e-03,4.75494969026906e-04,0.00,0.00,0.00,7.14408832340761e-03,0.00,2.46783457860585e-03,0.00,0.00,0.00,0.00
167,"4s_3s","BfMx","Prsnt",5,0.00,0.00,0.00,0.00,0.00,0.00,0.00,0.00,0.00,0.00,0.00,0.00,0.00,0.00,0.00,0.00
167,"4s_3s","BfMx","Prsnt",15,0.01,0.00,0.17,0.80,0.41,0.60,0.11,0.00,0.00,0.16,0.00,0.07,0.00,0.00,0.00,0.00
167,"4s_3s","BfMx","Prsnt",25,0.08,0.00,0.72,4.19,1.60,3.11,0.25,0.00,0.00,0.80,0.00,0.38,0.00,0.00,0.00,0.00
167,"4s_3s","BfMx","Prsnt",35,0.23,0.00,1.75,10.24,3.49,7.42,0.43,0.00,0.00,2.16,0.00,1.04,0.00,0.00,0.00,0.00
167,"4s_3s","BfMx","Prsnt",45,0.46,0.00,3.22,17.09,5.72,12.08,0.63,0.00,0.00,4.25,0.00,2.09,0.00,0.00,0.00,0.00
167,"4s_3s","BfMx","Prsnt",55,0.77,0.00,4.92,23.02,7.81,15.95,0.82,0.00,0.00,6.74,0.00,3.43,0.00,0.00,0.00,0.00
167,"4s_3s","BfMx","Prsnt",65,1.10,0.00,6.57,27.54,9.49,18.75,0.96,0.00,0.00,9.17,0.00,4.87,0.00,0.00,0.00,0.00
167,"4s_3s","BfMx","Prsnt",75,1.44,0.00,8.02,30.88,10.74,20.70,1.07,0.00,0.00,11.24,0.00,6.25,0.00,0.00,0.00,0.00
167,"4s_3s","BfMx","Prsnt",85,1.76,0.00,9.22,33.46,11.69,22.07,1.14,0.00,0.00,12.88,0.00,7.51,0.00,0.00,0.00,0.00
167,"4s_3s","BfMx","Prsnt",95,2.06,0.00,10.16,35.54,12.44,23.05,1.18,0.00,0.00,14.11,0.00,8.65,0.00,0.00,0.00,0.00
167,"4s_3s","BfMx","Prsnt",105,2.33,0.00,10.86,37.31,13.06,23.77,1.21,0.00,0.00,14.96,0.00,9.64,0.00,0.00,0.00,0.00
167,"4s_3s","BfMx","Prsnt",115,2.58,0.00,11.31,38.83,13.60,24.30,1.22,0.00,0.00,15.51,0.00,10.49,0.00,0.00,0.00,0.00
167,"4s_3s","BfMx","Prsnt",125,2.80,0.00,11.53,40.17,14.08,24.66,1.22,0.00,0.00,15.79,0.00,11.20,0.00,0.00,0.00,0.00
167,"4s_3s","BfMx","Prsnt",135,2.99,0.00,11.54,41.35,14.49,24.90,1.21,0.00,0.00,15.87,0.00,11.77,0.00,0.00,0.00,0.00
167,"4s_3s","BfMx","Prsnt",145,3.15,0.00,11.38,42.38,14.86,25.02,1.19,0.00,0.00,15.78,0.00,12.21,0.00,0.00,0.00,0.00
167,"4s_3s","BfMx","Prsnt",155,3.27,0.00,11.06,43.30,15.18,25.04,1.16,0.00,0.00,15.58,0.00,12.54,0.00,0.00,0.00,0.00
167,"4s_3s","BfMx","Prsnt",165,3.37,0.00,10.62,44.10,15.47,24.98,1.13,0.00,0.00,15.28,0.00,12.76,0.00,0.00,0.00,0.00
167,"4s_3s","BfMx","Prsnt",175,3.44,0.00,10.10,44.81,15.72,24.85,1.09,0.00,0.00,14.91,0.00,12.90,0.00,0.00,0.00,0.00
167,"4s_3s","BfMx","Prsnt",185,3.49,0.00,9.51,45.43,15.94,24.65,1.05,0.00,0.00,14.50,0.00,12.95,0.00,0.00,0.00,0.00
167,"4s_3s","BfMx","Prsnt",195,3.52,0.00,8.89,45.97,16.14,24.40,1.00,0.00,0.00,14.06,0.00,12.94,0.00,0.00,0.00,0.00
167,"4s_3s","BfMx","Prsnt",205,3.52,0.00,8.25,46.44,16.31,24.11,0.95,0.00,0.00,13.60,0.00,12.88,0.00,0.00,0.00,0.00
167,"4s_3s","BfMx","Prsnt",215,3.51,0.00,7.60,46.85,16.45,23.78,0.90,0.00,0.00,13.13,0.00,12.77,0.00,0.00,0.00,0.00
167,"4s_3s","BfMx","Prsnt",225,3.49,0.00,6.98,47.20,16.58,23.42,0.85,0.00,0.00,12.65,0.00,12.63,0.00,0.00,0.00,0.00
167,"4s_3s","BfMx","Prsnt",235,3.45,0.00,6.37,47.50,16.69,23.03,0.80,0.00,0.00,12.17,0.00,12.45,0.00,0.00,0.00,0.00
167,"4s_3s","BfMx","Prsnt",245,3.40,0.00,5.79,47.76,16.79,22.62,0.75,0.00,0.00,11.69,0.00,12.25,0.00,0.00,0.00,0.00
167,"4s_3s","BfMx","Prsnt",255,3.34,0.00,5.24,47.98,16.87,22.19,0.71,0.00,0.00,11.22,0.00,12.04,0.00,0.00,0.00,0.00
168,"Patnt","BfMx","Prsnt",5,0.00,0.00,0.00,0.00,0.00,0.00,0.00,0.00,0.00,0.00,0.00,0.00,0.00,0.00,0.00,0.00
168,"Patnt","BfMx","Prsnt",15,0.00,0.00,0.47,0.48,0.58,0.81,0.24,0.00,0.00,0.42,0.00,0.02,0.00,0.00,0.00,3.42579552973579e-03
168,"Patnt","BfMx","Prsnt",25,0.00,0.00,1.96,2.56,2.26,4.24,0.58,0.00,0.00,2.14,0.00,0.13,0.00,0.00,0.00,0.01
168,"Patnt","BfMx","Prsnt",35,0.00,0.00,4.50,5.97,4.70,9.62,0.95,0.00,0.00,5.52,0.00,0.35,0.00,0.00,0.00,0.03
168,"Patnt","BfMx","Prsnt",45,0.00,0.00,7.73,9.31,7.19,14.63,1.29,0.00,0.00,10.15,0.00,0.66,0.00,0.00,0.00,0.07
168,"Patnt","BfMx","Prsnt",55,0.00,0.00,11.07,11.77,9.21,18.13,1.56,0.00,0.00,15.10,0.00,1.02,0.00,0.00,0.00,0.11
168,"Patnt","BfMx","Prsnt",65,0.00,0.00,14.12,13.44,10.68,20.35,1.75,0.00,0.00,19.61,0.00,1.38,0.00,0.00,0.00,0.14
168,"Patnt","BfMx","Prsnt",75,0.00,0.00,16.76,14.65,11.76,21.84,1.89,0.00,0.00,23.38,0.00,1.72,0.00,0.00,0.00,0.18
168,"Patnt","BfMx","Prsnt",85,0.00,0.00,18.98,15.64,12.60,22.94,1.98,0.00,0.00,26.40,0.00,2.04,0.00,0.00,0.00,0.22
168,"Patnt","BfMx","Prsnt",95,0.00,0.00,20.78,16.51,13.32,23.81,2.05,0.00,0.00,28.72,0.00,2.33,0.00,0.00,0.00,0.25
168,"Patnt","BfMx","Prsnt",105,0.00,0.00,22.15,17.29,13.97,24.50,2.09,0.00,0.00,30.40,0.00,2.59,0.00,0.00,0.00,0.28
168,"Patnt","BfMx","Prsnt",115,0.00,0.00,23.07,18.01,14.55,25.05,2.12,0.00,0.00,31.51,0.00,2.82,0.00,0.00,0.00,0.31
168,"Patnt","BfMx","Prsnt",125,0.00,0.00,23.56,18.66,15.08,25.46,2.12,0.00,0.00,32.14,0.00,3.02,0.00,0.00,0.00,0.34
168,"Patnt","BfMx","Prsnt",135,0.00,0.00,23.64,19.24,15.56,25.76,2.11,0.00,0.00,32.37,0.00,3.18,0.00,0.00,0.00,0.37
168,"Patnt","BfMx","Prsnt",145,0.00,0.00,23.35,19.77,15.98,25.94,2.08,0.00,0.00,32.27,0.00,3.30,0.00,0.00,0.00,0.39
168,"Patnt","BfMx","Prsnt",155,0.00,0.00,22.75,20.24,16.37,26.02,2.03,0.00,0.00,31.91,0.00,3.40,0.00,0.00,0.00,0.41
168,"Patnt","BfMx","Prsnt",165,0.00,0.00,21.89,20.65,16.70,26.00,1.97,0.00,0.00,31.35,0.00,3.47,0.00,0.00,0.00,0.42
168,"Patnt","BfMx","Prsnt",175,0.00,0.00,20.83,21.00,16.99,25.89,1.91,0.00,0.00,30.63,0.00,3.51,0.00,0.00,0.00,0.43
168,"Patnt","BfMx","Prsnt",185,0.00,0.00,19.63,21.30,17.24,25.70,1.83,0.00,0.00,29.80,0.00,3.52,0.00,0.00,0.00,0.44
168,"Patnt","BfMx","Prsnt",195,0.00,0.00,18.34,21.55,17.44,25.43,1.75,0.00,0.00,28.89,0.00,3.52,0.00,0.00,0.00,0.45
168,"Patnt","BfMx","Prsnt",205,0.00,0.00,17.00,21.75,17.61,25.10,1.66,0.00,0.00,27.91,0.00,3.50,0.00,0.00,0.00,0.45
168,"Patnt","BfMx","Prsnt",215,0.00,0.00,15.65,21.91,17.74,24.72,1.57,0.00,0.00,26.90,0.00,3.46,0.00,0.00,0.00,0.45
168,"Patnt","BfMx","Prsnt",225,0.00,0.00,14.32,22.02,17.84,24.29,1.48,0.00,0.00,25.86,0.00,3.42,0.00,0.00,0.00,0.45
168,"Patnt","BfMx","Prsnt",235,0.00,0.00,13.04,22.10,17.91,23.82,1.39,0.00,0.00,24.81,0.00,3.36,0.00,0.00,0.00,0.44
168,"Patnt","BfMx","Prsnt",245,0.00,0.00,11.81,22.14,17.95,23.31,1.30,0.00,0.00,23.75,0.00,3.29,0.00,0.00,0.00,0.44
168,"Patnt","BfMx","Prsnt",255,0.00,0.00,10.66,22.15,17.96,22.78,1.22,0.00,0.00,22.71,0.00,3.22,0.00,0.00,0.00,0.43
169,"4s_3s","BfMx","Exten",5,0.00,0.00,0.00,0.00,0.00,0.00,0.00,0.00,0.00,0.00,0.00,0.00,0.00,0.00,0.00,0.00
169,"4s_3s","BfMx","Exten",15,0.01,0.00,0.17,0.80,0.41,0.60,0.11,0.00,0.00,0.16,0.00,0.07,0.00,0.00,0.00,0.00
169,"4s_3s","BfMx","Exten",25,0.08,0.00,0.72,4.19,1.60,3.11,0.25,0.00,0.00,0.80,0.00,0.38,0.00,0.00,0.00,0.00
169,"4s_3s","BfMx","Exten",35,0.23,0.00,1.75,10.24,3.49,7.42,0.43,0.00,0.00,2.16,0.00,1.04,0.00,0.00,0.00,0.00
169,"4s_3s","BfMx","Exten",45,0.46,0.00,3.22,17.09,5.72,12.08,0.63,0.00,0.00,4.25,0.00,2.09,0.00,0.00,0.00,0.00
169,"4s_3s","BfMx","Exten",55,0.77,0.00,4.92,23.02,7.81,15.95,0.82,0.00,0.00,6.74,0.00,3.43,0.00,0.00,0.00,0.00
169,"4s_3s","BfMx","Exten",65,1.10,0.00,6.57,27.54,9.49,18.75,0.96,0.00,0.00,9.17,0.00,4.87,0.00,0.00,0.00,0.00
169,"4s_3s","BfMx","Exten",75,1.44,0.00,8.02,30.88,10.74,20.70,1.07,0.00,0.00,11.24,0.00,6.25,0.00,0.00,0.00,0.00
169,"4s_3s","BfMx","Exten",85,1.76,0.00,9.22,33.46,11.69,22.07,1.14,0.00,0.00,12.88,0.00,7.51,0.00,0.00,0.00,0.00
169,"4s_3s","BfMx","Exten",95,2.06,0.00,10.16,35.54,12.44,23.05,1.18,0.00,0.00,14.11,0.00,8.65,0.00,0.00,0.00,0.00
169,"4s_3s","BfMx","Exten",105,2.33,0.00,10.86,37.31,13.06,23.77,1.21,0.00,0.00,14.96,0.00,9.64,0.00,0.00,0.00,0.00
169,"4s_3s","BfMx","Exten",115,2.58,0.00,11.31,38.83,13.60,24.30,1.22,0.00,0.00,15.51,0.00,10.49,0.00,0.00,0.00,0.00
169,"4s_3s","BfMx","Exten",125,2.80,0.00,11.53,40.17,14.08,24.66,1.22,0.00,0.00,15.79,0.00,11.20,0.00,0.00,0.00,0.00
169,"4s_3s","BfMx","Exten",135,2.99,0.00,11.54,41.35,14.49,24.90,1.21,0.00,0.00,15.87,0.00,11.77,0.00,0.00,0.00,0.00
169,"4s_3s","BfMx","Exten",145,3.15,0.00,11.38,42.38,14.86,25.02,1.19,0.00,0.00,15.78,0.00,12.21,0.00,0.00,0.00,0.00
169,"4s_3s","BfMx","Exten",155,3.27,0.00,11.06,43.30,15.18,25.04,1.16,0.00,0.00,15.58,0.00,12.54,0.00,0.00,0.00,0.00
169,"4s_3s","BfMx","Exten",165,3.37,0.00,10.62,44.10,15.47,24.98,1.13,0.00,0.00,15.28,0.00,12.76,0.00,0.00,0.00,0.00
169,"4s_3s","BfMx","Exten",175,3.44,0.00,10.10,44.81,15.72,24.85,1.09,0.00,0.00,14.91,0.00,12.90,0.00,0.00,0.00,0.00
169,"4s_3s","BfMx","Exten",185,3.49,0.00,9.51,45.43,15.94,24.65,1.05,0.00,0.00,14.50,0.00,12.95,0.00,0.00,0.00,0.00
169,"4s_3s","BfMx","Exten",195,3.52,0.00,8.89,45.97,16.14,24.40,1.00,0.00,0.00,14.06,0.00,12.94,0.00,0.00,0.00,0.00
169,"4s_3s","BfMx","Exten",205,3.52,0.00,8.25,46.44,16.31,24.11,0.95,0.00,0.00,13.60,0.00,12.88,0.00,0.00,0.00,0.00
169,"4s_3s","BfMx","Exten",215,3.51,0.00,7.60,46.85,16.45,23.78,0.90,0.00,0.00,13.13,0.00,12.77,0.00,0.00,0.00,0.00
169,"4s_3s","BfMx","Exten",225,3.49,0.00,6.98,47.20,16.58,23.42,0.85,0.00,0.00,12.65,0.00,12.63,0.00,0.00,0.00,0.00
169,"4s_3s","BfMx","Exten",235,3.45,0.00,6.37,47.50,16.69,23.03,0.80,0.00,0.00,12.17,0.00,12.45,0.00,0.00,0.00,0.00
169,"4s_3s","BfMx","Exten",245,3.40,0.00,5.79,47.76,16.79,22.62,0.75,0.00,0.00,11.69,0.00,12.25,0.00,0.00,0.00,0.00
169,"4s_3s","BfMx","Exten",255,3.34,0.00,5.24,47.98,16.87,22.19,0.71,0.00,0.00,11.22,0.00,12.04,0.00,0.00,0.00,0.00
170,"Patnt","BfMx","Exten",5,0.00,0.00,0.00,0.00,0.00,0.00,0.00,0.00,0.00,0.00,0.00,0.00,0.00,0.00,0.00,0.00
170,"Patnt","BfMx","Exten",15,0.00,0.00,0.47,0.48,0.58,0.81,0.24,0.00,0.00,0.42,0.00,0.02,0.00,0.00,0.00,3.42579552973579e-03
170,"Patnt","BfMx","Exten",25,0.00,0.00,1.96,2.56,2.26,4.24,0.58,0.00,0.00,2.14,0.00,0.13,0.00,0.00,0.00,0.01
170,"Patnt","BfMx","Exten",35,0.00,0.00,4.50,5.97,4.70,9.62,0.95,0.00,0.00,5.52,0.00,0.35,0.00,0.00,0.00,0.03
170,"Patnt","BfMx","Exten",45,0.00,0.00,7.73,9.31,7.19,14.63,1.29,0.00,0.00,10.15,0.00,0.66,0.00,0.00,0.00,0.07
170,"Patnt","BfMx","Exten",55,0.00,0.00,11.07,11.77,9.21,18.13,1.56,0.00,0.00,15.10,0.00,1.02,0.00,0.00,0.00,0.11
170,"Patnt","BfMx","Exten",65,0.00,0.00,14.12,13.44,10.68,20.35,1.75,0.00,0.00,19.61,0.00,1.38,0.00,0.00,0.00,0.14
170,"Patnt","BfMx","Exten",75,0.00,0.00,16.76,14.65,11.76,21.84,1.89,0.00,0.00,23.38,0.00,1.72,0.00,0.00,0.00,0.18
170,"Patnt","BfMx","Exten",85,0.00,0.00,18.98,15.64,12.60,22.94,1.98,0.00,0.00,26.40,0.00,2.04,0.00,0.00,0.00,0.22
170,"Patnt","BfMx","Exten",95,0.00,0.00,20.78,16.51,13.32,23.81,2.05,0.00,0.00,28.72,0.00,2.33,0.00,0.00,0.00,0.25
170,"Patnt","BfMx","Exten",105,0.00,0.00,22.15,17.29,13.97,24.50,2.09,0.00,0.00,30.40,0.00,2.59,0.00,0.00,0.00,0.28
170,"Patnt","BfMx","Exten",115,0.00,0.00,23.07,18.01,14.55,25.05,2.12,0.00,0.00,31.51,0.00,2.82,0.00,0.00,0.00,0.31
170,"Patnt","BfMx","Exten",125,0.00,0.00,23.56,18.66,15.08,25.46,2.12,0.00,0.00,32.14,0.00,3.02,0.00,0.00,0.00,0.34
170,"Patnt","BfMx","Exten",135,0.00,0.00,23.64,19.24,15.56,25.76,2.11,0.00,0.00,32.37,0.00,3.18,0.00,0.00,0.00,0.37
170,"Patnt","BfMx","Exten",145,0.00,0.00,23.35,19.77,15.98,25.94,2.08,0.00,0.00,32.27,0.00,3.30,0.00,0.00,0.00,0.39
170,"Patnt","BfMx","Exten",155,0.00,0.00,22.75,20.24,16.37,26.02,2.03,0.00,0.00,31.91,0.00,3.40,0.00,0.00,0.00,0.41
170,"Patnt","BfMx","Exten",165,0.00,0.00,21.89,20.65,16.70,26.00,1.97,0.00,0.00,31.35,0.00,3.47,0.00,0.00,0.00,0.42
170,"Patnt","BfMx","Exten",175,0.00,0.00,20.83,21.00,16.99,25.89,1.91,0.00,0.00,30.63,0.00,3.51,0.00,0.00,0.00,0.43
170,"Patnt","BfMx","Exten",185,0.00,0.00,19.63,21.30,17.24,25.70,1.83,0.00,0.00,29.80,0.00,3.52,0.00,0.00,0.00,0.44
170,"Patnt","BfMx","Exten",195,0.00,0.00,18.34,21.55,17.44,25.43,1.75,0.00,0.00,28.89,0.00,3.52,0.00,0.00,0.00,0.45
170,"Patnt","BfMx","Exten",205,0.00,0.00,17.00,21.75,17.61,25.10,1.66,0.00,0.00,27.91,0.00,3.50,0.00,0.00,0.00,0.45
170,"Patnt","BfMx","Exten",215,0.00,0.00,15.65,21.91,17.74,24.72,1.57,0.00,0.00,26.90,0.00,3.46,0.00,0.00,0.00,0.45
170,"Patnt","BfMx","Exten",225,0.00,0.00,14.32,22.02,17.84,24.29,1.48,0.00,0.00,25.86,0.00,3.42,0.00,0.00,0.00,0.45
170,"Patnt","BfMx","Exten",235,0.00,0.00,13.04,22.10,17.91,23.82,1.39,0.00,0.00,24.81,0.00,3.36,0.00,0.00,0.00,0.44
170,"Patnt","BfMx","Exten",245,0.00,0.00,11.81,22.14,17.95,23.31,1.30,0.00,0.00,23.75,0.00,3.29,0.00,0.00,0.00,0.44
170,"Patnt","BfMx","Exten",255,0.00,0.00,10.66,22.15,17.96,22.78,1.22,0.00,0.00,22.71,0.00,3.22,0.00,0.00,0.00,0.43
171,"4s_3s","BfMx","Basc1",5,0.00,0.00,0.00,0.00,0.00,0.00,0.00,0.00,0.00,0.00,0.00,0.00,0.00,0.00,0.00,0.00
171,"4s_3s","BfMx","Basc1",15,0.01,0.00,0.17,0.80,0.41,0.60,0.11,0.00,0.00,0.16,0.00,0.07,0.00,0.00,0.00,0.00
171,"4s_3s","BfMx","Basc1",25,0.08,0.00,0.72,4.19,1.60,3.11,0.25,0.00,0.00,0.80,0.00,0.38,0.00,0.00,0.00,0.00
171,"4s_3s","BfMx","Basc1",35,0.23,0.00,1.75,10.24,3.49,7.42,0.43,0.00,0.00,2.16,0.00,1.04,0.00,0.00,0.00,0.00
171,"4s_3s","BfMx","Basc1",45,0.46,0.00,3.22,17.09,5.72,12.08,0.63,0.00,0.00,4.25,0.00,2.09,0.00,0.00,0.00,0.00
171,"4s_3s","BfMx","Basc1",55,0.77,0.00,4.92,23.02,7.81,15.95,0.82,0.00,0.00,6.74,0.00,3.43,0.00,0.00,0.00,0.00
171,"4s_3s","BfMx","Basc1",65,1.10,0.00,6.57,27.54,9.49,18.75,0.96,0.00,0.00,9.17,0.00,4.87,0.00,0.00,0.00,0.00
171,"4s_3s","BfMx","Basc1",75,1.44,0.00,8.02,30.88,10.74,20.70,1.07,0.00,0.00,11.24,0.00,6.25,0.00,0.00,0.00,0.00
171,"4s_3s","BfMx","Basc1",85,1.76,0.00,9.22,33.46,11.69,22.07,1.14,0.00,0.00,12.88,0.00,7.51,0.00,0.00,0.00,0.00
171,"4s_3s","BfMx","Basc1",95,2.06,0.00,10.16,35.54,12.44,23.05,1.18,0.00,0.00,14.11,0.00,8.65,0.00,0.00,0.00,0.00
171,"4s_3s","BfMx","Basc1",105,2.33,0.00,10.86,37.31,13.06,23.77,1.21,0.00,0.00,14.96,0.00,9.64,0.00,0.00,0.00,0.00
171,"4s_3s","BfMx","Basc1",115,2.58,0.00,11.31,38.83,13.60,24.30,1.22,0.00,0.00,15.51,0.00,10.49,0.00,0.00,0.00,0.00
171,"4s_3s","BfMx","Basc1",125,2.80,0.00,11.53,40.17,14.08,24.66,1.22,0.00,0.00,15.79,0.00,11.20,0.00,0.00,0.00,0.00
171,"4s_3s","BfMx","Basc1",135,2.99,0.00,11.54,41.35,14.49,24.90,1.21,0.00,0.00,15.87,0.00,11.77,0.00,0.00,0.00,0.00
171,"4s_3s","BfMx","Basc1",145,3.15,0.00,11.38,42.38,14.86,25.02,1.19,0.00,0.00,15.78,0.00,12.21,0.00,0.00,0.00,0.00
171,"4s_3s","BfMx","Basc1",155,3.27,0.00,11.06,43.30,15.18,25.04,1.16,0.00,0.00,15.58,0.00,12.54,0.00,0.00,0.00,0.00
171,"4s_3s","BfMx","Basc1",165,3.37,0.00,10.62,44.10,15.47,24.98,1.13,0.00,0.00,15.28,0.00,12.76,0.00,0.00,0.00,0.00
171,"4s_3s","BfMx","Basc1",175,3.44,0.00,10.10,44.81,15.72,24.85,1.09,0.00,0.00,14.91,0.00,12.90,0.00,0.00,0.00,0.00
171,"4s_3s","BfMx","Basc1",185,3.49,0.00,9.51,45.43,15.94,24.65,1.05,0.00,0.00,14.50,0.00,12.95,0.00,0.00,0.00,0.00
171,"4s_3s","BfMx","Basc1",195,3.52,0.00,8.89,45.97,16.14,24.40,1.00,0.00,0.00,14.06,0.00,12.94,0.00,0.00,0.00,0.00
171,"4s_3s","BfMx","Basc1",205,3.52,0.00,8.25,46.44,16.31,24.11,0.95,0.00,0.00,13.60,0.00,12.88,0.00,0.00,0.00,0.00
171,"4s_3s","BfMx","Basc1",215,3.51,0.00,7.60,46.85,16.45,23.78,0.90,0.00,0.00,13.13,0.00,12.77,0.00,0.00,0.00,0.00
171,"4s_3s","BfMx","Basc1",225,3.49,0.00,6.98,47.20,16.58,23.42,0.85,0.00,0.00,12.65,0.00,12.63,0.00,0.00,0.00,0.00
171,"4s_3s","BfMx","Basc1",235,3.45,0.00,6.37,47.50,16.69,23.03,0.80,0.00,0.00,12.17,0.00,12.45,0.00,0.00,0.00,0.00
171,"4s_3s","BfMx","Basc1",245,3.40,0.00,5.79,47.76,16.79,22.62,0.75,0.00,0.00,11.69,0.00,12.25,0.00,0.00,0.00,0.00
171,"4s_3s","BfMx","Basc1",255,3.34,0.00,5.24,47.98,16.87,22.19,0.71,0.00,0.00,11.22,0.00,12.04,0.00,0.00,0.00,0.00
172,"Patnt","BfMx","Basc1",5,0.00,0.00,0.00,0.00,0.00,0.00,0.00,0.00,0.00,0.00,0.00,0.00,0.00,0.00,0.00,0.00
172,"Patnt","BfMx","Basc1",15,0.00,0.00,0.47,0.48,0.58,0.81,0.24,0.00,0.00,0.42,0.00,0.02,0.00,0.00,0.00,3.42579552973579e-03
172,"Patnt","BfMx","Basc1",25,0.00,0.00,1.96,2.56,2.26,4.24,0.58,0.00,0.00,2.14,0.00,0.13,0.00,0.00,0.00,0.01
172,"Patnt","BfMx","Basc1",35,0.00,0.00,4.50,5.97,4.70,9.62,0.95,0.00,0.00,5.52,0.00,0.35,0.00,0.00,0.00,0.03
172,"Patnt","BfMx","Basc1",45,0.00,0.00,7.73,9.31,7.19,14.63,1.29,0.00,0.00,10.15,0.00,0.66,0.00,0.00,0.00,0.07
172,"Patnt","BfMx","Basc1",55,0.00,0.00,11.07,11.77,9.21,18.13,1.56,0.00,0.00,15.10,0.00,1.02,0.00,0.00,0.00,0.11
172,"Patnt","BfMx","Basc1",65,0.00,0.00,14.12,13.44,10.68,20.35,1.75,0.00,0.00,19.61,0.00,1.38,0.00,0.00,0.00,0.14
172,"Patnt","BfMx","Basc1",75,0.00,0.00,16.76,14.65,11.76,21.84,1.89,0.00,0.00,23.38,0.00,1.72,0.00,0.00,0.00,0.18
172,"Patnt","BfMx","Basc1",85,0.00,0.00,18.98,15.64,12.60,22.94,1.98,0.00,0.00,26.40,0.00,2.04,0.00,0.00,0.00,0.22
172,"Patnt","BfMx","Basc1",95,0.00,0.00,20.78,16.51,13.32,23.81,2.05,0.00,0.00,28.72,0.00,2.33,0.00,0.00,0.00,0.25
172,"Patnt","BfMx","Basc1",105,0.00,0.00,22.15,17.29,13.97,24.50,2.09,0.00,0.00,30.40,0.00,2.59,0.00,0.00,0.00,0.28
172,"Patnt","BfMx","Basc1",115,0.00,0.00,23.07,18.01,14.55,25.05,2.12,0.00,0.00,31.51,0.00,2.82,0.00,0.00,0.00,0.31
172,"Patnt","BfMx","Basc1",125,0.00,0.00,23.56,18.66,15.08,25.46,2.12,0.00,0.00,32.14,0.00,3.02,0.00,0.00,0.00,0.34
172,"Patnt","BfMx","Basc1",135,0.00,0.00,23.64,19.24,15.56,25.76,2.11,0.00,0.00,32.37,0.00,3.18,0.00,0.00,0.00,0.37
172,"Patnt","BfMx","Basc1",145,0.00,0.00,23.35,19.77,15.98,25.94,2.08,0.00,0.00,32.27,0.00,3.30,0.00,0.00,0.00,0.39
172,"Patnt","BfMx","Basc1",155,0.00,0.00,22.75,20.24,16.37,26.02,2.03,0.00,0.00,31.91,0.00,3.40,0.00,0.00,0.00,0.41
172,"Patnt","BfMx","Basc1",165,0.00,0.00,21.89,20.65,16.70,26.00,1.97,0.00,0.00,31.35,0.00,3.47,0.00,0.00,0.00,0.42
172,"Patnt","BfMx","Basc1",175,0.00,0.00,20.83,21.00,16.99,25.89,1.91,0.00,0.00,30.63,0.00,3.51,0.00,0.00,0.00,0.43
172,"Patnt","BfMx","Basc1",185,0.00,0.00,19.63,21.30,17.24,25.70,1.83,0.00,0.00,29.80,0.00,3.52,0.00,0.00,0.00,0.44
172,"Patnt","BfMx","Basc1",195,0.00,0.00,18.34,21.55,17.44,25.43,1.75,0.00,0.00,28.89,0.00,3.52,0.00,0.00,0.00,0.45
172,"Patnt","BfMx","Basc1",205,0.00,0.00,17.00,21.75,17.61,25.10,1.66,0.00,0.00,27.91,0.00,3.50,0.00,0.00,0.00,0.45
172,"Patnt","BfMx","Basc1",215,0.00,0.00,15.65,21.91,17.74,24.72,1.57,0.00,0.00,26.90,0.00,3.46,0.00,0.00,0.00,0.45
172,"Patnt","BfMx","Basc1",225,0.00,0.00,14.32,22.02,17.84,24.29,1.48,0.00,0.00,25.86,0.00,3.42,0.00,0.00,0.00,0.45
172,"Patnt","BfMx","Basc1",235,0.00,0.00,13.04,22.10,17.91,23.82,1.39,0.00,0.00,24.81,0.00,3.36,0.00,0.00,0.00,0.44
172,"Patnt","BfMx","Basc1",245,0.00,0.00,11.81,22.14,17.95,23.31,1.30,0.00,0.00,23.75,0.00,3.29,0.00,0.00,0.00,0.44
172,"Patnt","BfMx","Basc1",255,0.00,0.00,10.66,22.15,17.96,22.78,1.22,0.00,0.00,22.71,0.00,3.22,0.00,0.00,0.00,0.43
173,"4s_3s","BfMx","Basc2",5,0.00,0.00,0.00,0.00,0.00,0.00,0.00,0.00,0.00,0.00,0.00,0.00,0.00,0.00,0.00,0.00
173,"4s_3s","BfMx","Basc2",15,0.01,0.00,0.17,0.80,0.41,0.60,0.11,0.00,0.00,0.16,0.00,0.07,0.00,0.00,0.00,0.00
173,"4s_3s","BfMx","Basc2",25,0.08,0.00,0.72,4.19,1.60,3.11,0.25,0.00,0.00,0.80,0.00,0.38,0.00,0.00,0.00,0.00
173,"4s_3s","BfMx","Basc2",35,0.23,0.00,1.75,10.24,3.49,7.42,0.43,0.00,0.00,2.16,0.00,1.04,0.00,0.00,0.00,0.00
173,"4s_3s","BfMx","Basc2",45,0.46,0.00,3.22,17.09,5.72,12.08,0.63,0.00,0.00,4.25,0.00,2.09,0.00,0.00,0.00,0.00
173,"4s_3s","BfMx","Basc2",55,0.77,0.00,4.92,23.02,7.81,15.95,0.82,0.00,0.00,6.74,0.00,3.43,0.00,0.00,0.00,0.00
173,"4s_3s","BfMx","Basc2",65,1.10,0.00,6.57,27.54,9.49,18.75,0.96,0.00,0.00,9.17,0.00,4.87,0.00,0.00,0.00,0.00
173,"4s_3s","BfMx","Basc2",75,1.44,0.00,8.02,30.88,10.74,20.70,1.07,0.00,0.00,11.24,0.00,6.25,0.00,0.00,0.00,0.00
173,"4s_3s","BfMx","Basc2",85,1.76,0.00,9.22,33.46,11.69,22.07,1.14,0.00,0.00,12.88,0.00,7.51,0.00,0.00,0.00,0.00
173,"4s_3s","BfMx","Basc2",95,2.06,0.00,10.16,35.54,12.44,23.05,1.18,0.00,0.00,14.11,0.00,8.65,0.00,0.00,0.00,0.00
173,"4s_3s","BfMx","Basc2",105,2.33,0.00,10.86,37.31,13.06,23.77,1.21,0.00,0.00,14.96,0.00,9.64,0.00,0.00,0.00,0.00
173,"4s_3s","BfMx","Basc2",115,2.58,0.00,11.31,38.83,13.60,24.30,1.22,0.00,0.00,15.51,0.00,10.49,0.00,0.00,0.00,0.00
173,"4s_3s","BfMx","Basc2",125,2.80,0.00,11.53,40.17,14.08,24.66,1.22,0.00,0.00,15.79,0.00,11.20,0.00,0.00,0.00,0.00
173,"4s_3s","BfMx","Basc2",135,2.99,0.00,11.54,41.35,14.49,24.90,1.21,0.00,0.00,15.87,0.00,11.77,0.00,0.00,0.00,0.00
173,"4s_3s","BfMx","Basc2",145,3.15,0.00,11.38,42.38,14.86,25.02,1.19,0.00,0.00,15.78,0.00,12.21,0.00,0.00,0.00,0.00
173,"4s_3s","BfMx","Basc2",155,3.27,0.00,11.06,43.30,15.18,25.04,1.16,0.00,0.00,15.58,0.00,12.54,0.00,0.00,0.00,0.00
173,"4s_3s","BfMx","Basc2",165,3.37,0.00,10.62,44.10,15.47,24.98,1.13,0.00,0.00,15.28,0.00,12.76,0.00,0.00,0.00,0.00
173,"4s_3s","BfMx","Basc2",175,3.44,0.00,10.10,44.81,15.72,24.85,1.09,0.00,0.00,14.91,0.00,12.90,0.00,0.00,0.00,0.00
173,"4s_3s","BfMx","Basc2",185,3.49,0.00,9.51,45.43,15.94,24.65,1.05,0.00,0.00,14.50,0.00,12.95,0.00,0.00,0.00,0.00
173,"4s_3s","BfMx","Basc2",195,3.52,0.00,8.89,45.97,16.14,24.40,1.00,0.00,0.00,14.06,0.00,12.94,0.00,0.00,0.00,0.00
173,"4s_3s","BfMx","Basc2",205,3.52,0.00,8.25,46.44,16.31,24.11,0.95,0.00,0.00,13.60,0.00,12.88,0.00,0.00,0.00,0.00
173,"4s_3s","BfMx","Basc2",215,3.51,0.00,7.60,46.85,16.45,23.78,0.90,0.00,0.00,13.13,0.00,12.77,0.00,0.00,0.00,0.00
173,"4s_3s","BfMx","Basc2",225,3.49,0.00,6.98,47.20,16.58,23.42,0.85,0.00,0.00,12.65,0.00,12.63,0.00,0.00,0.00,0.00
173,"4s_3s","BfMx","Basc2",235,3.45,0.00,6.37,47.50,16.69,23.03,0.80,0.00,0.00,12.17,0.00,12.45,0.00,0.00,0.00,0.00
173,"4s_3s","BfMx","Basc2",245,3.40,0.00,5.79,47.76,16.79,22.62,0.75,0.00,0.00,11.69,0.00,12.25,0.00,0.00,0.00,0.00
173,"4s_3s","BfMx","Basc2",255,3.34,0.00,5.24,47.98,16.87,22.19,0.71,0.00,0.00,11.22,0.00,12.04,0.00,0.00,0.00,0.00
174,"Patnt","BfMx","Basc2",5,0.00,0.00,0.00,0.00,0.00,0.00,0.00,0.00,0.00,0.00,0.00,0.00,0.00,0.00,0.00,0.00
174,"Patnt","BfMx","Basc2",15,0.00,0.00,0.47,0.48,0.58,0.81,0.24,0.00,0.00,0.42,0.00,0.02,0.00,0.00,0.00,3.42579552973579e-03
174,"Patnt","BfMx","Basc2",25,0.00,0.00,1.96,2.56,2.26,4.24,0.58,0.00,0.00,2.14,0.00,0.13,0.00,0.00,0.00,0.01
174,"Patnt","BfMx","Basc2",35,0.00,0.00,4.50,5.97,4.70,9.62,0.95,0.00,0.00,5.52,0.00,0.35,0.00,0.00,0.00,0.03
174,"Patnt","BfMx","Basc2",45,0.00,0.00,7.73,9.31,7.19,14.63,1.29,0.00,0.00,10.15,0.00,0.66,0.00,0.00,0.00,0.07
174,"Patnt","BfMx","Basc2",55,0.00,0.00,11.07,11.77,9.21,18.13,1.56,0.00,0.00,15.10,0.00,1.02,0.00,0.00,0.00,0.11
174,"Patnt","BfMx","Basc2",65,0.00,0.00,14.12,13.44,10.68,20.35,1.75,0.00,0.00,19.61,0.00,1.38,0.00,0.00,0.00,0.14
174,"Patnt","BfMx","Basc2",75,0.00,0.00,16.76,14.65,11.76,21.84,1.89,0.00,0.00,23.38,0.00,1.72,0.00,0.00,0.00,0.18
174,"Patnt","BfMx","Basc2",85,0.00,0.00,18.98,15.64,12.60,22.94,1.98,0.00,0.00,26.40,0.00,2.04,0.00,0.00,0.00,0.22
174,"Patnt","BfMx","Basc2",95,0.00,0.00,20.78,16.51,13.32,23.81,2.05,0.00,0.00,28.72,0.00,2.33,0.00,0.00,0.00,0.25
174,"Patnt","BfMx","Basc2",105,0.00,0.00,22.15,17.29,13.97,24.50,2.09,0.00,0.00,30.40,0.00,2.59,0.00,0.00,0.00,0.28
174,"Patnt","BfMx","Basc2",115,0.00,0.00,23.07,18.01,14.55,25.05,2.12,0.00,0.00,31.51,0.00,2.82,0.00,0.00,0.00,0.31
174,"Patnt","BfMx","Basc2",125,0.00,0.00,23.56,18.66,15.08,25.46,2.12,0.00,0.00,32.14,0.00,3.02,0.00,0.00,0.00,0.34
174,"Patnt","BfMx","Basc2",135,0.00,0.00,23.64,19.24,15.56,25.76,2.11,0.00,0.00,32.37,0.00,3.18,0.00,0.00,0.00,0.37
174,"Patnt","BfMx","Basc2",145,0.00,0.00,23.35,19.77,15.98,25.94,2.08,0.00,0.00,32.27,0.00,3.30,0.00,0.00,0.00,0.39
174,"Patnt","BfMx","Basc2",155,0.00,0.00,22.75,20.24,16.37,26.02,2.03,0.00,0.00,31.91,0.00,3.40,0.00,0.00,0.00,0.41
174,"Patnt","BfMx","Basc2",165,0.00,0.00,21.89,20.65,16.70,26.00,1.97,0.00,0.00,31.35,0.00,3.47,0.00,0.00,0.00,0.42
174,"Patnt","BfMx","Basc2",175,0.00,0.00,20.83,21.00,16.99,25.89,1.91,0.00,0.00,30.63,0.00,3.51,0.00,0.00,0.00,0.43
174,"Patnt","BfMx","Basc2",185,0.00,0.00,19.63,21.30,17.24,25.70,1.83,0.00,0.00,29.80,0.00,3.52,0.00,0.00,0.00,0.44
174,"Patnt","BfMx","Basc2",195,0.00,0.00,18.34,21.55,17.44,25.43,1.75,0.00,0.00,28.89,0.00,3.52,0.00,0.00,0.00,0.45
174,"Patnt","BfMx","Basc2",205,0.00,0.00,17.00,21.75,17.61,25.10,1.66,0.00,0.00,27.91,0.00,3.50,0.00,0.00,0.00,0.45
174,"Patnt","BfMx","Basc2",215,0.00,0.00,15.65,21.91,17.74,24.72,1.57,0.00,0.00,26.90,0.00,3.46,0.00,0.00,0.00,0.45
174,"Patnt","BfMx","Basc2",225,0.00,0.00,14.32,22.02,17.84,24.29,1.48,0.00,0.00,25.86,0.00,3.42,0.00,0.00,0.00,0.45
174,"Patnt","BfMx","Basc2",235,0.00,0.00,13.04,22.10,17.91,23.82,1.39,0.00,0.00,24.81,0.00,3.36,0.00,0.00,0.00,0.44
174,"Patnt","BfMx","Basc2",245,0.00,0.00,11.81,22.14,17.95,23.31,1.30,0.00,0.00,23.75,0.00,3.29,0.00,0.00,0.00,0.44
174,"Patnt","BfMx","Basc2",255,0.00,0.00,10.66,22.15,17.96,22.78,1.22,0.00,0.00,22.71,0.00,3.22,0.00,0.00,0.00,0.43
175,"4s_3s","BfMx","Intn1",5,0.00,0.00,0.00,0.00,0.00,0.00,0.00,0.00,0.00,0.00,0.00,0.00,0.00,0.00,0.00,0.00
175,"4s_3s","BfMx","Intn1",15,0.01,0.00,0.17,0.80,0.41,0.60,0.11,0.00,0.00,0.16,0.00,0.07,0.00,0.00,0.00,0.00
175,"4s_3s","BfMx","Intn1",25,0.08,0.00,0.72,4.19,1.60,3.11,0.25,0.00,0.00,0.80,0.00,0.38,0.00,0.00,0.00,0.00
175,"4s_3s","BfMx","Intn1",35,0.23,0.00,1.75,10.24,3.49,7.42,0.43,0.00,0.00,2.16,0.00,1.04,0.00,0.00,0.00,0.00
175,"4s_3s","BfMx","Intn1",45,0.46,0.00,3.22,17.09,5.72,12.08,0.63,0.00,0.00,4.25,0.00,2.09,0.00,0.00,0.00,0.00
175,"4s_3s","BfMx","Intn1",55,0.77,0.00,4.92,23.02,7.81,15.95,0.82,0.00,0.00,6.74,0.00,3.43,0.00,0.00,0.00,0.00
175,"4s_3s","BfMx","Intn1",65,1.10,0.00,6.57,27.54,9.49,18.75,0.96,0.00,0.00,9.17,0.00,4.87,0.00,0.00,0.00,0.00
175,"4s_3s","BfMx","Intn1",75,1.44,0.00,8.02,30.88,10.74,20.70,1.07,0.00,0.00,11.24,0.00,6.25,0.00,0.00,0.00,0.00
175,"4s_3s","BfMx","Intn1",85,1.76,0.00,9.22,33.46,11.69,22.07,1.14,0.00,0.00,12.88,0.00,7.51,0.00,0.00,0.00,0.00
175,"4s_3s","BfMx","Intn1",95,2.06,0.00,10.16,35.54,12.44,23.05,1.18,0.00,0.00,14.11,0.00,8.65,0.00,0.00,0.00,0.00
175,"4s_3s","BfMx","Intn1",105,2.33,0.00,10.86,37.31,13.06,23.77,1.21,0.00,0.00,14.96,0.00,9.64,0.00,0.00,0.00,0.00
175,"4s_3s","BfMx","Intn1",115,2.58,0.00,11.31,38.83,13.60,24.30,1.22,0.00,0.00,15.51,0.00,10.49,0.00,0.00,0.00,0.00
175,"4s_3s","BfMx","Intn1",125,2.80,0.00,11.53,40.17,14.08,24.66,1.22,0.00,0.00,15.79,0.00,11.20,0.00,0.00,0.00,0.00
175,"4s_3s","BfMx","Intn1",135,2.99,0.00,11.54,41.35,14.49,24.90,1.21,0.00,0.00,15.87,0.00,11.77,0.00,0.00,0.00,0.00
175,"4s_3s","BfMx","Intn1",145,3.15,0.00,11.38,42.38,14.86,25.02,1.19,0.00,0.00,15.78,0.00,12.21,0.00,0.00,0.00,0.00
175,"4s_3s","BfMx","Intn1",155,3.27,0.00,11.06,43.30,15.18,25.04,1.16,0.00,0.00,15.58,0.00,12.54,0.00,0.00,0.00,0.00
175,"4s_3s","BfMx","Intn1",165,3.37,0.00,10.62,44.10,15.47,24.98,1.13,0.00,0.00,15.28,0.00,12.76,0.00,0.00,0.00,0.00
175,"4s_3s","BfMx","Intn1",175,3.44,0.00,10.10,44.81,15.72,24.85,1.09,0.00,0.00,14.91,0.00,12.90,0.00,0.00,0.00,0.00
175,"4s_3s","BfMx","Intn1",185,3.49,0.00,9.51,45.43,15.94,24.65,1.05,0.00,0.00,14.50,0.00,12.95,0.00,0.00,0.00,0.00
175,"4s_3s","BfMx","Intn1",195,3.52,0.00,8.89,45.97,16.14,24.40,1.00,0.00,0.00,14.06,0.00,12.94,0.00,0.00,0.00,0.00
175,"4s_3s","BfMx","Intn1",205,3.52,0.00,8.25,46.44,16.31,24.11,0.95,0.00,0.00,13.60,0.00,12.88,0.00,0.00,0.00,0.00
175,"4s_3s","BfMx","Intn1",215,3.51,0.00,7.60,46.85,16.45,23.78,0.90,0.00,0.00,13.13,0.00,12.77,0.00,0.00,0.00,0.00
175,"4s_3s","BfMx","Intn1",225,3.49,0.00,6.98,47.20,16.58,23.42,0.85,0.00,0.00,12.65,0.00,12.63,0.00,0.00,0.00,0.00
175,"4s_3s","BfMx","Intn1",235,3.45,0.00,6.37,47.50,16.69,23.03,0.80,0.00,0.00,12.17,0.00,12.45,0.00,0.00,0.00,0.00
175,"4s_3s","BfMx","Intn1",245,3.40,0.00,5.79,47.76,16.79,22.62,0.75,0.00,0.00,11.69,0.00,12.25,0.00,0.00,0.00,0.00
175,"4s_3s","BfMx","Intn1",255,3.34,0.00,5.24,47.98,16.87,22.19,0.71,0.00,0.00,11.22,0.00,12.04,0.00,0.00,0.00,0.00
176,"Patnt","BfMx","Intn1",5,0.00,0.00,0.00,0.00,0.00,0.00,0.00,0.00,0.00,0.00,0.00,0.00,0.00,0.00,0.00,0.00
176,"Patnt","BfMx","Intn1",15,0.00,0.00,0.47,0.48,0.58,0.81,0.24,0.00,0.00,0.42,0.00,0.02,0.00,0.00,0.00,3.42579552973579e-03
176,"Patnt","BfMx","Intn1",25,0.00,0.00,1.96,2.56,2.26,4.24,0.58,0.00,0.00,2.14,0.00,0.13,0.00,0.00,0.00,0.01
176,"Patnt","BfMx","Intn1",35,0.00,0.00,4.50,5.97,4.70,9.62,0.95,0.00,0.00,5.52,0.00,0.35,0.00,0.00,0.00,0.03
176,"Patnt","BfMx","Intn1",45,0.00,0.00,7.73,9.31,7.19,14.63,1.29,0.00,0.00,10.15,0.00,0.66,0.00,0.00,0.00,0.07
176,"Patnt","BfMx","Intn1",55,0.00,0.00,11.07,11.77,9.21,18.13,1.56,0.00,0.00,15.10,0.00,1.02,0.00,0.00,0.00,0.11
176,"Patnt","BfMx","Intn1",65,0.00,0.00,14.12,13.44,10.68,20.35,1.75,0.00,0.00,19.61,0.00,1.38,0.00,0.00,0.00,0.14
176,"Patnt","BfMx","Intn1",75,0.00,0.00,16.76,14.65,11.76,21.84,1.89,0.00,0.00,23.38,0.00,1.72,0.00,0.00,0.00,0.18
176,"Patnt","BfMx","Intn1",85,0.00,0.00,18.98,15.64,12.60,22.94,1.98,0.00,0.00,26.40,0.00,2.04,0.00,0.00,0.00,0.22
176,"Patnt","BfMx","Intn1",95,0.00,0.00,20.78,16.51,13.32,23.81,2.05,0.00,0.00,28.72,0.00,2.33,0.00,0.00,0.00,0.25
176,"Patnt","BfMx","Intn1",105,0.00,0.00,22.15,17.29,13.97,24.50,2.09,0.00,0.00,30.40,0.00,2.59,0.00,0.00,0.00,0.28
176,"Patnt","BfMx","Intn1",115,0.00,0.00,23.07,18.01,14.55,25.05,2.12,0.00,0.00,31.51,0.00,2.82,0.00,0.00,0.00,0.31
176,"Patnt","BfMx","Intn1",125,0.00,0.00,23.56,18.66,15.08,25.46,2.12,0.00,0.00,32.14,0.00,3.02,0.00,0.00,0.00,0.34
176,"Patnt","BfMx","Intn1",135,0.00,0.00,23.64,19.24,15.56,25.76,2.11,0.00,0.00,32.37,0.00,3.18,0.00,0.00,0.00,0.37
176,"Patnt","BfMx","Intn1",145,0.00,0.00,23.35,19.77,15.98,25.94,2.08,0.00,0.00,32.27,0.00,3.30,0.00,0.00,0.00,0.39
176,"Patnt","BfMx","Intn1",155,0.00,0.00,22.75,20.24,16.37,26.02,2.03,0.00,0.00,31.91,0.00,3.40,0.00,0.00,0.00,0.41
176,"Patnt","BfMx","Intn1",165,0.00,0.00,21.89,20.65,16.70,26.00,1.97,0.00,0.00,31.35,0.00,3.47,0.00,0.00,0.00,0.42
176,"Patnt","BfMx","Intn1",175,0.00,0.00,20.83,21.00,16.99,25.89,1.91,0.00,0.00,30.63,0.00,3.51,0.00,0.00,0.00,0.43
176,"Patnt","BfMx","Intn1",185,0.00,0.00,19.63,21.30,17.24,25.70,1.83,0.00,0.00,29.80,0.00,3.52,0.00,0.00,0.00,0.44
176,"Patnt","BfMx","Intn1",195,0.00,0.00,18.34,21.55,17.44,25.43,1.75,0.00,0.00,28.89,0.00,3.52,0.00,0.00,0.00,0.45
176,"Patnt","BfMx","Intn1",205,0.00,0.00,17.00,21.75,17.61,25.10,1.66,0.00,0.00,27.91,0.00,3.50,0.00,0.00,0.00,0.45
176,"Patnt","BfMx","Intn1",215,0.00,0.00,15.65,21.91,17.74,24.72,1.57,0.00,0.00,26.90,0.00,3.46,0.00,0.00,0.00,0.45
176,"Patnt","BfMx","Intn1",225,0.00,0.00,14.32,22.02,17.84,24.29,1.48,0.00,0.00,25.86,0.00,3.42,0.00,0.00,0.00,0.45
176,"Patnt","BfMx","Intn1",235,0.00,0.00,13.04,22.10,17.91,23.82,1.39,0.00,0.00,24.81,0.00,3.36,0.00,0.00,0.00,0.44
176,"Patnt","BfMx","Intn1",245,0.00,0.00,11.81,22.14,17.95,23.31,1.30,0.00,0.00,23.75,0.00,3.29,0.00,0.00,0.00,0.44
176,"Patnt","BfMx","Intn1",255,0.00,0.00,10.66,22.15,17.96,22.78,1.22,0.00,0.00,22.71,0.00,3.22,0.00,0.00,0.00,0.43
177,"4s_3s","BfMx","Succ",5,0.00,0.00,0.00,0.00,0.00,0.00,0.00,0.00,0.00,0.00,0.00,0.00,0.00,0.00,0.00,0.00
177,"4s_3s","BfMx","Succ",15,0.01,0.00,0.17,0.80,0.41,0.60,0.11,0.00,0.00,0.16,0.00,0.07,0.00,0.00,0.00,0.00
177,"4s_3s","BfMx","Succ",25,0.08,0.00,0.72,4.19,1.60,3.11,0.25,0.00,0.00,0.80,0.00,0.38,0.00,0.00,0.00,0.00
177,"4s_3s","BfMx","Succ",35,0.23,0.00,1.75,10.24,3.49,7.42,0.43,0.00,0.00,2.16,0.00,1.04,0.00,0.00,0.00,0.00
177,"4s_3s","BfMx","Succ",45,0.46,0.00,3.22,17.09,5.72,12.08,0.63,0.00,0.00,4.25,0.00,2.09,0.00,0.00,0.00,0.00
177,"4s_3s","BfMx","Succ",55,0.77,0.00,4.92,23.02,7.81,15.95,0.82,0.00,0.00,6.74,0.00,3.43,0.00,0.00,0.00,0.00
177,"4s_3s","BfMx","Succ",65,1.10,0.00,6.57,27.54,9.49,18.75,0.96,0.00,0.00,9.17,0.00,4.87,0.00,0.00,0.00,0.00
177,"4s_3s","BfMx","Succ",75,1.44,0.00,8.02,30.88,10.74,20.70,1.07,0.00,0.00,11.24,0.00,6.25,0.00,0.00,0.00,0.00
177,"4s_3s","BfMx","Succ",85,1.76,0.00,9.22,33.46,11.69,22.07,1.14,0.00,0.00,12.88,0.00,7.51,0.00,0.00,0.00,0.00
177,"4s_3s","BfMx","Succ",95,2.06,0.00,10.16,35.54,12.44,23.05,1.18,0.00,0.00,14.11,0.00,8.65,0.00,0.00,0.00,0.00
177,"4s_3s","BfMx","Succ",105,2.33,0.00,10.86,37.31,13.06,23.77,1.21,0.00,0.00,14.96,0.00,9.64,0.00,0.00,0.00,0.00
177,"4s_3s","BfMx","Succ",115,2.58,0.00,11.31,38.83,13.60,24.30,1.22,0.00,0.00,15.51,0.00,10.49,0.00,0.00,0.00,0.00
177,"4s_3s","BfMx","Succ",125,2.80,0.00,11.53,40.17,14.08,24.66,1.22,0.00,0.00,15.79,0.00,11.20,0.00,0.00,0.00,0.00
177,"4s_3s","BfMx","Succ",135,2.99,0.00,11.54,41.35,14.49,24.90,1.21,0.00,0.00,15.87,0.00,11.77,0.00,0.00,0.00,0.00
177,"4s_3s","BfMx","Succ",145,3.15,0.00,11.38,42.38,14.86,25.02,1.19,0.00,0.00,15.78,0.00,12.21,0.00,0.00,0.00,0.00
177,"4s_3s","BfMx","Succ",155,3.27,0.00,11.06,43.30,15.18,25.04,1.16,0.00,0.00,15.58,0.00,12.54,0.00,0.00,0.00,0.00
177,"4s_3s","BfMx","Succ",165,3.37,0.00,10.62,44.10,15.47,24.98,1.13,0.00,0.00,15.28,0.00,12.76,0.00,0.00,0.00,0.00
177,"4s_3s","BfMx","Succ",175,3.44,0.00,10.10,44.81,15.72,24.85,1.09,0.00,0.00,14.91,0.00,12.90,0.00,0.00,0.00,0.00
177,"4s_3s","BfMx","Succ",185,3.49,0.00,9.51,45.43,15.94,24.65,1.05,0.00,0.00,14.50,0.00,12.95,0.00,0.00,0.00,0.00
177,"4s_3s","BfMx","Succ",195,3.52,0.00,8.89,45.97,16.14,24.40,1.00,0.00,0.00,14.06,0.00,12.94,0.00,0.00,0.00,0.00
177,"4s_3s","BfMx","Succ",205,3.52,0.00,8.25,46.44,16.31,24.11,0.95,0.00,0.00,13.60,0.00,12.88,0.00,0.00,0.00,0.00
177,"4s_3s","BfMx","Succ",215,3.51,0.00,7.60,46.85,16.45,23.78,0.90,0.00,0.00,13.13,0.00,12.77,0.00,0.00,0.00,0.00
177,"4s_3s","BfMx","Succ",225,3.49,0.00,6.98,47.20,16.58,23.42,0.85,0.00,0.00,12.65,0.00,12.63,0.00,0.00,0.00,0.00
177,"4s_3s","BfMx","Succ",235,3.45,0.00,6.37,47.50,16.69,23.03,0.80,0.00,0.00,12.17,0.00,12.45,0.00,0.00,0.00,0.00
177,"4s_3s","BfMx","Succ",245,3.40,0.00,5.79,47.76,16.79,22.62,0.75,0.00,0.00,11.69,0.00,12.25,0.00,0.00,0.00,0.00
177,"4s_3s","BfMx","Succ",255,3.34,0.00,5.24,47.98,16.87,22.19,0.71,0.00,0.00,11.22,0.00,12.04,0.00,0.00,0.00,0.00
178,"Patnt","BfMx","Succ",5,0.00,0.00,0.00,0.00,0.00,0.00,0.00,0.00,0.00,0.00,0.00,0.00,0.00,0.00,0.00,0.00
178,"Patnt","BfMx","Succ",15,0.00,0.00,0.47,0.48,0.58,0.81,0.24,0.00,0.00,0.42,0.00,0.02,0.00,0.00,0.00,3.42579552973579e-03
178,"Patnt","BfMx","Succ",25,0.00,0.00,1.96,2.56,2.26,4.24,0.58,0.00,0.00,2.14,0.00,0.13,0.00,0.00,0.00,0.01
178,"Patnt","BfMx","Succ",35,0.00,0.00,4.50,5.97,4.70,9.62,0.95,0.00,0.00,5.52,0.00,0.35,0.00,0.00,0.00,0.03
178,"Patnt","BfMx","Succ",45,0.00,0.00,7.73,9.31,7.19,14.63,1.29,0.00,0.00,10.15,0.00,0.66,0.00,0.00,0.00,0.07
178,"Patnt","BfMx","Succ",55,0.00,0.00,11.07,11.77,9.21,18.13,1.56,0.00,0.00,15.10,0.00,1.02,0.00,0.00,0.00,0.11
178,"Patnt","BfMx","Succ",65,0.00,0.00,14.12,13.44,10.68,20.35,1.75,0.00,0.00,19.61,0.00,1.38,0.00,0.00,0.00,0.14
178,"Patnt","BfMx","Succ",75,0.00,0.00,16.76,14.65,11.76,21.84,1.89,0.00,0.00,23.38,0.00,1.72,0.00,0.00,0.00,0.18
178,"Patnt","BfMx","Succ",85,0.00,0.00,18.98,15.64,12.60,22.94,1.98,0.00,0.00,26.40,0.00,2.04,0.00,0.00,0.00,0.22
178,"Patnt","BfMx","Succ",95,0.00,0.00,20.78,16.51,13.32,23.81,2.05,0.00,0.00,28.72,0.00,2.33,0.00,0.00,0.00,0.25
178,"Patnt","BfMx","Succ",105,0.00,0.00,22.15,17.29,13.97,24.50,2.09,0.00,0.00,30.40,0.00,2.59,0.00,0.00,0.00,0.28
178,"Patnt","BfMx","Succ",115,0.00,0.00,23.07,18.01,14.55,25.05,2.12,0.00,0.00,31.51,0.00,2.82,0.00,0.00,0.00,0.31
178,"Patnt","BfMx","Succ",125,0.00,0.00,23.56,18.66,15.08,25.46,2.12,0.00,0.00,32.14,0.00,3.02,0.00,0.00,0.00,0.34
178,"Patnt","BfMx","Succ",135,0.00,0.00,23.64,19.24,15.56,25.76,2.11,0.00,0.00,32.37,0.00,3.18,0.00,0.00,0.00,0.37
178,"Patnt","BfMx","Succ",145,0.00,0.00,23.35,19.77,15.98,25.94,2.08,0.00,0.00,32.27,0.00,3.30,0.00,0.00,0.00,0.39
178,"Patnt","BfMx","Succ",155,0.00,0.00,22.75,20.24,16.37,26.02,2.03,0.00,0.00,31.91,0.00,3.40,0.00,0.00,0.00,0.41
178,"Patnt","BfMx","Succ",165,0.00,0.00,21.89,20.65,16.70,26.00,1.97,0.00,0.00,31.35,0.00,3.47,0.00,0.00,0.00,0.42
178,"Patnt","BfMx","Succ",175,0.00,0.00,20.83,21.00,16.99,25.89,1.91,0.00,0.00,30.63,0.00,3.51,0.00,0.00,0.00,0.43
178,"Patnt","BfMx","Succ",185,0.00,0.00,19.63,21.30,17.24,25.70,1.83,0.00,0.00,29.80,0.00,3.52,0.00,0.00,0.00,0.44
178,"Patnt","BfMx","Succ",195,0.00,0.00,18.34,21.55,17.44,25.43,1.75,0.00,0.00,28.89,0.00,3.52,0.00,0.00,0.00,0.45
178,"Patnt","BfMx","Succ",205,0.00,0.00,17.00,21.75,17.61,25.10,1.66,0.00,0.00,27.91,0.00,3.50,0.00,0.00,0.00,0.45
178,"Patnt","BfMx","Succ",215,0.00,0.00,15.65,21.91,17.74,24.72,1.57,0.00,0.00,26.90,0.00,3.46,0.00,0.00,0.00,0.45
178,"Patnt","BfMx","Succ",225,0.00,0.00,14.32,22.02,17.84,24.29,1.48,0.00,0.00,25.86,0.00,3.42,0.00,0.00,0.00,0.45
178,"Patnt","BfMx","Succ",235,0.00,0.00,13.04,22.10,17.91,23.82,1.39,0.00,0.00,24.81,0.00,3.36,0.00,0.00,0.00,0.44
178,"Patnt","BfMx","Succ",245,0.00,0.00,11.81,22.14,17.95,23.31,1.30,0.00,0.00,23.75,0.00,3.29,0.00,0.00,0.00,0.44
178,"Patnt","BfMx","Succ",255,0.00,0.00,10.66,22.15,17.96,22.78,1.22,0.00,0.00,22.71,0.00,3.22,0.00,0.00,0.00,0.43
179,"4s_3s","HrDom","Prsnt",5,0.00,0.00,0.00,0.00,0.00,0.00,0.00,0.00,0.00,0.00,0.00,0.00,0.00,0.00,0.00,0.00
179,"4s_3s","HrDom","Prsnt",15,0.00,0.00,0.28,0.36,0.18,0.20,0.14,0.00,0.00,1.53,0.00,0.25,0.00,0.00,0.00,5.52658172673654e-03
179,"4s_3s","HrDom","Prsnt",25,0.00,0.00,1.17,1.89,0.72,1.03,0.33,0.00,0.00,7.68,0.00,1.24,0.00,0.00,0.00,0.02
179,"4s_3s","HrDom","Prsnt",35,0.00,0.00,2.56,4.20,1.43,2.25,0.52,0.00,0.00,18.88,0.00,3.07,0.00,0.00,0.00,0.06
179,"4s_3s","HrDom","Prsnt",45,0.00,0.00,4.15,6.18,2.06,3.22,0.66,0.00,0.00,32.70,0.00,5.44,0.00,0.00,0.00,0.10
179,"4s_3s","HrDom","Prsnt",55,0.00,0.00,5.59,7.34,2.48,3.75,0.76,0.00,0.00,45.70,0.00,7.87,0.00,0.00,0.00,0.14
179,"4s_3s","HrDom","Prsnt",65,0.00,0.00,6.68,7.85,2.69,3.94,0.79,0.00,0.00,55.56,0.00,9.97,0.00,0.00,0.00,0.18
179,"4s_3s","HrDom","Prsnt",75,0.00,0.00,7.37,7.96,2.76,3.94,0.80,0.00,0.00,61.66,0.00,11.58,0.00,0.00,0.00,0.22
179,"4s_3s","HrDom","Prsnt",85,0.00,0.00,7.73,7.87,2.74,3.83,0.77,0.00,0.00,64.48,0.00,12.71,0.00,0.00,0.00,0.24
179,"4s_3s","HrDom","Prsnt",95,0.00,0.00,7.82,7.67,2.67,3.67,0.74,0.00,0.00,64.75,0.00,13.41,0.00,0.00,0.00,0.26
179,"4s_3s","HrDom","Prsnt",105,0.00,0.00,7.68,7.41,2.58,3.48,0.69,0.00,0.00,63.18,0.00,13.75,0.00,0.00,0.00,0.27
179,"4s_3s","HrDom","Prsnt",115,0.00,0.00,7.37,7.10,2.48,3.28,0.65,0.00,0.00,60.29,0.00,13.78,0.00,0.00,0.00,0.27
179,"4s_3s","HrDom","Prsnt",125,0.00,0.00,6.91,6.76,2.36,3.06,0.59,0.00,0.00,56.52,0.00,13.54,0.00,0.00,0.00,0.27
179,"4s_3s","HrDom","Prsnt",135,0.00,0.00,6.36,6.39,2.23,2.84,0.54,0.00,0.00,52.18,0.00,13.07,0.00,0.00,0.00,0.26
179,"4s_3s","HrDom","Prsnt",145,0.00,0.00,5.74,6.00,2.09,2.61,0.49,0.00,0.00,47.55,0.00,12.43,0.00,0.00,0.00,0.26
179,"4s_3s","HrDom","Prsnt",155,0.00,0.00,5.09,5.59,1.95,2.39,0.43,0.00,0.00,42.82,0.00,11.64,0.00,0.00,0.00,0.24
179,"4s_3s","HrDom","Prsnt",165,0.00,0.00,4.44,5.18,1.81,2.16,0.38,0.00,0.00,38.15,0.00,10.76,0.00,0.00,0.00,0.23
179,"4s_3s","HrDom","Prsnt",175,0.00,0.00,3.82,4.75,1.66,1.94,0.33,0.00,0.00,33.66,0.00,9.83,0.00,0.00,0.00,0.21
179,"4s_3s","HrDom","Prsnt",185,0.00,0.00,3.23,4.33,1.51,1.73,0.29,0.00,0.00,29.43,0.00,8.88,0.00,0.00,0.00,0.19
179,"4s_3s","HrDom","Prsnt",195,0.00,0.00,2.70,3.92,1.37,1.53,0.24,0.00,0.00,25.51,0.00,7.93,0.00,0.00,0.00,0.17
179,"4s_3s","HrDom","Prsnt",205,0.00,0.00,2.22,3.52,1.23,1.35,0.20,0.00,0.00,21.92,0.00,7.01,0.00,0.00,0.00,0.15
179,"4s_3s","HrDom","Prsnt",215,0.00,0.00,1.81,3.13,1.09,1.17,0.17,0.00,0.00,18.70,0.00,6.14,0.00,0.00,0.00,0.14
179,"4s_3s","HrDom","Prsnt",225,0.00,0.00,1.46,2.77,0.97,1.01,0.14,0.00,0.00,15.82,0.00,5.33,0.00,0.00,0.00,0.12
179,"4s_3s","HrDom","Prsnt",235,0.00,0.00,1.16,2.44,0.85,0.87,0.12,0.00,0.00,13.29,0.00,4.59,0.00,0.00,0.00,0.10
179,"4s_3s","HrDom","Prsnt",245,0.00,0.00,0.92,2.13,0.74,0.74,0.09,0.00,0.00,11.08,0.00,3.92,0.00,0.00,0.00,0.09
179,"4s_3s","HrDom","Prsnt",255,0.00,0.00,0.71,1.84,0.64,0.63,0.07,0.00,0.00,9.17,0.00,3.32,0.00,0.00,0.00,0.07
180,"Patnt","HrDom","Prsnt",5,0.00,0.00,0.00,0.00,0.00,0.00,0.00,0.00,0.00,0.00,0.00,0.00,0.00,0.00,0.00,0.00
180,"Patnt","HrDom","Prsnt",15,0.00,0.00,0.48,0.42,0.41,0.30,0.18,0.00,0.00,2.13,0.00,0.24,0.00,0.00,0.00,0.02
180,"Patnt","HrDom","Prsnt",25,0.00,0.00,1.98,2.26,1.60,1.58,0.43,0.00,0.00,10.70,0.00,1.19,0.00,0.00,0.00,0.10
180,"Patnt","HrDom","Prsnt",35,0.00,0.00,4.33,4.99,3.16,3.40,0.66,0.00,0.00,26.14,0.00,2.93,0.00,0.00,0.00,0.25
180,"Patnt","HrDom","Prsnt",45,0.00,0.00,6.92,7.24,4.51,4.82,0.84,0.00,0.00,44.72,0.00,5.13,0.00,0.00,0.00,0.43
180,"Patnt","HrDom","Prsnt",55,0.00,0.00,9.16,8.46,5.34,5.52,0.94,0.00,0.00,61.45,0.00,7.30,0.00,0.00,0.00,0.61
180,"Patnt","HrDom","Prsnt",65,0.00,0.00,10.71,8.86,5.68,5.68,0.97,0.00,0.00,73.16,0.00,9.05,0.00,0.00,0.00,0.76
180,"Patnt","HrDom","Prsnt",75,0.00,0.00,11.55,8.77,5.67,5.53,0.95,0.00,0.00,79.22,0.00,10.26,0.00,0.00,0.00,0.86
180,"Patnt","HrDom","Prsnt",85,0.00,0.00,11.77,8.43,5.47,5.23,0.90,0.00,0.00,80.52,0.00,10.95,0.00,0.00,0.00,0.93
180,"Patnt","HrDom","Prsnt",95,0.00,0.00,11.52,7.95,5.17,4.85,0.83,0.00,0.00,78.31,0.00,11.19,0.00,0.00,0.00,0.96
180,"Patnt","HrDom","Prsnt",105,0.00,0.00,10.92,7.41,4.82,4.44,0.75,0.00,0.00,73.73,0.00,11.07,0.00,0.00,0.00,0.96
180,"Patnt","HrDom","Prsnt",115,0.00,0.00,10.07,6.83,4.45,4.02,0.67,0.00,0.00,67.64,0.00,10.66,0.00,0.00,0.00,0.94
180,"Patnt","HrDom","Prsnt",125,0.00,0.00,9.05,6.23,4.06,3.60,0.59,0.00,0.00,60.73,0.00,10.04,0.00,0.00,0.00,0.90
180,"Patnt","HrDom","Prsnt",135,0.00,0.00,7.95,5.62,3.66,3.18,0.51,0.00,0.00,53.51,0.00,9.25,0.00,0.00,0.00,0.84
180,"Patnt","HrDom","Prsnt",145,0.00,0.00,6.82,5.02,3.27,2.78,0.44,0.00,0.00,46.37,0.00,8.36,0.00,0.00,0.00,0.77
180,"Patnt","HrDom","Prsnt",155,0.00,0.00,5.73,4.43,2.89,2.41,0.37,0.00,0.00,39.56,0.00,7.42,0.00,0.00,0.00,0.70
180,"Patnt","HrDom","Prsnt",165,0.00,0.00,4.72,3.87,2.52,2.06,0.31,0.00,0.00,33.27,0.00,6.47,0.00,0.00,0.00,0.62
180,"Patnt","HrDom","Prsnt",175,0.00,0.00,3.81,3.34,2.18,1.74,0.25,0.00,0.00,27.60,0.00,5.56,0.00,0.00,0.00,0.54
180,"Patnt","HrDom","Prsnt",185,0.00,0.00,3.02,2.85,1.86,1.45,0.20,0.00,0.00,22.61,0.00,4.70,0.00,0.00,0.00,0.46
180,"Patnt","HrDom","Prsnt",195,0.00,0.00,2.36,2.41,1.57,1.20,0.16,0.00,0.00,18.29,0.00,3.92,0.00,0.00,0.00,0.39
180,"Patnt","HrDom","Prsnt",205,0.00,0.00,1.81,2.01,1.31,0.98,0.12,0.00,0.00,14.63,0.00,3.23,0.00,0.00,0.00,0.32
180,"Patnt","HrDom","Prsnt",215,0.00,0.00,1.36,1.66,1.08,0.79,0.10,0.00,0.00,11.56,0.00,2.62,0.00,0.00,0.00,0.26
180,"Patnt","HrDom","Prsnt",225,0.00,0.00,1.01,1.35,0.88,0.63,0.07,0.00,0.00,9.03,0.00,2.10,0.00,0.00,0.00,0.21
180,"Patnt","HrDom","Prsnt",235,0.00,0.00,0.74,1.09,0.71,0.50,0.05,0.00,0.00,6.98,0.00,1.66,0.00,0.00,0.00,0.17
180,"Patnt","HrDom","Prsnt",245,0.00,0.00,0.53,0.87,0.57,0.39,0.04,0.00,0.00,5.33,0.00,1.30,0.00,0.00,0.00,0.13
180,"Patnt","HrDom","Prsnt",255,0.00,0.00,0.38,0.69,0.45,0.30,0.03,0.00,0.00,4.03,0.00,1.00,0.00,0.00,0.00,0.10
181,"4s_3s","HrDom","Exten",5,0.00,0.00,0.00,0.00,0.00,0.00,0.00,0.00,0.00,0.00,0.00,0.00,0.00,0.00,0.00,0.00
181,"4s_3s","HrDom","Exten",15,0.00,0.00,0.28,0.36,0.18,0.20,0.14,0.00,0.00,1.53,0.00,0.25,0.00,0.00,0.00,5.52658172673654e-03
181,"4s_3s","HrDom","Exten",25,0.00,0.00,1.17,1.89,0.72,1.03,0.33,0.00,0.00,7.68,0.00,1.24,0.00,0.00,0.00,0.02
181,"4s_3s","HrDom","Exten",35,0.00,0.00,2.56,4.20,1.43,2.25,0.52,0.00,0.00,18.88,0.00,3.07,0.00,0.00,0.00,0.06
181,"4s_3s","HrDom","Exten",45,0.00,0.00,4.15,6.18,2.06,3.22,0.66,0.00,0.00,32.70,0.00,5.44,0.00,0.00,0.00,0.10
181,"4s_3s","HrDom","Exten",55,0.00,0.00,5.59,7.34,2.48,3.75,0.76,0.00,0.00,45.70,0.00,7.87,0.00,0.00,0.00,0.14
181,"4s_3s","HrDom","Exten",65,0.00,0.00,6.68,7.85,2.69,3.94,0.79,0.00,0.00,55.56,0.00,9.97,0.00,0.00,0.00,0.18
181,"4s_3s","HrDom","Exten",75,0.00,0.00,7.37,7.96,2.76,3.94,0.80,0.00,0.00,61.66,0.00,11.58,0.00,0.00,0.00,0.22
181,"4s_3s","HrDom","Exten",85,0.00,0.00,7.73,7.87,2.74,3.83,0.77,0.00,0.00,64.48,0.00,12.71,0.00,0.00,0.00,0.24
181,"4s_3s","HrDom","Exten",95,0.00,0.00,7.82,7.67,2.67,3.67,0.74,0.00,0.00,64.75,0.00,13.41,0.00,0.00,0.00,0.26
181,"4s_3s","HrDom","Exten",105,0.00,0.00,7.68,7.41,2.58,3.48,0.69,0.00,0.00,63.18,0.00,13.75,0.00,0.00,0.00,0.27
181,"4s_3s","HrDom","Exten",115,0.00,0.00,7.37,7.10,2.48,3.28,0.65,0.00,0.00,60.29,0.00,13.78,0.00,0.00,0.00,0.27
181,"4s_3s","HrDom","Exten",125,0.00,0.00,6.91,6.76,2.36,3.06,0.59,0.00,0.00,56.52,0.00,13.54,0.00,0.00,0.00,0.27
181,"4s_3s","HrDom","Exten",135,0.00,0.00,6.36,6.39,2.23,2.84,0.54,0.00,0.00,52.18,0.00,13.07,0.00,0.00,0.00,0.26
181,"4s_3s","HrDom","Exten",145,0.00,0.00,5.74,6.00,2.09,2.61,0.49,0.00,0.00,47.55,0.00,12.43,0.00,0.00,0.00,0.26
181,"4s_3s","HrDom","Exten",155,0.00,0.00,5.09,5.59,1.95,2.39,0.43,0.00,0.00,42.82,0.00,11.64,0.00,0.00,0.00,0.24
181,"4s_3s","HrDom","Exten",165,0.00,0.00,4.44,5.18,1.81,2.16,0.38,0.00,0.00,38.15,0.00,10.76,0.00,0.00,0.00,0.23
181,"4s_3s","HrDom","Exten",175,0.00,0.00,3.82,4.75,1.66,1.94,0.33,0.00,0.00,33.66,0.00,9.83,0.00,0.00,0.00,0.21
181,"4s_3s","HrDom","Exten",185,0.00,0.00,3.23,4.33,1.51,1.73,0.29,0.00,0.00,29.43,0.00,8.88,0.00,0.00,0.00,0.19
181,"4s_3s","HrDom","Exten",195,0.00,0.00,2.70,3.92,1.37,1.53,0.24,0.00,0.00,25.51,0.00,7.93,0.00,0.00,0.00,0.17
181,"4s_3s","HrDom","Exten",205,0.00,0.00,2.22,3.52,1.23,1.35,0.20,0.00,0.00,21.92,0.00,7.01,0.00,0.00,0.00,0.15
181,"4s_3s","HrDom","Exten",215,0.00,0.00,1.81,3.13,1.09,1.17,0.17,0.00,0.00,18.70,0.00,6.14,0.00,0.00,0.00,0.14
181,"4s_3s","HrDom","Exten",225,0.00,0.00,1.46,2.77,0.97,1.01,0.14,0.00,0.00,15.82,0.00,5.33,0.00,0.00,0.00,0.12
181,"4s_3s","HrDom","Exten",235,0.00,0.00,1.16,2.44,0.85,0.87,0.12,0.00,0.00,13.29,0.00,4.59,0.00,0.00,0.00,0.10
181,"4s_3s","HrDom","Exten",245,0.00,0.00,0.92,2.13,0.74,0.74,0.09,0.00,0.00,11.08,0.00,3.92,0.00,0.00,0.00,0.09
181,"4s_3s","HrDom","Exten",255,0.00,0.00,0.71,1.84,0.64,0.63,0.07,0.00,0.00,9.17,0.00,3.32,0.00,0.00,0.00,0.07
182,"Patnt","HrDom","Exten",5,0.00,0.00,0.00,0.00,0.00,0.00,0.00,0.00,0.00,0.00,0.00,0.00,0.00,0.00,0.00,0.00
182,"Patnt","HrDom","Exten",15,0.00,0.00,0.48,0.42,0.41,0.30,0.18,0.00,0.00,2.13,0.00,0.24,0.00,0.00,0.00,0.02
182,"Patnt","HrDom","Exten",25,0.00,0.00,1.98,2.26,1.60,1.58,0.43,0.00,0.00,10.70,0.00,1.19,0.00,0.00,0.00,0.10
182,"Patnt","HrDom","Exten",35,0.00,0.00,4.33,4.99,3.16,3.40,0.66,0.00,0.00,26.14,0.00,2.93,0.00,0.00,0.00,0.25
182,"Patnt","HrDom","Exten",45,0.00,0.00,6.92,7.24,4.51,4.82,0.84,0.00,0.00,44.72,0.00,5.13,0.00,0.00,0.00,0.43
182,"Patnt","HrDom","Exten",55,0.00,0.00,9.16,8.46,5.34,5.52,0.94,0.00,0.00,61.45,0.00,7.30,0.00,0.00,0.00,0.61
182,"Patnt","HrDom","Exten",65,0.00,0.00,10.71,8.86,5.68,5.68,0.97,0.00,0.00,73.16,0.00,9.05,0.00,0.00,0.00,0.76
182,"Patnt","HrDom","Exten",75,0.00,0.00,11.55,8.77,5.67,5.53,0.95,0.00,0.00,79.22,0.00,10.26,0.00,0.00,0.00,0.86
182,"Patnt","HrDom","Exten",85,0.00,0.00,11.77,8.43,5.47,5.23,0.90,0.00,0.00,80.52,0.00,10.95,0.00,0.00,0.00,0.93
182,"Patnt","HrDom","Exten",95,0.00,0.00,11.52,7.95,5.17,4.85,0.83,0.00,0.00,78.31,0.00,11.19,0.00,0.00,0.00,0.96
182,"Patnt","HrDom","Exten",105,0.00,0.00,10.92,7.41,4.82,4.44,0.75,0.00,0.00,73.73,0.00,11.07,0.00,0.00,0.00,0.96
182,"Patnt","HrDom","Exten",115,0.00,0.00,10.07,6.83,4.45,4.02,0.67,0.00,0.00,67.64,0.00,10.66,0.00,0.00,0.00,0.94
182,"Patnt","HrDom","Exten",125,0.00,0.00,9.05,6.23,4.06,3.60,0.59,0.00,0.00,60.73,0.00,10.04,0.00,0.00,0.00,0.90
182,"Patnt","HrDom","Exten",135,0.00,0.00,7.95,5.62,3.66,3.18,0.51,0.00,0.00,53.51,0.00,9.25,0.00,0.00,0.00,0.84
182,"Patnt","HrDom","Exten",145,0.00,0.00,6.82,5.02,3.27,2.78,0.44,0.00,0.00,46.37,0.00,8.36,0.00,0.00,0.00,0.77
182,"Patnt","HrDom","Exten",155,0.00,0.00,5.73,4.43,2.89,2.41,0.37,0.00,0.00,39.56,0.00,7.42,0.00,0.00,0.00,0.70
182,"Patnt","HrDom","Exten",165,0.00,0.00,4.72,3.87,2.52,2.06,0.31,0.00,0.00,33.27,0.00,6.47,0.00,0.00,0.00,0.62
182,"Patnt","HrDom","Exten",175,0.00,0.00,3.81,3.34,2.18,1.74,0.25,0.00,0.00,27.60,0.00,5.56,0.00,0.00,0.00,0.54
182,"Patnt","HrDom","Exten",185,0.00,0.00,3.02,2.85,1.86,1.45,0.20,0.00,0.00,22.61,0.00,4.70,0.00,0.00,0.00,0.46
182,"Patnt","HrDom","Exten",195,0.00,0.00,2.36,2.41,1.57,1.20,0.16,0.00,0.00,18.29,0.00,3.92,0.00,0.00,0.00,0.39
182,"Patnt","HrDom","Exten",205,0.00,0.00,1.81,2.01,1.31,0.98,0.12,0.00,0.00,14.63,0.00,3.23,0.00,0.00,0.00,0.32
182,"Patnt","HrDom","Exten",215,0.00,0.00,1.36,1.66,1.08,0.79,0.10,0.00,0.00,11.56,0.00,2.62,0.00,0.00,0.00,0.26
182,"Patnt","HrDom","Exten",225,0.00,0.00,1.01,1.35,0.88,0.63,0.07,0.00,0.00,9.03,0.00,2.10,0.00,0.00,0.00,0.21
182,"Patnt","HrDom","Exten",235,0.00,0.00,0.74,1.09,0.71,0.50,0.05,0.00,0.00,6.98,0.00,1.66,0.00,0.00,0.00,0.17
182,"Patnt","HrDom","Exten",245,0.00,0.00,0.53,0.87,0.57,0.39,0.04,0.00,0.00,5.33,0.00,1.30,0.00,0.00,0.00,0.13
182,"Patnt","HrDom","Exten",255,0.00,0.00,0.38,0.69,0.45,0.30,0.03,0.00,0.00,4.03,0.00,1.00,0.00,0.00,0.00,0.10
183,"4s_3s","HrDom","Basc1",5,0.00,0.00,0.00,0.00,0.00,0.00,0.00,0.00,0.00,0.00,0.00,0.00,0.00,0.00,0.00,0.00
183,"4s_3s","HrDom","Basc1",15,0.00,0.00,0.28,0.36,0.18,0.20,0.14,0.00,0.00,1.53,0.00,0.25,0.00,0.00,0.00,5.52658172673654e-03
183,"4s_3s","HrDom","Basc1",25,0.00,0.00,1.17,1.89,0.72,1.03,0.33,0.00,0.00,7.68,0.00,1.24,0.00,0.00,0.00,0.02
183,"4s_3s","HrDom","Basc1",35,0.00,0.00,2.56,4.20,1.43,2.25,0.52,0.00,0.00,18.88,0.00,3.07,0.00,0.00,0.00,0.06
183,"4s_3s","HrDom","Basc1",45,0.00,0.00,4.15,6.18,2.06,3.22,0.66,0.00,0.00,32.70,0.00,5.44,0.00,0.00,0.00,0.10
183,"4s_3s","HrDom","Basc1",55,0.00,0.00,5.59,7.34,2.48,3.75,0.76,0.00,0.00,45.70,0.00,7.87,0.00,0.00,0.00,0.14
183,"4s_3s","HrDom","Basc1",65,0.00,0.00,6.68,7.85,2.69,3.94,0.79,0.00,0.00,55.56,0.00,9.97,0.00,0.00,0.00,0.18
183,"4s_3s","HrDom","Basc1",75,0.00,0.00,7.37,7.96,2.76,3.94,0.80,0.00,0.00,61.66,0.00,11.58,0.00,0.00,0.00,0.22
183,"4s_3s","HrDom","Basc1",85,0.00,0.00,7.73,7.87,2.74,3.83,0.77,0.00,0.00,64.48,0.00,12.71,0.00,0.00,0.00,0.24
183,"4s_3s","HrDom","Basc1",95,0.00,0.00,7.82,7.67,2.67,3.67,0.74,0.00,0.00,64.75,0.00,13.41,0.00,0.00,0.00,0.26
183,"4s_3s","HrDom","Basc1",105,0.00,0.00,7.68,7.41,2.58,3.48,0.69,0.00,0.00,63.18,0.00,13.75,0.00,0.00,0.00,0.27
183,"4s_3s","HrDom","Basc1",115,0.00,0.00,7.37,7.10,2.48,3.28,0.65,0.00,0.00,60.29,0.00,13.78,0.00,0.00,0.00,0.27
183,"4s_3s","HrDom","Basc1",125,0.00,0.00,6.91,6.76,2.36,3.06,0.59,0.00,0.00,56.52,0.00,13.54,0.00,0.00,0.00,0.27
183,"4s_3s","HrDom","Basc1",135,0.00,0.00,6.36,6.39,2.23,2.84,0.54,0.00,0.00,52.18,0.00,13.07,0.00,0.00,0.00,0.26
183,"4s_3s","HrDom","Basc1",145,0.00,0.00,5.74,6.00,2.09,2.61,0.49,0.00,0.00,47.55,0.00,12.43,0.00,0.00,0.00,0.26
183,"4s_3s","HrDom","Basc1",155,0.00,0.00,5.09,5.59,1.95,2.39,0.43,0.00,0.00,42.82,0.00,11.64,0.00,0.00,0.00,0.24
183,"4s_3s","HrDom","Basc1",165,0.00,0.00,4.44,5.18,1.81,2.16,0.38,0.00,0.00,38.15,0.00,10.76,0.00,0.00,0.00,0.23
183,"4s_3s","HrDom","Basc1",175,0.00,0.00,3.82,4.75,1.66,1.94,0.33,0.00,0.00,33.66,0.00,9.83,0.00,0.00,0.00,0.21
183,"4s_3s","HrDom","Basc1",185,0.00,0.00,3.23,4.33,1.51,1.73,0.29,0.00,0.00,29.43,0.00,8.88,0.00,0.00,0.00,0.19
183,"4s_3s","HrDom","Basc1",195,0.00,0.00,2.70,3.92,1.37,1.53,0.24,0.00,0.00,25.51,0.00,7.93,0.00,0.00,0.00,0.17
183,"4s_3s","HrDom","Basc1",205,0.00,0.00,2.22,3.52,1.23,1.35,0.20,0.00,0.00,21.92,0.00,7.01,0.00,0.00,0.00,0.15
183,"4s_3s","HrDom","Basc1",215,0.00,0.00,1.81,3.13,1.09,1.17,0.17,0.00,0.00,18.70,0.00,6.14,0.00,0.00,0.00,0.14
183,"4s_3s","HrDom","Basc1",225,0.00,0.00,1.46,2.77,0.97,1.01,0.14,0.00,0.00,15.82,0.00,5.33,0.00,0.00,0.00,0.12
183,"4s_3s","HrDom","Basc1",235,0.00,0.00,1.16,2.44,0.85,0.87,0.12,0.00,0.00,13.29,0.00,4.59,0.00,0.00,0.00,0.10
183,"4s_3s","HrDom","Basc1",245,0.00,0.00,0.92,2.13,0.74,0.74,0.09,0.00,0.00,11.08,0.00,3.92,0.00,0.00,0.00,0.09
183,"4s_3s","HrDom","Basc1",255,0.00,0.00,0.71,1.84,0.64,0.63,0.07,0.00,0.00,9.17,0.00,3.32,0.00,0.00,0.00,0.07
184,"Patnt","HrDom","Basc1",5,0.00,0.00,0.00,0.00,0.00,0.00,0.00,0.00,0.00,0.00,0.00,0.00,0.00,0.00,0.00,0.00
184,"Patnt","HrDom","Basc1",15,0.00,0.00,0.48,0.42,0.41,0.30,0.18,0.00,0.00,2.13,0.00,0.24,0.00,0.00,0.00,0.02
184,"Patnt","HrDom","Basc1",25,0.00,0.00,1.98,2.26,1.60,1.58,0.43,0.00,0.00,10.70,0.00,1.19,0.00,0.00,0.00,0.10
184,"Patnt","HrDom","Basc1",35,0.00,0.00,4.33,4.99,3.16,3.40,0.66,0.00,0.00,26.14,0.00,2.93,0.00,0.00,0.00,0.25
184,"Patnt","HrDom","Basc1",45,0.00,0.00,6.92,7.24,4.51,4.82,0.84,0.00,0.00,44.72,0.00,5.13,0.00,0.00,0.00,0.43
184,"Patnt","HrDom","Basc1",55,0.00,0.00,9.16,8.46,5.34,5.52,0.94,0.00,0.00,61.45,0.00,7.30,0.00,0.00,0.00,0.61
184,"Patnt","HrDom","Basc1",65,0.00,0.00,10.71,8.86,5.68,5.68,0.97,0.00,0.00,73.16,0.00,9.05,0.00,0.00,0.00,0.76
184,"Patnt","HrDom","Basc1",75,0.00,0.00,11.55,8.77,5.67,5.53,0.95,0.00,0.00,79.22,0.00,10.26,0.00,0.00,0.00,0.86
184,"Patnt","HrDom","Basc1",85,0.00,0.00,11.77,8.43,5.47,5.23,0.90,0.00,0.00,80.52,0.00,10.95,0.00,0.00,0.00,0.93
184,"Patnt","HrDom","Basc1",95,0.00,0.00,11.52,7.95,5.17,4.85,0.83,0.00,0.00,78.31,0.00,11.19,0.00,0.00,0.00,0.96
184,"Patnt","HrDom","Basc1",105,0.00,0.00,10.92,7.41,4.82,4.44,0.75,0.00,0.00,73.73,0.00,11.07,0.00,0.00,0.00,0.96
184,"Patnt","HrDom","Basc1",115,0.00,0.00,10.07,6.83,4.45,4.02,0.67,0.00,0.00,67.64,0.00,10.66,0.00,0.00,0.00,0.94
184,"Patnt","HrDom","Basc1",125,0.00,0.00,9.05,6.23,4.06,3.60,0.59,0.00,0.00,60.73,0.00,10.04,0.00,0.00,0.00,0.90
184,"Patnt","HrDom","Basc1",135,0.00,0.00,7.95,5.62,3.66,3.18,0.51,0.00,0.00,53.51,0.00,9.25,0.00,0.00,0.00,0.84
184,"Patnt","HrDom","Basc1",145,0.00,0.00,6.82,5.02,3.27,2.78,0.44,0.00,0.00,46.37,0.00,8.36,0.00,0.00,0.00,0.77
184,"Patnt","HrDom","Basc1",155,0.00,0.00,5.73,4.43,2.89,2.41,0.37,0.00,0.00,39.56,0.00,7.42,0.00,0.00,0.00,0.70
184,"Patnt","HrDom","Basc1",165,0.00,0.00,4.72,3.87,2.52,2.06,0.31,0.00,0.00,33.27,0.00,6.47,0.00,0.00,0.00,0.62
184,"Patnt","HrDom","Basc1",175,0.00,0.00,3.81,3.34,2.18,1.74,0.25,0.00,0.00,27.60,0.00,5.56,0.00,0.00,0.00,0.54
184,"Patnt","HrDom","Basc1",185,0.00,0.00,3.02,2.85,1.86,1.45,0.20,0.00,0.00,22.61,0.00,4.70,0.00,0.00,0.00,0.46
184,"Patnt","HrDom","Basc1",195,0.00,0.00,2.36,2.41,1.57,1.20,0.16,0.00,0.00,18.29,0.00,3.92,0.00,0.00,0.00,0.39
184,"Patnt","HrDom","Basc1",205,0.00,0.00,1.81,2.01,1.31,0.98,0.12,0.00,0.00,14.63,0.00,3.23,0.00,0.00,0.00,0.32
184,"Patnt","HrDom","Basc1",215,0.00,0.00,1.36,1.66,1.08,0.79,0.10,0.00,0.00,11.56,0.00,2.62,0.00,0.00,0.00,0.26
184,"Patnt","HrDom","Basc1",225,0.00,0.00,1.01,1.35,0.88,0.63,0.07,0.00,0.00,9.03,0.00,2.10,0.00,0.00,0.00,0.21
184,"Patnt","HrDom","Basc1",235,0.00,0.00,0.74,1.09,0.71,0.50,0.05,0.00,0.00,6.98,0.00,1.66,0.00,0.00,0.00,0.17
184,"Patnt","HrDom","Basc1",245,0.00,0.00,0.53,0.87,0.57,0.39,0.04,0.00,0.00,5.33,0.00,1.30,0.00,0.00,0.00,0.13
184,"Patnt","HrDom","Basc1",255,0.00,0.00,0.38,0.69,0.45,0.30,0.03,0.00,0.00,4.03,0.00,1.00,0.00,0.00,0.00,0.10
185,"4s_3s","HrDom","Basc2",5,0.00,0.00,0.00,0.00,0.00,0.00,0.00,0.00,0.00,0.00,0.00,0.00,0.00,0.00,0.00,0.00
185,"4s_3s","HrDom","Basc2",15,0.00,0.00,0.28,0.36,0.18,0.20,0.14,0.00,0.00,1.53,0.00,0.25,0.00,0.00,0.00,5.52658172673654e-03
185,"4s_3s","HrDom","Basc2",25,0.00,0.00,1.17,1.89,0.72,1.03,0.33,0.00,0.00,7.68,0.00,1.24,0.00,0.00,0.00,0.02
185,"4s_3s","HrDom","Basc2",35,0.00,0.00,2.56,4.20,1.43,2.25,0.52,0.00,0.00,18.88,0.00,3.07,0.00,0.00,0.00,0.06
185,"4s_3s","HrDom","Basc2",45,0.00,0.00,4.15,6.18,2.06,3.22,0.66,0.00,0.00,32.70,0.00,5.44,0.00,0.00,0.00,0.10
185,"4s_3s","HrDom","Basc2",55,0.00,0.00,5.59,7.34,2.48,3.75,0.76,0.00,0.00,45.70,0.00,7.87,0.00,0.00,0.00,0.14
185,"4s_3s","HrDom","Basc2",65,0.00,0.00,6.68,7.85,2.69,3.94,0.79,0.00,0.00,55.56,0.00,9.97,0.00,0.00,0.00,0.18
185,"4s_3s","HrDom","Basc2",75,0.00,0.00,7.37,7.96,2.76,3.94,0.80,0.00,0.00,61.66,0.00,11.58,0.00,0.00,0.00,0.22
185,"4s_3s","HrDom","Basc2",85,0.00,0.00,7.73,7.87,2.74,3.83,0.77,0.00,0.00,64.48,0.00,12.71,0.00,0.00,0.00,0.24
185,"4s_3s","HrDom","Basc2",95,0.00,0.00,7.82,7.67,2.67,3.67,0.74,0.00,0.00,64.75,0.00,13.41,0.00,0.00,0.00,0.26
185,"4s_3s","HrDom","Basc2",105,0.00,0.00,7.68,7.41,2.58,3.48,0.69,0.00,0.00,63.18,0.00,13.75,0.00,0.00,0.00,0.27
185,"4s_3s","HrDom","Basc2",115,0.00,0.00,7.37,7.10,2.48,3.28,0.65,0.00,0.00,60.29,0.00,13.78,0.00,0.00,0.00,0.27
185,"4s_3s","HrDom","Basc2",125,0.00,0.00,6.91,6.76,2.36,3.06,0.59,0.00,0.00,56.52,0.00,13.54,0.00,0.00,0.00,0.27
185,"4s_3s","HrDom","Basc2",135,0.00,0.00,6.36,6.39,2.23,2.84,0.54,0.00,0.00,52.18,0.00,13.07,0.00,0.00,0.00,0.26
185,"4s_3s","HrDom","Basc2",145,0.00,0.00,5.74,6.00,2.09,2.61,0.49,0.00,0.00,47.55,0.00,12.43,0.00,0.00,0.00,0.26
185,"4s_3s","HrDom","Basc2",155,0.00,0.00,5.09,5.59,1.95,2.39,0.43,0.00,0.00,42.82,0.00,11.64,0.00,0.00,0.00,0.24
185,"4s_3s","HrDom","Basc2",165,0.00,0.00,4.44,5.18,1.81,2.16,0.38,0.00,0.00,38.15,0.00,10.76,0.00,0.00,0.00,0.23
185,"4s_3s","HrDom","Basc2",175,0.00,0.00,3.82,4.75,1.66,1.94,0.33,0.00,0.00,33.66,0.00,9.83,0.00,0.00,0.00,0.21
185,"4s_3s","HrDom","Basc2",185,0.00,0.00,3.23,4.33,1.51,1.73,0.29,0.00,0.00,29.43,0.00,8.88,0.00,0.00,0.00,0.19
185,"4s_3s","HrDom","Basc2",195,0.00,0.00,2.70,3.92,1.37,1.53,0.24,0.00,0.00,25.51,0.00,7.93,0.00,0.00,0.00,0.17
185,"4s_3s","HrDom","Basc2",205,0.00,0.00,2.22,3.52,1.23,1.35,0.20,0.00,0.00,21.92,0.00,7.01,0.00,0.00,0.00,0.15
185,"4s_3s","HrDom","Basc2",215,0.00,0.00,1.81,3.13,1.09,1.17,0.17,0.00,0.00,18.70,0.00,6.14,0.00,0.00,0.00,0.14
185,"4s_3s","HrDom","Basc2",225,0.00,0.00,1.46,2.77,0.97,1.01,0.14,0.00,0.00,15.82,0.00,5.33,0.00,0.00,0.00,0.12
185,"4s_3s","HrDom","Basc2",235,0.00,0.00,1.16,2.44,0.85,0.87,0.12,0.00,0.00,13.29,0.00,4.59,0.00,0.00,0.00,0.10
185,"4s_3s","HrDom","Basc2",245,0.00,0.00,0.92,2.13,0.74,0.74,0.09,0.00,0.00,11.08,0.00,3.92,0.00,0.00,0.00,0.09
185,"4s_3s","HrDom","Basc2",255,0.00,0.00,0.71,1.84,0.64,0.63,0.07,0.00,0.00,9.17,0.00,3.32,0.00,0.00,0.00,0.07
186,"Patnt","HrDom","Basc2",5,0.00,0.00,0.00,0.00,0.00,0.00,0.00,0.00,0.00,0.00,0.00,0.00,0.00,0.00,0.00,0.00
186,"Patnt","HrDom","Basc2",15,0.00,0.00,0.48,0.42,0.41,0.30,0.18,0.00,0.00,2.13,0.00,0.24,0.00,0.00,0.00,0.02
186,"Patnt","HrDom","Basc2",25,0.00,0.00,1.98,2.26,1.60,1.58,0.43,0.00,0.00,10.70,0.00,1.19,0.00,0.00,0.00,0.10
186,"Patnt","HrDom","Basc2",35,0.00,0.00,4.33,4.99,3.16,3.40,0.66,0.00,0.00,26.14,0.00,2.93,0.00,0.00,0.00,0.25
186,"Patnt","HrDom","Basc2",45,0.00,0.00,6.92,7.24,4.51,4.82,0.84,0.00,0.00,44.72,0.00,5.13,0.00,0.00,0.00,0.43
186,"Patnt","HrDom","Basc2",55,0.00,0.00,9.16,8.46,5.34,5.52,0.94,0.00,0.00,61.45,0.00,7.30,0.00,0.00,0.00,0.61
186,"Patnt","HrDom","Basc2",65,0.00,0.00,10.71,8.86,5.68,5.68,0.97,0.00,0.00,73.16,0.00,9.05,0.00,0.00,0.00,0.76
186,"Patnt","HrDom","Basc2",75,0.00,0.00,11.55,8.77,5.67,5.53,0.95,0.00,0.00,79.22,0.00,10.26,0.00,0.00,0.00,0.86
186,"Patnt","HrDom","Basc2",85,0.00,0.00,11.77,8.43,5.47,5.23,0.90,0.00,0.00,80.52,0.00,10.95,0.00,0.00,0.00,0.93
186,"Patnt","HrDom","Basc2",95,0.00,0.00,11.52,7.95,5.17,4.85,0.83,0.00,0.00,78.31,0.00,11.19,0.00,0.00,0.00,0.96
186,"Patnt","HrDom","Basc2",105,0.00,0.00,10.92,7.41,4.82,4.44,0.75,0.00,0.00,73.73,0.00,11.07,0.00,0.00,0.00,0.96
186,"Patnt","HrDom","Basc2",115,0.00,0.00,10.07,6.83,4.45,4.02,0.67,0.00,0.00,67.64,0.00,10.66,0.00,0.00,0.00,0.94
186,"Patnt","HrDom","Basc2",125,0.00,0.00,9.05,6.23,4.06,3.60,0.59,0.00,0.00,60.73,0.00,10.04,0.00,0.00,0.00,0.90
186,"Patnt","HrDom","Basc2",135,0.00,0.00,7.95,5.62,3.66,3.18,0.51,0.00,0.00,53.51,0.00,9.25,0.00,0.00,0.00,0.84
186,"Patnt","HrDom","Basc2",145,0.00,0.00,6.82,5.02,3.27,2.78,0.44,0.00,0.00,46.37,0.00,8.36,0.00,0.00,0.00,0.77
186,"Patnt","HrDom","Basc2",155,0.00,0.00,5.73,4.43,2.89,2.41,0.37,0.00,0.00,39.56,0.00,7.42,0.00,0.00,0.00,0.70
186,"Patnt","HrDom","Basc2",165,0.00,0.00,4.72,3.87,2.52,2.06,0.31,0.00,0.00,33.27,0.00,6.47,0.00,0.00,0.00,0.62
186,"Patnt","HrDom","Basc2",175,0.00,0.00,3.81,3.34,2.18,1.74,0.25,0.00,0.00,27.60,0.00,5.56,0.00,0.00,0.00,0.54
186,"Patnt","HrDom","Basc2",185,0.00,0.00,3.02,2.85,1.86,1.45,0.20,0.00,0.00,22.61,0.00,4.70,0.00,0.00,0.00,0.46
186,"Patnt","HrDom","Basc2",195,0.00,0.00,2.36,2.41,1.57,1.20,0.16,0.00,0.00,18.29,0.00,3.92,0.00,0.00,0.00,0.39
186,"Patnt","HrDom","Basc2",205,0.00,0.00,1.81,2.01,1.31,0.98,0.12,0.00,0.00,14.63,0.00,3.23,0.00,0.00,0.00,0.32
186,"Patnt","HrDom","Basc2",215,0.00,0.00,1.36,1.66,1.08,0.79,0.10,0.00,0.00,11.56,0.00,2.62,0.00,0.00,0.00,0.26
186,"Patnt","HrDom","Basc2",225,0.00,0.00,1.01,1.35,0.88,0.63,0.07,0.00,0.00,9.03,0.00,2.10,0.00,0.00,0.00,0.21
186,"Patnt","HrDom","Basc2",235,0.00,0.00,0.74,1.09,0.71,0.50,0.05,0.00,0.00,6.98,0.00,1.66,0.00,0.00,0.00,0.17
186,"Patnt","HrDom","Basc2",245,0.00,0.00,0.53,0.87,0.57,0.39,0.04,0.00,0.00,5.33,0.00,1.30,0.00,0.00,0.00,0.13
186,"Patnt","HrDom","Basc2",255,0.00,0.00,0.38,0.69,0.45,0.30,0.03,0.00,0.00,4.03,0.00,1.00,0.00,0.00,0.00,0.10
187,"4s_3s","HrDom","Intn1",5,0.00,0.00,0.00,0.00,0.00,0.00,0.00,0.00,0.00,0.00,0.00,0.00,0.00,0.00,0.00,0.00
187,"4s_3s","HrDom","Intn1",15,0.00,0.00,0.28,0.36,0.18,0.20,0.14,0.00,0.00,1.53,0.00,0.25,0.00,0.00,0.00,5.52658172673654e-03
187,"4s_3s","HrDom","Intn1",25,0.00,0.00,1.17,1.89,0.72,1.03,0.33,0.00,0.00,7.68,0.00,1.24,0.00,0.00,0.00,0.02
187,"4s_3s","HrDom","Intn1",35,0.00,0.00,2.56,4.20,1.43,2.25,0.52,0.00,0.00,18.88,0.00,3.07,0.00,0.00,0.00,0.06
187,"4s_3s","HrDom","Intn1",45,0.00,0.00,4.15,6.18,2.06,3.22,0.66,0.00,0.00,32.70,0.00,5.44,0.00,0.00,0.00,0.10
187,"4s_3s","HrDom","Intn1",55,0.00,0.00,5.59,7.34,2.48,3.75,0.76,0.00,0.00,45.70,0.00,7.87,0.00,0.00,0.00,0.14
187,"4s_3s","HrDom","Intn1",65,0.00,0.00,6.68,7.85,2.69,3.94,0.79,0.00,0.00,55.56,0.00,9.97,0.00,0.00,0.00,0.18
187,"4s_3s","HrDom","Intn1",75,0.00,0.00,7.37,7.96,2.76,3.94,0.80,0.00,0.00,61.66,0.00,11.58,0.00,0.00,0.00,0.22
187,"4s_3s","HrDom","Intn1",85,0.00,0.00,7.73,7.87,2.74,3.83,0.77,0.00,0.00,64.48,0.00,12.71,0.00,0.00,0.00,0.24
187,"4s_3s","HrDom","Intn1",95,0.00,0.00,7.82,7.67,2.67,3.67,0.74,0.00,0.00,64.75,0.00,13.41,0.00,0.00,0.00,0.26
187,"4s_3s","HrDom","Intn1",105,0.00,0.00,7.68,7.41,2.58,3.48,0.69,0.00,0.00,63.18,0.00,13.75,0.00,0.00,0.00,0.27
187,"4s_3s","HrDom","Intn1",115,0.00,0.00,7.37,7.10,2.48,3.28,0.65,0.00,0.00,60.29,0.00,13.78,0.00,0.00,0.00,0.27
187,"4s_3s","HrDom","Intn1",125,0.00,0.00,6.91,6.76,2.36,3.06,0.59,0.00,0.00,56.52,0.00,13.54,0.00,0.00,0.00,0.27
187,"4s_3s","HrDom","Intn1",135,0.00,0.00,6.36,6.39,2.23,2.84,0.54,0.00,0.00,52.18,0.00,13.07,0.00,0.00,0.00,0.26
187,"4s_3s","HrDom","Intn1",145,0.00,0.00,5.74,6.00,2.09,2.61,0.49,0.00,0.00,47.55,0.00,12.43,0.00,0.00,0.00,0.26
187,"4s_3s","HrDom","Intn1",155,0.00,0.00,5.09,5.59,1.95,2.39,0.43,0.00,0.00,42.82,0.00,11.64,0.00,0.00,0.00,0.24
187,"4s_3s","HrDom","Intn1",165,0.00,0.00,4.44,5.18,1.81,2.16,0.38,0.00,0.00,38.15,0.00,10.76,0.00,0.00,0.00,0.23
187,"4s_3s","HrDom","Intn1",175,0.00,0.00,3.82,4.75,1.66,1.94,0.33,0.00,0.00,33.66,0.00,9.83,0.00,0.00,0.00,0.21
187,"4s_3s","HrDom","Intn1",185,0.00,0.00,3.23,4.33,1.51,1.73,0.29,0.00,0.00,29.43,0.00,8.88,0.00,0.00,0.00,0.19
187,"4s_3s","HrDom","Intn1",195,0.00,0.00,2.70,3.92,1.37,1.53,0.24,0.00,0.00,25.51,0.00,7.93,0.00,0.00,0.00,0.17
187,"4s_3s","HrDom","Intn1",205,0.00,0.00,2.22,3.52,1.23,1.35,0.20,0.00,0.00,21.92,0.00,7.01,0.00,0.00,0.00,0.15
187,"4s_3s","HrDom","Intn1",215,0.00,0.00,1.81,3.13,1.09,1.17,0.17,0.00,0.00,18.70,0.00,6.14,0.00,0.00,0.00,0.14
187,"4s_3s","HrDom","Intn1",225,0.00,0.00,1.46,2.77,0.97,1.01,0.14,0.00,0.00,15.82,0.00,5.33,0.00,0.00,0.00,0.12
187,"4s_3s","HrDom","Intn1",235,0.00,0.00,1.16,2.44,0.85,0.87,0.12,0.00,0.00,13.29,0.00,4.59,0.00,0.00,0.00,0.10
187,"4s_3s","HrDom","Intn1",245,0.00,0.00,0.92,2.13,0.74,0.74,0.09,0.00,0.00,11.08,0.00,3.92,0.00,0.00,0.00,0.09
187,"4s_3s","HrDom","Intn1",255,0.00,0.00,0.71,1.84,0.64,0.63,0.07,0.00,0.00,9.17,0.00,3.32,0.00,0.00,0.00,0.07
188,"Patnt","HrDom","Intn1",5,0.00,0.00,0.00,0.00,0.00,0.00,0.00,0.00,0.00,0.00,0.00,0.00,0.00,0.00,0.00,0.00
188,"Patnt","HrDom","Intn1",15,0.00,0.00,0.48,0.42,0.41,0.30,0.18,0.00,0.00,2.13,0.00,0.24,0.00,0.00,0.00,0.02
188,"Patnt","HrDom","Intn1",25,0.00,0.00,1.98,2.26,1.60,1.58,0.43,0.00,0.00,10.70,0.00,1.19,0.00,0.00,0.00,0.10
188,"Patnt","HrDom","Intn1",35,0.00,0.00,4.33,4.99,3.16,3.40,0.66,0.00,0.00,26.14,0.00,2.93,0.00,0.00,0.00,0.25
188,"Patnt","HrDom","Intn1",45,0.00,0.00,6.92,7.24,4.51,4.82,0.84,0.00,0.00,44.72,0.00,5.13,0.00,0.00,0.00,0.43
188,"Patnt","HrDom","Intn1",55,0.00,0.00,9.16,8.46,5.34,5.52,0.94,0.00,0.00,61.45,0.00,7.30,0.00,0.00,0.00,0.61
188,"Patnt","HrDom","Intn1",65,0.00,0.00,10.71,8.86,5.68,5.68,0.97,0.00,0.00,73.16,0.00,9.05,0.00,0.00,0.00,0.76
188,"Patnt","HrDom","Intn1",75,0.00,0.00,11.55,8.77,5.67,5.53,0.95,0.00,0.00,79.22,0.00,10.26,0.00,0.00,0.00,0.86
188,"Patnt","HrDom","Intn1",85,0.00,0.00,11.77,8.43,5.47,5.23,0.90,0.00,0.00,80.52,0.00,10.95,0.00,0.00,0.00,0.93
188,"Patnt","HrDom","Intn1",95,0.00,0.00,11.52,7.95,5.17,4.85,0.83,0.00,0.00,78.31,0.00,11.19,0.00,0.00,0.00,0.96
188,"Patnt","HrDom","Intn1",105,0.00,0.00,10.92,7.41,4.82,4.44,0.75,0.00,0.00,73.73,0.00,11.07,0.00,0.00,0.00,0.96
188,"Patnt","HrDom","Intn1",115,0.00,0.00,10.07,6.83,4.45,4.02,0.67,0.00,0.00,67.64,0.00,10.66,0.00,0.00,0.00,0.94
188,"Patnt","HrDom","Intn1",125,0.00,0.00,9.05,6.23,4.06,3.60,0.59,0.00,0.00,60.73,0.00,10.04,0.00,0.00,0.00,0.90
188,"Patnt","HrDom","Intn1",135,0.00,0.00,7.95,5.62,3.66,3.18,0.51,0.00,0.00,53.51,0.00,9.25,0.00,0.00,0.00,0.84
188,"Patnt","HrDom","Intn1",145,0.00,0.00,6.82,5.02,3.27,2.78,0.44,0.00,0.00,46.37,0.00,8.36,0.00,0.00,0.00,0.77
188,"Patnt","HrDom","Intn1",155,0.00,0.00,5.73,4.43,2.89,2.41,0.37,0.00,0.00,39.56,0.00,7.42,0.00,0.00,0.00,0.70
188,"Patnt","HrDom","Intn1",165,0.00,0.00,4.72,3.87,2.52,2.06,0.31,0.00,0.00,33.27,0.00,6.47,0.00,0.00,0.00,0.62
188,"Patnt","HrDom","Intn1",175,0.00,0.00,3.81,3.34,2.18,1.74,0.25,0.00,0.00,27.60,0.00,5.56,0.00,0.00,0.00,0.54
188,"Patnt","HrDom","Intn1",185,0.00,0.00,3.02,2.85,1.86,1.45,0.20,0.00,0.00,22.61,0.00,4.70,0.00,0.00,0.00,0.46
188,"Patnt","HrDom","Intn1",195,0.00,0.00,2.36,2.41,1.57,1.20,0.16,0.00,0.00,18.29,0.00,3.92,0.00,0.00,0.00,0.39
188,"Patnt","HrDom","Intn1",205,0.00,0.00,1.81,2.01,1.31,0.98,0.12,0.00,0.00,14.63,0.00,3.23,0.00,0.00,0.00,0.32
188,"Patnt","HrDom","Intn1",215,0.00,0.00,1.36,1.66,1.08,0.79,0.10,0.00,0.00,11.56,0.00,2.62,0.00,0.00,0.00,0.26
188,"Patnt","HrDom","Intn1",225,0.00,0.00,1.01,1.35,0.88,0.63,0.07,0.00,0.00,9.03,0.00,2.10,0.00,0.00,0.00,0.21
188,"Patnt","HrDom","Intn1",235,0.00,0.00,0.74,1.09,0.71,0.50,0.05,0.00,0.00,6.98,0.00,1.66,0.00,0.00,0.00,0.17
188,"Patnt","HrDom","Intn1",245,0.00,0.00,0.53,0.87,0.57,0.39,0.04,0.00,0.00,5.33,0.00,1.30,0.00,0.00,0.00,0.13
188,"Patnt","HrDom","Intn1",255,0.00,0.00,0.38,0.69,0.45,0.30,0.03,0.00,0.00,4.03,0.00,1.00,0.00,0.00,0.00,0.10
189,"4s_3s","HrdMw","Prsnt",5,0.00,0.00,0.00,0.00,0.00,0.00,0.00,0.00,0.00,0.00,0.00,0.00,0.00,0.00,0.00,0.00
189,"4s_3s","HrdMw","Prsnt",15,0.06,0.00,1.62,1.17,0.62,0.52,0.28,0.00,0.00,2.45,0.00,0.36,0.00,0.00,0.00,0.01
189,"4s_3s","HrdMw","Prsnt",25,0.24,0.00,4.98,4.64,1.83,2.02,0.49,0.00,0.00,9.20,0.00,1.35,0.00,0.00,0.00,0.04
189,"4s_3s","HrdMw","Prsnt",35,0.50,0.00,9.32,8.78,3.09,3.74,0.65,0.00,0.00,19.30,0.00,2.87,0.00,0.00,0.00,0.08
189,"4s_3s","HrdMw","Prsnt",45,0.82,0.00,13.84,11.85,4.10,4.93,0.77,0.00,0.00,30.67,0.00,4.67,0.00,0.00,0.00,0.13
189,"4s_3s","HrdMw","Prsnt",55,1.15,0.00,17.86,13.50,4.73,5.50,0.83,0.00,0.00,41.10,0.00,6.47,0.00,0.00,0.00,0.18
189,"4s_3s","HrdMw","Prsnt",65,1.46,0.00,20.96,14.18,5.05,5.68,0.86,0.00,0.00,49.10,0.00,8.05,0.00,0.00,0.00,0.22
189,"4s_3s","HrdMw","Prsnt",75,1.71,0.00,23.05,14.32,5.14,5.65,0.86,0.00,0.00,54.23,0.00,9.31,0.00,0.00,0.00,0.26
189,"4s_3s","HrdMw","Prsnt",85,1.91,0.00,24.17,14.16,5.11,5.49,0.84,0.00,0.00,56.72,0.00,10.22,0.00,0.00,0.00,0.28
189,"4s_3s","HrdMw","Prsnt",95,2.05,0.00,24.48,13.82,4.99,5.27,0.80,0.00,0.00,57.05,0.00,10.80,0.00,0.00,0.00,0.30
189,"4s_3s","HrdMw","Prsnt",105,2.14,0.00,24.09,13.37,4.83,5.01,0.75,0.00,0.00,55.76,0.00,11.10,0.00,0.00,0.00,0.32
189,"4s_3s","HrdMw","Prsnt",115,2.19,0.00,23.15,12.84,4.64,4.72,0.70,0.00,0.00,53.32,0.00,11.14,0.00,0.00,0.00,0.32
189,"4s_3s","HrdMw","Prsnt",125,2.19,0.00,21.78,12.25,4.43,4.42,0.65,0.00,0.00,50.10,0.00,10.97,0.00,0.00,0.00,0.32
189,"4s_3s","HrdMw","Prsnt",135,2.15,0.00,20.10,11.63,4.21,4.12,0.59,0.00,0.00,46.42,0.00,10.63,0.00,0.00,0.00,0.32
189,"4s_3s","HrdMw","Prsnt",145,2.09,0.00,18.24,10.97,3.97,3.81,0.53,0.00,0.00,42.50,0.00,10.15,0.00,0.00,0.00,0.31
189,"4s_3s","HrdMw","Prsnt",155,1.99,0.00,16.28,10.29,3.73,3.50,0.48,0.00,0.00,38.52,0.00,9.57,0.00,0.00,0.00,0.30
189,"4s_3s","HrdMw","Prsnt",165,1.88,0.00,14.32,9.60,3.48,3.20,0.42,0.00,0.00,34.59,0.00,8.92,0.00,0.00,0.00,0.28
189,"4s_3s","HrdMw","Prsnt",175,1.75,0.00,12.42,8.90,3.22,2.90,0.37,0.00,0.00,30.82,0.00,8.23,0.00,0.00,0.00,0.26
189,"4s_3s","HrdMw","Prsnt",185,1.61,0.00,10.64,8.20,2.97,2.62,0.33,0.00,0.00,27.25,0.00,7.51,0.00,0.00,0.00,0.24
189,"4s_3s","HrdMw","Prsnt",195,1.47,0.00,9.00,7.52,2.72,2.35,0.28,0.00,0.00,23.93,0.00,6.80,0.00,0.00,0.00,0.22
189,"4s_3s","HrdMw","Prsnt",205,1.33,0.00,7.54,6.85,2.48,2.09,0.24,0.00,0.00,20.88,0.00,6.10,0.00,0.00,0.00,0.20
189,"4s_3s","HrdMw","Prsnt",215,1.19,0.00,6.24,6.21,2.25,1.85,0.20,0.00,0.00,18.10,0.00,5.44,0.00,0.00,0.00,0.18
189,"4s_3s","HrdMw","Prsnt",225,1.06,0.00,5.12,5.60,2.03,1.63,0.17,0.00,0.00,15.60,0.00,4.81,0.00,0.00,0.00,0.16
189,"4s_3s","HrdMw","Prsnt",235,0.93,0.00,4.16,5.02,1.82,1.43,0.14,0.00,0.00,13.37,0.00,4.22,0.00,0.00,0.00,0.14
189,"4s_3s","HrdMw","Prsnt",245,0.81,0.00,3.36,4.47,1.62,1.24,0.12,0.00,0.00,11.39,0.00,3.68,0.00,0.00,0.00,0.12
189,"4s_3s","HrdMw","Prsnt",255,0.70,0.00,2.68,3.97,1.44,1.08,0.10,0.00,0.00,9.65,0.00,3.19,0.00,0.00,0.00,0.11
190,"Patnt","HrdMw","Prsnt",5,0.00,0.00,0.00,0.00,0.00,0.00,0.00,0.00,0.00,0.00,0.00,0.00,0.00,0.00,0.00,0.00
190,"Patnt","HrdMw","Prsnt",15,0.00,0.00,1.14,0.73,0.86,0.64,0.24,0.00,0.00,2.53,0.00,0.12,0.00,0.00,0.00,0.01
190,"Patnt","HrdMw","Prsnt",25,0.00,0.00,3.74,3.07,2.69,2.68,0.45,0.00,0.00,10.14,0.00,0.49,0.00,0.00,0.00,0.03
190,"Patnt","HrdMw","Prsnt",35,0.00,0.00,7.32,6.09,4.76,5.19,0.62,0.00,0.00,22.22,0.00,1.10,0.00,0.00,0.00,0.07
190,"Patnt","HrdMw","Prsnt",45,0.00,0.00,11.15,8.43,6.46,7.01,0.75,0.00,0.00,36.25,0.00,1.83,0.00,0.00,0.00,0.13
190,"Patnt","HrdMw","Prsnt",55,0.00,0.00,14.52,9.68,7.52,7.89,0.83,0.00,0.00,48.99,0.00,2.57,0.00,0.00,0.00,0.18
190,"Patnt","HrdMw","Prsnt",65,0.00,0.00,16.89,10.08,7.96,8.08,0.85,0.00,0.00,58.03,0.00,3.17,0.00,0.00,0.00,0.22
190,"Patnt","HrdMw","Prsnt",75,0.00,0.00,18.10,9.93,7.90,7.83,0.82,0.00,0.00,62.48,0.00,3.57,0.00,0.00,0.00,0.25
190,"Patnt","HrdMw","Prsnt",85,0.00,0.00,18.19,9.41,7.52,7.30,0.77,0.00,0.00,62.61,0.00,3.76,0.00,0.00,0.00,0.26
190,"Patnt","HrdMw","Prsnt",95,0.00,0.00,17.35,8.65,6.92,6.60,0.69,0.00,0.00,59.31,0.00,3.74,0.00,0.00,0.00,0.26
190,"Patnt","HrdMw","Prsnt",105,0.00,0.00,15.80,7.74,6.20,5.80,0.60,0.00,0.00,53.65,0.00,3.55,0.00,0.00,0.00,0.25
190,"Patnt","HrdMw","Prsnt",115,0.00,0.00,13.80,6.76,5.42,4.97,0.51,0.00,0.00,46.64,0.00,3.24,0.00,0.00,0.00,0.23
190,"Patnt","HrdMw","Prsnt",125,0.00,0.00,11.60,5.76,4.62,4.16,0.42,0.00,0.00,39.16,0.00,2.85,0.00,0.00,0.00,0.21
190,"Patnt","HrdMw","Prsnt",135,0.00,0.00,9.40,4.80,3.85,3.40,0.34,0.00,0.00,31.84,0.00,2.43,0.00,0.00,0.00,0.18
190,"Patnt","HrdMw","Prsnt",145,0.00,0.00,7.35,3.90,3.13,2.71,0.26,0.00,0.00,25.13,0.00,2.00,0.00,0.00,0.00,0.15
190,"Patnt","HrdMw","Prsnt",155,0.00,0.00,5.56,3.10,2.49,2.11,0.20,0.00,0.00,19.29,0.00,1.59,0.00,0.00,0.00,0.12
190,"Patnt","HrdMw","Prsnt",165,0.00,0.00,4.06,2.40,1.93,1.60,0.14,0.00,0.00,14.41,0.00,1.23,0.00,0.00,0.00,0.09
190,"Patnt","HrdMw","Prsnt",175,0.00,0.00,2.88,1.82,1.46,1.19,0.10,0.00,0.00,10.49,0.00,0.93,0.00,0.00,0.00,0.07
190,"Patnt","HrdMw","Prsnt",185,0.00,0.00,1.98,1.35,1.08,0.86,0.07,0.00,0.00,7.44,0.00,0.68,0.00,0.00,0.00,0.05
190,"Patnt","HrdMw","Prsnt",195,0.00,0.00,1.32,0.97,0.78,0.60,0.05,0.00,0.00,5.15,0.00,0.48,0.00,0.00,0.00,0.04
190,"Patnt","HrdMw","Prsnt",205,0.00,0.00,0.85,0.68,0.55,0.42,0.03,0.00,0.00,3.48,0.00,0.33,0.00,0.00,0.00,0.02
190,"Patnt","HrdMw","Prsnt",215,0.00,0.00,0.54,0.47,0.38,0.28,0.02,0.00,0.00,2.29,0.00,0.23,0.00,0.00,0.00,0.01
190,"Patnt","HrdMw","Prsnt",225,0.00,0.00,0.33,0.32,0.25,0.18,0.01,0.00,0.00,1.48,0.00,0.15,0.00,0.00,0.00,0.01
190,"Patnt","HrdMw","Prsnt",235,0.00,0.00,0.19,0.21,0.16,0.12,8.62393258615207e-03,0.00,0.00,0.93,0.00,0.09,0.00,0.00,0.00,8.48570700523433e-03
190,"Patnt","HrdMw","Prsnt",245,0.00,0.00,0.11,0.13,0.10,0.07,5.18467025306493e-03,0.00,0.00,0.57,0.00,0.06,0.00,0.00,0.00,5.37614505193304e-03
190,"Patnt","HrdMw","Prsnt",255,0.00,0.00,0.06,0.08,0.06,0.04,3.04125329957637e-03,0.00,0.00,0.34,0.00,0.03,0.00,0.00,0.00,3.32164952313145e-03
191,"4s_3s","HrdMw","Exten",5,0.00,0.00,0.00,0.00,0.00,0.00,0.00,0.00,0.00,0.00,0.00,0.00,0.00,0.00,0.00,0.00
191,"4s_3s","HrdMw","Exten",15,0.06,0.00,1.62,1.17,0.62,0.52,0.28,0.00,0.00,2.45,0.00,0.36,0.00,0.00,0.00,0.01
191,"4s_3s","HrdMw","Exten",25,0.24,0.00,4.98,4.64,1.83,2.02,0.49,0.00,0.00,9.20,0.00,1.35,0.00,0.00,0.00,0.04
191,"4s_3s","HrdMw","Exten",35,0.50,0.00,9.32,8.78,3.09,3.74,0.65,0.00,0.00,19.30,0.00,2.87,0.00,0.00,0.00,0.08
191,"4s_3s","HrdMw","Exten",45,0.82,0.00,13.84,11.85,4.10,4.93,0.77,0.00,0.00,30.67,0.00,4.67,0.00,0.00,0.00,0.13
191,"4s_3s","HrdMw","Exten",55,1.15,0.00,17.86,13.50,4.73,5.50,0.83,0.00,0.00,41.10,0.00,6.47,0.00,0.00,0.00,0.18
191,"4s_3s","HrdMw","Exten",65,1.46,0.00,20.96,14.18,5.05,5.68,0.86,0.00,0.00,49.10,0.00,8.05,0.00,0.00,0.00,0.22
191,"4s_3s","HrdMw","Exten",75,1.71,0.00,23.05,14.32,5.14,5.65,0.86,0.00,0.00,54.23,0.00,9.31,0.00,0.00,0.00,0.26
191,"4s_3s","HrdMw","Exten",85,1.91,0.00,24.17,14.16,5.11,5.49,0.84,0.00,0.00,56.72,0.00,10.22,0.00,0.00,0.00,0.28
191,"4s_3s","HrdMw","Exten",95,2.05,0.00,24.48,13.82,4.99,5.27,0.80,0.00,0.00,57.05,0.00,10.80,0.00,0.00,0.00,0.30
191,"4s_3s","HrdMw","Exten",105,2.14,0.00,24.09,13.37,4.83,5.01,0.75,0.00,0.00,55.76,0.00,11.10,0.00,0.00,0.00,0.32
191,"4s_3s","HrdMw","Exten",115,2.19,0.00,23.15,12.84,4.64,4.72,0.70,0.00,0.00,53.32,0.00,11.14,0.00,0.00,0.00,0.32
191,"4s_3s","HrdMw","Exten",125,2.19,0.00,21.78,12.25,4.43,4.42,0.65,0.00,0.00,50.10,0.00,10.97,0.00,0.00,0.00,0.32
191,"4s_3s","HrdMw","Exten",135,2.15,0.00,20.10,11.63,4.21,4.12,0.59,0.00,0.00,46.42,0.00,10.63,0.00,0.00,0.00,0.32
191,"4s_3s","HrdMw","Exten",145,2.09,0.00,18.24,10.97,3.97,3.81,0.53,0.00,0.00,42.50,0.00,10.15,0.00,0.00,0.00,0.31
191,"4s_3s","HrdMw","Exten",155,1.99,0.00,16.28,10.29,3.73,3.50,0.48,0.00,0.00,38.52,0.00,9.57,0.00,0.00,0.00,0.30
191,"4s_3s","HrdMw","Exten",165,1.88,0.00,14.32,9.60,3.48,3.20,0.42,0.00,0.00,34.59,0.00,8.92,0.00,0.00,0.00,0.28
191,"4s_3s","HrdMw","Exten",175,1.75,0.00,12.42,8.90,3.22,2.90,0.37,0.00,0.00,30.82,0.00,8.23,0.00,0.00,0.00,0.26
191,"4s_3s","HrdMw","Exten",185,1.61,0.00,10.64,8.20,2.97,2.62,0.33,0.00,0.00,27.25,0.00,7.51,0.00,0.00,0.00,0.24
191,"4s_3s","HrdMw","Exten",195,1.47,0.00,9.00,7.52,2.72,2.35,0.28,0.00,0.00,23.93,0.00,6.80,0.00,0.00,0.00,0.22
191,"4s_3s","HrdMw","Exten",205,1.33,0.00,7.54,6.85,2.48,2.09,0.24,0.00,0.00,20.88,0.00,6.10,0.00,0.00,0.00,0.20
191,"4s_3s","HrdMw","Exten",215,1.19,0.00,6.24,6.21,2.25,1.85,0.20,0.00,0.00,18.10,0.00,5.44,0.00,0.00,0.00,0.18
191,"4s_3s","HrdMw","Exten",225,1.06,0.00,5.12,5.60,2.03,1.63,0.17,0.00,0.00,15.60,0.00,4.81,0.00,0.00,0.00,0.16
191,"4s_3s","HrdMw","Exten",235,0.93,0.00,4.16,5.02,1.82,1.43,0.14,0.00,0.00,13.37,0.00,4.22,0.00,0.00,0.00,0.14
191,"4s_3s","HrdMw","Exten",245,0.81,0.00,3.36,4.47,1.62,1.24,0.12,0.00,0.00,11.39,0.00,3.68,0.00,0.00,0.00,0.12
191,"4s_3s","HrdMw","Exten",255,0.70,0.00,2.68,3.97,1.44,1.08,0.10,0.00,0.00,9.65,0.00,3.19,0.00,0.00,0.00,0.11
192,"Patnt","HrdMw","Exten",5,0.00,0.00,0.00,0.00,0.00,0.00,0.00,0.00,0.00,0.00,0.00,0.00,0.00,0.00,0.00,0.00
192,"Patnt","HrdMw","Exten",15,0.00,0.00,1.14,0.73,0.86,0.64,0.24,0.00,0.00,2.53,0.00,0.12,0.00,0.00,0.00,0.01
192,"Patnt","HrdMw","Exten",25,0.00,0.00,3.74,3.07,2.69,2.68,0.45,0.00,0.00,10.14,0.00,0.49,0.00,0.00,0.00,0.03
192,"Patnt","HrdMw","Exten",35,0.00,0.00,7.32,6.09,4.76,5.19,0.62,0.00,0.00,22.22,0.00,1.10,0.00,0.00,0.00,0.07
192,"Patnt","HrdMw","Exten",45,0.00,0.00,11.15,8.43,6.46,7.01,0.75,0.00,0.00,36.25,0.00,1.83,0.00,0.00,0.00,0.13
192,"Patnt","HrdMw","Exten",55,0.00,0.00,14.52,9.68,7.52,7.89,0.83,0.00,0.00,48.99,0.00,2.57,0.00,0.00,0.00,0.18
192,"Patnt","HrdMw","Exten",65,0.00,0.00,16.89,10.08,7.96,8.08,0.85,0.00,0.00,58.03,0.00,3.17,0.00,0.00,0.00,0.22
192,"Patnt","HrdMw","Exten",75,0.00,0.00,18.10,9.93,7.90,7.83,0.82,0.00,0.00,62.48,0.00,3.57,0.00,0.00,0.00,0.25
192,"Patnt","HrdMw","Exten",85,0.00,0.00,18.19,9.41,7.52,7.30,0.77,0.00,0.00,62.61,0.00,3.76,0.00,0.00,0.00,0.26
192,"Patnt","HrdMw","Exten",95,0.00,0.00,17.35,8.65,6.92,6.60,0.69,0.00,0.00,59.31,0.00,3.74,0.00,0.00,0.00,0.26
192,"Patnt","HrdMw","Exten",105,0.00,0.00,15.80,7.74,6.20,5.80,0.60,0.00,0.00,53.65,0.00,3.55,0.00,0.00,0.00,0.25
192,"Patnt","HrdMw","Exten",115,0.00,0.00,13.80,6.76,5.42,4.97,0.51,0.00,0.00,46.64,0.00,3.24,0.00,0.00,0.00,0.23
192,"Patnt","HrdMw","Exten",125,0.00,0.00,11.60,5.76,4.62,4.16,0.42,0.00,0.00,39.16,0.00,2.85,0.00,0.00,0.00,0.21
192,"Patnt","HrdMw","Exten",135,0.00,0.00,9.40,4.80,3.85,3.40,0.34,0.00,0.00,31.84,0.00,2.43,0.00,0.00,0.00,0.18
192,"Patnt","HrdMw","Exten",145,0.00,0.00,7.35,3.90,3.13,2.71,0.26,0.00,0.00,25.13,0.00,2.00,0.00,0.00,0.00,0.15
192,"Patnt","HrdMw","Exten",155,0.00,0.00,5.56,3.10,2.49,2.11,0.20,0.00,0.00,19.29,0.00,1.59,0.00,0.00,0.00,0.12
192,"Patnt","HrdMw","Exten",165,0.00,0.00,4.06,2.40,1.93,1.60,0.14,0.00,0.00,14.41,0.00,1.23,0.00,0.00,0.00,0.09
192,"Patnt","HrdMw","Exten",175,0.00,0.00,2.88,1.82,1.46,1.19,0.10,0.00,0.00,10.49,0.00,0.93,0.00,0.00,0.00,0.07
192,"Patnt","HrdMw","Exten",185,0.00,0.00,1.98,1.35,1.08,0.86,0.07,0.00,0.00,7.44,0.00,0.68,0.00,0.00,0.00,0.05
192,"Patnt","HrdMw","Exten",195,0.00,0.00,1.32,0.97,0.78,0.60,0.05,0.00,0.00,5.15,0.00,0.48,0.00,0.00,0.00,0.04
192,"Patnt","HrdMw","Exten",205,0.00,0.00,0.85,0.68,0.55,0.42,0.03,0.00,0.00,3.48,0.00,0.33,0.00,0.00,0.00,0.02
192,"Patnt","HrdMw","Exten",215,0.00,0.00,0.54,0.47,0.38,0.28,0.02,0.00,0.00,2.29,0.00,0.23,0.00,0.00,0.00,0.01
192,"Patnt","HrdMw","Exten",225,0.00,0.00,0.33,0.32,0.25,0.18,0.01,0.00,0.00,1.48,0.00,0.15,0.00,0.00,0.00,0.01
192,"Patnt","HrdMw","Exten",235,0.00,0.00,0.19,0.21,0.16,0.12,8.62393258615207e-03,0.00,0.00,0.93,0.00,0.09,0.00,0.00,0.00,8.48570700523433e-03
192,"Patnt","HrdMw","Exten",245,0.00,0.00,0.11,0.13,0.10,0.07,5.18467025306493e-03,0.00,0.00,0.57,0.00,0.06,0.00,0.00,0.00,5.37614505193304e-03
192,"Patnt","HrdMw","Exten",255,0.00,0.00,0.06,0.08,0.06,0.04,3.04125329957637e-03,0.00,0.00,0.34,0.00,0.03,0.00,0.00,0.00,3.32164952313145e-03
193,"4s_3s","HrdMw","Basc1",5,0.00,0.00,0.00,0.00,0.00,0.00,0.00,0.00,0.00,0.00,0.00,0.00,0.00,0.00,0.00,0.00
193,"4s_3s","HrdMw","Basc1",15,0.06,0.00,1.62,1.17,0.62,0.52,0.28,0.00,0.00,2.45,0.00,0.36,0.00,0.00,0.00,0.01
193,"4s_3s","HrdMw","Basc1",25,0.24,0.00,4.98,4.64,1.83,2.02,0.49,0.00,0.00,9.20,0.00,1.35,0.00,0.00,0.00,0.04
193,"4s_3s","HrdMw","Basc1",35,0.50,0.00,9.32,8.78,3.09,3.74,0.65,0.00,0.00,19.30,0.00,2.87,0.00,0.00,0.00,0.08
193,"4s_3s","HrdMw","Basc1",45,0.82,0.00,13.84,11.85,4.10,4.93,0.77,0.00,0.00,30.67,0.00,4.67,0.00,0.00,0.00,0.13
193,"4s_3s","HrdMw","Basc1",55,1.15,0.00,17.86,13.50,4.73,5.50,0.83,0.00,0.00,41.10,0.00,6.47,0.00,0.00,0.00,0.18
193,"4s_3s","HrdMw","Basc1",65,1.46,0.00,20.96,14.18,5.05,5.68,0.86,0.00,0.00,49.10,0.00,8.05,0.00,0.00,0.00,0.22
193,"4s_3s","HrdMw","Basc1",75,1.71,0.00,23.05,14.32,5.14,5.65,0.86,0.00,0.00,54.23,0.00,9.31,0.00,0.00,0.00,0.26
193,"4s_3s","HrdMw","Basc1",85,1.91,0.00,24.17,14.16,5.11,5.49,0.84,0.00,0.00,56.72,0.00,10.22,0.00,0.00,0.00,0.28
193,"4s_3s","HrdMw","Basc1",95,2.05,0.00,24.48,13.82,4.99,5.27,0.80,0.00,0.00,57.05,0.00,10.80,0.00,0.00,0.00,0.30
193,"4s_3s","HrdMw","Basc1",105,2.14,0.00,24.09,13.37,4.83,5.01,0.75,0.00,0.00,55.76,0.00,11.10,0.00,0.00,0.00,0.32
193,"4s_3s","HrdMw","Basc1",115,2.19,0.00,23.15,12.84,4.64,4.72,0.70,0.00,0.00,53.32,0.00,11.14,0.00,0.00,0.00,0.32
193,"4s_3s","HrdMw","Basc1",125,2.19,0.00,21.78,12.25,4.43,4.42,0.65,0.00,0.00,50.10,0.00,10.97,0.00,0.00,0.00,0.32
193,"4s_3s","HrdMw","Basc1",135,2.15,0.00,20.10,11.63,4.21,4.12,0.59,0.00,0.00,46.42,0.00,10.63,0.00,0.00,0.00,0.32
193,"4s_3s","HrdMw","Basc1",145,2.09,0.00,18.24,10.97,3.97,3.81,0.53,0.00,0.00,42.50,0.00,10.15,0.00,0.00,0.00,0.31
193,"4s_3s","HrdMw","Basc1",155,1.99,0.00,16.28,10.29,3.73,3.50,0.48,0.00,0.00,38.52,0.00,9.57,0.00,0.00,0.00,0.30
193,"4s_3s","HrdMw","Basc1",165,1.88,0.00,14.32,9.60,3.48,3.20,0.42,0.00,0.00,34.59,0.00,8.92,0.00,0.00,0.00,0.28
193,"4s_3s","HrdMw","Basc1",175,1.75,0.00,12.42,8.90,3.22,2.90,0.37,0.00,0.00,30.82,0.00,8.23,0.00,0.00,0.00,0.26
193,"4s_3s","HrdMw","Basc1",185,1.61,0.00,10.64,8.20,2.97,2.62,0.33,0.00,0.00,27.25,0.00,7.51,0.00,0.00,0.00,0.24
193,"4s_3s","HrdMw","Basc1",195,1.47,0.00,9.00,7.52,2.72,2.35,0.28,0.00,0.00,23.93,0.00,6.80,0.00,0.00,0.00,0.22
193,"4s_3s","HrdMw","Basc1",205,1.33,0.00,7.54,6.85,2.48,2.09,0.24,0.00,0.00,20.88,0.00,6.10,0.00,0.00,0.00,0.20
193,"4s_3s","HrdMw","Basc1",215,1.19,0.00,6.24,6.21,2.25,1.85,0.20,0.00,0.00,18.10,0.00,5.44,0.00,0.00,0.00,0.18
193,"4s_3s","HrdMw","Basc1",225,1.06,0.00,5.12,5.60,2.03,1.63,0.17,0.00,0.00,15.60,0.00,4.81,0.00,0.00,0.00,0.16
193,"4s_3s","HrdMw","Basc1",235,0.93,0.00,4.16,5.02,1.82,1.43,0.14,0.00,0.00,13.37,0.00,4.22,0.00,0.00,0.00,0.14
193,"4s_3s","HrdMw","Basc1",245,0.81,0.00,3.36,4.47,1.62,1.24,0.12,0.00,0.00,11.39,0.00,3.68,0.00,0.00,0.00,0.12
193,"4s_3s","HrdMw","Basc1",255,0.70,0.00,2.68,3.97,1.44,1.08,0.10,0.00,0.00,9.65,0.00,3.19,0.00,0.00,0.00,0.11
194,"Patnt","HrdMw","Basc1",5,0.00,0.00,0.00,0.00,0.00,0.00,0.00,0.00,0.00,0.00,0.00,0.00,0.00,0.00,0.00,0.00
194,"Patnt","HrdMw","Basc1",15,0.00,0.00,1.14,0.73,0.86,0.64,0.24,0.00,0.00,2.53,0.00,0.12,0.00,0.00,0.00,0.01
194,"Patnt","HrdMw","Basc1",25,0.00,0.00,3.74,3.07,2.69,2.68,0.45,0.00,0.00,10.14,0.00,0.49,0.00,0.00,0.00,0.03
194,"Patnt","HrdMw","Basc1",35,0.00,0.00,7.32,6.09,4.76,5.19,0.62,0.00,0.00,22.22,0.00,1.10,0.00,0.00,0.00,0.07
194,"Patnt","HrdMw","Basc1",45,0.00,0.00,11.15,8.43,6.46,7.01,0.75,0.00,0.00,36.25,0.00,1.83,0.00,0.00,0.00,0.13
194,"Patnt","HrdMw","Basc1",55,0.00,0.00,14.52,9.68,7.52,7.89,0.83,0.00,0.00,48.99,0.00,2.57,0.00,0.00,0.00,0.18
194,"Patnt","HrdMw","Basc1",65,0.00,0.00,16.89,10.08,7.96,8.08,0.85,0.00,0.00,58.03,0.00,3.17,0.00,0.00,0.00,0.22
194,"Patnt","HrdMw","Basc1",75,0.00,0.00,18.10,9.93,7.90,7.83,0.82,0.00,0.00,62.48,0.00,3.57,0.00,0.00,0.00,0.25
194,"Patnt","HrdMw","Basc1",85,0.00,0.00,18.19,9.41,7.52,7.30,0.77,0.00,0.00,62.61,0.00,3.76,0.00,0.00,0.00,0.26
194,"Patnt","HrdMw","Basc1",95,0.00,0.00,17.35,8.65,6.92,6.60,0.69,0.00,0.00,59.31,0.00,3.74,0.00,0.00,0.00,0.26
194,"Patnt","HrdMw","Basc1",105,0.00,0.00,15.80,7.74,6.20,5.80,0.60,0.00,0.00,53.65,0.00,3.55,0.00,0.00,0.00,0.25
194,"Patnt","HrdMw","Basc1",115,0.00,0.00,13.80,6.76,5.42,4.97,0.51,0.00,0.00,46.64,0.00,3.24,0.00,0.00,0.00,0.23
194,"Patnt","HrdMw","Basc1",125,0.00,0.00,11.60,5.76,4.62,4.16,0.42,0.00,0.00,39.16,0.00,2.85,0.00,0.00,0.00,0.21
194,"Patnt","HrdMw","Basc1",135,0.00,0.00,9.40,4.80,3.85,3.40,0.34,0.00,0.00,31.84,0.00,2.43,0.00,0.00,0.00,0.18
194,"Patnt","HrdMw","Basc1",145,0.00,0.00,7.35,3.90,3.13,2.71,0.26,0.00,0.00,25.13,0.00,2.00,0.00,0.00,0.00,0.15
194,"Patnt","HrdMw","Basc1",155,0.00,0.00,5.56,3.10,2.49,2.11,0.20,0.00,0.00,19.29,0.00,1.59,0.00,0.00,0.00,0.12
194,"Patnt","HrdMw","Basc1",165,0.00,0.00,4.06,2.40,1.93,1.60,0.14,0.00,0.00,14.41,0.00,1.23,0.00,0.00,0.00,0.09
194,"Patnt","HrdMw","Basc1",175,0.00,0.00,2.88,1.82,1.46,1.19,0.10,0.00,0.00,10.49,0.00,0.93,0.00,0.00,0.00,0.07
194,"Patnt","HrdMw","Basc1",185,0.00,0.00,1.98,1.35,1.08,0.86,0.07,0.00,0.00,7.44,0.00,0.68,0.00,0.00,0.00,0.05
194,"Patnt","HrdMw","Basc1",195,0.00,0.00,1.32,0.97,0.78,0.60,0.05,0.00,0.00,5.15,0.00,0.48,0.00,0.00,0.00,0.04
194,"Patnt","HrdMw","Basc1",205,0.00,0.00,0.85,0.68,0.55,0.42,0.03,0.00,0.00,3.48,0.00,0.33,0.00,0.00,0.00,0.02
194,"Patnt","HrdMw","Basc1",215,0.00,0.00,0.54,0.47,0.38,0.28,0.02,0.00,0.00,2.29,0.00,0.23,0.00,0.00,0.00,0.01
194,"Patnt","HrdMw","Basc1",225,0.00,0.00,0.33,0.32,0.25,0.18,0.01,0.00,0.00,1.48,0.00,0.15,0.00,0.00,0.00,0.01
194,"Patnt","HrdMw","Basc1",235,0.00,0.00,0.19,0.21,0.16,0.12,8.62393258615207e-03,0.00,0.00,0.93,0.00,0.09,0.00,0.00,0.00,8.48570700523433e-03
194,"Patnt","HrdMw","Basc1",245,0.00,0.00,0.11,0.13,0.10,0.07,5.18467025306493e-03,0.00,0.00,0.57,0.00,0.06,0.00,0.00,0.00,5.37614505193304e-03
194,"Patnt","HrdMw","Basc1",255,0.00,0.00,0.06,0.08,0.06,0.04,3.04125329957637e-03,0.00,0.00,0.34,0.00,0.03,0.00,0.00,0.00,3.32164952313145e-03
195,"4s_3s","HrdMw","Basc2",5,0.00,0.00,0.00,0.00,0.00,0.00,0.00,0.00,0.00,0.00,0.00,0.00,0.00,0.00,0.00,0.00
195,"4s_3s","HrdMw","Basc2",15,0.06,0.00,1.62,1.17,0.62,0.52,0.28,0.00,0.00,2.45,0.00,0.36,0.00,0.00,0.00,0.01
195,"4s_3s","HrdMw","Basc2",25,0.24,0.00,4.98,4.64,1.83,2.02,0.49,0.00,0.00,9.20,0.00,1.35,0.00,0.00,0.00,0.04
195,"4s_3s","HrdMw","Basc2",35,0.50,0.00,9.32,8.78,3.09,3.74,0.65,0.00,0.00,19.30,0.00,2.87,0.00,0.00,0.00,0.08
195,"4s_3s","HrdMw","Basc2",45,0.82,0.00,13.84,11.85,4.10,4.93,0.77,0.00,0.00,30.67,0.00,4.67,0.00,0.00,0.00,0.13
195,"4s_3s","HrdMw","Basc2",55,1.15,0.00,17.86,13.50,4.73,5.50,0.83,0.00,0.00,41.10,0.00,6.47,0.00,0.00,0.00,0.18
195,"4s_3s","HrdMw","Basc2",65,1.46,0.00,20.96,14.18,5.05,5.68,0.86,0.00,0.00,49.10,0.00,8.05,0.00,0.00,0.00,0.22
195,"4s_3s","HrdMw","Basc2",75,1.71,0.00,23.05,14.32,5.14,5.65,0.86,0.00,0.00,54.23,0.00,9.31,0.00,0.00,0.00,0.26
195,"4s_3s","HrdMw","Basc2",85,1.91,0.00,24.17,14.16,5.11,5.49,0.84,0.00,0.00,56.72,0.00,10.22,0.00,0.00,0.00,0.28
195,"4s_3s","HrdMw","Basc2",95,2.05,0.00,24.48,13.82,4.99,5.27,0.80,0.00,0.00,57.05,0.00,10.80,0.00,0.00,0.00,0.30
195,"4s_3s","HrdMw","Basc2",105,2.14,0.00,24.09,13.37,4.83,5.01,0.75,0.00,0.00,55.76,0.00,11.10,0.00,0.00,0.00,0.32
195,"4s_3s","HrdMw","Basc2",115,2.19,0.00,23.15,12.84,4.64,4.72,0.70,0.00,0.00,53.32,0.00,11.14,0.00,0.00,0.00,0.32
195,"4s_3s","HrdMw","Basc2",125,2.19,0.00,21.78,12.25,4.43,4.42,0.65,0.00,0.00,50.10,0.00,10.97,0.00,0.00,0.00,0.32
195,"4s_3s","HrdMw","Basc2",135,2.15,0.00,20.10,11.63,4.21,4.12,0.59,0.00,0.00,46.42,0.00,10.63,0.00,0.00,0.00,0.32
195,"4s_3s","HrdMw","Basc2",145,2.09,0.00,18.24,10.97,3.97,3.81,0.53,0.00,0.00,42.50,0.00,10.15,0.00,0.00,0.00,0.31
195,"4s_3s","HrdMw","Basc2",155,1.99,0.00,16.28,10.29,3.73,3.50,0.48,0.00,0.00,38.52,0.00,9.57,0.00,0.00,0.00,0.30
195,"4s_3s","HrdMw","Basc2",165,1.88,0.00,14.32,9.60,3.48,3.20,0.42,0.00,0.00,34.59,0.00,8.92,0.00,0.00,0.00,0.28
195,"4s_3s","HrdMw","Basc2",175,1.75,0.00,12.42,8.90,3.22,2.90,0.37,0.00,0.00,30.82,0.00,8.23,0.00,0.00,0.00,0.26
195,"4s_3s","HrdMw","Basc2",185,1.61,0.00,10.64,8.20,2.97,2.62,0.33,0.00,0.00,27.25,0.00,7.51,0.00,0.00,0.00,0.24
195,"4s_3s","HrdMw","Basc2",195,1.47,0.00,9.00,7.52,2.72,2.35,0.28,0.00,0.00,23.93,0.00,6.80,0.00,0.00,0.00,0.22
195,"4s_3s","HrdMw","Basc2",205,1.33,0.00,7.54,6.85,2.48,2.09,0.24,0.00,0.00,20.88,0.00,6.10,0.00,0.00,0.00,0.20
195,"4s_3s","HrdMw","Basc2",215,1.19,0.00,6.24,6.21,2.25,1.85,0.20,0.00,0.00,18.10,0.00,5.44,0.00,0.00,0.00,0.18
195,"4s_3s","HrdMw","Basc2",225,1.06,0.00,5.12,5.60,2.03,1.63,0.17,0.00,0.00,15.60,0.00,4.81,0.00,0.00,0.00,0.16
195,"4s_3s","HrdMw","Basc2",235,0.93,0.00,4.16,5.02,1.82,1.43,0.14,0.00,0.00,13.37,0.00,4.22,0.00,0.00,0.00,0.14
195,"4s_3s","HrdMw","Basc2",245,0.81,0.00,3.36,4.47,1.62,1.24,0.12,0.00,0.00,11.39,0.00,3.68,0.00,0.00,0.00,0.12
195,"4s_3s","HrdMw","Basc2",255,0.70,0.00,2.68,3.97,1.44,1.08,0.10,0.00,0.00,9.65,0.00,3.19,0.00,0.00,0.00,0.11
196,"Patnt","HrdMw","Basc2",5,0.00,0.00,0.00,0.00,0.00,0.00,0.00,0.00,0.00,0.00,0.00,0.00,0.00,0.00,0.00,0.00
196,"Patnt","HrdMw","Basc2",15,0.00,0.00,1.14,0.73,0.86,0.64,0.24,0.00,0.00,2.53,0.00,0.12,0.00,0.00,0.00,0.01
196,"Patnt","HrdMw","Basc2",25,0.00,0.00,3.74,3.07,2.69,2.68,0.45,0.00,0.00,10.14,0.00,0.49,0.00,0.00,0.00,0.03
196,"Patnt","HrdMw","Basc2",35,0.00,0.00,7.32,6.09,4.76,5.19,0.62,0.00,0.00,22.22,0.00,1.10,0.00,0.00,0.00,0.07
196,"Patnt","HrdMw","Basc2",45,0.00,0.00,11.15,8.43,6.46,7.01,0.75,0.00,0.00,36.25,0.00,1.83,0.00,0.00,0.00,0.13
196,"Patnt","HrdMw","Basc2",55,0.00,0.00,14.52,9.68,7.52,7.89,0.83,0.00,0.00,48.99,0.00,2.57,0.00,0.00,0.00,0.18
196,"Patnt","HrdMw","Basc2",65,0.00,0.00,16.89,10.08,7.96,8.08,0.85,0.00,0.00,58.03,0.00,3.17,0.00,0.00,0.00,0.22
196,"Patnt","HrdMw","Basc2",75,0.00,0.00,18.10,9.93,7.90,7.83,0.82,0.00,0.00,62.48,0.00,3.57,0.00,0.00,0.00,0.25
196,"Patnt","HrdMw","Basc2",85,0.00,0.00,18.19,9.41,7.52,7.30,0.77,0.00,0.00,62.61,0.00,3.76,0.00,0.00,0.00,0.26
196,"Patnt","HrdMw","Basc2",95,0.00,0.00,17.35,8.65,6.92,6.60,0.69,0.00,0.00,59.31,0.00,3.74,0.00,0.00,0.00,0.26
196,"Patnt","HrdMw","Basc2",105,0.00,0.00,15.80,7.74,6.20,5.80,0.60,0.00,0.00,53.65,0.00,3.55,0.00,0.00,0.00,0.25
196,"Patnt","HrdMw","Basc2",115,0.00,0.00,13.80,6.76,5.42,4.97,0.51,0.00,0.00,46.64,0.00,3.24,0.00,0.00,0.00,0.23
196,"Patnt","HrdMw","Basc2",125,0.00,0.00,11.60,5.76,4.62,4.16,0.42,0.00,0.00,39.16,0.00,2.85,0.00,0.00,0.00,0.21
196,"Patnt","HrdMw","Basc2",135,0.00,0.00,9.40,4.80,3.85,3.40,0.34,0.00,0.00,31.84,0.00,2.43,0.00,0.00,0.00,0.18
196,"Patnt","HrdMw","Basc2",145,0.00,0.00,7.35,3.90,3.13,2.71,0.26,0.00,0.00,25.13,0.00,2.00,0.00,0.00,0.00,0.15
196,"Patnt","HrdMw","Basc2",155,0.00,0.00,5.56,3.10,2.49,2.11,0.20,0.00,0.00,19.29,0.00,1.59,0.00,0.00,0.00,0.12
196,"Patnt","HrdMw","Basc2",165,0.00,0.00,4.06,2.40,1.93,1.60,0.14,0.00,0.00,14.41,0.00,1.23,0.00,0.00,0.00,0.09
196,"Patnt","HrdMw","Basc2",175,0.00,0.00,2.88,1.82,1.46,1.19,0.10,0.00,0.00,10.49,0.00,0.93,0.00,0.00,0.00,0.07
196,"Patnt","HrdMw","Basc2",185,0.00,0.00,1.98,1.35,1.08,0.86,0.07,0.00,0.00,7.44,0.00,0.68,0.00,0.00,0.00,0.05
196,"Patnt","HrdMw","Basc2",195,0.00,0.00,1.32,0.97,0.78,0.60,0.05,0.00,0.00,5.15,0.00,0.48,0.00,0.00,0.00,0.04
196,"Patnt","HrdMw","Basc2",205,0.00,0.00,0.85,0.68,0.55,0.42,0.03,0.00,0.00,3.48,0.00,0.33,0.00,0.00,0.00,0.02
196,"Patnt","HrdMw","Basc2",215,0.00,0.00,0.54,0.47,0.38,0.28,0.02,0.00,0.00,2.29,0.00,0.23,0.00,0.00,0.00,0.01
196,"Patnt","HrdMw","Basc2",225,0.00,0.00,0.33,0.32,0.25,0.18,0.01,0.00,0.00,1.48,0.00,0.15,0.00,0.00,0.00,0.01
196,"Patnt","HrdMw","Basc2",235,0.00,0.00,0.19,0.21,0.16,0.12,8.62393258615207e-03,0.00,0.00,0.93,0.00,0.09,0.00,0.00,0.00,8.48570700523433e-03
196,"Patnt","HrdMw","Basc2",245,0.00,0.00,0.11,0.13,0.10,0.07,5.18467025306493e-03,0.00,0.00,0.57,0.00,0.06,0.00,0.00,0.00,5.37614505193304e-03
196,"Patnt","HrdMw","Basc2",255,0.00,0.00,0.06,0.08,0.06,0.04,3.04125329957637e-03,0.00,0.00,0.34,0.00,0.03,0.00,0.00,0.00,3.32164952313145e-03
197,"4s_3s","HrdMw","Intn1",5,0.00,0.00,0.00,0.00,0.00,0.00,0.00,0.00,0.00,0.00,0.00,0.00,0.00,0.00,0.00,0.00
197,"4s_3s","HrdMw","Intn1",15,0.06,0.00,1.62,1.17,0.62,0.52,0.28,0.00,0.00,2.45,0.00,0.36,0.00,0.00,0.00,0.01
197,"4s_3s","HrdMw","Intn1",25,0.24,0.00,4.98,4.64,1.83,2.02,0.49,0.00,0.00,9.20,0.00,1.35,0.00,0.00,0.00,0.04
197,"4s_3s","HrdMw","Intn1",35,0.50,0.00,9.32,8.78,3.09,3.74,0.65,0.00,0.00,19.30,0.00,2.87,0.00,0.00,0.00,0.08
197,"4s_3s","HrdMw","Intn1",45,0.82,0.00,13.84,11.85,4.10,4.93,0.77,0.00,0.00,30.67,0.00,4.67,0.00,0.00,0.00,0.13
197,"4s_3s","HrdMw","Intn1",55,1.15,0.00,17.86,13.50,4.73,5.50,0.83,0.00,0.00,41.10,0.00,6.47,0.00,0.00,0.00,0.18
197,"4s_3s","HrdMw","Intn1",65,1.46,0.00,20.96,14.18,5.05,5.68,0.86,0.00,0.00,49.10,0.00,8.05,0.00,0.00,0.00,0.22
197,"4s_3s","HrdMw","Intn1",75,1.71,0.00,23.05,14.32,5.14,5.65,0.86,0.00,0.00,54.23,0.00,9.31,0.00,0.00,0.00,0.26
197,"4s_3s","HrdMw","Intn1",85,1.91,0.00,24.17,14.16,5.11,5.49,0.84,0.00,0.00,56.72,0.00,10.22,0.00,0.00,0.00,0.28
197,"4s_3s","HrdMw","Intn1",95,2.05,0.00,24.48,13.82,4.99,5.27,0.80,0.00,0.00,57.05,0.00,10.80,0.00,0.00,0.00,0.30
197,"4s_3s","HrdMw","Intn1",105,2.14,0.00,24.09,13.37,4.83,5.01,0.75,0.00,0.00,55.76,0.00,11.10,0.00,0.00,0.00,0.32
197,"4s_3s","HrdMw","Intn1",115,2.19,0.00,23.15,12.84,4.64,4.72,0.70,0.00,0.00,53.32,0.00,11.14,0.00,0.00,0.00,0.32
197,"4s_3s","HrdMw","Intn1",125,2.19,0.00,21.78,12.25,4.43,4.42,0.65,0.00,0.00,50.10,0.00,10.97,0.00,0.00,0.00,0.32
197,"4s_3s","HrdMw","Intn1",135,2.15,0.00,20.10,11.63,4.21,4.12,0.59,0.00,0.00,46.42,0.00,10.63,0.00,0.00,0.00,0.32
197,"4s_3s","HrdMw","Intn1",145,2.09,0.00,18.24,10.97,3.97,3.81,0.53,0.00,0.00,42.50,0.00,10.15,0.00,0.00,0.00,0.31
197,"4s_3s","HrdMw","Intn1",155,1.99,0.00,16.28,10.29,3.73,3.50,0.48,0.00,0.00,38.52,0.00,9.57,0.00,0.00,0.00,0.30
197,"4s_3s","HrdMw","Intn1",165,1.88,0.00,14.32,9.60,3.48,3.20,0.42,0.00,0.00,34.59,0.00,8.92,0.00,0.00,0.00,0.28
197,"4s_3s","HrdMw","Intn1",175,1.75,0.00,12.42,8.90,3.22,2.90,0.37,0.00,0.00,30.82,0.00,8.23,0.00,0.00,0.00,0.26
197,"4s_3s","HrdMw","Intn1",185,1.61,0.00,10.64,8.20,2.97,2.62,0.33,0.00,0.00,27.25,0.00,7.51,0.00,0.00,0.00,0.24
197,"4s_3s","HrdMw","Intn1",195,1.47,0.00,9.00,7.52,2.72,2.35,0.28,0.00,0.00,23.93,0.00,6.80,0.00,0.00,0.00,0.22
197,"4s_3s","HrdMw","Intn1",205,1.33,0.00,7.54,6.85,2.48,2.09,0.24,0.00,0.00,20.88,0.00,6.10,0.00,0.00,0.00,0.20
197,"4s_3s","HrdMw","Intn1",215,1.19,0.00,6.24,6.21,2.25,1.85,0.20,0.00,0.00,18.10,0.00,5.44,0.00,0.00,0.00,0.18
197,"4s_3s","HrdMw","Intn1",225,1.06,0.00,5.12,5.60,2.03,1.63,0.17,0.00,0.00,15.60,0.00,4.81,0.00,0.00,0.00,0.16
197,"4s_3s","HrdMw","Intn1",235,0.93,0.00,4.16,5.02,1.82,1.43,0.14,0.00,0.00,13.37,0.00,4.22,0.00,0.00,0.00,0.14
197,"4s_3s","HrdMw","Intn1",245,0.81,0.00,3.36,4.47,1.62,1.24,0.12,0.00,0.00,11.39,0.00,3.68,0.00,0.00,0.00,0.12
197,"4s_3s","HrdMw","Intn1",255,0.70,0.00,2.68,3.97,1.44,1.08,0.10,0.00,0.00,9.65,0.00,3.19,0.00,0.00,0.00,0.11
198,"Patnt","HrdMw","Intn1",5,0.00,0.00,0.00,0.00,0.00,0.00,0.00,0.00,0.00,0.00,0.00,0.00,0.00,0.00,0.00,0.00
198,"Patnt","HrdMw","Intn1",15,0.00,0.00,1.14,0.73,0.86,0.64,0.24,0.00,0.00,2.53,0.00,0.12,0.00,0.00,0.00,0.01
198,"Patnt","HrdMw","Intn1",25,0.00,0.00,3.74,3.07,2.69,2.68,0.45,0.00,0.00,10.14,0.00,0.49,0.00,0.00,0.00,0.03
198,"Patnt","HrdMw","Intn1",35,0.00,0.00,7.32,6.09,4.76,5.19,0.62,0.00,0.00,22.22,0.00,1.10,0.00,0.00,0.00,0.07
198,"Patnt","HrdMw","Intn1",45,0.00,0.00,11.15,8.43,6.46,7.01,0.75,0.00,0.00,36.25,0.00,1.83,0.00,0.00,0.00,0.13
198,"Patnt","HrdMw","Intn1",55,0.00,0.00,14.52,9.68,7.52,7.89,0.83,0.00,0.00,48.99,0.00,2.57,0.00,0.00,0.00,0.18
198,"Patnt","HrdMw","Intn1",65,0.00,0.00,16.89,10.08,7.96,8.08,0.85,0.00,0.00,58.03,0.00,3.17,0.00,0.00,0.00,0.22
198,"Patnt","HrdMw","Intn1",75,0.00,0.00,18.10,9.93,7.90,7.83,0.82,0.00,0.00,62.48,0.00,3.57,0.00,0.00,0.00,0.25
198,"Patnt","HrdMw","Intn1",85,0.00,0.00,18.19,9.41,7.52,7.30,0.77,0.00,0.00,62.61,0.00,3.76,0.00,0.00,0.00,0.26
198,"Patnt","HrdMw","Intn1",95,0.00,0.00,17.35,8.65,6.92,6.60,0.69,0.00,0.00,59.31,0.00,3.74,0.00,0.00,0.00,0.26
198,"Patnt","HrdMw","Intn1",105,0.00,0.00,15.80,7.74,6.20,5.80,0.60,0.00,0.00,53.65,0.00,3.55,0.00,0.00,0.00,0.25
198,"Patnt","HrdMw","Intn1",115,0.00,0.00,13.80,6.76,5.42,4.97,0.51,0.00,0.00,46.64,0.00,3.24,0.00,0.00,0.00,0.23
198,"Patnt","HrdMw","Intn1",125,0.00,0.00,11.60,5.76,4.62,4.16,0.42,0.00,0.00,39.16,0.00,2.85,0.00,0.00,0.00,0.21
198,"Patnt","HrdMw","Intn1",135,0.00,0.00,9.40,4.80,3.85,3.40,0.34,0.00,0.00,31.84,0.00,2.43,0.00,0.00,0.00,0.18
198,"Patnt","HrdMw","Intn1",145,0.00,0.00,7.35,3.90,3.13,2.71,0.26,0.00,0.00,25.13,0.00,2.00,0.00,0.00,0.00,0.15
198,"Patnt","HrdMw","Intn1",155,0.00,0.00,5.56,3.10,2.49,2.11,0.20,0.00,0.00,19.29,0.00,1.59,0.00,0.00,0.00,0.12
198,"Patnt","HrdMw","Intn1",165,0.00,0.00,4.06,2.40,1.93,1.60,0.14,0.00,0.00,14.41,0.00,1.23,0.00,0.00,0.00,0.09
198,"Patnt","HrdMw","Intn1",175,0.00,0.00,2.88,1.82,1.46,1.19,0.10,0.00,0.00,10.49,0.00,0.93,0.00,0.00,0.00,0.07
198,"Patnt","HrdMw","Intn1",185,0.00,0.00,1.98,1.35,1.08,0.86,0.07,0.00,0.00,7.44,0.00,0.68,0.00,0.00,0.00,0.05
198,"Patnt","HrdMw","Intn1",195,0.00,0.00,1.32,0.97,0.78,0.60,0.05,0.00,0.00,5.15,0.00,0.48,0.00,0.00,0.00,0.04
198,"Patnt","HrdMw","Intn1",205,0.00,0.00,0.85,0.68,0.55,0.42,0.03,0.00,0.00,3.48,0.00,0.33,0.00,0.00,0.00,0.02
198,"Patnt","HrdMw","Intn1",215,0.00,0.00,0.54,0.47,0.38,0.28,0.02,0.00,0.00,2.29,0.00,0.23,0.00,0.00,0.00,0.01
198,"Patnt","HrdMw","Intn1",225,0.00,0.00,0.33,0.32,0.25,0.18,0.01,0.00,0.00,1.48,0.00,0.15,0.00,0.00,0.00,0.01
198,"Patnt","HrdMw","Intn1",235,0.00,0.00,0.19,0.21,0.16,0.12,8.62393258615207e-03,0.00,0.00,0.93,0.00,0.09,0.00,0.00,0.00,8.48570700523433e-03
198,"Patnt","HrdMw","Intn1",245,0.00,0.00,0.11,0.13,0.10,0.07,5.18467025306493e-03,0.00,0.00,0.57,0.00,0.06,0.00,0.00,0.00,5.37614505193304e-03
198,"Patnt","HrdMw","Intn1",255,0.00,0.00,0.06,0.08,0.06,0.04,3.04125329957637e-03,0.00,0.00,0.34,0.00,0.03,0.00,0.00,0.00,3.32164952313145e-03
199,"4s_3s","ConMx","Prsnt",5,0.00,0.00,0.00,0.00,0.00,0.00,0.00,0.00,0.00,0.00,0.00,0.00,0.00,0.00,0.00,0.00
199,"4s_3s","ConMx","Prsnt",15,0.03,0.00,1.83,1.57,0.24,0.31,0.45,0.00,0.00,0.72,0.00,0.18,0.00,0.00,0.00,0.00
199,"4s_3s","ConMx","Prsnt",25,0.09,0.00,4.33,4.79,0.55,0.93,0.61,0.00,0.00,2.10,0.00,0.52,0.00,0.00,0.00,0.00
199,"4s_3s","ConMx","Prsnt",35,0.18,0.00,7.46,8.35,0.86,1.58,0.74,0.00,0.00,4.05,0.00,1.02,0.00,0.00,0.00,0.00
199,"4s_3s","ConMx","Prsnt",45,0.29,0.00,11.03,11.22,1.14,2.08,0.87,0.00,0.00,6.41,0.00,1.65,0.00,0.00,0.00,0.00
199,"4s_3s","ConMx","Prsnt",55,0.42,0.00,14.69,13.19,1.36,2.39,0.98,0.00,0.00,8.86,0.00,2.37,0.00,0.00,0.00,0.00
199,"4s_3s","ConMx","Prsnt",65,0.56,0.00,18.06,14.51,1.51,2.59,1.06,0.00,0.00,11.09,0.00,3.09,0.00,0.00,0.00,0.00
199,"4s_3s","ConMx","Prsnt",75,0.69,0.00,20.91,15.43,1.63,2.71,1.11,0.00,0.00,12.90,0.00,3.76,0.00,0.00,0.00,0.00
199,"4s_3s","ConMx","Prsnt",85,0.81,0.00,23.13,16.09,1.70,2.78,1.14,0.00,0.00,14.23,0.00,4.35,0.00,0.00,0.00,0.00
199,"4s_3s","ConMx","Prsnt",95,0.92,0.00,24.69,16.56,1.76,2.81,1.15,0.00,0.00,15.09,0.00,4.85,0.00,0.00,0.00,0.00
199,"4s_3s","ConMx","Prsnt",105,1.01,0.00,25.61,16.87,1.79,2.82,1.15,0.00,0.00,15.54,0.00,5.25,0.00,0.00,0.00,0.00
199,"4s_3s","ConMx","Prsnt",115,1.09,0.00,25.92,17.07,1.81,2.80,1.13,0.00,0.00,15.65,0.00,5.56,0.00,0.00,0.00,0.00
199,"4s_3s","ConMx","Prsnt",125,1.15,0.00,25.68,17.16,1.82,2.76,1.09,0.00,0.00,15.49,0.00,5.76,0.00,0.00,0.00,0.00
199,"4s_3s","ConMx","Prsnt",135,1.19,0.00,24.99,17.17,1.82,2.71,1.05,0.00,0.00,15.13,0.00,5.89,0.00,0.00,0.00,0.00
199,"4s_3s","ConMx","Prsnt",145,1.22,0.00,23.92,17.09,1.82,2.64,1.01,0.00,0.00,14.61,0.00,5.93,0.00,0.00,0.00,0.00
199,"4s_3s","ConMx","Prsnt",155,1.23,0.00,22.57,16.95,1.80,2.57,0.95,0.00,0.00,14.00,0.00,5.91,0.00,0.00,0.00,0.00
199,"4s_3s","ConMx","Prsnt",165,1.23,0.00,21.03,16.74,1.78,2.48,0.90,0.00,0.00,13.31,0.00,5.84,0.00,0.00,0.00,0.00
199,"4s_3s","ConMx","Prsnt",175,1.21,0.00,19.36,16.48,1.75,2.39,0.84,0.00,0.00,12.59,0.00,5.71,0.00,0.00,0.00,0.00
199,"4s_3s","ConMx","Prsnt",185,1.19,0.00,17.65,16.17,1.72,2.30,0.78,0.00,0.00,11.85,0.00,5.55,0.00,0.00,0.00,0.00
199,"4s_3s","ConMx","Prsnt",195,1.16,0.00,15.94,15.81,1.68,2.20,0.72,0.00,0.00,11.11,0.00,5.36,0.00,0.00,0.00,0.00
199,"4s_3s","ConMx","Prsnt",205,1.12,0.00,14.29,15.43,1.64,2.10,0.66,0.00,0.00,10.37,0.00,5.15,0.00,0.00,0.00,0.00
199,"4s_3s","ConMx","Prsnt",215,1.08,0.00,12.71,15.01,1.60,1.99,0.60,0.00,0.00,9.65,0.00,4.93,0.00,0.00,0.00,0.00
199,"4s_3s","ConMx","Prsnt",225,1.03,0.00,11.23,14.57,1.55,1.89,0.55,0.00,0.00,8.96,0.00,4.69,0.00,0.00,0.00,0.00
199,"4s_3s","ConMx","Prsnt",235,0.98,0.00,9.87,14.11,1.50,1.79,0.50,0.00,0.00,8.30,0.00,4.46,0.00,0.00,0.00,0.00
199,"4s_3s","ConMx","Prsnt",245,0.93,0.00,8.62,13.64,1.45,1.69,0.45,0.00,0.00,7.66,0.00,4.21,0.00,0.00,0.00,0.00
199,"4s_3s","ConMx","Prsnt",255,0.88,0.00,7.50,13.15,1.40,1.59,0.40,0.00,0.00,7.06,0.00,3.98,0.00,0.00,0.00,0.00
200,"Patnt","ConMx","Prsnt",5,0.00,0.00,0.00,0.00,0.00,0.00,0.00,0.00,0.00,0.00,0.00,0.00,0.00,0.00,0.00,0.00
200,"Patnt","ConMx","Prsnt",15,0.00,0.00,5.97,3.64,1.32,1.57,0.57,0.00,0.00,3.81,0.00,0.26,0.00,0.00,0.00,0.00
200,"Patnt","ConMx","Prsnt",25,0.00,0.00,13.47,10.56,2.83,4.50,0.73,0.00,0.00,10.50,0.00,0.70,0.00,0.00,0.00,0.00
200,"Patnt","ConMx","Prsnt",35,0.00,0.00,21.44,17.02,4.06,7.08,0.83,0.00,0.00,18.74,0.00,1.26,0.00,0.00,0.00,0.00
200,"Patnt","ConMx","Prsnt",45,0.00,0.00,29.29,21.12,4.95,8.57,0.89,0.00,0.00,27.39,0.00,1.89,0.00,0.00,0.00,0.00
200,"Patnt","ConMx","Prsnt",55,0.00,0.00,36.22,23.05,5.48,9.16,0.93,0.00,0.00,35.18,0.00,2.51,0.00,0.00,0.00,0.00
200,"Patnt","ConMx","Prsnt",65,0.00,0.00,41.62,23.71,5.72,9.27,0.95,0.00,0.00,41.16,0.00,3.06,0.00,0.00,0.00,0.00
200,"Patnt","ConMx","Prsnt",75,0.00,0.00,45.28,23.69,5.77,9.12,0.93,0.00,0.00,44.99,0.00,3.50,0.00,0.00,0.00,0.00
200,"Patnt","ConMx","Prsnt",85,0.00,0.00,47.26,23.31,5.70,8.83,0.90,0.00,0.00,46.82,0.00,3.82,0.00,0.00,0.00,0.00
200,"Patnt","ConMx","Prsnt",95,0.00,0.00,47.72,22.69,5.56,8.44,0.86,0.00,0.00,46.96,0.00,4.03,0.00,0.00,0.00,0.00
200,"Patnt","ConMx","Prsnt",105,0.00,0.00,46.85,21.89,5.36,8.01,0.81,0.00,0.00,45.79,0.00,4.13,0.00,0.00,0.00,0.00
200,"Patnt","ConMx","Prsnt",115,0.00,0.00,44.91,20.97,5.14,7.53,0.75,0.00,0.00,43.68,0.00,4.13,0.00,0.00,0.00,0.00
200,"Patnt","ConMx","Prsnt",125,0.00,0.00,42.13,19.96,4.89,7.03,0.69,0.00,0.00,40.92,0.00,4.06,0.00,0.00,0.00,0.00
200,"Patnt","ConMx","Prsnt",135,0.00,0.00,38.75,18.87,4.63,6.52,0.63,0.00,0.00,37.78,0.00,3.92,0.00,0.00,0.00,0.00
200,"Patnt","ConMx","Prsnt",145,0.00,0.00,35.01,17.74,4.35,6.01,0.57,0.00,0.00,34.45,0.00,3.73,0.00,0.00,0.00,0.00
200,"Patnt","ConMx","Prsnt",155,0.00,0.00,31.12,16.56,4.06,5.50,0.51,0.00,0.00,31.08,0.00,3.50,0.00,0.00,0.00,0.00
200,"Patnt","ConMx","Prsnt",165,0.00,0.00,27.24,15.37,3.77,5.00,0.45,0.00,0.00,27.78,0.00,3.24,0.00,0.00,0.00,0.00
200,"Patnt","ConMx","Prsnt",175,0.00,0.00,23.51,14.18,3.48,4.51,0.39,0.00,0.00,24.62,0.00,2.98,0.00,0.00,0.00,0.00
200,"Patnt","ConMx","Prsnt",185,0.00,0.00,20.03,13.00,3.19,4.05,0.34,0.00,0.00,21.65,0.00,2.70,0.00,0.00,0.00,0.00
200,"Patnt","ConMx","Prsnt",195,0.00,0.00,16.85,11.85,2.91,3.61,0.29,0.00,0.00,18.91,0.00,2.43,0.00,0.00,0.00,0.00
200,"Patnt","ConMx","Prsnt",205,0.00,0.00,14.03,10.74,2.64,3.20,0.25,0.00,0.00,16.40,0.00,2.17,0.00,0.00,0.00,0.00
200,"Patnt","ConMx","Prsnt",215,0.00,0.00,11.55,9.67,2.37,2.81,0.21,0.00,0.00,14.13,0.00,1.92,0.00,0.00,0.00,0.00
200,"Patnt","ConMx","Prsnt",225,0.00,0.00,9.42,8.66,2.13,2.46,0.17,0.00,0.00,12.11,0.00,1.69,0.00,0.00,0.00,0.00
200,"Patnt","ConMx","Prsnt",235,0.00,0.00,7.61,7.71,1.89,2.14,0.14,0.00,0.00,10.31,0.00,1.47,0.00,0.00,0.00,0.00
200,"Patnt","ConMx","Prsnt",245,0.00,0.00,6.09,6.83,1.68,1.85,0.12,0.00,0.00,8.72,0.00,1.28,0.00,0.00,0.00,0.00
200,"Patnt","ConMx","Prsnt",255,0.00,0.00,4.84,6.02,1.48,1.59,0.10,0.00,0.00,7.34,0.00,1.10,0.00,0.00,0.00,0.00
201,"4s_3s","ConMx","Exten",5,0.00,0.00,0.00,0.00,0.00,0.00,0.00,0.00,0.00,0.00,0.00,0.00,0.00,0.00,0.00,0.00
201,"4s_3s","ConMx","Exten",15,0.03,0.00,1.83,1.57,0.24,0.31,0.45,0.00,0.00,0.72,0.00,0.18,0.00,0.00,0.00,0.00
201,"4s_3s","ConMx","Exten",25,0.09,0.00,4.33,4.79,0.55,0.93,0.61,0.00,0.00,2.10,0.00,0.52,0.00,0.00,0.00,0.00
201,"4s_3s","ConMx","Exten",35,0.18,0.00,7.46,8.35,0.86,1.58,0.74,0.00,0.00,4.05,0.00,1.02,0.00,0.00,0.00,0.00
201,"4s_3s","ConMx","Exten",45,0.29,0.00,11.03,11.22,1.14,2.08,0.87,0.00,0.00,6.41,0.00,1.65,0.00,0.00,0.00,0.00
201,"4s_3s","ConMx","Exten",55,0.42,0.00,14.69,13.19,1.36,2.39,0.98,0.00,0.00,8.86,0.00,2.37,0.00,0.00,0.00,0.00
201,"4s_3s","ConMx","Exten",65,0.56,0.00,18.06,14.51,1.51,2.59,1.06,0.00,0.00,11.09,0.00,3.09,0.00,0.00,0.00,0.00
201,"4s_3s","ConMx","Exten",75,0.69,0.00,20.91,15.43,1.63,2.71,1.11,0.00,0.00,12.90,0.00,3.76,0.00,0.00,0.00,0.00
201,"4s_3s","ConMx","Exten",85,0.81,0.00,23.13,16.09,1.70,2.78,1.14,0.00,0.00,14.23,0.00,4.35,0.00,0.00,0.00,0.00
201,"4s_3s","ConMx","Exten",95,0.92,0.00,24.69,16.56,1.76,2.81,1.15,0.00,0.00,15.09,0.00,4.85,0.00,0.00,0.00,0.00
201,"4s_3s","ConMx","Exten",105,1.01,0.00,25.61,16.87,1.79,2.82,1.15,0.00,0.00,15.54,0.00,5.25,0.00,0.00,0.00,0.00
201,"4s_3s","ConMx","Exten",115,1.09,0.00,25.92,17.07,1.81,2.80,1.13,0.00,0.00,15.65,0.00,5.56,0.00,0.00,0.00,0.00
201,"4s_3s","ConMx","Exten",125,1.15,0.00,25.68,17.16,1.82,2.76,1.09,0.00,0.00,15.49,0.00,5.76,0.00,0.00,0.00,0.00
201,"4s_3s","ConMx","Exten",135,1.19,0.00,24.99,17.17,1.82,2.71,1.05,0.00,0.00,15.13,0.00,5.89,0.00,0.00,0.00,0.00
201,"4s_3s","ConMx","Exten",145,1.22,0.00,23.92,17.09,1.82,2.64,1.01,0.00,0.00,14.61,0.00,5.93,0.00,0.00,0.00,0.00
201,"4s_3s","ConMx","Exten",155,1.23,0.00,22.57,16.95,1.80,2.57,0.95,0.00,0.00,14.00,0.00,5.91,0.00,0.00,0.00,0.00
201,"4s_3s","ConMx","Exten",165,1.23,0.00,21.03,16.74,1.78,2.48,0.90,0.00,0.00,13.31,0.00,5.84,0.00,0.00,0.00,0.00
201,"4s_3s","ConMx","Exten",175,1.21,0.00,19.36,16.48,1.75,2.39,0.84,0.00,0.00,12.59,0.00,5.71,0.00,0.00,0.00,0.00
201,"4s_3s","ConMx","Exten",185,1.19,0.00,17.65,16.17,1.72,2.30,0.78,0.00,0.00,11.85,0.00,5.55,0.00,0.00,0.00,0.00
201,"4s_3s","ConMx","Exten",195,1.16,0.00,15.94,15.81,1.68,2.20,0.72,0.00,0.00,11.11,0.00,5.36,0.00,0.00,0.00,0.00
201,"4s_3s","ConMx","Exten",205,1.12,0.00,14.29,15.43,1.64,2.10,0.66,0.00,0.00,10.37,0.00,5.15,0.00,0.00,0.00,0.00
201,"4s_3s","ConMx","Exten",215,1.08,0.00,12.71,15.01,1.60,1.99,0.60,0.00,0.00,9.65,0.00,4.93,0.00,0.00,0.00,0.00
201,"4s_3s","ConMx","Exten",225,1.03,0.00,11.23,14.57,1.55,1.89,0.55,0.00,0.00,8.96,0.00,4.69,0.00,0.00,0.00,0.00
201,"4s_3s","ConMx","Exten",235,0.98,0.00,9.87,14.11,1.50,1.79,0.50,0.00,0.00,8.30,0.00,4.46,0.00,0.00,0.00,0.00
201,"4s_3s","ConMx","Exten",245,0.93,0.00,8.62,13.64,1.45,1.69,0.45,0.00,0.00,7.66,0.00,4.21,0.00,0.00,0.00,0.00
201,"4s_3s","ConMx","Exten",255,0.88,0.00,7.50,13.15,1.40,1.59,0.40,0.00,0.00,7.06,0.00,3.98,0.00,0.00,0.00,0.00
202,"Patnt","ConMx","Exten",5,0.00,0.00,0.00,0.00,0.00,0.00,0.00,0.00,0.00,0.00,0.00,0.00,0.00,0.00,0.00,0.00
202,"Patnt","ConMx","Exten",15,0.00,0.00,5.97,3.64,1.32,1.57,0.57,0.00,0.00,3.81,0.00,0.26,0.00,0.00,0.00,0.00
202,"Patnt","ConMx","Exten",25,0.00,0.00,13.47,10.56,2.83,4.50,0.73,0.00,0.00,10.50,0.00,0.70,0.00,0.00,0.00,0.00
202,"Patnt","ConMx","Exten",35,0.00,0.00,21.44,17.02,4.06,7.08,0.83,0.00,0.00,18.74,0.00,1.26,0.00,0.00,0.00,0.00
202,"Patnt","ConMx","Exten",45,0.00,0.00,29.29,21.12,4.95,8.57,0.89,0.00,0.00,27.39,0.00,1.89,0.00,0.00,0.00,0.00
202,"Patnt","ConMx","Exten",55,0.00,0.00,36.22,23.05,5.48,9.16,0.93,0.00,0.00,35.18,0.00,2.51,0.00,0.00,0.00,0.00
202,"Patnt","ConMx","Exten",65,0.00,0.00,41.62,23.71,5.72,9.27,0.95,0.00,0.00,41.16,0.00,3.06,0.00,0.00,0.00,0.00
202,"Patnt","ConMx","Exten",75,0.00,0.00,45.28,23.69,5.77,9.12,0.93,0.00,0.00,44.99,0.00,3.50,0.00,0.00,0.00,0.00
202,"Patnt","ConMx","Exten",85,0.00,0.00,47.26,23.31,5.70,8.83,0.90,0.00,0.00,46.82,0.00,3.82,0.00,0.00,0.00,0.00
202,"Patnt","ConMx","Exten",95,0.00,0.00,47.72,22.69,5.56,8.44,0.86,0.00,0.00,46.96,0.00,4.03,0.00,0.00,0.00,0.00
202,"Patnt","ConMx","Exten",105,0.00,0.00,46.85,21.89,5.36,8.01,0.81,0.00,0.00,45.79,0.00,4.13,0.00,0.00,0.00,0.00
202,"Patnt","ConMx","Exten",115,0.00,0.00,44.91,20.97,5.14,7.53,0.75,0.00,0.00,43.68,0.00,4.13,0.00,0.00,0.00,0.00
202,"Patnt","ConMx","Exten",125,0.00,0.00,42.13,19.96,4.89,7.03,0.69,0.00,0.00,40.92,0.00,4.06,0.00,0.00,0.00,0.00
202,"Patnt","ConMx","Exten",135,0.00,0.00,38.75,18.87,4.63,6.52,0.63,0.00,0.00,37.78,0.00,3.92,0.00,0.00,0.00,0.00
202,"Patnt","ConMx","Exten",145,0.00,0.00,35.01,17.74,4.35,6.01,0.57,0.00,0.00,34.45,0.00,3.73,0.00,0.00,0.00,0.00
202,"Patnt","ConMx","Exten",155,0.00,0.00,31.12,16.56,4.06,5.50,0.51,0.00,0.00,31.08,0.00,3.50,0.00,0.00,0.00,0.00
202,"Patnt","ConMx","Exten",165,0.00,0.00,27.24,15.37,3.77,5.00,0.45,0.00,0.00,27.78,0.00,3.24,0.00,0.00,0.00,0.00
202,"Patnt","ConMx","Exten",175,0.00,0.00,23.51,14.18,3.48,4.51,0.39,0.00,0.00,24.62,0.00,2.98,0.00,0.00,0.00,0.00
202,"Patnt","ConMx","Exten",185,0.00,0.00,20.03,13.00,3.19,4.05,0.34,0.00,0.00,21.65,0.00,2.70,0.00,0.00,0.00,0.00
202,"Patnt","ConMx","Exten",195,0.00,0.00,16.85,11.85,2.91,3.61,0.29,0.00,0.00,18.91,0.00,2.43,0.00,0.00,0.00,0.00
202,"Patnt","ConMx","Exten",205,0.00,0.00,14.03,10.74,2.64,3.20,0.25,0.00,0.00,16.40,0.00,2.17,0.00,0.00,0.00,0.00
202,"Patnt","ConMx","Exten",215,0.00,0.00,11.55,9.67,2.37,2.81,0.21,0.00,0.00,14.13,0.00,1.92,0.00,0.00,0.00,0.00
202,"Patnt","ConMx","Exten",225,0.00,0.00,9.42,8.66,2.13,2.46,0.17,0.00,0.00,12.11,0.00,1.69,0.00,0.00,0.00,0.00
202,"Patnt","ConMx","Exten",235,0.00,0.00,7.61,7.71,1.89,2.14,0.14,0.00,0.00,10.31,0.00,1.47,0.00,0.00,0.00,0.00
202,"Patnt","ConMx","Exten",245,0.00,0.00,6.09,6.83,1.68,1.85,0.12,0.00,0.00,8.72,0.00,1.28,0.00,0.00,0.00,0.00
202,"Patnt","ConMx","Exten",255,0.00,0.00,4.84,6.02,1.48,1.59,0.10,0.00,0.00,7.34,0.00,1.10,0.00,0.00,0.00,0.00
203,"4s_3s","ConMx","Basc1",5,0.00,0.00,0.00,0.00,0.00,0.00,0.00,0.00,0.00,0.00,0.00,0.00,0.00,0.00,0.00,0.00
203,"4s_3s","ConMx","Basc1",15,0.00,0.00,10.62,1.86,0.19,0.08,0.00,0.00,0.00,2.18,0.00,0.30,0.00,0.00,0.00,0.00
203,"4s_3s","ConMx","Basc1",25,0.00,0.00,25.52,5.76,0.44,0.27,0.00,0.00,0.00,6.41,0.00,0.86,0.00,0.00,0.00,0.00
203,"4s_3s","ConMx","Basc1",35,0.00,0.00,40.98,9.36,0.64,0.43,0.00,0.00,0.00,11.53,0.00,1.56,0.00,0.00,0.00,0.00
203,"4s_3s","ConMx","Basc1",45,0.00,0.00,55.09,11.43,0.76,0.51,0.00,0.00,0.00,16.58,0.00,2.30,0.00,0.00,0.00,0.00
203,"4s_3s","ConMx","Basc1",55,0.00,0.00,66.81,12.24,0.83,0.54,0.00,0.00,0.00,20.89,0.00,3.00,0.00,0.00,0.00,0.00
203,"4s_3s","ConMx","Basc1",65,0.00,0.00,75.67,12.41,0.85,0.53,0.00,0.00,0.00,24.09,0.00,3.60,0.00,0.00,0.00,0.00
203,"4s_3s","ConMx","Basc1",75,0.00,0.00,81.72,12.31,0.85,0.52,0.00,0.00,0.00,26.14,0.00,4.09,0.00,0.00,0.00,0.00
203,"4s_3s","ConMx","Basc1",85,0.00,0.00,85.22,12.10,0.84,0.50,0.00,0.00,0.00,27.17,0.00,4.47,0.00,0.00,0.00,0.00
203,"4s_3s","ConMx","Basc1",95,0.00,0.00,86.48,11.84,0.83,0.49,0.00,0.00,0.00,27.39,0.00,4.73,0.00,0.00,0.00,0.00
203,"4s_3s","ConMx","Basc1",105,0.00,0.00,85.84,11.55,0.81,0.47,0.00,0.00,0.00,27.00,0.00,4.90,0.00,0.00,0.00,0.00
203,"4s_3s","ConMx","Basc1",115,0.00,0.00,83.61,11.24,0.79,0.44,0.00,0.00,0.00,26.17,0.00,4.99,0.00,0.00,0.00,0.00
203,"4s_3s","ConMx","Basc1",125,0.00,0.00,80.14,10.93,0.76,0.42,0.00,0.00,0.00,25.06,0.00,5.01,0.00,0.00,0.00,0.00
203,"4s_3s","ConMx","Basc1",135,0.00,0.00,75.71,10.62,0.74,0.40,0.00,0.00,0.00,23.76,0.00,4.97,0.00,0.00,0.00,0.00
203,"4s_3s","ConMx","Basc1",145,0.00,0.00,70.62,10.30,0.72,0.38,0.00,0.00,0.00,22.36,0.00,4.88,0.00,0.00,0.00,0.00
203,"4s_3s","ConMx","Basc1",155,0.00,0.00,65.12,9.98,0.70,0.36,0.00,0.00,0.00,20.93,0.00,4.75,0.00,0.00,0.00,0.00
203,"4s_3s","ConMx","Basc1",165,0.00,0.00,59.44,9.66,0.67,0.34,0.00,0.00,0.00,19.51,0.00,4.59,0.00,0.00,0.00,0.00
203,"4s_3s","ConMx","Basc1",175,0.00,0.00,53.77,9.34,0.65,0.33,0.00,0.00,0.00,18.12,0.00,4.42,0.00,0.00,0.00,0.00
203,"4s_3s","ConMx","Basc1",185,0.00,0.00,48.23,9.02,0.63,0.31,0.00,0.00,0.00,16.79,0.00,4.22,0.00,0.00,0.00,0.00
203,"4s_3s","ConMx","Basc1",195,0.00,0.00,42.96,8.69,0.61,0.29,0.00,0.00,0.00,15.51,0.00,4.02,0.00,0.00,0.00,0.00
203,"4s_3s","ConMx","Basc1",205,0.00,0.00,38.00,8.37,0.59,0.27,0.00,0.00,0.00,14.30,0.00,3.82,0.00,0.00,0.00,0.00
203,"4s_3s","ConMx","Basc1",215,0.00,0.00,33.42,8.06,0.56,0.26,0.00,0.00,0.00,13.16,0.00,3.61,0.00,0.00,0.00,0.00
203,"4s_3s","ConMx","Basc1",225,0.00,0.00,29.24,7.74,0.54,0.24,0.00,0.00,0.00,12.10,0.00,3.40,0.00,0.00,0.00,0.00
203,"4s_3s","ConMx","Basc1",235,0.00,0.00,25.46,7.43,0.52,0.23,0.00,0.00,0.00,11.10,0.00,3.20,0.00,0.00,0.00,0.00
203,"4s_3s","ConMx","Basc1",245,0.00,0.00,22.07,7.12,0.50,0.21,0.00,0.00,0.00,10.17,0.00,3.00,0.00,0.00,0.00,0.00
203,"4s_3s","ConMx","Basc1",255,0.00,0.00,19.06,6.82,0.48,0.20,0.00,0.00,0.00,9.30,0.00,2.81,0.00,0.00,0.00,0.00
204,"Patnt","ConMx","Basc1",5,0.00,0.00,0.00,0.00,0.00,0.00,0.00,0.00,0.00,0.00,0.00,0.00,0.00,0.00,0.00,0.00
204,"Patnt","ConMx","Basc1",15,0.00,0.00,5.97,3.64,1.32,1.57,0.57,0.00,0.00,3.81,0.00,0.26,0.00,0.00,0.00,0.00
204,"Patnt","ConMx","Basc1",25,0.00,0.00,13.47,10.56,2.83,4.50,0.73,0.00,0.00,10.50,0.00,0.70,0.00,0.00,0.00,0.00
204,"Patnt","ConMx","Basc1",35,0.00,0.00,21.44,17.02,4.06,7.08,0.83,0.00,0.00,18.74,0.00,1.26,0.00,0.00,0.00,0.00
204,"Patnt","ConMx","Basc1",45,0.00,0.00,29.29,21.12,4.95,8.57,0.89,0.00,0.00,27.39,0.00,1.89,0.00,0.00,0.00,0.00
204,"Patnt","ConMx","Basc1",55,0.00,0.00,36.22,23.05,5.48,9.16,0.93,0.00,0.00,35.18,0.00,2.51,0.00,0.00,0.00,0.00
204,"Patnt","ConMx","Basc1",65,0.00,0.00,41.62,23.71,5.72,9.27,0.95,0.00,0.00,41.16,0.00,3.06,0.00,0.00,0.00,0.00
204,"Patnt","ConMx","Basc1",75,0.00,0.00,45.28,23.69,5.77,9.12,0.93,0.00,0.00,44.99,0.00,3.50,0.00,0.00,0.00,0.00
204,"Patnt","ConMx","Basc1",85,0.00,0.00,47.26,23.31,5.70,8.83,0.90,0.00,0.00,46.82,0.00,3.82,0.00,0.00,0.00,0.00
204,"Patnt","ConMx","Basc1",95,0.00,0.00,47.72,22.69,5.56,8.44,0.86,0.00,0.00,46.96,0.00,4.03,0.00,0.00,0.00,0.00
204,"Patnt","ConMx","Basc1",105,0.00,0.00,46.85,21.89,5.36,8.01,0.81,0.00,0.00,45.79,0.00,4.13,0.00,0.00,0.00,0.00
204,"Patnt","ConMx","Basc1",115,0.00,0.00,44.91,20.97,5.14,7.53,0.75,0.00,0.00,43.68,0.00,4.13,0.00,0.00,0.00,0.00
204,"Patnt","ConMx","Basc1",125,0.00,0.00,42.13,19.96,4.89,7.03,0.69,0.00,0.00,40.92,0.00,4.06,0.00,0.00,0.00,0.00
204,"Patnt","ConMx","Basc1",135,0.00,0.00,38.75,18.87,4.63,6.52,0.63,0.00,0.00,37.78,0.00,3.92,0.00,0.00,0.00,0.00
204,"Patnt","ConMx","Basc1",145,0.00,0.00,35.01,17.74,4.35,6.01,0.57,0.00,0.00,34.45,0.00,3.73,0.00,0.00,0.00,0.00
204,"Patnt","ConMx","Basc1",155,0.00,0.00,31.12,16.56,4.06,5.50,0.51,0.00,0.00,31.08,0.00,3.50,0.00,0.00,0.00,0.00
204,"Patnt","ConMx","Basc1",165,0.00,0.00,27.24,15.37,3.77,5.00,0.45,0.00,0.00,27.78,0.00,3.24,0.00,0.00,0.00,0.00
204,"Patnt","ConMx","Basc1",175,0.00,0.00,23.51,14.18,3.48,4.51,0.39,0.00,0.00,24.62,0.00,2.98,0.00,0.00,0.00,0.00
204,"Patnt","ConMx","Basc1",185,0.00,0.00,20.03,13.00,3.19,4.05,0.34,0.00,0.00,21.65,0.00,2.70,0.00,0.00,0.00,0.00
204,"Patnt","ConMx","Basc1",195,0.00,0.00,16.85,11.85,2.91,3.61,0.29,0.00,0.00,18.91,0.00,2.43,0.00,0.00,0.00,0.00
204,"Patnt","ConMx","Basc1",205,0.00,0.00,14.03,10.74,2.64,3.20,0.25,0.00,0.00,16.40,0.00,2.17,0.00,0.00,0.00,0.00
204,"Patnt","ConMx","Basc1",215,0.00,0.00,11.55,9.67,2.37,2.81,0.21,0.00,0.00,14.13,0.00,1.92,0.00,0.00,0.00,0.00
204,"Patnt","ConMx","Basc1",225,0.00,0.00,9.42,8.66,2.13,2.46,0.17,0.00,0.00,12.11,0.00,1.69,0.00,0.00,0.00,0.00
204,"Patnt","ConMx","Basc1",235,0.00,0.00,7.61,7.71,1.89,2.14,0.14,0.00,0.00,10.31,0.00,1.47,0.00,0.00,0.00,0.00
204,"Patnt","ConMx","Basc1",245,0.00,0.00,6.09,6.83,1.68,1.85,0.12,0.00,0.00,8.72,0.00,1.28,0.00,0.00,0.00,0.00
204,"Patnt","ConMx","Basc1",255,0.00,0.00,4.84,6.02,1.48,1.59,0.10,0.00,0.00,7.34,0.00,1.10,0.00,0.00,0.00,0.00
205,"4s_3s","ConMx","Basc2",5,0.00,0.00,0.00,0.00,0.00,0.00,0.00,0.00,0.00,0.00,0.00,0.00,0.00,0.00,0.00,0.00
205,"4s_3s","ConMx","Basc2",15,0.03,0.00,1.83,1.57,0.24,0.31,0.45,0.00,0.00,0.72,0.00,0.18,0.00,0.00,0.00,0.00
205,"4s_3s","ConMx","Basc2",25,0.09,0.00,4.33,4.79,0.55,0.93,0.61,0.00,0.00,2.10,0.00,0.52,0.00,0.00,0.00,0.00
205,"4s_3s","ConMx","Basc2",35,0.18,0.00,7.46,8.35,0.86,1.58,0.74,0.00,0.00,4.05,0.00,1.02,0.00,0.00,0.00,0.00
205,"4s_3s","ConMx","Basc2",45,0.29,0.00,11.03,11.22,1.14,2.08,0.87,0.00,0.00,6.41,0.00,1.65,0.00,0.00,0.00,0.00
205,"4s_3s","ConMx","Basc2",55,0.42,0.00,14.69,13.19,1.36,2.39,0.98,0.00,0.00,8.86,0.00,2.37,0.00,0.00,0.00,0.00
205,"4s_3s","ConMx","Basc2",65,0.56,0.00,18.06,14.51,1.51,2.59,1.06,0.00,0.00,11.09,0.00,3.09,0.00,0.00,0.00,0.00
205,"4s_3s","ConMx","Basc2",75,0.69,0.00,20.91,15.43,1.63,2.71,1.11,0.00,0.00,12.90,0.00,3.76,0.00,0.00,0.00,0.00
205,"4s_3s","ConMx","Basc2",85,0.81,0.00,23.13,16.09,1.70,2.78,1.14,0.00,0.00,14.23,0.00,4.35,0.00,0.00,0.00,0.00
205,"4s_3s","ConMx","Basc2",95,0.92,0.00,24.69,16.56,1.76,2.81,1.15,0.00,0.00,15.09,0.00,4.85,0.00,0.00,0.00,0.00
205,"4s_3s","ConMx","Basc2",105,1.01,0.00,25.61,16.87,1.79,2.82,1.15,0.00,0.00,15.54,0.00,5.25,0.00,0.00,0.00,0.00
205,"4s_3s","ConMx","Basc2",115,1.09,0.00,25.92,17.07,1.81,2.80,1.13,0.00,0.00,15.65,0.00,5.56,0.00,0.00,0.00,0.00
205,"4s_3s","ConMx","Basc2",125,1.15,0.00,25.68,17.16,1.82,2.76,1.09,0.00,0.00,15.49,0.00,5.76,0.00,0.00,0.00,0.00
205,"4s_3s","ConMx","Basc2",135,1.19,0.00,24.99,17.17,1.82,2.71,1.05,0.00,0.00,15.13,0.00,5.89,0.00,0.00,0.00,0.00
205,"4s_3s","ConMx","Basc2",145,1.22,0.00,23.92,17.09,1.82,2.64,1.01,0.00,0.00,14.61,0.00,5.93,0.00,0.00,0.00,0.00
205,"4s_3s","ConMx","Basc2",155,1.23,0.00,22.57,16.95,1.80,2.57,0.95,0.00,0.00,14.00,0.00,5.91,0.00,0.00,0.00,0.00
205,"4s_3s","ConMx","Basc2",165,1.23,0.00,21.03,16.74,1.78,2.48,0.90,0.00,0.00,13.31,0.00,5.84,0.00,0.00,0.00,0.00
205,"4s_3s","ConMx","Basc2",175,1.21,0.00,19.36,16.48,1.75,2.39,0.84,0.00,0.00,12.59,0.00,5.71,0.00,0.00,0.00,0.00
205,"4s_3s","ConMx","Basc2",185,1.19,0.00,17.65,16.17,1.72,2.30,0.78,0.00,0.00,11.85,0.00,5.55,0.00,0.00,0.00,0.00
205,"4s_3s","ConMx","Basc2",195,1.16,0.00,15.94,15.81,1.68,2.20,0.72,0.00,0.00,11.11,0.00,5.36,0.00,0.00,0.00,0.00
205,"4s_3s","ConMx","Basc2",205,1.12,0.00,14.29,15.43,1.64,2.10,0.66,0.00,0.00,10.37,0.00,5.15,0.00,0.00,0.00,0.00
205,"4s_3s","ConMx","Basc2",215,1.08,0.00,12.71,15.01,1.60,1.99,0.60,0.00,0.00,9.65,0.00,4.93,0.00,0.00,0.00,0.00
205,"4s_3s","ConMx","Basc2",225,1.03,0.00,11.23,14.57,1.55,1.89,0.55,0.00,0.00,8.96,0.00,4.69,0.00,0.00,0.00,0.00
205,"4s_3s","ConMx","Basc2",235,0.98,0.00,9.87,14.11,1.50,1.79,0.50,0.00,0.00,8.30,0.00,4.46,0.00,0.00,0.00,0.00
205,"4s_3s","ConMx","Basc2",245,0.93,0.00,8.62,13.64,1.45,1.69,0.45,0.00,0.00,7.66,0.00,4.21,0.00,0.00,0.00,0.00
205,"4s_3s","ConMx","Basc2",255,0.88,0.00,7.50,13.15,1.40,1.59,0.40,0.00,0.00,7.06,0.00,3.98,0.00,0.00,0.00,0.00
206,"Patnt","ConMx","Basc2",5,0.00,0.00,0.00,0.00,0.00,0.00,0.00,0.00,0.00,0.00,0.00,0.00,0.00,0.00,0.00,0.00
206,"Patnt","ConMx","Basc2",15,0.00,0.00,5.97,3.64,1.32,1.57,0.57,0.00,0.00,3.81,0.00,0.26,0.00,0.00,0.00,0.00
206,"Patnt","ConMx","Basc2",25,0.00,0.00,13.47,10.56,2.83,4.50,0.73,0.00,0.00,10.50,0.00,0.70,0.00,0.00,0.00,0.00
206,"Patnt","ConMx","Basc2",35,0.00,0.00,21.44,17.02,4.06,7.08,0.83,0.00,0.00,18.74,0.00,1.26,0.00,0.00,0.00,0.00
206,"Patnt","ConMx","Basc2",45,0.00,0.00,29.29,21.12,4.95,8.57,0.89,0.00,0.00,27.39,0.00,1.89,0.00,0.00,0.00,0.00
206,"Patnt","ConMx","Basc2",55,0.00,0.00,36.22,23.05,5.48,9.16,0.93,0.00,0.00,35.18,0.00,2.51,0.00,0.00,0.00,0.00
206,"Patnt","ConMx","Basc2",65,0.00,0.00,41.62,23.71,5.72,9.27,0.95,0.00,0.00,41.16,0.00,3.06,0.00,0.00,0.00,0.00
206,"Patnt","ConMx","Basc2",75,0.00,0.00,45.28,23.69,5.77,9.12,0.93,0.00,0.00,44.99,0.00,3.50,0.00,0.00,0.00,0.00
206,"Patnt","ConMx","Basc2",85,0.00,0.00,47.26,23.31,5.70,8.83,0.90,0.00,0.00,46.82,0.00,3.82,0.00,0.00,0.00,0.00
206,"Patnt","ConMx","Basc2",95,0.00,0.00,47.72,22.69,5.56,8.44,0.86,0.00,0.00,46.96,0.00,4.03,0.00,0.00,0.00,0.00
206,"Patnt","ConMx","Basc2",105,0.00,0.00,46.85,21.89,5.36,8.01,0.81,0.00,0.00,45.79,0.00,4.13,0.00,0.00,0.00,0.00
206,"Patnt","ConMx","Basc2",115,0.00,0.00,44.91,20.97,5.14,7.53,0.75,0.00,0.00,43.68,0.00,4.13,0.00,0.00,0.00,0.00
206,"Patnt","ConMx","Basc2",125,0.00,0.00,42.13,19.96,4.89,7.03,0.69,0.00,0.00,40.92,0.00,4.06,0.00,0.00,0.00,0.00
206,"Patnt","ConMx","Basc2",135,0.00,0.00,38.75,18.87,4.63,6.52,0.63,0.00,0.00,37.78,0.00,3.92,0.00,0.00,0.00,0.00
206,"Patnt","ConMx","Basc2",145,0.00,0.00,35.01,17.74,4.35,6.01,0.57,0.00,0.00,34.45,0.00,3.73,0.00,0.00,0.00,0.00
206,"Patnt","ConMx","Basc2",155,0.00,0.00,31.12,16.56,4.06,5.50,0.51,0.00,0.00,31.08,0.00,3.50,0.00,0.00,0.00,0.00
206,"Patnt","ConMx","Basc2",165,0.00,0.00,27.24,15.37,3.77,5.00,0.45,0.00,0.00,27.78,0.00,3.24,0.00,0.00,0.00,0.00
206,"Patnt","ConMx","Basc2",175,0.00,0.00,23.51,14.18,3.48,4.51,0.39,0.00,0.00,24.62,0.00,2.98,0.00,0.00,0.00,0.00
206,"Patnt","ConMx","Basc2",185,0.00,0.00,20.03,13.00,3.19,4.05,0.34,0.00,0.00,21.65,0.00,2.70,0.00,0.00,0.00,0.00
206,"Patnt","ConMx","Basc2",195,0.00,0.00,16.85,11.85,2.91,3.61,0.29,0.00,0.00,18.91,0.00,2.43,0.00,0.00,0.00,0.00
206,"Patnt","ConMx","Basc2",205,0.00,0.00,14.03,10.74,2.64,3.20,0.25,0.00,0.00,16.40,0.00,2.17,0.00,0.00,0.00,0.00
206,"Patnt","ConMx","Basc2",215,0.00,0.00,11.55,9.67,2.37,2.81,0.21,0.00,0.00,14.13,0.00,1.92,0.00,0.00,0.00,0.00
206,"Patnt","ConMx","Basc2",225,0.00,0.00,9.42,8.66,2.13,2.46,0.17,0.00,0.00,12.11,0.00,1.69,0.00,0.00,0.00,0.00
206,"Patnt","ConMx","Basc2",235,0.00,0.00,7.61,7.71,1.89,2.14,0.14,0.00,0.00,10.31,0.00,1.47,0.00,0.00,0.00,0.00
206,"Patnt","ConMx","Basc2",245,0.00,0.00,6.09,6.83,1.68,1.85,0.12,0.00,0.00,8.72,0.00,1.28,0.00,0.00,0.00,0.00
206,"Patnt","ConMx","Basc2",255,0.00,0.00,4.84,6.02,1.48,1.59,0.10,0.00,0.00,7.34,0.00,1.10,0.00,0.00,0.00,0.00
207,"4s_3s","ConMx","Intn1",5,0.00,0.00,0.00,0.00,0.00,0.00,0.00,0.00,0.00,0.00,0.00,0.00,0.00,0.00,0.00,0.00
207,"4s_3s","ConMx","Intn1",15,0.03,0.00,1.83,1.57,0.24,0.31,0.45,0.00,0.00,0.72,0.00,0.18,0.00,0.00,0.00,0.00
207,"4s_3s","ConMx","Intn1",25,0.09,0.00,4.33,4.79,0.55,0.93,0.61,0.00,0.00,2.10,0.00,0.52,0.00,0.00,0.00,0.00
207,"4s_3s","ConMx","Intn1",35,0.18,0.00,7.46,8.35,0.86,1.58,0.74,0.00,0.00,4.05,0.00,1.02,0.00,0.00,0.00,0.00
207,"4s_3s","ConMx","Intn1",45,0.29,0.00,11.03,11.22,1.14,2.08,0.87,0.00,0.00,6.41,0.00,1.65,0.00,0.00,0.00,0.00
207,"4s_3s","ConMx","Intn1",55,0.42,0.00,14.69,13.19,1.36,2.39,0.98,0.00,0.00,8.86,0.00,2.37,0.00,0.00,0.00,0.00
207,"4s_3s","ConMx","Intn1",65,0.56,0.00,18.06,14.51,1.51,2.59,1.06,0.00,0.00,11.09,0.00,3.09,0.00,0.00,0.00,0.00
207,"4s_3s","ConMx","Intn1",75,0.69,0.00,20.91,15.43,1.63,2.71,1.11,0.00,0.00,12.90,0.00,3.76,0.00,0.00,0.00,0.00
207,"4s_3s","ConMx","Intn1",85,0.81,0.00,23.13,16.09,1.70,2.78,1.14,0.00,0.00,14.23,0.00,4.35,0.00,0.00,0.00,0.00
207,"4s_3s","ConMx","Intn1",95,0.92,0.00,24.69,16.56,1.76,2.81,1.15,0.00,0.00,15.09,0.00,4.85,0.00,0.00,0.00,0.00
207,"4s_3s","ConMx","Intn1",105,1.01,0.00,25.61,16.87,1.79,2.82,1.15,0.00,0.00,15.54,0.00,5.25,0.00,0.00,0.00,0.00
207,"4s_3s","ConMx","Intn1",115,1.09,0.00,25.92,17.07,1.81,2.80,1.13,0.00,0.00,15.65,0.00,5.56,0.00,0.00,0.00,0.00
207,"4s_3s","ConMx","Intn1",125,1.15,0.00,25.68,17.16,1.82,2.76,1.09,0.00,0.00,15.49,0.00,5.76,0.00,0.00,0.00,0.00
207,"4s_3s","ConMx","Intn1",135,1.19,0.00,24.99,17.17,1.82,2.71,1.05,0.00,0.00,15.13,0.00,5.89,0.00,0.00,0.00,0.00
207,"4s_3s","ConMx","Intn1",145,1.22,0.00,23.92,17.09,1.82,2.64,1.01,0.00,0.00,14.61,0.00,5.93,0.00,0.00,0.00,0.00
207,"4s_3s","ConMx","Intn1",155,1.23,0.00,22.57,16.95,1.80,2.57,0.95,0.00,0.00,14.00,0.00,5.91,0.00,0.00,0.00,0.00
207,"4s_3s","ConMx","Intn1",165,1.23,0.00,21.03,16.74,1.78,2.48,0.90,0.00,0.00,13.31,0.00,5.84,0.00,0.00,0.00,0.00
207,"4s_3s","ConMx","Intn1",175,1.21,0.00,19.36,16.48,1.75,2.39,0.84,0.00,0.00,12.59,0.00,5.71,0.00,0.00,0.00,0.00
207,"4s_3s","ConMx","Intn1",185,1.19,0.00,17.65,16.17,1.72,2.30,0.78,0.00,0.00,11.85,0.00,5.55,0.00,0.00,0.00,0.00
207,"4s_3s","ConMx","Intn1",195,1.16,0.00,15.94,15.81,1.68,2.20,0.72,0.00,0.00,11.11,0.00,5.36,0.00,0.00,0.00,0.00
207,"4s_3s","ConMx","Intn1",205,1.12,0.00,14.29,15.43,1.64,2.10,0.66,0.00,0.00,10.37,0.00,5.15,0.00,0.00,0.00,0.00
207,"4s_3s","ConMx","Intn1",215,1.08,0.00,12.71,15.01,1.60,1.99,0.60,0.00,0.00,9.65,0.00,4.93,0.00,0.00,0.00,0.00
207,"4s_3s","ConMx","Intn1",225,1.03,0.00,11.23,14.57,1.55,1.89,0.55,0.00,0.00,8.96,0.00,4.69,0.00,0.00,0.00,0.00
207,"4s_3s","ConMx","Intn1",235,0.98,0.00,9.87,14.11,1.50,1.79,0.50,0.00,0.00,8.30,0.00,4.46,0.00,0.00,0.00,0.00
207,"4s_3s","ConMx","Intn1",245,0.93,0.00,8.62,13.64,1.45,1.69,0.45,0.00,0.00,7.66,0.00,4.21,0.00,0.00,0.00,0.00
207,"4s_3s","ConMx","Intn1",255,0.88,0.00,7.50,13.15,1.40,1.59,0.40,0.00,0.00,7.06,0.00,3.98,0.00,0.00,0.00,0.00
208,"Patnt","ConMx","Intn1",5,0.00,0.00,0.00,0.00,0.00,0.00,0.00,0.00,0.00,0.00,0.00,0.00,0.00,0.00,0.00,0.00
208,"Patnt","ConMx","Intn1",15,0.00,0.00,5.97,3.64,1.32,1.57,0.57,0.00,0.00,3.81,0.00,0.26,0.00,0.00,0.00,0.00
208,"Patnt","ConMx","Intn1",25,0.00,0.00,13.47,10.56,2.83,4.50,0.73,0.00,0.00,10.50,0.00,0.70,0.00,0.00,0.00,0.00
208,"Patnt","ConMx","Intn1",35,0.00,0.00,21.44,17.02,4.06,7.08,0.83,0.00,0.00,18.74,0.00,1.26,0.00,0.00,0.00,0.00
208,"Patnt","ConMx","Intn1",45,0.00,0.00,29.29,21.12,4.95,8.57,0.89,0.00,0.00,27.39,0.00,1.89,0.00,0.00,0.00,0.00
208,"Patnt","ConMx","Intn1",55,0.00,0.00,36.22,23.05,5.48,9.16,0.93,0.00,0.00,35.18,0.00,2.51,0.00,0.00,0.00,0.00
208,"Patnt","ConMx","Intn1",65,0.00,0.00,41.62,23.71,5.72,9.27,0.95,0.00,0.00,41.16,0.00,3.06,0.00,0.00,0.00,0.00
208,"Patnt","ConMx","Intn1",75,0.00,0.00,45.28,23.69,5.77,9.12,0.93,0.00,0.00,44.99,0.00,3.50,0.00,0.00,0.00,0.00
208,"Patnt","ConMx","Intn1",85,0.00,0.00,47.26,23.31,5.70,8.83,0.90,0.00,0.00,46.82,0.00,3.82,0.00,0.00,0.00,0.00
208,"Patnt","ConMx","Intn1",95,0.00,0.00,47.72,22.69,5.56,8.44,0.86,0.00,0.00,46.96,0.00,4.03,0.00,0.00,0.00,0.00
208,"Patnt","ConMx","Intn1",105,0.00,0.00,46.85,21.89,5.36,8.01,0.81,0.00,0.00,45.79,0.00,4.13,0.00,0.00,0.00,0.00
208,"Patnt","ConMx","Intn1",115,0.00,0.00,44.91,20.97,5.14,7.53,0.75,0.00,0.00,43.68,0.00,4.13,0.00,0.00,0.00,0.00
208,"Patnt","ConMx","Intn1",125,0.00,0.00,42.13,19.96,4.89,7.03,0.69,0.00,0.00,40.92,0.00,4.06,0.00,0.00,0.00,0.00
208,"Patnt","ConMx","Intn1",135,0.00,0.00,38.75,18.87,4.63,6.52,0.63,0.00,0.00,37.78,0.00,3.92,0.00,0.00,0.00,0.00
208,"Patnt","ConMx","Intn1",145,0.00,0.00,35.01,17.74,4.35,6.01,0.57,0.00,0.00,34.45,0.00,3.73,0.00,0.00,0.00,0.00
208,"Patnt","ConMx","Intn1",155,0.00,0.00,31.12,16.56,4.06,5.50,0.51,0.00,0.00,31.08,0.00,3.50,0.00,0.00,0.00,0.00
208,"Patnt","ConMx","Intn1",165,0.00,0.00,27.24,15.37,3.77,5.00,0.45,0.00,0.00,27.78,0.00,3.24,0.00,0.00,0.00,0.00
208,"Patnt","ConMx","Intn1",175,0.00,0.00,23.51,14.18,3.48,4.51,0.39,0.00,0.00,24.62,0.00,2.98,0.00,0.00,0.00,0.00
208,"Patnt","ConMx","Intn1",185,0.00,0.00,20.03,13.00,3.19,4.05,0.34,0.00,0.00,21.65,0.00,2.70,0.00,0.00,0.00,0.00
208,"Patnt","ConMx","Intn1",195,0.00,0.00,16.85,11.85,2.91,3.61,0.29,0.00,0.00,18.91,0.00,2.43,0.00,0.00,0.00,0.00
208,"Patnt","ConMx","Intn1",205,0.00,0.00,14.03,10.74,2.64,3.20,0.25,0.00,0.00,16.40,0.00,2.17,0.00,0.00,0.00,0.00
208,"Patnt","ConMx","Intn1",215,0.00,0.00,11.55,9.67,2.37,2.81,0.21,0.00,0.00,14.13,0.00,1.92,0.00,0.00,0.00,0.00
208,"Patnt","ConMx","Intn1",225,0.00,0.00,9.42,8.66,2.13,2.46,0.17,0.00,0.00,12.11,0.00,1.69,0.00,0.00,0.00,0.00
208,"Patnt","ConMx","Intn1",235,0.00,0.00,7.61,7.71,1.89,2.14,0.14,0.00,0.00,10.31,0.00,1.47,0.00,0.00,0.00,0.00
208,"Patnt","ConMx","Intn1",245,0.00,0.00,6.09,6.83,1.68,1.85,0.12,0.00,0.00,8.72,0.00,1.28,0.00,0.00,0.00,0.00
208,"Patnt","ConMx","Intn1",255,0.00,0.00,4.84,6.02,1.48,1.59,0.10,0.00,0.00,7.34,0.00,1.10,0.00,0.00,0.00,0.00
9980001,"4s_3s","PwDom","Depl",0,14.00,2.00,0.00,1.00,1.00,2.00,1.00,0.00,0.00,2.00,0.00,2.00,0.00,0.00,0.00,0.00
9980001,"Patnt","PwDom","Depl",0,14.00,2.00,0.00,1.00,1.00,2.00,1.00,0.00,0.00,2.00,0.00,2.00,0.00,0.00,0.00,0.00
9980002,"4s_3s","PrDom","Depl",0,0.00,22.00,1.00,0.00,0.00,0.00,0.00,0.00,0.00,1.00,0.00,0.00,0.00,0.00,0.00,0.00
9980002,"Patnt","PrDom","Depl",0,0.00,22.00,1.00,0.00,0.00,0.00,0.00,0.00,0.00,1.00,0.00,0.00,0.00,0.00,0.00,0.00
9980003,"4s_3s","PrwMx","Depl",0,4.00,8.00,2.00,2.00,1.00,2.00,1.00,0.00,0.00,3.00,0.00,2.00,0.00,0.00,0.00,0.00
9980003,"Patnt","PrwMx","Depl",0,4.00,8.00,2.00,2.00,1.00,2.00,1.00,0.00,0.00,3.00,0.00,2.00,0.00,0.00,0.00,0.00
9980004,"4s_3s","UplCe","Depl",0,1.00,0.00,0.00,2.00,1.00,2.00,14.00,0.00,0.00,2.00,0.00,2.00,0.00,0.00,0.00,0.00
9980004,"Patnt","UplCe","Depl",0,1.00,0.00,0.00,2.00,1.00,2.00,14.00,0.00,0.00,2.00,0.00,2.00,0.00,0.00,0.00,0.00
9980005,"4s_3s","OCLow","Depl",0,0.00,0.00,0.00,5.00,0.00,0.00,10.00,8.00,0.00,0.00,0.00,0.00,0.00,0.00,0.00,1.00
9980005,"Patnt","OCLow","Depl",0,0.00,0.00,0.00,5.00,0.00,0.00,10.00,8.00,0.00,0.00,0.00,0.00,0.00,0.00,0.00,1.00
9980006,"4s_3s","PwDom","Depl",5,14.00,2.00,0.00,1.00,1.00,2.00,1.00,0.00,0.00,2.00,0.00,2.00,0.00,0.00,0.00,0.00
9980006,"4s_3s","SbLow","Depl",0,0.00,0.00,1.00,22.00,0.00,0.00,0.00,2.00,0.00,0.00,0.00,0.00,0.00,0.00,0.00,0.00
9980006,"Patnt","PwDom","Depl",5,14.00,2.00,0.00,1.00,1.00,2.00,1.00,0.00,0.00,2.00,0.00,2.00,0.00,0.00,0.00,0.00
9980006,"Patnt","SbLow","Depl",0,0.00,0.00,1.00,22.00,0.00,0.00,0.00,2.00,0.00,0.00,0.00,0.00,0.00,0.00,0.00,0.00
9980007,"4s_3s","PrDom","Depl",5,0.00,22.00,1.00,0.00,0.00,0.00,0.00,0.00,0.00,1.00,0.00,0.00,0.00,0.00,0.00,0.00
9980007,"4s_3s","SbSha","Depl",0,0.00,0.00,3.00,20.00,0.00,0.00,0.00,0.00,0.00,0.00,0.00,0.00,0.00,0.00,0.00,0.00
9980007,"Patnt","PrDom","Depl",5,0.00,22.00,1.00,0.00,0.00,0.00,0.00,0.00,0.00,1.00,0.00,0.00,0.00,0.00,0.00,0.00
9980007,"Patnt","SbSha","Depl",0,0.00,0.00,3.00,20.00,0.00,0.00,0.00,0.00,0.00,0.00,0.00,0.00,0.00,0.00,0.00,0.00
9980008,"4s_3s","PrwMx","Depl",5,4.00,8.00,2.00,2.00,1.00,2.00,1.00,0.00,0.00,3.00,0.00,2.00,0.00,0.00,0.00,0.00
9980008,"4s_3s","SbDee","Depl",0,0.00,0.00,2.00,21.00,0.00,0.00,0.00,0.00,0.00,0.00,0.00,0.00,0.00,0.00,0.00,0.00
9980008,"Patnt","PrwMx","Depl",5,4.00,8.00,2.00,2.00,1.00,2.00,1.00,0.00,0.00,3.00,0.00,2.00,0.00,0.00,0.00,0.00
9980008,"Patnt","SbDee","Depl",0,0.00,0.00,2.00,21.00,0.00,0.00,0.00,0.00,0.00,0.00,0.00,0.00,0.00,0.00,0.00,0.00
9980009,"4s_3s","PjSha","Depl",0,0.00,0.00,20.00,3.00,0.00,0.00,0.00,0.00,0.00,1.00,0.00,0.00,0.00,0.00,0.00,0.00
9980009,"4s_3s","UplCe","Depl",5,1.00,0.00,0.00,2.00,1.00,2.00,14.00,0.00,0.00,2.00,0.00,2.00,0.00,0.00,0.00,0.00
9980009,"Patnt","PjSha","Depl",0,0.00,0.00,20.00,3.00,0.00,0.00,0.00,0.00,0.00,1.00,0.00,0.00,0.00,0.00,0.00,0.00
9980009,"Patnt","UplCe","Depl",5,1.00,0.00,0.00,2.00,1.00,2.00,14.00,0.00,0.00,2.00,0.00,2.00,0.00,0.00,0.00,0.00
9980010,"4s_3s","OCLow","Depl",5,0.00,0.00,0.00,5.00,0.00,0.00,10.00,8.00,0.00,0.00,0.00,0.00,0.00,0.00,0.00,1.00
9980010,"4s_3s","PjDee","Depl",0,0.00,0.00,21.00,3.00,0.00,0.00,0.00,0.00,0.00,1.00,0.00,0.00,0.00,0.00,0.00,0.00
9980010,"Patnt","OCLow","Depl",5,0.00,0.00,0.00,5.00,0.00,0.00,10.00,8.00,0.00,0.00,0.00,0.00,0.00,0.00,0.00,1.00
9980010,"Patnt","PjDee","Depl",0,0.00,0.00,21.00,3.00,0.00,0.00,0.00,0.00,0.00,1.00,0.00,0.00,0.00,0.00,0.00,0.00
9980011,"4s_3s","PoDom","Depl",0,0.00,0.00,1.00,2.00,0.00,1.00,0.00,0.00,0.00,20.00,0.00,1.00,0.00,0.00,0.00,0.00
9980011,"4s_3s","SbLow","Depl",5,0.00,0.00,1.00,22.00,0.00,0.00,0.00,2.00,0.00,0.00,0.00,0.00,0.00,0.00,0.00,0.00
9980011,"Patnt","PoDom","Depl",0,0.00,0.00,1.00,2.00,0.00,1.00,0.00,0.00,0.00,20.00,0.00,1.00,0.00,0.00,0.00,0.00
9980011,"Patnt","SbLow","Depl",5,0.00,0.00,1.00,22.00,0.00,0.00,0.00,2.00,0.00,0.00,0.00,0.00,0.00,0.00,0.00,0.00
9980012,"4s_3s","BwDom","Depl",0,0.00,0.00,0.00,2.00,0.00,1.00,0.00,0.00,0.00,2.00,0.00,18.00,0.00,0.00,0.00,0.00
9980012,"4s_3s","SbSha","Depl",5,0.00,0.00,3.00,20.00,0.00,0.00,0.00,0.00,0.00,0.00,0.00,0.00,0.00,0.00,0.00,0.00
9980012,"Patnt","BwDom","Depl",0,0.00,0.00,0.00,2.00,0.00,1.00,0.00,0.00,0.00,2.00,0.00,18.00,0.00,0.00,0.00,0.00
9980012,"Patnt","SbSha","Depl",5,0.00,0.00,3.00,20.00,0.00,0.00,0.00,0.00,0.00,0.00,0.00,0.00,0.00,0.00,0.00,0.00
9980013,"4s_3s","SbDee","Depl",5,0.00,0.00,2.00,21.00,0.00,0.00,0.00,0.00,0.00,0.00,0.00,0.00,0.00,0.00,0.00,0.00
9980013,"4s_3s","TolHd","Depl",0,0.00,0.00,0.00,2.00,0.00,1.00,1.00,0.00,0.00,4.00,0.00,1.00,0.00,0.00,0.00,15.00
9980013,"Patnt","SbDee","Depl",5,0.00,0.00,2.00,21.00,0.00,0.00,0.00,0.00,0.00,0.00,0.00,0.00,0.00,0.00,0.00,0.00
9980013,"Patnt","TolHd","Depl",0,0.00,0.00,0.00,2.00,0.00,1.00,1.00,0.00,0.00,4.00,0.00,1.00,0.00,0.00,0.00,15.00
9980014,"4s_3s","PjSha","Depl",5,0.00,0.00,20.00,3.00,0.00,0.00,0.00,0.00,0.00,1.00,0.00,0.00,0.00,0.00,0.00,0.00
9980014,"4s_3s","SbMx1","Depl",0,0.00,0.00,6.00,14.00,1.00,1.00,0.00,0.00,0.00,2.00,0.00,1.00,0.00,0.00,0.00,0.00
9980014,"Patnt","PjSha","Depl",5,0.00,0.00,20.00,3.00,0.00,0.00,0.00,0.00,0.00,1.00,0.00,0.00,0.00,0.00,0.00,0.00
9980014,"Patnt","SbMx1","Depl",0,0.00,0.00,6.00,14.00,1.00,1.00,0.00,0.00,0.00,2.00,0.00,1.00,0.00,0.00,0.00,0.00
9980015,"4s_3s","PjDee","Depl",5,0.00,0.00,21.00,3.00,0.00,0.00,0.00,0.00,0.00,1.00,0.00,0.00,0.00,0.00,0.00,0.00
9980015,"4s_3s","PjMx1","Depl",0,0.00,0.00,14.00,8.00,0.00,0.00,0.00,0.00,0.00,2.00,0.00,1.00,0.00,0.00,0.00,0.00
9980015,"Patnt","PjDee","Depl",5,0.00,0.00,21.00,3.00,0.00,0.00,0.00,0.00,0.00,1.00,0.00,0.00,0.00,0.00,0.00,0.00
9980015,"Patnt","PjMx1","Depl",0,0.00,0.00,14.00,8.00,0.00,0.00,0.00,0.00,0.00,2.00,0.00,1.00,0.00,0.00,0.00,0.00
9980016,"4s_3s","BfMx","Depl",0,0.00,0.00,1.00,8.00,2.00,10.00,0.00,0.00,0.00,2.00,0.00,2.00,0.00,0.00,0.00,0.00
9980016,"4s_3s","PoDom","Depl",5,0.00,0.00,1.00,2.00,0.00,1.00,0.00,0.00,0.00,20.00,0.00,1.00,0.00,0.00,0.00,0.00
9980016,"4s_3s","PwDom","Depl",15,14.00,2.00,0.00,1.00,1.00,2.00,1.00,0.00,0.00,2.00,0.00,2.00,0.00,0.00,0.00,0.00
9980016,"Patnt","BfMx","Depl",0,0.00,0.00,1.00,8.00,2.00,10.00,0.00,0.00,0.00,2.00,0.00,2.00,0.00,0.00,0.00,0.00
9980016,"Patnt","PoDom","Depl",5,0.00,0.00,1.00,2.00,0.00,1.00,0.00,0.00,0.00,20.00,0.00,1.00,0.00,0.00,0.00,0.00
9980016,"Patnt","PwDom","Depl",15,14.00,2.00,0.00,1.00,1.00,2.00,1.00,0.00,0.00,2.00,0.00,2.00,0.00,0.00,0.00,0.00
9980017,"4s_3s","BwDom","Depl",5,0.00,0.00,0.00,2.00,0.00,1.00,0.00,0.00,0.00,2.00,0.00,18.00,0.00,0.00,0.00,0.00
9980017,"4s_3s","HrDom","Depl",0,0.00,0.00,1.00,2.00,1.00,2.00,0.00,0.00,0.00,13.00,0.00,5.00,0.00,0.00,0.00,0.00
9980017,"4s_3s","PrDom","Depl",15,0.00,22.00,1.00,0.00,0.00,0.00,0.00,0.00,0.00,1.00,0.00,0.00,0.00,0.00,0.00,0.00
9980017,"Patnt","BwDom","Depl",5,0.00,0.00,0.00,2.00,0.00,1.00,0.00,0.00,0.00,2.00,0.00,18.00,0.00,0.00,0.00,0.00
9980017,"Patnt","HrDom","Depl",0,0.00,0.00,1.00,2.00,1.00,2.00,0.00,0.00,0.00,13.00,0.00,5.00,0.00,0.00,0.00,0.00
9980017,"Patnt","PrDom","Depl",15,0.00,22.00,1.00,0.00,0.00,0.00,0.00,0.00,0.00,1.00,0.00,0.00,0.00,0.00,0.00,0.00
9980018,"4s_3s","HrdMw","Depl",0,0.00,0.00,3.00,4.00,1.00,2.00,0.00,0.00,0.00,10.00,0.00,4.00,0.00,0.00,0.00,0.00
9980018,"4s_3s","PrwMx","Depl",15,4.00,8.00,2.00,2.00,1.00,2.00,1.00,0.00,0.00,3.00,0.00,2.00,0.00,0.00,0.00,0.00
9980018,"4s_3s","TolHd","Depl",5,0.00,0.00,0.00,2.00,0.00,1.00,1.00,0.00,0.00,4.00,0.00,1.00,0.00,0.00,0.00,15.00
9980018,"Patnt","HrdMw","Depl",0,0.00,0.00,3.00,4.00,1.00,2.00,0.00,0.00,0.00,10.00,0.00,4.00,0.00,0.00,0.00,0.00
9980018,"Patnt","PrwMx","Depl",15,4.00,8.00,2.00,2.00,1.00,2.00,1.00,0.00,0.00,3.00,0.00,2.00,0.00,0.00,0.00,0.00
9980018,"Patnt","TolHd","Depl",5,0.00,0.00,0.00,2.00,0.00,1.00,1.00,0.00,0.00,4.00,0.00,1.00,0.00,0.00,0.00,15.00
9980019,"4s_3s","ConMx","Depl",0,0.00,0.00,6.00,8.00,1.00,2.00,0.00,0.00,0.00,6.00,0.00,3.00,0.00,0.00,0.00,0.00
9980019,"4s_3s","SbMx1","Depl",5,0.00,0.00,6.00,14.00,1.00,1.00,0.00,0.00,0.00,2.00,0.00,1.00,0.00,0.00,0.00,0.00
9980019,"4s_3s","UplCe","Depl",15,1.00,0.00,0.00,2.00,1.00,2.00,14.00,0.00,0.00,2.00,0.00,2.00,0.00,0.00,0.00,0.00
9980019,"Patnt","ConMx","Depl",0,0.00,0.00,6.00,8.00,1.00,2.00,0.00,0.00,0.00,6.00,0.00,3.00,0.00,0.00,0.00,0.00
9980019,"Patnt","SbMx1","Depl",5,0.00,0.00,6.00,14.00,1.00,1.00,0.00,0.00,0.00,2.00,0.00,1.00,0.00,0.00,0.00,0.00
9980019,"Patnt","UplCe","Depl",15,1.00,0.00,0.00,2.00,1.00,2.00,14.00,0.00,0.00,2.00,0.00,2.00,0.00,0.00,0.00,0.00
9980020,"4s_3s","OCLow","Depl",15,0.00,0.00,0.00,5.00,0.00,0.00,10.00,8.00,0.00,0.00,0.00,0.00,0.00,0.00,0.00,1.00
9980020,"4s_3s","PjMx1","Depl",5,0.00,0.00,14.00,8.00,0.00,0.00,0.00,0.00,0.00,2.00,0.00,1.00,0.00,0.00,0.00,0.00
9980020,"Patnt","OCLow","Depl",15,0.00,0.00,0.00,5.00,0.00,0.00,10.00,8.00,0.00,0.00,0.00,0.00,0.00,0.00,0.00,1.00
9980020,"Patnt","PjMx1","Depl",5,0.00,0.00,14.00,8.00,0.00,0.00,0.00,0.00,0.00,2.00,0.00,1.00,0.00,0.00,0.00,0.00
9980021,"4s_3s","BfMx","Depl",5,0.00,0.00,1.00,8.00,2.00,10.00,0.00,0.00,0.00,2.00,0.00,2.00,0.00,0.00,0.00,0.00
9980021,"4s_3s","SbLow","Depl",15,0.00,0.00,1.00,22.00,0.00,0.00,0.00,2.00,0.00,0.00,0.00,0.00,0.00,0.00,0.00,0.00
9980021,"Patnt","BfMx","Depl",5,0.00,0.00,1.00,8.00,2.00,10.00,0.00,0.00,0.00,2.00,0.00,2.00,0.00,0.00,0.00,0.00
9980021,"Patnt","SbLow","Depl",15,0.00,0.00,1.00,22.00,0.00,0.00,0.00,2.00,0.00,0.00,0.00,0.00,0.00,0.00,0.00,0.00
9980022,"4s_3s","HrDom","Depl",5,0.00,0.00,1.00,2.00,1.00,2.00,0.00,0.00,0.00,13.00,0.00,5.00,0.00,0.00,0.00,0.00
9980022,"4s_3s","SbSha","Depl",15,0.00,0.00,3.00,20.00,0.00,0.00,0.00,0.00,0.00,0.00,0.00,0.00,0.00,0.00,0.00,0.00
9980022,"Patnt","HrDom","Depl",5,0.00,0.00,1.00,2.00,1.00,2.00,0.00,0.00,0.00,13.00,0.00,5.00,0.00,0.00,0.00,0.00
9980022,"Patnt","SbSha","Depl",15,0.00,0.00,3.00,20.00,0.00,0.00,0.00,0.00,0.00,0.00,0.00,0.00,0.00,0.00,0.00,0.00
9980023,"4s_3s","HrdMw","Depl",5,0.00,0.00,3.00,4.00,1.00,2.00,0.00,0.00,0.00,10.00,0.00,4.00,0.00,0.00,0.00,0.00
9980023,"4s_3s","SbDee","Depl",15,0.00,0.00,2.00,21.00,0.00,0.00,0.00,0.00,0.00,0.00,0.00,0.00,0.00,0.00,0.00,0.00
9980023,"Patnt","HrdMw","Depl",5,0.00,0.00,3.00,4.00,1.00,2.00,0.00,0.00,0.00,10.00,0.00,4.00,0.00,0.00,0.00,0.00
9980023,"Patnt","SbDee","Depl",15,0.00,0.00,2.00,21.00,0.00,0.00,0.00,0.00,0.00,0.00,0.00,0.00,0.00,0.00,0.00,0.00
9980024,"4s_3s","ConMx","Depl",5,0.00,0.00,6.00,8.00,1.00,2.00,0.00,0.00,0.00,6.00,0.00,3.00,0.00,0.00,0.00,0.00
9980024,"4s_3s","PjSha","Depl",15,0.00,0.00,20.00,3.00,0.00,0.00,0.00,0.00,0.00,1.00,0.00,0.00,0.00,0.00,0.00,0.00
9980024,"Patnt","ConMx","Depl",5,0.00,0.00,6.00,8.00,1.00,2.00,0.00,0.00,0.00,6.00,0.00,3.00,0.00,0.00,0.00,0.00
9980024,"Patnt","PjSha","Depl",15,0.00,0.00,20.00,3.00,0.00,0.00,0.00,0.00,0.00,1.00,0.00,0.00,0.00,0.00,0.00,0.00
9980025,"4s_3s","PjDee","Depl",15,0.00,0.00,21.00,3.00,0.00,0.00,0.00,0.00,0.00,1.00,0.00,0.00,0.00,0.00,0.00,0.00
9980025,"Patnt","PjDee","Depl",15,0.00,0.00,21.00,3.00,0.00,0.00,0.00,0.00,0.00,1.00,0.00,0.00,0.00,0.00,0.00,0.00
9980026,"4s_3s","PoDom","Depl",15,0.00,0.00,1.00,2.00,0.00,1.00,0.00,0.00,0.00,20.00,0.00,1.00,0.00,0.00,0.00,0.00
9980026,"4s_3s","PwDom","Depl",25,14.00,2.00,0.00,1.00,1.00,2.00,1.00,0.00,0.00,2.00,0.00,2.00,0.00,0.00,0.00,0.00
9980026,"Patnt","PoDom","Depl",15,0.00,0.00,1.00,2.00,0.00,1.00,0.00,0.00,0.00,20.00,0.00,1.00,0.00,0.00,0.00,0.00
9980026,"Patnt","PwDom","Depl",25,14.00,2.00,0.00,1.00,1.00,2.00,1.00,0.00,0.00,2.00,0.00,2.00,0.00,0.00,0.00,0.00
9980027,"4s_3s","BwDom","Depl",15,0.00,0.00,0.00,2.00,0.00,1.00,0.00,0.00,0.00,2.00,0.00,18.00,0.00,0.00,0.00,0.00
9980027,"4s_3s","PrDom","Depl",25,0.00,22.00,1.00,0.00,0.00,0.00,0.00,0.00,0.00,1.00,0.00,0.00,0.00,0.00,0.00,0.00
9980027,"Patnt","BwDom","Depl",15,0.00,0.00,0.00,2.00,0.00,1.00,0.00,0.00,0.00,2.00,0.00,18.00,0.00,0.00,0.00,0.00
9980027,"Patnt","PrDom","Depl",25,0.00,22.00,1.00,0.00,0.00,0.00,0.00,0.00,0.00,1.00,0.00,0.00,0.00,0.00,0.00,0.00
9980028,"4s_3s","PrwMx","Depl",25,4.00,8.00,2.00,2.00,1.00,2.00,1.00,0.00,0.00,3.00,0.00,2.00,0.00,0.00,0.00,0.00
9980028,"4s_3s","TolHd","Depl",15,0.00,0.00,0.00,2.00,0.00,1.00,1.00,0.00,0.00,4.00,0.00,1.00,0.00,0.00,0.00,15.00
9980028,"Patnt","PrwMx","Depl",25,4.00,8.00,2.00,2.00,1.00,2.00,1.00,0.00,0.00,3.00,0.00,2.00,0.00,0.00,0.00,0.00
9980028,"Patnt","TolHd","Depl",15,0.00,0.00,0.00,2.00,0.00,1.00,1.00,0.00,0.00,4.00,0.00,1.00,0.00,0.00,0.00,15.00
9980029,"4s_3s","SbMx1","Depl",15,0.00,0.00,6.00,14.00,1.00,1.00,0.00,0.00,0.00,2.00,0.00,1.00,0.00,0.00,0.00,0.00
9980029,"4s_3s","UplCe","Depl",25,1.00,0.00,0.00,2.00,1.00,2.00,14.00,0.00,0.00,2.00,0.00,2.00,0.00,0.00,0.00,0.00
9980029,"Patnt","SbMx1","Depl",15,0.00,0.00,6.00,14.00,1.00,1.00,0.00,0.00,0.00,2.00,0.00,1.00,0.00,0.00,0.00,0.00
9980029,"Patnt","UplCe","Depl",25,1.00,0.00,0.00,2.00,1.00,2.00,14.00,0.00,0.00,2.00,0.00,2.00,0.00,0.00,0.00,0.00
9980030,"4s_3s","OCLow","Depl",25,0.00,0.00,0.00,5.00,0.00,0.00,10.00,8.00,0.00,0.00,0.00,0.00,0.00,0.00,0.00,1.00
9980030,"4s_3s","PjMx1","Depl",15,0.00,0.00,14.00,8.00,0.00,0.00,0.00,0.00,0.00,2.00,0.00,1.00,0.00,0.00,0.00,0.00
9980030,"Patnt","OCLow","Depl",25,0.00,0.00,0.00,5.00,0.00,0.00,10.00,8.00,0.00,0.00,0.00,0.00,0.00,0.00,0.00,1.00
9980030,"Patnt","PjMx1","Depl",15,0.00,0.00,14.00,8.00,0.00,0.00,0.00,0.00,0.00,2.00,0.00,1.00,0.00,0.00,0.00,0.00
9980031,"4s_3s","BfMx","Depl",15,0.00,0.00,1.00,8.00,2.00,10.00,0.00,0.00,0.00,2.00,0.00,2.00,0.00,0.00,0.00,0.00
9980031,"4s_3s","SbLow","Depl",25,0.00,0.00,1.00,22.00,0.00,0.00,0.00,2.00,0.00,0.00,0.00,0.00,0.00,0.00,0.00,0.00
9980031,"Patnt","BfMx","Depl",15,0.00,0.00,1.00,8.00,2.00,10.00,0.00,0.00,0.00,2.00,0.00,2.00,0.00,0.00,0.00,0.00
9980031,"Patnt","SbLow","Depl",25,0.00,0.00,1.00,22.00,0.00,0.00,0.00,2.00,0.00,0.00,0.00,0.00,0.00,0.00,0.00,0.00
9980032,"4s_3s","HrDom","Depl",15,0.00,0.00,1.00,2.00,1.00,2.00,0.00,0.00,0.00,13.00,0.00,5.00,0.00,0.00,0.00,0.00
9980032,"4s_3s","SbSha","Depl",25,0.00,0.00,3.00,20.00,0.00,0.00,0.00,0.00,0.00,0.00,0.00,0.00,0.00,0.00,0.00,0.00
9980032,"Patnt","HrDom","Depl",15,0.00,0.00,1.00,2.00,1.00,2.00,0.00,0.00,0.00,13.00,0.00,5.00,0.00,0.00,0.00,0.00
9980032,"Patnt","SbSha","Depl",25,0.00,0.00,3.00,20.00,0.00,0.00,0.00,0.00,0.00,0.00,0.00,0.00,0.00,0.00,0.00,0.00
9980033,"4s_3s","HrdMw","Depl",15,0.00,0.00,3.00,4.00,1.00,2.00,0.00,0.00,0.00,10.00,0.00,4.00,0.00,0.00,0.00,0.00
9980033,"4s_3s","SbDee","Depl",25,0.00,0.00,2.00,21.00,0.00,0.00,0.00,0.00,0.00,0.00,0.00,0.00,0.00,0.00,0.00,0.00
9980033,"Patnt","HrdMw","Depl",15,0.00,0.00,3.00,4.00,1.00,2.00,0.00,0.00,0.00,10.00,0.00,4.00,0.00,0.00,0.00,0.00
9980033,"Patnt","SbDee","Depl",25,0.00,0.00,2.00,21.00,0.00,0.00,0.00,0.00,0.00,0.00,0.00,0.00,0.00,0.00,0.00,0.00
9980034,"4s_3s","ConMx","Depl",15,0.00,0.00,6.00,8.00,1.00,2.00,0.00,0.00,0.00,6.00,0.00,3.00,0.00,0.00,0.00,0.00
9980034,"4s_3s","PjSha","Depl",25,0.00,0.00,20.00,3.00,0.00,0.00,0.00,0.00,0.00,1.00,0.00,0.00,0.00,0.00,0.00,0.00
9980034,"Patnt","ConMx","Depl",15,0.00,0.00,6.00,8.00,1.00,2.00,0.00,0.00,0.00,6.00,0.00,3.00,0.00,0.00,0.00,0.00
9980034,"Patnt","PjSha","Depl",25,0.00,0.00,20.00,3.00,0.00,0.00,0.00,0.00,0.00,1.00,0.00,0.00,0.00,0.00,0.00,0.00
9980035,"4s_3s","PjDee","Depl",25,0.00,0.00,21.00,3.00,0.00,0.00,0.00,0.00,0.00,1.00,0.00,0.00,0.00,0.00,0.00,0.00
9980035,"Patnt","PjDee","Depl",25,0.00,0.00,21.00,3.00,0.00,0.00,0.00,0.00,0.00,1.00,0.00,0.00,0.00,0.00,0.00,0.00
9980036,"4s_3s","PoDom","Depl",25,0.00,0.00,1.00,2.00,0.00,1.00,0.00,0.00,0.00,20.00,0.00,1.00,0.00,0.00,0.00,0.00
9980036,"4s_3s","PwDom","Depl",35,14.00,2.00,0.00,1.00,1.00,2.00,1.00,0.00,0.00,2.00,0.00,2.00,0.00,0.00,0.00,0.00
9980036,"Patnt","PoDom","Depl",25,0.00,0.00,1.00,2.00,0.00,1.00,0.00,0.00,0.00,20.00,0.00,1.00,0.00,0.00,0.00,0.00
9980036,"Patnt","PwDom","Depl",35,14.00,2.00,0.00,1.00,1.00,2.00,1.00,0.00,0.00,2.00,0.00,2.00,0.00,0.00,0.00,0.00
9980037,"4s_3s","BwDom","Depl",25,0.00,0.00,0.00,2.00,0.00,1.00,0.00,0.00,0.00,2.00,0.00,18.00,0.00,0.00,0.00,0.00
9980037,"4s_3s","PrDom","Depl",35,0.00,22.00,1.00,0.00,0.00,0.00,0.00,0.00,0.00,1.00,0.00,0.00,0.00,0.00,0.00,0.00
9980037,"Patnt","BwDom","Depl",25,0.00,0.00,0.00,2.00,0.00,1.00,0.00,0.00,0.00,2.00,0.00,18.00,0.00,0.00,0.00,0.00
9980037,"Patnt","PrDom","Depl",35,0.00,22.00,1.00,0.00,0.00,0.00,0.00,0.00,0.00,1.00,0.00,0.00,0.00,0.00,0.00,0.00
9980038,"4s_3s","PrwMx","Depl",35,4.00,8.00,2.00,2.00,1.00,2.00,1.00,0.00,0.00,3.00,0.00,2.00,0.00,0.00,0.00,0.00
9980038,"4s_3s","TolHd","Depl",25,0.00,0.00,0.00,2.00,0.00,1.00,1.00,0.00,0.00,4.00,0.00,1.00,0.00,0.00,0.00,15.00
9980038,"Patnt","PrwMx","Depl",35,4.00,8.00,2.00,2.00,1.00,2.00,1.00,0.00,0.00,3.00,0.00,2.00,0.00,0.00,0.00,0.00
9980038,"Patnt","TolHd","Depl",25,0.00,0.00,0.00,2.00,0.00,1.00,1.00,0.00,0.00,4.00,0.00,1.00,0.00,0.00,0.00,15.00
9980039,"4s_3s","SbMx1","Depl",25,0.00,0.00,6.00,14.00,1.00,1.00,0.00,0.00,0.00,2.00,0.00,1.00,0.00,0.00,0.00,0.00
9980039,"4s_3s","UplCe","Depl",35,1.00,0.00,0.00,2.00,1.00,2.00,14.00,0.00,0.00,2.00,0.00,2.00,0.00,0.00,0.00,0.00
9980039,"Patnt","SbMx1","Depl",25,0.00,0.00,6.00,14.00,1.00,1.00,0.00,0.00,0.00,2.00,0.00,1.00,0.00,0.00,0.00,0.00
9980039,"Patnt","UplCe","Depl",35,1.00,0.00,0.00,2.00,1.00,2.00,14.00,0.00,0.00,2.00,0.00,2.00,0.00,0.00,0.00,0.00
9980040,"4s_3s","OCLow","Depl",35,0.00,0.00,0.00,5.00,0.00,0.00,10.00,8.00,0.00,0.00,0.00,0.00,0.00,0.00,0.00,1.00
9980040,"4s_3s","PjMx1","Depl",25,0.00,0.00,14.00,8.00,0.00,0.00,0.00,0.00,0.00,2.00,0.00,1.00,0.00,0.00,0.00,0.00
9980040,"Patnt","OCLow","Depl",35,0.00,0.00,0.00,5.00,0.00,0.00,10.00,8.00,0.00,0.00,0.00,0.00,0.00,0.00,0.00,1.00
9980040,"Patnt","PjMx1","Depl",25,0.00,0.00,14.00,8.00,0.00,0.00,0.00,0.00,0.00,2.00,0.00,1.00,0.00,0.00,0.00,0.00
9980041,"4s_3s","BfMx","Depl",25,0.00,0.00,1.00,8.00,2.00,10.00,0.00,0.00,0.00,2.00,0.00,2.00,0.00,0.00,0.00,0.00
9980041,"4s_3s","SbLow","Depl",35,0.00,0.00,1.00,22.00,0.00,0.00,0.00,2.00,0.00,0.00,0.00,0.00,0.00,0.00,0.00,0.00
9980041,"Patnt","BfMx","Depl",25,0.00,0.00,1.00,8.00,2.00,10.00,0.00,0.00,0.00,2.00,0.00,2.00,0.00,0.00,0.00,0.00
9980041,"Patnt","SbLow","Depl",35,0.00,0.00,1.00,22.00,0.00,0.00,0.00,2.00,0.00,0.00,0.00,0.00,0.00,0.00,0.00,0.00
9980042,"4s_3s","HrDom","Depl",25,0.00,0.00,1.00,2.00,1.00,2.00,0.00,0.00,0.00,13.00,0.00,5.00,0.00,0.00,0.00,0.00
9980042,"4s_3s","SbSha","Depl",35,0.00,0.00,3.00,20.00,0.00,0.00,0.00,0.00,0.00,0.00,0.00,0.00,0.00,0.00,0.00,0.00
9980042,"Patnt","HrDom","Depl",25,0.00,0.00,1.00,2.00,1.00,2.00,0.00,0.00,0.00,13.00,0.00,5.00,0.00,0.00,0.00,0.00
9980042,"Patnt","SbSha","Depl",35,0.00,0.00,3.00,20.00,0.00,0.00,0.00,0.00,0.00,0.00,0.00,0.00,0.00,0.00,0.00,0.00
9980043,"4s_3s","HrdMw","Depl",25,0.00,0.00,3.00,4.00,1.00,2.00,0.00,0.00,0.00,10.00,0.00,4.00,0.00,0.00,0.00,0.00
9980043,"4s_3s","SbDee","Depl",35,0.00,0.00,2.00,21.00,0.00,0.00,0.00,0.00,0.00,0.00,0.00,0.00,0.00,0.00,0.00,0.00
9980043,"Patnt","HrdMw","Depl",25,0.00,0.00,3.00,4.00,1.00,2.00,0.00,0.00,0.00,10.00,0.00,4.00,0.00,0.00,0.00,0.00
9980043,"Patnt","SbDee","Depl",35,0.00,0.00,2.00,21.00,0.00,0.00,0.00,0.00,0.00,0.00,0.00,0.00,0.00,0.00,0.00,0.00
9980044,"4s_3s","ConMx","Depl",25,0.00,0.00,6.00,8.00,1.00,2.00,0.00,0.00,0.00,6.00,0.00,3.00,0.00,0.00,0.00,0.00
9980044,"4s_3s","PjSha","Depl",35,0.00,0.00,20.00,3.00,0.00,0.00,0.00,0.00,0.00,1.00,0.00,0.00,0.00,0.00,0.00,0.00
9980044,"Patnt","ConMx","Depl",25,0.00,0.00,6.00,8.00,1.00,2.00,0.00,0.00,0.00,6.00,0.00,3.00,0.00,0.00,0.00,0.00
9980044,"Patnt","PjSha","Depl",35,0.00,0.00,20.00,3.00,0.00,0.00,0.00,0.00,0.00,1.00,0.00,0.00,0.00,0.00,0.00,0.00
9980045,"4s_3s","PjDee","Depl",35,0.00,0.00,21.00,3.00,0.00,0.00,0.00,0.00,0.00,1.00,0.00,0.00,0.00,0.00,0.00,0.00
9980045,"Patnt","PjDee","Depl",35,0.00,0.00,21.00,3.00,0.00,0.00,0.00,0.00,0.00,1.00,0.00,0.00,0.00,0.00,0.00,0.00
9980046,"4s_3s","PoDom","Depl",35,0.00,0.00,1.00,2.00,0.00,1.00,0.00,0.00,0.00,20.00,0.00,1.00,0.00,0.00,0.00,0.00
9980046,"4s_3s","PwDom","Depl",45,14.00,2.00,0.00,1.00,1.00,2.00,1.00,0.00,0.00,2.00,0.00,2.00,0.00,0.00,0.00,0.00
9980046,"Patnt","PoDom","Depl",35,0.00,0.00,1.00,2.00,0.00,1.00,0.00,0.00,0.00,20.00,0.00,1.00,0.00,0.00,0.00,0.00
9980046,"Patnt","PwDom","Depl",45,14.00,2.00,0.00,1.00,1.00,2.00,1.00,0.00,0.00,2.00,0.00,2.00,0.00,0.00,0.00,0.00
9980047,"4s_3s","BwDom","Depl",35,0.00,0.00,0.00,2.00,0.00,1.00,0.00,0.00,0.00,2.00,0.00,18.00,0.00,0.00,0.00,0.00
9980047,"4s_3s","PrDom","Depl",45,0.00,22.00,1.00,0.00,0.00,0.00,0.00,0.00,0.00,1.00,0.00,0.00,0.00,0.00,0.00,0.00
9980047,"Patnt","BwDom","Depl",35,0.00,0.00,0.00,2.00,0.00,1.00,0.00,0.00,0.00,2.00,0.00,18.00,0.00,0.00,0.00,0.00
9980047,"Patnt","PrDom","Depl",45,0.00,22.00,1.00,0.00,0.00,0.00,0.00,0.00,0.00,1.00,0.00,0.00,0.00,0.00,0.00,0.00
9980048,"4s_3s","PrwMx","Depl",45,4.00,8.00,2.00,2.00,1.00,2.00,1.00,0.00,0.00,3.00,0.00,2.00,0.00,0.00,0.00,0.00
9980048,"4s_3s","TolHd","Depl",35,0.00,0.00,0.00,2.00,0.00,1.00,1.00,0.00,0.00,4.00,0.00,1.00,0.00,0.00,0.00,15.00
9980048,"Patnt","PrwMx","Depl",45,4.00,8.00,2.00,2.00,1.00,2.00,1.00,0.00,0.00,3.00,0.00,2.00,0.00,0.00,0.00,0.00
9980048,"Patnt","TolHd","Depl",35,0.00,0.00,0.00,2.00,0.00,1.00,1.00,0.00,0.00,4.00,0.00,1.00,0.00,0.00,0.00,15.00
9980049,"4s_3s","SbMx1","Depl",35,0.00,0.00,6.00,14.00,1.00,1.00,0.00,0.00,0.00,2.00,0.00,1.00,0.00,0.00,0.00,0.00
9980049,"4s_3s","UplCe","Depl",45,1.00,0.00,0.00,2.00,1.00,2.00,14.00,0.00,0.00,2.00,0.00,2.00,0.00,0.00,0.00,0.00
9980049,"Patnt","SbMx1","Depl",35,0.00,0.00,6.00,14.00,1.00,1.00,0.00,0.00,0.00,2.00,0.00,1.00,0.00,0.00,0.00,0.00
9980049,"Patnt","UplCe","Depl",45,1.00,0.00,0.00,2.00,1.00,2.00,14.00,0.00,0.00,2.00,0.00,2.00,0.00,0.00,0.00,0.00
9980050,"4s_3s","OCLow","Depl",45,0.00,0.00,0.00,5.00,0.00,0.00,10.00,8.00,0.00,0.00,0.00,0.00,0.00,0.00,0.00,1.00
9980050,"4s_3s","PjMx1","Depl",35,0.00,0.00,14.00,8.00,0.00,0.00,0.00,0.00,0.00,2.00,0.00,1.00,0.00,0.00,0.00,0.00
9980050,"Patnt","OCLow","Depl",45,0.00,0.00,0.00,5.00,0.00,0.00,10.00,8.00,0.00,0.00,0.00,0.00,0.00,0.00,0.00,1.00
9980050,"Patnt","PjMx1","Depl",35,0.00,0.00,14.00,8.00,0.00,0.00,0.00,0.00,0.00,2.00,0.00,1.00,0.00,0.00,0.00,0.00
9980051,"4s_3s","BfMx","Depl",35,0.00,0.00,1.00,8.00,2.00,10.00,0.00,0.00,0.00,2.00,0.00,2.00,0.00,0.00,0.00,0.00
9980051,"4s_3s","SbLow","Depl",45,0.00,0.00,1.00,22.00,0.00,0.00,0.00,2.00,0.00,0.00,0.00,0.00,0.00,0.00,0.00,0.00
9980051,"Patnt","BfMx","Depl",35,0.00,0.00,1.00,8.00,2.00,10.00,0.00,0.00,0.00,2.00,0.00,2.00,0.00,0.00,0.00,0.00
9980051,"Patnt","SbLow","Depl",45,0.00,0.00,1.00,22.00,0.00,0.00,0.00,2.00,0.00,0.00,0.00,0.00,0.00,0.00,0.00,0.00
9980052,"4s_3s","HrDom","Depl",35,0.00,0.00,1.00,2.00,1.00,2.00,0.00,0.00,0.00,13.00,0.00,5.00,0.00,0.00,0.00,0.00
9980052,"4s_3s","SbSha","Depl",45,0.00,0.00,3.00,20.00,0.00,0.00,0.00,0.00,0.00,0.00,0.00,0.00,0.00,0.00,0.00,0.00
9980052,"Patnt","HrDom","Depl",35,0.00,0.00,1.00,2.00,1.00,2.00,0.00,0.00,0.00,13.00,0.00,5.00,0.00,0.00,0.00,0.00
9980052,"Patnt","SbSha","Depl",45,0.00,0.00,3.00,20.00,0.00,0.00,0.00,0.00,0.00,0.00,0.00,0.00,0.00,0.00,0.00,0.00
9980053,"4s_3s","HrdMw","Depl",35,0.00,0.00,3.00,4.00,1.00,2.00,0.00,0.00,0.00,10.00,0.00,4.00,0.00,0.00,0.00,0.00
9980053,"4s_3s","SbDee","Depl",45,0.00,0.00,2.00,21.00,0.00,0.00,0.00,0.00,0.00,0.00,0.00,0.00,0.00,0.00,0.00,0.00
9980053,"Patnt","HrdMw","Depl",35,0.00,0.00,3.00,4.00,1.00,2.00,0.00,0.00,0.00,10.00,0.00,4.00,0.00,0.00,0.00,0.00
9980053,"Patnt","SbDee","Depl",45,0.00,0.00,2.00,21.00,0.00,0.00,0.00,0.00,0.00,0.00,0.00,0.00,0.00,0.00,0.00,0.00
9980054,"4s_3s","ConMx","Depl",35,0.00,0.00,6.00,8.00,1.00,2.00,0.00,0.00,0.00,6.00,0.00,3.00,0.00,0.00,0.00,0.00
9980054,"4s_3s","PjSha","Depl",45,0.00,0.00,20.00,3.00,0.00,0.00,0.00,0.00,0.00,1.00,0.00,0.00,0.00,0.00,0.00,0.00
9980054,"Patnt","ConMx","Depl",35,0.00,0.00,6.00,8.00,1.00,2.00,0.00,0.00,0.00,6.00,0.00,3.00,0.00,0.00,0.00,0.00
9980054,"Patnt","PjSha","Depl",45,0.00,0.00,20.00,3.00,0.00,0.00,0.00,0.00,0.00,1.00,0.00,0.00,0.00,0.00,0.00,0.00
9980055,"4s_3s","PjDee","Depl",45,0.00,0.00,21.00,3.00,0.00,0.00,0.00,0.00,0.00,1.00,0.00,0.00,0.00,0.00,0.00,0.00
9980055,"Patnt","PjDee","Depl",45,0.00,0.00,21.00,3.00,0.00,0.00,0.00,0.00,0.00,1.00,0.00,0.00,0.00,0.00,0.00,0.00
9980056,"4s_3s","PoDom","Depl",45,0.00,0.00,1.00,2.00,0.00,1.00,0.00,0.00,0.00,20.00,0.00,1.00,0.00,0.00,0.00,0.00
9980056,"4s_3s","PwDom","Depl",55,14.00,2.00,0.00,1.00,1.00,2.00,1.00,0.00,0.00,2.00,0.00,2.00,0.00,0.00,0.00,0.00
9980056,"Patnt","PoDom","Depl",45,0.00,0.00,1.00,2.00,0.00,1.00,0.00,0.00,0.00,20.00,0.00,1.00,0.00,0.00,0.00,0.00
9980056,"Patnt","PwDom","Depl",55,14.00,2.00,0.00,1.00,1.00,2.00,1.00,0.00,0.00,2.00,0.00,2.00,0.00,0.00,0.00,0.00
9980057,"4s_3s","BwDom","Depl",45,0.00,0.00,0.00,2.00,0.00,1.00,0.00,0.00,0.00,2.00,0.00,18.00,0.00,0.00,0.00,0.00
9980057,"4s_3s","PrDom","Depl",55,0.00,22.00,1.00,0.00,0.00,0.00,0.00,0.00,0.00,1.00,0.00,0.00,0.00,0.00,0.00,0.00
9980057,"Patnt","BwDom","Depl",45,0.00,0.00,0.00,2.00,0.00,1.00,0.00,0.00,0.00,2.00,0.00,18.00,0.00,0.00,0.00,0.00
9980057,"Patnt","PrDom","Depl",55,0.00,22.00,1.00,0.00,0.00,0.00,0.00,0.00,0.00,1.00,0.00,0.00,0.00,0.00,0.00,0.00
9980058,"4s_3s","PrwMx","Depl",55,4.00,8.00,2.00,2.00,1.00,2.00,1.00,0.00,0.00,3.00,0.00,2.00,0.00,0.00,0.00,0.00
9980058,"4s_3s","TolHd","Depl",45,0.00,0.00,0.00,2.00,0.00,1.00,1.00,0.00,0.00,4.00,0.00,1.00,0.00,0.00,0.00,15.00
9980058,"Patnt","PrwMx","Depl",55,4.00,8.00,2.00,2.00,1.00,2.00,1.00,0.00,0.00,3.00,0.00,2.00,0.00,0.00,0.00,0.00
9980058,"Patnt","TolHd","Depl",45,0.00,0.00,0.00,2.00,0.00,1.00,1.00,0.00,0.00,4.00,0.00,1.00,0.00,0.00,0.00,15.00
9980059,"4s_3s","SbMx1","Depl",45,0.00,0.00,6.00,14.00,1.00,1.00,0.00,0.00,0.00,2.00,0.00,1.00,0.00,0.00,0.00,0.00
9980059,"4s_3s","UplCe","Depl",55,1.00,0.00,0.00,2.00,1.00,2.00,14.00,0.00,0.00,2.00,0.00,2.00,0.00,0.00,0.00,0.00
9980059,"Patnt","SbMx1","Depl",45,0.00,0.00,6.00,14.00,1.00,1.00,0.00,0.00,0.00,2.00,0.00,1.00,0.00,0.00,0.00,0.00
9980059,"Patnt","UplCe","Depl",55,1.00,0.00,0.00,2.00,1.00,2.00,14.00,0.00,0.00,2.00,0.00,2.00,0.00,0.00,0.00,0.00
9980060,"4s_3s","OCLow","Depl",55,0.00,0.00,0.00,5.00,0.00,0.00,10.00,8.00,0.00,0.00,0.00,0.00,0.00,0.00,0.00,1.00
9980060,"4s_3s","PjMx1","Depl",45,0.00,0.00,14.00,8.00,0.00,0.00,0.00,0.00,0.00,2.00,0.00,1.00,0.00,0.00,0.00,0.00
9980060,"Patnt","OCLow","Depl",55,0.00,0.00,0.00,5.00,0.00,0.00,10.00,8.00,0.00,0.00,0.00,0.00,0.00,0.00,0.00,1.00
9980060,"Patnt","PjMx1","Depl",45,0.00,0.00,14.00,8.00,0.00,0.00,0.00,0.00,0.00,2.00,0.00,1.00,0.00,0.00,0.00,0.00
9980061,"4s_3s","BfMx","Depl",45,0.00,0.00,1.00,8.00,2.00,10.00,0.00,0.00,0.00,2.00,0.00,2.00,0.00,0.00,0.00,0.00
9980061,"4s_3s","SbLow","Depl",55,0.00,0.00,1.00,22.00,0.00,0.00,0.00,2.00,0.00,0.00,0.00,0.00,0.00,0.00,0.00,0.00
9980061,"Patnt","BfMx","Depl",45,0.00,0.00,1.00,8.00,2.00,10.00,0.00,0.00,0.00,2.00,0.00,2.00,0.00,0.00,0.00,0.00
9980061,"Patnt","SbLow","Depl",55,0.00,0.00,1.00,22.00,0.00,0.00,0.00,2.00,0.00,0.00,0.00,0.00,0.00,0.00,0.00,0.00
9980062,"4s_3s","HrDom","Depl",45,0.00,0.00,1.00,2.00,1.00,2.00,0.00,0.00,0.00,13.00,0.00,5.00,0.00,0.00,0.00,0.00
9980062,"4s_3s","SbSha","Depl",55,0.00,0.00,3.00,20.00,0.00,0.00,0.00,0.00,0.00,0.00,0.00,0.00,0.00,0.00,0.00,0.00
9980062,"Patnt","HrDom","Depl",45,0.00,0.00,1.00,2.00,1.00,2.00,0.00,0.00,0.00,13.00,0.00,5.00,0.00,0.00,0.00,0.00
9980062,"Patnt","SbSha","Depl",55,0.00,0.00,3.00,20.00,0.00,0.00,0.00,0.00,0.00,0.00,0.00,0.00,0.00,0.00,0.00,0.00
9980063,"4s_3s","HrdMw","Depl",45,0.00,0.00,3.00,4.00,1.00,2.00,0.00,0.00,0.00,10.00,0.00,4.00,0.00,0.00,0.00,0.00
9980063,"4s_3s","SbDee","Depl",55,0.00,0.00,2.00,21.00,0.00,0.00,0.00,0.00,0.00,0.00,0.00,0.00,0.00,0.00,0.00,0.00
9980063,"Patnt","HrdMw","Depl",45,0.00,0.00,3.00,4.00,1.00,2.00,0.00,0.00,0.00,10.00,0.00,4.00,0.00,0.00,0.00,0.00
9980063,"Patnt","SbDee","Depl",55,0.00,0.00,2.00,21.00,0.00,0.00,0.00,0.00,0.00,0.00,0.00,0.00,0.00,0.00,0.00,0.00
9980064,"4s_3s","ConMx","Depl",45,0.00,0.00,6.00,8.00,1.00,2.00,0.00,0.00,0.00,6.00,0.00,3.00,0.00,0.00,0.00,0.00
9980064,"4s_3s","PjSha","Depl",55,0.00,0.00,20.00,3.00,0.00,0.00,0.00,0.00,0.00,1.00,0.00,0.00,0.00,0.00,0.00,0.00
9980064,"Patnt","ConMx","Depl",45,0.00,0.00,6.00,8.00,1.00,2.00,0.00,0.00,0.00,6.00,0.00,3.00,0.00,0.00,0.00,0.00
9980064,"Patnt","PjSha","Depl",55,0.00,0.00,20.00,3.00,0.00,0.00,0.00,0.00,0.00,1.00,0.00,0.00,0.00,0.00,0.00,0.00
9980065,"4s_3s","PjDee","Depl",55,0.00,0.00,21.00,3.00,0.00,0.00,0.00,0.00,0.00,1.00,0.00,0.00,0.00,0.00,0.00,0.00
9980065,"Patnt","PjDee","Depl",55,0.00,0.00,21.00,3.00,0.00,0.00,0.00,0.00,0.00,1.00,0.00,0.00,0.00,0.00,0.00,0.00
9980066,"4s_3s","PoDom","Depl",55,0.00,0.00,1.00,2.00,0.00,1.00,0.00,0.00,0.00,20.00,0.00,1.00,0.00,0.00,0.00,0.00
9980066,"4s_3s","PwDom","Depl",65,14.00,2.00,0.00,1.00,1.00,2.00,1.00,0.00,0.00,2.00,0.00,2.00,0.00,0.00,0.00,0.00
9980066,"Patnt","PoDom","Depl",55,0.00,0.00,1.00,2.00,0.00,1.00,0.00,0.00,0.00,20.00,0.00,1.00,0.00,0.00,0.00,0.00
9980066,"Patnt","PwDom","Depl",65,14.00,2.00,0.00,1.00,1.00,2.00,1.00,0.00,0.00,2.00,0.00,2.00,0.00,0.00,0.00,0.00
9980067,"4s_3s","BwDom","Depl",55,0.00,0.00,0.00,2.00,0.00,1.00,0.00,0.00,0.00,2.00,0.00,18.00,0.00,0.00,0.00,0.00
9980067,"4s_3s","PrDom","Depl",65,0.00,22.00,1.00,0.00,0.00,0.00,0.00,0.00,0.00,1.00,0.00,0.00,0.00,0.00,0.00,0.00
9980067,"Patnt","BwDom","Depl",55,0.00,0.00,0.00,2.00,0.00,1.00,0.00,0.00,0.00,2.00,0.00,18.00,0.00,0.00,0.00,0.00
9980067,"Patnt","PrDom","Depl",65,0.00,22.00,1.00,0.00,0.00,0.00,0.00,0.00,0.00,1.00,0.00,0.00,0.00,0.00,0.00,0.00
9980068,"4s_3s","PrwMx","Depl",65,4.00,8.00,2.00,2.00,1.00,2.00,1.00,0.00,0.00,3.00,0.00,2.00,0.00,0.00,0.00,0.00
9980068,"4s_3s","TolHd","Depl",55,0.00,0.00,0.00,2.00,0.00,1.00,1.00,0.00,0.00,4.00,0.00,1.00,0.00,0.00,0.00,15.00
9980068,"Patnt","PrwMx","Depl",65,4.00,8.00,2.00,2.00,1.00,2.00,1.00,0.00,0.00,3.00,0.00,2.00,0.00,0.00,0.00,0.00
9980068,"Patnt","TolHd","Depl",55,0.00,0.00,0.00,2.00,0.00,1.00,1.00,0.00,0.00,4.00,0.00,1.00,0.00,0.00,0.00,15.00
9980069,"4s_3s","SbMx1","Depl",55,0.00,0.00,6.00,14.00,1.00,1.00,0.00,0.00,0.00,2.00,0.00,1.00,0.00,0.00,0.00,0.00
9980069,"4s_3s","UplCe","Depl",65,1.00,0.00,0.00,2.00,1.00,2.00,14.00,0.00,0.00,2.00,0.00,2.00,0.00,0.00,0.00,0.00
9980069,"Patnt","SbMx1","Depl",55,0.00,0.00,6.00,14.00,1.00,1.00,0.00,0.00,0.00,2.00,0.00,1.00,0.00,0.00,0.00,0.00
9980069,"Patnt","UplCe","Depl",65,1.00,0.00,0.00,2.00,1.00,2.00,14.00,0.00,0.00,2.00,0.00,2.00,0.00,0.00,0.00,0.00
9980070,"4s_3s","OCLow","Depl",65,0.00,0.00,0.00,5.00,0.00,0.00,10.00,8.00,0.00,0.00,0.00,0.00,0.00,0.00,0.00,1.00
9980070,"4s_3s","PjMx1","Depl",55,0.00,0.00,14.00,8.00,0.00,0.00,0.00,0.00,0.00,2.00,0.00,1.00,0.00,0.00,0.00,0.00
9980070,"Patnt","OCLow","Depl",65,0.00,0.00,0.00,5.00,0.00,0.00,10.00,8.00,0.00,0.00,0.00,0.00,0.00,0.00,0.00,1.00
9980070,"Patnt","PjMx1","Depl",55,0.00,0.00,14.00,8.00,0.00,0.00,0.00,0.00,0.00,2.00,0.00,1.00,0.00,0.00,0.00,0.00
9980071,"4s_3s","BfMx","Depl",55,0.00,0.00,1.00,8.00,2.00,10.00,0.00,0.00,0.00,2.00,0.00,2.00,0.00,0.00,0.00,0.00
9980071,"4s_3s","SbLow","Depl",65,0.00,0.00,1.00,22.00,0.00,0.00,0.00,2.00,0.00,0.00,0.00,0.00,0.00,0.00,0.00,0.00
9980071,"Patnt","BfMx","Depl",55,0.00,0.00,1.00,8.00,2.00,10.00,0.00,0.00,0.00,2.00,0.00,2.00,0.00,0.00,0.00,0.00
9980071,"Patnt","SbLow","Depl",65,0.00,0.00,1.00,22.00,0.00,0.00,0.00,2.00,0.00,0.00,0.00,0.00,0.00,0.00,0.00,0.00
9980072,"4s_3s","HrDom","Depl",55,0.00,0.00,1.00,2.00,1.00,2.00,0.00,0.00,0.00,13.00,0.00,5.00,0.00,0.00,0.00,0.00
9980072,"4s_3s","SbSha","Depl",65,0.00,0.00,3.00,20.00,0.00,0.00,0.00,0.00,0.00,0.00,0.00,0.00,0.00,0.00,0.00,0.00
9980072,"Patnt","HrDom","Depl",55,0.00,0.00,1.00,2.00,1.00,2.00,0.00,0.00,0.00,13.00,0.00,5.00,0.00,0.00,0.00,0.00
9980072,"Patnt","SbSha","Depl",65,0.00,0.00,3.00,20.00,0.00,0.00,0.00,0.00,0.00,0.00,0.00,0.00,0.00,0.00,0.00,0.00
9980073,"4s_3s","HrdMw","Depl",55,0.00,0.00,3.00,4.00,1.00,2.00,0.00,0.00,0.00,10.00,0.00,4.00,0.00,0.00,0.00,0.00
9980073,"4s_3s","SbDee","Depl",65,0.00,0.00,2.00,21.00,0.00,0.00,0.00,0.00,0.00,0.00,0.00,0.00,0.00,0.00,0.00,0.00
9980073,"Patnt","HrdMw","Depl",55,0.00,0.00,3.00,4.00,1.00,2.00,0.00,0.00,0.00,10.00,0.00,4.00,0.00,0.00,0.00,0.00
9980073,"Patnt","SbDee","Depl",65,0.00,0.00,2.00,21.00,0.00,0.00,0.00,0.00,0.00,0.00,0.00,0.00,0.00,0.00,0.00,0.00
9980074,"4s_3s","ConMx","Depl",55,0.00,0.00,6.00,8.00,1.00,2.00,0.00,0.00,0.00,6.00,0.00,3.00,0.00,0.00,0.00,0.00
9980074,"4s_3s","PjSha","Depl",65,0.00,0.00,20.00,3.00,0.00,0.00,0.00,0.00,0.00,1.00,0.00,0.00,0.00,0.00,0.00,0.00
9980074,"Patnt","ConMx","Depl",55,0.00,0.00,6.00,8.00,1.00,2.00,0.00,0.00,0.00,6.00,0.00,3.00,0.00,0.00,0.00,0.00
9980074,"Patnt","PjSha","Depl",65,0.00,0.00,20.00,3.00,0.00,0.00,0.00,0.00,0.00,1.00,0.00,0.00,0.00,0.00,0.00,0.00
9980075,"4s_3s","PjDee","Depl",65,0.00,0.00,21.00,3.00,0.00,0.00,0.00,0.00,0.00,1.00,0.00,0.00,0.00,0.00,0.00,0.00
9980075,"Patnt","PjDee","Depl",65,0.00,0.00,21.00,3.00,0.00,0.00,0.00,0.00,0.00,1.00,0.00,0.00,0.00,0.00,0.00,0.00
9980076,"4s_3s","PoDom","Depl",65,0.00,0.00,1.00,2.00,0.00,1.00,0.00,0.00,0.00,20.00,0.00,1.00,0.00,0.00,0.00,0.00
9980076,"4s_3s","PwDom","Depl",75,14.00,2.00,0.00,1.00,1.00,2.00,1.00,0.00,0.00,2.00,0.00,2.00,0.00,0.00,0.00,0.00
9980076,"Patnt","PoDom","Depl",65,0.00,0.00,1.00,2.00,0.00,1.00,0.00,0.00,0.00,20.00,0.00,1.00,0.00,0.00,0.00,0.00
9980076,"Patnt","PwDom","Depl",75,14.00,2.00,0.00,1.00,1.00,2.00,1.00,0.00,0.00,2.00,0.00,2.00,0.00,0.00,0.00,0.00
9980077,"4s_3s","BwDom","Depl",65,0.00,0.00,0.00,2.00,0.00,1.00,0.00,0.00,0.00,2.00,0.00,18.00,0.00,0.00,0.00,0.00
9980077,"4s_3s","PrDom","Depl",75,0.00,22.00,1.00,0.00,0.00,0.00,0.00,0.00,0.00,1.00,0.00,0.00,0.00,0.00,0.00,0.00
9980077,"Patnt","BwDom","Depl",65,0.00,0.00,0.00,2.00,0.00,1.00,0.00,0.00,0.00,2.00,0.00,18.00,0.00,0.00,0.00,0.00
9980077,"Patnt","PrDom","Depl",75,0.00,22.00,1.00,0.00,0.00,0.00,0.00,0.00,0.00,1.00,0.00,0.00,0.00,0.00,0.00,0.00
9980078,"4s_3s","PrwMx","Depl",75,4.00,8.00,2.00,2.00,1.00,2.00,1.00,0.00,0.00,3.00,0.00,2.00,0.00,0.00,0.00,0.00
9980078,"4s_3s","TolHd","Depl",65,0.00,0.00,0.00,2.00,0.00,1.00,1.00,0.00,0.00,4.00,0.00,1.00,0.00,0.00,0.00,15.00
9980078,"Patnt","PrwMx","Depl",75,4.00,8.00,2.00,2.00,1.00,2.00,1.00,0.00,0.00,3.00,0.00,2.00,0.00,0.00,0.00,0.00
9980078,"Patnt","TolHd","Depl",65,0.00,0.00,0.00,2.00,0.00,1.00,1.00,0.00,0.00,4.00,0.00,1.00,0.00,0.00,0.00,15.00
9980079,"4s_3s","SbMx1","Depl",65,0.00,0.00,6.00,14.00,1.00,1.00,0.00,0.00,0.00,2.00,0.00,1.00,0.00,0.00,0.00,0.00
9980079,"4s_3s","UplCe","Depl",75,1.00,0.00,0.00,2.00,1.00,2.00,14.00,0.00,0.00,2.00,0.00,2.00,0.00,0.00,0.00,0.00
9980079,"Patnt","SbMx1","Depl",65,0.00,0.00,6.00,14.00,1.00,1.00,0.00,0.00,0.00,2.00,0.00,1.00,0.00,0.00,0.00,0.00
9980079,"Patnt","UplCe","Depl",75,1.00,0.00,0.00,2.00,1.00,2.00,14.00,0.00,0.00,2.00,0.00,2.00,0.00,0.00,0.00,0.00
9980080,"4s_3s","OCLow","Depl",75,0.00,0.00,0.00,5.00,0.00,0.00,10.00,8.00,0.00,0.00,0.00,0.00,0.00,0.00,0.00,1.00
9980080,"4s_3s","PjMx1","Depl",65,0.00,0.00,14.00,8.00,0.00,0.00,0.00,0.00,0.00,2.00,0.00,1.00,0.00,0.00,0.00,0.00
9980080,"Patnt","OCLow","Depl",75,0.00,0.00,0.00,5.00,0.00,0.00,10.00,8.00,0.00,0.00,0.00,0.00,0.00,0.00,0.00,1.00
9980080,"Patnt","PjMx1","Depl",65,0.00,0.00,14.00,8.00,0.00,0.00,0.00,0.00,0.00,2.00,0.00,1.00,0.00,0.00,0.00,0.00
9980081,"4s_3s","BfMx","Depl",65,0.00,0.00,1.00,8.00,2.00,10.00,0.00,0.00,0.00,2.00,0.00,2.00,0.00,0.00,0.00,0.00
9980081,"4s_3s","SbLow","Depl",75,0.00,0.00,1.00,22.00,0.00,0.00,0.00,2.00,0.00,0.00,0.00,0.00,0.00,0.00,0.00,0.00
9980081,"Patnt","BfMx","Depl",65,0.00,0.00,1.00,8.00,2.00,10.00,0.00,0.00,0.00,2.00,0.00,2.00,0.00,0.00,0.00,0.00
9980081,"Patnt","SbLow","Depl",75,0.00,0.00,1.00,22.00,0.00,0.00,0.00,2.00,0.00,0.00,0.00,0.00,0.00,0.00,0.00,0.00
9980082,"4s_3s","HrDom","Depl",65,0.00,0.00,1.00,2.00,1.00,2.00,0.00,0.00,0.00,13.00,0.00,5.00,0.00,0.00,0.00,0.00
9980082,"4s_3s","SbSha","Depl",75,0.00,0.00,3.00,20.00,0.00,0.00,0.00,0.00,0.00,0.00,0.00,0.00,0.00,0.00,0.00,0.00
9980082,"Patnt","HrDom","Depl",65,0.00,0.00,1.00,2.00,1.00,2.00,0.00,0.00,0.00,13.00,0.00,5.00,0.00,0.00,0.00,0.00
9980082,"Patnt","SbSha","Depl",75,0.00,0.00,3.00,20.00,0.00,0.00,0.00,0.00,0.00,0.00,0.00,0.00,0.00,0.00,0.00,0.00
9980083,"4s_3s","HrdMw","Depl",65,0.00,0.00,3.00,4.00,1.00,2.00,0.00,0.00,0.00,10.00,0.00,4.00,0.00,0.00,0.00,0.00
9980083,"4s_3s","SbDee","Depl",75,0.00,0.00,2.00,21.00,0.00,0.00,0.00,0.00,0.00,0.00,0.00,0.00,0.00,0.00,0.00,0.00
9980083,"Patnt","HrdMw","Depl",65,0.00,0.00,3.00,4.00,1.00,2.00,0.00,0.00,0.00,10.00,0.00,4.00,0.00,0.00,0.00,0.00
9980083,"Patnt","SbDee","Depl",75,0.00,0.00,2.00,21.00,0.00,0.00,0.00,0.00,0.00,0.00,0.00,0.00,0.00,0.00,0.00,0.00
9980084,"4s_3s","ConMx","Depl",65,0.00,0.00,6.00,8.00,1.00,2.00,0.00,0.00,0.00,6.00,0.00,3.00,0.00,0.00,0.00,0.00
9980084,"4s_3s","PjSha","Depl",75,0.00,0.00,20.00,3.00,0.00,0.00,0.00,0.00,0.00,1.00,0.00,0.00,0.00,0.00,0.00,0.00
9980084,"Patnt","ConMx","Depl",65,0.00,0.00,6.00,8.00,1.00,2.00,0.00,0.00,0.00,6.00,0.00,3.00,0.00,0.00,0.00,0.00
9980084,"Patnt","PjSha","Depl",75,0.00,0.00,20.00,3.00,0.00,0.00,0.00,0.00,0.00,1.00,0.00,0.00,0.00,0.00,0.00,0.00
9980085,"4s_3s","PjDee","Depl",75,0.00,0.00,21.00,3.00,0.00,0.00,0.00,0.00,0.00,1.00,0.00,0.00,0.00,0.00,0.00,0.00
9980085,"Patnt","PjDee","Depl",75,0.00,0.00,21.00,3.00,0.00,0.00,0.00,0.00,0.00,1.00,0.00,0.00,0.00,0.00,0.00,0.00
9980086,"4s_3s","PoDom","Depl",75,0.00,0.00,1.00,2.00,0.00,1.00,0.00,0.00,0.00,20.00,0.00,1.00,0.00,0.00,0.00,0.00
9980086,"4s_3s","PwDom","Depl",85,14.00,2.00,0.00,1.00,1.00,2.00,1.00,0.00,0.00,2.00,0.00,2.00,0.00,0.00,0.00,0.00
9980086,"Patnt","PoDom","Depl",75,0.00,0.00,1.00,2.00,0.00,1.00,0.00,0.00,0.00,20.00,0.00,1.00,0.00,0.00,0.00,0.00
9980086,"Patnt","PwDom","Depl",85,14.00,2.00,0.00,1.00,1.00,2.00,1.00,0.00,0.00,2.00,0.00,2.00,0.00,0.00,0.00,0.00
9980087,"4s_3s","BwDom","Depl",75,0.00,0.00,0.00,2.00,0.00,1.00,0.00,0.00,0.00,2.00,0.00,18.00,0.00,0.00,0.00,0.00
9980087,"4s_3s","PrDom","Depl",85,0.00,22.00,1.00,0.00,0.00,0.00,0.00,0.00,0.00,1.00,0.00,0.00,0.00,0.00,0.00,0.00
9980087,"Patnt","BwDom","Depl",75,0.00,0.00,0.00,2.00,0.00,1.00,0.00,0.00,0.00,2.00,0.00,18.00,0.00,0.00,0.00,0.00
9980087,"Patnt","PrDom","Depl",85,0.00,22.00,1.00,0.00,0.00,0.00,0.00,0.00,0.00,1.00,0.00,0.00,0.00,0.00,0.00,0.00
9980088,"4s_3s","PrwMx","Depl",85,4.00,8.00,2.00,2.00,1.00,2.00,1.00,0.00,0.00,3.00,0.00,2.00,0.00,0.00,0.00,0.00
9980088,"4s_3s","TolHd","Depl",75,0.00,0.00,0.00,2.00,0.00,1.00,1.00,0.00,0.00,4.00,0.00,1.00,0.00,0.00,0.00,15.00
9980088,"Patnt","PrwMx","Depl",85,4.00,8.00,2.00,2.00,1.00,2.00,1.00,0.00,0.00,3.00,0.00,2.00,0.00,0.00,0.00,0.00
9980088,"Patnt","TolHd","Depl",75,0.00,0.00,0.00,2.00,0.00,1.00,1.00,0.00,0.00,4.00,0.00,1.00,0.00,0.00,0.00,15.00
9980089,"4s_3s","SbMx1","Depl",75,0.00,0.00,6.00,14.00,1.00,1.00,0.00,0.00,0.00,2.00,0.00,1.00,0.00,0.00,0.00,0.00
9980089,"4s_3s","UplCe","Depl",85,1.00,0.00,0.00,2.00,1.00,2.00,14.00,0.00,0.00,2.00,0.00,2.00,0.00,0.00,0.00,0.00
9980089,"Patnt","SbMx1","Depl",75,0.00,0.00,6.00,14.00,1.00,1.00,0.00,0.00,0.00,2.00,0.00,1.00,0.00,0.00,0.00,0.00
9980089,"Patnt","UplCe","Depl",85,1.00,0.00,0.00,2.00,1.00,2.00,14.00,0.00,0.00,2.00,0.00,2.00,0.00,0.00,0.00,0.00
9980090,"4s_3s","OCLow","Depl",85,0.00,0.00,0.00,5.00,0.00,0.00,10.00,8.00,0.00,0.00,0.00,0.00,0.00,0.00,0.00,1.00
9980090,"4s_3s","PjMx1","Depl",75,0.00,0.00,14.00,8.00,0.00,0.00,0.00,0.00,0.00,2.00,0.00,1.00,0.00,0.00,0.00,0.00
9980090,"Patnt","OCLow","Depl",85,0.00,0.00,0.00,5.00,0.00,0.00,10.00,8.00,0.00,0.00,0.00,0.00,0.00,0.00,0.00,1.00
9980090,"Patnt","PjMx1","Depl",75,0.00,0.00,14.00,8.00,0.00,0.00,0.00,0.00,0.00,2.00,0.00,1.00,0.00,0.00,0.00,0.00
9980091,"4s_3s","BfMx","Depl",75,0.00,0.00,1.00,8.00,2.00,10.00,0.00,0.00,0.00,2.00,0.00,2.00,0.00,0.00,0.00,0.00
9980091,"4s_3s","SbLow","Depl",85,0.00,0.00,1.00,22.00,0.00,0.00,0.00,2.00,0.00,0.00,0.00,0.00,0.00,0.00,0.00,0.00
9980091,"Patnt","BfMx","Depl",75,0.00,0.00,1.00,8.00,2.00,10.00,0.00,0.00,0.00,2.00,0.00,2.00,0.00,0.00,0.00,0.00
9980091,"Patnt","SbLow","Depl",85,0.00,0.00,1.00,22.00,0.00,0.00,0.00,2.00,0.00,0.00,0.00,0.00,0.00,0.00,0.00,0.00
9980092,"4s_3s","HrDom","Depl",75,0.00,0.00,1.00,2.00,1.00,2.00,0.00,0.00,0.00,13.00,0.00,5.00,0.00,0.00,0.00,0.00
9980092,"4s_3s","SbSha","Depl",85,0.00,0.00,3.00,20.00,0.00,0.00,0.00,0.00,0.00,0.00,0.00,0.00,0.00,0.00,0.00,0.00
9980092,"Patnt","HrDom","Depl",75,0.00,0.00,1.00,2.00,1.00,2.00,0.00,0.00,0.00,13.00,0.00,5.00,0.00,0.00,0.00,0.00
9980092,"Patnt","SbSha","Depl",85,0.00,0.00,3.00,20.00,0.00,0.00,0.00,0.00,0.00,0.00,0.00,0.00,0.00,0.00,0.00,0.00
9980093,"4s_3s","HrdMw","Depl",75,0.00,0.00,3.00,4.00,1.00,2.00,0.00,0.00,0.00,10.00,0.00,4.00,0.00,0.00,0.00,0.00
9980093,"4s_3s","SbDee","Depl",85,0.00,0.00,2.00,21.00,0.00,0.00,0.00,0.00,0.00,0.00,0.00,0.00,0.00,0.00,0.00,0.00
9980093,"Patnt","HrdMw","Depl",75,0.00,0.00,3.00,4.00,1.00,2.00,0.00,0.00,0.00,10.00,0.00,4.00,0.00,0.00,0.00,0.00
9980093,"Patnt","SbDee","Depl",85,0.00,0.00,2.00,21.00,0.00,0.00,0.00,0.00,0.00,0.00,0.00,0.00,0.00,0.00,0.00,0.00
9980094,"4s_3s","ConMx","Depl",75,0.00,0.00,6.00,8.00,1.00,2.00,0.00,0.00,0.00,6.00,0.00,3.00,0.00,0.00,0.00,0.00
9980094,"4s_3s","PjSha","Depl",85,0.00,0.00,20.00,3.00,0.00,0.00,0.00,0.00,0.00,1.00,0.00,0.00,0.00,0.00,0.00,0.00
9980094,"Patnt","ConMx","Depl",75,0.00,0.00,6.00,8.00,1.00,2.00,0.00,0.00,0.00,6.00,0.00,3.00,0.00,0.00,0.00,0.00
9980094,"Patnt","PjSha","Depl",85,0.00,0.00,20.00,3.00,0.00,0.00,0.00,0.00,0.00,1.00,0.00,0.00,0.00,0.00,0.00,0.00
9980095,"4s_3s","PjDee","Depl",85,0.00,0.00,21.00,3.00,0.00,0.00,0.00,0.00,0.00,1.00,0.00,0.00,0.00,0.00,0.00,0.00
9980095,"Patnt","PjDee","Depl",85,0.00,0.00,21.00,3.00,0.00,0.00,0.00,0.00,0.00,1.00,0.00,0.00,0.00,0.00,0.00,0.00
9980096,"4s_3s","PoDom","Depl",85,0.00,0.00,1.00,2.00,0.00,1.00,0.00,0.00,0.00,20.00,0.00,1.00,0.00,0.00,0.00,0.00
9980096,"4s_3s","PwDom","Depl",95,14.00,2.00,0.00,1.00,1.00,2.00,1.00,0.00,0.00,2.00,0.00,2.00,0.00,0.00,0.00,0.00
9980096,"Patnt","PoDom","Depl",85,0.00,0.00,1.00,2.00,0.00,1.00,0.00,0.00,0.00,20.00,0.00,1.00,0.00,0.00,0.00,0.00
9980096,"Patnt","PwDom","Depl",95,14.00,2.00,0.00,1.00,1.00,2.00,1.00,0.00,0.00,2.00,0.00,2.00,0.00,0.00,0.00,0.00
9980097,"4s_3s","BwDom","Depl",85,0.00,0.00,0.00,2.00,0.00,1.00,0.00,0.00,0.00,2.00,0.00,18.00,0.00,0.00,0.00,0.00
9980097,"4s_3s","PrDom","Depl",95,0.00,22.00,1.00,0.00,0.00,0.00,0.00,0.00,0.00,1.00,0.00,0.00,0.00,0.00,0.00,0.00
9980097,"Patnt","BwDom","Depl",85,0.00,0.00,0.00,2.00,0.00,1.00,0.00,0.00,0.00,2.00,0.00,18.00,0.00,0.00,0.00,0.00
9980097,"Patnt","PrDom","Depl",95,0.00,22.00,1.00,0.00,0.00,0.00,0.00,0.00,0.00,1.00,0.00,0.00,0.00,0.00,0.00,0.00
9980098,"4s_3s","PrwMx","Depl",95,4.00,8.00,2.00,2.00,1.00,2.00,1.00,0.00,0.00,3.00,0.00,2.00,0.00,0.00,0.00,0.00
9980098,"4s_3s","TolHd","Depl",85,0.00,0.00,0.00,2.00,0.00,1.00,1.00,0.00,0.00,4.00,0.00,1.00,0.00,0.00,0.00,15.00
9980098,"Patnt","PrwMx","Depl",95,4.00,8.00,2.00,2.00,1.00,2.00,1.00,0.00,0.00,3.00,0.00,2.00,0.00,0.00,0.00,0.00
9980098,"Patnt","TolHd","Depl",85,0.00,0.00,0.00,2.00,0.00,1.00,1.00,0.00,0.00,4.00,0.00,1.00,0.00,0.00,0.00,15.00
9980099,"4s_3s","SbMx1","Depl",85,0.00,0.00,6.00,14.00,1.00,1.00,0.00,0.00,0.00,2.00,0.00,1.00,0.00,0.00,0.00,0.00
9980099,"4s_3s","UplCe","Depl",95,1.00,0.00,0.00,2.00,1.00,2.00,14.00,0.00,0.00,2.00,0.00,2.00,0.00,0.00,0.00,0.00
9980099,"Patnt","SbMx1","Depl",85,0.00,0.00,6.00,14.00,1.00,1.00,0.00,0.00,0.00,2.00,0.00,1.00,0.00,0.00,0.00,0.00
9980099,"Patnt","UplCe","Depl",95,1.00,0.00,0.00,2.00,1.00,2.00,14.00,0.00,0.00,2.00,0.00,2.00,0.00,0.00,0.00,0.00
9980100,"4s_3s","OCLow","Depl",95,0.00,0.00,0.00,5.00,0.00,0.00,10.00,8.00,0.00,0.00,0.00,0.00,0.00,0.00,0.00,1.00
9980100,"4s_3s","PjMx1","Depl",85,0.00,0.00,14.00,8.00,0.00,0.00,0.00,0.00,0.00,2.00,0.00,1.00,0.00,0.00,0.00,0.00
9980100,"Patnt","OCLow","Depl",95,0.00,0.00,0.00,5.00,0.00,0.00,10.00,8.00,0.00,0.00,0.00,0.00,0.00,0.00,0.00,1.00
9980100,"Patnt","PjMx1","Depl",85,0.00,0.00,14.00,8.00,0.00,0.00,0.00,0.00,0.00,2.00,0.00,1.00,0.00,0.00,0.00,0.00
9980101,"4s_3s","BfMx","Depl",85,0.00,0.00,1.00,8.00,2.00,10.00,0.00,0.00,0.00,2.00,0.00,2.00,0.00,0.00,0.00,0.00
9980101,"4s_3s","SbLow","Depl",95,0.00,0.00,1.00,22.00,0.00,0.00,0.00,2.00,0.00,0.00,0.00,0.00,0.00,0.00,0.00,0.00
9980101,"Patnt","BfMx","Depl",85,0.00,0.00,1.00,8.00,2.00,10.00,0.00,0.00,0.00,2.00,0.00,2.00,0.00,0.00,0.00,0.00
9980101,"Patnt","SbLow","Depl",95,0.00,0.00,1.00,22.00,0.00,0.00,0.00,2.00,0.00,0.00,0.00,0.00,0.00,0.00,0.00,0.00
9980102,"4s_3s","HrDom","Depl",85,0.00,0.00,1.00,2.00,1.00,2.00,0.00,0.00,0.00,13.00,0.00,5.00,0.00,0.00,0.00,0.00
9980102,"4s_3s","SbSha","Depl",95,0.00,0.00,3.00,20.00,0.00,0.00,0.00,0.00,0.00,0.00,0.00,0.00,0.00,0.00,0.00,0.00
9980102,"Patnt","HrDom","Depl",85,0.00,0.00,1.00,2.00,1.00,2.00,0.00,0.00,0.00,13.00,0.00,5.00,0.00,0.00,0.00,0.00
9980102,"Patnt","SbSha","Depl",95,0.00,0.00,3.00,20.00,0.00,0.00,0.00,0.00,0.00,0.00,0.00,0.00,0.00,0.00,0.00,0.00
9980103,"4s_3s","HrdMw","Depl",85,0.00,0.00,3.00,4.00,1.00,2.00,0.00,0.00,0.00,10.00,0.00,4.00,0.00,0.00,0.00,0.00
9980103,"4s_3s","SbDee","Depl",95,0.00,0.00,2.00,21.00,0.00,0.00,0.00,0.00,0.00,0.00,0.00,0.00,0.00,0.00,0.00,0.00
9980103,"Patnt","HrdMw","Depl",85,0.00,0.00,3.00,4.00,1.00,2.00,0.00,0.00,0.00,10.00,0.00,4.00,0.00,0.00,0.00,0.00
9980103,"Patnt","SbDee","Depl",95,0.00,0.00,2.00,21.00,0.00,0.00,0.00,0.00,0.00,0.00,0.00,0.00,0.00,0.00,0.00,0.00
9980104,"4s_3s","ConMx","Depl",85,0.00,0.00,6.00,8.00,1.00,2.00,0.00,0.00,0.00,6.00,0.00,3.00,0.00,0.00,0.00,0.00
9980104,"4s_3s","PjSha","Depl",95,0.00,0.00,20.00,3.00,0.00,0.00,0.00,0.00,0.00,1.00,0.00,0.00,0.00,0.00,0.00,0.00
9980104,"Patnt","ConMx","Depl",85,0.00,0.00,6.00,8.00,1.00,2.00,0.00,0.00,0.00,6.00,0.00,3.00,0.00,0.00,0.00,0.00
9980104,"Patnt","PjSha","Depl",95,0.00,0.00,20.00,3.00,0.00,0.00,0.00,0.00,0.00,1.00,0.00,0.00,0.00,0.00,0.00,0.00
9980105,"4s_3s","PjDee","Depl",95,0.00,0.00,21.00,3.00,0.00,0.00,0.00,0.00,0.00,1.00,0.00,0.00,0.00,0.00,0.00,0.00
9980105,"Patnt","PjDee","Depl",95,0.00,0.00,21.00,3.00,0.00,0.00,0.00,0.00,0.00,1.00,0.00,0.00,0.00,0.00,0.00,0.00
9980106,"4s_3s","PoDom","Depl",95,0.00,0.00,1.00,2.00,0.00,1.00,0.00,0.00,0.00,20.00,0.00,1.00,0.00,0.00,0.00,0.00
9980106,"4s_3s","PwDom","Depl",105,14.00,2.00,0.00,1.00,1.00,2.00,1.00,0.00,0.00,2.00,0.00,2.00,0.00,0.00,0.00,0.00
9980106,"Patnt","PoDom","Depl",95,0.00,0.00,1.00,2.00,0.00,1.00,0.00,0.00,0.00,20.00,0.00,1.00,0.00,0.00,0.00,0.00
9980106,"Patnt","PwDom","Depl",105,14.00,2.00,0.00,1.00,1.00,2.00,1.00,0.00,0.00,2.00,0.00,2.00,0.00,0.00,0.00,0.00
9980107,"4s_3s","BwDom","Depl",95,0.00,0.00,0.00,2.00,0.00,1.00,0.00,0.00,0.00,2.00,0.00,18.00,0.00,0.00,0.00,0.00
9980107,"4s_3s","PrDom","Depl",105,0.00,22.00,1.00,0.00,0.00,0.00,0.00,0.00,0.00,1.00,0.00,0.00,0.00,0.00,0.00,0.00
9980107,"Patnt","BwDom","Depl",95,0.00,0.00,0.00,2.00,0.00,1.00,0.00,0.00,0.00,2.00,0.00,18.00,0.00,0.00,0.00,0.00
9980107,"Patnt","PrDom","Depl",105,0.00,22.00,1.00,0.00,0.00,0.00,0.00,0.00,0.00,1.00,0.00,0.00,0.00,0.00,0.00,0.00
9980108,"4s_3s","PrwMx","Depl",105,4.00,8.00,2.00,2.00,1.00,2.00,1.00,0.00,0.00,3.00,0.00,2.00,0.00,0.00,0.00,0.00
9980108,"4s_3s","TolHd","Depl",95,0.00,0.00,0.00,2.00,0.00,1.00,1.00,0.00,0.00,4.00,0.00,1.00,0.00,0.00,0.00,15.00
9980108,"Patnt","PrwMx","Depl",105,4.00,8.00,2.00,2.00,1.00,2.00,1.00,0.00,0.00,3.00,0.00,2.00,0.00,0.00,0.00,0.00
9980108,"Patnt","TolHd","Depl",95,0.00,0.00,0.00,2.00,0.00,1.00,1.00,0.00,0.00,4.00,0.00,1.00,0.00,0.00,0.00,15.00
9980109,"4s_3s","SbMx1","Depl",95,0.00,0.00,6.00,14.00,1.00,1.00,0.00,0.00,0.00,2.00,0.00,1.00,0.00,0.00,0.00,0.00
9980109,"4s_3s","UplCe","Depl",105,1.00,0.00,0.00,2.00,1.00,2.00,14.00,0.00,0.00,2.00,0.00,2.00,0.00,0.00,0.00,0.00
9980109,"Patnt","SbMx1","Depl",95,0.00,0.00,6.00,14.00,1.00,1.00,0.00,0.00,0.00,2.00,0.00,1.00,0.00,0.00,0.00,0.00
9980109,"Patnt","UplCe","Depl",105,1.00,0.00,0.00,2.00,1.00,2.00,14.00,0.00,0.00,2.00,0.00,2.00,0.00,0.00,0.00,0.00
9980110,"4s_3s","OCLow","Depl",105,0.00,0.00,0.00,5.00,0.00,0.00,10.00,8.00,0.00,0.00,0.00,0.00,0.00,0.00,0.00,1.00
9980110,"4s_3s","PjMx1","Depl",95,0.00,0.00,14.00,8.00,0.00,0.00,0.00,0.00,0.00,2.00,0.00,1.00,0.00,0.00,0.00,0.00
9980110,"Patnt","OCLow","Depl",105,0.00,0.00,0.00,5.00,0.00,0.00,10.00,8.00,0.00,0.00,0.00,0.00,0.00,0.00,0.00,1.00
9980110,"Patnt","PjMx1","Depl",95,0.00,0.00,14.00,8.00,0.00,0.00,0.00,0.00,0.00,2.00,0.00,1.00,0.00,0.00,0.00,0.00
9980111,"4s_3s","BfMx","Depl",95,0.00,0.00,1.00,8.00,2.00,10.00,0.00,0.00,0.00,2.00,0.00,2.00,0.00,0.00,0.00,0.00
9980111,"4s_3s","SbLow","Depl",105,0.00,0.00,1.00,22.00,0.00,0.00,0.00,2.00,0.00,0.00,0.00,0.00,0.00,0.00,0.00,0.00
9980111,"Patnt","BfMx","Depl",95,0.00,0.00,1.00,8.00,2.00,10.00,0.00,0.00,0.00,2.00,0.00,2.00,0.00,0.00,0.00,0.00
9980111,"Patnt","SbLow","Depl",105,0.00,0.00,1.00,22.00,0.00,0.00,0.00,2.00,0.00,0.00,0.00,0.00,0.00,0.00,0.00,0.00
9980112,"4s_3s","HrDom","Depl",95,0.00,0.00,1.00,2.00,1.00,2.00,0.00,0.00,0.00,13.00,0.00,5.00,0.00,0.00,0.00,0.00
9980112,"4s_3s","SbSha","Depl",105,0.00,0.00,3.00,20.00,0.00,0.00,0.00,0.00,0.00,0.00,0.00,0.00,0.00,0.00,0.00,0.00
9980112,"Patnt","HrDom","Depl",95,0.00,0.00,1.00,2.00,1.00,2.00,0.00,0.00,0.00,13.00,0.00,5.00,0.00,0.00,0.00,0.00
9980112,"Patnt","SbSha","Depl",105,0.00,0.00,3.00,20.00,0.00,0.00,0.00,0.00,0.00,0.00,0.00,0.00,0.00,0.00,0.00,0.00
9980113,"4s_3s","HrdMw","Depl",95,0.00,0.00,3.00,4.00,1.00,2.00,0.00,0.00,0.00,10.00,0.00,4.00,0.00,0.00,0.00,0.00
9980113,"4s_3s","SbDee","Depl",105,0.00,0.00,2.00,21.00,0.00,0.00,0.00,0.00,0.00,0.00,0.00,0.00,0.00,0.00,0.00,0.00
9980113,"Patnt","HrdMw","Depl",95,0.00,0.00,3.00,4.00,1.00,2.00,0.00,0.00,0.00,10.00,0.00,4.00,0.00,0.00,0.00,0.00
9980113,"Patnt","SbDee","Depl",105,0.00,0.00,2.00,21.00,0.00,0.00,0.00,0.00,0.00,0.00,0.00,0.00,0.00,0.00,0.00,0.00
9980114,"4s_3s","ConMx","Depl",95,0.00,0.00,6.00,8.00,1.00,2.00,0.00,0.00,0.00,6.00,0.00,3.00,0.00,0.00,0.00,0.00
9980114,"4s_3s","PjSha","Depl",105,0.00,0.00,20.00,3.00,0.00,0.00,0.00,0.00,0.00,1.00,0.00,0.00,0.00,0.00,0.00,0.00
9980114,"Patnt","ConMx","Depl",95,0.00,0.00,6.00,8.00,1.00,2.00,0.00,0.00,0.00,6.00,0.00,3.00,0.00,0.00,0.00,0.00
9980114,"Patnt","PjSha","Depl",105,0.00,0.00,20.00,3.00,0.00,0.00,0.00,0.00,0.00,1.00,0.00,0.00,0.00,0.00,0.00,0.00
9980115,"4s_3s","PjDee","Depl",105,0.00,0.00,21.00,3.00,0.00,0.00,0.00,0.00,0.00,1.00,0.00,0.00,0.00,0.00,0.00,0.00
9980115,"Patnt","PjDee","Depl",105,0.00,0.00,21.00,3.00,0.00,0.00,0.00,0.00,0.00,1.00,0.00,0.00,0.00,0.00,0.00,0.00
9980116,"4s_3s","PoDom","Depl",105,0.00,0.00,1.00,2.00,0.00,1.00,0.00,0.00,0.00,20.00,0.00,1.00,0.00,0.00,0.00,0.00
9980116,"4s_3s","PwDom","Depl",115,14.00,2.00,0.00,1.00,1.00,2.00,1.00,0.00,0.00,2.00,0.00,2.00,0.00,0.00,0.00,0.00
9980116,"Patnt","PoDom","Depl",105,0.00,0.00,1.00,2.00,0.00,1.00,0.00,0.00,0.00,20.00,0.00,1.00,0.00,0.00,0.00,0.00
9980116,"Patnt","PwDom","Depl",115,14.00,2.00,0.00,1.00,1.00,2.00,1.00,0.00,0.00,2.00,0.00,2.00,0.00,0.00,0.00,0.00
9980117,"4s_3s","BwDom","Depl",105,0.00,0.00,0.00,2.00,0.00,1.00,0.00,0.00,0.00,2.00,0.00,18.00,0.00,0.00,0.00,0.00
9980117,"4s_3s","PrDom","Depl",115,0.00,22.00,1.00,0.00,0.00,0.00,0.00,0.00,0.00,1.00,0.00,0.00,0.00,0.00,0.00,0.00
9980117,"Patnt","BwDom","Depl",105,0.00,0.00,0.00,2.00,0.00,1.00,0.00,0.00,0.00,2.00,0.00,18.00,0.00,0.00,0.00,0.00
9980117,"Patnt","PrDom","Depl",115,0.00,22.00,1.00,0.00,0.00,0.00,0.00,0.00,0.00,1.00,0.00,0.00,0.00,0.00,0.00,0.00
9980118,"4s_3s","PrwMx","Depl",115,4.00,8.00,2.00,2.00,1.00,2.00,1.00,0.00,0.00,3.00,0.00,2.00,0.00,0.00,0.00,0.00
9980118,"4s_3s","TolHd","Depl",105,0.00,0.00,0.00,2.00,0.00,1.00,1.00,0.00,0.00,4.00,0.00,1.00,0.00,0.00,0.00,15.00
9980118,"Patnt","PrwMx","Depl",115,4.00,8.00,2.00,2.00,1.00,2.00,1.00,0.00,0.00,3.00,0.00,2.00,0.00,0.00,0.00,0.00
9980118,"Patnt","TolHd","Depl",105,0.00,0.00,0.00,2.00,0.00,1.00,1.00,0.00,0.00,4.00,0.00,1.00,0.00,0.00,0.00,15.00
9980119,"4s_3s","SbMx1","Depl",105,0.00,0.00,6.00,14.00,1.00,1.00,0.00,0.00,0.00,2.00,0.00,1.00,0.00,0.00,0.00,0.00
9980119,"4s_3s","UplCe","Depl",115,1.00,0.00,0.00,2.00,1.00,2.00,14.00,0.00,0.00,2.00,0.00,2.00,0.00,0.00,0.00,0.00
9980119,"Patnt","SbMx1","Depl",105,0.00,0.00,6.00,14.00,1.00,1.00,0.00,0.00,0.00,2.00,0.00,1.00,0.00,0.00,0.00,0.00
9980119,"Patnt","UplCe","Depl",115,1.00,0.00,0.00,2.00,1.00,2.00,14.00,0.00,0.00,2.00,0.00,2.00,0.00,0.00,0.00,0.00
9980120,"4s_3s","OCLow","Depl",115,0.00,0.00,0.00,5.00,0.00,0.00,10.00,8.00,0.00,0.00,0.00,0.00,0.00,0.00,0.00,1.00
9980120,"4s_3s","PjMx1","Depl",105,0.00,0.00,14.00,8.00,0.00,0.00,0.00,0.00,0.00,2.00,0.00,1.00,0.00,0.00,0.00,0.00
9980120,"Patnt","OCLow","Depl",115,0.00,0.00,0.00,5.00,0.00,0.00,10.00,8.00,0.00,0.00,0.00,0.00,0.00,0.00,0.00,1.00
9980120,"Patnt","PjMx1","Depl",105,0.00,0.00,14.00,8.00,0.00,0.00,0.00,0.00,0.00,2.00,0.00,1.00,0.00,0.00,0.00,0.00
9980121,"4s_3s","BfMx","Depl",105,0.00,0.00,1.00,8.00,2.00,10.00,0.00,0.00,0.00,2.00,0.00,2.00,0.00,0.00,0.00,0.00
9980121,"4s_3s","SbLow","Depl",115,0.00,0.00,1.00,22.00,0.00,0.00,0.00,2.00,0.00,0.00,0.00,0.00,0.00,0.00,0.00,0.00
9980121,"Patnt","BfMx","Depl",105,0.00,0.00,1.00,8.00,2.00,10.00,0.00,0.00,0.00,2.00,0.00,2.00,0.00,0.00,0.00,0.00
9980121,"Patnt","SbLow","Depl",115,0.00,0.00,1.00,22.00,0.00,0.00,0.00,2.00,0.00,0.00,0.00,0.00,0.00,0.00,0.00,0.00
9980122,"4s_3s","HrDom","Depl",105,0.00,0.00,1.00,2.00,1.00,2.00,0.00,0.00,0.00,13.00,0.00,5.00,0.00,0.00,0.00,0.00
9980122,"4s_3s","SbSha","Depl",115,0.00,0.00,3.00,20.00,0.00,0.00,0.00,0.00,0.00,0.00,0.00,0.00,0.00,0.00,0.00,0.00
9980122,"Patnt","HrDom","Depl",105,0.00,0.00,1.00,2.00,1.00,2.00,0.00,0.00,0.00,13.00,0.00,5.00,0.00,0.00,0.00,0.00
9980122,"Patnt","SbSha","Depl",115,0.00,0.00,3.00,20.00,0.00,0.00,0.00,0.00,0.00,0.00,0.00,0.00,0.00,0.00,0.00,0.00
9980123,"4s_3s","HrdMw","Depl",105,0.00,0.00,3.00,4.00,1.00,2.00,0.00,0.00,0.00,10.00,0.00,4.00,0.00,0.00,0.00,0.00
9980123,"4s_3s","SbDee","Depl",115,0.00,0.00,2.00,21.00,0.00,0.00,0.00,0.00,0.00,0.00,0.00,0.00,0.00,0.00,0.00,0.00
9980123,"Patnt","HrdMw","Depl",105,0.00,0.00,3.00,4.00,1.00,2.00,0.00,0.00,0.00,10.00,0.00,4.00,0.00,0.00,0.00,0.00
9980123,"Patnt","SbDee","Depl",115,0.00,0.00,2.00,21.00,0.00,0.00,0.00,0.00,0.00,0.00,0.00,0.00,0.00,0.00,0.00,0.00
9980124,"4s_3s","ConMx","Depl",105,0.00,0.00,6.00,8.00,1.00,2.00,0.00,0.00,0.00,6.00,0.00,3.00,0.00,0.00,0.00,0.00
9980124,"4s_3s","PjSha","Depl",115,0.00,0.00,20.00,3.00,0.00,0.00,0.00,0.00,0.00,1.00,0.00,0.00,0.00,0.00,0.00,0.00
9980124,"Patnt","ConMx","Depl",105,0.00,0.00,6.00,8.00,1.00,2.00,0.00,0.00,0.00,6.00,0.00,3.00,0.00,0.00,0.00,0.00
9980124,"Patnt","PjSha","Depl",115,0.00,0.00,20.00,3.00,0.00,0.00,0.00,0.00,0.00,1.00,0.00,0.00,0.00,0.00,0.00,0.00
9980125,"4s_3s","PjDee","Depl",115,0.00,0.00,21.00,3.00,0.00,0.00,0.00,0.00,0.00,1.00,0.00,0.00,0.00,0.00,0.00,0.00
9980125,"Patnt","PjDee","Depl",115,0.00,0.00,21.00,3.00,0.00,0.00,0.00,0.00,0.00,1.00,0.00,0.00,0.00,0.00,0.00,0.00
9980126,"4s_3s","PoDom","Depl",115,0.00,0.00,1.00,2.00,0.00,1.00,0.00,0.00,0.00,20.00,0.00,1.00,0.00,0.00,0.00,0.00
9980126,"4s_3s","PwDom","Depl",125,14.00,2.00,0.00,1.00,1.00,2.00,1.00,0.00,0.00,2.00,0.00,2.00,0.00,0.00,0.00,0.00
9980126,"Patnt","PoDom","Depl",115,0.00,0.00,1.00,2.00,0.00,1.00,0.00,0.00,0.00,20.00,0.00,1.00,0.00,0.00,0.00,0.00
9980126,"Patnt","PwDom","Depl",125,14.00,2.00,0.00,1.00,1.00,2.00,1.00,0.00,0.00,2.00,0.00,2.00,0.00,0.00,0.00,0.00
9980127,"4s_3s","BwDom","Depl",115,0.00,0.00,0.00,2.00,0.00,1.00,0.00,0.00,0.00,2.00,0.00,18.00,0.00,0.00,0.00,0.00
9980127,"4s_3s","PrDom","Depl",125,0.00,22.00,1.00,0.00,0.00,0.00,0.00,0.00,0.00,1.00,0.00,0.00,0.00,0.00,0.00,0.00
9980127,"Patnt","BwDom","Depl",115,0.00,0.00,0.00,2.00,0.00,1.00,0.00,0.00,0.00,2.00,0.00,18.00,0.00,0.00,0.00,0.00
9980127,"Patnt","PrDom","Depl",125,0.00,22.00,1.00,0.00,0.00,0.00,0.00,0.00,0.00,1.00,0.00,0.00,0.00,0.00,0.00,0.00
9980128,"4s_3s","PrwMx","Depl",125,4.00,8.00,2.00,2.00,1.00,2.00,1.00,0.00,0.00,3.00,0.00,2.00,0.00,0.00,0.00,0.00
9980128,"4s_3s","TolHd","Depl",115,0.00,0.00,0.00,2.00,0.00,1.00,1.00,0.00,0.00,4.00,0.00,1.00,0.00,0.00,0.00,15.00
9980128,"Patnt","PrwMx","Depl",125,4.00,8.00,2.00,2.00,1.00,2.00,1.00,0.00,0.00,3.00,0.00,2.00,0.00,0.00,0.00,0.00
9980128,"Patnt","TolHd","Depl",115,0.00,0.00,0.00,2.00,0.00,1.00,1.00,0.00,0.00,4.00,0.00,1.00,0.00,0.00,0.00,15.00
9980129,"4s_3s","SbMx1","Depl",115,0.00,0.00,6.00,14.00,1.00,1.00,0.00,0.00,0.00,2.00,0.00,1.00,0.00,0.00,0.00,0.00
9980129,"4s_3s","UplCe","Depl",125,1.00,0.00,0.00,2.00,1.00,2.00,14.00,0.00,0.00,2.00,0.00,2.00,0.00,0.00,0.00,0.00
9980129,"Patnt","SbMx1","Depl",115,0.00,0.00,6.00,14.00,1.00,1.00,0.00,0.00,0.00,2.00,0.00,1.00,0.00,0.00,0.00,0.00
9980129,"Patnt","UplCe","Depl",125,1.00,0.00,0.00,2.00,1.00,2.00,14.00,0.00,0.00,2.00,0.00,2.00,0.00,0.00,0.00,0.00
9980130,"4s_3s","OCLow","Depl",125,0.00,0.00,0.00,5.00,0.00,0.00,10.00,8.00,0.00,0.00,0.00,0.00,0.00,0.00,0.00,1.00
9980130,"4s_3s","PjMx1","Depl",115,0.00,0.00,14.00,8.00,0.00,0.00,0.00,0.00,0.00,2.00,0.00,1.00,0.00,0.00,0.00,0.00
9980130,"Patnt","OCLow","Depl",125,0.00,0.00,0.00,5.00,0.00,0.00,10.00,8.00,0.00,0.00,0.00,0.00,0.00,0.00,0.00,1.00
9980130,"Patnt","PjMx1","Depl",115,0.00,0.00,14.00,8.00,0.00,0.00,0.00,0.00,0.00,2.00,0.00,1.00,0.00,0.00,0.00,0.00
9980131,"4s_3s","BfMx","Depl",115,0.00,0.00,1.00,8.00,2.00,10.00,0.00,0.00,0.00,2.00,0.00,2.00,0.00,0.00,0.00,0.00
9980131,"4s_3s","SbLow","Depl",125,0.00,0.00,1.00,22.00,0.00,0.00,0.00,2.00,0.00,0.00,0.00,0.00,0.00,0.00,0.00,0.00
9980131,"Patnt","BfMx","Depl",115,0.00,0.00,1.00,8.00,2.00,10.00,0.00,0.00,0.00,2.00,0.00,2.00,0.00,0.00,0.00,0.00
9980131,"Patnt","SbLow","Depl",125,0.00,0.00,1.00,22.00,0.00,0.00,0.00,2.00,0.00,0.00,0.00,0.00,0.00,0.00,0.00,0.00
9980132,"4s_3s","HrDom","Depl",115,0.00,0.00,1.00,2.00,1.00,2.00,0.00,0.00,0.00,13.00,0.00,5.00,0.00,0.00,0.00,0.00
9980132,"4s_3s","SbSha","Depl",125,0.00,0.00,3.00,20.00,0.00,0.00,0.00,0.00,0.00,0.00,0.00,0.00,0.00,0.00,0.00,0.00
9980132,"Patnt","HrDom","Depl",115,0.00,0.00,1.00,2.00,1.00,2.00,0.00,0.00,0.00,13.00,0.00,5.00,0.00,0.00,0.00,0.00
9980132,"Patnt","SbSha","Depl",125,0.00,0.00,3.00,20.00,0.00,0.00,0.00,0.00,0.00,0.00,0.00,0.00,0.00,0.00,0.00,0.00
9980133,"4s_3s","HrdMw","Depl",115,0.00,0.00,3.00,4.00,1.00,2.00,0.00,0.00,0.00,10.00,0.00,4.00,0.00,0.00,0.00,0.00
9980133,"4s_3s","SbDee","Depl",125,0.00,0.00,2.00,21.00,0.00,0.00,0.00,0.00,0.00,0.00,0.00,0.00,0.00,0.00,0.00,0.00
9980133,"Patnt","HrdMw","Depl",115,0.00,0.00,3.00,4.00,1.00,2.00,0.00,0.00,0.00,10.00,0.00,4.00,0.00,0.00,0.00,0.00
9980133,"Patnt","SbDee","Depl",125,0.00,0.00,2.00,21.00,0.00,0.00,0.00,0.00,0.00,0.00,0.00,0.00,0.00,0.00,0.00,0.00
9980134,"4s_3s","ConMx","Depl",115,0.00,0.00,6.00,8.00,1.00,2.00,0.00,0.00,0.00,6.00,0.00,3.00,0.00,0.00,0.00,0.00
9980134,"4s_3s","PjSha","Depl",125,0.00,0.00,20.00,3.00,0.00,0.00,0.00,0.00,0.00,1.00,0.00,0.00,0.00,0.00,0.00,0.00
9980134,"Patnt","ConMx","Depl",115,0.00,0.00,6.00,8.00,1.00,2.00,0.00,0.00,0.00,6.00,0.00,3.00,0.00,0.00,0.00,0.00
9980134,"Patnt","PjSha","Depl",125,0.00,0.00,20.00,3.00,0.00,0.00,0.00,0.00,0.00,1.00,0.00,0.00,0.00,0.00,0.00,0.00
9980135,"4s_3s","PjDee","Depl",125,0.00,0.00,21.00,3.00,0.00,0.00,0.00,0.00,0.00,1.00,0.00,0.00,0.00,0.00,0.00,0.00
9980135,"Patnt","PjDee","Depl",125,0.00,0.00,21.00,3.00,0.00,0.00,0.00,0.00,0.00,1.00,0.00,0.00,0.00,0.00,0.00,0.00
9980136,"4s_3s","PoDom","Depl",125,0.00,0.00,1.00,2.00,0.00,1.00,0.00,0.00,0.00,20.00,0.00,1.00,0.00,0.00,0.00,0.00
9980136,"4s_3s","PwDom","Depl",135,14.00,2.00,0.00,1.00,1.00,2.00,1.00,0.00,0.00,2.00,0.00,2.00,0.00,0.00,0.00,0.00
9980136,"Patnt","PoDom","Depl",125,0.00,0.00,1.00,2.00,0.00,1.00,0.00,0.00,0.00,20.00,0.00,1.00,0.00,0.00,0.00,0.00
9980136,"Patnt","PwDom","Depl",135,14.00,2.00,0.00,1.00,1.00,2.00,1.00,0.00,0.00,2.00,0.00,2.00,0.00,0.00,0.00,0.00
9980137,"4s_3s","BwDom","Depl",125,0.00,0.00,0.00,2.00,0.00,1.00,0.00,0.00,0.00,2.00,0.00,18.00,0.00,0.00,0.00,0.00
9980137,"4s_3s","PrDom","Depl",135,0.00,22.00,1.00,0.00,0.00,0.00,0.00,0.00,0.00,1.00,0.00,0.00,0.00,0.00,0.00,0.00
9980137,"Patnt","BwDom","Depl",125,0.00,0.00,0.00,2.00,0.00,1.00,0.00,0.00,0.00,2.00,0.00,18.00,0.00,0.00,0.00,0.00
9980137,"Patnt","PrDom","Depl",135,0.00,22.00,1.00,0.00,0.00,0.00,0.00,0.00,0.00,1.00,0.00,0.00,0.00,0.00,0.00,0.00
9980138,"4s_3s","PrwMx","Depl",135,4.00,8.00,2.00,2.00,1.00,2.00,1.00,0.00,0.00,3.00,0.00,2.00,0.00,0.00,0.00,0.00
9980138,"4s_3s","TolHd","Depl",125,0.00,0.00,0.00,2.00,0.00,1.00,1.00,0.00,0.00,4.00,0.00,1.00,0.00,0.00,0.00,15.00
9980138,"Patnt","PrwMx","Depl",135,4.00,8.00,2.00,2.00,1.00,2.00,1.00,0.00,0.00,3.00,0.00,2.00,0.00,0.00,0.00,0.00
9980138,"Patnt","TolHd","Depl",125,0.00,0.00,0.00,2.00,0.00,1.00,1.00,0.00,0.00,4.00,0.00,1.00,0.00,0.00,0.00,15.00
9980139,"4s_3s","SbMx1","Depl",125,0.00,0.00,6.00,14.00,1.00,1.00,0.00,0.00,0.00,2.00,0.00,1.00,0.00,0.00,0.00,0.00
9980139,"4s_3s","UplCe","Depl",135,1.00,0.00,0.00,2.00,1.00,2.00,14.00,0.00,0.00,2.00,0.00,2.00,0.00,0.00,0.00,0.00
9980139,"Patnt","SbMx1","Depl",125,0.00,0.00,6.00,14.00,1.00,1.00,0.00,0.00,0.00,2.00,0.00,1.00,0.00,0.00,0.00,0.00
9980139,"Patnt","UplCe","Depl",135,1.00,0.00,0.00,2.00,1.00,2.00,14.00,0.00,0.00,2.00,0.00,2.00,0.00,0.00,0.00,0.00
9980140,"4s_3s","OCLow","Depl",135,0.00,0.00,0.00,5.00,0.00,0.00,10.00,8.00,0.00,0.00,0.00,0.00,0.00,0.00,0.00,1.00
9980140,"4s_3s","PjMx1","Depl",125,0.00,0.00,14.00,8.00,0.00,0.00,0.00,0.00,0.00,2.00,0.00,1.00,0.00,0.00,0.00,0.00
9980140,"Patnt","OCLow","Depl",135,0.00,0.00,0.00,5.00,0.00,0.00,10.00,8.00,0.00,0.00,0.00,0.00,0.00,0.00,0.00,1.00
9980140,"Patnt","PjMx1","Depl",125,0.00,0.00,14.00,8.00,0.00,0.00,0.00,0.00,0.00,2.00,0.00,1.00,0.00,0.00,0.00,0.00
9980141,"4s_3s","BfMx","Depl",125,0.00,0.00,1.00,8.00,2.00,10.00,0.00,0.00,0.00,2.00,0.00,2.00,0.00,0.00,0.00,0.00
9980141,"4s_3s","SbLow","Depl",135,0.00,0.00,1.00,22.00,0.00,0.00,0.00,2.00,0.00,0.00,0.00,0.00,0.00,0.00,0.00,0.00
9980141,"Patnt","BfMx","Depl",125,0.00,0.00,1.00,8.00,2.00,10.00,0.00,0.00,0.00,2.00,0.00,2.00,0.00,0.00,0.00,0.00
9980141,"Patnt","SbLow","Depl",135,0.00,0.00,1.00,22.00,0.00,0.00,0.00,2.00,0.00,0.00,0.00,0.00,0.00,0.00,0.00,0.00
9980142,"4s_3s","HrDom","Depl",125,0.00,0.00,1.00,2.00,1.00,2.00,0.00,0.00,0.00,13.00,0.00,5.00,0.00,0.00,0.00,0.00
9980142,"4s_3s","SbSha","Depl",135,0.00,0.00,3.00,20.00,0.00,0.00,0.00,0.00,0.00,0.00,0.00,0.00,0.00,0.00,0.00,0.00
9980142,"Patnt","HrDom","Depl",125,0.00,0.00,1.00,2.00,1.00,2.00,0.00,0.00,0.00,13.00,0.00,5.00,0.00,0.00,0.00,0.00
9980142,"Patnt","SbSha","Depl",135,0.00,0.00,3.00,20.00,0.00,0.00,0.00,0.00,0.00,0.00,0.00,0.00,0.00,0.00,0.00,0.00
9980143,"4s_3s","HrdMw","Depl",125,0.00,0.00,3.00,4.00,1.00,2.00,0.00,0.00,0.00,10.00,0.00,4.00,0.00,0.00,0.00,0.00
9980143,"4s_3s","SbDee","Depl",135,0.00,0.00,2.00,21.00,0.00,0.00,0.00,0.00,0.00,0.00,0.00,0.00,0.00,0.00,0.00,0.00
9980143,"Patnt","HrdMw","Depl",125,0.00,0.00,3.00,4.00,1.00,2.00,0.00,0.00,0.00,10.00,0.00,4.00,0.00,0.00,0.00,0.00
9980143,"Patnt","SbDee","Depl",135,0.00,0.00,2.00,21.00,0.00,0.00,0.00,0.00,0.00,0.00,0.00,0.00,0.00,0.00,0.00,0.00
9980144,"4s_3s","ConMx","Depl",125,0.00,0.00,6.00,8.00,1.00,2.00,0.00,0.00,0.00,6.00,0.00,3.00,0.00,0.00,0.00,0.00
9980144,"4s_3s","PjSha","Depl",135,0.00,0.00,20.00,3.00,0.00,0.00,0.00,0.00,0.00,1.00,0.00,0.00,0.00,0.00,0.00,0.00
9980144,"Patnt","ConMx","Depl",125,0.00,0.00,6.00,8.00,1.00,2.00,0.00,0.00,0.00,6.00,0.00,3.00,0.00,0.00,0.00,0.00
9980144,"Patnt","PjSha","Depl",135,0.00,0.00,20.00,3.00,0.00,0.00,0.00,0.00,0.00,1.00,0.00,0.00,0.00,0.00,0.00,0.00
9980145,"4s_3s","PjDee","Depl",135,0.00,0.00,21.00,3.00,0.00,0.00,0.00,0.00,0.00,1.00,0.00,0.00,0.00,0.00,0.00,0.00
9980145,"Patnt","PjDee","Depl",135,0.00,0.00,21.00,3.00,0.00,0.00,0.00,0.00,0.00,1.00,0.00,0.00,0.00,0.00,0.00,0.00
9980146,"4s_3s","PoDom","Depl",135,0.00,0.00,1.00,2.00,0.00,1.00,0.00,0.00,0.00,20.00,0.00,1.00,0.00,0.00,0.00,0.00
9980146,"4s_3s","PwDom","Depl",145,14.00,2.00,0.00,1.00,1.00,2.00,1.00,0.00,0.00,2.00,0.00,2.00,0.00,0.00,0.00,0.00
9980146,"Patnt","PoDom","Depl",135,0.00,0.00,1.00,2.00,0.00,1.00,0.00,0.00,0.00,20.00,0.00,1.00,0.00,0.00,0.00,0.00
9980146,"Patnt","PwDom","Depl",145,14.00,2.00,0.00,1.00,1.00,2.00,1.00,0.00,0.00,2.00,0.00,2.00,0.00,0.00,0.00,0.00
9980147,"4s_3s","BwDom","Depl",135,0.00,0.00,0.00,2.00,0.00,1.00,0.00,0.00,0.00,2.00,0.00,18.00,0.00,0.00,0.00,0.00
9980147,"4s_3s","PrDom","Depl",145,0.00,22.00,1.00,0.00,0.00,0.00,0.00,0.00,0.00,1.00,0.00,0.00,0.00,0.00,0.00,0.00
9980147,"Patnt","BwDom","Depl",135,0.00,0.00,0.00,2.00,0.00,1.00,0.00,0.00,0.00,2.00,0.00,18.00,0.00,0.00,0.00,0.00
9980147,"Patnt","PrDom","Depl",145,0.00,22.00,1.00,0.00,0.00,0.00,0.00,0.00,0.00,1.00,0.00,0.00,0.00,0.00,0.00,0.00
9980148,"4s_3s","PrwMx","Depl",145,4.00,8.00,2.00,2.00,1.00,2.00,1.00,0.00,0.00,3.00,0.00,2.00,0.00,0.00,0.00,0.00
9980148,"4s_3s","TolHd","Depl",135,0.00,0.00,0.00,2.00,0.00,1.00,1.00,0.00,0.00,4.00,0.00,1.00,0.00,0.00,0.00,15.00
9980148,"Patnt","PrwMx","Depl",145,4.00,8.00,2.00,2.00,1.00,2.00,1.00,0.00,0.00,3.00,0.00,2.00,0.00,0.00,0.00,0.00
9980148,"Patnt","TolHd","Depl",135,0.00,0.00,0.00,2.00,0.00,1.00,1.00,0.00,0.00,4.00,0.00,1.00,0.00,0.00,0.00,15.00
9980149,"4s_3s","SbMx1","Depl",135,0.00,0.00,6.00,14.00,1.00,1.00,0.00,0.00,0.00,2.00,0.00,1.00,0.00,0.00,0.00,0.00
9980149,"4s_3s","UplCe","Depl",145,1.00,0.00,0.00,2.00,1.00,2.00,14.00,0.00,0.00,2.00,0.00,2.00,0.00,0.00,0.00,0.00
9980149,"Patnt","SbMx1","Depl",135,0.00,0.00,6.00,14.00,1.00,1.00,0.00,0.00,0.00,2.00,0.00,1.00,0.00,0.00,0.00,0.00
9980149,"Patnt","UplCe","Depl",145,1.00,0.00,0.00,2.00,1.00,2.00,14.00,0.00,0.00,2.00,0.00,2.00,0.00,0.00,0.00,0.00
9980150,"4s_3s","OCLow","Depl",145,0.00,0.00,0.00,5.00,0.00,0.00,10.00,8.00,0.00,0.00,0.00,0.00,0.00,0.00,0.00,1.00
9980150,"4s_3s","PjMx1","Depl",135,0.00,0.00,14.00,8.00,0.00,0.00,0.00,0.00,0.00,2.00,0.00,1.00,0.00,0.00,0.00,0.00
9980150,"Patnt","OCLow","Depl",145,0.00,0.00,0.00,5.00,0.00,0.00,10.00,8.00,0.00,0.00,0.00,0.00,0.00,0.00,0.00,1.00
9980150,"Patnt","PjMx1","Depl",135,0.00,0.00,14.00,8.00,0.00,0.00,0.00,0.00,0.00,2.00,0.00,1.00,0.00,0.00,0.00,0.00
9980151,"4s_3s","BfMx","Depl",135,0.00,0.00,1.00,8.00,2.00,10.00,0.00,0.00,0.00,2.00,0.00,2.00,0.00,0.00,0.00,0.00
9980151,"4s_3s","SbLow","Depl",145,0.00,0.00,1.00,22.00,0.00,0.00,0.00,2.00,0.00,0.00,0.00,0.00,0.00,0.00,0.00,0.00
9980151,"Patnt","BfMx","Depl",135,0.00,0.00,1.00,8.00,2.00,10.00,0.00,0.00,0.00,2.00,0.00,2.00,0.00,0.00,0.00,0.00
9980151,"Patnt","SbLow","Depl",145,0.00,0.00,1.00,22.00,0.00,0.00,0.00,2.00,0.00,0.00,0.00,0.00,0.00,0.00,0.00,0.00
9980152,"4s_3s","HrDom","Depl",135,0.00,0.00,1.00,2.00,1.00,2.00,0.00,0.00,0.00,13.00,0.00,5.00,0.00,0.00,0.00,0.00
9980152,"4s_3s","SbSha","Depl",145,0.00,0.00,3.00,20.00,0.00,0.00,0.00,0.00,0.00,0.00,0.00,0.00,0.00,0.00,0.00,0.00
9980152,"Patnt","HrDom","Depl",135,0.00,0.00,1.00,2.00,1.00,2.00,0.00,0.00,0.00,13.00,0.00,5.00,0.00,0.00,0.00,0.00
9980152,"Patnt","SbSha","Depl",145,0.00,0.00,3.00,20.00,0.00,0.00,0.00,0.00,0.00,0.00,0.00,0.00,0.00,0.00,0.00,0.00
9980153,"4s_3s","HrdMw","Depl",135,0.00,0.00,3.00,4.00,1.00,2.00,0.00,0.00,0.00,10.00,0.00,4.00,0.00,0.00,0.00,0.00
9980153,"4s_3s","SbDee","Depl",145,0.00,0.00,2.00,21.00,0.00,0.00,0.00,0.00,0.00,0.00,0.00,0.00,0.00,0.00,0.00,0.00
9980153,"Patnt","HrdMw","Depl",135,0.00,0.00,3.00,4.00,1.00,2.00,0.00,0.00,0.00,10.00,0.00,4.00,0.00,0.00,0.00,0.00
9980153,"Patnt","SbDee","Depl",145,0.00,0.00,2.00,21.00,0.00,0.00,0.00,0.00,0.00,0.00,0.00,0.00,0.00,0.00,0.00,0.00
9980154,"4s_3s","ConMx","Depl",135,0.00,0.00,6.00,8.00,1.00,2.00,0.00,0.00,0.00,6.00,0.00,3.00,0.00,0.00,0.00,0.00
9980154,"4s_3s","PjSha","Depl",145,0.00,0.00,20.00,3.00,0.00,0.00,0.00,0.00,0.00,1.00,0.00,0.00,0.00,0.00,0.00,0.00
9980154,"Patnt","ConMx","Depl",135,0.00,0.00,6.00,8.00,1.00,2.00,0.00,0.00,0.00,6.00,0.00,3.00,0.00,0.00,0.00,0.00
9980154,"Patnt","PjSha","Depl",145,0.00,0.00,20.00,3.00,0.00,0.00,0.00,0.00,0.00,1.00,0.00,0.00,0.00,0.00,0.00,0.00
9980155,"4s_3s","PjDee","Depl",145,0.00,0.00,21.00,3.00,0.00,0.00,0.00,0.00,0.00,1.00,0.00,0.00,0.00,0.00,0.00,0.00
9980155,"Patnt","PjDee","Depl",145,0.00,0.00,21.00,3.00,0.00,0.00,0.00,0.00,0.00,1.00,0.00,0.00,0.00,0.00,0.00,0.00
9980156,"4s_3s","PoDom","Depl",145,0.00,0.00,1.00,2.00,0.00,1.00,0.00,0.00,0.00,20.00,0.00,1.00,0.00,0.00,0.00,0.00
9980156,"4s_3s","PwDom","Depl",155,14.00,2.00,0.00,1.00,1.00,2.00,1.00,0.00,0.00,2.00,0.00,2.00,0.00,0.00,0.00,0.00
9980156,"Patnt","PoDom","Depl",145,0.00,0.00,1.00,2.00,0.00,1.00,0.00,0.00,0.00,20.00,0.00,1.00,0.00,0.00,0.00,0.00
9980156,"Patnt","PwDom","Depl",155,14.00,2.00,0.00,1.00,1.00,2.00,1.00,0.00,0.00,2.00,0.00,2.00,0.00,0.00,0.00,0.00
9980157,"4s_3s","BwDom","Depl",145,0.00,0.00,0.00,2.00,0.00,1.00,0.00,0.00,0.00,2.00,0.00,18.00,0.00,0.00,0.00,0.00
9980157,"4s_3s","PrDom","Depl",155,0.00,22.00,1.00,0.00,0.00,0.00,0.00,0.00,0.00,1.00,0.00,0.00,0.00,0.00,0.00,0.00
9980157,"Patnt","BwDom","Depl",145,0.00,0.00,0.00,2.00,0.00,1.00,0.00,0.00,0.00,2.00,0.00,18.00,0.00,0.00,0.00,0.00
9980157,"Patnt","PrDom","Depl",155,0.00,22.00,1.00,0.00,0.00,0.00,0.00,0.00,0.00,1.00,0.00,0.00,0.00,0.00,0.00,0.00
9980158,"4s_3s","PrwMx","Depl",155,4.00,8.00,2.00,2.00,1.00,2.00,1.00,0.00,0.00,3.00,0.00,2.00,0.00,0.00,0.00,0.00
9980158,"4s_3s","TolHd","Depl",145,0.00,0.00,0.00,2.00,0.00,1.00,1.00,0.00,0.00,4.00,0.00,1.00,0.00,0.00,0.00,15.00
9980158,"Patnt","PrwMx","Depl",155,4.00,8.00,2.00,2.00,1.00,2.00,1.00,0.00,0.00,3.00,0.00,2.00,0.00,0.00,0.00,0.00
9980158,"Patnt","TolHd","Depl",145,0.00,0.00,0.00,2.00,0.00,1.00,1.00,0.00,0.00,4.00,0.00,1.00,0.00,0.00,0.00,15.00
9980159,"4s_3s","SbMx1","Depl",145,0.00,0.00,6.00,14.00,1.00,1.00,0.00,0.00,0.00,2.00,0.00,1.00,0.00,0.00,0.00,0.00
9980159,"4s_3s","UplCe","Depl",155,1.00,0.00,0.00,2.00,1.00,2.00,14.00,0.00,0.00,2.00,0.00,2.00,0.00,0.00,0.00,0.00
9980159,"Patnt","SbMx1","Depl",145,0.00,0.00,6.00,14.00,1.00,1.00,0.00,0.00,0.00,2.00,0.00,1.00,0.00,0.00,0.00,0.00
9980159,"Patnt","UplCe","Depl",155,1.00,0.00,0.00,2.00,1.00,2.00,14.00,0.00,0.00,2.00,0.00,2.00,0.00,0.00,0.00,0.00
9980160,"4s_3s","OCLow","Depl",155,0.00,0.00,0.00,5.00,0.00,0.00,10.00,8.00,0.00,0.00,0.00,0.00,0.00,0.00,0.00,1.00
9980160,"4s_3s","PjMx1","Depl",145,0.00,0.00,14.00,8.00,0.00,0.00,0.00,0.00,0.00,2.00,0.00,1.00,0.00,0.00,0.00,0.00
9980160,"Patnt","OCLow","Depl",155,0.00,0.00,0.00,5.00,0.00,0.00,10.00,8.00,0.00,0.00,0.00,0.00,0.00,0.00,0.00,1.00
9980160,"Patnt","PjMx1","Depl",145,0.00,0.00,14.00,8.00,0.00,0.00,0.00,0.00,0.00,2.00,0.00,1.00,0.00,0.00,0.00,0.00
9980161,"4s_3s","BfMx","Depl",145,0.00,0.00,1.00,8.00,2.00,10.00,0.00,0.00,0.00,2.00,0.00,2.00,0.00,0.00,0.00,0.00
9980161,"4s_3s","SbLow","Depl",155,0.00,0.00,1.00,22.00,0.00,0.00,0.00,2.00,0.00,0.00,0.00,0.00,0.00,0.00,0.00,0.00
9980161,"Patnt","BfMx","Depl",145,0.00,0.00,1.00,8.00,2.00,10.00,0.00,0.00,0.00,2.00,0.00,2.00,0.00,0.00,0.00,0.00
9980161,"Patnt","SbLow","Depl",155,0.00,0.00,1.00,22.00,0.00,0.00,0.00,2.00,0.00,0.00,0.00,0.00,0.00,0.00,0.00,0.00
9980162,"4s_3s","HrDom","Depl",145,0.00,0.00,1.00,2.00,1.00,2.00,0.00,0.00,0.00,13.00,0.00,5.00,0.00,0.00,0.00,0.00
9980162,"4s_3s","SbSha","Depl",155,0.00,0.00,3.00,20.00,0.00,0.00,0.00,0.00,0.00,0.00,0.00,0.00,0.00,0.00,0.00,0.00
9980162,"Patnt","HrDom","Depl",145,0.00,0.00,1.00,2.00,1.00,2.00,0.00,0.00,0.00,13.00,0.00,5.00,0.00,0.00,0.00,0.00
9980162,"Patnt","SbSha","Depl",155,0.00,0.00,3.00,20.00,0.00,0.00,0.00,0.00,0.00,0.00,0.00,0.00,0.00,0.00,0.00,0.00
9980163,"4s_3s","HrdMw","Depl",145,0.00,0.00,3.00,4.00,1.00,2.00,0.00,0.00,0.00,10.00,0.00,4.00,0.00,0.00,0.00,0.00
9980163,"4s_3s","SbDee","Depl",155,0.00,0.00,2.00,21.00,0.00,0.00,0.00,0.00,0.00,0.00,0.00,0.00,0.00,0.00,0.00,0.00
9980163,"Patnt","HrdMw","Depl",145,0.00,0.00,3.00,4.00,1.00,2.00,0.00,0.00,0.00,10.00,0.00,4.00,0.00,0.00,0.00,0.00
9980163,"Patnt","SbDee","Depl",155,0.00,0.00,2.00,21.00,0.00,0.00,0.00,0.00,0.00,0.00,0.00,0.00,0.00,0.00,0.00,0.00
9980164,"4s_3s","ConMx","Depl",145,0.00,0.00,6.00,8.00,1.00,2.00,0.00,0.00,0.00,6.00,0.00,3.00,0.00,0.00,0.00,0.00
9980164,"4s_3s","PjSha","Depl",155,0.00,0.00,20.00,3.00,0.00,0.00,0.00,0.00,0.00,1.00,0.00,0.00,0.00,0.00,0.00,0.00
9980164,"Patnt","ConMx","Depl",145,0.00,0.00,6.00,8.00,1.00,2.00,0.00,0.00,0.00,6.00,0.00,3.00,0.00,0.00,0.00,0.00
9980164,"Patnt","PjSha","Depl",155,0.00,0.00,20.00,3.00,0.00,0.00,0.00,0.00,0.00,1.00,0.00,0.00,0.00,0.00,0.00,0.00
9980165,"4s_3s","PjDee","Depl",155,0.00,0.00,21.00,3.00,0.00,0.00,0.00,0.00,0.00,1.00,0.00,0.00,0.00,0.00,0.00,0.00
9980165,"Patnt","PjDee","Depl",155,0.00,0.00,21.00,3.00,0.00,0.00,0.00,0.00,0.00,1.00,0.00,0.00,0.00,0.00,0.00,0.00
9980166,"4s_3s","PoDom","Depl",155,0.00,0.00,1.00,2.00,0.00,1.00,0.00,0.00,0.00,20.00,0.00,1.00,0.00,0.00,0.00,0.00
9980166,"4s_3s","PwDom","Depl",165,14.00,2.00,0.00,1.00,1.00,2.00,1.00,0.00,0.00,2.00,0.00,2.00,0.00,0.00,0.00,0.00
9980166,"Patnt","PoDom","Depl",155,0.00,0.00,1.00,2.00,0.00,1.00,0.00,0.00,0.00,20.00,0.00,1.00,0.00,0.00,0.00,0.00
9980166,"Patnt","PwDom","Depl",165,14.00,2.00,0.00,1.00,1.00,2.00,1.00,0.00,0.00,2.00,0.00,2.00,0.00,0.00,0.00,0.00
9980167,"4s_3s","BwDom","Depl",155,0.00,0.00,0.00,2.00,0.00,1.00,0.00,0.00,0.00,2.00,0.00,18.00,0.00,0.00,0.00,0.00
9980167,"4s_3s","PrDom","Depl",165,0.00,22.00,1.00,0.00,0.00,0.00,0.00,0.00,0.00,1.00,0.00,0.00,0.00,0.00,0.00,0.00
9980167,"Patnt","BwDom","Depl",155,0.00,0.00,0.00,2.00,0.00,1.00,0.00,0.00,0.00,2.00,0.00,18.00,0.00,0.00,0.00,0.00
9980167,"Patnt","PrDom","Depl",165,0.00,22.00,1.00,0.00,0.00,0.00,0.00,0.00,0.00,1.00,0.00,0.00,0.00,0.00,0.00,0.00
9980168,"4s_3s","PrwMx","Depl",165,4.00,8.00,2.00,2.00,1.00,2.00,1.00,0.00,0.00,3.00,0.00,2.00,0.00,0.00,0.00,0.00
9980168,"4s_3s","TolHd","Depl",155,0.00,0.00,0.00,2.00,0.00,1.00,1.00,0.00,0.00,4.00,0.00,1.00,0.00,0.00,0.00,15.00
9980168,"Patnt","PrwMx","Depl",165,4.00,8.00,2.00,2.00,1.00,2.00,1.00,0.00,0.00,3.00,0.00,2.00,0.00,0.00,0.00,0.00
9980168,"Patnt","TolHd","Depl",155,0.00,0.00,0.00,2.00,0.00,1.00,1.00,0.00,0.00,4.00,0.00,1.00,0.00,0.00,0.00,15.00
9980169,"4s_3s","SbMx1","Depl",155,0.00,0.00,6.00,14.00,1.00,1.00,0.00,0.00,0.00,2.00,0.00,1.00,0.00,0.00,0.00,0.00
9980169,"4s_3s","UplCe","Depl",165,1.00,0.00,0.00,2.00,1.00,2.00,14.00,0.00,0.00,2.00,0.00,2.00,0.00,0.00,0.00,0.00
9980169,"Patnt","SbMx1","Depl",155,0.00,0.00,6.00,14.00,1.00,1.00,0.00,0.00,0.00,2.00,0.00,1.00,0.00,0.00,0.00,0.00
9980169,"Patnt","UplCe","Depl",165,1.00,0.00,0.00,2.00,1.00,2.00,14.00,0.00,0.00,2.00,0.00,2.00,0.00,0.00,0.00,0.00
9980170,"4s_3s","OCLow","Depl",165,0.00,0.00,0.00,5.00,0.00,0.00,10.00,8.00,0.00,0.00,0.00,0.00,0.00,0.00,0.00,1.00
9980170,"4s_3s","PjMx1","Depl",155,0.00,0.00,14.00,8.00,0.00,0.00,0.00,0.00,0.00,2.00,0.00,1.00,0.00,0.00,0.00,0.00
9980170,"Patnt","OCLow","Depl",165,0.00,0.00,0.00,5.00,0.00,0.00,10.00,8.00,0.00,0.00,0.00,0.00,0.00,0.00,0.00,1.00
9980170,"Patnt","PjMx1","Depl",155,0.00,0.00,14.00,8.00,0.00,0.00,0.00,0.00,0.00,2.00,0.00,1.00,0.00,0.00,0.00,0.00
9980171,"4s_3s","BfMx","Depl",155,0.00,0.00,1.00,8.00,2.00,10.00,0.00,0.00,0.00,2.00,0.00,2.00,0.00,0.00,0.00,0.00
9980171,"4s_3s","SbLow","Depl",165,0.00,0.00,1.00,22.00,0.00,0.00,0.00,2.00,0.00,0.00,0.00,0.00,0.00,0.00,0.00,0.00
9980171,"Patnt","BfMx","Depl",155,0.00,0.00,1.00,8.00,2.00,10.00,0.00,0.00,0.00,2.00,0.00,2.00,0.00,0.00,0.00,0.00
9980171,"Patnt","SbLow","Depl",165,0.00,0.00,1.00,22.00,0.00,0.00,0.00,2.00,0.00,0.00,0.00,0.00,0.00,0.00,0.00,0.00
9980172,"4s_3s","HrDom","Depl",155,0.00,0.00,1.00,2.00,1.00,2.00,0.00,0.00,0.00,13.00,0.00,5.00,0.00,0.00,0.00,0.00
9980172,"4s_3s","SbSha","Depl",165,0.00,0.00,3.00,20.00,0.00,0.00,0.00,0.00,0.00,0.00,0.00,0.00,0.00,0.00,0.00,0.00
9980172,"Patnt","HrDom","Depl",155,0.00,0.00,1.00,2.00,1.00,2.00,0.00,0.00,0.00,13.00,0.00,5.00,0.00,0.00,0.00,0.00
9980172,"Patnt","SbSha","Depl",165,0.00,0.00,3.00,20.00,0.00,0.00,0.00,0.00,0.00,0.00,0.00,0.00,0.00,0.00,0.00,0.00
9980173,"4s_3s","HrdMw","Depl",155,0.00,0.00,3.00,4.00,1.00,2.00,0.00,0.00,0.00,10.00,0.00,4.00,0.00,0.00,0.00,0.00
9980173,"4s_3s","SbDee","Depl",165,0.00,0.00,2.00,21.00,0.00,0.00,0.00,0.00,0.00,0.00,0.00,0.00,0.00,0.00,0.00,0.00
9980173,"Patnt","HrdMw","Depl",155,0.00,0.00,3.00,4.00,1.00,2.00,0.00,0.00,0.00,10.00,0.00,4.00,0.00,0.00,0.00,0.00
9980173,"Patnt","SbDee","Depl",165,0.00,0.00,2.00,21.00,0.00,0.00,0.00,0.00,0.00,0.00,0.00,0.00,0.00,0.00,0.00,0.00
9980174,"4s_3s","ConMx","Depl",155,0.00,0.00,6.00,8.00,1.00,2.00,0.00,0.00,0.00,6.00,0.00,3.00,0.00,0.00,0.00,0.00
9980174,"4s_3s","PjSha","Depl",165,0.00,0.00,20.00,3.00,0.00,0.00,0.00,0.00,0.00,1.00,0.00,0.00,0.00,0.00,0.00,0.00
9980174,"Patnt","ConMx","Depl",155,0.00,0.00,6.00,8.00,1.00,2.00,0.00,0.00,0.00,6.00,0.00,3.00,0.00,0.00,0.00,0.00
9980174,"Patnt","PjSha","Depl",165,0.00,0.00,20.00,3.00,0.00,0.00,0.00,0.00,0.00,1.00,0.00,0.00,0.00,0.00,0.00,0.00
9980175,"4s_3s","PjDee","Depl",165,0.00,0.00,21.00,3.00,0.00,0.00,0.00,0.00,0.00,1.00,0.00,0.00,0.00,0.00,0.00,0.00
9980175,"Patnt","PjDee","Depl",165,0.00,0.00,21.00,3.00,0.00,0.00,0.00,0.00,0.00,1.00,0.00,0.00,0.00,0.00,0.00,0.00
9980176,"4s_3s","PoDom","Depl",165,0.00,0.00,1.00,2.00,0.00,1.00,0.00,0.00,0.00,20.00,0.00,1.00,0.00,0.00,0.00,0.00
9980176,"4s_3s","PwDom","Depl",175,14.00,2.00,0.00,1.00,1.00,2.00,1.00,0.00,0.00,2.00,0.00,2.00,0.00,0.00,0.00,0.00
9980176,"Patnt","PoDom","Depl",165,0.00,0.00,1.00,2.00,0.00,1.00,0.00,0.00,0.00,20.00,0.00,1.00,0.00,0.00,0.00,0.00
9980176,"Patnt","PwDom","Depl",175,14.00,2.00,0.00,1.00,1.00,2.00,1.00,0.00,0.00,2.00,0.00,2.00,0.00,0.00,0.00,0.00
9980177,"4s_3s","BwDom","Depl",165,0.00,0.00,0.00,2.00,0.00,1.00,0.00,0.00,0.00,2.00,0.00,18.00,0.00,0.00,0.00,0.00
9980177,"4s_3s","PrDom","Depl",175,0.00,22.00,1.00,0.00,0.00,0.00,0.00,0.00,0.00,1.00,0.00,0.00,0.00,0.00,0.00,0.00
9980177,"Patnt","BwDom","Depl",165,0.00,0.00,0.00,2.00,0.00,1.00,0.00,0.00,0.00,2.00,0.00,18.00,0.00,0.00,0.00,0.00
9980177,"Patnt","PrDom","Depl",175,0.00,22.00,1.00,0.00,0.00,0.00,0.00,0.00,0.00,1.00,0.00,0.00,0.00,0.00,0.00,0.00
9980178,"4s_3s","PrwMx","Depl",175,4.00,8.00,2.00,2.00,1.00,2.00,1.00,0.00,0.00,3.00,0.00,2.00,0.00,0.00,0.00,0.00
9980178,"4s_3s","TolHd","Depl",165,0.00,0.00,0.00,2.00,0.00,1.00,1.00,0.00,0.00,4.00,0.00,1.00,0.00,0.00,0.00,15.00
9980178,"Patnt","PrwMx","Depl",175,4.00,8.00,2.00,2.00,1.00,2.00,1.00,0.00,0.00,3.00,0.00,2.00,0.00,0.00,0.00,0.00
9980178,"Patnt","TolHd","Depl",165,0.00,0.00,0.00,2.00,0.00,1.00,1.00,0.00,0.00,4.00,0.00,1.00,0.00,0.00,0.00,15.00
9980179,"4s_3s","SbMx1","Depl",165,0.00,0.00,6.00,14.00,1.00,1.00,0.00,0.00,0.00,2.00,0.00,1.00,0.00,0.00,0.00,0.00
9980179,"4s_3s","UplCe","Depl",175,1.00,0.00,0.00,2.00,1.00,2.00,14.00,0.00,0.00,2.00,0.00,2.00,0.00,0.00,0.00,0.00
9980179,"Patnt","SbMx1","Depl",165,0.00,0.00,6.00,14.00,1.00,1.00,0.00,0.00,0.00,2.00,0.00,1.00,0.00,0.00,0.00,0.00
9980179,"Patnt","UplCe","Depl",175,1.00,0.00,0.00,2.00,1.00,2.00,14.00,0.00,0.00,2.00,0.00,2.00,0.00,0.00,0.00,0.00
9980180,"4s_3s","OCLow","Depl",175,0.00,0.00,0.00,5.00,0.00,0.00,10.00,8.00,0.00,0.00,0.00,0.00,0.00,0.00,0.00,1.00
9980180,"4s_3s","PjMx1","Depl",165,0.00,0.00,14.00,8.00,0.00,0.00,0.00,0.00,0.00,2.00,0.00,1.00,0.00,0.00,0.00,0.00
9980180,"Patnt","OCLow","Depl",175,0.00,0.00,0.00,5.00,0.00,0.00,10.00,8.00,0.00,0.00,0.00,0.00,0.00,0.00,0.00,1.00
9980180,"Patnt","PjMx1","Depl",165,0.00,0.00,14.00,8.00,0.00,0.00,0.00,0.00,0.00,2.00,0.00,1.00,0.00,0.00,0.00,0.00
9980181,"4s_3s","BfMx","Depl",165,0.00,0.00,1.00,8.00,2.00,10.00,0.00,0.00,0.00,2.00,0.00,2.00,0.00,0.00,0.00,0.00
9980181,"4s_3s","SbLow","Depl",175,0.00,0.00,1.00,22.00,0.00,0.00,0.00,2.00,0.00,0.00,0.00,0.00,0.00,0.00,0.00,0.00
9980181,"Patnt","BfMx","Depl",165,0.00,0.00,1.00,8.00,2.00,10.00,0.00,0.00,0.00,2.00,0.00,2.00,0.00,0.00,0.00,0.00
9980181,"Patnt","SbLow","Depl",175,0.00,0.00,1.00,22.00,0.00,0.00,0.00,2.00,0.00,0.00,0.00,0.00,0.00,0.00,0.00,0.00
9980182,"4s_3s","HrDom","Depl",165,0.00,0.00,1.00,2.00,1.00,2.00,0.00,0.00,0.00,13.00,0.00,5.00,0.00,0.00,0.00,0.00
9980182,"4s_3s","SbSha","Depl",175,0.00,0.00,3.00,20.00,0.00,0.00,0.00,0.00,0.00,0.00,0.00,0.00,0.00,0.00,0.00,0.00
9980182,"Patnt","HrDom","Depl",165,0.00,0.00,1.00,2.00,1.00,2.00,0.00,0.00,0.00,13.00,0.00,5.00,0.00,0.00,0.00,0.00
9980182,"Patnt","SbSha","Depl",175,0.00,0.00,3.00,20.00,0.00,0.00,0.00,0.00,0.00,0.00,0.00,0.00,0.00,0.00,0.00,0.00
9980183,"4s_3s","HrdMw","Depl",165,0.00,0.00,3.00,4.00,1.00,2.00,0.00,0.00,0.00,10.00,0.00,4.00,0.00,0.00,0.00,0.00
9980183,"4s_3s","SbDee","Depl",175,0.00,0.00,2.00,21.00,0.00,0.00,0.00,0.00,0.00,0.00,0.00,0.00,0.00,0.00,0.00,0.00
9980183,"Patnt","HrdMw","Depl",165,0.00,0.00,3.00,4.00,1.00,2.00,0.00,0.00,0.00,10.00,0.00,4.00,0.00,0.00,0.00,0.00
9980183,"Patnt","SbDee","Depl",175,0.00,0.00,2.00,21.00,0.00,0.00,0.00,0.00,0.00,0.00,0.00,0.00,0.00,0.00,0.00,0.00
9980184,"4s_3s","ConMx","Depl",165,0.00,0.00,6.00,8.00,1.00,2.00,0.00,0.00,0.00,6.00,0.00,3.00,0.00,0.00,0.00,0.00
9980184,"4s_3s","PjSha","Depl",175,0.00,0.00,20.00,3.00,0.00,0.00,0.00,0.00,0.00,1.00,0.00,0.00,0.00,0.00,0.00,0.00
9980184,"Patnt","ConMx","Depl",165,0.00,0.00,6.00,8.00,1.00,2.00,0.00,0.00,0.00,6.00,0.00,3.00,0.00,0.00,0.00,0.00
9980184,"Patnt","PjSha","Depl",175,0.00,0.00,20.00,3.00,0.00,0.00,0.00,0.00,0.00,1.00,0.00,0.00,0.00,0.00,0.00,0.00
9980185,"4s_3s","PjDee","Depl",175,0.00,0.00,21.00,3.00,0.00,0.00,0.00,0.00,0.00,1.00,0.00,0.00,0.00,0.00,0.00,0.00
9980185,"Patnt","PjDee","Depl",175,0.00,0.00,21.00,3.00,0.00,0.00,0.00,0.00,0.00,1.00,0.00,0.00,0.00,0.00,0.00,0.00
9980186,"4s_3s","PoDom","Depl",175,0.00,0.00,1.00,2.00,0.00,1.00,0.00,0.00,0.00,20.00,0.00,1.00,0.00,0.00,0.00,0.00
9980186,"4s_3s","PwDom","Depl",185,14.00,2.00,0.00,1.00,1.00,2.00,1.00,0.00,0.00,2.00,0.00,2.00,0.00,0.00,0.00,0.00
9980186,"Patnt","PoDom","Depl",175,0.00,0.00,1.00,2.00,0.00,1.00,0.00,0.00,0.00,20.00,0.00,1.00,0.00,0.00,0.00,0.00
9980186,"Patnt","PwDom","Depl",185,14.00,2.00,0.00,1.00,1.00,2.00,1.00,0.00,0.00,2.00,0.00,2.00,0.00,0.00,0.00,0.00
9980187,"4s_3s","BwDom","Depl",175,0.00,0.00,0.00,2.00,0.00,1.00,0.00,0.00,0.00,2.00,0.00,18.00,0.00,0.00,0.00,0.00
9980187,"4s_3s","PrDom","Depl",185,0.00,22.00,1.00,0.00,0.00,0.00,0.00,0.00,0.00,1.00,0.00,0.00,0.00,0.00,0.00,0.00
9980187,"Patnt","BwDom","Depl",175,0.00,0.00,0.00,2.00,0.00,1.00,0.00,0.00,0.00,2.00,0.00,18.00,0.00,0.00,0.00,0.00
9980187,"Patnt","PrDom","Depl",185,0.00,22.00,1.00,0.00,0.00,0.00,0.00,0.00,0.00,1.00,0.00,0.00,0.00,0.00,0.00,0.00
9980188,"4s_3s","PrwMx","Depl",185,4.00,8.00,2.00,2.00,1.00,2.00,1.00,0.00,0.00,3.00,0.00,2.00,0.00,0.00,0.00,0.00
9980188,"4s_3s","TolHd","Depl",175,0.00,0.00,0.00,2.00,0.00,1.00,1.00,0.00,0.00,4.00,0.00,1.00,0.00,0.00,0.00,15.00
9980188,"Patnt","PrwMx","Depl",185,4.00,8.00,2.00,2.00,1.00,2.00,1.00,0.00,0.00,3.00,0.00,2.00,0.00,0.00,0.00,0.00
9980188,"Patnt","TolHd","Depl",175,0.00,0.00,0.00,2.00,0.00,1.00,1.00,0.00,0.00,4.00,0.00,1.00,0.00,0.00,0.00,15.00
9980189,"4s_3s","SbMx1","Depl",175,0.00,0.00,6.00,14.00,1.00,1.00,0.00,0.00,0.00,2.00,0.00,1.00,0.00,0.00,0.00,0.00
9980189,"4s_3s","UplCe","Depl",185,1.00,0.00,0.00,2.00,1.00,2.00,14.00,0.00,0.00,2.00,0.00,2.00,0.00,0.00,0.00,0.00
9980189,"Patnt","SbMx1","Depl",175,0.00,0.00,6.00,14.00,1.00,1.00,0.00,0.00,0.00,2.00,0.00,1.00,0.00,0.00,0.00,0.00
9980189,"Patnt","UplCe","Depl",185,1.00,0.00,0.00,2.00,1.00,2.00,14.00,0.00,0.00,2.00,0.00,2.00,0.00,0.00,0.00,0.00
9980190,"4s_3s","OCLow","Depl",185,0.00,0.00,0.00,5.00,0.00,0.00,10.00,8.00,0.00,0.00,0.00,0.00,0.00,0.00,0.00,1.00
9980190,"4s_3s","PjMx1","Depl",175,0.00,0.00,14.00,8.00,0.00,0.00,0.00,0.00,0.00,2.00,0.00,1.00,0.00,0.00,0.00,0.00
9980190,"Patnt","OCLow","Depl",185,0.00,0.00,0.00,5.00,0.00,0.00,10.00,8.00,0.00,0.00,0.00,0.00,0.00,0.00,0.00,1.00
9980190,"Patnt","PjMx1","Depl",175,0.00,0.00,14.00,8.00,0.00,0.00,0.00,0.00,0.00,2.00,0.00,1.00,0.00,0.00,0.00,0.00
9980191,"4s_3s","BfMx","Depl",175,0.00,0.00,1.00,8.00,2.00,10.00,0.00,0.00,0.00,2.00,0.00,2.00,0.00,0.00,0.00,0.00
9980191,"4s_3s","SbLow","Depl",185,0.00,0.00,1.00,22.00,0.00,0.00,0.00,2.00,0.00,0.00,0.00,0.00,0.00,0.00,0.00,0.00
9980191,"Patnt","BfMx","Depl",175,0.00,0.00,1.00,8.00,2.00,10.00,0.00,0.00,0.00,2.00,0.00,2.00,0.00,0.00,0.00,0.00
9980191,"Patnt","SbLow","Depl",185,0.00,0.00,1.00,22.00,0.00,0.00,0.00,2.00,0.00,0.00,0.00,0.00,0.00,0.00,0.00,0.00
9980192,"4s_3s","HrDom","Depl",175,0.00,0.00,1.00,2.00,1.00,2.00,0.00,0.00,0.00,13.00,0.00,5.00,0.00,0.00,0.00,0.00
9980192,"4s_3s","SbSha","Depl",185,0.00,0.00,3.00,20.00,0.00,0.00,0.00,0.00,0.00,0.00,0.00,0.00,0.00,0.00,0.00,0.00
9980192,"Patnt","HrDom","Depl",175,0.00,0.00,1.00,2.00,1.00,2.00,0.00,0.00,0.00,13.00,0.00,5.00,0.00,0.00,0.00,0.00
9980192,"Patnt","SbSha","Depl",185,0.00,0.00,3.00,20.00,0.00,0.00,0.00,0.00,0.00,0.00,0.00,0.00,0.00,0.00,0.00,0.00
9980193,"4s_3s","HrdMw","Depl",175,0.00,0.00,3.00,4.00,1.00,2.00,0.00,0.00,0.00,10.00,0.00,4.00,0.00,0.00,0.00,0.00
9980193,"4s_3s","SbDee","Depl",185,0.00,0.00,2.00,21.00,0.00,0.00,0.00,0.00,0.00,0.00,0.00,0.00,0.00,0.00,0.00,0.00
9980193,"Patnt","HrdMw","Depl",175,0.00,0.00,3.00,4.00,1.00,2.00,0.00,0.00,0.00,10.00,0.00,4.00,0.00,0.00,0.00,0.00
9980193,"Patnt","SbDee","Depl",185,0.00,0.00,2.00,21.00,0.00,0.00,0.00,0.00,0.00,0.00,0.00,0.00,0.00,0.00,0.00,0.00
9980194,"4s_3s","ConMx","Depl",175,0.00,0.00,6.00,8.00,1.00,2.00,0.00,0.00,0.00,6.00,0.00,3.00,0.00,0.00,0.00,0.00
9980194,"4s_3s","PjSha","Depl",185,0.00,0.00,20.00,3.00,0.00,0.00,0.00,0.00,0.00,1.00,0.00,0.00,0.00,0.00,0.00,0.00
9980194,"Patnt","ConMx","Depl",175,0.00,0.00,6.00,8.00,1.00,2.00,0.00,0.00,0.00,6.00,0.00,3.00,0.00,0.00,0.00,0.00
9980194,"Patnt","PjSha","Depl",185,0.00,0.00,20.00,3.00,0.00,0.00,0.00,0.00,0.00,1.00,0.00,0.00,0.00,0.00,0.00,0.00
9980195,"4s_3s","PjDee","Depl",185,0.00,0.00,21.00,3.00,0.00,0.00,0.00,0.00,0.00,1.00,0.00,0.00,0.00,0.00,0.00,0.00
9980195,"Patnt","PjDee","Depl",185,0.00,0.00,21.00,3.00,0.00,0.00,0.00,0.00,0.00,1.00,0.00,0.00,0.00,0.00,0.00,0.00
9980196,"4s_3s","PoDom","Depl",185,0.00,0.00,1.00,2.00,0.00,1.00,0.00,0.00,0.00,20.00,0.00,1.00,0.00,0.00,0.00,0.00
9980196,"4s_3s","PwDom","Depl",195,14.00,2.00,0.00,1.00,1.00,2.00,1.00,0.00,0.00,2.00,0.00,2.00,0.00,0.00,0.00,0.00
9980196,"Patnt","PoDom","Depl",185,0.00,0.00,1.00,2.00,0.00,1.00,0.00,0.00,0.00,20.00,0.00,1.00,0.00,0.00,0.00,0.00
9980196,"Patnt","PwDom","Depl",195,14.00,2.00,0.00,1.00,1.00,2.00,1.00,0.00,0.00,2.00,0.00,2.00,0.00,0.00,0.00,0.00
9980197,"4s_3s","BwDom","Depl",185,0.00,0.00,0.00,2.00,0.00,1.00,0.00,0.00,0.00,2.00,0.00,18.00,0.00,0.00,0.00,0.00
9980197,"4s_3s","PrDom","Depl",195,0.00,22.00,1.00,0.00,0.00,0.00,0.00,0.00,0.00,1.00,0.00,0.00,0.00,0.00,0.00,0.00
9980197,"Patnt","BwDom","Depl",185,0.00,0.00,0.00,2.00,0.00,1.00,0.00,0.00,0.00,2.00,0.00,18.00,0.00,0.00,0.00,0.00
9980197,"Patnt","PrDom","Depl",195,0.00,22.00,1.00,0.00,0.00,0.00,0.00,0.00,0.00,1.00,0.00,0.00,0.00,0.00,0.00,0.00
9980198,"4s_3s","PrwMx","Depl",195,4.00,8.00,2.00,2.00,1.00,2.00,1.00,0.00,0.00,3.00,0.00,2.00,0.00,0.00,0.00,0.00
9980198,"4s_3s","TolHd","Depl",185,0.00,0.00,0.00,2.00,0.00,1.00,1.00,0.00,0.00,4.00,0.00,1.00,0.00,0.00,0.00,15.00
9980198,"Patnt","PrwMx","Depl",195,4.00,8.00,2.00,2.00,1.00,2.00,1.00,0.00,0.00,3.00,0.00,2.00,0.00,0.00,0.00,0.00
9980198,"Patnt","TolHd","Depl",185,0.00,0.00,0.00,2.00,0.00,1.00,1.00,0.00,0.00,4.00,0.00,1.00,0.00,0.00,0.00,15.00
9980199,"4s_3s","SbMx1","Depl",185,0.00,0.00,6.00,14.00,1.00,1.00,0.00,0.00,0.00,2.00,0.00,1.00,0.00,0.00,0.00,0.00
9980199,"4s_3s","UplCe","Depl",195,1.00,0.00,0.00,2.00,1.00,2.00,14.00,0.00,0.00,2.00,0.00,2.00,0.00,0.00,0.00,0.00
9980199,"Patnt","SbMx1","Depl",185,0.00,0.00,6.00,14.00,1.00,1.00,0.00,0.00,0.00,2.00,0.00,1.00,0.00,0.00,0.00,0.00
9980199,"Patnt","UplCe","Depl",195,1.00,0.00,0.00,2.00,1.00,2.00,14.00,0.00,0.00,2.00,0.00,2.00,0.00,0.00,0.00,0.00
9980200,"4s_3s","OCLow","Depl",195,0.00,0.00,0.00,5.00,0.00,0.00,10.00,8.00,0.00,0.00,0.00,0.00,0.00,0.00,0.00,1.00
9980200,"4s_3s","PjMx1","Depl",185,0.00,0.00,14.00,8.00,0.00,0.00,0.00,0.00,0.00,2.00,0.00,1.00,0.00,0.00,0.00,0.00
9980200,"Patnt","OCLow","Depl",195,0.00,0.00,0.00,5.00,0.00,0.00,10.00,8.00,0.00,0.00,0.00,0.00,0.00,0.00,0.00,1.00
9980200,"Patnt","PjMx1","Depl",185,0.00,0.00,14.00,8.00,0.00,0.00,0.00,0.00,0.00,2.00,0.00,1.00,0.00,0.00,0.00,0.00
9980201,"4s_3s","BfMx","Depl",185,0.00,0.00,1.00,8.00,2.00,10.00,0.00,0.00,0.00,2.00,0.00,2.00,0.00,0.00,0.00,0.00
9980201,"4s_3s","SbLow","Depl",195,0.00,0.00,1.00,22.00,0.00,0.00,0.00,2.00,0.00,0.00,0.00,0.00,0.00,0.00,0.00,0.00
9980201,"Patnt","BfMx","Depl",185,0.00,0.00,1.00,8.00,2.00,10.00,0.00,0.00,0.00,2.00,0.00,2.00,0.00,0.00,0.00,0.00
9980201,"Patnt","SbLow","Depl",195,0.00,0.00,1.00,22.00,0.00,0.00,0.00,2.00,0.00,0.00,0.00,0.00,0.00,0.00,0.00,0.00
9980202,"4s_3s","HrDom","Depl",185,0.00,0.00,1.00,2.00,1.00,2.00,0.00,0.00,0.00,13.00,0.00,5.00,0.00,0.00,0.00,0.00
9980202,"4s_3s","SbSha","Depl",195,0.00,0.00,3.00,20.00,0.00,0.00,0.00,0.00,0.00,0.00,0.00,0.00,0.00,0.00,0.00,0.00
9980202,"Patnt","HrDom","Depl",185,0.00,0.00,1.00,2.00,1.00,2.00,0.00,0.00,0.00,13.00,0.00,5.00,0.00,0.00,0.00,0.00
9980202,"Patnt","SbSha","Depl",195,0.00,0.00,3.00,20.00,0.00,0.00,0.00,0.00,0.00,0.00,0.00,0.00,0.00,0.00,0.00,0.00
9980203,"4s_3s","HrdMw","Depl",185,0.00,0.00,3.00,4.00,1.00,2.00,0.00,0.00,0.00,10.00,0.00,4.00,0.00,0.00,0.00,0.00
9980203,"4s_3s","SbDee","Depl",195,0.00,0.00,2.00,21.00,0.00,0.00,0.00,0.00,0.00,0.00,0.00,0.00,0.00,0.00,0.00,0.00
9980203,"Patnt","HrdMw","Depl",185,0.00,0.00,3.00,4.00,1.00,2.00,0.00,0.00,0.00,10.00,0.00,4.00,0.00,0.00,0.00,0.00
9980203,"Patnt","SbDee","Depl",195,0.00,0.00,2.00,21.00,0.00,0.00,0.00,0.00,0.00,0.00,0.00,0.00,0.00,0.00,0.00,0.00
9980204,"4s_3s","ConMx","Depl",185,0.00,0.00,6.00,8.00,1.00,2.00,0.00,0.00,0.00,6.00,0.00,3.00,0.00,0.00,0.00,0.00
9980204,"4s_3s","PjSha","Depl",195,0.00,0.00,20.00,3.00,0.00,0.00,0.00,0.00,0.00,1.00,0.00,0.00,0.00,0.00,0.00,0.00
9980204,"Patnt","ConMx","Depl",185,0.00,0.00,6.00,8.00,1.00,2.00,0.00,0.00,0.00,6.00,0.00,3.00,0.00,0.00,0.00,0.00
9980204,"Patnt","PjSha","Depl",195,0.00,0.00,20.00,3.00,0.00,0.00,0.00,0.00,0.00,1.00,0.00,0.00,0.00,0.00,0.00,0.00
9980205,"4s_3s","PjDee","Depl",195,0.00,0.00,21.00,3.00,0.00,0.00,0.00,0.00,0.00,1.00,0.00,0.00,0.00,0.00,0.00,0.00
9980205,"Patnt","PjDee","Depl",195,0.00,0.00,21.00,3.00,0.00,0.00,0.00,0.00,0.00,1.00,0.00,0.00,0.00,0.00,0.00,0.00
9980206,"4s_3s","PoDom","Depl",195,0.00,0.00,1.00,2.00,0.00,1.00,0.00,0.00,0.00,20.00,0.00,1.00,0.00,0.00,0.00,0.00
9980206,"4s_3s","PwDom","Depl",205,14.00,2.00,0.00,1.00,1.00,2.00,1.00,0.00,0.00,2.00,0.00,2.00,0.00,0.00,0.00,0.00
9980206,"Patnt","PoDom","Depl",195,0.00,0.00,1.00,2.00,0.00,1.00,0.00,0.00,0.00,20.00,0.00,1.00,0.00,0.00,0.00,0.00
9980206,"Patnt","PwDom","Depl",205,14.00,2.00,0.00,1.00,1.00,2.00,1.00,0.00,0.00,2.00,0.00,2.00,0.00,0.00,0.00,0.00
9980207,"4s_3s","BwDom","Depl",195,0.00,0.00,0.00,2.00,0.00,1.00,0.00,0.00,0.00,2.00,0.00,18.00,0.00,0.00,0.00,0.00
9980207,"4s_3s","PrDom","Depl",205,0.00,22.00,1.00,0.00,0.00,0.00,0.00,0.00,0.00,1.00,0.00,0.00,0.00,0.00,0.00,0.00
9980207,"Patnt","BwDom","Depl",195,0.00,0.00,0.00,2.00,0.00,1.00,0.00,0.00,0.00,2.00,0.00,18.00,0.00,0.00,0.00,0.00
9980207,"Patnt","PrDom","Depl",205,0.00,22.00,1.00,0.00,0.00,0.00,0.00,0.00,0.00,1.00,0.00,0.00,0.00,0.00,0.00,0.00
9980208,"4s_3s","PrwMx","Depl",205,4.00,8.00,2.00,2.00,1.00,2.00,1.00,0.00,0.00,3.00,0.00,2.00,0.00,0.00,0.00,0.00
9980208,"4s_3s","TolHd","Depl",195,0.00,0.00,0.00,2.00,0.00,1.00,1.00,0.00,0.00,4.00,0.00,1.00,0.00,0.00,0.00,15.00
9980208,"Patnt","PrwMx","Depl",205,4.00,8.00,2.00,2.00,1.00,2.00,1.00,0.00,0.00,3.00,0.00,2.00,0.00,0.00,0.00,0.00
9980208,"Patnt","TolHd","Depl",195,0.00,0.00,0.00,2.00,0.00,1.00,1.00,0.00,0.00,4.00,0.00,1.00,0.00,0.00,0.00,15.00
9980209,"4s_3s","SbMx1","Depl",195,0.00,0.00,6.00,14.00,1.00,1.00,0.00,0.00,0.00,2.00,0.00,1.00,0.00,0.00,0.00,0.00
9980209,"4s_3s","UplCe","Depl",205,1.00,0.00,0.00,2.00,1.00,2.00,14.00,0.00,0.00,2.00,0.00,2.00,0.00,0.00,0.00,0.00
9980209,"Patnt","SbMx1","Depl",195,0.00,0.00,6.00,14.00,1.00,1.00,0.00,0.00,0.00,2.00,0.00,1.00,0.00,0.00,0.00,0.00
9980209,"Patnt","UplCe","Depl",205,1.00,0.00,0.00,2.00,1.00,2.00,14.00,0.00,0.00,2.00,0.00,2.00,0.00,0.00,0.00,0.00
9980210,"4s_3s","OCLow","Depl",205,0.00,0.00,0.00,5.00,0.00,0.00,10.00,8.00,0.00,0.00,0.00,0.00,0.00,0.00,0.00,1.00
9980210,"4s_3s","PjMx1","Depl",195,0.00,0.00,14.00,8.00,0.00,0.00,0.00,0.00,0.00,2.00,0.00,1.00,0.00,0.00,0.00,0.00
9980210,"Patnt","OCLow","Depl",205,0.00,0.00,0.00,5.00,0.00,0.00,10.00,8.00,0.00,0.00,0.00,0.00,0.00,0.00,0.00,1.00
9980210,"Patnt","PjMx1","Depl",195,0.00,0.00,14.00,8.00,0.00,0.00,0.00,0.00,0.00,2.00,0.00,1.00,0.00,0.00,0.00,0.00
9980211,"4s_3s","BfMx","Depl",195,0.00,0.00,1.00,8.00,2.00,10.00,0.00,0.00,0.00,2.00,0.00,2.00,0.00,0.00,0.00,0.00
9980211,"4s_3s","SbLow","Depl",205,0.00,0.00,1.00,22.00,0.00,0.00,0.00,2.00,0.00,0.00,0.00,0.00,0.00,0.00,0.00,0.00
9980211,"Patnt","BfMx","Depl",195,0.00,0.00,1.00,8.00,2.00,10.00,0.00,0.00,0.00,2.00,0.00,2.00,0.00,0.00,0.00,0.00
9980211,"Patnt","SbLow","Depl",205,0.00,0.00,1.00,22.00,0.00,0.00,0.00,2.00,0.00,0.00,0.00,0.00,0.00,0.00,0.00,0.00
9980212,"4s_3s","HrDom","Depl",195,0.00,0.00,1.00,2.00,1.00,2.00,0.00,0.00,0.00,13.00,0.00,5.00,0.00,0.00,0.00,0.00
9980212,"4s_3s","SbSha","Depl",205,0.00,0.00,3.00,20.00,0.00,0.00,0.00,0.00,0.00,0.00,0.00,0.00,0.00,0.00,0.00,0.00
9980212,"Patnt","HrDom","Depl",195,0.00,0.00,1.00,2.00,1.00,2.00,0.00,0.00,0.00,13.00,0.00,5.00,0.00,0.00,0.00,0.00
9980212,"Patnt","SbSha","Depl",205,0.00,0.00,3.00,20.00,0.00,0.00,0.00,0.00,0.00,0.00,0.00,0.00,0.00,0.00,0.00,0.00
9980213,"4s_3s","HrdMw","Depl",195,0.00,0.00,3.00,4.00,1.00,2.00,0.00,0.00,0.00,10.00,0.00,4.00,0.00,0.00,0.00,0.00
9980213,"4s_3s","SbDee","Depl",205,0.00,0.00,2.00,21.00,0.00,0.00,0.00,0.00,0.00,0.00,0.00,0.00,0.00,0.00,0.00,0.00
9980213,"Patnt","HrdMw","Depl",195,0.00,0.00,3.00,4.00,1.00,2.00,0.00,0.00,0.00,10.00,0.00,4.00,0.00,0.00,0.00,0.00
9980213,"Patnt","SbDee","Depl",205,0.00,0.00,2.00,21.00,0.00,0.00,0.00,0.00,0.00,0.00,0.00,0.00,0.00,0.00,0.00,0.00
9980214,"4s_3s","ConMx","Depl",195,0.00,0.00,6.00,8.00,1.00,2.00,0.00,0.00,0.00,6.00,0.00,3.00,0.00,0.00,0.00,0.00
9980214,"4s_3s","PjSha","Depl",205,0.00,0.00,20.00,3.00,0.00,0.00,0.00,0.00,0.00,1.00,0.00,0.00,0.00,0.00,0.00,0.00
9980214,"Patnt","ConMx","Depl",195,0.00,0.00,6.00,8.00,1.00,2.00,0.00,0.00,0.00,6.00,0.00,3.00,0.00,0.00,0.00,0.00
9980214,"Patnt","PjSha","Depl",205,0.00,0.00,20.00,3.00,0.00,0.00,0.00,0.00,0.00,1.00,0.00,0.00,0.00,0.00,0.00,0.00
9980215,"4s_3s","PjDee","Depl",205,0.00,0.00,21.00,3.00,0.00,0.00,0.00,0.00,0.00,1.00,0.00,0.00,0.00,0.00,0.00,0.00
9980215,"Patnt","PjDee","Depl",205,0.00,0.00,21.00,3.00,0.00,0.00,0.00,0.00,0.00,1.00,0.00,0.00,0.00,0.00,0.00,0.00
9980216,"4s_3s","PoDom","Depl",205,0.00,0.00,1.00,2.00,0.00,1.00,0.00,0.00,0.00,20.00,0.00,1.00,0.00,0.00,0.00,0.00
9980216,"4s_3s","PwDom","Depl",215,14.00,2.00,0.00,1.00,1.00,2.00,1.00,0.00,0.00,2.00,0.00,2.00,0.00,0.00,0.00,0.00
9980216,"Patnt","PoDom","Depl",205,0.00,0.00,1.00,2.00,0.00,1.00,0.00,0.00,0.00,20.00,0.00,1.00,0.00,0.00,0.00,0.00
9980216,"Patnt","PwDom","Depl",215,14.00,2.00,0.00,1.00,1.00,2.00,1.00,0.00,0.00,2.00,0.00,2.00,0.00,0.00,0.00,0.00
9980217,"4s_3s","BwDom","Depl",205,0.00,0.00,0.00,2.00,0.00,1.00,0.00,0.00,0.00,2.00,0.00,18.00,0.00,0.00,0.00,0.00
9980217,"4s_3s","PrDom","Depl",215,0.00,22.00,1.00,0.00,0.00,0.00,0.00,0.00,0.00,1.00,0.00,0.00,0.00,0.00,0.00,0.00
9980217,"Patnt","BwDom","Depl",205,0.00,0.00,0.00,2.00,0.00,1.00,0.00,0.00,0.00,2.00,0.00,18.00,0.00,0.00,0.00,0.00
9980217,"Patnt","PrDom","Depl",215,0.00,22.00,1.00,0.00,0.00,0.00,0.00,0.00,0.00,1.00,0.00,0.00,0.00,0.00,0.00,0.00
9980218,"4s_3s","PrwMx","Depl",215,4.00,8.00,2.00,2.00,1.00,2.00,1.00,0.00,0.00,3.00,0.00,2.00,0.00,0.00,0.00,0.00
9980218,"4s_3s","TolHd","Depl",205,0.00,0.00,0.00,2.00,0.00,1.00,1.00,0.00,0.00,4.00,0.00,1.00,0.00,0.00,0.00,15.00
9980218,"Patnt","PrwMx","Depl",215,4.00,8.00,2.00,2.00,1.00,2.00,1.00,0.00,0.00,3.00,0.00,2.00,0.00,0.00,0.00,0.00
9980218,"Patnt","TolHd","Depl",205,0.00,0.00,0.00,2.00,0.00,1.00,1.00,0.00,0.00,4.00,0.00,1.00,0.00,0.00,0.00,15.00
9980219,"4s_3s","SbMx1","Depl",205,0.00,0.00,6.00,14.00,1.00,1.00,0.00,0.00,0.00,2.00,0.00,1.00,0.00,0.00,0.00,0.00
9980219,"4s_3s","UplCe","Depl",215,1.00,0.00,0.00,2.00,1.00,2.00,14.00,0.00,0.00,2.00,0.00,2.00,0.00,0.00,0.00,0.00
9980219,"Patnt","SbMx1","Depl",205,0.00,0.00,6.00,14.00,1.00,1.00,0.00,0.00,0.00,2.00,0.00,1.00,0.00,0.00,0.00,0.00
9980219,"Patnt","UplCe","Depl",215,1.00,0.00,0.00,2.00,1.00,2.00,14.00,0.00,0.00,2.00,0.00,2.00,0.00,0.00,0.00,0.00
9980220,"4s_3s","OCLow","Depl",215,0.00,0.00,0.00,5.00,0.00,0.00,10.00,8.00,0.00,0.00,0.00,0.00,0.00,0.00,0.00,1.00
9980220,"4s_3s","PjMx1","Depl",205,0.00,0.00,14.00,8.00,0.00,0.00,0.00,0.00,0.00,2.00,0.00,1.00,0.00,0.00,0.00,0.00
9980220,"Patnt","OCLow","Depl",215,0.00,0.00,0.00,5.00,0.00,0.00,10.00,8.00,0.00,0.00,0.00,0.00,0.00,0.00,0.00,1.00
9980220,"Patnt","PjMx1","Depl",205,0.00,0.00,14.00,8.00,0.00,0.00,0.00,0.00,0.00,2.00,0.00,1.00,0.00,0.00,0.00,0.00
9980221,"4s_3s","BfMx","Depl",205,0.00,0.00,1.00,8.00,2.00,10.00,0.00,0.00,0.00,2.00,0.00,2.00,0.00,0.00,0.00,0.00
9980221,"4s_3s","SbLow","Depl",215,0.00,0.00,1.00,22.00,0.00,0.00,0.00,2.00,0.00,0.00,0.00,0.00,0.00,0.00,0.00,0.00
9980221,"Patnt","BfMx","Depl",205,0.00,0.00,1.00,8.00,2.00,10.00,0.00,0.00,0.00,2.00,0.00,2.00,0.00,0.00,0.00,0.00
9980221,"Patnt","SbLow","Depl",215,0.00,0.00,1.00,22.00,0.00,0.00,0.00,2.00,0.00,0.00,0.00,0.00,0.00,0.00,0.00,0.00
9980222,"4s_3s","HrDom","Depl",205,0.00,0.00,1.00,2.00,1.00,2.00,0.00,0.00,0.00,13.00,0.00,5.00,0.00,0.00,0.00,0.00
9980222,"4s_3s","SbSha","Depl",215,0.00,0.00,3.00,20.00,0.00,0.00,0.00,0.00,0.00,0.00,0.00,0.00,0.00,0.00,0.00,0.00
9980222,"Patnt","HrDom","Depl",205,0.00,0.00,1.00,2.00,1.00,2.00,0.00,0.00,0.00,13.00,0.00,5.00,0.00,0.00,0.00,0.00
9980222,"Patnt","SbSha","Depl",215,0.00,0.00,3.00,20.00,0.00,0.00,0.00,0.00,0.00,0.00,0.00,0.00,0.00,0.00,0.00,0.00
9980223,"4s_3s","HrdMw","Depl",205,0.00,0.00,3.00,4.00,1.00,2.00,0.00,0.00,0.00,10.00,0.00,4.00,0.00,0.00,0.00,0.00
9980223,"4s_3s","SbDee","Depl",215,0.00,0.00,2.00,21.00,0.00,0.00,0.00,0.00,0.00,0.00,0.00,0.00,0.00,0.00,0.00,0.00
9980223,"Patnt","HrdMw","Depl",205,0.00,0.00,3.00,4.00,1.00,2.00,0.00,0.00,0.00,10.00,0.00,4.00,0.00,0.00,0.00,0.00
9980223,"Patnt","SbDee","Depl",215,0.00,0.00,2.00,21.00,0.00,0.00,0.00,0.00,0.00,0.00,0.00,0.00,0.00,0.00,0.00,0.00
9980224,"4s_3s","ConMx","Depl",205,0.00,0.00,6.00,8.00,1.00,2.00,0.00,0.00,0.00,6.00,0.00,3.00,0.00,0.00,0.00,0.00
9980224,"4s_3s","PjSha","Depl",215,0.00,0.00,20.00,3.00,0.00,0.00,0.00,0.00,0.00,1.00,0.00,0.00,0.00,0.00,0.00,0.00
9980224,"Patnt","ConMx","Depl",205,0.00,0.00,6.00,8.00,1.00,2.00,0.00,0.00,0.00,6.00,0.00,3.00,0.00,0.00,0.00,0.00
9980224,"Patnt","PjSha","Depl",215,0.00,0.00,20.00,3.00,0.00,0.00,0.00,0.00,0.00,1.00,0.00,0.00,0.00,0.00,0.00,0.00
9980225,"4s_3s","PjDee","Depl",215,0.00,0.00,21.00,3.00,0.00,0.00,0.00,0.00,0.00,1.00,0.00,0.00,0.00,0.00,0.00,0.00
9980225,"Patnt","PjDee","Depl",215,0.00,0.00,21.00,3.00,0.00,0.00,0.00,0.00,0.00,1.00,0.00,0.00,0.00,0.00,0.00,0.00
9980226,"4s_3s","PoDom","Depl",215,0.00,0.00,1.00,2.00,0.00,1.00,0.00,0.00,0.00,20.00,0.00,1.00,0.00,0.00,0.00,0.00
9980226,"4s_3s","PwDom","Depl",225,14.00,2.00,0.00,1.00,1.00,2.00,1.00,0.00,0.00,2.00,0.00,2.00,0.00,0.00,0.00,0.00
9980226,"Patnt","PoDom","Depl",215,0.00,0.00,1.00,2.00,0.00,1.00,0.00,0.00,0.00,20.00,0.00,1.00,0.00,0.00,0.00,0.00
9980226,"Patnt","PwDom","Depl",225,14.00,2.00,0.00,1.00,1.00,2.00,1.00,0.00,0.00,2.00,0.00,2.00,0.00,0.00,0.00,0.00
9980227,"4s_3s","BwDom","Depl",215,0.00,0.00,0.00,2.00,0.00,1.00,0.00,0.00,0.00,2.00,0.00,18.00,0.00,0.00,0.00,0.00
9980227,"4s_3s","PrDom","Depl",225,0.00,22.00,1.00,0.00,0.00,0.00,0.00,0.00,0.00,1.00,0.00,0.00,0.00,0.00,0.00,0.00
9980227,"Patnt","BwDom","Depl",215,0.00,0.00,0.00,2.00,0.00,1.00,0.00,0.00,0.00,2.00,0.00,18.00,0.00,0.00,0.00,0.00
9980227,"Patnt","PrDom","Depl",225,0.00,22.00,1.00,0.00,0.00,0.00,0.00,0.00,0.00,1.00,0.00,0.00,0.00,0.00,0.00,0.00
9980228,"4s_3s","PrwMx","Depl",225,4.00,8.00,2.00,2.00,1.00,2.00,1.00,0.00,0.00,3.00,0.00,2.00,0.00,0.00,0.00,0.00
9980228,"4s_3s","TolHd","Depl",215,0.00,0.00,0.00,2.00,0.00,1.00,1.00,0.00,0.00,4.00,0.00,1.00,0.00,0.00,0.00,15.00
9980228,"Patnt","PrwMx","Depl",225,4.00,8.00,2.00,2.00,1.00,2.00,1.00,0.00,0.00,3.00,0.00,2.00,0.00,0.00,0.00,0.00
9980228,"Patnt","TolHd","Depl",215,0.00,0.00,0.00,2.00,0.00,1.00,1.00,0.00,0.00,4.00,0.00,1.00,0.00,0.00,0.00,15.00
9980229,"4s_3s","SbMx1","Depl",215,0.00,0.00,6.00,14.00,1.00,1.00,0.00,0.00,0.00,2.00,0.00,1.00,0.00,0.00,0.00,0.00
9980229,"4s_3s","UplCe","Depl",225,1.00,0.00,0.00,2.00,1.00,2.00,14.00,0.00,0.00,2.00,0.00,2.00,0.00,0.00,0.00,0.00
9980229,"Patnt","SbMx1","Depl",215,0.00,0.00,6.00,14.00,1.00,1.00,0.00,0.00,0.00,2.00,0.00,1.00,0.00,0.00,0.00,0.00
9980229,"Patnt","UplCe","Depl",225,1.00,0.00,0.00,2.00,1.00,2.00,14.00,0.00,0.00,2.00,0.00,2.00,0.00,0.00,0.00,0.00
9980230,"4s_3s","OCLow","Depl",225,0.00,0.00,0.00,5.00,0.00,0.00,10.00,8.00,0.00,0.00,0.00,0.00,0.00,0.00,0.00,1.00
9980230,"4s_3s","PjMx1","Depl",215,0.00,0.00,14.00,8.00,0.00,0.00,0.00,0.00,0.00,2.00,0.00,1.00,0.00,0.00,0.00,0.00
9980230,"Patnt","OCLow","Depl",225,0.00,0.00,0.00,5.00,0.00,0.00,10.00,8.00,0.00,0.00,0.00,0.00,0.00,0.00,0.00,1.00
9980230,"Patnt","PjMx1","Depl",215,0.00,0.00,14.00,8.00,0.00,0.00,0.00,0.00,0.00,2.00,0.00,1.00,0.00,0.00,0.00,0.00
9980231,"4s_3s","BfMx","Depl",215,0.00,0.00,1.00,8.00,2.00,10.00,0.00,0.00,0.00,2.00,0.00,2.00,0.00,0.00,0.00,0.00
9980231,"4s_3s","SbLow","Depl",225,0.00,0.00,1.00,22.00,0.00,0.00,0.00,2.00,0.00,0.00,0.00,0.00,0.00,0.00,0.00,0.00
9980231,"Patnt","BfMx","Depl",215,0.00,0.00,1.00,8.00,2.00,10.00,0.00,0.00,0.00,2.00,0.00,2.00,0.00,0.00,0.00,0.00
9980231,"Patnt","SbLow","Depl",225,0.00,0.00,1.00,22.00,0.00,0.00,0.00,2.00,0.00,0.00,0.00,0.00,0.00,0.00,0.00,0.00
9980232,"4s_3s","HrDom","Depl",215,0.00,0.00,1.00,2.00,1.00,2.00,0.00,0.00,0.00,13.00,0.00,5.00,0.00,0.00,0.00,0.00
9980232,"4s_3s","SbSha","Depl",225,0.00,0.00,3.00,20.00,0.00,0.00,0.00,0.00,0.00,0.00,0.00,0.00,0.00,0.00,0.00,0.00
9980232,"Patnt","HrDom","Depl",215,0.00,0.00,1.00,2.00,1.00,2.00,0.00,0.00,0.00,13.00,0.00,5.00,0.00,0.00,0.00,0.00
9980232,"Patnt","SbSha","Depl",225,0.00,0.00,3.00,20.00,0.00,0.00,0.00,0.00,0.00,0.00,0.00,0.00,0.00,0.00,0.00,0.00
9980233,"4s_3s","HrdMw","Depl",215,0.00,0.00,3.00,4.00,1.00,2.00,0.00,0.00,0.00,10.00,0.00,4.00,0.00,0.00,0.00,0.00
9980233,"4s_3s","SbDee","Depl",225,0.00,0.00,2.00,21.00,0.00,0.00,0.00,0.00,0.00,0.00,0.00,0.00,0.00,0.00,0.00,0.00
9980233,"Patnt","HrdMw","Depl",215,0.00,0.00,3.00,4.00,1.00,2.00,0.00,0.00,0.00,10.00,0.00,4.00,0.00,0.00,0.00,0.00
9980233,"Patnt","SbDee","Depl",225,0.00,0.00,2.00,21.00,0.00,0.00,0.00,0.00,0.00,0.00,0.00,0.00,0.00,0.00,0.00,0.00
9980234,"4s_3s","ConMx","Depl",215,0.00,0.00,6.00,8.00,1.00,2.00,0.00,0.00,0.00,6.00,0.00,3.00,0.00,0.00,0.00,0.00
9980234,"4s_3s","PjSha","Depl",225,0.00,0.00,20.00,3.00,0.00,0.00,0.00,0.00,0.00,1.00,0.00,0.00,0.00,0.00,0.00,0.00
9980234,"Patnt","ConMx","Depl",215,0.00,0.00,6.00,8.00,1.00,2.00,0.00,0.00,0.00,6.00,0.00,3.00,0.00,0.00,0.00,0.00
9980234,"Patnt","PjSha","Depl",225,0.00,0.00,20.00,3.00,0.00,0.00,0.00,0.00,0.00,1.00,0.00,0.00,0.00,0.00,0.00,0.00
9980235,"4s_3s","PjDee","Depl",225,0.00,0.00,21.00,3.00,0.00,0.00,0.00,0.00,0.00,1.00,0.00,0.00,0.00,0.00,0.00,0.00
9980235,"Patnt","PjDee","Depl",225,0.00,0.00,21.00,3.00,0.00,0.00,0.00,0.00,0.00,1.00,0.00,0.00,0.00,0.00,0.00,0.00
9980236,"4s_3s","PoDom","Depl",225,0.00,0.00,1.00,2.00,0.00,1.00,0.00,0.00,0.00,20.00,0.00,1.00,0.00,0.00,0.00,0.00
9980236,"4s_3s","PwDom","Depl",235,14.00,2.00,0.00,1.00,1.00,2.00,1.00,0.00,0.00,2.00,0.00,2.00,0.00,0.00,0.00,0.00
9980236,"Patnt","PoDom","Depl",225,0.00,0.00,1.00,2.00,0.00,1.00,0.00,0.00,0.00,20.00,0.00,1.00,0.00,0.00,0.00,0.00
9980236,"Patnt","PwDom","Depl",235,14.00,2.00,0.00,1.00,1.00,2.00,1.00,0.00,0.00,2.00,0.00,2.00,0.00,0.00,0.00,0.00
9980237,"4s_3s","BwDom","Depl",225,0.00,0.00,0.00,2.00,0.00,1.00,0.00,0.00,0.00,2.00,0.00,18.00,0.00,0.00,0.00,0.00
9980237,"4s_3s","PrDom","Depl",235,0.00,22.00,1.00,0.00,0.00,0.00,0.00,0.00,0.00,1.00,0.00,0.00,0.00,0.00,0.00,0.00
9980237,"Patnt","BwDom","Depl",225,0.00,0.00,0.00,2.00,0.00,1.00,0.00,0.00,0.00,2.00,0.00,18.00,0.00,0.00,0.00,0.00
9980237,"Patnt","PrDom","Depl",235,0.00,22.00,1.00,0.00,0.00,0.00,0.00,0.00,0.00,1.00,0.00,0.00,0.00,0.00,0.00,0.00
9980238,"4s_3s","PrwMx","Depl",235,4.00,8.00,2.00,2.00,1.00,2.00,1.00,0.00,0.00,3.00,0.00,2.00,0.00,0.00,0.00,0.00
9980238,"4s_3s","TolHd","Depl",225,0.00,0.00,0.00,2.00,0.00,1.00,1.00,0.00,0.00,4.00,0.00,1.00,0.00,0.00,0.00,15.00
9980238,"Patnt","PrwMx","Depl",235,4.00,8.00,2.00,2.00,1.00,2.00,1.00,0.00,0.00,3.00,0.00,2.00,0.00,0.00,0.00,0.00
9980238,"Patnt","TolHd","Depl",225,0.00,0.00,0.00,2.00,0.00,1.00,1.00,0.00,0.00,4.00,0.00,1.00,0.00,0.00,0.00,15.00
9980239,"4s_3s","SbMx1","Depl",225,0.00,0.00,6.00,14.00,1.00,1.00,0.00,0.00,0.00,2.00,0.00,1.00,0.00,0.00,0.00,0.00
9980239,"4s_3s","UplCe","Depl",235,1.00,0.00,0.00,2.00,1.00,2.00,14.00,0.00,0.00,2.00,0.00,2.00,0.00,0.00,0.00,0.00
9980239,"Patnt","SbMx1","Depl",225,0.00,0.00,6.00,14.00,1.00,1.00,0.00,0.00,0.00,2.00,0.00,1.00,0.00,0.00,0.00,0.00
9980239,"Patnt","UplCe","Depl",235,1.00,0.00,0.00,2.00,1.00,2.00,14.00,0.00,0.00,2.00,0.00,2.00,0.00,0.00,0.00,0.00
9980240,"4s_3s","OCLow","Depl",235,0.00,0.00,0.00,5.00,0.00,0.00,10.00,8.00,0.00,0.00,0.00,0.00,0.00,0.00,0.00,1.00
9980240,"4s_3s","PjMx1","Depl",225,0.00,0.00,14.00,8.00,0.00,0.00,0.00,0.00,0.00,2.00,0.00,1.00,0.00,0.00,0.00,0.00
9980240,"Patnt","OCLow","Depl",235,0.00,0.00,0.00,5.00,0.00,0.00,10.00,8.00,0.00,0.00,0.00,0.00,0.00,0.00,0.00,1.00
9980240,"Patnt","PjMx1","Depl",225,0.00,0.00,14.00,8.00,0.00,0.00,0.00,0.00,0.00,2.00,0.00,1.00,0.00,0.00,0.00,0.00
9980241,"4s_3s","BfMx","Depl",225,0.00,0.00,1.00,8.00,2.00,10.00,0.00,0.00,0.00,2.00,0.00,2.00,0.00,0.00,0.00,0.00
9980241,"4s_3s","SbLow","Depl",235,0.00,0.00,1.00,22.00,0.00,0.00,0.00,2.00,0.00,0.00,0.00,0.00,0.00,0.00,0.00,0.00
9980241,"Patnt","BfMx","Depl",225,0.00,0.00,1.00,8.00,2.00,10.00,0.00,0.00,0.00,2.00,0.00,2.00,0.00,0.00,0.00,0.00
9980241,"Patnt","SbLow","Depl",235,0.00,0.00,1.00,22.00,0.00,0.00,0.00,2.00,0.00,0.00,0.00,0.00,0.00,0.00,0.00,0.00
9980242,"4s_3s","HrDom","Depl",225,0.00,0.00,1.00,2.00,1.00,2.00,0.00,0.00,0.00,13.00,0.00,5.00,0.00,0.00,0.00,0.00
9980242,"4s_3s","SbSha","Depl",235,0.00,0.00,3.00,20.00,0.00,0.00,0.00,0.00,0.00,0.00,0.00,0.00,0.00,0.00,0.00,0.00
9980242,"Patnt","HrDom","Depl",225,0.00,0.00,1.00,2.00,1.00,2.00,0.00,0.00,0.00,13.00,0.00,5.00,0.00,0.00,0.00,0.00
9980242,"Patnt","SbSha","Depl",235,0.00,0.00,3.00,20.00,0.00,0.00,0.00,0.00,0.00,0.00,0.00,0.00,0.00,0.00,0.00,0.00
9980243,"4s_3s","HrdMw","Depl",225,0.00,0.00,3.00,4.00,1.00,2.00,0.00,0.00,0.00,10.00,0.00,4.00,0.00,0.00,0.00,0.00
9980243,"4s_3s","SbDee","Depl",235,0.00,0.00,2.00,21.00,0.00,0.00,0.00,0.00,0.00,0.00,0.00,0.00,0.00,0.00,0.00,0.00
9980243,"Patnt","HrdMw","Depl",225,0.00,0.00,3.00,4.00,1.00,2.00,0.00,0.00,0.00,10.00,0.00,4.00,0.00,0.00,0.00,0.00
9980243,"Patnt","SbDee","Depl",235,0.00,0.00,2.00,21.00,0.00,0.00,0.00,0.00,0.00,0.00,0.00,0.00,0.00,0.00,0.00,0.00
9980244,"4s_3s","ConMx","Depl",225,0.00,0.00,6.00,8.00,1.00,2.00,0.00,0.00,0.00,6.00,0.00,3.00,0.00,0.00,0.00,0.00
9980244,"4s_3s","PjSha","Depl",235,0.00,0.00,20.00,3.00,0.00,0.00,0.00,0.00,0.00,1.00,0.00,0.00,0.00,0.00,0.00,0.00
9980244,"Patnt","ConMx","Depl",225,0.00,0.00,6.00,8.00,1.00,2.00,0.00,0.00,0.00,6.00,0.00,3.00,0.00,0.00,0.00,0.00
9980244,"Patnt","PjSha","Depl",235,0.00,0.00,20.00,3.00,0.00,0.00,0.00,0.00,0.00,1.00,0.00,0.00,0.00,0.00,0.00,0.00
9980245,"4s_3s","PjDee","Depl",235,0.00,0.00,21.00,3.00,0.00,0.00,0.00,0.00,0.00,1.00,0.00,0.00,0.00,0.00,0.00,0.00
9980245,"Patnt","PjDee","Depl",235,0.00,0.00,21.00,3.00,0.00,0.00,0.00,0.00,0.00,1.00,0.00,0.00,0.00,0.00,0.00,0.00
9980246,"4s_3s","PoDom","Depl",235,0.00,0.00,1.00,2.00,0.00,1.00,0.00,0.00,0.00,20.00,0.00,1.00,0.00,0.00,0.00,0.00
9980246,"4s_3s","PwDom","Depl",245,14.00,2.00,0.00,1.00,1.00,2.00,1.00,0.00,0.00,2.00,0.00,2.00,0.00,0.00,0.00,0.00
9980246,"Patnt","PoDom","Depl",235,0.00,0.00,1.00,2.00,0.00,1.00,0.00,0.00,0.00,20.00,0.00,1.00,0.00,0.00,0.00,0.00
9980246,"Patnt","PwDom","Depl",245,14.00,2.00,0.00,1.00,1.00,2.00,1.00,0.00,0.00,2.00,0.00,2.00,0.00,0.00,0.00,0.00
9980247,"4s_3s","BwDom","Depl",235,0.00,0.00,0.00,2.00,0.00,1.00,0.00,0.00,0.00,2.00,0.00,18.00,0.00,0.00,0.00,0.00
9980247,"4s_3s","PrDom","Depl",245,0.00,22.00,1.00,0.00,0.00,0.00,0.00,0.00,0.00,1.00,0.00,0.00,0.00,0.00,0.00,0.00
9980247,"Patnt","BwDom","Depl",235,0.00,0.00,0.00,2.00,0.00,1.00,0.00,0.00,0.00,2.00,0.00,18.00,0.00,0.00,0.00,0.00
9980247,"Patnt","PrDom","Depl",245,0.00,22.00,1.00,0.00,0.00,0.00,0.00,0.00,0.00,1.00,0.00,0.00,0.00,0.00,0.00,0.00
9980248,"4s_3s","PrwMx","Depl",245,4.00,8.00,2.00,2.00,1.00,2.00,1.00,0.00,0.00,3.00,0.00,2.00,0.00,0.00,0.00,0.00
9980248,"4s_3s","TolHd","Depl",235,0.00,0.00,0.00,2.00,0.00,1.00,1.00,0.00,0.00,4.00,0.00,1.00,0.00,0.00,0.00,15.00
9980248,"Patnt","PrwMx","Depl",245,4.00,8.00,2.00,2.00,1.00,2.00,1.00,0.00,0.00,3.00,0.00,2.00,0.00,0.00,0.00,0.00
9980248,"Patnt","TolHd","Depl",235,0.00,0.00,0.00,2.00,0.00,1.00,1.00,0.00,0.00,4.00,0.00,1.00,0.00,0.00,0.00,15.00
9980249,"4s_3s","SbMx1","Depl",235,0.00,0.00,6.00,14.00,1.00,1.00,0.00,0.00,0.00,2.00,0.00,1.00,0.00,0.00,0.00,0.00
9980249,"4s_3s","UplCe","Depl",245,1.00,0.00,0.00,2.00,1.00,2.00,14.00,0.00,0.00,2.00,0.00,2.00,0.00,0.00,0.00,0.00
9980249,"Patnt","SbMx1","Depl",235,0.00,0.00,6.00,14.00,1.00,1.00,0.00,0.00,0.00,2.00,0.00,1.00,0.00,0.00,0.00,0.00
9980249,"Patnt","UplCe","Depl",245,1.00,0.00,0.00,2.00,1.00,2.00,14.00,0.00,0.00,2.00,0.00,2.00,0.00,0.00,0.00,0.00
9980250,"4s_3s","OCLow","Depl",245,0.00,0.00,0.00,5.00,0.00,0.00,10.00,8.00,0.00,0.00,0.00,0.00,0.00,0.00,0.00,1.00
9980250,"4s_3s","PjMx1","Depl",235,0.00,0.00,14.00,8.00,0.00,0.00,0.00,0.00,0.00,2.00,0.00,1.00,0.00,0.00,0.00,0.00
9980250,"Patnt","OCLow","Depl",245,0.00,0.00,0.00,5.00,0.00,0.00,10.00,8.00,0.00,0.00,0.00,0.00,0.00,0.00,0.00,1.00
9980250,"Patnt","PjMx1","Depl",235,0.00,0.00,14.00,8.00,0.00,0.00,0.00,0.00,0.00,2.00,0.00,1.00,0.00,0.00,0.00,0.00
9980251,"4s_3s","BfMx","Depl",235,0.00,0.00,1.00,8.00,2.00,10.00,0.00,0.00,0.00,2.00,0.00,2.00,0.00,0.00,0.00,0.00
9980251,"4s_3s","SbLow","Depl",245,0.00,0.00,1.00,22.00,0.00,0.00,0.00,2.00,0.00,0.00,0.00,0.00,0.00,0.00,0.00,0.00
9980251,"Patnt","BfMx","Depl",235,0.00,0.00,1.00,8.00,2.00,10.00,0.00,0.00,0.00,2.00,0.00,2.00,0.00,0.00,0.00,0.00
9980251,"Patnt","SbLow","Depl",245,0.00,0.00,1.00,22.00,0.00,0.00,0.00,2.00,0.00,0.00,0.00,0.00,0.00,0.00,0.00,0.00
9980252,"4s_3s","HrDom","Depl",235,0.00,0.00,1.00,2.00,1.00,2.00,0.00,0.00,0.00,13.00,0.00,5.00,0.00,0.00,0.00,0.00
9980252,"4s_3s","SbSha","Depl",245,0.00,0.00,3.00,20.00,0.00,0.00,0.00,0.00,0.00,0.00,0.00,0.00,0.00,0.00,0.00,0.00
9980252,"Patnt","HrDom","Depl",235,0.00,0.00,1.00,2.00,1.00,2.00,0.00,0.00,0.00,13.00,0.00,5.00,0.00,0.00,0.00,0.00
9980252,"Patnt","SbSha","Depl",245,0.00,0.00,3.00,20.00,0.00,0.00,0.00,0.00,0.00,0.00,0.00,0.00,0.00,0.00,0.00,0.00
9980253,"4s_3s","HrdMw","Depl",235,0.00,0.00,3.00,4.00,1.00,2.00,0.00,0.00,0.00,10.00,0.00,4.00,0.00,0.00,0.00,0.00
9980253,"4s_3s","SbDee","Depl",245,0.00,0.00,2.00,21.00,0.00,0.00,0.00,0.00,0.00,0.00,0.00,0.00,0.00,0.00,0.00,0.00
9980253,"Patnt","HrdMw","Depl",235,0.00,0.00,3.00,4.00,1.00,2.00,0.00,0.00,0.00,10.00,0.00,4.00,0.00,0.00,0.00,0.00
9980253,"Patnt","SbDee","Depl",245,0.00,0.00,2.00,21.00,0.00,0.00,0.00,0.00,0.00,0.00,0.00,0.00,0.00,0.00,0.00,0.00
9980254,"4s_3s","ConMx","Depl",235,0.00,0.00,6.00,8.00,1.00,2.00,0.00,0.00,0.00,6.00,0.00,3.00,0.00,0.00,0.00,0.00
9980254,"4s_3s","PjSha","Depl",245,0.00,0.00,20.00,3.00,0.00,0.00,0.00,0.00,0.00,1.00,0.00,0.00,0.00,0.00,0.00,0.00
9980254,"Patnt","ConMx","Depl",235,0.00,0.00,6.00,8.00,1.00,2.00,0.00,0.00,0.00,6.00,0.00,3.00,0.00,0.00,0.00,0.00
9980254,"Patnt","PjSha","Depl",245,0.00,0.00,20.00,3.00,0.00,0.00,0.00,0.00,0.00,1.00,0.00,0.00,0.00,0.00,0.00,0.00
9980255,"4s_3s","PjDee","Depl",245,0.00,0.00,21.00,3.00,0.00,0.00,0.00,0.00,0.00,1.00,0.00,0.00,0.00,0.00,0.00,0.00
9980255,"Patnt","PjDee","Depl",245,0.00,0.00,21.00,3.00,0.00,0.00,0.00,0.00,0.00,1.00,0.00,0.00,0.00,0.00,0.00,0.00
9980256,"4s_3s","PoDom","Depl",245,0.00,0.00,1.00,2.00,0.00,1.00,0.00,0.00,0.00,20.00,0.00,1.00,0.00,0.00,0.00,0.00
9980256,"4s_3s","PwDom","Depl",255,14.00,2.00,0.00,1.00,1.00,2.00,1.00,0.00,0.00,2.00,0.00,2.00,0.00,0.00,0.00,0.00
9980256,"Patnt","PoDom","Depl",245,0.00,0.00,1.00,2.00,0.00,1.00,0.00,0.00,0.00,20.00,0.00,1.00,0.00,0.00,0.00,0.00
9980256,"Patnt","PwDom","Depl",255,14.00,2.00,0.00,1.00,1.00,2.00,1.00,0.00,0.00,2.00,0.00,2.00,0.00,0.00,0.00,0.00
9980257,"4s_3s","BwDom","Depl",245,0.00,0.00,0.00,2.00,0.00,1.00,0.00,0.00,0.00,2.00,0.00,18.00,0.00,0.00,0.00,0.00
9980257,"4s_3s","PrDom","Depl",255,0.00,22.00,1.00,0.00,0.00,0.00,0.00,0.00,0.00,1.00,0.00,0.00,0.00,0.00,0.00,0.00
9980257,"Patnt","BwDom","Depl",245,0.00,0.00,0.00,2.00,0.00,1.00,0.00,0.00,0.00,2.00,0.00,18.00,0.00,0.00,0.00,0.00
9980257,"Patnt","PrDom","Depl",255,0.00,22.00,1.00,0.00,0.00,0.00,0.00,0.00,0.00,1.00,0.00,0.00,0.00,0.00,0.00,0.00
9980258,"4s_3s","PrwMx","Depl",255,4.00,8.00,2.00,2.00,1.00,2.00,1.00,0.00,0.00,3.00,0.00,2.00,0.00,0.00,0.00,0.00
9980258,"4s_3s","TolHd","Depl",245,0.00,0.00,0.00,2.00,0.00,1.00,1.00,0.00,0.00,4.00,0.00,1.00,0.00,0.00,0.00,15.00
9980258,"Patnt","PrwMx","Depl",255,4.00,8.00,2.00,2.00,1.00,2.00,1.00,0.00,0.00,3.00,0.00,2.00,0.00,0.00,0.00,0.00
9980258,"Patnt","TolHd","Depl",245,0.00,0.00,0.00,2.00,0.00,1.00,1.00,0.00,0.00,4.00,0.00,1.00,0.00,0.00,0.00,15.00
9980259,"4s_3s","SbMx1","Depl",245,0.00,0.00,6.00,14.00,1.00,1.00,0.00,0.00,0.00,2.00,0.00,1.00,0.00,0.00,0.00,0.00
9980259,"4s_3s","UplCe","Depl",255,1.00,0.00,0.00,2.00,1.00,2.00,14.00,0.00,0.00,2.00,0.00,2.00,0.00,0.00,0.00,0.00
9980259,"Patnt","SbMx1","Depl",245,0.00,0.00,6.00,14.00,1.00,1.00,0.00,0.00,0.00,2.00,0.00,1.00,0.00,0.00,0.00,0.00
9980259,"Patnt","UplCe","Depl",255,1.00,0.00,0.00,2.00,1.00,2.00,14.00,0.00,0.00,2.00,0.00,2.00,0.00,0.00,0.00,0.00
9980260,"4s_3s","OCLow","Depl",255,0.00,0.00,0.00,5.00,0.00,0.00,10.00,8.00,0.00,0.00,0.00,0.00,0.00,0.00,0.00,1.00
9980260,"4s_3s","PjMx1","Depl",245,0.00,0.00,14.00,8.00,0.00,0.00,0.00,0.00,0.00,2.00,0.00,1.00,0.00,0.00,0.00,0.00
9980260,"Patnt","OCLow","Depl",255,0.00,0.00,0.00,5.00,0.00,0.00,10.00,8.00,0.00,0.00,0.00,0.00,0.00,0.00,0.00,1.00
9980260,"Patnt","PjMx1","Depl",245,0.00,0.00,14.00,8.00,0.00,0.00,0.00,0.00,0.00,2.00,0.00,1.00,0.00,0.00,0.00,0.00
9980261,"4s_3s","BfMx","Depl",245,0.00,0.00,1.00,8.00,2.00,10.00,0.00,0.00,0.00,2.00,0.00,2.00,0.00,0.00,0.00,0.00
9980261,"4s_3s","SbLow","Depl",255,0.00,0.00,1.00,22.00,0.00,0.00,0.00,2.00,0.00,0.00,0.00,0.00,0.00,0.00,0.00,0.00
9980261,"Patnt","BfMx","Depl",245,0.00,0.00,1.00,8.00,2.00,10.00,0.00,0.00,0.00,2.00,0.00,2.00,0.00,0.00,0.00,0.00
9980261,"Patnt","SbLow","Depl",255,0.00,0.00,1.00,22.00,0.00,0.00,0.00,2.00,0.00,0.00,0.00,0.00,0.00,0.00,0.00,0.00
9980262,"4s_3s","HrDom","Depl",245,0.00,0.00,1.00,2.00,1.00,2.00,0.00,0.00,0.00,13.00,0.00,5.00,0.00,0.00,0.00,0.00
9980262,"4s_3s","SbSha","Depl",255,0.00,0.00,3.00,20.00,0.00,0.00,0.00,0.00,0.00,0.00,0.00,0.00,0.00,0.00,0.00,0.00
9980262,"Patnt","HrDom","Depl",245,0.00,0.00,1.00,2.00,1.00,2.00,0.00,0.00,0.00,13.00,0.00,5.00,0.00,0.00,0.00,0.00
9980262,"Patnt","SbSha","Depl",255,0.00,0.00,3.00,20.00,0.00,0.00,0.00,0.00,0.00,0.00,0.00,0.00,0.00,0.00,0.00,0.00
9980263,"4s_3s","HrdMw","Depl",245,0.00,0.00,3.00,4.00,1.00,2.00,0.00,0.00,0.00,10.00,0.00,4.00,0.00,0.00,0.00,0.00
9980263,"4s_3s","SbDee","Depl",255,0.00,0.00,2.00,21.00,0.00,0.00,0.00,0.00,0.00,0.00,0.00,0.00,0.00,0.00,0.00,0.00
9980263,"Patnt","HrdMw","Depl",245,0.00,0.00,3.00,4.00,1.00,2.00,0.00,0.00,0.00,10.00,0.00,4.00,0.00,0.00,0.00,0.00
9980263,"Patnt","SbDee","Depl",255,0.00,0.00,2.00,21.00,0.00,0.00,0.00,0.00,0.00,0.00,0.00,0.00,0.00,0.00,0.00,0.00
9980264,"4s_3s","ConMx","Depl",245,0.00,0.00,6.00,8.00,1.00,2.00,0.00,0.00,0.00,6.00,0.00,3.00,0.00,0.00,0.00,0.00
9980264,"4s_3s","PjSha","Depl",255,0.00,0.00,20.00,3.00,0.00,0.00,0.00,0.00,0.00,1.00,0.00,0.00,0.00,0.00,0.00,0.00
9980264,"Patnt","ConMx","Depl",245,0.00,0.00,6.00,8.00,1.00,2.00,0.00,0.00,0.00,6.00,0.00,3.00,0.00,0.00,0.00,0.00
9980264,"Patnt","PjSha","Depl",255,0.00,0.00,20.00,3.00,0.00,0.00,0.00,0.00,0.00,1.00,0.00,0.00,0.00,0.00,0.00,0.00
9980265,"4s_3s","PjDee","Depl",255,0.00,0.00,21.00,3.00,0.00,0.00,0.00,0.00,0.00,1.00,0.00,0.00,0.00,0.00,0.00,0.00
9980265,"Patnt","PjDee","Depl",255,0.00,0.00,21.00,3.00,0.00,0.00,0.00,0.00,0.00,1.00,0.00,0.00,0.00,0.00,0.00,0.00
9980266,"4s_3s","PoDom","Depl",255,0.00,0.00,1.00,2.00,0.00,1.00,0.00,0.00,0.00,20.00,0.00,1.00,0.00,0.00,0.00,0.00
9980266,"Patnt","PoDom","Depl",255,0.00,0.00,1.00,2.00,0.00,1.00,0.00,0.00,0.00,20.00,0.00,1.00,0.00,0.00,0.00,0.00
9980267,"4s_3s","BwDom","Depl",255,0.00,0.00,0.00,2.00,0.00,1.00,0.00,0.00,0.00,2.00,0.00,18.00,0.00,0.00,0.00,0.00
9980267,"Patnt","BwDom","Depl",255,0.00,0.00,0.00,2.00,0.00,1.00,0.00,0.00,0.00,2.00,0.00,18.00,0.00,0.00,0.00,0.00
9980268,"4s_3s","TolHd","Depl",255,0.00,0.00,0.00,2.00,0.00,1.00,1.00,0.00,0.00,4.00,0.00,1.00,0.00,0.00,0.00,15.00
9980268,"Patnt","TolHd","Depl",255,0.00,0.00,0.00,2.00,0.00,1.00,1.00,0.00,0.00,4.00,0.00,1.00,0.00,0.00,0.00,15.00
9980269,"4s_3s","SbMx1","Depl",255,0.00,0.00,6.00,14.00,1.00,1.00,0.00,0.00,0.00,2.00,0.00,1.00,0.00,0.00,0.00,0.00
9980269,"Patnt","SbMx1","Depl",255,0.00,0.00,6.00,14.00,1.00,1.00,0.00,0.00,0.00,2.00,0.00,1.00,0.00,0.00,0.00,0.00
9980270,"4s_3s","PjMx1","Depl",255,0.00,0.00,14.00,8.00,0.00,0.00,0.00,0.00,0.00,2.00,0.00,1.00,0.00,0.00,0.00,0.00
9980270,"Patnt","PjMx1","Depl",255,0.00,0.00,14.00,8.00,0.00,0.00,0.00,0.00,0.00,2.00,0.00,1.00,0.00,0.00,0.00,0.00
9980271,"4s_3s","BfMx","Depl",255,0.00,0.00,1.00,8.00,2.00,10.00,0.00,0.00,0.00,2.00,0.00,2.00,0.00,0.00,0.00,0.00
9980271,"Patnt","BfMx","Depl",255,0.00,0.00,1.00,8.00,2.00,10.00,0.00,0.00,0.00,2.00,0.00,2.00,0.00,0.00,0.00,0.00
9980272,"4s_3s","HrDom","Depl",255,0.00,0.00,1.00,2.00,1.00,2.00,0.00,0.00,0.00,13.00,0.00,5.00,0.00,0.00,0.00,0.00
9980272,"Patnt","HrDom","Depl",255,0.00,0.00,1.00,2.00,1.00,2.00,0.00,0.00,0.00,13.00,0.00,5.00,0.00,0.00,0.00,0.00
9980273,"4s_3s","HrdMw","Depl",255,0.00,0.00,3.00,4.00,1.00,2.00,0.00,0.00,0.00,10.00,0.00,4.00,0.00,0.00,0.00,0.00
9980273,"Patnt","HrdMw","Depl",255,0.00,0.00,3.00,4.00,1.00,2.00,0.00,0.00,0.00,10.00,0.00,4.00,0.00,0.00,0.00,0.00
9980274,"4s_3s","ConMx","Depl",255,0.00,0.00,6.00,8.00,1.00,2.00,0.00,0.00,0.00,6.00,0.00,3.00,0.00,0.00,0.00,0.00
9980274,"Patnt","ConMx","Depl",255,0.00,0.00,6.00,8.00,1.00,2.00,0.00,0.00,0.00,6.00,0.00,3.00,0.00,0.00,0.00,0.00
