CURVENO,SUBMU,FU,SI,AC10,PW,PR,PJ,SB,SW,BF,CE,OC,HE,PO,PB,BW,MH,QR,YB,OH
1,4w,PwDom,Prsnt,5,0.00,0.00,0.00,0.00,0.00,0.00,0.00,0.00,0.00,0.00,0.00,0.00,0.00,0.00,0.00,0.00
1,4w,PwDom,Prsnt,15,2.81,0.60,0.28,0.21,0.25,0.30,0.66,0.00,0.00,0.74,0.00,0.29,0.00,0.00,0.00,0.01
1,4w,PwDom,Prsnt,25,9.66,2.05,0.82,0.80,0.71,1.10,1.09,0.00,0.00,2.63,0.00,1.02,0.00,0.00,0.00,0.05
1,4w,PwDom,Prsnt,35,20.55:quote,4.36,1.55,1.53,1.21,2.06,1.47,0.00,0.00,5.57,0.00,2.18,0.00,0.00,0.00,0.12
1,4w,PwDom,Prsnt,45,34.73,7.39,2.37,2.14,1.65,2.81,1.78,0.00,0.00,9.14,0.00,3.67,0.00,0.00,0.00,0.20
1,4w,PwDom,Prsnt,55,50.99,10.92,3.21,2.56,2.00,3.28,2.04,0.00,0.00,12.85,0.00,5.33,0.00,0.00,0.00,0.28
1,4w,PwDom,Prsnt,65,68.02,14.69,3.99,2.84,2.26,3.59,2.23,0.00,0.00,16.24,0.00,7.02,0.00,0.00,0.00,0.38
1,4w,PwDom,Prsnt,75,84.70,18.50,4.66,3.05,2.45,3.79,2.36,0.00,0.00,19.04,0.00,8.62,0.00,0.00,0.00,0.46
1,4w,PwDom,Prsnt,85,100.10,22.16,5.18,3.19,2.57,3.90,2.43,0.00,0.00,21.10,0.00,10.02,0.00,0.00,0.00,0.54
1,4w,PwDom,Prsnt,95,113.51,25.51,5.53,3.29,2.65,3.95,2.45,0.00,0.00,22.39,0.00,11.18,0.00,0.00,0.00,0.61
1,4w,PwDom,Prsnt,105,124.40,28.44,5.71,3.34,2.70,3.94,2.42,0.00,0.00,22.96,0.00,12. 05,0.00,0.00,0.00,0.67
1,4w,PwDom,Prsnt,115,132.46,30.85,5.73,3.34,2.70,3.88,2.36,0.00,0.00,22.90,0.00,12.62,0.00,0.00,0.00,0.71
1,4w,PwDom,Prsnt,125,137.51,32.67,5.59,3.31,2.68,3.77,2.26,0.00,0.00,22.32,0.00,12.89,0.00,0.00,0.00,0.74
1,4w,PwDom,Prsnt,135,139.57,33.88,5.32,3.24,2.62,3.62,2.13,0.00,0.00,21.34,0.00,12.89,0.00,0.00,0.00,0.75
1,4w,PwDom,Prsnt,145,138.79,34.46,4.95,3.14,2.54,3.43,1.98,0.00,0.00,20.05,0.00,12.63,0.00,0.00,0.00,0.75
1,4w,PwDom,Prsnt,155,135.43,34.43,4.52,3.00,2.43,3.22,1.81,0.00,0.00,18.56,0.00,12.16,0.00,0.00,0.00,0.73
1,4w,PwDom,Prsnt,165,129.84,33.83,4.04,2.85,2.31,2.99,1.63,0.00,0.00,16.94,0.00,11.52,0.00,0.00,0.00,0.71
1,4w,PwDom,Prsnt,175,122.44,32.73,3.54,2.67,2.16,2.75,1.45,0.00,0.00,15.27,0.00,10.75,0.00,0.00,0.00,0.67
1,4w,PwDom,Prsnt,185,113.65,31.19,3.06,2.48,2.01,2.50,1.28,0.00,0.00,13.60,0.00,9.89,0.00,0.00,0.00,0.62
1,4w,PwDom,Prsnt,195,103.92,29.30,2.59,2.28,1.85,2.24,1.11,0.00,0.00,11.97,0.00,8.97,0.00,0.00,0.00,0.57
1,4w,PwDom,Prsnt,205,93.67,27.16,2.16,2.07,1.68,1.99,0.95,0.00,0.00,10.41,0.00,8.03,0.00,0.00,0.00,0.52
1,4w,PwDom,Prsnt,215,83.26,24.83,1.78,1.86,1.51,1.75,0.80,0.00,0.00,8.96,0.00,7.10,0.00,0.00,0.00,0.46
1,4w,PwDom,Prsnt,225,73.02,22.42,1.44,1.66,1.34,1.52,0.67,0.00,0.00,7.62,0.00,6.20,0.00,0.00,0.00,0.41
1,4w,PwDom,Prsnt,235,63.20,19.98,1.15,1.46,1.18,1.31,0.55,0.00,0.00,6.42,0.00,5.35,0.00,0.00,0.00,0.35
1,4w,PwDom,Prsnt,245,54.01,17.60,0.90,1.27,1.03,1.11,0.45,0.00,0.00,5.34,0.00,4.56,0.00,0.00,0.00,0.30
1,4w,PwDom,Prsnt,255,45.58,15.31,0.70,1.09,0.89,0.94,0.36,0.00,0.00,4.40,0.00,3.84,0.00,0.00,0.00,0.25
2,4w,PwDom,Exten,5,0.00,0.00,0.00,0.00,0.00,0.00,0.00,0.00,0.00,0.00,0.00,0.00,0.00,0.00,0.00,0.00
2,4w,PwDom,Exten,15,2.16,0.55,0.23,0.12,0.32,0.40,0.55,0.00,0.00,0.81,0.00,0.14,0.00,0.02,0.00,0.02
2,4w,PwDom,Exten,25,7.42,1.88,0.68,0.44,0.89,1.48,0.91,0.00,0.00,2.88,0.00,0.50,0.00,0.07,0.00,0.07
2,4w,PwDom,Exten,35,15.86,4.03,1.30,0.86,1.52,2.78,1.23,0.00,0.00,6.12,0.00,1.07,0.00,0.15,0.00,0.15
2,4w,PwDom,Exten,45,26.98,6.88,2.01,1.20,2.10,3.80,1.51,0.00,0.00,10.11,0.00,1.81,0.00,0.26,0.00,0.25
2,4w,PwDom,Exten,55,39.85,10.22,2.73,1.45,2.56,4.47,1.73,0.00,0.00,14.30,0.00,2.64,0.00,0.38,0.00,0.36
2,4w,PwDom,Exten,65,53.45,13.83,3.42,1.62,2.90,4.92,1.91,0.00,0.00,18.17,0.00,3.50,0.00,0.51,0.00,0.48
2,4w,PwDom,Exten,75,66.84,17.49,4.00,1.74,3.15,5.21,2.02,0.00,0.00,21.40,0.00,4.32,0.00,0.64,0.00,0.60
2,4w,PwDom,Exten,85,79.30,21.03,4.47,1.83,3.33,5.39,2.09,0.00,0.00,23.80,0.00,5.04,0.00,0.77,0.00,0.71
2,4w,PwDom,Exten,95,90.23,24.29,4.79,1.89,3.45,5.48,2.12,0.00,0.00,25.34,0.00,5.64,0.00,0.87,0.00,0.80
2,4w,PwDom,Exten,105,99.19,27.16,4.96,1.93,3.51,5.48,2.10,0.00,0.00,26.07,0.00,6.10,0.00,0.96,0.00,0.87
2,4w,PwDom,Exten,115,105.89,29.54,4.98,1.94,3.53,5.40,2.05,0.00,0.00,26.07,0.00,6.40,0.00,1.02,0.00,0.93
2,4w,PwDom,Exten,125,110.18,31.36,4.87,1.92,3.50,5.26,1.97,0.00,0.00,25.47,0.00,6.56,0.00,1.07,0.00,0.97
2,4w,PwDom,Exten,135,112.06,32.58,4.65,1.89,3.44,5.06,1.86,0.00,0.00,24.39,0.00,6.57,0.00,1.09,0.00,0.99
2,4w,PwDom,Exten,145,111.62,33.19,4.34,1.83,3.34,4.81,1.73,0.00,0.00,22.96,0.00,6.45,0.00,1.09,0.00,0.99
2,4w,PwDom,Exten,155,109.08,33.21,3.96,1.75,3.20,4.52,1.59,0.00,0.00,21.28,0.00,6.22,0.00,1.06,0.00,0.97
2,4w,PwDom,Exten,165,104.71,32.68,3.55,1.67,3.04,4.21,1.43,0.00,0.00,19.46,0.00,5.90,0.00,1.02,0.00,0.93
2,4w,PwDom,Exten,175,98.84,31.65,3.11,1.56,2.85,3.87,1.28,0.00,0.00,17.55,0.00,5.51,0.00,0.97,0.00,0.88
2,4w,PwDom,Exten,185,91.83,30.19,2.69,1.45,2.65,3.52,1.12,0.00,0.00,15.64,0.00,5.07,0.00,0.90,0.00,0.82
2,4w,PwDom,Exten,195,84.04,28.38,2.28,1.33,2.44,3.16,0.98,0.00,0.00,13.78,0.00,4.60,0.00,0.83,0.00,0.76
2,4w,PwDom,Exten,205,75.79,26.32,1.90,1.21,2.22,2.81,0.83,0.00,0.00,12.00,0.00,4.12,0.00,0.75,0.00,0.68
2,4w,PwDom,Exten,215,67.41,24.08,1.57,1.09,2.00,2.47,0.71,0.00,0.00,10.33,0.00,3.65,0.00,0.67,0.00,0.61
2,4w,PwDom,Exten,225,59.14,21.75,1.27,0.97,1.78,2.15,0.59,0.00,0.00,8.79,0.00,3.19,0.00,0.59,0.00,0.54
2,4w,PwDom,Exten,235,51.21,19.39,1.01,0.86,1.57,1.85,0.48,0.00,0.00,7.41,0.00,2.75,0.00,0.52,0.00,0.47
2,4w,PwDom,Exten,245,43.77,17.08,0.80,0.74,1.36,1.58,0.39,0.00,0.00,6.17,0.00,2.35,0.00,0.44,0.00,0.40
2,4w,PwDom,Exten,255,36.95,14.87,0.62,0.64,1.18,1.33,0.32,0.00,0.00,5.08,0.00,1.98,0.00,0.38,0.00,0.34
3,4w,PwDom,Basc1,5,0.00,0.00,0.00,0.00,0.00,0.00,0.00,0.00,0.00,0.00,0.00,0.00,0.00,0.00,0.00,0.00
3,4w,PwDom,Basc1,15,2.81,0.60,0.28,0.21,0.25,0.30,0.66,0.00,0.00,0.74,0.00,0.29,0.00,0.00,0.00,0.01
3,4w,PwDom,Basc1,25,9.66,2.05,0.82,0.80,0.71,1.10,1.09,0.00,0.00,2.63,0.00,1.02,0.00,0.00,0.00,0.05
3,4w,PwDom,Basc1,35,20.55,4.36,1.55,1.53,1.21,2.06,1.47,0.00,0.00,5.57,0.00,2.18,0.00,0.00,0.00,0.12
3,4w,PwDom,Basc1,45,34.73,7.39,2.37,2.14,1.65,2.81,1.78,0.00,0.00,9.14,0.00,3.67,0.00,0.00,0.00,0.20
3,4w,PwDom,Basc1,55,50.99,10.92,3.21,2.56,2.00,3.28,2.04,0.00,0.00,12.85,0.00,5.33,0.00,0.00,0.00,0.28
3,4w,PwDom,Basc1,65,68.02,14.69,3.99,2.84,2.26,3.59,2.23,0.00,0.00,16.24,0.00,7.02,0.00,0.00,0.00,0.38
3,4w,PwDom,Basc1,75,84.70,18.50,4.66,3.05,2.45,3.79,2.36,0.00,0.00,19.04,0.00,8.62,0.00,0.00,0.00,0.46
3,4w,PwDom,Basc1,85,100.10,22.16,5.18,3.19,2.57,3.90,2.43,0.00,0.00,21.10,0.00,10.02,0.00,0.00,0.00,0.54
3,4w,PwDom,Basc1,95,113.51,25.51,5.53,3.29,2.65,3.95,2.45,0.00,0.00,22.39,0.00,11.18,0.00,0.00,0.00,0.61
3,4w,PwDom,Basc1,105,124.40,28.44,5.71,3.34,2.70,3.94,2.42,0.00,0.00,22.96,0.00,12.05,0.00,0.00,0.00,0.67
3,4w,PwDom,Basc1,115,132.46,30.85,5.73,3.34,2.70,3.88,2.36,0.00,0.00,22.90,0.00,12.62,0.00,0.00,0.00,0.71
3,4w,PwDom,Basc1,125,137.51,32.67,5.59,3.31,2.68,3.77,2.26,0.00,0.00,22.32,0.00,12.89,0.00,0.00,0.00,0.74
3,4w,PwDom,Basc1,135,139.57,33.88,5.32,3.24,2.62,3.62,2.13,0.00,0.00,21.34,0.00,12.89,0.00,0.00,0.00,0.75
3,4w,PwDom,Basc1,145,138.79,34.46,4.95,3.14,2.54,3.43,1.98,0.00,0.00,20.05,0.00,12.63,0.00,0.00,0.00,0.75
3,4w,PwDom,Basc1,155,135.43,34.43,4.52,3.00,2.43,3.22,1.81,0.00,0.00,18.56,0.00,12.16,0.00,0.00,0.00,0.73
3,4w,PwDom,Basc1,165,129.84,33.83,4.04,2.85,2.31,2.99,1.63,0.00,0.00,16.94,0.00,11.52,0.00,0.00,0.00,0.71
3,4w,PwDom,Basc1,175,122.44,32.73,3.54,2.67,2.16,2.75,1.45,0.00,0.00,15.27,0.00,10.75,0.00,0.00,0.00,0.67
3,4w,PwDom,Basc1,185,113.65,31.19,3.06,2.48,2.01,2.50,1.28,0.00,0.00,13.60,0.00,9.89,0.00,0.00,0.00,0.62
3,4w,PwDom,Basc1,195,103.92,29.30,2.59,2.28,1.85,2.24,1.11,0.00,0.00,11.97,0.00,8.97,0.00,0.00,0.00,0.57
3,4w,PwDom,Basc1,205,93.67,27.16,2.16,2.07,1.68,1.99,0.95,0.00,0.00,10.41,0.00,8.03,0.00,0.00,0.00,0.52
3,4w,PwDom,Basc1,215,83.26,24.83,1.78,1.86,1.51,1.75,0.80,0.00,0.00,8.96,0.00,7.10,0.00,0.00,0.00,0.46
3,4w,PwDom,Basc1,225,73.02,22.42,1.44,1.66,1.34,1.52,0.67,0.00,0.00,7.62,0.00,6.20,0.00,0.00,0.00,0.41
3,4w,PwDom,Basc1,235,63.20,19.98,1.15,1.46,1.18,1.31,0.55,0.00,0.00,6.42,0.00,5.35,0.00,0.00,0.00,0.35
3,4w,PwDom,Basc1,245,54.01,17.60,0.90,1.27,1.03,1.11,0.45,0.00,0.00,5.34,0.00,4.56,0.00,0.00,0.00,0.30
3,4w,PwDom,Basc1,255,45.58,15.31,0.70,1.09,0.89,0.94,0.36,0.00,0.00,4.40,0.00,3.84,0.00,0.00,0.00,0.25
4,4w,PwDom,Intn1,5,0.00,0.00,0.00,0.00,0.00,0.00,0.00,0.00,0.00,0.00,0.00,0.00,0.00,0.00,0.00,0.00
4,4w,PwDom,Intn1,15,2.81,0.60,0.28,0.21,0.25,0.30,0.66,0.00,0.00,0.74,0.00,0.29,0.00,0.00,0.00,0.01
4,4w,PwDom,Intn1,25,9.66,2.05,0.82,0.80,0.71,1.10,1.09,0.00,0.00,2.63,0.00,1.02,0.00,0.00,0.00,0.05
4,4w,PwDom,Intn1,35,20.55,4.36,1.55,1.53,1.21,2.06,1.47,0.00,0.00,5.57,0.00,2.18,0.00,0.00,0.00,0.12
4,4w,PwDom,Intn1,45,34.73,7.39,2.37,2.14,1.65,2.81,1.78,0.00,0.00,9.14,0.00,3.67,0.00,0.00,0.00,0.20
4,4w,PwDom,Intn1,55,50.99,10.92,3.21,2.56,2.00,3.28,2.04,0.00,0.00,12.85,0.00,5.33,0.00,0.00,0.00,0.28
4,4w,PwDom,Intn1,65,68.02,14.69,3.99,2.84,2.26,3.59,2.23,0.00,0.00,16.24,0.00,7.02,0.00,0.00,0.00,0.38
4,4w,PwDom,Intn1,75,84.70,18.50,4.66,3.05,2.45,3.79,2.36,0.00,0.00,19.04,0.00,8.62,0.00,0.00,0.00,0.46
4,4w,PwDom,Intn1,85,100.10,22.16,5.18,3.19,2.57,3.90,2.43,0.00,0.00,21.10,0.00,10.02,0.00,0.00,0.00,0.54
4,4w,PwDom,Intn1,95,113.51,25.51,5.53,3.29,2.65,3.95,2.45,0.00,0.00,22.39,0.00,11.18,0.00,0.00,0.00,0.61
4,4w,PwDom,Intn1,105,124.40,28.44,5.71,3.34,2.70,3.94,2.42,0.00,0.00,22.96,0.00,12.05,0.00,0.00,0.00,0.67
4,4w,PwDom,Intn1,115,132.46,30.85,5.73,3.34,2.70,3.88,2.36,0.00,0.00,22.90,0.00,12.62,0.00,0.00,0.00,0.71
4,4w,PwDom,Intn1,125,137.51,32.67,5.59,3.31,2.68,3.77,2.26,0.00,0.00,22.32,0.00,12.89,0.00,0.00,0.00,0.74
4,4w,PwDom,Intn1,135,139.57,33.88,5.32,3.24,2.62,3.62,2.13,0.00,0.00,21.34,0.00,12.89,0.00,0.00,0.00,0.75
4,4w,PwDom,Intn1,145,138.79,34.46,4.95,3.14,2.54,3.43,1.98,0.00,0.00,20.05,0.00,12.63,0.00,0.00,0.00,0.75
4,4w,PwDom,Intn1,155,135.43,34.43,4.52,3.00,2.43,3.22,1.81,0.00,0.00,18.56,0.00,12.16,0.00,0.00,0.00,0.73
4,4w,PwDom,Intn1,165,129.84,33.83,4.04,2.85,2.31,2.99,1.63,0.00,0.00,16.94,0.00,11.52,0.00,0.00,0.00,0.71
4,4w,PwDom,Intn1,175,122.44,32.73,3.54,2.67,2.16,2.75,1.45,0.00,0.00,15.27,0.00,10.75,0.00,0.00,0.00,0.67
4,4w,PwDom,Intn1,185,113.65,31.19,3.06,2.48,2.01,2.50,1.28,0.00,0.00,13.60,0.00,9.89,0.00,0.00,0.00,0.62
4,4w,PwDom,Intn1,195,103.92,29.30,2.59,2.28,1.85,2.24,1.11,0.00,0.00,11.97,0.00,8.97,0.00,0.00,0.00,0.57
4,4w,PwDom,Intn1,205,93.67,27.16,2.16,2.07,1.68,1.99,0.95,0.00,0.00,10.41,0.00,8.03,0.00,0.00,0.00,0.52
4,4w,PwDom,Intn1,215,83.26,24.83,1.78,1.86,1.51,1.75,0.80,0.00,0.00,8.96,0.00,7.10,0.00,0.00,0.00,0.46
4,4w,PwDom,Intn1,225,73.02,22.42,1.44,1.66,1.34,1.52,0.67,0.00,0.00,7.62,0.00,6.20,0.00,0.00,0.00,0.41
4,4w,PwDom,Intn1,235,63.20,19.98,1.15,1.46,1.18,1.31,0.55,0.00,0.00,6.42,0.00,5.35,0.00,0.00,0.00,0.35
4,4w,PwDom,Intn1,245,54.01,17.60,0.90,1.27,1.03,1.11,0.45,0.00,0.00,5.34,0.00,4.56,0.00,0.00,0.00,0.30
4,4w,PwDom,Intn1,255,45.58,15.31,0.70,1.09,0.89,0.94,0.36,0.00,0.00,4.40,0.00,3.84,0.00,0.00,0.00,0.25
5,4w,PrDom,Prsnt,5,0.00,0.00,0.00,0.00,0.00,0.00,0.00,0.00,0.00,0.00,0.00,0.00,0.00,0.00,0.00,0.00
5,4w,PrDom,Prsnt,15,1.29,18.63,2.02,0.24,0.00,0.20,0.00,0.00,0.00,0.82,0.00,0.34,0.00,0.00,0.00,0.00
5,4w,PrDom,Prsnt,25,3.36,48.20,4.48,0.69,0.00,0.58,0.00,0.00,0.00,2.23,0.00,0.91,0.00,0.00,0.00,0.00
5,4w,PrDom,Prsnt,35,5.90,84.54,6.98,1.09,0.00,0.90,0.00,0.00,0.00,3.90,0.00,1.61,0.00,0.00,0.00,0.00
5,4w,PrDom,Prsnt,45,8.57,123.13,9.20,1.31,0.00,1.05,0.00,0.00,0.00,5.51,0.00,2.33,0.00,0.00,0.00,0.00
5,4w,PrDom,Prsnt,55,11.11,160.59,11.00,1.38,0.00,1.08,0.00,0.00,0.00,6.83,0.00,2.99,0.00,0.00,0.00,0.00
5,4w,PrDom,Prsnt,65,13.35,194.58,12.30,1.38,0.00,1.07,0.00,0.00,0.00,7.78,0.00,3.54,0.00,0.00,0.00,0.00
5,4w,PrDom,Prsnt,75,15.17,223.56,13.09,1.35,0.00,1.03,0.00,0.00,0.00,8.32,0.00,3.97,0.00,0.00,0.00,0.00
5,4w,PrDom,Prsnt,85,16.51,246.63,13.40,1.30,0.00,0.97,0.00,0.00,0.00,8.49,0.00,4.25,0.00,0.00,0.00,0.00
5,4w,PrDom,Prsnt,95,17.37,263.39,13.28,1.24,0.00,0.91,0.00,0.00,0.00,8.36,0.00,4.40,0.00,0.00,0.00,0.00
5,4w,PrDom,Prsnt,105,17.75,273.81,12.79,1.18,0.00,0.85,0.00,0.00,0.00,8.00,0.00,4.42,0.00,0.00,0.00,0.00
5,4w,PrDom,Prsnt,115,17.70,278.14,12.01,1.10,0.00,0.78,0.00,0.00,0.00,7.47,0.00,4.34,0.00,0.00,0.00,0.00
5,4w,PrDom,Prsnt,125,17.27,276.87,11.01,1.03,0.00,0.71,0.00,0.00,0.00,6.84,0.00,4.16,0.00,0.00,0.00,0.00
5,4w,PrDom,Prsnt,135,16.53,270.62,9.88,0.95,0.00,0.65,0.00,0.00,0.00,6.16,0.00,3.92,0.00,0.00,0.00,0.00
5,4w,PrDom,Prsnt,145,15.53,260.17,8.70,0.87,0.00,0.58,0.00,0.00,0.00,5.48,0.00,3.63,0.00,0.00,0.00,0.00
5,4w,PrDom,Prsnt,155,14.36,246.29,7.51,0.79,0.00,0.51,0.00,0.00,0.00,4.80,0.00,3.32,0.00,0.00,0.00,0.00
5,4w,PrDom,Prsnt,165,13.07,229.82,6.38,0.71,0.00,0.45,0.00,0.00,0.00,4.16,0.00,2.98,0.00,0.00,0.00,0.00
5,4w,PrDom,Prsnt,175,11.73,211.55,5.33,0.63,0.00,0.40,0.00,0.00,0.00,3.57,0.00,2.65,0.00,0.00,0.00,0.00
5,4w,PrDom,Prsnt,185,10.38,192.21,4.38,0.56,0.00,0.34,0.00,0.00,0.00,3.03,0.00,2.32,0.00,0.00,0.00,0.00
5,4w,PrDom,Prsnt,195,9.06,172.46,3.55,0.49,0.00,0.29,0.00,0.00,0.00,2.54,0.00,2.01,0.00,0.00,0.00,0.00
5,4w,PrDom,Prsnt,205,7.81,152.89,2.83,0.42,0.00,0.25,0.00,0.00,0.00,2.12,0.00,1.72,0.00,0.00,0.00,0.00
5,4w,PrDom,Prsnt,215,6.65,133.95,2.23,0.36,0.00,0.21,0.00,0.00,0.00,1.74,0.00,1.46,0.00,0.00,0.00,0.00
5,4w,PrDom,Prsnt,225,5.60,116.02,1.73,0.31,0.00,0.17,0.00,0.00,0.00,1.42,0.00,1.22,0.00,0.00,0.00,0.00
5,4w,PrDom,Prsnt,235,4.65,99.37,1.33,0.26,0.00,0.14,0.00,0.00,0.00,1.15,0.00,1.01,0.00,0.00,0.00,0.00
5,4w,PrDom,Prsnt,245,3.83,84.17,1.01,0.22,0.00,0.12,0.00,0.00,0.00,0.92,0.00,0.83,0.00,0.00,0.00,0.00
5,4w,PrDom,Prsnt,255,3.11,70.53,0.75,0.18,0.00,0.09,0.00,0.00,0.00,0.73,0.00,0.67,0.00,0.00,0.00,0.00
6,4w,PrDom,Exten,5,0.00,0.00,0.00,0.00,0.00,0.00,0.00,0.00,0.00,0.00,0.00,0.00,0.00,0.00,0.00,0.00
6,4w,PrDom,Exten,15,1.01,20.06,0.93,0.00,0.00,0.18,0.00,0.00,0.00,0.19,0.00,0.07,0.00,0.00,0.00,0.00
6,4w,PrDom,Exten,25,2.60,51.18,2.03,0.00,0.00,0.52,0.00,0.00,0.00,0.51,0.00,0.20,0.00,0.00,0.00,0.00
6,4w,PrDom,Exten,35,4.49,88.35,3.12,0.00,0.00,0.79,0.00,0.00,0.00,0.87,0.00,0.35,0.00,0.00,0.00,0.00
6,4w,PrDom,Exten,45,6.44,126.92,4.05,0.00,0.00,0.91,0.00,0.00,0.00,1.22,0.00,0.50,0.00,0.00,0.00,0.00
6,4w,PrDom,Exten,55,8.25,163.63,4.79,0.00,0.00,0.93,0.00,0.00,0.00,1.49,0.00,0.64,0.00,0.00,0.00,0.00
6,4w,PrDom,Exten,65,9.82,196.36,5.30,0.00,0.00,0.90,0.00,0.00,0.00,1.69,0.00,0.75,0.00,0.00,0.00,0.00
6,4w,PrDom,Exten,75,11.06,223.77,5.60,0.00,0.00,0.86,0.00,0.00,0.00,1.79,0.00,0.84,0.00,0.00,0.00,0.00
6,4w,PrDom,Exten,85,11.96,245.16,5.69,0.00,0.00,0.81,0.00,0.00,0.00,1.81,0.00,0.89,0.00,0.00,0.00,0.00
6,4w,PrDom,Exten,95,12.51,260.26,5.61,0.00,0.00,0.76,0.00,0.00,0.00,1.77,0.00,0.92,0.00,0.00,0.00,0.00
6,4w,PrDom,Exten,105,12.72,269.15,5.37,0.00,0.00,0.70,0.00,0.00,0.00,1.69,0.00,0.92,0.00,0.00,0.00,0.00
6,4w,PrDom,Exten,115,12.62,272.17,5.02,0.00,0.00,0.64,0.00,0.00,0.00,1.57,0.00,0.90,0.00,0.00,0.00,0.00
6,4w,PrDom,Exten,125,12.27,269.86,4.59,0.00,0.00,0.58,0.00,0.00,0.00,1.43,0.00,0.86,0.00,0.00,0.00,0.00
6,4w,PrDom,Exten,135,11.70,262.88,4.10,0.00,0.00,0.53,0.00,0.00,0.00,1.29,0.00,0.80,0.00,0.00,0.00,0.00
6,4w,PrDom,Exten,145,10.96,251.97,3.60,0.00,0.00,0.47,0.00,0.00,0.00,1.14,0.00,0.74,0.00,0.00,0.00,0.00
6,4w,PrDom,Exten,155,10.11,237.92,3.10,0.00,0.00,0.42,0.00,0.00,0.00,0.99,0.00,0.67,0.00,0.00,0.00,0.00
6,4w,PrDom,Exten,165,9.18,221.52,2.63,0.00,0.00,0.37,0.00,0.00,0.00,0.86,0.00,0.61,0.00,0.00,0.00,0.00
6,4w,PrDom,Exten,175,8.22,203.52,2.19,0.00,0.00,0.32,0.00,0.00,0.00,0.74,0.00,0.54,0.00,0.00,0.00,0.00
6,4w,PrDom,Exten,185,7.26,184.61,1.80,0.00,0.00,0.27,0.00,0.00,0.00,0.62,0.00,0.47,0.00,0.00,0.00,0.00
6,4w,PrDom,Exten,195,6.33,165.41,1.45,0.00,0.00,0.23,0.00,0.00,0.00,0.52,0.00,0.40,0.00,0.00,0.00,0.00
6,4w,PrDom,Exten,205,5.45,146.46,1.16,0.00,0.00,0.20,0.00,0.00,0.00,0.43,0.00,0.35,0.00,0.00,0.00,0.00
6,4w,PrDom,Exten,215,4.64,128.19,0.91,0.00,0.00,0.17,0.00,0.00,0.00,0.36,0.00,0.29,0.00,0.00,0.00,0.00
6,4w,PrDom,Exten,225,3.90,110.93,0.71,0.00,0.00,0.14,0.00,0.00,0.00,0.29,0.00,0.24,0.00,0.00,0.00,0.00
6,4w,PrDom,Exten,235,3.24,94.94,0.54,0.00,0.00,0.11,0.00,0.00,0.00,0.23,0.00,0.20,0.00,0.00,0.00,0.00
6,4w,PrDom,Exten,245,2.66,80.37,0.41,0.00,0.00,0.09,0.00,0.00,0.00,0.19,0.00,0.16,0.00,0.00,0.00,0.00
6,4w,PrDom,Exten,255,2.16,67.31,0.30,0.00,0.00,0.07,0.00,0.00,0.00,0.15,0.00,0.13,0.00,0.00,0.00,0.00
7,4w,PrDom,Basc1,5,0.00,0.00,0.00,0.00,0.00,0.00,0.00,0.00,0.00,0.00,0.00,0.00,0.00,0.00,0.00,0.00
7,4w,PrDom,Basc1,15,1.29,18.63,2.02,0.24,0.00,0.20,0.00,0.00,0.00,0.82,0.00,0.34,0.00,0.00,0.00,0.00
7,4w,PrDom,Basc1,25,3.36,48.20,4.48,0.69,0.00,0.58,0.00,0.00,0.00,2.23,0.00,0.91,0.00,0.00,0.00,0.00
7,4w,PrDom,Basc1,35,5.90,84.54,6.98,1.09,0.00,0.90,0.00,0.00,0.00,3.90,0.00,1.61,0.00,0.00,0.00,0.00
7,4w,PrDom,Basc1,45,8.57,123.13,9.20,1.31,0.00,1.05,0.00,0.00,0.00,5.51,0.00,2.33,0.00,0.00,0.00,0.00
7,4w,PrDom,Basc1,55,11.11,160.59,11.00,1.38,0.00,1.08,0.00,0.00,0.00,6.83,0.00,2.99,0.00,0.00,0.00,0.00
7,4w,PrDom,Basc1,65,13.35,194.58,12.30,1.38,0.00,1.07,0.00,0.00,0.00,7.78,0.00,3.54,0.00,0.00,0.00,0.00
7,4w,PrDom,Basc1,75,15.17,223.56,13.09,1.35,0.00,1.03,0.00,0.00,0.00,8.32,0.00,3.97,0.00,0.00,0.00,0.00
7,4w,PrDom,Basc1,85,16.51,246.63,13.40,1.30,0.00,0.97,0.00,0.00,0.00,8.49,0.00,4.25,0.00,0.00,0.00,0.00
7,4w,PrDom,Basc1,95,17.37,263.39,13.28,1.24,0.00,0.91,0.00,0.00,0.00,8.36,0.00,4.40,0.00,0.00,0.00,0.00
7,4w,PrDom,Basc1,105,17.75,273.81,12.79,1.18,0.00,0.85,0.00,0.00,0.00,8.00,0.00,4.42,0.00,0.00,0.00,0.00
7,4w,PrDom,Basc1,115,17.70,278.14,12.01,1.10,0.00,0.78,0.00,0.00,0.00,7.47,0.00,4.34,0.00,0.00,0.00,0.00
7,4w,PrDom,Basc1,125,17.27,276.87,11.01,1.03,0.00,0.71,0.00,0.00,0.00,6.84,0.00,4.16,0.00,0.00,0.00,0.00
7,4w,PrDom,Basc1,135,16.53,270.62,9.88,0.95,0.00,0.65,0.00,0.00,0.00,6.16,0.00,3.92,0.00,0.00,0.00,0.00
7,4w,PrDom,Basc1,145,15.53,260.17,8.70,0.87,0.00,0.58,0.00,0.00,0.00,5.48,0.00,3.63,0.00,0.00,0.00,0.00
7,4w,PrDom,Basc1,155,14.36,246.29,7.51,0.79,0.00,0.51,0.00,0.00,0.00,4.80,0.00,3.32,0.00,0.00,0.00,0.00
7,4w,PrDom,Basc1,165,13.07,229.82,6.38,0.71,0.00,0.45,0.00,0.00,0.00,4.16,0.00,2.98,0.00,0.00,0.00,0.00
7,4w,PrDom,Basc1,175,11.73,211.55,5.33,0.63,0.00,0.40,0.00,0.00,0.00,3.57,0.00,2.65,0.00,0.00,0.00,0.00
7,4w,PrDom,Basc1,185,10.38,192.21,4.38,0.56,0.00,0.34,0.00,0.00,0.00,3.03,0.00,2.32,0.00,0.00,0.00,0.00
7,4w,PrDom,Basc1,195,9.06,172.46,3.55,0.49,0.00,0.29,0.00,0.00,0.00,2.54,0.00,2.01,0.00,0.00,0.00,0.00
7,4w,PrDom,Basc1,205,7.81,152.89,2.83,0.42,0.00,0.25,0.00,0.00,0.00,2.12,0.00,1.72,0.00,0.00,0.00,0.00
7,4w,PrDom,Basc1,215,6.65,133.95,2.23,0.36,0.00,0.21,0.00,0.00,0.00,1.74,0.00,1.46,0.00,0.00,0.00,0.00
7,4w,PrDom,Basc1,225,5.60,116.02,1.73,0.31,0.00,0.17,0.00,0.00,0.00,1.42,0.00,1.22,0.00,0.00,0.00,0.00
7,4w,PrDom,Basc1,235,4.65,99.37,1.33,0.26,0.00,0.14,0.00,0.00,0.00,1.15,0.00,1.01,0.00,0.00,0.00,0.00
7,4w,PrDom,Basc1,245,3.83,84.17,1.01,0.22,0.00,0.12,0.00,0.00,0.00,0.92,0.00,0.83,0.00,0.00,0.00,0.00
7,4w,PrDom,Basc1,255,3.11,70.53,0.75,0.18,0.00,0.09,0.00,0.00,0.00,0.73,0.00,0.67,0.00,0.00,0.00,0.00
8,4w,PrDom,Intn1,5,0.00,0.00,0.00,0.00,0.00,0.00,0.00,0.00,0.00,0.00,0.00,0.00,0.00,0.00,0.00,0.00
8,4w,PrDom,Intn1,15,0.00,27.26,4.65,0.60,0.00,1.05,0.00,0.00,0.00,1.10,0.00,0.00,0.00,0.00,0.00,0.00
8,4w,PrDom,Intn1,25,0.00,68.95,10.06,1.67,0.00,2.89,0.00,0.00,0.00,2.90,0.00,0.00,0.00,0.00,0.00,0.00
8,4w,PrDom,Intn1,35,0.00,118.99,15.41,2.59,0.00,4.38,0.00,0.00,0.00,4.99,0.00,0.00,0.00,0.00,0.00,0.00
8,4w,PrDom,Intn1,45,0.00,171.61,20.13,3.08,0.00,5.07,0.00,0.00,0.00,6.97,0.00,0.00,0.00,0.00,0.00,0.00
8,4w,PrDom,Intn1,55,0.00,222.25,23.88,3.22,0.00,5.20,0.00,0.00,0.00,8.59,0.00,0.00,0.00,0.00,0.00,0.00
8,4w,PrDom,Intn1,65,0.00,267.69,26.54,3.21,0.00,5.09,0.00,0.00,0.00,9.72,0.00,0.00,0.00,0.00,0.00,0.00
8,4w,PrDom,Intn1,75,0.00,305.98,28.11,3.12,0.00,4.88,0.00,0.00,0.00,10.34,0.00,0.00,0.00,0.00,0.00,0.00
8,4w,PrDom,Intn1,85,0.00,336.04,28.65,3.00,0.00,4.61,0.00,0.00,0.00,10.51,0.00,0.00,0.00,0.00,0.00,0.00
8,4w,PrDom,Intn1,95,0.00,357.47,28.28,2.85,0.00,4.31,0.00,0.00,0.00,10.31,0.00,0.00,0.00,0.00,0.00,0.00
8,4w,PrDom,Intn1,105,0.00,370.33,27.14,2.69,0.00,4.00,0.00,0.00,0.00,9.82,0.00,0.00,0.00,0.00,0.00,0.00
8,4w,PrDom,Intn1,115,0.00,375.04,25.40,2.51,0.00,3.67,0.00,0.00,0.00,9.15,0.00,0.00,0.00,0.00,0.00,0.00
8,4w,PrDom,Intn1,125,0.00,372.31,23.23,2.33,0.00,3.34,0.00,0.00,0.00,8.36,0.00,0.00,0.00,0.00,0.00,0.00
8,4w,PrDom,Intn1,135,0.00,363.04,20.81,2.15,0.00,3.02,0.00,0.00,0.00,7.51,0.00,0.00,0.00,0.00,0.00,0.00
8,4w,PrDom,Intn1,145,0.00,348.27,18.27,1.96,0.00,2.70,0.00,0.00,0.00,6.66,0.00,0.00,0.00,0.00,0.00,0.00
8,4w,PrDom,Intn1,155,0.00,329.06,15.76,1.78,0.00,2.40,0.00,0.00,0.00,5.83,0.00,0.00,0.00,0.00,0.00,0.00
8,4w,PrDom,Intn1,165,0.00,306.52,13.35,1.60,0.00,2.11,0.00,0.00,0.00,5.04,0.00,0.00,0.00,0.00,0.00,0.00
8,4w,PrDom,Intn1,175,0.00,281.71,11.13,1.42,0.00,1.84,0.00,0.00,0.00,4.32,0.00,0.00,0.00,0.00,0.00,0.00
8,4w,PrDom,Intn1,185,0.00,255.60,9.14,1.26,0.00,1.59,0.00,0.00,0.00,3.66,0.00,0.00,0.00,0.00,0.00,0.00
8,4w,PrDom,Intn1,195,0.00,229.05,7.39,1.10,0.00,1.36,0.00,0.00,0.00,3.07,0.00,0.00,0.00,0.00,0.00,0.00
8,4w,PrDom,Intn1,205,0.00,202.82,5.90,0.95,0.00,1.16,0.00,0.00,0.00,2.55,0.00,0.00,0.00,0.00,0.00,0.00
8,4w,PrDom,Intn1,215,0.00,177.51,4.64,0.82,0.00,0.97,0.00,0.00,0.00,2.10,0.00,0.00,0.00,0.00,0.00,0.00
8,4w,PrDom,Intn1,225,0.00,153.60,3.60,0.70,0.00,0.81,0.00,0.00,0.00,1.71,0.00,0.00,0.00,0.00,0.00,0.00
8,4w,PrDom,Intn1,235,0.00,131.44,2.76,0.59,0.00,0.67,0.00,0.00,0.00,1.38,0.00,0.00,0.00,0.00,0.00,0.00
8,4w,PrDom,Intn1,245,0.00,111.25,2.09,0.49,0.00,0.55,0.00,0.00,0.00,1.11,0.00,0.00,0.00,0.00,0.00,0.00
8,4w,PrDom,Intn1,255,0.00,93.16,1.56,0.41,0.00,0.44,0.00,0.00,0.00,0.88,0.00,0.00,0.00,0.00,0.00,0.00
9,4w,PrDom,Intn2,5,0.00,0.00,0.00,0.00,0.00,0.00,0.00,0.00,0.00,0.00,0.00,0.00,0.00,0.00,0.00,0.00
9,4w,PrDom,Intn2,15,1.29,18.63,2.02,0.24,0.00,0.20,0.00,0.00,0.00,0.82,0.00,0.34,0.00,0.00,0.00,0.00
9,4w,PrDom,Intn2,25,3.36,48.20,4.48,0.69,0.00,0.58,0.00,0.00,0.00,2.23,0.00,0.91,0.00,0.00,0.00,0.00
9,4w,PrDom,Intn2,35,5.90,84.54,6.98,1.09,0.00,0.90,0.00,0.00,0.00,3.90,0.00,1.61,0.00,0.00,0.00,0.00
9,4w,PrDom,Intn2,45,8.57,123.13,9.20,1.31,0.00,1.05,0.00,0.00,0.00,5.51,0.00,2.33,0.00,0.00,0.00,0.00
9,4w,PrDom,Intn2,55,11.11,160.59,11.00,1.38,0.00,1.08,0.00,0.00,0.00,6.83,0.00,2.99,0.00,0.00,0.00,0.00
9,4w,PrDom,Intn2,65,13.35,194.58,12.30,1.38,0.00,1.07,0.00,0.00,0.00,7.78,0.00,3.54,0.00,0.00,0.00,0.00
9,4w,PrDom,Intn2,75,15.17,223.56,13.09,1.35,0.00,1.03,0.00,0.00,0.00,8.32,0.00,3.97,0.00,0.00,0.00,0.00
9,4w,PrDom,Intn2,85,16.51,246.63,13.40,1.30,0.00,0.97,0.00,0.00,0.00,8.49,0.00,4.25,0.00,0.00,0.00,0.00
9,4w,PrDom,Intn2,95,17.37,263.39,13.28,1.24,0.00,0.91,0.00,0.00,0.00,8.36,0.00,4.40,0.00,0.00,0.00,0.00
9,4w,PrDom,Intn2,105,17.75,273.81,12.79,1.18,0.00,0.85,0.00,0.00,0.00,8.00,0.00,4.42,0.00,0.00,0.00,0.00
9,4w,PrDom,Intn2,115,17.70,278.14,12.01,1.10,0.00,0.78,0.00,0.00,0.00,7.47,0.00,4.34,0.00,0.00,0.00,0.00
9,4w,PrDom,Intn2,125,17.27,276.87,11.01,1.03,0.00,0.71,0.00,0.00,0.00,6.84,0.00,4.16,0.00,0.00,0.00,0.00
9,4w,PrDom,Intn2,135,16.53,270.62,9.88,0.95,0.00,0.65,0.00,0.00,0.00,6.16,0.00,3.92,0.00,0.00,0.00,0.00
9,4w,PrDom,Intn2,145,15.53,260.17,8.70,0.87,0.00,0.58,0.00,0.00,0.00,5.48,0.00,3.63,0.00,0.00,0.00,0.00
9,4w,PrDom,Intn2,155,14.36,246.29,7.51,0.79,0.00,0.51,0.00,0.00,0.00,4.80,0.00,3.32,0.00,0.00,0.00,0.00
9,4w,PrDom,Intn2,165,13.07,229.82,6.38,0.71,0.00,0.45,0.00,0.00,0.00,4.16,0.00,2.98,0.00,0.00,0.00,0.00
9,4w,PrDom,Intn2,175,11.73,211.55,5.33,0.63,0.00,0.40,0.00,0.00,0.00,3.57,0.00,2.65,0.00,0.00,0.00,0.00
9,4w,PrDom,Intn2,185,10.38,192.21,4.38,0.56,0.00,0.34,0.00,0.00,0.00,3.03,0.00,2.32,0.00,0.00,0.00,0.00
9,4w,PrDom,Intn2,195,9.06,172.46,3.55,0.49,0.00,0.29,0.00,0.00,0.00,2.54,0.00,2.01,0.00,0.00,0.00,0.00
9,4w,PrDom,Intn2,205,7.81,152.89,2.83,0.42,0.00,0.25,0.00,0.00,0.00,2.12,0.00,1.72,0.00,0.00,0.00,0.00
9,4w,PrDom,Intn2,215,6.65,133.95,2.23,0.36,0.00,0.21,0.00,0.00,0.00,1.74,0.00,1.46,0.00,0.00,0.00,0.00
9,4w,PrDom,Intn2,225,5.60,116.02,1.73,0.31,0.00,0.17,0.00,0.00,0.00,1.42,0.00,1.22,0.00,0.00,0.00,0.00
9,4w,PrDom,Intn2,235,4.65,99.37,1.33,0.26,0.00,0.14,0.00,0.00,0.00,1.15,0.00,1.01,0.00,0.00,0.00,0.00
9,4w,PrDom,Intn2,245,3.83,84.17,1.01,0.22,0.00,0.12,0.00,0.00,0.00,0.92,0.00,0.83,0.00,0.00,0.00,0.00
9,4w,PrDom,Intn2,255,3.11,70.53,0.75,0.18,0.00,0.09,0.00,0.00,0.00,0.73,0.00,0.67,0.00,0.00,0.00,0.00
10,4w,PrwMx,Prsnt,5,0.00,0.00,0.00,0.00,0.00,0.00,0.00,0.00,0.00,0.00,0.00,0.00,0.00,0.00,0.00,0.00
10,4w,PrwMx,Prsnt,15,1.45,3.15,1.61,0.38,0.17,0.41,0.87,0.00,0.00,1.48,0.00,0.31,0.00,0.00,0.00,0.02
10,4w,PrwMx,Prsnt,25,4.66,10.04,4.39,1.36,0.46,1.43,1.35,0.00,0.00,4.93,0.00,1.01,0.00,0.00,0.00,0.08
10,4w,PrwMx,Prsnt,35,9.42,20.23,7.86,2.46,0.74,2.53,1.72,0.00,0.00,9.90,0.00,2.04,0.00,0.00,0.00,0.17
10,4w,PrwMx,Prsnt,45,15.29,32.95,11.59,3.30,0.98,3.31,2.01,0.00,0.00,15.61,0.00,3.30,0.00,0.00,0.00,0.26
10,4w,PrwMx,Prsnt,55,21.79,47.23,15.22,3.82,1.15,3.76,2.23,0.00,0.00,21.29,0.00,4.65,0.00,0.00,0.00,0.37
10,4w,PrwMx,Prsnt,65,28.43,62.16,18.49,4.15,1.27,4.02,2.38,0.00,0.00,26.33,0.00,6.00,0.00,0.00,0.00,0.48
10,4w,PrwMx,Prsnt,75,34.84,77.00,21.22,4.38,1.35,4.17,2.48,0.00,0.00,30.36,0.00,7.24,0.00,0.00,0.00,0.58
10,4w,PrwMx,Prsnt,85,40.72,91.20,23.33,4.54,1.41,4.25,2.53,0.00,0.00,33.28,0.00,8.33,0.00,0.00,0.00,0.67
10,4w,PrwMx,Prsnt,95,45.88,104.33,24.76,4.65,1.44,4.28,2.53,0.00,0.00,35.09,0.00,9.23,0.00,0.00,0.00,0.76
10,4w,PrwMx,Prsnt,105,50.19,116.09,25.52,4.71,1.46,4.26,2.50,0.00,0.00,35.92,0.00,9.93,0.00,0.00,0.00,0.82
10,4w,PrwMx,Prsnt,115,53.58,126.24,25.65,4.73,1.47,4.20,2.44,0.00,0.00,35.92,0.00,10.42,0.00,0.00,0.00,0.88
10,4w,PrwMx,Prsnt,125,56.01,134.65,25.21,4.71,1.47,4.11,2.35,0.00,0.00,35.26,0.00,10.73,0.00,0.00,0.00,0.92
10,4w,PrwMx,Prsnt,135,57.52,141.27,24.29,4.67,1.45,3.99,2.24,0.00,0.00,34.10,0.00,10.85,0.00,0.00,0.00,0.94
10,4w,PrwMx,Prsnt,145,58.16,146.08,22.99,4.60,1.43,3.85,2.12,0.00,0.00,32.58,0.00,10.81,0.00,0.00,0.00,0.96
10,4w,PrwMx,Prsnt,155,57.99,149.15,21.42,4.50,1.40,3.70,1.98,0.00,0.00,30.81,0.00,10.64,0.00,0.00,0.00,0.96
10,4w,PrwMx,Prsnt,165,57.11,150.55,19.68,4.38,1.36,3.53,1.84,0.00,0.00,28.89,0.00,10.35,0.00,0.00,0.00,0.95
10,4w,PrwMx,Prsnt,175,55.62,150.43,17.84,4.25,1.32,3.34,1.69,0.00,0.00,26.90,0.00,9.98,0.00,0.00,0.00,0.92
10,4w,PrwMx,Prsnt,185,53.63,148.91,15.98,4.09,1.27,3.15,1.54,0.00,0.00,24.88,0.00,9.53,0.00,0.00,0.00,0.90
10,4w,PrwMx,Prsnt,195,51.23,146.17,14.16,3.93,1.22,2.96,1.40,0.00,0.00,22.88,0.00,9.03,0.00,0.00,0.00,0.86
10,4w,PrwMx,Prsnt,205,48.53,142.36,12.42,3.75,1.17,2.77,1.26,0.00,0.00,20.92,0.00,8.50,0.00,0.00,0.00,0.82
10,4w,PrwMx,Prsnt,215,45.61,137.65,10.80,3.57,1.11,2.57,1.12,0.00,0.00,19.04,0.00,7.94,0.00,0.00,0.00,0.77
10,4w,PrwMx,Prsnt,225,42.56,132.21,9.31,3.38,1.05,2.38,1.00,0.00,0.00,17.24,0.00,7.38,0.00,0.00,0.00,0.72
10,4w,PrwMx,Prsnt,235,39.44,126.19,7.96,3.19,0.99,2.19,0.88,0.00,0.00,15.54,0.00,6.82,0.00,0.00,0.00,0.67
10,4w,PrwMx,Prsnt,245,36.31,119.72,6.76,2.99,0.93,2.01,0.77,0.00,0.00,13.94,0.00,6.27,0.00,0.00,0.00,0.62
10,4w,PrwMx,Prsnt,255,33.23,112.96,5.70,2.80,0.87,1.84,0.67,0.00,0.00,12.45,0.00,5.73,0.00,0.00,0.00,0.57
11,4w,PrwMx,Exten,5,0.00,0.00,0.00,0.00,0.00,0.00,0.00,0.00,0.00,0.00,0.00,0.00,0.00,0.00,0.00,0.00
11,4w,PrwMx,Exten,15,1.20,2.84,1.00,0.40,0.29,0.20,1.81,0.00,0.00,1.23,0.00,0.14,0.00,0.00,0.00,0.01
11,4w,PrwMx,Exten,25,4.10,9.60,2.89,1.49,0.81,0.75,2.97,0.00,0.00,4.33,0.00,0.49,0.00,0.00,0.00,0.03
11,4w,PrwMx,Exten,35,8.45,19.76,5.29,2.76,1.34,1.36,3.87,0.00,0.00,8.88,0.00,1.02,0.00,0.00,0.00,0.07
11,4w,PrwMx,Exten,45,13.86,32.49,7.87,3.73,1.78,1.80,4.56,0.00,0.00,14.14,0.00,1.66,0.00,0.00,0.00,0.12
11,4w,PrwMx,Exten,55,19.84,46.79,10.39,4.35,2.10,2.05,5.08,0.00,0.00,19.38,0.00,2.35,0.00,0.00,0.00,0.17
11,4w,PrwMx,Exten,65,25.95,61.75,12.66,4.74,2.32,2.20,5.44,0.00,0.00,24.03,0.00,3.04,0.00,0.00,0.00,0.22
11,4w,PrwMx,Exten,75,31.85,76.60,14.55,5.01,2.48,2.29,5.68,0.00,0.00,27.76,0.00,3.67,0.00,0.00,0.00,0.26
11,4w,PrwMx,Exten,85,37.25,90.80,16.00,5.19,2.58,2.33,5.79,0.00,0.00,30.44,0.00,4.23,0.00,0.00,0.00,0.31
11,4w,PrwMx,Exten,95,41.99,103.91,16.99,5.32,2.65,2.35,5.80,0.00,0.00,32.11,0.00,4.69,0.00,0.00,0.00,0.34
11,4w,PrwMx,Exten,105,45.93,115.61,17.52,5.38,2.68,2.34,5.73,0.00,0.00,32.87,0.00,5.04,0.00,0.00,0.00,0.37
11,4w,PrwMx,Exten,115,49.02,125.69,17.60,5.41,2.69,2.30,5.59,0.00,0.00,32.86,0.00,5.30,0.00,0.00,0.00,0.40
11,4w,PrwMx,Exten,125,51.23,134.03,17.29,5.39,2.69,2.25,5.39,0.00,0.00,32.25,0.00,5.45,0.00,0.00,0.00,0.42
11,4w,PrwMx,Exten,135,52.59,140.56,16.65,5.34,2.66,2.19,5.14,0.00,0.00,31.18,0.00,5.51,0.00,0.00,0.00,0.43
11,4w,PrwMx,Exten,145,53.15,145.29,15.76,5.25,2.62,2.11,4.85,0.00,0.00,29.77,0.00,5.49,0.00,0.00,0.00,0.43
11,4w,PrwMx,Exten,155,52.98,148.28,14.68,5.14,2.56,2.02,4.53,0.00,0.00,28.15,0.00,5.40,0.00,0.00,0.00,0.43
11,4w,PrwMx,Exten,165,52.15,149.62,13.47,5.00,2.50,1.93,4.20,0.00,0.00,26.39,0.00,5.25,0.00,0.00,0.00,0.43
11,4w,PrwMx,Exten,175,50.77,149.43,12.21,4.85,2.42,1.83,3.87,0.00,0.00,24.55,0.00,5.06,0.00,0.00,0.00,0.42
11,4w,PrwMx,Exten,185,48.94,147.87,10.93,4.67,2.33,1.73,3.53,0.00,0.00,22.70,0.00,4.83,0.00,0.00,0.00,0.41
11,4w,PrwMx,Exten,195,46.74,145.10,9.69,4.48,2.24,1.62,3.20,0.00,0.00,20.87,0.00,4.57,0.00,0.00,0.00,0.39
11,4w,PrwMx,Exten,205,44.26,141.28,8.50,4.28,2.14,1.51,2.88,0.00,0.00,19.08,0.00,4.30,0.00,0.00,0.00,0.37
11,4w,PrwMx,Exten,215,41.59,136.58,7.38,4.07,2.03,1.40,2.57,0.00,0.00,17.36,0.00,4.02,0.00,0.00,0.00,0.35
11,4w,PrwMx,Exten,225,38.79,131.15,6.36,3.85,1.92,1.30,2.28,0.00,0.00,15.71,0.00,3.73,0.00,0.00,0.00,0.33
11,4w,PrwMx,Exten,235,35.94,125.14,5.44,3.63,1.81,1.20,2.01,0.00,0.00,14.16,0.00,3.45,0.00,0.00,0.00,0.30
11,4w,PrwMx,Exten,245,33.09,118.71,4.62,3.41,1.70,1.10,1.77,0.00,0.00,12.70,0.00,3.17,0.00,0.00,0.00,0.28
11,4w,PrwMx,Exten,255,30.28,111.99,3.89,3.18,1.59,1.00,1.54,0.00,0.00,11.34,0.00,2.90,0.00,0.00,0.00,0.26
12,4w,PrwMx,Basc1,5,0.00,0.00,0.00,0.00,0.00,0.00,0.00,0.00,0.00,0.00,0.00,0.00,0.00,0.00,0.00,0.00
12,4w,PrwMx,Basc1,15,1.45,3.15,1.61,0.38,0.17,0.41,0.87,0.00,0.00,1.48,0.00,0.31,0.00,0.00,0.00,0.02
12,4w,PrwMx,Basc1,25,4.66,10.04,4.39,1.36,0.46,1.43,1.35,0.00,0.00,4.93,0.00,1.01,0.00,0.00,0.00,0.08
12,4w,PrwMx,Basc1,35,9.42,20.23,7.86,2.46,0.74,2.53,1.72,0.00,0.00,9.90,0.00,2.04,0.00,0.00,0.00,0.17
12,4w,PrwMx,Basc1,45,15.29,32.95,11.59,3.30,0.98,3.31,2.01,0.00,0.00,15.61,0.00,3.30,0.00,0.00,0.00,0.26
12,4w,PrwMx,Basc1,55,21.79,47.23,15.22,3.82,1.15,3.76,2.23,0.00,0.00,21.29,0.00,4.65,0.00,0.00,0.00,0.37
12,4w,PrwMx,Basc1,65,28.43,62.16,18.49,4.15,1.27,4.02,2.38,0.00,0.00,26.33,0.00,6.00,0.00,0.00,0.00,0.48
12,4w,PrwMx,Basc1,75,34.84,77.00,21.22,4.38,1.35,4.17,2.48,0.00,0.00,30.36,0.00,7.24,0.00,0.00,0.00,0.58
12,4w,PrwMx,Basc1,85,40.72,91.20,23.33,4.54,1.41,4.25,2.53,0.00,0.00,33.28,0.00,8.33,0.00,0.00,0.00,0.67
12,4w,PrwMx,Basc1,95,45.88,104.33,24.76,4.65,1.44,4.28,2.53,0.00,0.00,35.09,0.00,9.23,0.00,0.00,0.00,0.76
12,4w,PrwMx,Basc1,105,50.19,116.09,25.52,4.71,1.46,4.26,2.50,0.00,0.00,35.92,0.00,9.93,0.00,0.00,0.00,0.82
12,4w,PrwMx,Basc1,115,53.58,126.24,25.65,4.73,1.47,4.20,2.44,0.00,0.00,35.92,0.00,10.42,0.00,0.00,0.00,0.88
12,4w,PrwMx,Basc1,125,56.01,134.65,25.21,4.71,1.47,4.11,2.35,0.00,0.00,35.26,0.00,10.73,0.00,0.00,0.00,0.92
12,4w,PrwMx,Basc1,135,57.52,141.27,24.29,4.67,1.45,3.99,2.24,0.00,0.00,34.10,0.00,10.85,0.00,0.00,0.00,0.94
12,4w,PrwMx,Basc1,145,58.16,146.08,22.99,4.60,1.43,3.85,2.12,0.00,0.00,32.58,0.00,10.81,0.00,0.00,0.00,0.96
12,4w,PrwMx,Basc1,155,57.99,149.15,21.42,4.50,1.40,3.70,1.98,0.00,0.00,30.81,0.00,10.64,0.00,0.00,0.00,0.96
12,4w,PrwMx,Basc1,165,57.11,150.55,19.68,4.38,1.36,3.53,1.84,0.00,0.00,28.89,0.00,10.35,0.00,0.00,0.00,0.95
12,4w,PrwMx,Basc1,175,55.62,150.43,17.84,4.25,1.32,3.34,1.69,0.00,0.00,26.90,0.00,9.98,0.00,0.00,0.00,0.92
12,4w,PrwMx,Basc1,185,53.63,148.91,15.98,4.09,1.27,3.15,1.54,0.00,0.00,24.88,0.00,9.53,0.00,0.00,0.00,0.90
12,4w,PrwMx,Basc1,195,51.23,146.17,14.16,3.93,1.22,2.96,1.40,0.00,0.00,22.88,0.00,9.03,0.00,0.00,0.00,0.86
12,4w,PrwMx,Basc1,205,48.53,142.36,12.42,3.75,1.17,2.77,1.26,0.00,0.00,20.92,0.00,8.50,0.00,0.00,0.00,0.82
12,4w,PrwMx,Basc1,215,45.61,137.65,10.80,3.57,1.11,2.57,1.12,0.00,0.00,19.04,0.00,7.94,0.00,0.00,0.00,0.77
12,4w,PrwMx,Basc1,225,42.56,132.21,9.31,3.38,1.05,2.38,1.00,0.00,0.00,17.24,0.00,7.38,0.00,0.00,0.00,0.72
12,4w,PrwMx,Basc1,235,39.44,126.19,7.96,3.19,0.99,2.19,0.88,0.00,0.00,15.54,0.00,6.82,0.00,0.00,0.00,0.67
12,4w,PrwMx,Basc1,245,36.31,119.72,6.76,2.99,0.93,2.01,0.77,0.00,0.00,13.94,0.00,6.27,0.00,0.00,0.00,0.62
12,4w,PrwMx,Basc1,255,33.23,112.96,5.70,2.80,0.87,1.84,0.67,0.00,0.00,12.45,0.00,5.73,0.00,0.00,0.00,0.57
13,4w,PrwMx,Intn1,5,0.00,0.00,0.00,0.00,0.00,0.00,0.00,0.00,0.00,0.00,0.00,0.00,0.00,0.00,0.00,0.00
13,4w,PrwMx,Intn1,15,0.11,6.55,3.81,0.11,0.22,0.30,0.00,0.00,0.00,2.30,0.00,0.12,0.00,0.00,0.00,0.00
13,4w,PrwMx,Intn1,25,0.33,20.04,9.96,0.39,0.55,1.02,0.00,0.00,0.00,7.34,0.00,0.40,0.00,0.00,0.00,0.00
13,4w,PrwMx,Intn1,35,0.66,39.32,17.35,0.70,0.86,1.75,0.00,0.00,0.00,14.33,0.00,0.79,0.00,0.00,0.00,0.00
13,4w,PrwMx,Intn1,45,1.05,62.61,25.02,0.92,1.11,2.24,0.00,0.00,0.00,22.12,0.00,1.25,0.00,0.00,0.00,0.00
13,4w,PrwMx,Intn1,55,1.48,88.22,32.30,1.04,1.28,2.50,0.00,0.00,0.00,29.65,0.00,1.74,0.00,0.00,0.00,0.00
13,4w,PrwMx,Intn1,65,1.91,114.64,38.74,1.12,1.40,2.64,0.00,0.00,0.00,36.19,0.00,2.21,0.00,0.00,0.00,0.00
13,4w,PrwMx,Intn1,75,2.31,140.70,44.05,1.17,1.48,2.72,0.00,0.00,0.00,41.36,0.00,2.64,0.00,0.00,0.00,0.00
13,4w,PrwMx,Intn1,85,2.69,165.49,48.09,1.21,1.52,2.75,0.00,0.00,0.00,45.01,0.00,3.02,0.00,0.00,0.00,0.00
13,4w,PrwMx,Intn1,95,3.01,188.29,50.76,1.23,1.55,2.75,0.00,0.00,0.00,47.21,0.00,3.33,0.00,0.00,0.00,0.00
13,4w,PrwMx,Intn1,105,3.28,208.58,52.09,1.24,1.57,2.73,0.00,0.00,0.00,48.11,0.00,3.57,0.00,0.00,0.00,0.00
13,4w,PrwMx,Intn1,115,3.49,226.00,52.16,1.24,1.57,2.68,0.00,0.00,0.00,47.93,0.00,3.73,0.00,0.00,0.00,0.00
13,4w,PrwMx,Intn1,125,3.64,240.32,51.11,1.23,1.56,2.62,0.00,0.00,0.00,46.91,0.00,3.83,0.00,0.00,0.00,0.00
13,4w,PrwMx,Intn1,135,3.73,251.46,49.11,1.22,1.54,2.53,0.00,0.00,0.00,45.24,0.00,3.86,0.00,0.00,0.00,0.00
13,4w,PrwMx,Intn1,145,3.76,259.42,46.39,1.19,1.52,2.44,0.00,0.00,0.00,43.13,0.00,3.84,0.00,0.00,0.00,0.00
13,4w,PrwMx,Intn1,155,3.74,264.31,43.13,1.17,1.48,2.34,0.00,0.00,0.00,40.70,0.00,3.77,0.00,0.00,0.00,0.00
13,4w,PrwMx,Intn1,165,3.68,266.30,39.54,1.13,1.44,2.22,0.00,0.00,0.00,38.10,0.00,3.66,0.00,0.00,0.00,0.00
13,4w,PrwMx,Intn1,175,3.57,265.63,35.78,1.10,1.39,2.10,0.00,0.00,0.00,35.41,0.00,3.52,0.00,0.00,0.00,0.00
13,4w,PrwMx,Intn1,185,3.44,262.55,32.01,1.06,1.34,1.98,0.00,0.00,0.00,32.70,0.00,3.36,0.00,0.00,0.00,0.00
13,4w,PrwMx,Intn1,195,3.28,257.36,28.33,1.01,1.29,1.86,0.00,0.00,0.00,30.03,0.00,3.18,0.00,0.00,0.00,0.00
13,4w,PrwMx,Intn1,205,3.11,250.34,24.82,0.97,1.23,1.73,0.00,0.00,0.00,27.43,0.00,2.99,0.00,0.00,0.00,0.00
13,4w,PrwMx,Intn1,215,2.91,241.79,21.56,0.92,1.17,1.61,0.00,0.00,0.00,24.93,0.00,2.79,0.00,0.00,0.00,0.00
13,4w,PrwMx,Intn1,225,2.72,232.00,18.56,0.87,1.10,1.49,0.00,0.00,0.00,22.55,0.00,2.59,0.00,0.00,0.00,0.00
13,4w,PrwMx,Intn1,235,2.51,221.22,15.86,0.82,1.04,1.37,0.00,0.00,0.00,20.30,0.00,2.39,0.00,0.00,0.00,0.00
13,4w,PrwMx,Intn1,245,2.31,209.72,13.46,0.77,0.97,1.25,0.00,0.00,0.00,18.20,0.00,2.19,0.00,0.00,0.00,0.00
13,4w,PrwMx,Intn1,255,2.12,197.72,11.34,0.71,0.91,1.14,0.00,0.00,0.00,16.25,0.00,2.00,0.00,0.00,0.00,0.00
14,4w,UplCe,Prsnt,5,0.00,0.00,0.00,0.00,0.00,0.00,0.00,0.00,0.00,0.00,0.00,0.00,0.00,0.00,0.00,0.00
14,4w,UplCe,Prsnt,15,2.6335442824241e-03,0.00,1.78854808111858e-03,0.01,5.1880522867752e-03,5.73287539928399e-03,0.25,0.00,0.00,6.32211333264889e-03,0.00,4.18661834483096e-03,0.00,0.00,0.00,8.94074373588058e-05
14,4w,UplCe,Prsnt,25,0.05,0.00,0.03,0.22,0.08,0.12,2.53,0.00,0.00,0.13,0.00,0.08,0.00,0.00,0.00,1.74058791153767e-03
14,4w,UplCe,Prsnt,35,0.31,0.00,0.15,1.17,0.39,0.63,9.20,0.00,0.00,0.76,0.00,0.50,0.00,0.00,0.00,9.67421728277004e-03
14,4w,UplCe,Prsnt,45,0.93,0.00,0.43,2.92,0.96,1.54,19.89,0.00,0.00,2.24,0.00,1.50,0.00,0.00,0.00,0.02
14,4w,UplCe,Prsnt,55,1.89,0.00,0.80,4.80,1.60,2.48,31.31,0.00,0.00,4.34,0.00,3.01,0.00,0.00,0.00,0.05
14,4w,UplCe,Prsnt,65,2.97,0.00,1.18,6.30,2.13,3.20,40.37,0.00,0.00,6.48,0.00,4.67,0.00,0.00,0.00,0.08
14,4w,UplCe,Prsnt,75,4.00,0.00,1.49,7.31,2.50,3.65,46.20,0.00,0.00,8.22,0.00,6.20,0.00,0.00,0.00,0.11
14,4w,UplCe,Prsnt,85,4.92,0.00,1.72,7.96,2.73,3.92,49.53,0.00,0.00,9.47,0.00,7.50,0.00,0.00,0.00,0.14
14,4w,UplCe,Prsnt,95,5.74,0.00,1.89,8.42,2.90,4.07,51.32,0.00,0.00,10.33,0.00,8.60,0.00,0.00,0.00,0.16
14,4w,UplCe,Prsnt,105,6.46,0.00,2.01,8.79,3.02,4.18,52.21,0.00,0.00,10.89,0.00,9.53,0.00,0.00,0.00,0.18
14,4w,UplCe,Prsnt,115,7.11,0.00,2.08,9.10,3.13,4.25,52.49,0.00,0.00,11.22,0.00,10.31,0.00,0.00,0.00,0.20
14,4w,UplCe,Prsnt,125,7.68,0.00,2.12,9.38,3.23,4.29,52.29,0.00,0.00,11.39,0.00,10.96,0.00,0.00,0.00,0.21
14,4w,UplCe,Prsnt,135,8.18,0.00,2.11,9.62,3.31,4.32,51.68,0.00,0.00,11.41,0.00,11.49,0.00,0.00,0.00,0.23
14,4w,UplCe,Prsnt,145,8.59,0.00,2.08,9.85,3.39,4.34,50.72,0.00,0.00,11.33,0.00,11.90,0.00,0.00,0.00,0.24
14,4w,UplCe,Prsnt,155,8.93,0.00,2.02,10.05,3.46,4.33,49.47,0.00,0.00,11.17,0.00,12.21,0.00,0.00,0.00,0.25
14,4w,UplCe,Prsnt,165,9.19,0.00,1.94,10.23,3.53,4.32,47.97,0.00,0.00,10.95,0.00,12.42,0.00,0.00,0.00,0.26
14,4w,UplCe,Prsnt,175,9.39,0.00,1.84,10.39,3.58,4.30,46.28,0.00,0.00,10.69,0.00,12.55,0.00,0.00,0.00,0.26
14,4w,UplCe,Prsnt,185,9.52,0.00,1.73,10.54,3.63,4.26,44.43,0.00,0.00,10.39,0.00,12.60,0.00,0.00,0.00,0.27
14,4w,UplCe,Prsnt,195,9.59,0.00,1.62,10.66,3.68,4.22,42.47,0.00,0.00,10.08,0.00,12.60,0.00,0.00,0.00,0.27
14,4w,UplCe,Prsnt,205,9.61,0.00,1.50,10.78,3.72,4.17,40.44,0.00,0.00,9.75,0.00,12.54,0.00,0.00,0.00,0.27
14,4w,UplCe,Prsnt,215,9.58,0.00,1.39,10.88,3.75,4.12,38.36,0.00,0.00,9.41,0.00,12.44,0.00,0.00,0.00,0.28
14,4w,UplCe,Prsnt,225,9.52,0.00,1.27,10.96,3.78,4.06,36.27,0.00,0.00,9.07,0.00,12.30,0.00,0.00,0.00,0.27
14,4w,UplCe,Prsnt,235,9.42,0.00,1.16,11.04,3.81,3.99,34.20,0.00,0.00,8.73,0.00,12.14,0.00,0.00,0.00,0.27
14,4w,UplCe,Prsnt,245,9.29,0.00,1.06,11.10,3.83,3.92,32.15,0.00,0.00,8.40,0.00,11.95,0.00,0.00,0.00,0.27
14,4w,UplCe,Prsnt,255,9.14,0.00,0.96,11.16,3.85,3.85,30.15,0.00,0.00,8.06,0.00,11.74,0.00,0.00,0.00,0.27
15,4w,UplCe,Exten,5,0.00,0.00,0.00,0.00,0.00,0.00,0.00,0.00,0.00,0.00,0.00,0.00,0.00,0.00,0.00,0.00
15,4w,UplCe,Exten,15,3.17401914945607e-03,2.10180621619593e-03,5.53482353989908e-03,0.01,2.62071729528584e-03,8.65102443026212e-03,0.37,0.00,0.00,0.01,0.00,2.95259498516633e-03,0.00,0.00,0.00,6.12813950371596e-04
15,4w,UplCe,Exten,25,0.06,0.04,0.09,0.30,0.04,0.19,3.76,0.00,0.00,0.33,0.00,0.06,0.00,0.00,0.00,0.01
15,4w,UplCe,Exten,35,0.36,0.24,0.48,1.55,0.19,0.94,13.26,0.00,0.00,1.84,0.00,0.34,0.00,0.00,0.00,0.06
15,4w,UplCe,Exten,45,1.05,0.69,1.25,3.65,0.45,2.17,27.26,0.00,0.00,5.10,0.00,0.99,0.00,0.00,0.00,0.18
15,4w,UplCe,Exten,55,2.01,1.33,2.21,5.69,0.71,3.31,40.55,0.00,0.00,9.34,0.00,1.87,0.00,0.00,0.00,0.34
15,4w,UplCe,Exten,65,3.01,2.01,3.08,7.09,0.90,4.06,49.73,0.00,0.00,13.25,0.00,2.77,0.00,0.00,0.00,0.50
15,4w,UplCe,Exten,75,3.91,2.64,3.75,7.93,1.02,4.47,54.89,0.00,0.00,16.21,0.00,3.54,0.00,0.00,0.00,0.64
15,4w,UplCe,Exten,85,4.70,3.22,4.24,8.44,1.09,4.68,57.49,0.00,0.00,18.26,0.00,4.19,0.00,0.00,0.00,0.76
15,4w,UplCe,Exten,95,5.40,3.75,4.58,8.80,1.14,4.80,58.71,0.00,0.00,19.62,0.00,4.73,0.00,0.00,0.00,0.87
15,4w,UplCe,Exten,105,6.02,4.26,4.81,9.09,1.18,4.87,59.11,0.00,0.00,20.47,0.00,5.19,0.00,0.00,0.00,0.97
15,4w,UplCe,Exten,115,6.57,4.73,4.94,9.33,1.21,4.91,58.91,0.00,0.00,20.92,0.00,5.57,0.00,0.00,0.00,1.05
15,4w,UplCe,Exten,125,7.04,5.18,4.98,9.54,1.24,4.93,58.22,0.00,0.00,21.05,0.00,5.88,0.00,0.00,0.00,1.13
15,4w,UplCe,Exten,135,7.44,5.59,4.94,9.72,1.26,4.92,57.12,0.00,0.00,20.94,0.00,6.11,0.00,0.00,0.00,1.19
15,4w,UplCe,Exten,145,7.76,5.96,4.82,9.88,1.28,4.90,55.68,0.00,0.00,20.65,0.00,6.29,0.00,0.00,0.00,1.25
15,4w,UplCe,Exten,155,8.01,6.30,4.65,10.01,1.30,4.87,53.95,0.00,0.00,20.22,0.00,6.41,0.00,0.00,0.00,1.29
15,4w,UplCe,Exten,165,8.20,6.61,4.44,10.13,1.31,4.82,51.99,0.00,0.00,19.70,0.00,6.48,0.00,0.00,0.00,1.33
15,4w,UplCe,Exten,175,8.32,6.88,4.19,10.23,1.33,4.77,49.86,0.00,0.00,19.11,0.00,6.50,0.00,0.00,0.00,1.35
15,4w,UplCe,Exten,185,8.39,7.12,3.93,10.31,1.34,4.71,47.60,0.00,0.00,18.48,0.00,6.50,0.00,0.00,0.00,1.37
15,4w,UplCe,Exten,195,8.41,7.34,3.65,10.38,1.35,4.63,45.26,0.00,0.00,17.83,0.00,6.46,0.00,0.00,0.00,1.38
15,4w,UplCe,Exten,205,8.38,7.52,3.37,10.44,1.36,4.56,42.87,0.00,0.00,17.16,0.00,6.40,0.00,0.00,0.00,1.38
15,4w,UplCe,Exten,215,8.32,7.68,3.10,10.49,1.36,4.48,40.48,0.00,0.00,16.49,0.00,6.32,0.00,0.00,0.00,1.38
15,4w,UplCe,Exten,225,8.23,7.82,2.83,10.52,1.37,4.39,38.10,0.00,0.00,15.83,0.00,6.22,0.00,0.00,0.00,1.37
15,4w,UplCe,Exten,235,8.11,7.93,2.57,10.55,1.37,4.30,35.77,0.00,0.00,15.17,0.00,6.11,0.00,0.00,0.00,1.36
15,4w,UplCe,Exten,245,7.97,8.03,2.33,10.57,1.37,4.21,33.50,0.00,0.00,14.52,0.00,5.99,0.00,0.00,0.00,1.34
15,4w,UplCe,Exten,255,7.81,8.12,2.10,10.58,1.38,4.12,31.30,0.00,0.00,13.89,0.00,5.87,0.00,0.00,0.00,1.32
16,4w,UplCe,Intn1,5,0.00,0.00,0.00,0.00,0.00,0.00,0.00,0.00,0.00,0.00,0.00,0.00,0.00,0.00,0.00,0.00
16,4w,UplCe,Intn1,15,2.6335442824241e-03,0.00,1.78854808111858e-03,0.01,5.1880522867752e-03,5.73287539928399e-03,0.25,0.00,0.00,6.32211333264889e-03,0.00,4.18661834483096e-03,0.00,0.00,0.00,8.94074373588058e-05
16,4w,UplCe,Intn1,25,0.05,0.00,0.03,0.22,0.08,0.12,2.53,0.00,0.00,0.13,0.00,0.08,0.00,0.00,0.00,1.74058791153767e-03
16,4w,UplCe,Intn1,35,0.31,0.00,0.15,1.17,0.39,0.63,9.20,0.00,0.00,0.76,0.00,0.50,0.00,0.00,0.00,9.67421728277004e-03
16,4w,UplCe,Intn1,45,0.93,0.00,0.43,2.92,0.96,1.54,19.89,0.00,0.00,2.24,0.00,1.50,0.00,0.00,0.00,0.02
16,4w,UplCe,Intn1,55,1.89,0.00,0.80,4.80,1.60,2.48,31.31,0.00,0.00,4.34,0.00,3.01,0.00,0.00,0.00,0.05
16,4w,UplCe,Intn1,65,2.97,0.00,1.18,6.30,2.13,3.20,40.37,0.00,0.00,6.48,0.00,4.67,0.00,0.00,0.00,0.08
16,4w,UplCe,Intn1,75,4.00,0.00,1.49,7.31,2.50,3.65,46.20,0.00,0.00,8.22,0.00,6.20,0.00,0.00,0.00,0.11
16,4w,UplCe,Intn1,85,4.92,0.00,1.72,7.96,2.73,3.92,49.53,0.00,0.00,9.47,0.00,7.50,0.00,0.00,0.00,0.14
16,4w,UplCe,Intn1,95,5.74,0.00,1.89,8.42,2.90,4.07,51.32,0.00,0.00,10.33,0.00,8.60,0.00,0.00,0.00,0.16
16,4w,UplCe,Intn1,105,6.46,0.00,2.01,8.79,3.02,4.18,52.21,0.00,0.00,10.89,0.00,9.53,0.00,0.00,0.00,0.18
16,4w,UplCe,Intn1,115,7.11,0.00,2.08,9.10,3.13,4.25,52.49,0.00,0.00,11.22,0.00,10.31,0.00,0.00,0.00,0.20
16,4w,UplCe,Intn1,125,7.68,0.00,2.12,9.38,3.23,4.29,52.29,0.00,0.00,11.39,0.00,10.96,0.00,0.00,0.00,0.21
16,4w,UplCe,Intn1,135,8.18,0.00,2.11,9.62,3.31,4.32,51.68,0.00,0.00,11.41,0.00,11.49,0.00,0.00,0.00,0.23
16,4w,UplCe,Intn1,145,8.59,0.00,2.08,9.85,3.39,4.34,50.72,0.00,0.00,11.33,0.00,11.90,0.00,0.00,0.00,0.24
16,4w,UplCe,Intn1,155,8.93,0.00,2.02,10.05,3.46,4.33,49.47,0.00,0.00,11.17,0.00,12.21,0.00,0.00,0.00,0.25
16,4w,UplCe,Intn1,165,9.19,0.00,1.94,10.23,3.53,4.32,47.97,0.00,0.00,10.95,0.00,12.42,0.00,0.00,0.00,0.26
16,4w,UplCe,Intn1,175,9.39,0.00,1.84,10.39,3.58,4.30,46.28,0.00,0.00,10.69,0.00,12.55,0.00,0.00,0.00,0.26
16,4w,UplCe,Intn1,185,9.52,0.00,1.73,10.54,3.63,4.26,44.43,0.00,0.00,10.39,0.00,12.60,0.00,0.00,0.00,0.27
16,4w,UplCe,Intn1,195,9.59,0.00,1.62,10.66,3.68,4.22,42.47,0.00,0.00,10.08,0.00,12.60,0.00,0.00,0.00,0.27
16,4w,UplCe,Intn1,205,9.61,0.00,1.50,10.78,3.72,4.17,40.44,0.00,0.00,9.75,0.00,12.54,0.00,0.00,0.00,0.27
16,4w,UplCe,Intn1,215,9.58,0.00,1.39,10.88,3.75,4.12,38.36,0.00,0.00,9.41,0.00,12.44,0.00,0.00,0.00,0.28
16,4w,UplCe,Intn1,225,9.52,0.00,1.27,10.96,3.78,4.06,36.27,0.00,0.00,9.07,0.00,12.30,0.00,0.00,0.00,0.27
16,4w,UplCe,Intn1,235,9.42,0.00,1.16,11.04,3.81,3.99,34.20,0.00,0.00,8.73,0.00,12.14,0.00,0.00,0.00,0.27
16,4w,UplCe,Intn1,245,9.29,0.00,1.06,11.10,3.83,3.92,32.15,0.00,0.00,8.40,0.00,11.95,0.00,0.00,0.00,0.27
16,4w,UplCe,Intn1,255,9.14,0.00,0.96,11.16,3.85,3.85,30.15,0.00,0.00,8.06,0.00,11.74,0.00,0.00,0.00,0.27
17,4w,OCLow,Prsnt,5,0.00,0.00,0.00,0.00,0.00,0.00,0.00,0.00,0.00,0.00,0.00,0.00,0.00,0.00,0.00,0.00
17,4w,OCLow,Prsnt,15,0.00,0.00,0.00,0.15,0.00,0.01,1.39,0.90,0.00,4.31477558033106e-03,0.00,0.00,0.00,0.00,0.00,9.77676799387704e-04
17,4w,OCLow,Prsnt,25,0.00,0.00,0.00,0.79,0.00,0.05,3.23,2.10,0.00,0.02,0.00,0.00,0.00,0.00,0.00,4.46384617348097e-03
17,4w,OCLow,Prsnt,35,0.00,0.00,0.00,1.96,0.00,0.12,5.58,3.63,0.00,0.05,0.00,0.00,0.00,0.00,0.00,0.01
17,4w,OCLow,Prsnt,45,0.00,0.00,0.00,3.38,0.00,0.21,8.42,5.48,0.00,0.11,0.00,0.00,0.00,0.00,0.00,0.02
17,4w,OCLow,Prsnt,55,0.00,0.00,0.00,4.90,0.00,0.31,11.65,7.59,0.00,0.20,0.00,0.00,0.00,0.00,0.00,0.04
17,4w,OCLow,Prsnt,65,0.00,0.00,0.00,6.46,0.00,0.40,15.12,9.84,0.00,0.30,0.00,0.00,0.00,0.00,0.00,0.06
17,4w,OCLow,Prsnt,75,0.00,0.00,0.00,8.07,0.00,0.49,18.63,12.13,0.00,0.41,0.00,0.00,0.00,0.00,0.00,0.09
17,4w,OCLow,Prsnt,85,0.00,0.00,0.00,9.71,0.00,0.58,22.04,14.35,0.00,0.52,0.00,0.00,0.00,0.00,0.00,0.12
17,4w,OCLow,Prsnt,95,0.00,0.00,0.00,11.33,0.00,0.67,25.20,16.41,0.00,0.63,0.00,0.00,0.00,0.00,0.00,0.16
17,4w,OCLow,Prsnt,105,0.00,0.00,0.00,12.92,0.00,0.75,28.02,18.24,0.00,0.73,0.00,0.00,0.00,0.00,0.00,0.19
17,4w,OCLow,Prsnt,115,0.00,0.00,0.00,14.44,0.00,0.82,30.40,19.79,0.00,0.81,0.00,0.00,0.00,0.00,0.00,0.23
17,4w,OCLow,Prsnt,125,0.00,0.00,0.00,15.87,0.00,0.88,32.30,21.03,0.00,0.88,0.00,0.00,0.00,0.00,0.00,0.27
17,4w,OCLow,Prsnt,135,0.00,0.00,0.00,17.18,0.00,0.94,33.67,21.92,0.00,0.93,0.00,0.00,0.00,0.00,0.00,0.30
17,4w,OCLow,Prsnt,145,0.00,0.00,0.00,18.35,0.00,0.98,34.51,22.47,0.00,0.96,0.00,0.00,0.00,0.00,0.00,0.33
17,4w,OCLow,Prsnt,155,0.00,0.00,0.00,19.38,0.00,1.02,34.82,22.67,0.00,0.98,0.00,0.00,0.00,0.00,0.00,0.35
17,4w,OCLow,Prsnt,165,0.00,0.00,0.00,20.24,0.00,1.04,34.64,22.55,0.00,0.99,0.00,0.00,0.00,0.00,0.00,0.38
17,4w,OCLow,Prsnt,175,0.00,0.00,0.00,20.92,0.00,1.05,34.00,22.14,0.00,0.98,0.00,0.00,0.00,0.00,0.00,0.39
17,4w,OCLow,Prsnt,185,0.00,0.00,0.00,21.42,0.00,1.06,32.97,21.47,0.00,0.96,0.00,0.00,0.00,0.00,0.00,0.40
17,4w,OCLow,Prsnt,195,0.00,0.00,0.00,21.73,0.00,1.05,31.59,20.57,0.00,0.94,0.00,0.00,0.00,0.00,0.00,0.41
17,4w,OCLow,Prsnt,205,0.00,0.00,0.00,21.87,0.00,1.03,29.95,19.50,0.00,0.90,0.00,0.00,0.00,0.00,0.00,0.41
17,4w,OCLow,Prsnt,215,0.00,0.00,0.00,21.82,0.00,1.01,28.09,18.29,0.00,0.86,0.00,0.00,0.00,0.00,0.00,0.41
17,4w,OCLow,Prsnt,225,0.00,0.00,0.00,21.60,0.00,0.97,26.09,16.98,0.00,0.81,0.00,0.00,0.00,0.00,0.00,0.40
17,4w,OCLow,Prsnt,235,0.00,0.00,0.00,21.22,0.00,0.93,23.99,15.62,0.00,0.76,0.00,0.00,0.00,0.00,0.00,0.39
17,4w,OCLow,Prsnt,245,0.00,0.00,0.00,20.70,0.00,0.89,21.87,14.24,0.00,0.71,0.00,0.00,0.00,0.00,0.00,0.37
17,4w,OCLow,Prsnt,255,0.00,0.00,0.00,20.03,0.00,0.84,19.76,12.86,0.00,0.66,0.00,0.00,0.00,0.00,0.00,0.35
18,4w,OCLow,Exten,5,0.00,0.00,0.00,0.00,0.00,0.00,0.00,0.00,0.00,0.00,0.00,0.00,0.00,0.00,0.00,0.00
18,4w,OCLow,Exten,15,0.00,0.00,0.00,0.16,0.00,6.65829432869904e-03,1.07,1.87,0.00,0.01,0.00,0.00,0.00,0.00,0.00,2.1806372587243e-03
18,4w,OCLow,Exten,25,0.00,0.00,0.00,0.92,0.00,0.03,2.67,4.64,0.00,0.06,0.00,0.00,0.00,0.00,0.00,0.01
18,4w,OCLow,Exten,35,0.00,0.00,0.00,2.34,0.00,0.09,4.76,8.28,0.00,0.17,0.00,0.00,0.00,0.00,0.00,0.02
18,4w,OCLow,Exten,45,0.00,0.00,0.00,4.11,0.00,0.15,7.27,12.66,0.00,0.35,0.00,0.00,0.00,0.00,0.00,0.05
18,4w,OCLow,Exten,55,0.00,0.00,0.00,5.98,0.00,0.22,10.12,17.61,0.00,0.60,0.00,0.00,0.00,0.00,0.00,0.10
18,4w,OCLow,Exten,65,0.00,0.00,0.00,7.89,0.00,0.28,13.12,22.84,0.00,0.90,0.00,0.00,0.00,0.00,0.00,0.16
18,4w,OCLow,Exten,75,0.00,0.00,0.00,9.82,0.00,0.35,16.12,28.06,0.00,1.22,0.00,0.00,0.00,0.00,0.00,0.23
18,4w,OCLow,Exten,85,0.00,0.00,0.00,11.76,0.00,0.41,18.98,33.04,0.00,1.55,0.00,0.00,0.00,0.00,0.00,0.31
18,4w,OCLow,Exten,95,0.00,0.00,0.00,13.65,0.00,0.47,21.59,37.59,0.00,1.86,0.00,0.00,0.00,0.00,0.00,0.39
18,4w,OCLow,Exten,105,0.00,0.00,0.00,15.48,0.00,0.52,23.86,41.55,0.00,2.13,0.00,0.00,0.00,0.00,0.00,0.48
18,4w,OCLow,Exten,115,0.00,0.00,0.00,17.19,0.00,0.57,25.74,44.81,0.00,2.35,0.00,0.00,0.00,0.00,0.00,0.57
18,4w,OCLow,Exten,125,0.00,0.00,0.00,18.77,0.00,0.61,27.17,47.30,0.00,2.53,0.00,0.00,0.00,0.00,0.00,0.65
18,4w,OCLow,Exten,135,0.00,0.00,0.00,20.20,0.00,0.64,28.15,49.00,0.00,2.66,0.00,0.00,0.00,0.00,0.00,0.72
18,4w,OCLow,Exten,145,0.00,0.00,0.00,21.44,0.00,0.67,28.66,49.90,0.00,2.74,0.00,0.00,0.00,0.00,0.00,0.79
18,4w,OCLow,Exten,155,0.00,0.00,0.00,22.50,0.00,0.69,28.74,50.04,0.00,2.77,0.00,0.00,0.00,0.00,0.00,0.85
18,4w,OCLow,Exten,165,0.00,0.00,0.00,23.35,0.00,0.70,28.42,49.47,0.00,2.77,0.00,0.00,0.00,0.00,0.00,0.90
18,4w,OCLow,Exten,175,0.00,0.00,0.00,23.99,0.00,0.70,27.73,48.27,0.00,2.74,0.00,0.00,0.00,0.00,0.00,0.93
18,4w,OCLow,Exten,185,0.00,0.00,0.00,24.42,0.00,0.70,26.73,46.53,0.00,2.67,0.00,0.00,0.00,0.00,0.00,0.95
18,4w,OCLow,Exten,195,0.00,0.00,0.00,24.64,0.00,0.69,25.47,44.33,0.00,2.58,0.00,0.00,0.00,0.00,0.00,0.96
18,4w,OCLow,Exten,205,0.00,0.00,0.00,24.65,0.00,0.68,24.00,41.79,0.00,2.47,0.00,0.00,0.00,0.00,0.00,0.95
18,4w,OCLow,Exten,215,0.00,0.00,0.00,24.47,0.00,0.66,22.40,38.99,0.00,2.35,0.00,0.00,0.00,0.00,0.00,0.94
18,4w,OCLow,Exten,225,0.00,0.00,0.00,24.10,0.00,0.63,20.69,36.02,0.00,2.21,0.00,0.00,0.00,0.00,0.00,0.92
18,4w,OCLow,Exten,235,0.00,0.00,0.00,23.56,0.00,0.60,18.94,32.97,0.00,2.07,0.00,0.00,0.00,0.00,0.00,0.88
18,4w,OCLow,Exten,245,0.00,0.00,0.00,22.86,0.00,0.57,17.18,29.91,0.00,1.92,0.00,0.00,0.00,0.00,0.00,0.85
18,4w,OCLow,Exten,255,0.00,0.00,0.00,22.03,0.00,0.54,15.45,26.89,0.00,1.76,0.00,0.00,0.00,0.00,0.00,0.80
19,4w,OCLow,Basc1,5,0.00,0.00,0.00,0.00,0.00,0.00,0.00,0.00,0.00,0.00,0.00,0.00,0.00,0.00,0.00,0.00
19,4w,OCLow,Basc1,15,0.00,0.00,0.00,0.15,0.00,0.01,1.39,0.90,0.00,4.31477558033106e-03,0.00,0.00,0.00,0.00,0.00,9.77676799387704e-04
19,4w,OCLow,Basc1,25,0.00,0.00,0.00,0.79,0.00,0.05,3.23,2.10,0.00,0.02,0.00,0.00,0.00,0.00,0.00,4.46384617348097e-03
19,4w,OCLow,Basc1,35,0.00,0.00,0.00,1.96,0.00,0.12,5.58,3.63,0.00,0.05,0.00,0.00,0.00,0.00,0.00,0.01
19,4w,OCLow,Basc1,45,0.00,0.00,0.00,3.38,0.00,0.21,8.42,5.48,0.00,0.11,0.00,0.00,0.00,0.00,0.00,0.02
19,4w,OCLow,Basc1,55,0.00,0.00,0.00,4.90,0.00,0.31,11.65,7.59,0.00,0.20,0.00,0.00,0.00,0.00,0.00,0.04
19,4w,OCLow,Basc1,65,0.00,0.00,0.00,6.46,0.00,0.40,15.12,9.84,0.00,0.30,0.00,0.00,0.00,0.00,0.00,0.06
19,4w,OCLow,Basc1,75,0.00,0.00,0.00,8.07,0.00,0.49,18.63,12.13,0.00,0.41,0.00,0.00,0.00,0.00,0.00,0.09
19,4w,OCLow,Basc1,85,0.00,0.00,0.00,9.71,0.00,0.58,22.04,14.35,0.00,0.52,0.00,0.00,0.00,0.00,0.00,0.12
19,4w,OCLow,Basc1,95,0.00,0.00,0.00,11.33,0.00,0.67,25.20,16.41,0.00,0.63,0.00,0.00,0.00,0.00,0.00,0.16
19,4w,OCLow,Basc1,105,0.00,0.00,0.00,12.92,0.00,0.75,28.02,18.24,0.00,0.73,0.00,0.00,0.00,0.00,0.00,0.19
19,4w,OCLow,Basc1,115,0.00,0.00,0.00,14.44,0.00,0.82,30.40,19.79,0.00,0.81,0.00,0.00,0.00,0.00,0.00,0.23
19,4w,OCLow,Basc1,125,0.00,0.00,0.00,15.87,0.00,0.88,32.30,21.03,0.00,0.88,0.00,0.00,0.00,0.00,0.00,0.27
19,4w,OCLow,Basc1,135,0.00,0.00,0.00,17.18,0.00,0.94,33.67,21.92,0.00,0.93,0.00,0.00,0.00,0.00,0.00,0.30
19,4w,OCLow,Basc1,145,0.00,0.00,0.00,18.35,0.00,0.98,34.51,22.47,0.00,0.96,0.00,0.00,0.00,0.00,0.00,0.33
19,4w,OCLow,Basc1,155,0.00,0.00,0.00,19.38,0.00,1.02,34.82,22.67,0.00,0.98,0.00,0.00,0.00,0.00,0.00,0.35
19,4w,OCLow,Basc1,165,0.00,0.00,0.00,20.24,0.00,1.04,34.64,22.55,0.00,0.99,0.00,0.00,0.00,0.00,0.00,0.38
19,4w,OCLow,Basc1,175,0.00,0.00,0.00,20.92,0.00,1.05,34.00,22.14,0.00,0.98,0.00,0.00,0.00,0.00,0.00,0.39
19,4w,OCLow,Basc1,185,0.00,0.00,0.00,21.42,0.00,1.06,32.97,21.47,0.00,0.96,0.00,0.00,0.00,0.00,0.00,0.40
19,4w,OCLow,Basc1,195,0.00,0.00,0.00,21.73,0.00,1.05,31.59,20.57,0.00,0.94,0.00,0.00,0.00,0.00,0.00,0.41
19,4w,OCLow,Basc1,205,0.00,0.00,0.00,21.87,0.00,1.03,29.95,19.50,0.00,0.90,0.00,0.00,0.00,0.00,0.00,0.41
19,4w,OCLow,Basc1,215,0.00,0.00,0.00,21.82,0.00,1.01,28.09,18.29,0.00,0.86,0.00,0.00,0.00,0.00,0.00,0.41
19,4w,OCLow,Basc1,225,0.00,0.00,0.00,21.60,0.00,0.97,26.09,16.98,0.00,0.81,0.00,0.00,0.00,0.00,0.00,0.40
19,4w,OCLow,Basc1,235,0.00,0.00,0.00,21.22,0.00,0.93,23.99,15.62,0.00,0.76,0.00,0.00,0.00,0.00,0.00,0.39
19,4w,OCLow,Basc1,245,0.00,0.00,0.00,20.70,0.00,0.89,21.87,14.24,0.00,0.71,0.00,0.00,0.00,0.00,0.00,0.37
19,4w,OCLow,Basc1,255,0.00,0.00,0.00,20.03,0.00,0.84,19.76,12.86,0.00,0.66,0.00,0.00,0.00,0.00,0.00,0.35
20,4w,OCLow,Intn1,5,0.00,0.00,0.00,0.00,0.00,0.00,0.00,0.00,0.00,0.00,0.00,0.00,0.00,0.00,0.00,0.00
20,4w,OCLow,Intn1,15,0.00,0.00,0.00,0.15,0.00,0.01,1.39,0.90,0.00,4.31477558033106e-03,0.00,0.00,0.00,0.00,0.00,9.77676799387704e-04
20,4w,OCLow,Intn1,25,0.00,0.00,0.00,0.79,0.00,0.05,3.23,2.10,0.00,0.02,0.00,0.00,0.00,0.00,0.00,4.46384617348097e-03
20,4w,OCLow,Intn1,35,0.00,0.00,0.00,1.96,0.00,0.12,5.58,3.63,0.00,0.05,0.00,0.00,0.00,0.00,0.00,0.01
20,4w,OCLow,Intn1,45,0.00,0.00,0.00,3.38,0.00,0.21,8.42,5.48,0.00,0.11,0.00,0.00,0.00,0.00,0.00,0.02
20,4w,OCLow,Intn1,55,0.00,0.00,0.00,4.90,0.00,0.31,11.65,7.59,0.00,0.20,0.00,0.00,0.00,0.00,0.00,0.04
20,4w,OCLow,Intn1,65,0.00,0.00,0.00,6.46,0.00,0.40,15.12,9.84,0.00,0.30,0.00,0.00,0.00,0.00,0.00,0.06
20,4w,OCLow,Intn1,75,0.00,0.00,0.00,8.07,0.00,0.49,18.63,12.13,0.00,0.41,0.00,0.00,0.00,0.00,0.00,0.09
20,4w,OCLow,Intn1,85,0.00,0.00,0.00,9.71,0.00,0.58,22.04,14.35,0.00,0.52,0.00,0.00,0.00,0.00,0.00,0.12
20,4w,OCLow,Intn1,95,0.00,0.00,0.00,11.33,0.00,0.67,25.20,16.41,0.00,0.63,0.00,0.00,0.00,0.00,0.00,0.16
20,4w,OCLow,Intn1,105,0.00,0.00,0.00,12.92,0.00,0.75,28.02,18.24,0.00,0.73,0.00,0.00,0.00,0.00,0.00,0.19
20,4w,OCLow,Intn1,115,0.00,0.00,0.00,14.44,0.00,0.82,30.40,19.79,0.00,0.81,0.00,0.00,0.00,0.00,0.00,0.23
20,4w,OCLow,Intn1,125,0.00,0.00,0.00,15.87,0.00,0.88,32.30,21.03,0.00,0.88,0.00,0.00,0.00,0.00,0.00,0.27
20,4w,OCLow,Intn1,135,0.00,0.00,0.00,17.18,0.00,0.94,33.67,21.92,0.00,0.93,0.00,0.00,0.00,0.00,0.00,0.30
20,4w,OCLow,Intn1,145,0.00,0.00,0.00,18.35,0.00,0.98,34.51,22.47,0.00,0.96,0.00,0.00,0.00,0.00,0.00,0.33
20,4w,OCLow,Intn1,155,0.00,0.00,0.00,19.38,0.00,1.02,34.82,22.67,0.00,0.98,0.00,0.00,0.00,0.00,0.00,0.35
20,4w,OCLow,Intn1,165,0.00,0.00,0.00,20.24,0.00,1.04,34.64,22.55,0.00,0.99,0.00,0.00,0.00,0.00,0.00,0.38
20,4w,OCLow,Intn1,175,0.00,0.00,0.00,20.92,0.00,1.05,34.00,22.14,0.00,0.98,0.00,0.00,0.00,0.00,0.00,0.39
20,4w,OCLow,Intn1,185,0.00,0.00,0.00,21.42,0.00,1.06,32.97,21.47,0.00,0.96,0.00,0.00,0.00,0.00,0.00,0.40
20,4w,OCLow,Intn1,195,0.00,0.00,0.00,21.73,0.00,1.05,31.59,20.57,0.00,0.94,0.00,0.00,0.00,0.00,0.00,0.41
20,4w,OCLow,Intn1,205,0.00,0.00,0.00,21.87,0.00,1.03,29.95,19.50,0.00,0.90,0.00,0.00,0.00,0.00,0.00,0.41
20,4w,OCLow,Intn1,215,0.00,0.00,0.00,21.82,0.00,1.01,28.09,18.29,0.00,0.86,0.00,0.00,0.00,0.00,0.00,0.41
20,4w,OCLow,Intn1,225,0.00,0.00,0.00,21.60,0.00,0.97,26.09,16.98,0.00,0.81,0.00,0.00,0.00,0.00,0.00,0.40
20,4w,OCLow,Intn1,235,0.00,0.00,0.00,21.22,0.00,0.93,23.99,15.62,0.00,0.76,0.00,0.00,0.00,0.00,0.00,0.39
20,4w,OCLow,Intn1,245,0.00,0.00,0.00,20.70,0.00,0.89,21.87,14.24,0.00,0.71,0.00,0.00,0.00,0.00,0.00,0.37
20,4w,OCLow,Intn1,255,0.00,0.00,0.00,20.03,0.00,0.84,19.76,12.86,0.00,0.66,0.00,0.00,0.00,0.00,0.00,0.35
21,4w,SbLow,Prsnt,5,0.00,0.00,0.00,0.00,0.00,0.00,0.00,0.00,0.00,0.00,0.00,0.00,0.00,0.00,0.00,0.00
21,4w,SbLow,Prsnt,15,0.00,0.00,0.03,1.54,0.00,0.04,0.36,0.63,0.00,0.01,0.00,0.01,0.00,0.00,0.00,0.00
21,4w,SbLow,Prsnt,25,0.00,0.00,0.09,5.88,0.00,0.17,0.61,1.07,0.00,0.04,0.00,0.04,0.00,0.00,0.00,0.00
21,4w,SbLow,Prsnt,35,0.00,0.00,0.20,12.38,0.00,0.35,0.90,1.58,0.00,0.10,0.00,0.09,0.00,0.00,0.00,0.00
21,4w,SbLow,Prsnt,45,0.00,0.00,0.36,20.12,0.00,0.55,1.28,2.24,0.00,0.20,0.00,0.19,0.00,0.00,0.00,0.00
21,4w,SbLow,Prsnt,55,0.00,0.00,0.58,28.37,0.00,0.76,1.73,3.03,0.00,0.34,0.00,0.33,0.00,0.00,0.00,0.00
21,4w,SbLow,Prsnt,65,0.00,0.00,0.84,36.64,0.00,0.97,2.20,3.85,0.00,0.51,0.00,0.50,0.00,0.00,0.00,0.00
21,4w,SbLow,Prsnt,75,0.00,0.00,1.11,44.63,0.00,1.16,2.64,4.63,0.00,0.68,0.00,0.71,0.00,0.00,0.00,0.00
21,4w,SbLow,Prsnt,85,0.00,0.00,1.38,52.15,0.00,1.34,3.04,5.32,0.00,0.84,0.00,0.92,0.00,0.00,0.00,0.00
21,4w,SbLow,Prsnt,95,0.00,0.00,1.62,59.05,0.00,1.49,3.37,5.90,0.00,0.98,0.00,1.13,0.00,0.00,0.00,0.00
21,4w,SbLow,Prsnt,105,0.00,0.00,1.82,65.28,0.00,1.62,3.63,6.36,0.00,1.09,0.00,1.32,0.00,0.00,0.00,0.00
21,4w,SbLow,Prsnt,115,0.00,0.00,1.97,70.79,0.00,1.72,3.82,6.70,0.00,1.18,0.00,1.50,0.00,0.00,0.00,0.00
21,4w,SbLow,Prsnt,125,0.00,0.00,2.08,75.56,0.00,1.80,3.95,6.91,0.00,1.24,0.00,1.65,0.00,0.00,0.00,0.00
21,4w,SbLow,Prsnt,135,0.00,0.00,2.13,79.60,0.00,1.86,4.00,7.01,0.00,1.27,0.00,1.78,0.00,0.00,0.00,0.00
21,4w,SbLow,Prsnt,145,0.00,0.00,2.13,82.92,0.00,1.90,4.00,7.00,0.00,1.29,0.00,1.88,0.00,0.00,0.00,0.00
21,4w,SbLow,Prsnt,155,0.00,0.00,2.09,85.52,0.00,1.92,3.94,6.90,0.00,1.28,0.00,1.94,0.00,0.00,0.00,0.00
21,4w,SbLow,Prsnt,165,0.00,0.00,2.02,87.43,0.00,1.93,3.84,6.72,0.00,1.26,0.00,1.99,0.00,0.00,0.00,0.00
21,4w,SbLow,Prsnt,175,0.00,0.00,1.91,88.67,0.00,1.91,3.70,6.48,0.00,1.23,0.00,2.00,0.00,0.00,0.00,0.00
21,4w,SbLow,Prsnt,185,0.00,0.00,1.79,89.27,0.00,1.88,3.53,6.17,0.00,1.19,0.00,2.00,0.00,0.00,0.00,0.00
21,4w,SbLow,Prsnt,195,0.00,0.00,1.65,89.26,0.00,1.84,3.33,5.83,0.00,1.14,0.00,1.97,0.00,0.00,0.00,0.00
21,4w,SbLow,Prsnt,205,0.00,0.00,1.51,88.67,0.00,1.79,3.12,5.46,0.00,1.08,0.00,1.93,0.00,0.00,0.00,0.00
21,4w,SbLow,Prsnt,215,0.00,0.00,1.36,87.55,0.00,1.73,2.89,5.06,0.00,1.02,0.00,1.87,0.00,0.00,0.00,0.00
21,4w,SbLow,Prsnt,225,0.00,0.00,1.22,85.95,0.00,1.66,2.66,4.66,0.00,0.96,0.00,1.80,0.00,0.00,0.00,0.00
21,4w,SbLow,Prsnt,235,0.00,0.00,1.08,83.90,0.00,1.58,2.43,4.26,0.00,0.89,0.00,1.73,0.00,0.00,0.00,0.00
21,4w,SbLow,Prsnt,245,0.00,0.00,0.94,81.46,0.00,1.50,2.21,3.87,0.00,0.83,0.00,1.64,0.00,0.00,0.00,0.00
21,4w,SbLow,Prsnt,255,0.00,0.00,0.82,78.68,0.00,1.41,1.99,3.48,0.00,0.77,0.00,1.55,0.00,0.00,0.00,0.00
22,4w,SbLow,Exten,5,0.00,0.00,0.00,0.00,0.00,0.00,0.00,0.00,0.00,0.00,0.00,0.00,0.00,0.00,0.00,0.00
22,4w,SbLow,Exten,15,0.00,0.00,0.03,1.65,0.03,0.01,0.19,1.08,0.00,0.02,0.00,0.00,0.00,0.00,0.00,1.79218715659435e-03
22,4w,SbLow,Exten,25,0.00,0.00,0.10,6.50,0.10,0.06,0.34,1.88,0.00,0.10,0.00,0.00,0.00,0.00,0.00,6.13042023124514e-03
22,4w,SbLow,Exten,35,0.00,0.00,0.23,13.82,0.19,0.13,0.51,2.81,0.00,0.24,0.00,0.00,0.00,0.00,0.00,0.01
22,4w,SbLow,Exten,45,0.00,0.00,0.41,22.54,0.30,0.20,0.72,4.00,0.00,0.47,0.00,0.00,0.00,0.00,0.00,0.02
22,4w,SbLow,Exten,55,0.00,0.00,0.66,31.78,0.43,0.28,0.98,5.40,0.00,0.78,0.00,0.00,0.00,0.00,0.00,0.04
22,4w,SbLow,Exten,65,0.00,0.00,0.95,41.03,0.57,0.36,1.24,6.86,0.00,1.15,0.00,0.00,0.00,0.00,0.00,0.06
22,4w,SbLow,Exten,75,0.00,0.00,1.26,49.98,0.70,0.44,1.49,8.24,0.00,1.54,0.00,0.00,0.00,0.00,0.00,0.09
22,4w,SbLow,Exten,85,0.00,0.00,1.56,58.39,0.82,0.50,1.72,9.48,0.00,1.90,0.00,0.00,0.00,0.00,0.00,0.12
22,4w,SbLow,Exten,95,0.00,0.00,1.83,66.14,0.93,0.56,1.91,10.51,0.00,2.22,0.00,0.00,0.00,0.00,0.00,0.15
22,4w,SbLow,Exten,105,0.00,0.00,2.06,73.12,1.03,0.61,2.06,11.34,0.00,2.48,0.00,0.00,0.00,0.00,0.00,0.18
22,4w,SbLow,Exten,115,0.00,0.00,2.24,79.31,1.12,0.65,2.17,11.94,0.00,2.68,0.00,0.00,0.00,0.00,0.00,0.21
22,4w,SbLow,Exten,125,0.00,0.00,2.36,84.69,1.20,0.68,2.24,12.32,0.00,2.82,0.00,0.00,0.00,0.00,0.00,0.24
22,4w,SbLow,Exten,135,0.00,0.00,2.42,89.24,1.26,0.70,2.27,12.50,0.00,2.90,0.00,0.00,0.00,0.00,0.00,0.26
22,4w,SbLow,Exten,145,0.00,0.00,2.42,92.98,1.31,0.72,2.27,12.50,0.00,2.93,0.00,0.00,0.00,0.00,0.00,0.28
22,4w,SbLow,Exten,155,0.00,0.00,2.38,95.92,1.36,0.73,2.24,12.32,0.00,2.92,0.00,0.00,0.00,0.00,0.00,0.29
22,4w,SbLow,Exten,165,0.00,0.00,2.29,98.07,1.39,0.73,2.18,12.00,0.00,2.87,0.00,0.00,0.00,0.00,0.00,0.31
22,4w,SbLow,Exten,175,0.00,0.00,2.18,99.48,1.41,0.72,2.10,11.56,0.00,2.80,0.00,0.00,0.00,0.00,0.00,0.31
22,4w,SbLow,Exten,185,0.00,0.00,2.03,100.16,1.42,0.71,2.00,11.02,0.00,2.71,0.00,0.00,0.00,0.00,0.00,0.32
22,4w,SbLow,Exten,195,0.00,0.00,1.88,100.15,1.42,0.69,1.89,10.41,0.00,2.59,0.00,0.00,0.00,0.00,0.00,0.32
22,4w,SbLow,Exten,205,0.00,0.00,1.71,99.49,1.41,0.67,1.77,9.74,0.00,2.46,0.00,0.00,0.00,0.00,0.00,0.31
22,4w,SbLow,Exten,215,0.00,0.00,1.55,98.24,1.39,0.65,1.64,9.04,0.00,2.33,0.00,0.00,0.00,0.00,0.00,0.31
22,4w,SbLow,Exten,225,0.00,0.00,1.38,96.43,1.37,0.62,1.51,8.33,0.00,2.19,0.00,0.00,0.00,0.00,0.00,0.30
22,4w,SbLow,Exten,235,0.00,0.00,1.22,94.14,1.33,0.60,1.38,7.61,0.00,2.04,0.00,0.00,0.00,0.00,0.00,0.29
22,4w,SbLow,Exten,245,0.00,0.00,1.07,91.40,1.30,0.56,1.25,6.90,0.00,1.89,0.00,0.00,0.00,0.00,0.00,0.27
22,4w,SbLow,Exten,255,0.00,0.00,0.93,88.27,1.25,0.53,1.13,6.22,0.00,1.74,0.00,0.00,0.00,0.00,0.00,0.26
23,4w,SbLow,Basc1,5,0.00,0.00,0.00,0.00,0.00,0.00,0.00,0.00,0.00,0.00,0.00,0.00,0.00,0.00,0.00,0.00
23,4w,SbLow,Basc1,15,0.00,0.00,0.06,1.53,0.00,0.01,0.00,0.79,0.00,0.03,0.00,5.7857587360472e-03,0.00,0.00,0.00,0.00
23,4w,SbLow,Basc1,25,0.00,0.00,0.18,5.65,0.00,0.05,0.00,1.29,0.00,0.13,0.00,0.01,0.00,0.00,0.00,0.00
23,4w,SbLow,Basc1,35,0.00,0.00,0.37,11.73,0.00,0.10,0.00,1.88,0.00,0.30,0.00,0.04,0.00,0.00,0.00,0.00
23,4w,SbLow,Basc1,45,0.00,0.00,0.66,18.93,0.00,0.16,0.00,2.65,0.00,0.57,0.00,0.08,0.00,0.00,0.00,0.00
23,4w,SbLow,Basc1,55,0.00,0.00,1.06,26.53,0.00,0.23,0.00,3.55,0.00,0.95,0.00,0.15,0.00,0.00,0.00,0.00
23,4w,SbLow,Basc1,65,0.00,0.00,1.52,34.09,0.00,0.29,0.00,4.49,0.00,1.39,0.00,0.23,0.00,0.00,0.00,0.00
23,4w,SbLow,Basc1,75,0.00,0.00,2.01,41.36,0.00,0.35,0.00,5.38,0.00,1.84,0.00,0.32,0.00,0.00,0.00,0.00
23,4w,SbLow,Basc1,85,0.00,0.00,2.49,48.16,0.00,0.40,0.00,6.17,0.00,2.27,0.00,0.41,0.00,0.00,0.00,0.00
23,4w,SbLow,Basc1,95,0.00,0.00,2.91,54.41,0.00,0.44,0.00,6.82,0.00,2.64,0.00,0.50,0.00,0.00,0.00,0.00
23,4w,SbLow,Basc1,105,0.00,0.00,3.27,60.03,0.00,0.48,0.00,7.34,0.00,2.95,0.00,0.59,0.00,0.00,0.00,0.00
23,4w,SbLow,Basc1,115,0.00,0.00,3.54,65.01,0.00,0.51,0.00,7.72,0.00,3.18,0.00,0.67,0.00,0.00,0.00,0.00
23,4w,SbLow,Basc1,125,0.00,0.00,3.73,69.32,0.00,0.54,0.00,7.96,0.00,3.34,0.00,0.74,0.00,0.00,0.00,0.00
23,4w,SbLow,Basc1,135,0.00,0.00,3.82,72.98,0.00,0.55,0.00,8.07,0.00,3.43,0.00,0.79,0.00,0.00,0.00,0.00
23,4w,SbLow,Basc1,145,0.00,0.00,3.82,75.99,0.00,0.56,0.00,8.06,0.00,3.46,0.00,0.84,0.00,0.00,0.00,0.00
23,4w,SbLow,Basc1,155,0.00,0.00,3.75,78.35,0.00,0.57,0.00,7.94,0.00,3.45,0.00,0.87,0.00,0.00,0.00,0.00
23,4w,SbLow,Basc1,165,0.00,0.00,3.61,80.09,0.00,0.57,0.00,7.73,0.00,3.40,0.00,0.89,0.00,0.00,0.00,0.00
23,4w,SbLow,Basc1,175,0.00,0.00,3.43,81.22,0.00,0.57,0.00,7.45,0.00,3.31,0.00,0.89,0.00,0.00,0.00,0.00
23,4w,SbLow,Basc1,185,0.00,0.00,3.21,81.76,0.00,0.56,0.00,7.10,0.00,3.20,0.00,0.89,0.00,0.00,0.00,0.00
23,4w,SbLow,Basc1,195,0.00,0.00,2.96,81.75,0.00,0.55,0.00,6.70,0.00,3.06,0.00,0.88,0.00,0.00,0.00,0.00
23,4w,SbLow,Basc1,205,0.00,0.00,2.70,81.21,0.00,0.53,0.00,6.27,0.00,2.91,0.00,0.86,0.00,0.00,0.00,0.00
23,4w,SbLow,Basc1,215,0.00,0.00,2.44,80.19,0.00,0.51,0.00,5.82,0.00,2.75,0.00,0.83,0.00,0.00,0.00,0.00
23,4w,SbLow,Basc1,225,0.00,0.00,2.18,78.72,0.00,0.49,0.00,5.36,0.00,2.58,0.00,0.80,0.00,0.00,0.00,0.00
23,4w,SbLow,Basc1,235,0.00,0.00,1.93,76.85,0.00,0.47,0.00,4.90,0.00,2.41,0.00,0.77,0.00,0.00,0.00,0.00
23,4w,SbLow,Basc1,245,0.00,0.00,1.69,74.61,0.00,0.44,0.00,4.45,0.00,2.23,0.00,0.73,0.00,0.00,0.00,0.00
23,4w,SbLow,Basc1,255,0.00,0.00,1.47,72.07,0.00,0.42,0.00,4.01,0.00,2.06,0.00,0.69,0.00,0.00,0.00,0.00
24,4w,SbLow,Intn1,5,0.00,0.00,0.00,0.00,0.00,0.00,0.00,0.00,0.00,0.00,0.00,0.00,0.00,0.00,0.00,0.00
24,4w,SbLow,Intn1,15,0.00,0.00,0.03,1.54,0.00,0.04,0.36,0.63,0.00,0.01,0.00,0.01,0.00,0.00,0.00,0.00
24,4w,SbLow,Intn1,25,0.00,0.00,0.09,5.88,0.00,0.17,0.61,1.07,0.00,0.04,0.00,0.04,0.00,0.00,0.00,0.00
24,4w,SbLow,Intn1,35,0.00,0.00,0.20,12.38,0.00,0.35,0.90,1.58,0.00,0.10,0.00,0.09,0.00,0.00,0.00,0.00
24,4w,SbLow,Intn1,45,0.00,0.00,0.36,20.12,0.00,0.55,1.28,2.24,0.00,0.20,0.00,0.19,0.00,0.00,0.00,0.00
24,4w,SbLow,Intn1,55,0.00,0.00,0.58,28.37,0.00,0.76,1.73,3.03,0.00,0.34,0.00,0.33,0.00,0.00,0.00,0.00
24,4w,SbLow,Intn1,65,0.00,0.00,0.84,36.64,0.00,0.97,2.20,3.85,0.00,0.51,0.00,0.50,0.00,0.00,0.00,0.00
24,4w,SbLow,Intn1,75,0.00,0.00,1.11,44.63,0.00,1.16,2.64,4.63,0.00,0.68,0.00,0.71,0.00,0.00,0.00,0.00
24,4w,SbLow,Intn1,85,0.00,0.00,1.38,52.15,0.00,1.34,3.04,5.32,0.00,0.84,0.00,0.92,0.00,0.00,0.00,0.00
24,4w,SbLow,Intn1,95,0.00,0.00,1.62,59.05,0.00,1.49,3.37,5.90,0.00,0.98,0.00,1.13,0.00,0.00,0.00,0.00
24,4w,SbLow,Intn1,105,0.00,0.00,1.82,65.28,0.00,1.62,3.63,6.36,0.00,1.09,0.00,1.32,0.00,0.00,0.00,0.00
24,4w,SbLow,Intn1,115,0.00,0.00,1.97,70.79,0.00,1.72,3.82,6.70,0.00,1.18,0.00,1.50,0.00,0.00,0.00,0.00
24,4w,SbLow,Intn1,125,0.00,0.00,2.08,75.56,0.00,1.80,3.95,6.91,0.00,1.24,0.00,1.65,0.00,0.00,0.00,0.00
24,4w,SbLow,Intn1,135,0.00,0.00,2.13,79.60,0.00,1.86,4.00,7.01,0.00,1.27,0.00,1.78,0.00,0.00,0.00,0.00
24,4w,SbLow,Intn1,145,0.00,0.00,2.13,82.92,0.00,1.90,4.00,7.00,0.00,1.29,0.00,1.88,0.00,0.00,0.00,0.00
24,4w,SbLow,Intn1,155,0.00,0.00,2.09,85.52,0.00,1.92,3.94,6.90,0.00,1.28,0.00,1.94,0.00,0.00,0.00,0.00
24,4w,SbLow,Intn1,165,0.00,0.00,2.02,87.43,0.00,1.93,3.84,6.72,0.00,1.26,0.00,1.99,0.00,0.00,0.00,0.00
24,4w,SbLow,Intn1,175,0.00,0.00,1.91,88.67,0.00,1.91,3.70,6.48,0.00,1.23,0.00,2.00,0.00,0.00,0.00,0.00
24,4w,SbLow,Intn1,185,0.00,0.00,1.79,89.27,0.00,1.88,3.53,6.17,0.00,1.19,0.00,2.00,0.00,0.00,0.00,0.00
24,4w,SbLow,Intn1,195,0.00,0.00,1.65,89.26,0.00,1.84,3.33,5.83,0.00,1.14,0.00,1.97,0.00,0.00,0.00,0.00
24,4w,SbLow,Intn1,205,0.00,0.00,1.51,88.67,0.00,1.79,3.12,5.46,0.00,1.08,0.00,1.93,0.00,0.00,0.00,0.00
24,4w,SbLow,Intn1,215,0.00,0.00,1.36,87.55,0.00,1.73,2.89,5.06,0.00,1.02,0.00,1.87,0.00,0.00,0.00,0.00
24,4w,SbLow,Intn1,225,0.00,0.00,1.22,85.95,0.00,1.66,2.66,4.66,0.00,0.96,0.00,1.80,0.00,0.00,0.00,0.00
24,4w,SbLow,Intn1,235,0.00,0.00,1.08,83.90,0.00,1.58,2.43,4.26,0.00,0.89,0.00,1.73,0.00,0.00,0.00,0.00
24,4w,SbLow,Intn1,245,0.00,0.00,0.94,81.46,0.00,1.50,2.21,3.87,0.00,0.83,0.00,1.64,0.00,0.00,0.00,0.00
24,4w,SbLow,Intn1,255,0.00,0.00,0.82,78.68,0.00,1.41,1.99,3.48,0.00,0.77,0.00,1.55,0.00,0.00,0.00,0.00
25,4w,SbSha,Prsnt,5,0.00,0.00,0.00,0.00,0.00,0.00,0.00,0.00,0.00,0.00,0.00,0.00,0.00,0.00,0.00,0.00
25,4w,SbSha,Prsnt,15,0.00,0.00,0.90,4.66,0.00,0.09,0.00,0.00,0.00,0.27,0.00,0.11,0.00,0.00,0.00,0.00
25,4w,SbSha,Prsnt,25,0.00,0.00,2.02,13.36,0.00,0.27,0.00,0.00,0.00,0.74,0.00,0.31,0.00,0.00,0.00,0.00
25,4w,SbSha,Prsnt,35,0.00,0.00,3.71,24.83,0.00,0.50,0.00,0.00,0.00,1.52,0.00,0.66,0.00,0.00,0.00,0.00
25,4w,SbSha,Prsnt,45,0.00,0.00,6.10,37.10,0.00,0.73,0.00,0.00,0.00,2.68,0.00,1.19,0.00,0.00,0.00,0.00
25,4w,SbSha,Prsnt,55,0.00,0.00,9.08,48.77,0.00,0.95,0.00,0.00,0.00,4.14,0.00,1.90,0.00,0.00,0.00,0.00
25,4w,SbSha,Prsnt,65,0.00,0.00,12.31,59.12,0.00,1.13,0.00,0.00,0.00,5.72,0.00,2.73,0.00,0.00,0.00,0.00
25,4w,SbSha,Prsnt,75,0.00,0.00,15.36,67.79,0.00,1.27,0.00,0.00,0.00,7.17,0.00,3.58,0.00,0.00,0.00,0.00
25,4w,SbSha,Prsnt,85,0.00,0.00,17.91,74.50,0.00,1.38,0.00,0.00,0.00,8.33,0.00,4.37,0.00,0.00,0.00,0.00
25,4w,SbSha,Prsnt,95,0.00,0.00,19.72,79.09,0.00,1.44,0.00,0.00,0.00,9.12,0.00,5.03,0.00,0.00,0.00,0.00
25,4w,SbSha,Prsnt,105,0.00,0.00,20.67,81.46,0.00,1.46,0.00,0.00,0.00,9.49,0.00,5.50,0.00,0.00,0.00,0.00
25,4w,SbSha,Prsnt,115,0.00,0.00,20.73,81.65,0.00,1.43,0.00,0.00,0.00,9.47,0.00,5.77,0.00,0.00,0.00,0.00
25,4w,SbSha,Prsnt,125,0.00,0.00,19.96,79.79,0.00,1.37,0.00,0.00,0.00,9.11,0.00,5.81,0.00,0.00,0.00,0.00
25,4w,SbSha,Prsnt,135,0.00,0.00,18.52,76.11,0.00,1.28,0.00,0.00,0.00,8.49,0.00,5.66,0.00,0.00,0.00,0.00
25,4w,SbSha,Prsnt,145,0.00,0.00,16.60,70.93,0.00,1.17,0.00,0.00,0.00,7.67,0.00,5.34,0.00,0.00,0.00,0.00
25,4w,SbSha,Prsnt,155,0.00,0.00,14.39,64.63,0.00,1.05,0.00,0.00,0.00,6.75,0.00,4.89,0.00,0.00,0.00,0.00
25,4w,SbSha,Prsnt,165,0.00,0.00,12.10,57.60,0.00,0.91,0.00,0.00,0.00,5.80,0.00,4.36,0.00,0.00,0.00,0.00
25,4w,SbSha,Prsnt,175,0.00,0.00,9.87,50.23,0.00,0.78,0.00,0.00,0.00,4.85,0.00,3.78,0.00,0.00,0.00,0.00
25,4w,SbSha,Prsnt,185,0.00,0.00,7.82,42.87,0.00,0.65,0.00,0.00,0.00,3.97,0.00,3.19,0.00,0.00,0.00,0.00
25,4w,SbSha,Prsnt,195,0.00,0.00,6.04,35.82,0.00,0.53,0.00,0.00,0.00,3.18,0.00,2.63,0.00,0.00,0.00,0.00
25,4w,SbSha,Prsnt,205,0.00,0.00,4.53,29.31,0.00,0.42,0.00,0.00,0.00,2.49,0.00,2.12,0.00,0.00,0.00,0.00
25,4w,SbSha,Prsnt,215,0.00,0.00,3.32,23.48,0.00,0.33,0.00,0.00,0.00,1.91,0.00,1.67,0.00,0.00,0.00,0.00
25,4w,SbSha,Prsnt,225,0.00,0.00,2.37,18.43,0.00,0.25,0.00,0.00,0.00,1.43,0.00,1.28,0.00,0.00,0.00,0.00
25,4w,SbSha,Prsnt,235,0.00,0.00,1.65,14.17,0.00,0.19,0.00,0.00,0.00,1.05,0.00,0.97,0.00,0.00,0.00,0.00
25,4w,SbSha,Prsnt,245,0.00,0.00,1.12,10.67,0.00,0.14,0.00,0.00,0.00,0.75,0.00,0.71,0.00,0.00,0.00,0.00
25,4w,SbSha,Prsnt,255,0.00,0.00,0.75,7.87,0.00,0.10,0.00,0.00,0.00,0.53,0.00,0.51,0.00,0.00,0.00,0.00
26,4w,SbSha,Exten,5,0.00,0.00,0.00,0.00,0.00,0.00,0.00,0.00,0.00,0.00,0.00,0.00,0.00,0.00,0.00,0.00
26,4w,SbSha,Exten,15,0.00,0.00,1.12,3.12,0.00,0.00,0.00,0.00,0.00,0.00,0.00,0.00,0.00,0.00,0.00,0.00
26,4w,SbSha,Exten,25,0.00,0.00,2.36,8.43,0.00,0.00,0.00,0.00,0.00,0.00,0.00,0.00,0.00,0.00,0.00,0.00
26,4w,SbSha,Exten,35,0.00,0.00,4.24,15.34,0.00,0.00,0.00,0.00,0.00,0.00,0.00,0.00,0.00,0.00,0.00,0.00
26,4w,SbSha,Exten,45,0.00,0.00,6.94,22.82,0.00,0.00,0.00,0.00,0.00,0.00,0.00,0.00,0.00,0.00,0.00,0.00
26,4w,SbSha,Exten,55,0.00,0.00,10.40,30.18,0.00,0.00,0.00,0.00,0.00,0.00,0.00,0.00,0.00,0.00,0.00,0.00
26,4w,SbSha,Exten,65,0.00,0.00,14.25,37.01,0.00,0.00,0.00,0.00,0.00,0.00,0.00,0.00,0.00,0.00,0.00,0.00
26,4w,SbSha,Exten,75,0.00,0.00,18.04,43.05,0.00,0.00,0.00,0.00,0.00,0.00,0.00,0.00,0.00,0.00,0.00,0.00
26,4w,SbSha,Exten,85,0.00,0.00,21.37,48.07,0.00,0.00,0.00,0.00,0.00,0.00,0.00,0.00,0.00,0.00,0.00,0.00
26,4w,SbSha,Exten,95,0.00,0.00,23.92,51.85,0.00,0.00,0.00,0.00,0.00,0.00,0.00,0.00,0.00,0.00,0.00,0.00
26,4w,SbSha,Exten,105,0.00,0.00,25.47,54.25,0.00,0.00,0.00,0.00,0.00,0.00,0.00,0.00,0.00,0.00,0.00,0.00
26,4w,SbSha,Exten,115,0.00,0.00,25.93,55.21,0.00,0.00,0.00,0.00,0.00,0.00,0.00,0.00,0.00,0.00,0.00,0.00
26,4w,SbSha,Exten,125,0.00,0.00,25.33,54.73,0.00,0.00,0.00,0.00,0.00,0.00,0.00,0.00,0.00,0.00,0.00,0.00
26,4w,SbSha,Exten,135,0.00,0.00,23.83,52.93,0.00,0.00,0.00,0.00,0.00,0.00,0.00,0.00,0.00,0.00,0.00,0.00
26,4w,SbSha,Exten,145,0.00,0.00,21.63,49.96,0.00,0.00,0.00,0.00,0.00,0.00,0.00,0.00,0.00,0.00,0.00,0.00
26,4w,SbSha,Exten,155,0.00,0.00,18.98,46.07,0.00,0.00,0.00,0.00,0.00,0.00,0.00,0.00,0.00,0.00,0.00,0.00
26,4w,SbSha,Exten,165,0.00,0.00,16.13,41.52,0.00,0.00,0.00,0.00,0.00,0.00,0.00,0.00,0.00,0.00,0.00,0.00
26,4w,SbSha,Exten,175,0.00,0.00,13.30,36.59,0.00,0.00,0.00,0.00,0.00,0.00,0.00,0.00,0.00,0.00,0.00,0.00
26,4w,SbSha,Exten,185,0.00,0.00,10.65,31.54,0.00,0.00,0.00,0.00,0.00,0.00,0.00,0.00,0.00,0.00,0.00,0.00
26,4w,SbSha,Exten,195,0.00,0.00,8.29,26.59,0.00,0.00,0.00,0.00,0.00,0.00,0.00,0.00,0.00,0.00,0.00,0.00
26,4w,SbSha,Exten,205,0.00,0.00,6.28,21.94,0.00,0.00,0.00,0.00,0.00,0.00,0.00,0.00,0.00,0.00,0.00,0.00
26,4w,SbSha,Exten,215,0.00,0.00,4.64,17.72,0.00,0.00,0.00,0.00,0.00,0.00,0.00,0.00,0.00,0.00,0.00,0.00
26,4w,SbSha,Exten,225,0.00,0.00,3.34,14.00,0.00,0.00,0.00,0.00,0.00,0.00,0.00,0.00,0.00,0.00,0.00,0.00
26,4w,SbSha,Exten,235,0.00,0.00,2.34,10.84,0.00,0.00,0.00,0.00,0.00,0.00,0.00,0.00,0.00,0.00,0.00,0.00
26,4w,SbSha,Exten,245,0.00,0.00,1.60,8.21,0.00,0.00,0.00,0.00,0.00,0.00,0.00,0.00,0.00,0.00,0.00,0.00
26,4w,SbSha,Exten,255,0.00,0.00,1.07,6.09,0.00,0.00,0.00,0.00,0.00,0.00,0.00,0.00,0.00,0.00,0.00,0.00
27,4w,SbSha,Intn1,5,0.00,0.00,0.00,0.00,0.00,0.00,0.00,0.00,0.00,0.00,0.00,0.00,0.00,0.00,0.00,0.00
27,4w,SbSha,Intn1,15,0.00,0.00,0.90,4.66,0.00,0.09,0.00,0.00,0.00,0.27,0.00,0.11,0.00,0.00,0.00,0.00
27,4w,SbSha,Intn1,25,0.00,0.00,2.02,13.36,0.00,0.27,0.00,0.00,0.00,0.74,0.00,0.31,0.00,0.00,0.00,0.00
27,4w,SbSha,Intn1,35,0.00,0.00,3.71,24.83,0.00,0.50,0.00,0.00,0.00,1.52,0.00,0.66,0.00,0.00,0.00,0.00
27,4w,SbSha,Intn1,45,0.00,0.00,6.10,37.10,0.00,0.73,0.00,0.00,0.00,2.68,0.00,1.19,0.00,0.00,0.00,0.00
27,4w,SbSha,Intn1,55,0.00,0.00,9.08,48.77,0.00,0.95,0.00,0.00,0.00,4.14,0.00,1.90,0.00,0.00,0.00,0.00
27,4w,SbSha,Intn1,65,0.00,0.00,12.31,59.12,0.00,1.13,0.00,0.00,0.00,5.72,0.00,2.73,0.00,0.00,0.00,0.00
27,4w,SbSha,Intn1,75,0.00,0.00,15.36,67.79,0.00,1.27,0.00,0.00,0.00,7.17,0.00,3.58,0.00,0.00,0.00,0.00
27,4w,SbSha,Intn1,85,0.00,0.00,17.91,74.50,0.00,1.38,0.00,0.00,0.00,8.33,0.00,4.37,0.00,0.00,0.00,0.00
27,4w,SbSha,Intn1,95,0.00,0.00,19.72,79.09,0.00,1.44,0.00,0.00,0.00,9.12,0.00,5.03,0.00,0.00,0.00,0.00
27,4w,SbSha,Intn1,105,0.00,0.00,20.67,81.46,0.00,1.46,0.00,0.00,0.00,9.49,0.00,5.50,0.00,0.00,0.00,0.00
27,4w,SbSha,Intn1,115,0.00,0.00,20.73,81.65,0.00,1.43,0.00,0.00,0.00,9.47,0.00,5.77,0.00,0.00,0.00,0.00
27,4w,SbSha,Intn1,125,0.00,0.00,19.96,79.79,0.00,1.37,0.00,0.00,0.00,9.11,0.00,5.81,0.00,0.00,0.00,0.00
27,4w,SbSha,Intn1,135,0.00,0.00,18.52,76.11,0.00,1.28,0.00,0.00,0.00,8.49,0.00,5.66,0.00,0.00,0.00,0.00
27,4w,SbSha,Intn1,145,0.00,0.00,16.60,70.93,0.00,1.17,0.00,0.00,0.00,7.67,0.00,5.34,0.00,0.00,0.00,0.00
27,4w,SbSha,Intn1,155,0.00,0.00,14.39,64.63,0.00,1.05,0.00,0.00,0.00,6.75,0.00,4.89,0.00,0.00,0.00,0.00
27,4w,SbSha,Intn1,165,0.00,0.00,12.10,57.60,0.00,0.91,0.00,0.00,0.00,5.80,0.00,4.36,0.00,0.00,0.00,0.00
27,4w,SbSha,Intn1,175,0.00,0.00,9.87,50.23,0.00,0.78,0.00,0.00,0.00,4.85,0.00,3.78,0.00,0.00,0.00,0.00
27,4w,SbSha,Intn1,185,0.00,0.00,7.82,42.87,0.00,0.65,0.00,0.00,0.00,3.97,0.00,3.19,0.00,0.00,0.00,0.00
27,4w,SbSha,Intn1,195,0.00,0.00,6.04,35.82,0.00,0.53,0.00,0.00,0.00,3.18,0.00,2.63,0.00,0.00,0.00,0.00
27,4w,SbSha,Intn1,205,0.00,0.00,4.53,29.31,0.00,0.42,0.00,0.00,0.00,2.49,0.00,2.12,0.00,0.00,0.00,0.00
27,4w,SbSha,Intn1,215,0.00,0.00,3.32,23.48,0.00,0.33,0.00,0.00,0.00,1.91,0.00,1.67,0.00,0.00,0.00,0.00
27,4w,SbSha,Intn1,225,0.00,0.00,2.37,18.43,0.00,0.25,0.00,0.00,0.00,1.43,0.00,1.28,0.00,0.00,0.00,0.00
27,4w,SbSha,Intn1,235,0.00,0.00,1.65,14.17,0.00,0.19,0.00,0.00,0.00,1.05,0.00,0.97,0.00,0.00,0.00,0.00
27,4w,SbSha,Intn1,245,0.00,0.00,1.12,10.67,0.00,0.14,0.00,0.00,0.00,0.75,0.00,0.71,0.00,0.00,0.00,0.00
27,4w,SbSha,Intn1,255,0.00,0.00,0.75,7.87,0.00,0.10,0.00,0.00,0.00,0.53,0.00,0.51,0.00,0.00,0.00,0.00
28,4w,SbDee,Prsnt,5,0.00,0.00,0.00,0.00,0.00,0.00,0.00,0.00,0.00,0.00,0.00,0.00,0.00,0.00,0.00,0.00
28,4w,SbDee,Prsnt,15,0.00,0.00,0.28,2.46,0.00,0.09,0.00,0.13,0.00,0.06,0.00,0.03,0.00,0.00,0.00,0.00
28,4w,SbDee,Prsnt,25,0.00,0.00,0.95,10.76,0.00,0.42,0.00,0.26,0.00,0.28,0.00,0.16,0.00,0.00,0.00,0.00
28,4w,SbDee,Prsnt,35,0.00,0.00,2.22,25.33,0.00,0.97,0.00,0.44,0.00,0.73,0.00,0.42,0.00,0.00,0.00,0.00
28,4w,SbDee,Prsnt,45,0.00,0.00,4.21,43.66,0.00,1.63,0.00,0.66,0.00,1.48,0.00,0.87,0.00,0.00,0.00,0.00
28,4w,SbDee,Prsnt,55,0.00,0.00,6.84,62.54,0.00,2.28,0.00,0.91,0.00,2.50,0.00,1.52,0.00,0.00,0.00,0.00
28,4w,SbDee,Prsnt,65,0.00,0.00,9.73,79.64,0.00,2.86,0.00,1.14,0.00,3.62,0.00,2.30,0.00,0.00,0.00,0.00
28,4w,SbDee,Prsnt,75,0.00,0.00,12.48,93.77,0.00,3.32,0.00,1.33,0.00,4.66,0.00,3.11,0.00,0.00,0.00,0.00
28,4w,SbDee,Prsnt,85,0.00,0.00,14.76,104.54,0.00,3.64,0.00,1.46,0.00,5.49,0.00,3.84,0.00,0.00,0.00,0.00
28,4w,SbDee,Prsnt,95,0.00,0.00,16.39,111.95,0.00,3.83,0.00,1.53,0.00,6.06,0.00,4.46,0.00,0.00,0.00,0.00
28,4w,SbDee,Prsnt,105,0.00,0.00,17.32,116.23,0.00,3.91,0.00,1.55,0.00,6.36,0.00,4.92,0.00,0.00,0.00,0.00
28,4w,SbDee,Prsnt,115,0.00,0.00,17.54,117.62,0.00,3.89,0.00,1.52,0.00,6.41,0.00,5.20,0.00,0.00,0.00,0.00
28,4w,SbDee,Prsnt,125,0.00,0.00,17.11,116.43,0.00,3.77,0.00,1.45,0.00,6.25,0.00,5.31,0.00,0.00,0.00,0.00
28,4w,SbDee,Prsnt,135,0.00,0.00,16.15,112.97,0.00,3.59,0.00,1.36,0.00,5.92,0.00,5.27,0.00,0.00,0.00,0.00
28,4w,SbDee,Prsnt,145,0.00,0.00,14.79,107.60,0.00,3.35,0.00,1.24,0.00,5.47,0.00,5.08,0.00,0.00,0.00,0.00
28,4w,SbDee,Prsnt,155,0.00,0.00,13.17,100.69,0.00,3.07,0.00,1.11,0.00,4.94,0.00,4.77,0.00,0.00,0.00,0.00
28,4w,SbDee,Prsnt,165,0.00,0.00,11.43,92.64,0.00,2.77,0.00,0.97,0.00,4.38,0.00,4.39,0.00,0.00,0.00,0.00
28,4w,SbDee,Prsnt,175,0.00,0.00,9.67,83.84,0.00,2.45,0.00,0.83,0.00,3.81,0.00,3.95,0.00,0.00,0.00,0.00
28,4w,SbDee,Prsnt,185,0.00,0.00,8.00,74.67,0.00,2.14,0.00,0.70,0.00,3.25,0.00,3.48,0.00,0.00,0.00,0.00
28,4w,SbDee,Prsnt,195,0.00,0.00,6.48,65.47,0.00,1.83,0.00,0.58,0.00,2.73,0.00,3.02,0.00,0.00,0.00,0.00
28,4w,SbDee,Prsnt,205,0.00,0.00,5.14,56.52,0.00,1.55,0.00,0.47,0.00,2.26,0.00,2.56,0.00,0.00,0.00,0.00
28,4w,SbDee,Prsnt,215,0.00,0.00,3.99,48.06,0.00,1.28,0.00,0.38,0.00,1.83,0.00,2.14,0.00,0.00,0.00,0.00
28,4w,SbDee,Prsnt,225,0.00,0.00,3.04,40.26,0.00,1.05,0.00,0.29,0.00,1.47,0.00,1.76,0.00,0.00,0.00,0.00
28,4w,SbDee,Prsnt,235,0.00,0.00,2.28,33.23,0.00,0.85,0.00,0.23,0.00,1.16,0.00,1.42,0.00,0.00,0.00,0.00
28,4w,SbDee,Prsnt,245,0.00,0.00,1.67,27.02,0.00,0.67,0.00,0.17,0.00,0.90,0.00,1.13,0.00,0.00,0.00,0.00
28,4w,SbDee,Prsnt,255,0.00,0.00,1.21,21.66,0.00,0.52,0.00,0.13,0.00,0.69,0.00,0.89,0.00,0.00,0.00,0.00
29,4w,SbDee,Exten,5,0.00,0.00,0.00,0.00,0.00,0.00,0.00,0.00,0.00,0.00,0.00,0.00,0.00,0.00,0.00,0.00
29,4w,SbDee,Exten,15,0.00,0.00,0.17,1.61,0.00,0.04,0.00,0.27,0.00,0.07,0.00,6.30635622674375e-03,0.00,0.00,0.00,0.00
29,4w,SbDee,Exten,25,0.00,0.00,0.60,7.11,0.00,0.20,0.00,0.54,0.00,0.29,0.00,0.02,0.00,0.00,0.00,0.00
29,4w,SbDee,Exten,35,0.00,0.00,1.41,16.73,0.00,0.47,0.00,0.89,0.00,0.76,0.00,0.06,0.00,0.00,0.00,0.00
29,4w,SbDee,Exten,45,0.00,0.00,2.68,28.88,0.00,0.79,0.00,1.34,0.00,1.56,0.00,0.14,0.00,0.00,0.00,0.00
29,4w,SbDee,Exten,55,0.00,0.00,4.38,41.53,0.00,1.12,0.00,1.85,0.00,2.64,0.00,0.24,0.00,0.00,0.00,0.00
29,4w,SbDee,Exten,65,0.00,0.00,6.26,53.18,0.00,1.41,0.00,2.33,0.00,3.84,0.00,0.37,0.00,0.00,0.00,0.00
29,4w,SbDee,Exten,75,0.00,0.00,8.08,63.06,0.00,1.65,0.00,2.72,0.00,4.99,0.00,0.50,0.00,0.00,0.00,0.00
29,4w,SbDee,Exten,85,0.00,0.00,9.64,70.86,0.00,1.82,0.00,3.01,0.00,5.93,0.00,0.63,0.00,0.00,0.00,0.00
29,4w,SbDee,Exten,95,0.00,0.00,10.80,76.51,0.00,1.94,0.00,3.19,0.00,6.60,0.00,0.74,0.00,0.00,0.00,0.00
29,4w,SbDee,Exten,105,0.00,0.00,11.50,80.09,0.00,1.99,0.00,3.25,0.00,6.98,0.00,0.82,0.00,0.00,0.00,0.00
29,4w,SbDee,Exten,115,0.00,0.00,11.74,81.72,0.00,1.99,0.00,3.22,0.00,7.09,0.00,0.88,0.00,0.00,0.00,0.00
29,4w,SbDee,Exten,125,0.00,0.00,11.54,81.53,0.00,1.95,0.00,3.11,0.00,6.96,0.00,0.90,0.00,0.00,0.00,0.00
29,4w,SbDee,Exten,135,0.00,0.00,10.98,79.70,0.00,1.87,0.00,2.92,0.00,6.64,0.00,0.90,0.00,0.00,0.00,0.00
29,4w,SbDee,Exten,145,0.00,0.00,10.12,76.44,0.00,1.76,0.00,2.69,0.00,6.18,0.00,0.87,0.00,0.00,0.00,0.00
29,4w,SbDee,Exten,155,0.00,0.00,9.07,72.01,0.00,1.62,0.00,2.42,0.00,5.63,0.00,0.83,0.00,0.00,0.00,0.00
29,4w,SbDee,Exten,165,0.00,0.00,7.92,66.65,0.00,1.47,0.00,2.13,0.00,5.01,0.00,0.77,0.00,0.00,0.00,0.00
29,4w,SbDee,Exten,175,0.00,0.00,6.74,60.66,0.00,1.31,0.00,1.84,0.00,4.38,0.00,0.69,0.00,0.00,0.00,0.00
29,4w,SbDee,Exten,185,0.00,0.00,5.61,54.30,0.00,1.15,0.00,1.56,0.00,3.76,0.00,0.61,0.00,0.00,0.00,0.00
29,4w,SbDee,Exten,195,0.00,0.00,4.56,47.83,0.00,0.99,0.00,1.30,0.00,3.18,0.00,0.53,0.00,0.00,0.00,0.00
29,4w,SbDee,Exten,205,0.00,0.00,3.63,41.47,0.00,0.84,0.00,1.06,0.00,2.64,0.00,0.45,0.00,0.00,0.00,0.00
29,4w,SbDee,Exten,215,0.00,0.00,2.83,35.40,0.00,0.70,0.00,0.85,0.00,2.15,0.00,0.38,0.00,0.00,0.00,0.00
29,4w,SbDee,Exten,225,0.00,0.00,2.17,29.76,0.00,0.57,0.00,0.67,0.00,1.73,0.00,0.31,0.00,0.00,0.00,0.00
29,4w,SbDee,Exten,235,0.00,0.00,1.63,24.64,0.00,0.46,0.00,0.52,0.00,1.37,0.00,0.25,0.00,0.00,0.00,0.00
29,4w,SbDee,Exten,245,0.00,0.00,1.20,20.09,0.00,0.37,0.00,0.39,0.00,1.06,0.00,0.20,0.00,0.00,0.00,0.00
29,4w,SbDee,Exten,255,0.00,0.00,0.87,16.15,0.00,0.29,0.00,0.29,0.00,0.82,0.00,0.16,0.00,0.00,0.00,0.00
30,4w,SbDee,Intn1,5,0.00,0.00,0.00,0.00,0.00,0.00,0.00,0.00,0.00,0.00,0.00,0.00,0.00,0.00,0.00,0.00
30,4w,SbDee,Intn1,15,0.00,0.00,0.28,2.46,0.00,0.09,0.00,0.13,0.00,0.06,0.00,0.03,0.00,0.00,0.00,0.00
30,4w,SbDee,Intn1,25,0.00,0.00,0.95,10.76,0.00,0.42,0.00,0.26,0.00,0.28,0.00,0.16,0.00,0.00,0.00,0.00
30,4w,SbDee,Intn1,35,0.00,0.00,2.22,25.33,0.00,0.97,0.00,0.44,0.00,0.73,0.00,0.42,0.00,0.00,0.00,0.00
30,4w,SbDee,Intn1,45,0.00,0.00,4.21,43.66,0.00,1.63,0.00,0.66,0.00,1.48,0.00,0.87,0.00,0.00,0.00,0.00
30,4w,SbDee,Intn1,55,0.00,0.00,6.84,62.54,0.00,2.28,0.00,0.91,0.00,2.50,0.00,1.52,0.00,0.00,0.00,0.00
30,4w,SbDee,Intn1,65,0.00,0.00,9.73,79.64,0.00,2.86,0.00,1.14,0.00,3.62,0.00,2.30,0.00,0.00,0.00,0.00
30,4w,SbDee,Intn1,75,0.00,0.00,12.48,93.77,0.00,3.32,0.00,1.33,0.00,4.66,0.00,3.11,0.00,0.00,0.00,0.00
30,4w,SbDee,Intn1,85,0.00,0.00,14.76,104.54,0.00,3.64,0.00,1.46,0.00,5.49,0.00,3.84,0.00,0.00,0.00,0.00
30,4w,SbDee,Intn1,95,0.00,0.00,16.39,111.95,0.00,3.83,0.00,1.53,0.00,6.06,0.00,4.46,0.00,0.00,0.00,0.00
30,4w,SbDee,Intn1,105,0.00,0.00,17.32,116.23,0.00,3.91,0.00,1.55,0.00,6.36,0.00,4.92,0.00,0.00,0.00,0.00
30,4w,SbDee,Intn1,115,0.00,0.00,17.54,117.62,0.00,3.89,0.00,1.52,0.00,6.41,0.00,5.20,0.00,0.00,0.00,0.00
30,4w,SbDee,Intn1,125,0.00,0.00,17.11,116.43,0.00,3.77,0.00,1.45,0.00,6.25,0.00,5.31,0.00,0.00,0.00,0.00
30,4w,SbDee,Intn1,135,0.00,0.00,16.15,112.97,0.00,3.59,0.00,1.36,0.00,5.92,0.00,5.27,0.00,0.00,0.00,0.00
30,4w,SbDee,Intn1,145,0.00,0.00,14.79,107.60,0.00,3.35,0.00,1.24,0.00,5.47,0.00,5.08,0.00,0.00,0.00,0.00
30,4w,SbDee,Intn1,155,0.00,0.00,13.17,100.69,0.00,3.07,0.00,1.11,0.00,4.94,0.00,4.77,0.00,0.00,0.00,0.00
30,4w,SbDee,Intn1,165,0.00,0.00,11.43,92.64,0.00,2.77,0.00,0.97,0.00,4.38,0.00,4.39,0.00,0.00,0.00,0.00
30,4w,SbDee,Intn1,175,0.00,0.00,9.67,83.84,0.00,2.45,0.00,0.83,0.00,3.81,0.00,3.95,0.00,0.00,0.00,0.00
30,4w,SbDee,Intn1,185,0.00,0.00,8.00,74.67,0.00,2.14,0.00,0.70,0.00,3.25,0.00,3.48,0.00,0.00,0.00,0.00
30,4w,SbDee,Intn1,195,0.00,0.00,6.48,65.47,0.00,1.83,0.00,0.58,0.00,2.73,0.00,3.02,0.00,0.00,0.00,0.00
30,4w,SbDee,Intn1,205,0.00,0.00,5.14,56.52,0.00,1.55,0.00,0.47,0.00,2.26,0.00,2.56,0.00,0.00,0.00,0.00
30,4w,SbDee,Intn1,215,0.00,0.00,3.99,48.06,0.00,1.28,0.00,0.38,0.00,1.83,0.00,2.14,0.00,0.00,0.00,0.00
30,4w,SbDee,Intn1,225,0.00,0.00,3.04,40.26,0.00,1.05,0.00,0.29,0.00,1.47,0.00,1.76,0.00,0.00,0.00,0.00
30,4w,SbDee,Intn1,235,0.00,0.00,2.28,33.23,0.00,0.85,0.00,0.23,0.00,1.16,0.00,1.42,0.00,0.00,0.00,0.00
30,4w,SbDee,Intn1,245,0.00,0.00,1.67,27.02,0.00,0.67,0.00,0.17,0.00,0.90,0.00,1.13,0.00,0.00,0.00,0.00
30,4w,SbDee,Intn1,255,0.00,0.00,1.21,21.66,0.00,0.52,0.00,0.13,0.00,0.69,0.00,0.89,0.00,0.00,0.00,0.00
31,4w,SbDee,Intn2,5,0.00,0.00,0.00,0.00,0.00,0.00,0.00,0.00,0.00,0.00,0.00,0.00,0.00,0.00,0.00,0.00
31,4w,SbDee,Intn2,15,0.00,0.00,0.28,2.46,0.00,0.09,0.00,0.13,0.00,0.06,0.00,0.03,0.00,0.00,0.00,0.00
31,4w,SbDee,Intn2,25,0.00,0.00,0.95,10.76,0.00,0.42,0.00,0.26,0.00,0.28,0.00,0.16,0.00,0.00,0.00,0.00
31,4w,SbDee,Intn2,35,0.00,0.00,2.22,25.33,0.00,0.97,0.00,0.44,0.00,0.73,0.00,0.42,0.00,0.00,0.00,0.00
31,4w,SbDee,Intn2,45,0.00,0.00,4.21,43.66,0.00,1.63,0.00,0.66,0.00,1.48,0.00,0.87,0.00,0.00,0.00,0.00
31,4w,SbDee,Intn2,55,0.00,0.00,6.84,62.54,0.00,2.28,0.00,0.91,0.00,2.50,0.00,1.52,0.00,0.00,0.00,0.00
31,4w,SbDee,Intn2,65,0.00,0.00,9.73,79.64,0.00,2.86,0.00,1.14,0.00,3.62,0.00,2.30,0.00,0.00,0.00,0.00
31,4w,SbDee,Intn2,75,0.00,0.00,12.48,93.77,0.00,3.32,0.00,1.33,0.00,4.66,0.00,3.11,0.00,0.00,0.00,0.00
31,4w,SbDee,Intn2,85,0.00,0.00,14.76,104.54,0.00,3.64,0.00,1.46,0.00,5.49,0.00,3.84,0.00,0.00,0.00,0.00
31,4w,SbDee,Intn2,95,0.00,0.00,16.39,111.95,0.00,3.83,0.00,1.53,0.00,6.06,0.00,4.46,0.00,0.00,0.00,0.00
31,4w,SbDee,Intn2,105,0.00,0.00,17.32,116.23,0.00,3.91,0.00,1.55,0.00,6.36,0.00,4.92,0.00,0.00,0.00,0.00
31,4w,SbDee,Intn2,115,0.00,0.00,17.54,117.62,0.00,3.89,0.00,1.52,0.00,6.41,0.00,5.20,0.00,0.00,0.00,0.00
31,4w,SbDee,Intn2,125,0.00,0.00,17.11,116.43,0.00,3.77,0.00,1.45,0.00,6.25,0.00,5.31,0.00,0.00,0.00,0.00
31,4w,SbDee,Intn2,135,0.00,0.00,16.15,112.97,0.00,3.59,0.00,1.36,0.00,5.92,0.00,5.27,0.00,0.00,0.00,0.00
31,4w,SbDee,Intn2,145,0.00,0.00,14.79,107.60,0.00,3.35,0.00,1.24,0.00,5.47,0.00,5.08,0.00,0.00,0.00,0.00
31,4w,SbDee,Intn2,155,0.00,0.00,13.17,100.69,0.00,3.07,0.00,1.11,0.00,4.94,0.00,4.77,0.00,0.00,0.00,0.00
31,4w,SbDee,Intn2,165,0.00,0.00,11.43,92.64,0.00,2.77,0.00,0.97,0.00,4.38,0.00,4.39,0.00,0.00,0.00,0.00
31,4w,SbDee,Intn2,175,0.00,0.00,9.67,83.84,0.00,2.45,0.00,0.83,0.00,3.81,0.00,3.95,0.00,0.00,0.00,0.00
31,4w,SbDee,Intn2,185,0.00,0.00,8.00,74.67,0.00,2.14,0.00,0.70,0.00,3.25,0.00,3.48,0.00,0.00,0.00,0.00
31,4w,SbDee,Intn2,195,0.00,0.00,6.48,65.47,0.00,1.83,0.00,0.58,0.00,2.73,0.00,3.02,0.00,0.00,0.00,0.00
31,4w,SbDee,Intn2,205,0.00,0.00,5.14,56.52,0.00,1.55,0.00,0.47,0.00,2.26,0.00,2.56,0.00,0.00,0.00,0.00
31,4w,SbDee,Intn2,215,0.00,0.00,3.99,48.06,0.00,1.28,0.00,0.38,0.00,1.83,0.00,2.14,0.00,0.00,0.00,0.00
31,4w,SbDee,Intn2,225,0.00,0.00,3.04,40.26,0.00,1.05,0.00,0.29,0.00,1.47,0.00,1.76,0.00,0.00,0.00,0.00
31,4w,SbDee,Intn2,235,0.00,0.00,2.28,33.23,0.00,0.85,0.00,0.23,0.00,1.16,0.00,1.42,0.00,0.00,0.00,0.00
31,4w,SbDee,Intn2,245,0.00,0.00,1.67,27.02,0.00,0.67,0.00,0.17,0.00,0.90,0.00,1.13,0.00,0.00,0.00,0.00
31,4w,SbDee,Intn2,255,0.00,0.00,1.21,21.66,0.00,0.52,0.00,0.13,0.00,0.69,0.00,0.89,0.00,0.00,0.00,0.00
32,4w,PjSha,Prsnt,5,0.00,0.00,0.00,0.00,0.00,0.00,0.00,0.00,0.00,0.00,0.00,0.00,0.00,0.00,0.00,0.00
32,4w,PjSha,Prsnt,15,0.00,0.00,6.08,0.27,0.00,0.03,0.00,0.00,0.00,0.38,0.00,0.02,0.00,0.00,0.00,0.00
32,4w,PjSha,Prsnt,25,0.00,0.00,17.53,1.00,0.00,0.11,0.00,0.00,0.00,1.33,0.00,0.09,0.00,0.00,0.00,0.00
32,4w,PjSha,Prsnt,35,0.00,0.00,31.84,1.85,0.00,0.21,0.00,0.00,0.00,2.72,0.00,0.19,0.00,0.00,0.00,0.00
32,4w,PjSha,Prsnt,45,0.00,0.00,46.71,2.46,0.00,0.27,0.00,0.00,0.00,4.27,0.00,0.30,0.00,0.00,0.00,0.00
32,4w,PjSha,Prsnt,55,0.00,0.00,60.53,2.82,0.00,0.31,0.00,0.00,0.00,5.74,0.00,0.42,0.00,0.00,0.00,0.00
32,4w,PjSha,Prsnt,65,0.00,0.00,72.25,3.01,0.00,0.32,0.00,0.00,0.00,6.98,0.00,0.53,0.00,0.00,0.00,0.00
32,4w,PjSha,Prsnt,75,0.00,0.00,81.27,3.11,0.00,0.33,0.00,0.00,0.00,7.89,0.00,0.63,0.00,0.00,0.00,0.00
32,4w,PjSha,Prsnt,85,0.00,0.00,87.34,3.15,0.00,0.33,0.00,0.00,0.00,8.45,0.00,0.71,0.00,0.00,0.00,0.00
32,4w,PjSha,Prsnt,95,0.00,0.00,90.42,3.14,0.00,0.32,0.00,0.00,0.00,8.69,0.00,0.77,0.00,0.00,0.00,0.00
32,4w,PjSha,Prsnt,105,0.00,0.00,90.66,3.10,0.00,0.31,0.00,0.00,0.00,8.66,0.00,0.81,0.00,0.00,0.00,0.00
32,4w,PjSha,Prsnt,115,0.00,0.00,88.37,3.02,0.00,0.30,0.00,0.00,0.00,8.40,0.00,0.82,0.00,0.00,0.00,0.00
32,4w,PjSha,Prsnt,125,0.00,0.00,83.96,2.91,0.00,0.28,0.00,0.00,0.00,7.97,0.00,0.82,0.00,0.00,0.00,0.00
32,4w,PjSha,Prsnt,135,0.00,0.00,77.93,2.77,0.00,0.26,0.00,0.00,0.00,7.42,0.00,0.80,0.00,0.00,0.00,0.00
32,4w,PjSha,Prsnt,145,0.00,0.00,70.79,2.62,0.00,0.24,0.00,0.00,0.00,6.80,0.00,0.76,0.00,0.00,0.00,0.00
32,4w,PjSha,Prsnt,155,0.00,0.00,63.03,2.45,0.00,0.22,0.00,0.00,0.00,6.15,0.00,0.72,0.00,0.00,0.00,0.00
32,4w,PjSha,Prsnt,165,0.00,0.00,55.07,2.27,0.00,0.20,0.00,0.00,0.00,5.49,0.00,0.66,0.00,0.00,0.00,0.00
32,4w,PjSha,Prsnt,175,0.00,0.00,47.27,2.08,0.00,0.18,0.00,0.00,0.00,4.83,0.00,0.60,0.00,0.00,0.00,0.00
32,4w,PjSha,Prsnt,185,0.00,0.00,39.91,1.89,0.00,0.16,0.00,0.00,0.00,4.21,0.00,0.54,0.00,0.00,0.00,0.00
32,4w,PjSha,Prsnt,195,0.00,0.00,33.17,1.70,0.00,0.14,0.00,0.00,0.00,3.63,0.00,0.48,0.00,0.00,0.00,0.00
32,4w,PjSha,Prsnt,205,0.00,0.00,27.16,1.52,0.00,0.12,0.00,0.00,0.00,3.10,0.00,0.42,0.00,0.00,0.00,0.00
32,4w,PjSha,Prsnt,215,0.00,0.00,21.92,1.34,0.00,0.10,0.00,0.00,0.00,2.62,0.00,0.37,0.00,0.00,0.00,0.00
32,4w,PjSha,Prsnt,225,0.00,0.00,17.45,1.17,0.00,0.09,0.00,0.00,0.00,2.19,0.00,0.31,0.00,0.00,0.00,0.00
32,4w,PjSha,Prsnt,235,0.00,0.00,13.72,1.01,0.00,0.07,0.00,0.00,0.00,1.81,0.00,0.27,0.00,0.00,0.00,0.00
32,4w,PjSha,Prsnt,245,0.00,0.00,10.65,0.87,0.00,0.06,0.00,0.00,0.00,1.49,0.00,0.22,0.00,0.00,0.00,0.00
32,4w,PjSha,Prsnt,255,0.00,0.00,8.16,0.74,0.00,0.05,0.00,0.00,0.00,1.21,0.00,0.18,0.00,0.00,0.00,0.00
33,4w,PjSha,Exten,5,0.00,0.00,0.00,0.00,0.00,0.00,0.00,0.00,0.00,0.00,0.00,0.00,0.00,0.00,0.00,0.00
33,4w,PjSha,Exten,15,0.00,0.00,5.59,0.10,0.00,0.00,0.00,0.00,0.00,0.44,0.00,0.00,0.00,0.00,0.00,0.00
33,4w,PjSha,Exten,25,0.00,0.00,16.18,0.38,0.00,0.00,0.00,0.00,0.00,1.58,0.00,0.00,0.00,0.00,0.00,0.00
33,4w,PjSha,Exten,35,0.00,0.00,29.32,0.70,0.00,0.00,0.00,0.00,0.00,3.21,0.00,0.00,0.00,0.00,0.00,0.00
33,4w,PjSha,Exten,45,0.00,0.00,42.79,0.93,0.00,0.00,0.00,0.00,0.00,5.02,0.00,0.00,0.00,0.00,0.00,0.00
33,4w,PjSha,Exten,55,0.00,0.00,55.16,1.06,0.00,0.00,0.00,0.00,0.00,6.72,0.00,0.00,0.00,0.00,0.00,0.00
33,4w,PjSha,Exten,65,0.00,0.00,65.57,1.12,0.00,0.00,0.00,0.00,0.00,8.13,0.00,0.00,0.00,0.00,0.00,0.00
33,4w,PjSha,Exten,75,0.00,0.00,73.56,1.16,0.00,0.00,0.00,0.00,0.00,9.17,0.00,0.00,0.00,0.00,0.00,0.00
33,4w,PjSha,Exten,85,0.00,0.00,78.90,1.17,0.00,0.00,0.00,0.00,0.00,9.81,0.00,0.00,0.00,0.00,0.00,0.00
33,4w,PjSha,Exten,95,0.00,0.00,81.59,1.17,0.00,0.00,0.00,0.00,0.00,10.07,0.00,0.00,0.00,0.00,0.00,0.00
33,4w,PjSha,Exten,105,0.00,0.00,81.74,1.15,0.00,0.00,0.00,0.00,0.00,10.02,0.00,0.00,0.00,0.00,0.00,0.00
33,4w,PjSha,Exten,115,0.00,0.00,79.64,1.12,0.00,0.00,0.00,0.00,0.00,9.72,0.00,0.00,0.00,0.00,0.00,0.00
33,4w,PjSha,Exten,125,0.00,0.00,75.65,1.08,0.00,0.00,0.00,0.00,0.00,9.22,0.00,0.00,0.00,0.00,0.00,0.00
33,4w,PjSha,Exten,135,0.00,0.00,70.21,1.03,0.00,0.00,0.00,0.00,0.00,8.59,0.00,0.00,0.00,0.00,0.00,0.00
33,4w,PjSha,Exten,145,0.00,0.00,63.77,0.97,0.00,0.00,0.00,0.00,0.00,7.87,0.00,0.00,0.00,0.00,0.00,0.00
33,4w,PjSha,Exten,155,0.00,0.00,56.78,0.91,0.00,0.00,0.00,0.00,0.00,7.11,0.00,0.00,0.00,0.00,0.00,0.00
33,4w,PjSha,Exten,165,0.00,0.00,49.61,0.84,0.00,0.00,0.00,0.00,0.00,6.35,0.00,0.00,0.00,0.00,0.00,0.00
33,4w,PjSha,Exten,175,0.00,0.00,42.59,0.77,0.00,0.00,0.00,0.00,0.00,5.59,0.00,0.00,0.00,0.00,0.00,0.00
33,4w,PjSha,Exten,185,0.00,0.00,35.96,0.70,0.00,0.00,0.00,0.00,0.00,4.88,0.00,0.00,0.00,0.00,0.00,0.00
33,4w,PjSha,Exten,195,0.00,0.00,29.89,0.63,0.00,0.00,0.00,0.00,0.00,4.20,0.00,0.00,0.00,0.00,0.00,0.00
33,4w,PjSha,Exten,205,0.00,0.00,24.47,0.56,0.00,0.00,0.00,0.00,0.00,3.59,0.00,0.00,0.00,0.00,0.00,0.00
33,4w,PjSha,Exten,215,0.00,0.00,19.75,0.49,0.00,0.00,0.00,0.00,0.00,3.03,0.00,0.00,0.00,0.00,0.00,0.00
33,4w,PjSha,Exten,225,0.00,0.00,15.73,0.43,0.00,0.00,0.00,0.00,0.00,2.53,0.00,0.00,0.00,0.00,0.00,0.00
33,4w,PjSha,Exten,235,0.00,0.00,12.36,0.37,0.00,0.00,0.00,0.00,0.00,2.10,0.00,0.00,0.00,0.00,0.00,0.00
33,4w,PjSha,Exten,245,0.00,0.00,9.59,0.32,0.00,0.00,0.00,0.00,0.00,1.72,0.00,0.00,0.00,0.00,0.00,0.00
33,4w,PjSha,Exten,255,0.00,0.00,7.36,0.27,0.00,0.00,0.00,0.00,0.00,1.40,0.00,0.00,0.00,0.00,0.00,0.00
34,4w,PjSha,Basc1,5,0.00,0.00,0.00,0.00,0.00,0.00,0.00,0.00,0.00,0.00,0.00,0.00,0.00,0.00,0.00,0.00
34,4w,PjSha,Basc1,15,0.00,0.00,5.56,0.23,0.00,0.13,0.00,0.00,0.00,0.57,0.00,0.01,0.00,0.00,0.00,0.00
34,4w,PjSha,Basc1,25,0.00,0.00,15.85,0.85,0.00,0.47,0.00,0.00,0.00,1.99,0.00,0.04,0.00,0.00,0.00,0.00
34,4w,PjSha,Basc1,35,0.00,0.00,28.62,1.56,0.00,0.84,0.00,0.00,0.00,4.03,0.00,0.09,0.00,0.00,0.00,0.00
34,4w,PjSha,Basc1,45,0.00,0.00,41.87,2.08,0.00,1.10,0.00,0.00,0.00,6.30,0.00,0.15,0.00,0.00,0.00,0.00
34,4w,PjSha,Basc1,55,0.00,0.00,54.16,2.37,0.00,1.23,0.00,0.00,0.00,8.47,0.00,0.20,0.00,0.00,0.00,0.00
34,4w,PjSha,Basc1,65,0.00,0.00,64.55,2.53,0.00,1.29,0.00,0.00,0.00,10.28,0.00,0.26,0.00,0.00,0.00,0.00
34,4w,PjSha,Basc1,75,0.00,0.00,72.55,2.61,0.00,1.31,0.00,0.00,0.00,11.61,0.00,0.31,0.00,0.00,0.00,0.00
34,4w,PjSha,Basc1,85,0.00,0.00,77.92,2.64,0.00,1.30,0.00,0.00,0.00,12.43,0.00,0.35,0.00,0.00,0.00,0.00
34,4w,PjSha,Basc1,95,0.00,0.00,80.65,2.64,0.00,1.28,0.00,0.00,0.00,12.78,0.00,0.37,0.00,0.00,0.00,0.00
34,4w,PjSha,Basc1,105,0.00,0.00,80.87,2.60,0.00,1.24,0.00,0.00,0.00,12.73,0.00,0.39,0.00,0.00,0.00,0.00
34,4w,PjSha,Basc1,115,0.00,0.00,78.83,2.53,0.00,1.18,0.00,0.00,0.00,12.35,0.00,0.40,0.00,0.00,0.00,0.00
34,4w,PjSha,Basc1,125,0.00,0.00,74.93,2.44,0.00,1.12,0.00,0.00,0.00,11.72,0.00,0.40,0.00,0.00,0.00,0.00
34,4w,PjSha,Basc1,135,0.00,0.00,69.57,2.33,0.00,1.05,0.00,0.00,0.00,10.92,0.00,0.39,0.00,0.00,0.00,0.00
34,4w,PjSha,Basc1,145,0.00,0.00,63.22,2.20,0.00,0.97,0.00,0.00,0.00,10.02,0.00,0.37,0.00,0.00,0.00,0.00
34,4w,PjSha,Basc1,155,0.00,0.00,56.30,2.06,0.00,0.89,0.00,0.00,0.00,9.05,0.00,0.35,0.00,0.00,0.00,0.00
34,4w,PjSha,Basc1,165,0.00,0.00,49.21,1.91,0.00,0.81,0.00,0.00,0.00,8.08,0.00,0.32,0.00,0.00,0.00,0.00
34,4w,PjSha,Basc1,175,0.00,0.00,42.25,1.75,0.00,0.72,0.00,0.00,0.00,7.12,0.00,0.29,0.00,0.00,0.00,0.00
34,4w,PjSha,Basc1,185,0.00,0.00,35.68,1.59,0.00,0.64,0.00,0.00,0.00,6.21,0.00,0.26,0.00,0.00,0.00,0.00
34,4w,PjSha,Basc1,195,0.00,0.00,29.66,1.43,0.00,0.57,0.00,0.00,0.00,5.36,0.00,0.23,0.00,0.00,0.00,0.00
34,4w,PjSha,Basc1,205,0.00,0.00,24.29,1.28,0.00,0.49,0.00,0.00,0.00,4.57,0.00,0.21,0.00,0.00,0.00,0.00
34,4w,PjSha,Basc1,215,0.00,0.00,19.61,1.13,0.00,0.42,0.00,0.00,0.00,3.86,0.00,0.18,0.00,0.00,0.00,0.00
34,4w,PjSha,Basc1,225,0.00,0.00,15.62,0.99,0.00,0.36,0.00,0.00,0.00,3.23,0.00,0.15,0.00,0.00,0.00,0.00
34,4w,PjSha,Basc1,235,0.00,0.00,12.27,0.85,0.00,0.31,0.00,0.00,0.00,2.67,0.00,0.13,0.00,0.00,0.00,0.00
34,4w,PjSha,Basc1,245,0.00,0.00,9.53,0.73,0.00,0.26,0.00,0.00,0.00,2.19,0.00,0.11,0.00,0.00,0.00,0.00
34,4w,PjSha,Basc1,255,0.00,0.00,7.30,0.62,0.00,0.21,0.00,0.00,0.00,1.78,0.00,0.09,0.00,0.00,0.00,0.00
35,4w,PjSha,Basc2,5,0.00,0.00,0.00,0.00,0.00,0.00,0.00,0.00,0.00,0.00,0.00,0.00,0.00,0.00,0.00,0.00
35,4w,PjSha,Basc2,15,0.00,0.00,6.08,0.27,0.00,0.03,0.00,0.00,0.00,0.38,0.00,0.02,0.00,0.00,0.00,0.00
35,4w,PjSha,Basc2,25,0.00,0.00,17.53,1.00,0.00,0.11,0.00,0.00,0.00,1.33,0.00,0.09,0.00,0.00,0.00,0.00
35,4w,PjSha,Basc2,35,0.00,0.00,31.84,1.85,0.00,0.21,0.00,0.00,0.00,2.72,0.00,0.19,0.00,0.00,0.00,0.00
35,4w,PjSha,Basc2,45,0.00,0.00,46.71,2.46,0.00,0.27,0.00,0.00,0.00,4.27,0.00,0.30,0.00,0.00,0.00,0.00
35,4w,PjSha,Basc2,55,0.00,0.00,60.53,2.82,0.00,0.31,0.00,0.00,0.00,5.74,0.00,0.42,0.00,0.00,0.00,0.00
35,4w,PjSha,Basc2,65,0.00,0.00,72.25,3.01,0.00,0.32,0.00,0.00,0.00,6.98,0.00,0.53,0.00,0.00,0.00,0.00
35,4w,PjSha,Basc2,75,0.00,0.00,81.27,3.11,0.00,0.33,0.00,0.00,0.00,7.89,0.00,0.63,0.00,0.00,0.00,0.00
35,4w,PjSha,Basc2,85,0.00,0.00,87.34,3.15,0.00,0.33,0.00,0.00,0.00,8.45,0.00,0.71,0.00,0.00,0.00,0.00
35,4w,PjSha,Basc2,95,0.00,0.00,90.42,3.14,0.00,0.32,0.00,0.00,0.00,8.69,0.00,0.77,0.00,0.00,0.00,0.00
35,4w,PjSha,Basc2,105,0.00,0.00,90.66,3.10,0.00,0.31,0.00,0.00,0.00,8.66,0.00,0.81,0.00,0.00,0.00,0.00
35,4w,PjSha,Basc2,115,0.00,0.00,88.37,3.02,0.00,0.30,0.00,0.00,0.00,8.40,0.00,0.82,0.00,0.00,0.00,0.00
35,4w,PjSha,Basc2,125,0.00,0.00,83.96,2.91,0.00,0.28,0.00,0.00,0.00,7.97,0.00,0.82,0.00,0.00,0.00,0.00
35,4w,PjSha,Basc2,135,0.00,0.00,77.93,2.77,0.00,0.26,0.00,0.00,0.00,7.42,0.00,0.80,0.00,0.00,0.00,0.00
35,4w,PjSha,Basc2,145,0.00,0.00,70.79,2.62,0.00,0.24,0.00,0.00,0.00,6.80,0.00,0.76,0.00,0.00,0.00,0.00
35,4w,PjSha,Basc2,155,0.00,0.00,63.03,2.45,0.00,0.22,0.00,0.00,0.00,6.15,0.00,0.72,0.00,0.00,0.00,0.00
35,4w,PjSha,Basc2,165,0.00,0.00,55.07,2.27,0.00,0.20,0.00,0.00,0.00,5.49,0.00,0.66,0.00,0.00,0.00,0.00
35,4w,PjSha,Basc2,175,0.00,0.00,47.27,2.08,0.00,0.18,0.00,0.00,0.00,4.83,0.00,0.60,0.00,0.00,0.00,0.00
35,4w,PjSha,Basc2,185,0.00,0.00,39.91,1.89,0.00,0.16,0.00,0.00,0.00,4.21,0.00,0.54,0.00,0.00,0.00,0.00
35,4w,PjSha,Basc2,195,0.00,0.00,33.17,1.70,0.00,0.14,0.00,0.00,0.00,3.63,0.00,0.48,0.00,0.00,0.00,0.00
35,4w,PjSha,Basc2,205,0.00,0.00,27.16,1.52,0.00,0.12,0.00,0.00,0.00,3.10,0.00,0.42,0.00,0.00,0.00,0.00
35,4w,PjSha,Basc2,215,0.00,0.00,21.92,1.34,0.00,0.10,0.00,0.00,0.00,2.62,0.00,0.37,0.00,0.00,0.00,0.00
35,4w,PjSha,Basc2,225,0.00,0.00,17.45,1.17,0.00,0.09,0.00,0.00,0.00,2.19,0.00,0.31,0.00,0.00,0.00,0.00
35,4w,PjSha,Basc2,235,0.00,0.00,13.72,1.01,0.00,0.07,0.00,0.00,0.00,1.81,0.00,0.27,0.00,0.00,0.00,0.00
35,4w,PjSha,Basc2,245,0.00,0.00,10.65,0.87,0.00,0.06,0.00,0.00,0.00,1.49,0.00,0.22,0.00,0.00,0.00,0.00
35,4w,PjSha,Basc2,255,0.00,0.00,8.16,0.74,0.00,0.05,0.00,0.00,0.00,1.21,0.00,0.18,0.00,0.00,0.00,0.00
36,4w,PjSha,Intn1,5,0.00,0.00,0.00,0.00,0.00,0.00,0.00,0.00,0.00,0.00,0.00,0.00,0.00,0.00,0.00,0.00
36,4w,PjSha,Intn1,15,0.00,0.00,6.08,0.27,0.00,0.03,0.00,0.00,0.00,0.38,0.00,0.02,0.00,0.00,0.00,0.00
36,4w,PjSha,Intn1,25,0.00,0.00,17.53,1.00,0.00,0.11,0.00,0.00,0.00,1.33,0.00,0.09,0.00,0.00,0.00,0.00
36,4w,PjSha,Intn1,35,0.00,0.00,31.84,1.85,0.00,0.21,0.00,0.00,0.00,2.72,0.00,0.19,0.00,0.00,0.00,0.00
36,4w,PjSha,Intn1,45,0.00,0.00,46.71,2.46,0.00,0.27,0.00,0.00,0.00,4.27,0.00,0.30,0.00,0.00,0.00,0.00
36,4w,PjSha,Intn1,55,0.00,0.00,60.53,2.82,0.00,0.31,0.00,0.00,0.00,5.74,0.00,0.42,0.00,0.00,0.00,0.00
36,4w,PjSha,Intn1,65,0.00,0.00,72.25,3.01,0.00,0.32,0.00,0.00,0.00,6.98,0.00,0.53,0.00,0.00,0.00,0.00
36,4w,PjSha,Intn1,75,0.00,0.00,81.27,3.11,0.00,0.33,0.00,0.00,0.00,7.89,0.00,0.63,0.00,0.00,0.00,0.00
36,4w,PjSha,Intn1,85,0.00,0.00,87.34,3.15,0.00,0.33,0.00,0.00,0.00,8.45,0.00,0.71,0.00,0.00,0.00,0.00
36,4w,PjSha,Intn1,95,0.00,0.00,90.42,3.14,0.00,0.32,0.00,0.00,0.00,8.69,0.00,0.77,0.00,0.00,0.00,0.00
36,4w,PjSha,Intn1,105,0.00,0.00,90.66,3.10,0.00,0.31,0.00,0.00,0.00,8.66,0.00,0.81,0.00,0.00,0.00,0.00
36,4w,PjSha,Intn1,115,0.00,0.00,88.37,3.02,0.00,0.30,0.00,0.00,0.00,8.40,0.00,0.82,0.00,0.00,0.00,0.00
36,4w,PjSha,Intn1,125,0.00,0.00,83.96,2.91,0.00,0.28,0.00,0.00,0.00,7.97,0.00,0.82,0.00,0.00,0.00,0.00
36,4w,PjSha,Intn1,135,0.00,0.00,77.93,2.77,0.00,0.26,0.00,0.00,0.00,7.42,0.00,0.80,0.00,0.00,0.00,0.00
36,4w,PjSha,Intn1,145,0.00,0.00,70.79,2.62,0.00,0.24,0.00,0.00,0.00,6.80,0.00,0.76,0.00,0.00,0.00,0.00
36,4w,PjSha,Intn1,155,0.00,0.00,63.03,2.45,0.00,0.22,0.00,0.00,0.00,6.15,0.00,0.72,0.00,0.00,0.00,0.00
36,4w,PjSha,Intn1,165,0.00,0.00,55.07,2.27,0.00,0.20,0.00,0.00,0.00,5.49,0.00,0.66,0.00,0.00,0.00,0.00
36,4w,PjSha,Intn1,175,0.00,0.00,47.27,2.08,0.00,0.18,0.00,0.00,0.00,4.83,0.00,0.60,0.00,0.00,0.00,0.00
36,4w,PjSha,Intn1,185,0.00,0.00,39.91,1.89,0.00,0.16,0.00,0.00,0.00,4.21,0.00,0.54,0.00,0.00,0.00,0.00
36,4w,PjSha,Intn1,195,0.00,0.00,33.17,1.70,0.00,0.14,0.00,0.00,0.00,3.63,0.00,0.48,0.00,0.00,0.00,0.00
36,4w,PjSha,Intn1,205,0.00,0.00,27.16,1.52,0.00,0.12,0.00,0.00,0.00,3.10,0.00,0.42,0.00,0.00,0.00,0.00
36,4w,PjSha,Intn1,215,0.00,0.00,21.92,1.34,0.00,0.10,0.00,0.00,0.00,2.62,0.00,0.37,0.00,0.00,0.00,0.00
36,4w,PjSha,Intn1,225,0.00,0.00,17.45,1.17,0.00,0.09,0.00,0.00,0.00,2.19,0.00,0.31,0.00,0.00,0.00,0.00
36,4w,PjSha,Intn1,235,0.00,0.00,13.72,1.01,0.00,0.07,0.00,0.00,0.00,1.81,0.00,0.27,0.00,0.00,0.00,0.00
36,4w,PjSha,Intn1,245,0.00,0.00,10.65,0.87,0.00,0.06,0.00,0.00,0.00,1.49,0.00,0.22,0.00,0.00,0.00,0.00
36,4w,PjSha,Intn1,255,0.00,0.00,8.16,0.74,0.00,0.05,0.00,0.00,0.00,1.21,0.00,0.18,0.00,0.00,0.00,0.00
37,4w,PjDee,Prsnt,5,0.00,0.00,0.00,0.00,0.00,0.00,0.00,0.00,0.00,0.00,0.00,0.00,0.00,0.00,0.00,0.00
37,4w,PjDee,Prsnt,15,0.00,0.00,12.02,0.73,0.00,0.00,0.00,0.00,0.00,0.56,0.00,0.05,0.00,0.00,0.00,0.00
37,4w,PjDee,Prsnt,25,0.00,0.00,30.91,2.42,0.00,0.00,0.00,0.00,0.00,1.75,0.00,0.16,0.00,0.00,0.00,0.00
37,4w,PjDee,Prsnt,35,0.00,0.00,51.98,4.12,0.00,0.00,0.00,0.00,0.00,3.31,0.00,0.30,0.00,0.00,0.00,0.00
37,4w,PjDee,Prsnt,45,0.00,0.00,72.53,5.23,0.00,0.00,0.00,0.00,0.00,4.94,0.00,0.46,0.00,0.00,0.00,0.00
37,4w,PjDee,Prsnt,55,0.00,0.00,91.08,5.80,0.00,0.00,0.00,0.00,0.00,6.44,0.00,0.62,0.00,0.00,0.00,0.00
37,4w,PjDee,Prsnt,65,0.00,0.00,106.81,6.08,0.00,0.00,0.00,0.00,0.00,7.69,0.00,0.78,0.00,0.00,0.00,0.00
37,4w,PjDee,Prsnt,75,0.00,0.00,119.30,6.24,0.00,0.00,0.00,0.00,0.00,8.63,0.00,0.91,0.00,0.00,0.00,0.00
37,4w,PjDee,Prsnt,85,0.00,0.00,128.35,6.33,0.00,0.00,0.00,0.00,0.00,9.26,0.00,1.03,0.00,0.00,0.00,0.00
37,4w,PjDee,Prsnt,95,0.00,0.00,133.92,6.37,0.00,0.00,0.00,0.00,0.00,9.60,0.00,1.12,0.00,0.00,0.00,0.00
37,4w,PjDee,Prsnt,105,0.00,0.00,136.10,6.36,0.00,0.00,0.00,0.00,0.00,9.69,0.00,1.19,0.00,0.00,0.00,0.00
37,4w,PjDee,Prsnt,115,0.00,0.00,135.12,6.31,0.00,0.00,0.00,0.00,0.00,9.57,0.00,1.23,0.00,0.00,0.00,0.00
37,4w,PjDee,Prsnt,125,0.00,0.00,131.34,6.22,0.00,0.00,0.00,0.00,0.00,9.29,0.00,1.25,0.00,0.00,0.00,0.00
37,4w,PjDee,Prsnt,135,0.00,0.00,125.22,6.10,0.00,0.00,0.00,0.00,0.00,8.89,0.00,1.25,0.00,0.00,0.00,0.00
37,4w,PjDee,Prsnt,145,0.00,0.00,117.28,5.94,0.00,0.00,0.00,0.00,0.00,8.41,0.00,1.24,0.00,0.00,0.00,0.00
37,4w,PjDee,Prsnt,155,0.00,0.00,108.03,5.75,0.00,0.00,0.00,0.00,0.00,7.86,0.00,1.20,0.00,0.00,0.00,0.00
37,4w,PjDee,Prsnt,165,0.00,0.00,98.00,5.53,0.00,0.00,0.00,0.00,0.00,7.28,0.00,1.16,0.00,0.00,0.00,0.00
37,4w,PjDee,Prsnt,175,0.00,0.00,87.63,5.29,0.00,0.00,0.00,0.00,0.00,6.68,0.00,1.10,0.00,0.00,0.00,0.00
37,4w,PjDee,Prsnt,185,0.00,0.00,77.32,5.02,0.00,0.00,0.00,0.00,0.00,6.09,0.00,1.03,0.00,0.00,0.00,0.00
37,4w,PjDee,Prsnt,195,0.00,0.00,67.37,4.74,0.00,0.00,0.00,0.00,0.00,5.50,0.00,0.96,0.00,0.00,0.00,0.00
37,4w,PjDee,Prsnt,205,0.00,0.00,58.01,4.44,0.00,0.00,0.00,0.00,0.00,4.94,0.00,0.89,0.00,0.00,0.00,0.00
37,4w,PjDee,Prsnt,215,0.00,0.00,49.40,4.14,0.00,0.00,0.00,0.00,0.00,4.40,0.00,0.81,0.00,0.00,0.00,0.00
37,4w,PjDee,Prsnt,225,0.00,0.00,41.62,3.83,0.00,0.00,0.00,0.00,0.00,3.89,0.00,0.74,0.00,0.00,0.00,0.00
37,4w,PjDee,Prsnt,235,0.00,0.00,34.72,3.52,0.00,0.00,0.00,0.00,0.00,3.42,0.00,0.66,0.00,0.00,0.00,0.00
37,4w,PjDee,Prsnt,245,0.00,0.00,28.68,3.22,0.00,0.00,0.00,0.00,0.00,2.99,0.00,0.59,0.00,0.00,0.00,0.00
37,4w,PjDee,Prsnt,255,0.00,0.00,23.48,2.92,0.00,0.00,0.00,0.00,0.00,2.59,0.00,0.53,0.00,0.00,0.00,0.00
38,4w,PjDee,Exten,5,0.00,0.00,0.00,0.00,0.00,0.00,0.00,0.00,0.00,0.00,0.00,0.00,0.00,0.00,0.00,0.00
38,4w,PjDee,Exten,15,0.00,0.00,11.00,0.25,0.00,0.00,0.00,0.00,0.00,0.52,0.00,0.02,0.00,0.00,0.00,0.00
38,4w,PjDee,Exten,25,0.00,0.00,28.55,0.83,0.00,0.00,0.00,0.00,0.00,1.67,0.00,0.06,0.00,0.00,0.00,0.00
38,4w,PjDee,Exten,35,0.00,0.00,48.03,1.41,0.00,0.00,0.00,0.00,0.00,3.16,0.00,0.13,0.00,0.00,0.00,0.00
38,4w,PjDee,Exten,45,0.00,0.00,66.74,1.79,0.00,0.00,0.00,0.00,0.00,4.69,0.00,0.19,0.00,0.00,0.00,0.00
38,4w,PjDee,Exten,55,0.00,0.00,83.43,1.97,0.00,0.00,0.00,0.00,0.00,6.10,0.00,0.26,0.00,0.00,0.00,0.00
38,4w,PjDee,Exten,65,0.00,0.00,97.48,2.06,0.00,0.00,0.00,0.00,0.00,7.25,0.00,0.33,0.00,0.00,0.00,0.00
38,4w,PjDee,Exten,75,0.00,0.00,108.58,2.11,0.00,0.00,0.00,0.00,0.00,8.12,0.00,0.38,0.00,0.00,0.00,0.00
38,4w,PjDee,Exten,85,0.00,0.00,116.61,2.14,0.00,0.00,0.00,0.00,0.00,8.69,0.00,0.43,0.00,0.00,0.00,0.00
38,4w,PjDee,Exten,95,0.00,0.00,121.51,2.15,0.00,0.00,0.00,0.00,0.00,9.00,0.00,0.47,0.00,0.00,0.00,0.00
38,4w,PjDee,Exten,105,0.00,0.00,123.38,2.14,0.00,0.00,0.00,0.00,0.00,9.07,0.00,0.50,0.00,0.00,0.00,0.00
38,4w,PjDee,Exten,115,0.00,0.00,122.41,2.12,0.00,0.00,0.00,0.00,0.00,8.96,0.00,0.52,0.00,0.00,0.00,0.00
38,4w,PjDee,Exten,125,0.00,0.00,118.93,2.09,0.00,0.00,0.00,0.00,0.00,8.69,0.00,0.52,0.00,0.00,0.00,0.00
38,4w,PjDee,Exten,135,0.00,0.00,113.35,2.05,0.00,0.00,0.00,0.00,0.00,8.31,0.00,0.52,0.00,0.00,0.00,0.00
38,4w,PjDee,Exten,145,0.00,0.00,106.13,2.00,0.00,0.00,0.00,0.00,0.00,7.86,0.00,0.52,0.00,0.00,0.00,0.00
38,4w,PjDee,Exten,155,0.00,0.00,97.75,1.93,0.00,0.00,0.00,0.00,0.00,7.34,0.00,0.50,0.00,0.00,0.00,0.00
38,4w,PjDee,Exten,165,0.00,0.00,88.66,1.86,0.00,0.00,0.00,0.00,0.00,6.80,0.00,0.48,0.00,0.00,0.00,0.00
38,4w,PjDee,Exten,175,0.00,0.00,79.27,1.77,0.00,0.00,0.00,0.00,0.00,6.24,0.00,0.46,0.00,0.00,0.00,0.00
38,4w,PjDee,Exten,185,0.00,0.00,69.94,1.69,0.00,0.00,0.00,0.00,0.00,5.69,0.00,0.43,0.00,0.00,0.00,0.00
38,4w,PjDee,Exten,195,0.00,0.00,60.94,1.59,0.00,0.00,0.00,0.00,0.00,5.14,0.00,0.40,0.00,0.00,0.00,0.00
38,4w,PjDee,Exten,205,0.00,0.00,52.47,1.49,0.00,0.00,0.00,0.00,0.00,4.61,0.00,0.37,0.00,0.00,0.00,0.00
38,4w,PjDee,Exten,215,0.00,0.00,44.68,1.39,0.00,0.00,0.00,0.00,0.00,4.11,0.00,0.34,0.00,0.00,0.00,0.00
38,4w,PjDee,Exten,225,0.00,0.00,37.64,1.28,0.00,0.00,0.00,0.00,0.00,3.64,0.00,0.31,0.00,0.00,0.00,0.00
38,4w,PjDee,Exten,235,0.00,0.00,31.40,1.18,0.00,0.00,0.00,0.00,0.00,3.20,0.00,0.28,0.00,0.00,0.00,0.00
38,4w,PjDee,Exten,245,0.00,0.00,25.94,1.08,0.00,0.00,0.00,0.00,0.00,2.79,0.00,0.25,0.00,0.00,0.00,0.00
38,4w,PjDee,Exten,255,0.00,0.00,21.24,0.98,0.00,0.00,0.00,0.00,0.00,2.42,0.00,0.22,0.00,0.00,0.00,0.00
39,4w,PjDee,Basc1,5,0.00,0.00,0.00,0.00,0.00,0.00,0.00,0.00,0.00,0.00,0.00,0.00,0.00,0.00,0.00,0.00
39,4w,PjDee,Basc1,15,0.00,0.00,12.02,0.73,0.00,0.00,0.00,0.00,0.00,0.56,0.00,0.05,0.00,0.00,0.00,0.00
39,4w,PjDee,Basc1,25,0.00,0.00,30.91,2.42,0.00,0.00,0.00,0.00,0.00,1.75,0.00,0.16,0.00,0.00,0.00,0.00
39,4w,PjDee,Basc1,35,0.00,0.00,51.98,4.12,0.00,0.00,0.00,0.00,0.00,3.31,0.00,0.30,0.00,0.00,0.00,0.00
39,4w,PjDee,Basc1,45,0.00,0.00,72.53,5.23,0.00,0.00,0.00,0.00,0.00,4.94,0.00,0.46,0.00,0.00,0.00,0.00
39,4w,PjDee,Basc1,55,0.00,0.00,91.08,5.80,0.00,0.00,0.00,0.00,0.00,6.44,0.00,0.62,0.00,0.00,0.00,0.00
39,4w,PjDee,Basc1,65,0.00,0.00,106.81,6.08,0.00,0.00,0.00,0.00,0.00,7.69,0.00,0.78,0.00,0.00,0.00,0.00
39,4w,PjDee,Basc1,75,0.00,0.00,119.30,6.24,0.00,0.00,0.00,0.00,0.00,8.63,0.00,0.91,0.00,0.00,0.00,0.00
39,4w,PjDee,Basc1,85,0.00,0.00,128.35,6.33,0.00,0.00,0.00,0.00,0.00,9.26,0.00,1.03,0.00,0.00,0.00,0.00
39,4w,PjDee,Basc1,95,0.00,0.00,133.92,6.37,0.00,0.00,0.00,0.00,0.00,9.60,0.00,1.12,0.00,0.00,0.00,0.00
39,4w,PjDee,Basc1,105,0.00,0.00,136.10,6.36,0.00,0.00,0.00,0.00,0.00,9.69,0.00,1.19,0.00,0.00,0.00,0.00
39,4w,PjDee,Basc1,115,0.00,0.00,135.12,6.31,0.00,0.00,0.00,0.00,0.00,9.57,0.00,1.23,0.00,0.00,0.00,0.00
39,4w,PjDee,Basc1,125,0.00,0.00,131.34,6.22,0.00,0.00,0.00,0.00,0.00,9.29,0.00,1.25,0.00,0.00,0.00,0.00
39,4w,PjDee,Basc1,135,0.00,0.00,125.22,6.10,0.00,0.00,0.00,0.00,0.00,8.89,0.00,1.25,0.00,0.00,0.00,0.00
39,4w,PjDee,Basc1,145,0.00,0.00,117.28,5.94,0.00,0.00,0.00,0.00,0.00,8.41,0.00,1.24,0.00,0.00,0.00,0.00
39,4w,PjDee,Basc1,155,0.00,0.00,108.03,5.75,0.00,0.00,0.00,0.00,0.00,7.86,0.00,1.20,0.00,0.00,0.00,0.00
39,4w,PjDee,Basc1,165,0.00,0.00,98.00,5.53,0.00,0.00,0.00,0.00,0.00,7.28,0.00,1.16,0.00,0.00,0.00,0.00
39,4w,PjDee,Basc1,175,0.00,0.00,87.63,5.29,0.00,0.00,0.00,0.00,0.00,6.68,0.00,1.10,0.00,0.00,0.00,0.00
39,4w,PjDee,Basc1,185,0.00,0.00,77.32,5.02,0.00,0.00,0.00,0.00,0.00,6.09,0.00,1.03,0.00,0.00,0.00,0.00
39,4w,PjDee,Basc1,195,0.00,0.00,67.37,4.74,0.00,0.00,0.00,0.00,0.00,5.50,0.00,0.96,0.00,0.00,0.00,0.00
39,4w,PjDee,Basc1,205,0.00,0.00,58.01,4.44,0.00,0.00,0.00,0.00,0.00,4.94,0.00,0.89,0.00,0.00,0.00,0.00
39,4w,PjDee,Basc1,215,0.00,0.00,49.40,4.14,0.00,0.00,0.00,0.00,0.00,4.40,0.00,0.81,0.00,0.00,0.00,0.00
39,4w,PjDee,Basc1,225,0.00,0.00,41.62,3.83,0.00,0.00,0.00,0.00,0.00,3.89,0.00,0.74,0.00,0.00,0.00,0.00
39,4w,PjDee,Basc1,235,0.00,0.00,34.72,3.52,0.00,0.00,0.00,0.00,0.00,3.42,0.00,0.66,0.00,0.00,0.00,0.00
39,4w,PjDee,Basc1,245,0.00,0.00,28.68,3.22,0.00,0.00,0.00,0.00,0.00,2.99,0.00,0.59,0.00,0.00,0.00,0.00
39,4w,PjDee,Basc1,255,0.00,0.00,23.48,2.92,0.00,0.00,0.00,0.00,0.00,2.59,0.00,0.53,0.00,0.00,0.00,0.00
40,4w,PjDee,Basc2,5,0.00,0.00,0.00,0.00,0.00,0.00,0.00,0.00,0.00,0.00,0.00,0.00,0.00,0.00,0.00,0.00
40,4w,PjDee,Basc2,15,0.00,0.00,12.02,0.73,0.00,0.00,0.00,0.00,0.00,0.56,0.00,0.05,0.00,0.00,0.00,0.00
40,4w,PjDee,Basc2,25,0.00,0.00,30.91,2.42,0.00,0.00,0.00,0.00,0.00,1.75,0.00,0.16,0.00,0.00,0.00,0.00
40,4w,PjDee,Basc2,35,0.00,0.00,51.98,4.12,0.00,0.00,0.00,0.00,0.00,3.31,0.00,0.30,0.00,0.00,0.00,0.00
40,4w,PjDee,Basc2,45,0.00,0.00,72.53,5.23,0.00,0.00,0.00,0.00,0.00,4.94,0.00,0.46,0.00,0.00,0.00,0.00
40,4w,PjDee,Basc2,55,0.00,0.00,91.08,5.80,0.00,0.00,0.00,0.00,0.00,6.44,0.00,0.62,0.00,0.00,0.00,0.00
40,4w,PjDee,Basc2,65,0.00,0.00,106.81,6.08,0.00,0.00,0.00,0.00,0.00,7.69,0.00,0.78,0.00,0.00,0.00,0.00
40,4w,PjDee,Basc2,75,0.00,0.00,119.30,6.24,0.00,0.00,0.00,0.00,0.00,8.63,0.00,0.91,0.00,0.00,0.00,0.00
40,4w,PjDee,Basc2,85,0.00,0.00,128.35,6.33,0.00,0.00,0.00,0.00,0.00,9.26,0.00,1.03,0.00,0.00,0.00,0.00
40,4w,PjDee,Basc2,95,0.00,0.00,133.92,6.37,0.00,0.00,0.00,0.00,0.00,9.60,0.00,1.12,0.00,0.00,0.00,0.00
40,4w,PjDee,Basc2,105,0.00,0.00,136.10,6.36,0.00,0.00,0.00,0.00,0.00,9.69,0.00,1.19,0.00,0.00,0.00,0.00
40,4w,PjDee,Basc2,115,0.00,0.00,135.12,6.31,0.00,0.00,0.00,0.00,0.00,9.57,0.00,1.23,0.00,0.00,0.00,0.00
40,4w,PjDee,Basc2,125,0.00,0.00,131.34,6.22,0.00,0.00,0.00,0.00,0.00,9.29,0.00,1.25,0.00,0.00,0.00,0.00
40,4w,PjDee,Basc2,135,0.00,0.00,125.22,6.10,0.00,0.00,0.00,0.00,0.00,8.89,0.00,1.25,0.00,0.00,0.00,0.00
40,4w,PjDee,Basc2,145,0.00,0.00,117.28,5.94,0.00,0.00,0.00,0.00,0.00,8.41,0.00,1.24,0.00,0.00,0.00,0.00
40,4w,PjDee,Basc2,155,0.00,0.00,108.03,5.75,0.00,0.00,0.00,0.00,0.00,7.86,0.00,1.20,0.00,0.00,0.00,0.00
40,4w,PjDee,Basc2,165,0.00,0.00,98.00,5.53,0.00,0.00,0.00,0.00,0.00,7.28,0.00,1.16,0.00,0.00,0.00,0.00
40,4w,PjDee,Basc2,175,0.00,0.00,87.63,5.29,0.00,0.00,0.00,0.00,0.00,6.68,0.00,1.10,0.00,0.00,0.00,0.00
40,4w,PjDee,Basc2,185,0.00,0.00,77.32,5.02,0.00,0.00,0.00,0.00,0.00,6.09,0.00,1.03,0.00,0.00,0.00,0.00
40,4w,PjDee,Basc2,195,0.00,0.00,67.37,4.74,0.00,0.00,0.00,0.00,0.00,5.50,0.00,0.96,0.00,0.00,0.00,0.00
40,4w,PjDee,Basc2,205,0.00,0.00,58.01,4.44,0.00,0.00,0.00,0.00,0.00,4.94,0.00,0.89,0.00,0.00,0.00,0.00
40,4w,PjDee,Basc2,215,0.00,0.00,49.40,4.14,0.00,0.00,0.00,0.00,0.00,4.40,0.00,0.81,0.00,0.00,0.00,0.00
40,4w,PjDee,Basc2,225,0.00,0.00,41.62,3.83,0.00,0.00,0.00,0.00,0.00,3.89,0.00,0.74,0.00,0.00,0.00,0.00
40,4w,PjDee,Basc2,235,0.00,0.00,34.72,3.52,0.00,0.00,0.00,0.00,0.00,3.42,0.00,0.66,0.00,0.00,0.00,0.00
40,4w,PjDee,Basc2,245,0.00,0.00,28.68,3.22,0.00,0.00,0.00,0.00,0.00,2.99,0.00,0.59,0.00,0.00,0.00,0.00
40,4w,PjDee,Basc2,255,0.00,0.00,23.48,2.92,0.00,0.00,0.00,0.00,0.00,2.59,0.00,0.53,0.00,0.00,0.00,0.00
41,4w,PjDee,Intn1,5,0.00,0.00,0.00,0.00,0.00,0.00,0.00,0.00,0.00,0.00,0.00,0.00,0.00,0.00,0.00,0.00
41,4w,PjDee,Intn1,15,0.00,0.00,11.87,0.26,0.12,0.00,0.00,0.00,0.00,0.51,0.00,0.02,0.00,0.00,0.00,0.00
41,4w,PjDee,Intn1,25,0.00,0.00,30.85,0.89,0.30,0.00,0.00,0.00,0.00,1.63,0.00,0.07,0.00,0.00,0.00,0.00
41,4w,PjDee,Intn1,35,0.00,0.00,51.99,1.53,0.46,0.00,0.00,0.00,0.00,3.07,0.00,0.14,0.00,0.00,0.00,0.00
41,4w,PjDee,Intn1,45,0.00,0.00,72.37,1.94,0.57,0.00,0.00,0.00,0.00,4.58,0.00,0.21,0.00,0.00,0.00,0.00
41,4w,PjDee,Intn1,55,0.00,0.00,90.57,2.14,0.64,0.00,0.00,0.00,0.00,5.96,0.00,0.28,0.00,0.00,0.00,0.00
41,4w,PjDee,Intn1,65,0.00,0.00,105.93,2.24,0.68,0.00,0.00,0.00,0.00,7.09,0.00,0.35,0.00,0.00,0.00,0.00
41,4w,PjDee,Intn1,75,0.00,0.00,118.08,2.29,0.71,0.00,0.00,0.00,0.00,7.94,0.00,0.42,0.00,0.00,0.00,0.00
41,4w,PjDee,Intn1,85,0.00,0.00,126.88,2.32,0.72,0.00,0.00,0.00,0.00,8.51,0.00,0.47,0.00,0.00,0.00,0.00
41,4w,PjDee,Intn1,95,0.00,0.00,132.26,2.34,0.72,0.00,0.00,0.00,0.00,8.81,0.00,0.51,0.00,0.00,0.00,0.00
41,4w,PjDee,Intn1,105,0.00,0.00,134.33,2.33,0.72,0.00,0.00,0.00,0.00,8.89,0.00,0.54,0.00,0.00,0.00,0.00
41,4w,PjDee,Intn1,115,0.00,0.00,133.30,2.31,0.72,0.00,0.00,0.00,0.00,8.78,0.00,0.56,0.00,0.00,0.00,0.00
41,4w,PjDee,Intn1,125,0.00,0.00,129.53,2.28,0.71,0.00,0.00,0.00,0.00,8.52,0.00,0.57,0.00,0.00,0.00,0.00
41,4w,PjDee,Intn1,135,0.00,0.00,123.46,2.23,0.69,0.00,0.00,0.00,0.00,8.15,0.00,0.57,0.00,0.00,0.00,0.00
41,4w,PjDee,Intn1,145,0.00,0.00,115.60,2.17,0.67,0.00,0.00,0.00,0.00,7.70,0.00,0.56,0.00,0.00,0.00,0.00
41,4w,PjDee,Intn1,155,0.00,0.00,106.47,2.10,0.65,0.00,0.00,0.00,0.00,7.20,0.00,0.55,0.00,0.00,0.00,0.00
41,4w,PjDee,Intn1,165,0.00,0.00,96.57,2.02,0.63,0.00,0.00,0.00,0.00,6.67,0.00,0.53,0.00,0.00,0.00,0.00
41,4w,PjDee,Intn1,175,0.00,0.00,86.35,1.93,0.60,0.00,0.00,0.00,0.00,6.12,0.00,0.50,0.00,0.00,0.00,0.00
41,4w,PjDee,Intn1,185,0.00,0.00,76.18,1.84,0.57,0.00,0.00,0.00,0.00,5.58,0.00,0.47,0.00,0.00,0.00,0.00
41,4w,PjDee,Intn1,195,0.00,0.00,66.37,1.73,0.54,0.00,0.00,0.00,0.00,5.04,0.00,0.44,0.00,0.00,0.00,0.00
41,4w,PjDee,Intn1,205,0.00,0.00,57.15,1.62,0.50,0.00,0.00,0.00,0.00,4.52,0.00,0.40,0.00,0.00,0.00,0.00
41,4w,PjDee,Intn1,215,0.00,0.00,48.66,1.51,0.47,0.00,0.00,0.00,0.00,4.03,0.00,0.37,0.00,0.00,0.00,0.00
41,4w,PjDee,Intn1,225,0.00,0.00,41.00,1.40,0.43,0.00,0.00,0.00,0.00,3.57,0.00,0.34,0.00,0.00,0.00,0.00
41,4w,PjDee,Intn1,235,0.00,0.00,34.20,1.29,0.40,0.00,0.00,0.00,0.00,3.13,0.00,0.30,0.00,0.00,0.00,0.00
41,4w,PjDee,Intn1,245,0.00,0.00,28.26,1.17,0.36,0.00,0.00,0.00,0.00,2.74,0.00,0.27,0.00,0.00,0.00,0.00
41,4w,PjDee,Intn1,255,0.00,0.00,23.13,1.07,0.33,0.00,0.00,0.00,0.00,2.37,0.00,0.24,0.00,0.00,0.00,0.00
42,4w,PjDee,Intn2,5,0.00,0.00,0.00,0.00,0.00,0.00,0.00,0.00,0.00,0.00,0.00,0.00,0.00,0.00,0.00,0.00
42,4w,PjDee,Intn2,15,0.00,0.00,12.02,0.73,0.00,0.00,0.00,0.00,0.00,0.56,0.00,0.05,0.00,0.00,0.00,0.00
42,4w,PjDee,Intn2,25,0.00,0.00,30.91,2.42,0.00,0.00,0.00,0.00,0.00,1.75,0.00,0.16,0.00,0.00,0.00,0.00
42,4w,PjDee,Intn2,35,0.00,0.00,51.98,4.12,0.00,0.00,0.00,0.00,0.00,3.31,0.00,0.30,0.00,0.00,0.00,0.00
42,4w,PjDee,Intn2,45,0.00,0.00,72.53,5.23,0.00,0.00,0.00,0.00,0.00,4.94,0.00,0.46,0.00,0.00,0.00,0.00
42,4w,PjDee,Intn2,55,0.00,0.00,91.08,5.80,0.00,0.00,0.00,0.00,0.00,6.44,0.00,0.62,0.00,0.00,0.00,0.00
42,4w,PjDee,Intn2,65,0.00,0.00,106.81,6.08,0.00,0.00,0.00,0.00,0.00,7.69,0.00,0.78,0.00,0.00,0.00,0.00
42,4w,PjDee,Intn2,75,0.00,0.00,119.30,6.24,0.00,0.00,0.00,0.00,0.00,8.63,0.00,0.91,0.00,0.00,0.00,0.00
42,4w,PjDee,Intn2,85,0.00,0.00,128.35,6.33,0.00,0.00,0.00,0.00,0.00,9.26,0.00,1.03,0.00,0.00,0.00,0.00
42,4w,PjDee,Intn2,95,0.00,0.00,133.92,6.37,0.00,0.00,0.00,0.00,0.00,9.60,0.00,1.12,0.00,0.00,0.00,0.00
42,4w,PjDee,Intn2,105,0.00,0.00,136.10,6.36,0.00,0.00,0.00,0.00,0.00,9.69,0.00,1.19,0.00,0.00,0.00,0.00
42,4w,PjDee,Intn2,115,0.00,0.00,135.12,6.31,0.00,0.00,0.00,0.00,0.00,9.57,0.00,1.23,0.00,0.00,0.00,0.00
42,4w,PjDee,Intn2,125,0.00,0.00,131.34,6.22,0.00,0.00,0.00,0.00,0.00,9.29,0.00,1.25,0.00,0.00,0.00,0.00
42,4w,PjDee,Intn2,135,0.00,0.00,125.22,6.10,0.00,0.00,0.00,0.00,0.00,8.89,0.00,1.25,0.00,0.00,0.00,0.00
42,4w,PjDee,Intn2,145,0.00,0.00,117.28,5.94,0.00,0.00,0.00,0.00,0.00,8.41,0.00,1.24,0.00,0.00,0.00,0.00
42,4w,PjDee,Intn2,155,0.00,0.00,108.03,5.75,0.00,0.00,0.00,0.00,0.00,7.86,0.00,1.20,0.00,0.00,0.00,0.00
42,4w,PjDee,Intn2,165,0.00,0.00,98.00,5.53,0.00,0.00,0.00,0.00,0.00,7.28,0.00,1.16,0.00,0.00,0.00,0.00
42,4w,PjDee,Intn2,175,0.00,0.00,87.63,5.29,0.00,0.00,0.00,0.00,0.00,6.68,0.00,1.10,0.00,0.00,0.00,0.00
42,4w,PjDee,Intn2,185,0.00,0.00,77.32,5.02,0.00,0.00,0.00,0.00,0.00,6.09,0.00,1.03,0.00,0.00,0.00,0.00
42,4w,PjDee,Intn2,195,0.00,0.00,67.37,4.74,0.00,0.00,0.00,0.00,0.00,5.50,0.00,0.96,0.00,0.00,0.00,0.00
42,4w,PjDee,Intn2,205,0.00,0.00,58.01,4.44,0.00,0.00,0.00,0.00,0.00,4.94,0.00,0.89,0.00,0.00,0.00,0.00
42,4w,PjDee,Intn2,215,0.00,0.00,49.40,4.14,0.00,0.00,0.00,0.00,0.00,4.40,0.00,0.81,0.00,0.00,0.00,0.00
42,4w,PjDee,Intn2,225,0.00,0.00,41.62,3.83,0.00,0.00,0.00,0.00,0.00,3.89,0.00,0.74,0.00,0.00,0.00,0.00
42,4w,PjDee,Intn2,235,0.00,0.00,34.72,3.52,0.00,0.00,0.00,0.00,0.00,3.42,0.00,0.66,0.00,0.00,0.00,0.00
42,4w,PjDee,Intn2,245,0.00,0.00,28.68,3.22,0.00,0.00,0.00,0.00,0.00,2.99,0.00,0.59,0.00,0.00,0.00,0.00
42,4w,PjDee,Intn2,255,0.00,0.00,23.48,2.92,0.00,0.00,0.00,0.00,0.00,2.59,0.00,0.53,0.00,0.00,0.00,0.00
43,4w,PoDom,Prsnt,5,0.00,0.00,0.00,0.00,0.00,0.00,0.00,0.00,0.00,0.00,0.00,0.00,0.00,0.00,0.00,0.00
43,4w,PoDom,Prsnt,15,0.00,0.00,0.33,0.18,0.07,0.13,0.00,0.00,0.00,2.76,0.00,0.08,0.00,0.00,0.00,6.80722638625836e-03
43,4w,PoDom,Prsnt,25,0.00,0.00,1.63,1.16,0.33,0.81,0.00,0.00,0.00,16.36,0.00,0.48,0.00,0.00,0.00,0.03
43,4w,PoDom,Prsnt,35,0.00,0.00,3.77,2.71,0.68,1.85,0.00,0.00,0.00,42.41,0.00,1.27,0.00,0.00,0.00,0.09
43,4w,PoDom,Prsnt,45,0.00,0.00,6.10,3.99,0.99,2.65,0.00,0.00,0.00,73.45,0.00,2.26,0.00,0.00,0.00,0.16
43,4w,PoDom,Prsnt,55,0.00,0.00,8.07,4.66,1.17,3.03,0.00,0.00,0.00,100.86,0.00,3.21,0.00,0.00,0.00,0.22
43,4w,PoDom,Prsnt,65,0.00,0.00,9.46,4.89,1.25,3.13,0.00,0.00,0.00,120.42,0.00,4.00,0.00,0.00,0.00,0.28
43,4w,PoDom,Prsnt,75,0.00,0.00,10.32,4.90,1.26,3.09,0.00,0.00,0.00,131.94,0.00,4.58,0.00,0.00,0.00,0.32
43,4w,PoDom,Prsnt,85,0.00,0.00,10.73,4.80,1.24,2.98,0.00,0.00,0.00,136.72,0.00,4.99,0.00,0.00,0.00,0.35
43,4w,PoDom,Prsnt,95,0.00,0.00,10.76,4.64,1.20,2.83,0.00,0.00,0.00,136.23,0.00,5.22,0.00,0.00,0.00,0.37
43,4w,PoDom,Prsnt,105,0.00,0.00,10.47,4.44,1.15,2.66,0.00,0.00,0.00,131.71,0.00,5.30,0.00,0.00,0.00,0.38
43,4w,PoDom,Prsnt,115,0.00,0.00,9.93,4.20,1.09,2.47,0.00,0.00,0.00,124.24,0.00,5.25,0.00,0.00,0.00,0.38
43,4w,PoDom,Prsnt,125,0.00,0.00,9.18,3.94,1.02,2.28,0.00,0.00,0.00,114.75,0.00,5.09,0.00,0.00,0.00,0.38
43,4w,PoDom,Prsnt,135,0.00,0.00,8.29,3.66,0.95,2.07,0.00,0.00,0.00,104.05,0.00,4.82,0.00,0.00,0.00,0.36
43,4w,PoDom,Prsnt,145,0.00,0.00,7.33,3.37,0.87,1.87,0.00,0.00,0.00,92.79,0.00,4.49,0.00,0.00,0.00,0.34
43,4w,PoDom,Prsnt,155,0.00,0.00,6.34,3.06,0.79,1.66,0.00,0.00,0.00,81.50,0.00,4.10,0.00,0.00,0.00,0.32
43,4w,PoDom,Prsnt,165,0.00,0.00,5.38,2.75,0.71,1.46,0.00,0.00,0.00,70.58,0.00,3.68,0.00,0.00,0.00,0.29
43,4w,PoDom,Prsnt,175,0.00,0.00,4.47,2.45,0.63,1.27,0.00,0.00,0.00,60.31,0.00,3.26,0.00,0.00,0.00,0.26
43,4w,PoDom,Prsnt,185,0.00,0.00,3.65,2.15,0.56,1.10,0.00,0.00,0.00,50.88,0.00,2.84,0.00,0.00,0.00,0.23
43,4w,PoDom,Prsnt,195,0.00,0.00,2.93,1.87,0.48,0.93,0.00,0.00,0.00,42.39,0.00,2.44,0.00,0.00,0.00,0.20
43,4w,PoDom,Prsnt,205,0.00,0.00,2.32,1.61,0.42,0.78,0.00,0.00,0.00,34.90,0.00,2.06,0.00,0.00,0.00,0.17
43,4w,PoDom,Prsnt,215,0.00,0.00,1.80,1.37,0.35,0.65,0.00,0.00,0.00,28.40,0.00,1.72,0.00,0.00,0.00,0.14
43,4w,PoDom,Prsnt,225,0.00,0.00,1.38,1.15,0.30,0.53,0.00,0.00,0.00,22.84,0.00,1.42,0.00,0.00,0.00,0.12
43,4w,PoDom,Prsnt,235,0.00,0.00,1.04,0.95,0.25,0.43,0.00,0.00,0.00,18.16,0.00,1.16,0.00,0.00,0.00,0.10
43,4w,PoDom,Prsnt,245,0.00,0.00,0.77,0.78,0.20,0.35,0.00,0.00,0.00,14.28,0.00,0.93,0.00,0.00,0.00,0.08
43,4w,PoDom,Prsnt,255,0.00,0.00,0.56,0.64,0.16,0.27,0.00,0.00,0.00,11.10,0.00,0.74,0.00,0.00,0.00,0.06
44,4w,PoDom,Exten,5,0.00,0.00,0.00,0.00,0.00,0.00,0.00,0.00,0.00,0.00,0.00,0.00,0.00,0.00,0.00,0.00
44,4w,PoDom,Exten,15,0.00,0.00,0.16,0.10,0.13,0.19,0.00,0.00,0.00,2.75,0.00,0.02,0.00,0.00,0.00,0.01
44,4w,PoDom,Exten,25,0.00,0.00,0.77,0.66,0.63,1.16,0.00,0.00,0.00,16.23,0.00,0.15,0.00,0.00,0.00,0.10
44,4w,PoDom,Exten,35,0.00,0.00,1.80,1.55,1.31,2.65,0.00,0.00,0.00,42.03,0.00,0.40,0.00,0.00,0.00,0.26
44,4w,PoDom,Exten,45,0.00,0.00,2.91,2.28,1.89,3.80,0.00,0.00,0.00,72.77,0.00,0.72,0.00,0.00,0.00,0.46
44,4w,PoDom,Exten,55,0.00,0.00,3.85,2.66,2.24,4.35,0.00,0.00,0.00,99.94,0.00,1.02,0.00,0.00,0.00,0.64
44,4w,PoDom,Exten,65,0.00,0.00,4.52,2.80,2.39,4.49,0.00,0.00,0.00,119.36,0.00,1.27,0.00,0.00,0.00,0.80
44,4w,PoDom,Exten,75,0.00,0.00,4.93,2.80,2.42,4.43,0.00,0.00,0.00,130.84,0.00,1.46,0.00,0.00,0.00,0.92
44,4w,PoDom,Exten,85,0.00,0.00,5.12,2.75,2.38,4.27,0.00,0.00,0.00,135.66,0.00,1.59,0.00,0.00,0.00,1.01
44,4w,PoDom,Exten,95,0.00,0.00,5.14,2.66,2.31,4.06,0.00,0.00,0.00,135.25,0.00,1.66,0.00,0.00,0.00,1.07
44,4w,PoDom,Exten,105,0.00,0.00,5.01,2.55,2.21,3.82,0.00,0.00,0.00,130.84,0.00,1.69,0.00,0.00,0.00,1.10
44,4w,PoDom,Exten,115,0.00,0.00,4.75,2.41,2.10,3.56,0.00,0.00,0.00,123.49,0.00,1.67,0.00,0.00,0.00,1.11
44,4w,PoDom,Exten,125,0.00,0.00,4.40,2.27,1.97,3.28,0.00,0.00,0.00,114.12,0.00,1.62,0.00,0.00,0.00,1.09
44,4w,PoDom,Exten,135,0.00,0.00,3.97,2.10,1.83,2.98,0.00,0.00,0.00,103.53,0.00,1.54,0.00,0.00,0.00,1.05
44,4w,PoDom,Exten,145,0.00,0.00,3.51,1.93,1.68,2.69,0.00,0.00,0.00,92.37,0.00,1.43,0.00,0.00,0.00,0.99
44,4w,PoDom,Exten,155,0.00,0.00,3.04,1.76,1.53,2.40,0.00,0.00,0.00,81.16,0.00,1.31,0.00,0.00,0.00,0.92
44,4w,PoDom,Exten,165,0.00,0.00,2.58,1.58,1.38,2.11,0.00,0.00,0.00,70.31,0.00,1.17,0.00,0.00,0.00,0.84
44,4w,PoDom,Exten,175,0.00,0.00,2.14,1.41,1.22,1.84,0.00,0.00,0.00,60.09,0.00,1.04,0.00,0.00,0.00,0.76
44,4w,PoDom,Exten,185,0.00,0.00,1.75,1.24,1.08,1.58,0.00,0.00,0.00,50.70,0.00,0.90,0.00,0.00,0.00,0.67
44,4w,PoDom,Exten,195,0.00,0.00,1.41,1.07,0.93,1.34,0.00,0.00,0.00,42.25,0.00,0.78,0.00,0.00,0.00,0.58
44,4w,PoDom,Exten,205,0.00,0.00,1.11,0.92,0.80,1.13,0.00,0.00,0.00,34.78,0.00,0.66,0.00,0.00,0.00,0.50
44,4w,PoDom,Exten,215,0.00,0.00,0.86,0.78,0.68,0.94,0.00,0.00,0.00,28.30,0.00,0.55,0.00,0.00,0.00,0.42
44,4w,PoDom,Exten,225,0.00,0.00,0.66,0.66,0.57,0.77,0.00,0.00,0.00,22.76,0.00,0.45,0.00,0.00,0.00,0.35
44,4w,PoDom,Exten,235,0.00,0.00,0.50,0.55,0.48,0.63,0.00,0.00,0.00,18.10,0.00,0.37,0.00,0.00,0.00,0.28
44,4w,PoDom,Exten,245,0.00,0.00,0.37,0.45,0.39,0.50,0.00,0.00,0.00,14.23,0.00,0.29,0.00,0.00,0.00,0.23
44,4w,PoDom,Exten,255,0.00,0.00,0.27,0.37,0.32,0.40,0.00,0.00,0.00,11.06,0.00,0.23,0.00,0.00,0.00,0.18
45,4w,PoDom,Intn2,5,0.00,0.00,0.00,0.00,0.00,0.00,0.00,0.00,0.00,0.00,0.00,0.00,0.00,0.00,0.00,0.00
45,4w,PoDom,Intn2,15,0.00,0.00,0.33,0.18,0.07,0.13,0.00,0.00,0.00,2.76,0.00,0.08,0.00,0.00,0.00,6.80722638625836e-03
45,4w,PoDom,Intn2,25,0.00,0.00,1.63,1.16,0.33,0.81,0.00,0.00,0.00,16.36,0.00,0.48,0.00,0.00,0.00,0.03
45,4w,PoDom,Intn2,35,0.00,0.00,3.77,2.71,0.68,1.85,0.00,0.00,0.00,42.41,0.00,1.27,0.00,0.00,0.00,0.09
45,4w,PoDom,Intn2,45,0.00,0.00,6.10,3.99,0.99,2.65,0.00,0.00,0.00,73.45,0.00,2.26,0.00,0.00,0.00,0.16
45,4w,PoDom,Intn2,55,0.00,0.00,8.07,4.66,1.17,3.03,0.00,0.00,0.00,100.86,0.00,3.21,0.00,0.00,0.00,0.22
45,4w,PoDom,Intn2,65,0.00,0.00,9.46,4.89,1.25,3.13,0.00,0.00,0.00,120.42,0.00,4.00,0.00,0.00,0.00,0.28
45,4w,PoDom,Intn2,75,0.00,0.00,10.32,4.90,1.26,3.09,0.00,0.00,0.00,131.94,0.00,4.58,0.00,0.00,0.00,0.32
45,4w,PoDom,Intn2,85,0.00,0.00,10.73,4.80,1.24,2.98,0.00,0.00,0.00,136.72,0.00,4.99,0.00,0.00,0.00,0.35
45,4w,PoDom,Intn2,95,0.00,0.00,10.76,4.64,1.20,2.83,0.00,0.00,0.00,136.23,0.00,5.22,0.00,0.00,0.00,0.37
45,4w,PoDom,Intn2,105,0.00,0.00,10.47,4.44,1.15,2.66,0.00,0.00,0.00,131.71,0.00,5.30,0.00,0.00,0.00,0.38
45,4w,PoDom,Intn2,115,0.00,0.00,9.93,4.20,1.09,2.47,0.00,0.00,0.00,124.24,0.00,5.25,0.00,0.00,0.00,0.38
45,4w,PoDom,Intn2,125,0.00,0.00,9.18,3.94,1.02,2.28,0.00,0.00,0.00,114.75,0.00,5.09,0.00,0.00,0.00,0.38
45,4w,PoDom,Intn2,135,0.00,0.00,8.29,3.66,0.95,2.07,0.00,0.00,0.00,104.05,0.00,4.82,0.00,0.00,0.00,0.36
45,4w,PoDom,Intn2,145,0.00,0.00,7.33,3.37,0.87,1.87,0.00,0.00,0.00,92.79,0.00,4.49,0.00,0.00,0.00,0.34
45,4w,PoDom,Intn2,155,0.00,0.00,6.34,3.06,0.79,1.66,0.00,0.00,0.00,81.50,0.00,4.10,0.00,0.00,0.00,0.32
45,4w,PoDom,Intn2,165,0.00,0.00,5.38,2.75,0.71,1.46,0.00,0.00,0.00,70.58,0.00,3.68,0.00,0.00,0.00,0.29
45,4w,PoDom,Intn2,175,0.00,0.00,4.47,2.45,0.63,1.27,0.00,0.00,0.00,60.31,0.00,3.26,0.00,0.00,0.00,0.26
45,4w,PoDom,Intn2,185,0.00,0.00,3.65,2.15,0.56,1.10,0.00,0.00,0.00,50.88,0.00,2.84,0.00,0.00,0.00,0.23
45,4w,PoDom,Intn2,195,0.00,0.00,2.93,1.87,0.48,0.93,0.00,0.00,0.00,42.39,0.00,2.44,0.00,0.00,0.00,0.20
45,4w,PoDom,Intn2,205,0.00,0.00,2.32,1.61,0.42,0.78,0.00,0.00,0.00,34.90,0.00,2.06,0.00,0.00,0.00,0.17
45,4w,PoDom,Intn2,215,0.00,0.00,1.80,1.37,0.35,0.65,0.00,0.00,0.00,28.40,0.00,1.72,0.00,0.00,0.00,0.14
45,4w,PoDom,Intn2,225,0.00,0.00,1.38,1.15,0.30,0.53,0.00,0.00,0.00,22.84,0.00,1.42,0.00,0.00,0.00,0.12
45,4w,PoDom,Intn2,235,0.00,0.00,1.04,0.95,0.25,0.43,0.00,0.00,0.00,18.16,0.00,1.16,0.00,0.00,0.00,0.10
45,4w,PoDom,Intn2,245,0.00,0.00,0.77,0.78,0.20,0.35,0.00,0.00,0.00,14.28,0.00,0.93,0.00,0.00,0.00,0.08
45,4w,PoDom,Intn2,255,0.00,0.00,0.56,0.64,0.16,0.27,0.00,0.00,0.00,11.10,0.00,0.74,0.00,0.00,0.00,0.06
46,4w,BwDom,Prsnt,5,0.00,0.00,0.00,0.00,0.00,0.00,0.00,0.00,0.00,0.00,0.00,0.00,0.00,0.00,0.00,0.00
46,4w,BwDom,Prsnt,15,0.03,0.00,0.15,0.22,0.13,0.25,0.17,0.00,0.00,0.37,0.00,0.90,0.00,0.00,0.00,0.00
46,4w,BwDom,Prsnt,25,0.15,0.00,0.63,1.21,0.54,1.35,0.40,0.00,0.00,1.89,0.00,4.46,0.00,0.00,0.00,0.00
46,4w,BwDom,Prsnt,35,0.37,0.00,1.36,2.63,1.05,2.86,0.62,0.00,0.00,4.56,0.00,10.81,0.00,0.00,0.00,0.00
46,4w,BwDom,Prsnt,45,0.64,0.00,2.11,3.69,1.45,3.92,0.76,0.00,0.00,7.54,0.00,18.31,0.00,0.00,0.00,0.00
46,4w,BwDom,Prsnt,55,0.89,0.00,2.69,4.17,1.65,4.33,0.82,0.00,0.00,10.01,0.00,25.13,0.00,0.00,0.00,0.00
46,4w,BwDom,Prsnt,65,1.09,0.00,3.08,4.26,1.72,4.35,0.82,0.00,0.00,11.63,0.00,30.43,0.00,0.00,0.00,0.00
46,4w,BwDom,Prsnt,75,1.24,0.00,3.27,4.16,1.69,4.19,0.79,0.00,0.00,12.44,0.00,34.04,0.00,0.00,0.00,0.00
46,4w,BwDom,Prsnt,85,1.33,0.00,3.31,3.96,1.62,3.92,0.74,0.00,0.00,12.53,0.00,36.00,0.00,0.00,0.00,0.00
46,4w,BwDom,Prsnt,95,1.37,0.00,3.20,3.70,1.51,3.60,0.68,0.00,0.00,12.05,0.00,36.39,0.00,0.00,0.00,0.00
46,4w,BwDom,Prsnt,105,1.35,0.00,2.98,3.38,1.38,3.23,0.60,0.00,0.00,11.14,0.00,35.35,0.00,0.00,0.00,0.00
46,4w,BwDom,Prsnt,115,1.29,0.00,2.67,3.03,1.24,2.85,0.52,0.00,0.00,9.94,0.00,33.12,0.00,0.00,0.00,0.00
46,4w,BwDom,Prsnt,125,1.19,0.00,2.31,2.66,1.09,2.45,0.44,0.00,0.00,8.60,0.00,30.03,0.00,0.00,0.00,0.00
46,4w,BwDom,Prsnt,135,1.06,0.00,1.94,2.29,0.94,2.07,0.37,0.00,0.00,7.22,0.00,26.38,0.00,0.00,0.00,0.00
46,4w,BwDom,Prsnt,145,0.91,0.00,1.57,1.93,0.79,1.71,0.30,0.00,0.00,5.90,0.00,22.50,0.00,0.00,0.00,0.00
46,4w,BwDom,Prsnt,155,0.77,0.00,1.23,1.59,0.65,1.38,0.23,0.00,0.00,4.70,0.00,18.65,0.00,0.00,0.00,0.00
46,4w,BwDom,Prsnt,165,0.62,0.00,0.93,1.28,0.52,1.09,0.18,0.00,0.00,3.65,0.00,15.04,0.00,0.00,0.00,0.00
46,4w,BwDom,Prsnt,175,0.49,0.00,0.69,1.01,0.41,0.84,0.13,0.00,0.00,2.77,0.00,11.80,0.00,0.00,0.00,0.00
46,4w,BwDom,Prsnt,185,0.38,0.00,0.49,0.78,0.32,0.63,0.09,0.00,0.00,2.05,0.00,9.03,0.00,0.00,0.00,0.00
46,4w,BwDom,Prsnt,195,0.29,0.00,0.34,0.59,0.24,0.47,0.07,0.00,0.00,1.48,0.00,6.74,0.00,0.00,0.00,0.00
46,4w,BwDom,Prsnt,205,0.21,0.00,0.23,0.43,0.18,0.34,0.04,0.00,0.00,1.05,0.00,4.90,0.00,0.00,0.00,0.00
46,4w,BwDom,Prsnt,215,0.15,0.00,0.15,0.31,0.13,0.24,0.03,0.00,0.00,0.72,0.00,3.48,0.00,0.00,0.00,0.00
46,4w,BwDom,Prsnt,225,0.10,0.00,0.10,0.22,0.09,0.16,0.02,0.00,0.00,0.49,0.00,2.41,0.00,0.00,0.00,0.00
46,4w,BwDom,Prsnt,235,0.07,0.00,0.06,0.15,0.06,0.11,0.01,0.00,0.00,0.32,0.00,1.63,0.00,0.00,0.00,0.00
46,4w,BwDom,Prsnt,245,0.04,0.00,0.03,0.10,0.04,0.07,9.11406320447191e-03,0.00,0.00,0.20,0.00,1.08,0.00,0.00,0.00,0.00
46,4w,BwDom,Prsnt,255,0.03,0.00,0.02,0.06,0.02,0.04,5.61663983288614e-03,0.00,0.00,0.13,0.00,0.69,0.00,0.00,0.00,0.00
47,4w,BwDom,Exten,5,0.00,0.00,0.00,0.00,0.00,0.00,0.00,0.00,0.00,0.00,0.00,0.00,0.00,0.00,0.00,0.00
47,4w,BwDom,Exten,15,0.03,0.00,0.24,0.19,0.00,0.23,0.17,0.00,0.00,0.39,0.00,0.97,0.00,0.00,0.00,5.84051284017706e-03
47,4w,BwDom,Exten,25,0.16,0.00,1.00,1.03,0.00,1.22,0.41,0.00,0.00,2.01,0.00,4.81,0.00,0.00,0.00,0.02
47,4w,BwDom,Exten,35,0.40,0.00,2.14,2.23,0.00,2.57,0.62,0.00,0.00,4.79,0.00,11.54,0.00,0.00,0.00,0.06
47,4w,BwDom,Exten,45,0.67,0.00,3.27,3.09,0.00,3.48,0.75,0.00,0.00,7.84,0.00,19.31,0.00,0.00,0.00,0.10
47,4w,BwDom,Exten,55,0.93,0.00,4.13,3.45,0.00,3.81,0.80,0.00,0.00,10.29,0.00,26.22,0.00,0.00,0.00,0.13
47,4w,BwDom,Exten,65,1.13,0.00,4.68,3.49,0.00,3.79,0.80,0.00,0.00,11.86,0.00,31.47,0.00,0.00,0.00,0.16
47,4w,BwDom,Exten,75,1.27,0.00,4.94,3.39,0.00,3.62,0.76,0.00,0.00,12.59,0.00,34.98,0.00,0.00,0.00,0.18
47,4w,BwDom,Exten,85,1.36,0.00,4.97,3.22,0.00,3.38,0.71,0.00,0.00,12.63,0.00,36.82,0.00,0.00,0.00,0.19
47,4w,BwDom,Exten,95,1.39,0.00,4.80,2.99,0.00,3.09,0.65,0.00,0.00,12.10,0.00,37.07,0.00,0.00,0.00,0.19
47,4w,BwDom,Exten,105,1.37,0.00,4.45,2.73,0.00,2.77,0.58,0.00,0.00,11.15,0.00,35.91,0.00,0.00,0.00,0.19
47,4w,BwDom,Exten,115,1.30,0.00,3.98,2.44,0.00,2.43,0.50,0.00,0.00,9.93,0.00,33.57,0.00,0.00,0.00,0.18
47,4w,BwDom,Exten,125,1.20,0.00,3.44,2.14,0.00,2.09,0.42,0.00,0.00,8.57,0.00,30.37,0.00,0.00,0.00,0.16
47,4w,BwDom,Exten,135,1.07,0.00,2.87,1.83,0.00,1.76,0.35,0.00,0.00,7.18,0.00,26.64,0.00,0.00,0.00,0.15
47,4w,BwDom,Exten,145,0.92,0.00,2.32,1.54,0.00,1.45,0.28,0.00,0.00,5.86,0.00,22.69,0.00,0.00,0.00,0.13
47,4w,BwDom,Exten,155,0.77,0.00,1.82,1.27,0.00,1.17,0.22,0.00,0.00,4.67,0.00,18.79,0.00,0.00,0.00,0.10
47,4w,BwDom,Exten,165,0.63,0.00,1.38,1.02,0.00,0.92,0.17,0.00,0.00,3.62,0.00,15.13,0.00,0.00,0.00,0.08
47,4w,BwDom,Exten,175,0.50,0.00,1.02,0.81,0.00,0.71,0.12,0.00,0.00,2.74,0.00,11.87,0.00,0.00,0.00,0.07
47,4w,BwDom,Exten,185,0.38,0.00,0.73,0.62,0.00,0.54,0.09,0.00,0.00,2.03,0.00,9.08,0.00,0.00,0.00,0.05
47,4w,BwDom,Exten,195,0.29,0.00,0.51,0.47,0.00,0.39,0.06,0.00,0.00,1.47,0.00,6.76,0.00,0.00,0.00,0.04
47,4w,BwDom,Exten,205,0.21,0.00,0.34,0.34,0.00,0.28,0.04,0.00,0.00,1.04,0.00,4.92,0.00,0.00,0.00,0.03
47,4w,BwDom,Exten,215,0.15,0.00,0.22,0.25,0.00,0.20,0.03,0.00,0.00,0.71,0.00,3.49,0.00,0.00,0.00,0.02
47,4w,BwDom,Exten,225,0.10,0.00,0.14,0.17,0.00,0.14,0.02,0.00,0.00,0.48,0.00,2.42,0.00,0.00,0.00,0.01
47,4w,BwDom,Exten,235,0.07,0.00,0.09,0.12,0.00,0.09,0.01,0.00,0.00,0.32,0.00,1.63,0.00,0.00,0.00,0.01
47,4w,BwDom,Exten,245,0.04,0.00,0.05,0.08,0.00,0.06,8.58867045275115e-03,0.00,0.00,0.20,0.00,1.08,0.00,0.00,0.00,6.99770061967611e-03
47,4w,BwDom,Exten,255,0.03,0.00,0.03,0.05,0.00,0.04,5.29101496403208e-03,0.00,0.00,0.13,0.00,0.69,0.00,0.00,0.00,4.54066838091788e-03
48,4w,TolHd,Prsnt,5,0.00,0.00,0.00,0.00,0.00,0.00,0.00,0.00,0.00,0.00,0.00,0.00,0.00,0.00,0.00,0.00
48,4w,TolHd,Prsnt,15,0.01,0.00,0.09,0.16,0.08,0.09,0.55,0.11,0.00,0.38,0.00,0.07,0.00,0.00,0.00,0.13
48,4w,TolHd,Prsnt,25,0.07,0.00,0.32,0.75,0.28,0.44,1.11,0.22,0.00,1.66,0.00,0.30,0.00,0.00,0.00,0.52
48,4w,TolHd,Prsnt,35,0.17,0.00,0.67,1.61,0.53,0.92,1.67,0.33,0.00,3.91,0.00,0.72,0.00,0.00,0.00,1.19
48,4w,TolHd,Prsnt,45,0.32,0.00,1.11,2.41,0.78,1.34,2.18,0.43,0.00,6.89,0.00,1.30,0.00,0.00,0.00,2.10
48,4w,TolHd,Prsnt,55,0.50,0.00,1.58,3.02,1.00,1.64,2.61,0.52,0.00,10.17,0.00,1.98,0.00,0.00,0.00,3.18
48,4w,TolHd,Prsnt,65,0.69,0.00,2.03,3.48,1.17,1.86,2.96,0.59,0.00,13.30,0.00,2.71,0.00,0.00,0.00,4.32
48,4w,TolHd,Prsnt,75,0.88,0.00,2.44,3.83,1.30,2.02,3.21,0.64,0.00,16.01,0.00,3.41,0.00,0.00,0.00,5.46
48,4w,TolHd,Prsnt,85,1.07,0.00,2.78,4.11,1.40,2.13,3.39,0.67,0.00,18.18,0.00,4.06,0.00,0.00,0.00,6.55
48,4w,TolHd,Prsnt,95,1.24,0.00,3.04,4.34,1.48,2.21,3.51,0.70,0.00,19.79,0.00,4.65,0.00,0.00,0.00,7.58
48,4w,TolHd,Prsnt,105,1.40,0.00,3.24,4.53,1.55,2.27,3.57,0.71,0.00,20.89,0.00,5.16,0.00,0.00,0.00,8.52
48,4w,TolHd,Prsnt,115,1.55,0.00,3.36,4.70,1.60,2.31,3.60,0.72,0.00,21.56,0.00,5.59,0.00,0.00,0.00,9.37
48,4w,TolHd,Prsnt,125,1.67,0.00,3.41,4.84,1.65,2.34,3.58,0.71,0.00,21.87,0.00,5.95,0.00,0.00,0.00,10.13
48,4w,TolHd,Prsnt,135,1.78,0.00,3.40,4.97,1.70,2.35,3.54,0.70,0.00,21.92,0.00,6.23,0.00,0.00,0.00,10.78
48,4w,TolHd,Prsnt,145,1.87,0.00,3.35,5.09,1.74,2.36,3.47,0.69,0.00,21.75,0.00,6.45,0.00,0.00,0.00,11.35
48,4w,TolHd,Prsnt,155,1.94,0.00,3.25,5.19,1.77,2.36,3.39,0.67,0.00,21.43,0.00,6.62,0.00,0.00,0.00,11.83
48,4w,TolHd,Prsnt,165,2.00,0.00,3.12,5.28,1.80,2.35,3.28,0.65,0.00,21.00,0.00,6.73,0.00,0.00,0.00,12.21
48,4w,TolHd,Prsnt,175,2.04,0.00,2.96,5.36,1.83,2.34,3.17,0.63,0.00,20.50,0.00,6.80,0.00,0.00,0.00,12.52
48,4w,TolHd,Prsnt,185,2.07,0.00,2.79,5.44,1.86,2.32,3.04,0.60,0.00,19.95,0.00,6.83,0.00,0.00,0.00,12.76
48,4w,TolHd,Prsnt,195,2.09,0.00,2.61,5.51,1.89,2.30,2.91,0.58,0.00,19.36,0.00,6.83,0.00,0.00,0.00,12.93
48,4w,TolHd,Prsnt,205,2.09,0.00,2.43,5.58,1.91,2.27,2.78,0.55,0.00,18.76,0.00,6.81,0.00,0.00,0.00,13.03
48,4w,TolHd,Prsnt,215,2.09,0.00,2.24,5.64,1.93,2.25,2.64,0.52,0.00,18.15,0.00,6.77,0.00,0.00,0.00,13.08
48,4w,TolHd,Prsnt,225,2.08,0.00,2.06,5.70,1.95,2.22,2.50,0.50,0.00,17.54,0.00,6.71,0.00,0.00,0.00,13.09
48,4w,TolHd,Prsnt,235,2.07,0.00,1.89,5.75,1.97,2.19,2.36,0.47,0.00,16.93,0.00,6.64,0.00,0.00,0.00,13.05
48,4w,TolHd,Prsnt,245,2.05,0.00,1.72,5.81,1.99,2.16,2.23,0.44,0.00,16.32,0.00,6.56,0.00,0.00,0.00,12.97
48,4w,TolHd,Prsnt,255,2.02,0.00,1.57,5.86,2.01,2.13,2.10,0.42,0.00,15.73,0.00,6.47,0.00,0.00,0.00,12.86
49,4w,TolHd,Exten,5,0.00,0.00,0.00,0.00,0.00,0.00,0.00,0.00,0.00,0.00,0.00,0.00,0.00,0.00,0.00,0.00
49,4w,TolHd,Exten,15,0.02,0.00,0.00,0.11,0.10,0.14,0.40,0.27,0.00,0.67,0.00,0.03,0.00,0.00,0.00,0.18
49,4w,TolHd,Exten,25,0.09,0.00,0.00,0.51,0.34,0.63,0.78,0.52,0.00,2.81,0.00,0.12,0.00,0.00,0.00,0.71
49,4w,TolHd,Exten,35,0.21,0.00,0.00,1.05,0.62,1.27,1.13,0.75,0.00,6.38,0.00,0.28,0.00,0.00,0.00,1.57
49,4w,TolHd,Exten,45,0.37,0.00,0.00,1.52,0.88,1.80,1.43,0.95,0.00,10.89,0.00,0.49,0.00,0.00,0.00,2.69
49,4w,TolHd,Exten,55,0.56,0.00,0.00,1.86,1.09,2.15,1.67,1.11,0.00,15.67,0.00,0.72,0.00,0.00,0.00,3.96
49,4w,TolHd,Exten,65,0.77,0.00,0.00,2.10,1.25,2.39,1.85,1.23,0.00,20.12,0.00,0.97,0.00,0.00,0.00,5.28
49,4w,TolHd,Exten,75,0.97,0.00,0.00,2.28,1.37,2.56,1.99,1.32,0.00,23.90,0.00,1.21,0.00,0.00,0.00,6.58
49,4w,TolHd,Exten,85,1.16,0.00,0.00,2.43,1.47,2.67,2.08,1.38,0.00,26.88,0.00,1.43,0.00,0.00,0.00,7.83
49,4w,TolHd,Exten,95,1.34,0.00,0.00,2.55,1.54,2.76,2.14,1.42,0.00,29.07,0.00,1.62,0.00,0.00,0.00,9.00
49,4w,TolHd,Exten,105,1.51,0.00,0.00,2.65,1.61,2.82,2.17,1.44,0.00,30.55,0.00,1.79,0.00,0.00,0.00,10.07
49,4w,TolHd,Exten,115,1.66,0.00,0.00,2.74,1.66,2.86,2.18,1.45,0.00,31.44,0.00,1.94,0.00,0.00,0.00,11.04
49,4w,TolHd,Exten,125,1.79,0.00,0.00,2.82,1.71,2.89,2.16,1.44,0.00,31.84,0.00,2.06,0.00,0.00,0.00,11.91
49,4w,TolHd,Exten,135,1.90,0.00,0.00,2.89,1.75,2.90,2.13,1.42,0.00,31.86,0.00,2.15,0.00,0.00,0.00,12.67
49,4w,TolHd,Exten,145,2.00,0.00,0.00,2.95,1.79,2.91,2.09,1.39,0.00,31.59,0.00,2.23,0.00,0.00,0.00,13.32
49,4w,TolHd,Exten,155,2.07,0.00,0.00,3.01,1.83,2.90,2.04,1.36,0.00,31.11,0.00,2.28,0.00,0.00,0.00,13.87
49,4w,TolHd,Exten,165,2.13,0.00,0.00,3.06,1.86,2.89,1.98,1.32,0.00,30.47,0.00,2.32,0.00,0.00,0.00,14.32
49,4w,TolHd,Exten,175,2.18,0.00,0.00,3.11,1.89,2.88,1.90,1.27,0.00,29.73,0.00,2.34,0.00,0.00,0.00,14.68
49,4w,TolHd,Exten,185,2.21,0.00,0.00,3.15,1.91,2.85,1.83,1.22,0.00,28.91,0.00,2.35,0.00,0.00,0.00,14.95
49,4w,TolHd,Exten,195,2.22,0.00,0.00,3.19,1.94,2.83,1.75,1.16,0.00,28.06,0.00,2.35,0.00,0.00,0.00,15.14
49,4w,TolHd,Exten,205,2.23,0.00,0.00,3.23,1.96,2.80,1.67,1.11,0.00,27.17,0.00,2.34,0.00,0.00,0.00,15.25
49,4w,TolHd,Exten,215,2.23,0.00,0.00,3.26,1.98,2.76,1.58,1.05,0.00,26.27,0.00,2.33,0.00,0.00,0.00,15.31
49,4w,TolHd,Exten,225,2.22,0.00,0.00,3.30,2.00,2.73,1.50,1.00,0.00,25.38,0.00,2.31,0.00,0.00,0.00,15.30
49,4w,TolHd,Exten,235,2.20,0.00,0.00,3.33,2.02,2.69,1.42,0.94,0.00,24.48,0.00,2.28,0.00,0.00,0.00,15.25
49,4w,TolHd,Exten,245,2.18,0.00,0.00,3.36,2.04,2.65,1.34,0.89,0.00,23.60,0.00,2.25,0.00,0.00,0.00,15.15
49,4w,TolHd,Exten,255,2.15,0.00,0.00,3.38,2.06,2.61,1.26,0.84,0.00,22.74,0.00,2.22,0.00,0.00,0.00,15.02
50,4w,TolHd,Basc1,5,0.00,0.00,0.00,0.00,0.00,0.00,0.00,0.00,0.00,0.00,0.00,0.00,0.00,0.00,0.00,0.00
50,4w,TolHd,Basc1,15,0.01,0.00,0.09,0.16,0.08,0.09,0.55,0.11,0.00,0.38,0.00,0.07,0.00,0.00,0.00,0.13
50,4w,TolHd,Basc1,25,0.07,0.00,0.32,0.75,0.28,0.44,1.11,0.22,0.00,1.66,0.00,0.30,0.00,0.00,0.00,0.52
50,4w,TolHd,Basc1,35,0.17,0.00,0.67,1.61,0.53,0.92,1.67,0.33,0.00,3.91,0.00,0.72,0.00,0.00,0.00,1.19
50,4w,TolHd,Basc1,45,0.32,0.00,1.11,2.41,0.78,1.34,2.18,0.43,0.00,6.89,0.00,1.30,0.00,0.00,0.00,2.10
50,4w,TolHd,Basc1,55,0.50,0.00,1.58,3.02,1.00,1.64,2.61,0.52,0.00,10.17,0.00,1.98,0.00,0.00,0.00,3.18
50,4w,TolHd,Basc1,65,0.69,0.00,2.03,3.48,1.17,1.86,2.96,0.59,0.00,13.30,0.00,2.71,0.00,0.00,0.00,4.32
50,4w,TolHd,Basc1,75,0.88,0.00,2.44,3.83,1.30,2.02,3.21,0.64,0.00,16.01,0.00,3.41,0.00,0.00,0.00,5.46
50,4w,TolHd,Basc1,85,1.07,0.00,2.78,4.11,1.40,2.13,3.39,0.67,0.00,18.18,0.00,4.06,0.00,0.00,0.00,6.55
50,4w,TolHd,Basc1,95,1.24,0.00,3.04,4.34,1.48,2.21,3.51,0.70,0.00,19.79,0.00,4.65,0.00,0.00,0.00,7.58
50,4w,TolHd,Basc1,105,1.40,0.00,3.24,4.53,1.55,2.27,3.57,0.71,0.00,20.89,0.00,5.16,0.00,0.00,0.00,8.52
50,4w,TolHd,Basc1,115,1.55,0.00,3.36,4.70,1.60,2.31,3.60,0.72,0.00,21.56,0.00,5.59,0.00,0.00,0.00,9.37
50,4w,TolHd,Basc1,125,1.67,0.00,3.41,4.84,1.65,2.34,3.58,0.71,0.00,21.87,0.00,5.95,0.00,0.00,0.00,10.13
50,4w,TolHd,Basc1,135,1.78,0.00,3.40,4.97,1.70,2.35,3.54,0.70,0.00,21.92,0.00,6.23,0.00,0.00,0.00,10.78
50,4w,TolHd,Basc1,145,1.87,0.00,3.35,5.09,1.74,2.36,3.47,0.69,0.00,21.75,0.00,6.45,0.00,0.00,0.00,11.35
50,4w,TolHd,Basc1,155,1.94,0.00,3.25,5.19,1.77,2.36,3.39,0.67,0.00,21.43,0.00,6.62,0.00,0.00,0.00,11.83
50,4w,TolHd,Basc1,165,2.00,0.00,3.12,5.28,1.80,2.35,3.28,0.65,0.00,21.00,0.00,6.73,0.00,0.00,0.00,12.21
50,4w,TolHd,Basc1,175,2.04,0.00,2.96,5.36,1.83,2.34,3.17,0.63,0.00,20.50,0.00,6.80,0.00,0.00,0.00,12.52
50,4w,TolHd,Basc1,185,2.07,0.00,2.79,5.44,1.86,2.32,3.04,0.60,0.00,19.95,0.00,6.83,0.00,0.00,0.00,12.76
50,4w,TolHd,Basc1,195,2.09,0.00,2.61,5.51,1.89,2.30,2.91,0.58,0.00,19.36,0.00,6.83,0.00,0.00,0.00,12.93
50,4w,TolHd,Basc1,205,2.09,0.00,2.43,5.58,1.91,2.27,2.78,0.55,0.00,18.76,0.00,6.81,0.00,0.00,0.00,13.03
50,4w,TolHd,Basc1,215,2.09,0.00,2.24,5.64,1.93,2.25,2.64,0.52,0.00,18.15,0.00,6.77,0.00,0.00,0.00,13.08
50,4w,TolHd,Basc1,225,2.08,0.00,2.06,5.70,1.95,2.22,2.50,0.50,0.00,17.54,0.00,6.71,0.00,0.00,0.00,13.09
50,4w,TolHd,Basc1,235,2.07,0.00,1.89,5.75,1.97,2.19,2.36,0.47,0.00,16.93,0.00,6.64,0.00,0.00,0.00,13.05
50,4w,TolHd,Basc1,245,2.05,0.00,1.72,5.81,1.99,2.16,2.23,0.44,0.00,16.32,0.00,6.56,0.00,0.00,0.00,12.97
50,4w,TolHd,Basc1,255,2.02,0.00,1.57,5.86,2.01,2.13,2.10,0.42,0.00,15.73,0.00,6.47,0.00,0.00,0.00,12.86
51,4w,TolHd,Intn1,5,0.00,0.00,0.00,0.00,0.00,0.00,0.00,0.00,0.00,0.00,0.00,0.00,0.00,0.00,0.00,0.00
51,4w,TolHd,Intn1,15,0.01,0.00,0.09,0.16,0.08,0.09,0.55,0.11,0.00,0.38,0.00,0.07,0.00,0.00,0.00,0.13
51,4w,TolHd,Intn1,25,0.07,0.00,0.32,0.75,0.28,0.44,1.11,0.22,0.00,1.66,0.00,0.30,0.00,0.00,0.00,0.52
51,4w,TolHd,Intn1,35,0.17,0.00,0.67,1.61,0.53,0.92,1.67,0.33,0.00,3.91,0.00,0.72,0.00,0.00,0.00,1.19
51,4w,TolHd,Intn1,45,0.32,0.00,1.11,2.41,0.78,1.34,2.18,0.43,0.00,6.89,0.00,1.30,0.00,0.00,0.00,2.10
51,4w,TolHd,Intn1,55,0.50,0.00,1.58,3.02,1.00,1.64,2.61,0.52,0.00,10.17,0.00,1.98,0.00,0.00,0.00,3.18
51,4w,TolHd,Intn1,65,0.69,0.00,2.03,3.48,1.17,1.86,2.96,0.59,0.00,13.30,0.00,2.71,0.00,0.00,0.00,4.32
51,4w,TolHd,Intn1,75,0.88,0.00,2.44,3.83,1.30,2.02,3.21,0.64,0.00,16.01,0.00,3.41,0.00,0.00,0.00,5.46
51,4w,TolHd,Intn1,85,1.07,0.00,2.78,4.11,1.40,2.13,3.39,0.67,0.00,18.18,0.00,4.06,0.00,0.00,0.00,6.55
51,4w,TolHd,Intn1,95,1.24,0.00,3.04,4.34,1.48,2.21,3.51,0.70,0.00,19.79,0.00,4.65,0.00,0.00,0.00,7.58
51,4w,TolHd,Intn1,105,1.40,0.00,3.24,4.53,1.55,2.27,3.57,0.71,0.00,20.89,0.00,5.16,0.00,0.00,0.00,8.52
51,4w,TolHd,Intn1,115,1.55,0.00,3.36,4.70,1.60,2.31,3.60,0.72,0.00,21.56,0.00,5.59,0.00,0.00,0.00,9.37
51,4w,TolHd,Intn1,125,1.67,0.00,3.41,4.84,1.65,2.34,3.58,0.71,0.00,21.87,0.00,5.95,0.00,0.00,0.00,10.13
51,4w,TolHd,Intn1,135,1.78,0.00,3.40,4.97,1.70,2.35,3.54,0.70,0.00,21.92,0.00,6.23,0.00,0.00,0.00,10.78
51,4w,TolHd,Intn1,145,1.87,0.00,3.35,5.09,1.74,2.36,3.47,0.69,0.00,21.75,0.00,6.45,0.00,0.00,0.00,11.35
51,4w,TolHd,Intn1,155,1.94,0.00,3.25,5.19,1.77,2.36,3.39,0.67,0.00,21.43,0.00,6.62,0.00,0.00,0.00,11.83
51,4w,TolHd,Intn1,165,2.00,0.00,3.12,5.28,1.80,2.35,3.28,0.65,0.00,21.00,0.00,6.73,0.00,0.00,0.00,12.21
51,4w,TolHd,Intn1,175,2.04,0.00,2.96,5.36,1.83,2.34,3.17,0.63,0.00,20.50,0.00,6.80,0.00,0.00,0.00,12.52
51,4w,TolHd,Intn1,185,2.07,0.00,2.79,5.44,1.86,2.32,3.04,0.60,0.00,19.95,0.00,6.83,0.00,0.00,0.00,12.76
51,4w,TolHd,Intn1,195,2.09,0.00,2.61,5.51,1.89,2.30,2.91,0.58,0.00,19.36,0.00,6.83,0.00,0.00,0.00,12.93
51,4w,TolHd,Intn1,205,2.09,0.00,2.43,5.58,1.91,2.27,2.78,0.55,0.00,18.76,0.00,6.81,0.00,0.00,0.00,13.03
51,4w,TolHd,Intn1,215,2.09,0.00,2.24,5.64,1.93,2.25,2.64,0.52,0.00,18.15,0.00,6.77,0.00,0.00,0.00,13.08
51,4w,TolHd,Intn1,225,2.08,0.00,2.06,5.70,1.95,2.22,2.50,0.50,0.00,17.54,0.00,6.71,0.00,0.00,0.00,13.09
51,4w,TolHd,Intn1,235,2.07,0.00,1.89,5.75,1.97,2.19,2.36,0.47,0.00,16.93,0.00,6.64,0.00,0.00,0.00,13.05
51,4w,TolHd,Intn1,245,2.05,0.00,1.72,5.81,1.99,2.16,2.23,0.44,0.00,16.32,0.00,6.56,0.00,0.00,0.00,12.97
51,4w,TolHd,Intn1,255,2.02,0.00,1.57,5.86,2.01,2.13,2.10,0.42,0.00,15.73,0.00,6.47,0.00,0.00,0.00,12.86
52,4w,SbMx1,Prsnt,5,0.00,0.00,0.00,0.00,0.00,0.00,0.00,0.00,0.00,0.00,0.00,0.00,0.00,0.00,0.00,0.00
52,4w,SbMx1,Prsnt,15,0.02,0.00,1.19,1.70,0.22,0.13,0.14,0.14,0.00,0.16,0.00,0.07,0.00,0.00,0.00,0.00
52,4w,SbMx1,Prsnt,25,0.11,0.00,4.76,8.71,0.84,0.65,0.33,0.33,0.00,0.81,0.00,0.35,0.00,0.00,0.00,0.00
52,4w,SbMx1,Prsnt,35,0.29,0.00,11.21,20.79,1.78,1.53,0.56,0.56,0.00,2.15,0.00,0.93,0.00,0.00,0.00,0.00
52,4w,SbMx1,Prsnt,45,0.58,0.00,20.11,33.86,2.85,2.43,0.79,0.79,0.00,4.12,0.00,1.83,0.00,0.00,0.00,0.00
52,4w,SbMx1,Prsnt,55,0.94,0.00,30.01,44.61,3.81,3.13,1.00,1.00,0.00,6.39,0.00,2.93,0.00,0.00,0.00,0.00
52,4w,SbMx1,Prsnt,65,1.32,0.00,39.22,52.16,4.53,3.60,1.15,1.15,0.00,8.50,0.00,4.06,0.00,0.00,0.00,0.00
52,4w,SbMx1,Prsnt,75,1.67,0.00,46.61,56.96,4.99,3.87,1.24,1.24,0.00,10.15,0.00,5.08,0.00,0.00,0.00,0.00
52,4w,SbMx1,Prsnt,85,1.97,0.00,51.70,59.55,5.24,3.99,1.27,1.27,0.00,11.23,0.00,5.89,0.00,0.00,0.00,0.00
52,4w,SbMx1,Prsnt,95,2.20,0.00,54.35,60.35,5.32,3.97,1.27,1.27,0.00,11.73,0.00,6.47,0.00,0.00,0.00,0.00
52,4w,SbMx1,Prsnt,105,2.35,0.00,54.63,59.62,5.26,3.85,1.22,1.22,0.00,11.71,0.00,6.79,0.00,0.00,0.00,0.00
52,4w,SbMx1,Prsnt,115,2.41,0.00,52.77,57.56,5.08,3.65,1.14,1.14,0.00,11.25,0.00,6.85,0.00,0.00,0.00,0.00
52,4w,SbMx1,Prsnt,125,2.39,0.00,49.16,54.40,4.80,3.39,1.04,1.04,0.00,10.47,0.00,6.68,0.00,0.00,0.00,0.00
52,4w,SbMx1,Prsnt,135,2.29,0.00,44.27,50.36,4.44,3.08,0.93,0.93,0.00,9.46,0.00,6.32,0.00,0.00,0.00,0.00
52,4w,SbMx1,Prsnt,145,2.13,0.00,38.63,45.70,4.03,2.73,0.81,0.81,0.00,8.33,0.00,5.80,0.00,0.00,0.00,0.00
52,4w,SbMx1,Prsnt,155,1.93,0.00,32.71,40.67,3.59,2.38,0.69,0.69,0.00,7.16,0.00,5.19,0.00,0.00,0.00,0.00
52,4w,SbMx1,Prsnt,165,1.71,0.00,26.93,35.50,3.13,2.04,0.57,0.57,0.00,6.02,0.00,4.53,0.00,0.00,0.00,0.00
52,4w,SbMx1,Prsnt,175,1.47,0.00,21.58,30.41,2.68,1.71,0.46,0.46,0.00,4.95,0.00,3.85,0.00,0.00,0.00,0.00
52,4w,SbMx1,Prsnt,185,1.23,0.00,16.86,25.57,2.26,1.40,0.37,0.37,0.00,3.99,0.00,3.21,0.00,0.00,0.00,0.00
52,4w,SbMx1,Prsnt,195,1.01,0.00,12.85,21.10,1.86,1.13,0.29,0.29,0.00,3.16,0.00,2.61,0.00,0.00,0.00,0.00
52,4w,SbMx1,Prsnt,205,0.81,0.00,9.56,17.10,1.51,0.90,0.22,0.22,0.00,2.45,0.00,2.09,0.00,0.00,0.00,0.00
52,4w,SbMx1,Prsnt,215,0.64,0.00,6.95,13.60,1.20,0.70,0.16,0.16,0.00,1.86,0.00,1.63,0.00,0.00,0.00,0.00
52,4w,SbMx1,Prsnt,225,0.49,0.00,4.94,10.63,0.94,0.53,0.12,0.12,0.00,1.39,0.00,1.25,0.00,0.00,0.00,0.00
52,4w,SbMx1,Prsnt,235,0.37,0.00,3.44,8.15,0.72,0.40,0.08,0.08,0.00,1.02,0.00,0.94,0.00,0.00,0.00,0.00
52,4w,SbMx1,Prsnt,245,0.27,0.00,2.34,6.15,0.54,0.29,0.06,0.06,0.00,0.73,0.00,0.69,0.00,0.00,0.00,0.00
52,4w,SbMx1,Prsnt,255,0.20,0.00,1.56,4.55,0.40,0.21,0.04,0.04,0.00,0.52,0.00,0.50,0.00,0.00,0.00,0.00
53,4w,SbMx1,Exten,5,0.00,0.00,0.00,0.00,0.00,0.00,0.00,0.00,0.00,0.00,0.00,0.00,0.00,0.00,0.00,0.00
53,4w,SbMx1,Exten,15,0.00,0.00,0.75,1.16,0.98,0.04,0.12,0.12,0.00,0.18,0.00,0.01,0.00,0.00,0.00,0.00
53,4w,SbMx1,Exten,25,0.00,0.00,3.04,6.01,3.76,0.21,0.28,0.28,0.00,0.92,0.00,0.08,0.00,0.00,0.00,0.00
53,4w,SbMx1,Exten,35,0.00,0.00,7.23,14.50,8.08,0.50,0.47,0.47,0.00,2.45,0.00,0.21,0.00,0.00,0.00,0.00
53,4w,SbMx1,Exten,45,0.00,0.00,13.10,23.84,13.03,0.81,0.68,0.68,0.00,4.75,0.00,0.43,0.00,0.00,0.00,0.00
53,4w,SbMx1,Exten,55,0.00,0.00,19.76,31.75,17.60,1.05,0.87,0.87,0.00,7.45,0.00,0.69,0.00,0.00,0.00,0.00
53,4w,SbMx1,Exten,65,0.00,0.00,26.15,37.60,21.17,1.23,1.01,1.01,0.00,10.03,0.00,0.97,0.00,0.00,0.00,0.00
53,4w,SbMx1,Exten,75,0.00,0.00,31.52,41.63,23.65,1.34,1.10,1.10,0.00,12.15,0.00,1.24,0.00,0.00,0.00,0.00
53,4w,SbMx1,Exten,85,0.00,0.00,35.45,44.14,25.18,1.40,1.15,1.15,0.00,13.63,0.00,1.46,0.00,0.00,0.00,0.00
53,4w,SbMx1,Exten,95,0.00,0.00,37.78,45.34,25.91,1.41,1.16,1.16,0.00,14.43,0.00,1.62,0.00,0.00,0.00,0.00
53,4w,SbMx1,Exten,105,0.00,0.00,38.46,45.36,25.94,1.38,1.13,1.13,0.00,14.58,0.00,1.72,0.00,0.00,0.00,0.00
53,4w,SbMx1,Exten,115,0.00,0.00,37.59,44.31,25.35,1.33,1.07,1.07,0.00,14.18,0.00,1.76,0.00,0.00,0.00,0.00
53,4w,SbMx1,Exten,125,0.00,0.00,35.39,42.33,24.23,1.24,0.99,0.99,0.00,13.34,0.00,1.73,0.00,0.00,0.00,0.00
53,4w,SbMx1,Exten,135,0.00,0.00,32.19,39.58,22.66,1.14,0.89,0.89,0.00,12.18,0.00,1.66,0.00,0.00,0.00,0.00
53,4w,SbMx1,Exten,145,0.00,0.00,28.34,36.24,20.75,1.02,0.78,0.78,0.00,10.82,0.00,1.53,0.00,0.00,0.00,0.00
53,4w,SbMx1,Exten,155,0.00,0.00,24.20,32.52,18.62,0.90,0.67,0.67,0.00,9.38,0.00,1.38,0.00,0.00,0.00,0.00
53,4w,SbMx1,Exten,165,0.00,0.00,20.07,28.60,16.38,0.77,0.56,0.56,0.00,7.94,0.00,1.21,0.00,0.00,0.00,0.00
53,4w,SbMx1,Exten,175,0.00,0.00,16.19,24.66,14.13,0.65,0.46,0.46,0.00,6.58,0.00,1.04,0.00,0.00,0.00,0.00
53,4w,SbMx1,Exten,185,0.00,0.00,12.72,20.86,11.95,0.54,0.37,0.37,0.00,5.34,0.00,0.87,0.00,0.00,0.00,0.00
53,4w,SbMx1,Exten,195,0.00,0.00,9.75,17.30,9.92,0.44,0.29,0.29,0.00,4.24,0.00,0.71,0.00,0.00,0.00,0.00
53,4w,SbMx1,Exten,205,0.00,0.00,7.29,14.09,8.08,0.35,0.22,0.22,0.00,3.30,0.00,0.57,0.00,0.00,0.00,0.00
53,4w,SbMx1,Exten,215,0.00,0.00,5.32,11.26,6.45,0.27,0.16,0.16,0.00,2.52,0.00,0.45,0.00,0.00,0.00,0.00
53,4w,SbMx1,Exten,225,0.00,0.00,3.80,8.83,5.06,0.21,0.12,0.12,0.00,1.89,0.00,0.34,0.00,0.00,0.00,0.00
53,4w,SbMx1,Exten,235,0.00,0.00,2.65,6.80,3.90,0.15,0.08,0.08,0.00,1.39,0.00,0.26,0.00,0.00,0.00,0.00
53,4w,SbMx1,Exten,245,0.00,0.00,1.81,5.14,2.95,0.11,0.06,0.06,0.00,1.00,0.00,0.19,0.00,0.00,0.00,0.00
53,4w,SbMx1,Exten,255,0.00,0.00,1.21,3.81,2.19,0.08,0.04,0.04,0.00,0.71,0.00,0.14,0.00,0.00,0.00,0.00
54,4w,SbMx1,Basc1,5,0.00,0.00,0.00,0.00,0.00,0.00,0.00,0.00,0.00,0.00,0.00,0.00,0.00,0.00,0.00,0.00
54,4w,SbMx1,Basc1,15,0.02,0.00,1.19,1.70,0.22,0.13,0.14,0.14,0.00,0.16,0.00,0.07,0.00,0.00,0.00,0.00
54,4w,SbMx1,Basc1,25,0.11,0.00,4.76,8.71,0.84,0.65,0.33,0.33,0.00,0.81,0.00,0.35,0.00,0.00,0.00,0.00
54,4w,SbMx1,Basc1,35,0.29,0.00,11.21,20.79,1.78,1.53,0.56,0.56,0.00,2.15,0.00,0.93,0.00,0.00,0.00,0.00
54,4w,SbMx1,Basc1,45,0.58,0.00,20.11,33.86,2.85,2.43,0.79,0.79,0.00,4.12,0.00,1.83,0.00,0.00,0.00,0.00
54,4w,SbMx1,Basc1,55,0.94,0.00,30.01,44.61,3.81,3.13,1.00,1.00,0.00,6.39,0.00,2.93,0.00,0.00,0.00,0.00
54,4w,SbMx1,Basc1,65,1.32,0.00,39.22,52.16,4.53,3.60,1.15,1.15,0.00,8.50,0.00,4.06,0.00,0.00,0.00,0.00
54,4w,SbMx1,Basc1,75,1.67,0.00,46.61,56.96,4.99,3.87,1.24,1.24,0.00,10.15,0.00,5.08,0.00,0.00,0.00,0.00
54,4w,SbMx1,Basc1,85,1.97,0.00,51.70,59.55,5.24,3.99,1.27,1.27,0.00,11.23,0.00,5.89,0.00,0.00,0.00,0.00
54,4w,SbMx1,Basc1,95,2.20,0.00,54.35,60.35,5.32,3.97,1.27,1.27,0.00,11.73,0.00,6.47,0.00,0.00,0.00,0.00
54,4w,SbMx1,Basc1,105,2.35,0.00,54.63,59.62,5.26,3.85,1.22,1.22,0.00,11.71,0.00,6.79,0.00,0.00,0.00,0.00
54,4w,SbMx1,Basc1,115,2.41,0.00,52.77,57.56,5.08,3.65,1.14,1.14,0.00,11.25,0.00,6.85,0.00,0.00,0.00,0.00
54,4w,SbMx1,Basc1,125,2.39,0.00,49.16,54.40,4.80,3.39,1.04,1.04,0.00,10.47,0.00,6.68,0.00,0.00,0.00,0.00
54,4w,SbMx1,Basc1,135,2.29,0.00,44.27,50.36,4.44,3.08,0.93,0.93,0.00,9.46,0.00,6.32,0.00,0.00,0.00,0.00
54,4w,SbMx1,Basc1,145,2.13,0.00,38.63,45.70,4.03,2.73,0.81,0.81,0.00,8.33,0.00,5.80,0.00,0.00,0.00,0.00
54,4w,SbMx1,Basc1,155,1.93,0.00,32.71,40.67,3.59,2.38,0.69,0.69,0.00,7.16,0.00,5.19,0.00,0.00,0.00,0.00
54,4w,SbMx1,Basc1,165,1.71,0.00,26.93,35.50,3.13,2.04,0.57,0.57,0.00,6.02,0.00,4.53,0.00,0.00,0.00,0.00
54,4w,SbMx1,Basc1,175,1.47,0.00,21.58,30.41,2.68,1.71,0.46,0.46,0.00,4.95,0.00,3.85,0.00,0.00,0.00,0.00
54,4w,SbMx1,Basc1,185,1.23,0.00,16.86,25.57,2.26,1.40,0.37,0.37,0.00,3.99,0.00,3.21,0.00,0.00,0.00,0.00
54,4w,SbMx1,Basc1,195,1.01,0.00,12.85,21.10,1.86,1.13,0.29,0.29,0.00,3.16,0.00,2.61,0.00,0.00,0.00,0.00
54,4w,SbMx1,Basc1,205,0.81,0.00,9.56,17.10,1.51,0.90,0.22,0.22,0.00,2.45,0.00,2.09,0.00,0.00,0.00,0.00
54,4w,SbMx1,Basc1,215,0.64,0.00,6.95,13.60,1.20,0.70,0.16,0.16,0.00,1.86,0.00,1.63,0.00,0.00,0.00,0.00
54,4w,SbMx1,Basc1,225,0.49,0.00,4.94,10.63,0.94,0.53,0.12,0.12,0.00,1.39,0.00,1.25,0.00,0.00,0.00,0.00
54,4w,SbMx1,Basc1,235,0.37,0.00,3.44,8.15,0.72,0.40,0.08,0.08,0.00,1.02,0.00,0.94,0.00,0.00,0.00,0.00
54,4w,SbMx1,Basc1,245,0.27,0.00,2.34,6.15,0.54,0.29,0.06,0.06,0.00,0.73,0.00,0.69,0.00,0.00,0.00,0.00
54,4w,SbMx1,Basc1,255,0.20,0.00,1.56,4.55,0.40,0.21,0.04,0.04,0.00,0.52,0.00,0.50,0.00,0.00,0.00,0.00
55,4w,SbMx1,Intn1,5,0.00,0.00,0.00,0.00,0.00,0.00,0.00,0.00,0.00,0.00,0.00,0.00,0.00,0.00,0.00,0.00
55,4w,SbMx1,Intn1,15,0.00,0.01,0.33,0.49,2.00,0.05,0.00,0.00,0.00,0.20,0.00,0.01,0.00,0.00,0.00,0.00
55,4w,SbMx1,Intn1,25,0.00,0.09,1.54,2.87,8.66,0.31,0.00,0.00,0.00,1.12,0.00,0.08,0.00,0.00,0.00,0.00
55,4w,SbMx1,Intn1,35,0.00,0.26,4.05,7.64,20.58,0.82,0.00,0.00,0.00,3.32,0.00,0.24,0.00,0.00,0.00,0.00
55,4w,SbMx1,Intn1,45,0.00,0.57,7.81,13.40,35.37,1.41,0.00,0.00,0.00,6.87,0.00,0.50,0.00,0.00,0.00,0.00
55,4w,SbMx1,Intn1,55,0.00,0.98,12.31,18.63,49.88,1.93,0.00,0.00,0.00,11.24,0.00,0.85,0.00,0.00,0.00,0.00
55,4w,SbMx1,Intn1,65,0.00,1.46,16.83,22.81,62.01,2.32,0.00,0.00,0.00,15.65,0.00,1.24,0.00,0.00,0.00,0.00
55,4w,SbMx1,Intn1,75,0.00,1.95,20.82,25.92,71.10,2.59,0.00,0.00,0.00,19.45,0.00,1.62,0.00,0.00,0.00,0.00
55,4w,SbMx1,Intn1,85,0.00,2.41,23.91,28.06,77.28,2.76,0.00,0.00,0.00,22.27,0.00,1.94,0.00,0.00,0.00,0.00
55,4w,SbMx1,Intn1,95,0.00,2.82,25.90,29.29,80.82,2.84,0.00,0.00,0.00,23.96,0.00,2.20,0.00,0.00,0.00,0.00
55,4w,SbMx1,Intn1,105,0.00,3.13,26.70,29.68,81.94,2.82,0.00,0.00,0.00,24.53,0.00,2.37,0.00,0.00,0.00,0.00
55,4w,SbMx1,Intn1,115,0.00,3.35,26.35,29.28,80.87,2.74,0.00,0.00,0.00,24.09,0.00,2.44,0.00,0.00,0.00,0.00
55,4w,SbMx1,Intn1,125,0.00,3.45,25.00,28.18,77.86,2.58,0.00,0.00,0.00,22.83,0.00,2.42,0.00,0.00,0.00,0.00
55,4w,SbMx1,Intn1,135,0.00,3.43,22.87,26.50,73.24,2.38,0.00,0.00,0.00,20.96,0.00,2.33,0.00,0.00,0.00,0.00
55,4w,SbMx1,Intn1,145,0.00,3.32,20.22,24.37,67.38,2.15,0.00,0.00,0.00,18.70,0.00,2.17,0.00,0.00,0.00,0.00
55,4w,SbMx1,Intn1,155,0.00,3.11,17.32,21.94,60.66,1.89,0.00,0.00,0.00,16.27,0.00,1.96,0.00,0.00,0.00,0.00
55,4w,SbMx1,Intn1,165,0.00,2.84,14.40,19.34,53.49,1.63,0.00,0.00,0.00,13.81,0.00,1.73,0.00,0.00,0.00,0.00
55,4w,SbMx1,Intn1,175,0.00,2.53,11.64,16.71,46.22,1.38,0.00,0.00,0.00,11.46,0.00,1.48,0.00,0.00,0.00,0.00
55,4w,SbMx1,Intn1,185,0.00,2.20,9.16,14.14,39.14,1.14,0.00,0.00,0.00,9.31,0.00,1.24,0.00,0.00,0.00,0.00
55,4w,SbMx1,Intn1,195,0.00,1.87,7.02,11.74,32.51,0.93,0.00,0.00,0.00,7.40,0.00,1.02,0.00,0.00,0.00,0.00
55,4w,SbMx1,Intn1,205,0.00,1.55,5.25,9.57,26.49,0.74,0.00,0.00,0.00,5.77,0.00,0.82,0.00,0.00,0.00,0.00
55,4w,SbMx1,Intn1,215,0.00,1.26,3.83,7.64,21.17,0.58,0.00,0.00,0.00,4.41,0.00,0.64,0.00,0.00,0.00,0.00
55,4w,SbMx1,Intn1,225,0.00,1.00,2.74,5.99,16.61,0.44,0.00,0.00,0.00,3.31,0.00,0.49,0.00,0.00,0.00,0.00
55,4w,SbMx1,Intn1,235,0.00,0.78,1.91,4.61,12.79,0.33,0.00,0.00,0.00,2.43,0.00,0.37,0.00,0.00,0.00,0.00
55,4w,SbMx1,Intn1,245,0.00,0.59,1.30,3.49,9.67,0.24,0.00,0.00,0.00,1.76,0.00,0.27,0.00,0.00,0.00,0.00
55,4w,SbMx1,Intn1,255,0.00,0.44,0.87,2.59,7.18,0.17,0.00,0.00,0.00,1.24,0.00,0.20,0.00,0.00,0.00,0.00
56,4w,SbMx1,Intn2,5,0.00,0.00,0.00,0.00,0.00,0.00,0.00,0.00,0.00,0.00,0.00,0.00,0.00,0.00,0.00,0.00
56,4w,SbMx1,Intn2,15,0.02,0.00,1.19,1.70,0.22,0.13,0.14,0.14,0.00,0.16,0.00,0.07,0.00,0.00,0.00,0.00
56,4w,SbMx1,Intn2,25,0.11,0.00,4.76,8.71,0.84,0.65,0.33,0.33,0.00,0.81,0.00,0.35,0.00,0.00,0.00,0.00
56,4w,SbMx1,Intn2,35,0.29,0.00,11.21,20.79,1.78,1.53,0.56,0.56,0.00,2.15,0.00,0.93,0.00,0.00,0.00,0.00
56,4w,SbMx1,Intn2,45,0.58,0.00,20.11,33.86,2.85,2.43,0.79,0.79,0.00,4.12,0.00,1.83,0.00,0.00,0.00,0.00
56,4w,SbMx1,Intn2,55,0.94,0.00,30.01,44.61,3.81,3.13,1.00,1.00,0.00,6.39,0.00,2.93,0.00,0.00,0.00,0.00
56,4w,SbMx1,Intn2,65,1.32,0.00,39.22,52.16,4.53,3.60,1.15,1.15,0.00,8.50,0.00,4.06,0.00,0.00,0.00,0.00
56,4w,SbMx1,Intn2,75,1.67,0.00,46.61,56.96,4.99,3.87,1.24,1.24,0.00,10.15,0.00,5.08,0.00,0.00,0.00,0.00
56,4w,SbMx1,Intn2,85,1.97,0.00,51.70,59.55,5.24,3.99,1.27,1.27,0.00,11.23,0.00,5.89,0.00,0.00,0.00,0.00
56,4w,SbMx1,Intn2,95,2.20,0.00,54.35,60.35,5.32,3.97,1.27,1.27,0.00,11.73,0.00,6.47,0.00,0.00,0.00,0.00
56,4w,SbMx1,Intn2,105,2.35,0.00,54.63,59.62,5.26,3.85,1.22,1.22,0.00,11.71,0.00,6.79,0.00,0.00,0.00,0.00
56,4w,SbMx1,Intn2,115,2.41,0.00,52.77,57.56,5.08,3.65,1.14,1.14,0.00,11.25,0.00,6.85,0.00,0.00,0.00,0.00
56,4w,SbMx1,Intn2,125,2.39,0.00,49.16,54.40,4.80,3.39,1.04,1.04,0.00,10.47,0.00,6.68,0.00,0.00,0.00,0.00
56,4w,SbMx1,Intn2,135,2.29,0.00,44.27,50.36,4.44,3.08,0.93,0.93,0.00,9.46,0.00,6.32,0.00,0.00,0.00,0.00
56,4w,SbMx1,Intn2,145,2.13,0.00,38.63,45.70,4.03,2.73,0.81,0.81,0.00,8.33,0.00,5.80,0.00,0.00,0.00,0.00
56,4w,SbMx1,Intn2,155,1.93,0.00,32.71,40.67,3.59,2.38,0.69,0.69,0.00,7.16,0.00,5.19,0.00,0.00,0.00,0.00
56,4w,SbMx1,Intn2,165,1.71,0.00,26.93,35.50,3.13,2.04,0.57,0.57,0.00,6.02,0.00,4.53,0.00,0.00,0.00,0.00
56,4w,SbMx1,Intn2,175,1.47,0.00,21.58,30.41,2.68,1.71,0.46,0.46,0.00,4.95,0.00,3.85,0.00,0.00,0.00,0.00
56,4w,SbMx1,Intn2,185,1.23,0.00,16.86,25.57,2.26,1.40,0.37,0.37,0.00,3.99,0.00,3.21,0.00,0.00,0.00,0.00
56,4w,SbMx1,Intn2,195,1.01,0.00,12.85,21.10,1.86,1.13,0.29,0.29,0.00,3.16,0.00,2.61,0.00,0.00,0.00,0.00
56,4w,SbMx1,Intn2,205,0.81,0.00,9.56,17.10,1.51,0.90,0.22,0.22,0.00,2.45,0.00,2.09,0.00,0.00,0.00,0.00
56,4w,SbMx1,Intn2,215,0.64,0.00,6.95,13.60,1.20,0.70,0.16,0.16,0.00,1.86,0.00,1.63,0.00,0.00,0.00,0.00
56,4w,SbMx1,Intn2,225,0.49,0.00,4.94,10.63,0.94,0.53,0.12,0.12,0.00,1.39,0.00,1.25,0.00,0.00,0.00,0.00
56,4w,SbMx1,Intn2,235,0.37,0.00,3.44,8.15,0.72,0.40,0.08,0.08,0.00,1.02,0.00,0.94,0.00,0.00,0.00,0.00
56,4w,SbMx1,Intn2,245,0.27,0.00,2.34,6.15,0.54,0.29,0.06,0.06,0.00,0.73,0.00,0.69,0.00,0.00,0.00,0.00
56,4w,SbMx1,Intn2,255,0.20,0.00,1.56,4.55,0.40,0.21,0.04,0.04,0.00,0.52,0.00,0.50,0.00,0.00,0.00,0.00
57,4w,PjMx1,Prsnt,5,0.00,0.00,0.00,0.00,0.00,0.00,0.00,0.00,0.00,0.00,0.00,0.00,0.00,0.00,0.00,0.00
57,4w,PjMx1,Prsnt,15,0.00,0.08,10.02,2.41,0.16,0.15,0.00,0.00,0.00,0.83,0.00,0.12,0.00,0.00,0.00,0.00
57,4w,PjMx1,Prsnt,25,0.00,0.22,22.96,7.11,0.35,0.44,0.00,0.00,0.00,2.33,0.00,0.34,0.00,0.00,0.00,0.00
57,4w,PjMx1,Prsnt,35,0.00,0.41,37.11,11.64,0.52,0.71,0.00,0.00,0.00,4.22,0.00,0.63,0.00,0.00,0.00,0.00
57,4w,PjMx1,Prsnt,45,0.00,0.63,51.32,14.62,0.64,0.87,0.00,0.00,0.00,6.25,0.00,0.96,0.00,0.00,0.00,0.00
57,4w,PjMx1,Prsnt,55,0.00,0.86,64.33,16.18,0.72,0.94,0.00,0.00,0.00,8.14,0.00,1.29,0.00,0.00,0.00,0.00
57,4w,PjMx1,Prsnt,65,0.00,1.09,75.06,16.90,0.76,0.96,0.00,0.00,0.00,9.67,0.00,1.60,0.00,0.00,0.00,0.00
57,4w,PjMx1,Prsnt,75,0.00,1.30,82.85,17.14,0.78,0.96,0.00,0.00,0.00,10.72,0.00,1.86,0.00,0.00,0.00,0.00
57,4w,PjMx1,Prsnt,85,0.00,1.48,87.46,17.05,0.78,0.94,0.00,0.00,0.00,11.29,0.00,2.05,0.00,0.00,0.00,0.00
57,4w,PjMx1,Prsnt,95,0.00,1.62,88.88,16.70,0.77,0.91,0.00,0.00,0.00,11.40,0.00,2.18,0.00,0.00,0.00,0.00
57,4w,PjMx1,Prsnt,105,0.00,1.72,87.32,16.13,0.74,0.86,0.00,0.00,0.00,11.12,0.00,2.23,0.00,0.00,0.00,0.00
57,4w,PjMx1,Prsnt,115,0.00,1.78,83.18,15.36,0.70,0.80,0.00,0.00,0.00,10.54,0.00,2.22,0.00,0.00,0.00,0.00
57,4w,PjMx1,Prsnt,125,0.00,1.78,76.99,14.42,0.66,0.74,0.00,0.00,0.00,9.74,0.00,2.15,0.00,0.00,0.00,0.00
57,4w,PjMx1,Prsnt,135,0.00,1.75,69.36,13.36,0.61,0.67,0.00,0.00,0.00,8.81,0.00,2.04,0.00,0.00,0.00,0.00
57,4w,PjMx1,Prsnt,145,0.00,1.68,60.91,12.20,0.56,0.60,0.00,0.00,0.00,7.81,0.00,1.88,0.00,0.00,0.00,0.00
57,4w,PjMx1,Prsnt,155,0.00,1.58,52.20,10.98,0.50,0.53,0.00,0.00,0.00,6.79,0.00,1.70,0.00,0.00,0.00,0.00
57,4w,PjMx1,Prsnt,165,0.00,1.45,43.71,9.75,0.45,0.46,0.00,0.00,0.00,5.81,0.00,1.51,0.00,0.00,0.00,0.00
57,4w,PjMx1,Prsnt,175,0.00,1.31,35.80,8.54,0.39,0.39,0.00,0.00,0.00,4.88,0.00,1.31,0.00,0.00,0.00,0.00
57,4w,PjMx1,Prsnt,185,0.00,1.16,28.70,7.36,0.34,0.33,0.00,0.00,0.00,4.04,0.00,1.12,0.00,0.00,0.00,0.00
57,4w,PjMx1,Prsnt,195,0.00,1.01,22.54,6.26,0.28,0.28,0.00,0.00,0.00,3.29,0.00,0.94,0.00,0.00,0.00,0.00
57,4w,PjMx1,Prsnt,205,0.00,0.86,17.36,5.25,0.24,0.22,0.00,0.00,0.00,2.64,0.00,0.78,0.00,0.00,0.00,0.00
57,4w,PjMx1,Prsnt,215,0.00,0.72,13.11,4.34,0.20,0.18,0.00,0.00,0.00,2.09,0.00,0.63,0.00,0.00,0.00,0.00
57,4w,PjMx1,Prsnt,225,0.00,0.60,9.72,3.53,0.16,0.14,0.00,0.00,0.00,1.62,0.00,0.50,0.00,0.00,0.00,0.00
57,4w,PjMx1,Prsnt,235,0.00,0.48,7.08,2.84,0.13,0.11,0.00,0.00,0.00,1.25,0.00,0.39,0.00,0.00,0.00,0.00
57,4w,PjMx1,Prsnt,245,0.00,0.39,5.06,2.24,0.10,0.08,0.00,0.00,0.00,0.94,0.00,0.30,0.00,0.00,0.00,0.00
57,4w,PjMx1,Prsnt,255,0.00,0.30,3.56,1.75,0.08,0.06,0.00,0.00,0.00,0.70,0.00,0.23,0.00,0.00,0.00,0.00
58,4w,PjMx1,Exten,5,0.00,0.00,0.00,0.00,0.00,0.00,0.00,0.00,0.00,0.00,0.00,0.00,0.00,0.00,0.00,0.00
58,4w,PjMx1,Exten,15,0.00,0.00,9.51,1.96,0.00,0.14,0.00,0.00,0.00,0.97,0.00,0.08,0.00,0.00,0.00,0.00
58,4w,PjMx1,Exten,25,0.00,0.00,21.86,5.80,0.00,0.40,0.00,0.00,0.00,2.72,0.00,0.23,0.00,0.00,0.00,0.00
58,4w,PjMx1,Exten,35,0.00,0.00,35.25,9.48,0.00,0.65,0.00,0.00,0.00,4.92,0.00,0.43,0.00,0.00,0.00,0.00
58,4w,PjMx1,Exten,45,0.00,0.00,48.53,11.85,0.00,0.79,0.00,0.00,0.00,7.26,0.00,0.65,0.00,0.00,0.00,0.00
58,4w,PjMx1,Exten,55,0.00,0.00,60.57,13.06,0.00,0.85,0.00,0.00,0.00,9.41,0.00,0.88,0.00,0.00,0.00,0.00
58,4w,PjMx1,Exten,65,0.00,0.00,70.43,13.59,0.00,0.87,0.00,0.00,0.00,11.14,0.00,1.08,0.00,0.00,0.00,0.00
58,4w,PjMx1,Exten,75,0.00,0.00,77.56,13.75,0.00,0.87,0.00,0.00,0.00,12.32,0.00,1.26,0.00,0.00,0.00,0.00
58,4w,PjMx1,Exten,85,0.00,0.00,81.76,13.66,0.00,0.85,0.00,0.00,0.00,12.95,0.00,1.39,0.00,0.00,0.00,0.00
58,4w,PjMx1,Exten,95,0.00,0.00,83.02,13.37,0.00,0.82,0.00,0.00,0.00,13.07,0.00,1.47,0.00,0.00,0.00,0.00
58,4w,PjMx1,Exten,105,0.00,0.00,81.54,12.91,0.00,0.77,0.00,0.00,0.00,12.74,0.00,1.51,0.00,0.00,0.00,0.00
58,4w,PjMx1,Exten,115,0.00,0.00,77.68,12.29,0.00,0.72,0.00,0.00,0.00,12.08,0.00,1.50,0.00,0.00,0.00,0.00
58,4w,PjMx1,Exten,125,0.00,0.00,71.91,11.54,0.00,0.67,0.00,0.00,0.00,11.17,0.00,1.45,0.00,0.00,0.00,0.00
58,4w,PjMx1,Exten,135,0.00,0.00,64.80,10.69,0.00,0.60,0.00,0.00,0.00,10.10,0.00,1.37,0.00,0.00,0.00,0.00
58,4w,PjMx1,Exten,145,0.00,0.00,56.93,9.77,0.00,0.54,0.00,0.00,0.00,8.95,0.00,1.27,0.00,0.00,0.00,0.00
58,4w,PjMx1,Exten,155,0.00,0.00,48.81,8.80,0.00,0.48,0.00,0.00,0.00,7.79,0.00,1.15,0.00,0.00,0.00,0.00
58,4w,PjMx1,Exten,165,0.00,0.00,40.88,7.82,0.00,0.41,0.00,0.00,0.00,6.67,0.00,1.02,0.00,0.00,0.00,0.00
58,4w,PjMx1,Exten,175,0.00,0.00,33.50,6.84,0.00,0.35,0.00,0.00,0.00,5.61,0.00,0.89,0.00,0.00,0.00,0.00
58,4w,PjMx1,Exten,185,0.00,0.00,26.86,5.91,0.00,0.30,0.00,0.00,0.00,4.64,0.00,0.76,0.00,0.00,0.00,0.00
58,4w,PjMx1,Exten,195,0.00,0.00,21.10,5.03,0.00,0.25,0.00,0.00,0.00,3.78,0.00,0.64,0.00,0.00,0.00,0.00
58,4w,PjMx1,Exten,205,0.00,0.00,16.26,4.21,0.00,0.20,0.00,0.00,0.00,3.04,0.00,0.52,0.00,0.00,0.00,0.00
58,4w,PjMx1,Exten,215,0.00,0.00,12.28,3.48,0.00,0.16,0.00,0.00,0.00,2.40,0.00,0.43,0.00,0.00,0.00,0.00
58,4w,PjMx1,Exten,225,0.00,0.00,9.11,2.84,0.00,0.13,0.00,0.00,0.00,1.87,0.00,0.34,0.00,0.00,0.00,0.00
58,4w,PjMx1,Exten,235,0.00,0.00,6.63,2.28,0.00,0.10,0.00,0.00,0.00,1.43,0.00,0.27,0.00,0.00,0.00,0.00
58,4w,PjMx1,Exten,245,0.00,0.00,4.75,1.80,0.00,0.08,0.00,0.00,0.00,1.08,0.00,0.20,0.00,0.00,0.00,0.00
58,4w,PjMx1,Exten,255,0.00,0.00,3.34,1.40,0.00,0.06,0.00,0.00,0.00,0.81,0.00,0.16,0.00,0.00,0.00,0.00
59,4w,PjMx1,Basc1,5,0.00,0.00,0.00,0.00,0.00,0.00,0.00,0.00,0.00,0.00,0.00,0.00,0.00,0.00,0.00,0.00
59,4w,PjMx1,Basc1,15,0.00,0.08,10.02,2.41,0.16,0.15,0.00,0.00,0.00,0.83,0.00,0.12,0.00,0.00,0.00,0.00
59,4w,PjMx1,Basc1,25,0.00,0.22,22.96,7.11,0.35,0.44,0.00,0.00,0.00,2.33,0.00,0.34,0.00,0.00,0.00,0.00
59,4w,PjMx1,Basc1,35,0.00,0.41,37.11,11.64,0.52,0.71,0.00,0.00,0.00,4.22,0.00,0.63,0.00,0.00,0.00,0.00
59,4w,PjMx1,Basc1,45,0.00,0.63,51.32,14.62,0.64,0.87,0.00,0.00,0.00,6.25,0.00,0.96,0.00,0.00,0.00,0.00
59,4w,PjMx1,Basc1,55,0.00,0.86,64.33,16.18,0.72,0.94,0.00,0.00,0.00,8.14,0.00,1.29,0.00,0.00,0.00,0.00
59,4w,PjMx1,Basc1,65,0.00,1.09,75.06,16.90,0.76,0.96,0.00,0.00,0.00,9.67,0.00,1.60,0.00,0.00,0.00,0.00
59,4w,PjMx1,Basc1,75,0.00,1.30,82.85,17.14,0.78,0.96,0.00,0.00,0.00,10.72,0.00,1.86,0.00,0.00,0.00,0.00
59,4w,PjMx1,Basc1,85,0.00,1.48,87.46,17.05,0.78,0.94,0.00,0.00,0.00,11.29,0.00,2.05,0.00,0.00,0.00,0.00
59,4w,PjMx1,Basc1,95,0.00,1.62,88.88,16.70,0.77,0.91,0.00,0.00,0.00,11.40,0.00,2.18,0.00,0.00,0.00,0.00
59,4w,PjMx1,Basc1,105,0.00,1.72,87.32,16.13,0.74,0.86,0.00,0.00,0.00,11.12,0.00,2.23,0.00,0.00,0.00,0.00
59,4w,PjMx1,Basc1,115,0.00,1.78,83.18,15.36,0.70,0.80,0.00,0.00,0.00,10.54,0.00,2.22,0.00,0.00,0.00,0.00
59,4w,PjMx1,Basc1,125,0.00,1.78,76.99,14.42,0.66,0.74,0.00,0.00,0.00,9.74,0.00,2.15,0.00,0.00,0.00,0.00
59,4w,PjMx1,Basc1,135,0.00,1.75,69.36,13.36,0.61,0.67,0.00,0.00,0.00,8.81,0.00,2.04,0.00,0.00,0.00,0.00
59,4w,PjMx1,Basc1,145,0.00,1.68,60.91,12.20,0.56,0.60,0.00,0.00,0.00,7.81,0.00,1.88,0.00,0.00,0.00,0.00
59,4w,PjMx1,Basc1,155,0.00,1.58,52.20,10.98,0.50,0.53,0.00,0.00,0.00,6.79,0.00,1.70,0.00,0.00,0.00,0.00
59,4w,PjMx1,Basc1,165,0.00,1.45,43.71,9.75,0.45,0.46,0.00,0.00,0.00,5.81,0.00,1.51,0.00,0.00,0.00,0.00
59,4w,PjMx1,Basc1,175,0.00,1.31,35.80,8.54,0.39,0.39,0.00,0.00,0.00,4.88,0.00,1.31,0.00,0.00,0.00,0.00
59,4w,PjMx1,Basc1,185,0.00,1.16,28.70,7.36,0.34,0.33,0.00,0.00,0.00,4.04,0.00,1.12,0.00,0.00,0.00,0.00
59,4w,PjMx1,Basc1,195,0.00,1.01,22.54,6.26,0.28,0.28,0.00,0.00,0.00,3.29,0.00,0.94,0.00,0.00,0.00,0.00
59,4w,PjMx1,Basc1,205,0.00,0.86,17.36,5.25,0.24,0.22,0.00,0.00,0.00,2.64,0.00,0.78,0.00,0.00,0.00,0.00
59,4w,PjMx1,Basc1,215,0.00,0.72,13.11,4.34,0.20,0.18,0.00,0.00,0.00,2.09,0.00,0.63,0.00,0.00,0.00,0.00
59,4w,PjMx1,Basc1,225,0.00,0.60,9.72,3.53,0.16,0.14,0.00,0.00,0.00,1.62,0.00,0.50,0.00,0.00,0.00,0.00
59,4w,PjMx1,Basc1,235,0.00,0.48,7.08,2.84,0.13,0.11,0.00,0.00,0.00,1.25,0.00,0.39,0.00,0.00,0.00,0.00
59,4w,PjMx1,Basc1,245,0.00,0.39,5.06,2.24,0.10,0.08,0.00,0.00,0.00,0.94,0.00,0.30,0.00,0.00,0.00,0.00
59,4w,PjMx1,Basc1,255,0.00,0.30,3.56,1.75,0.08,0.06,0.00,0.00,0.00,0.70,0.00,0.23,0.00,0.00,0.00,0.00
60,4w,PjMx1,Basc2,5,0.00,0.00,0.00,0.00,0.00,0.00,0.00,0.00,0.00,0.00,0.00,0.00,0.00,0.00,0.00,0.00
60,4w,PjMx1,Basc2,15,0.00,0.08,10.02,2.41,0.16,0.15,0.00,0.00,0.00,0.83,0.00,0.12,0.00,0.00,0.00,0.00
60,4w,PjMx1,Basc2,25,0.00,0.22,22.96,7.11,0.35,0.44,0.00,0.00,0.00,2.33,0.00,0.34,0.00,0.00,0.00,0.00
60,4w,PjMx1,Basc2,35,0.00,0.41,37.11,11.64,0.52,0.71,0.00,0.00,0.00,4.22,0.00,0.63,0.00,0.00,0.00,0.00
60,4w,PjMx1,Basc2,45,0.00,0.63,51.32,14.62,0.64,0.87,0.00,0.00,0.00,6.25,0.00,0.96,0.00,0.00,0.00,0.00
60,4w,PjMx1,Basc2,55,0.00,0.86,64.33,16.18,0.72,0.94,0.00,0.00,0.00,8.14,0.00,1.29,0.00,0.00,0.00,0.00
60,4w,PjMx1,Basc2,65,0.00,1.09,75.06,16.90,0.76,0.96,0.00,0.00,0.00,9.67,0.00,1.60,0.00,0.00,0.00,0.00
60,4w,PjMx1,Basc2,75,0.00,1.30,82.85,17.14,0.78,0.96,0.00,0.00,0.00,10.72,0.00,1.86,0.00,0.00,0.00,0.00
60,4w,PjMx1,Basc2,85,0.00,1.48,87.46,17.05,0.78,0.94,0.00,0.00,0.00,11.29,0.00,2.05,0.00,0.00,0.00,0.00
60,4w,PjMx1,Basc2,95,0.00,1.62,88.88,16.70,0.77,0.91,0.00,0.00,0.00,11.40,0.00,2.18,0.00,0.00,0.00,0.00
60,4w,PjMx1,Basc2,105,0.00,1.72,87.32,16.13,0.74,0.86,0.00,0.00,0.00,11.12,0.00,2.23,0.00,0.00,0.00,0.00
60,4w,PjMx1,Basc2,115,0.00,1.78,83.18,15.36,0.70,0.80,0.00,0.00,0.00,10.54,0.00,2.22,0.00,0.00,0.00,0.00
60,4w,PjMx1,Basc2,125,0.00,1.78,76.99,14.42,0.66,0.74,0.00,0.00,0.00,9.74,0.00,2.15,0.00,0.00,0.00,0.00
60,4w,PjMx1,Basc2,135,0.00,1.75,69.36,13.36,0.61,0.67,0.00,0.00,0.00,8.81,0.00,2.04,0.00,0.00,0.00,0.00
60,4w,PjMx1,Basc2,145,0.00,1.68,60.91,12.20,0.56,0.60,0.00,0.00,0.00,7.81,0.00,1.88,0.00,0.00,0.00,0.00
60,4w,PjMx1,Basc2,155,0.00,1.58,52.20,10.98,0.50,0.53,0.00,0.00,0.00,6.79,0.00,1.70,0.00,0.00,0.00,0.00
60,4w,PjMx1,Basc2,165,0.00,1.45,43.71,9.75,0.45,0.46,0.00,0.00,0.00,5.81,0.00,1.51,0.00,0.00,0.00,0.00
60,4w,PjMx1,Basc2,175,0.00,1.31,35.80,8.54,0.39,0.39,0.00,0.00,0.00,4.88,0.00,1.31,0.00,0.00,0.00,0.00
60,4w,PjMx1,Basc2,185,0.00,1.16,28.70,7.36,0.34,0.33,0.00,0.00,0.00,4.04,0.00,1.12,0.00,0.00,0.00,0.00
60,4w,PjMx1,Basc2,195,0.00,1.01,22.54,6.26,0.28,0.28,0.00,0.00,0.00,3.29,0.00,0.94,0.00,0.00,0.00,0.00
60,4w,PjMx1,Basc2,205,0.00,0.86,17.36,5.25,0.24,0.22,0.00,0.00,0.00,2.64,0.00,0.78,0.00,0.00,0.00,0.00
60,4w,PjMx1,Basc2,215,0.00,0.72,13.11,4.34,0.20,0.18,0.00,0.00,0.00,2.09,0.00,0.63,0.00,0.00,0.00,0.00
60,4w,PjMx1,Basc2,225,0.00,0.60,9.72,3.53,0.16,0.14,0.00,0.00,0.00,1.62,0.00,0.50,0.00,0.00,0.00,0.00
60,4w,PjMx1,Basc2,235,0.00,0.48,7.08,2.84,0.13,0.11,0.00,0.00,0.00,1.25,0.00,0.39,0.00,0.00,0.00,0.00
60,4w,PjMx1,Basc2,245,0.00,0.39,5.06,2.24,0.10,0.08,0.00,0.00,0.00,0.94,0.00,0.30,0.00,0.00,0.00,0.00
60,4w,PjMx1,Basc2,255,0.00,0.30,3.56,1.75,0.08,0.06,0.00,0.00,0.00,0.70,0.00,0.23,0.00,0.00,0.00,0.00
61,4w,PjMx1,Intn1,5,0.00,0.00,0.00,0.00,0.00,0.00,0.00,0.00,0.00,0.00,0.00,0.00,0.00,0.00,0.00,0.00
61,4w,PjMx1,Intn1,15,0.00,0.33,9.95,1.74,0.16,0.22,0.00,0.00,0.00,0.96,0.00,0.09,0.00,0.00,0.00,0.01
61,4w,PjMx1,Intn1,25,0.00,0.89,22.92,5.16,0.35,0.65,0.00,0.00,0.00,2.70,0.00,0.25,0.00,0.00,0.00,0.03
61,4w,PjMx1,Intn1,35,0.00,1.62,36.92,8.42,0.51,1.04,0.00,0.00,0.00,4.88,0.00,0.46,0.00,0.00,0.00,0.05
61,4w,PjMx1,Intn1,45,0.00,2.46,50.66,10.50,0.62,1.26,0.00,0.00,0.00,7.16,0.00,0.69,0.00,0.00,0.00,0.08
61,4w,PjMx1,Intn1,55,0.00,3.33,62.96,11.52,0.69,1.35,0.00,0.00,0.00,9.24,0.00,0.93,0.00,0.00,0.00,0.11
61,4w,PjMx1,Intn1,65,0.00,4.18,72.91,11.94,0.73,1.38,0.00,0.00,0.00,10.90,0.00,1.14,0.00,0.00,0.00,0.13
61,4w,PjMx1,Intn1,75,0.00,4.96,80.00,12.03,0.74,1.37,0.00,0.00,0.00,12.02,0.00,1.32,0.00,0.00,0.00,0.16
61,4w,PjMx1,Intn1,85,0.00,5.61,84.05,11.92,0.74,1.34,0.00,0.00,0.00,12.59,0.00,1.45,0.00,0.00,0.00,0.17
61,4w,PjMx1,Intn1,95,0.00,6.12,85.08,11.63,0.72,1.28,0.00,0.00,0.00,12.66,0.00,1.53,0.00,0.00,0.00,0.18
61,4w,PjMx1,Intn1,105,0.00,6.47,83.32,11.19,0.69,1.21,0.00,0.00,0.00,12.31,0.00,1.57,0.00,0.00,0.00,0.19
61,4w,PjMx1,Intn1,115,0.00,6.65,79.15,10.63,0.66,1.13,0.00,0.00,0.00,11.64,0.00,1.56,0.00,0.00,0.00,0.19
61,4w,PjMx1,Intn1,125,0.00,6.67,73.09,9.95,0.62,1.04,0.00,0.00,0.00,10.73,0.00,1.50,0.00,0.00,0.00,0.19
61,4w,PjMx1,Intn1,135,0.00,6.53,65.71,9.20,0.57,0.94,0.00,0.00,0.00,9.68,0.00,1.42,0.00,0.00,0.00,0.18
61,4w,PjMx1,Intn1,145,0.00,6.25,57.60,8.39,0.52,0.84,0.00,0.00,0.00,8.57,0.00,1.31,0.00,0.00,0.00,0.17
61,4w,PjMx1,Intn1,155,0.00,5.86,49.29,7.54,0.47,0.74,0.00,0.00,0.00,7.44,0.00,1.18,0.00,0.00,0.00,0.16
61,4w,PjMx1,Intn1,165,0.00,5.38,41.21,6.69,0.41,0.64,0.00,0.00,0.00,6.35,0.00,1.05,0.00,0.00,0.00,0.14
61,4w,PjMx1,Intn1,175,0.00,4.85,33.71,5.84,0.36,0.55,0.00,0.00,0.00,5.34,0.00,0.91,0.00,0.00,0.00,0.12
61,4w,PjMx1,Intn1,185,0.00,4.29,27.00,5.04,0.31,0.46,0.00,0.00,0.00,4.41,0.00,0.78,0.00,0.00,0.00,0.11
61,4w,PjMx1,Intn1,195,0.00,3.73,21.19,4.28,0.26,0.38,0.00,0.00,0.00,3.59,0.00,0.65,0.00,0.00,0.00,0.09
61,4w,PjMx1,Intn1,205,0.00,3.19,16.30,3.58,0.22,0.31,0.00,0.00,0.00,2.88,0.00,0.54,0.00,0.00,0.00,0.07
61,4w,PjMx1,Intn1,215,0.00,2.67,12.30,2.96,0.18,0.25,0.00,0.00,0.00,2.27,0.00,0.43,0.00,0.00,0.00,0.06
61,4w,PjMx1,Intn1,225,0.00,2.21,9.12,2.41,0.15,0.20,0.00,0.00,0.00,1.77,0.00,0.35,0.00,0.00,0.00,0.05
61,4w,PjMx1,Intn1,235,0.00,1.79,6.64,1.93,0.12,0.15,0.00,0.00,0.00,1.36,0.00,0.27,0.00,0.00,0.00,0.04
61,4w,PjMx1,Intn1,245,0.00,1.43,4.75,1.53,0.09,0.12,0.00,0.00,0.00,1.02,0.00,0.21,0.00,0.00,0.00,0.03
61,4w,PjMx1,Intn1,255,0.00,1.13,3.33,1.19,0.07,0.09,0.00,0.00,0.00,0.76,0.00,0.16,0.00,0.00,0.00,0.02
62,4w,PjMx1,Intn2,5,0.00,0.00,0.00,0.00,0.00,0.00,0.00,0.00,0.00,0.00,0.00,0.00,0.00,0.00,0.00,0.00
62,4w,PjMx1,Intn2,15,0.00,0.08,10.02,2.41,0.16,0.15,0.00,0.00,0.00,0.83,0.00,0.12,0.00,0.00,0.00,0.00
62,4w,PjMx1,Intn2,25,0.00,0.22,22.96,7.11,0.35,0.44,0.00,0.00,0.00,2.33,0.00,0.34,0.00,0.00,0.00,0.00
62,4w,PjMx1,Intn2,35,0.00,0.41,37.11,11.64,0.52,0.71,0.00,0.00,0.00,4.22,0.00,0.63,0.00,0.00,0.00,0.00
62,4w,PjMx1,Intn2,45,0.00,0.63,51.32,14.62,0.64,0.87,0.00,0.00,0.00,6.25,0.00,0.96,0.00,0.00,0.00,0.00
62,4w,PjMx1,Intn2,55,0.00,0.86,64.33,16.18,0.72,0.94,0.00,0.00,0.00,8.14,0.00,1.29,0.00,0.00,0.00,0.00
62,4w,PjMx1,Intn2,65,0.00,1.09,75.06,16.90,0.76,0.96,0.00,0.00,0.00,9.67,0.00,1.60,0.00,0.00,0.00,0.00
62,4w,PjMx1,Intn2,75,0.00,1.30,82.85,17.14,0.78,0.96,0.00,0.00,0.00,10.72,0.00,1.86,0.00,0.00,0.00,0.00
62,4w,PjMx1,Intn2,85,0.00,1.48,87.46,17.05,0.78,0.94,0.00,0.00,0.00,11.29,0.00,2.05,0.00,0.00,0.00,0.00
62,4w,PjMx1,Intn2,95,0.00,1.62,88.88,16.70,0.77,0.91,0.00,0.00,0.00,11.40,0.00,2.18,0.00,0.00,0.00,0.00
62,4w,PjMx1,Intn2,105,0.00,1.72,87.32,16.13,0.74,0.86,0.00,0.00,0.00,11.12,0.00,2.23,0.00,0.00,0.00,0.00
62,4w,PjMx1,Intn2,115,0.00,1.78,83.18,15.36,0.70,0.80,0.00,0.00,0.00,10.54,0.00,2.22,0.00,0.00,0.00,0.00
62,4w,PjMx1,Intn2,125,0.00,1.78,76.99,14.42,0.66,0.74,0.00,0.00,0.00,9.74,0.00,2.15,0.00,0.00,0.00,0.00
62,4w,PjMx1,Intn2,135,0.00,1.75,69.36,13.36,0.61,0.67,0.00,0.00,0.00,8.81,0.00,2.04,0.00,0.00,0.00,0.00
62,4w,PjMx1,Intn2,145,0.00,1.68,60.91,12.20,0.56,0.60,0.00,0.00,0.00,7.81,0.00,1.88,0.00,0.00,0.00,0.00
62,4w,PjMx1,Intn2,155,0.00,1.58,52.20,10.98,0.50,0.53,0.00,0.00,0.00,6.79,0.00,1.70,0.00,0.00,0.00,0.00
62,4w,PjMx1,Intn2,165,0.00,1.45,43.71,9.75,0.45,0.46,0.00,0.00,0.00,5.81,0.00,1.51,0.00,0.00,0.00,0.00
62,4w,PjMx1,Intn2,175,0.00,1.31,35.80,8.54,0.39,0.39,0.00,0.00,0.00,4.88,0.00,1.31,0.00,0.00,0.00,0.00
62,4w,PjMx1,Intn2,185,0.00,1.16,28.70,7.36,0.34,0.33,0.00,0.00,0.00,4.04,0.00,1.12,0.00,0.00,0.00,0.00
62,4w,PjMx1,Intn2,195,0.00,1.01,22.54,6.26,0.28,0.28,0.00,0.00,0.00,3.29,0.00,0.94,0.00,0.00,0.00,0.00
62,4w,PjMx1,Intn2,205,0.00,0.86,17.36,5.25,0.24,0.22,0.00,0.00,0.00,2.64,0.00,0.78,0.00,0.00,0.00,0.00
62,4w,PjMx1,Intn2,215,0.00,0.72,13.11,4.34,0.20,0.18,0.00,0.00,0.00,2.09,0.00,0.63,0.00,0.00,0.00,0.00
62,4w,PjMx1,Intn2,225,0.00,0.60,9.72,3.53,0.16,0.14,0.00,0.00,0.00,1.62,0.00,0.50,0.00,0.00,0.00,0.00
62,4w,PjMx1,Intn2,235,0.00,0.48,7.08,2.84,0.13,0.11,0.00,0.00,0.00,1.25,0.00,0.39,0.00,0.00,0.00,0.00
62,4w,PjMx1,Intn2,245,0.00,0.39,5.06,2.24,0.10,0.08,0.00,0.00,0.00,0.94,0.00,0.30,0.00,0.00,0.00,0.00
62,4w,PjMx1,Intn2,255,0.00,0.30,3.56,1.75,0.08,0.06,0.00,0.00,0.00,0.70,0.00,0.23,0.00,0.00,0.00,0.00
63,4w,BfMx,Prsnt,5,0.00,0.00,0.00,0.00,0.00,0.00,0.00,0.00,0.00,0.00,0.00,0.00,0.00,0.00,0.00,0.00
63,4w,BfMx,Prsnt,15,0.03,0.00,0.15,0.74,0.42,0.70,0.37,0.00,0.00,0.18,0.00,0.11,0.00,0.00,0.00,0.00
63,4w,BfMx,Prsnt,25,0.19,0.00,0.63,4.04,1.69,3.76,0.90,0.00,0.00,0.93,0.00,0.58,0.00,0.00,0.00,0.00
63,4w,BfMx,Prsnt,35,0.53,0.00,1.52,9.77,3.64,8.88,1.52,0.00,0.00,2.50,0.00,1.56,0.00,0.00,0.00,0.00
63,4w,BfMx,Prsnt,45,1.05,0.00,2.72,15.87,5.80,14.06,2.16,0.00,0.00,4.79,0.00,3.07,0.00,0.00,0.00,0.00
63,4w,BfMx,Prsnt,55,1.69,0.00,4.04,20.78,7.71,18.04,2.70,0.00,0.00,7.38,0.00,4.89,0.00,0.00,0.00,0.00
63,4w,BfMx,Prsnt,65,2.37,0.00,5.28,24.31,9.16,20.76,3.11,0.00,0.00,9.83,0.00,6.78,0.00,0.00,0.00,0.00
63,4w,BfMx,Prsnt,75,3.04,0.00,6.36,26.87,10.22,22.58,3.39,0.00,0.00,11.88,0.00,8.58,0.00,0.00,0.00,0.00
63,4w,BfMx,Prsnt,85,3.68,0.00,7.22,28.77,10.98,23.79,3.57,0.00,0.00,13.45,0.00,10.20,0.00,0.00,0.00,0.00
63,4w,BfMx,Prsnt,95,4.25,0.00,7.85,30.16,11.53,24.52,3.67,0.00,0.00,14.54,0.00,11.59,0.00,0.00,0.00,0.00
63,4w,BfMx,Prsnt,105,4.73,0.00,8.25,31.12,11.91,24.86,3.69,0.00,0.00,15.15,0.00,12.70,0.00,0.00,0.00,0.00
63,4w,BfMx,Prsnt,115,5.12,0.00,8.39,31.67,12.12,24.84,3.65,0.00,0.00,15.35,0.00,13.51,0.00,0.00,0.00,0.00
63,4w,BfMx,Prsnt,125,5.40,0.00,8.32,31.84,12.19,24.50,3.54,0.00,0.00,15.20,0.00,14.01,0.00,0.00,0.00,0.00
63,4w,BfMx,Prsnt,135,5.56,0.00,8.05,31.66,12.13,23.90,3.39,0.00,0.00,14.75,0.00,14.23,0.00,0.00,0.00,0.00
63,4w,BfMx,Prsnt,145,5.62,0.00,7.62,31.16,11.94,23.06,3.20,0.00,0.00,14.09,0.00,14.18,0.00,0.00,0.00,0.00
63,4w,BfMx,Prsnt,155,5.58,0.00,7.06,30.38,11.64,22.02,2.98,0.00,0.00,13.27,0.00,13.89,0.00,0.00,0.00,0.00
63,4w,BfMx,Prsnt,165,5.45,0.00,6.44,29.34,11.25,20.83,2.75,0.00,0.00,12.34,0.00,13.41,0.00,0.00,0.00,0.00
63,4w,BfMx,Prsnt,175,5.25,0.00,5.76,28.10,10.77,19.53,2.50,0.00,0.00,11.36,0.00,12.77,0.00,0.00,0.00,0.00
63,4w,BfMx,Prsnt,185,4.98,0.00,5.08,26.68,10.23,18.14,2.24,0.00,0.00,10.34,0.00,12.01,0.00,0.00,0.00,0.00
63,4w,BfMx,Prsnt,195,4.67,0.00,4.42,25.12,9.64,16.72,2.00,0.00,0.00,9.33,0.00,11.17,0.00,0.00,0.00,0.00
63,4w,BfMx,Prsnt,205,4.33,0.00,3.79,23.47,9.01,15.27,1.76,0.00,0.00,8.34,0.00,10.28,0.00,0.00,0.00,0.00
63,4w,BfMx,Prsnt,215,3.96,0.00,3.21,21.76,8.35,13.84,1.53,0.00,0.00,7.40,0.00,9.36,0.00,0.00,0.00,0.00
63,4w,BfMx,Prsnt,225,3.59,0.00,2.69,20.02,7.69,12.45,1.32,0.00,0.00,6.51,0.00,8.45,0.00,0.00,0.00,0.00
63,4w,BfMx,Prsnt,235,3.23,0.00,2.23,18.29,7.02,11.11,1.13,0.00,0.00,5.69,0.00,7.57,0.00,0.00,0.00,0.00
63,4w,BfMx,Prsnt,245,2.87,0.00,1.83,16.59,6.37,9.85,0.96,0.00,0.00,4.93,0.00,6.72,0.00,0.00,0.00,0.00
63,4w,BfMx,Prsnt,255,2.53,0.00,1.48,14.94,5.74,8.66,0.80,0.00,0.00,4.24,0.00,5.92,0.00,0.00,0.00,0.00
64,4w,BfMx,Exten,5,0.00,0.00,0.00,0.00,0.00,0.00,0.00,0.00,0.00,0.00,0.00,0.00,0.00,0.00,0.00,0.00
64,4w,BfMx,Exten,15,0.01,0.00,0.28,0.56,0.26,0.84,0.24,0.12,0.00,0.24,0.00,0.05,0.00,0.00,0.00,2.60876664431726e-03
64,4w,BfMx,Exten,25,0.08,0.00,1.18,3.04,1.06,4.45,0.58,0.29,0.00,1.24,0.00,0.29,0.00,0.00,0.00,0.01
64,4w,BfMx,Exten,35,0.23,0.00,2.83,7.39,2.30,10.54,0.99,0.49,0.00,3.33,0.00,0.79,0.00,0.00,0.00,0.03
64,4w,BfMx,Exten,45,0.47,0.00,5.09,12.08,3.68,16.80,1.41,0.70,0.00,6.41,0.00,1.56,0.00,0.00,0.00,0.06
64,4w,BfMx,Exten,55,0.76,0.00,7.59,15.90,4.92,21.66,1.78,0.89,0.00,9.92,0.00,2.50,0.00,0.00,0.00,0.09
64,4w,BfMx,Exten,65,1.08,0.00,9.97,18.70,5.87,25.05,2.06,1.03,0.00,13.27,0.00,3.48,0.00,0.00,0.00,0.13
64,4w,BfMx,Exten,75,1.39,0.00,12.05,20.76,6.58,27.37,2.25,1.12,0.00,16.11,0.00,4.43,0.00,0.00,0.00,0.17
64,4w,BfMx,Exten,85,1.69,0.00,13.76,22.34,7.11,28.98,2.39,1.19,0.00,18.34,0.00,5.29,0.00,0.00,0.00,0.20
64,4w,BfMx,Exten,95,1.96,0.00,15.04,23.54,7.50,30.02,2.46,1.23,0.00,19.92,0.00,6.04,0.00,0.00,0.00,0.23
64,4w,BfMx,Exten,105,2.20,0.00,15.87,24.41,7.78,30.59,2.49,1.24,0.00,20.87,0.00,6.65,0.00,0.00,0.00,0.26
64,4w,BfMx,Exten,115,2.39,0.00,16.24,24.96,7.96,30.71,2.47,1.23,0.00,21.25,0.00,7.11,0.00,0.00,0.00,0.28
64,4w,BfMx,Exten,125,2.53,0.00,16.17,25.21,8.05,30.45,2.42,1.21,0.00,21.13,0.00,7.41,0.00,0.00,0.00,0.30
64,4w,BfMx,Exten,135,2.62,0.00,15.71,25.18,8.04,29.82,2.32,1.16,0.00,20.60,0.00,7.56,0.00,0.00,0.00,0.31
64,4w,BfMx,Exten,145,2.66,0.00,14.93,24.89,7.95,28.89,2.20,1.10,0.00,19.76,0.00,7.56,0.00,0.00,0.00,0.32
64,4w,BfMx,Exten,155,2.65,0.00,13.90,24.35,7.78,27.70,2.06,1.03,0.00,18.68,0.00,7.44,0.00,0.00,0.00,0.32
64,4w,BfMx,Exten,165,2.60,0.00,12.70,23.60,7.54,26.29,1.90,0.95,0.00,17.43,0.00,7.20,0.00,0.00,0.00,0.31
64,4w,BfMx,Exten,175,2.51,0.00,11.41,22.66,7.24,24.72,1.73,0.86,0.00,16.08,0.00,6.88,0.00,0.00,0.00,0.30
64,4w,BfMx,Exten,185,2.39,0.00,10.09,21.57,6.89,23.03,1.56,0.78,0.00,14.69,0.00,6.49,0.00,0.00,0.00,0.29
64,4w,BfMx,Exten,195,2.24,0.00,8.80,20.36,6.51,21.26,1.39,0.69,0.00,13.28,0.00,6.04,0.00,0.00,0.00,0.27
64,4w,BfMx,Exten,205,2.08,0.00,7.56,19.07,6.10,19.47,1.23,0.61,0.00,11.90,0.00,5.57,0.00,0.00,0.00,0.25
64,4w,BfMx,Exten,215,1.91,0.00,6.42,17.71,5.66,17.68,1.07,0.53,0.00,10.58,0.00,5.09,0.00,0.00,0.00,0.23
64,4w,BfMx,Exten,225,1.74,0.00,5.39,16.32,5.22,15.93,0.92,0.46,0.00,9.32,0.00,4.60,0.00,0.00,0.00,0.21
64,4w,BfMx,Exten,235,1.56,0.00,4.47,14.93,4.78,14.24,0.79,0.39,0.00,8.15,0.00,4.12,0.00,0.00,0.00,0.19
64,4w,BfMx,Exten,245,1.39,0.00,3.67,13.56,4.34,12.63,0.67,0.33,0.00,7.07,0.00,3.67,0.00,0.00,0.00,0.17
64,4w,BfMx,Exten,255,1.23,0.00,2.98,12.23,3.91,11.12,0.56,0.28,0.00,6.09,0.00,3.23,0.00,0.00,0.00,0.15
65,4w,BfMx,Basc1,5,0.00,0.00,0.00,0.00,0.00,0.00,0.00,0.00,0.00,0.00,0.00,0.00,0.00,0.00,0.00,0.00
65,4w,BfMx,Basc1,15,0.03,0.00,0.15,0.74,0.42,0.70,0.37,0.00,0.00,0.18,0.00,0.11,0.00,0.00,0.00,0.00
65,4w,BfMx,Basc1,25,0.19,0.00,0.63,4.04,1.69,3.76,0.90,0.00,0.00,0.93,0.00,0.58,0.00,0.00,0.00,0.00
65,4w,BfMx,Basc1,35,0.53,0.00,1.52,9.77,3.64,8.88,1.52,0.00,0.00,2.50,0.00,1.56,0.00,0.00,0.00,0.00
65,4w,BfMx,Basc1,45,1.05,0.00,2.72,15.87,5.80,14.06,2.16,0.00,0.00,4.79,0.00,3.07,0.00,0.00,0.00,0.00
65,4w,BfMx,Basc1,55,1.69,0.00,4.04,20.78,7.71,18.04,2.70,0.00,0.00,7.38,0.00,4.89,0.00,0.00,0.00,0.00
65,4w,BfMx,Basc1,65,2.37,0.00,5.28,24.31,9.16,20.76,3.11,0.00,0.00,9.83,0.00,6.78,0.00,0.00,0.00,0.00
65,4w,BfMx,Basc1,75,3.04,0.00,6.36,26.87,10.22,22.58,3.39,0.00,0.00,11.88,0.00,8.58,0.00,0.00,0.00,0.00
65,4w,BfMx,Basc1,85,3.68,0.00,7.22,28.77,10.98,23.79,3.57,0.00,0.00,13.45,0.00,10.20,0.00,0.00,0.00,0.00
65,4w,BfMx,Basc1,95,4.25,0.00,7.85,30.16,11.53,24.52,3.67,0.00,0.00,14.54,0.00,11.59,0.00,0.00,0.00,0.00
65,4w,BfMx,Basc1,105,4.73,0.00,8.25,31.12,11.91,24.86,3.69,0.00,0.00,15.15,0.00,12.70,0.00,0.00,0.00,0.00
65,4w,BfMx,Basc1,115,5.12,0.00,8.39,31.67,12.12,24.84,3.65,0.00,0.00,15.35,0.00,13.51,0.00,0.00,0.00,0.00
65,4w,BfMx,Basc1,125,5.40,0.00,8.32,31.84,12.19,24.50,3.54,0.00,0.00,15.20,0.00,14.01,0.00,0.00,0.00,0.00
65,4w,BfMx,Basc1,135,5.56,0.00,8.05,31.66,12.13,23.90,3.39,0.00,0.00,14.75,0.00,14.23,0.00,0.00,0.00,0.00
65,4w,BfMx,Basc1,145,5.62,0.00,7.62,31.16,11.94,23.06,3.20,0.00,0.00,14.09,0.00,14.18,0.00,0.00,0.00,0.00
65,4w,BfMx,Basc1,155,5.58,0.00,7.06,30.38,11.64,22.02,2.98,0.00,0.00,13.27,0.00,13.89,0.00,0.00,0.00,0.00
65,4w,BfMx,Basc1,165,5.45,0.00,6.44,29.34,11.25,20.83,2.75,0.00,0.00,12.34,0.00,13.41,0.00,0.00,0.00,0.00
65,4w,BfMx,Basc1,175,5.25,0.00,5.76,28.10,10.77,19.53,2.50,0.00,0.00,11.36,0.00,12.77,0.00,0.00,0.00,0.00
65,4w,BfMx,Basc1,185,4.98,0.00,5.08,26.68,10.23,18.14,2.24,0.00,0.00,10.34,0.00,12.01,0.00,0.00,0.00,0.00
65,4w,BfMx,Basc1,195,4.67,0.00,4.42,25.12,9.64,16.72,2.00,0.00,0.00,9.33,0.00,11.17,0.00,0.00,0.00,0.00
65,4w,BfMx,Basc1,205,4.33,0.00,3.79,23.47,9.01,15.27,1.76,0.00,0.00,8.34,0.00,10.28,0.00,0.00,0.00,0.00
65,4w,BfMx,Basc1,215,3.96,0.00,3.21,21.76,8.35,13.84,1.53,0.00,0.00,7.40,0.00,9.36,0.00,0.00,0.00,0.00
65,4w,BfMx,Basc1,225,3.59,0.00,2.69,20.02,7.69,12.45,1.32,0.00,0.00,6.51,0.00,8.45,0.00,0.00,0.00,0.00
65,4w,BfMx,Basc1,235,3.23,0.00,2.23,18.29,7.02,11.11,1.13,0.00,0.00,5.69,0.00,7.57,0.00,0.00,0.00,0.00
65,4w,BfMx,Basc1,245,2.87,0.00,1.83,16.59,6.37,9.85,0.96,0.00,0.00,4.93,0.00,6.72,0.00,0.00,0.00,0.00
65,4w,BfMx,Basc1,255,2.53,0.00,1.48,14.94,5.74,8.66,0.80,0.00,0.00,4.24,0.00,5.92,0.00,0.00,0.00,0.00
66,4w,BfMx,Intn1,5,0.00,0.00,0.00,0.00,0.00,0.00,0.00,0.00,0.00,0.00,0.00,0.00,0.00,0.00,0.00,0.00
66,4w,BfMx,Intn1,15,0.04,0.14,0.45,0.50,0.84,0.57,0.75,0.00,0.00,0.20,0.00,0.02,0.00,0.00,0.00,3.05734221396271e-03
66,4w,BfMx,Intn1,25,0.21,0.78,2.12,3.03,3.74,3.38,1.99,0.00,0.00,1.15,0.00,0.14,0.00,0.00,0.00,0.01
66,4w,BfMx,Intn1,35,0.60,2.15,5.19,7.52,8.28,8.18,3.46,0.00,0.00,3.16,0.00,0.41,0.00,0.00,0.00,0.04
66,4w,BfMx,Intn1,45,1.18,4.22,9.24,12.17,13.12,12.91,4.88,0.00,0.00,6.02,0.00,0.80,0.00,0.00,0.00,0.08
66,4w,BfMx,Intn1,55,1.88,6.75,13.52,15.72,17.19,16.34,6.03,0.00,0.00,9.15,0.00,1.25,0.00,0.00,0.00,0.12
66,4w,BfMx,Intn1,65,2.61,9.43,17.44,18.14,20.16,18.55,6.84,0.00,0.00,12.01,0.00,1.72,0.00,0.00,0.00,0.17
66,4w,BfMx,Intn1,75,3.31,12.11,20.75,19.82,22.22,19.95,7.38,0.00,0.00,14.35,0.00,2.15,0.00,0.00,0.00,0.21
66,4w,BfMx,Intn1,85,3.96,14.68,23.35,21.03,23.67,20.82,7.70,0.00,0.00,16.10,0.00,2.53,0.00,0.00,0.00,0.25
66,4w,BfMx,Intn1,95,4.54,17.08,25.20,21.88,24.67,21.30,7.85,0.00,0.00,17.27,0.00,2.85,0.00,0.00,0.00,0.29
66,4w,BfMx,Intn1,105,5.03,19.23,26.28,22.42,25.30,21.45,7.84,0.00,0.00,17.88,0.00,3.11,0.00,0.00,0.00,0.32
66,4w,BfMx,Intn1,115,5.40,21.06,26.60,22.69,25.61,21.31,7.71,0.00,0.00,18.01,0.00,3.29,0.00,0.00,0.00,0.34
66,4w,BfMx,Intn1,125,5.67,22.53,26.23,22.69,25.62,20.91,7.45,0.00,0.00,17.74,0.00,3.39,0.00,0.00,0.00,0.36
66,4w,BfMx,Intn1,135,5.82,23.62,25.25,22.46,25.37,20.30,7.10,0.00,0.00,17.14,0.00,3.43,0.00,0.00,0.00,0.37
66,4w,BfMx,Intn1,145,5.85,24.32,23.80,22.01,24.87,19.50,6.68,0.00,0.00,16.30,0.00,3.40,0.00,0.00,0.00,0.37
66,4w,BfMx,Intn1,155,5.79,24.63,21.99,21.38,24.16,18.56,6.20,0.00,0.00,15.29,0.00,3.32,0.00,0.00,0.00,0.37
66,4w,BfMx,Intn1,165,5.64,24.57,19.97,20.58,23.26,17.50,5.68,0.00,0.00,14.18,0.00,3.19,0.00,0.00,0.00,0.36
66,4w,BfMx,Intn1,175,5.41,24.19,17.83,19.65,22.21,16.35,5.15,0.00,0.00,13.00,0.00,3.03,0.00,0.00,0.00,0.34
66,4w,BfMx,Intn1,185,5.12,23.52,15.69,18.60,21.03,15.15,4.62,0.00,0.00,11.81,0.00,2.84,0.00,0.00,0.00,0.33
66,4w,BfMx,Intn1,195,4.79,22.60,13.61,17.48,19.77,13.92,4.10,0.00,0.00,10.63,0.00,2.64,0.00,0.00,0.00,0.31
66,4w,BfMx,Intn1,205,4.43,21.48,11.65,16.29,18.43,12.70,3.60,0.00,0.00,9.49,0.00,2.42,0.00,0.00,0.00,0.28
66,4w,BfMx,Intn1,215,4.05,20.21,9.86,15.08,17.06,11.49,3.13,0.00,0.00,8.40,0.00,2.20,0.00,0.00,0.00,0.26
66,4w,BfMx,Intn1,225,3.66,18.83,8.25,13.85,15.68,10.32,2.70,0.00,0.00,7.38,0.00,1.99,0.00,0.00,0.00,0.24
66,4w,BfMx,Intn1,235,3.28,17.39,6.82,12.64,14.31,9.19,2.30,0.00,0.00,6.44,0.00,1.77,0.00,0.00,0.00,0.21
66,4w,BfMx,Intn1,245,2.92,15.92,5.59,11.45,12.96,8.14,1.95,0.00,0.00,5.57,0.00,1.57,0.00,0.00,0.00,0.19
66,4w,BfMx,Intn1,255,2.57,14.46,4.53,10.30,11.67,7.15,1.64,0.00,0.00,4.79,0.00,1.38,0.00,0.00,0.00,0.17
67,4w,HrDom,Prsnt,5,0.00,0.00,0.00,0.00,0.00,0.00,0.00,0.00,0.00,0.00,0.00,0.00,0.00,0.00,0.00,0.00
67,4w,HrDom,Prsnt,15,0.03,0.00,0.39,0.29,0.13,0.25,0.00,0.00,0.00,1.58,0.00,0.35,0.00,0.00,0.00,0.01
67,4w,HrDom,Prsnt,25,0.17,0.00,1.65,1.55,0.54,1.33,0.00,0.00,0.00,8.00,0.00,1.73,0.00,0.00,0.00,0.05
67,4w,HrDom,Prsnt,35,0.43,0.00,3.68,3.51,1.09,2.95,0.00,0.00,0.00,20.00,0.00,4.36,0.00,0.00,0.00,0.13
67,4w,HrDom,Prsnt,45,0.77,0.00,6.05,5.24,1.60,4.29,0.00,0.00,0.00,35.17,0.00,7.85,0.00,0.00,0.00,0.24
67,4w,HrDom,Prsnt,55,1.15,0.00,8.24,6.30,1.95,5.06,0.00,0.00,0.00,49.76,0.00,11.49,0.00,0.00,0.00,0.35
67,4w,HrDom,Prsnt,65,1.49,0.00,9.93,6.79,2.14,5.36,0.00,0.00,0.00,61.02,0.00,14.68,0.00,0.00,0.00,0.45
67,4w,HrDom,Prsnt,75,1.76,0.00,11.03,6.93,2.20,5.39,0.00,0.00,0.00,68.08,0.00,17.15,0.00,0.00,0.00,0.52
67,4w,HrDom,Prsnt,85,1.97,0.00,11.58,6.86,2.18,5.25,0.00,0.00,0.00,71.29,0.00,18.84,0.00,0.00,0.00,0.58
67,4w,HrDom,Prsnt,95,2.11,0.00,11.68,6.66,2.13,5.01,0.00,0.00,0.00,71.39,0.00,19.83,0.00,0.00,0.00,0.62
67,4w,HrDom,Prsnt,105,2.18,0.00,11.39,6.39,2.04,4.72,0.00,0.00,0.00,69.17,0.00,20.20,0.00,0.00,0.00,0.64
67,4w,HrDom,Prsnt,115,2.20,0.00,10.80,6.05,1.93,4.40,0.00,0.00,0.00,65.28,0.00,20.01,0.00,0.00,0.00,0.64
67,4w,HrDom,Prsnt,125,2.16,0.00,9.98,5.68,1.81,4.04,0.00,0.00,0.00,60.25,0.00,19.36,0.00,0.00,0.00,0.63
67,4w,HrDom,Prsnt,135,2.08,0.00,9.00,5.26,1.68,3.68,0.00,0.00,0.00,54.54,0.00,18.33,0.00,0.00,0.00,0.60
67,4w,HrDom,Prsnt,145,1.95,0.00,7.93,4.82,1.54,3.30,0.00,0.00,0.00,48.51,0.00,17.01,0.00,0.00,0.00,0.57
67,4w,HrDom,Prsnt,155,1.80,0.00,6.84,4.37,1.40,2.93,0.00,0.00,0.00,42.46,0.00,15.49,0.00,0.00,0.00,0.53
67,4w,HrDom,Prsnt,165,1.63,0.00,5.78,3.91,1.25,2.57,0.00,0.00,0.00,36.61,0.00,13.86,0.00,0.00,0.00,0.48
67,4w,HrDom,Prsnt,175,1.45,0.00,4.78,3.46,1.11,2.23,0.00,0.00,0.00,31.12,0.00,12.19,0.00,0.00,0.00,0.43
67,4w,HrDom,Prsnt,185,1.27,0.00,3.88,3.03,0.97,1.90,0.00,0.00,0.00,26.10,0.00,10.56,0.00,0.00,0.00,0.37
67,4w,HrDom,Prsnt,195,1.09,0.00,3.10,2.61,0.83,1.61,0.00,0.00,0.00,21.61,0.00,9.01,0.00,0.00,0.00,0.32
67,4w,HrDom,Prsnt,205,0.92,0.00,2.43,2.23,0.71,1.34,0.00,0.00,0.00,17.66,0.00,7.58,0.00,0.00,0.00,0.27
67,4w,HrDom,Prsnt,215,0.77,0.00,1.87,1.88,0.60,1.11,0.00,0.00,0.00,14.26,0.00,6.28,0.00,0.00,0.00,0.23
67,4w,HrDom,Prsnt,225,0.63,0.00,1.42,1.57,0.50,0.90,0.00,0.00,0.00,11.37,0.00,5.14,0.00,0.00,0.00,0.19
67,4w,HrDom,Prsnt,235,0.51,0.00,1.06,1.29,0.41,0.73,0.00,0.00,0.00,8.96,0.00,4.15,0.00,0.00,0.00,0.15
67,4w,HrDom,Prsnt,245,0.41,0.00,0.78,1.05,0.33,0.58,0.00,0.00,0.00,6.98,0.00,3.31,0.00,0.00,0.00,0.12
67,4w,HrDom,Prsnt,255,0.32,0.00,0.57,0.85,0.27,0.45,0.00,0.00,0.00,5.37,0.00,2.61,0.00,0.00,0.00,0.09
68,4w,HrDom,Exten,5,0.00,0.00,0.00,0.00,0.00,0.00,0.00,0.00,0.00,0.00,0.00,0.00,0.00,0.00,0.00,0.00
68,4w,HrDom,Exten,15,0.03,0.00,0.36,0.16,0.18,0.29,0.14,0.00,0.00,1.62,0.00,0.17,0.00,0.00,0.00,0.03
68,4w,HrDom,Exten,25,0.16,0.00,1.55,0.91,0.76,1.57,0.35,0.00,0.00,8.45,0.00,0.87,0.00,0.00,0.00,0.18
68,4w,HrDom,Exten,35,0.40,0.00,3.49,2.07,1.55,3.49,0.56,0.00,0.00,21.32,0.00,2.22,0.00,0.00,0.00,0.45
68,4w,HrDom,Exten,45,0.74,0.00,5.75,3.11,2.28,5.10,0.74,0.00,0.00,37.60,0.00,4.02,0.00,0.00,0.00,0.81
68,4w,HrDom,Exten,55,1.09,0.00,7.85,3.74,2.79,6.02,0.85,0.00,0.00,53.28,0.00,5.89,0.00,0.00,0.00,1.17
68,4w,HrDom,Exten,65,1.42,0.00,9.47,4.04,3.06,6.39,0.90,0.00,0.00,65.44,0.00,7.53,0.00,0.00,0.00,1.50
68,4w,HrDom,Exten,75,1.68,0.00,10.53,4.13,3.15,6.43,0.91,0.00,0.00,73.12,0.00,8.81,0.00,0.00,0.00,1.76
68,4w,HrDom,Exten,85,1.88,0.00,11.07,4.10,3.14,6.27,0.89,0.00,0.00,76.68,0.00,9.70,0.00,0.00,0.00,1.95
68,4w,HrDom,Exten,95,2.02,0.00,11.18,3.99,3.06,6.00,0.84,0.00,0.00,76.93,0.00,10.23,0.00,0.00,0.00,2.08
68,4w,HrDom,Exten,105,2.09,0.00,10.93,3.83,2.94,5.66,0.79,0.00,0.00,74.65,0.00,10.43,0.00,0.00,0.00,2.15
68,4w,HrDom,Exten,115,2.11,0.00,10.38,3.63,2.79,5.28,0.73,0.00,0.00,70.55,0.00,10.35,0.00,0.00,0.00,2.16
68,4w,HrDom,Exten,125,2.08,0.00,9.60,3.41,2.62,4.86,0.66,0.00,0.00,65.21,0.00,10.03,0.00,0.00,0.00,2.13
68,4w,HrDom,Exten,135,2.00,0.00,8.67,3.17,2.43,4.43,0.59,0.00,0.00,59.10,0.00,9.50,0.00,0.00,0.00,2.05
68,4w,HrDom,Exten,145,1.88,0.00,7.65,2.90,2.23,3.98,0.52,0.00,0.00,52.62,0.00,8.83,0.00,0.00,0.00,1.94
68,4w,HrDom,Exten,155,1.74,0.00,6.60,2.63,2.02,3.54,0.45,0.00,0.00,46.09,0.00,8.04,0.00,0.00,0.00,1.79
68,4w,HrDom,Exten,165,1.58,0.00,5.58,2.36,1.81,3.10,0.38,0.00,0.00,39.77,0.00,7.20,0.00,0.00,0.00,1.63
68,4w,HrDom,Exten,175,1.40,0.00,4.62,2.09,1.60,2.69,0.32,0.00,0.00,33.82,0.00,6.34,0.00,0.00,0.00,1.46
68,4w,HrDom,Exten,185,1.22,0.00,3.75,1.83,1.40,2.30,0.26,0.00,0.00,28.38,0.00,5.49,0.00,0.00,0.00,1.28
68,4w,HrDom,Exten,195,1.05,0.00,2.99,1.58,1.21,1.94,0.22,0.00,0.00,23.50,0.00,4.69,0.00,0.00,0.00,1.10
68,4w,HrDom,Exten,205,0.89,0.00,2.35,1.35,1.03,1.62,0.17,0.00,0.00,19.21,0.00,3.94,0.00,0.00,0.00,0.94
68,4w,HrDom,Exten,215,0.74,0.00,1.81,1.13,0.87,1.34,0.14,0.00,0.00,15.51,0.00,3.27,0.00,0.00,0.00,0.79
68,4w,HrDom,Exten,225,0.61,0.00,1.37,0.95,0.73,1.09,0.10,0.00,0.00,12.37,0.00,2.67,0.00,0.00,0.00,0.65
68,4w,HrDom,Exten,235,0.49,0.00,1.03,0.78,0.60,0.88,0.08,0.00,0.00,9.75,0.00,2.16,0.00,0.00,0.00,0.53
68,4w,HrDom,Exten,245,0.39,0.00,0.75,0.63,0.49,0.70,0.06,0.00,0.00,7.59,0.00,1.72,0.00,0.00,0.00,0.42
68,4w,HrDom,Exten,255,0.31,0.00,0.55,0.51,0.39,0.55,0.04,0.00,0.00,5.84,0.00,1.36,0.00,0.00,0.00,0.33
69,4w,HrDom,Basc1,5,0.00,0.00,0.00,0.00,0.00,0.00,0.00,0.00,0.00,0.00,0.00,0.00,0.00,0.00,0.00,0.00
69,4w,HrDom,Basc1,15,0.03,0.00,0.39,0.29,0.13,0.25,0.00,0.00,0.00,1.58,0.00,0.35,0.00,0.00,0.00,0.01
69,4w,HrDom,Basc1,25,0.17,0.00,1.65,1.55,0.54,1.33,0.00,0.00,0.00,8.00,0.00,1.73,0.00,0.00,0.00,0.05
69,4w,HrDom,Basc1,35,0.43,0.00,3.68,3.51,1.09,2.95,0.00,0.00,0.00,20.00,0.00,4.36,0.00,0.00,0.00,0.13
69,4w,HrDom,Basc1,45,0.77,0.00,6.05,5.24,1.60,4.29,0.00,0.00,0.00,35.17,0.00,7.85,0.00,0.00,0.00,0.24
69,4w,HrDom,Basc1,55,1.15,0.00,8.24,6.30,1.95,5.06,0.00,0.00,0.00,49.76,0.00,11.49,0.00,0.00,0.00,0.35
69,4w,HrDom,Basc1,65,1.49,0.00,9.93,6.79,2.14,5.36,0.00,0.00,0.00,61.02,0.00,14.68,0.00,0.00,0.00,0.45
69,4w,HrDom,Basc1,75,1.76,0.00,11.03,6.93,2.20,5.39,0.00,0.00,0.00,68.08,0.00,17.15,0.00,0.00,0.00,0.52
69,4w,HrDom,Basc1,85,1.97,0.00,11.58,6.86,2.18,5.25,0.00,0.00,0.00,71.29,0.00,18.84,0.00,0.00,0.00,0.58
69,4w,HrDom,Basc1,95,2.11,0.00,11.68,6.66,2.13,5.01,0.00,0.00,0.00,71.39,0.00,19.83,0.00,0.00,0.00,0.62
69,4w,HrDom,Basc1,105,2.18,0.00,11.39,6.39,2.04,4.72,0.00,0.00,0.00,69.17,0.00,20.20,0.00,0.00,0.00,0.64
69,4w,HrDom,Basc1,115,2.20,0.00,10.80,6.05,1.93,4.40,0.00,0.00,0.00,65.28,0.00,20.01,0.00,0.00,0.00,0.64
69,4w,HrDom,Basc1,125,2.16,0.00,9.98,5.68,1.81,4.04,0.00,0.00,0.00,60.25,0.00,19.36,0.00,0.00,0.00,0.63
69,4w,HrDom,Basc1,135,2.08,0.00,9.00,5.26,1.68,3.68,0.00,0.00,0.00,54.54,0.00,18.33,0.00,0.00,0.00,0.60
69,4w,HrDom,Basc1,145,1.95,0.00,7.93,4.82,1.54,3.30,0.00,0.00,0.00,48.51,0.00,17.01,0.00,0.00,0.00,0.57
69,4w,HrDom,Basc1,155,1.80,0.00,6.84,4.37,1.40,2.93,0.00,0.00,0.00,42.46,0.00,15.49,0.00,0.00,0.00,0.53
69,4w,HrDom,Basc1,165,1.63,0.00,5.78,3.91,1.25,2.57,0.00,0.00,0.00,36.61,0.00,13.86,0.00,0.00,0.00,0.48
69,4w,HrDom,Basc1,175,1.45,0.00,4.78,3.46,1.11,2.23,0.00,0.00,0.00,31.12,0.00,12.19,0.00,0.00,0.00,0.43
69,4w,HrDom,Basc1,185,1.27,0.00,3.88,3.03,0.97,1.90,0.00,0.00,0.00,26.10,0.00,10.56,0.00,0.00,0.00,0.37
69,4w,HrDom,Basc1,195,1.09,0.00,3.10,2.61,0.83,1.61,0.00,0.00,0.00,21.61,0.00,9.01,0.00,0.00,0.00,0.32
69,4w,HrDom,Basc1,205,0.92,0.00,2.43,2.23,0.71,1.34,0.00,0.00,0.00,17.66,0.00,7.58,0.00,0.00,0.00,0.27
69,4w,HrDom,Basc1,215,0.77,0.00,1.87,1.88,0.60,1.11,0.00,0.00,0.00,14.26,0.00,6.28,0.00,0.00,0.00,0.23
69,4w,HrDom,Basc1,225,0.63,0.00,1.42,1.57,0.50,0.90,0.00,0.00,0.00,11.37,0.00,5.14,0.00,0.00,0.00,0.19
69,4w,HrDom,Basc1,235,0.51,0.00,1.06,1.29,0.41,0.73,0.00,0.00,0.00,8.96,0.00,4.15,0.00,0.00,0.00,0.15
69,4w,HrDom,Basc1,245,0.41,0.00,0.78,1.05,0.33,0.58,0.00,0.00,0.00,6.98,0.00,3.31,0.00,0.00,0.00,0.12
69,4w,HrDom,Basc1,255,0.32,0.00,0.57,0.85,0.27,0.45,0.00,0.00,0.00,5.37,0.00,2.61,0.00,0.00,0.00,0.09
70,4w,HrDom,Intn1,5,0.00,0.00,0.00,0.00,0.00,0.00,0.00,0.00,0.00,0.00,0.00,0.00,0.00,0.00,0.00,0.00
70,4w,HrDom,Intn1,15,0.03,0.00,0.39,0.29,0.13,0.25,0.00,0.00,0.00,1.58,0.00,0.35,0.00,0.00,0.00,0.01
70,4w,HrDom,Intn1,25,0.17,0.00,1.65,1.55,0.54,1.33,0.00,0.00,0.00,8.00,0.00,1.73,0.00,0.00,0.00,0.05
70,4w,HrDom,Intn1,35,0.43,0.00,3.68,3.51,1.09,2.95,0.00,0.00,0.00,20.00,0.00,4.36,0.00,0.00,0.00,0.13
70,4w,HrDom,Intn1,45,0.77,0.00,6.05,5.24,1.60,4.29,0.00,0.00,0.00,35.17,0.00,7.85,0.00,0.00,0.00,0.24
70,4w,HrDom,Intn1,55,1.15,0.00,8.24,6.30,1.95,5.06,0.00,0.00,0.00,49.76,0.00,11.49,0.00,0.00,0.00,0.35
70,4w,HrDom,Intn1,65,1.49,0.00,9.93,6.79,2.14,5.36,0.00,0.00,0.00,61.02,0.00,14.68,0.00,0.00,0.00,0.45
70,4w,HrDom,Intn1,75,1.76,0.00,11.03,6.93,2.20,5.39,0.00,0.00,0.00,68.08,0.00,17.15,0.00,0.00,0.00,0.52
70,4w,HrDom,Intn1,85,1.97,0.00,11.58,6.86,2.18,5.25,0.00,0.00,0.00,71.29,0.00,18.84,0.00,0.00,0.00,0.58
70,4w,HrDom,Intn1,95,2.11,0.00,11.68,6.66,2.13,5.01,0.00,0.00,0.00,71.39,0.00,19.83,0.00,0.00,0.00,0.62
70,4w,HrDom,Intn1,105,2.18,0.00,11.39,6.39,2.04,4.72,0.00,0.00,0.00,69.17,0.00,20.20,0.00,0.00,0.00,0.64
70,4w,HrDom,Intn1,115,2.20,0.00,10.80,6.05,1.93,4.40,0.00,0.00,0.00,65.28,0.00,20.01,0.00,0.00,0.00,0.64
70,4w,HrDom,Intn1,125,2.16,0.00,9.98,5.68,1.81,4.04,0.00,0.00,0.00,60.25,0.00,19.36,0.00,0.00,0.00,0.63
70,4w,HrDom,Intn1,135,2.08,0.00,9.00,5.26,1.68,3.68,0.00,0.00,0.00,54.54,0.00,18.33,0.00,0.00,0.00,0.60
70,4w,HrDom,Intn1,145,1.95,0.00,7.93,4.82,1.54,3.30,0.00,0.00,0.00,48.51,0.00,17.01,0.00,0.00,0.00,0.57
70,4w,HrDom,Intn1,155,1.80,0.00,6.84,4.37,1.40,2.93,0.00,0.00,0.00,42.46,0.00,15.49,0.00,0.00,0.00,0.53
70,4w,HrDom,Intn1,165,1.63,0.00,5.78,3.91,1.25,2.57,0.00,0.00,0.00,36.61,0.00,13.86,0.00,0.00,0.00,0.48
70,4w,HrDom,Intn1,175,1.45,0.00,4.78,3.46,1.11,2.23,0.00,0.00,0.00,31.12,0.00,12.19,0.00,0.00,0.00,0.43
70,4w,HrDom,Intn1,185,1.27,0.00,3.88,3.03,0.97,1.90,0.00,0.00,0.00,26.10,0.00,10.56,0.00,0.00,0.00,0.37
70,4w,HrDom,Intn1,195,1.09,0.00,3.10,2.61,0.83,1.61,0.00,0.00,0.00,21.61,0.00,9.01,0.00,0.00,0.00,0.32
70,4w,HrDom,Intn1,205,0.92,0.00,2.43,2.23,0.71,1.34,0.00,0.00,0.00,17.66,0.00,7.58,0.00,0.00,0.00,0.27
70,4w,HrDom,Intn1,215,0.77,0.00,1.87,1.88,0.60,1.11,0.00,0.00,0.00,14.26,0.00,6.28,0.00,0.00,0.00,0.23
70,4w,HrDom,Intn1,225,0.63,0.00,1.42,1.57,0.50,0.90,0.00,0.00,0.00,11.37,0.00,5.14,0.00,0.00,0.00,0.19
70,4w,HrDom,Intn1,235,0.51,0.00,1.06,1.29,0.41,0.73,0.00,0.00,0.00,8.96,0.00,4.15,0.00,0.00,0.00,0.15
70,4w,HrDom,Intn1,245,0.41,0.00,0.78,1.05,0.33,0.58,0.00,0.00,0.00,6.98,0.00,3.31,0.00,0.00,0.00,0.12
70,4w,HrDom,Intn1,255,0.32,0.00,0.57,0.85,0.27,0.45,0.00,0.00,0.00,5.37,0.00,2.61,0.00,0.00,0.00,0.09
71,4w,HrDom,Intn2,5,0.00,0.00,0.00,0.00,0.00,0.00,0.00,0.00,0.00,0.00,0.00,0.00,0.00,0.00,0.00,0.00
71,4w,HrDom,Intn2,15,0.03,0.00,0.39,0.29,0.13,0.25,0.00,0.00,0.00,1.58,0.00,0.35,0.00,0.00,0.00,0.01
71,4w,HrDom,Intn2,25,0.17,0.00,1.65,1.55,0.54,1.33,0.00,0.00,0.00,8.00,0.00,1.73,0.00,0.00,0.00,0.05
71,4w,HrDom,Intn2,35,0.43,0.00,3.68,3.51,1.09,2.95,0.00,0.00,0.00,20.00,0.00,4.36,0.00,0.00,0.00,0.13
71,4w,HrDom,Intn2,45,0.77,0.00,6.05,5.24,1.60,4.29,0.00,0.00,0.00,35.17,0.00,7.85,0.00,0.00,0.00,0.24
71,4w,HrDom,Intn2,55,1.15,0.00,8.24,6.30,1.95,5.06,0.00,0.00,0.00,49.76,0.00,11.49,0.00,0.00,0.00,0.35
71,4w,HrDom,Intn2,65,1.49,0.00,9.93,6.79,2.14,5.36,0.00,0.00,0.00,61.02,0.00,14.68,0.00,0.00,0.00,0.45
71,4w,HrDom,Intn2,75,1.76,0.00,11.03,6.93,2.20,5.39,0.00,0.00,0.00,68.08,0.00,17.15,0.00,0.00,0.00,0.52
71,4w,HrDom,Intn2,85,1.97,0.00,11.58,6.86,2.18,5.25,0.00,0.00,0.00,71.29,0.00,18.84,0.00,0.00,0.00,0.58
71,4w,HrDom,Intn2,95,2.11,0.00,11.68,6.66,2.13,5.01,0.00,0.00,0.00,71.39,0.00,19.83,0.00,0.00,0.00,0.62
71,4w,HrDom,Intn2,105,2.18,0.00,11.39,6.39,2.04,4.72,0.00,0.00,0.00,69.17,0.00,20.20,0.00,0.00,0.00,0.64
71,4w,HrDom,Intn2,115,2.20,0.00,10.80,6.05,1.93,4.40,0.00,0.00,0.00,65.28,0.00,20.01,0.00,0.00,0.00,0.64
71,4w,HrDom,Intn2,125,2.16,0.00,9.98,5.68,1.81,4.04,0.00,0.00,0.00,60.25,0.00,19.36,0.00,0.00,0.00,0.63
71,4w,HrDom,Intn2,135,2.08,0.00,9.00,5.26,1.68,3.68,0.00,0.00,0.00,54.54,0.00,18.33,0.00,0.00,0.00,0.60
71,4w,HrDom,Intn2,145,1.95,0.00,7.93,4.82,1.54,3.30,0.00,0.00,0.00,48.51,0.00,17.01,0.00,0.00,0.00,0.57
71,4w,HrDom,Intn2,155,1.80,0.00,6.84,4.37,1.40,2.93,0.00,0.00,0.00,42.46,0.00,15.49,0.00,0.00,0.00,0.53
71,4w,HrDom,Intn2,165,1.63,0.00,5.78,3.91,1.25,2.57,0.00,0.00,0.00,36.61,0.00,13.86,0.00,0.00,0.00,0.48
71,4w,HrDom,Intn2,175,1.45,0.00,4.78,3.46,1.11,2.23,0.00,0.00,0.00,31.12,0.00,12.19,0.00,0.00,0.00,0.43
71,4w,HrDom,Intn2,185,1.27,0.00,3.88,3.03,0.97,1.90,0.00,0.00,0.00,26.10,0.00,10.56,0.00,0.00,0.00,0.37
71,4w,HrDom,Intn2,195,1.09,0.00,3.10,2.61,0.83,1.61,0.00,0.00,0.00,21.61,0.00,9.01,0.00,0.00,0.00,0.32
71,4w,HrDom,Intn2,205,0.92,0.00,2.43,2.23,0.71,1.34,0.00,0.00,0.00,17.66,0.00,7.58,0.00,0.00,0.00,0.27
71,4w,HrDom,Intn2,215,0.77,0.00,1.87,1.88,0.60,1.11,0.00,0.00,0.00,14.26,0.00,6.28,0.00,0.00,0.00,0.23
71,4w,HrDom,Intn2,225,0.63,0.00,1.42,1.57,0.50,0.90,0.00,0.00,0.00,11.37,0.00,5.14,0.00,0.00,0.00,0.19
71,4w,HrDom,Intn2,235,0.51,0.00,1.06,1.29,0.41,0.73,0.00,0.00,0.00,8.96,0.00,4.15,0.00,0.00,0.00,0.15
71,4w,HrDom,Intn2,245,0.41,0.00,0.78,1.05,0.33,0.58,0.00,0.00,0.00,6.98,0.00,3.31,0.00,0.00,0.00,0.12
71,4w,HrDom,Intn2,255,0.32,0.00,0.57,0.85,0.27,0.45,0.00,0.00,0.00,5.37,0.00,2.61,0.00,0.00,0.00,0.09
72,4w,HrdMw,Prsnt,5,0.00,0.00,0.00,0.00,0.00,0.00,0.00,0.00,0.00,0.00,0.00,0.00,0.00,0.00,0.00,0.00
72,4w,HrdMw,Prsnt,15,0.11,0.06,1.49,0.93,0.35,0.59,0.27,0.00,0.00,1.91,0.00,0.45,0.00,0.00,0.00,0.01
72,4w,HrdMw,Prsnt,25,0.43,0.24,4.64,3.72,1.04,2.35,0.48,0.00,0.00,7.23,0.00,1.70,0.00,0.00,0.00,0.03
72,4w,HrdMw,Prsnt,35,0.93,0.51,8.78,7.13,1.78,4.40,0.64,0.00,0.00,15.36,0.00,3.64,0.00,0.00,0.00,0.07
72,4w,HrdMw,Prsnt,45,1.54,0.85,13.24,9.76,2.38,5.87,0.77,0.00,0.00,24.76,0.00,6.00,0.00,0.00,0.00,0.12
72,4w,HrdMw,Prsnt,55,2.20,1.22,17.35,11.29,2.80,6.65,0.85,0.00,0.00,33.70,0.00,8.45,0.00,0.00,0.00,0.16
72,4w,HrdMw,Prsnt,65,2.82,1.58,20.69,12.05,3.03,6.98,0.89,0.00,0.00,40.91,0.00,10.69,0.00,0.00,0.00,0.21
72,4w,HrdMw,Prsnt,75,3.36,1.90,23.13,12.38,3.14,7.06,0.91,0.00,0.00,45.96,0.00,12.57,0.00,0.00,0.00,0.25
72,4w,HrdMw,Prsnt,85,3.82,2.19,24.70,12.46,3.18,6.99,0.90,0.00,0.00,48.93,0.00,14.05,0.00,0.00,0.00,0.28
72,4w,HrdMw,Prsnt,95,4.18,2.44,25.49,12.40,3.17,6.84,0.88,0.00,0.00,50.17,0.00,15.13,0.00,0.00,0.00,0.30
72,4w,HrdMw,Prsnt,105,4.46,2.64,25.60,12.23,3.13,6.63,0.84,0.00,0.00,50.03,0.00,15.86,0.00,0.00,0.00,0.32
72,4w,HrdMw,Prsnt,115,4.65,2.81,25.13,12.01,3.07,6.39,0.80,0.00,0.00,48.88,0.00,16.27,0.00,0.00,0.00,0.34
72,4w,HrdMw,Prsnt,125,4.76,2.94,24.19,11.72,3.00,6.12,0.76,0.00,0.00,46.99,0.00,16.40,0.00,0.00,0.00,0.34
72,4w,HrdMw,Prsnt,135,4.80,3.02,22.88,11.40,2.92,5.84,0.71,0.00,0.00,44.61,0.00,16.28,0.00,0.00,0.00,0.35
72,4w,HrdMw,Prsnt,145,4.77,3.07,21.30,11.04,2.82,5.54,0.66,0.00,0.00,41.91,0.00,15.95,0.00,0.00,0.00,0.35
72,4w,HrdMw,Prsnt,155,4.69,3.09,19.54,10.64,2.72,5.23,0.61,0.00,0.00,39.03,0.00,15.46,0.00,0.00,0.00,0.34
72,4w,HrdMw,Prsnt,165,4.55,3.08,17.69,10.21,2.61,4.92,0.55,0.00,0.00,36.08,0.00,14.83,0.00,0.00,0.00,0.33
72,4w,HrdMw,Prsnt,175,4.37,3.03,15.82,9.76,2.50,4.60,0.50,0.00,0.00,33.13,0.00,14.10,0.00,0.00,0.00,0.32
72,4w,HrdMw,Prsnt,185,4.16,2.96,13.99,9.29,2.38,4.29,0.45,0.00,0.00,30.25,0.00,13.29,0.00,0.00,0.00,0.31
72,4w,HrdMw,Prsnt,195,3.92,2.87,12.24,8.80,2.26,3.98,0.40,0.00,0.00,27.47,0.00,12.44,0.00,0.00,0.00,0.29
72,4w,HrdMw,Prsnt,205,3.67,2.76,10.61,8.31,2.13,3.67,0.36,0.00,0.00,24.82,0.00,11.56,0.00,0.00,0.00,0.27
72,4w,HrdMw,Prsnt,215,3.41,2.64,9.12,7.81,2.00,3.37,0.32,0.00,0.00,22.32,0.00,10.68,0.00,0.00,0.00,0.25
72,4w,HrdMw,Prsnt,225,3.15,2.51,7.77,7.31,1.87,3.08,0.28,0.00,0.00,19.98,0.00,9.81,0.00,0.00,0.00,0.23
72,4w,HrdMw,Prsnt,235,2.88,2.37,6.57,6.82,1.75,2.81,0.24,0.00,0.00,17.81,0.00,8.97,0.00,0.00,0.00,0.22
72,4w,HrdMw,Prsnt,245,2.63,2.22,5.52,6.33,1.62,2.55,0.21,0.00,0.00,15.81,0.00,8.16,0.00,0.00,0.00,0.20
72,4w,HrdMw,Prsnt,255,2.38,2.07,4.61,5.86,1.50,2.30,0.18,0.00,0.00,13.98,0.00,7.38,0.00,0.00,0.00,0.18
73,4w,HrdMw,Exten,5,0.00,0.00,0.00,0.00,0.00,0.00,0.00,0.00,0.00,0.00,0.00,0.00,0.00,0.00,0.00,0.00
73,4w,HrdMw,Exten,15,0.13,0.07,1.64,0.79,0.51,0.76,0.28,0.28,0.00,2.87,0.00,0.20,0.00,0.00,0.00,0.02
73,4w,HrdMw,Exten,25,0.49,0.27,5.18,3.22,1.52,3.04,0.51,0.51,0.00,11.02,0.00,0.75,0.00,0.00,0.00,0.08
73,4w,HrdMw,Exten,35,1.06,0.59,9.78,6.14,2.60,5.68,0.68,0.68,0.00,23.28,0.00,1.60,0.00,0.00,0.00,0.17
73,4w,HrdMw,Exten,45,1.74,0.97,14.59,8.33,3.45,7.51,0.81,0.81,0.00,37.19,0.00,2.62,0.00,0.00,0.00,0.27
73,4w,HrdMw,Exten,55,2.45,1.38,18.95,9.55,4.01,8.43,0.89,0.89,0.00,50.13,0.00,3.66,0.00,0.00,0.00,0.38
73,4w,HrdMw,Exten,65,3.12,1.77,22.43,10.11,4.32,8.78,0.92,0.92,0.00,60.40,0.00,4.59,0.00,0.00,0.00,0.48
73,4w,HrdMw,Exten,75,3.70,2.13,24.93,10.33,4.45,8.83,0.93,0.93,0.00,67.48,0.00,5.37,0.00,0.00,0.00,0.56
73,4w,HrdMw,Exten,85,4.19,2.44,26.52,10.36,4.48,8.71,0.92,0.92,0.00,71.56,0.00,5.98,0.00,0.00,0.00,0.63
73,4w,HrdMw,Exten,95,4.58,2.71,27.29,10.27,4.45,8.49,0.89,0.89,0.00,73.15,0.00,6.42,0.00,0.00,0.00,0.69
73,4w,HrdMw,Exten,105,4.87,2.93,27.35,10.12,4.39,8.22,0.86,0.86,0.00,72.81,0.00,6.72,0.00,0.00,0.00,0.73
73,4w,HrdMw,Exten,115,5.07,3.11,26.81,9.91,4.30,7.91,0.81,0.81,0.00,71.03,0.00,6.88,0.00,0.00,0.00,0.76
73,4w,HrdMw,Exten,125,5.19,3.25,25.79,9.67,4.20,7.57,0.77,0.77,0.00,68.22,0.00,6.93,0.00,0.00,0.00,0.77
73,4w,HrdMw,Exten,135,5.23,3.34,24.37,9.40,4.08,7.21,0.72,0.72,0.00,64.71,0.00,6.87,0.00,0.00,0.00,0.78
73,4w,HrdMw,Exten,145,5.19,3.39,22.67,9.09,3.95,6.84,0.67,0.67,0.00,60.76,0.00,6.73,0.00,0.00,0.00,0.78
73,4w,HrdMw,Exten,155,5.09,3.41,20.79,8.76,3.81,6.46,0.61,0.61,0.00,56.55,0.00,6.52,0.00,0.00,0.00,0.76
73,4w,HrdMw,Exten,165,4.94,3.39,18.81,8.40,3.65,6.07,0.56,0.56,0.00,52.24,0.00,6.25,0.00,0.00,0.00,0.74
73,4w,HrdMw,Exten,175,4.75,3.34,16.81,8.03,3.49,5.67,0.51,0.51,0.00,47.95,0.00,5.93,0.00,0.00,0.00,0.72
73,4w,HrdMw,Exten,185,4.51,3.26,14.85,7.63,3.32,5.28,0.46,0.46,0.00,43.75,0.00,5.59,0.00,0.00,0.00,0.68
73,4w,HrdMw,Exten,195,4.25,3.16,12.99,7.23,3.14,4.89,0.41,0.41,0.00,39.70,0.00,5.23,0.00,0.00,0.00,0.65
73,4w,HrdMw,Exten,205,3.98,3.04,11.25,6.82,2.97,4.51,0.36,0.36,0.00,35.85,0.00,4.86,0.00,0.00,0.00,0.61
73,4w,HrdMw,Exten,215,3.69,2.90,9.66,6.41,2.79,4.14,0.32,0.32,0.00,32.22,0.00,4.49,0.00,0.00,0.00,0.57
73,4w,HrdMw,Exten,225,3.40,2.75,8.23,5.99,2.61,3.79,0.28,0.28,0.00,28.82,0.00,4.12,0.00,0.00,0.00,0.53
73,4w,HrdMw,Exten,235,3.12,2.60,6.96,5.58,2.43,3.45,0.24,0.24,0.00,25.68,0.00,3.76,0.00,0.00,0.00,0.48
73,4w,HrdMw,Exten,245,2.84,2.44,5.84,5.18,2.26,3.13,0.21,0.21,0.00,22.78,0.00,3.42,0.00,0.00,0.00,0.44
73,4w,HrdMw,Exten,255,2.57,2.27,4.87,4.79,2.09,2.83,0.18,0.18,0.00,20.13,0.00,3.09,0.00,0.00,0.00,0.40
74,4w,HrdMw,Basc1,5,0.00,0.00,0.00,0.00,0.00,0.00,0.00,0.00,0.00,0.00,0.00,0.00,0.00,0.00,0.00,0.00
74,4w,HrdMw,Basc1,15,0.11,0.06,1.49,0.93,0.35,0.59,0.27,0.00,0.00,1.91,0.00,0.45,0.00,0.00,0.00,0.01
74,4w,HrdMw,Basc1,25,0.43,0.24,4.64,3.72,1.04,2.35,0.48,0.00,0.00,7.23,0.00,1.70,0.00,0.00,0.00,0.03
74,4w,HrdMw,Basc1,35,0.93,0.51,8.78,7.13,1.78,4.40,0.64,0.00,0.00,15.36,0.00,3.64,0.00,0.00,0.00,0.07
74,4w,HrdMw,Basc1,45,1.54,0.85,13.24,9.76,2.38,5.87,0.77,0.00,0.00,24.76,0.00,6.00,0.00,0.00,0.00,0.12
74,4w,HrdMw,Basc1,55,2.20,1.22,17.35,11.29,2.80,6.65,0.85,0.00,0.00,33.70,0.00,8.45,0.00,0.00,0.00,0.16
74,4w,HrdMw,Basc1,65,2.82,1.58,20.69,12.05,3.03,6.98,0.89,0.00,0.00,40.91,0.00,10.69,0.00,0.00,0.00,0.21
74,4w,HrdMw,Basc1,75,3.36,1.90,23.13,12.38,3.14,7.06,0.91,0.00,0.00,45.96,0.00,12.57,0.00,0.00,0.00,0.25
74,4w,HrdMw,Basc1,85,3.82,2.19,24.70,12.46,3.18,6.99,0.90,0.00,0.00,48.93,0.00,14.05,0.00,0.00,0.00,0.28
74,4w,HrdMw,Basc1,95,4.18,2.44,25.49,12.40,3.17,6.84,0.88,0.00,0.00,50.17,0.00,15.13,0.00,0.00,0.00,0.30
74,4w,HrdMw,Basc1,105,4.46,2.64,25.60,12.23,3.13,6.63,0.84,0.00,0.00,50.03,0.00,15.86,0.00,0.00,0.00,0.32
74,4w,HrdMw,Basc1,115,4.65,2.81,25.13,12.01,3.07,6.39,0.80,0.00,0.00,48.88,0.00,16.27,0.00,0.00,0.00,0.34
74,4w,HrdMw,Basc1,125,4.76,2.94,24.19,11.72,3.00,6.12,0.76,0.00,0.00,46.99,0.00,16.40,0.00,0.00,0.00,0.34
74,4w,HrdMw,Basc1,135,4.80,3.02,22.88,11.40,2.92,5.84,0.71,0.00,0.00,44.61,0.00,16.28,0.00,0.00,0.00,0.35
74,4w,HrdMw,Basc1,145,4.77,3.07,21.30,11.04,2.82,5.54,0.66,0.00,0.00,41.91,0.00,15.95,0.00,0.00,0.00,0.35
74,4w,HrdMw,Basc1,155,4.69,3.09,19.54,10.64,2.72,5.23,0.61,0.00,0.00,39.03,0.00,15.46,0.00,0.00,0.00,0.34
74,4w,HrdMw,Basc1,165,4.55,3.08,17.69,10.21,2.61,4.92,0.55,0.00,0.00,36.08,0.00,14.83,0.00,0.00,0.00,0.33
74,4w,HrdMw,Basc1,175,4.37,3.03,15.82,9.76,2.50,4.60,0.50,0.00,0.00,33.13,0.00,14.10,0.00,0.00,0.00,0.32
74,4w,HrdMw,Basc1,185,4.16,2.96,13.99,9.29,2.38,4.29,0.45,0.00,0.00,30.25,0.00,13.29,0.00,0.00,0.00,0.31
74,4w,HrdMw,Basc1,195,3.92,2.87,12.24,8.80,2.26,3.98,0.40,0.00,0.00,27.47,0.00,12.44,0.00,0.00,0.00,0.29
74,4w,HrdMw,Basc1,205,3.67,2.76,10.61,8.31,2.13,3.67,0.36,0.00,0.00,24.82,0.00,11.56,0.00,0.00,0.00,0.27
74,4w,HrdMw,Basc1,215,3.41,2.64,9.12,7.81,2.00,3.37,0.32,0.00,0.00,22.32,0.00,10.68,0.00,0.00,0.00,0.25
74,4w,HrdMw,Basc1,225,3.15,2.51,7.77,7.31,1.87,3.08,0.28,0.00,0.00,19.98,0.00,9.81,0.00,0.00,0.00,0.23
74,4w,HrdMw,Basc1,235,2.88,2.37,6.57,6.82,1.75,2.81,0.24,0.00,0.00,17.81,0.00,8.97,0.00,0.00,0.00,0.22
74,4w,HrdMw,Basc1,245,2.63,2.22,5.52,6.33,1.62,2.55,0.21,0.00,0.00,15.81,0.00,8.16,0.00,0.00,0.00,0.20
74,4w,HrdMw,Basc1,255,2.38,2.07,4.61,5.86,1.50,2.30,0.18,0.00,0.00,13.98,0.00,7.38,0.00,0.00,0.00,0.18
75,4w,HrdMw,Intn1,5,0.00,0.00,0.00,0.00,0.00,0.00,0.00,0.00,0.00,0.00,0.00,0.00,0.00,0.00,0.00,0.00
75,4w,HrdMw,Intn1,15,0.07,0.00,3.27,0.91,0.44,0.60,0.00,0.00,0.00,2.93,0.00,0.34,0.00,0.00,0.00,0.02
75,4w,HrdMw,Intn1,25,0.28,0.00,10.14,3.64,1.29,2.38,0.00,0.00,0.00,11.11,0.00,1.28,0.00,0.00,0.00,0.09
75,4w,HrdMw,Intn1,35,0.59,0.00,19.02,6.92,2.19,4.42,0.00,0.00,0.00,23.36,0.00,2.71,0.00,0.00,0.00,0.19
75,4w,HrdMw,Intn1,45,0.97,0.00,28.26,9.34,2.90,5.82,0.00,0.00,0.00,37.15,0.00,4.41,0.00,0.00,0.00,0.31
75,4w,HrdMw,Intn1,55,1.37,0.00,36.55,10.66,3.36,6.51,0.00,0.00,0.00,49.90,0.00,6.13,0.00,0.00,0.00,0.43
75,4w,HrdMw,Intn1,65,1.74,0.00,43.17,11.27,3.61,6.77,0.00,0.00,0.00,60.00,0.00,7.68,0.00,0.00,0.00,0.53
75,4w,HrdMw,Intn1,75,2.06,0.00,47.93,11.49,3.71,6.80,0.00,0.00,0.00,66.93,0.00,8.96,0.00,0.00,0.00,0.63
75,4w,HrdMw,Intn1,85,2.33,0.00,50.93,11.51,3.74,6.70,0.00,0.00,0.00,70.91,0.00,9.97,0.00,0.00,0.00,0.70
75,4w,HrdMw,Intn1,95,2.54,0.00,52.37,11.41,3.71,6.53,0.00,0.00,0.00,72.44,0.00,10.70,0.00,0.00,0.00,0.76
75,4w,HrdMw,Intn1,105,2.70,0.00,52.46,11.23,3.65,6.32,0.00,0.00,0.00,72.06,0.00,11.19,0.00,0.00,0.00,0.81
75,4w,HrdMw,Intn1,115,2.81,0.00,51.41,11.00,3.58,6.07,0.00,0.00,0.00,70.26,0.00,11.46,0.00,0.00,0.00,0.84
75,4w,HrdMw,Intn1,125,2.88,0.00,49.41,10.73,3.49,5.81,0.00,0.00,0.00,67.46,0.00,11.53,0.00,0.00,0.00,0.86
75,4w,HrdMw,Intn1,135,2.90,0.00,46.68,10.42,3.39,5.54,0.00,0.00,0.00,63.96,0.00,11.43,0.00,0.00,0.00,0.87
75,4w,HrdMw,Intn1,145,2.88,0.00,43.41,10.08,3.28,5.25,0.00,0.00,0.00,60.03,0.00,11.19,0.00,0.00,0.00,0.86
75,4w,HrdMw,Intn1,155,2.82,0.00,39.80,9.71,3.16,4.95,0.00,0.00,0.00,55.86,0.00,10.84,0.00,0.00,0.00,0.85
75,4w,HrdMw,Intn1,165,2.74,0.00,36.00,9.31,3.03,4.65,0.00,0.00,0.00,51.60,0.00,10.39,0.00,0.00,0.00,0.82
75,4w,HrdMw,Intn1,175,2.63,0.00,32.17,8.89,2.90,4.35,0.00,0.00,0.00,47.35,0.00,9.87,0.00,0.00,0.00,0.79
75,4w,HrdMw,Intn1,185,2.50,0.00,28.43,8.46,2.76,4.05,0.00,0.00,0.00,43.20,0.00,9.30,0.00,0.00,0.00,0.76
75,4w,HrdMw,Intn1,195,2.35,0.00,24.86,8.01,2.61,3.75,0.00,0.00,0.00,39.20,0.00,8.69,0.00,0.00,0.00,0.72
75,4w,HrdMw,Intn1,205,2.20,0.00,21.54,7.56,2.46,3.46,0.00,0.00,0.00,35.40,0.00,8.08,0.00,0.00,0.00,0.68
75,4w,HrdMw,Intn1,215,2.04,0.00,18.50,7.10,2.31,3.18,0.00,0.00,0.00,31.81,0.00,7.46,0.00,0.00,0.00,0.63
75,4w,HrdMw,Intn1,225,1.88,0.00,15.75,6.64,2.17,2.90,0.00,0.00,0.00,28.46,0.00,6.85,0.00,0.00,0.00,0.58
75,4w,HrdMw,Intn1,235,1.73,0.00,13.32,6.19,2.02,2.65,0.00,0.00,0.00,25.36,0.00,6.25,0.00,0.00,0.00,0.54
75,4w,HrdMw,Intn1,245,1.57,0.00,11.18,5.74,1.87,2.40,0.00,0.00,0.00,22.50,0.00,5.68,0.00,0.00,0.00,0.49
75,4w,HrdMw,Intn1,255,1.42,0.00,9.32,5.31,1.73,2.17,0.00,0.00,0.00,19.88,0.00,5.14,0.00,0.00,0.00,0.44
76,4w,HrdMw,Intn2,5,0.00,0.00,0.00,0.00,0.00,0.00,0.00,0.00,0.00,0.00,0.00,0.00,0.00,0.00,0.00,0.00
76,4w,HrdMw,Intn2,15,0.11,0.06,1.49,0.93,0.35,0.59,0.27,0.00,0.00,1.91,0.00,0.45,0.00,0.00,0.00,0.01
76,4w,HrdMw,Intn2,25,0.43,0.24,4.64,3.72,1.04,2.35,0.48,0.00,0.00,7.23,0.00,1.70,0.00,0.00,0.00,0.03
76,4w,HrdMw,Intn2,35,0.93,0.51,8.78,7.13,1.78,4.40,0.64,0.00,0.00,15.36,0.00,3.64,0.00,0.00,0.00,0.07
76,4w,HrdMw,Intn2,45,1.54,0.85,13.24,9.76,2.38,5.87,0.77,0.00,0.00,24.76,0.00,6.00,0.00,0.00,0.00,0.12
76,4w,HrdMw,Intn2,55,2.20,1.22,17.35,11.29,2.80,6.65,0.85,0.00,0.00,33.70,0.00,8.45,0.00,0.00,0.00,0.16
76,4w,HrdMw,Intn2,65,2.82,1.58,20.69,12.05,3.03,6.98,0.89,0.00,0.00,40.91,0.00,10.69,0.00,0.00,0.00,0.21
76,4w,HrdMw,Intn2,75,3.36,1.90,23.13,12.38,3.14,7.06,0.91,0.00,0.00,45.96,0.00,12.57,0.00,0.00,0.00,0.25
76,4w,HrdMw,Intn2,85,3.82,2.19,24.70,12.46,3.18,6.99,0.90,0.00,0.00,48.93,0.00,14.05,0.00,0.00,0.00,0.28
76,4w,HrdMw,Intn2,95,4.18,2.44,25.49,12.40,3.17,6.84,0.88,0.00,0.00,50.17,0.00,15.13,0.00,0.00,0.00,0.30
76,4w,HrdMw,Intn2,105,4.46,2.64,25.60,12.23,3.13,6.63,0.84,0.00,0.00,50.03,0.00,15.86,0.00,0.00,0.00,0.32
76,4w,HrdMw,Intn2,115,4.65,2.81,25.13,12.01,3.07,6.39,0.80,0.00,0.00,48.88,0.00,16.27,0.00,0.00,0.00,0.34
76,4w,HrdMw,Intn2,125,4.76,2.94,24.19,11.72,3.00,6.12,0.76,0.00,0.00,46.99,0.00,16.40,0.00,0.00,0.00,0.34
76,4w,HrdMw,Intn2,135,4.80,3.02,22.88,11.40,2.92,5.84,0.71,0.00,0.00,44.61,0.00,16.28,0.00,0.00,0.00,0.35
76,4w,HrdMw,Intn2,145,4.77,3.07,21.30,11.04,2.82,5.54,0.66,0.00,0.00,41.91,0.00,15.95,0.00,0.00,0.00,0.35
76,4w,HrdMw,Intn2,155,4.69,3.09,19.54,10.64,2.72,5.23,0.61,0.00,0.00,39.03,0.00,15.46,0.00,0.00,0.00,0.34
76,4w,HrdMw,Intn2,165,4.55,3.08,17.69,10.21,2.61,4.92,0.55,0.00,0.00,36.08,0.00,14.83,0.00,0.00,0.00,0.33
76,4w,HrdMw,Intn2,175,4.37,3.03,15.82,9.76,2.50,4.60,0.50,0.00,0.00,33.13,0.00,14.10,0.00,0.00,0.00,0.32
76,4w,HrdMw,Intn2,185,4.16,2.96,13.99,9.29,2.38,4.29,0.45,0.00,0.00,30.25,0.00,13.29,0.00,0.00,0.00,0.31
76,4w,HrdMw,Intn2,195,3.92,2.87,12.24,8.80,2.26,3.98,0.40,0.00,0.00,27.47,0.00,12.44,0.00,0.00,0.00,0.29
76,4w,HrdMw,Intn2,205,3.67,2.76,10.61,8.31,2.13,3.67,0.36,0.00,0.00,24.82,0.00,11.56,0.00,0.00,0.00,0.27
76,4w,HrdMw,Intn2,215,3.41,2.64,9.12,7.81,2.00,3.37,0.32,0.00,0.00,22.32,0.00,10.68,0.00,0.00,0.00,0.25
76,4w,HrdMw,Intn2,225,3.15,2.51,7.77,7.31,1.87,3.08,0.28,0.00,0.00,19.98,0.00,9.81,0.00,0.00,0.00,0.23
76,4w,HrdMw,Intn2,235,2.88,2.37,6.57,6.82,1.75,2.81,0.24,0.00,0.00,17.81,0.00,8.97,0.00,0.00,0.00,0.22
76,4w,HrdMw,Intn2,245,2.63,2.22,5.52,6.33,1.62,2.55,0.21,0.00,0.00,15.81,0.00,8.16,0.00,0.00,0.00,0.20
76,4w,HrdMw,Intn2,255,2.38,2.07,4.61,5.86,1.50,2.30,0.18,0.00,0.00,13.98,0.00,7.38,0.00,0.00,0.00,0.18
77,4w,ConMx,Prsnt,5,0.00,0.00,0.00,0.00,0.00,0.00,0.00,0.00,0.00,0.00,0.00,0.00,0.00,0.00,0.00,0.00
77,4w,ConMx,Prsnt,15,0.03,0.03,2.07,1.22,0.15,0.33,0.43,0.00,0.00,0.65,0.00,0.19,0.00,0.00,0.00,4.60183259399412e-03
77,4w,ConMx,Prsnt,25,0.09,0.09,5.08,3.86,0.36,1.03,0.60,0.00,0.00,1.97,0.00,0.56,0.00,0.00,0.00,0.01
77,4w,ConMx,Prsnt,35,0.18,0.17,8.95,6.88,0.58,1.80,0.75,0.00,0.00,3.88,0.00,1.11,0.00,0.00,0.00,0.02
77,4w,ConMx,Prsnt,45,0.30,0.29,13.47,9.41,0.78,2.40,0.89,0.00,0.00,6.26,0.00,1.84,0.00,0.00,0.00,0.03
77,4w,ConMx,Prsnt,55,0.44,0.44,18.26,11.26,0.94,2.81,1.02,0.00,0.00,8.81,0.00,2.68,0.00,0.00,0.00,0.05
77,4w,ConMx,Prsnt,65,0.59,0.59,22.88,12.63,1.07,3.10,1.13,0.00,0.00,11.24,0.00,3.56,0.00,0.00,0.00,0.07
77,4w,ConMx,Prsnt,75,0.75,0.76,27.07,13.73,1.18,3.31,1.21,0.00,0.00,13.36,0.00,4.43,0.00,0.00,0.00,0.09
77,4w,ConMx,Prsnt,85,0.90,0.93,30.65,14.65,1.26,3.48,1.27,0.00,0.00,15.08,0.00,5.25,0.00,0.00,0.00,0.11
77,4w,ConMx,Prsnt,95,1.05,1.09,33.54,15.46,1.33,3.61,1.32,0.00,0.00,16.40,0.00,6.00,0.00,0.00,0.00,0.12
77,4w,ConMx,Prsnt,105,1.19,1.26,35.71,16.17,1.40,3.71,1.34,0.00,0.00,17.34,0.00,6.67,0.00,0.00,0.00,0.14
77,4w,ConMx,Prsnt,115,1.31,1.42,37.16,16.82,1.45,3.79,1.36,0.00,0.00,17.95,0.00,7.25,0.00,0.00,0.00,0.15
77,4w,ConMx,Prsnt,125,1.42,1.57,37.90,17.40,1.50,3.85,1.36,0.00,0.00,18.29,0.00,7.74,0.00,0.00,0.00,0.17
77,4w,ConMx,Prsnt,135,1.52,1.71,37.99,17.94,1.55,3.89,1.35,0.00,0.00,18.40,0.00,8.15,0.00,0.00,0.00,0.18
77,4w,ConMx,Prsnt,145,1.60,1.85,37.51,18.42,1.59,3.92,1.33,0.00,0.00,18.33,0.00,8.47,0.00,0.00,0.00,0.19
77,4w,ConMx,Prsnt,155,1.67,1.97,36.54,18.86,1.63,3.93,1.30,0.00,0.00,18.13,0.00,8.71,0.00,0.00,0.00,0.20
77,4w,ConMx,Prsnt,165,1.73,2.09,35.18,19.25,1.67,3.93,1.26,0.00,0.00,17.82,0.00,8.89,0.00,0.00,0.00,0.21
77,4w,ConMx,Prsnt,175,1.77,2.19,33.52,19.60,1.70,3.91,1.22,0.00,0.00,17.43,0.00,9.00,0.00,0.00,0.00,0.21
77,4w,ConMx,Prsnt,185,1.79,2.29,31.63,19.91,1.72,3.89,1.17,0.00,0.00,16.99,0.00,9.06,0.00,0.00,0.00,0.22
77,4w,ConMx,Prsnt,195,1.81,2.37,29.61,20.18,1.75,3.86,1.12,0.00,0.00,16.50,0.00,9.07,0.00,0.00,0.00,0.22
77,4w,ConMx,Prsnt,205,1.82,2.45,27.52,20.42,1.77,3.82,1.07,0.00,0.00,15.98,0.00,9.04,0.00,0.00,0.00,0.22
77,4w,ConMx,Prsnt,215,1.81,2.51,25.41,20.63,1.79,3.77,1.02,0.00,0.00,15.45,0.00,8.97,0.00,0.00,0.00,0.22
77,4w,ConMx,Prsnt,225,1.80,2.57,23.33,20.81,1.80,3.72,0.96,0.00,0.00,14.90,0.00,8.88,0.00,0.00,0.00,0.22
77,4w,ConMx,Prsnt,235,1.78,2.62,21.32,20.95,1.82,3.66,0.91,0.00,0.00,14.34,0.00,8.76,0.00,0.00,0.00,0.22
77,4w,ConMx,Prsnt,245,1.76,2.67,19.39,21.08,1.83,3.60,0.85,0.00,0.00,13.79,0.00,8.63,0.00,0.00,0.00,0.22
77,4w,ConMx,Prsnt,255,1.73,2.70,17.57,21.18,1.84,3.53,0.80,0.00,0.00,13.24,0.00,8.48,0.00,0.00,0.00,0.22
78,4w,ConMx,Exten,5,0.00,0.00,0.00,0.00,0.00,0.00,0.00,0.00,0.00,0.00,0.00,0.00,0.00,0.00,0.00,0.00
78,4w,ConMx,Exten,15,0.07,0.00,5.17,1.77,0.29,0.55,0.36,0.36,0.00,1.91,0.00,0.14,0.00,0.00,0.00,0.01
78,4w,ConMx,Exten,25,0.20,0.00,12.69,5.58,0.69,1.71,0.50,0.50,0.00,5.72,0.00,0.41,0.00,0.00,0.00,0.03
78,4w,ConMx,Exten,35,0.38,0.00,21.09,9.39,1.03,2.81,0.59,0.59,0.00,10.65,0.00,0.78,0.00,0.00,0.00,0.05
78,4w,ConMx,Exten,45,0.59,0.00,29.61,11.98,1.29,3.49,0.66,0.66,0.00,16.00,0.00,1.20,0.00,0.00,0.00,0.08
78,4w,ConMx,Exten,55,0.81,0.00,37.51,13.40,1.47,3.83,0.71,0.71,0.00,21.06,0.00,1.64,0.00,0.00,0.00,0.11
78,4w,ConMx,Exten,65,1.03,0.00,44.28,14.15,1.57,3.98,0.73,0.73,0.00,25.30,0.00,2.06,0.00,0.00,0.00,0.14
78,4w,ConMx,Exten,75,1.23,0.00,49.71,14.59,1.64,4.04,0.75,0.75,0.00,28.54,0.00,2.43,0.00,0.00,0.00,0.17
78,4w,ConMx,Exten,85,1.42,0.00,53.80,14.89,1.68,4.05,0.75,0.75,0.00,30.80,0.00,2.75,0.00,0.00,0.00,0.20
78,4w,ConMx,Exten,95,1.59,0.00,56.62,15.10,1.70,4.04,0.75,0.75,0.00,32.20,0.00,3.02,0.00,0.00,0.00,0.22
78,4w,ConMx,Exten,105,1.73,0.00,58.25,15.27,1.72,4.02,0.73,0.73,0.00,32.90,0.00,3.25,0.00,0.00,0.00,0.24
78,4w,ConMx,Exten,115,1.86,0.00,58.80,15.41,1.74,3.98,0.72,0.72,0.00,33.04,0.00,3.42,0.00,0.00,0.00,0.26
78,4w,ConMx,Exten,125,1.96,0.00,58.39,15.52,1.75,3.93,0.70,0.70,0.00,32.78,0.00,3.56,0.00,0.00,0.00,0.27
78,4w,ConMx,Exten,135,2.05,0.00,57.17,15.62,1.77,3.88,0.68,0.68,0.00,32.21,0.00,3.66,0.00,0.00,0.00,0.28
78,4w,ConMx,Exten,145,2.12,0.00,55.28,15.71,1.78,3.83,0.65,0.65,0.00,31.43,0.00,3.72,0.00,0.00,0.00,0.29
78,4w,ConMx,Exten,155,2.16,0.00,52.85,15.79,1.79,3.77,0.63,0.63,0.00,30.50,0.00,3.76,0.00,0.00,0.00,0.30
78,4w,ConMx,Exten,165,2.20,0.00,50.04,15.85,1.79,3.70,0.60,0.60,0.00,29.49,0.00,3.77,0.00,0.00,0.00,0.31
78,4w,ConMx,Exten,175,2.22,0.00,46.97,15.90,1.80,3.64,0.57,0.57,0.00,28.42,0.00,3.76,0.00,0.00,0.00,0.31
78,4w,ConMx,Exten,185,2.22,0.00,43.74,15.94,1.80,3.57,0.54,0.54,0.00,27.33,0.00,3.74,0.00,0.00,0.00,0.31
78,4w,ConMx,Exten,195,2.22,0.00,40.46,15.96,1.81,3.50,0.51,0.51,0.00,26.23,0.00,3.70,0.00,0.00,0.00,0.31
78,4w,ConMx,Exten,205,2.20,0.00,37.20,15.98,1.81,3.42,0.48,0.48,0.00,25.14,0.00,3.65,0.00,0.00,0.00,0.31
78,4w,ConMx,Exten,215,2.17,0.00,34.02,15.99,1.81,3.35,0.45,0.45,0.00,24.06,0.00,3.58,0.00,0.00,0.00,0.31
78,4w,ConMx,Exten,225,2.14,0.00,30.97,15.98,1.81,3.27,0.43,0.43,0.00,23.00,0.00,3.52,0.00,0.00,0.00,0.31
78,4w,ConMx,Exten,235,2.10,0.00,28.07,15.97,1.81,3.19,0.40,0.40,0.00,21.97,0.00,3.44,0.00,0.00,0.00,0.30
78,4w,ConMx,Exten,245,2.06,0.00,25.36,15.95,1.81,3.12,0.37,0.37,0.00,20.97,0.00,3.37,0.00,0.00,0.00,0.30
78,4w,ConMx,Exten,255,2.01,0.00,22.83,15.93,1.81,3.04,0.35,0.35,0.00,20.01,0.00,3.29,0.00,0.00,0.00,0.29
79,4w,ConMx,Basc1,5,0.00,0.00,0.00,0.00,0.00,0.00,0.00,0.00,0.00,0.00,0.00,0.00,0.00,0.00,0.00,0.00
79,4w,ConMx,Basc1,15,0.03,0.03,2.07,1.22,0.15,0.33,0.43,0.00,0.00,0.65,0.00,0.19,0.00,0.00,0.00,4.60183259399412e-03
79,4w,ConMx,Basc1,25,0.09,0.09,5.08,3.86,0.36,1.03,0.60,0.00,0.00,1.97,0.00,0.56,0.00,0.00,0.00,0.01
79,4w,ConMx,Basc1,35,0.18,0.17,8.95,6.88,0.58,1.80,0.75,0.00,0.00,3.88,0.00,1.11,0.00,0.00,0.00,0.02
79,4w,ConMx,Basc1,45,0.30,0.29,13.47,9.41,0.78,2.40,0.89,0.00,0.00,6.26,0.00,1.84,0.00,0.00,0.00,0.03
79,4w,ConMx,Basc1,55,0.44,0.44,18.26,11.26,0.94,2.81,1.02,0.00,0.00,8.81,0.00,2.68,0.00,0.00,0.00,0.05
79,4w,ConMx,Basc1,65,0.59,0.59,22.88,12.63,1.07,3.10,1.13,0.00,0.00,11.24,0.00,3.56,0.00,0.00,0.00,0.07
79,4w,ConMx,Basc1,75,0.75,0.76,27.07,13.73,1.18,3.31,1.21,0.00,0.00,13.36,0.00,4.43,0.00,0.00,0.00,0.09
79,4w,ConMx,Basc1,85,0.90,0.93,30.65,14.65,1.26,3.48,1.27,0.00,0.00,15.08,0.00,5.25,0.00,0.00,0.00,0.11
79,4w,ConMx,Basc1,95,1.05,1.09,33.54,15.46,1.33,3.61,1.32,0.00,0.00,16.40,0.00,6.00,0.00,0.00,0.00,0.12
79,4w,ConMx,Basc1,105,1.19,1.26,35.71,16.17,1.40,3.71,1.34,0.00,0.00,17.34,0.00,6.67,0.00,0.00,0.00,0.14
79,4w,ConMx,Basc1,115,1.31,1.42,37.16,16.82,1.45,3.79,1.36,0.00,0.00,17.95,0.00,7.25,0.00,0.00,0.00,0.15
79,4w,ConMx,Basc1,125,1.42,1.57,37.90,17.40,1.50,3.85,1.36,0.00,0.00,18.29,0.00,7.74,0.00,0.00,0.00,0.17
79,4w,ConMx,Basc1,135,1.52,1.71,37.99,17.94,1.55,3.89,1.35,0.00,0.00,18.40,0.00,8.15,0.00,0.00,0.00,0.18
79,4w,ConMx,Basc1,145,1.60,1.85,37.51,18.42,1.59,3.92,1.33,0.00,0.00,18.33,0.00,8.47,0.00,0.00,0.00,0.19
79,4w,ConMx,Basc1,155,1.67,1.97,36.54,18.86,1.63,3.93,1.30,0.00,0.00,18.13,0.00,8.71,0.00,0.00,0.00,0.20
79,4w,ConMx,Basc1,165,1.73,2.09,35.18,19.25,1.67,3.93,1.26,0.00,0.00,17.82,0.00,8.89,0.00,0.00,0.00,0.21
79,4w,ConMx,Basc1,175,1.77,2.19,33.52,19.60,1.70,3.91,1.22,0.00,0.00,17.43,0.00,9.00,0.00,0.00,0.00,0.21
79,4w,ConMx,Basc1,185,1.79,2.29,31.63,19.91,1.72,3.89,1.17,0.00,0.00,16.99,0.00,9.06,0.00,0.00,0.00,0.22
79,4w,ConMx,Basc1,195,1.81,2.37,29.61,20.18,1.75,3.86,1.12,0.00,0.00,16.50,0.00,9.07,0.00,0.00,0.00,0.22
79,4w,ConMx,Basc1,205,1.82,2.45,27.52,20.42,1.77,3.82,1.07,0.00,0.00,15.98,0.00,9.04,0.00,0.00,0.00,0.22
79,4w,ConMx,Basc1,215,1.81,2.51,25.41,20.63,1.79,3.77,1.02,0.00,0.00,15.45,0.00,8.97,0.00,0.00,0.00,0.22
79,4w,ConMx,Basc1,225,1.80,2.57,23.33,20.81,1.80,3.72,0.96,0.00,0.00,14.90,0.00,8.88,0.00,0.00,0.00,0.22
79,4w,ConMx,Basc1,235,1.78,2.62,21.32,20.95,1.82,3.66,0.91,0.00,0.00,14.34,0.00,8.76,0.00,0.00,0.00,0.22
79,4w,ConMx,Basc1,245,1.76,2.67,19.39,21.08,1.83,3.60,0.85,0.00,0.00,13.79,0.00,8.63,0.00,0.00,0.00,0.22
79,4w,ConMx,Basc1,255,1.73,2.70,17.57,21.18,1.84,3.53,0.80,0.00,0.00,13.24,0.00,8.48,0.00,0.00,0.00,0.22
80,4w,ConMx,Basc2,5,0.00,0.00,0.00,0.00,0.00,0.00,0.00,0.00,0.00,0.00,0.00,0.00,0.00,0.00,0.00,0.00
80,4w,ConMx,Basc2,15,0.03,0.03,2.07,1.22,0.15,0.33,0.43,0.00,0.00,0.65,0.00,0.19,0.00,0.00,0.00,4.60183259399412e-03
80,4w,ConMx,Basc2,25,0.09,0.09,5.08,3.86,0.36,1.03,0.60,0.00,0.00,1.97,0.00,0.56,0.00,0.00,0.00,0.01
80,4w,ConMx,Basc2,35,0.18,0.17,8.95,6.88,0.58,1.80,0.75,0.00,0.00,3.88,0.00,1.11,0.00,0.00,0.00,0.02
80,4w,ConMx,Basc2,45,0.30,0.29,13.47,9.41,0.78,2.40,0.89,0.00,0.00,6.26,0.00,1.84,0.00,0.00,0.00,0.03
80,4w,ConMx,Basc2,55,0.44,0.44,18.26,11.26,0.94,2.81,1.02,0.00,0.00,8.81,0.00,2.68,0.00,0.00,0.00,0.05
80,4w,ConMx,Basc2,65,0.59,0.59,22.88,12.63,1.07,3.10,1.13,0.00,0.00,11.24,0.00,3.56,0.00,0.00,0.00,0.07
80,4w,ConMx,Basc2,75,0.75,0.76,27.07,13.73,1.18,3.31,1.21,0.00,0.00,13.36,0.00,4.43,0.00,0.00,0.00,0.09
80,4w,ConMx,Basc2,85,0.90,0.93,30.65,14.65,1.26,3.48,1.27,0.00,0.00,15.08,0.00,5.25,0.00,0.00,0.00,0.11
80,4w,ConMx,Basc2,95,1.05,1.09,33.54,15.46,1.33,3.61,1.32,0.00,0.00,16.40,0.00,6.00,0.00,0.00,0.00,0.12
80,4w,ConMx,Basc2,105,1.19,1.26,35.71,16.17,1.40,3.71,1.34,0.00,0.00,17.34,0.00,6.67,0.00,0.00,0.00,0.14
80,4w,ConMx,Basc2,115,1.31,1.42,37.16,16.82,1.45,3.79,1.36,0.00,0.00,17.95,0.00,7.25,0.00,0.00,0.00,0.15
80,4w,ConMx,Basc2,125,1.42,1.57,37.90,17.40,1.50,3.85,1.36,0.00,0.00,18.29,0.00,7.74,0.00,0.00,0.00,0.17
80,4w,ConMx,Basc2,135,1.52,1.71,37.99,17.94,1.55,3.89,1.35,0.00,0.00,18.40,0.00,8.15,0.00,0.00,0.00,0.18
80,4w,ConMx,Basc2,145,1.60,1.85,37.51,18.42,1.59,3.92,1.33,0.00,0.00,18.33,0.00,8.47,0.00,0.00,0.00,0.19
80,4w,ConMx,Basc2,155,1.67,1.97,36.54,18.86,1.63,3.93,1.30,0.00,0.00,18.13,0.00,8.71,0.00,0.00,0.00,0.20
80,4w,ConMx,Basc2,165,1.73,2.09,35.18,19.25,1.67,3.93,1.26,0.00,0.00,17.82,0.00,8.89,0.00,0.00,0.00,0.21
80,4w,ConMx,Basc2,175,1.77,2.19,33.52,19.60,1.70,3.91,1.22,0.00,0.00,17.43,0.00,9.00,0.00,0.00,0.00,0.21
80,4w,ConMx,Basc2,185,1.79,2.29,31.63,19.91,1.72,3.89,1.17,0.00,0.00,16.99,0.00,9.06,0.00,0.00,0.00,0.22
80,4w,ConMx,Basc2,195,1.81,2.37,29.61,20.18,1.75,3.86,1.12,0.00,0.00,16.50,0.00,9.07,0.00,0.00,0.00,0.22
80,4w,ConMx,Basc2,205,1.82,2.45,27.52,20.42,1.77,3.82,1.07,0.00,0.00,15.98,0.00,9.04,0.00,0.00,0.00,0.22
80,4w,ConMx,Basc2,215,1.81,2.51,25.41,20.63,1.79,3.77,1.02,0.00,0.00,15.45,0.00,8.97,0.00,0.00,0.00,0.22
80,4w,ConMx,Basc2,225,1.80,2.57,23.33,20.81,1.80,3.72,0.96,0.00,0.00,14.90,0.00,8.88,0.00,0.00,0.00,0.22
80,4w,ConMx,Basc2,235,1.78,2.62,21.32,20.95,1.82,3.66,0.91,0.00,0.00,14.34,0.00,8.76,0.00,0.00,0.00,0.22
80,4w,ConMx,Basc2,245,1.76,2.67,19.39,21.08,1.83,3.60,0.85,0.00,0.00,13.79,0.00,8.63,0.00,0.00,0.00,0.22
80,4w,ConMx,Basc2,255,1.73,2.70,17.57,21.18,1.84,3.53,0.80,0.00,0.00,13.24,0.00,8.48,0.00,0.00,0.00,0.22
81,4w,ConMx,Intn1,5,0.00,0.00,0.00,0.00,0.00,0.00,0.00,0.00,0.00,0.00,0.00,0.00,0.00,0.00,0.00,0.00
81,4w,ConMx,Intn1,15,0.00,0.00,7.21,1.35,2.16,0.50,0.00,0.00,0.00,2.20,0.00,0.21,0.00,0.00,0.00,0.01
81,4w,ConMx,Intn1,25,0.00,0.00,17.75,4.27,5.06,1.56,0.00,0.00,0.00,6.62,0.00,0.61,0.00,0.00,0.00,0.04
81,4w,ConMx,Intn1,35,0.00,0.00,29.46,7.18,7.59,2.56,0.00,0.00,0.00,12.32,0.00,1.15,0.00,0.00,0.00,0.07
81,4w,ConMx,Intn1,45,0.00,0.00,41.06,9.09,9.42,3.16,0.00,0.00,0.00,18.37,0.00,1.76,0.00,0.00,0.00,0.11
81,4w,ConMx,Intn1,55,0.00,0.00,51.60,10.08,10.59,3.44,0.00,0.00,0.00,23.97,0.00,2.38,0.00,0.00,0.00,0.15
81,4w,ConMx,Intn1,65,0.00,0.00,60.49,10.58,11.29,3.55,0.00,0.00,0.00,28.60,0.00,2.96,0.00,0.00,0.00,0.18
81,4w,ConMx,Intn1,75,0.00,0.00,67.54,10.85,11.68,3.58,0.00,0.00,0.00,32.09,0.00,3.48,0.00,0.00,0.00,0.22
81,4w,ConMx,Intn1,85,0.00,0.00,72.76,11.02,11.92,3.58,0.00,0.00,0.00,34.47,0.00,3.92,0.00,0.00,0.00,0.25
81,4w,ConMx,Intn1,95,0.00,0.00,76.27,11.13,12.06,3.55,0.00,0.00,0.00,35.90,0.00,4.29,0.00,0.00,0.00,0.27
81,4w,ConMx,Intn1,105,0.00,0.00,78.19,11.22,12.16,3.52,0.00,0.00,0.00,36.55,0.00,4.59,0.00,0.00,0.00,0.30
81,4w,ConMx,Intn1,115,0.00,0.00,78.68,11.28,12.24,3.47,0.00,0.00,0.00,36.60,0.00,4.83,0.00,0.00,0.00,0.32
81,4w,ConMx,Intn1,125,0.00,0.00,77.93,11.34,12.30,3.43,0.00,0.00,0.00,36.20,0.00,5.01,0.00,0.00,0.00,0.34
81,4w,ConMx,Intn1,135,0.00,0.00,76.12,11.38,12.35,3.37,0.00,0.00,0.00,35.49,0.00,5.14,0.00,0.00,0.00,0.35
81,4w,ConMx,Intn1,145,0.00,0.00,73.44,11.42,12.40,3.32,0.00,0.00,0.00,34.55,0.00,5.22,0.00,0.00,0.00,0.36
81,4w,ConMx,Intn1,155,0.00,0.00,70.08,11.46,12.43,3.26,0.00,0.00,0.00,33.48,0.00,5.26,0.00,0.00,0.00,0.37
81,4w,ConMx,Intn1,165,0.00,0.00,66.24,11.48,12.47,3.20,0.00,0.00,0.00,32.31,0.00,5.27,0.00,0.00,0.00,0.38
81,4w,ConMx,Intn1,175,0.00,0.00,62.08,11.50,12.49,3.14,0.00,0.00,0.00,31.09,0.00,5.25,0.00,0.00,0.00,0.38
81,4w,ConMx,Intn1,185,0.00,0.00,57.75,11.51,12.51,3.07,0.00,0.00,0.00,29.86,0.00,5.20,0.00,0.00,0.00,0.38
81,4w,ConMx,Intn1,195,0.00,0.00,53.35,11.52,12.52,3.01,0.00,0.00,0.00,28.63,0.00,5.14,0.00,0.00,0.00,0.38
81,4w,ConMx,Intn1,205,0.00,0.00,49.00,11.52,12.52,2.94,0.00,0.00,0.00,27.40,0.00,5.06,0.00,0.00,0.00,0.38
81,4w,ConMx,Intn1,215,0.00,0.00,44.78,11.51,12.52,2.88,0.00,0.00,0.00,26.21,0.00,4.97,0.00,0.00,0.00,0.38
81,4w,ConMx,Intn1,225,0.00,0.00,40.73,11.50,12.51,2.81,0.00,0.00,0.00,25.04,0.00,4.88,0.00,0.00,0.00,0.38
81,4w,ConMx,Intn1,235,0.00,0.00,36.89,11.49,12.49,2.74,0.00,0.00,0.00,23.90,0.00,4.77,0.00,0.00,0.00,0.37
81,4w,ConMx,Intn1,245,0.00,0.00,33.30,11.47,12.47,2.67,0.00,0.00,0.00,22.80,0.00,4.66,0.00,0.00,0.00,0.36
81,4w,ConMx,Intn1,255,0.00,0.00,29.96,11.44,12.45,2.60,0.00,0.00,0.00,21.73,0.00,4.55,0.00,0.00,0.00,0.36
82,4w,ConMx,Intn2,5,0.00,0.00,0.00,0.00,0.00,0.00,0.00,0.00,0.00,0.00,0.00,0.00,0.00,0.00,0.00,0.00
82,4w,ConMx,Intn2,15,0.03,0.03,2.07,1.22,0.15,0.33,0.43,0.00,0.00,0.65,0.00,0.19,0.00,0.00,0.00,4.60183259399412e-03
82,4w,ConMx,Intn2,25,0.09,0.09,5.08,3.86,0.36,1.03,0.60,0.00,0.00,1.97,0.00,0.56,0.00,0.00,0.00,0.01
82,4w,ConMx,Intn2,35,0.18,0.17,8.95,6.88,0.58,1.80,0.75,0.00,0.00,3.88,0.00,1.11,0.00,0.00,0.00,0.02
82,4w,ConMx,Intn2,45,0.30,0.29,13.47,9.41,0.78,2.40,0.89,0.00,0.00,6.26,0.00,1.84,0.00,0.00,0.00,0.03
82,4w,ConMx,Intn2,55,0.44,0.44,18.26,11.26,0.94,2.81,1.02,0.00,0.00,8.81,0.00,2.68,0.00,0.00,0.00,0.05
82,4w,ConMx,Intn2,65,0.59,0.59,22.88,12.63,1.07,3.10,1.13,0.00,0.00,11.24,0.00,3.56,0.00,0.00,0.00,0.07
82,4w,ConMx,Intn2,75,0.75,0.76,27.07,13.73,1.18,3.31,1.21,0.00,0.00,13.36,0.00,4.43,0.00,0.00,0.00,0.09
82,4w,ConMx,Intn2,85,0.90,0.93,30.65,14.65,1.26,3.48,1.27,0.00,0.00,15.08,0.00,5.25,0.00,0.00,0.00,0.11
82,4w,ConMx,Intn2,95,1.05,1.09,33.54,15.46,1.33,3.61,1.32,0.00,0.00,16.40,0.00,6.00,0.00,0.00,0.00,0.12
82,4w,ConMx,Intn2,105,1.19,1.26,35.71,16.17,1.40,3.71,1.34,0.00,0.00,17.34,0.00,6.67,0.00,0.00,0.00,0.14
82,4w,ConMx,Intn2,115,1.31,1.42,37.16,16.82,1.45,3.79,1.36,0.00,0.00,17.95,0.00,7.25,0.00,0.00,0.00,0.15
82,4w,ConMx,Intn2,125,1.42,1.57,37.90,17.40,1.50,3.85,1.36,0.00,0.00,18.29,0.00,7.74,0.00,0.00,0.00,0.17
82,4w,ConMx,Intn2,135,1.52,1.71,37.99,17.94,1.55,3.89,1.35,0.00,0.00,18.40,0.00,8.15,0.00,0.00,0.00,0.18
82,4w,ConMx,Intn2,145,1.60,1.85,37.51,18.42,1.59,3.92,1.33,0.00,0.00,18.33,0.00,8.47,0.00,0.00,0.00,0.19
82,4w,ConMx,Intn2,155,1.67,1.97,36.54,18.86,1.63,3.93,1.30,0.00,0.00,18.13,0.00,8.71,0.00,0.00,0.00,0.20
82,4w,ConMx,Intn2,165,1.73,2.09,35.18,19.25,1.67,3.93,1.26,0.00,0.00,17.82,0.00,8.89,0.00,0.00,0.00,0.21
82,4w,ConMx,Intn2,175,1.77,2.19,33.52,19.60,1.70,3.91,1.22,0.00,0.00,17.43,0.00,9.00,0.00,0.00,0.00,0.21
82,4w,ConMx,Intn2,185,1.79,2.29,31.63,19.91,1.72,3.89,1.17,0.00,0.00,16.99,0.00,9.06,0.00,0.00,0.00,0.22
82,4w,ConMx,Intn2,195,1.81,2.37,29.61,20.18,1.75,3.86,1.12,0.00,0.00,16.50,0.00,9.07,0.00,0.00,0.00,0.22
82,4w,ConMx,Intn2,205,1.82,2.45,27.52,20.42,1.77,3.82,1.07,0.00,0.00,15.98,0.00,9.04,0.00,0.00,0.00,0.22
82,4w,ConMx,Intn2,215,1.81,2.51,25.41,20.63,1.79,3.77,1.02,0.00,0.00,15.45,0.00,8.97,0.00,0.00,0.00,0.22
82,4w,ConMx,Intn2,225,1.80,2.57,23.33,20.81,1.80,3.72,0.96,0.00,0.00,14.90,0.00,8.88,0.00,0.00,0.00,0.22
82,4w,ConMx,Intn2,235,1.78,2.62,21.32,20.95,1.82,3.66,0.91,0.00,0.00,14.34,0.00,8.76,0.00,0.00,0.00,0.22
82,4w,ConMx,Intn2,245,1.76,2.67,19.39,21.08,1.83,3.60,0.85,0.00,0.00,13.79,0.00,8.63,0.00,0.00,0.00,0.22
82,4w,ConMx,Intn2,255,1.73,2.70,17.57,21.18,1.84,3.53,0.80,0.00,0.00,13.24,0.00,8.48,0.00,0.00,0.00,0.22
9980001,4w,PwDom,Depl,0,13.00,2.00,0.00,1.00,0.00,2.00,1.00,0.00,0.00,3.00,0.00,3.00,0.00,0.00,0.00,0.00
9980002,4w,PrDom,Depl,0,1.00,22.00,0.00,0.00,0.00,0.00,0.00,0.00,0.00,1.00,0.00,0.00,0.00,0.00,0.00,0.00
9980003,4w,PrwMx,Depl,0,4.00,9.00,2.00,2.00,0.00,1.00,0.00,0.00,0.00,4.00,0.00,2.00,0.00,0.00,0.00,0.00
9980004,4w,UplCe,Depl,0,1.00,0.00,0.00,2.00,0.00,2.00,14.00,0.00,0.00,2.00,0.00,3.00,0.00,0.00,0.00,0.00
9980005,4w,OCLow,Depl,0,0.00,0.00,0.00,4.00,0.00,0.00,12.00,8.00,0.00,0.00,0.00,0.00,0.00,0.00,0.00,0.00
9980006,4w,PwDom,Depl,5,13.00,2.00,0.00,1.00,0.00,2.00,1.00,0.00,0.00,3.00,0.00,3.00,0.00,0.00,0.00,0.00
9980006,4w,SbLow,Depl,0,0.00,0.00,0.00,21.00,0.00,0.00,1.00,2.00,0.00,0.00,0.00,0.00,0.00,0.00,0.00,0.00
9980007,4w,PrDom,Depl,5,1.00,22.00,0.00,0.00,0.00,0.00,0.00,0.00,0.00,1.00,0.00,0.00,0.00,0.00,0.00,0.00
9980007,4w,SbSha,Depl,0,0.00,0.00,2.00,21.00,0.00,0.00,0.00,0.00,0.00,1.00,0.00,1.00,0.00,0.00,0.00,0.00
9980008,4w,PrwMx,Depl,5,4.00,9.00,2.00,2.00,0.00,1.00,0.00,0.00,0.00,4.00,0.00,2.00,0.00,0.00,0.00,0.00
9980008,4w,SbDee,Depl,0,0.00,0.00,1.00,21.00,0.00,1.00,0.00,0.00,0.00,1.00,0.00,1.00,0.00,0.00,0.00,0.00
9980009,4w,PjSha,Depl,0,0.00,0.00,20.00,2.00,0.00,0.00,0.00,0.00,0.00,3.00,0.00,0.00,0.00,0.00,0.00,0.00
9980009,4w,UplCe,Depl,5,1.00,0.00,0.00,2.00,0.00,2.00,14.00,0.00,0.00,2.00,0.00,3.00,0.00,0.00,0.00,0.00
9980010,4w,OCLow,Depl,5,0.00,0.00,0.00,4.00,0.00,0.00,12.00,8.00,0.00,0.00,0.00,0.00,0.00,0.00,0.00,0.00
9980010,4w,PjDee,Depl,0,0.00,0.00,20.00,2.00,0.00,0.00,0.00,0.00,0.00,2.00,0.00,0.00,0.00,0.00,0.00,0.00
9980011,4w,PoDom,Depl,0,0.00,0.00,0.00,1.00,0.00,1.00,0.00,0.00,0.00,21.00,0.00,1.00,0.00,0.00,0.00,0.00
9980011,4w,SbLow,Depl,5,0.00,0.00,0.00,21.00,0.00,0.00,1.00,2.00,0.00,0.00,0.00,0.00,0.00,0.00,0.00,0.00
9980012,4w,BwDom,Depl,0,0.00,0.00,0.00,1.00,0.00,2.00,0.00,0.00,0.00,3.00,0.00,18.00,0.00,0.00,0.00,0.00
9980012,4w,SbSha,Depl,5,0.00,0.00,2.00,21.00,0.00,0.00,0.00,0.00,0.00,1.00,0.00,1.00,0.00,0.00,0.00,0.00
9980013,4w,SbDee,Depl,5,0.00,0.00,1.00,21.00,0.00,1.00,0.00,0.00,0.00,1.00,0.00,1.00,0.00,0.00,0.00,0.00
9980013,4w,TolHd,Depl,0,0.00,0.00,0.00,1.00,0.00,2.00,1.00,0.00,0.00,6.00,0.00,2.00,0.00,0.00,0.00,12.00
9980014,4w,PjSha,Depl,5,0.00,0.00,20.00,2.00,0.00,0.00,0.00,0.00,0.00,3.00,0.00,0.00,0.00,0.00,0.00,0.00
9980014,4w,SbMx1,Depl,0,0.00,0.00,4.00,11.00,4.00,1.00,0.00,0.00,0.00,2.00,0.00,1.00,0.00,0.00,0.00,0.00
9980015,4w,PjDee,Depl,5,0.00,0.00,20.00,2.00,0.00,0.00,0.00,0.00,0.00,2.00,0.00,0.00,0.00,0.00,0.00,0.00
9980015,4w,PjMx1,Depl,0,0.00,0.00,14.00,6.00,0.00,0.00,0.00,0.00,0.00,3.00,0.00,1.00,0.00,0.00,0.00,0.00
9980016,4w,BfMx,Depl,0,0.00,0.00,1.00,6.00,2.00,10.00,1.00,0.00,0.00,2.00,0.00,3.00,0.00,0.00,0.00,0.00
9980016,4w,PoDom,Depl,5,0.00,0.00,0.00,1.00,0.00,1.00,0.00,0.00,0.00,21.00,0.00,1.00,0.00,0.00,0.00,0.00
9980016,4w,PwDom,Depl,15,13.00,2.00,0.00,1.00,0.00,2.00,1.00,0.00,0.00,3.00,0.00,3.00,0.00,0.00,0.00,0.00
9980017,4w,BwDom,Depl,5,0.00,0.00,0.00,1.00,0.00,2.00,0.00,0.00,0.00,3.00,0.00,18.00,0.00,0.00,0.00,0.00
9980017,4w,HrDom,Depl,0,0.00,0.00,1.00,2.00,1.00,2.00,0.00,0.00,0.00,12.00,0.00,6.00,0.00,0.00,0.00,1.00
9980017,4w,PrDom,Depl,15,1.00,22.00,0.00,0.00,0.00,0.00,0.00,0.00,0.00,1.00,0.00,0.00,0.00,0.00,0.00,0.00
9980018,4w,HrdMw,Depl,0,0.00,0.00,3.00,4.00,1.00,3.00,0.00,0.00,0.00,9.00,0.00,5.00,0.00,0.00,0.00,0.00
9980018,4w,PrwMx,Depl,15,4.00,9.00,2.00,2.00,0.00,1.00,0.00,0.00,0.00,4.00,0.00,2.00,0.00,0.00,0.00,0.00
9980018,4w,TolHd,Depl,5,0.00,0.00,0.00,1.00,0.00,2.00,1.00,0.00,0.00,6.00,0.00,2.00,0.00,0.00,0.00,12.00
9980019,4w,ConMx,Depl,0,0.00,0.00,6.00,6.00,0.00,2.00,0.00,0.00,0.00,5.00,0.00,3.00,0.00,0.00,0.00,0.00
9980019,4w,SbMx1,Depl,5,0.00,0.00,4.00,11.00,4.00,1.00,0.00,0.00,0.00,2.00,0.00,1.00,0.00,0.00,0.00,0.00
9980019,4w,UplCe,Depl,15,1.00,0.00,0.00,2.00,0.00,2.00,14.00,0.00,0.00,2.00,0.00,3.00,0.00,0.00,0.00,0.00
9980020,4w,OCLow,Depl,15,0.00,0.00,0.00,4.00,0.00,0.00,12.00,8.00,0.00,0.00,0.00,0.00,0.00,0.00,0.00,0.00
9980020,4w,PjMx1,Depl,5,0.00,0.00,14.00,6.00,0.00,0.00,0.00,0.00,0.00,3.00,0.00,1.00,0.00,0.00,0.00,0.00
9980021,4w,BfMx,Depl,5,0.00,0.00,1.00,6.00,2.00,10.00,1.00,0.00,0.00,2.00,0.00,3.00,0.00,0.00,0.00,0.00
9980021,4w,SbLow,Depl,15,0.00,0.00,0.00,21.00,0.00,0.00,1.00,2.00,0.00,0.00,0.00,0.00,0.00,0.00,0.00,0.00
9980022,4w,HrDom,Depl,5,0.00,0.00,1.00,2.00,1.00,2.00,0.00,0.00,0.00,12.00,0.00,6.00,0.00,0.00,0.00,1.00
9980022,4w,SbSha,Depl,15,0.00,0.00,2.00,21.00,0.00,0.00,0.00,0.00,0.00,1.00,0.00,1.00,0.00,0.00,0.00,0.00
9980023,4w,HrdMw,Depl,5,0.00,0.00,3.00,4.00,1.00,3.00,0.00,0.00,0.00,9.00,0.00,5.00,0.00,0.00,0.00,0.00
9980023,4w,SbDee,Depl,15,0.00,0.00,1.00,21.00,0.00,1.00,0.00,0.00,0.00,1.00,0.00,1.00,0.00,0.00,0.00,0.00
9980024,4w,ConMx,Depl,5,0.00,0.00,6.00,6.00,0.00,2.00,0.00,0.00,0.00,5.00,0.00,3.00,0.00,0.00,0.00,0.00
9980024,4w,PjSha,Depl,15,0.00,0.00,20.00,2.00,0.00,0.00,0.00,0.00,0.00,3.00,0.00,0.00,0.00,0.00,0.00,0.00
9980025,4w,PjDee,Depl,15,0.00,0.00,20.00,2.00,0.00,0.00,0.00,0.00,0.00,2.00,0.00,0.00,0.00,0.00,0.00,0.00
9980026,4w,PoDom,Depl,15,0.00,0.00,0.00,1.00,0.00,1.00,0.00,0.00,0.00,21.00,0.00,1.00,0.00,0.00,0.00,0.00
9980026,4w,PwDom,Depl,25,13.00,2.00,0.00,1.00,0.00,2.00,1.00,0.00,0.00,3.00,0.00,3.00,0.00,0.00,0.00,0.00
9980027,4w,BwDom,Depl,15,0.00,0.00,0.00,1.00,0.00,2.00,0.00,0.00,0.00,3.00,0.00,18.00,0.00,0.00,0.00,0.00
9980027,4w,PrDom,Depl,25,1.00,22.00,0.00,0.00,0.00,0.00,0.00,0.00,0.00,1.00,0.00,0.00,0.00,0.00,0.00,0.00
9980028,4w,PrwMx,Depl,25,4.00,9.00,2.00,2.00,0.00,1.00,0.00,0.00,0.00,4.00,0.00,2.00,0.00,0.00,0.00,0.00
9980028,4w,TolHd,Depl,15,0.00,0.00,0.00,1.00,0.00,2.00,1.00,0.00,0.00,6.00,0.00,2.00,0.00,0.00,0.00,12.00
9980029,4w,SbMx1,Depl,15,0.00,0.00,4.00,11.00,4.00,1.00,0.00,0.00,0.00,2.00,0.00,1.00,0.00,0.00,0.00,0.00
9980029,4w,UplCe,Depl,25,1.00,0.00,0.00,2.00,0.00,2.00,14.00,0.00,0.00,2.00,0.00,3.00,0.00,0.00,0.00,0.00
9980030,4w,OCLow,Depl,25,0.00,0.00,0.00,4.00,0.00,0.00,12.00,8.00,0.00,0.00,0.00,0.00,0.00,0.00,0.00,0.00
9980030,4w,PjMx1,Depl,15,0.00,0.00,14.00,6.00,0.00,0.00,0.00,0.00,0.00,3.00,0.00,1.00,0.00,0.00,0.00,0.00
9980031,4w,BfMx,Depl,15,0.00,0.00,1.00,6.00,2.00,10.00,1.00,0.00,0.00,2.00,0.00,3.00,0.00,0.00,0.00,0.00
9980031,4w,SbLow,Depl,25,0.00,0.00,0.00,21.00,0.00,0.00,1.00,2.00,0.00,0.00,0.00,0.00,0.00,0.00,0.00,0.00
9980032,4w,HrDom,Depl,15,0.00,0.00,1.00,2.00,1.00,2.00,0.00,0.00,0.00,12.00,0.00,6.00,0.00,0.00,0.00,1.00
9980032,4w,SbSha,Depl,25,0.00,0.00,2.00,21.00,0.00,0.00,0.00,0.00,0.00,1.00,0.00,1.00,0.00,0.00,0.00,0.00
9980033,4w,HrdMw,Depl,15,0.00,0.00,3.00,4.00,1.00,3.00,0.00,0.00,0.00,9.00,0.00,5.00,0.00,0.00,0.00,0.00
9980033,4w,SbDee,Depl,25,0.00,0.00,1.00,21.00,0.00,1.00,0.00,0.00,0.00,1.00,0.00,1.00,0.00,0.00,0.00,0.00
9980034,4w,ConMx,Depl,15,0.00,0.00,6.00,6.00,0.00,2.00,0.00,0.00,0.00,5.00,0.00,3.00,0.00,0.00,0.00,0.00
9980034,4w,PjSha,Depl,25,0.00,0.00,20.00,2.00,0.00,0.00,0.00,0.00,0.00,3.00,0.00,0.00,0.00,0.00,0.00,0.00
9980035,4w,PjDee,Depl,25,0.00,0.00,20.00,2.00,0.00,0.00,0.00,0.00,0.00,2.00,0.00,0.00,0.00,0.00,0.00,0.00
9980036,4w,PoDom,Depl,25,0.00,0.00,0.00,1.00,0.00,1.00,0.00,0.00,0.00,21.00,0.00,1.00,0.00,0.00,0.00,0.00
9980036,4w,PwDom,Depl,35,13.00,2.00,0.00,1.00,0.00,2.00,1.00,0.00,0.00,3.00,0.00,3.00,0.00,0.00,0.00,0.00
9980037,4w,BwDom,Depl,25,0.00,0.00,0.00,1.00,0.00,2.00,0.00,0.00,0.00,3.00,0.00,18.00,0.00,0.00,0.00,0.00
9980037,4w,PrDom,Depl,35,1.00,22.00,0.00,0.00,0.00,0.00,0.00,0.00,0.00,1.00,0.00,0.00,0.00,0.00,0.00,0.00
9980038,4w,PrwMx,Depl,35,4.00,9.00,2.00,2.00,0.00,1.00,0.00,0.00,0.00,4.00,0.00,2.00,0.00,0.00,0.00,0.00
9980038,4w,TolHd,Depl,25,0.00,0.00,0.00,1.00,0.00,2.00,1.00,0.00,0.00,6.00,0.00,2.00,0.00,0.00,0.00,12.00
9980039,4w,SbMx1,Depl,25,0.00,0.00,4.00,11.00,4.00,1.00,0.00,0.00,0.00,2.00,0.00,1.00,0.00,0.00,0.00,0.00
9980039,4w,UplCe,Depl,35,1.00,0.00,0.00,2.00,0.00,2.00,14.00,0.00,0.00,2.00,0.00,3.00,0.00,0.00,0.00,0.00
9980040,4w,OCLow,Depl,35,0.00,0.00,0.00,4.00,0.00,0.00,12.00,8.00,0.00,0.00,0.00,0.00,0.00,0.00,0.00,0.00
9980040,4w,PjMx1,Depl,25,0.00,0.00,14.00,6.00,0.00,0.00,0.00,0.00,0.00,3.00,0.00,1.00,0.00,0.00,0.00,0.00
9980041,4w,BfMx,Depl,25,0.00,0.00,1.00,6.00,2.00,10.00,1.00,0.00,0.00,2.00,0.00,3.00,0.00,0.00,0.00,0.00
9980041,4w,SbLow,Depl,35,0.00,0.00,0.00,21.00,0.00,0.00,1.00,2.00,0.00,0.00,0.00,0.00,0.00,0.00,0.00,0.00
9980042,4w,HrDom,Depl,25,0.00,0.00,1.00,2.00,1.00,2.00,0.00,0.00,0.00,12.00,0.00,6.00,0.00,0.00,0.00,1.00
9980042,4w,SbSha,Depl,35,0.00,0.00,2.00,21.00,0.00,0.00,0.00,0.00,0.00,1.00,0.00,1.00,0.00,0.00,0.00,0.00
9980043,4w,HrdMw,Depl,25,0.00,0.00,3.00,4.00,1.00,3.00,0.00,0.00,0.00,9.00,0.00,5.00,0.00,0.00,0.00,0.00
9980043,4w,SbDee,Depl,35,0.00,0.00,1.00,21.00,0.00,1.00,0.00,0.00,0.00,1.00,0.00,1.00,0.00,0.00,0.00,0.00
9980044,4w,ConMx,Depl,25,0.00,0.00,6.00,6.00,0.00,2.00,0.00,0.00,0.00,5.00,0.00,3.00,0.00,0.00,0.00,0.00
9980044,4w,PjSha,Depl,35,0.00,0.00,20.00,2.00,0.00,0.00,0.00,0.00,0.00,3.00,0.00,0.00,0.00,0.00,0.00,0.00
9980045,4w,PjDee,Depl,35,0.00,0.00,20.00,2.00,0.00,0.00,0.00,0.00,0.00,2.00,0.00,0.00,0.00,0.00,0.00,0.00
9980046,4w,PoDom,Depl,35,0.00,0.00,0.00,1.00,0.00,1.00,0.00,0.00,0.00,21.00,0.00,1.00,0.00,0.00,0.00,0.00
9980046,4w,PwDom,Depl,45,13.00,2.00,0.00,1.00,0.00,2.00,1.00,0.00,0.00,3.00,0.00,3.00,0.00,0.00,0.00,0.00
9980047,4w,BwDom,Depl,35,0.00,0.00,0.00,1.00,0.00,2.00,0.00,0.00,0.00,3.00,0.00,18.00,0.00,0.00,0.00,0.00
9980047,4w,PrDom,Depl,45,1.00,22.00,0.00,0.00,0.00,0.00,0.00,0.00,0.00,1.00,0.00,0.00,0.00,0.00,0.00,0.00
9980048,4w,PrwMx,Depl,45,4.00,9.00,2.00,2.00,0.00,1.00,0.00,0.00,0.00,4.00,0.00,2.00,0.00,0.00,0.00,0.00
9980048,4w,TolHd,Depl,35,0.00,0.00,0.00,1.00,0.00,2.00,1.00,0.00,0.00,6.00,0.00,2.00,0.00,0.00,0.00,12.00
9980049,4w,SbMx1,Depl,35,0.00,0.00,4.00,11.00,4.00,1.00,0.00,0.00,0.00,2.00,0.00,1.00,0.00,0.00,0.00,0.00
9980049,4w,UplCe,Depl,45,1.00,0.00,0.00,2.00,0.00,2.00,14.00,0.00,0.00,2.00,0.00,3.00,0.00,0.00,0.00,0.00
9980050,4w,OCLow,Depl,45,0.00,0.00,0.00,4.00,0.00,0.00,12.00,8.00,0.00,0.00,0.00,0.00,0.00,0.00,0.00,0.00
9980050,4w,PjMx1,Depl,35,0.00,0.00,14.00,6.00,0.00,0.00,0.00,0.00,0.00,3.00,0.00,1.00,0.00,0.00,0.00,0.00
9980051,4w,BfMx,Depl,35,0.00,0.00,1.00,6.00,2.00,10.00,1.00,0.00,0.00,2.00,0.00,3.00,0.00,0.00,0.00,0.00
9980051,4w,SbLow,Depl,45,0.00,0.00,0.00,21.00,0.00,0.00,1.00,2.00,0.00,0.00,0.00,0.00,0.00,0.00,0.00,0.00
9980052,4w,HrDom,Depl,35,0.00,0.00,1.00,2.00,1.00,2.00,0.00,0.00,0.00,12.00,0.00,6.00,0.00,0.00,0.00,1.00
9980052,4w,SbSha,Depl,45,0.00,0.00,2.00,21.00,0.00,0.00,0.00,0.00,0.00,1.00,0.00,1.00,0.00,0.00,0.00,0.00
9980053,4w,HrdMw,Depl,35,0.00,0.00,3.00,4.00,1.00,3.00,0.00,0.00,0.00,9.00,0.00,5.00,0.00,0.00,0.00,0.00
9980053,4w,SbDee,Depl,45,0.00,0.00,1.00,21.00,0.00,1.00,0.00,0.00,0.00,1.00,0.00,1.00,0.00,0.00,0.00,0.00
9980054,4w,ConMx,Depl,35,0.00,0.00,6.00,6.00,0.00,2.00,0.00,0.00,0.00,5.00,0.00,3.00,0.00,0.00,0.00,0.00
9980054,4w,PjSha,Depl,45,0.00,0.00,20.00,2.00,0.00,0.00,0.00,0.00,0.00,3.00,0.00,0.00,0.00,0.00,0.00,0.00
9980055,4w,PjDee,Depl,45,0.00,0.00,20.00,2.00,0.00,0.00,0.00,0.00,0.00,2.00,0.00,0.00,0.00,0.00,0.00,0.00
9980056,4w,PoDom,Depl,45,0.00,0.00,0.00,1.00,0.00,1.00,0.00,0.00,0.00,21.00,0.00,1.00,0.00,0.00,0.00,0.00
9980056,4w,PwDom,Depl,55,13.00,2.00,0.00,1.00,0.00,2.00,1.00,0.00,0.00,3.00,0.00,3.00,0.00,0.00,0.00,0.00
9980057,4w,BwDom,Depl,45,0.00,0.00,0.00,1.00,0.00,2.00,0.00,0.00,0.00,3.00,0.00,18.00,0.00,0.00,0.00,0.00
9980057,4w,PrDom,Depl,55,1.00,22.00,0.00,0.00,0.00,0.00,0.00,0.00,0.00,1.00,0.00,0.00,0.00,0.00,0.00,0.00
9980058,4w,PrwMx,Depl,55,4.00,9.00,2.00,2.00,0.00,1.00,0.00,0.00,0.00,4.00,0.00,2.00,0.00,0.00,0.00,0.00
9980058,4w,TolHd,Depl,45,0.00,0.00,0.00,1.00,0.00,2.00,1.00,0.00,0.00,6.00,0.00,2.00,0.00,0.00,0.00,12.00
9980059,4w,SbMx1,Depl,45,0.00,0.00,4.00,11.00,4.00,1.00,0.00,0.00,0.00,2.00,0.00,1.00,0.00,0.00,0.00,0.00
9980059,4w,UplCe,Depl,55,1.00,0.00,0.00,2.00,0.00,2.00,14.00,0.00,0.00,2.00,0.00,3.00,0.00,0.00,0.00,0.00
9980060,4w,OCLow,Depl,55,0.00,0.00,0.00,4.00,0.00,0.00,12.00,8.00,0.00,0.00,0.00,0.00,0.00,0.00,0.00,0.00
9980060,4w,PjMx1,Depl,45,0.00,0.00,14.00,6.00,0.00,0.00,0.00,0.00,0.00,3.00,0.00,1.00,0.00,0.00,0.00,0.00
9980061,4w,BfMx,Depl,45,0.00,0.00,1.00,6.00,2.00,10.00,1.00,0.00,0.00,2.00,0.00,3.00,0.00,0.00,0.00,0.00
9980061,4w,SbLow,Depl,55,0.00,0.00,0.00,21.00,0.00,0.00,1.00,2.00,0.00,0.00,0.00,0.00,0.00,0.00,0.00,0.00
9980062,4w,HrDom,Depl,45,0.00,0.00,1.00,2.00,1.00,2.00,0.00,0.00,0.00,12.00,0.00,6.00,0.00,0.00,0.00,1.00
9980062,4w,SbSha,Depl,55,0.00,0.00,2.00,21.00,0.00,0.00,0.00,0.00,0.00,1.00,0.00,1.00,0.00,0.00,0.00,0.00
9980063,4w,HrdMw,Depl,45,0.00,0.00,3.00,4.00,1.00,3.00,0.00,0.00,0.00,9.00,0.00,5.00,0.00,0.00,0.00,0.00
9980063,4w,SbDee,Depl,55,0.00,0.00,1.00,21.00,0.00,1.00,0.00,0.00,0.00,1.00,0.00,1.00,0.00,0.00,0.00,0.00
9980064,4w,ConMx,Depl,45,0.00,0.00,6.00,6.00,0.00,2.00,0.00,0.00,0.00,5.00,0.00,3.00,0.00,0.00,0.00,0.00
9980064,4w,PjSha,Depl,55,0.00,0.00,20.00,2.00,0.00,0.00,0.00,0.00,0.00,3.00,0.00,0.00,0.00,0.00,0.00,0.00
9980065,4w,PjDee,Depl,55,0.00,0.00,20.00,2.00,0.00,0.00,0.00,0.00,0.00,2.00,0.00,0.00,0.00,0.00,0.00,0.00
9980066,4w,PoDom,Depl,55,0.00,0.00,0.00,1.00,0.00,1.00,0.00,0.00,0.00,21.00,0.00,1.00,0.00,0.00,0.00,0.00
9980066,4w,PwDom,Depl,65,13.00,2.00,0.00,1.00,0.00,2.00,1.00,0.00,0.00,3.00,0.00,3.00,0.00,0.00,0.00,0.00
9980067,4w,BwDom,Depl,55,0.00,0.00,0.00,1.00,0.00,2.00,0.00,0.00,0.00,3.00,0.00,18.00,0.00,0.00,0.00,0.00
9980067,4w,PrDom,Depl,65,1.00,22.00,0.00,0.00,0.00,0.00,0.00,0.00,0.00,1.00,0.00,0.00,0.00,0.00,0.00,0.00
9980068,4w,PrwMx,Depl,65,4.00,9.00,2.00,2.00,0.00,1.00,0.00,0.00,0.00,4.00,0.00,2.00,0.00,0.00,0.00,0.00
9980068,4w,TolHd,Depl,55,0.00,0.00,0.00,1.00,0.00,2.00,1.00,0.00,0.00,6.00,0.00,2.00,0.00,0.00,0.00,12.00
9980069,4w,SbMx1,Depl,55,0.00,0.00,4.00,11.00,4.00,1.00,0.00,0.00,0.00,2.00,0.00,1.00,0.00,0.00,0.00,0.00
9980069,4w,UplCe,Depl,65,1.00,0.00,0.00,2.00,0.00,2.00,14.00,0.00,0.00,2.00,0.00,3.00,0.00,0.00,0.00,0.00
9980070,4w,OCLow,Depl,65,0.00,0.00,0.00,4.00,0.00,0.00,12.00,8.00,0.00,0.00,0.00,0.00,0.00,0.00,0.00,0.00
9980070,4w,PjMx1,Depl,55,0.00,0.00,14.00,6.00,0.00,0.00,0.00,0.00,0.00,3.00,0.00,1.00,0.00,0.00,0.00,0.00
9980071,4w,BfMx,Depl,55,0.00,0.00,1.00,6.00,2.00,10.00,1.00,0.00,0.00,2.00,0.00,3.00,0.00,0.00,0.00,0.00
9980071,4w,SbLow,Depl,65,0.00,0.00,0.00,21.00,0.00,0.00,1.00,2.00,0.00,0.00,0.00,0.00,0.00,0.00,0.00,0.00
9980072,4w,HrDom,Depl,55,0.00,0.00,1.00,2.00,1.00,2.00,0.00,0.00,0.00,12.00,0.00,6.00,0.00,0.00,0.00,1.00
9980072,4w,SbSha,Depl,65,0.00,0.00,2.00,21.00,0.00,0.00,0.00,0.00,0.00,1.00,0.00,1.00,0.00,0.00,0.00,0.00
9980073,4w,HrdMw,Depl,55,0.00,0.00,3.00,4.00,1.00,3.00,0.00,0.00,0.00,9.00,0.00,5.00,0.00,0.00,0.00,0.00
9980073,4w,SbDee,Depl,65,0.00,0.00,1.00,21.00,0.00,1.00,0.00,0.00,0.00,1.00,0.00,1.00,0.00,0.00,0.00,0.00
9980074,4w,ConMx,Depl,55,0.00,0.00,6.00,6.00,0.00,2.00,0.00,0.00,0.00,5.00,0.00,3.00,0.00,0.00,0.00,0.00
9980074,4w,PjSha,Depl,65,0.00,0.00,20.00,2.00,0.00,0.00,0.00,0.00,0.00,3.00,0.00,0.00,0.00,0.00,0.00,0.00
9980075,4w,PjDee,Depl,65,0.00,0.00,20.00,2.00,0.00,0.00,0.00,0.00,0.00,2.00,0.00,0.00,0.00,0.00,0.00,0.00
9980076,4w,PoDom,Depl,65,0.00,0.00,0.00,1.00,0.00,1.00,0.00,0.00,0.00,21.00,0.00,1.00,0.00,0.00,0.00,0.00
9980076,4w,PwDom,Depl,75,13.00,2.00,0.00,1.00,0.00,2.00,1.00,0.00,0.00,3.00,0.00,3.00,0.00,0.00,0.00,0.00
9980077,4w,BwDom,Depl,65,0.00,0.00,0.00,1.00,0.00,2.00,0.00,0.00,0.00,3.00,0.00,18.00,0.00,0.00,0.00,0.00
9980077,4w,PrDom,Depl,75,1.00,22.00,0.00,0.00,0.00,0.00,0.00,0.00,0.00,1.00,0.00,0.00,0.00,0.00,0.00,0.00
9980078,4w,PrwMx,Depl,75,4.00,9.00,2.00,2.00,0.00,1.00,0.00,0.00,0.00,4.00,0.00,2.00,0.00,0.00,0.00,0.00
9980078,4w,TolHd,Depl,65,0.00,0.00,0.00,1.00,0.00,2.00,1.00,0.00,0.00,6.00,0.00,2.00,0.00,0.00,0.00,12.00
9980079,4w,SbMx1,Depl,65,0.00,0.00,4.00,11.00,4.00,1.00,0.00,0.00,0.00,2.00,0.00,1.00,0.00,0.00,0.00,0.00
9980079,4w,UplCe,Depl,75,1.00,0.00,0.00,2.00,0.00,2.00,14.00,0.00,0.00,2.00,0.00,3.00,0.00,0.00,0.00,0.00
9980080,4w,OCLow,Depl,75,0.00,0.00,0.00,4.00,0.00,0.00,12.00,8.00,0.00,0.00,0.00,0.00,0.00,0.00,0.00,0.00
9980080,4w,PjMx1,Depl,65,0.00,0.00,14.00,6.00,0.00,0.00,0.00,0.00,0.00,3.00,0.00,1.00,0.00,0.00,0.00,0.00
9980081,4w,BfMx,Depl,65,0.00,0.00,1.00,6.00,2.00,10.00,1.00,0.00,0.00,2.00,0.00,3.00,0.00,0.00,0.00,0.00
9980081,4w,SbLow,Depl,75,0.00,0.00,0.00,21.00,0.00,0.00,1.00,2.00,0.00,0.00,0.00,0.00,0.00,0.00,0.00,0.00
9980082,4w,HrDom,Depl,65,0.00,0.00,1.00,2.00,1.00,2.00,0.00,0.00,0.00,12.00,0.00,6.00,0.00,0.00,0.00,1.00
9980082,4w,SbSha,Depl,75,0.00,0.00,2.00,21.00,0.00,0.00,0.00,0.00,0.00,1.00,0.00,1.00,0.00,0.00,0.00,0.00
9980083,4w,HrdMw,Depl,65,0.00,0.00,3.00,4.00,1.00,3.00,0.00,0.00,0.00,9.00,0.00,5.00,0.00,0.00,0.00,0.00
9980083,4w,SbDee,Depl,75,0.00,0.00,1.00,21.00,0.00,1.00,0.00,0.00,0.00,1.00,0.00,1.00,0.00,0.00,0.00,0.00
9980084,4w,ConMx,Depl,65,0.00,0.00,6.00,6.00,0.00,2.00,0.00,0.00,0.00,5.00,0.00,3.00,0.00,0.00,0.00,0.00
9980084,4w,PjSha,Depl,75,0.00,0.00,20.00,2.00,0.00,0.00,0.00,0.00,0.00,3.00,0.00,0.00,0.00,0.00,0.00,0.00
9980085,4w,PjDee,Depl,75,0.00,0.00,20.00,2.00,0.00,0.00,0.00,0.00,0.00,2.00,0.00,0.00,0.00,0.00,0.00,0.00
9980086,4w,PoDom,Depl,75,0.00,0.00,0.00,1.00,0.00,1.00,0.00,0.00,0.00,21.00,0.00,1.00,0.00,0.00,0.00,0.00
9980086,4w,PwDom,Depl,85,13.00,2.00,0.00,1.00,0.00,2.00,1.00,0.00,0.00,3.00,0.00,3.00,0.00,0.00,0.00,0.00
9980087,4w,BwDom,Depl,75,0.00,0.00,0.00,1.00,0.00,2.00,0.00,0.00,0.00,3.00,0.00,18.00,0.00,0.00,0.00,0.00
9980087,4w,PrDom,Depl,85,1.00,22.00,0.00,0.00,0.00,0.00,0.00,0.00,0.00,1.00,0.00,0.00,0.00,0.00,0.00,0.00
9980088,4w,PrwMx,Depl,85,4.00,9.00,2.00,2.00,0.00,1.00,0.00,0.00,0.00,4.00,0.00,2.00,0.00,0.00,0.00,0.00
9980088,4w,TolHd,Depl,75,0.00,0.00,0.00,1.00,0.00,2.00,1.00,0.00,0.00,6.00,0.00,2.00,0.00,0.00,0.00,12.00
9980089,4w,SbMx1,Depl,75,0.00,0.00,4.00,11.00,4.00,1.00,0.00,0.00,0.00,2.00,0.00,1.00,0.00,0.00,0.00,0.00
9980089,4w,UplCe,Depl,85,1.00,0.00,0.00,2.00,0.00,2.00,14.00,0.00,0.00,2.00,0.00,3.00,0.00,0.00,0.00,0.00
9980090,4w,OCLow,Depl,85,0.00,0.00,0.00,4.00,0.00,0.00,12.00,8.00,0.00,0.00,0.00,0.00,0.00,0.00,0.00,0.00
9980090,4w,PjMx1,Depl,75,0.00,0.00,14.00,6.00,0.00,0.00,0.00,0.00,0.00,3.00,0.00,1.00,0.00,0.00,0.00,0.00
9980091,4w,BfMx,Depl,75,0.00,0.00,1.00,6.00,2.00,10.00,1.00,0.00,0.00,2.00,0.00,3.00,0.00,0.00,0.00,0.00
9980091,4w,SbLow,Depl,85,0.00,0.00,0.00,21.00,0.00,0.00,1.00,2.00,0.00,0.00,0.00,0.00,0.00,0.00,0.00,0.00
9980092,4w,HrDom,Depl,75,0.00,0.00,1.00,2.00,1.00,2.00,0.00,0.00,0.00,12.00,0.00,6.00,0.00,0.00,0.00,1.00
9980092,4w,SbSha,Depl,85,0.00,0.00,2.00,21.00,0.00,0.00,0.00,0.00,0.00,1.00,0.00,1.00,0.00,0.00,0.00,0.00
9980093,4w,HrdMw,Depl,75,0.00,0.00,3.00,4.00,1.00,3.00,0.00,0.00,0.00,9.00,0.00,5.00,0.00,0.00,0.00,0.00
9980093,4w,SbDee,Depl,85,0.00,0.00,1.00,21.00,0.00,1.00,0.00,0.00,0.00,1.00,0.00,1.00,0.00,0.00,0.00,0.00
9980094,4w,ConMx,Depl,75,0.00,0.00,6.00,6.00,0.00,2.00,0.00,0.00,0.00,5.00,0.00,3.00,0.00,0.00,0.00,0.00
9980094,4w,PjSha,Depl,85,0.00,0.00,20.00,2.00,0.00,0.00,0.00,0.00,0.00,3.00,0.00,0.00,0.00,0.00,0.00,0.00
9980095,4w,PjDee,Depl,85,0.00,0.00,20.00,2.00,0.00,0.00,0.00,0.00,0.00,2.00,0.00,0.00,0.00,0.00,0.00,0.00
9980096,4w,PoDom,Depl,85,0.00,0.00,0.00,1.00,0.00,1.00,0.00,0.00,0.00,21.00,0.00,1.00,0.00,0.00,0.00,0.00
9980096,4w,PwDom,Depl,95,13.00,2.00,0.00,1.00,0.00,2.00,1.00,0.00,0.00,3.00,0.00,3.00,0.00,0.00,0.00,0.00
9980097,4w,BwDom,Depl,85,0.00,0.00,0.00,1.00,0.00,2.00,0.00,0.00,0.00,3.00,0.00,18.00,0.00,0.00,0.00,0.00
9980097,4w,PrDom,Depl,95,1.00,22.00,0.00,0.00,0.00,0.00,0.00,0.00,0.00,1.00,0.00,0.00,0.00,0.00,0.00,0.00
9980098,4w,PrwMx,Depl,95,4.00,9.00,2.00,2.00,0.00,1.00,0.00,0.00,0.00,4.00,0.00,2.00,0.00,0.00,0.00,0.00
9980098,4w,TolHd,Depl,85,0.00,0.00,0.00,1.00,0.00,2.00,1.00,0.00,0.00,6.00,0.00,2.00,0.00,0.00,0.00,12.00
9980099,4w,SbMx1,Depl,85,0.00,0.00,4.00,11.00,4.00,1.00,0.00,0.00,0.00,2.00,0.00,1.00,0.00,0.00,0.00,0.00
9980099,4w,UplCe,Depl,95,1.00,0.00,0.00,2.00,0.00,2.00,14.00,0.00,0.00,2.00,0.00,3.00,0.00,0.00,0.00,0.00
9980100,4w,OCLow,Depl,95,0.00,0.00,0.00,4.00,0.00,0.00,12.00,8.00,0.00,0.00,0.00,0.00,0.00,0.00,0.00,0.00
9980100,4w,PjMx1,Depl,85,0.00,0.00,14.00,6.00,0.00,0.00,0.00,0.00,0.00,3.00,0.00,1.00,0.00,0.00,0.00,0.00
9980101,4w,BfMx,Depl,85,0.00,0.00,1.00,6.00,2.00,10.00,1.00,0.00,0.00,2.00,0.00,3.00,0.00,0.00,0.00,0.00
9980101,4w,SbLow,Depl,95,0.00,0.00,0.00,21.00,0.00,0.00,1.00,2.00,0.00,0.00,0.00,0.00,0.00,0.00,0.00,0.00
9980102,4w,HrDom,Depl,85,0.00,0.00,1.00,2.00,1.00,2.00,0.00,0.00,0.00,12.00,0.00,6.00,0.00,0.00,0.00,1.00
9980102,4w,SbSha,Depl,95,0.00,0.00,2.00,21.00,0.00,0.00,0.00,0.00,0.00,1.00,0.00,1.00,0.00,0.00,0.00,0.00
9980103,4w,HrdMw,Depl,85,0.00,0.00,3.00,4.00,1.00,3.00,0.00,0.00,0.00,9.00,0.00,5.00,0.00,0.00,0.00,0.00
9980103,4w,SbDee,Depl,95,0.00,0.00,1.00,21.00,0.00,1.00,0.00,0.00,0.00,1.00,0.00,1.00,0.00,0.00,0.00,0.00
9980104,4w,ConMx,Depl,85,0.00,0.00,6.00,6.00,0.00,2.00,0.00,0.00,0.00,5.00,0.00,3.00,0.00,0.00,0.00,0.00
9980104,4w,PjSha,Depl,95,0.00,0.00,20.00,2.00,0.00,0.00,0.00,0.00,0.00,3.00,0.00,0.00,0.00,0.00,0.00,0.00
9980105,4w,PjDee,Depl,95,0.00,0.00,20.00,2.00,0.00,0.00,0.00,0.00,0.00,2.00,0.00,0.00,0.00,0.00,0.00,0.00
9980106,4w,PoDom,Depl,95,0.00,0.00,0.00,1.00,0.00,1.00,0.00,0.00,0.00,21.00,0.00,1.00,0.00,0.00,0.00,0.00
9980106,4w,PwDom,Depl,105,13.00,2.00,0.00,1.00,0.00,2.00,1.00,0.00,0.00,3.00,0.00,3.00,0.00,0.00,0.00,0.00
9980107,4w,BwDom,Depl,95,0.00,0.00,0.00,1.00,0.00,2.00,0.00,0.00,0.00,3.00,0.00,18.00,0.00,0.00,0.00,0.00
9980107,4w,PrDom,Depl,105,1.00,22.00,0.00,0.00,0.00,0.00,0.00,0.00,0.00,1.00,0.00,0.00,0.00,0.00,0.00,0.00
9980108,4w,PrwMx,Depl,105,4.00,9.00,2.00,2.00,0.00,1.00,0.00,0.00,0.00,4.00,0.00,2.00,0.00,0.00,0.00,0.00
9980108,4w,TolHd,Depl,95,0.00,0.00,0.00,1.00,0.00,2.00,1.00,0.00,0.00,6.00,0.00,2.00,0.00,0.00,0.00,12.00
9980109,4w,SbMx1,Depl,95,0.00,0.00,4.00,11.00,4.00,1.00,0.00,0.00,0.00,2.00,0.00,1.00,0.00,0.00,0.00,0.00
9980109,4w,UplCe,Depl,105,1.00,0.00,0.00,2.00,0.00,2.00,14.00,0.00,0.00,2.00,0.00,3.00,0.00,0.00,0.00,0.00
9980110,4w,OCLow,Depl,105,0.00,0.00,0.00,4.00,0.00,0.00,12.00,8.00,0.00,0.00,0.00,0.00,0.00,0.00,0.00,0.00
9980110,4w,PjMx1,Depl,95,0.00,0.00,14.00,6.00,0.00,0.00,0.00,0.00,0.00,3.00,0.00,1.00,0.00,0.00,0.00,0.00
9980111,4w,BfMx,Depl,95,0.00,0.00,1.00,6.00,2.00,10.00,1.00,0.00,0.00,2.00,0.00,3.00,0.00,0.00,0.00,0.00
9980111,4w,SbLow,Depl,105,0.00,0.00,0.00,21.00,0.00,0.00,1.00,2.00,0.00,0.00,0.00,0.00,0.00,0.00,0.00,0.00
9980112,4w,HrDom,Depl,95,0.00,0.00,1.00,2.00,1.00,2.00,0.00,0.00,0.00,12.00,0.00,6.00,0.00,0.00,0.00,1.00
9980112,4w,SbSha,Depl,105,0.00,0.00,2.00,21.00,0.00,0.00,0.00,0.00,0.00,1.00,0.00,1.00,0.00,0.00,0.00,0.00
9980113,4w,HrdMw,Depl,95,0.00,0.00,3.00,4.00,1.00,3.00,0.00,0.00,0.00,9.00,0.00,5.00,0.00,0.00,0.00,0.00
9980113,4w,SbDee,Depl,105,0.00,0.00,1.00,21.00,0.00,1.00,0.00,0.00,0.00,1.00,0.00,1.00,0.00,0.00,0.00,0.00
9980114,4w,ConMx,Depl,95,0.00,0.00,6.00,6.00,0.00,2.00,0.00,0.00,0.00,5.00,0.00,3.00,0.00,0.00,0.00,0.00
9980114,4w,PjSha,Depl,105,0.00,0.00,20.00,2.00,0.00,0.00,0.00,0.00,0.00,3.00,0.00,0.00,0.00,0.00,0.00,0.00
9980115,4w,PjDee,Depl,105,0.00,0.00,20.00,2.00,0.00,0.00,0.00,0.00,0.00,2.00,0.00,0.00,0.00,0.00,0.00,0.00
9980116,4w,PoDom,Depl,105,0.00,0.00,0.00,1.00,0.00,1.00,0.00,0.00,0.00,21.00,0.00,1.00,0.00,0.00,0.00,0.00
9980116,4w,PwDom,Depl,115,13.00,2.00,0.00,1.00,0.00,2.00,1.00,0.00,0.00,3.00,0.00,3.00,0.00,0.00,0.00,0.00
9980117,4w,BwDom,Depl,105,0.00,0.00,0.00,1.00,0.00,2.00,0.00,0.00,0.00,3.00,0.00,18.00,0.00,0.00,0.00,0.00
9980117,4w,PrDom,Depl,115,1.00,22.00,0.00,0.00,0.00,0.00,0.00,0.00,0.00,1.00,0.00,0.00,0.00,0.00,0.00,0.00
9980118,4w,PrwMx,Depl,115,4.00,9.00,2.00,2.00,0.00,1.00,0.00,0.00,0.00,4.00,0.00,2.00,0.00,0.00,0.00,0.00
9980118,4w,TolHd,Depl,105,0.00,0.00,0.00,1.00,0.00,2.00,1.00,0.00,0.00,6.00,0.00,2.00,0.00,0.00,0.00,12.00
9980119,4w,SbMx1,Depl,105,0.00,0.00,4.00,11.00,4.00,1.00,0.00,0.00,0.00,2.00,0.00,1.00,0.00,0.00,0.00,0.00
9980119,4w,UplCe,Depl,115,1.00,0.00,0.00,2.00,0.00,2.00,14.00,0.00,0.00,2.00,0.00,3.00,0.00,0.00,0.00,0.00
9980120,4w,OCLow,Depl,115,0.00,0.00,0.00,4.00,0.00,0.00,12.00,8.00,0.00,0.00,0.00,0.00,0.00,0.00,0.00,0.00
9980120,4w,PjMx1,Depl,105,0.00,0.00,14.00,6.00,0.00,0.00,0.00,0.00,0.00,3.00,0.00,1.00,0.00,0.00,0.00,0.00
9980121,4w,BfMx,Depl,105,0.00,0.00,1.00,6.00,2.00,10.00,1.00,0.00,0.00,2.00,0.00,3.00,0.00,0.00,0.00,0.00
9980121,4w,SbLow,Depl,115,0.00,0.00,0.00,21.00,0.00,0.00,1.00,2.00,0.00,0.00,0.00,0.00,0.00,0.00,0.00,0.00
9980122,4w,HrDom,Depl,105,0.00,0.00,1.00,2.00,1.00,2.00,0.00,0.00,0.00,12.00,0.00,6.00,0.00,0.00,0.00,1.00
9980122,4w,SbSha,Depl,115,0.00,0.00,2.00,21.00,0.00,0.00,0.00,0.00,0.00,1.00,0.00,1.00,0.00,0.00,0.00,0.00
9980123,4w,HrdMw,Depl,105,0.00,0.00,3.00,4.00,1.00,3.00,0.00,0.00,0.00,9.00,0.00,5.00,0.00,0.00,0.00,0.00
9980123,4w,SbDee,Depl,115,0.00,0.00,1.00,21.00,0.00,1.00,0.00,0.00,0.00,1.00,0.00,1.00,0.00,0.00,0.00,0.00
9980124,4w,ConMx,Depl,105,0.00,0.00,6.00,6.00,0.00,2.00,0.00,0.00,0.00,5.00,0.00,3.00,0.00,0.00,0.00,0.00
9980124,4w,PjSha,Depl,115,0.00,0.00,20.00,2.00,0.00,0.00,0.00,0.00,0.00,3.00,0.00,0.00,0.00,0.00,0.00,0.00
9980125,4w,PjDee,Depl,115,0.00,0.00,20.00,2.00,0.00,0.00,0.00,0.00,0.00,2.00,0.00,0.00,0.00,0.00,0.00,0.00
9980126,4w,PoDom,Depl,115,0.00,0.00,0.00,1.00,0.00,1.00,0.00,0.00,0.00,21.00,0.00,1.00,0.00,0.00,0.00,0.00
9980126,4w,PwDom,Depl,125,13.00,2.00,0.00,1.00,0.00,2.00,1.00,0.00,0.00,3.00,0.00,3.00,0.00,0.00,0.00,0.00
9980127,4w,BwDom,Depl,115,0.00,0.00,0.00,1.00,0.00,2.00,0.00,0.00,0.00,3.00,0.00,18.00,0.00,0.00,0.00,0.00
9980127,4w,PrDom,Depl,125,1.00,22.00,0.00,0.00,0.00,0.00,0.00,0.00,0.00,1.00,0.00,0.00,0.00,0.00,0.00,0.00
9980128,4w,PrwMx,Depl,125,4.00,9.00,2.00,2.00,0.00,1.00,0.00,0.00,0.00,4.00,0.00,2.00,0.00,0.00,0.00,0.00
9980128,4w,TolHd,Depl,115,0.00,0.00,0.00,1.00,0.00,2.00,1.00,0.00,0.00,6.00,0.00,2.00,0.00,0.00,0.00,12.00
9980129,4w,SbMx1,Depl,115,0.00,0.00,4.00,11.00,4.00,1.00,0.00,0.00,0.00,2.00,0.00,1.00,0.00,0.00,0.00,0.00
9980129,4w,UplCe,Depl,125,1.00,0.00,0.00,2.00,0.00,2.00,14.00,0.00,0.00,2.00,0.00,3.00,0.00,0.00,0.00,0.00
9980130,4w,OCLow,Depl,125,0.00,0.00,0.00,4.00,0.00,0.00,12.00,8.00,0.00,0.00,0.00,0.00,0.00,0.00,0.00,0.00
9980130,4w,PjMx1,Depl,115,0.00,0.00,14.00,6.00,0.00,0.00,0.00,0.00,0.00,3.00,0.00,1.00,0.00,0.00,0.00,0.00
9980131,4w,BfMx,Depl,115,0.00,0.00,1.00,6.00,2.00,10.00,1.00,0.00,0.00,2.00,0.00,3.00,0.00,0.00,0.00,0.00
9980131,4w,SbLow,Depl,125,0.00,0.00,0.00,21.00,0.00,0.00,1.00,2.00,0.00,0.00,0.00,0.00,0.00,0.00,0.00,0.00
9980132,4w,HrDom,Depl,115,0.00,0.00,1.00,2.00,1.00,2.00,0.00,0.00,0.00,12.00,0.00,6.00,0.00,0.00,0.00,1.00
9980132,4w,SbSha,Depl,125,0.00,0.00,2.00,21.00,0.00,0.00,0.00,0.00,0.00,1.00,0.00,1.00,0.00,0.00,0.00,0.00
9980133,4w,HrdMw,Depl,115,0.00,0.00,3.00,4.00,1.00,3.00,0.00,0.00,0.00,9.00,0.00,5.00,0.00,0.00,0.00,0.00
9980133,4w,SbDee,Depl,125,0.00,0.00,1.00,21.00,0.00,1.00,0.00,0.00,0.00,1.00,0.00,1.00,0.00,0.00,0.00,0.00
9980134,4w,ConMx,Depl,115,0.00,0.00,6.00,6.00,0.00,2.00,0.00,0.00,0.00,5.00,0.00,3.00,0.00,0.00,0.00,0.00
9980134,4w,PjSha,Depl,125,0.00,0.00,20.00,2.00,0.00,0.00,0.00,0.00,0.00,3.00,0.00,0.00,0.00,0.00,0.00,0.00
9980135,4w,PjDee,Depl,125,0.00,0.00,20.00,2.00,0.00,0.00,0.00,0.00,0.00,2.00,0.00,0.00,0.00,0.00,0.00,0.00
9980136,4w,PoDom,Depl,125,0.00,0.00,0.00,1.00,0.00,1.00,0.00,0.00,0.00,21.00,0.00,1.00,0.00,0.00,0.00,0.00
9980136,4w,PwDom,Depl,135,13.00,2.00,0.00,1.00,0.00,2.00,1.00,0.00,0.00,3.00,0.00,3.00,0.00,0.00,0.00,0.00
9980137,4w,BwDom,Depl,125,0.00,0.00,0.00,1.00,0.00,2.00,0.00,0.00,0.00,3.00,0.00,18.00,0.00,0.00,0.00,0.00
9980137,4w,PrDom,Depl,135,1.00,22.00,0.00,0.00,0.00,0.00,0.00,0.00,0.00,1.00,0.00,0.00,0.00,0.00,0.00,0.00
9980138,4w,PrwMx,Depl,135,4.00,9.00,2.00,2.00,0.00,1.00,0.00,0.00,0.00,4.00,0.00,2.00,0.00,0.00,0.00,0.00
9980138,4w,TolHd,Depl,125,0.00,0.00,0.00,1.00,0.00,2.00,1.00,0.00,0.00,6.00,0.00,2.00,0.00,0.00,0.00,12.00
9980139,4w,SbMx1,Depl,125,0.00,0.00,4.00,11.00,4.00,1.00,0.00,0.00,0.00,2.00,0.00,1.00,0.00,0.00,0.00,0.00
9980139,4w,UplCe,Depl,135,1.00,0.00,0.00,2.00,0.00,2.00,14.00,0.00,0.00,2.00,0.00,3.00,0.00,0.00,0.00,0.00
9980140,4w,OCLow,Depl,135,0.00,0.00,0.00,4.00,0.00,0.00,12.00,8.00,0.00,0.00,0.00,0.00,0.00,0.00,0.00,0.00
9980140,4w,PjMx1,Depl,125,0.00,0.00,14.00,6.00,0.00,0.00,0.00,0.00,0.00,3.00,0.00,1.00,0.00,0.00,0.00,0.00
9980141,4w,BfMx,Depl,125,0.00,0.00,1.00,6.00,2.00,10.00,1.00,0.00,0.00,2.00,0.00,3.00,0.00,0.00,0.00,0.00
9980141,4w,SbLow,Depl,135,0.00,0.00,0.00,21.00,0.00,0.00,1.00,2.00,0.00,0.00,0.00,0.00,0.00,0.00,0.00,0.00
9980142,4w,HrDom,Depl,125,0.00,0.00,1.00,2.00,1.00,2.00,0.00,0.00,0.00,12.00,0.00,6.00,0.00,0.00,0.00,1.00
9980142,4w,SbSha,Depl,135,0.00,0.00,2.00,21.00,0.00,0.00,0.00,0.00,0.00,1.00,0.00,1.00,0.00,0.00,0.00,0.00
9980143,4w,HrdMw,Depl,125,0.00,0.00,3.00,4.00,1.00,3.00,0.00,0.00,0.00,9.00,0.00,5.00,0.00,0.00,0.00,0.00
9980143,4w,SbDee,Depl,135,0.00,0.00,1.00,21.00,0.00,1.00,0.00,0.00,0.00,1.00,0.00,1.00,0.00,0.00,0.00,0.00
9980144,4w,ConMx,Depl,125,0.00,0.00,6.00,6.00,0.00,2.00,0.00,0.00,0.00,5.00,0.00,3.00,0.00,0.00,0.00,0.00
9980144,4w,PjSha,Depl,135,0.00,0.00,20.00,2.00,0.00,0.00,0.00,0.00,0.00,3.00,0.00,0.00,0.00,0.00,0.00,0.00
9980145,4w,PjDee,Depl,135,0.00,0.00,20.00,2.00,0.00,0.00,0.00,0.00,0.00,2.00,0.00,0.00,0.00,0.00,0.00,0.00
9980146,4w,PoDom,Depl,135,0.00,0.00,0.00,1.00,0.00,1.00,0.00,0.00,0.00,21.00,0.00,1.00,0.00,0.00,0.00,0.00
9980146,4w,PwDom,Depl,145,13.00,2.00,0.00,1.00,0.00,2.00,1.00,0.00,0.00,3.00,0.00,3.00,0.00,0.00,0.00,0.00
9980147,4w,BwDom,Depl,135,0.00,0.00,0.00,1.00,0.00,2.00,0.00,0.00,0.00,3.00,0.00,18.00,0.00,0.00,0.00,0.00
9980147,4w,PrDom,Depl,145,1.00,22.00,0.00,0.00,0.00,0.00,0.00,0.00,0.00,1.00,0.00,0.00,0.00,0.00,0.00,0.00
9980148,4w,PrwMx,Depl,145,4.00,9.00,2.00,2.00,0.00,1.00,0.00,0.00,0.00,4.00,0.00,2.00,0.00,0.00,0.00,0.00
9980148,4w,TolHd,Depl,135,0.00,0.00,0.00,1.00,0.00,2.00,1.00,0.00,0.00,6.00,0.00,2.00,0.00,0.00,0.00,12.00
9980149,4w,SbMx1,Depl,135,0.00,0.00,4.00,11.00,4.00,1.00,0.00,0.00,0.00,2.00,0.00,1.00,0.00,0.00,0.00,0.00
9980149,4w,UplCe,Depl,145,1.00,0.00,0.00,2.00,0.00,2.00,14.00,0.00,0.00,2.00,0.00,3.00,0.00,0.00,0.00,0.00
9980150,4w,OCLow,Depl,145,0.00,0.00,0.00,4.00,0.00,0.00,12.00,8.00,0.00,0.00,0.00,0.00,0.00,0.00,0.00,0.00
9980150,4w,PjMx1,Depl,135,0.00,0.00,14.00,6.00,0.00,0.00,0.00,0.00,0.00,3.00,0.00,1.00,0.00,0.00,0.00,0.00
9980151,4w,BfMx,Depl,135,0.00,0.00,1.00,6.00,2.00,10.00,1.00,0.00,0.00,2.00,0.00,3.00,0.00,0.00,0.00,0.00
9980151,4w,SbLow,Depl,145,0.00,0.00,0.00,21.00,0.00,0.00,1.00,2.00,0.00,0.00,0.00,0.00,0.00,0.00,0.00,0.00
9980152,4w,HrDom,Depl,135,0.00,0.00,1.00,2.00,1.00,2.00,0.00,0.00,0.00,12.00,0.00,6.00,0.00,0.00,0.00,1.00
9980152,4w,SbSha,Depl,145,0.00,0.00,2.00,21.00,0.00,0.00,0.00,0.00,0.00,1.00,0.00,1.00,0.00,0.00,0.00,0.00
9980153,4w,HrdMw,Depl,135,0.00,0.00,3.00,4.00,1.00,3.00,0.00,0.00,0.00,9.00,0.00,5.00,0.00,0.00,0.00,0.00
9980153,4w,SbDee,Depl,145,0.00,0.00,1.00,21.00,0.00,1.00,0.00,0.00,0.00,1.00,0.00,1.00,0.00,0.00,0.00,0.00
9980154,4w,ConMx,Depl,135,0.00,0.00,6.00,6.00,0.00,2.00,0.00,0.00,0.00,5.00,0.00,3.00,0.00,0.00,0.00,0.00
9980154,4w,PjSha,Depl,145,0.00,0.00,20.00,2.00,0.00,0.00,0.00,0.00,0.00,3.00,0.00,0.00,0.00,0.00,0.00,0.00
9980155,4w,PjDee,Depl,145,0.00,0.00,20.00,2.00,0.00,0.00,0.00,0.00,0.00,2.00,0.00,0.00,0.00,0.00,0.00,0.00
9980156,4w,PoDom,Depl,145,0.00,0.00,0.00,1.00,0.00,1.00,0.00,0.00,0.00,21.00,0.00,1.00,0.00,0.00,0.00,0.00
9980156,4w,PwDom,Depl,155,13.00,2.00,0.00,1.00,0.00,2.00,1.00,0.00,0.00,3.00,0.00,3.00,0.00,0.00,0.00,0.00
9980157,4w,BwDom,Depl,145,0.00,0.00,0.00,1.00,0.00,2.00,0.00,0.00,0.00,3.00,0.00,18.00,0.00,0.00,0.00,0.00
9980157,4w,PrDom,Depl,155,1.00,22.00,0.00,0.00,0.00,0.00,0.00,0.00,0.00,1.00,0.00,0.00,0.00,0.00,0.00,0.00
9980158,4w,PrwMx,Depl,155,4.00,9.00,2.00,2.00,0.00,1.00,0.00,0.00,0.00,4.00,0.00,2.00,0.00,0.00,0.00,0.00
9980158,4w,TolHd,Depl,145,0.00,0.00,0.00,1.00,0.00,2.00,1.00,0.00,0.00,6.00,0.00,2.00,0.00,0.00,0.00,12.00
9980159,4w,SbMx1,Depl,145,0.00,0.00,4.00,11.00,4.00,1.00,0.00,0.00,0.00,2.00,0.00,1.00,0.00,0.00,0.00,0.00
9980159,4w,UplCe,Depl,155,1.00,0.00,0.00,2.00,0.00,2.00,14.00,0.00,0.00,2.00,0.00,3.00,0.00,0.00,0.00,0.00
9980160,4w,OCLow,Depl,155,0.00,0.00,0.00,4.00,0.00,0.00,12.00,8.00,0.00,0.00,0.00,0.00,0.00,0.00,0.00,0.00
9980160,4w,PjMx1,Depl,145,0.00,0.00,14.00,6.00,0.00,0.00,0.00,0.00,0.00,3.00,0.00,1.00,0.00,0.00,0.00,0.00
9980161,4w,BfMx,Depl,145,0.00,0.00,1.00,6.00,2.00,10.00,1.00,0.00,0.00,2.00,0.00,3.00,0.00,0.00,0.00,0.00
9980161,4w,SbLow,Depl,155,0.00,0.00,0.00,21.00,0.00,0.00,1.00,2.00,0.00,0.00,0.00,0.00,0.00,0.00,0.00,0.00
9980162,4w,HrDom,Depl,145,0.00,0.00,1.00,2.00,1.00,2.00,0.00,0.00,0.00,12.00,0.00,6.00,0.00,0.00,0.00,1.00
9980162,4w,SbSha,Depl,155,0.00,0.00,2.00,21.00,0.00,0.00,0.00,0.00,0.00,1.00,0.00,1.00,0.00,0.00,0.00,0.00
9980163,4w,HrdMw,Depl,145,0.00,0.00,3.00,4.00,1.00,3.00,0.00,0.00,0.00,9.00,0.00,5.00,0.00,0.00,0.00,0.00
9980163,4w,SbDee,Depl,155,0.00,0.00,1.00,21.00,0.00,1.00,0.00,0.00,0.00,1.00,0.00,1.00,0.00,0.00,0.00,0.00
9980164,4w,ConMx,Depl,145,0.00,0.00,6.00,6.00,0.00,2.00,0.00,0.00,0.00,5.00,0.00,3.00,0.00,0.00,0.00,0.00
9980164,4w,PjSha,Depl,155,0.00,0.00,20.00,2.00,0.00,0.00,0.00,0.00,0.00,3.00,0.00,0.00,0.00,0.00,0.00,0.00
9980165,4w,PjDee,Depl,155,0.00,0.00,20.00,2.00,0.00,0.00,0.00,0.00,0.00,2.00,0.00,0.00,0.00,0.00,0.00,0.00
9980166,4w,PoDom,Depl,155,0.00,0.00,0.00,1.00,0.00,1.00,0.00,0.00,0.00,21.00,0.00,1.00,0.00,0.00,0.00,0.00
9980166,4w,PwDom,Depl,165,13.00,2.00,0.00,1.00,0.00,2.00,1.00,0.00,0.00,3.00,0.00,3.00,0.00,0.00,0.00,0.00
9980167,4w,BwDom,Depl,155,0.00,0.00,0.00,1.00,0.00,2.00,0.00,0.00,0.00,3.00,0.00,18.00,0.00,0.00,0.00,0.00
9980167,4w,PrDom,Depl,165,1.00,22.00,0.00,0.00,0.00,0.00,0.00,0.00,0.00,1.00,0.00,0.00,0.00,0.00,0.00,0.00
9980168,4w,PrwMx,Depl,165,4.00,9.00,2.00,2.00,0.00,1.00,0.00,0.00,0.00,4.00,0.00,2.00,0.00,0.00,0.00,0.00
9980168,4w,TolHd,Depl,155,0.00,0.00,0.00,1.00,0.00,2.00,1.00,0.00,0.00,6.00,0.00,2.00,0.00,0.00,0.00,12.00
9980169,4w,SbMx1,Depl,155,0.00,0.00,4.00,11.00,4.00,1.00,0.00,0.00,0.00,2.00,0.00,1.00,0.00,0.00,0.00,0.00
9980169,4w,UplCe,Depl,165,1.00,0.00,0.00,2.00,0.00,2.00,14.00,0.00,0.00,2.00,0.00,3.00,0.00,0.00,0.00,0.00
9980170,4w,OCLow,Depl,165,0.00,0.00,0.00,4.00,0.00,0.00,12.00,8.00,0.00,0.00,0.00,0.00,0.00,0.00,0.00,0.00
9980170,4w,PjMx1,Depl,155,0.00,0.00,14.00,6.00,0.00,0.00,0.00,0.00,0.00,3.00,0.00,1.00,0.00,0.00,0.00,0.00
9980171,4w,BfMx,Depl,155,0.00,0.00,1.00,6.00,2.00,10.00,1.00,0.00,0.00,2.00,0.00,3.00,0.00,0.00,0.00,0.00
9980171,4w,SbLow,Depl,165,0.00,0.00,0.00,21.00,0.00,0.00,1.00,2.00,0.00,0.00,0.00,0.00,0.00,0.00,0.00,0.00
9980172,4w,HrDom,Depl,155,0.00,0.00,1.00,2.00,1.00,2.00,0.00,0.00,0.00,12.00,0.00,6.00,0.00,0.00,0.00,1.00
9980172,4w,SbSha,Depl,165,0.00,0.00,2.00,21.00,0.00,0.00,0.00,0.00,0.00,1.00,0.00,1.00,0.00,0.00,0.00,0.00
9980173,4w,HrdMw,Depl,155,0.00,0.00,3.00,4.00,1.00,3.00,0.00,0.00,0.00,9.00,0.00,5.00,0.00,0.00,0.00,0.00
9980173,4w,SbDee,Depl,165,0.00,0.00,1.00,21.00,0.00,1.00,0.00,0.00,0.00,1.00,0.00,1.00,0.00,0.00,0.00,0.00
9980174,4w,ConMx,Depl,155,0.00,0.00,6.00,6.00,0.00,2.00,0.00,0.00,0.00,5.00,0.00,3.00,0.00,0.00,0.00,0.00
9980174,4w,PjSha,Depl,165,0.00,0.00,20.00,2.00,0.00,0.00,0.00,0.00,0.00,3.00,0.00,0.00,0.00,0.00,0.00,0.00
9980175,4w,PjDee,Depl,165,0.00,0.00,20.00,2.00,0.00,0.00,0.00,0.00,0.00,2.00,0.00,0.00,0.00,0.00,0.00,0.00
9980176,4w,PoDom,Depl,165,0.00,0.00,0.00,1.00,0.00,1.00,0.00,0.00,0.00,21.00,0.00,1.00,0.00,0.00,0.00,0.00
9980176,4w,PwDom,Depl,175,13.00,2.00,0.00,1.00,0.00,2.00,1.00,0.00,0.00,3.00,0.00,3.00,0.00,0.00,0.00,0.00
9980177,4w,BwDom,Depl,165,0.00,0.00,0.00,1.00,0.00,2.00,0.00,0.00,0.00,3.00,0.00,18.00,0.00,0.00,0.00,0.00
9980177,4w,PrDom,Depl,175,1.00,22.00,0.00,0.00,0.00,0.00,0.00,0.00,0.00,1.00,0.00,0.00,0.00,0.00,0.00,0.00
9980178,4w,PrwMx,Depl,175,4.00,9.00,2.00,2.00,0.00,1.00,0.00,0.00,0.00,4.00,0.00,2.00,0.00,0.00,0.00,0.00
9980178,4w,TolHd,Depl,165,0.00,0.00,0.00,1.00,0.00,2.00,1.00,0.00,0.00,6.00,0.00,2.00,0.00,0.00,0.00,12.00
9980179,4w,SbMx1,Depl,165,0.00,0.00,4.00,11.00,4.00,1.00,0.00,0.00,0.00,2.00,0.00,1.00,0.00,0.00,0.00,0.00
9980179,4w,UplCe,Depl,175,1.00,0.00,0.00,2.00,0.00,2.00,14.00,0.00,0.00,2.00,0.00,3.00,0.00,0.00,0.00,0.00
9980180,4w,OCLow,Depl,175,0.00,0.00,0.00,4.00,0.00,0.00,12.00,8.00,0.00,0.00,0.00,0.00,0.00,0.00,0.00,0.00
9980180,4w,PjMx1,Depl,165,0.00,0.00,14.00,6.00,0.00,0.00,0.00,0.00,0.00,3.00,0.00,1.00,0.00,0.00,0.00,0.00
9980181,4w,BfMx,Depl,165,0.00,0.00,1.00,6.00,2.00,10.00,1.00,0.00,0.00,2.00,0.00,3.00,0.00,0.00,0.00,0.00
9980181,4w,SbLow,Depl,175,0.00,0.00,0.00,21.00,0.00,0.00,1.00,2.00,0.00,0.00,0.00,0.00,0.00,0.00,0.00,0.00
9980182,4w,HrDom,Depl,165,0.00,0.00,1.00,2.00,1.00,2.00,0.00,0.00,0.00,12.00,0.00,6.00,0.00,0.00,0.00,1.00
9980182,4w,SbSha,Depl,175,0.00,0.00,2.00,21.00,0.00,0.00,0.00,0.00,0.00,1.00,0.00,1.00,0.00,0.00,0.00,0.00
9980183,4w,HrdMw,Depl,165,0.00,0.00,3.00,4.00,1.00,3.00,0.00,0.00,0.00,9.00,0.00,5.00,0.00,0.00,0.00,0.00
9980183,4w,SbDee,Depl,175,0.00,0.00,1.00,21.00,0.00,1.00,0.00,0.00,0.00,1.00,0.00,1.00,0.00,0.00,0.00,0.00
9980184,4w,ConMx,Depl,165,0.00,0.00,6.00,6.00,0.00,2.00,0.00,0.00,0.00,5.00,0.00,3.00,0.00,0.00,0.00,0.00
9980184,4w,PjSha,Depl,175,0.00,0.00,20.00,2.00,0.00,0.00,0.00,0.00,0.00,3.00,0.00,0.00,0.00,0.00,0.00,0.00
9980185,4w,PjDee,Depl,175,0.00,0.00,20.00,2.00,0.00,0.00,0.00,0.00,0.00,2.00,0.00,0.00,0.00,0.00,0.00,0.00
9980186,4w,PoDom,Depl,175,0.00,0.00,0.00,1.00,0.00,1.00,0.00,0.00,0.00,21.00,0.00,1.00,0.00,0.00,0.00,0.00
9980186,4w,PwDom,Depl,185,13.00,2.00,0.00,1.00,0.00,2.00,1.00,0.00,0.00,3.00,0.00,3.00,0.00,0.00,0.00,0.00
9980187,4w,BwDom,Depl,175,0.00,0.00,0.00,1.00,0.00,2.00,0.00,0.00,0.00,3.00,0.00,18.00,0.00,0.00,0.00,0.00
9980187,4w,PrDom,Depl,185,1.00,22.00,0.00,0.00,0.00,0.00,0.00,0.00,0.00,1.00,0.00,0.00,0.00,0.00,0.00,0.00
9980188,4w,PrwMx,Depl,185,4.00,9.00,2.00,2.00,0.00,1.00,0.00,0.00,0.00,4.00,0.00,2.00,0.00,0.00,0.00,0.00
9980188,4w,TolHd,Depl,175,0.00,0.00,0.00,1.00,0.00,2.00,1.00,0.00,0.00,6.00,0.00,2.00,0.00,0.00,0.00,12.00
9980189,4w,SbMx1,Depl,175,0.00,0.00,4.00,11.00,4.00,1.00,0.00,0.00,0.00,2.00,0.00,1.00,0.00,0.00,0.00,0.00
9980189,4w,UplCe,Depl,185,1.00,0.00,0.00,2.00,0.00,2.00,14.00,0.00,0.00,2.00,0.00,3.00,0.00,0.00,0.00,0.00
9980190,4w,OCLow,Depl,185,0.00,0.00,0.00,4.00,0.00,0.00,12.00,8.00,0.00,0.00,0.00,0.00,0.00,0.00,0.00,0.00
9980190,4w,PjMx1,Depl,175,0.00,0.00,14.00,6.00,0.00,0.00,0.00,0.00,0.00,3.00,0.00,1.00,0.00,0.00,0.00,0.00
9980191,4w,BfMx,Depl,175,0.00,0.00,1.00,6.00,2.00,10.00,1.00,0.00,0.00,2.00,0.00,3.00,0.00,0.00,0.00,0.00
9980191,4w,SbLow,Depl,185,0.00,0.00,0.00,21.00,0.00,0.00,1.00,2.00,0.00,0.00,0.00,0.00,0.00,0.00,0.00,0.00
9980192,4w,HrDom,Depl,175,0.00,0.00,1.00,2.00,1.00,2.00,0.00,0.00,0.00,12.00,0.00,6.00,0.00,0.00,0.00,1.00
9980192,4w,SbSha,Depl,185,0.00,0.00,2.00,21.00,0.00,0.00,0.00,0.00,0.00,1.00,0.00,1.00,0.00,0.00,0.00,0.00
9980193,4w,HrdMw,Depl,175,0.00,0.00,3.00,4.00,1.00,3.00,0.00,0.00,0.00,9.00,0.00,5.00,0.00,0.00,0.00,0.00
9980193,4w,SbDee,Depl,185,0.00,0.00,1.00,21.00,0.00,1.00,0.00,0.00,0.00,1.00,0.00,1.00,0.00,0.00,0.00,0.00
9980194,4w,ConMx,Depl,175,0.00,0.00,6.00,6.00,0.00,2.00,0.00,0.00,0.00,5.00,0.00,3.00,0.00,0.00,0.00,0.00
9980194,4w,PjSha,Depl,185,0.00,0.00,20.00,2.00,0.00,0.00,0.00,0.00,0.00,3.00,0.00,0.00,0.00,0.00,0.00,0.00
9980195,4w,PjDee,Depl,185,0.00,0.00,20.00,2.00,0.00,0.00,0.00,0.00,0.00,2.00,0.00,0.00,0.00,0.00,0.00,0.00
9980196,4w,PoDom,Depl,185,0.00,0.00,0.00,1.00,0.00,1.00,0.00,0.00,0.00,21.00,0.00,1.00,0.00,0.00,0.00,0.00
9980196,4w,PwDom,Depl,195,13.00,2.00,0.00,1.00,0.00,2.00,1.00,0.00,0.00,3.00,0.00,3.00,0.00,0.00,0.00,0.00
9980197,4w,BwDom,Depl,185,0.00,0.00,0.00,1.00,0.00,2.00,0.00,0.00,0.00,3.00,0.00,18.00,0.00,0.00,0.00,0.00
9980197,4w,PrDom,Depl,195,1.00,22.00,0.00,0.00,0.00,0.00,0.00,0.00,0.00,1.00,0.00,0.00,0.00,0.00,0.00,0.00
9980198,4w,PrwMx,Depl,195,4.00,9.00,2.00,2.00,0.00,1.00,0.00,0.00,0.00,4.00,0.00,2.00,0.00,0.00,0.00,0.00
9980198,4w,TolHd,Depl,185,0.00,0.00,0.00,1.00,0.00,2.00,1.00,0.00,0.00,6.00,0.00,2.00,0.00,0.00,0.00,12.00
9980199,4w,SbMx1,Depl,185,0.00,0.00,4.00,11.00,4.00,1.00,0.00,0.00,0.00,2.00,0.00,1.00,0.00,0.00,0.00,0.00
9980199,4w,UplCe,Depl,195,1.00,0.00,0.00,2.00,0.00,2.00,14.00,0.00,0.00,2.00,0.00,3.00,0.00,0.00,0.00,0.00
9980200,4w,OCLow,Depl,195,0.00,0.00,0.00,4.00,0.00,0.00,12.00,8.00,0.00,0.00,0.00,0.00,0.00,0.00,0.00,0.00
9980200,4w,PjMx1,Depl,185,0.00,0.00,14.00,6.00,0.00,0.00,0.00,0.00,0.00,3.00,0.00,1.00,0.00,0.00,0.00,0.00
9980201,4w,BfMx,Depl,185,0.00,0.00,1.00,6.00,2.00,10.00,1.00,0.00,0.00,2.00,0.00,3.00,0.00,0.00,0.00,0.00
9980201,4w,SbLow,Depl,195,0.00,0.00,0.00,21.00,0.00,0.00,1.00,2.00,0.00,0.00,0.00,0.00,0.00,0.00,0.00,0.00
9980202,4w,HrDom,Depl,185,0.00,0.00,1.00,2.00,1.00,2.00,0.00,0.00,0.00,12.00,0.00,6.00,0.00,0.00,0.00,1.00
9980202,4w,SbSha,Depl,195,0.00,0.00,2.00,21.00,0.00,0.00,0.00,0.00,0.00,1.00,0.00,1.00,0.00,0.00,0.00,0.00
9980203,4w,HrdMw,Depl,185,0.00,0.00,3.00,4.00,1.00,3.00,0.00,0.00,0.00,9.00,0.00,5.00,0.00,0.00,0.00,0.00
9980203,4w,SbDee,Depl,195,0.00,0.00,1.00,21.00,0.00,1.00,0.00,0.00,0.00,1.00,0.00,1.00,0.00,0.00,0.00,0.00
9980204,4w,ConMx,Depl,185,0.00,0.00,6.00,6.00,0.00,2.00,0.00,0.00,0.00,5.00,0.00,3.00,0.00,0.00,0.00,0.00
9980204,4w,PjSha,Depl,195,0.00,0.00,20.00,2.00,0.00,0.00,0.00,0.00,0.00,3.00,0.00,0.00,0.00,0.00,0.00,0.00
9980205,4w,PjDee,Depl,195,0.00,0.00,20.00,2.00,0.00,0.00,0.00,0.00,0.00,2.00,0.00,0.00,0.00,0.00,0.00,0.00
9980206,4w,PoDom,Depl,195,0.00,0.00,0.00,1.00,0.00,1.00,0.00,0.00,0.00,21.00,0.00,1.00,0.00,0.00,0.00,0.00
9980206,4w,PwDom,Depl,205,13.00,2.00,0.00,1.00,0.00,2.00,1.00,0.00,0.00,3.00,0.00,3.00,0.00,0.00,0.00,0.00
9980207,4w,BwDom,Depl,195,0.00,0.00,0.00,1.00,0.00,2.00,0.00,0.00,0.00,3.00,0.00,18.00,0.00,0.00,0.00,0.00
9980207,4w,PrDom,Depl,205,1.00,22.00,0.00,0.00,0.00,0.00,0.00,0.00,0.00,1.00,0.00,0.00,0.00,0.00,0.00,0.00
9980208,4w,PrwMx,Depl,205,4.00,9.00,2.00,2.00,0.00,1.00,0.00,0.00,0.00,4.00,0.00,2.00,0.00,0.00,0.00,0.00
9980208,4w,TolHd,Depl,195,0.00,0.00,0.00,1.00,0.00,2.00,1.00,0.00,0.00,6.00,0.00,2.00,0.00,0.00,0.00,12.00
9980209,4w,SbMx1,Depl,195,0.00,0.00,4.00,11.00,4.00,1.00,0.00,0.00,0.00,2.00,0.00,1.00,0.00,0.00,0.00,0.00
9980209,4w,UplCe,Depl,205,1.00,0.00,0.00,2.00,0.00,2.00,14.00,0.00,0.00,2.00,0.00,3.00,0.00,0.00,0.00,0.00
9980210,4w,OCLow,Depl,205,0.00,0.00,0.00,4.00,0.00,0.00,12.00,8.00,0.00,0.00,0.00,0.00,0.00,0.00,0.00,0.00
9980210,4w,PjMx1,Depl,195,0.00,0.00,14.00,6.00,0.00,0.00,0.00,0.00,0.00,3.00,0.00,1.00,0.00,0.00,0.00,0.00
9980211,4w,BfMx,Depl,195,0.00,0.00,1.00,6.00,2.00,10.00,1.00,0.00,0.00,2.00,0.00,3.00,0.00,0.00,0.00,0.00
9980211,4w,SbLow,Depl,205,0.00,0.00,0.00,21.00,0.00,0.00,1.00,2.00,0.00,0.00,0.00,0.00,0.00,0.00,0.00,0.00
9980212,4w,HrDom,Depl,195,0.00,0.00,1.00,2.00,1.00,2.00,0.00,0.00,0.00,12.00,0.00,6.00,0.00,0.00,0.00,1.00
9980212,4w,SbSha,Depl,205,0.00,0.00,2.00,21.00,0.00,0.00,0.00,0.00,0.00,1.00,0.00,1.00,0.00,0.00,0.00,0.00
9980213,4w,HrdMw,Depl,195,0.00,0.00,3.00,4.00,1.00,3.00,0.00,0.00,0.00,9.00,0.00,5.00,0.00,0.00,0.00,0.00
9980213,4w,SbDee,Depl,205,0.00,0.00,1.00,21.00,0.00,1.00,0.00,0.00,0.00,1.00,0.00,1.00,0.00,0.00,0.00,0.00
9980214,4w,ConMx,Depl,195,0.00,0.00,6.00,6.00,0.00,2.00,0.00,0.00,0.00,5.00,0.00,3.00,0.00,0.00,0.00,0.00
9980214,4w,PjSha,Depl,205,0.00,0.00,20.00,2.00,0.00,0.00,0.00,0.00,0.00,3.00,0.00,0.00,0.00,0.00,0.00,0.00
9980215,4w,PjDee,Depl,205,0.00,0.00,20.00,2.00,0.00,0.00,0.00,0.00,0.00,2.00,0.00,0.00,0.00,0.00,0.00,0.00
9980216,4w,PoDom,Depl,205,0.00,0.00,0.00,1.00,0.00,1.00,0.00,0.00,0.00,21.00,0.00,1.00,0.00,0.00,0.00,0.00
9980216,4w,PwDom,Depl,215,13.00,2.00,0.00,1.00,0.00,2.00,1.00,0.00,0.00,3.00,0.00,3.00,0.00,0.00,0.00,0.00
9980217,4w,BwDom,Depl,205,0.00,0.00,0.00,1.00,0.00,2.00,0.00,0.00,0.00,3.00,0.00,18.00,0.00,0.00,0.00,0.00
9980217,4w,PrDom,Depl,215,1.00,22.00,0.00,0.00,0.00,0.00,0.00,0.00,0.00,1.00,0.00,0.00,0.00,0.00,0.00,0.00
9980218,4w,PrwMx,Depl,215,4.00,9.00,2.00,2.00,0.00,1.00,0.00,0.00,0.00,4.00,0.00,2.00,0.00,0.00,0.00,0.00
9980218,4w,TolHd,Depl,205,0.00,0.00,0.00,1.00,0.00,2.00,1.00,0.00,0.00,6.00,0.00,2.00,0.00,0.00,0.00,12.00
9980219,4w,SbMx1,Depl,205,0.00,0.00,4.00,11.00,4.00,1.00,0.00,0.00,0.00,2.00,0.00,1.00,0.00,0.00,0.00,0.00
9980219,4w,UplCe,Depl,215,1.00,0.00,0.00,2.00,0.00,2.00,14.00,0.00,0.00,2.00,0.00,3.00,0.00,0.00,0.00,0.00
9980220,4w,OCLow,Depl,215,0.00,0.00,0.00,4.00,0.00,0.00,12.00,8.00,0.00,0.00,0.00,0.00,0.00,0.00,0.00,0.00
9980220,4w,PjMx1,Depl,205,0.00,0.00,14.00,6.00,0.00,0.00,0.00,0.00,0.00,3.00,0.00,1.00,0.00,0.00,0.00,0.00
9980221,4w,BfMx,Depl,205,0.00,0.00,1.00,6.00,2.00,10.00,1.00,0.00,0.00,2.00,0.00,3.00,0.00,0.00,0.00,0.00
9980221,4w,SbLow,Depl,215,0.00,0.00,0.00,21.00,0.00,0.00,1.00,2.00,0.00,0.00,0.00,0.00,0.00,0.00,0.00,0.00
9980222,4w,HrDom,Depl,205,0.00,0.00,1.00,2.00,1.00,2.00,0.00,0.00,0.00,12.00,0.00,6.00,0.00,0.00,0.00,1.00
9980222,4w,SbSha,Depl,215,0.00,0.00,2.00,21.00,0.00,0.00,0.00,0.00,0.00,1.00,0.00,1.00,0.00,0.00,0.00,0.00
9980223,4w,HrdMw,Depl,205,0.00,0.00,3.00,4.00,1.00,3.00,0.00,0.00,0.00,9.00,0.00,5.00,0.00,0.00,0.00,0.00
9980223,4w,SbDee,Depl,215,0.00,0.00,1.00,21.00,0.00,1.00,0.00,0.00,0.00,1.00,0.00,1.00,0.00,0.00,0.00,0.00
9980224,4w,ConMx,Depl,205,0.00,0.00,6.00,6.00,0.00,2.00,0.00,0.00,0.00,5.00,0.00,3.00,0.00,0.00,0.00,0.00
9980224,4w,PjSha,Depl,215,0.00,0.00,20.00,2.00,0.00,0.00,0.00,0.00,0.00,3.00,0.00,0.00,0.00,0.00,0.00,0.00
9980225,4w,PjDee,Depl,215,0.00,0.00,20.00,2.00,0.00,0.00,0.00,0.00,0.00,2.00,0.00,0.00,0.00,0.00,0.00,0.00
9980226,4w,PoDom,Depl,215,0.00,0.00,0.00,1.00,0.00,1.00,0.00,0.00,0.00,21.00,0.00,1.00,0.00,0.00,0.00,0.00
9980226,4w,PwDom,Depl,225,13.00,2.00,0.00,1.00,0.00,2.00,1.00,0.00,0.00,3.00,0.00,3.00,0.00,0.00,0.00,0.00
9980227,4w,BwDom,Depl,215,0.00,0.00,0.00,1.00,0.00,2.00,0.00,0.00,0.00,3.00,0.00,18.00,0.00,0.00,0.00,0.00
9980227,4w,PrDom,Depl,225,1.00,22.00,0.00,0.00,0.00,0.00,0.00,0.00,0.00,1.00,0.00,0.00,0.00,0.00,0.00,0.00
9980228,4w,PrwMx,Depl,225,4.00,9.00,2.00,2.00,0.00,1.00,0.00,0.00,0.00,4.00,0.00,2.00,0.00,0.00,0.00,0.00
9980228,4w,TolHd,Depl,215,0.00,0.00,0.00,1.00,0.00,2.00,1.00,0.00,0.00,6.00,0.00,2.00,0.00,0.00,0.00,12.00
9980229,4w,SbMx1,Depl,215,0.00,0.00,4.00,11.00,4.00,1.00,0.00,0.00,0.00,2.00,0.00,1.00,0.00,0.00,0.00,0.00
9980229,4w,UplCe,Depl,225,1.00,0.00,0.00,2.00,0.00,2.00,14.00,0.00,0.00,2.00,0.00,3.00,0.00,0.00,0.00,0.00
9980230,4w,OCLow,Depl,225,0.00,0.00,0.00,4.00,0.00,0.00,12.00,8.00,0.00,0.00,0.00,0.00,0.00,0.00,0.00,0.00
9980230,4w,PjMx1,Depl,215,0.00,0.00,14.00,6.00,0.00,0.00,0.00,0.00,0.00,3.00,0.00,1.00,0.00,0.00,0.00,0.00
9980231,4w,BfMx,Depl,215,0.00,0.00,1.00,6.00,2.00,10.00,1.00,0.00,0.00,2.00,0.00,3.00,0.00,0.00,0.00,0.00
9980231,4w,SbLow,Depl,225,0.00,0.00,0.00,21.00,0.00,0.00,1.00,2.00,0.00,0.00,0.00,0.00,0.00,0.00,0.00,0.00
9980232,4w,HrDom,Depl,215,0.00,0.00,1.00,2.00,1.00,2.00,0.00,0.00,0.00,12.00,0.00,6.00,0.00,0.00,0.00,1.00
9980232,4w,SbSha,Depl,225,0.00,0.00,2.00,21.00,0.00,0.00,0.00,0.00,0.00,1.00,0.00,1.00,0.00,0.00,0.00,0.00
9980233,4w,HrdMw,Depl,215,0.00,0.00,3.00,4.00,1.00,3.00,0.00,0.00,0.00,9.00,0.00,5.00,0.00,0.00,0.00,0.00
9980233,4w,SbDee,Depl,225,0.00,0.00,1.00,21.00,0.00,1.00,0.00,0.00,0.00,1.00,0.00,1.00,0.00,0.00,0.00,0.00
9980234,4w,ConMx,Depl,215,0.00,0.00,6.00,6.00,0.00,2.00,0.00,0.00,0.00,5.00,0.00,3.00,0.00,0.00,0.00,0.00
9980234,4w,PjSha,Depl,225,0.00,0.00,20.00,2.00,0.00,0.00,0.00,0.00,0.00,3.00,0.00,0.00,0.00,0.00,0.00,0.00
9980235,4w,PjDee,Depl,225,0.00,0.00,20.00,2.00,0.00,0.00,0.00,0.00,0.00,2.00,0.00,0.00,0.00,0.00,0.00,0.00
9980236,4w,PoDom,Depl,225,0.00,0.00,0.00,1.00,0.00,1.00,0.00,0.00,0.00,21.00,0.00,1.00,0.00,0.00,0.00,0.00
9980236,4w,PwDom,Depl,235,13.00,2.00,0.00,1.00,0.00,2.00,1.00,0.00,0.00,3.00,0.00,3.00,0.00,0.00,0.00,0.00
9980237,4w,BwDom,Depl,225,0.00,0.00,0.00,1.00,0.00,2.00,0.00,0.00,0.00,3.00,0.00,18.00,0.00,0.00,0.00,0.00
9980237,4w,PrDom,Depl,235,1.00,22.00,0.00,0.00,0.00,0.00,0.00,0.00,0.00,1.00,0.00,0.00,0.00,0.00,0.00,0.00
9980238,4w,PrwMx,Depl,235,4.00,9.00,2.00,2.00,0.00,1.00,0.00,0.00,0.00,4.00,0.00,2.00,0.00,0.00,0.00,0.00
9980238,4w,TolHd,Depl,225,0.00,0.00,0.00,1.00,0.00,2.00,1.00,0.00,0.00,6.00,0.00,2.00,0.00,0.00,0.00,12.00
9980239,4w,SbMx1,Depl,225,0.00,0.00,4.00,11.00,4.00,1.00,0.00,0.00,0.00,2.00,0.00,1.00,0.00,0.00,0.00,0.00
9980239,4w,UplCe,Depl,235,1.00,0.00,0.00,2.00,0.00,2.00,14.00,0.00,0.00,2.00,0.00,3.00,0.00,0.00,0.00,0.00
9980240,4w,OCLow,Depl,235,0.00,0.00,0.00,4.00,0.00,0.00,12.00,8.00,0.00,0.00,0.00,0.00,0.00,0.00,0.00,0.00
9980240,4w,PjMx1,Depl,225,0.00,0.00,14.00,6.00,0.00,0.00,0.00,0.00,0.00,3.00,0.00,1.00,0.00,0.00,0.00,0.00
9980241,4w,BfMx,Depl,225,0.00,0.00,1.00,6.00,2.00,10.00,1.00,0.00,0.00,2.00,0.00,3.00,0.00,0.00,0.00,0.00
9980241,4w,SbLow,Depl,235,0.00,0.00,0.00,21.00,0.00,0.00,1.00,2.00,0.00,0.00,0.00,0.00,0.00,0.00,0.00,0.00
9980242,4w,HrDom,Depl,225,0.00,0.00,1.00,2.00,1.00,2.00,0.00,0.00,0.00,12.00,0.00,6.00,0.00,0.00,0.00,1.00
9980242,4w,SbSha,Depl,235,0.00,0.00,2.00,21.00,0.00,0.00,0.00,0.00,0.00,1.00,0.00,1.00,0.00,0.00,0.00,0.00
9980243,4w,HrdMw,Depl,225,0.00,0.00,3.00,4.00,1.00,3.00,0.00,0.00,0.00,9.00,0.00,5.00,0.00,0.00,0.00,0.00
9980243,4w,SbDee,Depl,235,0.00,0.00,1.00,21.00,0.00,1.00,0.00,0.00,0.00,1.00,0.00,1.00,0.00,0.00,0.00,0.00
9980244,4w,ConMx,Depl,225,0.00,0.00,6.00,6.00,0.00,2.00,0.00,0.00,0.00,5.00,0.00,3.00,0.00,0.00,0.00,0.00
9980244,4w,PjSha,Depl,235,0.00,0.00,20.00,2.00,0.00,0.00,0.00,0.00,0.00,3.00,0.00,0.00,0.00,0.00,0.00,0.00
9980245,4w,PjDee,Depl,235,0.00,0.00,20.00,2.00,0.00,0.00,0.00,0.00,0.00,2.00,0.00,0.00,0.00,0.00,0.00,0.00
9980246,4w,PoDom,Depl,235,0.00,0.00,0.00,1.00,0.00,1.00,0.00,0.00,0.00,21.00,0.00,1.00,0.00,0.00,0.00,0.00
9980246,4w,PwDom,Depl,245,13.00,2.00,0.00,1.00,0.00,2.00,1.00,0.00,0.00,3.00,0.00,3.00,0.00,0.00,0.00,0.00
9980247,4w,BwDom,Depl,235,0.00,0.00,0.00,1.00,0.00,2.00,0.00,0.00,0.00,3.00,0.00,18.00,0.00,0.00,0.00,0.00
9980247,4w,PrDom,Depl,245,1.00,22.00,0.00,0.00,0.00,0.00,0.00,0.00,0.00,1.00,0.00,0.00,0.00,0.00,0.00,0.00
9980248,4w,PrwMx,Depl,245,4.00,9.00,2.00,2.00,0.00,1.00,0.00,0.00,0.00,4.00,0.00,2.00,0.00,0.00,0.00,0.00
9980248,4w,TolHd,Depl,235,0.00,0.00,0.00,1.00,0.00,2.00,1.00,0.00,0.00,6.00,0.00,2.00,0.00,0.00,0.00,12.00
9980249,4w,SbMx1,Depl,235,0.00,0.00,4.00,11.00,4.00,1.00,0.00,0.00,0.00,2.00,0.00,1.00,0.00,0.00,0.00,0.00
9980249,4w,UplCe,Depl,245,1.00,0.00,0.00,2.00,0.00,2.00,14.00,0.00,0.00,2.00,0.00,3.00,0.00,0.00,0.00,0.00
9980250,4w,OCLow,Depl,245,0.00,0.00,0.00,4.00,0.00,0.00,12.00,8.00,0.00,0.00,0.00,0.00,0.00,0.00,0.00,0.00
9980250,4w,PjMx1,Depl,235,0.00,0.00,14.00,6.00,0.00,0.00,0.00,0.00,0.00,3.00,0.00,1.00,0.00,0.00,0.00,0.00
9980251,4w,BfMx,Depl,235,0.00,0.00,1.00,6.00,2.00,10.00,1.00,0.00,0.00,2.00,0.00,3.00,0.00,0.00,0.00,0.00
9980251,4w,SbLow,Depl,245,0.00,0.00,0.00,21.00,0.00,0.00,1.00,2.00,0.00,0.00,0.00,0.00,0.00,0.00,0.00,0.00
9980252,4w,HrDom,Depl,235,0.00,0.00,1.00,2.00,1.00,2.00,0.00,0.00,0.00,12.00,0.00,6.00,0.00,0.00,0.00,1.00
9980252,4w,SbSha,Depl,245,0.00,0.00,2.00,21.00,0.00,0.00,0.00,0.00,0.00,1.00,0.00,1.00,0.00,0.00,0.00,0.00
9980253,4w,HrdMw,Depl,235,0.00,0.00,3.00,4.00,1.00,3.00,0.00,0.00,0.00,9.00,0.00,5.00,0.00,0.00,0.00,0.00
9980253,4w,SbDee,Depl,245,0.00,0.00,1.00,21.00,0.00,1.00,0.00,0.00,0.00,1.00,0.00,1.00,0.00,0.00,0.00,0.00
9980254,4w,ConMx,Depl,235,0.00,0.00,6.00,6.00,0.00,2.00,0.00,0.00,0.00,5.00,0.00,3.00,0.00,0.00,0.00,0.00
9980254,4w,PjSha,Depl,245,0.00,0.00,20.00,2.00,0.00,0.00,0.00,0.00,0.00,3.00,0.00,0.00,0.00,0.00,0.00,0.00
9980255,4w,PjDee,Depl,245,0.00,0.00,20.00,2.00,0.00,0.00,0.00,0.00,0.00,2.00,0.00,0.00,0.00,0.00,0.00,0.00
9980256,4w,PoDom,Depl,245,0.00,0.00,0.00,1.00,0.00,1.00,0.00,0.00,0.00,21.00,0.00,1.00,0.00,0.00,0.00,0.00
9980256,4w,PwDom,Depl,255,13.00,2.00,0.00,1.00,0.00,2.00,1.00,0.00,0.00,3.00,0.00,3.00,0.00,0.00,0.00,0.00
9980257,4w,BwDom,Depl,245,0.00,0.00,0.00,1.00,0.00,2.00,0.00,0.00,0.00,3.00,0.00,18.00,0.00,0.00,0.00,0.00
9980257,4w,PrDom,Depl,255,1.00,22.00,0.00,0.00,0.00,0.00,0.00,0.00,0.00,1.00,0.00,0.00,0.00,0.00,0.00,0.00
9980258,4w,PrwMx,Depl,255,4.00,9.00,2.00,2.00,0.00,1.00,0.00,0.00,0.00,4.00,0.00,2.00,0.00,0.00,0.00,0.00
9980258,4w,TolHd,Depl,245,0.00,0.00,0.00,1.00,0.00,2.00,1.00,0.00,0.00,6.00,0.00,2.00,0.00,0.00,0.00,12.00
9980259,4w,SbMx1,Depl,245,0.00,0.00,4.00,11.00,4.00,1.00,0.00,0.00,0.00,2.00,0.00,1.00,0.00,0.00,0.00,0.00
9980259,4w,UplCe,Depl,255,1.00,0.00,0.00,2.00,0.00,2.00,14.00,0.00,0.00,2.00,0.00,3.00,0.00,0.00,0.00,0.00
9980260,4w,OCLow,Depl,255,0.00,0.00,0.00,4.00,0.00,0.00,12.00,8.00,0.00,0.00,0.00,0.00,0.00,0.00,0.00,0.00
9980260,4w,PjMx1,Depl,245,0.00,0.00,14.00,6.00,0.00,0.00,0.00,0.00,0.00,3.00,0.00,1.00,0.00,0.00,0.00,0.00
9980261,4w,BfMx,Depl,245,0.00,0.00,1.00,6.00,2.00,10.00,1.00,0.00,0.00,2.00,0.00,3.00,0.00,0.00,0.00,0.00
9980261,4w,SbLow,Depl,255,0.00,0.00,0.00,21.00,0.00,0.00,1.00,2.00,0.00,0.00,0.00,0.00,0.00,0.00,0.00,0.00
9980262,4w,HrDom,Depl,245,0.00,0.00,1.00,2.00,1.00,2.00,0.00,0.00,0.00,12.00,0.00,6.00,0.00,0.00,0.00,1.00
9980262,4w,SbSha,Depl,255,0.00,0.00,2.00,21.00,0.00,0.00,0.00,0.00,0.00,1.00,0.00,1.00,0.00,0.00,0.00,0.00
9980263,4w,HrdMw,Depl,245,0.00,0.00,3.00,4.00,1.00,3.00,0.00,0.00,0.00,9.00,0.00,5.00,0.00,0.00,0.00,0.00
9980263,4w,SbDee,Depl,255,0.00,0.00,1.00,21.00,0.00,1.00,0.00,0.00,0.00,1.00,0.00,1.00,0.00,0.00,0.00,0.00
9980264,4w,ConMx,Depl,245,0.00,0.00,6.00,6.00,0.00,2.00,0.00,0.00,0.00,5.00,0.00,3.00,0.00,0.00,0.00,0.00
9980264,4w,PjSha,Depl,255,0.00,0.00,20.00,2.00,0.00,0.00,0.00,0.00,0.00,3.00,0.00,0.00,0.00,0.00,0.00,0.00
9980265,4w,PjDee,Depl,255,0.00,0.00,20.00,2.00,0.00,0.00,0.00,0.00,0.00,2.00,0.00,0.00,0.00,0.00,0.00,0.00
9980266,4w,PoDom,Depl,255,0.00,0.00,0.00,1.00,0.00,1.00,0.00,0.00,0.00,21.00,0.00,1.00,0.00,0.00,0.00,0.00
9980267,4w,BwDom,Depl,255,0.00,0.00,0.00,1.00,0.00,2.00,0.00,0.00,0.00,3.00,0.00,18.00,0.00,0.00,0.00,0.00
9980268,4w,TolHd,Depl,255,0.00,0.00,0.00,1.00,0.00,2.00,1.00,0.00,0.00,6.00,0.00,2.00,0.00,0.00,0.00,12.00
9980269,4w,SbMx1,Depl,255,0.00,0.00,4.00,11.00,4.00,1.00,0.00,0.00,0.00,2.00,0.00,1.00,0.00,0.00,0.00,0.00
9980270,4w,PjMx1,Depl,255,0.00,0.00,14.00,6.00,0.00,0.00,0.00,0.00,0.00,3.00,0.00,1.00,0.00,0.00,0.00,0.00
9980271,4w,BfMx,Depl,255,0.00,0.00,1.00,6.00,2.00,10.00,1.00,0.00,0.00,2.00,0.00,3.00,0.00,0.00,0.00,0.00
9980272,4w,HrDom,Depl,255,0.00,0.00,1.00,2.00,1.00,2.00,0.00,0.00,0.00,12.00,0.00,6.00,0.00,0.00,0.00,1.00
9980273,4w,HrdMw,Depl,255,0.00,0.00,3.00,4.00,1.00,3.00,0.00,0.00,0.00,9.00,0.00,5.00,0.00,0.00,0.00,0.00
9980274,4w,ConMx,Depl,255,0.00,0.00,6.00,6.00,0.00,2.00,0.00,0.00,0.00,5.00,0.00,3.00,0.00,0.00,0.00,0.00
