CURVENO,SUBMU,FU,SI,AC10,PW,PR,PJ,SB,SW,BF,CE,OC,HE,PO,PB,BW,MH,QR,YB,OH
76,5e,CE1,Exten,5,0.00,0.00,0.00,0.00,0.00,0.00,0.00,0.00,0.00,0.00,0.00,0.00,0.00,0.00,0.00,0.00
76,5e,CE1,Exten,15,3.53819247324014e-03,0.00,0.00,3.80322387821414e-03,0.01,0.01,0.35,0.01,3.24022750097755e-03,3.67267866824579e-03,0.00,4.114203814284e-04,3.59248383179264e-04,0.00,0.00,7.68516289656612e-04
76,5e,CE1,Exten,25,0.07,0.00,0.00,0.09,0.26,0.26,3.72,0.18,0.04,0.08,0.00,9.07156401867598e-03,7.6205989442448e-03,0.00,0.00,0.01
76,5e,CE1,Exten,35,0.44,0.00,0.00,0.47,1.25,1.35,13.73,0.69,0.17,0.47,0.00,0.05,0.04,0.00,0.00,0.08
76,5e,CE1,Exten,45,1.33,0.00,0.00,1.15,3.01,3.23,29.30,1.49,0.42,1.38,0.00,0.15,0.12,0.00,0.00,0.25
76,5e,CE1,Exten,55,2.62,0.00,0.00,1.85,4.91,5.10,45.04,2.29,0.71,2.61,0.00,0.30,0.24,0.00,0.00,0.49
76,5e,CE1,Exten,65,4.04,0.00,0.00,2.38,6.39,6.43,56.79,2.88,0.96,3.81,0.00,0.46,0.38,0.00,0.00,0.75
76,5e,CE1,Exten,75,5.37,0.00,0.00,2.72,7.38,7.24,64.13,3.26,1.16,4.77,0.00,0.60,0.50,0.00,0.00,0.99
76,5e,CE1,Exten,85,6.58,0.00,0.00,2.95,8.04,7.72,68.41,3.47,1.32,5.47,0.00,0.73,0.61,0.00,0.00,1.20
76,5e,CE1,Exten,95,7.66,0.00,0.00,3.12,8.52,8.03,70.87,3.60,1.46,5.96,0.00,0.84,0.71,0.00,0.00,1.39
76,5e,CE1,Exten,105,8.63,0.00,0.00,3.26,8.90,8.24,72.13,3.66,1.58,6.29,0.00,0.93,0.80,0.00,0.00,1.56
76,5e,CE1,Exten,115,9.50,0.00,0.00,3.37,9.21,8.37,72.48,3.68,1.70,6.48,0.00,1.00,0.88,0.00,0.00,1.72
76,5e,CE1,Exten,125,10.24,0.00,0.00,3.47,9.48,8.45,72.07,3.66,1.80,6.56,0.00,1.06,0.95,0.00,0.00,1.85
76,5e,CE1,Exten,135,10.87,0.00,0.00,3.55,9.70,8.48,71.03,3.61,1.89,6.55,0.00,1.11,1.02,0.00,0.00,1.97
76,5e,CE1,Exten,145,11.38,0.00,0.00,3.62,9.89,8.47,69.45,3.53,1.98,6.48,0.00,1.15,1.07,0.00,0.00,2.06
76,5e,CE1,Exten,155,11.77,0.00,0.00,3.67,10.05,8.43,67.45,3.42,2.06,6.36,0.00,1.17,1.12,0.00,0.00,2.14
76,5e,CE1,Exten,165,12.06,0.00,0.00,3.72,10.19,8.37,65.10,3.31,2.13,6.21,0.00,1.19,1.16,0.00,0.00,2.20
76,5e,CE1,Exten,175,12.26,0.00,0.00,3.76,10.30,8.28,62.49,3.17,2.20,6.03,0.00,1.19,1.19,0.00,0.00,2.25
76,5e,CE1,Exten,185,12.37,0.00,0.00,3.80,10.40,8.18,59.71,3.03,2.26,5.84,0.00,1.19,1.22,0.00,0.00,2.28
76,5e,CE1,Exten,195,12.40,0.00,0.00,3.82,10.47,8.06,56.80,2.88,2.32,5.63,0.00,1.19,1.24,0.00,0.00,2.29
76,5e,CE1,Exten,205,12.37,0.00,0.00,3.85,10.54,7.93,53.82,2.73,2.37,5.42,0.00,1.18,1.26,0.00,0.00,2.30
76,5e,CE1,Exten,215,12.28,0.00,0.00,3.86,10.59,7.79,50.82,2.58,2.42,5.21,0.00,1.16,1.27,0.00,0.00,2.29
76,5e,CE1,Exten,225,12.14,0.00,0.00,3.88,10.63,7.64,47.85,2.43,2.46,5.00,0.00,1.14,1.28,0.00,0.00,2.28
76,5e,CE1,Exten,235,11.96,0.00,0.00,3.89,10.66,7.48,44.92,2.28,2.50,4.79,0.00,1.12,1.28,0.00,0.00,2.25
76,5e,CE1,Exten,245,11.76,0.00,0.00,3.90,10.68,7.32,42.06,2.13,2.54,4.59,0.00,1.10,1.28,0.00,0.00,2.22
76,5e,CE1,Exten,255,11.52,0.00,0.00,3.90,10.70,7.16,39.30,1.99,2.57,4.39,0.00,1.08,1.28,0.00,0.00,2.19
77,5e,CE1,Intn1,5,0.00,0.00,0.00,0.00,0.00,0.00,0.00,0.00,0.00,0.00,0.00,0.00,0.00,0.00,0.00,0.00
77,5e,CE1,Intn1,15,3.53819247324014e-03,0.00,0.00,3.80322387821414e-03,0.01,0.01,0.35,0.01,3.24022750097755e-03,3.67267866824579e-03,0.00,4.114203814284e-04,3.59248383179264e-04,0.00,0.00,7.68516289656612e-04
77,5e,CE1,Intn1,25,0.07,0.00,0.00,0.09,0.26,0.26,3.72,0.18,0.04,0.08,0.00,9.07156401867598e-03,7.6205989442448e-03,0.00,0.00,0.01
77,5e,CE1,Intn1,35,0.44,0.00,0.00,0.47,1.25,1.35,13.73,0.69,0.17,0.47,0.00,0.05,0.04,0.00,0.00,0.08
77,5e,CE1,Intn1,45,1.33,0.00,0.00,1.15,3.01,3.23,29.30,1.49,0.42,1.38,0.00,0.15,0.12,0.00,0.00,0.25
77,5e,CE1,Intn1,55,2.62,0.00,0.00,1.85,4.91,5.10,45.04,2.29,0.71,2.61,0.00,0.30,0.24,0.00,0.00,0.49
77,5e,CE1,Intn1,65,4.04,0.00,0.00,2.38,6.39,6.43,56.79,2.88,0.96,3.81,0.00,0.46,0.38,0.00,0.00,0.75
77,5e,CE1,Intn1,75,5.37,0.00,0.00,2.72,7.38,7.24,64.13,3.26,1.16,4.77,0.00,0.60,0.50,0.00,0.00,0.99
77,5e,CE1,Intn1,85,6.58,0.00,0.00,2.95,8.04,7.72,68.41,3.47,1.32,5.47,0.00,0.73,0.61,0.00,0.00,1.20
77,5e,CE1,Intn1,95,7.66,0.00,0.00,3.12,8.52,8.03,70.87,3.60,1.46,5.96,0.00,0.84,0.71,0.00,0.00,1.39
77,5e,CE1,Intn1,105,8.63,0.00,0.00,3.26,8.90,8.24,72.13,3.66,1.58,6.29,0.00,0.93,0.80,0.00,0.00,1.56
77,5e,CE1,Intn1,115,9.50,0.00,0.00,3.37,9.21,8.37,72.48,3.68,1.70,6.48,0.00,1.00,0.88,0.00,0.00,1.72
77,5e,CE1,Intn1,125,10.24,0.00,0.00,3.47,9.48,8.45,72.07,3.66,1.80,6.56,0.00,1.06,0.95,0.00,0.00,1.85
77,5e,CE1,Intn1,135,10.87,0.00,0.00,3.55,9.70,8.48,71.03,3.61,1.89,6.55,0.00,1.11,1.02,0.00,0.00,1.97
77,5e,CE1,Intn1,145,11.38,0.00,0.00,3.62,9.89,8.47,69.45,3.53,1.98,6.48,0.00,1.15,1.07,0.00,0.00,2.06
77,5e,CE1,Intn1,155,11.77,0.00,0.00,3.67,10.05,8.43,67.45,3.42,2.06,6.36,0.00,1.17,1.12,0.00,0.00,2.14
77,5e,CE1,Intn1,165,12.06,0.00,0.00,3.72,10.19,8.37,65.10,3.31,2.13,6.21,0.00,1.19,1.16,0.00,0.00,2.20
77,5e,CE1,Intn1,175,12.26,0.00,0.00,3.76,10.30,8.28,62.49,3.17,2.20,6.03,0.00,1.19,1.19,0.00,0.00,2.25
77,5e,CE1,Intn1,185,12.37,0.00,0.00,3.80,10.40,8.18,59.71,3.03,2.26,5.84,0.00,1.19,1.22,0.00,0.00,2.28
77,5e,CE1,Intn1,195,12.40,0.00,0.00,3.82,10.47,8.06,56.80,2.88,2.32,5.63,0.00,1.19,1.24,0.00,0.00,2.29
77,5e,CE1,Intn1,205,12.37,0.00,0.00,3.85,10.54,7.93,53.82,2.73,2.37,5.42,0.00,1.18,1.26,0.00,0.00,2.30
77,5e,CE1,Intn1,215,12.28,0.00,0.00,3.86,10.59,7.79,50.82,2.58,2.42,5.21,0.00,1.16,1.27,0.00,0.00,2.29
77,5e,CE1,Intn1,225,12.14,0.00,0.00,3.88,10.63,7.64,47.85,2.43,2.46,5.00,0.00,1.14,1.28,0.00,0.00,2.28
77,5e,CE1,Intn1,235,11.96,0.00,0.00,3.89,10.66,7.48,44.92,2.28,2.50,4.79,0.00,1.12,1.28,0.00,0.00,2.25
77,5e,CE1,Intn1,245,11.76,0.00,0.00,3.90,10.68,7.32,42.06,2.13,2.54,4.59,0.00,1.10,1.28,0.00,0.00,2.22
77,5e,CE1,Intn1,255,11.52,0.00,0.00,3.90,10.70,7.16,39.30,1.99,2.57,4.39,0.00,1.08,1.28,0.00,0.00,2.19
79,5e,PR1,Exten,5,0.00,0.00,0.00,0.00,0.00,0.00,0.00,0.00,0.00,0.00,0.00,0.00,0.00,0.00,0.00,0.00
79,5e,PR1,Exten,15,2.00,17.84,0.46,0.00,0.00,0.18,0.00,0.00,0.00,0.75,0.00,0.15,0.00,0.00,0.00,0.03
79,5e,PR1,Exten,25,4.63,41.02,0.90,0.00,0.00,0.46,0.00,0.00,0.00,1.82,0.00,0.36,0.00,0.00,0.00,0.07
79,5e,PR1,Exten,35,7.63,67.52,1.32,0.00,0.00,0.67,0.00,0.00,0.00,2.98,0.00,0.60,0.00,0.00,0.00,0.12
79,5e,PR1,Exten,45,10.63,94.27,1.67,0.00,0.00,0.75,0.00,0.00,0.00,4.03,0.00,0.84,0.00,0.00,0.00,0.16
79,5e,PR1,Exten,55,13.31,118.77,1.93,0.00,0.00,0.75,0.00,0.00,0.00,4.83,0.00,1.04,0.00,0.00,0.00,0.20
79,5e,PR1,Exten,65,15.45,139.06,2.08,0.00,0.00,0.71,0.00,0.00,0.00,5.32,0.00,1.19,0.00,0.00,0.00,0.22
79,5e,PR1,Exten,75,16.90,153.80,2.14,0.00,0.00,0.66,0.00,0.00,0.00,5.48,0.00,1.28,0.00,0.00,0.00,0.24
79,5e,PR1,Exten,85,17.60,162.32,2.09,0.00,0.00,0.60,0.00,0.00,0.00,5.35,0.00,1.31,0.00,0.00,0.00,0.25
79,5e,PR1,Exten,95,17.57,164.52,1.97,0.00,0.00,0.53,0.00,0.00,0.00,5.00,0.00,1.29,0.00,0.00,0.00,0.25
79,5e,PR1,Exten,105,16.89,160.86,1.78,0.00,0.00,0.46,0.00,0.00,0.00,4.49,0.00,1.22,0.00,0.00,0.00,0.24
79,5e,PR1,Exten,115,15.69,152.21,1.56,0.00,0.00,0.40,0.00,0.00,0.00,3.91,0.00,1.11,0.00,0.00,0.00,0.22
79,5e,PR1,Exten,125,14.11,139.70,1.32,0.00,0.00,0.33,0.00,0.00,0.00,3.30,0.00,0.99,0.00,0.00,0.00,0.20
79,5e,PR1,Exten,135,12.32,124.59,1.08,0.00,0.00,0.27,0.00,0.00,0.00,2.71,0.00,0.85,0.00,0.00,0.00,0.17
79,5e,PR1,Exten,145,10.45,108.12,0.85,0.00,0.00,0.22,0.00,0.00,0.00,2.17,0.00,0.71,0.00,0.00,0.00,0.15
79,5e,PR1,Exten,155,8.63,91.39,0.66,0.00,0.00,0.17,0.00,0.00,0.00,1.70,0.00,0.58,0.00,0.00,0.00,0.12
79,5e,PR1,Exten,165,6.94,75.31,0.49,0.00,0.00,0.14,0.00,0.00,0.00,1.30,0.00,0.46,0.00,0.00,0.00,0.10
79,5e,PR1,Exten,175,5.43,60.55,0.36,0.00,0.00,0.10,0.00,0.00,0.00,0.97,0.00,0.35,0.00,0.00,0.00,0.07
79,5e,PR1,Exten,185,4.15,47.52,0.25,0.00,0.00,0.07,0.00,0.00,0.00,0.71,0.00,0.27,0.00,0.00,0.00,0.06
79,5e,PR1,Exten,195,3.10,36.42,0.17,0.00,0.00,0.05,0.00,0.00,0.00,0.51,0.00,0.20,0.00,0.00,0.00,0.04
79,5e,PR1,Exten,205,2.25,27.26,0.12,0.00,0.00,0.04,0.00,0.00,0.00,0.36,0.00,0.14,0.00,0.00,0.00,0.03
79,5e,PR1,Exten,215,1.60,19.95,0.07,0.00,0.00,0.02,0.00,0.00,0.00,0.24,0.00,0.10,0.00,0.00,0.00,0.02
79,5e,PR1,Exten,225,1.11,14.27,0.05,0.00,0.00,0.02,0.00,0.00,0.00,0.16,0.00,0.07,0.00,0.00,0.00,0.01
79,5e,PR1,Exten,235,0.75,9.98,0.03,0.00,0.00,0.01,0.00,0.00,0.00,0.11,0.00,0.04,0.00,0.00,0.00,0.01
79,5e,PR1,Exten,245,0.50,6.82,0.01,0.00,0.00,9.11542571056594e-03,0.00,0.00,0.00,0.07,0.00,0.03,0.00,0.00,0.00,7.58188600052045e-03
79,5e,PR1,Exten,255,0.32,4.56,0.01,0.00,0.00,5.90272235992332e-03,0.00,0.00,0.00,0.04,0.00,0.02,0.00,0.00,0.00,4.94095587822452e-03
80,5e,PR1,Intn1,5,0.00,0.00,0.00,0.00,0.00,0.00,0.00,0.00,0.00,0.00,0.00,0.00,0.00,0.00,0.00,0.00
80,5e,PR1,Intn1,15,0.60,31.62,2.06,0.00,0.59,0.00,0.00,0.00,0.00,0.28,0.00,0.00,0.00,0.00,0.00,0.00
80,5e,PR1,Intn1,25,1.39,71.90,4.01,0.00,1.09,0.00,0.00,0.00,0.00,0.67,0.00,0.00,0.00,0.00,0.00,0.00
80,5e,PR1,Intn1,35,2.26,116.84,5.78,0.00,1.42,0.00,0.00,0.00,0.00,1.09,0.00,0.00,0.00,0.00,0.00,0.00
80,5e,PR1,Intn1,45,3.12,161.28,7.23,0.00,1.58,0.00,0.00,0.00,0.00,1.46,0.00,0.00,0.00,0.00,0.00,0.00
80,5e,PR1,Intn1,55,3.87,201.20,8.27,0.00,1.62,0.00,0.00,0.00,0.00,1.73,0.00,0.00,0.00,0.00,0.00,0.00
80,5e,PR1,Intn1,65,4.45,233.57,8.86,0.00,1.58,0.00,0.00,0.00,0.00,1.89,0.00,0.00,0.00,0.00,0.00,0.00
80,5e,PR1,Intn1,75,4.84,256.42,9.01,0.00,1.49,0.00,0.00,0.00,0.00,1.93,0.00,0.00,0.00,0.00,0.00,0.00
80,5e,PR1,Intn1,85,5.00,268.85,8.77,0.00,1.37,0.00,0.00,0.00,0.00,1.87,0.00,0.00,0.00,0.00,0.00,0.00
80,5e,PR1,Intn1,95,4.97,270.90,8.19,0.00,1.24,0.00,0.00,0.00,0.00,1.74,0.00,0.00,0.00,0.00,0.00,0.00
80,5e,PR1,Intn1,105,4.75,263.50,7.38,0.00,1.10,0.00,0.00,0.00,0.00,1.56,0.00,0.00,0.00,0.00,0.00,0.00
80,5e,PR1,Intn1,115,4.39,248.16,6.43,0.00,0.95,0.00,0.00,0.00,0.00,1.35,0.00,0.00,0.00,0.00,0.00,0.00
80,5e,PR1,Intn1,125,3.93,226.82,5.41,0.00,0.81,0.00,0.00,0.00,0.00,1.13,0.00,0.00,0.00,0.00,0.00,0.00
80,5e,PR1,Intn1,135,3.42,201.53,4.41,0.00,0.68,0.00,0.00,0.00,0.00,0.93,0.00,0.00,0.00,0.00,0.00,0.00
80,5e,PR1,Intn1,145,2.89,174.30,3.49,0.00,0.56,0.00,0.00,0.00,0.00,0.74,0.00,0.00,0.00,0.00,0.00,0.00
80,5e,PR1,Intn1,155,2.38,146.90,2.69,0.00,0.45,0.00,0.00,0.00,0.00,0.58,0.00,0.00,0.00,0.00,0.00,0.00
80,5e,PR1,Intn1,165,1.91,120.73,2.01,0.00,0.36,0.00,0.00,0.00,0.00,0.44,0.00,0.00,0.00,0.00,0.00,0.00
80,5e,PR1,Intn1,175,1.49,96.83,1.46,0.00,0.28,0.00,0.00,0.00,0.00,0.33,0.00,0.00,0.00,0.00,0.00,0.00
80,5e,PR1,Intn1,185,1.13,75.83,1.03,0.00,0.21,0.00,0.00,0.00,0.00,0.24,0.00,0.00,0.00,0.00,0.00,0.00
80,5e,PR1,Intn1,195,0.84,58.01,0.71,0.00,0.16,0.00,0.00,0.00,0.00,0.17,0.00,0.00,0.00,0.00,0.00,0.00
80,5e,PR1,Intn1,205,0.61,43.36,0.48,0.00,0.11,0.00,0.00,0.00,0.00,0.12,0.00,0.00,0.00,0.00,0.00,0.00
80,5e,PR1,Intn1,215,0.43,31.68,0.31,0.00,0.08,0.00,0.00,0.00,0.00,0.08,0.00,0.00,0.00,0.00,0.00,0.00
80,5e,PR1,Intn1,225,0.30,22.63,0.20,0.00,0.05,0.00,0.00,0.00,0.00,0.05,0.00,0.00,0.00,0.00,0.00,0.00
80,5e,PR1,Intn1,235,0.20,15.81,0.12,0.00,0.04,0.00,0.00,0.00,0.00,0.03,0.00,0.00,0.00,0.00,0.00,0.00
80,5e,PR1,Intn1,245,0.13,10.80,0.07,0.00,0.02,0.00,0.00,0.00,0.00,0.02,0.00,0.00,0.00,0.00,0.00,0.00
80,5e,PR1,Intn1,255,0.08,7.22,0.04,0.00,0.01,0.00,0.00,0.00,0.00,0.01,0.00,0.00,0.00,0.00,0.00,0.00
82,5e,PJ1,Exten,5,0.00,0.00,0.00,0.00,0.00,0.00,0.00,0.00,0.00,0.00,0.00,0.00,0.00,0.00,0.00,0.00
82,5e,PJ1,Exten,15,0.02,2.5525998360666e-03,0.46,2.88706626812633e-03,5.22940797807882e-03,2.44067366780127e-03,0.00,0.00,0.00,7.06250763951103e-03,0.00,4.00615950268499e-03,0.00,0.00,0.00,0.00
82,5e,PJ1,Exten,25,0.24,0.02,4.46,0.03,0.04,0.02,0.00,0.00,0.00,0.08,0.00,0.04,0.00,0.00,0.00,0.00
82,5e,PJ1,Exten,35,0.98,0.11,15.84,0.12,0.15,0.10,0.00,0.00,0.00,0.33,0.00,0.18,0.00,0.00,0.00,0.00
82,5e,PJ1,Exten,45,2.25,0.26,33.01,0.24,0.28,0.19,0.00,0.00,0.00,0.73,0.00,0.42,0.00,0.00,0.00,0.00
82,5e,PJ1,Exten,55,3.62,0.42,48.94,0.31,0.37,0.24,0.00,0.00,0.00,1.13,0.00,0.67,0.00,0.00,0.00,0.00
82,5e,PJ1,Exten,65,4.64,0.55,58.50,0.33,0.41,0.25,0.00,0.00,0.00,1.37,0.00,0.85,0.00,0.00,0.00,0.00
82,5e,PJ1,Exten,75,5.27,0.63,62.23,0.33,0.40,0.24,0.00,0.00,0.00,1.47,0.00,0.95,0.00,0.00,0.00,0.00
82,5e,PJ1,Exten,85,5.65,0.69,62.68,0.31,0.38,0.23,0.00,0.00,0.00,1.47,0.00,1.00,0.00,0.00,0.00,0.00
82,5e,PJ1,Exten,95,5.87,0.72,61.30,0.29,0.36,0.21,0.00,0.00,0.00,1.43,0.00,1.02,0.00,0.00,0.00,0.00
82,5e,PJ1,Exten,105,5.96,0.75,58.67,0.27,0.34,0.19,0.00,0.00,0.00,1.36,0.00,1.02,0.00,0.00,0.00,0.00
82,5e,PJ1,Exten,115,5.94,0.76,55.09,0.26,0.32,0.18,0.00,0.00,0.00,1.27,0.00,1.00,0.00,0.00,0.00,0.00
82,5e,PJ1,Exten,125,5.83,0.76,50.85,0.24,0.30,0.16,0.00,0.00,0.00,1.17,0.00,0.97,0.00,0.00,0.00,0.00
82,5e,PJ1,Exten,135,5.65,0.75,46.20,0.22,0.28,0.15,0.00,0.00,0.00,1.07,0.00,0.92,0.00,0.00,0.00,0.00
82,5e,PJ1,Exten,145,5.40,0.74,41.37,0.21,0.26,0.14,0.00,0.00,0.00,0.97,0.00,0.87,0.00,0.00,0.00,0.00
82,5e,PJ1,Exten,155,5.11,0.71,36.56,0.19,0.24,0.12,0.00,0.00,0.00,0.87,0.00,0.81,0.00,0.00,0.00,0.00
82,5e,PJ1,Exten,165,4.78,0.68,31.90,0.18,0.22,0.11,0.00,0.00,0.00,0.77,0.00,0.75,0.00,0.00,0.00,0.00
82,5e,PJ1,Exten,175,4.43,0.65,27.53,0.16,0.20,0.10,0.00,0.00,0.00,0.68,0.00,0.69,0.00,0.00,0.00,0.00
82,5e,PJ1,Exten,185,4.07,0.61,23.49,0.15,0.19,0.09,0.00,0.00,0.00,0.60,0.00,0.62,0.00,0.00,0.00,0.00
82,5e,PJ1,Exten,195,3.71,0.57,19.86,0.14,0.17,0.08,0.00,0.00,0.00,0.53,0.00,0.56,0.00,0.00,0.00,0.00
82,5e,PJ1,Exten,205,3.35,0.53,16.62,0.12,0.15,0.07,0.00,0.00,0.00,0.46,0.00,0.51,0.00,0.00,0.00,0.00
82,5e,PJ1,Exten,215,3.01,0.49,13.80,0.11,0.14,0.06,0.00,0.00,0.00,0.40,0.00,0.45,0.00,0.00,0.00,0.00
82,5e,PJ1,Exten,225,2.68,0.45,11.36,0.10,0.13,0.05,0.00,0.00,0.00,0.34,0.00,0.40,0.00,0.00,0.00,0.00
82,5e,PJ1,Exten,235,2.37,0.41,9.28,0.09,0.11,0.05,0.00,0.00,0.00,0.29,0.00,0.35,0.00,0.00,0.00,0.00
82,5e,PJ1,Exten,245,2.08,0.37,7.52,0.08,0.10,0.04,0.00,0.00,0.00,0.25,0.00,0.31,0.00,0.00,0.00,0.00
82,5e,PJ1,Exten,255,1.82,0.33,6.06,0.07,0.09,0.03,0.00,0.00,0.00,0.21,0.00,0.27,0.00,0.00,0.00,0.00
83,5e,PJ1,Basc1,5,0.00,0.00,0.00,0.00,0.00,0.00,0.00,0.00,0.00,0.00,0.00,0.00,0.00,0.00,0.00,0.00
83,5e,PJ1,Basc1,15,0.01,4.59524189005275e-03,0.86,9.67068877784795e-03,0.00,0.00,0.00,0.00,0.00,0.02,0.00,3.42977099008482e-03,0.00,0.00,0.00,0.00
83,5e,PJ1,Basc1,25,0.14,0.05,8.18,0.11,0.00,0.00,0.00,0.00,0.00,0.28,0.00,0.03,0.00,0.00,0.00,0.00
83,5e,PJ1,Basc1,35,0.54,0.19,27.81,0.40,0.00,0.00,0.00,0.00,0.00,1.08,0.00,0.14,0.00,0.00,0.00,0.00
83,5e,PJ1,Basc1,45,1.17,0.42,54.45,0.72,0.00,0.00,0.00,0.00,0.00,2.27,0.00,0.32,0.00,0.00,0.00,0.00
83,5e,PJ1,Basc1,55,1.77,0.64,75.67,0.88,0.00,0.00,0.00,0.00,0.00,3.28,0.00,0.47,0.00,0.00,0.00,0.00
83,5e,PJ1,Basc1,65,2.18,0.79,86.49,0.90,0.00,0.00,0.00,0.00,0.00,3.81,0.00,0.58,0.00,0.00,0.00,0.00
83,5e,PJ1,Basc1,75,2.43,0.89,90.27,0.86,0.00,0.00,0.00,0.00,0.00,4.00,0.00,0.63,0.00,0.00,0.00,0.00
83,5e,PJ1,Basc1,85,2.59,0.96,90.48,0.82,0.00,0.00,0.00,0.00,0.00,4.00,0.00,0.66,0.00,0.00,0.00,0.00
83,5e,PJ1,Basc1,95,2.68,1.01,88.40,0.77,0.00,0.00,0.00,0.00,0.00,3.88,0.00,0.68,0.00,0.00,0.00,0.00
83,5e,PJ1,Basc1,105,2.72,1.05,84.58,0.72,0.00,0.00,0.00,0.00,0.00,3.68,0.00,0.68,0.00,0.00,0.00,0.00
83,5e,PJ1,Basc1,115,2.72,1.06,79.41,0.68,0.00,0.00,0.00,0.00,0.00,3.44,0.00,0.66,0.00,0.00,0.00,0.00
83,5e,PJ1,Basc1,125,2.67,1.06,73.31,0.63,0.00,0.00,0.00,0.00,0.00,3.17,0.00,0.64,0.00,0.00,0.00,0.00
83,5e,PJ1,Basc1,135,2.58,1.05,66.63,0.59,0.00,0.00,0.00,0.00,0.00,2.89,0.00,0.61,0.00,0.00,0.00,0.00
83,5e,PJ1,Basc1,145,2.47,1.03,59.69,0.55,0.00,0.00,0.00,0.00,0.00,2.62,0.00,0.58,0.00,0.00,0.00,0.00
83,5e,PJ1,Basc1,155,2.34,1.00,52.76,0.51,0.00,0.00,0.00,0.00,0.00,2.35,0.00,0.54,0.00,0.00,0.00,0.00
83,5e,PJ1,Basc1,165,2.19,0.96,46.06,0.47,0.00,0.00,0.00,0.00,0.00,2.09,0.00,0.50,0.00,0.00,0.00,0.00
83,5e,PJ1,Basc1,175,2.03,0.91,39.76,0.44,0.00,0.00,0.00,0.00,0.00,1.85,0.00,0.45,0.00,0.00,0.00,0.00
83,5e,PJ1,Basc1,185,1.86,0.86,33.95,0.40,0.00,0.00,0.00,0.00,0.00,1.63,0.00,0.41,0.00,0.00,0.00,0.00
83,5e,PJ1,Basc1,195,1.70,0.80,28.70,0.37,0.00,0.00,0.00,0.00,0.00,1.43,0.00,0.37,0.00,0.00,0.00,0.00
83,5e,PJ1,Basc1,205,1.53,0.75,24.04,0.33,0.00,0.00,0.00,0.00,0.00,1.25,0.00,0.34,0.00,0.00,0.00,0.00
83,5e,PJ1,Basc1,215,1.38,0.69,19.96,0.30,0.00,0.00,0.00,0.00,0.00,1.09,0.00,0.30,0.00,0.00,0.00,0.00
83,5e,PJ1,Basc1,225,1.23,0.63,16.43,0.27,0.00,0.00,0.00,0.00,0.00,0.94,0.00,0.26,0.00,0.00,0.00,0.00
83,5e,PJ1,Basc1,235,1.09,0.58,13.42,0.25,0.00,0.00,0.00,0.00,0.00,0.81,0.00,0.23,0.00,0.00,0.00,0.00
83,5e,PJ1,Basc1,245,0.95,0.52,10.89,0.22,0.00,0.00,0.00,0.00,0.00,0.69,0.00,0.20,0.00,0.00,0.00,0.00
83,5e,PJ1,Basc1,255,0.83,0.47,8.77,0.20,0.00,0.00,0.00,0.00,0.00,0.59,0.00,0.18,0.00,0.00,0.00,0.00
84,5e,PJ1,Intn1,5,0.00,0.00,0.00,0.00,0.00,0.00,0.00,0.00,0.00,0.00,0.00,0.00,0.00,0.00,0.00,0.00
84,5e,PJ1,Intn1,15,0.01,4.59524189005275e-03,0.86,9.67068877784795e-03,0.00,0.00,0.00,0.00,0.00,0.02,0.00,3.42977099008482e-03,0.00,0.00,0.00,0.00
84,5e,PJ1,Intn1,25,0.14,0.05,8.18,0.11,0.00,0.00,0.00,0.00,0.00,0.28,0.00,0.03,0.00,0.00,0.00,0.00
84,5e,PJ1,Intn1,35,0.54,0.19,27.81,0.40,0.00,0.00,0.00,0.00,0.00,1.08,0.00,0.14,0.00,0.00,0.00,0.00
84,5e,PJ1,Intn1,45,1.17,0.42,54.45,0.72,0.00,0.00,0.00,0.00,0.00,2.27,0.00,0.32,0.00,0.00,0.00,0.00
84,5e,PJ1,Intn1,55,1.77,0.64,75.67,0.88,0.00,0.00,0.00,0.00,0.00,3.28,0.00,0.47,0.00,0.00,0.00,0.00
84,5e,PJ1,Intn1,65,2.18,0.79,86.49,0.90,0.00,0.00,0.00,0.00,0.00,3.81,0.00,0.58,0.00,0.00,0.00,0.00
84,5e,PJ1,Intn1,75,2.43,0.89,90.27,0.86,0.00,0.00,0.00,0.00,0.00,4.00,0.00,0.63,0.00,0.00,0.00,0.00
84,5e,PJ1,Intn1,85,2.59,0.96,90.48,0.82,0.00,0.00,0.00,0.00,0.00,4.00,0.00,0.66,0.00,0.00,0.00,0.00
84,5e,PJ1,Intn1,95,2.68,1.01,88.40,0.77,0.00,0.00,0.00,0.00,0.00,3.88,0.00,0.68,0.00,0.00,0.00,0.00
84,5e,PJ1,Intn1,105,2.72,1.05,84.58,0.72,0.00,0.00,0.00,0.00,0.00,3.68,0.00,0.68,0.00,0.00,0.00,0.00
84,5e,PJ1,Intn1,115,2.72,1.06,79.41,0.68,0.00,0.00,0.00,0.00,0.00,3.44,0.00,0.66,0.00,0.00,0.00,0.00
84,5e,PJ1,Intn1,125,2.67,1.06,73.31,0.63,0.00,0.00,0.00,0.00,0.00,3.17,0.00,0.64,0.00,0.00,0.00,0.00
84,5e,PJ1,Intn1,135,2.58,1.05,66.63,0.59,0.00,0.00,0.00,0.00,0.00,2.89,0.00,0.61,0.00,0.00,0.00,0.00
84,5e,PJ1,Intn1,145,2.47,1.03,59.69,0.55,0.00,0.00,0.00,0.00,0.00,2.62,0.00,0.58,0.00,0.00,0.00,0.00
84,5e,PJ1,Intn1,155,2.34,1.00,52.76,0.51,0.00,0.00,0.00,0.00,0.00,2.35,0.00,0.54,0.00,0.00,0.00,0.00
84,5e,PJ1,Intn1,165,2.19,0.96,46.06,0.47,0.00,0.00,0.00,0.00,0.00,2.09,0.00,0.50,0.00,0.00,0.00,0.00
84,5e,PJ1,Intn1,175,2.03,0.91,39.76,0.44,0.00,0.00,0.00,0.00,0.00,1.85,0.00,0.45,0.00,0.00,0.00,0.00
84,5e,PJ1,Intn1,185,1.86,0.86,33.95,0.40,0.00,0.00,0.00,0.00,0.00,1.63,0.00,0.41,0.00,0.00,0.00,0.00
84,5e,PJ1,Intn1,195,1.70,0.80,28.70,0.37,0.00,0.00,0.00,0.00,0.00,1.43,0.00,0.37,0.00,0.00,0.00,0.00
84,5e,PJ1,Intn1,205,1.53,0.75,24.04,0.33,0.00,0.00,0.00,0.00,0.00,1.25,0.00,0.34,0.00,0.00,0.00,0.00
84,5e,PJ1,Intn1,215,1.38,0.69,19.96,0.30,0.00,0.00,0.00,0.00,0.00,1.09,0.00,0.30,0.00,0.00,0.00,0.00
84,5e,PJ1,Intn1,225,1.23,0.63,16.43,0.27,0.00,0.00,0.00,0.00,0.00,0.94,0.00,0.26,0.00,0.00,0.00,0.00
84,5e,PJ1,Intn1,235,1.09,0.58,13.42,0.25,0.00,0.00,0.00,0.00,0.00,0.81,0.00,0.23,0.00,0.00,0.00,0.00
84,5e,PJ1,Intn1,245,0.95,0.52,10.89,0.22,0.00,0.00,0.00,0.00,0.00,0.69,0.00,0.20,0.00,0.00,0.00,0.00
84,5e,PJ1,Intn1,255,0.83,0.47,8.77,0.20,0.00,0.00,0.00,0.00,0.00,0.59,0.00,0.18,0.00,0.00,0.00,0.00
86,5e,PJ2,Exten,5,0.00,0.00,0.00,0.00,0.00,0.00,0.00,0.00,0.00,0.00,0.00,0.00,0.00,0.00,0.00,0.00
86,5e,PJ2,Exten,15,0.24,0.02,3.06,0.18,0.04,0.00,0.00,0.00,0.00,0.26,0.00,0.05,0.00,0.02,0.00,7.25458997594556e-03
86,5e,PJ2,Exten,25,0.78,0.07,8.34,0.65,0.12,0.00,0.00,0.00,0.00,0.87,0.00,0.18,0.00,0.09,0.00,0.02
86,5e,PJ2,Exten,35,1.51,0.14,14.28,1.13,0.19,0.00,0.00,0.00,0.00,1.67,0.00,0.35,0.00,0.18,0.00,0.04
86,5e,PJ2,Exten,45,2.33,0.22,19.95,1.44,0.24,0.00,0.00,0.00,0.00,2.49,0.00,0.53,0.00,0.28,0.00,0.06
86,5e,PJ2,Exten,55,3.16,0.30,24.91,1.58,0.26,0.00,0.00,0.00,0.00,3.23,0.00,0.71,0.00,0.38,0.00,0.08
86,5e,PJ2,Exten,65,3.94,0.38,28.97,1.65,0.28,0.00,0.00,0.00,0.00,3.83,0.00,0.88,0.00,0.48,0.00,0.10
86,5e,PJ2,Exten,75,4.67,0.46,32.11,1.68,0.29,0.00,0.00,0.00,0.00,4.26,0.00,1.03,0.00,0.56,0.00,0.11
86,5e,PJ2,Exten,85,5.31,0.53,34.35,1.69,0.29,0.00,0.00,0.00,0.00,4.55,0.00,1.15,0.00,0.64,0.00,0.13
86,5e,PJ2,Exten,95,5.87,0.59,35.75,1.70,0.29,0.00,0.00,0.00,0.00,4.70,0.00,1.25,0.00,0.71,0.00,0.14
86,5e,PJ2,Exten,105,6.34,0.65,36.40,1.70,0.29,0.00,0.00,0.00,0.00,4.75,0.00,1.33,0.00,0.77,0.00,0.15
86,5e,PJ2,Exten,115,6.73,0.70,36.38,1.70,0.29,0.00,0.00,0.00,0.00,4.73,0.00,1.39,0.00,0.82,0.00,0.16
86,5e,PJ2,Exten,125,7.04,0.75,35.78,1.69,0.29,0.00,0.00,0.00,0.00,4.64,0.00,1.43,0.00,0.86,0.00,0.17
86,5e,PJ2,Exten,135,7.28,0.79,34.70,1.69,0.29,0.00,0.00,0.00,0.00,4.52,0.00,1.46,0.00,0.89,0.00,0.18
86,5e,PJ2,Exten,145,7.45,0.83,33.26,1.68,0.29,0.00,0.00,0.00,0.00,4.37,0.00,1.47,0.00,0.91,0.00,0.18
86,5e,PJ2,Exten,155,7.57,0.86,31.55,1.68,0.29,0.00,0.00,0.00,0.00,4.21,0.00,1.48,0.00,0.93,0.00,0.18
86,5e,PJ2,Exten,165,7.62,0.89,29.65,1.67,0.29,0.00,0.00,0.00,0.00,4.04,0.00,1.47,0.00,0.94,0.00,0.19
86,5e,PJ2,Exten,175,7.64,0.92,27.64,1.67,0.29,0.00,0.00,0.00,0.00,3.87,0.00,1.46,0.00,0.94,0.00,0.19
86,5e,PJ2,Exten,185,7.61,0.94,25.59,1.66,0.29,0.00,0.00,0.00,0.00,3.70,0.00,1.44,0.00,0.94,0.00,0.19
86,5e,PJ2,Exten,195,7.55,0.96,23.54,1.65,0.29,0.00,0.00,0.00,0.00,3.53,0.00,1.41,0.00,0.94,0.00,0.19
86,5e,PJ2,Exten,205,7.46,0.97,21.55,1.65,0.29,0.00,0.00,0.00,0.00,3.37,0.00,1.39,0.00,0.93,0.00,0.18
86,5e,PJ2,Exten,215,7.34,0.98,19.63,1.64,0.28,0.00,0.00,0.00,0.00,3.21,0.00,1.36,0.00,0.92,0.00,0.18
86,5e,PJ2,Exten,225,7.21,0.99,17.80,1.64,0.28,0.00,0.00,0.00,0.00,3.06,0.00,1.33,0.00,0.91,0.00,0.18
86,5e,PJ2,Exten,235,7.06,1.00,16.09,1.63,0.28,0.00,0.00,0.00,0.00,2.91,0.00,1.30,0.00,0.90,0.00,0.18
86,5e,PJ2,Exten,245,6.90,1.01,14.50,1.62,0.28,0.00,0.00,0.00,0.00,2.77,0.00,1.26,0.00,0.88,0.00,0.17
86,5e,PJ2,Exten,255,6.73,1.02,13.03,1.62,0.28,0.00,0.00,0.00,0.00,2.64,0.00,1.23,0.00,0.87,0.00,0.17
87,5e,PJ2,Basc1,5,0.00,0.00,0.00,0.00,0.00,0.00,0.00,0.00,0.00,0.00,0.00,0.00,0.00,0.00,0.00,0.00
87,5e,PJ2,Basc1,15,0.26,0.06,4.02,0.14,0.06,0.06,0.00,0.00,0.00,0.43,0.00,0.04,0.00,0.07,0.00,4.85139745910774e-03
87,5e,PJ2,Basc1,25,0.85,0.20,10.94,0.49,0.16,0.20,0.00,0.00,0.00,1.45,0.00,0.16,0.00,0.25,0.00,0.01
87,5e,PJ2,Basc1,35,1.65,0.38,18.69,0.86,0.25,0.35,0.00,0.00,0.00,2.78,0.00,0.31,0.00,0.49,0.00,0.02
87,5e,PJ2,Basc1,45,2.53,0.59,26.04,1.09,0.32,0.43,0.00,0.00,0.00,4.14,0.00,0.47,0.00,0.75,0.00,0.04
87,5e,PJ2,Basc1,55,3.42,0.81,32.43,1.20,0.35,0.46,0.00,0.00,0.00,5.36,0.00,0.63,0.00,1.02,0.00,0.05
87,5e,PJ2,Basc1,65,4.27,1.01,37.65,1.24,0.37,0.47,0.00,0.00,0.00,6.33,0.00,0.78,0.00,1.27,0.00,0.06
87,5e,PJ2,Basc1,75,5.05,1.21,41.67,1.27,0.38,0.47,0.00,0.00,0.00,7.04,0.00,0.91,0.00,1.50,0.00,0.07
87,5e,PJ2,Basc1,85,5.74,1.40,44.55,1.28,0.39,0.47,0.00,0.00,0.00,7.51,0.00,1.01,0.00,1.71,0.00,0.08
87,5e,PJ2,Basc1,95,6.34,1.57,46.35,1.28,0.39,0.46,0.00,0.00,0.00,7.76,0.00,1.10,0.00,1.89,0.00,0.09
87,5e,PJ2,Basc1,105,6.84,1.72,47.18,1.28,0.39,0.45,0.00,0.00,0.00,7.84,0.00,1.17,0.00,2.04,0.00,0.10
87,5e,PJ2,Basc1,115,7.26,1.86,47.14,1.28,0.39,0.45,0.00,0.00,0.00,7.80,0.00,1.22,0.00,2.16,0.00,0.10
87,5e,PJ2,Basc1,125,7.60,1.99,46.37,1.28,0.39,0.44,0.00,0.00,0.00,7.66,0.00,1.26,0.00,2.27,0.00,0.11
87,5e,PJ2,Basc1,135,7.86,2.10,44.98,1.27,0.39,0.43,0.00,0.00,0.00,7.46,0.00,1.28,0.00,2.35,0.00,0.11
87,5e,PJ2,Basc1,145,8.05,2.20,43.12,1.27,0.39,0.42,0.00,0.00,0.00,7.22,0.00,1.29,0.00,2.41,0.00,0.12
87,5e,PJ2,Basc1,155,8.17,2.29,40.90,1.26,0.38,0.41,0.00,0.00,0.00,6.95,0.00,1.30,0.00,2.45,0.00,0.12
87,5e,PJ2,Basc1,165,8.23,2.36,38.45,1.26,0.38,0.40,0.00,0.00,0.00,6.67,0.00,1.29,0.00,2.48,0.00,0.12
87,5e,PJ2,Basc1,175,8.25,2.43,35.85,1.26,0.38,0.39,0.00,0.00,0.00,6.39,0.00,1.28,0.00,2.49,0.00,0.12
87,5e,PJ2,Basc1,185,8.22,2.49,33.19,1.25,0.38,0.38,0.00,0.00,0.00,6.10,0.00,1.26,0.00,2.49,0.00,0.12
87,5e,PJ2,Basc1,195,8.15,2.53,30.54,1.25,0.38,0.37,0.00,0.00,0.00,5.83,0.00,1.24,0.00,2.48,0.00,0.12
87,5e,PJ2,Basc1,205,8.06,2.57,27.95,1.24,0.38,0.36,0.00,0.00,0.00,5.56,0.00,1.22,0.00,2.47,0.00,0.12
87,5e,PJ2,Basc1,215,7.93,2.61,25.46,1.24,0.38,0.35,0.00,0.00,0.00,5.30,0.00,1.20,0.00,2.44,0.00,0.12
87,5e,PJ2,Basc1,225,7.79,2.64,23.10,1.23,0.38,0.34,0.00,0.00,0.00,5.05,0.00,1.17,0.00,2.41,0.00,0.12
87,5e,PJ2,Basc1,235,7.63,2.66,20.88,1.23,0.37,0.33,0.00,0.00,0.00,4.81,0.00,1.14,0.00,2.38,0.00,0.12
87,5e,PJ2,Basc1,245,7.45,2.68,18.82,1.22,0.37,0.32,0.00,0.00,0.00,4.58,0.00,1.11,0.00,2.34,0.00,0.11
87,5e,PJ2,Basc1,255,7.27,2.69,16.91,1.22,0.37,0.31,0.00,0.00,0.00,4.36,0.00,1.08,0.00,2.29,0.00,0.11
88,5e,PJ2,Intn1,5,0.00,0.00,0.00,0.00,0.00,0.00,0.00,0.00,0.00,0.00,0.00,0.00,0.00,0.00,0.00,0.00
88,5e,PJ2,Intn1,15,0.26,0.06,4.02,0.14,0.06,0.06,0.00,0.00,0.00,0.43,0.00,0.04,0.00,0.07,0.00,4.85139745910774e-03
88,5e,PJ2,Intn1,25,0.85,0.20,10.94,0.49,0.16,0.20,0.00,0.00,0.00,1.45,0.00,0.16,0.00,0.25,0.00,0.01
88,5e,PJ2,Intn1,35,1.65,0.38,18.69,0.86,0.25,0.35,0.00,0.00,0.00,2.78,0.00,0.31,0.00,0.49,0.00,0.02
88,5e,PJ2,Intn1,45,2.53,0.59,26.04,1.09,0.32,0.43,0.00,0.00,0.00,4.14,0.00,0.47,0.00,0.75,0.00,0.04
88,5e,PJ2,Intn1,55,3.42,0.81,32.43,1.20,0.35,0.46,0.00,0.00,0.00,5.36,0.00,0.63,0.00,1.02,0.00,0.05
88,5e,PJ2,Intn1,65,4.27,1.01,37.65,1.24,0.37,0.47,0.00,0.00,0.00,6.33,0.00,0.78,0.00,1.27,0.00,0.06
88,5e,PJ2,Intn1,75,5.05,1.21,41.67,1.27,0.38,0.47,0.00,0.00,0.00,7.04,0.00,0.91,0.00,1.50,0.00,0.07
88,5e,PJ2,Intn1,85,5.74,1.40,44.55,1.28,0.39,0.47,0.00,0.00,0.00,7.51,0.00,1.01,0.00,1.71,0.00,0.08
88,5e,PJ2,Intn1,95,6.34,1.57,46.35,1.28,0.39,0.46,0.00,0.00,0.00,7.76,0.00,1.10,0.00,1.89,0.00,0.09
88,5e,PJ2,Intn1,105,6.84,1.72,47.18,1.28,0.39,0.45,0.00,0.00,0.00,7.84,0.00,1.17,0.00,2.04,0.00,0.10
88,5e,PJ2,Intn1,115,7.26,1.86,47.14,1.28,0.39,0.45,0.00,0.00,0.00,7.80,0.00,1.22,0.00,2.16,0.00,0.10
88,5e,PJ2,Intn1,125,7.60,1.99,46.37,1.28,0.39,0.44,0.00,0.00,0.00,7.66,0.00,1.26,0.00,2.27,0.00,0.11
88,5e,PJ2,Intn1,135,7.86,2.10,44.98,1.27,0.39,0.43,0.00,0.00,0.00,7.46,0.00,1.28,0.00,2.35,0.00,0.11
88,5e,PJ2,Intn1,145,8.05,2.20,43.12,1.27,0.39,0.42,0.00,0.00,0.00,7.22,0.00,1.29,0.00,2.41,0.00,0.12
88,5e,PJ2,Intn1,155,8.17,2.29,40.90,1.26,0.38,0.41,0.00,0.00,0.00,6.95,0.00,1.30,0.00,2.45,0.00,0.12
88,5e,PJ2,Intn1,165,8.23,2.36,38.45,1.26,0.38,0.40,0.00,0.00,0.00,6.67,0.00,1.29,0.00,2.48,0.00,0.12
88,5e,PJ2,Intn1,175,8.25,2.43,35.85,1.26,0.38,0.39,0.00,0.00,0.00,6.39,0.00,1.28,0.00,2.49,0.00,0.12
88,5e,PJ2,Intn1,185,8.22,2.49,33.19,1.25,0.38,0.38,0.00,0.00,0.00,6.10,0.00,1.26,0.00,2.49,0.00,0.12
88,5e,PJ2,Intn1,195,8.15,2.53,30.54,1.25,0.38,0.37,0.00,0.00,0.00,5.83,0.00,1.24,0.00,2.48,0.00,0.12
88,5e,PJ2,Intn1,205,8.06,2.57,27.95,1.24,0.38,0.36,0.00,0.00,0.00,5.56,0.00,1.22,0.00,2.47,0.00,0.12
88,5e,PJ2,Intn1,215,7.93,2.61,25.46,1.24,0.38,0.35,0.00,0.00,0.00,5.30,0.00,1.20,0.00,2.44,0.00,0.12
88,5e,PJ2,Intn1,225,7.79,2.64,23.10,1.23,0.38,0.34,0.00,0.00,0.00,5.05,0.00,1.17,0.00,2.41,0.00,0.12
88,5e,PJ2,Intn1,235,7.63,2.66,20.88,1.23,0.37,0.33,0.00,0.00,0.00,4.81,0.00,1.14,0.00,2.38,0.00,0.12
88,5e,PJ2,Intn1,245,7.45,2.68,18.82,1.22,0.37,0.32,0.00,0.00,0.00,4.58,0.00,1.11,0.00,2.34,0.00,0.11
88,5e,PJ2,Intn1,255,7.27,2.69,16.91,1.22,0.37,0.31,0.00,0.00,0.00,4.36,0.00,1.08,0.00,2.29,0.00,0.11
90,5e,HE1,Exten,5,0.00,0.00,0.00,0.00,0.00,0.00,0.00,0.00,0.00,0.00,0.00,0.00,0.00,0.00,0.00,0.00
90,5e,HE1,Exten,15,0.06,0.00,0.00,0.00,0.04,0.01,0.10,0.00,1.41,0.00,0.00,3.87883017376557e-03,0.04,0.01,0.04,0.02
90,5e,HE1,Exten,25,0.32,0.00,0.00,0.00,0.16,0.10,0.24,0.00,4.23,0.00,0.00,0.01,0.22,0.08,0.16,0.10
90,5e,HE1,Exten,35,0.88,0.00,0.00,0.00,0.35,0.23,0.41,0.00,8.32,0.00,0.00,0.05,0.59,0.22,0.38,0.28
90,5e,HE1,Exten,45,1.75,0.00,0.00,0.00,0.56,0.38,0.59,0.00,13.24,0.00,0.00,0.10,1.17,0.45,0.68,0.54
90,5e,HE1,Exten,55,2.90,0.00,0.00,0.00,0.77,0.50,0.76,0.00,18.54,0.00,0.00,0.17,1.91,0.74,1.03,0.89
90,5e,HE1,Exten,65,4.22,0.00,0.00,0.00,0.95,0.60,0.91,0.00,23.85,0.00,0.00,0.24,2.76,1.08,1.42,1.27
90,5e,HE1,Exten,75,5.62,0.00,0.00,0.00,1.10,0.67,1.03,0.00,28.84,0.00,0.00,0.32,3.65,1.44,1.79,1.67
90,5e,HE1,Exten,85,6.97,0.00,0.00,0.00,1.21,0.73,1.11,0.00,33.29,0.00,0.00,0.39,4.51,1.79,2.14,2.06
90,5e,HE1,Exten,95,8.18,0.00,0.00,0.00,1.29,0.77,1.16,0.00,37.04,0.00,0.00,0.45,5.28,2.10,2.44,2.40
90,5e,HE1,Exten,105,9.19,0.00,0.00,0.00,1.35,0.78,1.18,0.00,40.00,0.00,0.00,0.50,5.93,2.36,2.68,2.69
90,5e,HE1,Exten,115,9.94,0.00,0.00,0.00,1.37,0.78,1.17,0.00,42.13,0.00,0.00,0.53,6.43,2.55,2.86,2.91
90,5e,HE1,Exten,125,10.42,0.00,0.00,0.00,1.37,0.77,1.13,0.00,43.42,0.00,0.00,0.55,6.77,2.68,2.96,3.04
90,5e,HE1,Exten,135,10.63,0.00,0.00,0.00,1.35,0.74,1.07,0.00,43.91,0.00,0.00,0.55,6.94,2.74,3.00,3.11
90,5e,HE1,Exten,145,10.58,0.00,0.00,0.00,1.31,0.70,0.99,0.00,43.65,0.00,0.00,0.54,6.96,2.73,2.98,3.10
90,5e,HE1,Exten,155,10.30,0.00,0.00,0.00,1.25,0.66,0.91,0.00,42.73,0.00,0.00,0.52,6.83,2.66,2.90,3.03
90,5e,HE1,Exten,165,9.83,0.00,0.00,0.00,1.18,0.61,0.81,0.00,41.22,0.00,0.00,0.49,6.59,2.55,2.78,2.90
90,5e,HE1,Exten,175,9.22,0.00,0.00,0.00,1.10,0.55,0.72,0.00,39.22,0.00,0.00,0.45,6.25,2.40,2.62,2.73
90,5e,HE1,Exten,185,8.50,0.00,0.00,0.00,1.01,0.50,0.63,0.00,36.85,0.00,0.00,0.41,5.84,2.22,2.43,2.53
90,5e,HE1,Exten,195,7.72,0.00,0.00,0.00,0.93,0.45,0.54,0.00,34.20,0.00,0.00,0.37,5.38,2.02,2.22,2.31
90,5e,HE1,Exten,205,6.90,0.00,0.00,0.00,0.83,0.39,0.46,0.00,31.36,0.00,0.00,0.33,4.88,1.82,2.01,2.07
90,5e,HE1,Exten,215,6.09,0.00,0.00,0.00,0.74,0.34,0.38,0.00,28.43,0.00,0.00,0.29,4.38,1.61,1.79,1.84
90,5e,HE1,Exten,225,5.30,0.00,0.00,0.00,0.66,0.29,0.32,0.00,25.49,0.00,0.00,0.25,3.88,1.41,1.58,1.61
90,5e,HE1,Exten,235,4.56,0.00,0.00,0.00,0.58,0.25,0.26,0.00,22.60,0.00,0.00,0.21,3.40,1.22,1.37,1.39
90,5e,HE1,Exten,245,3.87,0.00,0.00,0.00,0.50,0.21,0.21,0.00,19.82,0.00,0.00,0.18,2.94,1.04,1.18,1.18
90,5e,HE1,Exten,255,3.25,0.00,0.00,0.00,0.43,0.18,0.17,0.00,17.21,0.00,0.00,0.15,2.52,0.88,1.00,1.00
91,5e,HE1,Basc1,5,0.00,0.00,0.00,0.00,0.00,0.00,0.00,0.00,0.00,0.00,0.00,0.00,0.00,0.00,0.00,0.00
91,5e,HE1,Basc1,15,0.05,0.00,0.00,0.00,0.02,0.03,0.11,0.00,1.59,0.02,0.00,0.01,0.05,0.01,0.04,0.02
91,5e,HE1,Basc1,25,0.24,0.00,0.00,0.00,0.08,0.16,0.27,0.00,4.66,0.10,0.00,0.08,0.26,0.06,0.17,0.10
91,5e,HE1,Basc1,35,0.66,0.00,0.00,0.00,0.19,0.39,0.46,0.00,9.07,0.27,0.00,0.23,0.68,0.17,0.41,0.27
91,5e,HE1,Basc1,45,1.31,0.00,0.00,0.00,0.30,0.62,0.66,0.00,14.36,0.52,0.00,0.45,1.34,0.34,0.73,0.52
91,5e,HE1,Basc1,55,2.16,0.00,0.00,0.00,0.41,0.82,0.84,0.00,20.07,0.82,0.00,0.73,2.18,0.56,1.10,0.84
91,5e,HE1,Basc1,65,3.14,0.00,0.00,0.00,0.51,0.97,1.01,0.00,25.78,1.13,0.00,1.06,3.15,0.82,1.51,1.20
91,5e,HE1,Basc1,75,4.18,0.00,0.00,0.00,0.59,1.10,1.14,0.00,31.16,1.41,0.00,1.39,4.16,1.09,1.91,1.58
91,5e,HE1,Basc1,85,5.18,0.00,0.00,0.00,0.65,1.19,1.23,0.00,35.98,1.64,0.00,1.69,5.14,1.36,2.28,1.95
91,5e,HE1,Basc1,95,6.09,0.00,0.00,0.00,0.69,1.24,1.29,0.00,40.06,1.81,0.00,1.96,6.03,1.59,2.61,2.27
91,5e,HE1,Basc1,105,6.85,0.00,0.00,0.00,0.72,1.27,1.31,0.00,43.31,1.90,0.00,2.16,6.78,1.79,2.87,2.55
91,5e,HE1,Basc1,115,7.42,0.00,0.00,0.00,0.74,1.27,1.29,0.00,45.66,1.93,0.00,2.31,7.36,1.94,3.06,2.76
91,5e,HE1,Basc1,125,7.79,0.00,0.00,0.00,0.74,1.25,1.25,0.00,47.12,1.90,0.00,2.38,7.75,2.04,3.17,2.89
91,5e,HE1,Basc1,135,7.95,0.00,0.00,0.00,0.73,1.21,1.19,0.00,47.71,1.83,0.00,2.39,7.96,2.09,3.22,2.96
91,5e,HE1,Basc1,145,7.92,0.00,0.00,0.00,0.71,1.15,1.10,0.00,47.49,1.72,0.00,2.35,7.99,2.09,3.20,2.95
91,5e,HE1,Basc1,155,7.72,0.00,0.00,0.00,0.68,1.08,1.01,0.00,46.53,1.59,0.00,2.26,7.85,2.04,3.12,2.89
91,5e,HE1,Basc1,165,7.38,0.00,0.00,0.00,0.64,1.00,0.91,0.00,44.93,1.45,0.00,2.14,7.58,1.95,2.99,2.77
91,5e,HE1,Basc1,175,6.92,0.00,0.00,0.00,0.60,0.91,0.80,0.00,42.79,1.30,0.00,1.98,7.20,1.84,2.82,2.61
91,5e,HE1,Basc1,185,6.39,0.00,0.00,0.00,0.55,0.82,0.70,0.00,40.23,1.15,0.00,1.81,6.73,1.70,2.62,2.42
91,5e,HE1,Basc1,195,5.80,0.00,0.00,0.00,0.50,0.73,0.60,0.00,37.36,1.00,0.00,1.63,6.20,1.55,2.40,2.20
91,5e,HE1,Basc1,205,5.19,0.00,0.00,0.00,0.45,0.65,0.51,0.00,34.28,0.87,0.00,1.45,5.63,1.40,2.17,1.98
91,5e,HE1,Basc1,215,4.59,0.00,0.00,0.00,0.40,0.56,0.43,0.00,31.09,0.74,0.00,1.27,5.06,1.24,1.93,1.76
91,5e,HE1,Basc1,225,3.99,0.00,0.00,0.00,0.36,0.49,0.36,0.00,27.88,0.62,0.00,1.10,4.48,1.09,1.70,1.54
91,5e,HE1,Basc1,235,3.44,0.00,0.00,0.00,0.31,0.42,0.29,0.00,24.73,0.52,0.00,0.95,3.93,0.94,1.48,1.33
91,5e,HE1,Basc1,245,2.92,0.00,0.00,0.00,0.27,0.35,0.23,0.00,21.70,0.43,0.00,0.80,3.40,0.80,1.27,1.13
91,5e,HE1,Basc1,255,2.45,0.00,0.00,0.00,0.23,0.29,0.19,0.00,18.84,0.35,0.00,0.67,2.91,0.68,1.08,0.95
92,5e,HE1,Intn1,5,0.00,0.00,0.00,0.00,0.00,0.00,0.00,0.00,0.00,0.00,0.00,0.00,0.00,0.00,0.00,0.00
92,5e,HE1,Intn1,15,0.05,0.00,0.00,0.00,0.02,0.03,0.11,0.00,1.59,0.02,0.00,0.01,0.05,0.01,0.04,0.02
92,5e,HE1,Intn1,25,0.24,0.00,0.00,0.00,0.08,0.16,0.27,0.00,4.66,0.10,0.00,0.08,0.26,0.06,0.17,0.10
92,5e,HE1,Intn1,35,0.66,0.00,0.00,0.00,0.19,0.39,0.46,0.00,9.07,0.27,0.00,0.23,0.68,0.17,0.41,0.27
92,5e,HE1,Intn1,45,1.31,0.00,0.00,0.00,0.30,0.62,0.66,0.00,14.36,0.52,0.00,0.45,1.34,0.34,0.73,0.52
92,5e,HE1,Intn1,55,2.16,0.00,0.00,0.00,0.41,0.82,0.84,0.00,20.07,0.82,0.00,0.73,2.18,0.56,1.10,0.84
92,5e,HE1,Intn1,65,3.14,0.00,0.00,0.00,0.51,0.97,1.01,0.00,25.78,1.13,0.00,1.06,3.15,0.82,1.51,1.20
92,5e,HE1,Intn1,75,4.18,0.00,0.00,0.00,0.59,1.10,1.14,0.00,31.16,1.41,0.00,1.39,4.16,1.09,1.91,1.58
92,5e,HE1,Intn1,85,5.18,0.00,0.00,0.00,0.65,1.19,1.23,0.00,35.98,1.64,0.00,1.69,5.14,1.36,2.28,1.95
92,5e,HE1,Intn1,95,6.09,0.00,0.00,0.00,0.69,1.24,1.29,0.00,40.06,1.81,0.00,1.96,6.03,1.59,2.61,2.27
92,5e,HE1,Intn1,105,6.85,0.00,0.00,0.00,0.72,1.27,1.31,0.00,43.31,1.90,0.00,2.16,6.78,1.79,2.87,2.55
92,5e,HE1,Intn1,115,7.42,0.00,0.00,0.00,0.74,1.27,1.29,0.00,45.66,1.93,0.00,2.31,7.36,1.94,3.06,2.76
92,5e,HE1,Intn1,125,7.79,0.00,0.00,0.00,0.74,1.25,1.25,0.00,47.12,1.90,0.00,2.38,7.75,2.04,3.17,2.89
92,5e,HE1,Intn1,135,7.95,0.00,0.00,0.00,0.73,1.21,1.19,0.00,47.71,1.83,0.00,2.39,7.96,2.09,3.22,2.96
92,5e,HE1,Intn1,145,7.92,0.00,0.00,0.00,0.71,1.15,1.10,0.00,47.49,1.72,0.00,2.35,7.99,2.09,3.20,2.95
92,5e,HE1,Intn1,155,7.72,0.00,0.00,0.00,0.68,1.08,1.01,0.00,46.53,1.59,0.00,2.26,7.85,2.04,3.12,2.89
92,5e,HE1,Intn1,165,7.38,0.00,0.00,0.00,0.64,1.00,0.91,0.00,44.93,1.45,0.00,2.14,7.58,1.95,2.99,2.77
92,5e,HE1,Intn1,175,6.92,0.00,0.00,0.00,0.60,0.91,0.80,0.00,42.79,1.30,0.00,1.98,7.20,1.84,2.82,2.61
92,5e,HE1,Intn1,185,6.39,0.00,0.00,0.00,0.55,0.82,0.70,0.00,40.23,1.15,0.00,1.81,6.73,1.70,2.62,2.42
92,5e,HE1,Intn1,195,5.80,0.00,0.00,0.00,0.50,0.73,0.60,0.00,37.36,1.00,0.00,1.63,6.20,1.55,2.40,2.20
92,5e,HE1,Intn1,205,5.19,0.00,0.00,0.00,0.45,0.65,0.51,0.00,34.28,0.87,0.00,1.45,5.63,1.40,2.17,1.98
92,5e,HE1,Intn1,215,4.59,0.00,0.00,0.00,0.40,0.56,0.43,0.00,31.09,0.74,0.00,1.27,5.06,1.24,1.93,1.76
92,5e,HE1,Intn1,225,3.99,0.00,0.00,0.00,0.36,0.49,0.36,0.00,27.88,0.62,0.00,1.10,4.48,1.09,1.70,1.54
92,5e,HE1,Intn1,235,3.44,0.00,0.00,0.00,0.31,0.42,0.29,0.00,24.73,0.52,0.00,0.95,3.93,0.94,1.48,1.33
92,5e,HE1,Intn1,245,2.92,0.00,0.00,0.00,0.27,0.35,0.23,0.00,21.70,0.43,0.00,0.80,3.40,0.80,1.27,1.13
92,5e,HE1,Intn1,255,2.45,0.00,0.00,0.00,0.23,0.29,0.19,0.00,18.84,0.35,0.00,0.67,2.91,0.68,1.08,0.95
94,5e,SB1,Exten,5,0.00,0.00,0.00,0.00,0.00,0.00,0.00,0.00,0.00,0.00,0.00,0.00,0.00,0.00,0.00,0.00
94,5e,SB1,Exten,15,0.00,0.00,0.00,1.78,0.00,0.06,0.28,0.37,0.00,0.00,0.00,0.00,0.00,0.00,0.00,0.00
94,5e,SB1,Exten,25,0.00,0.00,0.00,9.21,0.00,0.33,0.64,0.85,0.00,0.00,0.00,0.00,0.00,0.00,0.00,0.00
94,5e,SB1,Exten,35,0.00,0.00,0.00,22.89,0.00,0.81,1.12,1.49,0.00,0.00,0.00,0.00,0.00,0.00,0.00,0.00
94,5e,SB1,Exten,45,0.00,0.00,0.00,40.43,0.00,1.40,1.73,2.30,0.00,0.00,0.00,0.00,0.00,0.00,0.00,0.00
94,5e,SB1,Exten,55,0.00,0.00,0.00,58.71,0.00,2.00,2.40,3.20,0.00,0.00,0.00,0.00,0.00,0.00,0.00,0.00
94,5e,SB1,Exten,65,0.00,0.00,0.00,75.42,0.00,2.53,3.03,4.05,0.00,0.00,0.00,0.00,0.00,0.00,0.00,0.00
94,5e,SB1,Exten,75,0.00,0.00,0.00,89.45,0.00,2.95,3.55,4.74,0.00,0.00,0.00,0.00,0.00,0.00,0.00,0.00
94,5e,SB1,Exten,85,0.00,0.00,0.00,100.47,0.00,3.26,3.92,5.23,0.00,0.00,0.00,0.00,0.00,0.00,0.00,0.00
94,5e,SB1,Exten,95,0.00,0.00,0.00,108.62,0.00,3.47,4.16,5.54,0.00,0.00,0.00,0.00,0.00,0.00,0.00,0.00
94,5e,SB1,Exten,105,0.00,0.00,0.00,114.13,0.00,3.58,4.26,5.68,0.00,0.00,0.00,0.00,0.00,0.00,0.00,0.00
94,5e,SB1,Exten,115,0.00,0.00,0.00,117.28,0.00,3.61,4.25,5.67,0.00,0.00,0.00,0.00,0.00,0.00,0.00,0.00
94,5e,SB1,Exten,125,0.00,0.00,0.00,118.30,0.00,3.58,4.14,5.53,0.00,0.00,0.00,0.00,0.00,0.00,0.00,0.00
94,5e,SB1,Exten,135,0.00,0.00,0.00,117.43,0.00,3.48,3.96,5.28,0.00,0.00,0.00,0.00,0.00,0.00,0.00,0.00
94,5e,SB1,Exten,145,0.00,0.00,0.00,114.89,0.00,3.34,3.72,4.96,0.00,0.00,0.00,0.00,0.00,0.00,0.00,0.00
94,5e,SB1,Exten,155,0.00,0.00,0.00,110.93,0.00,3.16,3.43,4.57,0.00,0.00,0.00,0.00,0.00,0.00,0.00,0.00
94,5e,SB1,Exten,165,0.00,0.00,0.00,105.80,0.00,2.95,3.12,4.16,0.00,0.00,0.00,0.00,0.00,0.00,0.00,0.00
94,5e,SB1,Exten,175,0.00,0.00,0.00,99.73,0.00,2.72,2.79,3.72,0.00,0.00,0.00,0.00,0.00,0.00,0.00,0.00
94,5e,SB1,Exten,185,0.00,0.00,0.00,92.98,0.00,2.48,2.46,3.28,0.00,0.00,0.00,0.00,0.00,0.00,0.00,0.00
94,5e,SB1,Exten,195,0.00,0.00,0.00,85.78,0.00,2.24,2.14,2.86,0.00,0.00,0.00,0.00,0.00,0.00,0.00,0.00
94,5e,SB1,Exten,205,0.00,0.00,0.00,78.33,0.00,2.00,1.84,2.46,0.00,0.00,0.00,0.00,0.00,0.00,0.00,0.00
94,5e,SB1,Exten,215,0.00,0.00,0.00,70.82,0.00,1.77,1.57,2.09,0.00,0.00,0.00,0.00,0.00,0.00,0.00,0.00
94,5e,SB1,Exten,225,0.00,0.00,0.00,63.42,0.00,1.55,1.31,1.75,0.00,0.00,0.00,0.00,0.00,0.00,0.00,0.00
94,5e,SB1,Exten,235,0.00,0.00,0.00,56.26,0.00,1.34,1.09,1.46,0.00,0.00,0.00,0.00,0.00,0.00,0.00,0.00
94,5e,SB1,Exten,245,0.00,0.00,0.00,49.45,0.00,1.15,0.90,1.20,0.00,0.00,0.00,0.00,0.00,0.00,0.00,0.00
94,5e,SB1,Exten,255,0.00,0.00,0.00,43.07,0.00,0.98,0.73,0.97,0.00,0.00,0.00,0.00,0.00,0.00,0.00,0.00
96,5e,LC1,Exten,5,0.00,0.00,0.00,0.00,0.00,0.00,0.00,0.00,0.00,0.00,0.00,0.00,0.00,0.00,0.00,0.00
96,5e,LC1,Exten,15,0.00,0.00,0.00,0.29,0.00,0.03,0.45,0.85,0.00,4.64976231556691e-03,0.00,0.00,0.00,0.00,0.00,1.9459464904679e-03
96,5e,LC1,Exten,25,0.00,0.00,0.00,2.57,0.00,0.27,1.76,3.30,0.00,0.03,0.00,0.00,0.00,0.00,0.00,0.01
96,5e,LC1,Exten,35,0.00,0.00,0.00,7.99,0.00,0.81,3.85,7.19,0.00,0.13,0.00,0.00,0.00,0.00,0.00,0.04
96,5e,LC1,Exten,45,0.00,0.00,0.00,15.33,0.00,1.52,6.45,12.04,0.00,0.29,0.00,0.00,0.00,0.00,0.00,0.11
96,5e,LC1,Exten,55,0.00,0.00,0.00,22.77,0.00,2.22,9.16,17.10,0.00,0.52,0.00,0.00,0.00,0.00,0.00,0.19
96,5e,LC1,Exten,65,0.00,0.00,0.00,29.33,0.00,2.81,11.60,21.66,0.00,0.76,0.00,0.00,0.00,0.00,0.00,0.30
96,5e,LC1,Exten,75,0.00,0.00,0.00,34.80,0.00,3.29,13.58,25.35,0.00,0.99,0.00,0.00,0.00,0.00,0.00,0.41
96,5e,LC1,Exten,85,0.00,0.00,0.00,39.21,0.00,3.64,15.05,28.11,0.00,1.18,0.00,0.00,0.00,0.00,0.00,0.52
96,5e,LC1,Exten,95,0.00,0.00,0.00,42.65,0.00,3.90,16.04,29.94,0.00,1.32,0.00,0.00,0.00,0.00,0.00,0.62
96,5e,LC1,Exten,105,0.00,0.00,0.00,45.14,0.00,4.05,16.56,30.91,0.00,1.42,0.00,0.00,0.00,0.00,0.00,0.70
96,5e,LC1,Exten,115,0.00,0.00,0.00,46.71,0.00,4.12,16.63,31.05,0.00,1.46,0.00,0.00,0.00,0.00,0.00,0.77
96,5e,LC1,Exten,125,0.00,0.00,0.00,47.37,0.00,4.10,16.31,30.45,0.00,1.46,0.00,0.00,0.00,0.00,0.00,0.82
96,5e,LC1,Exten,135,0.00,0.00,0.00,47.18,0.00,4.00,15.64,29.20,0.00,1.42,0.00,0.00,0.00,0.00,0.00,0.85
96,5e,LC1,Exten,145,0.00,0.00,0.00,46.20,0.00,3.84,14.69,27.42,0.00,1.34,0.00,0.00,0.00,0.00,0.00,0.86
96,5e,LC1,Exten,155,0.00,0.00,0.00,44.53,0.00,3.63,13.53,25.27,0.00,1.25,0.00,0.00,0.00,0.00,0.00,0.84
96,5e,LC1,Exten,165,0.00,0.00,0.00,42.30,0.00,3.38,12.24,22.86,0.00,1.14,0.00,0.00,0.00,0.00,0.00,0.81
96,5e,LC1,Exten,175,0.00,0.00,0.00,39.60,0.00,3.09,10.89,20.33,0.00,1.03,0.00,0.00,0.00,0.00,0.00,0.77
96,5e,LC1,Exten,185,0.00,0.00,0.00,36.58,0.00,2.80,9.52,17.78,0.00,0.91,0.00,0.00,0.00,0.00,0.00,0.71
96,5e,LC1,Exten,195,0.00,0.00,0.00,33.35,0.00,2.49,8.20,15.30,0.00,0.80,0.00,0.00,0.00,0.00,0.00,0.65
96,5e,LC1,Exten,205,0.00,0.00,0.00,30.01,0.00,2.19,6.95,12.98,0.00,0.68,0.00,0.00,0.00,0.00,0.00,0.58
96,5e,LC1,Exten,215,0.00,0.00,0.00,26.68,0.00,1.91,5.81,10.84,0.00,0.58,0.00,0.00,0.00,0.00,0.00,0.51
96,5e,LC1,Exten,225,0.00,0.00,0.00,23.43,0.00,1.64,4.78,8.93,0.00,0.49,0.00,0.00,0.00,0.00,0.00,0.44
96,5e,LC1,Exten,235,0.00,0.00,0.00,20.34,0.00,1.39,3.89,7.26,0.00,0.40,0.00,0.00,0.00,0.00,0.00,0.38
96,5e,LC1,Exten,245,0.00,0.00,0.00,17.45,0.00,1.16,3.11,5.82,0.00,0.33,0.00,0.00,0.00,0.00,0.00,0.32
96,5e,LC1,Exten,255,0.00,0.00,0.00,14.79,0.00,0.96,2.46,4.60,0.00,0.27,0.00,0.00,0.00,0.00,0.00,0.27
97,5e,SP1,Exten,5,0.00,0.00,0.00,0.00,0.00,0.00,0.00,0.00,0.00,0.00,0.00,0.00,0.00,0.00,0.00,0.00
97,5e,SP1,Exten,15,0.31,0.00,1.28,0.44,0.43,0.09,0.00,0.00,0.00,0.12,0.00,0.08,0.00,0.00,0.00,0.00
97,5e,SP1,Exten,25,2.02,0.00,6.91,3.10,2.21,0.62,0.00,0.00,0.00,0.83,0.00,0.53,0.00,0.00,0.00,0.00
97,5e,SP1,Exten,35,6.12,0.00,18.54,8.42,5.36,1.65,0.00,0.00,0.00,2.50,0.00,1.62,0.00,0.00,0.00,0.00
97,5e,SP1,Exten,45,12.71,0.00,34.95,14.43,9.00,2.75,0.00,0.00,0.00,5.04,0.00,3.35,0.00,0.00,0.00,0.00
97,5e,SP1,Exten,55,20.82,0.00,52.78,19.23,12.16,3.60,0.00,0.00,0.00,7.91,0.00,5.44,0.00,0.00,0.00,0.00
97,5e,SP1,Exten,65,29.03,0.00,68.49,22.33,14.35,4.11,0.00,0.00,0.00,10.46,0.00,7.49,0.00,0.00,0.00,0.00
97,5e,SP1,Exten,75,36.20,0.00,80.02,23.97,15.54,4.34,0.00,0.00,0.00,12.27,0.00,9.20,0.00,0.00,0.00,0.00
97,5e,SP1,Exten,85,41.77,0.00,86.82,24.52,15.96,4.37,0.00,0.00,0.00,13.28,0.00,10.45,0.00,0.00,0.00,0.00
97,5e,SP1,Exten,95,45.55,0.00,89.20,24.28,15.83,4.26,0.00,0.00,0.00,13.55,0.00,11.21,0.00,0.00,0.00,0.00
97,5e,SP1,Exten,105,47.58,0.00,87.78,23.49,15.32,4.04,0.00,0.00,0.00,13.25,0.00,11.52,0.00,0.00,0.00,0.00
97,5e,SP1,Exten,115,47.97,0.00,83.32,22.28,14.54,3.77,0.00,0.00,0.00,12.51,0.00,11.42,0.00,0.00,0.00,0.00
97,5e,SP1,Exten,125,46.90,0.00,76.59,20.78,13.56,3.45,0.00,0.00,0.00,11.48,0.00,10.99,0.00,0.00,0.00,0.00
97,5e,SP1,Exten,135,44.62,0.00,68.37,19.07,12.45,3.10,0.00,0.00,0.00,10.29,0.00,10.30,0.00,0.00,0.00,0.00
97,5e,SP1,Exten,145,41.40,0.00,59.39,17.23,11.25,2.75,0.00,0.00,0.00,9.02,0.00,9.42,0.00,0.00,0.00,0.00
97,5e,SP1,Exten,155,37.52,0.00,50.30,15.33,10.01,2.39,0.00,0.00,0.00,7.75,0.00,8.42,0.00,0.00,0.00,0.00
97,5e,SP1,Exten,165,33.26,0.00,41.58,13.44,8.78,2.05,0.00,0.00,0.00,6.54,0.00,7.38,0.00,0.00,0.00,0.00
97,5e,SP1,Exten,175,28.86,0.00,33.59,11.60,7.58,1.74,0.00,0.00,0.00,5.43,0.00,6.33,0.00,0.00,0.00,0.00
97,5e,SP1,Exten,185,24.55,0.00,26.54,9.87,6.45,1.44,0.00,0.00,0.00,4.43,0.00,5.34,0.00,0.00,0.00,0.00
97,5e,SP1,Exten,195,20.48,0.00,20.54,8.27,5.40,1.18,0.00,0.00,0.00,3.55,0.00,4.41,0.00,0.00,0.00,0.00
97,5e,SP1,Exten,205,16.76,0.00,15.57,6.82,4.46,0.95,0.00,0.00,0.00,2.81,0.00,3.59,0.00,0.00,0.00,0.00
97,5e,SP1,Exten,215,13.47,0.00,11.57,5.55,3.63,0.76,0.00,0.00,0.00,2.18,0.00,2.87,0.00,0.00,0.00,0.00
97,5e,SP1,Exten,225,10.63,0.00,8.44,4.44,2.91,0.59,0.00,0.00,0.00,1.67,0.00,2.25,0.00,0.00,0.00,0.00
97,5e,SP1,Exten,235,8.24,0.00,6.04,3.50,2.29,0.46,0.00,0.00,0.00,1.26,0.00,1.74,0.00,0.00,0.00,0.00
97,5e,SP1,Exten,245,6.28,0.00,4.24,2.72,1.78,0.34,0.00,0.00,0.00,0.93,0.00,1.32,0.00,0.00,0.00,0.00
97,5e,SP1,Exten,255,4.71,0.00,2.93,2.08,1.36,0.26,0.00,0.00,0.00,0.68,0.00,0.99,0.00,0.00,0.00,0.00
98,5e,SP1,Intn1,5,0.00,0.00,0.00,0.00,0.00,0.00,0.00,0.00,0.00,0.00,0.00,0.00,0.00,0.00,0.00,0.00
98,5e,SP1,Intn1,15,0.04,0.00,0.27,0.33,0.05,0.05,0.03,0.03,0.00,0.06,0.00,8.12395554946818e-03,0.00,2.2988987659726e-03,0.01,2.52920227016798e-03
98,5e,SP1,Intn1,25,0.29,0.00,1.47,2.31,0.29,0.37,0.12,0.12,0.00,0.43,0.00,0.05,0.00,0.01,0.05,0.01
98,5e,SP1,Intn1,35,0.96,0.00,4.25,6.73,0.76,1.05,0.24,0.24,0.00,1.41,0.00,0.17,0.00,0.04,0.16,0.04
98,5e,SP1,Intn1,45,2.19,0.00,8.83,12.69,1.42,1.94,0.40,0.40,0.00,3.13,0.00,0.38,0.00,0.10,0.32,0.10
98,5e,SP1,Intn1,55,3.95,0.00,14.68,18.63,2.11,2.79,0.57,0.57,0.00,5.41,0.00,0.69,0.00,0.19,0.54,0.18
98,5e,SP1,Intn1,65,6.01,0.00,20.77,23.59,2.71,3.47,0.71,0.71,0.00,7.79,0.00,1.03,0.00,0.29,0.77,0.28
98,5e,SP1,Intn1,75,8.09,0.00,26.17,27.31,3.17,3.96,0.81,0.81,0.00,9.86,0.00,1.37,0.00,0.40,0.99,0.37
98,5e,SP1,Intn1,85,9.96,0.00,30.31,29.82,3.48,4.25,0.87,0.87,0.00,11.39,0.00,1.66,0.00,0.49,1.18,0.45
98,5e,SP1,Intn1,95,11.51,0.00,32.98,31.28,3.65,4.38,0.90,0.90,0.00,12.31,0.00,1.89,0.00,0.57,1.32,0.52
98,5e,SP1,Intn1,105,12.64,0.00,34.13,31.81,3.72,4.38,0.89,0.89,0.00,12.65,0.00,2.04,0.00,0.62,1.42,0.57
98,5e,SP1,Intn1,115,13.32,0.00,33.86,31.54,3.69,4.26,0.86,0.86,0.00,12.49,0.00,2.11,0.00,0.66,1.47,0.60
98,5e,SP1,Intn1,125,13.54,0.00,32.35,30.58,3.58,4.06,0.80,0.80,0.00,11.92,0.00,2.11,0.00,0.67,1.48,0.61
98,5e,SP1,Intn1,135,13.33,0.00,29.88,29.03,3.40,3.78,0.73,0.73,0.00,11.05,0.00,2.05,0.00,0.66,1.45,0.60
98,5e,SP1,Intn1,145,12.74,0.00,26.75,27.03,3.16,3.45,0.65,0.65,0.00,9.98,0.00,1.93,0.00,0.63,1.38,0.57
98,5e,SP1,Intn1,155,11.85,0.00,23.25,24.69,2.89,3.08,0.57,0.57,0.00,8.81,0.00,1.77,0.00,0.59,1.28,0.54
98,5e,SP1,Intn1,165,10.75,0.00,19.67,22.14,2.59,2.71,0.49,0.49,0.00,7.61,0.00,1.59,0.00,0.54,1.17,0.49
98,5e,SP1,Intn1,175,9.52,0.00,16.21,19.50,2.28,2.34,0.41,0.41,0.00,6.44,0.00,1.39,0.00,0.48,1.04,0.43
98,5e,SP1,Intn1,185,8.24,0.00,13.03,16.88,1.97,1.98,0.33,0.33,0.00,5.34,0.00,1.19,0.00,0.41,0.91,0.38
98,5e,SP1,Intn1,195,6.97,0.00,10.24,14.36,1.68,1.64,0.27,0.27,0.00,4.36,0.00,1.00,0.00,0.35,0.77,0.32
98,5e,SP1,Intn1,205,5.78,0.00,7.86,12.01,1.40,1.34,0.21,0.21,0.00,3.49,0.00,0.82,0.00,0.29,0.65,0.26
98,5e,SP1,Intn1,215,4.70,0.00,5.91,9.88,1.15,1.08,0.16,0.16,0.00,2.74,0.00,0.66,0.00,0.24,0.53,0.21
98,5e,SP1,Intn1,225,3.75,0.00,4.35,7.99,0.93,0.85,0.12,0.12,0.00,2.12,0.00,0.53,0.00,0.19,0.43,0.17
98,5e,SP1,Intn1,235,2.93,0.00,3.14,6.36,0.74,0.66,0.09,0.09,0.00,1.61,0.00,0.41,0.00,0.15,0.34,0.13
98,5e,SP1,Intn1,245,2.25,0.00,2.22,4.98,0.58,0.51,0.06,0.06,0.00,1.21,0.00,0.31,0.00,0.11,0.26,0.10
98,5e,SP1,Intn1,255,1.69,0.00,1.54,3.83,0.45,0.38,0.04,0.04,0.00,0.89,0.00,0.23,0.00,0.08,0.20,0.08
99,5e,SF1,Exten,5,0.00,0.00,0.00,0.00,0.00,0.00,0.00,0.00,0.00,0.00,0.00,0.00,0.00,0.00,0.00,0.00
99,5e,SF1,Exten,15,0.01,1.98100681830071e-03,0.00,0.01,0.08,0.07,0.10,0.01,0.03,0.01,0.00,2.58713994213057e-03,1.53311692621548e-03,0.00,3.63356590529159e-03,2.6571958597539e-03
99,5e,SF1,Exten,25,0.18,0.03,0.00,0.17,1.03,1.21,0.82,0.09,0.31,0.19,0.00,0.04,0.02,0.00,0.04,0.03
99,5e,SF1,Exten,35,0.86,0.14,0.00,0.75,3.96,5.12,2.48,0.27,1.09,0.90,0.00,0.19,0.10,0.00,0.18,0.18
99,5e,SF1,Exten,45,2.28,0.38,0.00,1.64,8.42,10.83,4.69,0.52,2.29,2.31,0.00,0.51,0.28,0.00,0.43,0.46
99,5e,SF1,Exten,55,4.17,0.71,0.00,2.44,12.69,15.77,6.67,0.74,3.54,4.05,0.00,0.92,0.51,0.00,0.73,0.83
99,5e,SF1,Exten,65,6.11,1.05,0.00,2.98,15.74,18.94,8.02,0.89,4.59,5.63,0.00,1.34,0.74,0.00,1.01,1.20
99,5e,SF1,Exten,75,7.90,1.37,0.00,3.31,17.67,20.75,8.80,0.97,5.40,6.85,0.00,1.71,0.96,0.00,1.25,1.53
99,5e,SF1,Exten,85,9.50,1.67,0.00,3.53,18.90,21.74,9.22,1.02,6.03,7.71,0.00,2.02,1.14,0.00,1.44,1.83
99,5e,SF1,Exten,95,10.87,1.94,0.00,3.67,19.68,22.22,9.39,1.04,6.55,8.26,0.00,2.28,1.31,0.00,1.60,2.08
99,5e,SF1,Exten,105,12.00,2.18,0.00,3.75,20.12,22.31,9.36,1.04,6.95,8.53,0.00,2.47,1.44,0.00,1.73,2.29
99,5e,SF1,Exten,115,12.84,2.38,0.00,3.78,20.27,22.06,9.15,1.01,7.24,8.55,0.00,2.60,1.55,0.00,1.82,2.44
99,5e,SF1,Exten,125,13.38,2.53,0.00,3.75,20.16,21.51,8.79,0.97,7.42,8.37,0.00,2.67,1.62,0.00,1.88,2.55
99,5e,SF1,Exten,135,13.62,2.63,0.00,3.69,19.79,20.71,8.31,0.92,7.49,8.02,0.00,2.67,1.66,0.00,1.90,2.59
99,5e,SF1,Exten,145,13.57,2.68,0.00,3.58,19.21,19.70,7.74,0.86,7.45,7.55,0.00,2.63,1.67,0.00,1.89,2.59
99,5e,SF1,Exten,155,13.26,2.68,0.00,3.43,18.43,18.52,7.09,0.78,7.32,7.00,0.00,2.53,1.64,0.00,1.85,2.54
99,5e,SF1,Exten,165,12.73,2.64,0.00,3.26,17.50,17.21,6.41,0.71,7.10,6.40,0.00,2.40,1.59,0.00,1.78,2.44
99,5e,SF1,Exten,175,12.01,2.55,0.00,3.06,16.43,15.82,5.72,0.63,6.80,5.77,0.00,2.24,1.52,0.00,1.69,2.32
99,5e,SF1,Exten,185,11.16,2.44,0.00,2.84,15.28,14.39,5.03,0.55,6.44,5.14,0.00,2.06,1.43,0.00,1.58,2.16
99,5e,SF1,Exten,195,10.22,2.29,0.00,2.61,14.06,12.95,4.37,0.48,6.03,4.53,0.00,1.88,1.33,0.00,1.46,1.99
99,5e,SF1,Exten,205,9.23,2.13,0.00,2.38,12.81,11.54,3.75,0.41,5.58,3.95,0.00,1.68,1.22,0.00,1.33,1.80
99,5e,SF1,Exten,215,8.23,1.95,0.00,2.15,11.56,10.18,3.18,0.35,5.11,3.41,0.00,1.49,1.10,0.00,1.20,1.62
99,5e,SF1,Exten,225,7.24,1.77,0.00,1.92,10.33,8.88,2.66,0.29,4.63,2.91,0.00,1.31,0.99,0.00,1.06,1.43
99,5e,SF1,Exten,235,6.30,1.58,0.00,1.70,9.14,7.68,2.21,0.24,4.15,2.46,0.00,1.13,0.87,0.00,0.94,1.25
99,5e,SF1,Exten,245,5.41,1.40,0.00,1.49,8.01,6.58,1.81,0.20,3.68,2.06,0.00,0.97,0.77,0.00,0.81,1.08
99,5e,SF1,Exten,255,4.60,1.23,0.00,1.29,6.96,5.58,1.46,0.16,3.24,1.71,0.00,0.82,0.66,0.00,0.70,0.92
100,5e,SF1,Basc1,5,0.00,0.00,0.00,0.00,0.00,0.00,0.00,0.00,0.00,0.00,0.00,0.00,0.00,0.00,0.00,0.00
100,5e,SF1,Basc1,15,9.15510855421701e-03,0.00,0.00,0.01,0.06,0.06,0.18,0.01,0.01,0.01,0.00,2.44437603836574e-03,1.44851626208048e-03,0.00,5.14958697522357e-03,1.67371074728906e-03
100,5e,SF1,Basc1,25,0.15,0.00,0.00,0.35,0.80,1.18,1.46,0.09,0.12,0.19,0.00,0.04,0.02,0.00,0.06,0.02
100,5e,SF1,Basc1,35,0.74,0.00,0.00,1.55,3.15,5.09,4.52,0.28,0.44,0.93,0.00,0.20,0.11,0.00,0.28,0.12
100,5e,SF1,Basc1,45,1.96,0.00,0.00,3.39,6.76,10.86,8.63,0.53,0.94,2.39,0.00,0.53,0.29,0.00,0.68,0.32
100,5e,SF1,Basc1,55,3.61,0.00,0.00,5.07,10.25,15.90,12.33,0.77,1.47,4.20,0.00,0.96,0.53,0.00,1.15,0.57
100,5e,SF1,Basc1,65,5.32,0.00,0.00,6.23,12.78,19.19,14.89,0.93,1.91,5.87,0.00,1.40,0.78,0.00,1.59,0.83
100,5e,SF1,Basc1,75,6.91,0.00,0.00,6.97,14.43,21.14,16.44,1.02,2.26,7.19,0.00,1.79,1.00,0.00,1.97,1.07
100,5e,SF1,Basc1,85,8.36,0.00,0.00,7.46,15.52,22.28,17.32,1.08,2.55,8.14,0.00,2.13,1.21,0.00,2.29,1.28
100,5e,SF1,Basc1,95,9.62,0.00,0.00,7.80,16.25,22.90,17.74,1.10,2.78,8.77,0.00,2.42,1.39,0.00,2.56,1.47
100,5e,SF1,Basc1,105,10.67,0.00,0.00,8.01,16.70,23.10,17.76,1.11,2.96,9.10,0.00,2.64,1.54,0.00,2.77,1.63
100,5e,SF1,Basc1,115,11.47,0.00,0.00,8.10,16.90,22.95,17.44,1.09,3.10,9.17,0.00,2.79,1.66,0.00,2.94,1.74
100,5e,SF1,Basc1,125,12.00,0.00,0.00,8.08,16.87,22.46,16.82,1.05,3.19,9.01,0.00,2.87,1.75,0.00,3.04,1.83
100,5e,SF1,Basc1,135,12.25,0.00,0.00,7.96,16.62,21.70,15.96,0.99,3.23,8.66,0.00,2.89,1.79,0.00,3.08,1.87
100,5e,SF1,Basc1,145,12.24,0.00,0.00,7.75,16.18,20.70,14.90,0.93,3.23,8.18,0.00,2.84,1.80,0.00,3.07,1.87
100,5e,SF1,Basc1,155,12.00,0.00,0.00,7.45,15.56,19.51,13.70,0.85,3.18,7.60,0.00,2.75,1.78,0.00,3.01,1.84
100,5e,SF1,Basc1,165,11.54,0.00,0.00,7.09,14.81,18.18,12.41,0.77,3.09,6.96,0.00,2.61,1.73,0.00,2.91,1.77
100,5e,SF1,Basc1,175,10.92,0.00,0.00,6.67,13.94,16.75,11.09,0.69,2.96,6.29,0.00,2.45,1.66,0.00,2.76,1.68
100,5e,SF1,Basc1,185,10.16,0.00,0.00,6.21,12.98,15.26,9.78,0.61,2.81,5.62,0.00,2.26,1.56,0.00,2.59,1.57
100,5e,SF1,Basc1,195,9.32,0.00,0.00,5.73,11.97,13.76,8.51,0.53,2.64,4.96,0.00,2.05,1.45,0.00,2.40,1.45
100,5e,SF1,Basc1,205,8.43,0.00,0.00,5.22,10.92,12.27,7.31,0.45,2.44,4.33,0.00,1.84,1.33,0.00,2.19,1.32
100,5e,SF1,Basc1,215,7.53,0.00,0.00,4.72,9.86,10.84,6.21,0.38,2.24,3.74,0.00,1.64,1.21,0.00,1.97,1.18
100,5e,SF1,Basc1,225,6.63,0.00,0.00,4.22,8.82,9.47,5.21,0.32,2.03,3.20,0.00,1.44,1.09,0.00,1.76,1.04
100,5e,SF1,Basc1,235,5.77,0.00,0.00,3.74,7.82,8.20,4.32,0.27,1.82,2.71,0.00,1.25,0.96,0.00,1.55,0.91
100,5e,SF1,Basc1,245,4.97,0.00,0.00,3.28,6.86,7.03,3.54,0.22,1.62,2.27,0.00,1.07,0.84,0.00,1.35,0.79
100,5e,SF1,Basc1,255,4.22,0.00,0.00,2.85,5.96,5.96,2.87,0.17,1.42,1.88,0.00,0.91,0.73,0.00,1.16,0.67
101,5e,SF1,Intn1,5,0.00,0.00,0.00,0.00,0.00,0.00,0.00,0.00,0.00,0.00,0.00,0.00,0.00,0.00,0.00,0.00
101,5e,SF1,Intn1,15,9.15510855421701e-03,0.00,0.00,0.01,0.06,0.06,0.18,0.01,0.01,0.01,0.00,2.44437603836574e-03,1.44851626208048e-03,0.00,5.14958697522357e-03,1.67371074728906e-03
101,5e,SF1,Intn1,25,0.15,0.00,0.00,0.35,0.80,1.18,1.46,0.09,0.12,0.19,0.00,0.04,0.02,0.00,0.06,0.02
101,5e,SF1,Intn1,35,0.74,0.00,0.00,1.55,3.15,5.09,4.52,0.28,0.44,0.93,0.00,0.20,0.11,0.00,0.28,0.12
101,5e,SF1,Intn1,45,1.96,0.00,0.00,3.39,6.76,10.86,8.63,0.53,0.94,2.39,0.00,0.53,0.29,0.00,0.68,0.32
101,5e,SF1,Intn1,55,3.61,0.00,0.00,5.07,10.25,15.90,12.33,0.77,1.47,4.20,0.00,0.96,0.53,0.00,1.15,0.57
101,5e,SF1,Intn1,65,5.32,0.00,0.00,6.23,12.78,19.19,14.89,0.93,1.91,5.87,0.00,1.40,0.78,0.00,1.59,0.83
101,5e,SF1,Intn1,75,6.91,0.00,0.00,6.97,14.43,21.14,16.44,1.02,2.26,7.19,0.00,1.79,1.00,0.00,1.97,1.07
101,5e,SF1,Intn1,85,8.36,0.00,0.00,7.46,15.52,22.28,17.32,1.08,2.55,8.14,0.00,2.13,1.21,0.00,2.29,1.28
101,5e,SF1,Intn1,95,9.62,0.00,0.00,7.80,16.25,22.90,17.74,1.10,2.78,8.77,0.00,2.42,1.39,0.00,2.56,1.47
101,5e,SF1,Intn1,105,10.67,0.00,0.00,8.01,16.70,23.10,17.76,1.11,2.96,9.10,0.00,2.64,1.54,0.00,2.77,1.63
101,5e,SF1,Intn1,115,11.47,0.00,0.00,8.10,16.90,22.95,17.44,1.09,3.10,9.17,0.00,2.79,1.66,0.00,2.94,1.74
101,5e,SF1,Intn1,125,12.00,0.00,0.00,8.08,16.87,22.46,16.82,1.05,3.19,9.01,0.00,2.87,1.75,0.00,3.04,1.83
101,5e,SF1,Intn1,135,12.25,0.00,0.00,7.96,16.62,21.70,15.96,0.99,3.23,8.66,0.00,2.89,1.79,0.00,3.08,1.87
101,5e,SF1,Intn1,145,12.24,0.00,0.00,7.75,16.18,20.70,14.90,0.93,3.23,8.18,0.00,2.84,1.80,0.00,3.07,1.87
101,5e,SF1,Intn1,155,12.00,0.00,0.00,7.45,15.56,19.51,13.70,0.85,3.18,7.60,0.00,2.75,1.78,0.00,3.01,1.84
101,5e,SF1,Intn1,165,11.54,0.00,0.00,7.09,14.81,18.18,12.41,0.77,3.09,6.96,0.00,2.61,1.73,0.00,2.91,1.77
101,5e,SF1,Intn1,175,10.92,0.00,0.00,6.67,13.94,16.75,11.09,0.69,2.96,6.29,0.00,2.45,1.66,0.00,2.76,1.68
101,5e,SF1,Intn1,185,10.16,0.00,0.00,6.21,12.98,15.26,9.78,0.61,2.81,5.62,0.00,2.26,1.56,0.00,2.59,1.57
101,5e,SF1,Intn1,195,9.32,0.00,0.00,5.73,11.97,13.76,8.51,0.53,2.64,4.96,0.00,2.05,1.45,0.00,2.40,1.45
101,5e,SF1,Intn1,205,8.43,0.00,0.00,5.22,10.92,12.27,7.31,0.45,2.44,4.33,0.00,1.84,1.33,0.00,2.19,1.32
101,5e,SF1,Intn1,215,7.53,0.00,0.00,4.72,9.86,10.84,6.21,0.38,2.24,3.74,0.00,1.64,1.21,0.00,1.97,1.18
101,5e,SF1,Intn1,225,6.63,0.00,0.00,4.22,8.82,9.47,5.21,0.32,2.03,3.20,0.00,1.44,1.09,0.00,1.76,1.04
101,5e,SF1,Intn1,235,5.77,0.00,0.00,3.74,7.82,8.20,4.32,0.27,1.82,2.71,0.00,1.25,0.96,0.00,1.55,0.91
101,5e,SF1,Intn1,245,4.97,0.00,0.00,3.28,6.86,7.03,3.54,0.22,1.62,2.27,0.00,1.07,0.84,0.00,1.35,0.79
101,5e,SF1,Intn1,255,4.22,0.00,0.00,2.85,5.96,5.96,2.87,0.17,1.42,1.88,0.00,0.91,0.73,0.00,1.16,0.67
103,5e,LWMW,Exten,5,0.00,0.00,0.00,0.00,0.00,0.00,0.00,0.00,0.00,0.00,0.00,0.00,0.00,0.00,0.00,0.00
103,5e,LWMW,Exten,15,0.01,0.00,0.00,0.02,0.07,0.10,1.10,0.13,0.03,0.10,0.00,4.83460207440627e-03,4.37300915883905e-03,0.00,0.01,0.09
103,5e,LWMW,Exten,25,0.06,0.00,0.00,0.17,0.34,0.64,3.02,0.35,0.12,0.59,0.00,0.02,0.02,0.00,0.04,0.50
103,5e,LWMW,Exten,35,0.17,0.00,0.00,0.43,0.77,1.58,5.33,0.62,0.25,1.64,0.00,0.07,0.06,0.00,0.11,1.35
103,5e,LWMW,Exten,45,0.35,0.00,0.00,0.72,1.25,2.56,7.69,0.90,0.40,3.20,0.00,0.15,0.13,0.00,0.19,2.65
103,5e,LWMW,Exten,55,0.59,0.00,0.00,0.96,1.71,3.36,9.85,1.15,0.57,5.05,0.00,0.25,0.21,0.00,0.30,4.28
103,5e,LWMW,Exten,65,0.85,0.00,0.00,1.16,2.08,3.97,11.64,1.36,0.72,6.90,0.00,0.35,0.30,0.00,0.41,6.07
103,5e,LWMW,Exten,75,1.11,0.00,0.00,1.31,2.37,4.41,12.97,1.52,0.86,8.52,0.00,0.46,0.39,0.00,0.51,7.87
103,5e,LWMW,Exten,85,1.36,0.00,0.00,1.42,2.58,4.71,13.84,1.62,0.98,9.78,0.00,0.55,0.48,0.00,0.60,9.55
103,5e,LWMW,Exten,95,1.58,0.00,0.00,1.50,2.73,4.88,14.30,1.68,1.08,10.63,0.00,0.63,0.56,0.00,0.68,11.03
103,5e,LWMW,Exten,105,1.77,0.00,0.00,1.55,2.82,4.95,14.40,1.69,1.16,11.09,0.00,0.70,0.62,0.00,0.74,12.26
103,5e,LWMW,Exten,115,1.91,0.00,0.00,1.57,2.87,4.94,14.20,1.67,1.22,11.21,0.00,0.74,0.67,0.00,0.78,13.21
103,5e,LWMW,Exten,125,2.00,0.00,0.00,1.58,2.87,4.85,13.75,1.61,1.26,11.06,0.00,0.76,0.71,0.00,0.81,13.86
103,5e,LWMW,Exten,135,2.06,0.00,0.00,1.56,2.84,4.71,13.10,1.54,1.28,10.68,0.00,0.77,0.73,0.00,0.83,14.24
103,5e,LWMW,Exten,145,2.07,0.00,0.00,1.53,2.79,4.52,12.31,1.44,1.29,10.16,0.00,0.77,0.74,0.00,0.83,14.36
103,5e,LWMW,Exten,155,2.04,0.00,0.00,1.48,2.71,4.30,11.42,1.34,1.28,9.52,0.00,0.75,0.74,0.00,0.82,14.24
103,5e,LWMW,Exten,165,1.99,0.00,0.00,1.43,2.61,4.06,10.48,1.23,1.26,8.83,0.00,0.72,0.73,0.00,0.80,13.91
103,5e,LWMW,Exten,175,1.91,0.00,0.00,1.36,2.49,3.79,9.50,1.11,1.23,8.10,0.00,0.68,0.71,0.00,0.78,13.41
103,5e,LWMW,Exten,185,1.81,0.00,0.00,1.29,2.36,3.52,8.53,1.00,1.19,7.37,0.00,0.64,0.68,0.00,0.74,12.77
103,5e,LWMW,Exten,195,1.70,0.00,0.00,1.22,2.22,3.24,7.59,0.89,1.14,6.65,0.00,0.60,0.64,0.00,0.70,12.03
103,5e,LWMW,Exten,205,1.58,0.00,0.00,1.14,2.08,2.97,6.69,0.78,1.08,5.96,0.00,0.55,0.61,0.00,0.66,11.21
103,5e,LWMW,Exten,215,1.45,0.00,0.00,1.06,1.93,2.70,5.84,0.68,1.02,5.30,0.00,0.50,0.57,0.00,0.61,10.35
103,5e,LWMW,Exten,225,1.32,0.00,0.00,0.98,1.79,2.43,5.06,0.59,0.95,4.68,0.00,0.45,0.52,0.00,0.56,9.46
103,5e,LWMW,Exten,235,1.19,0.00,0.00,0.90,1.64,2.18,4.35,0.51,0.89,4.10,0.00,0.41,0.48,0.00,0.51,8.57
103,5e,LWMW,Exten,245,1.06,0.00,0.00,0.82,1.50,1.94,3.71,0.43,0.82,3.58,0.00,0.36,0.44,0.00,0.46,7.70
103,5e,LWMW,Exten,255,0.94,0.00,0.00,0.74,1.36,1.72,3.14,0.36,0.75,3.10,0.00,0.32,0.40,0.00,0.41,6.86
105,5e,PO1,Exten,5,0.00,0.00,0.00,0.00,0.00,0.00,0.00,0.00,0.00,0.00,0.00,0.00,0.00,0.00,0.00,0.00
105,5e,PO1,Exten,15,0.27,0.00,0.00,0.00,0.36,0.58,0.00,0.00,0.00,5.41,0.00,0.38,0.09,0.08,0.00,0.14
105,5e,PO1,Exten,25,0.94,0.00,0.00,0.00,1.00,2.15,0.00,0.00,0.00,19.32,0.00,1.34,0.33,0.30,0.00,0.47
105,5e,PO1,Exten,35,1.89,0.00,0.00,0.00,1.60,3.79,0.00,0.00,0.00,38.55,0.00,2.71,0.66,0.60,0.00,0.91
105,5e,PO1,Exten,45,2.94,0.00,0.00,0.00,2.01,4.73,0.00,0.00,0.00,58.10,0.00,4.18,1.01,0.94,0.00,1.38
105,5e,PO1,Exten,55,3.92,0.00,0.00,0.00,2.22,5.03,0.00,0.00,0.00,74.22,0.00,5.52,1.33,1.26,0.00,1.80
105,5e,PO1,Exten,65,4.76,0.00,0.00,0.00,2.28,5.00,0.00,0.00,0.00,85.34,0.00,6.62,1.60,1.53,0.00,2.15
105,5e,PO1,Exten,75,5.42,0.00,0.00,0.00,2.25,4.83,0.00,0.00,0.00,91.52,0.00,7.43,1.81,1.74,0.00,2.43
105,5e,PO1,Exten,85,5.92,0.00,0.00,0.00,2.19,4.59,0.00,0.00,0.00,93.59,0.00,7.97,1.97,1.90,0.00,2.62
105,5e,PO1,Exten,95,6.25,0.00,0.00,0.00,2.10,4.33,0.00,0.00,0.00,92.52,0.00,8.28,2.07,2.00,0.00,2.76
105,5e,PO1,Exten,105,6.44,0.00,0.00,0.00,2.00,4.06,0.00,0.00,0.00,89.17,0.00,8.39,2.14,2.06,0.00,2.83
105,5e,PO1,Exten,115,6.49,0.00,0.00,0.00,1.90,3.78,0.00,0.00,0.00,84.24,0.00,8.32,2.16,2.08,0.00,2.85
105,5e,PO1,Exten,125,6.43,0.00,0.00,0.00,1.80,3.50,0.00,0.00,0.00,78.29,0.00,8.11,2.15,2.06,0.00,2.82
105,5e,PO1,Exten,135,6.25,0.00,0.00,0.00,1.69,3.22,0.00,0.00,0.00,71.74,0.00,7.77,2.10,2.01,0.00,2.74
105,5e,PO1,Exten,145,5.99,0.00,0.00,0.00,1.57,2.95,0.00,0.00,0.00,64.93,0.00,7.33,2.03,1.93,0.00,2.63
105,5e,PO1,Exten,155,5.65,0.00,0.00,0.00,1.46,2.67,0.00,0.00,0.00,58.10,0.00,6.83,1.93,1.83,0.00,2.49
105,5e,PO1,Exten,165,5.25,0.00,0.00,0.00,1.34,2.41,0.00,0.00,0.00,51.46,0.00,6.27,1.81,1.70,0.00,2.33
105,5e,PO1,Exten,175,4.82,0.00,0.00,0.00,1.22,2.15,0.00,0.00,0.00,45.13,0.00,5.70,1.68,1.57,0.00,2.14
105,5e,PO1,Exten,185,4.37,0.00,0.00,0.00,1.11,1.91,0.00,0.00,0.00,39.22,0.00,5.11,1.54,1.43,0.00,1.95
105,5e,PO1,Exten,195,3.91,0.00,0.00,0.00,1.00,1.68,0.00,0.00,0.00,33.79,0.00,4.54,1.40,1.28,0.00,1.75
105,5e,PO1,Exten,205,3.46,0.00,0.00,0.00,0.89,1.46,0.00,0.00,0.00,28.86,0.00,3.99,1.26,1.14,0.00,1.56
105,5e,PO1,Exten,215,3.02,0.00,0.00,0.00,0.79,1.27,0.00,0.00,0.00,24.45,0.00,3.47,1.12,1.00,0.00,1.37
105,5e,PO1,Exten,225,2.62,0.00,0.00,0.00,0.69,1.09,0.00,0.00,0.00,20.55,0.00,2.99,0.98,0.87,0.00,1.19
105,5e,PO1,Exten,235,2.24,0.00,0.00,0.00,0.60,0.93,0.00,0.00,0.00,17.13,0.00,2.56,0.86,0.75,0.00,1.02
105,5e,PO1,Exten,245,1.90,0.00,0.00,0.00,0.52,0.78,0.00,0.00,0.00,14.18,0.00,2.17,0.74,0.64,0.00,0.87
105,5e,PO1,Exten,255,1.60,0.00,0.00,0.00,0.45,0.66,0.00,0.00,0.00,11.64,0.00,1.82,0.64,0.54,0.00,0.74
106,5e,PO1,Basc1,5,0.00,0.00,0.00,0.00,0.00,0.00,0.00,0.00,0.00,0.00,0.00,0.00,0.00,0.00,0.00,0.00
106,5e,PO1,Basc1,15,0.57,0.10,0.00,0.00,0.37,0.43,0.43,0.00,0.00,5.63,0.00,0.32,0.10,0.09,0.00,0.13
106,5e,PO1,Basc1,25,2.02,0.37,0.00,0.00,1.07,1.65,0.74,0.00,0.00,20.73,0.00,1.18,0.35,0.32,0.00,0.45
106,5e,PO1,Basc1,35,4.09,0.75,0.00,0.00,1.73,2.92,0.94,0.00,0.00,41.64,0.00,2.39,0.71,0.65,0.00,0.87
106,5e,PO1,Basc1,45,6.35,1.17,0.00,0.00,2.17,3.65,1.05,0.00,0.00,62.76,0.00,3.69,1.09,1.02,0.00,1.32
106,5e,PO1,Basc1,55,8.47,1.57,0.00,0.00,2.39,3.87,1.09,0.00,0.00,80.04,0.00,4.87,1.43,1.36,0.00,1.73
106,5e,PO1,Basc1,65,10.25,1.91,0.00,0.00,2.45,3.84,1.09,0.00,0.00,91.86,0.00,5.83,1.72,1.64,0.00,2.06
106,5e,PO1,Basc1,75,11.66,2.20,0.00,0.00,2.42,3.70,1.05,0.00,0.00,98.32,0.00,6.53,1.95,1.87,0.00,2.32
106,5e,PO1,Basc1,85,12.69,2.43,0.00,0.00,2.34,3.52,0.99,0.00,0.00,100.36,0.00,6.99,2.11,2.03,0.00,2.50
106,5e,PO1,Basc1,95,13.38,2.60,0.00,0.00,2.25,3.31,0.93,0.00,0.00,99.02,0.00,7.25,2.22,2.14,0.00,2.62
106,5e,PO1,Basc1,105,13.76,2.72,0.00,0.00,2.14,3.09,0.87,0.00,0.00,95.25,0.00,7.33,2.28,2.21,0.00,2.69
106,5e,PO1,Basc1,115,13.85,2.79,0.00,0.00,2.03,2.88,0.80,0.00,0.00,89.82,0.00,7.26,2.30,2.22,0.00,2.70
106,5e,PO1,Basc1,125,13.68,2.81,0.00,0.00,1.91,2.66,0.72,0.00,0.00,83.33,0.00,7.06,2.29,2.20,0.00,2.67
106,5e,PO1,Basc1,135,13.29,2.79,0.00,0.00,1.79,2.44,0.65,0.00,0.00,76.23,0.00,6.75,2.23,2.14,0.00,2.59
106,5e,PO1,Basc1,145,12.71,2.73,0.00,0.00,1.67,2.23,0.58,0.00,0.00,68.88,0.00,6.37,2.15,2.05,0.00,2.48
106,5e,PO1,Basc1,155,11.97,2.63,0.00,0.00,1.54,2.02,0.51,0.00,0.00,61.55,0.00,5.92,2.04,1.93,0.00,2.35
106,5e,PO1,Basc1,165,11.12,2.50,0.00,0.00,1.42,1.82,0.45,0.00,0.00,54.44,0.00,5.43,1.92,1.80,0.00,2.19
106,5e,PO1,Basc1,175,10.19,2.35,0.00,0.00,1.29,1.62,0.39,0.00,0.00,47.69,0.00,4.92,1.78,1.66,0.00,2.01
106,5e,PO1,Basc1,185,9.22,2.19,0.00,0.00,1.17,1.44,0.33,0.00,0.00,41.41,0.00,4.42,1.63,1.50,0.00,1.83
106,5e,PO1,Basc1,195,8.25,2.01,0.00,0.00,1.05,1.26,0.28,0.00,0.00,35.64,0.00,3.92,1.48,1.35,0.00,1.64
106,5e,PO1,Basc1,205,7.29,1.83,0.00,0.00,0.94,1.10,0.24,0.00,0.00,30.42,0.00,3.44,1.32,1.20,0.00,1.46
106,5e,PO1,Basc1,215,6.38,1.64,0.00,0.00,0.83,0.95,0.20,0.00,0.00,25.76,0.00,2.99,1.18,1.05,0.00,1.28
106,5e,PO1,Basc1,225,5.52,1.46,0.00,0.00,0.73,0.82,0.16,0.00,0.00,21.63,0.00,2.58,1.04,0.92,0.00,1.11
106,5e,PO1,Basc1,235,4.73,1.29,0.00,0.00,0.63,0.69,0.13,0.00,0.00,18.03,0.00,2.20,0.90,0.79,0.00,0.96
106,5e,PO1,Basc1,245,4.01,1.13,0.00,0.00,0.55,0.59,0.10,0.00,0.00,14.91,0.00,1.86,0.78,0.67,0.00,0.82
106,5e,PO1,Basc1,255,3.37,0.98,0.00,0.00,0.47,0.49,0.08,0.00,0.00,12.24,0.00,1.57,0.67,0.57,0.00,0.69
107,5e,PO1,Intn1,5,0.00,0.00,0.00,0.00,0.00,0.00,0.00,0.00,0.00,0.00,0.00,0.00,0.00,0.00,0.00,0.00
107,5e,PO1,Intn1,15,0.57,0.10,0.00,0.00,0.37,0.43,0.43,0.00,0.00,5.63,0.00,0.32,0.10,0.09,0.00,0.13
107,5e,PO1,Intn1,25,2.02,0.37,0.00,0.00,1.07,1.65,0.74,0.00,0.00,20.73,0.00,1.18,0.35,0.32,0.00,0.45
107,5e,PO1,Intn1,35,4.09,0.75,0.00,0.00,1.73,2.92,0.94,0.00,0.00,41.64,0.00,2.39,0.71,0.65,0.00,0.87
107,5e,PO1,Intn1,45,6.35,1.17,0.00,0.00,2.17,3.65,1.05,0.00,0.00,62.76,0.00,3.69,1.09,1.02,0.00,1.32
107,5e,PO1,Intn1,55,8.47,1.57,0.00,0.00,2.39,3.87,1.09,0.00,0.00,80.04,0.00,4.87,1.43,1.36,0.00,1.73
107,5e,PO1,Intn1,65,10.25,1.91,0.00,0.00,2.45,3.84,1.09,0.00,0.00,91.86,0.00,5.83,1.72,1.64,0.00,2.06
107,5e,PO1,Intn1,75,11.66,2.20,0.00,0.00,2.42,3.70,1.05,0.00,0.00,98.32,0.00,6.53,1.95,1.87,0.00,2.32
107,5e,PO1,Intn1,85,12.69,2.43,0.00,0.00,2.34,3.52,0.99,0.00,0.00,100.36,0.00,6.99,2.11,2.03,0.00,2.50
107,5e,PO1,Intn1,95,13.38,2.60,0.00,0.00,2.25,3.31,0.93,0.00,0.00,99.02,0.00,7.25,2.22,2.14,0.00,2.62
107,5e,PO1,Intn1,105,13.76,2.72,0.00,0.00,2.14,3.09,0.87,0.00,0.00,95.25,0.00,7.33,2.28,2.21,0.00,2.69
107,5e,PO1,Intn1,115,13.85,2.79,0.00,0.00,2.03,2.88,0.80,0.00,0.00,89.82,0.00,7.26,2.30,2.22,0.00,2.70
107,5e,PO1,Intn1,125,13.68,2.81,0.00,0.00,1.91,2.66,0.72,0.00,0.00,83.33,0.00,7.06,2.29,2.20,0.00,2.67
107,5e,PO1,Intn1,135,13.29,2.79,0.00,0.00,1.79,2.44,0.65,0.00,0.00,76.23,0.00,6.75,2.23,2.14,0.00,2.59
107,5e,PO1,Intn1,145,12.71,2.73,0.00,0.00,1.67,2.23,0.58,0.00,0.00,68.88,0.00,6.37,2.15,2.05,0.00,2.48
107,5e,PO1,Intn1,155,11.97,2.63,0.00,0.00,1.54,2.02,0.51,0.00,0.00,61.55,0.00,5.92,2.04,1.93,0.00,2.35
107,5e,PO1,Intn1,165,11.12,2.50,0.00,0.00,1.42,1.82,0.45,0.00,0.00,54.44,0.00,5.43,1.92,1.80,0.00,2.19
107,5e,PO1,Intn1,175,10.19,2.35,0.00,0.00,1.29,1.62,0.39,0.00,0.00,47.69,0.00,4.92,1.78,1.66,0.00,2.01
107,5e,PO1,Intn1,185,9.22,2.19,0.00,0.00,1.17,1.44,0.33,0.00,0.00,41.41,0.00,4.42,1.63,1.50,0.00,1.83
107,5e,PO1,Intn1,195,8.25,2.01,0.00,0.00,1.05,1.26,0.28,0.00,0.00,35.64,0.00,3.92,1.48,1.35,0.00,1.64
107,5e,PO1,Intn1,205,7.29,1.83,0.00,0.00,0.94,1.10,0.24,0.00,0.00,30.42,0.00,3.44,1.32,1.20,0.00,1.46
107,5e,PO1,Intn1,215,6.38,1.64,0.00,0.00,0.83,0.95,0.20,0.00,0.00,25.76,0.00,2.99,1.18,1.05,0.00,1.28
107,5e,PO1,Intn1,225,5.52,1.46,0.00,0.00,0.73,0.82,0.16,0.00,0.00,21.63,0.00,2.58,1.04,0.92,0.00,1.11
107,5e,PO1,Intn1,235,4.73,1.29,0.00,0.00,0.63,0.69,0.13,0.00,0.00,18.03,0.00,2.20,0.90,0.79,0.00,0.96
107,5e,PO1,Intn1,245,4.01,1.13,0.00,0.00,0.55,0.59,0.10,0.00,0.00,14.91,0.00,1.86,0.78,0.67,0.00,0.82
107,5e,PO1,Intn1,255,3.37,0.98,0.00,0.00,0.47,0.49,0.08,0.00,0.00,12.24,0.00,1.57,0.67,0.57,0.00,0.69
109,5e,BW1,Exten,5,0.00,0.00,0.00,0.00,0.00,0.00,0.00,0.00,0.00,0.00,0.00,0.00,0.00,0.00,0.00,0.00
109,5e,BW1,Exten,15,0.03,0.01,0.00,0.00,0.07,0.08,0.00,0.00,0.03,0.28,0.00,0.17,0.04,0.01,0.01,0.01
109,5e,BW1,Exten,25,0.23,0.08,0.00,0.00,0.40,0.58,0.00,0.00,0.14,1.94,0.00,1.19,0.28,0.06,0.05,0.11
109,5e,BW1,Exten,35,0.66,0.23,0.00,0.00,0.92,1.47,0.00,0.00,0.30,5.59,0.00,3.46,0.80,0.20,0.13,0.33
109,5e,BW1,Exten,45,1.28,0.45,0.00,0.00,1.44,2.27,0.00,0.00,0.46,10.42,0.00,6.60,1.52,0.38,0.23,0.62
109,5e,BW1,Exten,55,1.93,0.68,0.00,0.00,1.79,2.73,0.00,0.00,0.59,15.06,0.00,9.87,2.28,0.58,0.32,0.92
109,5e,BW1,Exten,65,2.52,0.90,0.00,0.00,1.98,2.93,0.00,0.00,0.69,18.66,0.00,12.74,2.96,0.76,0.39,1.19
109,5e,BW1,Exten,75,3.02,1.09,0.00,0.00,2.06,2.97,0.00,0.00,0.75,21.02,0.00,15.02,3.52,0.90,0.45,1.40
109,5e,BW1,Exten,85,3.41,1.25,0.00,0.00,2.07,2.92,0.00,0.00,0.78,22.24,0.00,16.68,3.95,1.02,0.48,1.57
109,5e,BW1,Exten,95,3.69,1.38,0.00,0.00,2.04,2.82,0.00,0.00,0.80,22.50,0.00,17.73,4.27,1.10,0.51,1.69
109,5e,BW1,Exten,105,3.85,1.46,0.00,0.00,1.97,2.68,0.00,0.00,0.81,21.98,0.00,18.21,4.45,1.15,0.52,1.76
109,5e,BW1,Exten,115,3.90,1.51,0.00,0.00,1.88,2.51,0.00,0.00,0.80,20.87,0.00,18.15,4.52,1.17,0.52,1.78
109,5e,BW1,Exten,125,3.85,1.52,0.00,0.00,1.77,2.32,0.00,0.00,0.77,19.35,0.00,17.64,4.48,1.16,0.51,1.76
109,5e,BW1,Exten,135,3.71,1.50,0.00,0.00,1.64,2.11,0.00,0.00,0.74,17.56,0.00,16.75,4.35,1.12,0.48,1.69
109,5e,BW1,Exten,145,3.50,1.44,0.00,0.00,1.51,1.90,0.00,0.00,0.70,15.66,0.00,15.58,4.13,1.06,0.46,1.60
109,5e,BW1,Exten,155,3.24,1.37,0.00,0.00,1.37,1.69,0.00,0.00,0.65,13.74,0.00,14.22,3.85,0.98,0.42,1.49
109,5e,BW1,Exten,165,2.94,1.27,0.00,0.00,1.23,1.49,0.00,0.00,0.59,11.88,0.00,12.76,3.53,0.89,0.38,1.35
109,5e,BW1,Exten,175,2.62,1.16,0.00,0.00,1.09,1.29,0.00,0.00,0.54,10.13,0.00,11.26,3.19,0.80,0.34,1.21
109,5e,BW1,Exten,185,2.30,1.05,0.00,0.00,0.96,1.11,0.00,0.00,0.48,8.53,0.00,9.79,2.83,0.70,0.30,1.07
109,5e,BW1,Exten,195,1.99,0.93,0.00,0.00,0.83,0.94,0.00,0.00,0.42,7.09,0.00,8.39,2.48,0.61,0.26,0.93
109,5e,BW1,Exten,205,1.69,0.81,0.00,0.00,0.71,0.79,0.00,0.00,0.37,5.83,0.00,7.09,2.15,0.52,0.23,0.79
109,5e,BW1,Exten,215,1.42,0.70,0.00,0.00,0.61,0.65,0.00,0.00,0.32,4.73,0.00,5.92,1.83,0.44,0.19,0.67
109,5e,BW1,Exten,225,1.17,0.60,0.00,0.00,0.51,0.54,0.00,0.00,0.27,3.80,0.00,4.88,1.54,0.36,0.16,0.55
109,5e,BW1,Exten,235,0.96,0.50,0.00,0.00,0.42,0.43,0.00,0.00,0.23,3.02,0.00,3.97,1.28,0.30,0.13,0.45
109,5e,BW1,Exten,245,0.77,0.42,0.00,0.00,0.35,0.35,0.00,0.00,0.19,2.37,0.00,3.20,1.05,0.24,0.11,0.37
109,5e,BW1,Exten,255,0.61,0.34,0.00,0.00,0.28,0.28,0.00,0.00,0.15,1.84,0.00,2.54,0.85,0.19,0.08,0.29
110,5e,BW1,Basc1,5,0.00,0.00,0.00,0.00,0.00,0.00,0.00,0.00,0.00,0.00,0.00,0.00,0.00,0.00,0.00,0.00
110,5e,BW1,Basc1,15,0.09,0.01,0.00,0.00,0.09,0.08,0.07,0.00,0.04,0.39,0.00,0.20,0.03,0.02,0.01,0.02
110,5e,BW1,Basc1,25,0.61,0.11,0.00,0.00,0.51,0.64,0.25,0.00,0.18,2.77,0.00,1.43,0.26,0.14,0.07,0.16
110,5e,BW1,Basc1,35,1.78,0.32,0.00,0.00,1.20,1.63,0.46,0.00,0.39,7.97,0.00,4.14,0.74,0.41,0.17,0.46
110,5e,BW1,Basc1,45,3.40,0.61,0.00,0.00,1.85,2.49,0.63,0.00,0.59,14.73,0.00,7.83,1.39,0.78,0.30,0.85
110,5e,BW1,Basc1,55,5.08,0.92,0.00,0.00,2.28,2.97,0.73,0.00,0.75,21.08,0.00,11.59,2.06,1.17,0.41,1.24
110,5e,BW1,Basc1,65,6.58,1.20,0.00,0.00,2.50,3.15,0.77,0.00,0.86,25.85,0.00,14.81,2.65,1.52,0.50,1.59
110,5e,BW1,Basc1,75,7.80,1.43,0.00,0.00,2.57,3.16,0.78,0.00,0.93,28.85,0.00,17.30,3.12,1.80,0.56,1.86
110,5e,BW1,Basc1,85,8.73,1.63,0.00,0.00,2.56,3.09,0.76,0.00,0.97,30.27,0.00,19.05,3.48,2.02,0.61,2.06
110,5e,BW1,Basc1,95,9.36,1.77,0.00,0.00,2.50,2.96,0.72,0.00,0.98,30.39,0.00,20.10,3.73,2.16,0.63,2.20
110,5e,BW1,Basc1,105,9.71,1.87,0.00,0.00,2.40,2.79,0.68,0.00,0.98,29.49,0.00,20.50,3.87,2.24,0.64,2.28
110,5e,BW1,Basc1,115,9.78,1.92,0.00,0.00,2.28,2.60,0.62,0.00,0.96,27.84,0.00,20.31,3.90,2.26,0.63,2.29
110,5e,BW1,Basc1,125,9.61,1.92,0.00,0.00,2.13,2.38,0.56,0.00,0.93,25.67,0.00,19.63,3.85,2.22,0.62,2.25
110,5e,BW1,Basc1,135,9.22,1.89,0.00,0.00,1.97,2.16,0.50,0.00,0.88,23.20,0.00,18.56,3.71,2.14,0.59,2.16
110,5e,BW1,Basc1,145,8.66,1.81,0.00,0.00,1.81,1.94,0.44,0.00,0.83,20.60,0.00,17.19,3.51,2.01,0.55,2.03
110,5e,BW1,Basc1,155,7.98,1.71,0.00,0.00,1.63,1.72,0.38,0.00,0.77,18.01,0.00,15.64,3.27,1.86,0.51,1.88
110,5e,BW1,Basc1,165,7.23,1.59,0.00,0.00,1.46,1.51,0.32,0.00,0.70,15.52,0.00,13.98,2.99,1.69,0.46,1.71
110,5e,BW1,Basc1,175,6.43,1.45,0.00,0.00,1.29,1.31,0.27,0.00,0.63,13.20,0.00,12.31,2.69,1.51,0.41,1.52
110,5e,BW1,Basc1,185,5.63,1.30,0.00,0.00,1.13,1.12,0.22,0.00,0.56,11.09,0.00,10.68,2.38,1.32,0.36,1.34
110,5e,BW1,Basc1,195,4.85,1.15,0.00,0.00,0.98,0.95,0.18,0.00,0.50,9.20,0.00,9.14,2.08,1.15,0.31,1.16
110,5e,BW1,Basc1,205,4.13,1.01,0.00,0.00,0.84,0.79,0.15,0.00,0.43,7.55,0.00,7.71,1.80,0.98,0.27,0.99
110,5e,BW1,Basc1,215,3.46,0.87,0.00,0.00,0.71,0.66,0.12,0.00,0.37,6.12,0.00,6.43,1.53,0.82,0.23,0.83
110,5e,BW1,Basc1,225,2.86,0.74,0.00,0.00,0.60,0.54,0.09,0.00,0.32,4.91,0.00,5.29,1.29,0.68,0.19,0.69
110,5e,BW1,Basc1,235,2.33,0.62,0.00,0.00,0.49,0.44,0.07,0.00,0.26,3.90,0.00,4.30,1.07,0.56,0.15,0.57
110,5e,BW1,Basc1,245,1.88,0.51,0.00,0.00,0.41,0.35,0.05,0.00,0.22,3.06,0.00,3.46,0.88,0.45,0.13,0.46
110,5e,BW1,Basc1,255,1.49,0.42,0.00,0.00,0.33,0.28,0.04,0.00,0.18,2.38,0.00,2.75,0.71,0.36,0.10,0.36
111,5e,BW1,Intn1,5,0.00,0.00,0.00,0.00,0.00,0.00,0.00,0.00,0.00,0.00,0.00,0.00,0.00,0.00,0.00,0.00
111,5e,BW1,Intn1,15,0.09,0.01,0.00,0.00,0.09,0.08,0.07,0.00,0.04,0.39,0.00,0.20,0.03,0.02,0.01,0.02
111,5e,BW1,Intn1,25,0.61,0.11,0.00,0.00,0.51,0.64,0.25,0.00,0.18,2.77,0.00,1.43,0.26,0.14,0.07,0.16
111,5e,BW1,Intn1,35,1.78,0.32,0.00,0.00,1.20,1.63,0.46,0.00,0.39,7.97,0.00,4.14,0.74,0.41,0.17,0.46
111,5e,BW1,Intn1,45,3.40,0.61,0.00,0.00,1.85,2.49,0.63,0.00,0.59,14.73,0.00,7.83,1.39,0.78,0.30,0.85
111,5e,BW1,Intn1,55,5.08,0.92,0.00,0.00,2.28,2.97,0.73,0.00,0.75,21.08,0.00,11.59,2.06,1.17,0.41,1.24
111,5e,BW1,Intn1,65,6.58,1.20,0.00,0.00,2.50,3.15,0.77,0.00,0.86,25.85,0.00,14.81,2.65,1.52,0.50,1.59
111,5e,BW1,Intn1,75,7.80,1.43,0.00,0.00,2.57,3.16,0.78,0.00,0.93,28.85,0.00,17.30,3.12,1.80,0.56,1.86
111,5e,BW1,Intn1,85,8.73,1.63,0.00,0.00,2.56,3.09,0.76,0.00,0.97,30.27,0.00,19.05,3.48,2.02,0.61,2.06
111,5e,BW1,Intn1,95,9.36,1.77,0.00,0.00,2.50,2.96,0.72,0.00,0.98,30.39,0.00,20.10,3.73,2.16,0.63,2.20
111,5e,BW1,Intn1,105,9.71,1.87,0.00,0.00,2.40,2.79,0.68,0.00,0.98,29.49,0.00,20.50,3.87,2.24,0.64,2.28
111,5e,BW1,Intn1,115,9.78,1.92,0.00,0.00,2.28,2.60,0.62,0.00,0.96,27.84,0.00,20.31,3.90,2.26,0.63,2.29
111,5e,BW1,Intn1,125,9.61,1.92,0.00,0.00,2.13,2.38,0.56,0.00,0.93,25.67,0.00,19.63,3.85,2.22,0.62,2.25
111,5e,BW1,Intn1,135,9.22,1.89,0.00,0.00,1.97,2.16,0.50,0.00,0.88,23.20,0.00,18.56,3.71,2.14,0.59,2.16
111,5e,BW1,Intn1,145,8.66,1.81,0.00,0.00,1.81,1.94,0.44,0.00,0.83,20.60,0.00,17.19,3.51,2.01,0.55,2.03
111,5e,BW1,Intn1,155,7.98,1.71,0.00,0.00,1.63,1.72,0.38,0.00,0.77,18.01,0.00,15.64,3.27,1.86,0.51,1.88
111,5e,BW1,Intn1,165,7.23,1.59,0.00,0.00,1.46,1.51,0.32,0.00,0.70,15.52,0.00,13.98,2.99,1.69,0.46,1.71
111,5e,BW1,Intn1,175,6.43,1.45,0.00,0.00,1.29,1.31,0.27,0.00,0.63,13.20,0.00,12.31,2.69,1.51,0.41,1.52
111,5e,BW1,Intn1,185,5.63,1.30,0.00,0.00,1.13,1.12,0.22,0.00,0.56,11.09,0.00,10.68,2.38,1.32,0.36,1.34
111,5e,BW1,Intn1,195,4.85,1.15,0.00,0.00,0.98,0.95,0.18,0.00,0.50,9.20,0.00,9.14,2.08,1.15,0.31,1.16
111,5e,BW1,Intn1,205,4.13,1.01,0.00,0.00,0.84,0.79,0.15,0.00,0.43,7.55,0.00,7.71,1.80,0.98,0.27,0.99
111,5e,BW1,Intn1,215,3.46,0.87,0.00,0.00,0.71,0.66,0.12,0.00,0.37,6.12,0.00,6.43,1.53,0.82,0.23,0.83
111,5e,BW1,Intn1,225,2.86,0.74,0.00,0.00,0.60,0.54,0.09,0.00,0.32,4.91,0.00,5.29,1.29,0.68,0.19,0.69
111,5e,BW1,Intn1,235,2.33,0.62,0.00,0.00,0.49,0.44,0.07,0.00,0.26,3.90,0.00,4.30,1.07,0.56,0.15,0.57
111,5e,BW1,Intn1,245,1.88,0.51,0.00,0.00,0.41,0.35,0.05,0.00,0.22,3.06,0.00,3.46,0.88,0.45,0.13,0.46
111,5e,BW1,Intn1,255,1.49,0.42,0.00,0.00,0.33,0.28,0.04,0.00,0.18,2.38,0.00,2.75,0.71,0.36,0.10,0.36
113,5e,MWD,Exten,5,0.00,0.00,0.00,0.00,0.00,0.00,0.00,0.00,0.00,0.00,0.00,0.00,0.00,0.00,0.00,0.00
113,5e,MWD,Exten,15,0.36,0.08,0.22,0.02,0.34,0.22,0.10,0.00,0.07,0.61,0.00,0.10,0.03,0.01,0.00,0.07
113,5e,MWD,Exten,25,2.31,0.55,1.25,0.17,1.77,1.55,0.33,0.00,0.27,4.12,0.00,0.68,0.23,0.08,0.00,0.48
113,5e,MWD,Exten,35,6.51,1.56,3.11,0.44,3.99,3.83,0.60,0.00,0.55,11.53,0.00,1.93,0.63,0.22,0.00,1.30
113,5e,MWD,Exten,45,12.21,2.93,5.30,0.69,6.04,5.77,0.81,0.00,0.82,21.00,0.00,3.60,1.17,0.43,0.00,2.37
113,5e,MWD,Exten,55,18.03,4.36,7.22,0.83,7.37,6.79,0.93,0.00,1.03,29.69,0.00,5.27,1.71,0.63,0.00,3.44
113,5e,MWD,Exten,65,22.97,5.60,8.56,0.88,7.94,7.09,0.97,0.00,1.16,35.84,0.00,6.63,2.17,0.80,0.00,4.31
113,5e,MWD,Exten,75,26.62,6.56,9.29,0.88,7.99,6.96,0.95,0.00,1.22,39.11,0.00,7.57,2.50,0.93,0.00,4.94
113,5e,MWD,Exten,85,28.94,7.23,9.50,0.85,7.73,6.60,0.90,0.00,1.24,39.86,0.00,8.10,2.70,1.02,0.00,5.32
113,5e,MWD,Exten,95,29.99,7.61,9.27,0.80,7.29,6.11,0.83,0.00,1.22,38.65,0.00,8.26,2.80,1.05,0.00,5.49
113,5e,MWD,Exten,105,29.89,7.71,8.71,0.73,6.73,5.54,0.75,0.00,1.17,36.05,0.00,8.09,2.79,1.05,0.00,5.45
113,5e,MWD,Exten,115,28.81,7.57,7.90,0.67,6.11,4.93,0.66,0.00,1.09,32.55,0.00,7.67,2.69,1.01,0.00,5.24
113,5e,MWD,Exten,125,26.95,7.23,6.95,0.59,5.45,4.32,0.57,0.00,1.01,28.59,0.00,7.06,2.53,0.95,0.00,4.90
113,5e,MWD,Exten,135,24.53,6.72,5.93,0.52,4.79,3.71,0.48,0.00,0.91,24.50,0.00,6.33,2.31,0.86,0.00,4.47
113,5e,MWD,Exten,145,21.76,6.10,4.93,0.45,4.14,3.15,0.40,0.00,0.80,20.55,0.00,5.54,2.07,0.77,0.00,3.97
113,5e,MWD,Exten,155,18.85,5.41,3.99,0.38,3.52,2.62,0.32,0.00,0.70,16.88,0.00,4.73,1.81,0.67,0.00,3.45
113,5e,MWD,Exten,165,15.96,4.69,3.15,0.32,2.95,2.15,0.26,0.00,0.60,13.61,0.00,3.96,1.54,0.56,0.00,2.93
113,5e,MWD,Exten,175,13.22,3.99,2.43,0.26,2.43,1.73,0.20,0.00,0.50,10.78,0.00,3.24,1.29,0.47,0.00,2.44
113,5e,MWD,Exten,185,10.73,3.32,1.83,0.21,1.97,1.37,0.15,0.00,0.41,8.39,0.00,2.61,1.06,0.38,0.00,1.98
113,5e,MWD,Exten,195,8.53,2.71,1.35,0.17,1.57,1.07,0.11,0.00,0.34,6.42,0.00,2.06,0.86,0.30,0.00,1.58
113,5e,MWD,Exten,205,6.65,2.17,0.97,0.13,1.24,0.82,0.08,0.00,0.27,4.83,0.00,1.59,0.68,0.24,0.00,1.24
113,5e,MWD,Exten,215,5.08,1.71,0.69,0.10,0.96,0.62,0.06,0.00,0.21,3.57,0.00,1.21,0.52,0.18,0.00,0.95
113,5e,MWD,Exten,225,3.81,1.32,0.47,0.07,0.73,0.46,0.04,0.00,0.16,2.60,0.00,0.90,0.40,0.14,0.00,0.72
113,5e,MWD,Exten,235,2.81,1.00,0.32,0.05,0.54,0.34,0.03,0.00,0.12,1.86,0.00,0.66,0.30,0.10,0.00,0.53
113,5e,MWD,Exten,245,2.03,0.74,0.21,0.04,0.40,0.24,0.02,0.00,0.09,1.31,0.00,0.48,0.22,0.07,0.00,0.38
113,5e,MWD,Exten,255,1.44,0.54,0.14,0.03,0.29,0.17,0.01,0.00,0.06,0.91,0.00,0.34,0.16,0.05,0.00,0.27
114,5e,MWD,Basc1,5,0.00,0.00,0.00,0.00,0.00,0.00,0.00,0.00,0.00,0.00,0.00,0.00,0.00,0.00,0.00,0.00
114,5e,MWD,Basc1,15,0.47,0.03,0.31,0.02,0.21,0.29,0.23,0.00,0.00,0.75,0.00,0.09,0.02,0.02,0.00,0.07
114,5e,MWD,Basc1,25,3.07,0.20,1.70,0.19,1.10,2.03,0.74,0.00,0.00,5.03,0.00,0.61,0.12,0.17,0.00,0.46
114,5e,MWD,Basc1,35,8.59,0.56,4.23,0.48,2.47,4.99,1.30,0.00,0.00,13.98,0.00,1.72,0.34,0.49,0.00,1.24
114,5e,MWD,Basc1,45,16.04,1.05,7.17,0.75,3.73,7.49,1.75,0.00,0.00,25.34,0.00,3.19,0.63,0.93,0.00,2.26
114,5e,MWD,Basc1,55,23.60,1.56,9.73,0.89,4.54,8.79,2.01,0.00,0.00,35.70,0.00,4.65,0.92,1.37,0.00,3.27
114,5e,MWD,Basc1,65,29.99,2.00,11.50,0.95,4.88,9.15,2.09,0.00,0.00,42.98,0.00,5.83,1.16,1.74,0.00,4.09
114,5e,MWD,Basc1,75,34.70,2.34,12.47,0.94,4.90,8.97,2.05,0.00,0.00,46.82,0.00,6.65,1.34,2.01,0.00,4.68
114,5e,MWD,Basc1,85,37.68,2.58,12.74,0.91,4.74,8.49,1.94,0.00,0.00,47.67,0.00,7.11,1.45,2.18,0.00,5.04
114,5e,MWD,Basc1,95,39.03,2.71,12.43,0.85,4.46,7.85,1.79,0.00,0.00,46.21,0.00,7.24,1.50,2.26,0.00,5.19
114,5e,MWD,Basc1,105,38.90,2.75,11.67,0.79,4.12,7.12,1.61,0.00,0.00,43.09,0.00,7.09,1.49,2.25,0.00,5.15
114,5e,MWD,Basc1,115,37.50,2.70,10.59,0.71,3.74,6.34,1.42,0.00,0.00,38.92,0.00,6.73,1.44,2.18,0.00,4.96
114,5e,MWD,Basc1,125,35.10,2.58,9.32,0.64,3.34,5.55,1.22,0.00,0.00,34.20,0.00,6.20,1.35,2.04,0.00,4.64
114,5e,MWD,Basc1,135,31.96,2.40,7.96,0.56,2.93,4.78,1.03,0.00,0.00,29.33,0.00,5.56,1.24,1.86,0.00,4.23
114,5e,MWD,Basc1,145,28.38,2.18,6.62,0.48,2.54,4.05,0.86,0.00,0.00,24.61,0.00,4.86,1.11,1.65,0.00,3.76
114,5e,MWD,Basc1,155,24.60,1.93,5.36,0.41,2.16,3.38,0.70,0.00,0.00,20.23,0.00,4.16,0.97,1.44,0.00,3.27
114,5e,MWD,Basc1,165,20.84,1.68,4.23,0.34,1.81,2.77,0.55,0.00,0.00,16.33,0.00,3.48,0.83,1.22,0.00,2.78
114,5e,MWD,Basc1,175,17.28,1.43,3.27,0.28,1.49,2.24,0.43,0.00,0.00,12.94,0.00,2.86,0.69,1.01,0.00,2.31
114,5e,MWD,Basc1,185,14.03,1.19,2.46,0.23,1.21,1.78,0.33,0.00,0.00,10.08,0.00,2.30,0.57,0.83,0.00,1.89
114,5e,MWD,Basc1,195,11.16,0.97,1.82,0.18,0.97,1.39,0.25,0.00,0.00,7.71,0.00,1.81,0.46,0.66,0.00,1.51
114,5e,MWD,Basc1,205,8.71,0.78,1.31,0.14,0.76,1.07,0.18,0.00,0.00,5.81,0.00,1.40,0.36,0.52,0.00,1.18
114,5e,MWD,Basc1,215,6.66,0.61,0.93,0.11,0.59,0.81,0.13,0.00,0.00,4.30,0.00,1.07,0.28,0.40,0.00,0.91
114,5e,MWD,Basc1,225,5.00,0.47,0.64,0.08,0.45,0.60,0.09,0.00,0.00,3.13,0.00,0.80,0.21,0.30,0.00,0.68
114,5e,MWD,Basc1,235,3.69,0.36,0.43,0.06,0.33,0.44,0.06,0.00,0.00,2.25,0.00,0.58,0.16,0.22,0.00,0.50
114,5e,MWD,Basc1,245,2.67,0.26,0.29,0.04,0.24,0.31,0.04,0.00,0.00,1.58,0.00,0.42,0.12,0.16,0.00,0.36
114,5e,MWD,Basc1,255,1.89,0.19,0.19,0.03,0.18,0.22,0.03,0.00,0.00,1.10,0.00,0.30,0.08,0.11,0.00,0.26
115,5e,MWD,Intn1,5,0.00,0.00,0.00,0.00,0.00,0.00,0.00,0.00,0.00,0.00,0.00,0.00,0.00,0.00,0.00,0.00
115,5e,MWD,Intn1,15,0.47,0.03,0.31,0.02,0.21,0.29,0.23,0.00,0.00,0.75,0.00,0.09,0.02,0.02,0.00,0.07
115,5e,MWD,Intn1,25,3.07,0.20,1.70,0.19,1.10,2.03,0.74,0.00,0.00,5.03,0.00,0.61,0.12,0.17,0.00,0.46
115,5e,MWD,Intn1,35,8.59,0.56,4.23,0.48,2.47,4.99,1.30,0.00,0.00,13.98,0.00,1.72,0.34,0.49,0.00,1.24
115,5e,MWD,Intn1,45,16.04,1.05,7.17,0.75,3.73,7.49,1.75,0.00,0.00,25.34,0.00,3.19,0.63,0.93,0.00,2.26
115,5e,MWD,Intn1,55,23.60,1.56,9.73,0.89,4.54,8.79,2.01,0.00,0.00,35.70,0.00,4.65,0.92,1.37,0.00,3.27
115,5e,MWD,Intn1,65,29.99,2.00,11.50,0.95,4.88,9.15,2.09,0.00,0.00,42.98,0.00,5.83,1.16,1.74,0.00,4.09
115,5e,MWD,Intn1,75,34.70,2.34,12.47,0.94,4.90,8.97,2.05,0.00,0.00,46.82,0.00,6.65,1.34,2.01,0.00,4.68
115,5e,MWD,Intn1,85,37.68,2.58,12.74,0.91,4.74,8.49,1.94,0.00,0.00,47.67,0.00,7.11,1.45,2.18,0.00,5.04
115,5e,MWD,Intn1,95,39.03,2.71,12.43,0.85,4.46,7.85,1.79,0.00,0.00,46.21,0.00,7.24,1.50,2.26,0.00,5.19
115,5e,MWD,Intn1,105,38.90,2.75,11.67,0.79,4.12,7.12,1.61,0.00,0.00,43.09,0.00,7.09,1.49,2.25,0.00,5.15
115,5e,MWD,Intn1,115,37.50,2.70,10.59,0.71,3.74,6.34,1.42,0.00,0.00,38.92,0.00,6.73,1.44,2.18,0.00,4.96
115,5e,MWD,Intn1,125,35.10,2.58,9.32,0.64,3.34,5.55,1.22,0.00,0.00,34.20,0.00,6.20,1.35,2.04,0.00,4.64
115,5e,MWD,Intn1,135,31.96,2.40,7.96,0.56,2.93,4.78,1.03,0.00,0.00,29.33,0.00,5.56,1.24,1.86,0.00,4.23
115,5e,MWD,Intn1,145,28.38,2.18,6.62,0.48,2.54,4.05,0.86,0.00,0.00,24.61,0.00,4.86,1.11,1.65,0.00,3.76
115,5e,MWD,Intn1,155,24.60,1.93,5.36,0.41,2.16,3.38,0.70,0.00,0.00,20.23,0.00,4.16,0.97,1.44,0.00,3.27
115,5e,MWD,Intn1,165,20.84,1.68,4.23,0.34,1.81,2.77,0.55,0.00,0.00,16.33,0.00,3.48,0.83,1.22,0.00,2.78
115,5e,MWD,Intn1,175,17.28,1.43,3.27,0.28,1.49,2.24,0.43,0.00,0.00,12.94,0.00,2.86,0.69,1.01,0.00,2.31
115,5e,MWD,Intn1,185,14.03,1.19,2.46,0.23,1.21,1.78,0.33,0.00,0.00,10.08,0.00,2.30,0.57,0.83,0.00,1.89
115,5e,MWD,Intn1,195,11.16,0.97,1.82,0.18,0.97,1.39,0.25,0.00,0.00,7.71,0.00,1.81,0.46,0.66,0.00,1.51
115,5e,MWD,Intn1,205,8.71,0.78,1.31,0.14,0.76,1.07,0.18,0.00,0.00,5.81,0.00,1.40,0.36,0.52,0.00,1.18
115,5e,MWD,Intn1,215,6.66,0.61,0.93,0.11,0.59,0.81,0.13,0.00,0.00,4.30,0.00,1.07,0.28,0.40,0.00,0.91
115,5e,MWD,Intn1,225,5.00,0.47,0.64,0.08,0.45,0.60,0.09,0.00,0.00,3.13,0.00,0.80,0.21,0.30,0.00,0.68
115,5e,MWD,Intn1,235,3.69,0.36,0.43,0.06,0.33,0.44,0.06,0.00,0.00,2.25,0.00,0.58,0.16,0.22,0.00,0.50
115,5e,MWD,Intn1,245,2.67,0.26,0.29,0.04,0.24,0.31,0.04,0.00,0.00,1.58,0.00,0.42,0.12,0.16,0.00,0.36
115,5e,MWD,Intn1,255,1.89,0.19,0.19,0.03,0.18,0.22,0.03,0.00,0.00,1.10,0.00,0.30,0.08,0.11,0.00,0.26
116,5e,MWR,Exten,5,0.00,0.00,0.00,0.00,0.00,0.00,0.00,0.00,0.00,0.00,0.00,0.00,0.00,0.00,0.00,0.00
116,5e,MWR,Exten,15,0.06,0.00,0.00,0.02,0.27,0.29,0.35,0.00,0.06,0.44,0.00,0.09,0.07,0.01,0.01,0.08
116,5e,MWR,Exten,25,0.23,0.00,0.00,0.10,0.83,1.20,0.64,0.00,0.15,1.73,0.00,0.36,0.28,0.06,0.05,0.30
116,5e,MWR,Exten,35,0.51,0.00,0.00,0.20,1.48,2.36,0.90,0.00,0.24,3.85,0.00,0.81,0.63,0.14,0.10,0.65
116,5e,MWR,Exten,45,0.88,0.00,0.00,0.29,2.07,3.28,1.11,0.00,0.33,6.46,0.00,1.40,1.08,0.25,0.16,1.09
116,5e,MWR,Exten,55,1.30,0.00,0.00,0.35,2.51,3.85,1.28,0.00,0.42,9.09,0.00,2.04,1.56,0.38,0.22,1.57
116,5e,MWR,Exten,65,1.71,0.00,0.00,0.39,2.79,4.14,1.37,0.00,0.48,11.32,0.00,2.65,2.04,0.50,0.27,2.03
116,5e,MWR,Exten,75,2.08,0.00,0.00,0.40,2.95,4.26,1.42,0.00,0.53,12.93,0.00,3.17,2.46,0.60,0.31,2.44
116,5e,MWR,Exten,85,2.38,0.00,0.00,0.41,3.00,4.25,1.41,0.00,0.57,13.87,0.00,3.57,2.81,0.69,0.35,2.77
116,5e,MWR,Exten,95,2.60,0.00,0.00,0.41,2.99,4.15,1.38,0.00,0.59,14.21,0.00,3.84,3.07,0.76,0.37,3.01
116,5e,MWR,Exten,105,2.75,0.00,0.00,0.40,2.93,3.99,1.31,0.00,0.60,14.06,0.00,3.99,3.24,0.80,0.38,3.17
116,5e,MWR,Exten,115,2.83,0.00,0.00,0.38,2.83,3.79,1.23,0.00,0.60,13.53,0.00,4.03,3.34,0.82,0.38,3.25
116,5e,MWR,Exten,125,2.84,0.00,0.00,0.37,2.71,3.56,1.14,0.00,0.59,12.74,0.00,3.98,3.36,0.82,0.38,3.26
116,5e,MWR,Exten,135,2.79,0.00,0.00,0.35,2.57,3.31,1.04,0.00,0.58,11.79,0.00,3.85,3.32,0.81,0.37,3.21
116,5e,MWR,Exten,145,2.69,0.00,0.00,0.33,2.41,3.05,0.94,0.00,0.56,10.75,0.00,3.67,3.23,0.78,0.36,3.11
116,5e,MWR,Exten,155,2.55,0.00,0.00,0.30,2.25,2.78,0.83,0.00,0.53,9.69,0.00,3.44,3.09,0.75,0.34,2.96
116,5e,MWR,Exten,165,2.39,0.00,0.00,0.28,2.09,2.52,0.74,0.00,0.50,8.64,0.00,3.18,2.93,0.70,0.32,2.78
116,5e,MWR,Exten,175,2.21,0.00,0.00,0.26,1.92,2.27,0.64,0.00,0.47,7.64,0.00,2.91,2.74,0.65,0.30,2.58
116,5e,MWR,Exten,185,2.02,0.00,0.00,0.24,1.75,2.03,0.55,0.00,0.44,6.69,0.00,2.63,2.53,0.60,0.27,2.37
116,5e,MWR,Exten,195,1.82,0.00,0.00,0.21,1.59,1.80,0.47,0.00,0.40,5.82,0.00,2.36,2.32,0.54,0.25,2.15
116,5e,MWR,Exten,205,1.63,0.00,0.00,0.19,1.43,1.59,0.40,0.00,0.37,5.02,0.00,2.10,2.11,0.49,0.22,1.93
116,5e,MWR,Exten,215,1.44,0.00,0.00,0.17,1.29,1.39,0.34,0.00,0.34,4.31,0.00,1.85,1.90,0.43,0.20,1.72
116,5e,MWR,Exten,225,1.27,0.00,0.00,0.15,1.15,1.21,0.28,0.00,0.30,3.67,0.00,1.61,1.69,0.38,0.18,1.51
116,5e,MWR,Exten,235,1.10,0.00,0.00,0.13,1.01,1.05,0.23,0.00,0.27,3.11,0.00,1.40,1.50,0.33,0.15,1.32
116,5e,MWR,Exten,245,0.95,0.00,0.00,0.12,0.89,0.90,0.19,0.00,0.24,2.61,0.00,1.20,1.32,0.29,0.13,1.15
116,5e,MWR,Exten,255,0.81,0.00,0.00,0.10,0.78,0.77,0.15,0.00,0.21,2.18,0.00,1.03,1.16,0.25,0.12,0.99
117,5e,MWR,Basc1,5,0.00,0.00,0.00,0.00,0.00,0.00,0.00,0.00,0.00,0.00,0.00,0.00,0.00,0.00,0.00,0.00
117,5e,MWR,Basc1,15,0.21,0.00,0.00,0.05,0.59,0.86,0.86,0.00,0.14,1.14,0.00,0.17,0.09,0.05,0.08,0.22
117,5e,MWR,Basc1,25,1.36,0.00,0.00,0.34,3.02,5.85,2.61,0.00,0.53,7.41,0.00,1.12,0.58,0.34,0.42,1.36
117,5e,MWR,Basc1,35,3.68,0.00,0.00,0.84,6.55,13.88,4.46,0.00,1.05,19.94,0.00,3.05,1.55,0.92,0.99,3.56
117,5e,MWR,Basc1,45,6.71,0.00,0.00,1.26,9.64,20.33,5.84,0.00,1.53,35.27,0.00,5.52,2.78,1.69,1.62,6.31
117,5e,MWR,Basc1,55,9.69,0.00,0.00,1.49,11.49,23.41,6.56,0.00,1.87,48.76,0.00,7.90,3.98,2.44,2.16,8.94
117,5e,MWR,Basc1,65,12.14,0.00,0.00,1.55,12.18,24.02,6.73,0.00,2.07,57.89,0.00,9.77,4.94,3.05,2.54,11.02
117,5e,MWR,Basc1,75,13.93,0.00,0.00,1.53,12.14,23.36,6.57,0.00,2.16,62.55,0.00,11.04,5.64,3.51,2.78,12.51
117,5e,MWR,Basc1,85,15.12,0.00,0.00,1.48,11.73,22.12,6.22,0.00,2.19,63.66,0.00,11.80,6.10,3.80,2.90,13.46
117,5e,MWR,Basc1,95,15.80,0.00,0.00,1.40,11.14,20.63,5.77,0.00,2.16,62.24,0.00,12.12,6.36,3.98,2.95,13.98
117,5e,MWR,Basc1,105,16.03,0.00,0.00,1.31,10.48,19.05,5.29,0.00,2.11,59.11,0.00,12.10,6.46,4.04,2.92,14.14
117,5e,MWR,Basc1,115,15.90,0.00,0.00,1.23,9.79,17.45,4.79,0.00,2.04,54.91,0.00,11.80,6.42,4.01,2.85,13.99
117,5e,MWR,Basc1,125,15.46,0.00,0.00,1.14,9.08,15.89,4.30,0.00,1.95,50.15,0.00,11.30,6.26,3.90,2.75,13.61
117,5e,MWR,Basc1,135,14.79,0.00,0.00,1.05,8.38,14.37,3.82,0.00,1.85,45.16,0.00,10.64,6.02,3.74,2.61,13.03
117,5e,MWR,Basc1,145,13.93,0.00,0.00,0.96,7.69,12.92,3.36,0.00,1.74,40.21,0.00,9.88,5.72,3.53,2.45,12.30
117,5e,MWR,Basc1,155,12.95,0.00,0.00,0.88,7.02,11.56,2.93,0.00,1.63,35.45,0.00,9.06,5.36,3.29,2.28,11.47
117,5e,MWR,Basc1,165,11.89,0.00,0.00,0.80,6.37,10.28,2.53,0.00,1.51,31.00,0.00,8.22,4.97,3.03,2.10,10.57
117,5e,MWR,Basc1,175,10.80,0.00,0.00,0.72,5.76,9.09,2.17,0.00,1.39,26.90,0.00,7.39,4.56,2.76,1.92,9.63
117,5e,MWR,Basc1,185,9.70,0.00,0.00,0.65,5.17,7.99,1.85,0.00,1.27,23.19,0.00,6.58,4.15,2.49,1.73,8.69
117,5e,MWR,Basc1,195,8.63,0.00,0.00,0.58,4.63,6.99,1.56,0.00,1.16,19.86,0.00,5.80,3.75,2.22,1.55,7.77
117,5e,MWR,Basc1,205,7.61,0.00,0.00,0.51,4.11,6.08,1.31,0.00,1.04,16.91,0.00,5.08,3.36,1.97,1.38,6.88
117,5e,MWR,Basc1,215,6.65,0.00,0.00,0.45,3.64,5.26,1.09,0.00,0.94,14.31,0.00,4.42,2.98,1.73,1.22,6.05
117,5e,MWR,Basc1,225,5.77,0.00,0.00,0.40,3.20,4.52,0.89,0.00,0.84,12.04,0.00,3.82,2.63,1.51,1.07,5.27
117,5e,MWR,Basc1,235,4.96,0.00,0.00,0.35,2.80,3.87,0.73,0.00,0.74,10.08,0.00,3.27,2.31,1.30,0.93,4.55
117,5e,MWR,Basc1,245,4.24,0.00,0.00,0.30,2.44,3.29,0.60,0.00,0.65,8.39,0.00,2.79,2.01,1.12,0.80,3.90
117,5e,MWR,Basc1,255,3.59,0.00,0.00,0.26,2.12,2.78,0.48,0.00,0.57,6.94,0.00,2.36,1.74,0.96,0.69,3.32
118,5e,MWR,Intn1,5,0.00,0.00,0.00,0.00,0.00,0.00,0.00,0.00,0.00,0.00,0.00,0.00,0.00,0.00,0.00,0.00
118,5e,MWR,Intn1,15,0.21,0.00,0.00,0.05,0.59,0.86,0.86,0.00,0.14,1.14,0.00,0.17,0.09,0.05,0.08,0.22
118,5e,MWR,Intn1,25,1.36,0.00,0.00,0.34,3.02,5.85,2.61,0.00,0.53,7.41,0.00,1.12,0.58,0.34,0.42,1.36
118,5e,MWR,Intn1,35,3.68,0.00,0.00,0.84,6.55,13.88,4.46,0.00,1.05,19.94,0.00,3.05,1.55,0.92,0.99,3.56
118,5e,MWR,Intn1,45,6.71,0.00,0.00,1.26,9.64,20.33,5.84,0.00,1.53,35.27,0.00,5.52,2.78,1.69,1.62,6.31
118,5e,MWR,Intn1,55,9.69,0.00,0.00,1.49,11.49,23.41,6.56,0.00,1.87,48.76,0.00,7.90,3.98,2.44,2.16,8.94
118,5e,MWR,Intn1,65,12.14,0.00,0.00,1.55,12.18,24.02,6.73,0.00,2.07,57.89,0.00,9.77,4.94,3.05,2.54,11.02
118,5e,MWR,Intn1,75,13.93,0.00,0.00,1.53,12.14,23.36,6.57,0.00,2.16,62.55,0.00,11.04,5.64,3.51,2.78,12.51
118,5e,MWR,Intn1,85,15.12,0.00,0.00,1.48,11.73,22.12,6.22,0.00,2.19,63.66,0.00,11.80,6.10,3.80,2.90,13.46
118,5e,MWR,Intn1,95,15.80,0.00,0.00,1.40,11.14,20.63,5.77,0.00,2.16,62.24,0.00,12.12,6.36,3.98,2.95,13.98
118,5e,MWR,Intn1,105,16.03,0.00,0.00,1.31,10.48,19.05,5.29,0.00,2.11,59.11,0.00,12.10,6.46,4.04,2.92,14.14
118,5e,MWR,Intn1,115,15.90,0.00,0.00,1.23,9.79,17.45,4.79,0.00,2.04,54.91,0.00,11.80,6.42,4.01,2.85,13.99
118,5e,MWR,Intn1,125,15.46,0.00,0.00,1.14,9.08,15.89,4.30,0.00,1.95,50.15,0.00,11.30,6.26,3.90,2.75,13.61
118,5e,MWR,Intn1,135,14.79,0.00,0.00,1.05,8.38,14.37,3.82,0.00,1.85,45.16,0.00,10.64,6.02,3.74,2.61,13.03
118,5e,MWR,Intn1,145,13.93,0.00,0.00,0.96,7.69,12.92,3.36,0.00,1.74,40.21,0.00,9.88,5.72,3.53,2.45,12.30
118,5e,MWR,Intn1,155,12.95,0.00,0.00,0.88,7.02,11.56,2.93,0.00,1.63,35.45,0.00,9.06,5.36,3.29,2.28,11.47
118,5e,MWR,Intn1,165,11.89,0.00,0.00,0.80,6.37,10.28,2.53,0.00,1.51,31.00,0.00,8.22,4.97,3.03,2.10,10.57
118,5e,MWR,Intn1,175,10.80,0.00,0.00,0.72,5.76,9.09,2.17,0.00,1.39,26.90,0.00,7.39,4.56,2.76,1.92,9.63
118,5e,MWR,Intn1,185,9.70,0.00,0.00,0.65,5.17,7.99,1.85,0.00,1.27,23.19,0.00,6.58,4.15,2.49,1.73,8.69
118,5e,MWR,Intn1,195,8.63,0.00,0.00,0.58,4.63,6.99,1.56,0.00,1.16,19.86,0.00,5.80,3.75,2.22,1.55,7.77
118,5e,MWR,Intn1,205,7.61,0.00,0.00,0.51,4.11,6.08,1.31,0.00,1.04,16.91,0.00,5.08,3.36,1.97,1.38,6.88
118,5e,MWR,Intn1,215,6.65,0.00,0.00,0.45,3.64,5.26,1.09,0.00,0.94,14.31,0.00,4.42,2.98,1.73,1.22,6.05
118,5e,MWR,Intn1,225,5.77,0.00,0.00,0.40,3.20,4.52,0.89,0.00,0.84,12.04,0.00,3.82,2.63,1.51,1.07,5.27
118,5e,MWR,Intn1,235,4.96,0.00,0.00,0.35,2.80,3.87,0.73,0.00,0.74,10.08,0.00,3.27,2.31,1.30,0.93,4.55
118,5e,MWR,Intn1,245,4.24,0.00,0.00,0.30,2.44,3.29,0.60,0.00,0.65,8.39,0.00,2.79,2.01,1.12,0.80,3.90
118,5e,MWR,Intn1,255,3.59,0.00,0.00,0.26,2.12,2.78,0.48,0.00,0.57,6.94,0.00,2.36,1.74,0.96,0.69,3.32
9980001,5e,PR1,Depl,0,0.00,23.00,0.00,0.00,0.00,0.00,0.00,0.00,0.00,0.00,0.00,0.00,0.00,0.00,0.00,0.00
9980002,5e,PWUS4,Depl,0,16.00,2.00,0.00,0.00,1.00,1.00,0.00,0.00,0.00,2.00,0.00,1.00,0.00,0.00,0.00,2.00
9980003,5e,PWOR,Depl,0,11.00,1.00,0.00,0.00,0.00,0.00,0.00,0.00,0.00,2.00,0.00,1.00,1.00,6.00,0.00,3.00
9980004,5e,PWUSC,Depl,0,8.00,5.00,1.00,0.00,1.00,1.00,0.00,0.00,0.00,3.00,0.00,1.00,0.00,1.00,0.00,2.00
9980005,5e,PWUSH,Depl,0,9.00,1.00,0.00,0.00,2.00,1.00,1.00,0.00,1.00,4.00,0.00,2.00,1.00,1.00,0.00,3.00
9980006,5e,PR1,Depl,5,0.00,23.00,0.00,0.00,0.00,0.00,0.00,0.00,0.00,0.00,0.00,0.00,0.00,0.00,0.00,0.00
9980006,5e,PWST,Depl,0,10.00,2.00,0.00,0.00,1.00,1.00,0.00,0.00,0.00,5.00,0.00,2.00,1.00,1.00,0.00,2.00
9980007,5e,PJ1,Depl,0,1.00,0.00,22.00,0.00,0.00,0.00,0.00,0.00,0.00,1.00,0.00,1.00,0.00,0.00,0.00,0.00
9980007,5e,PWUS4,Depl,5,16.00,2.00,0.00,0.00,1.00,1.00,0.00,0.00,0.00,2.00,0.00,1.00,0.00,0.00,0.00,2.00
9980008,5e,PJ2,Depl,0,2.00,0.00,15.00,1.00,0.00,0.00,0.00,0.00,0.00,4.00,0.00,2.00,0.00,0.00,0.00,0.00
9980008,5e,PWOR,Depl,5,11.00,1.00,0.00,0.00,0.00,0.00,0.00,0.00,0.00,2.00,0.00,1.00,1.00,6.00,0.00,3.00
9980009,5e,HE1,Depl,0,1.00,0.00,0.00,0.00,0.00,1.00,0.00,0.00,13.00,0.00,0.00,0.00,3.00,0.00,3.00,2.00
9980009,5e,PWUSC,Depl,5,8.00,5.00,1.00,0.00,1.00,1.00,0.00,0.00,0.00,3.00,0.00,1.00,0.00,1.00,0.00,2.00
9980010,5e,CE1,Depl,0,0.00,0.00,0.00,0.00,1.00,2.00,18.00,1.00,0.00,0.00,0.00,0.00,0.00,0.00,0.00,1.00
9980010,5e,PWUSH,Depl,5,9.00,1.00,0.00,0.00,2.00,1.00,1.00,0.00,1.00,4.00,0.00,2.00,1.00,1.00,0.00,3.00
9980011,5e,PWST,Depl,5,10.00,2.00,0.00,0.00,1.00,1.00,0.00,0.00,0.00,5.00,0.00,2.00,1.00,1.00,0.00,2.00
9980011,5e,SB1,Depl,0,0.00,0.00,0.00,23.00,0.00,1.00,0.00,1.00,0.00,0.00,0.00,0.00,0.00,0.00,0.00,0.00
9980012,5e,LC1,Depl,0,0.00,0.00,0.00,9.00,0.00,2.00,3.00,10.00,0.00,0.00,0.00,0.00,0.00,0.00,0.00,1.00
9980012,5e,PJ1,Depl,5,1.00,0.00,22.00,0.00,0.00,0.00,0.00,0.00,0.00,1.00,0.00,1.00,0.00,0.00,0.00,0.00
9980013,5e,PJ2,Depl,5,2.00,0.00,15.00,1.00,0.00,0.00,0.00,0.00,0.00,4.00,0.00,2.00,0.00,0.00,0.00,0.00
9980013,5e,SP1,Depl,0,2.00,0.00,4.00,10.00,1.00,2.00,0.00,0.00,0.00,2.00,0.00,1.00,0.00,0.00,0.00,1.00
9980014,5e,HE1,Depl,5,1.00,0.00,0.00,0.00,0.00,1.00,0.00,0.00,13.00,0.00,0.00,0.00,3.00,0.00,3.00,2.00
9980014,5e,SF1,Depl,0,1.00,0.00,0.00,2.00,5.00,8.00,4.00,1.00,0.00,1.00,0.00,0.00,0.00,0.00,0.00,2.00
9980015,5e,BY1,Depl,0,0.00,0.00,0.00,0.00,2.00,2.00,0.00,0.00,2.00,0.00,0.00,0.00,5.00,0.00,12.00,2.00
9980015,5e,CE1,Depl,5,0.00,0.00,0.00,0.00,1.00,2.00,18.00,1.00,0.00,0.00,0.00,0.00,0.00,0.00,0.00,1.00
9980016,5e,OAK,Depl,0,2.00,0.00,0.00,0.00,0.00,0.00,0.00,0.00,0.00,2.00,0.00,1.00,2.00,12.00,0.00,4.00
9980016,5e,PR1,Depl,15,0.00,23.00,0.00,0.00,0.00,0.00,0.00,0.00,0.00,0.00,0.00,0.00,0.00,0.00,0.00,0.00
9980016,5e,SB1,Depl,5,0.00,0.00,0.00,23.00,0.00,1.00,0.00,1.00,0.00,0.00,0.00,0.00,0.00,0.00,0.00,0.00
9980017,5e,HDSL2,Depl,0,0.00,0.00,0.00,0.00,0.00,0.00,0.00,0.00,1.00,1.00,0.00,0.00,11.00,2.00,1.00,8.00
9980017,5e,LC1,Depl,5,0.00,0.00,0.00,9.00,0.00,2.00,3.00,10.00,0.00,0.00,0.00,0.00,0.00,0.00,0.00,1.00
9980017,5e,PWUS4,Depl,15,16.00,2.00,0.00,0.00,1.00,1.00,0.00,0.00,0.00,2.00,0.00,1.00,0.00,0.00,0.00,2.00
9980018,5e,HDSL1,Depl,0,0.00,0.00,0.00,0.00,0.00,0.00,0.00,0.00,2.00,1.00,0.00,0.00,14.00,0.00,2.00,4.00
9980018,5e,PWOR,Depl,15,11.00,1.00,0.00,0.00,0.00,0.00,0.00,0.00,0.00,2.00,0.00,1.00,1.00,6.00,0.00,3.00
9980018,5e,SP1,Depl,5,2.00,0.00,4.00,10.00,1.00,2.00,0.00,0.00,0.00,2.00,0.00,1.00,0.00,0.00,0.00,1.00
9980019,5e,LWMW,Depl,0,0.00,0.00,0.00,0.00,0.00,2.00,5.00,1.00,0.00,2.00,0.00,0.00,0.00,0.00,0.00,14.00
9980019,5e,PWUSC,Depl,15,8.00,5.00,1.00,0.00,1.00,1.00,0.00,0.00,0.00,3.00,0.00,1.00,0.00,1.00,0.00,2.00
9980019,5e,SF1,Depl,5,1.00,0.00,0.00,2.00,5.00,8.00,4.00,1.00,0.00,1.00,0.00,0.00,0.00,0.00,0.00,2.00
9980020,5e,BY1,Depl,5,0.00,0.00,0.00,0.00,2.00,2.00,0.00,0.00,2.00,0.00,0.00,0.00,5.00,0.00,12.00,2.00
9980020,5e,HDUS,Depl,0,0.00,0.00,0.00,0.00,0.00,1.00,0.00,0.00,2.00,2.00,0.00,2.00,12.00,1.00,2.00,3.00
9980020,5e,PWUSH,Depl,15,9.00,1.00,0.00,0.00,2.00,1.00,1.00,0.00,1.00,4.00,0.00,2.00,1.00,1.00,0.00,3.00
9980021,5e,OAK,Depl,5,2.00,0.00,0.00,0.00,0.00,0.00,0.00,0.00,0.00,2.00,0.00,1.00,2.00,12.00,0.00,4.00
9980021,5e,PO1,Depl,0,1.00,0.00,0.00,0.00,0.00,1.00,0.00,0.00,0.00,16.00,0.00,2.00,1.00,0.00,0.00,2.00
9980021,5e,PWST,Depl,15,10.00,2.00,0.00,0.00,1.00,1.00,0.00,0.00,0.00,5.00,0.00,2.00,1.00,1.00,0.00,2.00
9980022,5e,BW1,Depl,0,1.00,0.00,0.00,0.00,1.00,2.00,0.00,0.00,0.00,7.00,0.00,8.00,2.00,1.00,0.00,3.00
9980022,5e,HDSL2,Depl,5,0.00,0.00,0.00,0.00,0.00,0.00,0.00,0.00,1.00,1.00,0.00,0.00,11.00,2.00,1.00,8.00
9980022,5e,PJ1,Depl,15,1.00,0.00,22.00,0.00,0.00,0.00,0.00,0.00,0.00,1.00,0.00,1.00,0.00,0.00,0.00,0.00
9980023,5e,HDSL1,Depl,5,0.00,0.00,0.00,0.00,0.00,0.00,0.00,0.00,2.00,1.00,0.00,0.00,14.00,0.00,2.00,4.00
9980023,5e,MWUS,Depl,0,2.00,0.00,0.00,0.00,2.00,2.00,3.00,0.00,0.00,4.00,0.00,2.00,4.00,1.00,0.00,5.00
9980023,5e,PJ2,Depl,15,2.00,0.00,15.00,1.00,0.00,0.00,0.00,0.00,0.00,4.00,0.00,2.00,0.00,0.00,0.00,0.00
9980024,5e,HE1,Depl,15,1.00,0.00,0.00,0.00,0.00,1.00,0.00,0.00,13.00,0.00,0.00,0.00,3.00,0.00,3.00,2.00
9980024,5e,LWMW,Depl,5,0.00,0.00,0.00,0.00,0.00,2.00,5.00,1.00,0.00,2.00,0.00,0.00,0.00,0.00,0.00,14.00
9980024,5e,MWD,Depl,0,4.00,0.00,2.00,0.00,1.00,2.00,0.00,0.00,0.00,6.00,0.00,2.00,0.00,1.00,0.00,4.00
9980025,5e,CE1,Depl,15,0.00,0.00,0.00,0.00,1.00,2.00,18.00,1.00,0.00,0.00,0.00,0.00,0.00,0.00,0.00,1.00
9980025,5e,HDUS,Depl,5,0.00,0.00,0.00,0.00,0.00,1.00,0.00,0.00,2.00,2.00,0.00,2.00,12.00,1.00,2.00,3.00
9980025,5e,MWR,Depl,0,1.00,0.00,0.00,0.00,2.00,4.00,1.00,0.00,0.00,5.00,0.00,2.00,2.00,0.00,0.00,8.00
9980026,5e,PO1,Depl,5,1.00,0.00,0.00,0.00,0.00,1.00,0.00,0.00,0.00,16.00,0.00,2.00,1.00,0.00,0.00,2.00
9980026,5e,PR1,Depl,25,0.00,23.00,0.00,0.00,0.00,0.00,0.00,0.00,0.00,0.00,0.00,0.00,0.00,0.00,0.00,0.00
9980026,5e,SB1,Depl,15,0.00,0.00,0.00,23.00,0.00,1.00,0.00,1.00,0.00,0.00,0.00,0.00,0.00,0.00,0.00,0.00
9980027,5e,BW1,Depl,5,1.00,0.00,0.00,0.00,1.00,2.00,0.00,0.00,0.00,7.00,0.00,8.00,2.00,1.00,0.00,3.00
9980027,5e,LC1,Depl,15,0.00,0.00,0.00,9.00,0.00,2.00,3.00,10.00,0.00,0.00,0.00,0.00,0.00,0.00,0.00,1.00
9980027,5e,PWUS4,Depl,25,16.00,2.00,0.00,0.00,1.00,1.00,0.00,0.00,0.00,2.00,0.00,1.00,0.00,0.00,0.00,2.00
9980028,5e,MWUS,Depl,5,2.00,0.00,0.00,0.00,2.00,2.00,3.00,0.00,0.00,4.00,0.00,2.00,4.00,1.00,0.00,5.00
9980028,5e,PWOR,Depl,25,11.00,1.00,0.00,0.00,0.00,0.00,0.00,0.00,0.00,2.00,0.00,1.00,1.00,6.00,0.00,3.00
9980028,5e,SP1,Depl,15,2.00,0.00,4.00,10.00,1.00,2.00,0.00,0.00,0.00,2.00,0.00,1.00,0.00,0.00,0.00,1.00
9980029,5e,MWD,Depl,5,4.00,0.00,2.00,0.00,1.00,2.00,0.00,0.00,0.00,6.00,0.00,2.00,0.00,1.00,0.00,4.00
9980029,5e,PWUSC,Depl,25,8.00,5.00,1.00,0.00,1.00,1.00,0.00,0.00,0.00,3.00,0.00,1.00,0.00,1.00,0.00,2.00
9980029,5e,SF1,Depl,15,1.00,0.00,0.00,2.00,5.00,8.00,4.00,1.00,0.00,1.00,0.00,0.00,0.00,0.00,0.00,2.00
9980030,5e,BY1,Depl,15,0.00,0.00,0.00,0.00,2.00,2.00,0.00,0.00,2.00,0.00,0.00,0.00,5.00,0.00,12.00,2.00
9980030,5e,MWR,Depl,5,1.00,0.00,0.00,0.00,2.00,4.00,1.00,0.00,0.00,5.00,0.00,2.00,2.00,0.00,0.00,8.00
9980030,5e,PWUSH,Depl,25,9.00,1.00,0.00,0.00,2.00,1.00,1.00,0.00,1.00,4.00,0.00,2.00,1.00,1.00,0.00,3.00
9980031,5e,OAK,Depl,15,2.00,0.00,0.00,0.00,0.00,0.00,0.00,0.00,0.00,2.00,0.00,1.00,2.00,12.00,0.00,4.00
9980031,5e,PWST,Depl,25,10.00,2.00,0.00,0.00,1.00,1.00,0.00,0.00,0.00,5.00,0.00,2.00,1.00,1.00,0.00,2.00
9980032,5e,HDSL2,Depl,15,0.00,0.00,0.00,0.00,0.00,0.00,0.00,0.00,1.00,1.00,0.00,0.00,11.00,2.00,1.00,8.00
9980032,5e,PJ1,Depl,25,1.00,0.00,22.00,0.00,0.00,0.00,0.00,0.00,0.00,1.00,0.00,1.00,0.00,0.00,0.00,0.00
9980033,5e,HDSL1,Depl,15,0.00,0.00,0.00,0.00,0.00,0.00,0.00,0.00,2.00,1.00,0.00,0.00,14.00,0.00,2.00,4.00
9980033,5e,PJ2,Depl,25,2.00,0.00,15.00,1.00,0.00,0.00,0.00,0.00,0.00,4.00,0.00,2.00,0.00,0.00,0.00,0.00
9980034,5e,HE1,Depl,25,1.00,0.00,0.00,0.00,0.00,1.00,0.00,0.00,13.00,0.00,0.00,0.00,3.00,0.00,3.00,2.00
9980034,5e,LWMW,Depl,15,0.00,0.00,0.00,0.00,0.00,2.00,5.00,1.00,0.00,2.00,0.00,0.00,0.00,0.00,0.00,14.00
9980035,5e,CE1,Depl,25,0.00,0.00,0.00,0.00,1.00,2.00,18.00,1.00,0.00,0.00,0.00,0.00,0.00,0.00,0.00,1.00
9980035,5e,HDUS,Depl,15,0.00,0.00,0.00,0.00,0.00,1.00,0.00,0.00,2.00,2.00,0.00,2.00,12.00,1.00,2.00,3.00
9980036,5e,PO1,Depl,15,1.00,0.00,0.00,0.00,0.00,1.00,0.00,0.00,0.00,16.00,0.00,2.00,1.00,0.00,0.00,2.00
9980036,5e,PR1,Depl,35,0.00,23.00,0.00,0.00,0.00,0.00,0.00,0.00,0.00,0.00,0.00,0.00,0.00,0.00,0.00,0.00
9980036,5e,SB1,Depl,25,0.00,0.00,0.00,23.00,0.00,1.00,0.00,1.00,0.00,0.00,0.00,0.00,0.00,0.00,0.00,0.00
9980037,5e,BW1,Depl,15,1.00,0.00,0.00,0.00,1.00,2.00,0.00,0.00,0.00,7.00,0.00,8.00,2.00,1.00,0.00,3.00
9980037,5e,LC1,Depl,25,0.00,0.00,0.00,9.00,0.00,2.00,3.00,10.00,0.00,0.00,0.00,0.00,0.00,0.00,0.00,1.00
9980037,5e,PWUS4,Depl,35,16.00,2.00,0.00,0.00,1.00,1.00,0.00,0.00,0.00,2.00,0.00,1.00,0.00,0.00,0.00,2.00
9980038,5e,MWUS,Depl,15,2.00,0.00,0.00,0.00,2.00,2.00,3.00,0.00,0.00,4.00,0.00,2.00,4.00,1.00,0.00,5.00
9980038,5e,PWOR,Depl,35,11.00,1.00,0.00,0.00,0.00,0.00,0.00,0.00,0.00,2.00,0.00,1.00,1.00,6.00,0.00,3.00
9980038,5e,SP1,Depl,25,2.00,0.00,4.00,10.00,1.00,2.00,0.00,0.00,0.00,2.00,0.00,1.00,0.00,0.00,0.00,1.00
9980039,5e,MWD,Depl,15,4.00,0.00,2.00,0.00,1.00,2.00,0.00,0.00,0.00,6.00,0.00,2.00,0.00,1.00,0.00,4.00
9980039,5e,PWUSC,Depl,35,8.00,5.00,1.00,0.00,1.00,1.00,0.00,0.00,0.00,3.00,0.00,1.00,0.00,1.00,0.00,2.00
9980039,5e,SF1,Depl,25,1.00,0.00,0.00,2.00,5.00,8.00,4.00,1.00,0.00,1.00,0.00,0.00,0.00,0.00,0.00,2.00
9980040,5e,BY1,Depl,25,0.00,0.00,0.00,0.00,2.00,2.00,0.00,0.00,2.00,0.00,0.00,0.00,5.00,0.00,12.00,2.00
9980040,5e,MWR,Depl,15,1.00,0.00,0.00,0.00,2.00,4.00,1.00,0.00,0.00,5.00,0.00,2.00,2.00,0.00,0.00,8.00
9980040,5e,PWUSH,Depl,35,9.00,1.00,0.00,0.00,2.00,1.00,1.00,0.00,1.00,4.00,0.00,2.00,1.00,1.00,0.00,3.00
9980041,5e,OAK,Depl,25,2.00,0.00,0.00,0.00,0.00,0.00,0.00,0.00,0.00,2.00,0.00,1.00,2.00,12.00,0.00,4.00
9980041,5e,PWST,Depl,35,10.00,2.00,0.00,0.00,1.00,1.00,0.00,0.00,0.00,5.00,0.00,2.00,1.00,1.00,0.00,2.00
9980042,5e,HDSL2,Depl,25,0.00,0.00,0.00,0.00,0.00,0.00,0.00,0.00,1.00,1.00,0.00,0.00,11.00,2.00,1.00,8.00
9980042,5e,PJ1,Depl,35,1.00,0.00,22.00,0.00,0.00,0.00,0.00,0.00,0.00,1.00,0.00,1.00,0.00,0.00,0.00,0.00
9980043,5e,HDSL1,Depl,25,0.00,0.00,0.00,0.00,0.00,0.00,0.00,0.00,2.00,1.00,0.00,0.00,14.00,0.00,2.00,4.00
9980043,5e,PJ2,Depl,35,2.00,0.00,15.00,1.00,0.00,0.00,0.00,0.00,0.00,4.00,0.00,2.00,0.00,0.00,0.00,0.00
9980044,5e,HE1,Depl,35,1.00,0.00,0.00,0.00,0.00,1.00,0.00,0.00,13.00,0.00,0.00,0.00,3.00,0.00,3.00,2.00
9980044,5e,LWMW,Depl,25,0.00,0.00,0.00,0.00,0.00,2.00,5.00,1.00,0.00,2.00,0.00,0.00,0.00,0.00,0.00,14.00
9980045,5e,CE1,Depl,35,0.00,0.00,0.00,0.00,1.00,2.00,18.00,1.00,0.00,0.00,0.00,0.00,0.00,0.00,0.00,1.00
9980045,5e,HDUS,Depl,25,0.00,0.00,0.00,0.00,0.00,1.00,0.00,0.00,2.00,2.00,0.00,2.00,12.00,1.00,2.00,3.00
9980046,5e,PO1,Depl,25,1.00,0.00,0.00,0.00,0.00,1.00,0.00,0.00,0.00,16.00,0.00,2.00,1.00,0.00,0.00,2.00
9980046,5e,PR1,Depl,45,0.00,23.00,0.00,0.00,0.00,0.00,0.00,0.00,0.00,0.00,0.00,0.00,0.00,0.00,0.00,0.00
9980046,5e,SB1,Depl,35,0.00,0.00,0.00,23.00,0.00,1.00,0.00,1.00,0.00,0.00,0.00,0.00,0.00,0.00,0.00,0.00
9980047,5e,BW1,Depl,25,1.00,0.00,0.00,0.00,1.00,2.00,0.00,0.00,0.00,7.00,0.00,8.00,2.00,1.00,0.00,3.00
9980047,5e,LC1,Depl,35,0.00,0.00,0.00,9.00,0.00,2.00,3.00,10.00,0.00,0.00,0.00,0.00,0.00,0.00,0.00,1.00
9980047,5e,PWUS4,Depl,45,16.00,2.00,0.00,0.00,1.00,1.00,0.00,0.00,0.00,2.00,0.00,1.00,0.00,0.00,0.00,2.00
9980048,5e,MWUS,Depl,25,2.00,0.00,0.00,0.00,2.00,2.00,3.00,0.00,0.00,4.00,0.00,2.00,4.00,1.00,0.00,5.00
9980048,5e,PWOR,Depl,45,11.00,1.00,0.00,0.00,0.00,0.00,0.00,0.00,0.00,2.00,0.00,1.00,1.00,6.00,0.00,3.00
9980048,5e,SP1,Depl,35,2.00,0.00,4.00,10.00,1.00,2.00,0.00,0.00,0.00,2.00,0.00,1.00,0.00,0.00,0.00,1.00
9980049,5e,MWD,Depl,25,4.00,0.00,2.00,0.00,1.00,2.00,0.00,0.00,0.00,6.00,0.00,2.00,0.00,1.00,0.00,4.00
9980049,5e,PWUSC,Depl,45,8.00,5.00,1.00,0.00,1.00,1.00,0.00,0.00,0.00,3.00,0.00,1.00,0.00,1.00,0.00,2.00
9980049,5e,SF1,Depl,35,1.00,0.00,0.00,2.00,5.00,8.00,4.00,1.00,0.00,1.00,0.00,0.00,0.00,0.00,0.00,2.00
9980050,5e,BY1,Depl,35,0.00,0.00,0.00,0.00,2.00,2.00,0.00,0.00,2.00,0.00,0.00,0.00,5.00,0.00,12.00,2.00
9980050,5e,MWR,Depl,25,1.00,0.00,0.00,0.00,2.00,4.00,1.00,0.00,0.00,5.00,0.00,2.00,2.00,0.00,0.00,8.00
9980050,5e,PWUSH,Depl,45,9.00,1.00,0.00,0.00,2.00,1.00,1.00,0.00,1.00,4.00,0.00,2.00,1.00,1.00,0.00,3.00
9980051,5e,OAK,Depl,35,2.00,0.00,0.00,0.00,0.00,0.00,0.00,0.00,0.00,2.00,0.00,1.00,2.00,12.00,0.00,4.00
9980051,5e,PWST,Depl,45,10.00,2.00,0.00,0.00,1.00,1.00,0.00,0.00,0.00,5.00,0.00,2.00,1.00,1.00,0.00,2.00
9980052,5e,HDSL2,Depl,35,0.00,0.00,0.00,0.00,0.00,0.00,0.00,0.00,1.00,1.00,0.00,0.00,11.00,2.00,1.00,8.00
9980052,5e,PJ1,Depl,45,1.00,0.00,22.00,0.00,0.00,0.00,0.00,0.00,0.00,1.00,0.00,1.00,0.00,0.00,0.00,0.00
9980053,5e,HDSL1,Depl,35,0.00,0.00,0.00,0.00,0.00,0.00,0.00,0.00,2.00,1.00,0.00,0.00,14.00,0.00,2.00,4.00
9980053,5e,PJ2,Depl,45,2.00,0.00,15.00,1.00,0.00,0.00,0.00,0.00,0.00,4.00,0.00,2.00,0.00,0.00,0.00,0.00
9980054,5e,HE1,Depl,45,1.00,0.00,0.00,0.00,0.00,1.00,0.00,0.00,13.00,0.00,0.00,0.00,3.00,0.00,3.00,2.00
9980054,5e,LWMW,Depl,35,0.00,0.00,0.00,0.00,0.00,2.00,5.00,1.00,0.00,2.00,0.00,0.00,0.00,0.00,0.00,14.00
9980055,5e,CE1,Depl,45,0.00,0.00,0.00,0.00,1.00,2.00,18.00,1.00,0.00,0.00,0.00,0.00,0.00,0.00,0.00,1.00
9980055,5e,HDUS,Depl,35,0.00,0.00,0.00,0.00,0.00,1.00,0.00,0.00,2.00,2.00,0.00,2.00,12.00,1.00,2.00,3.00
9980056,5e,PO1,Depl,35,1.00,0.00,0.00,0.00,0.00,1.00,0.00,0.00,0.00,16.00,0.00,2.00,1.00,0.00,0.00,2.00
9980056,5e,PR1,Depl,55,0.00,23.00,0.00,0.00,0.00,0.00,0.00,0.00,0.00,0.00,0.00,0.00,0.00,0.00,0.00,0.00
9980056,5e,SB1,Depl,45,0.00,0.00,0.00,23.00,0.00,1.00,0.00,1.00,0.00,0.00,0.00,0.00,0.00,0.00,0.00,0.00
9980057,5e,BW1,Depl,35,1.00,0.00,0.00,0.00,1.00,2.00,0.00,0.00,0.00,7.00,0.00,8.00,2.00,1.00,0.00,3.00
9980057,5e,LC1,Depl,45,0.00,0.00,0.00,9.00,0.00,2.00,3.00,10.00,0.00,0.00,0.00,0.00,0.00,0.00,0.00,1.00
9980057,5e,PWUS4,Depl,55,16.00,2.00,0.00,0.00,1.00,1.00,0.00,0.00,0.00,2.00,0.00,1.00,0.00,0.00,0.00,2.00
9980058,5e,MWUS,Depl,35,2.00,0.00,0.00,0.00,2.00,2.00,3.00,0.00,0.00,4.00,0.00,2.00,4.00,1.00,0.00,5.00
9980058,5e,PWOR,Depl,55,11.00,1.00,0.00,0.00,0.00,0.00,0.00,0.00,0.00,2.00,0.00,1.00,1.00,6.00,0.00,3.00
9980058,5e,SP1,Depl,45,2.00,0.00,4.00,10.00,1.00,2.00,0.00,0.00,0.00,2.00,0.00,1.00,0.00,0.00,0.00,1.00
9980059,5e,MWD,Depl,35,4.00,0.00,2.00,0.00,1.00,2.00,0.00,0.00,0.00,6.00,0.00,2.00,0.00,1.00,0.00,4.00
9980059,5e,PWUSC,Depl,55,8.00,5.00,1.00,0.00,1.00,1.00,0.00,0.00,0.00,3.00,0.00,1.00,0.00,1.00,0.00,2.00
9980059,5e,SF1,Depl,45,1.00,0.00,0.00,2.00,5.00,8.00,4.00,1.00,0.00,1.00,0.00,0.00,0.00,0.00,0.00,2.00
9980060,5e,BY1,Depl,45,0.00,0.00,0.00,0.00,2.00,2.00,0.00,0.00,2.00,0.00,0.00,0.00,5.00,0.00,12.00,2.00
9980060,5e,MWR,Depl,35,1.00,0.00,0.00,0.00,2.00,4.00,1.00,0.00,0.00,5.00,0.00,2.00,2.00,0.00,0.00,8.00
9980060,5e,PWUSH,Depl,55,9.00,1.00,0.00,0.00,2.00,1.00,1.00,0.00,1.00,4.00,0.00,2.00,1.00,1.00,0.00,3.00
9980061,5e,OAK,Depl,45,2.00,0.00,0.00,0.00,0.00,0.00,0.00,0.00,0.00,2.00,0.00,1.00,2.00,12.00,0.00,4.00
9980061,5e,PWST,Depl,55,10.00,2.00,0.00,0.00,1.00,1.00,0.00,0.00,0.00,5.00,0.00,2.00,1.00,1.00,0.00,2.00
9980062,5e,HDSL2,Depl,45,0.00,0.00,0.00,0.00,0.00,0.00,0.00,0.00,1.00,1.00,0.00,0.00,11.00,2.00,1.00,8.00
9980062,5e,PJ1,Depl,55,1.00,0.00,22.00,0.00,0.00,0.00,0.00,0.00,0.00,1.00,0.00,1.00,0.00,0.00,0.00,0.00
9980063,5e,HDSL1,Depl,45,0.00,0.00,0.00,0.00,0.00,0.00,0.00,0.00,2.00,1.00,0.00,0.00,14.00,0.00,2.00,4.00
9980063,5e,PJ2,Depl,55,2.00,0.00,15.00,1.00,0.00,0.00,0.00,0.00,0.00,4.00,0.00,2.00,0.00,0.00,0.00,0.00
9980064,5e,HE1,Depl,55,1.00,0.00,0.00,0.00,0.00,1.00,0.00,0.00,13.00,0.00,0.00,0.00,3.00,0.00,3.00,2.00
9980064,5e,LWMW,Depl,45,0.00,0.00,0.00,0.00,0.00,2.00,5.00,1.00,0.00,2.00,0.00,0.00,0.00,0.00,0.00,14.00
9980065,5e,CE1,Depl,55,0.00,0.00,0.00,0.00,1.00,2.00,18.00,1.00,0.00,0.00,0.00,0.00,0.00,0.00,0.00,1.00
9980065,5e,HDUS,Depl,45,0.00,0.00,0.00,0.00,0.00,1.00,0.00,0.00,2.00,2.00,0.00,2.00,12.00,1.00,2.00,3.00
9980066,5e,PO1,Depl,45,1.00,0.00,0.00,0.00,0.00,1.00,0.00,0.00,0.00,16.00,0.00,2.00,1.00,0.00,0.00,2.00
9980066,5e,PR1,Depl,65,0.00,23.00,0.00,0.00,0.00,0.00,0.00,0.00,0.00,0.00,0.00,0.00,0.00,0.00,0.00,0.00
9980066,5e,SB1,Depl,55,0.00,0.00,0.00,23.00,0.00,1.00,0.00,1.00,0.00,0.00,0.00,0.00,0.00,0.00,0.00,0.00
9980067,5e,BW1,Depl,45,1.00,0.00,0.00,0.00,1.00,2.00,0.00,0.00,0.00,7.00,0.00,8.00,2.00,1.00,0.00,3.00
9980067,5e,LC1,Depl,55,0.00,0.00,0.00,9.00,0.00,2.00,3.00,10.00,0.00,0.00,0.00,0.00,0.00,0.00,0.00,1.00
9980067,5e,PWUS4,Depl,65,16.00,2.00,0.00,0.00,1.00,1.00,0.00,0.00,0.00,2.00,0.00,1.00,0.00,0.00,0.00,2.00
9980068,5e,MWUS,Depl,45,2.00,0.00,0.00,0.00,2.00,2.00,3.00,0.00,0.00,4.00,0.00,2.00,4.00,1.00,0.00,5.00
9980068,5e,PWOR,Depl,65,11.00,1.00,0.00,0.00,0.00,0.00,0.00,0.00,0.00,2.00,0.00,1.00,1.00,6.00,0.00,3.00
9980068,5e,SP1,Depl,55,2.00,0.00,4.00,10.00,1.00,2.00,0.00,0.00,0.00,2.00,0.00,1.00,0.00,0.00,0.00,1.00
9980069,5e,MWD,Depl,45,4.00,0.00,2.00,0.00,1.00,2.00,0.00,0.00,0.00,6.00,0.00,2.00,0.00,1.00,0.00,4.00
9980069,5e,PWUSC,Depl,65,8.00,5.00,1.00,0.00,1.00,1.00,0.00,0.00,0.00,3.00,0.00,1.00,0.00,1.00,0.00,2.00
9980069,5e,SF1,Depl,55,1.00,0.00,0.00,2.00,5.00,8.00,4.00,1.00,0.00,1.00,0.00,0.00,0.00,0.00,0.00,2.00
9980070,5e,BY1,Depl,55,0.00,0.00,0.00,0.00,2.00,2.00,0.00,0.00,2.00,0.00,0.00,0.00,5.00,0.00,12.00,2.00
9980070,5e,MWR,Depl,45,1.00,0.00,0.00,0.00,2.00,4.00,1.00,0.00,0.00,5.00,0.00,2.00,2.00,0.00,0.00,8.00
9980070,5e,PWUSH,Depl,65,9.00,1.00,0.00,0.00,2.00,1.00,1.00,0.00,1.00,4.00,0.00,2.00,1.00,1.00,0.00,3.00
9980071,5e,OAK,Depl,55,2.00,0.00,0.00,0.00,0.00,0.00,0.00,0.00,0.00,2.00,0.00,1.00,2.00,12.00,0.00,4.00
9980071,5e,PWST,Depl,65,10.00,2.00,0.00,0.00,1.00,1.00,0.00,0.00,0.00,5.00,0.00,2.00,1.00,1.00,0.00,2.00
9980072,5e,HDSL2,Depl,55,0.00,0.00,0.00,0.00,0.00,0.00,0.00,0.00,1.00,1.00,0.00,0.00,11.00,2.00,1.00,8.00
9980072,5e,PJ1,Depl,65,1.00,0.00,22.00,0.00,0.00,0.00,0.00,0.00,0.00,1.00,0.00,1.00,0.00,0.00,0.00,0.00
9980073,5e,HDSL1,Depl,55,0.00,0.00,0.00,0.00,0.00,0.00,0.00,0.00,2.00,1.00,0.00,0.00,14.00,0.00,2.00,4.00
9980073,5e,PJ2,Depl,65,2.00,0.00,15.00,1.00,0.00,0.00,0.00,0.00,0.00,4.00,0.00,2.00,0.00,0.00,0.00,0.00
9980074,5e,HE1,Depl,65,1.00,0.00,0.00,0.00,0.00,1.00,0.00,0.00,13.00,0.00,0.00,0.00,3.00,0.00,3.00,2.00
9980074,5e,LWMW,Depl,55,0.00,0.00,0.00,0.00,0.00,2.00,5.00,1.00,0.00,2.00,0.00,0.00,0.00,0.00,0.00,14.00
9980075,5e,CE1,Depl,65,0.00,0.00,0.00,0.00,1.00,2.00,18.00,1.00,0.00,0.00,0.00,0.00,0.00,0.00,0.00,1.00
9980075,5e,HDUS,Depl,55,0.00,0.00,0.00,0.00,0.00,1.00,0.00,0.00,2.00,2.00,0.00,2.00,12.00,1.00,2.00,3.00
9980076,5e,PO1,Depl,55,1.00,0.00,0.00,0.00,0.00,1.00,0.00,0.00,0.00,16.00,0.00,2.00,1.00,0.00,0.00,2.00
9980076,5e,PR1,Depl,75,0.00,23.00,0.00,0.00,0.00,0.00,0.00,0.00,0.00,0.00,0.00,0.00,0.00,0.00,0.00,0.00
9980076,5e,SB1,Depl,65,0.00,0.00,0.00,23.00,0.00,1.00,0.00,1.00,0.00,0.00,0.00,0.00,0.00,0.00,0.00,0.00
9980077,5e,BW1,Depl,55,1.00,0.00,0.00,0.00,1.00,2.00,0.00,0.00,0.00,7.00,0.00,8.00,2.00,1.00,0.00,3.00
9980077,5e,LC1,Depl,65,0.00,0.00,0.00,9.00,0.00,2.00,3.00,10.00,0.00,0.00,0.00,0.00,0.00,0.00,0.00,1.00
9980077,5e,PWUS4,Depl,75,16.00,2.00,0.00,0.00,1.00,1.00,0.00,0.00,0.00,2.00,0.00,1.00,0.00,0.00,0.00,2.00
9980078,5e,MWUS,Depl,55,2.00,0.00,0.00,0.00,2.00,2.00,3.00,0.00,0.00,4.00,0.00,2.00,4.00,1.00,0.00,5.00
9980078,5e,PWOR,Depl,75,11.00,1.00,0.00,0.00,0.00,0.00,0.00,0.00,0.00,2.00,0.00,1.00,1.00,6.00,0.00,3.00
9980078,5e,SP1,Depl,65,2.00,0.00,4.00,10.00,1.00,2.00,0.00,0.00,0.00,2.00,0.00,1.00,0.00,0.00,0.00,1.00
9980079,5e,MWD,Depl,55,4.00,0.00,2.00,0.00,1.00,2.00,0.00,0.00,0.00,6.00,0.00,2.00,0.00,1.00,0.00,4.00
9980079,5e,PWUSC,Depl,75,8.00,5.00,1.00,0.00,1.00,1.00,0.00,0.00,0.00,3.00,0.00,1.00,0.00,1.00,0.00,2.00
9980079,5e,SF1,Depl,65,1.00,0.00,0.00,2.00,5.00,8.00,4.00,1.00,0.00,1.00,0.00,0.00,0.00,0.00,0.00,2.00
9980080,5e,BY1,Depl,65,0.00,0.00,0.00,0.00,2.00,2.00,0.00,0.00,2.00,0.00,0.00,0.00,5.00,0.00,12.00,2.00
9980080,5e,MWR,Depl,55,1.00,0.00,0.00,0.00,2.00,4.00,1.00,0.00,0.00,5.00,0.00,2.00,2.00,0.00,0.00,8.00
9980080,5e,PWUSH,Depl,75,9.00,1.00,0.00,0.00,2.00,1.00,1.00,0.00,1.00,4.00,0.00,2.00,1.00,1.00,0.00,3.00
9980081,5e,OAK,Depl,65,2.00,0.00,0.00,0.00,0.00,0.00,0.00,0.00,0.00,2.00,0.00,1.00,2.00,12.00,0.00,4.00
9980081,5e,PWST,Depl,75,10.00,2.00,0.00,0.00,1.00,1.00,0.00,0.00,0.00,5.00,0.00,2.00,1.00,1.00,0.00,2.00
9980082,5e,HDSL2,Depl,65,0.00,0.00,0.00,0.00,0.00,0.00,0.00,0.00,1.00,1.00,0.00,0.00,11.00,2.00,1.00,8.00
9980082,5e,PJ1,Depl,75,1.00,0.00,22.00,0.00,0.00,0.00,0.00,0.00,0.00,1.00,0.00,1.00,0.00,0.00,0.00,0.00
9980083,5e,HDSL1,Depl,65,0.00,0.00,0.00,0.00,0.00,0.00,0.00,0.00,2.00,1.00,0.00,0.00,14.00,0.00,2.00,4.00
9980083,5e,PJ2,Depl,75,2.00,0.00,15.00,1.00,0.00,0.00,0.00,0.00,0.00,4.00,0.00,2.00,0.00,0.00,0.00,0.00
9980084,5e,HE1,Depl,75,1.00,0.00,0.00,0.00,0.00,1.00,0.00,0.00,13.00,0.00,0.00,0.00,3.00,0.00,3.00,2.00
9980084,5e,LWMW,Depl,65,0.00,0.00,0.00,0.00,0.00,2.00,5.00,1.00,0.00,2.00,0.00,0.00,0.00,0.00,0.00,14.00
9980085,5e,CE1,Depl,75,0.00,0.00,0.00,0.00,1.00,2.00,18.00,1.00,0.00,0.00,0.00,0.00,0.00,0.00,0.00,1.00
9980085,5e,HDUS,Depl,65,0.00,0.00,0.00,0.00,0.00,1.00,0.00,0.00,2.00,2.00,0.00,2.00,12.00,1.00,2.00,3.00
9980086,5e,PO1,Depl,65,1.00,0.00,0.00,0.00,0.00,1.00,0.00,0.00,0.00,16.00,0.00,2.00,1.00,0.00,0.00,2.00
9980086,5e,PR1,Depl,85,0.00,23.00,0.00,0.00,0.00,0.00,0.00,0.00,0.00,0.00,0.00,0.00,0.00,0.00,0.00,0.00
9980086,5e,SB1,Depl,75,0.00,0.00,0.00,23.00,0.00,1.00,0.00,1.00,0.00,0.00,0.00,0.00,0.00,0.00,0.00,0.00
9980087,5e,BW1,Depl,65,1.00,0.00,0.00,0.00,1.00,2.00,0.00,0.00,0.00,7.00,0.00,8.00,2.00,1.00,0.00,3.00
9980087,5e,LC1,Depl,75,0.00,0.00,0.00,9.00,0.00,2.00,3.00,10.00,0.00,0.00,0.00,0.00,0.00,0.00,0.00,1.00
9980087,5e,PWUS4,Depl,85,16.00,2.00,0.00,0.00,1.00,1.00,0.00,0.00,0.00,2.00,0.00,1.00,0.00,0.00,0.00,2.00
9980088,5e,MWUS,Depl,65,2.00,0.00,0.00,0.00,2.00,2.00,3.00,0.00,0.00,4.00,0.00,2.00,4.00,1.00,0.00,5.00
9980088,5e,PWOR,Depl,85,11.00,1.00,0.00,0.00,0.00,0.00,0.00,0.00,0.00,2.00,0.00,1.00,1.00,6.00,0.00,3.00
9980088,5e,SP1,Depl,75,2.00,0.00,4.00,10.00,1.00,2.00,0.00,0.00,0.00,2.00,0.00,1.00,0.00,0.00,0.00,1.00
9980089,5e,MWD,Depl,65,4.00,0.00,2.00,0.00,1.00,2.00,0.00,0.00,0.00,6.00,0.00,2.00,0.00,1.00,0.00,4.00
9980089,5e,PWUSC,Depl,85,8.00,5.00,1.00,0.00,1.00,1.00,0.00,0.00,0.00,3.00,0.00,1.00,0.00,1.00,0.00,2.00
9980089,5e,SF1,Depl,75,1.00,0.00,0.00,2.00,5.00,8.00,4.00,1.00,0.00,1.00,0.00,0.00,0.00,0.00,0.00,2.00
9980090,5e,BY1,Depl,75,0.00,0.00,0.00,0.00,2.00,2.00,0.00,0.00,2.00,0.00,0.00,0.00,5.00,0.00,12.00,2.00
9980090,5e,MWR,Depl,65,1.00,0.00,0.00,0.00,2.00,4.00,1.00,0.00,0.00,5.00,0.00,2.00,2.00,0.00,0.00,8.00
9980090,5e,PWUSH,Depl,85,9.00,1.00,0.00,0.00,2.00,1.00,1.00,0.00,1.00,4.00,0.00,2.00,1.00,1.00,0.00,3.00
9980091,5e,OAK,Depl,75,2.00,0.00,0.00,0.00,0.00,0.00,0.00,0.00,0.00,2.00,0.00,1.00,2.00,12.00,0.00,4.00
9980091,5e,PWST,Depl,85,10.00,2.00,0.00,0.00,1.00,1.00,0.00,0.00,0.00,5.00,0.00,2.00,1.00,1.00,0.00,2.00
9980092,5e,HDSL2,Depl,75,0.00,0.00,0.00,0.00,0.00,0.00,0.00,0.00,1.00,1.00,0.00,0.00,11.00,2.00,1.00,8.00
9980092,5e,PJ1,Depl,85,1.00,0.00,22.00,0.00,0.00,0.00,0.00,0.00,0.00,1.00,0.00,1.00,0.00,0.00,0.00,0.00
9980093,5e,HDSL1,Depl,75,0.00,0.00,0.00,0.00,0.00,0.00,0.00,0.00,2.00,1.00,0.00,0.00,14.00,0.00,2.00,4.00
9980093,5e,PJ2,Depl,85,2.00,0.00,15.00,1.00,0.00,0.00,0.00,0.00,0.00,4.00,0.00,2.00,0.00,0.00,0.00,0.00
9980094,5e,HE1,Depl,85,1.00,0.00,0.00,0.00,0.00,1.00,0.00,0.00,13.00,0.00,0.00,0.00,3.00,0.00,3.00,2.00
9980094,5e,LWMW,Depl,75,0.00,0.00,0.00,0.00,0.00,2.00,5.00,1.00,0.00,2.00,0.00,0.00,0.00,0.00,0.00,14.00
9980095,5e,CE1,Depl,85,0.00,0.00,0.00,0.00,1.00,2.00,18.00,1.00,0.00,0.00,0.00,0.00,0.00,0.00,0.00,1.00
9980095,5e,HDUS,Depl,75,0.00,0.00,0.00,0.00,0.00,1.00,0.00,0.00,2.00,2.00,0.00,2.00,12.00,1.00,2.00,3.00
9980096,5e,PO1,Depl,75,1.00,0.00,0.00,0.00,0.00,1.00,0.00,0.00,0.00,16.00,0.00,2.00,1.00,0.00,0.00,2.00
9980096,5e,PR1,Depl,95,0.00,23.00,0.00,0.00,0.00,0.00,0.00,0.00,0.00,0.00,0.00,0.00,0.00,0.00,0.00,0.00
9980096,5e,SB1,Depl,85,0.00,0.00,0.00,23.00,0.00,1.00,0.00,1.00,0.00,0.00,0.00,0.00,0.00,0.00,0.00,0.00
9980097,5e,BW1,Depl,75,1.00,0.00,0.00,0.00,1.00,2.00,0.00,0.00,0.00,7.00,0.00,8.00,2.00,1.00,0.00,3.00
9980097,5e,LC1,Depl,85,0.00,0.00,0.00,9.00,0.00,2.00,3.00,10.00,0.00,0.00,0.00,0.00,0.00,0.00,0.00,1.00
9980097,5e,PWUS4,Depl,95,16.00,2.00,0.00,0.00,1.00,1.00,0.00,0.00,0.00,2.00,0.00,1.00,0.00,0.00,0.00,2.00
9980098,5e,MWUS,Depl,75,2.00,0.00,0.00,0.00,2.00,2.00,3.00,0.00,0.00,4.00,0.00,2.00,4.00,1.00,0.00,5.00
9980098,5e,PWOR,Depl,95,11.00,1.00,0.00,0.00,0.00,0.00,0.00,0.00,0.00,2.00,0.00,1.00,1.00,6.00,0.00,3.00
9980098,5e,SP1,Depl,85,2.00,0.00,4.00,10.00,1.00,2.00,0.00,0.00,0.00,2.00,0.00,1.00,0.00,0.00,0.00,1.00
9980099,5e,MWD,Depl,75,4.00,0.00,2.00,0.00,1.00,2.00,0.00,0.00,0.00,6.00,0.00,2.00,0.00,1.00,0.00,4.00
9980099,5e,PWUSC,Depl,95,8.00,5.00,1.00,0.00,1.00,1.00,0.00,0.00,0.00,3.00,0.00,1.00,0.00,1.00,0.00,2.00
9980099,5e,SF1,Depl,85,1.00,0.00,0.00,2.00,5.00,8.00,4.00,1.00,0.00,1.00,0.00,0.00,0.00,0.00,0.00,2.00
9980100,5e,BY1,Depl,85,0.00,0.00,0.00,0.00,2.00,2.00,0.00,0.00,2.00,0.00,0.00,0.00,5.00,0.00,12.00,2.00
9980100,5e,MWR,Depl,75,1.00,0.00,0.00,0.00,2.00,4.00,1.00,0.00,0.00,5.00,0.00,2.00,2.00,0.00,0.00,8.00
9980100,5e,PWUSH,Depl,95,9.00,1.00,0.00,0.00,2.00,1.00,1.00,0.00,1.00,4.00,0.00,2.00,1.00,1.00,0.00,3.00
9980101,5e,OAK,Depl,85,2.00,0.00,0.00,0.00,0.00,0.00,0.00,0.00,0.00,2.00,0.00,1.00,2.00,12.00,0.00,4.00
9980101,5e,PWST,Depl,95,10.00,2.00,0.00,0.00,1.00,1.00,0.00,0.00,0.00,5.00,0.00,2.00,1.00,1.00,0.00,2.00
9980102,5e,HDSL2,Depl,85,0.00,0.00,0.00,0.00,0.00,0.00,0.00,0.00,1.00,1.00,0.00,0.00,11.00,2.00,1.00,8.00
9980102,5e,PJ1,Depl,95,1.00,0.00,22.00,0.00,0.00,0.00,0.00,0.00,0.00,1.00,0.00,1.00,0.00,0.00,0.00,0.00
9980103,5e,HDSL1,Depl,85,0.00,0.00,0.00,0.00,0.00,0.00,0.00,0.00,2.00,1.00,0.00,0.00,14.00,0.00,2.00,4.00
9980103,5e,PJ2,Depl,95,2.00,0.00,15.00,1.00,0.00,0.00,0.00,0.00,0.00,4.00,0.00,2.00,0.00,0.00,0.00,0.00
9980104,5e,HE1,Depl,95,1.00,0.00,0.00,0.00,0.00,1.00,0.00,0.00,13.00,0.00,0.00,0.00,3.00,0.00,3.00,2.00
9980104,5e,LWMW,Depl,85,0.00,0.00,0.00,0.00,0.00,2.00,5.00,1.00,0.00,2.00,0.00,0.00,0.00,0.00,0.00,14.00
9980105,5e,CE1,Depl,95,0.00,0.00,0.00,0.00,1.00,2.00,18.00,1.00,0.00,0.00,0.00,0.00,0.00,0.00,0.00,1.00
9980105,5e,HDUS,Depl,85,0.00,0.00,0.00,0.00,0.00,1.00,0.00,0.00,2.00,2.00,0.00,2.00,12.00,1.00,2.00,3.00
9980106,5e,PO1,Depl,85,1.00,0.00,0.00,0.00,0.00,1.00,0.00,0.00,0.00,16.00,0.00,2.00,1.00,0.00,0.00,2.00
9980106,5e,PR1,Depl,105,0.00,23.00,0.00,0.00,0.00,0.00,0.00,0.00,0.00,0.00,0.00,0.00,0.00,0.00,0.00,0.00
9980106,5e,SB1,Depl,95,0.00,0.00,0.00,23.00,0.00,1.00,0.00,1.00,0.00,0.00,0.00,0.00,0.00,0.00,0.00,0.00
9980107,5e,BW1,Depl,85,1.00,0.00,0.00,0.00,1.00,2.00,0.00,0.00,0.00,7.00,0.00,8.00,2.00,1.00,0.00,3.00
9980107,5e,LC1,Depl,95,0.00,0.00,0.00,9.00,0.00,2.00,3.00,10.00,0.00,0.00,0.00,0.00,0.00,0.00,0.00,1.00
9980107,5e,PWUS4,Depl,105,16.00,2.00,0.00,0.00,1.00,1.00,0.00,0.00,0.00,2.00,0.00,1.00,0.00,0.00,0.00,2.00
9980108,5e,MWUS,Depl,85,2.00,0.00,0.00,0.00,2.00,2.00,3.00,0.00,0.00,4.00,0.00,2.00,4.00,1.00,0.00,5.00
9980108,5e,PWOR,Depl,105,11.00,1.00,0.00,0.00,0.00,0.00,0.00,0.00,0.00,2.00,0.00,1.00,1.00,6.00,0.00,3.00
9980108,5e,SP1,Depl,95,2.00,0.00,4.00,10.00,1.00,2.00,0.00,0.00,0.00,2.00,0.00,1.00,0.00,0.00,0.00,1.00
9980109,5e,MWD,Depl,85,4.00,0.00,2.00,0.00,1.00,2.00,0.00,0.00,0.00,6.00,0.00,2.00,0.00,1.00,0.00,4.00
9980109,5e,PWUSC,Depl,105,8.00,5.00,1.00,0.00,1.00,1.00,0.00,0.00,0.00,3.00,0.00,1.00,0.00,1.00,0.00,2.00
9980109,5e,SF1,Depl,95,1.00,0.00,0.00,2.00,5.00,8.00,4.00,1.00,0.00,1.00,0.00,0.00,0.00,0.00,0.00,2.00
9980110,5e,BY1,Depl,95,0.00,0.00,0.00,0.00,2.00,2.00,0.00,0.00,2.00,0.00,0.00,0.00,5.00,0.00,12.00,2.00
9980110,5e,MWR,Depl,85,1.00,0.00,0.00,0.00,2.00,4.00,1.00,0.00,0.00,5.00,0.00,2.00,2.00,0.00,0.00,8.00
9980110,5e,PWUSH,Depl,105,9.00,1.00,0.00,0.00,2.00,1.00,1.00,0.00,1.00,4.00,0.00,2.00,1.00,1.00,0.00,3.00
9980111,5e,OAK,Depl,95,2.00,0.00,0.00,0.00,0.00,0.00,0.00,0.00,0.00,2.00,0.00,1.00,2.00,12.00,0.00,4.00
9980111,5e,PWST,Depl,105,10.00,2.00,0.00,0.00,1.00,1.00,0.00,0.00,0.00,5.00,0.00,2.00,1.00,1.00,0.00,2.00
9980112,5e,HDSL2,Depl,95,0.00,0.00,0.00,0.00,0.00,0.00,0.00,0.00,1.00,1.00,0.00,0.00,11.00,2.00,1.00,8.00
9980112,5e,PJ1,Depl,105,1.00,0.00,22.00,0.00,0.00,0.00,0.00,0.00,0.00,1.00,0.00,1.00,0.00,0.00,0.00,0.00
9980113,5e,HDSL1,Depl,95,0.00,0.00,0.00,0.00,0.00,0.00,0.00,0.00,2.00,1.00,0.00,0.00,14.00,0.00,2.00,4.00
9980113,5e,PJ2,Depl,105,2.00,0.00,15.00,1.00,0.00,0.00,0.00,0.00,0.00,4.00,0.00,2.00,0.00,0.00,0.00,0.00
9980114,5e,HE1,Depl,105,1.00,0.00,0.00,0.00,0.00,1.00,0.00,0.00,13.00,0.00,0.00,0.00,3.00,0.00,3.00,2.00
9980114,5e,LWMW,Depl,95,0.00,0.00,0.00,0.00,0.00,2.00,5.00,1.00,0.00,2.00,0.00,0.00,0.00,0.00,0.00,14.00
9980115,5e,CE1,Depl,105,0.00,0.00,0.00,0.00,1.00,2.00,18.00,1.00,0.00,0.00,0.00,0.00,0.00,0.00,0.00,1.00
9980115,5e,HDUS,Depl,95,0.00,0.00,0.00,0.00,0.00,1.00,0.00,0.00,2.00,2.00,0.00,2.00,12.00,1.00,2.00,3.00
9980116,5e,PO1,Depl,95,1.00,0.00,0.00,0.00,0.00,1.00,0.00,0.00,0.00,16.00,0.00,2.00,1.00,0.00,0.00,2.00
9980116,5e,PR1,Depl,115,0.00,23.00,0.00,0.00,0.00,0.00,0.00,0.00,0.00,0.00,0.00,0.00,0.00,0.00,0.00,0.00
9980116,5e,SB1,Depl,105,0.00,0.00,0.00,23.00,0.00,1.00,0.00,1.00,0.00,0.00,0.00,0.00,0.00,0.00,0.00,0.00
9980117,5e,BW1,Depl,95,1.00,0.00,0.00,0.00,1.00,2.00,0.00,0.00,0.00,7.00,0.00,8.00,2.00,1.00,0.00,3.00
9980117,5e,LC1,Depl,105,0.00,0.00,0.00,9.00,0.00,2.00,3.00,10.00,0.00,0.00,0.00,0.00,0.00,0.00,0.00,1.00
9980117,5e,PWUS4,Depl,115,16.00,2.00,0.00,0.00,1.00,1.00,0.00,0.00,0.00,2.00,0.00,1.00,0.00,0.00,0.00,2.00
9980118,5e,MWUS,Depl,95,2.00,0.00,0.00,0.00,2.00,2.00,3.00,0.00,0.00,4.00,0.00,2.00,4.00,1.00,0.00,5.00
9980118,5e,PWOR,Depl,115,11.00,1.00,0.00,0.00,0.00,0.00,0.00,0.00,0.00,2.00,0.00,1.00,1.00,6.00,0.00,3.00
9980118,5e,SP1,Depl,105,2.00,0.00,4.00,10.00,1.00,2.00,0.00,0.00,0.00,2.00,0.00,1.00,0.00,0.00,0.00,1.00
9980119,5e,MWD,Depl,95,4.00,0.00,2.00,0.00,1.00,2.00,0.00,0.00,0.00,6.00,0.00,2.00,0.00,1.00,0.00,4.00
9980119,5e,PWUSC,Depl,115,8.00,5.00,1.00,0.00,1.00,1.00,0.00,0.00,0.00,3.00,0.00,1.00,0.00,1.00,0.00,2.00
9980119,5e,SF1,Depl,105,1.00,0.00,0.00,2.00,5.00,8.00,4.00,1.00,0.00,1.00,0.00,0.00,0.00,0.00,0.00,2.00
9980120,5e,BY1,Depl,105,0.00,0.00,0.00,0.00,2.00,2.00,0.00,0.00,2.00,0.00,0.00,0.00,5.00,0.00,12.00,2.00
9980120,5e,MWR,Depl,95,1.00,0.00,0.00,0.00,2.00,4.00,1.00,0.00,0.00,5.00,0.00,2.00,2.00,0.00,0.00,8.00
9980120,5e,PWUSH,Depl,115,9.00,1.00,0.00,0.00,2.00,1.00,1.00,0.00,1.00,4.00,0.00,2.00,1.00,1.00,0.00,3.00
9980121,5e,OAK,Depl,105,2.00,0.00,0.00,0.00,0.00,0.00,0.00,0.00,0.00,2.00,0.00,1.00,2.00,12.00,0.00,4.00
9980121,5e,PWST,Depl,115,10.00,2.00,0.00,0.00,1.00,1.00,0.00,0.00,0.00,5.00,0.00,2.00,1.00,1.00,0.00,2.00
9980122,5e,HDSL2,Depl,105,0.00,0.00,0.00,0.00,0.00,0.00,0.00,0.00,1.00,1.00,0.00,0.00,11.00,2.00,1.00,8.00
9980122,5e,PJ1,Depl,115,1.00,0.00,22.00,0.00,0.00,0.00,0.00,0.00,0.00,1.00,0.00,1.00,0.00,0.00,0.00,0.00
9980123,5e,HDSL1,Depl,105,0.00,0.00,0.00,0.00,0.00,0.00,0.00,0.00,2.00,1.00,0.00,0.00,14.00,0.00,2.00,4.00
9980123,5e,PJ2,Depl,115,2.00,0.00,15.00,1.00,0.00,0.00,0.00,0.00,0.00,4.00,0.00,2.00,0.00,0.00,0.00,0.00
9980124,5e,HE1,Depl,115,1.00,0.00,0.00,0.00,0.00,1.00,0.00,0.00,13.00,0.00,0.00,0.00,3.00,0.00,3.00,2.00
9980124,5e,LWMW,Depl,105,0.00,0.00,0.00,0.00,0.00,2.00,5.00,1.00,0.00,2.00,0.00,0.00,0.00,0.00,0.00,14.00
9980125,5e,CE1,Depl,115,0.00,0.00,0.00,0.00,1.00,2.00,18.00,1.00,0.00,0.00,0.00,0.00,0.00,0.00,0.00,1.00
9980125,5e,HDUS,Depl,105,0.00,0.00,0.00,0.00,0.00,1.00,0.00,0.00,2.00,2.00,0.00,2.00,12.00,1.00,2.00,3.00
9980126,5e,PO1,Depl,105,1.00,0.00,0.00,0.00,0.00,1.00,0.00,0.00,0.00,16.00,0.00,2.00,1.00,0.00,0.00,2.00
9980126,5e,PR1,Depl,125,0.00,23.00,0.00,0.00,0.00,0.00,0.00,0.00,0.00,0.00,0.00,0.00,0.00,0.00,0.00,0.00
9980126,5e,SB1,Depl,115,0.00,0.00,0.00,23.00,0.00,1.00,0.00,1.00,0.00,0.00,0.00,0.00,0.00,0.00,0.00,0.00
9980127,5e,BW1,Depl,105,1.00,0.00,0.00,0.00,1.00,2.00,0.00,0.00,0.00,7.00,0.00,8.00,2.00,1.00,0.00,3.00
9980127,5e,LC1,Depl,115,0.00,0.00,0.00,9.00,0.00,2.00,3.00,10.00,0.00,0.00,0.00,0.00,0.00,0.00,0.00,1.00
9980127,5e,PWUS4,Depl,125,16.00,2.00,0.00,0.00,1.00,1.00,0.00,0.00,0.00,2.00,0.00,1.00,0.00,0.00,0.00,2.00
9980128,5e,MWUS,Depl,105,2.00,0.00,0.00,0.00,2.00,2.00,3.00,0.00,0.00,4.00,0.00,2.00,4.00,1.00,0.00,5.00
9980128,5e,PWOR,Depl,125,11.00,1.00,0.00,0.00,0.00,0.00,0.00,0.00,0.00,2.00,0.00,1.00,1.00,6.00,0.00,3.00
9980128,5e,SP1,Depl,115,2.00,0.00,4.00,10.00,1.00,2.00,0.00,0.00,0.00,2.00,0.00,1.00,0.00,0.00,0.00,1.00
9980129,5e,MWD,Depl,105,4.00,0.00,2.00,0.00,1.00,2.00,0.00,0.00,0.00,6.00,0.00,2.00,0.00,1.00,0.00,4.00
9980129,5e,PWUSC,Depl,125,8.00,5.00,1.00,0.00,1.00,1.00,0.00,0.00,0.00,3.00,0.00,1.00,0.00,1.00,0.00,2.00
9980129,5e,SF1,Depl,115,1.00,0.00,0.00,2.00,5.00,8.00,4.00,1.00,0.00,1.00,0.00,0.00,0.00,0.00,0.00,2.00
9980130,5e,BY1,Depl,115,0.00,0.00,0.00,0.00,2.00,2.00,0.00,0.00,2.00,0.00,0.00,0.00,5.00,0.00,12.00,2.00
9980130,5e,MWR,Depl,105,1.00,0.00,0.00,0.00,2.00,4.00,1.00,0.00,0.00,5.00,0.00,2.00,2.00,0.00,0.00,8.00
9980130,5e,PWUSH,Depl,125,9.00,1.00,0.00,0.00,2.00,1.00,1.00,0.00,1.00,4.00,0.00,2.00,1.00,1.00,0.00,3.00
9980131,5e,OAK,Depl,115,2.00,0.00,0.00,0.00,0.00,0.00,0.00,0.00,0.00,2.00,0.00,1.00,2.00,12.00,0.00,4.00
9980131,5e,PWST,Depl,125,10.00,2.00,0.00,0.00,1.00,1.00,0.00,0.00,0.00,5.00,0.00,2.00,1.00,1.00,0.00,2.00
9980132,5e,HDSL2,Depl,115,0.00,0.00,0.00,0.00,0.00,0.00,0.00,0.00,1.00,1.00,0.00,0.00,11.00,2.00,1.00,8.00
9980132,5e,PJ1,Depl,125,1.00,0.00,22.00,0.00,0.00,0.00,0.00,0.00,0.00,1.00,0.00,1.00,0.00,0.00,0.00,0.00
9980133,5e,HDSL1,Depl,115,0.00,0.00,0.00,0.00,0.00,0.00,0.00,0.00,2.00,1.00,0.00,0.00,14.00,0.00,2.00,4.00
9980133,5e,PJ2,Depl,125,2.00,0.00,15.00,1.00,0.00,0.00,0.00,0.00,0.00,4.00,0.00,2.00,0.00,0.00,0.00,0.00
9980134,5e,HE1,Depl,125,1.00,0.00,0.00,0.00,0.00,1.00,0.00,0.00,13.00,0.00,0.00,0.00,3.00,0.00,3.00,2.00
9980134,5e,LWMW,Depl,115,0.00,0.00,0.00,0.00,0.00,2.00,5.00,1.00,0.00,2.00,0.00,0.00,0.00,0.00,0.00,14.00
9980135,5e,CE1,Depl,125,0.00,0.00,0.00,0.00,1.00,2.00,18.00,1.00,0.00,0.00,0.00,0.00,0.00,0.00,0.00,1.00
9980135,5e,HDUS,Depl,115,0.00,0.00,0.00,0.00,0.00,1.00,0.00,0.00,2.00,2.00,0.00,2.00,12.00,1.00,2.00,3.00
9980136,5e,PO1,Depl,115,1.00,0.00,0.00,0.00,0.00,1.00,0.00,0.00,0.00,16.00,0.00,2.00,1.00,0.00,0.00,2.00
9980136,5e,PR1,Depl,135,0.00,23.00,0.00,0.00,0.00,0.00,0.00,0.00,0.00,0.00,0.00,0.00,0.00,0.00,0.00,0.00
9980136,5e,SB1,Depl,125,0.00,0.00,0.00,23.00,0.00,1.00,0.00,1.00,0.00,0.00,0.00,0.00,0.00,0.00,0.00,0.00
9980137,5e,BW1,Depl,115,1.00,0.00,0.00,0.00,1.00,2.00,0.00,0.00,0.00,7.00,0.00,8.00,2.00,1.00,0.00,3.00
9980137,5e,LC1,Depl,125,0.00,0.00,0.00,9.00,0.00,2.00,3.00,10.00,0.00,0.00,0.00,0.00,0.00,0.00,0.00,1.00
9980137,5e,PWUS4,Depl,135,16.00,2.00,0.00,0.00,1.00,1.00,0.00,0.00,0.00,2.00,0.00,1.00,0.00,0.00,0.00,2.00
9980138,5e,MWUS,Depl,115,2.00,0.00,0.00,0.00,2.00,2.00,3.00,0.00,0.00,4.00,0.00,2.00,4.00,1.00,0.00,5.00
9980138,5e,PWOR,Depl,135,11.00,1.00,0.00,0.00,0.00,0.00,0.00,0.00,0.00,2.00,0.00,1.00,1.00,6.00,0.00,3.00
9980138,5e,SP1,Depl,125,2.00,0.00,4.00,10.00,1.00,2.00,0.00,0.00,0.00,2.00,0.00,1.00,0.00,0.00,0.00,1.00
9980139,5e,MWD,Depl,115,4.00,0.00,2.00,0.00,1.00,2.00,0.00,0.00,0.00,6.00,0.00,2.00,0.00,1.00,0.00,4.00
9980139,5e,PWUSC,Depl,135,8.00,5.00,1.00,0.00,1.00,1.00,0.00,0.00,0.00,3.00,0.00,1.00,0.00,1.00,0.00,2.00
9980139,5e,SF1,Depl,125,1.00,0.00,0.00,2.00,5.00,8.00,4.00,1.00,0.00,1.00,0.00,0.00,0.00,0.00,0.00,2.00
9980140,5e,BY1,Depl,125,0.00,0.00,0.00,0.00,2.00,2.00,0.00,0.00,2.00,0.00,0.00,0.00,5.00,0.00,12.00,2.00
9980140,5e,MWR,Depl,115,1.00,0.00,0.00,0.00,2.00,4.00,1.00,0.00,0.00,5.00,0.00,2.00,2.00,0.00,0.00,8.00
9980140,5e,PWUSH,Depl,135,9.00,1.00,0.00,0.00,2.00,1.00,1.00,0.00,1.00,4.00,0.00,2.00,1.00,1.00,0.00,3.00
9980141,5e,OAK,Depl,125,2.00,0.00,0.00,0.00,0.00,0.00,0.00,0.00,0.00,2.00,0.00,1.00,2.00,12.00,0.00,4.00
9980141,5e,PWST,Depl,135,10.00,2.00,0.00,0.00,1.00,1.00,0.00,0.00,0.00,5.00,0.00,2.00,1.00,1.00,0.00,2.00
9980142,5e,HDSL2,Depl,125,0.00,0.00,0.00,0.00,0.00,0.00,0.00,0.00,1.00,1.00,0.00,0.00,11.00,2.00,1.00,8.00
9980142,5e,PJ1,Depl,135,1.00,0.00,22.00,0.00,0.00,0.00,0.00,0.00,0.00,1.00,0.00,1.00,0.00,0.00,0.00,0.00
9980143,5e,HDSL1,Depl,125,0.00,0.00,0.00,0.00,0.00,0.00,0.00,0.00,2.00,1.00,0.00,0.00,14.00,0.00,2.00,4.00
9980143,5e,PJ2,Depl,135,2.00,0.00,15.00,1.00,0.00,0.00,0.00,0.00,0.00,4.00,0.00,2.00,0.00,0.00,0.00,0.00
9980144,5e,HE1,Depl,135,1.00,0.00,0.00,0.00,0.00,1.00,0.00,0.00,13.00,0.00,0.00,0.00,3.00,0.00,3.00,2.00
9980144,5e,LWMW,Depl,125,0.00,0.00,0.00,0.00,0.00,2.00,5.00,1.00,0.00,2.00,0.00,0.00,0.00,0.00,0.00,14.00
9980145,5e,CE1,Depl,135,0.00,0.00,0.00,0.00,1.00,2.00,18.00,1.00,0.00,0.00,0.00,0.00,0.00,0.00,0.00,1.00
9980145,5e,HDUS,Depl,125,0.00,0.00,0.00,0.00,0.00,1.00,0.00,0.00,2.00,2.00,0.00,2.00,12.00,1.00,2.00,3.00
9980146,5e,PO1,Depl,125,1.00,0.00,0.00,0.00,0.00,1.00,0.00,0.00,0.00,16.00,0.00,2.00,1.00,0.00,0.00,2.00
9980146,5e,PR1,Depl,145,0.00,23.00,0.00,0.00,0.00,0.00,0.00,0.00,0.00,0.00,0.00,0.00,0.00,0.00,0.00,0.00
9980146,5e,SB1,Depl,135,0.00,0.00,0.00,23.00,0.00,1.00,0.00,1.00,0.00,0.00,0.00,0.00,0.00,0.00,0.00,0.00
9980147,5e,BW1,Depl,125,1.00,0.00,0.00,0.00,1.00,2.00,0.00,0.00,0.00,7.00,0.00,8.00,2.00,1.00,0.00,3.00
9980147,5e,LC1,Depl,135,0.00,0.00,0.00,9.00,0.00,2.00,3.00,10.00,0.00,0.00,0.00,0.00,0.00,0.00,0.00,1.00
9980147,5e,PWUS4,Depl,145,16.00,2.00,0.00,0.00,1.00,1.00,0.00,0.00,0.00,2.00,0.00,1.00,0.00,0.00,0.00,2.00
9980148,5e,MWUS,Depl,125,2.00,0.00,0.00,0.00,2.00,2.00,3.00,0.00,0.00,4.00,0.00,2.00,4.00,1.00,0.00,5.00
9980148,5e,PWOR,Depl,145,11.00,1.00,0.00,0.00,0.00,0.00,0.00,0.00,0.00,2.00,0.00,1.00,1.00,6.00,0.00,3.00
9980148,5e,SP1,Depl,135,2.00,0.00,4.00,10.00,1.00,2.00,0.00,0.00,0.00,2.00,0.00,1.00,0.00,0.00,0.00,1.00
9980149,5e,MWD,Depl,125,4.00,0.00,2.00,0.00,1.00,2.00,0.00,0.00,0.00,6.00,0.00,2.00,0.00,1.00,0.00,4.00
9980149,5e,PWUSC,Depl,145,8.00,5.00,1.00,0.00,1.00,1.00,0.00,0.00,0.00,3.00,0.00,1.00,0.00,1.00,0.00,2.00
9980149,5e,SF1,Depl,135,1.00,0.00,0.00,2.00,5.00,8.00,4.00,1.00,0.00,1.00,0.00,0.00,0.00,0.00,0.00,2.00
9980150,5e,BY1,Depl,135,0.00,0.00,0.00,0.00,2.00,2.00,0.00,0.00,2.00,0.00,0.00,0.00,5.00,0.00,12.00,2.00
9980150,5e,MWR,Depl,125,1.00,0.00,0.00,0.00,2.00,4.00,1.00,0.00,0.00,5.00,0.00,2.00,2.00,0.00,0.00,8.00
9980150,5e,PWUSH,Depl,145,9.00,1.00,0.00,0.00,2.00,1.00,1.00,0.00,1.00,4.00,0.00,2.00,1.00,1.00,0.00,3.00
9980151,5e,OAK,Depl,135,2.00,0.00,0.00,0.00,0.00,0.00,0.00,0.00,0.00,2.00,0.00,1.00,2.00,12.00,0.00,4.00
9980151,5e,PWST,Depl,145,10.00,2.00,0.00,0.00,1.00,1.00,0.00,0.00,0.00,5.00,0.00,2.00,1.00,1.00,0.00,2.00
9980152,5e,HDSL2,Depl,135,0.00,0.00,0.00,0.00,0.00,0.00,0.00,0.00,1.00,1.00,0.00,0.00,11.00,2.00,1.00,8.00
9980152,5e,PJ1,Depl,145,1.00,0.00,22.00,0.00,0.00,0.00,0.00,0.00,0.00,1.00,0.00,1.00,0.00,0.00,0.00,0.00
9980153,5e,HDSL1,Depl,135,0.00,0.00,0.00,0.00,0.00,0.00,0.00,0.00,2.00,1.00,0.00,0.00,14.00,0.00,2.00,4.00
9980153,5e,PJ2,Depl,145,2.00,0.00,15.00,1.00,0.00,0.00,0.00,0.00,0.00,4.00,0.00,2.00,0.00,0.00,0.00,0.00
9980154,5e,HE1,Depl,145,1.00,0.00,0.00,0.00,0.00,1.00,0.00,0.00,13.00,0.00,0.00,0.00,3.00,0.00,3.00,2.00
9980154,5e,LWMW,Depl,135,0.00,0.00,0.00,0.00,0.00,2.00,5.00,1.00,0.00,2.00,0.00,0.00,0.00,0.00,0.00,14.00
9980155,5e,CE1,Depl,145,0.00,0.00,0.00,0.00,1.00,2.00,18.00,1.00,0.00,0.00,0.00,0.00,0.00,0.00,0.00,1.00
9980155,5e,HDUS,Depl,135,0.00,0.00,0.00,0.00,0.00,1.00,0.00,0.00,2.00,2.00,0.00,2.00,12.00,1.00,2.00,3.00
9980156,5e,PO1,Depl,135,1.00,0.00,0.00,0.00,0.00,1.00,0.00,0.00,0.00,16.00,0.00,2.00,1.00,0.00,0.00,2.00
9980156,5e,PR1,Depl,155,0.00,23.00,0.00,0.00,0.00,0.00,0.00,0.00,0.00,0.00,0.00,0.00,0.00,0.00,0.00,0.00
9980156,5e,SB1,Depl,145,0.00,0.00,0.00,23.00,0.00,1.00,0.00,1.00,0.00,0.00,0.00,0.00,0.00,0.00,0.00,0.00
9980157,5e,BW1,Depl,135,1.00,0.00,0.00,0.00,1.00,2.00,0.00,0.00,0.00,7.00,0.00,8.00,2.00,1.00,0.00,3.00
9980157,5e,LC1,Depl,145,0.00,0.00,0.00,9.00,0.00,2.00,3.00,10.00,0.00,0.00,0.00,0.00,0.00,0.00,0.00,1.00
9980157,5e,PWUS4,Depl,155,16.00,2.00,0.00,0.00,1.00,1.00,0.00,0.00,0.00,2.00,0.00,1.00,0.00,0.00,0.00,2.00
9980158,5e,MWUS,Depl,135,2.00,0.00,0.00,0.00,2.00,2.00,3.00,0.00,0.00,4.00,0.00,2.00,4.00,1.00,0.00,5.00
9980158,5e,PWOR,Depl,155,11.00,1.00,0.00,0.00,0.00,0.00,0.00,0.00,0.00,2.00,0.00,1.00,1.00,6.00,0.00,3.00
9980158,5e,SP1,Depl,145,2.00,0.00,4.00,10.00,1.00,2.00,0.00,0.00,0.00,2.00,0.00,1.00,0.00,0.00,0.00,1.00
9980159,5e,MWD,Depl,135,4.00,0.00,2.00,0.00,1.00,2.00,0.00,0.00,0.00,6.00,0.00,2.00,0.00,1.00,0.00,4.00
9980159,5e,PWUSC,Depl,155,8.00,5.00,1.00,0.00,1.00,1.00,0.00,0.00,0.00,3.00,0.00,1.00,0.00,1.00,0.00,2.00
9980159,5e,SF1,Depl,145,1.00,0.00,0.00,2.00,5.00,8.00,4.00,1.00,0.00,1.00,0.00,0.00,0.00,0.00,0.00,2.00
9980160,5e,BY1,Depl,145,0.00,0.00,0.00,0.00,2.00,2.00,0.00,0.00,2.00,0.00,0.00,0.00,5.00,0.00,12.00,2.00
9980160,5e,MWR,Depl,135,1.00,0.00,0.00,0.00,2.00,4.00,1.00,0.00,0.00,5.00,0.00,2.00,2.00,0.00,0.00,8.00
9980160,5e,PWUSH,Depl,155,9.00,1.00,0.00,0.00,2.00,1.00,1.00,0.00,1.00,4.00,0.00,2.00,1.00,1.00,0.00,3.00
9980161,5e,OAK,Depl,145,2.00,0.00,0.00,0.00,0.00,0.00,0.00,0.00,0.00,2.00,0.00,1.00,2.00,12.00,0.00,4.00
9980161,5e,PWST,Depl,155,10.00,2.00,0.00,0.00,1.00,1.00,0.00,0.00,0.00,5.00,0.00,2.00,1.00,1.00,0.00,2.00
9980162,5e,HDSL2,Depl,145,0.00,0.00,0.00,0.00,0.00,0.00,0.00,0.00,1.00,1.00,0.00,0.00,11.00,2.00,1.00,8.00
9980162,5e,PJ1,Depl,155,1.00,0.00,22.00,0.00,0.00,0.00,0.00,0.00,0.00,1.00,0.00,1.00,0.00,0.00,0.00,0.00
9980163,5e,HDSL1,Depl,145,0.00,0.00,0.00,0.00,0.00,0.00,0.00,0.00,2.00,1.00,0.00,0.00,14.00,0.00,2.00,4.00
9980163,5e,PJ2,Depl,155,2.00,0.00,15.00,1.00,0.00,0.00,0.00,0.00,0.00,4.00,0.00,2.00,0.00,0.00,0.00,0.00
9980164,5e,HE1,Depl,155,1.00,0.00,0.00,0.00,0.00,1.00,0.00,0.00,13.00,0.00,0.00,0.00,3.00,0.00,3.00,2.00
9980164,5e,LWMW,Depl,145,0.00,0.00,0.00,0.00,0.00,2.00,5.00,1.00,0.00,2.00,0.00,0.00,0.00,0.00,0.00,14.00
9980165,5e,CE1,Depl,155,0.00,0.00,0.00,0.00,1.00,2.00,18.00,1.00,0.00,0.00,0.00,0.00,0.00,0.00,0.00,1.00
9980165,5e,HDUS,Depl,145,0.00,0.00,0.00,0.00,0.00,1.00,0.00,0.00,2.00,2.00,0.00,2.00,12.00,1.00,2.00,3.00
9980166,5e,PO1,Depl,145,1.00,0.00,0.00,0.00,0.00,1.00,0.00,0.00,0.00,16.00,0.00,2.00,1.00,0.00,0.00,2.00
9980166,5e,PR1,Depl,165,0.00,23.00,0.00,0.00,0.00,0.00,0.00,0.00,0.00,0.00,0.00,0.00,0.00,0.00,0.00,0.00
9980166,5e,SB1,Depl,155,0.00,0.00,0.00,23.00,0.00,1.00,0.00,1.00,0.00,0.00,0.00,0.00,0.00,0.00,0.00,0.00
9980167,5e,BW1,Depl,145,1.00,0.00,0.00,0.00,1.00,2.00,0.00,0.00,0.00,7.00,0.00,8.00,2.00,1.00,0.00,3.00
9980167,5e,LC1,Depl,155,0.00,0.00,0.00,9.00,0.00,2.00,3.00,10.00,0.00,0.00,0.00,0.00,0.00,0.00,0.00,1.00
9980167,5e,PWUS4,Depl,165,16.00,2.00,0.00,0.00,1.00,1.00,0.00,0.00,0.00,2.00,0.00,1.00,0.00,0.00,0.00,2.00
9980168,5e,MWUS,Depl,145,2.00,0.00,0.00,0.00,2.00,2.00,3.00,0.00,0.00,4.00,0.00,2.00,4.00,1.00,0.00,5.00
9980168,5e,PWOR,Depl,165,11.00,1.00,0.00,0.00,0.00,0.00,0.00,0.00,0.00,2.00,0.00,1.00,1.00,6.00,0.00,3.00
9980168,5e,SP1,Depl,155,2.00,0.00,4.00,10.00,1.00,2.00,0.00,0.00,0.00,2.00,0.00,1.00,0.00,0.00,0.00,1.00
9980169,5e,MWD,Depl,145,4.00,0.00,2.00,0.00,1.00,2.00,0.00,0.00,0.00,6.00,0.00,2.00,0.00,1.00,0.00,4.00
9980169,5e,PWUSC,Depl,165,8.00,5.00,1.00,0.00,1.00,1.00,0.00,0.00,0.00,3.00,0.00,1.00,0.00,1.00,0.00,2.00
9980169,5e,SF1,Depl,155,1.00,0.00,0.00,2.00,5.00,8.00,4.00,1.00,0.00,1.00,0.00,0.00,0.00,0.00,0.00,2.00
9980170,5e,BY1,Depl,155,0.00,0.00,0.00,0.00,2.00,2.00,0.00,0.00,2.00,0.00,0.00,0.00,5.00,0.00,12.00,2.00
9980170,5e,MWR,Depl,145,1.00,0.00,0.00,0.00,2.00,4.00,1.00,0.00,0.00,5.00,0.00,2.00,2.00,0.00,0.00,8.00
9980170,5e,PWUSH,Depl,165,9.00,1.00,0.00,0.00,2.00,1.00,1.00,0.00,1.00,4.00,0.00,2.00,1.00,1.00,0.00,3.00
9980171,5e,OAK,Depl,155,2.00,0.00,0.00,0.00,0.00,0.00,0.00,0.00,0.00,2.00,0.00,1.00,2.00,12.00,0.00,4.00
9980171,5e,PWST,Depl,165,10.00,2.00,0.00,0.00,1.00,1.00,0.00,0.00,0.00,5.00,0.00,2.00,1.00,1.00,0.00,2.00
9980172,5e,HDSL2,Depl,155,0.00,0.00,0.00,0.00,0.00,0.00,0.00,0.00,1.00,1.00,0.00,0.00,11.00,2.00,1.00,8.00
9980172,5e,PJ1,Depl,165,1.00,0.00,22.00,0.00,0.00,0.00,0.00,0.00,0.00,1.00,0.00,1.00,0.00,0.00,0.00,0.00
9980173,5e,HDSL1,Depl,155,0.00,0.00,0.00,0.00,0.00,0.00,0.00,0.00,2.00,1.00,0.00,0.00,14.00,0.00,2.00,4.00
9980173,5e,PJ2,Depl,165,2.00,0.00,15.00,1.00,0.00,0.00,0.00,0.00,0.00,4.00,0.00,2.00,0.00,0.00,0.00,0.00
9980174,5e,HE1,Depl,165,1.00,0.00,0.00,0.00,0.00,1.00,0.00,0.00,13.00,0.00,0.00,0.00,3.00,0.00,3.00,2.00
9980174,5e,LWMW,Depl,155,0.00,0.00,0.00,0.00,0.00,2.00,5.00,1.00,0.00,2.00,0.00,0.00,0.00,0.00,0.00,14.00
9980175,5e,CE1,Depl,165,0.00,0.00,0.00,0.00,1.00,2.00,18.00,1.00,0.00,0.00,0.00,0.00,0.00,0.00,0.00,1.00
9980175,5e,HDUS,Depl,155,0.00,0.00,0.00,0.00,0.00,1.00,0.00,0.00,2.00,2.00,0.00,2.00,12.00,1.00,2.00,3.00
9980176,5e,PO1,Depl,155,1.00,0.00,0.00,0.00,0.00,1.00,0.00,0.00,0.00,16.00,0.00,2.00,1.00,0.00,0.00,2.00
9980176,5e,PR1,Depl,175,0.00,23.00,0.00,0.00,0.00,0.00,0.00,0.00,0.00,0.00,0.00,0.00,0.00,0.00,0.00,0.00
9980176,5e,SB1,Depl,165,0.00,0.00,0.00,23.00,0.00,1.00,0.00,1.00,0.00,0.00,0.00,0.00,0.00,0.00,0.00,0.00
9980177,5e,BW1,Depl,155,1.00,0.00,0.00,0.00,1.00,2.00,0.00,0.00,0.00,7.00,0.00,8.00,2.00,1.00,0.00,3.00
9980177,5e,LC1,Depl,165,0.00,0.00,0.00,9.00,0.00,2.00,3.00,10.00,0.00,0.00,0.00,0.00,0.00,0.00,0.00,1.00
9980177,5e,PWUS4,Depl,175,16.00,2.00,0.00,0.00,1.00,1.00,0.00,0.00,0.00,2.00,0.00,1.00,0.00,0.00,0.00,2.00
9980178,5e,MWUS,Depl,155,2.00,0.00,0.00,0.00,2.00,2.00,3.00,0.00,0.00,4.00,0.00,2.00,4.00,1.00,0.00,5.00
9980178,5e,PWOR,Depl,175,11.00,1.00,0.00,0.00,0.00,0.00,0.00,0.00,0.00,2.00,0.00,1.00,1.00,6.00,0.00,3.00
9980178,5e,SP1,Depl,165,2.00,0.00,4.00,10.00,1.00,2.00,0.00,0.00,0.00,2.00,0.00,1.00,0.00,0.00,0.00,1.00
9980179,5e,MWD,Depl,155,4.00,0.00,2.00,0.00,1.00,2.00,0.00,0.00,0.00,6.00,0.00,2.00,0.00,1.00,0.00,4.00
9980179,5e,PWUSC,Depl,175,8.00,5.00,1.00,0.00,1.00,1.00,0.00,0.00,0.00,3.00,0.00,1.00,0.00,1.00,0.00,2.00
9980179,5e,SF1,Depl,165,1.00,0.00,0.00,2.00,5.00,8.00,4.00,1.00,0.00,1.00,0.00,0.00,0.00,0.00,0.00,2.00
9980180,5e,BY1,Depl,165,0.00,0.00,0.00,0.00,2.00,2.00,0.00,0.00,2.00,0.00,0.00,0.00,5.00,0.00,12.00,2.00
9980180,5e,MWR,Depl,155,1.00,0.00,0.00,0.00,2.00,4.00,1.00,0.00,0.00,5.00,0.00,2.00,2.00,0.00,0.00,8.00
9980180,5e,PWUSH,Depl,175,9.00,1.00,0.00,0.00,2.00,1.00,1.00,0.00,1.00,4.00,0.00,2.00,1.00,1.00,0.00,3.00
9980181,5e,OAK,Depl,165,2.00,0.00,0.00,0.00,0.00,0.00,0.00,0.00,0.00,2.00,0.00,1.00,2.00,12.00,0.00,4.00
9980181,5e,PWST,Depl,175,10.00,2.00,0.00,0.00,1.00,1.00,0.00,0.00,0.00,5.00,0.00,2.00,1.00,1.00,0.00,2.00
9980182,5e,HDSL2,Depl,165,0.00,0.00,0.00,0.00,0.00,0.00,0.00,0.00,1.00,1.00,0.00,0.00,11.00,2.00,1.00,8.00
9980182,5e,PJ1,Depl,175,1.00,0.00,22.00,0.00,0.00,0.00,0.00,0.00,0.00,1.00,0.00,1.00,0.00,0.00,0.00,0.00
9980183,5e,HDSL1,Depl,165,0.00,0.00,0.00,0.00,0.00,0.00,0.00,0.00,2.00,1.00,0.00,0.00,14.00,0.00,2.00,4.00
9980183,5e,PJ2,Depl,175,2.00,0.00,15.00,1.00,0.00,0.00,0.00,0.00,0.00,4.00,0.00,2.00,0.00,0.00,0.00,0.00
9980184,5e,HE1,Depl,175,1.00,0.00,0.00,0.00,0.00,1.00,0.00,0.00,13.00,0.00,0.00,0.00,3.00,0.00,3.00,2.00
9980184,5e,LWMW,Depl,165,0.00,0.00,0.00,0.00,0.00,2.00,5.00,1.00,0.00,2.00,0.00,0.00,0.00,0.00,0.00,14.00
9980185,5e,CE1,Depl,175,0.00,0.00,0.00,0.00,1.00,2.00,18.00,1.00,0.00,0.00,0.00,0.00,0.00,0.00,0.00,1.00
9980185,5e,HDUS,Depl,165,0.00,0.00,0.00,0.00,0.00,1.00,0.00,0.00,2.00,2.00,0.00,2.00,12.00,1.00,2.00,3.00
9980186,5e,PO1,Depl,165,1.00,0.00,0.00,0.00,0.00,1.00,0.00,0.00,0.00,16.00,0.00,2.00,1.00,0.00,0.00,2.00
9980186,5e,PR1,Depl,185,0.00,23.00,0.00,0.00,0.00,0.00,0.00,0.00,0.00,0.00,0.00,0.00,0.00,0.00,0.00,0.00
9980186,5e,SB1,Depl,175,0.00,0.00,0.00,23.00,0.00,1.00,0.00,1.00,0.00,0.00,0.00,0.00,0.00,0.00,0.00,0.00
9980187,5e,BW1,Depl,165,1.00,0.00,0.00,0.00,1.00,2.00,0.00,0.00,0.00,7.00,0.00,8.00,2.00,1.00,0.00,3.00
9980187,5e,LC1,Depl,175,0.00,0.00,0.00,9.00,0.00,2.00,3.00,10.00,0.00,0.00,0.00,0.00,0.00,0.00,0.00,1.00
9980187,5e,PWUS4,Depl,185,16.00,2.00,0.00,0.00,1.00,1.00,0.00,0.00,0.00,2.00,0.00,1.00,0.00,0.00,0.00,2.00
9980188,5e,MWUS,Depl,165,2.00,0.00,0.00,0.00,2.00,2.00,3.00,0.00,0.00,4.00,0.00,2.00,4.00,1.00,0.00,5.00
9980188,5e,PWOR,Depl,185,11.00,1.00,0.00,0.00,0.00,0.00,0.00,0.00,0.00,2.00,0.00,1.00,1.00,6.00,0.00,3.00
9980188,5e,SP1,Depl,175,2.00,0.00,4.00,10.00,1.00,2.00,0.00,0.00,0.00,2.00,0.00,1.00,0.00,0.00,0.00,1.00
9980189,5e,MWD,Depl,165,4.00,0.00,2.00,0.00,1.00,2.00,0.00,0.00,0.00,6.00,0.00,2.00,0.00,1.00,0.00,4.00
9980189,5e,PWUSC,Depl,185,8.00,5.00,1.00,0.00,1.00,1.00,0.00,0.00,0.00,3.00,0.00,1.00,0.00,1.00,0.00,2.00
9980189,5e,SF1,Depl,175,1.00,0.00,0.00,2.00,5.00,8.00,4.00,1.00,0.00,1.00,0.00,0.00,0.00,0.00,0.00,2.00
9980190,5e,BY1,Depl,175,0.00,0.00,0.00,0.00,2.00,2.00,0.00,0.00,2.00,0.00,0.00,0.00,5.00,0.00,12.00,2.00
9980190,5e,MWR,Depl,165,1.00,0.00,0.00,0.00,2.00,4.00,1.00,0.00,0.00,5.00,0.00,2.00,2.00,0.00,0.00,8.00
9980190,5e,PWUSH,Depl,185,9.00,1.00,0.00,0.00,2.00,1.00,1.00,0.00,1.00,4.00,0.00,2.00,1.00,1.00,0.00,3.00
9980191,5e,OAK,Depl,175,2.00,0.00,0.00,0.00,0.00,0.00,0.00,0.00,0.00,2.00,0.00,1.00,2.00,12.00,0.00,4.00
9980191,5e,PWST,Depl,185,10.00,2.00,0.00,0.00,1.00,1.00,0.00,0.00,0.00,5.00,0.00,2.00,1.00,1.00,0.00,2.00
9980192,5e,HDSL2,Depl,175,0.00,0.00,0.00,0.00,0.00,0.00,0.00,0.00,1.00,1.00,0.00,0.00,11.00,2.00,1.00,8.00
9980192,5e,PJ1,Depl,185,1.00,0.00,22.00,0.00,0.00,0.00,0.00,0.00,0.00,1.00,0.00,1.00,0.00,0.00,0.00,0.00
9980193,5e,HDSL1,Depl,175,0.00,0.00,0.00,0.00,0.00,0.00,0.00,0.00,2.00,1.00,0.00,0.00,14.00,0.00,2.00,4.00
9980193,5e,PJ2,Depl,185,2.00,0.00,15.00,1.00,0.00,0.00,0.00,0.00,0.00,4.00,0.00,2.00,0.00,0.00,0.00,0.00
9980194,5e,HE1,Depl,185,1.00,0.00,0.00,0.00,0.00,1.00,0.00,0.00,13.00,0.00,0.00,0.00,3.00,0.00,3.00,2.00
9980194,5e,LWMW,Depl,175,0.00,0.00,0.00,0.00,0.00,2.00,5.00,1.00,0.00,2.00,0.00,0.00,0.00,0.00,0.00,14.00
9980195,5e,CE1,Depl,185,0.00,0.00,0.00,0.00,1.00,2.00,18.00,1.00,0.00,0.00,0.00,0.00,0.00,0.00,0.00,1.00
9980195,5e,HDUS,Depl,175,0.00,0.00,0.00,0.00,0.00,1.00,0.00,0.00,2.00,2.00,0.00,2.00,12.00,1.00,2.00,3.00
9980196,5e,PO1,Depl,175,1.00,0.00,0.00,0.00,0.00,1.00,0.00,0.00,0.00,16.00,0.00,2.00,1.00,0.00,0.00,2.00
9980196,5e,PR1,Depl,195,0.00,23.00,0.00,0.00,0.00,0.00,0.00,0.00,0.00,0.00,0.00,0.00,0.00,0.00,0.00,0.00
9980196,5e,SB1,Depl,185,0.00,0.00,0.00,23.00,0.00,1.00,0.00,1.00,0.00,0.00,0.00,0.00,0.00,0.00,0.00,0.00
9980197,5e,BW1,Depl,175,1.00,0.00,0.00,0.00,1.00,2.00,0.00,0.00,0.00,7.00,0.00,8.00,2.00,1.00,0.00,3.00
9980197,5e,LC1,Depl,185,0.00,0.00,0.00,9.00,0.00,2.00,3.00,10.00,0.00,0.00,0.00,0.00,0.00,0.00,0.00,1.00
9980197,5e,PWUS4,Depl,195,16.00,2.00,0.00,0.00,1.00,1.00,0.00,0.00,0.00,2.00,0.00,1.00,0.00,0.00,0.00,2.00
9980198,5e,MWUS,Depl,175,2.00,0.00,0.00,0.00,2.00,2.00,3.00,0.00,0.00,4.00,0.00,2.00,4.00,1.00,0.00,5.00
9980198,5e,PWOR,Depl,195,11.00,1.00,0.00,0.00,0.00,0.00,0.00,0.00,0.00,2.00,0.00,1.00,1.00,6.00,0.00,3.00
9980198,5e,SP1,Depl,185,2.00,0.00,4.00,10.00,1.00,2.00,0.00,0.00,0.00,2.00,0.00,1.00,0.00,0.00,0.00,1.00
9980199,5e,MWD,Depl,175,4.00,0.00,2.00,0.00,1.00,2.00,0.00,0.00,0.00,6.00,0.00,2.00,0.00,1.00,0.00,4.00
9980199,5e,PWUSC,Depl,195,8.00,5.00,1.00,0.00,1.00,1.00,0.00,0.00,0.00,3.00,0.00,1.00,0.00,1.00,0.00,2.00
9980199,5e,SF1,Depl,185,1.00,0.00,0.00,2.00,5.00,8.00,4.00,1.00,0.00,1.00,0.00,0.00,0.00,0.00,0.00,2.00
9980200,5e,BY1,Depl,185,0.00,0.00,0.00,0.00,2.00,2.00,0.00,0.00,2.00,0.00,0.00,0.00,5.00,0.00,12.00,2.00
9980200,5e,MWR,Depl,175,1.00,0.00,0.00,0.00,2.00,4.00,1.00,0.00,0.00,5.00,0.00,2.00,2.00,0.00,0.00,8.00
9980200,5e,PWUSH,Depl,195,9.00,1.00,0.00,0.00,2.00,1.00,1.00,0.00,1.00,4.00,0.00,2.00,1.00,1.00,0.00,3.00
9980201,5e,OAK,Depl,185,2.00,0.00,0.00,0.00,0.00,0.00,0.00,0.00,0.00,2.00,0.00,1.00,2.00,12.00,0.00,4.00
9980201,5e,PWST,Depl,195,10.00,2.00,0.00,0.00,1.00,1.00,0.00,0.00,0.00,5.00,0.00,2.00,1.00,1.00,0.00,2.00
9980202,5e,HDSL2,Depl,185,0.00,0.00,0.00,0.00,0.00,0.00,0.00,0.00,1.00,1.00,0.00,0.00,11.00,2.00,1.00,8.00
9980202,5e,PJ1,Depl,195,1.00,0.00,22.00,0.00,0.00,0.00,0.00,0.00,0.00,1.00,0.00,1.00,0.00,0.00,0.00,0.00
9980203,5e,HDSL1,Depl,185,0.00,0.00,0.00,0.00,0.00,0.00,0.00,0.00,2.00,1.00,0.00,0.00,14.00,0.00,2.00,4.00
9980203,5e,PJ2,Depl,195,2.00,0.00,15.00,1.00,0.00,0.00,0.00,0.00,0.00,4.00,0.00,2.00,0.00,0.00,0.00,0.00
9980204,5e,HE1,Depl,195,1.00,0.00,0.00,0.00,0.00,1.00,0.00,0.00,13.00,0.00,0.00,0.00,3.00,0.00,3.00,2.00
9980204,5e,LWMW,Depl,185,0.00,0.00,0.00,0.00,0.00,2.00,5.00,1.00,0.00,2.00,0.00,0.00,0.00,0.00,0.00,14.00
9980205,5e,CE1,Depl,195,0.00,0.00,0.00,0.00,1.00,2.00,18.00,1.00,0.00,0.00,0.00,0.00,0.00,0.00,0.00,1.00
9980205,5e,HDUS,Depl,185,0.00,0.00,0.00,0.00,0.00,1.00,0.00,0.00,2.00,2.00,0.00,2.00,12.00,1.00,2.00,3.00
9980206,5e,PO1,Depl,185,1.00,0.00,0.00,0.00,0.00,1.00,0.00,0.00,0.00,16.00,0.00,2.00,1.00,0.00,0.00,2.00
9980206,5e,PR1,Depl,205,0.00,23.00,0.00,0.00,0.00,0.00,0.00,0.00,0.00,0.00,0.00,0.00,0.00,0.00,0.00,0.00
9980206,5e,SB1,Depl,195,0.00,0.00,0.00,23.00,0.00,1.00,0.00,1.00,0.00,0.00,0.00,0.00,0.00,0.00,0.00,0.00
9980207,5e,BW1,Depl,185,1.00,0.00,0.00,0.00,1.00,2.00,0.00,0.00,0.00,7.00,0.00,8.00,2.00,1.00,0.00,3.00
9980207,5e,LC1,Depl,195,0.00,0.00,0.00,9.00,0.00,2.00,3.00,10.00,0.00,0.00,0.00,0.00,0.00,0.00,0.00,1.00
9980207,5e,PWUS4,Depl,205,16.00,2.00,0.00,0.00,1.00,1.00,0.00,0.00,0.00,2.00,0.00,1.00,0.00,0.00,0.00,2.00
9980208,5e,MWUS,Depl,185,2.00,0.00,0.00,0.00,2.00,2.00,3.00,0.00,0.00,4.00,0.00,2.00,4.00,1.00,0.00,5.00
9980208,5e,PWOR,Depl,205,11.00,1.00,0.00,0.00,0.00,0.00,0.00,0.00,0.00,2.00,0.00,1.00,1.00,6.00,0.00,3.00
9980208,5e,SP1,Depl,195,2.00,0.00,4.00,10.00,1.00,2.00,0.00,0.00,0.00,2.00,0.00,1.00,0.00,0.00,0.00,1.00
9980209,5e,MWD,Depl,185,4.00,0.00,2.00,0.00,1.00,2.00,0.00,0.00,0.00,6.00,0.00,2.00,0.00,1.00,0.00,4.00
9980209,5e,PWUSC,Depl,205,8.00,5.00,1.00,0.00,1.00,1.00,0.00,0.00,0.00,3.00,0.00,1.00,0.00,1.00,0.00,2.00
9980209,5e,SF1,Depl,195,1.00,0.00,0.00,2.00,5.00,8.00,4.00,1.00,0.00,1.00,0.00,0.00,0.00,0.00,0.00,2.00
9980210,5e,BY1,Depl,195,0.00,0.00,0.00,0.00,2.00,2.00,0.00,0.00,2.00,0.00,0.00,0.00,5.00,0.00,12.00,2.00
9980210,5e,MWR,Depl,185,1.00,0.00,0.00,0.00,2.00,4.00,1.00,0.00,0.00,5.00,0.00,2.00,2.00,0.00,0.00,8.00
9980210,5e,PWUSH,Depl,205,9.00,1.00,0.00,0.00,2.00,1.00,1.00,0.00,1.00,4.00,0.00,2.00,1.00,1.00,0.00,3.00
9980211,5e,OAK,Depl,195,2.00,0.00,0.00,0.00,0.00,0.00,0.00,0.00,0.00,2.00,0.00,1.00,2.00,12.00,0.00,4.00
9980211,5e,PWST,Depl,205,10.00,2.00,0.00,0.00,1.00,1.00,0.00,0.00,0.00,5.00,0.00,2.00,1.00,1.00,0.00,2.00
9980212,5e,HDSL2,Depl,195,0.00,0.00,0.00,0.00,0.00,0.00,0.00,0.00,1.00,1.00,0.00,0.00,11.00,2.00,1.00,8.00
9980212,5e,PJ1,Depl,205,1.00,0.00,22.00,0.00,0.00,0.00,0.00,0.00,0.00,1.00,0.00,1.00,0.00,0.00,0.00,0.00
9980213,5e,HDSL1,Depl,195,0.00,0.00,0.00,0.00,0.00,0.00,0.00,0.00,2.00,1.00,0.00,0.00,14.00,0.00,2.00,4.00
9980213,5e,PJ2,Depl,205,2.00,0.00,15.00,1.00,0.00,0.00,0.00,0.00,0.00,4.00,0.00,2.00,0.00,0.00,0.00,0.00
9980214,5e,HE1,Depl,205,1.00,0.00,0.00,0.00,0.00,1.00,0.00,0.00,13.00,0.00,0.00,0.00,3.00,0.00,3.00,2.00
9980214,5e,LWMW,Depl,195,0.00,0.00,0.00,0.00,0.00,2.00,5.00,1.00,0.00,2.00,0.00,0.00,0.00,0.00,0.00,14.00
9980215,5e,CE1,Depl,205,0.00,0.00,0.00,0.00,1.00,2.00,18.00,1.00,0.00,0.00,0.00,0.00,0.00,0.00,0.00,1.00
9980215,5e,HDUS,Depl,195,0.00,0.00,0.00,0.00,0.00,1.00,0.00,0.00,2.00,2.00,0.00,2.00,12.00,1.00,2.00,3.00
9980216,5e,PO1,Depl,195,1.00,0.00,0.00,0.00,0.00,1.00,0.00,0.00,0.00,16.00,0.00,2.00,1.00,0.00,0.00,2.00
9980216,5e,PR1,Depl,215,0.00,23.00,0.00,0.00,0.00,0.00,0.00,0.00,0.00,0.00,0.00,0.00,0.00,0.00,0.00,0.00
9980216,5e,SB1,Depl,205,0.00,0.00,0.00,23.00,0.00,1.00,0.00,1.00,0.00,0.00,0.00,0.00,0.00,0.00,0.00,0.00
9980217,5e,BW1,Depl,195,1.00,0.00,0.00,0.00,1.00,2.00,0.00,0.00,0.00,7.00,0.00,8.00,2.00,1.00,0.00,3.00
9980217,5e,LC1,Depl,205,0.00,0.00,0.00,9.00,0.00,2.00,3.00,10.00,0.00,0.00,0.00,0.00,0.00,0.00,0.00,1.00
9980217,5e,PWUS4,Depl,215,16.00,2.00,0.00,0.00,1.00,1.00,0.00,0.00,0.00,2.00,0.00,1.00,0.00,0.00,0.00,2.00
9980218,5e,MWUS,Depl,195,2.00,0.00,0.00,0.00,2.00,2.00,3.00,0.00,0.00,4.00,0.00,2.00,4.00,1.00,0.00,5.00
9980218,5e,PWOR,Depl,215,11.00,1.00,0.00,0.00,0.00,0.00,0.00,0.00,0.00,2.00,0.00,1.00,1.00,6.00,0.00,3.00
9980218,5e,SP1,Depl,205,2.00,0.00,4.00,10.00,1.00,2.00,0.00,0.00,0.00,2.00,0.00,1.00,0.00,0.00,0.00,1.00
9980219,5e,MWD,Depl,195,4.00,0.00,2.00,0.00,1.00,2.00,0.00,0.00,0.00,6.00,0.00,2.00,0.00,1.00,0.00,4.00
9980219,5e,PWUSC,Depl,215,8.00,5.00,1.00,0.00,1.00,1.00,0.00,0.00,0.00,3.00,0.00,1.00,0.00,1.00,0.00,2.00
9980219,5e,SF1,Depl,205,1.00,0.00,0.00,2.00,5.00,8.00,4.00,1.00,0.00,1.00,0.00,0.00,0.00,0.00,0.00,2.00
9980220,5e,BY1,Depl,205,0.00,0.00,0.00,0.00,2.00,2.00,0.00,0.00,2.00,0.00,0.00,0.00,5.00,0.00,12.00,2.00
9980220,5e,MWR,Depl,195,1.00,0.00,0.00,0.00,2.00,4.00,1.00,0.00,0.00,5.00,0.00,2.00,2.00,0.00,0.00,8.00
9980220,5e,PWUSH,Depl,215,9.00,1.00,0.00,0.00,2.00,1.00,1.00,0.00,1.00,4.00,0.00,2.00,1.00,1.00,0.00,3.00
9980221,5e,OAK,Depl,205,2.00,0.00,0.00,0.00,0.00,0.00,0.00,0.00,0.00,2.00,0.00,1.00,2.00,12.00,0.00,4.00
9980221,5e,PWST,Depl,215,10.00,2.00,0.00,0.00,1.00,1.00,0.00,0.00,0.00,5.00,0.00,2.00,1.00,1.00,0.00,2.00
9980222,5e,HDSL2,Depl,205,0.00,0.00,0.00,0.00,0.00,0.00,0.00,0.00,1.00,1.00,0.00,0.00,11.00,2.00,1.00,8.00
9980222,5e,PJ1,Depl,215,1.00,0.00,22.00,0.00,0.00,0.00,0.00,0.00,0.00,1.00,0.00,1.00,0.00,0.00,0.00,0.00
9980223,5e,HDSL1,Depl,205,0.00,0.00,0.00,0.00,0.00,0.00,0.00,0.00,2.00,1.00,0.00,0.00,14.00,0.00,2.00,4.00
9980223,5e,PJ2,Depl,215,2.00,0.00,15.00,1.00,0.00,0.00,0.00,0.00,0.00,4.00,0.00,2.00,0.00,0.00,0.00,0.00
9980224,5e,HE1,Depl,215,1.00,0.00,0.00,0.00,0.00,1.00,0.00,0.00,13.00,0.00,0.00,0.00,3.00,0.00,3.00,2.00
9980224,5e,LWMW,Depl,205,0.00,0.00,0.00,0.00,0.00,2.00,5.00,1.00,0.00,2.00,0.00,0.00,0.00,0.00,0.00,14.00
9980225,5e,CE1,Depl,215,0.00,0.00,0.00,0.00,1.00,2.00,18.00,1.00,0.00,0.00,0.00,0.00,0.00,0.00,0.00,1.00
9980225,5e,HDUS,Depl,205,0.00,0.00,0.00,0.00,0.00,1.00,0.00,0.00,2.00,2.00,0.00,2.00,12.00,1.00,2.00,3.00
9980226,5e,PO1,Depl,205,1.00,0.00,0.00,0.00,0.00,1.00,0.00,0.00,0.00,16.00,0.00,2.00,1.00,0.00,0.00,2.00
9980226,5e,PR1,Depl,225,0.00,23.00,0.00,0.00,0.00,0.00,0.00,0.00,0.00,0.00,0.00,0.00,0.00,0.00,0.00,0.00
9980226,5e,SB1,Depl,215,0.00,0.00,0.00,23.00,0.00,1.00,0.00,1.00,0.00,0.00,0.00,0.00,0.00,0.00,0.00,0.00
9980227,5e,BW1,Depl,205,1.00,0.00,0.00,0.00,1.00,2.00,0.00,0.00,0.00,7.00,0.00,8.00,2.00,1.00,0.00,3.00
9980227,5e,LC1,Depl,215,0.00,0.00,0.00,9.00,0.00,2.00,3.00,10.00,0.00,0.00,0.00,0.00,0.00,0.00,0.00,1.00
9980227,5e,PWUS4,Depl,225,16.00,2.00,0.00,0.00,1.00,1.00,0.00,0.00,0.00,2.00,0.00,1.00,0.00,0.00,0.00,2.00
9980228,5e,MWUS,Depl,205,2.00,0.00,0.00,0.00,2.00,2.00,3.00,0.00,0.00,4.00,0.00,2.00,4.00,1.00,0.00,5.00
9980228,5e,PWOR,Depl,225,11.00,1.00,0.00,0.00,0.00,0.00,0.00,0.00,0.00,2.00,0.00,1.00,1.00,6.00,0.00,3.00
9980228,5e,SP1,Depl,215,2.00,0.00,4.00,10.00,1.00,2.00,0.00,0.00,0.00,2.00,0.00,1.00,0.00,0.00,0.00,1.00
9980229,5e,MWD,Depl,205,4.00,0.00,2.00,0.00,1.00,2.00,0.00,0.00,0.00,6.00,0.00,2.00,0.00,1.00,0.00,4.00
9980229,5e,PWUSC,Depl,225,8.00,5.00,1.00,0.00,1.00,1.00,0.00,0.00,0.00,3.00,0.00,1.00,0.00,1.00,0.00,2.00
9980229,5e,SF1,Depl,215,1.00,0.00,0.00,2.00,5.00,8.00,4.00,1.00,0.00,1.00,0.00,0.00,0.00,0.00,0.00,2.00
9980230,5e,BY1,Depl,215,0.00,0.00,0.00,0.00,2.00,2.00,0.00,0.00,2.00,0.00,0.00,0.00,5.00,0.00,12.00,2.00
9980230,5e,MWR,Depl,205,1.00,0.00,0.00,0.00,2.00,4.00,1.00,0.00,0.00,5.00,0.00,2.00,2.00,0.00,0.00,8.00
9980230,5e,PWUSH,Depl,225,9.00,1.00,0.00,0.00,2.00,1.00,1.00,0.00,1.00,4.00,0.00,2.00,1.00,1.00,0.00,3.00
9980231,5e,OAK,Depl,215,2.00,0.00,0.00,0.00,0.00,0.00,0.00,0.00,0.00,2.00,0.00,1.00,2.00,12.00,0.00,4.00
9980231,5e,PWST,Depl,225,10.00,2.00,0.00,0.00,1.00,1.00,0.00,0.00,0.00,5.00,0.00,2.00,1.00,1.00,0.00,2.00
9980232,5e,HDSL2,Depl,215,0.00,0.00,0.00,0.00,0.00,0.00,0.00,0.00,1.00,1.00,0.00,0.00,11.00,2.00,1.00,8.00
9980232,5e,PJ1,Depl,225,1.00,0.00,22.00,0.00,0.00,0.00,0.00,0.00,0.00,1.00,0.00,1.00,0.00,0.00,0.00,0.00
9980233,5e,HDSL1,Depl,215,0.00,0.00,0.00,0.00,0.00,0.00,0.00,0.00,2.00,1.00,0.00,0.00,14.00,0.00,2.00,4.00
9980233,5e,PJ2,Depl,225,2.00,0.00,15.00,1.00,0.00,0.00,0.00,0.00,0.00,4.00,0.00,2.00,0.00,0.00,0.00,0.00
9980234,5e,HE1,Depl,225,1.00,0.00,0.00,0.00,0.00,1.00,0.00,0.00,13.00,0.00,0.00,0.00,3.00,0.00,3.00,2.00
9980234,5e,LWMW,Depl,215,0.00,0.00,0.00,0.00,0.00,2.00,5.00,1.00,0.00,2.00,0.00,0.00,0.00,0.00,0.00,14.00
9980235,5e,CE1,Depl,225,0.00,0.00,0.00,0.00,1.00,2.00,18.00,1.00,0.00,0.00,0.00,0.00,0.00,0.00,0.00,1.00
9980235,5e,HDUS,Depl,215,0.00,0.00,0.00,0.00,0.00,1.00,0.00,0.00,2.00,2.00,0.00,2.00,12.00,1.00,2.00,3.00
9980236,5e,PO1,Depl,215,1.00,0.00,0.00,0.00,0.00,1.00,0.00,0.00,0.00,16.00,0.00,2.00,1.00,0.00,0.00,2.00
9980236,5e,PR1,Depl,235,0.00,23.00,0.00,0.00,0.00,0.00,0.00,0.00,0.00,0.00,0.00,0.00,0.00,0.00,0.00,0.00
9980236,5e,SB1,Depl,225,0.00,0.00,0.00,23.00,0.00,1.00,0.00,1.00,0.00,0.00,0.00,0.00,0.00,0.00,0.00,0.00
9980237,5e,BW1,Depl,215,1.00,0.00,0.00,0.00,1.00,2.00,0.00,0.00,0.00,7.00,0.00,8.00,2.00,1.00,0.00,3.00
9980237,5e,LC1,Depl,225,0.00,0.00,0.00,9.00,0.00,2.00,3.00,10.00,0.00,0.00,0.00,0.00,0.00,0.00,0.00,1.00
9980237,5e,PWUS4,Depl,235,16.00,2.00,0.00,0.00,1.00,1.00,0.00,0.00,0.00,2.00,0.00,1.00,0.00,0.00,0.00,2.00
9980238,5e,MWUS,Depl,215,2.00,0.00,0.00,0.00,2.00,2.00,3.00,0.00,0.00,4.00,0.00,2.00,4.00,1.00,0.00,5.00
9980238,5e,PWOR,Depl,235,11.00,1.00,0.00,0.00,0.00,0.00,0.00,0.00,0.00,2.00,0.00,1.00,1.00,6.00,0.00,3.00
9980238,5e,SP1,Depl,225,2.00,0.00,4.00,10.00,1.00,2.00,0.00,0.00,0.00,2.00,0.00,1.00,0.00,0.00,0.00,1.00
9980239,5e,MWD,Depl,215,4.00,0.00,2.00,0.00,1.00,2.00,0.00,0.00,0.00,6.00,0.00,2.00,0.00,1.00,0.00,4.00
9980239,5e,PWUSC,Depl,235,8.00,5.00,1.00,0.00,1.00,1.00,0.00,0.00,0.00,3.00,0.00,1.00,0.00,1.00,0.00,2.00
9980239,5e,SF1,Depl,225,1.00,0.00,0.00,2.00,5.00,8.00,4.00,1.00,0.00,1.00,0.00,0.00,0.00,0.00,0.00,2.00
9980240,5e,BY1,Depl,225,0.00,0.00,0.00,0.00,2.00,2.00,0.00,0.00,2.00,0.00,0.00,0.00,5.00,0.00,12.00,2.00
9980240,5e,MWR,Depl,215,1.00,0.00,0.00,0.00,2.00,4.00,1.00,0.00,0.00,5.00,0.00,2.00,2.00,0.00,0.00,8.00
9980240,5e,PWUSH,Depl,235,9.00,1.00,0.00,0.00,2.00,1.00,1.00,0.00,1.00,4.00,0.00,2.00,1.00,1.00,0.00,3.00
9980241,5e,OAK,Depl,225,2.00,0.00,0.00,0.00,0.00,0.00,0.00,0.00,0.00,2.00,0.00,1.00,2.00,12.00,0.00,4.00
9980241,5e,PWST,Depl,235,10.00,2.00,0.00,0.00,1.00,1.00,0.00,0.00,0.00,5.00,0.00,2.00,1.00,1.00,0.00,2.00
9980242,5e,HDSL2,Depl,225,0.00,0.00,0.00,0.00,0.00,0.00,0.00,0.00,1.00,1.00,0.00,0.00,11.00,2.00,1.00,8.00
9980242,5e,PJ1,Depl,235,1.00,0.00,22.00,0.00,0.00,0.00,0.00,0.00,0.00,1.00,0.00,1.00,0.00,0.00,0.00,0.00
9980243,5e,HDSL1,Depl,225,0.00,0.00,0.00,0.00,0.00,0.00,0.00,0.00,2.00,1.00,0.00,0.00,14.00,0.00,2.00,4.00
9980243,5e,PJ2,Depl,235,2.00,0.00,15.00,1.00,0.00,0.00,0.00,0.00,0.00,4.00,0.00,2.00,0.00,0.00,0.00,0.00
9980244,5e,HE1,Depl,235,1.00,0.00,0.00,0.00,0.00,1.00,0.00,0.00,13.00,0.00,0.00,0.00,3.00,0.00,3.00,2.00
9980244,5e,LWMW,Depl,225,0.00,0.00,0.00,0.00,0.00,2.00,5.00,1.00,0.00,2.00,0.00,0.00,0.00,0.00,0.00,14.00
9980245,5e,CE1,Depl,235,0.00,0.00,0.00,0.00,1.00,2.00,18.00,1.00,0.00,0.00,0.00,0.00,0.00,0.00,0.00,1.00
9980245,5e,HDUS,Depl,225,0.00,0.00,0.00,0.00,0.00,1.00,0.00,0.00,2.00,2.00,0.00,2.00,12.00,1.00,2.00,3.00
9980246,5e,PO1,Depl,225,1.00,0.00,0.00,0.00,0.00,1.00,0.00,0.00,0.00,16.00,0.00,2.00,1.00,0.00,0.00,2.00
9980246,5e,PR1,Depl,245,0.00,23.00,0.00,0.00,0.00,0.00,0.00,0.00,0.00,0.00,0.00,0.00,0.00,0.00,0.00,0.00
9980246,5e,SB1,Depl,235,0.00,0.00,0.00,23.00,0.00,1.00,0.00,1.00,0.00,0.00,0.00,0.00,0.00,0.00,0.00,0.00
9980247,5e,BW1,Depl,225,1.00,0.00,0.00,0.00,1.00,2.00,0.00,0.00,0.00,7.00,0.00,8.00,2.00,1.00,0.00,3.00
9980247,5e,LC1,Depl,235,0.00,0.00,0.00,9.00,0.00,2.00,3.00,10.00,0.00,0.00,0.00,0.00,0.00,0.00,0.00,1.00
9980247,5e,PWUS4,Depl,245,16.00,2.00,0.00,0.00,1.00,1.00,0.00,0.00,0.00,2.00,0.00,1.00,0.00,0.00,0.00,2.00
9980248,5e,MWUS,Depl,225,2.00,0.00,0.00,0.00,2.00,2.00,3.00,0.00,0.00,4.00,0.00,2.00,4.00,1.00,0.00,5.00
9980248,5e,PWOR,Depl,245,11.00,1.00,0.00,0.00,0.00,0.00,0.00,0.00,0.00,2.00,0.00,1.00,1.00,6.00,0.00,3.00
9980248,5e,SP1,Depl,235,2.00,0.00,4.00,10.00,1.00,2.00,0.00,0.00,0.00,2.00,0.00,1.00,0.00,0.00,0.00,1.00
9980249,5e,MWD,Depl,225,4.00,0.00,2.00,0.00,1.00,2.00,0.00,0.00,0.00,6.00,0.00,2.00,0.00,1.00,0.00,4.00
9980249,5e,PWUSC,Depl,245,8.00,5.00,1.00,0.00,1.00,1.00,0.00,0.00,0.00,3.00,0.00,1.00,0.00,1.00,0.00,2.00
9980249,5e,SF1,Depl,235,1.00,0.00,0.00,2.00,5.00,8.00,4.00,1.00,0.00,1.00,0.00,0.00,0.00,0.00,0.00,2.00
9980250,5e,BY1,Depl,235,0.00,0.00,0.00,0.00,2.00,2.00,0.00,0.00,2.00,0.00,0.00,0.00,5.00,0.00,12.00,2.00
9980250,5e,MWR,Depl,225,1.00,0.00,0.00,0.00,2.00,4.00,1.00,0.00,0.00,5.00,0.00,2.00,2.00,0.00,0.00,8.00
9980250,5e,PWUSH,Depl,245,9.00,1.00,0.00,0.00,2.00,1.00,1.00,0.00,1.00,4.00,0.00,2.00,1.00,1.00,0.00,3.00
9980251,5e,OAK,Depl,235,2.00,0.00,0.00,0.00,0.00,0.00,0.00,0.00,0.00,2.00,0.00,1.00,2.00,12.00,0.00,4.00
9980251,5e,PWST,Depl,245,10.00,2.00,0.00,0.00,1.00,1.00,0.00,0.00,0.00,5.00,0.00,2.00,1.00,1.00,0.00,2.00
9980252,5e,HDSL2,Depl,235,0.00,0.00,0.00,0.00,0.00,0.00,0.00,0.00,1.00,1.00,0.00,0.00,11.00,2.00,1.00,8.00
9980252,5e,PJ1,Depl,245,1.00,0.00,22.00,0.00,0.00,0.00,0.00,0.00,0.00,1.00,0.00,1.00,0.00,0.00,0.00,0.00
9980253,5e,HDSL1,Depl,235,0.00,0.00,0.00,0.00,0.00,0.00,0.00,0.00,2.00,1.00,0.00,0.00,14.00,0.00,2.00,4.00
9980253,5e,PJ2,Depl,245,2.00,0.00,15.00,1.00,0.00,0.00,0.00,0.00,0.00,4.00,0.00,2.00,0.00,0.00,0.00,0.00
9980254,5e,HE1,Depl,245,1.00,0.00,0.00,0.00,0.00,1.00,0.00,0.00,13.00,0.00,0.00,0.00,3.00,0.00,3.00,2.00
9980254,5e,LWMW,Depl,235,0.00,0.00,0.00,0.00,0.00,2.00,5.00,1.00,0.00,2.00,0.00,0.00,0.00,0.00,0.00,14.00
9980255,5e,CE1,Depl,245,0.00,0.00,0.00,0.00,1.00,2.00,18.00,1.00,0.00,0.00,0.00,0.00,0.00,0.00,0.00,1.00
9980255,5e,HDUS,Depl,235,0.00,0.00,0.00,0.00,0.00,1.00,0.00,0.00,2.00,2.00,0.00,2.00,12.00,1.00,2.00,3.00
9980256,5e,PO1,Depl,235,1.00,0.00,0.00,0.00,0.00,1.00,0.00,0.00,0.00,16.00,0.00,2.00,1.00,0.00,0.00,2.00
9980256,5e,PR1,Depl,255,0.00,23.00,0.00,0.00,0.00,0.00,0.00,0.00,0.00,0.00,0.00,0.00,0.00,0.00,0.00,0.00
9980256,5e,SB1,Depl,245,0.00,0.00,0.00,23.00,0.00,1.00,0.00,1.00,0.00,0.00,0.00,0.00,0.00,0.00,0.00,0.00
9980257,5e,BW1,Depl,235,1.00,0.00,0.00,0.00,1.00,2.00,0.00,0.00,0.00,7.00,0.00,8.00,2.00,1.00,0.00,3.00
9980257,5e,LC1,Depl,245,0.00,0.00,0.00,9.00,0.00,2.00,3.00,10.00,0.00,0.00,0.00,0.00,0.00,0.00,0.00,1.00
9980257,5e,PWUS4,Depl,255,16.00,2.00,0.00,0.00,1.00,1.00,0.00,0.00,0.00,2.00,0.00,1.00,0.00,0.00,0.00,2.00
9980258,5e,MWUS,Depl,235,2.00,0.00,0.00,0.00,2.00,2.00,3.00,0.00,0.00,4.00,0.00,2.00,4.00,1.00,0.00,5.00
9980258,5e,PWOR,Depl,255,11.00,1.00,0.00,0.00,0.00,0.00,0.00,0.00,0.00,2.00,0.00,1.00,1.00,6.00,0.00,3.00
9980258,5e,SP1,Depl,245,2.00,0.00,4.00,10.00,1.00,2.00,0.00,0.00,0.00,2.00,0.00,1.00,0.00,0.00,0.00,1.00
9980259,5e,MWD,Depl,235,4.00,0.00,2.00,0.00,1.00,2.00,0.00,0.00,0.00,6.00,0.00,2.00,0.00,1.00,0.00,4.00
9980259,5e,PWUSC,Depl,255,8.00,5.00,1.00,0.00,1.00,1.00,0.00,0.00,0.00,3.00,0.00,1.00,0.00,1.00,0.00,2.00
9980259,5e,SF1,Depl,245,1.00,0.00,0.00,2.00,5.00,8.00,4.00,1.00,0.00,1.00,0.00,0.00,0.00,0.00,0.00,2.00
9980260,5e,BY1,Depl,245,0.00,0.00,0.00,0.00,2.00,2.00,0.00,0.00,2.00,0.00,0.00,0.00,5.00,0.00,12.00,2.00
9980260,5e,MWR,Depl,235,1.00,0.00,0.00,0.00,2.00,4.00,1.00,0.00,0.00,5.00,0.00,2.00,2.00,0.00,0.00,8.00
9980260,5e,PWUSH,Depl,255,9.00,1.00,0.00,0.00,2.00,1.00,1.00,0.00,1.00,4.00,0.00,2.00,1.00,1.00,0.00,3.00
9980261,5e,OAK,Depl,245,2.00,0.00,0.00,0.00,0.00,0.00,0.00,0.00,0.00,2.00,0.00,1.00,2.00,12.00,0.00,4.00
9980261,5e,PWST,Depl,255,10.00,2.00,0.00,0.00,1.00,1.00,0.00,0.00,0.00,5.00,0.00,2.00,1.00,1.00,0.00,2.00
9980262,5e,HDSL2,Depl,245,0.00,0.00,0.00,0.00,0.00,0.00,0.00,0.00,1.00,1.00,0.00,0.00,11.00,2.00,1.00,8.00
9980262,5e,PJ1,Depl,255,1.00,0.00,22.00,0.00,0.00,0.00,0.00,0.00,0.00,1.00,0.00,1.00,0.00,0.00,0.00,0.00
9980263,5e,HDSL1,Depl,245,0.00,0.00,0.00,0.00,0.00,0.00,0.00,0.00,2.00,1.00,0.00,0.00,14.00,0.00,2.00,4.00
9980263,5e,PJ2,Depl,255,2.00,0.00,15.00,1.00,0.00,0.00,0.00,0.00,0.00,4.00,0.00,2.00,0.00,0.00,0.00,0.00
9980264,5e,HE1,Depl,255,1.00,0.00,0.00,0.00,0.00,1.00,0.00,0.00,13.00,0.00,0.00,0.00,3.00,0.00,3.00,2.00
9980264,5e,LWMW,Depl,245,0.00,0.00,0.00,0.00,0.00,2.00,5.00,1.00,0.00,2.00,0.00,0.00,0.00,0.00,0.00,14.00
9980265,5e,CE1,Depl,255,0.00,0.00,0.00,0.00,1.00,2.00,18.00,1.00,0.00,0.00,0.00,0.00,0.00,0.00,0.00,1.00
9980265,5e,HDUS,Depl,245,0.00,0.00,0.00,0.00,0.00,1.00,0.00,0.00,2.00,2.00,0.00,2.00,12.00,1.00,2.00,3.00
9980266,5e,PO1,Depl,245,1.00,0.00,0.00,0.00,0.00,1.00,0.00,0.00,0.00,16.00,0.00,2.00,1.00,0.00,0.00,2.00
9980266,5e,SB1,Depl,255,0.00,0.00,0.00,23.00,0.00,1.00,0.00,1.00,0.00,0.00,0.00,0.00,0.00,0.00,0.00,0.00
9980267,5e,BW1,Depl,245,1.00,0.00,0.00,0.00,1.00,2.00,0.00,0.00,0.00,7.00,0.00,8.00,2.00,1.00,0.00,3.00
9980267,5e,LC1,Depl,255,0.00,0.00,0.00,9.00,0.00,2.00,3.00,10.00,0.00,0.00,0.00,0.00,0.00,0.00,0.00,1.00
9980268,5e,MWUS,Depl,245,2.00,0.00,0.00,0.00,2.00,2.00,3.00,0.00,0.00,4.00,0.00,2.00,4.00,1.00,0.00,5.00
9980268,5e,SP1,Depl,255,2.00,0.00,4.00,10.00,1.00,2.00,0.00,0.00,0.00,2.00,0.00,1.00,0.00,0.00,0.00,1.00
9980269,5e,MWD,Depl,245,4.00,0.00,2.00,0.00,1.00,2.00,0.00,0.00,0.00,6.00,0.00,2.00,0.00,1.00,0.00,4.00
9980269,5e,SF1,Depl,255,1.00,0.00,0.00,2.00,5.00,8.00,4.00,1.00,0.00,1.00,0.00,0.00,0.00,0.00,0.00,2.00
9980270,5e,BY1,Depl,255,0.00,0.00,0.00,0.00,2.00,2.00,0.00,0.00,2.00,0.00,0.00,0.00,5.00,0.00,12.00,2.00
9980270,5e,MWR,Depl,245,1.00,0.00,0.00,0.00,2.00,4.00,1.00,0.00,0.00,5.00,0.00,2.00,2.00,0.00,0.00,8.00
9980271,5e,OAK,Depl,255,2.00,0.00,0.00,0.00,0.00,0.00,0.00,0.00,0.00,2.00,0.00,1.00,2.00,12.00,0.00,4.00
9980272,5e,HDSL2,Depl,255,0.00,0.00,0.00,0.00,0.00,0.00,0.00,0.00,1.00,1.00,0.00,0.00,11.00,2.00,1.00,8.00
9980273,5e,HDSL1,Depl,255,0.00,0.00,0.00,0.00,0.00,0.00,0.00,0.00,2.00,1.00,0.00,0.00,14.00,0.00,2.00,4.00
9980274,5e,LWMW,Depl,255,0.00,0.00,0.00,0.00,0.00,2.00,5.00,1.00,0.00,2.00,0.00,0.00,0.00,0.00,0.00,14.00
9980275,5e,HDUS,Depl,255,0.00,0.00,0.00,0.00,0.00,1.00,0.00,0.00,2.00,2.00,0.00,2.00,12.00,1.00,2.00,3.00
9980276,5e,PO1,Depl,255,1.00,0.00,0.00,0.00,0.00,1.00,0.00,0.00,0.00,16.00,0.00,2.00,1.00,0.00,0.00,2.00
9980277,5e,BW1,Depl,255,1.00,0.00,0.00,0.00,1.00,2.00,0.00,0.00,0.00,7.00,0.00,8.00,2.00,1.00,0.00,3.00
9980278,5e,MWUS,Depl,255,2.00,0.00,0.00,0.00,2.00,2.00,3.00,0.00,0.00,4.00,0.00,2.00,4.00,1.00,0.00,5.00
9980279,5e,MWD,Depl,255,4.00,0.00,2.00,0.00,1.00,2.00,0.00,0.00,0.00,6.00,0.00,2.00,0.00,1.00,0.00,4.00
9980280,5e,MWR,Depl,255,1.00,0.00,0.00,0.00,2.00,4.00,1.00,0.00,0.00,5.00,0.00,2.00,2.00,0.00,0.00,8.00
